warning: left/right frame count mismatch (3924 vs 4071); truncating to 3924
Aloitetaan stereo-SLAM (3924 kuvaa)...
Frame 0 valmis. KF=1, loopit=0, kartta=175
Frame 50 valmis. KF=6, loopit=0, kartta=680
  frame 53: PnP failed, holding previous pose
  frame 54: PnP failed, holding previous pose
  frame 55: PnP failed, holding previous pose
  frame 57: PnP failed, holding previous pose
  frame 58: PnP failed, holding previous pose
  frame 59: PnP failed, holding previous pose
  frame 60: PnP failed, holding previous pose
  frame 63: PnP failed, holding previous pose
  frame 72: PnP failed, holding previous pose
  frame 73: PnP failed, holding previous pose
  frame 74: PnP failed, holding previous pose
  frame 75: PnP failed, holding previous pose
  frame 77: PnP failed, holding previous pose
  frame 78: PnP failed, holding previous pose
  frame 79: PnP failed, holding previous pose
  frame 80: PnP failed, holding previous pose
  frame 81: PnP failed, holding previous pose
  frame 82: PnP failed, holding previous pose
  frame 83: PnP failed, holding previous pose
  frame 85: PnP failed, holding previous pose
  frame 86: PnP failed, holding previous pose
  frame 87: PnP failed, holding previous pose
  frame 88: PnP failed, holding previous pose
  frame 89: PnP failed, holding previous pose
  frame 90: PnP failed, holding previous pose
  frame 91: PnP failed, holding previous pose
  frame 92: PnP failed, holding previous pose
  frame 93: PnP failed, holding previous pose
  frame 94: PnP failed, holding previous pose
  frame 95: PnP failed, holding previous pose
  frame 96: PnP failed, holding previous pose
  frame 97: PnP failed, holding previous pose
  frame 98: PnP failed, holding previous pose
  frame 99: PnP failed, holding previous pose
Frame 100 valmis. KF=11, loopit=0, kartta=730
  frame 101: PnP failed, holding previous pose
  frame 102: PnP failed, holding previous pose
  frame 103: PnP failed, holding previous pose
  frame 104: PnP failed, holding previous pose
  frame 105: PnP failed, holding previous pose
  frame 115: PnP failed, holding previous pose
  frame 116: PnP failed, holding previous pose
  frame 117: PnP failed, holding previous pose
  frame 118: PnP failed, holding previous pose
  frame 120: PnP failed, holding previous pose
  frame 121: PnP failed, holding previous pose
  frame 122: PnP failed, holding previous pose
  frame 123: PnP failed, holding previous pose
  frame 124: PnP failed, holding previous pose
  frame 125: PnP failed, holding previous pose
  frame 126: PnP failed, holding previous pose
  frame 127: PnP failed, holding previous pose
  frame 128: PnP failed, holding previous pose
  frame 129: PnP failed, holding previous pose
  frame 130: PnP failed, holding previous pose
  frame 131: PnP failed, holding previous pose
  frame 132: PnP failed, holding previous pose
  frame 133: PnP failed, holding previous pose
  frame 134: PnP failed, holding previous pose
  frame 135: PnP failed, holding previous pose
  frame 137: PnP failed, holding previous pose
  frame 138: PnP failed, holding previous pose
  frame 139: PnP failed, holding previous pose
  frame 140: PnP failed, holding previous pose
  frame 141: PnP failed, holding previous pose
  frame 142: PnP failed, holding previous pose
  frame 143: PnP failed, holding previous pose
  frame 144: PnP failed, holding previous pose
  frame 147: PnP failed, holding previous pose
  frame 148: PnP failed, holding previous pose
  frame 149: PnP failed, holding previous pose
  frame 150: PnP failed, holding previous pose
Frame 150 valmis. KF=16, loopit=0, kartta=787
  frame 154: PnP failed, holding previous pose
  frame 155: PnP failed, holding previous pose
  frame 156: PnP failed, holding previous pose
  frame 157: PnP failed, holding previous pose
  frame 158: PnP failed, holding previous pose
  frame 159: PnP failed, holding previous pose
  frame 161: PnP failed, holding previous pose
  frame 162: PnP failed, holding previous pose
  frame 163: PnP failed, holding previous pose
  frame 164: PnP failed, holding previous pose
  frame 165: PnP failed, holding previous pose
  frame 167: PnP failed, holding previous pose
  frame 168: PnP failed, holding previous pose
  frame 169: PnP failed, holding previous pose
  frame 170: PnP failed, holding previous pose
  frame 171: PnP failed, holding previous pose
  frame 172: PnP failed, holding previous pose
  frame 174: PnP failed, holding previous pose
  frame 175: PnP failed, holding previous pose
  frame 177: PnP failed, holding previous pose
  frame 178: PnP failed, holding previous pose
  frame 179: PnP failed, holding previous pose
  frame 180: PnP failed, holding previous pose
  frame 181: PnP failed, holding previous pose
  frame 183: PnP failed, holding previous pose
  frame 184: PnP failed, holding previous pose
  frame 186: PnP failed, holding previous pose
  frame 187: PnP failed, holding previous pose
  frame 188: PnP failed, holding previous pose
  frame 189: PnP failed, holding previous pose
  frame 190: PnP failed, holding previous pose
  frame 191: PnP failed, holding previous pose
  frame 192: PnP failed, holding previous pose
  frame 193: PnP failed, holding previous pose
  frame 194: PnP failed, holding previous pose
  frame 195: PnP failed, holding previous pose
  frame 196: PnP failed, holding previous pose
  frame 197: PnP failed, holding previous pose
  frame 198: PnP failed, holding previous pose
  frame 199: PnP failed, holding previous pose
Frame 200 valmis. KF=21, loopit=0, kartta=817
  frame 203: PnP failed, holding previous pose
  frame 204: PnP failed, holding previous pose
  frame 206: PnP failed, holding previous pose
  frame 207: PnP failed, holding previous pose
  frame 208: PnP failed, holding previous pose
  frame 209: PnP failed, holding previous pose
  frame 210: PnP failed, holding previous pose
  frame 211: PnP failed, holding previous pose
  frame 212: PnP failed, holding previous pose
  frame 213: PnP failed, holding previous pose
  frame 214: PnP failed, holding previous pose
  frame 215: PnP failed, holding previous pose
  frame 216: PnP failed, holding previous pose
  frame 217: PnP failed, holding previous pose
  frame 218: PnP failed, holding previous pose
  frame 219: PnP failed, holding previous pose
  frame 220: PnP failed, holding previous pose
  frame 222: PnP failed, holding previous pose
  frame 223: PnP failed, holding previous pose
  frame 224: PnP failed, holding previous pose
  frame 225: PnP failed, holding previous pose
  frame 226: PnP failed, holding previous pose
  frame 227: PnP failed, holding previous pose
  frame 230: PnP failed, holding previous pose
  frame 231: PnP failed, holding previous pose
  frame 232: PnP failed, holding previous pose
  frame 233: PnP failed, holding previous pose
  frame 235: PnP failed, holding previous pose
  frame 236: PnP failed, holding previous pose
  frame 239: PnP failed, holding previous pose
  frame 241: PnP failed, holding previous pose
  frame 242: PnP failed, holding previous pose
  frame 243: PnP failed, holding previous pose
  frame 244: PnP failed, holding previous pose
  frame 245: PnP failed, holding previous pose
  frame 246: PnP failed, holding previous pose
  frame 247: PnP failed, holding previous pose
  frame 249: PnP failed, holding previous pose
  frame 250: PnP failed, holding previous pose
Frame 250 valmis. KF=26, loopit=0, kartta=846
  frame 251: PnP failed, holding previous pose
  frame 252: PnP failed, holding previous pose
  frame 253: PnP failed, holding previous pose
  frame 254: PnP failed, holding previous pose
  frame 255: PnP failed, holding previous pose
  frame 256: PnP failed, holding previous pose
  frame 257: PnP failed, holding previous pose
  frame 258: PnP failed, holding previous pose
  frame 259: PnP failed, holding previous pose
  frame 260: PnP failed, holding previous pose
  frame 261: PnP failed, holding previous pose
  frame 262: PnP failed, holding previous pose
  frame 263: PnP failed, holding previous pose
  frame 264: PnP failed, holding previous pose
  frame 265: PnP failed, holding previous pose
  frame 266: PnP failed, holding previous pose
  frame 267: PnP failed, holding previous pose
  frame 268: PnP failed, holding previous pose
  frame 269: PnP failed, holding previous pose
  frame 270: PnP failed, holding previous pose
  frame 271: PnP failed, holding previous pose
  frame 272: PnP failed, holding previous pose
  frame 273: PnP failed, holding previous pose
  frame 274: PnP failed, holding previous pose
  frame 275: PnP failed, holding previous pose
  frame 276: PnP failed, holding previous pose
  frame 277: PnP failed, holding previous pose
  frame 278: PnP failed, holding previous pose
  frame 279: PnP failed, holding previous pose
  frame 280: PnP failed, holding previous pose
  frame 281: PnP failed, holding previous pose
  frame 282: PnP failed, holding previous pose
  frame 283: PnP failed, holding previous pose
  frame 284: PnP failed, holding previous pose
  frame 285: PnP failed, holding previous pose
  frame 291: PnP failed, holding previous pose
  frame 292: PnP failed, holding previous pose
  frame 293: PnP failed, holding previous pose
  frame 294: PnP failed, holding previous pose
  frame 295: PnP failed, holding previous pose
  frame 299: PnP failed, holding previous pose
  frame 300: PnP failed, holding previous pose
Frame 300 valmis. KF=31, loopit=0, kartta=862
  frame 301: PnP failed, holding previous pose
  frame 302: PnP failed, holding previous pose
  frame 303: PnP failed, holding previous pose
  frame 304: PnP failed, holding previous pose
  frame 305: PnP failed, holding previous pose
  frame 306: PnP failed, holding previous pose
  frame 307: PnP failed, holding previous pose
  frame 308: PnP failed, holding previous pose
  frame 309: PnP failed, holding previous pose
  frame 310: PnP failed, holding previous pose
  frame 311: PnP failed, holding previous pose
  frame 312: PnP failed, holding previous pose
  frame 313: PnP failed, holding previous pose
  frame 314: PnP failed, holding previous pose
  frame 315: PnP failed, holding previous pose
  frame 316: PnP failed, holding previous pose
  frame 317: PnP failed, holding previous pose
  frame 318: PnP failed, holding previous pose
  frame 319: PnP failed, holding previous pose
  frame 320: PnP failed, holding previous pose
  frame 321: PnP failed, holding previous pose
  frame 322: PnP failed, holding previous pose
  frame 323: PnP failed, holding previous pose
  frame 324: PnP failed, holding previous pose
  frame 325: PnP failed, holding previous pose
  frame 326: PnP failed, holding previous pose
  frame 327: PnP failed, holding previous pose
  frame 328: PnP failed, holding previous pose
  frame 329: PnP failed, holding previous pose
  frame 330: PnP failed, holding previous pose
  frame 331: PnP failed, holding previous pose
  frame 332: PnP failed, holding previous pose
  frame 333: PnP failed, holding previous pose
  frame 334: PnP failed, holding previous pose
  frame 335: PnP failed, holding previous pose
  frame 336: PnP failed, holding previous pose
  frame 337: PnP failed, holding previous pose
  frame 338: PnP failed, holding previous pose
  frame 339: PnP failed, holding previous pose
  frame 340: PnP failed, holding previous pose
  frame 341: PnP failed, holding previous pose
  frame 342: PnP failed, holding previous pose
  frame 343: PnP failed, holding previous pose
  frame 344: PnP failed, holding previous pose
  frame 345: PnP failed, holding previous pose
  frame 346: PnP failed, holding previous pose
  frame 347: PnP failed, holding previous pose
  frame 348: PnP failed, holding previous pose
  frame 349: PnP failed, holding previous pose
  frame 350: PnP failed, holding previous pose
Frame 350 valmis. KF=36, loopit=0, kartta=873
  frame 351: PnP failed, holding previous pose
  frame 352: PnP failed, holding previous pose
  frame 353: PnP failed, holding previous pose
  frame 354: PnP failed, holding previous pose
  frame 355: PnP failed, holding previous pose
  frame 356: PnP failed, holding previous pose
  frame 357: PnP failed, holding previous pose
  frame 358: PnP failed, holding previous pose
  frame 359: PnP failed, holding previous pose
  frame 360: PnP failed, holding previous pose
  frame 361: PnP failed, holding previous pose
  frame 362: PnP failed, holding previous pose
  frame 363: PnP failed, holding previous pose
  frame 364: PnP failed, holding previous pose
  frame 365: PnP failed, holding previous pose
  frame 366: PnP failed, holding previous pose
  frame 367: PnP failed, holding previous pose
  frame 368: PnP failed, holding previous pose
  frame 369: PnP failed, holding previous pose
  frame 370: PnP failed, holding previous pose
  frame 371: PnP failed, holding previous pose
  frame 372: PnP failed, holding previous pose
  frame 373: PnP failed, holding previous pose
  frame 374: PnP failed, holding previous pose
  frame 375: PnP failed, holding previous pose
  frame 376: PnP failed, holding previous pose
  frame 377: PnP failed, holding previous pose
  frame 378: PnP failed, holding previous pose
  frame 379: PnP failed, holding previous pose
  frame 380: PnP failed, holding previous pose
  frame 381: PnP failed, holding previous pose
  frame 382: PnP failed, holding previous pose
  frame 383: PnP failed, holding previous pose
  frame 384: PnP failed, holding previous pose
  frame 385: PnP failed, holding previous pose
  frame 386: PnP failed, holding previous pose
  frame 387: PnP failed, holding previous pose
  frame 388: PnP failed, holding previous pose
  frame 389: PnP failed, holding previous pose
  frame 390: PnP failed, holding previous pose
  frame 391: PnP failed, holding previous pose
  frame 392: PnP failed, holding previous pose
  frame 393: PnP failed, holding previous pose
  frame 394: PnP failed, holding previous pose
  frame 395: PnP failed, holding previous pose
  frame 396: PnP failed, holding previous pose
  frame 397: PnP failed, holding previous pose
  frame 398: PnP failed, holding previous pose
  frame 399: PnP failed, holding previous pose
  frame 400: PnP failed, holding previous pose
Frame 400 valmis. KF=39, loopit=0, kartta=876
  frame 401: PnP failed, holding previous pose
  frame 402: PnP failed, holding previous pose
  frame 403: PnP failed, holding previous pose
  frame 404: PnP failed, holding previous pose
  frame 405: PnP failed, holding previous pose
  frame 406: PnP failed, holding previous pose
  frame 407: PnP failed, holding previous pose
  frame 408: PnP failed, holding previous pose
  frame 409: PnP failed, holding previous pose
  frame 410: PnP failed, holding previous pose
  frame 411: PnP failed, holding previous pose
  frame 412: PnP failed, holding previous pose
  frame 413: PnP failed, holding previous pose
  frame 414: PnP failed, holding previous pose
  frame 415: PnP failed, holding previous pose
  frame 416: PnP failed, holding previous pose
  frame 417: PnP failed, holding previous pose
  frame 418: PnP failed, holding previous pose
  frame 419: PnP failed, holding previous pose
  frame 420: PnP failed, holding previous pose
  frame 421: PnP failed, holding previous pose
  frame 422: PnP failed, holding previous pose
  frame 423: PnP failed, holding previous pose
  frame 424: PnP failed, holding previous pose
  frame 425: PnP failed, holding previous pose
  frame 426: PnP failed, holding previous pose
  frame 427: PnP failed, holding previous pose
  frame 428: PnP failed, holding previous pose
  frame 429: PnP failed, holding previous pose
  frame 430: PnP failed, holding previous pose
  frame 431: PnP failed, holding previous pose
  frame 432: PnP failed, holding previous pose
  frame 433: PnP failed, holding previous pose
  frame 434: PnP failed, holding previous pose
  frame 435: PnP failed, holding previous pose
  frame 436: PnP failed, holding previous pose
  frame 437: PnP failed, holding previous pose
  frame 438: PnP failed, holding previous pose
  frame 439: PnP failed, holding previous pose
  frame 440: PnP failed, holding previous pose
  frame 441: PnP failed, holding previous pose
  frame 442: PnP failed, holding previous pose
  frame 443: PnP failed, holding previous pose
  frame 444: PnP failed, holding previous pose
  frame 445: PnP failed, holding previous pose
  frame 446: PnP failed, holding previous pose
  frame 447: PnP failed, holding previous pose
  frame 448: PnP failed, holding previous pose
  frame 449: PnP failed, holding previous pose
  frame 450: PnP failed, holding previous pose
Frame 450 valmis. KF=41, loopit=0, kartta=878
  frame 451: PnP failed, holding previous pose
  frame 452: PnP failed, holding previous pose
  frame 453: PnP failed, holding previous pose
  frame 454: PnP failed, holding previous pose
  frame 455: PnP failed, holding previous pose
  frame 456: PnP failed, holding previous pose
  frame 457: PnP failed, holding previous pose
  frame 458: PnP failed, holding previous pose
  frame 459: PnP failed, holding previous pose
  frame 460: PnP failed, holding previous pose
  frame 461: PnP failed, holding previous pose
  frame 462: PnP failed, holding previous pose
  frame 463: PnP failed, holding previous pose
  frame 464: PnP failed, holding previous pose
  frame 465: PnP failed, holding previous pose
  frame 466: PnP failed, holding previous pose
  frame 467: PnP failed, holding previous pose
  frame 468: PnP failed, holding previous pose
  frame 469: PnP failed, holding previous pose
  frame 470: PnP failed, holding previous pose
  frame 471: PnP failed, holding previous pose
  frame 472: PnP failed, holding previous pose
  frame 473: PnP failed, holding previous pose
  frame 474: PnP failed, holding previous pose
  frame 475: PnP failed, holding previous pose
  frame 476: PnP failed, holding previous pose
  frame 477: PnP failed, holding previous pose
  frame 478: PnP failed, holding previous pose
  frame 479: PnP failed, holding previous pose
  frame 480: PnP failed, holding previous pose
  frame 481: PnP failed, holding previous pose
  frame 482: PnP failed, holding previous pose
  frame 483: PnP failed, holding previous pose
  frame 484: PnP failed, holding previous pose
  frame 485: PnP failed, holding previous pose
  frame 486: PnP failed, holding previous pose
  frame 487: PnP failed, holding previous pose
  frame 488: PnP failed, holding previous pose
  frame 489: PnP failed, holding previous pose
  frame 490: PnP failed, holding previous pose
  frame 491: PnP failed, holding previous pose
  frame 492: PnP failed, holding previous pose
  frame 493: PnP failed, holding previous pose
  frame 494: PnP failed, holding previous pose
  frame 495: PnP failed, holding previous pose
  frame 496: PnP failed, holding previous pose
  frame 497: PnP failed, holding previous pose
  frame 498: PnP failed, holding previous pose
  frame 499: PnP failed, holding previous pose
  frame 500: PnP failed, holding previous pose
Frame 500 valmis. KF=43, loopit=0, kartta=880
  frame 501: PnP failed, holding previous pose
  frame 502: PnP failed, holding previous pose
  frame 503: PnP failed, holding previous pose
  frame 504: PnP failed, holding previous pose
  frame 505: PnP failed, holding previous pose
  frame 506: PnP failed, holding previous pose
  frame 507: PnP failed, holding previous pose
  frame 508: PnP failed, holding previous pose
  frame 509: PnP failed, holding previous pose
  frame 510: PnP failed, holding previous pose
  frame 511: PnP failed, holding previous pose
  frame 512: PnP failed, holding previous pose
  frame 513: PnP failed, holding previous pose
  frame 514: PnP failed, holding previous pose
  frame 515: PnP failed, holding previous pose
  frame 516: PnP failed, holding previous pose
  frame 517: PnP failed, holding previous pose
  frame 518: PnP failed, holding previous pose
  frame 519: PnP failed, holding previous pose
  frame 520: PnP failed, holding previous pose
  frame 521: PnP failed, holding previous pose
  frame 522: PnP failed, holding previous pose
  frame 523: PnP failed, holding previous pose
  frame 524: PnP failed, holding previous pose
  frame 525: PnP failed, holding previous pose
  frame 526: PnP failed, holding previous pose
  frame 527: PnP failed, holding previous pose
  frame 528: PnP failed, holding previous pose
  frame 529: PnP failed, holding previous pose
  frame 530: PnP failed, holding previous pose
  frame 531: PnP failed, holding previous pose
  frame 532: PnP failed, holding previous pose
  frame 533: PnP failed, holding previous pose
  frame 534: PnP failed, holding previous pose
  frame 535: PnP failed, holding previous pose
  frame 536: PnP failed, holding previous pose
  frame 537: PnP failed, holding previous pose
  frame 538: PnP failed, holding previous pose
  frame 539: PnP failed, holding previous pose
  frame 540: PnP failed, holding previous pose
  frame 541: PnP failed, holding previous pose
  frame 542: PnP failed, holding previous pose
  frame 543: PnP failed, holding previous pose
  frame 544: PnP failed, holding previous pose
  frame 545: PnP failed, holding previous pose
  frame 546: PnP failed, holding previous pose
  frame 547: PnP failed, holding previous pose
  frame 548: PnP failed, holding previous pose
  frame 549: PnP failed, holding previous pose
  frame 550: PnP failed, holding previous pose
Frame 550 valmis. KF=46, loopit=0, kartta=888
  frame 551: PnP failed, holding previous pose
  frame 552: PnP failed, holding previous pose
  frame 553: PnP failed, holding previous pose
  frame 554: PnP failed, holding previous pose
  frame 555: PnP failed, holding previous pose
  frame 556: PnP failed, holding previous pose
  frame 557: PnP failed, holding previous pose
  frame 558: PnP failed, holding previous pose
  frame 559: PnP failed, holding previous pose
  frame 560: PnP failed, holding previous pose
  frame 561: PnP failed, holding previous pose
  frame 562: PnP failed, holding previous pose
  frame 563: PnP failed, holding previous pose
  frame 564: PnP failed, holding previous pose
  frame 565: PnP failed, holding previous pose
  frame 566: PnP failed, holding previous pose
  frame 567: PnP failed, holding previous pose
  frame 568: PnP failed, holding previous pose
  frame 569: PnP failed, holding previous pose
  frame 570: PnP failed, holding previous pose
  frame 571: PnP failed, holding previous pose
  frame 572: PnP failed, holding previous pose
  frame 573: PnP failed, holding previous pose
  frame 574: PnP failed, holding previous pose
  frame 575: PnP failed, holding previous pose
  frame 576: PnP failed, holding previous pose
  frame 577: PnP failed, holding previous pose
  frame 578: PnP failed, holding previous pose
  frame 579: PnP failed, holding previous pose
  frame 580: PnP failed, holding previous pose
  frame 581: PnP failed, holding previous pose
  frame 582: PnP failed, holding previous pose
  frame 583: PnP failed, holding previous pose
  frame 584: PnP failed, holding previous pose
  frame 585: PnP failed, holding previous pose
  frame 586: PnP failed, holding previous pose
  frame 587: PnP failed, holding previous pose
  frame 588: PnP failed, holding previous pose
  frame 589: PnP failed, holding previous pose
  frame 590: PnP failed, holding previous pose
  frame 591: PnP failed, holding previous pose
  frame 592: PnP failed, holding previous pose
  frame 593: PnP failed, holding previous pose
  frame 594: PnP failed, holding previous pose
  frame 595: PnP failed, holding previous pose
  frame 596: PnP failed, holding previous pose
  frame 597: PnP failed, holding previous pose
  frame 598: PnP failed, holding previous pose
  frame 599: PnP failed, holding previous pose
  frame 600: PnP failed, holding previous pose
Frame 600 valmis. KF=50, loopit=0, kartta=894
  frame 601: PnP failed, holding previous pose
  frame 602: PnP failed, holding previous pose
  frame 603: PnP failed, holding previous pose
  frame 604: PnP failed, holding previous pose
  frame 605: PnP failed, holding previous pose
  frame 606: PnP failed, holding previous pose
  frame 607: PnP failed, holding previous pose
  frame 608: PnP failed, holding previous pose
  frame 609: PnP failed, holding previous pose
  frame 610: PnP failed, holding previous pose
  frame 611: PnP failed, holding previous pose
  frame 612: PnP failed, holding previous pose
  frame 613: PnP failed, holding previous pose
  frame 614: PnP failed, holding previous pose
  frame 615: PnP failed, holding previous pose
  frame 616: PnP failed, holding previous pose
  frame 617: PnP failed, holding previous pose
  frame 618: PnP failed, holding previous pose
  frame 619: PnP failed, holding previous pose
  frame 620: PnP failed, holding previous pose
  frame 621: PnP failed, holding previous pose
  frame 622: PnP failed, holding previous pose
  frame 623: PnP failed, holding previous pose
  frame 624: PnP failed, holding previous pose
  frame 625: PnP failed, holding previous pose
  frame 626: PnP failed, holding previous pose
  frame 627: PnP failed, holding previous pose
  frame 628: PnP failed, holding previous pose
  frame 629: PnP failed, holding previous pose
  frame 630: PnP failed, holding previous pose
  frame 631: PnP failed, holding previous pose
  frame 632: PnP failed, holding previous pose
  frame 633: PnP failed, holding previous pose
  frame 634: PnP failed, holding previous pose
  frame 635: PnP failed, holding previous pose
  frame 636: PnP failed, holding previous pose
  frame 637: PnP failed, holding previous pose
  frame 638: PnP failed, holding previous pose
  frame 639: PnP failed, holding previous pose
  frame 640: PnP failed, holding previous pose
  frame 641: PnP failed, holding previous pose
  frame 642: PnP failed, holding previous pose
  frame 643: PnP failed, holding previous pose
  frame 644: PnP failed, holding previous pose
  frame 645: PnP failed, holding previous pose
  frame 646: PnP failed, holding previous pose
  frame 647: PnP failed, holding previous pose
  frame 648: PnP failed, holding previous pose
  frame 649: PnP failed, holding previous pose
  frame 650: PnP failed, holding previous pose
Frame 650 valmis. KF=53, loopit=0, kartta=897
  frame 651: PnP failed, holding previous pose
  frame 652: PnP failed, holding previous pose
  frame 653: PnP failed, holding previous pose
  frame 654: PnP failed, holding previous pose
  frame 655: PnP failed, holding previous pose
  frame 656: PnP failed, holding previous pose
  frame 657: PnP failed, holding previous pose
  frame 658: PnP failed, holding previous pose
  frame 659: PnP failed, holding previous pose
  frame 660: PnP failed, holding previous pose
  frame 661: PnP failed, holding previous pose
  frame 662: PnP failed, holding previous pose
  frame 663: PnP failed, holding previous pose
  frame 664: PnP failed, holding previous pose
  frame 665: PnP failed, holding previous pose
  frame 666: PnP failed, holding previous pose
  frame 667: PnP failed, holding previous pose
  frame 668: PnP failed, holding previous pose
  frame 669: PnP failed, holding previous pose
  frame 670: PnP failed, holding previous pose
  frame 671: PnP failed, holding previous pose
  frame 672: PnP failed, holding previous pose
  frame 673: PnP failed, holding previous pose
  frame 674: PnP failed, holding previous pose
  frame 675: PnP failed, holding previous pose
  frame 676: PnP failed, holding previous pose
  frame 677: PnP failed, holding previous pose
  frame 678: PnP failed, holding previous pose
  frame 679: PnP failed, holding previous pose
  frame 680: PnP failed, holding previous pose
  frame 681: PnP failed, holding previous pose
  frame 682: PnP failed, holding previous pose
  frame 683: PnP failed, holding previous pose
  frame 684: PnP failed, holding previous pose
  frame 685: PnP failed, holding previous pose
  frame 686: PnP failed, holding previous pose
  frame 687: PnP failed, holding previous pose
  frame 688: PnP failed, holding previous pose
  frame 689: PnP failed, holding previous pose
  frame 690: PnP failed, holding previous pose
  frame 691: PnP failed, holding previous pose
  frame 692: PnP failed, holding previous pose
  frame 693: PnP failed, holding previous pose
  frame 694: PnP failed, holding previous pose
  frame 695: PnP failed, holding previous pose
  frame 696: PnP failed, holding previous pose
  frame 697: PnP failed, holding previous pose
  frame 698: PnP failed, holding previous pose
  frame 699: PnP failed, holding previous pose
  frame 700: PnP failed, holding previous pose
Frame 700 valmis. KF=56, loopit=0, kartta=901
  frame 701: PnP failed, holding previous pose
  frame 702: PnP failed, holding previous pose
  frame 703: PnP failed, holding previous pose
  frame 704: PnP failed, holding previous pose
  frame 705: PnP failed, holding previous pose
  frame 706: PnP failed, holding previous pose
  frame 707: PnP failed, holding previous pose
  frame 708: PnP failed, holding previous pose
  frame 709: PnP failed, holding previous pose
  frame 710: PnP failed, holding previous pose
  frame 711: PnP failed, holding previous pose
  frame 712: PnP failed, holding previous pose
  frame 713: PnP failed, holding previous pose
  frame 714: PnP failed, holding previous pose
  frame 715: PnP failed, holding previous pose
  frame 716: PnP failed, holding previous pose
  frame 717: PnP failed, holding previous pose
  frame 718: PnP failed, holding previous pose
  frame 719: PnP failed, holding previous pose
  frame 720: PnP failed, holding previous pose
  frame 721: PnP failed, holding previous pose
  frame 722: PnP failed, holding previous pose
  frame 723: PnP failed, holding previous pose
  frame 724: PnP failed, holding previous pose
  frame 725: PnP failed, holding previous pose
  frame 726: PnP failed, holding previous pose
  frame 727: PnP failed, holding previous pose
  frame 728: PnP failed, holding previous pose
  frame 729: PnP failed, holding previous pose
  frame 730: PnP failed, holding previous pose
  frame 731: PnP failed, holding previous pose
  frame 732: PnP failed, holding previous pose
  frame 733: PnP failed, holding previous pose
  frame 734: PnP failed, holding previous pose
  frame 735: PnP failed, holding previous pose
  frame 736: PnP failed, holding previous pose
  frame 737: PnP failed, holding previous pose
  frame 738: PnP failed, holding previous pose
  frame 739: PnP failed, holding previous pose
  frame 740: PnP failed, holding previous pose
  frame 741: PnP failed, holding previous pose
  frame 742: PnP failed, holding previous pose
  frame 743: PnP failed, holding previous pose
  frame 744: PnP failed, holding previous pose
  frame 745: PnP failed, holding previous pose
  frame 746: PnP failed, holding previous pose
  frame 747: PnP failed, holding previous pose
  frame 748: PnP failed, holding previous pose
  frame 749: PnP failed, holding previous pose
  frame 750: PnP failed, holding previous pose
Frame 750 valmis. KF=58, loopit=0, kartta=903
  frame 751: PnP failed, holding previous pose
  frame 752: PnP failed, holding previous pose
  frame 753: PnP failed, holding previous pose
  frame 754: PnP failed, holding previous pose
  frame 755: PnP failed, holding previous pose
  frame 756: PnP failed, holding previous pose
  frame 757: PnP failed, holding previous pose
  frame 758: PnP failed, holding previous pose
  frame 759: PnP failed, holding previous pose
  frame 760: PnP failed, holding previous pose
  frame 761: PnP failed, holding previous pose
  frame 762: PnP failed, holding previous pose
  frame 763: PnP failed, holding previous pose
  frame 764: PnP failed, holding previous pose
  frame 765: PnP failed, holding previous pose
  frame 766: PnP failed, holding previous pose
  frame 767: PnP failed, holding previous pose
  frame 768: PnP failed, holding previous pose
  frame 769: PnP failed, holding previous pose
  frame 770: PnP failed, holding previous pose
  frame 771: PnP failed, holding previous pose
  frame 772: PnP failed, holding previous pose
  frame 773: PnP failed, holding previous pose
  frame 774: PnP failed, holding previous pose
  frame 775: PnP failed, holding previous pose
  frame 776: PnP failed, holding previous pose
  frame 777: PnP failed, holding previous pose
  frame 778: PnP failed, holding previous pose
  frame 779: PnP failed, holding previous pose
  frame 780: PnP failed, holding previous pose
  frame 781: PnP failed, holding previous pose
  frame 782: PnP failed, holding previous pose
  frame 783: PnP failed, holding previous pose
  frame 784: PnP failed, holding previous pose
  frame 785: PnP failed, holding previous pose
  frame 786: PnP failed, holding previous pose
  frame 787: PnP failed, holding previous pose
  frame 788: PnP failed, holding previous pose
  frame 789: PnP failed, holding previous pose
  frame 790: PnP failed, holding previous pose
  frame 791: PnP failed, holding previous pose
  frame 792: PnP failed, holding previous pose
  frame 793: PnP failed, holding previous pose
  frame 794: PnP failed, holding previous pose
  frame 795: PnP failed, holding previous pose
  frame 796: PnP failed, holding previous pose
  frame 797: PnP failed, holding previous pose
  frame 798: PnP failed, holding previous pose
  frame 799: PnP failed, holding previous pose
  frame 800: PnP failed, holding previous pose
Frame 800 valmis. KF=61, loopit=0, kartta=906
  frame 801: PnP failed, holding previous pose
  frame 802: PnP failed, holding previous pose
  frame 803: PnP failed, holding previous pose
  frame 804: PnP failed, holding previous pose
  frame 805: PnP failed, holding previous pose
  frame 806: PnP failed, holding previous pose
  frame 807: PnP failed, holding previous pose
  frame 808: PnP failed, holding previous pose
  frame 809: PnP failed, holding previous pose
  frame 810: PnP failed, holding previous pose
  frame 811: PnP failed, holding previous pose
  frame 812: PnP failed, holding previous pose
  frame 813: PnP failed, holding previous pose
  frame 814: PnP failed, holding previous pose
  frame 815: PnP failed, holding previous pose
  frame 816: PnP failed, holding previous pose
  frame 817: PnP failed, holding previous pose
  frame 818: PnP failed, holding previous pose
  frame 819: PnP failed, holding previous pose
  frame 820: PnP failed, holding previous pose
  frame 821: PnP failed, holding previous pose
  frame 822: PnP failed, holding previous pose
  frame 823: PnP failed, holding previous pose
  frame 824: PnP failed, holding previous pose
  frame 825: PnP failed, holding previous pose
  frame 826: PnP failed, holding previous pose
  frame 827: PnP failed, holding previous pose
  frame 828: PnP failed, holding previous pose
  frame 829: PnP failed, holding previous pose
  frame 830: PnP failed, holding previous pose
  frame 831: PnP failed, holding previous pose
  frame 832: PnP failed, holding previous pose
  frame 833: PnP failed, holding previous pose
  frame 834: PnP failed, holding previous pose
  frame 835: PnP failed, holding previous pose
  frame 836: PnP failed, holding previous pose
  frame 837: PnP failed, holding previous pose
  frame 838: PnP failed, holding previous pose
  frame 839: PnP failed, holding previous pose
  frame 840: PnP failed, holding previous pose
  frame 841: PnP failed, holding previous pose
  frame 842: PnP failed, holding previous pose
  frame 843: PnP failed, holding previous pose
  frame 844: PnP failed, holding previous pose
  frame 845: PnP failed, holding previous pose
  frame 846: PnP failed, holding previous pose
  frame 847: PnP failed, holding previous pose
  frame 848: PnP failed, holding previous pose
  frame 849: PnP failed, holding previous pose
  frame 850: PnP failed, holding previous pose
Frame 850 valmis. KF=65, loopit=0, kartta=911
  frame 851: PnP failed, holding previous pose
  frame 852: PnP failed, holding previous pose
  frame 853: PnP failed, holding previous pose
  frame 854: PnP failed, holding previous pose
  frame 855: PnP failed, holding previous pose
  frame 856: PnP failed, holding previous pose
  frame 857: PnP failed, holding previous pose
  frame 858: PnP failed, holding previous pose
  frame 859: PnP failed, holding previous pose
  frame 860: PnP failed, holding previous pose
  frame 861: PnP failed, holding previous pose
  frame 862: PnP failed, holding previous pose
  frame 863: PnP failed, holding previous pose
  frame 864: PnP failed, holding previous pose
  frame 865: PnP failed, holding previous pose
  frame 866: PnP failed, holding previous pose
  frame 867: PnP failed, holding previous pose
  frame 868: PnP failed, holding previous pose
  frame 869: PnP failed, holding previous pose
  frame 870: PnP failed, holding previous pose
  frame 871: PnP failed, holding previous pose
  frame 872: PnP failed, holding previous pose
  frame 873: PnP failed, holding previous pose
  frame 874: PnP failed, holding previous pose
  frame 875: PnP failed, holding previous pose
  frame 876: PnP failed, holding previous pose
  frame 877: PnP failed, holding previous pose
  frame 878: PnP failed, holding previous pose
  frame 879: PnP failed, holding previous pose
  frame 880: PnP failed, holding previous pose
  frame 881: PnP failed, holding previous pose
  frame 882: PnP failed, holding previous pose
  frame 883: PnP failed, holding previous pose
  frame 884: PnP failed, holding previous pose
  frame 885: PnP failed, holding previous pose
  frame 886: PnP failed, holding previous pose
  frame 887: PnP failed, holding previous pose
  frame 888: PnP failed, holding previous pose
  frame 889: PnP failed, holding previous pose
  frame 890: PnP failed, holding previous pose
  frame 891: PnP failed, holding previous pose
  frame 892: PnP failed, holding previous pose
  frame 893: PnP failed, holding previous pose
  frame 894: PnP failed, holding previous pose
  frame 895: PnP failed, holding previous pose
  frame 896: PnP failed, holding previous pose
  frame 897: PnP failed, holding previous pose
  frame 898: PnP failed, holding previous pose
  frame 899: PnP failed, holding previous pose
  frame 900: PnP failed, holding previous pose
Frame 900 valmis. KF=67, loopit=0, kartta=913
  frame 901: PnP failed, holding previous pose
  frame 902: PnP failed, holding previous pose
  frame 903: PnP failed, holding previous pose
  frame 904: PnP failed, holding previous pose
  frame 905: PnP failed, holding previous pose
  frame 906: PnP failed, holding previous pose
  frame 907: PnP failed, holding previous pose
  frame 908: PnP failed, holding previous pose
  frame 909: PnP failed, holding previous pose
  frame 910: PnP failed, holding previous pose
  frame 911: PnP failed, holding previous pose
  frame 912: PnP failed, holding previous pose
  frame 913: PnP failed, holding previous pose
  frame 914: PnP failed, holding previous pose
  frame 915: PnP failed, holding previous pose
  frame 916: PnP failed, holding previous pose
  frame 917: PnP failed, holding previous pose
  frame 918: PnP failed, holding previous pose
  frame 919: PnP failed, holding previous pose
  frame 920: PnP failed, holding previous pose
  frame 921: PnP failed, holding previous pose
  frame 922: PnP failed, holding previous pose
  frame 923: PnP failed, holding previous pose
  frame 924: PnP failed, holding previous pose
  frame 925: PnP failed, holding previous pose
  frame 926: PnP failed, holding previous pose
  frame 927: PnP failed, holding previous pose
  frame 928: PnP failed, holding previous pose
  frame 929: PnP failed, holding previous pose
  frame 930: PnP failed, holding previous pose
  frame 931: PnP failed, holding previous pose
  frame 932: PnP failed, holding previous pose
  frame 933: PnP failed, holding previous pose
  frame 934: PnP failed, holding previous pose
  frame 935: PnP failed, holding previous pose
  frame 936: PnP failed, holding previous pose
  frame 937: PnP failed, holding previous pose
  frame 938: PnP failed, holding previous pose
  frame 939: PnP failed, holding previous pose
  frame 940: PnP failed, holding previous pose
  frame 941: PnP failed, holding previous pose
  frame 942: PnP failed, holding previous pose
  frame 943: PnP failed, holding previous pose
  frame 944: PnP failed, holding previous pose
  frame 945: PnP failed, holding previous pose
  frame 946: PnP failed, holding previous pose
  frame 947: PnP failed, holding previous pose
  frame 948: PnP failed, holding previous pose
  frame 949: PnP failed, holding previous pose
  frame 950: PnP failed, holding previous pose
Frame 950 valmis. KF=69, loopit=0, kartta=915
  frame 951: PnP failed, holding previous pose
  frame 952: PnP failed, holding previous pose
  frame 953: PnP failed, holding previous pose
  frame 954: PnP failed, holding previous pose
  frame 955: PnP failed, holding previous pose
  frame 956: PnP failed, holding previous pose
  frame 957: PnP failed, holding previous pose
  frame 958: PnP failed, holding previous pose
  frame 959: PnP failed, holding previous pose
  frame 960: PnP failed, holding previous pose
  frame 961: PnP failed, holding previous pose
  frame 962: PnP failed, holding previous pose
  frame 963: PnP failed, holding previous pose
  frame 964: PnP failed, holding previous pose
  frame 965: PnP failed, holding previous pose
  frame 966: PnP failed, holding previous pose
  frame 967: PnP failed, holding previous pose
  frame 968: PnP failed, holding previous pose
  frame 969: PnP failed, holding previous pose
  frame 970: PnP failed, holding previous pose
  frame 971: PnP failed, holding previous pose
  frame 972: PnP failed, holding previous pose
  frame 973: PnP failed, holding previous pose
  frame 974: PnP failed, holding previous pose
  frame 975: PnP failed, holding previous pose
  frame 976: PnP failed, holding previous pose
  frame 977: PnP failed, holding previous pose
  frame 978: PnP failed, holding previous pose
  frame 979: PnP failed, holding previous pose
  frame 980: PnP failed, holding previous pose
  frame 981: PnP failed, holding previous pose
  frame 982: PnP failed, holding previous pose
  frame 983: PnP failed, holding previous pose
  frame 984: PnP failed, holding previous pose
  frame 985: PnP failed, holding previous pose
  frame 986: PnP failed, holding previous pose
  frame 987: PnP failed, holding previous pose
  frame 988: PnP failed, holding previous pose
  frame 989: PnP failed, holding previous pose
  frame 990: PnP failed, holding previous pose
  frame 991: PnP failed, holding previous pose
  frame 992: PnP failed, holding previous pose
  frame 993: PnP failed, holding previous pose
  frame 994: PnP failed, holding previous pose
  frame 995: PnP failed, holding previous pose
  frame 996: PnP failed, holding previous pose
  frame 997: PnP failed, holding previous pose
  frame 998: PnP failed, holding previous pose
  frame 999: PnP failed, holding previous pose
  frame 1000: PnP failed, holding previous pose
Frame 1000 valmis. KF=71, loopit=0, kartta=917
  frame 1001: PnP failed, holding previous pose
  frame 1002: PnP failed, holding previous pose
  frame 1003: PnP failed, holding previous pose
  frame 1004: PnP failed, holding previous pose
  frame 1005: PnP failed, holding previous pose
  frame 1006: PnP failed, holding previous pose
  frame 1007: PnP failed, holding previous pose
  frame 1008: PnP failed, holding previous pose
  frame 1009: PnP failed, holding previous pose
  frame 1010: PnP failed, holding previous pose
  frame 1011: PnP failed, holding previous pose
  frame 1012: PnP failed, holding previous pose
  frame 1013: PnP failed, holding previous pose
  frame 1014: PnP failed, holding previous pose
  frame 1015: PnP failed, holding previous pose
  frame 1016: PnP failed, holding previous pose
  frame 1017: PnP failed, holding previous pose
  frame 1018: PnP failed, holding previous pose
  frame 1019: PnP failed, holding previous pose
  frame 1020: PnP failed, holding previous pose
  frame 1021: PnP failed, holding previous pose
  frame 1022: PnP failed, holding previous pose
  frame 1023: PnP failed, holding previous pose
  frame 1024: PnP failed, holding previous pose
  frame 1025: PnP failed, holding previous pose
  frame 1026: PnP failed, holding previous pose
  frame 1027: PnP failed, holding previous pose
  frame 1028: PnP failed, holding previous pose
  frame 1029: PnP failed, holding previous pose
  frame 1030: PnP failed, holding previous pose
  frame 1031: PnP failed, holding previous pose
  frame 1032: PnP failed, holding previous pose
  frame 1033: PnP failed, holding previous pose
  frame 1034: PnP failed, holding previous pose
  frame 1035: PnP failed, holding previous pose
  frame 1036: PnP failed, holding previous pose
  frame 1037: PnP failed, holding previous pose
  frame 1038: PnP failed, holding previous pose
  frame 1039: PnP failed, holding previous pose
  frame 1040: PnP failed, holding previous pose
  frame 1041: PnP failed, holding previous pose
  frame 1042: PnP failed, holding previous pose
  frame 1043: PnP failed, holding previous pose
  frame 1044: PnP failed, holding previous pose
  frame 1045: PnP failed, holding previous pose
  frame 1046: PnP failed, holding previous pose
  frame 1047: PnP failed, holding previous pose
  frame 1048: PnP failed, holding previous pose
  frame 1049: PnP failed, holding previous pose
  frame 1050: PnP failed, holding previous pose
Frame 1050 valmis. KF=72, loopit=0, kartta=918
  frame 1051: PnP failed, holding previous pose
  frame 1052: PnP failed, holding previous pose
  frame 1053: PnP failed, holding previous pose
  frame 1054: PnP failed, holding previous pose
  frame 1055: PnP failed, holding previous pose
  frame 1056: PnP failed, holding previous pose
  frame 1057: PnP failed, holding previous pose
  frame 1058: PnP failed, holding previous pose
  frame 1059: PnP failed, holding previous pose
  frame 1060: PnP failed, holding previous pose
  frame 1061: PnP failed, holding previous pose
  frame 1062: PnP failed, holding previous pose
  frame 1063: PnP failed, holding previous pose
  frame 1064: PnP failed, holding previous pose
  frame 1065: PnP failed, holding previous pose
  frame 1066: PnP failed, holding previous pose
  frame 1067: PnP failed, holding previous pose
  frame 1068: PnP failed, holding previous pose
  frame 1069: PnP failed, holding previous pose
  frame 1070: PnP failed, holding previous pose
  frame 1071: PnP failed, holding previous pose
  frame 1072: PnP failed, holding previous pose
  frame 1073: PnP failed, holding previous pose
  frame 1074: PnP failed, holding previous pose
  frame 1075: PnP failed, holding previous pose
  frame 1076: PnP failed, holding previous pose
  frame 1077: PnP failed, holding previous pose
  frame 1078: PnP failed, holding previous pose
  frame 1079: PnP failed, holding previous pose
  frame 1080: PnP failed, holding previous pose
  frame 1081: PnP failed, holding previous pose
  frame 1082: PnP failed, holding previous pose
  frame 1083: PnP failed, holding previous pose
  frame 1084: PnP failed, holding previous pose
  frame 1085: PnP failed, holding previous pose
  frame 1086: PnP failed, holding previous pose
  frame 1087: PnP failed, holding previous pose
  frame 1088: PnP failed, holding previous pose
  frame 1089: PnP failed, holding previous pose
  frame 1090: PnP failed, holding previous pose
  frame 1091: PnP failed, holding previous pose
  frame 1092: PnP failed, holding previous pose
  frame 1093: PnP failed, holding previous pose
  frame 1094: PnP failed, holding previous pose
  frame 1095: PnP failed, holding previous pose
  frame 1096: PnP failed, holding previous pose
  frame 1097: PnP failed, holding previous pose
  frame 1098: PnP failed, holding previous pose
  frame 1099: PnP failed, holding previous pose
  frame 1100: PnP failed, holding previous pose
Frame 1100 valmis. KF=72, loopit=0, kartta=918
  frame 1101: PnP failed, holding previous pose
  frame 1102: PnP failed, holding previous pose
  frame 1103: PnP failed, holding previous pose
  frame 1104: PnP failed, holding previous pose
  frame 1105: PnP failed, holding previous pose
  frame 1106: PnP failed, holding previous pose
  frame 1107: PnP failed, holding previous pose
  frame 1108: PnP failed, holding previous pose
  frame 1109: PnP failed, holding previous pose
  frame 1110: PnP failed, holding previous pose
  frame 1111: PnP failed, holding previous pose
  frame 1112: PnP failed, holding previous pose
  frame 1113: PnP failed, holding previous pose
  frame 1114: PnP failed, holding previous pose
  frame 1115: PnP failed, holding previous pose
  frame 1116: PnP failed, holding previous pose
  frame 1117: PnP failed, holding previous pose
  frame 1118: PnP failed, holding previous pose
  frame 1119: PnP failed, holding previous pose
  frame 1120: PnP failed, holding previous pose
  frame 1121: PnP failed, holding previous pose
  frame 1122: PnP failed, holding previous pose
  frame 1123: PnP failed, holding previous pose
  frame 1124: PnP failed, holding previous pose
  frame 1125: PnP failed, holding previous pose
  frame 1126: PnP failed, holding previous pose
  frame 1127: PnP failed, holding previous pose
  frame 1128: PnP failed, holding previous pose
  frame 1129: PnP failed, holding previous pose
  frame 1130: PnP failed, holding previous pose
  frame 1131: PnP failed, holding previous pose
  frame 1132: PnP failed, holding previous pose
  frame 1133: PnP failed, holding previous pose
  frame 1134: PnP failed, holding previous pose
  frame 1135: PnP failed, holding previous pose
  frame 1136: PnP failed, holding previous pose
  frame 1137: PnP failed, holding previous pose
  frame 1138: PnP failed, holding previous pose
  frame 1139: PnP failed, holding previous pose
  frame 1140: PnP failed, holding previous pose
  frame 1141: PnP failed, holding previous pose
  frame 1142: PnP failed, holding previous pose
  frame 1143: PnP failed, holding previous pose
  frame 1144: PnP failed, holding previous pose
  frame 1145: PnP failed, holding previous pose
  frame 1146: PnP failed, holding previous pose
  frame 1147: PnP failed, holding previous pose
  frame 1148: PnP failed, holding previous pose
  frame 1149: PnP failed, holding previous pose
  frame 1150: PnP failed, holding previous pose
Frame 1150 valmis. KF=76, loopit=0, kartta=922
  frame 1151: PnP failed, holding previous pose
  frame 1152: PnP failed, holding previous pose
  frame 1153: PnP failed, holding previous pose
  frame 1154: PnP failed, holding previous pose
  frame 1155: PnP failed, holding previous pose
  frame 1156: PnP failed, holding previous pose
  frame 1157: PnP failed, holding previous pose
  frame 1158: PnP failed, holding previous pose
  frame 1159: PnP failed, holding previous pose
  frame 1160: PnP failed, holding previous pose
  frame 1161: PnP failed, holding previous pose
  frame 1162: PnP failed, holding previous pose
  frame 1163: PnP failed, holding previous pose
  frame 1164: PnP failed, holding previous pose
  frame 1165: PnP failed, holding previous pose
  frame 1166: PnP failed, holding previous pose
  frame 1167: PnP failed, holding previous pose
  frame 1168: PnP failed, holding previous pose
  frame 1169: PnP failed, holding previous pose
  frame 1170: PnP failed, holding previous pose
  frame 1171: PnP failed, holding previous pose
  frame 1172: PnP failed, holding previous pose
  frame 1173: PnP failed, holding previous pose
  frame 1174: PnP failed, holding previous pose
  frame 1175: PnP failed, holding previous pose
  frame 1176: PnP failed, holding previous pose
  frame 1177: PnP failed, holding previous pose
  frame 1178: PnP failed, holding previous pose
  frame 1179: PnP failed, holding previous pose
  frame 1180: PnP failed, holding previous pose
  frame 1181: PnP failed, holding previous pose
  frame 1182: PnP failed, holding previous pose
  frame 1183: PnP failed, holding previous pose
  frame 1184: PnP failed, holding previous pose
  frame 1185: PnP failed, holding previous pose
  frame 1186: PnP failed, holding previous pose
  frame 1187: PnP failed, holding previous pose
  frame 1188: PnP failed, holding previous pose
  frame 1189: PnP failed, holding previous pose
  frame 1190: PnP failed, holding previous pose
  frame 1191: PnP failed, holding previous pose
  frame 1192: PnP failed, holding previous pose
  frame 1193: PnP failed, holding previous pose
  frame 1194: PnP failed, holding previous pose
  frame 1195: PnP failed, holding previous pose
  frame 1196: PnP failed, holding previous pose
  frame 1197: PnP failed, holding previous pose
  frame 1198: PnP failed, holding previous pose
  frame 1199: PnP failed, holding previous pose
  frame 1200: PnP failed, holding previous pose
Frame 1200 valmis. KF=78, loopit=0, kartta=924
  frame 1201: PnP failed, holding previous pose
  frame 1202: PnP failed, holding previous pose
  frame 1203: PnP failed, holding previous pose
  frame 1204: PnP failed, holding previous pose
  frame 1205: PnP failed, holding previous pose
  frame 1206: PnP failed, holding previous pose
  frame 1207: PnP failed, holding previous pose
  frame 1208: PnP failed, holding previous pose
  frame 1209: PnP failed, holding previous pose
  frame 1210: PnP failed, holding previous pose
  frame 1211: PnP failed, holding previous pose
  frame 1212: PnP failed, holding previous pose
  frame 1213: PnP failed, holding previous pose
  frame 1214: PnP failed, holding previous pose
  frame 1215: PnP failed, holding previous pose
  frame 1216: PnP failed, holding previous pose
  frame 1217: PnP failed, holding previous pose
  frame 1218: PnP failed, holding previous pose
  frame 1219: PnP failed, holding previous pose
  frame 1220: PnP failed, holding previous pose
  frame 1221: PnP failed, holding previous pose
  frame 1222: PnP failed, holding previous pose
  frame 1223: PnP failed, holding previous pose
  frame 1224: PnP failed, holding previous pose
  frame 1225: PnP failed, holding previous pose
  frame 1226: PnP failed, holding previous pose
  frame 1227: PnP failed, holding previous pose
  frame 1228: PnP failed, holding previous pose
  frame 1229: PnP failed, holding previous pose
  frame 1230: PnP failed, holding previous pose
  frame 1231: PnP failed, holding previous pose
  frame 1232: PnP failed, holding previous pose
  frame 1233: PnP failed, holding previous pose
  frame 1234: PnP failed, holding previous pose
  frame 1235: PnP failed, holding previous pose
  frame 1236: PnP failed, holding previous pose
  frame 1237: PnP failed, holding previous pose
  frame 1238: PnP failed, holding previous pose
  frame 1239: PnP failed, holding previous pose
  frame 1240: PnP failed, holding previous pose
  frame 1241: PnP failed, holding previous pose
  frame 1242: PnP failed, holding previous pose
  frame 1243: PnP failed, holding previous pose
  frame 1244: PnP failed, holding previous pose
  frame 1245: PnP failed, holding previous pose
  frame 1246: PnP failed, holding previous pose
  frame 1247: PnP failed, holding previous pose
  frame 1248: PnP failed, holding previous pose
  frame 1249: PnP failed, holding previous pose
  frame 1250: PnP failed, holding previous pose
Frame 1250 valmis. KF=82, loopit=0, kartta=928
  frame 1251: PnP failed, holding previous pose
  frame 1252: PnP failed, holding previous pose
  frame 1253: PnP failed, holding previous pose
  frame 1254: PnP failed, holding previous pose
  frame 1255: PnP failed, holding previous pose
  frame 1256: PnP failed, holding previous pose
  frame 1257: PnP failed, holding previous pose
  frame 1258: PnP failed, holding previous pose
  frame 1259: PnP failed, holding previous pose
  frame 1260: PnP failed, holding previous pose
  frame 1261: PnP failed, holding previous pose
  frame 1262: PnP failed, holding previous pose
  frame 1263: PnP failed, holding previous pose
  frame 1264: PnP failed, holding previous pose
  frame 1265: PnP failed, holding previous pose
  frame 1266: PnP failed, holding previous pose
  frame 1267: PnP failed, holding previous pose
  frame 1268: PnP failed, holding previous pose
  frame 1269: PnP failed, holding previous pose
  frame 1270: PnP failed, holding previous pose
  frame 1271: PnP failed, holding previous pose
  frame 1272: PnP failed, holding previous pose
  frame 1273: PnP failed, holding previous pose
  frame 1274: PnP failed, holding previous pose
  frame 1275: PnP failed, holding previous pose
  frame 1276: PnP failed, holding previous pose
  frame 1277: PnP failed, holding previous pose
  frame 1278: PnP failed, holding previous pose
  frame 1279: PnP failed, holding previous pose
  frame 1280: PnP failed, holding previous pose
  frame 1281: PnP failed, holding previous pose
  frame 1282: PnP failed, holding previous pose
  frame 1283: PnP failed, holding previous pose
  frame 1284: PnP failed, holding previous pose
  frame 1285: PnP failed, holding previous pose
  frame 1286: PnP failed, holding previous pose
  frame 1287: PnP failed, holding previous pose
  frame 1288: PnP failed, holding previous pose
  frame 1289: PnP failed, holding previous pose
  frame 1290: PnP failed, holding previous pose
  frame 1291: PnP failed, holding previous pose
  frame 1292: PnP failed, holding previous pose
  frame 1293: PnP failed, holding previous pose
  frame 1294: PnP failed, holding previous pose
  frame 1295: PnP failed, holding previous pose
  frame 1296: PnP failed, holding previous pose
  frame 1297: PnP failed, holding previous pose
  frame 1298: PnP failed, holding previous pose
  frame 1299: PnP failed, holding previous pose
  frame 1300: PnP failed, holding previous pose
Frame 1300 valmis. KF=84, loopit=0, kartta=930
  frame 1301: PnP failed, holding previous pose
  frame 1302: PnP failed, holding previous pose
  frame 1303: PnP failed, holding previous pose
  frame 1304: PnP failed, holding previous pose
  frame 1305: PnP failed, holding previous pose
  frame 1306: PnP failed, holding previous pose
  frame 1307: PnP failed, holding previous pose
  frame 1308: PnP failed, holding previous pose
  frame 1309: PnP failed, holding previous pose
  frame 1310: PnP failed, holding previous pose
  frame 1311: PnP failed, holding previous pose
  frame 1312: PnP failed, holding previous pose
  frame 1313: PnP failed, holding previous pose
  frame 1314: PnP failed, holding previous pose
  frame 1315: PnP failed, holding previous pose
  frame 1316: PnP failed, holding previous pose
  frame 1317: PnP failed, holding previous pose
  frame 1318: PnP failed, holding previous pose
  frame 1319: PnP failed, holding previous pose
  frame 1320: PnP failed, holding previous pose
  frame 1321: PnP failed, holding previous pose
  frame 1322: PnP failed, holding previous pose
  frame 1323: PnP failed, holding previous pose
  frame 1324: PnP failed, holding previous pose
  frame 1325: PnP failed, holding previous pose
  frame 1326: PnP failed, holding previous pose
  frame 1327: PnP failed, holding previous pose
  frame 1328: PnP failed, holding previous pose
  frame 1329: PnP failed, holding previous pose
  frame 1330: PnP failed, holding previous pose
  frame 1331: PnP failed, holding previous pose
  frame 1332: PnP failed, holding previous pose
  frame 1333: PnP failed, holding previous pose
  frame 1334: PnP failed, holding previous pose
  frame 1335: PnP failed, holding previous pose
  frame 1336: PnP failed, holding previous pose
  frame 1337: PnP failed, holding previous pose
  frame 1338: PnP failed, holding previous pose
  frame 1339: PnP failed, holding previous pose
  frame 1340: PnP failed, holding previous pose
  frame 1341: PnP failed, holding previous pose
  frame 1342: PnP failed, holding previous pose
  frame 1343: PnP failed, holding previous pose
  frame 1344: PnP failed, holding previous pose
  frame 1345: PnP failed, holding previous pose
  frame 1346: PnP failed, holding previous pose
  frame 1347: PnP failed, holding previous pose
  frame 1348: PnP failed, holding previous pose
  frame 1349: PnP failed, holding previous pose
  frame 1350: PnP failed, holding previous pose
Frame 1350 valmis. KF=87, loopit=0, kartta=933
  frame 1351: PnP failed, holding previous pose
  frame 1352: PnP failed, holding previous pose
  frame 1353: PnP failed, holding previous pose
  frame 1354: PnP failed, holding previous pose
  frame 1355: PnP failed, holding previous pose
  frame 1356: PnP failed, holding previous pose
  frame 1357: PnP failed, holding previous pose
  frame 1358: PnP failed, holding previous pose
  frame 1359: PnP failed, holding previous pose
  frame 1360: PnP failed, holding previous pose
  frame 1361: PnP failed, holding previous pose
  frame 1362: PnP failed, holding previous pose
  frame 1363: PnP failed, holding previous pose
  frame 1364: PnP failed, holding previous pose
  frame 1365: PnP failed, holding previous pose
  frame 1366: PnP failed, holding previous pose
  frame 1367: PnP failed, holding previous pose
  frame 1368: PnP failed, holding previous pose
  frame 1369: PnP failed, holding previous pose
  frame 1370: PnP failed, holding previous pose
  frame 1371: PnP failed, holding previous pose
  frame 1372: PnP failed, holding previous pose
  frame 1373: PnP failed, holding previous pose
  frame 1374: PnP failed, holding previous pose
  frame 1375: PnP failed, holding previous pose
  frame 1376: PnP failed, holding previous pose
  frame 1377: PnP failed, holding previous pose
  frame 1378: PnP failed, holding previous pose
  frame 1379: PnP failed, holding previous pose
  frame 1380: PnP failed, holding previous pose
  frame 1381: PnP failed, holding previous pose
  frame 1382: PnP failed, holding previous pose
  frame 1383: PnP failed, holding previous pose
  frame 1384: PnP failed, holding previous pose
  frame 1385: PnP failed, holding previous pose
  frame 1386: PnP failed, holding previous pose
  frame 1387: PnP failed, holding previous pose
  frame 1388: PnP failed, holding previous pose
  frame 1389: PnP failed, holding previous pose
  frame 1390: PnP failed, holding previous pose
  frame 1391: PnP failed, holding previous pose
  frame 1392: PnP failed, holding previous pose
  frame 1393: PnP failed, holding previous pose
  frame 1394: PnP failed, holding previous pose
  frame 1395: PnP failed, holding previous pose
  frame 1396: PnP failed, holding previous pose
  frame 1397: PnP failed, holding previous pose
  frame 1398: PnP failed, holding previous pose
  frame 1399: PnP failed, holding previous pose
  frame 1400: PnP failed, holding previous pose
Frame 1400 valmis. KF=89, loopit=0, kartta=935
  frame 1401: PnP failed, holding previous pose
  frame 1402: PnP failed, holding previous pose
  frame 1403: PnP failed, holding previous pose
  frame 1404: PnP failed, holding previous pose
  frame 1405: PnP failed, holding previous pose
  frame 1406: PnP failed, holding previous pose
  frame 1407: PnP failed, holding previous pose
  frame 1408: PnP failed, holding previous pose
  frame 1409: PnP failed, holding previous pose
  frame 1410: PnP failed, holding previous pose
  frame 1411: PnP failed, holding previous pose
  frame 1412: PnP failed, holding previous pose
  frame 1413: PnP failed, holding previous pose
  frame 1414: PnP failed, holding previous pose
  frame 1415: PnP failed, holding previous pose
  frame 1416: PnP failed, holding previous pose
  frame 1417: PnP failed, holding previous pose
  frame 1418: PnP failed, holding previous pose
  frame 1419: PnP failed, holding previous pose
  frame 1420: PnP failed, holding previous pose
  frame 1421: PnP failed, holding previous pose
  frame 1422: PnP failed, holding previous pose
  frame 1423: PnP failed, holding previous pose
  frame 1424: PnP failed, holding previous pose
  frame 1425: PnP failed, holding previous pose
  frame 1426: PnP failed, holding previous pose
  frame 1427: PnP failed, holding previous pose
  frame 1428: PnP failed, holding previous pose
  frame 1429: PnP failed, holding previous pose
  frame 1430: PnP failed, holding previous pose
  frame 1431: PnP failed, holding previous pose
  frame 1432: PnP failed, holding previous pose
  frame 1433: PnP failed, holding previous pose
  frame 1434: PnP failed, holding previous pose
  frame 1435: PnP failed, holding previous pose
  frame 1436: PnP failed, holding previous pose
  frame 1437: PnP failed, holding previous pose
  frame 1438: PnP failed, holding previous pose
  frame 1439: PnP failed, holding previous pose
  frame 1440: PnP failed, holding previous pose
  frame 1441: PnP failed, holding previous pose
  frame 1442: PnP failed, holding previous pose
  frame 1443: PnP failed, holding previous pose
  frame 1444: PnP failed, holding previous pose
  frame 1445: PnP failed, holding previous pose
  frame 1446: PnP failed, holding previous pose
  frame 1447: PnP failed, holding previous pose
  frame 1448: PnP failed, holding previous pose
  frame 1449: PnP failed, holding previous pose
  frame 1450: PnP failed, holding previous pose
Frame 1450 valmis. KF=91, loopit=0, kartta=937
  frame 1451: PnP failed, holding previous pose
  frame 1452: PnP failed, holding previous pose
  frame 1453: PnP failed, holding previous pose
  frame 1454: PnP failed, holding previous pose
  frame 1455: PnP failed, holding previous pose
  frame 1456: PnP failed, holding previous pose
  frame 1457: PnP failed, holding previous pose
  frame 1458: PnP failed, holding previous pose
  frame 1459: PnP failed, holding previous pose
  frame 1460: PnP failed, holding previous pose
  frame 1461: PnP failed, holding previous pose
  frame 1462: PnP failed, holding previous pose
  frame 1463: PnP failed, holding previous pose
  frame 1464: PnP failed, holding previous pose
  frame 1465: PnP failed, holding previous pose
  frame 1466: PnP failed, holding previous pose
  frame 1467: PnP failed, holding previous pose
  frame 1468: PnP failed, holding previous pose
  frame 1469: PnP failed, holding previous pose
  frame 1470: PnP failed, holding previous pose
  frame 1471: PnP failed, holding previous pose
  frame 1472: PnP failed, holding previous pose
  frame 1473: PnP failed, holding previous pose
  frame 1474: PnP failed, holding previous pose
  frame 1475: PnP failed, holding previous pose
  frame 1476: PnP failed, holding previous pose
  frame 1477: PnP failed, holding previous pose
  frame 1478: PnP failed, holding previous pose
  frame 1479: PnP failed, holding previous pose
  frame 1480: PnP failed, holding previous pose
  frame 1481: PnP failed, holding previous pose
  frame 1482: PnP failed, holding previous pose
  frame 1483: PnP failed, holding previous pose
  frame 1484: PnP failed, holding previous pose
  frame 1485: PnP failed, holding previous pose
  frame 1486: PnP failed, holding previous pose
  frame 1487: PnP failed, holding previous pose
  frame 1488: PnP failed, holding previous pose
  frame 1489: PnP failed, holding previous pose
  frame 1490: PnP failed, holding previous pose
  frame 1491: PnP failed, holding previous pose
  frame 1492: PnP failed, holding previous pose
  frame 1493: PnP failed, holding previous pose
  frame 1494: PnP failed, holding previous pose
  frame 1495: PnP failed, holding previous pose
  frame 1496: PnP failed, holding previous pose
  frame 1497: PnP failed, holding previous pose
  frame 1498: PnP failed, holding previous pose
  frame 1499: PnP failed, holding previous pose
  frame 1500: PnP failed, holding previous pose
Frame 1500 valmis. KF=93, loopit=0, kartta=939
  frame 1501: PnP failed, holding previous pose
  frame 1502: PnP failed, holding previous pose
  frame 1503: PnP failed, holding previous pose
  frame 1504: PnP failed, holding previous pose
  frame 1505: PnP failed, holding previous pose
  frame 1506: PnP failed, holding previous pose
  frame 1507: PnP failed, holding previous pose
  frame 1508: PnP failed, holding previous pose
  frame 1509: PnP failed, holding previous pose
  frame 1510: PnP failed, holding previous pose
  frame 1511: PnP failed, holding previous pose
  frame 1512: PnP failed, holding previous pose
  frame 1513: PnP failed, holding previous pose
  frame 1514: PnP failed, holding previous pose
  frame 1515: PnP failed, holding previous pose
  frame 1516: PnP failed, holding previous pose
  frame 1517: PnP failed, holding previous pose
  frame 1518: PnP failed, holding previous pose
  frame 1519: PnP failed, holding previous pose
  frame 1520: PnP failed, holding previous pose
  frame 1521: PnP failed, holding previous pose
  frame 1522: PnP failed, holding previous pose
  frame 1523: PnP failed, holding previous pose
  frame 1524: PnP failed, holding previous pose
  frame 1525: PnP failed, holding previous pose
  frame 1526: PnP failed, holding previous pose
  frame 1527: PnP failed, holding previous pose
  frame 1528: PnP failed, holding previous pose
  frame 1529: PnP failed, holding previous pose
  frame 1530: PnP failed, holding previous pose
  frame 1531: PnP failed, holding previous pose
  frame 1532: PnP failed, holding previous pose
  frame 1533: PnP failed, holding previous pose
  frame 1534: PnP failed, holding previous pose
  frame 1535: PnP failed, holding previous pose
  frame 1536: PnP failed, holding previous pose
  frame 1537: PnP failed, holding previous pose
  frame 1538: PnP failed, holding previous pose
  frame 1539: PnP failed, holding previous pose
  frame 1540: PnP failed, holding previous pose
  frame 1541: PnP failed, holding previous pose
  frame 1542: PnP failed, holding previous pose
  frame 1543: PnP failed, holding previous pose
  frame 1544: PnP failed, holding previous pose
  frame 1545: PnP failed, holding previous pose
  frame 1546: PnP failed, holding previous pose
  frame 1547: PnP failed, holding previous pose
  frame 1548: PnP failed, holding previous pose
  frame 1549: PnP failed, holding previous pose
  frame 1550: PnP failed, holding previous pose
Frame 1550 valmis. KF=93, loopit=0, kartta=939
  frame 1551: PnP failed, holding previous pose
  frame 1552: PnP failed, holding previous pose
  frame 1553: PnP failed, holding previous pose
  frame 1554: PnP failed, holding previous pose
  frame 1555: PnP failed, holding previous pose
  frame 1556: PnP failed, holding previous pose
  frame 1557: PnP failed, holding previous pose
  frame 1558: PnP failed, holding previous pose
  frame 1559: PnP failed, holding previous pose
  frame 1560: PnP failed, holding previous pose
  frame 1561: PnP failed, holding previous pose
  frame 1562: PnP failed, holding previous pose
  frame 1563: PnP failed, holding previous pose
  frame 1564: PnP failed, holding previous pose
  frame 1565: PnP failed, holding previous pose
  frame 1566: PnP failed, holding previous pose
  frame 1567: PnP failed, holding previous pose
  frame 1568: PnP failed, holding previous pose
  frame 1569: PnP failed, holding previous pose
  frame 1570: PnP failed, holding previous pose
  frame 1571: PnP failed, holding previous pose
  frame 1572: PnP failed, holding previous pose
  frame 1573: PnP failed, holding previous pose
  frame 1574: PnP failed, holding previous pose
  frame 1575: PnP failed, holding previous pose
  frame 1576: PnP failed, holding previous pose
  frame 1577: PnP failed, holding previous pose
  frame 1578: PnP failed, holding previous pose
  frame 1579: PnP failed, holding previous pose
  frame 1580: PnP failed, holding previous pose
  frame 1581: PnP failed, holding previous pose
  frame 1582: PnP failed, holding previous pose
  frame 1583: PnP failed, holding previous pose
  frame 1584: PnP failed, holding previous pose
  frame 1585: PnP failed, holding previous pose
  frame 1586: PnP failed, holding previous pose
  frame 1587: PnP failed, holding previous pose
  frame 1588: PnP failed, holding previous pose
  frame 1589: PnP failed, holding previous pose
  frame 1590: PnP failed, holding previous pose
  frame 1591: PnP failed, holding previous pose
  frame 1592: PnP failed, holding previous pose
  frame 1593: PnP failed, holding previous pose
  frame 1594: PnP failed, holding previous pose
  frame 1595: PnP failed, holding previous pose
  frame 1596: PnP failed, holding previous pose
  frame 1597: PnP failed, holding previous pose
  frame 1598: PnP failed, holding previous pose
  frame 1599: PnP failed, holding previous pose
  frame 1600: PnP failed, holding previous pose
Frame 1600 valmis. KF=95, loopit=0, kartta=941
  frame 1601: PnP failed, holding previous pose
  frame 1602: PnP failed, holding previous pose
  frame 1603: PnP failed, holding previous pose
  frame 1604: PnP failed, holding previous pose
  frame 1605: PnP failed, holding previous pose
  frame 1606: PnP failed, holding previous pose
  frame 1607: PnP failed, holding previous pose
  frame 1608: PnP failed, holding previous pose
  frame 1609: PnP failed, holding previous pose
  frame 1610: PnP failed, holding previous pose
  frame 1611: PnP failed, holding previous pose
  frame 1612: PnP failed, holding previous pose
  frame 1613: PnP failed, holding previous pose
  frame 1614: PnP failed, holding previous pose
  frame 1615: PnP failed, holding previous pose
  frame 1616: PnP failed, holding previous pose
  frame 1617: PnP failed, holding previous pose
  frame 1618: PnP failed, holding previous pose
  frame 1619: PnP failed, holding previous pose
  frame 1620: PnP failed, holding previous pose
  frame 1621: PnP failed, holding previous pose
  frame 1622: PnP failed, holding previous pose
  frame 1623: PnP failed, holding previous pose
  frame 1624: PnP failed, holding previous pose
  frame 1625: PnP failed, holding previous pose
  frame 1626: PnP failed, holding previous pose
  frame 1627: PnP failed, holding previous pose
  frame 1628: PnP failed, holding previous pose
  frame 1629: PnP failed, holding previous pose
  frame 1630: PnP failed, holding previous pose
  frame 1631: PnP failed, holding previous pose
  frame 1632: PnP failed, holding previous pose
  frame 1633: PnP failed, holding previous pose
  frame 1634: PnP failed, holding previous pose
  frame 1635: PnP failed, holding previous pose
  frame 1636: PnP failed, holding previous pose
  frame 1637: PnP failed, holding previous pose
  frame 1638: PnP failed, holding previous pose
  frame 1639: PnP failed, holding previous pose
  frame 1640: PnP failed, holding previous pose
  frame 1641: PnP failed, holding previous pose
  frame 1642: PnP failed, holding previous pose
  frame 1643: PnP failed, holding previous pose
  frame 1644: PnP failed, holding previous pose
  frame 1645: PnP failed, holding previous pose
  frame 1646: PnP failed, holding previous pose
  frame 1647: PnP failed, holding previous pose
  frame 1648: PnP failed, holding previous pose
  frame 1649: PnP failed, holding previous pose
  frame 1650: PnP failed, holding previous pose
Frame 1650 valmis. KF=98, loopit=0, kartta=944
  frame 1651: PnP failed, holding previous pose
  frame 1652: PnP failed, holding previous pose
  frame 1653: PnP failed, holding previous pose
  frame 1654: PnP failed, holding previous pose
  frame 1655: PnP failed, holding previous pose
  frame 1656: PnP failed, holding previous pose
  frame 1657: PnP failed, holding previous pose
  frame 1658: PnP failed, holding previous pose
  frame 1659: PnP failed, holding previous pose
  frame 1660: PnP failed, holding previous pose
  frame 1661: PnP failed, holding previous pose
  frame 1662: PnP failed, holding previous pose
  frame 1663: PnP failed, holding previous pose
  frame 1664: PnP failed, holding previous pose
  frame 1665: PnP failed, holding previous pose
  frame 1666: PnP failed, holding previous pose
  frame 1667: PnP failed, holding previous pose
  frame 1668: PnP failed, holding previous pose
  frame 1669: PnP failed, holding previous pose
  frame 1670: PnP failed, holding previous pose
  frame 1671: PnP failed, holding previous pose
  frame 1672: PnP failed, holding previous pose
  frame 1673: PnP failed, holding previous pose
  frame 1674: PnP failed, holding previous pose
  frame 1675: PnP failed, holding previous pose
  frame 1676: PnP failed, holding previous pose
  frame 1677: PnP failed, holding previous pose
  frame 1678: PnP failed, holding previous pose
  frame 1679: PnP failed, holding previous pose
  frame 1680: PnP failed, holding previous pose
  frame 1681: PnP failed, holding previous pose
  frame 1682: PnP failed, holding previous pose
  frame 1683: PnP failed, holding previous pose
  frame 1684: PnP failed, holding previous pose
  frame 1685: PnP failed, holding previous pose
  frame 1686: PnP failed, holding previous pose
  frame 1687: PnP failed, holding previous pose
  frame 1688: PnP failed, holding previous pose
  frame 1689: PnP failed, holding previous pose
  frame 1690: PnP failed, holding previous pose
  frame 1691: PnP failed, holding previous pose
  frame 1692: PnP failed, holding previous pose
  frame 1693: PnP failed, holding previous pose
  frame 1694: PnP failed, holding previous pose
  frame 1695: PnP failed, holding previous pose
  frame 1696: PnP failed, holding previous pose
  frame 1697: PnP failed, holding previous pose
  frame 1698: PnP failed, holding previous pose
  frame 1699: PnP failed, holding previous pose
  frame 1700: PnP failed, holding previous pose
Frame 1700 valmis. KF=100, loopit=0, kartta=946
  frame 1701: PnP failed, holding previous pose
  frame 1702: PnP failed, holding previous pose
  frame 1703: PnP failed, holding previous pose
  frame 1704: PnP failed, holding previous pose
  frame 1705: PnP failed, holding previous pose
  frame 1706: PnP failed, holding previous pose
  frame 1707: PnP failed, holding previous pose
  frame 1708: PnP failed, holding previous pose
  frame 1709: PnP failed, holding previous pose
  frame 1710: PnP failed, holding previous pose
  frame 1711: PnP failed, holding previous pose
  frame 1712: PnP failed, holding previous pose
  frame 1713: PnP failed, holding previous pose
  frame 1714: PnP failed, holding previous pose
  frame 1715: PnP failed, holding previous pose
  frame 1716: PnP failed, holding previous pose
  frame 1717: PnP failed, holding previous pose
  frame 1718: PnP failed, holding previous pose
  frame 1719: PnP failed, holding previous pose
  frame 1720: PnP failed, holding previous pose
  frame 1721: PnP failed, holding previous pose
  frame 1722: PnP failed, holding previous pose
  frame 1723: PnP failed, holding previous pose
  frame 1724: PnP failed, holding previous pose
  frame 1725: PnP failed, holding previous pose
  frame 1726: PnP failed, holding previous pose
  frame 1727: PnP failed, holding previous pose
  frame 1728: PnP failed, holding previous pose
  frame 1729: PnP failed, holding previous pose
  frame 1730: PnP failed, holding previous pose
  frame 1731: PnP failed, holding previous pose
  frame 1732: PnP failed, holding previous pose
  frame 1733: PnP failed, holding previous pose
  frame 1734: PnP failed, holding previous pose
  frame 1735: PnP failed, holding previous pose
  frame 1736: PnP failed, holding previous pose
  frame 1737: PnP failed, holding previous pose
  frame 1738: PnP failed, holding previous pose
  frame 1739: PnP failed, holding previous pose
  frame 1740: PnP failed, holding previous pose
  frame 1741: PnP failed, holding previous pose
  frame 1742: PnP failed, holding previous pose
  frame 1743: PnP failed, holding previous pose
  frame 1744: PnP failed, holding previous pose
  frame 1745: PnP failed, holding previous pose
  frame 1746: PnP failed, holding previous pose
  frame 1747: PnP failed, holding previous pose
  frame 1748: PnP failed, holding previous pose
  frame 1749: PnP failed, holding previous pose
  frame 1750: PnP failed, holding previous pose
Frame 1750 valmis. KF=100, loopit=0, kartta=946
  frame 1751: PnP failed, holding previous pose
  frame 1752: PnP failed, holding previous pose
  frame 1753: PnP failed, holding previous pose
  frame 1754: PnP failed, holding previous pose
  frame 1755: PnP failed, holding previous pose
  frame 1756: PnP failed, holding previous pose
  frame 1757: PnP failed, holding previous pose
  frame 1758: PnP failed, holding previous pose
  frame 1759: PnP failed, holding previous pose
  frame 1760: PnP failed, holding previous pose
  frame 1761: PnP failed, holding previous pose
  frame 1762: PnP failed, holding previous pose
  frame 1763: PnP failed, holding previous pose
  frame 1764: PnP failed, holding previous pose
  frame 1765: PnP failed, holding previous pose
  frame 1766: PnP failed, holding previous pose
  frame 1767: PnP failed, holding previous pose
  frame 1768: PnP failed, holding previous pose
  frame 1769: PnP failed, holding previous pose
  frame 1770: PnP failed, holding previous pose
  frame 1771: PnP failed, holding previous pose
  frame 1772: PnP failed, holding previous pose
  frame 1773: PnP failed, holding previous pose
  frame 1774: PnP failed, holding previous pose
  frame 1775: PnP failed, holding previous pose
  frame 1776: PnP failed, holding previous pose
  frame 1777: PnP failed, holding previous pose
  frame 1778: PnP failed, holding previous pose
  frame 1779: PnP failed, holding previous pose
  frame 1780: PnP failed, holding previous pose
  frame 1781: PnP failed, holding previous pose
  frame 1782: PnP failed, holding previous pose
  frame 1783: PnP failed, holding previous pose
  frame 1784: PnP failed, holding previous pose
  frame 1785: PnP failed, holding previous pose
  frame 1786: PnP failed, holding previous pose
  frame 1787: PnP failed, holding previous pose
  frame 1788: PnP failed, holding previous pose
  frame 1789: PnP failed, holding previous pose
  frame 1790: PnP failed, holding previous pose
  frame 1791: PnP failed, holding previous pose
  frame 1792: PnP failed, holding previous pose
  frame 1793: PnP failed, holding previous pose
  frame 1794: PnP failed, holding previous pose
  frame 1795: PnP failed, holding previous pose
  frame 1796: PnP failed, holding previous pose
  frame 1797: PnP failed, holding previous pose
  frame 1798: PnP failed, holding previous pose
  frame 1799: PnP failed, holding previous pose
  frame 1800: PnP failed, holding previous pose
Frame 1800 valmis. KF=101, loopit=0, kartta=947
  frame 1801: PnP failed, holding previous pose
  frame 1802: PnP failed, holding previous pose
  frame 1803: PnP failed, holding previous pose
  frame 1804: PnP failed, holding previous pose
  frame 1805: PnP failed, holding previous pose
  frame 1806: PnP failed, holding previous pose
  frame 1807: PnP failed, holding previous pose
  frame 1808: PnP failed, holding previous pose
  frame 1809: PnP failed, holding previous pose
  frame 1810: PnP failed, holding previous pose
  frame 1811: PnP failed, holding previous pose
  frame 1812: PnP failed, holding previous pose
  frame 1813: PnP failed, holding previous pose
  frame 1814: PnP failed, holding previous pose
  frame 1815: PnP failed, holding previous pose
  frame 1816: PnP failed, holding previous pose
  frame 1817: PnP failed, holding previous pose
  frame 1818: PnP failed, holding previous pose
  frame 1819: PnP failed, holding previous pose
  frame 1820: PnP failed, holding previous pose
  frame 1821: PnP failed, holding previous pose
  frame 1822: PnP failed, holding previous pose
  frame 1823: PnP failed, holding previous pose
  frame 1824: PnP failed, holding previous pose
  frame 1825: PnP failed, holding previous pose
  frame 1826: PnP failed, holding previous pose
  frame 1827: PnP failed, holding previous pose
  frame 1828: PnP failed, holding previous pose
  frame 1829: PnP failed, holding previous pose
  frame 1830: PnP failed, holding previous pose
  frame 1831: PnP failed, holding previous pose
  frame 1832: PnP failed, holding previous pose
  frame 1833: PnP failed, holding previous pose
  frame 1834: PnP failed, holding previous pose
  frame 1835: PnP failed, holding previous pose
  frame 1836: PnP failed, holding previous pose
  frame 1837: PnP failed, holding previous pose
  frame 1838: PnP failed, holding previous pose
  frame 1839: PnP failed, holding previous pose
  frame 1840: PnP failed, holding previous pose
  frame 1841: PnP failed, holding previous pose
  frame 1842: PnP failed, holding previous pose
  frame 1843: PnP failed, holding previous pose
  frame 1844: PnP failed, holding previous pose
  frame 1845: PnP failed, holding previous pose
  frame 1846: PnP failed, holding previous pose
  frame 1847: PnP failed, holding previous pose
  frame 1848: PnP failed, holding previous pose
  frame 1849: PnP failed, holding previous pose
  frame 1850: PnP failed, holding previous pose
Frame 1850 valmis. KF=103, loopit=0, kartta=949
  frame 1851: PnP failed, holding previous pose
  frame 1852: PnP failed, holding previous pose
  frame 1853: PnP failed, holding previous pose
  frame 1854: PnP failed, holding previous pose
  frame 1855: PnP failed, holding previous pose
  frame 1856: PnP failed, holding previous pose
  frame 1857: PnP failed, holding previous pose
  frame 1858: PnP failed, holding previous pose
  frame 1859: PnP failed, holding previous pose
  frame 1860: PnP failed, holding previous pose
  frame 1861: PnP failed, holding previous pose
  frame 1862: PnP failed, holding previous pose
  frame 1863: PnP failed, holding previous pose
  frame 1864: PnP failed, holding previous pose
  frame 1865: PnP failed, holding previous pose
  frame 1866: PnP failed, holding previous pose
  frame 1867: PnP failed, holding previous pose
  frame 1868: PnP failed, holding previous pose
  frame 1869: PnP failed, holding previous pose
  frame 1870: PnP failed, holding previous pose
  frame 1871: PnP failed, holding previous pose
  frame 1872: PnP failed, holding previous pose
  frame 1873: PnP failed, holding previous pose
  frame 1874: PnP failed, holding previous pose
  frame 1875: PnP failed, holding previous pose
  frame 1876: PnP failed, holding previous pose
  frame 1877: PnP failed, holding previous pose
  frame 1878: PnP failed, holding previous pose
  frame 1879: PnP failed, holding previous pose
  frame 1880: PnP failed, holding previous pose
  frame 1881: PnP failed, holding previous pose
  frame 1882: PnP failed, holding previous pose
  frame 1883: PnP failed, holding previous pose
  frame 1884: PnP failed, holding previous pose
  frame 1885: PnP failed, holding previous pose
  frame 1886: PnP failed, holding previous pose
  frame 1887: PnP failed, holding previous pose
  frame 1888: PnP failed, holding previous pose
  frame 1889: PnP failed, holding previous pose
  frame 1890: PnP failed, holding previous pose
  frame 1891: PnP failed, holding previous pose
  frame 1892: PnP failed, holding previous pose
  frame 1893: PnP failed, holding previous pose
  frame 1894: PnP failed, holding previous pose
  frame 1895: PnP failed, holding previous pose
  frame 1896: PnP failed, holding previous pose
  frame 1897: PnP failed, holding previous pose
  frame 1898: PnP failed, holding previous pose
  frame 1899: PnP failed, holding previous pose
  frame 1900: PnP failed, holding previous pose
Frame 1900 valmis. KF=103, loopit=0, kartta=949
  frame 1901: PnP failed, holding previous pose
  frame 1902: PnP failed, holding previous pose
  frame 1903: PnP failed, holding previous pose
  frame 1904: PnP failed, holding previous pose
  frame 1905: PnP failed, holding previous pose
  frame 1906: PnP failed, holding previous pose
  frame 1907: PnP failed, holding previous pose
  frame 1908: PnP failed, holding previous pose
  frame 1909: PnP failed, holding previous pose
  frame 1910: PnP failed, holding previous pose
  frame 1911: PnP failed, holding previous pose
  frame 1912: PnP failed, holding previous pose
  frame 1913: PnP failed, holding previous pose
  frame 1914: PnP failed, holding previous pose
  frame 1915: PnP failed, holding previous pose
  frame 1916: PnP failed, holding previous pose
  frame 1917: PnP failed, holding previous pose
  frame 1918: PnP failed, holding previous pose
  frame 1919: PnP failed, holding previous pose
  frame 1920: PnP failed, holding previous pose
  frame 1921: PnP failed, holding previous pose
  frame 1922: PnP failed, holding previous pose
  frame 1923: PnP failed, holding previous pose
  frame 1924: PnP failed, holding previous pose
  frame 1925: PnP failed, holding previous pose
  frame 1926: PnP failed, holding previous pose
  frame 1927: PnP failed, holding previous pose
  frame 1928: PnP failed, holding previous pose
  frame 1929: PnP failed, holding previous pose
  frame 1930: PnP failed, holding previous pose
  frame 1931: PnP failed, holding previous pose
  frame 1932: PnP failed, holding previous pose
  frame 1933: PnP failed, holding previous pose
  frame 1934: PnP failed, holding previous pose
  frame 1935: PnP failed, holding previous pose
  frame 1936: PnP failed, holding previous pose
  frame 1937: PnP failed, holding previous pose
  frame 1938: PnP failed, holding previous pose
  frame 1939: PnP failed, holding previous pose
  frame 1940: PnP failed, holding previous pose
  frame 1941: PnP failed, holding previous pose
  frame 1942: PnP failed, holding previous pose
  frame 1943: PnP failed, holding previous pose
  frame 1944: PnP failed, holding previous pose
  frame 1945: PnP failed, holding previous pose
  frame 1946: PnP failed, holding previous pose
  frame 1947: PnP failed, holding previous pose
  frame 1948: PnP failed, holding previous pose
  frame 1949: PnP failed, holding previous pose
  frame 1950: PnP failed, holding previous pose
Frame 1950 valmis. KF=104, loopit=0, kartta=950
  frame 1951: PnP failed, holding previous pose
  frame 1952: PnP failed, holding previous pose
  frame 1953: PnP failed, holding previous pose
  frame 1954: PnP failed, holding previous pose
  frame 1955: PnP failed, holding previous pose
  frame 1956: PnP failed, holding previous pose
  frame 1957: PnP failed, holding previous pose
  frame 1958: PnP failed, holding previous pose
  frame 1959: PnP failed, holding previous pose
  frame 1960: PnP failed, holding previous pose
  frame 1961: PnP failed, holding previous pose
  frame 1962: PnP failed, holding previous pose
  frame 1963: PnP failed, holding previous pose
  frame 1964: PnP failed, holding previous pose
  frame 1965: PnP failed, holding previous pose
  frame 1966: PnP failed, holding previous pose
  frame 1967: PnP failed, holding previous pose
  frame 1968: PnP failed, holding previous pose
  frame 1969: PnP failed, holding previous pose
  frame 1970: PnP failed, holding previous pose
  frame 1971: PnP failed, holding previous pose
  frame 1972: PnP failed, holding previous pose
  frame 1973: PnP failed, holding previous pose
  frame 1974: PnP failed, holding previous pose
  frame 1975: PnP failed, holding previous pose
  frame 1976: PnP failed, holding previous pose
  frame 1977: PnP failed, holding previous pose
  frame 1978: PnP failed, holding previous pose
  frame 1979: PnP failed, holding previous pose
  frame 1980: PnP failed, holding previous pose
  frame 1981: PnP failed, holding previous pose
  frame 1982: PnP failed, holding previous pose
  frame 1983: PnP failed, holding previous pose
  frame 1984: PnP failed, holding previous pose
  frame 1985: PnP failed, holding previous pose
  frame 1986: PnP failed, holding previous pose
  frame 1987: PnP failed, holding previous pose
  frame 1988: PnP failed, holding previous pose
  frame 1989: PnP failed, holding previous pose
  frame 1990: PnP failed, holding previous pose
  frame 1991: PnP failed, holding previous pose
  frame 1992: PnP failed, holding previous pose
  frame 1993: PnP failed, holding previous pose
  frame 1994: PnP failed, holding previous pose
  frame 1995: PnP failed, holding previous pose
  frame 1996: PnP failed, holding previous pose
  frame 1997: PnP failed, holding previous pose
  frame 1998: PnP failed, holding previous pose
  frame 1999: PnP failed, holding previous pose
  frame 2000: PnP failed, holding previous pose
Frame 2000 valmis. KF=106, loopit=0, kartta=952
  frame 2001: PnP failed, holding previous pose
  frame 2002: PnP failed, holding previous pose
  frame 2003: PnP failed, holding previous pose
  frame 2004: PnP failed, holding previous pose
  frame 2005: PnP failed, holding previous pose
  frame 2006: PnP failed, holding previous pose
  frame 2007: PnP failed, holding previous pose
  frame 2008: PnP failed, holding previous pose
  frame 2009: PnP failed, holding previous pose
  frame 2010: PnP failed, holding previous pose
  frame 2011: PnP failed, holding previous pose
  frame 2012: PnP failed, holding previous pose
  frame 2013: PnP failed, holding previous pose
  frame 2014: PnP failed, holding previous pose
  frame 2015: PnP failed, holding previous pose
  frame 2016: PnP failed, holding previous pose
  frame 2017: PnP failed, holding previous pose
  frame 2018: PnP failed, holding previous pose
  frame 2019: PnP failed, holding previous pose
  frame 2020: PnP failed, holding previous pose
  frame 2021: PnP failed, holding previous pose
  frame 2022: PnP failed, holding previous pose
  frame 2023: PnP failed, holding previous pose
  frame 2024: PnP failed, holding previous pose
  frame 2025: PnP failed, holding previous pose
  frame 2026: PnP failed, holding previous pose
  frame 2027: PnP failed, holding previous pose
  frame 2028: PnP failed, holding previous pose
  frame 2029: PnP failed, holding previous pose
  frame 2030: PnP failed, holding previous pose
  frame 2031: PnP failed, holding previous pose
  frame 2032: PnP failed, holding previous pose
  frame 2033: PnP failed, holding previous pose
  frame 2034: PnP failed, holding previous pose
  frame 2035: PnP failed, holding previous pose
  frame 2036: PnP failed, holding previous pose
  frame 2037: PnP failed, holding previous pose
  frame 2038: PnP failed, holding previous pose
  frame 2039: PnP failed, holding previous pose
  frame 2040: PnP failed, holding previous pose
  frame 2041: PnP failed, holding previous pose
  frame 2042: PnP failed, holding previous pose
  frame 2043: PnP failed, holding previous pose
  frame 2044: PnP failed, holding previous pose
  frame 2045: PnP failed, holding previous pose
  frame 2046: PnP failed, holding previous pose
  frame 2047: PnP failed, holding previous pose
  frame 2048: PnP failed, holding previous pose
  frame 2049: PnP failed, holding previous pose
  frame 2050: PnP failed, holding previous pose
Frame 2050 valmis. KF=107, loopit=0, kartta=953
  frame 2051: PnP failed, holding previous pose
  frame 2052: PnP failed, holding previous pose
  frame 2053: PnP failed, holding previous pose
  frame 2054: PnP failed, holding previous pose
  frame 2055: PnP failed, holding previous pose
  frame 2056: PnP failed, holding previous pose
  frame 2057: PnP failed, holding previous pose
  frame 2058: PnP failed, holding previous pose
  frame 2059: PnP failed, holding previous pose
  frame 2060: PnP failed, holding previous pose
  frame 2061: PnP failed, holding previous pose
  frame 2062: PnP failed, holding previous pose
  frame 2063: PnP failed, holding previous pose
  frame 2064: PnP failed, holding previous pose
  frame 2065: PnP failed, holding previous pose
  frame 2066: PnP failed, holding previous pose
  frame 2067: PnP failed, holding previous pose
  frame 2068: PnP failed, holding previous pose
  frame 2069: PnP failed, holding previous pose
  frame 2070: PnP failed, holding previous pose
  frame 2071: PnP failed, holding previous pose
  frame 2072: PnP failed, holding previous pose
  frame 2073: PnP failed, holding previous pose
  frame 2074: PnP failed, holding previous pose
  frame 2075: PnP failed, holding previous pose
  frame 2076: PnP failed, holding previous pose
  frame 2077: PnP failed, holding previous pose
  frame 2078: PnP failed, holding previous pose
  frame 2079: PnP failed, holding previous pose
  frame 2080: PnP failed, holding previous pose
  frame 2081: PnP failed, holding previous pose
  frame 2082: PnP failed, holding previous pose
  frame 2083: PnP failed, holding previous pose
  frame 2084: PnP failed, holding previous pose
  frame 2085: PnP failed, holding previous pose
  frame 2086: PnP failed, holding previous pose
  frame 2087: PnP failed, holding previous pose
  frame 2088: PnP failed, holding previous pose
  frame 2089: PnP failed, holding previous pose
  frame 2090: PnP failed, holding previous pose
  frame 2091: PnP failed, holding previous pose
  frame 2092: PnP failed, holding previous pose
  frame 2093: PnP failed, holding previous pose
  frame 2094: PnP failed, holding previous pose
  frame 2095: PnP failed, holding previous pose
  frame 2096: PnP failed, holding previous pose
  frame 2097: PnP failed, holding previous pose
  frame 2098: PnP failed, holding previous pose
  frame 2099: PnP failed, holding previous pose
  frame 2100: PnP failed, holding previous pose
Frame 2100 valmis. KF=107, loopit=0, kartta=953
  frame 2101: PnP failed, holding previous pose
  frame 2102: PnP failed, holding previous pose
  frame 2103: PnP failed, holding previous pose
  frame 2104: PnP failed, holding previous pose
  frame 2105: PnP failed, holding previous pose
  frame 2106: PnP failed, holding previous pose
  frame 2107: PnP failed, holding previous pose
  frame 2108: PnP failed, holding previous pose
  frame 2109: PnP failed, holding previous pose
  frame 2110: PnP failed, holding previous pose
  frame 2111: PnP failed, holding previous pose
  frame 2112: PnP failed, holding previous pose
  frame 2113: PnP failed, holding previous pose
  frame 2114: PnP failed, holding previous pose
  frame 2115: PnP failed, holding previous pose
  frame 2116: PnP failed, holding previous pose
  frame 2117: PnP failed, holding previous pose
  frame 2118: PnP failed, holding previous pose
  frame 2119: PnP failed, holding previous pose
  frame 2120: PnP failed, holding previous pose
  frame 2121: PnP failed, holding previous pose
  frame 2122: PnP failed, holding previous pose
  frame 2123: PnP failed, holding previous pose
  frame 2124: PnP failed, holding previous pose
  frame 2125: PnP failed, holding previous pose
  frame 2126: PnP failed, holding previous pose
  frame 2127: PnP failed, holding previous pose
  frame 2128: PnP failed, holding previous pose
  frame 2129: PnP failed, holding previous pose
  frame 2130: PnP failed, holding previous pose
  frame 2131: PnP failed, holding previous pose
  frame 2132: PnP failed, holding previous pose
  frame 2133: PnP failed, holding previous pose
  frame 2134: PnP failed, holding previous pose
  frame 2135: PnP failed, holding previous pose
  frame 2136: PnP failed, holding previous pose
  frame 2137: PnP failed, holding previous pose
  frame 2138: PnP failed, holding previous pose
  frame 2139: PnP failed, holding previous pose
  frame 2140: PnP failed, holding previous pose
  frame 2141: PnP failed, holding previous pose
  frame 2142: PnP failed, holding previous pose
  frame 2143: PnP failed, holding previous pose
  frame 2144: PnP failed, holding previous pose
  frame 2145: PnP failed, holding previous pose
  frame 2146: PnP failed, holding previous pose
  frame 2147: PnP failed, holding previous pose
  frame 2148: PnP failed, holding previous pose
  frame 2149: PnP failed, holding previous pose
  frame 2150: PnP failed, holding previous pose
Frame 2150 valmis. KF=109, loopit=0, kartta=955
  frame 2151: PnP failed, holding previous pose
  frame 2152: PnP failed, holding previous pose
  frame 2153: PnP failed, holding previous pose
  frame 2154: PnP failed, holding previous pose
  frame 2155: PnP failed, holding previous pose
  frame 2156: PnP failed, holding previous pose
  frame 2157: PnP failed, holding previous pose
  frame 2158: PnP failed, holding previous pose
  frame 2159: PnP failed, holding previous pose
  frame 2160: PnP failed, holding previous pose
  frame 2161: PnP failed, holding previous pose
  frame 2162: PnP failed, holding previous pose
  frame 2163: PnP failed, holding previous pose
  frame 2164: PnP failed, holding previous pose
  frame 2165: PnP failed, holding previous pose
  frame 2166: PnP failed, holding previous pose
  frame 2167: PnP failed, holding previous pose
  frame 2168: PnP failed, holding previous pose
  frame 2169: PnP failed, holding previous pose
  frame 2170: PnP failed, holding previous pose
  frame 2171: PnP failed, holding previous pose
  frame 2172: PnP failed, holding previous pose
  frame 2173: PnP failed, holding previous pose
  frame 2174: PnP failed, holding previous pose
  frame 2175: PnP failed, holding previous pose
  frame 2176: PnP failed, holding previous pose
  frame 2177: PnP failed, holding previous pose
  frame 2178: PnP failed, holding previous pose
  frame 2179: PnP failed, holding previous pose
  frame 2180: PnP failed, holding previous pose
  frame 2181: PnP failed, holding previous pose
  frame 2182: PnP failed, holding previous pose
  frame 2183: PnP failed, holding previous pose
  frame 2184: PnP failed, holding previous pose
  frame 2185: PnP failed, holding previous pose
  frame 2186: PnP failed, holding previous pose
  frame 2187: PnP failed, holding previous pose
  frame 2188: PnP failed, holding previous pose
  frame 2189: PnP failed, holding previous pose
  frame 2190: PnP failed, holding previous pose
  frame 2191: PnP failed, holding previous pose
  frame 2192: PnP failed, holding previous pose
  frame 2193: PnP failed, holding previous pose
  frame 2194: PnP failed, holding previous pose
  frame 2195: PnP failed, holding previous pose
  frame 2196: PnP failed, holding previous pose
  frame 2197: PnP failed, holding previous pose
  frame 2198: PnP failed, holding previous pose
  frame 2199: PnP failed, holding previous pose
  frame 2200: PnP failed, holding previous pose
Frame 2200 valmis. KF=112, loopit=0, kartta=958
  frame 2201: PnP failed, holding previous pose
  frame 2202: PnP failed, holding previous pose
  frame 2203: PnP failed, holding previous pose
  frame 2204: PnP failed, holding previous pose
  frame 2205: PnP failed, holding previous pose
  frame 2206: PnP failed, holding previous pose
  frame 2207: PnP failed, holding previous pose
  frame 2208: PnP failed, holding previous pose
  frame 2209: PnP failed, holding previous pose
  frame 2210: PnP failed, holding previous pose
  frame 2211: PnP failed, holding previous pose
  frame 2212: PnP failed, holding previous pose
  frame 2213: PnP failed, holding previous pose
  frame 2214: PnP failed, holding previous pose
  frame 2215: PnP failed, holding previous pose
  frame 2216: PnP failed, holding previous pose
  frame 2217: PnP failed, holding previous pose
  frame 2218: PnP failed, holding previous pose
  frame 2219: PnP failed, holding previous pose
  frame 2220: PnP failed, holding previous pose
  frame 2221: PnP failed, holding previous pose
  frame 2222: PnP failed, holding previous pose
  frame 2223: PnP failed, holding previous pose
  frame 2224: PnP failed, holding previous pose
  frame 2225: PnP failed, holding previous pose
  frame 2226: PnP failed, holding previous pose
  frame 2227: PnP failed, holding previous pose
  frame 2228: PnP failed, holding previous pose
  frame 2229: PnP failed, holding previous pose
  frame 2230: PnP failed, holding previous pose
  frame 2231: PnP failed, holding previous pose
  frame 2232: PnP failed, holding previous pose
  frame 2233: PnP failed, holding previous pose
  frame 2234: PnP failed, holding previous pose
  frame 2235: PnP failed, holding previous pose
  frame 2236: PnP failed, holding previous pose
  frame 2237: PnP failed, holding previous pose
  frame 2238: PnP failed, holding previous pose
  frame 2239: PnP failed, holding previous pose
  frame 2240: PnP failed, holding previous pose
  frame 2241: PnP failed, holding previous pose
  frame 2242: PnP failed, holding previous pose
  frame 2243: PnP failed, holding previous pose
  frame 2244: PnP failed, holding previous pose
  frame 2245: PnP failed, holding previous pose
  frame 2246: PnP failed, holding previous pose
  frame 2247: PnP failed, holding previous pose
  frame 2248: PnP failed, holding previous pose
  frame 2249: PnP failed, holding previous pose
  frame 2250: PnP failed, holding previous pose
Frame 2250 valmis. KF=113, loopit=0, kartta=959
  frame 2251: PnP failed, holding previous pose
  frame 2252: PnP failed, holding previous pose
  frame 2253: PnP failed, holding previous pose
  frame 2254: PnP failed, holding previous pose
  frame 2255: PnP failed, holding previous pose
  frame 2256: PnP failed, holding previous pose
  frame 2257: PnP failed, holding previous pose
  frame 2258: PnP failed, holding previous pose
  frame 2259: PnP failed, holding previous pose
  frame 2260: PnP failed, holding previous pose
  frame 2261: PnP failed, holding previous pose
  frame 2262: PnP failed, holding previous pose
  frame 2263: PnP failed, holding previous pose
  frame 2264: PnP failed, holding previous pose
  frame 2265: PnP failed, holding previous pose
  frame 2266: PnP failed, holding previous pose
  frame 2267: PnP failed, holding previous pose
  frame 2268: PnP failed, holding previous pose
  frame 2269: PnP failed, holding previous pose
  frame 2270: PnP failed, holding previous pose
  frame 2271: PnP failed, holding previous pose
  frame 2272: PnP failed, holding previous pose
  frame 2273: PnP failed, holding previous pose
  frame 2274: PnP failed, holding previous pose
  frame 2275: PnP failed, holding previous pose
  frame 2276: PnP failed, holding previous pose
  frame 2277: PnP failed, holding previous pose
  frame 2278: PnP failed, holding previous pose
  frame 2279: PnP failed, holding previous pose
  frame 2280: PnP failed, holding previous pose
  frame 2281: PnP failed, holding previous pose
  frame 2282: PnP failed, holding previous pose
  frame 2283: PnP failed, holding previous pose
  frame 2284: PnP failed, holding previous pose
  frame 2285: PnP failed, holding previous pose
  frame 2286: PnP failed, holding previous pose
  frame 2287: PnP failed, holding previous pose
  frame 2288: PnP failed, holding previous pose
  frame 2289: PnP failed, holding previous pose
  frame 2290: PnP failed, holding previous pose
  frame 2291: PnP failed, holding previous pose
  frame 2292: PnP failed, holding previous pose
  frame 2293: PnP failed, holding previous pose
  frame 2294: PnP failed, holding previous pose
  frame 2295: PnP failed, holding previous pose
  frame 2296: PnP failed, holding previous pose
  frame 2297: PnP failed, holding previous pose
  frame 2298: PnP failed, holding previous pose
  frame 2299: PnP failed, holding previous pose
  frame 2300: PnP failed, holding previous pose
Frame 2300 valmis. KF=115, loopit=0, kartta=961
  frame 2301: PnP failed, holding previous pose
  frame 2302: PnP failed, holding previous pose
  frame 2303: PnP failed, holding previous pose
  frame 2304: PnP failed, holding previous pose
  frame 2305: PnP failed, holding previous pose
  frame 2306: PnP failed, holding previous pose
  frame 2307: PnP failed, holding previous pose
  frame 2308: PnP failed, holding previous pose
  frame 2309: PnP failed, holding previous pose
  frame 2310: PnP failed, holding previous pose
  frame 2311: PnP failed, holding previous pose
  frame 2312: PnP failed, holding previous pose
  frame 2313: PnP failed, holding previous pose
  frame 2314: PnP failed, holding previous pose
  frame 2315: PnP failed, holding previous pose
  frame 2316: PnP failed, holding previous pose
  frame 2317: PnP failed, holding previous pose
  frame 2318: PnP failed, holding previous pose
  frame 2319: PnP failed, holding previous pose
  frame 2320: PnP failed, holding previous pose
  frame 2321: PnP failed, holding previous pose
  frame 2322: PnP failed, holding previous pose
  frame 2323: PnP failed, holding previous pose
  frame 2324: PnP failed, holding previous pose
  frame 2325: PnP failed, holding previous pose
  frame 2326: PnP failed, holding previous pose
  frame 2327: PnP failed, holding previous pose
  frame 2328: PnP failed, holding previous pose
  frame 2329: PnP failed, holding previous pose
  frame 2330: PnP failed, holding previous pose
  frame 2331: PnP failed, holding previous pose
  frame 2332: PnP failed, holding previous pose
  frame 2333: PnP failed, holding previous pose
  frame 2334: PnP failed, holding previous pose
  frame 2335: PnP failed, holding previous pose
  frame 2336: PnP failed, holding previous pose
  frame 2337: PnP failed, holding previous pose
  frame 2338: PnP failed, holding previous pose
  frame 2339: PnP failed, holding previous pose
  frame 2340: PnP failed, holding previous pose
  frame 2341: PnP failed, holding previous pose
  frame 2342: PnP failed, holding previous pose
  frame 2343: PnP failed, holding previous pose
  frame 2344: PnP failed, holding previous pose
  frame 2345: PnP failed, holding previous pose
  frame 2346: PnP failed, holding previous pose
  frame 2347: PnP failed, holding previous pose
  frame 2348: PnP failed, holding previous pose
  frame 2349: PnP failed, holding previous pose
  frame 2350: PnP failed, holding previous pose
Frame 2350 valmis. KF=115, loopit=0, kartta=961
  frame 2351: PnP failed, holding previous pose
  frame 2352: PnP failed, holding previous pose
  frame 2353: PnP failed, holding previous pose
  frame 2354: PnP failed, holding previous pose
  frame 2355: PnP failed, holding previous pose
  frame 2356: PnP failed, holding previous pose
  frame 2357: PnP failed, holding previous pose
  frame 2358: PnP failed, holding previous pose
  frame 2359: PnP failed, holding previous pose
  frame 2360: PnP failed, holding previous pose
  frame 2361: PnP failed, holding previous pose
  frame 2362: PnP failed, holding previous pose
  frame 2363: PnP failed, holding previous pose
  frame 2364: PnP failed, holding previous pose
  frame 2365: PnP failed, holding previous pose
  frame 2366: PnP failed, holding previous pose
  frame 2367: PnP failed, holding previous pose
  frame 2368: PnP failed, holding previous pose
  frame 2369: PnP failed, holding previous pose
  frame 2370: PnP failed, holding previous pose
  frame 2371: PnP failed, holding previous pose
  frame 2372: PnP failed, holding previous pose
  frame 2373: PnP failed, holding previous pose
  frame 2374: PnP failed, holding previous pose
  frame 2375: PnP failed, holding previous pose
  frame 2376: PnP failed, holding previous pose
  frame 2377: PnP failed, holding previous pose
  frame 2378: PnP failed, holding previous pose
  frame 2379: PnP failed, holding previous pose
  frame 2380: PnP failed, holding previous pose
  frame 2381: PnP failed, holding previous pose
  frame 2382: PnP failed, holding previous pose
  frame 2383: PnP failed, holding previous pose
  frame 2384: PnP failed, holding previous pose
  frame 2385: PnP failed, holding previous pose
  frame 2386: PnP failed, holding previous pose
  frame 2387: PnP failed, holding previous pose
  frame 2388: PnP failed, holding previous pose
  frame 2389: PnP failed, holding previous pose
  frame 2390: PnP failed, holding previous pose
  frame 2391: PnP failed, holding previous pose
  frame 2392: PnP failed, holding previous pose
  frame 2393: PnP failed, holding previous pose
  frame 2394: PnP failed, holding previous pose
  frame 2395: PnP failed, holding previous pose
  frame 2396: PnP failed, holding previous pose
  frame 2397: PnP failed, holding previous pose
  frame 2398: PnP failed, holding previous pose
  frame 2399: PnP failed, holding previous pose
  frame 2400: PnP failed, holding previous pose
Frame 2400 valmis. KF=117, loopit=0, kartta=963
  frame 2401: PnP failed, holding previous pose
  frame 2402: PnP failed, holding previous pose
  frame 2403: PnP failed, holding previous pose
  frame 2404: PnP failed, holding previous pose
  frame 2405: PnP failed, holding previous pose
  frame 2406: PnP failed, holding previous pose
  frame 2407: PnP failed, holding previous pose
  frame 2408: PnP failed, holding previous pose
  frame 2409: PnP failed, holding previous pose
  frame 2410: PnP failed, holding previous pose
  frame 2411: PnP failed, holding previous pose
  frame 2412: PnP failed, holding previous pose
  frame 2413: PnP failed, holding previous pose
  frame 2414: PnP failed, holding previous pose
  frame 2415: PnP failed, holding previous pose
  frame 2416: PnP failed, holding previous pose
  frame 2417: PnP failed, holding previous pose
  frame 2418: PnP failed, holding previous pose
  frame 2419: PnP failed, holding previous pose
  frame 2420: PnP failed, holding previous pose
  frame 2421: PnP failed, holding previous pose
  frame 2422: PnP failed, holding previous pose
  frame 2423: PnP failed, holding previous pose
  frame 2424: PnP failed, holding previous pose
  frame 2425: PnP failed, holding previous pose
  frame 2426: PnP failed, holding previous pose
  frame 2427: PnP failed, holding previous pose
  frame 2428: PnP failed, holding previous pose
  frame 2429: PnP failed, holding previous pose
  frame 2430: PnP failed, holding previous pose
  frame 2431: PnP failed, holding previous pose
  frame 2432: PnP failed, holding previous pose
  frame 2433: PnP failed, holding previous pose
  frame 2434: PnP failed, holding previous pose
  frame 2435: PnP failed, holding previous pose
  frame 2436: PnP failed, holding previous pose
  frame 2437: PnP failed, holding previous pose
  frame 2438: PnP failed, holding previous pose
  frame 2439: PnP failed, holding previous pose
  frame 2440: PnP failed, holding previous pose
  frame 2441: PnP failed, holding previous pose
  frame 2442: PnP failed, holding previous pose
  frame 2443: PnP failed, holding previous pose
  frame 2444: PnP failed, holding previous pose
  frame 2445: PnP failed, holding previous pose
  frame 2446: PnP failed, holding previous pose
  frame 2447: PnP failed, holding previous pose
  frame 2448: PnP failed, holding previous pose
  frame 2449: PnP failed, holding previous pose
  frame 2450: PnP failed, holding previous pose
Frame 2450 valmis. KF=120, loopit=0, kartta=966
  frame 2451: PnP failed, holding previous pose
  frame 2452: PnP failed, holding previous pose
  frame 2453: PnP failed, holding previous pose
  frame 2454: PnP failed, holding previous pose
  frame 2455: PnP failed, holding previous pose
  frame 2456: PnP failed, holding previous pose
  frame 2457: PnP failed, holding previous pose
  frame 2458: PnP failed, holding previous pose
  frame 2459: PnP failed, holding previous pose
  frame 2460: PnP failed, holding previous pose
  frame 2461: PnP failed, holding previous pose
  frame 2462: PnP failed, holding previous pose
  frame 2463: PnP failed, holding previous pose
  frame 2464: PnP failed, holding previous pose
  frame 2465: PnP failed, holding previous pose
  frame 2466: PnP failed, holding previous pose
  frame 2467: PnP failed, holding previous pose
  frame 2468: PnP failed, holding previous pose
  frame 2469: PnP failed, holding previous pose
  frame 2470: PnP failed, holding previous pose
  frame 2471: PnP failed, holding previous pose
  frame 2472: PnP failed, holding previous pose
  frame 2473: PnP failed, holding previous pose
  frame 2474: PnP failed, holding previous pose
  frame 2475: PnP failed, holding previous pose
  frame 2476: PnP failed, holding previous pose
  frame 2477: PnP failed, holding previous pose
  frame 2478: PnP failed, holding previous pose
  frame 2479: PnP failed, holding previous pose
  frame 2480: PnP failed, holding previous pose
  frame 2481: PnP failed, holding previous pose
  frame 2482: PnP failed, holding previous pose
  frame 2483: PnP failed, holding previous pose
  frame 2484: PnP failed, holding previous pose
  frame 2485: PnP failed, holding previous pose
  frame 2486: PnP failed, holding previous pose
  frame 2487: PnP failed, holding previous pose
  frame 2488: PnP failed, holding previous pose
  frame 2489: PnP failed, holding previous pose
  frame 2490: PnP failed, holding previous pose
  frame 2491: PnP failed, holding previous pose
  frame 2492: PnP failed, holding previous pose
  frame 2493: PnP failed, holding previous pose
  frame 2494: PnP failed, holding previous pose
  frame 2495: PnP failed, holding previous pose
  frame 2496: PnP failed, holding previous pose
  frame 2497: PnP failed, holding previous pose
  frame 2498: PnP failed, holding previous pose
  frame 2499: PnP failed, holding previous pose
  frame 2500: PnP failed, holding previous pose
Frame 2500 valmis. KF=123, loopit=0, kartta=969
  frame 2501: PnP failed, holding previous pose
  frame 2502: PnP failed, holding previous pose
  frame 2503: PnP failed, holding previous pose
  frame 2504: PnP failed, holding previous pose
  frame 2505: PnP failed, holding previous pose
  frame 2506: PnP failed, holding previous pose
  frame 2507: PnP failed, holding previous pose
  frame 2508: PnP failed, holding previous pose
  frame 2509: PnP failed, holding previous pose
  frame 2510: PnP failed, holding previous pose
  frame 2511: PnP failed, holding previous pose
  frame 2512: PnP failed, holding previous pose
  frame 2513: PnP failed, holding previous pose
  frame 2514: PnP failed, holding previous pose
  frame 2515: PnP failed, holding previous pose
  frame 2516: PnP failed, holding previous pose
  frame 2517: PnP failed, holding previous pose
  frame 2518: PnP failed, holding previous pose
  frame 2519: PnP failed, holding previous pose
  frame 2520: PnP failed, holding previous pose
  frame 2521: PnP failed, holding previous pose
  frame 2522: PnP failed, holding previous pose
  frame 2523: PnP failed, holding previous pose
  frame 2524: PnP failed, holding previous pose
  frame 2525: PnP failed, holding previous pose
  frame 2526: PnP failed, holding previous pose
  frame 2527: PnP failed, holding previous pose
  frame 2528: PnP failed, holding previous pose
  frame 2529: PnP failed, holding previous pose
  frame 2530: PnP failed, holding previous pose
  frame 2531: PnP failed, holding previous pose
  frame 2532: PnP failed, holding previous pose
  frame 2533: PnP failed, holding previous pose
  frame 2534: PnP failed, holding previous pose
  frame 2535: PnP failed, holding previous pose
  frame 2536: PnP failed, holding previous pose
  frame 2537: PnP failed, holding previous pose
  frame 2538: PnP failed, holding previous pose
  frame 2539: PnP failed, holding previous pose
  frame 2540: PnP failed, holding previous pose
  frame 2541: PnP failed, holding previous pose
  frame 2542: PnP failed, holding previous pose
  frame 2543: PnP failed, holding previous pose
  frame 2544: PnP failed, holding previous pose
  frame 2545: PnP failed, holding previous pose
  frame 2546: PnP failed, holding previous pose
  frame 2547: PnP failed, holding previous pose
  frame 2548: PnP failed, holding previous pose
  frame 2549: PnP failed, holding previous pose
  frame 2550: PnP failed, holding previous pose
Frame 2550 valmis. KF=124, loopit=0, kartta=970
  frame 2551: PnP failed, holding previous pose
  frame 2552: PnP failed, holding previous pose
  frame 2553: PnP failed, holding previous pose
  frame 2554: PnP failed, holding previous pose
  frame 2555: PnP failed, holding previous pose
  frame 2556: PnP failed, holding previous pose
  frame 2557: PnP failed, holding previous pose
  frame 2558: PnP failed, holding previous pose
  frame 2559: PnP failed, holding previous pose
  frame 2560: PnP failed, holding previous pose
  frame 2561: PnP failed, holding previous pose
  frame 2562: PnP failed, holding previous pose
  frame 2563: PnP failed, holding previous pose
  frame 2564: PnP failed, holding previous pose
  frame 2565: PnP failed, holding previous pose
  frame 2566: PnP failed, holding previous pose
  frame 2567: PnP failed, holding previous pose
  frame 2568: PnP failed, holding previous pose
  frame 2569: PnP failed, holding previous pose
  frame 2570: PnP failed, holding previous pose
  frame 2571: PnP failed, holding previous pose
  frame 2572: PnP failed, holding previous pose
  frame 2573: PnP failed, holding previous pose
  frame 2574: PnP failed, holding previous pose
  frame 2575: PnP failed, holding previous pose
  frame 2576: PnP failed, holding previous pose
  frame 2577: PnP failed, holding previous pose
  frame 2578: PnP failed, holding previous pose
  frame 2579: PnP failed, holding previous pose
  frame 2580: PnP failed, holding previous pose
  frame 2581: PnP failed, holding previous pose
  frame 2582: PnP failed, holding previous pose
  frame 2583: PnP failed, holding previous pose
  frame 2584: PnP failed, holding previous pose
  frame 2585: PnP failed, holding previous pose
  frame 2586: PnP failed, holding previous pose
  frame 2587: PnP failed, holding previous pose
  frame 2588: PnP failed, holding previous pose
  frame 2589: PnP failed, holding previous pose
  frame 2590: PnP failed, holding previous pose
  frame 2591: PnP failed, holding previous pose
  frame 2592: PnP failed, holding previous pose
  frame 2593: PnP failed, holding previous pose
  frame 2594: PnP failed, holding previous pose
  frame 2595: PnP failed, holding previous pose
  frame 2596: PnP failed, holding previous pose
  frame 2597: PnP failed, holding previous pose
  frame 2598: PnP failed, holding previous pose
  frame 2599: PnP failed, holding previous pose
  frame 2600: PnP failed, holding previous pose
Frame 2600 valmis. KF=127, loopit=0, kartta=973
  frame 2601: PnP failed, holding previous pose
  frame 2602: PnP failed, holding previous pose
  frame 2603: PnP failed, holding previous pose
  frame 2604: PnP failed, holding previous pose
  frame 2605: PnP failed, holding previous pose
  frame 2606: PnP failed, holding previous pose
  frame 2607: PnP failed, holding previous pose
  frame 2608: PnP failed, holding previous pose
  frame 2609: PnP failed, holding previous pose
  frame 2610: PnP failed, holding previous pose
  frame 2611: PnP failed, holding previous pose
  frame 2612: PnP failed, holding previous pose
  frame 2613: PnP failed, holding previous pose
  frame 2614: PnP failed, holding previous pose
  frame 2615: PnP failed, holding previous pose
  frame 2616: PnP failed, holding previous pose
  frame 2617: PnP failed, holding previous pose
  frame 2618: PnP failed, holding previous pose
  frame 2619: PnP failed, holding previous pose
  frame 2620: PnP failed, holding previous pose
  frame 2621: PnP failed, holding previous pose
  frame 2622: PnP failed, holding previous pose
  frame 2623: PnP failed, holding previous pose
  frame 2624: PnP failed, holding previous pose
  frame 2625: PnP failed, holding previous pose
  frame 2626: PnP failed, holding previous pose
  frame 2627: PnP failed, holding previous pose
  frame 2628: PnP failed, holding previous pose
  frame 2629: PnP failed, holding previous pose
  frame 2630: PnP failed, holding previous pose
  frame 2631: PnP failed, holding previous pose
  frame 2632: PnP failed, holding previous pose
  frame 2633: PnP failed, holding previous pose
  frame 2634: PnP failed, holding previous pose
  frame 2635: PnP failed, holding previous pose
  frame 2636: PnP failed, holding previous pose
  frame 2637: PnP failed, holding previous pose
  frame 2638: PnP failed, holding previous pose
  frame 2639: PnP failed, holding previous pose
  frame 2640: PnP failed, holding previous pose
  frame 2641: PnP failed, holding previous pose
  frame 2642: PnP failed, holding previous pose
  frame 2643: PnP failed, holding previous pose
  frame 2644: PnP failed, holding previous pose
  frame 2645: PnP failed, holding previous pose
  frame 2646: PnP failed, holding previous pose
  frame 2647: PnP failed, holding previous pose
  frame 2648: PnP failed, holding previous pose
  frame 2649: PnP failed, holding previous pose
  frame 2650: PnP failed, holding previous pose
Frame 2650 valmis. KF=128, loopit=0, kartta=974
  frame 2651: PnP failed, holding previous pose
  frame 2652: PnP failed, holding previous pose
  frame 2653: PnP failed, holding previous pose
  frame 2654: PnP failed, holding previous pose
  frame 2655: PnP failed, holding previous pose
  frame 2656: PnP failed, holding previous pose
  frame 2657: PnP failed, holding previous pose
  frame 2658: PnP failed, holding previous pose
  frame 2659: PnP failed, holding previous pose
  frame 2660: PnP failed, holding previous pose
  frame 2661: PnP failed, holding previous pose
  frame 2662: PnP failed, holding previous pose
  frame 2663: PnP failed, holding previous pose
  frame 2664: PnP failed, holding previous pose
  frame 2665: PnP failed, holding previous pose
  frame 2666: PnP failed, holding previous pose
  frame 2667: PnP failed, holding previous pose
  frame 2668: PnP failed, holding previous pose
  frame 2669: PnP failed, holding previous pose
  frame 2670: PnP failed, holding previous pose
  frame 2671: PnP failed, holding previous pose
  frame 2672: PnP failed, holding previous pose
  frame 2673: PnP failed, holding previous pose
  frame 2674: PnP failed, holding previous pose
  frame 2675: PnP failed, holding previous pose
  frame 2676: PnP failed, holding previous pose
  frame 2677: PnP failed, holding previous pose
  frame 2678: PnP failed, holding previous pose
  frame 2679: PnP failed, holding previous pose
  frame 2680: PnP failed, holding previous pose
  frame 2681: PnP failed, holding previous pose
  frame 2682: PnP failed, holding previous pose
  frame 2683: PnP failed, holding previous pose
  frame 2684: PnP failed, holding previous pose
  frame 2685: PnP failed, holding previous pose
  frame 2686: PnP failed, holding previous pose
  frame 2687: PnP failed, holding previous pose
  frame 2688: PnP failed, holding previous pose
  frame 2689: PnP failed, holding previous pose
  frame 2690: PnP failed, holding previous pose
  frame 2691: PnP failed, holding previous pose
  frame 2692: PnP failed, holding previous pose
  frame 2693: PnP failed, holding previous pose
  frame 2694: PnP failed, holding previous pose
  frame 2695: PnP failed, holding previous pose
  frame 2696: PnP failed, holding previous pose
  frame 2697: PnP failed, holding previous pose
  frame 2698: PnP failed, holding previous pose
  frame 2699: PnP failed, holding previous pose
  frame 2700: PnP failed, holding previous pose
Frame 2700 valmis. KF=129, loopit=0, kartta=975
  frame 2701: PnP failed, holding previous pose
  frame 2702: PnP failed, holding previous pose
  frame 2703: PnP failed, holding previous pose
  frame 2704: PnP failed, holding previous pose
  frame 2705: PnP failed, holding previous pose
  frame 2706: PnP failed, holding previous pose
  frame 2707: PnP failed, holding previous pose
  frame 2708: PnP failed, holding previous pose
  frame 2709: PnP failed, holding previous pose
  frame 2710: PnP failed, holding previous pose
  frame 2711: PnP failed, holding previous pose
  frame 2712: PnP failed, holding previous pose
  frame 2713: PnP failed, holding previous pose
  frame 2714: PnP failed, holding previous pose
  frame 2715: PnP failed, holding previous pose
  frame 2716: PnP failed, holding previous pose
  frame 2717: PnP failed, holding previous pose
  frame 2718: PnP failed, holding previous pose
  frame 2719: PnP failed, holding previous pose
  frame 2720: PnP failed, holding previous pose
  frame 2721: PnP failed, holding previous pose
  frame 2722: PnP failed, holding previous pose
  frame 2723: PnP failed, holding previous pose
  frame 2724: PnP failed, holding previous pose
  frame 2725: PnP failed, holding previous pose
  frame 2726: PnP failed, holding previous pose
  frame 2727: PnP failed, holding previous pose
  frame 2728: PnP failed, holding previous pose
  frame 2729: PnP failed, holding previous pose
  frame 2730: PnP failed, holding previous pose
  frame 2731: PnP failed, holding previous pose
  frame 2732: PnP failed, holding previous pose
  frame 2733: PnP failed, holding previous pose
  frame 2734: PnP failed, holding previous pose
  frame 2735: PnP failed, holding previous pose
  frame 2736: PnP failed, holding previous pose
  frame 2737: PnP failed, holding previous pose
  frame 2738: PnP failed, holding previous pose
  frame 2739: PnP failed, holding previous pose
  frame 2740: PnP failed, holding previous pose
  frame 2741: PnP failed, holding previous pose
  frame 2742: PnP failed, holding previous pose
  frame 2743: PnP failed, holding previous pose
  frame 2744: PnP failed, holding previous pose
  frame 2745: PnP failed, holding previous pose
  frame 2746: PnP failed, holding previous pose
  frame 2747: PnP failed, holding previous pose
  frame 2748: PnP failed, holding previous pose
  frame 2749: PnP failed, holding previous pose
  frame 2750: PnP failed, holding previous pose
Frame 2750 valmis. KF=131, loopit=0, kartta=977
  frame 2751: PnP failed, holding previous pose
  frame 2752: PnP failed, holding previous pose
  frame 2753: PnP failed, holding previous pose
  frame 2754: PnP failed, holding previous pose
  frame 2755: PnP failed, holding previous pose
  frame 2756: PnP failed, holding previous pose
  frame 2757: PnP failed, holding previous pose
  frame 2758: PnP failed, holding previous pose
  frame 2759: PnP failed, holding previous pose
  frame 2760: PnP failed, holding previous pose
  frame 2761: PnP failed, holding previous pose
  frame 2762: PnP failed, holding previous pose
  frame 2763: PnP failed, holding previous pose
  frame 2764: PnP failed, holding previous pose
  frame 2765: PnP failed, holding previous pose
  frame 2766: PnP failed, holding previous pose
  frame 2767: PnP failed, holding previous pose
  frame 2768: PnP failed, holding previous pose
  frame 2769: PnP failed, holding previous pose
  frame 2770: PnP failed, holding previous pose
  frame 2771: PnP failed, holding previous pose
  frame 2772: PnP failed, holding previous pose
  frame 2773: PnP failed, holding previous pose
  frame 2774: PnP failed, holding previous pose
  frame 2775: PnP failed, holding previous pose
  frame 2776: PnP failed, holding previous pose
  frame 2777: PnP failed, holding previous pose
  frame 2778: PnP failed, holding previous pose
  frame 2779: PnP failed, holding previous pose
  frame 2780: PnP failed, holding previous pose
  frame 2781: PnP failed, holding previous pose
  frame 2782: PnP failed, holding previous pose
  frame 2783: PnP failed, holding previous pose
  frame 2784: PnP failed, holding previous pose
  frame 2785: PnP failed, holding previous pose
  frame 2786: PnP failed, holding previous pose
  frame 2787: PnP failed, holding previous pose
  frame 2788: PnP failed, holding previous pose
  frame 2789: PnP failed, holding previous pose
  frame 2790: PnP failed, holding previous pose
  frame 2791: PnP failed, holding previous pose
  frame 2792: PnP failed, holding previous pose
  frame 2793: PnP failed, holding previous pose
  frame 2794: PnP failed, holding previous pose
  frame 2795: PnP failed, holding previous pose
  frame 2796: PnP failed, holding previous pose
  frame 2797: PnP failed, holding previous pose
  frame 2798: PnP failed, holding previous pose
  frame 2799: PnP failed, holding previous pose
  frame 2800: PnP failed, holding previous pose
Frame 2800 valmis. KF=131, loopit=0, kartta=977
  frame 2801: PnP failed, holding previous pose
  frame 2802: PnP failed, holding previous pose
  frame 2803: PnP failed, holding previous pose
  frame 2804: PnP failed, holding previous pose
  frame 2805: PnP failed, holding previous pose
  frame 2806: PnP failed, holding previous pose
  frame 2807: PnP failed, holding previous pose
  frame 2808: PnP failed, holding previous pose
  frame 2809: PnP failed, holding previous pose
  frame 2810: PnP failed, holding previous pose
  frame 2811: PnP failed, holding previous pose
  frame 2812: PnP failed, holding previous pose
  frame 2813: PnP failed, holding previous pose
  frame 2814: PnP failed, holding previous pose
  frame 2815: PnP failed, holding previous pose
  frame 2816: PnP failed, holding previous pose
  frame 2817: PnP failed, holding previous pose
  frame 2818: PnP failed, holding previous pose
  frame 2819: PnP failed, holding previous pose
  frame 2820: PnP failed, holding previous pose
  frame 2821: PnP failed, holding previous pose
  frame 2822: PnP failed, holding previous pose
  frame 2823: PnP failed, holding previous pose
  frame 2824: PnP failed, holding previous pose
  frame 2825: PnP failed, holding previous pose
  frame 2826: PnP failed, holding previous pose
  frame 2827: PnP failed, holding previous pose
  frame 2828: PnP failed, holding previous pose
  frame 2829: PnP failed, holding previous pose
  frame 2830: PnP failed, holding previous pose
  frame 2831: PnP failed, holding previous pose
  frame 2832: PnP failed, holding previous pose
  frame 2833: PnP failed, holding previous pose
  frame 2834: PnP failed, holding previous pose
  frame 2835: PnP failed, holding previous pose
  frame 2836: PnP failed, holding previous pose
  frame 2837: PnP failed, holding previous pose
  frame 2838: PnP failed, holding previous pose
  frame 2839: PnP failed, holding previous pose
  frame 2840: PnP failed, holding previous pose
  frame 2841: PnP failed, holding previous pose
  frame 2842: PnP failed, holding previous pose
  frame 2843: PnP failed, holding previous pose
  frame 2844: PnP failed, holding previous pose
  frame 2845: PnP failed, holding previous pose
  frame 2846: PnP failed, holding previous pose
  frame 2847: PnP failed, holding previous pose
  frame 2848: PnP failed, holding previous pose
  frame 2849: PnP failed, holding previous pose
  frame 2850: PnP failed, holding previous pose
Frame 2850 valmis. KF=132, loopit=0, kartta=978
  frame 2851: PnP failed, holding previous pose
  frame 2852: PnP failed, holding previous pose
  frame 2853: PnP failed, holding previous pose
  frame 2854: PnP failed, holding previous pose
  frame 2855: PnP failed, holding previous pose
  frame 2856: PnP failed, holding previous pose
  frame 2857: PnP failed, holding previous pose
  frame 2858: PnP failed, holding previous pose
  frame 2859: PnP failed, holding previous pose
  frame 2860: PnP failed, holding previous pose
  frame 2861: PnP failed, holding previous pose
  frame 2862: PnP failed, holding previous pose
  frame 2863: PnP failed, holding previous pose
  frame 2864: PnP failed, holding previous pose
  frame 2865: PnP failed, holding previous pose
  frame 2866: PnP failed, holding previous pose
  frame 2867: PnP failed, holding previous pose
  frame 2868: PnP failed, holding previous pose
  frame 2869: PnP failed, holding previous pose
  frame 2870: PnP failed, holding previous pose
  frame 2871: PnP failed, holding previous pose
  frame 2872: PnP failed, holding previous pose
  frame 2873: PnP failed, holding previous pose
  frame 2874: PnP failed, holding previous pose
  frame 2875: PnP failed, holding previous pose
  frame 2876: PnP failed, holding previous pose
  frame 2877: PnP failed, holding previous pose
  frame 2878: PnP failed, holding previous pose
  frame 2879: PnP failed, holding previous pose
  frame 2880: PnP failed, holding previous pose
  frame 2881: PnP failed, holding previous pose
  frame 2882: PnP failed, holding previous pose
  frame 2883: PnP failed, holding previous pose
  frame 2884: PnP failed, holding previous pose
  frame 2885: PnP failed, holding previous pose
  frame 2886: PnP failed, holding previous pose
  frame 2887: PnP failed, holding previous pose
  frame 2888: PnP failed, holding previous pose
  frame 2889: PnP failed, holding previous pose
  frame 2890: PnP failed, holding previous pose
  frame 2891: PnP failed, holding previous pose
  frame 2892: PnP failed, holding previous pose
  frame 2893: PnP failed, holding previous pose
  frame 2894: PnP failed, holding previous pose
  frame 2895: PnP failed, holding previous pose
  frame 2896: PnP failed, holding previous pose
  frame 2897: PnP failed, holding previous pose
  frame 2898: PnP failed, holding previous pose
  frame 2899: PnP failed, holding previous pose
  frame 2900: PnP failed, holding previous pose
Frame 2900 valmis. KF=134, loopit=0, kartta=980
  frame 2901: PnP failed, holding previous pose
  frame 2902: PnP failed, holding previous pose
  frame 2903: PnP failed, holding previous pose
  frame 2904: PnP failed, holding previous pose
  frame 2905: PnP failed, holding previous pose
  frame 2906: PnP failed, holding previous pose
  frame 2907: PnP failed, holding previous pose
  frame 2908: PnP failed, holding previous pose
  frame 2909: PnP failed, holding previous pose
  frame 2910: PnP failed, holding previous pose
  frame 2911: PnP failed, holding previous pose
  frame 2912: PnP failed, holding previous pose
  frame 2913: PnP failed, holding previous pose
  frame 2914: PnP failed, holding previous pose
  frame 2915: PnP failed, holding previous pose
  frame 2916: PnP failed, holding previous pose
  frame 2917: PnP failed, holding previous pose
  frame 2918: PnP failed, holding previous pose
  frame 2919: PnP failed, holding previous pose
  frame 2920: PnP failed, holding previous pose
  frame 2921: PnP failed, holding previous pose
  frame 2922: PnP failed, holding previous pose
  frame 2923: PnP failed, holding previous pose
  frame 2924: PnP failed, holding previous pose
  frame 2925: PnP failed, holding previous pose
  frame 2926: PnP failed, holding previous pose
  frame 2927: PnP failed, holding previous pose
  frame 2928: PnP failed, holding previous pose
  frame 2929: PnP failed, holding previous pose
  frame 2930: PnP failed, holding previous pose
  frame 2931: PnP failed, holding previous pose
  frame 2932: PnP failed, holding previous pose
  frame 2933: PnP failed, holding previous pose
  frame 2934: PnP failed, holding previous pose
  frame 2935: PnP failed, holding previous pose
  frame 2936: PnP failed, holding previous pose
  frame 2937: PnP failed, holding previous pose
  frame 2938: PnP failed, holding previous pose
  frame 2939: PnP failed, holding previous pose
  frame 2940: PnP failed, holding previous pose
  frame 2941: PnP failed, holding previous pose
  frame 2942: PnP failed, holding previous pose
  frame 2943: PnP failed, holding previous pose
  frame 2944: PnP failed, holding previous pose
  frame 2945: PnP failed, holding previous pose
  frame 2946: PnP failed, holding previous pose
  frame 2947: PnP failed, holding previous pose
  frame 2948: PnP failed, holding previous pose
  frame 2949: PnP failed, holding previous pose
  frame 2950: PnP failed, holding previous pose
Frame 2950 valmis. KF=135, loopit=0, kartta=981
  frame 2951: PnP failed, holding previous pose
  frame 2952: PnP failed, holding previous pose
  frame 2953: PnP failed, holding previous pose
  frame 2954: PnP failed, holding previous pose
  frame 2955: PnP failed, holding previous pose
  frame 2956: PnP failed, holding previous pose
  frame 2957: PnP failed, holding previous pose
  frame 2958: PnP failed, holding previous pose
  frame 2959: PnP failed, holding previous pose
  frame 2960: PnP failed, holding previous pose
  frame 2961: PnP failed, holding previous pose
  frame 2962: PnP failed, holding previous pose
  frame 2963: PnP failed, holding previous pose
  frame 2964: PnP failed, holding previous pose
  frame 2965: PnP failed, holding previous pose
  frame 2966: PnP failed, holding previous pose
  frame 2967: PnP failed, holding previous pose
  frame 2968: PnP failed, holding previous pose
  frame 2969: PnP failed, holding previous pose
  frame 2970: PnP failed, holding previous pose
  frame 2971: PnP failed, holding previous pose
  frame 2972: PnP failed, holding previous pose
  frame 2973: PnP failed, holding previous pose
  frame 2974: PnP failed, holding previous pose
  frame 2975: PnP failed, holding previous pose
  frame 2976: PnP failed, holding previous pose
  frame 2977: PnP failed, holding previous pose
  frame 2978: PnP failed, holding previous pose
  frame 2979: PnP failed, holding previous pose
  frame 2980: PnP failed, holding previous pose
  frame 2981: PnP failed, holding previous pose
  frame 2982: PnP failed, holding previous pose
  frame 2983: PnP failed, holding previous pose
  frame 2984: PnP failed, holding previous pose
  frame 2985: PnP failed, holding previous pose
  frame 2986: PnP failed, holding previous pose
  frame 2987: PnP failed, holding previous pose
  frame 2988: PnP failed, holding previous pose
  frame 2989: PnP failed, holding previous pose
  frame 2990: PnP failed, holding previous pose
  frame 2991: PnP failed, holding previous pose
  frame 2992: PnP failed, holding previous pose
  frame 2993: PnP failed, holding previous pose
  frame 2994: PnP failed, holding previous pose
  frame 2995: PnP failed, holding previous pose
  frame 2996: PnP failed, holding previous pose
  frame 2997: PnP failed, holding previous pose
  frame 2998: PnP failed, holding previous pose
  frame 2999: PnP failed, holding previous pose
  frame 3000: PnP failed, holding previous pose
Frame 3000 valmis. KF=138, loopit=0, kartta=984
  frame 3001: PnP failed, holding previous pose
  frame 3002: PnP failed, holding previous pose
  frame 3003: PnP failed, holding previous pose
  frame 3004: PnP failed, holding previous pose
  frame 3005: PnP failed, holding previous pose
  frame 3006: PnP failed, holding previous pose
  frame 3007: PnP failed, holding previous pose
  frame 3008: PnP failed, holding previous pose
  frame 3009: PnP failed, holding previous pose
  frame 3010: PnP failed, holding previous pose
  frame 3011: PnP failed, holding previous pose
  frame 3012: PnP failed, holding previous pose
  frame 3013: PnP failed, holding previous pose
  frame 3014: PnP failed, holding previous pose
  frame 3015: PnP failed, holding previous pose
  frame 3016: PnP failed, holding previous pose
  frame 3017: PnP failed, holding previous pose
  frame 3018: PnP failed, holding previous pose
  frame 3019: PnP failed, holding previous pose
  frame 3020: PnP failed, holding previous pose
  frame 3021: PnP failed, holding previous pose
  frame 3022: PnP failed, holding previous pose
  frame 3023: PnP failed, holding previous pose
  frame 3024: PnP failed, holding previous pose
  frame 3025: PnP failed, holding previous pose
  frame 3026: PnP failed, holding previous pose
  frame 3027: PnP failed, holding previous pose
  frame 3028: PnP failed, holding previous pose
  frame 3029: PnP failed, holding previous pose
  frame 3030: PnP failed, holding previous pose
  frame 3031: PnP failed, holding previous pose
  frame 3032: PnP failed, holding previous pose
  frame 3033: PnP failed, holding previous pose
  frame 3034: PnP failed, holding previous pose
  frame 3035: PnP failed, holding previous pose
  frame 3036: PnP failed, holding previous pose
  frame 3037: PnP failed, holding previous pose
  frame 3038: PnP failed, holding previous pose
  frame 3039: PnP failed, holding previous pose
  frame 3040: PnP failed, holding previous pose
  frame 3041: PnP failed, holding previous pose
  frame 3042: PnP failed, holding previous pose
  frame 3043: PnP failed, holding previous pose
  frame 3044: PnP failed, holding previous pose
  frame 3045: PnP failed, holding previous pose
  frame 3046: PnP failed, holding previous pose
  frame 3047: PnP failed, holding previous pose
  frame 3048: PnP failed, holding previous pose
  frame 3049: PnP failed, holding previous pose
  frame 3050: PnP failed, holding previous pose
Frame 3050 valmis. KF=139, loopit=0, kartta=985
  frame 3051: PnP failed, holding previous pose
  frame 3052: PnP failed, holding previous pose
  frame 3053: PnP failed, holding previous pose
  frame 3054: PnP failed, holding previous pose
  frame 3055: PnP failed, holding previous pose
  frame 3056: PnP failed, holding previous pose
  frame 3057: PnP failed, holding previous pose
  frame 3058: PnP failed, holding previous pose
  frame 3059: PnP failed, holding previous pose
  frame 3060: PnP failed, holding previous pose
  frame 3061: PnP failed, holding previous pose
  frame 3062: PnP failed, holding previous pose
  frame 3063: PnP failed, holding previous pose
  frame 3064: PnP failed, holding previous pose
  frame 3065: PnP failed, holding previous pose
  frame 3066: PnP failed, holding previous pose
  frame 3067: PnP failed, holding previous pose
  frame 3068: PnP failed, holding previous pose
  frame 3069: PnP failed, holding previous pose
  frame 3070: PnP failed, holding previous pose
  frame 3071: PnP failed, holding previous pose
  frame 3072: PnP failed, holding previous pose
  frame 3073: PnP failed, holding previous pose
  frame 3074: PnP failed, holding previous pose
  frame 3075: PnP failed, holding previous pose
  frame 3076: PnP failed, holding previous pose
  frame 3077: PnP failed, holding previous pose
  frame 3078: PnP failed, holding previous pose
  frame 3079: PnP failed, holding previous pose
  frame 3080: PnP failed, holding previous pose
  frame 3081: PnP failed, holding previous pose
  frame 3082: PnP failed, holding previous pose
  frame 3083: PnP failed, holding previous pose
  frame 3084: PnP failed, holding previous pose
  frame 3085: PnP failed, holding previous pose
  frame 3086: PnP failed, holding previous pose
  frame 3087: PnP failed, holding previous pose
  frame 3088: PnP failed, holding previous pose
  frame 3089: PnP failed, holding previous pose
  frame 3090: PnP failed, holding previous pose
  frame 3091: PnP failed, holding previous pose
  frame 3092: PnP failed, holding previous pose
  frame 3093: PnP failed, holding previous pose
  frame 3094: PnP failed, holding previous pose
  frame 3095: PnP failed, holding previous pose
  frame 3096: PnP failed, holding previous pose
  frame 3097: PnP failed, holding previous pose
  frame 3098: PnP failed, holding previous pose
  frame 3099: PnP failed, holding previous pose
  frame 3100: PnP failed, holding previous pose
Frame 3100 valmis. KF=139, loopit=0, kartta=985
  frame 3101: PnP failed, holding previous pose
  frame 3102: PnP failed, holding previous pose
  frame 3103: PnP failed, holding previous pose
  frame 3104: PnP failed, holding previous pose
  frame 3105: PnP failed, holding previous pose
  frame 3106: PnP failed, holding previous pose
  frame 3107: PnP failed, holding previous pose
  frame 3108: PnP failed, holding previous pose
  frame 3109: PnP failed, holding previous pose
  frame 3110: PnP failed, holding previous pose
  frame 3111: PnP failed, holding previous pose
  frame 3112: PnP failed, holding previous pose
  frame 3113: PnP failed, holding previous pose
  frame 3114: PnP failed, holding previous pose
  frame 3115: PnP failed, holding previous pose
  frame 3116: PnP failed, holding previous pose
  frame 3117: PnP failed, holding previous pose
  frame 3118: PnP failed, holding previous pose
  frame 3119: PnP failed, holding previous pose
  frame 3120: PnP failed, holding previous pose
  frame 3121: PnP failed, holding previous pose
  frame 3122: PnP failed, holding previous pose
  frame 3123: PnP failed, holding previous pose
  frame 3124: PnP failed, holding previous pose
  frame 3125: PnP failed, holding previous pose
  frame 3126: PnP failed, holding previous pose
  frame 3127: PnP failed, holding previous pose
  frame 3128: PnP failed, holding previous pose
  frame 3129: PnP failed, holding previous pose
  frame 3130: PnP failed, holding previous pose
  frame 3131: PnP failed, holding previous pose
  frame 3132: PnP failed, holding previous pose
  frame 3133: PnP failed, holding previous pose
  frame 3134: PnP failed, holding previous pose
  frame 3135: PnP failed, holding previous pose
  frame 3136: PnP failed, holding previous pose
  frame 3137: PnP failed, holding previous pose
  frame 3138: PnP failed, holding previous pose
  frame 3139: PnP failed, holding previous pose
  frame 3140: PnP failed, holding previous pose
  frame 3141: PnP failed, holding previous pose
  frame 3142: PnP failed, holding previous pose
  frame 3143: PnP failed, holding previous pose
  frame 3144: PnP failed, holding previous pose
  frame 3145: PnP failed, holding previous pose
  frame 3146: PnP failed, holding previous pose
  frame 3147: PnP failed, holding previous pose
  frame 3148: PnP failed, holding previous pose
  frame 3149: PnP failed, holding previous pose
  frame 3150: PnP failed, holding previous pose
Frame 3150 valmis. KF=140, loopit=0, kartta=986
  frame 3151: PnP failed, holding previous pose
  frame 3152: PnP failed, holding previous pose
  frame 3153: PnP failed, holding previous pose
  frame 3154: PnP failed, holding previous pose
  frame 3155: PnP failed, holding previous pose
  frame 3156: PnP failed, holding previous pose
  frame 3157: PnP failed, holding previous pose
  frame 3158: PnP failed, holding previous pose
  frame 3159: PnP failed, holding previous pose
  frame 3160: PnP failed, holding previous pose
  frame 3161: PnP failed, holding previous pose
  frame 3162: PnP failed, holding previous pose
  frame 3163: PnP failed, holding previous pose
  frame 3164: PnP failed, holding previous pose
  frame 3165: PnP failed, holding previous pose
  frame 3166: PnP failed, holding previous pose
  frame 3167: PnP failed, holding previous pose
  frame 3168: PnP failed, holding previous pose
  frame 3169: PnP failed, holding previous pose
  frame 3170: PnP failed, holding previous pose
  frame 3171: PnP failed, holding previous pose
  frame 3172: PnP failed, holding previous pose
  frame 3173: PnP failed, holding previous pose
  frame 3174: PnP failed, holding previous pose
  frame 3175: PnP failed, holding previous pose
  frame 3176: PnP failed, holding previous pose
  frame 3177: PnP failed, holding previous pose
  frame 3178: PnP failed, holding previous pose
  frame 3179: PnP failed, holding previous pose
  frame 3180: PnP failed, holding previous pose
  frame 3181: PnP failed, holding previous pose
  frame 3182: PnP failed, holding previous pose
  frame 3183: PnP failed, holding previous pose
  frame 3184: PnP failed, holding previous pose
  frame 3185: PnP failed, holding previous pose
  frame 3186: PnP failed, holding previous pose
  frame 3187: PnP failed, holding previous pose
  frame 3188: PnP failed, holding previous pose
  frame 3189: PnP failed, holding previous pose
  frame 3190: PnP failed, holding previous pose
  frame 3191: PnP failed, holding previous pose
  frame 3192: PnP failed, holding previous pose
  frame 3193: PnP failed, holding previous pose
  frame 3194: PnP failed, holding previous pose
  frame 3195: PnP failed, holding previous pose
  frame 3196: PnP failed, holding previous pose
  frame 3197: PnP failed, holding previous pose
  frame 3198: PnP failed, holding previous pose
  frame 3199: PnP failed, holding previous pose
  frame 3200: PnP failed, holding previous pose
Frame 3200 valmis. KF=142, loopit=0, kartta=988
  frame 3201: PnP failed, holding previous pose
  frame 3202: PnP failed, holding previous pose
  frame 3203: PnP failed, holding previous pose
  frame 3204: PnP failed, holding previous pose
  frame 3205: PnP failed, holding previous pose
  frame 3206: PnP failed, holding previous pose
  frame 3207: PnP failed, holding previous pose
  frame 3208: PnP failed, holding previous pose
  frame 3209: PnP failed, holding previous pose
  frame 3210: PnP failed, holding previous pose
  frame 3211: PnP failed, holding previous pose
  frame 3212: PnP failed, holding previous pose
  frame 3213: PnP failed, holding previous pose
  frame 3214: PnP failed, holding previous pose
  frame 3215: PnP failed, holding previous pose
  frame 3216: PnP failed, holding previous pose
  frame 3217: PnP failed, holding previous pose
  frame 3218: PnP failed, holding previous pose
  frame 3219: PnP failed, holding previous pose
  frame 3220: PnP failed, holding previous pose
  frame 3221: PnP failed, holding previous pose
  frame 3222: PnP failed, holding previous pose
  frame 3223: PnP failed, holding previous pose
  frame 3224: PnP failed, holding previous pose
  frame 3225: PnP failed, holding previous pose
  frame 3226: PnP failed, holding previous pose
  frame 3227: PnP failed, holding previous pose
  frame 3228: PnP failed, holding previous pose
  frame 3229: PnP failed, holding previous pose
  frame 3230: PnP failed, holding previous pose
  frame 3231: PnP failed, holding previous pose
  frame 3232: PnP failed, holding previous pose
  frame 3233: PnP failed, holding previous pose
  frame 3234: PnP failed, holding previous pose
  frame 3235: PnP failed, holding previous pose
  frame 3236: PnP failed, holding previous pose
  frame 3237: PnP failed, holding previous pose
  frame 3238: PnP failed, holding previous pose
  frame 3239: PnP failed, holding previous pose
  frame 3240: PnP failed, holding previous pose
  frame 3241: PnP failed, holding previous pose
  frame 3242: PnP failed, holding previous pose
  frame 3243: PnP failed, holding previous pose
  frame 3244: PnP failed, holding previous pose
  frame 3245: PnP failed, holding previous pose
  frame 3246: PnP failed, holding previous pose
  frame 3247: PnP failed, holding previous pose
  frame 3248: PnP failed, holding previous pose
  frame 3249: PnP failed, holding previous pose
  frame 3250: PnP failed, holding previous pose
Frame 3250 valmis. KF=144, loopit=0, kartta=990
  frame 3251: PnP failed, holding previous pose
  frame 3252: PnP failed, holding previous pose
  frame 3253: PnP failed, holding previous pose
  frame 3254: PnP failed, holding previous pose
  frame 3255: PnP failed, holding previous pose
  frame 3256: PnP failed, holding previous pose
  frame 3257: PnP failed, holding previous pose
  frame 3258: PnP failed, holding previous pose
  frame 3259: PnP failed, holding previous pose
  frame 3260: PnP failed, holding previous pose
  frame 3261: PnP failed, holding previous pose
  frame 3262: PnP failed, holding previous pose
  frame 3263: PnP failed, holding previous pose
  frame 3264: PnP failed, holding previous pose
  frame 3265: PnP failed, holding previous pose
  frame 3266: PnP failed, holding previous pose
  frame 3267: PnP failed, holding previous pose
  frame 3268: PnP failed, holding previous pose
  frame 3269: PnP failed, holding previous pose
  frame 3270: PnP failed, holding previous pose
  frame 3271: PnP failed, holding previous pose
  frame 3272: PnP failed, holding previous pose
  frame 3273: PnP failed, holding previous pose
  frame 3274: PnP failed, holding previous pose
  frame 3275: PnP failed, holding previous pose
  frame 3276: PnP failed, holding previous pose
  frame 3277: PnP failed, holding previous pose
  frame 3278: PnP failed, holding previous pose
  frame 3279: PnP failed, holding previous pose
  frame 3280: PnP failed, holding previous pose
  frame 3281: PnP failed, holding previous pose
  frame 3282: PnP failed, holding previous pose
  frame 3283: PnP failed, holding previous pose
  frame 3284: PnP failed, holding previous pose
  frame 3285: PnP failed, holding previous pose
  frame 3286: PnP failed, holding previous pose
  frame 3287: PnP failed, holding previous pose
  frame 3288: PnP failed, holding previous pose
  frame 3289: PnP failed, holding previous pose
  frame 3290: PnP failed, holding previous pose
  frame 3291: PnP failed, holding previous pose
  frame 3292: PnP failed, holding previous pose
  frame 3293: PnP failed, holding previous pose
  frame 3294: PnP failed, holding previous pose
  frame 3295: PnP failed, holding previous pose
  frame 3296: PnP failed, holding previous pose
  frame 3297: PnP failed, holding previous pose
  frame 3298: PnP failed, holding previous pose
  frame 3299: PnP failed, holding previous pose
  frame 3300: PnP failed, holding previous pose
Frame 3300 valmis. KF=146, loopit=0, kartta=992
  frame 3301: PnP failed, holding previous pose
  frame 3302: PnP failed, holding previous pose
  frame 3303: PnP failed, holding previous pose
  frame 3304: PnP failed, holding previous pose
  frame 3305: PnP failed, holding previous pose
  frame 3306: PnP failed, holding previous pose
  frame 3307: PnP failed, holding previous pose
  frame 3308: PnP failed, holding previous pose
  frame 3309: PnP failed, holding previous pose
  frame 3310: PnP failed, holding previous pose
  frame 3311: PnP failed, holding previous pose
  frame 3312: PnP failed, holding previous pose
  frame 3313: PnP failed, holding previous pose
  frame 3314: PnP failed, holding previous pose
  frame 3315: PnP failed, holding previous pose
  frame 3316: PnP failed, holding previous pose
  frame 3317: PnP failed, holding previous pose
  frame 3318: PnP failed, holding previous pose
  frame 3319: PnP failed, holding previous pose
  frame 3320: PnP failed, holding previous pose
  frame 3321: PnP failed, holding previous pose
  frame 3322: PnP failed, holding previous pose
  frame 3323: PnP failed, holding previous pose
  frame 3324: PnP failed, holding previous pose
  frame 3325: PnP failed, holding previous pose
  frame 3326: PnP failed, holding previous pose
  frame 3327: PnP failed, holding previous pose
  frame 3328: PnP failed, holding previous pose
  frame 3329: PnP failed, holding previous pose
  frame 3330: PnP failed, holding previous pose
  frame 3331: PnP failed, holding previous pose
  frame 3332: PnP failed, holding previous pose
  frame 3333: PnP failed, holding previous pose
  frame 3334: PnP failed, holding previous pose
  frame 3335: PnP failed, holding previous pose
  frame 3336: PnP failed, holding previous pose
  frame 3337: PnP failed, holding previous pose
  frame 3338: PnP failed, holding previous pose
  frame 3339: PnP failed, holding previous pose
  frame 3340: PnP failed, holding previous pose
  frame 3341: PnP failed, holding previous pose
  frame 3342: PnP failed, holding previous pose
  frame 3343: PnP failed, holding previous pose
  frame 3344: PnP failed, holding previous pose
  frame 3345: PnP failed, holding previous pose
  frame 3346: PnP failed, holding previous pose
  frame 3347: PnP failed, holding previous pose
  frame 3348: PnP failed, holding previous pose
  frame 3349: PnP failed, holding previous pose
  frame 3350: PnP failed, holding previous pose
Frame 3350 valmis. KF=147, loopit=0, kartta=993
  frame 3351: PnP failed, holding previous pose
  frame 3352: PnP failed, holding previous pose
  frame 3353: PnP failed, holding previous pose
  frame 3354: PnP failed, holding previous pose
  frame 3355: PnP failed, holding previous pose
  frame 3356: PnP failed, holding previous pose
  frame 3357: PnP failed, holding previous pose
  frame 3358: PnP failed, holding previous pose
  frame 3359: PnP failed, holding previous pose
  frame 3360: PnP failed, holding previous pose
  frame 3361: PnP failed, holding previous pose
  frame 3362: PnP failed, holding previous pose
  frame 3363: PnP failed, holding previous pose
  frame 3364: PnP failed, holding previous pose
  frame 3365: PnP failed, holding previous pose
  frame 3366: PnP failed, holding previous pose
  frame 3367: PnP failed, holding previous pose
  frame 3368: PnP failed, holding previous pose
  frame 3369: PnP failed, holding previous pose
  frame 3370: PnP failed, holding previous pose
  frame 3371: PnP failed, holding previous pose
  frame 3372: PnP failed, holding previous pose
  frame 3373: PnP failed, holding previous pose
  frame 3374: PnP failed, holding previous pose
  frame 3375: PnP failed, holding previous pose
  frame 3376: PnP failed, holding previous pose
  frame 3377: PnP failed, holding previous pose
  frame 3378: PnP failed, holding previous pose
  frame 3379: PnP failed, holding previous pose
  frame 3380: PnP failed, holding previous pose
  frame 3381: PnP failed, holding previous pose
  frame 3382: PnP failed, holding previous pose
  frame 3383: PnP failed, holding previous pose
  frame 3384: PnP failed, holding previous pose
  frame 3385: PnP failed, holding previous pose
  frame 3386: PnP failed, holding previous pose
  frame 3387: PnP failed, holding previous pose
  frame 3388: PnP failed, holding previous pose
  frame 3389: PnP failed, holding previous pose
  frame 3390: PnP failed, holding previous pose
  frame 3391: PnP failed, holding previous pose
  frame 3392: PnP failed, holding previous pose
  frame 3393: PnP failed, holding previous pose
  frame 3394: PnP failed, holding previous pose
  frame 3395: PnP failed, holding previous pose
  frame 3396: PnP failed, holding previous pose
  frame 3397: PnP failed, holding previous pose
  frame 3398: PnP failed, holding previous pose
  frame 3399: PnP failed, holding previous pose
  frame 3400: PnP failed, holding previous pose
Frame 3400 valmis. KF=147, loopit=0, kartta=993
  frame 3401: PnP failed, holding previous pose
  frame 3402: PnP failed, holding previous pose
  frame 3403: PnP failed, holding previous pose
  frame 3404: PnP failed, holding previous pose
  frame 3405: PnP failed, holding previous pose
  frame 3406: PnP failed, holding previous pose
  frame 3407: PnP failed, holding previous pose
  frame 3408: PnP failed, holding previous pose
  frame 3409: PnP failed, holding previous pose
  frame 3410: PnP failed, holding previous pose
  frame 3411: PnP failed, holding previous pose
  frame 3412: PnP failed, holding previous pose
  frame 3413: PnP failed, holding previous pose
  frame 3414: PnP failed, holding previous pose
  frame 3415: PnP failed, holding previous pose
  frame 3416: PnP failed, holding previous pose
  frame 3417: PnP failed, holding previous pose
  frame 3418: PnP failed, holding previous pose
  frame 3419: PnP failed, holding previous pose
  frame 3420: PnP failed, holding previous pose
  frame 3421: PnP failed, holding previous pose
  frame 3422: PnP failed, holding previous pose
  frame 3423: PnP failed, holding previous pose
  frame 3424: PnP failed, holding previous pose
  frame 3425: PnP failed, holding previous pose
  frame 3426: PnP failed, holding previous pose
  frame 3427: PnP failed, holding previous pose
  frame 3428: PnP failed, holding previous pose
  frame 3429: PnP failed, holding previous pose
  frame 3430: PnP failed, holding previous pose
  frame 3431: PnP failed, holding previous pose
  frame 3432: PnP failed, holding previous pose
  frame 3433: PnP failed, holding previous pose
  frame 3434: PnP failed, holding previous pose
  frame 3435: PnP failed, holding previous pose
  frame 3436: PnP failed, holding previous pose
  frame 3437: PnP failed, holding previous pose
  frame 3438: PnP failed, holding previous pose
  frame 3439: PnP failed, holding previous pose
  frame 3440: PnP failed, holding previous pose
  frame 3441: PnP failed, holding previous pose
  frame 3442: PnP failed, holding previous pose
  frame 3443: PnP failed, holding previous pose
  frame 3444: PnP failed, holding previous pose
  frame 3445: PnP failed, holding previous pose
  frame 3446: PnP failed, holding previous pose
  frame 3447: PnP failed, holding previous pose
  frame 3448: PnP failed, holding previous pose
  frame 3449: PnP failed, holding previous pose
  frame 3450: PnP failed, holding previous pose
Frame 3450 valmis. KF=147, loopit=0, kartta=993
  frame 3451: PnP failed, holding previous pose
  frame 3452: PnP failed, holding previous pose
  frame 3453: PnP failed, holding previous pose
  frame 3454: PnP failed, holding previous pose
  frame 3455: PnP failed, holding previous pose
  frame 3456: PnP failed, holding previous pose
  frame 3457: PnP failed, holding previous pose
  frame 3458: PnP failed, holding previous pose
  frame 3459: PnP failed, holding previous pose
  frame 3460: PnP failed, holding previous pose
  frame 3461: PnP failed, holding previous pose
  frame 3462: PnP failed, holding previous pose
  frame 3463: PnP failed, holding previous pose
  frame 3464: PnP failed, holding previous pose
  frame 3465: PnP failed, holding previous pose
  frame 3466: PnP failed, holding previous pose
  frame 3467: PnP failed, holding previous pose
  frame 3468: PnP failed, holding previous pose
  frame 3469: PnP failed, holding previous pose
  frame 3470: PnP failed, holding previous pose
  frame 3471: PnP failed, holding previous pose
  frame 3472: PnP failed, holding previous pose
  frame 3473: PnP failed, holding previous pose
  frame 3474: PnP failed, holding previous pose
  frame 3475: PnP failed, holding previous pose
  frame 3476: PnP failed, holding previous pose
  frame 3477: PnP failed, holding previous pose
  frame 3478: PnP failed, holding previous pose
  frame 3479: PnP failed, holding previous pose
  frame 3480: PnP failed, holding previous pose
  frame 3481: PnP failed, holding previous pose
  frame 3482: PnP failed, holding previous pose
  frame 3483: PnP failed, holding previous pose
  frame 3484: PnP failed, holding previous pose
  frame 3485: PnP failed, holding previous pose
  frame 3486: PnP failed, holding previous pose
  frame 3487: PnP failed, holding previous pose
  frame 3488: PnP failed, holding previous pose
  frame 3489: PnP failed, holding previous pose
  frame 3490: PnP failed, holding previous pose
  frame 3491: PnP failed, holding previous pose
  frame 3492: PnP failed, holding previous pose
  frame 3493: PnP failed, holding previous pose
  frame 3494: PnP failed, holding previous pose
  frame 3495: PnP failed, holding previous pose
  frame 3496: PnP failed, holding previous pose
  frame 3497: PnP failed, holding previous pose
  frame 3498: PnP failed, holding previous pose
  frame 3499: PnP failed, holding previous pose
  frame 3500: PnP failed, holding previous pose
Frame 3500 valmis. KF=150, loopit=0, kartta=996
  frame 3501: PnP failed, holding previous pose
  frame 3502: PnP failed, holding previous pose
  frame 3503: PnP failed, holding previous pose
  frame 3504: PnP failed, holding previous pose
  frame 3505: PnP failed, holding previous pose
  frame 3506: PnP failed, holding previous pose
  frame 3507: PnP failed, holding previous pose
  frame 3508: PnP failed, holding previous pose
  frame 3509: PnP failed, holding previous pose
  frame 3510: PnP failed, holding previous pose
  frame 3511: PnP failed, holding previous pose
  frame 3512: PnP failed, holding previous pose
  frame 3513: PnP failed, holding previous pose
  frame 3514: PnP failed, holding previous pose
  frame 3515: PnP failed, holding previous pose
  frame 3516: PnP failed, holding previous pose
  frame 3517: PnP failed, holding previous pose
  frame 3518: PnP failed, holding previous pose
  frame 3519: PnP failed, holding previous pose
  frame 3520: PnP failed, holding previous pose
  frame 3521: PnP failed, holding previous pose
  frame 3522: PnP failed, holding previous pose
  frame 3523: PnP failed, holding previous pose
  frame 3524: PnP failed, holding previous pose
  frame 3525: PnP failed, holding previous pose
  frame 3526: PnP failed, holding previous pose
  frame 3527: PnP failed, holding previous pose
  frame 3528: PnP failed, holding previous pose
  frame 3529: PnP failed, holding previous pose
  frame 3530: PnP failed, holding previous pose
  frame 3531: PnP failed, holding previous pose
  frame 3532: PnP failed, holding previous pose
  frame 3533: PnP failed, holding previous pose
  frame 3534: PnP failed, holding previous pose
  frame 3535: PnP failed, holding previous pose
  frame 3536: PnP failed, holding previous pose
  frame 3537: PnP failed, holding previous pose
  frame 3538: PnP failed, holding previous pose
  frame 3539: PnP failed, holding previous pose
  frame 3540: PnP failed, holding previous pose
  frame 3541: PnP failed, holding previous pose
  frame 3542: PnP failed, holding previous pose
  frame 3543: PnP failed, holding previous pose
  frame 3544: PnP failed, holding previous pose
  frame 3545: PnP failed, holding previous pose
  frame 3546: PnP failed, holding previous pose
  frame 3547: PnP failed, holding previous pose
  frame 3548: PnP failed, holding previous pose
  frame 3549: PnP failed, holding previous pose
  frame 3550: PnP failed, holding previous pose
Frame 3550 valmis. KF=150, loopit=0, kartta=996
  frame 3551: PnP failed, holding previous pose
  frame 3552: PnP failed, holding previous pose
  frame 3553: PnP failed, holding previous pose
  frame 3554: PnP failed, holding previous pose
  frame 3555: PnP failed, holding previous pose
  frame 3556: PnP failed, holding previous pose
  frame 3557: PnP failed, holding previous pose
  frame 3558: PnP failed, holding previous pose
  frame 3559: PnP failed, holding previous pose
  frame 3560: PnP failed, holding previous pose
  frame 3561: PnP failed, holding previous pose
  frame 3562: PnP failed, holding previous pose
  frame 3563: PnP failed, holding previous pose
  frame 3564: PnP failed, holding previous pose
  frame 3565: PnP failed, holding previous pose
  frame 3566: PnP failed, holding previous pose
  frame 3567: PnP failed, holding previous pose
  frame 3568: PnP failed, holding previous pose
  frame 3569: PnP failed, holding previous pose
  frame 3570: PnP failed, holding previous pose
  frame 3571: PnP failed, holding previous pose
  frame 3572: PnP failed, holding previous pose
  frame 3573: PnP failed, holding previous pose
  frame 3574: PnP failed, holding previous pose
  frame 3575: PnP failed, holding previous pose
  frame 3576: PnP failed, holding previous pose
  frame 3577: PnP failed, holding previous pose
  frame 3578: PnP failed, holding previous pose
  frame 3579: PnP failed, holding previous pose
  frame 3580: PnP failed, holding previous pose
  frame 3581: PnP failed, holding previous pose
  frame 3582: PnP failed, holding previous pose
  frame 3583: PnP failed, holding previous pose
  frame 3584: PnP failed, holding previous pose
  frame 3585: PnP failed, holding previous pose
  frame 3586: PnP failed, holding previous pose
  frame 3587: PnP failed, holding previous pose
  frame 3588: PnP failed, holding previous pose
  frame 3589: PnP failed, holding previous pose
  frame 3590: PnP failed, holding previous pose
  frame 3591: PnP failed, holding previous pose
  frame 3592: PnP failed, holding previous pose
  frame 3593: PnP failed, holding previous pose
  frame 3594: PnP failed, holding previous pose
  frame 3595: PnP failed, holding previous pose
  frame 3596: PnP failed, holding previous pose
  frame 3597: PnP failed, holding previous pose
  frame 3598: PnP failed, holding previous pose
  frame 3599: PnP failed, holding previous pose
  frame 3600: PnP failed, holding previous pose
Frame 3600 valmis. KF=150, loopit=0, kartta=996
  frame 3601: PnP failed, holding previous pose
  frame 3602: PnP failed, holding previous pose
  frame 3603: PnP failed, holding previous pose
  frame 3604: PnP failed, holding previous pose
  frame 3605: PnP failed, holding previous pose
  frame 3606: PnP failed, holding previous pose
  frame 3607: PnP failed, holding previous pose
  frame 3608: PnP failed, holding previous pose
  frame 3609: PnP failed, holding previous pose
  frame 3610: PnP failed, holding previous pose
  frame 3611: PnP failed, holding previous pose
  frame 3612: PnP failed, holding previous pose
  frame 3613: PnP failed, holding previous pose
  frame 3614: PnP failed, holding previous pose
  frame 3615: PnP failed, holding previous pose
  frame 3616: PnP failed, holding previous pose
  frame 3617: PnP failed, holding previous pose
  frame 3618: PnP failed, holding previous pose
  frame 3619: PnP failed, holding previous pose
  frame 3620: PnP failed, holding previous pose
  frame 3621: PnP failed, holding previous pose
  frame 3622: PnP failed, holding previous pose
  frame 3623: PnP failed, holding previous pose
  frame 3624: PnP failed, holding previous pose
  frame 3625: PnP failed, holding previous pose
  frame 3626: PnP failed, holding previous pose
  frame 3627: PnP failed, holding previous pose
  frame 3628: PnP failed, holding previous pose
  frame 3629: PnP failed, holding previous pose
  frame 3630: PnP failed, holding previous pose
  frame 3631: PnP failed, holding previous pose
  frame 3632: PnP failed, holding previous pose
  frame 3633: PnP failed, holding previous pose
  frame 3634: PnP failed, holding previous pose
  frame 3635: PnP failed, holding previous pose
  frame 3636: PnP failed, holding previous pose
  frame 3637: PnP failed, holding previous pose
  frame 3638: PnP failed, holding previous pose
  frame 3639: PnP failed, holding previous pose
  frame 3640: PnP failed, holding previous pose
  frame 3641: PnP failed, holding previous pose
  frame 3642: PnP failed, holding previous pose
  frame 3643: PnP failed, holding previous pose
  frame 3644: PnP failed, holding previous pose
  frame 3645: PnP failed, holding previous pose
  frame 3646: PnP failed, holding previous pose
  frame 3647: PnP failed, holding previous pose
  frame 3648: PnP failed, holding previous pose
  frame 3649: PnP failed, holding previous pose
  frame 3650: PnP failed, holding previous pose
Frame 3650 valmis. KF=150, loopit=0, kartta=996
  frame 3651: PnP failed, holding previous pose
  frame 3652: PnP failed, holding previous pose
  frame 3653: PnP failed, holding previous pose
  frame 3654: PnP failed, holding previous pose
  frame 3655: PnP failed, holding previous pose
  frame 3656: PnP failed, holding previous pose
  frame 3657: PnP failed, holding previous pose
  frame 3658: PnP failed, holding previous pose
  frame 3659: PnP failed, holding previous pose
  frame 3660: PnP failed, holding previous pose
  frame 3661: PnP failed, holding previous pose
  frame 3662: PnP failed, holding previous pose
  frame 3663: PnP failed, holding previous pose
  frame 3664: PnP failed, holding previous pose
  frame 3665: PnP failed, holding previous pose
  frame 3666: PnP failed, holding previous pose
  frame 3667: PnP failed, holding previous pose
  frame 3668: PnP failed, holding previous pose
  frame 3669: PnP failed, holding previous pose
  frame 3670: PnP failed, holding previous pose
  frame 3671: PnP failed, holding previous pose
  frame 3672: PnP failed, holding previous pose
  frame 3673: PnP failed, holding previous pose
  frame 3674: PnP failed, holding previous pose
  frame 3675: PnP failed, holding previous pose
  frame 3676: PnP failed, holding previous pose
  frame 3677: PnP failed, holding previous pose
  frame 3678: PnP failed, holding previous pose
  frame 3679: PnP failed, holding previous pose
  frame 3680: PnP failed, holding previous pose
  frame 3681: PnP failed, holding previous pose
  frame 3682: PnP failed, holding previous pose
  frame 3683: PnP failed, holding previous pose
  frame 3684: PnP failed, holding previous pose
  frame 3685: PnP failed, holding previous pose
  frame 3686: PnP failed, holding previous pose
  frame 3687: PnP failed, holding previous pose
  frame 3688: PnP failed, holding previous pose
  frame 3689: PnP failed, holding previous pose
  frame 3690: PnP failed, holding previous pose
  frame 3691: PnP failed, holding previous pose
  frame 3692: PnP failed, holding previous pose
  frame 3693: PnP failed, holding previous pose
  frame 3694: PnP failed, holding previous pose
  frame 3695: PnP failed, holding previous pose
  frame 3696: PnP failed, holding previous pose
  frame 3697: PnP failed, holding previous pose
  frame 3698: PnP failed, holding previous pose
  frame 3699: PnP failed, holding previous pose
  frame 3700: PnP failed, holding previous pose
Frame 3700 valmis. KF=151, loopit=0, kartta=997
  frame 3701: PnP failed, holding previous pose
  frame 3702: PnP failed, holding previous pose
  frame 3703: PnP failed, holding previous pose
  frame 3704: PnP failed, holding previous pose
  frame 3705: PnP failed, holding previous pose
  frame 3706: PnP failed, holding previous pose
  frame 3707: PnP failed, holding previous pose
  frame 3708: PnP failed, holding previous pose
  frame 3709: PnP failed, holding previous pose
  frame 3710: PnP failed, holding previous pose
  frame 3711: PnP failed, holding previous pose
  frame 3712: PnP failed, holding previous pose
  frame 3713: PnP failed, holding previous pose
  frame 3714: PnP failed, holding previous pose
  frame 3715: PnP failed, holding previous pose
  frame 3716: PnP failed, holding previous pose
  frame 3717: PnP failed, holding previous pose
  frame 3718: PnP failed, holding previous pose
  frame 3719: PnP failed, holding previous pose
  frame 3720: PnP failed, holding previous pose
  frame 3721: PnP failed, holding previous pose
  frame 3722: PnP failed, holding previous pose
  frame 3723: PnP failed, holding previous pose
  frame 3724: PnP failed, holding previous pose
  frame 3725: PnP failed, holding previous pose
  frame 3726: PnP failed, holding previous pose
  frame 3727: PnP failed, holding previous pose
  frame 3728: PnP failed, holding previous pose
  frame 3729: PnP failed, holding previous pose
  frame 3730: PnP failed, holding previous pose
  frame 3731: PnP failed, holding previous pose
  frame 3732: PnP failed, holding previous pose
  frame 3733: PnP failed, holding previous pose
  frame 3734: PnP failed, holding previous pose
  frame 3735: PnP failed, holding previous pose
  frame 3736: PnP failed, holding previous pose
  frame 3737: PnP failed, holding previous pose
  frame 3738: PnP failed, holding previous pose
  frame 3739: PnP failed, holding previous pose
  frame 3740: PnP failed, holding previous pose
  frame 3741: PnP failed, holding previous pose
  frame 3742: PnP failed, holding previous pose
  frame 3743: PnP failed, holding previous pose
  frame 3744: PnP failed, holding previous pose
  frame 3745: PnP failed, holding previous pose
  frame 3746: PnP failed, holding previous pose
  frame 3747: PnP failed, holding previous pose
  frame 3748: PnP failed, holding previous pose
  frame 3749: PnP failed, holding previous pose
  frame 3750: PnP failed, holding previous pose
Frame 3750 valmis. KF=154, loopit=0, kartta=1000
  frame 3751: PnP failed, holding previous pose
  frame 3752: PnP failed, holding previous pose
  frame 3753: PnP failed, holding previous pose
  frame 3754: PnP failed, holding previous pose
  frame 3755: PnP failed, holding previous pose
  frame 3756: PnP failed, holding previous pose
  frame 3757: PnP failed, holding previous pose
  frame 3758: PnP failed, holding previous pose
  frame 3759: PnP failed, holding previous pose
  frame 3760: PnP failed, holding previous pose
  frame 3761: PnP failed, holding previous pose
  frame 3762: PnP failed, holding previous pose
  frame 3763: PnP failed, holding previous pose
  frame 3764: PnP failed, holding previous pose
  frame 3765: PnP failed, holding previous pose
  frame 3766: PnP failed, holding previous pose
  frame 3767: PnP failed, holding previous pose
  frame 3768: PnP failed, holding previous pose
  frame 3769: PnP failed, holding previous pose
  frame 3770: PnP failed, holding previous pose
  frame 3771: PnP failed, holding previous pose
  frame 3772: PnP failed, holding previous pose
  frame 3773: PnP failed, holding previous pose
  frame 3774: PnP failed, holding previous pose
  frame 3775: PnP failed, holding previous pose
  frame 3776: PnP failed, holding previous pose
  frame 3777: PnP failed, holding previous pose
  frame 3778: PnP failed, holding previous pose
  frame 3779: PnP failed, holding previous pose
  frame 3780: PnP failed, holding previous pose
  frame 3781: PnP failed, holding previous pose
  frame 3782: PnP failed, holding previous pose
  frame 3783: PnP failed, holding previous pose
  frame 3784: PnP failed, holding previous pose
  frame 3785: PnP failed, holding previous pose
  frame 3786: PnP failed, holding previous pose
  frame 3787: PnP failed, holding previous pose
  frame 3788: PnP failed, holding previous pose
  frame 3789: PnP failed, holding previous pose
  frame 3790: PnP failed, holding previous pose
  frame 3791: PnP failed, holding previous pose
  frame 3792: PnP failed, holding previous pose
  frame 3793: PnP failed, holding previous pose
  frame 3794: PnP failed, holding previous pose
  frame 3795: PnP failed, holding previous pose
  frame 3796: PnP failed, holding previous pose
  frame 3797: PnP failed, holding previous pose
  frame 3798: PnP failed, holding previous pose
  frame 3799: PnP failed, holding previous pose
  frame 3800: PnP failed, holding previous pose
Frame 3800 valmis. KF=154, loopit=0, kartta=1000
  frame 3801: PnP failed, holding previous pose
  frame 3802: PnP failed, holding previous pose
  frame 3803: PnP failed, holding previous pose
  frame 3804: PnP failed, holding previous pose
  frame 3805: PnP failed, holding previous pose
  frame 3806: PnP failed, holding previous pose
  frame 3807: PnP failed, holding previous pose
  frame 3808: PnP failed, holding previous pose
  frame 3809: PnP failed, holding previous pose
  frame 3810: PnP failed, holding previous pose
  frame 3811: PnP failed, holding previous pose
  frame 3812: PnP failed, holding previous pose
  frame 3813: PnP failed, holding previous pose
  frame 3814: PnP failed, holding previous pose
  frame 3815: PnP failed, holding previous pose
  frame 3816: PnP failed, holding previous pose
  frame 3817: PnP failed, holding previous pose
  frame 3818: PnP failed, holding previous pose
  frame 3819: PnP failed, holding previous pose
  frame 3820: PnP failed, holding previous pose
  frame 3821: PnP failed, holding previous pose
  frame 3822: PnP failed, holding previous pose
  frame 3823: PnP failed, holding previous pose
  frame 3824: PnP failed, holding previous pose
  frame 3825: PnP failed, holding previous pose
  frame 3826: PnP failed, holding previous pose
  frame 3827: PnP failed, holding previous pose
  frame 3828: PnP failed, holding previous pose
  frame 3829: PnP failed, holding previous pose
  frame 3830: PnP failed, holding previous pose
  frame 3831: PnP failed, holding previous pose
  frame 3832: PnP failed, holding previous pose
  frame 3833: PnP failed, holding previous pose
  frame 3834: PnP failed, holding previous pose
  frame 3835: PnP failed, holding previous pose
  frame 3836: PnP failed, holding previous pose
  frame 3837: PnP failed, holding previous pose
  frame 3838: PnP failed, holding previous pose
  frame 3839: PnP failed, holding previous pose
  frame 3840: PnP failed, holding previous pose
  frame 3841: PnP failed, holding previous pose
  frame 3842: PnP failed, holding previous pose
  frame 3843: PnP failed, holding previous pose
  frame 3844: PnP failed, holding previous pose
  frame 3845: PnP failed, holding previous pose
  frame 3846: PnP failed, holding previous pose
  frame 3847: PnP failed, holding previous pose
  frame 3848: PnP failed, holding previous pose
  frame 3849: PnP failed, holding previous pose
  frame 3850: PnP failed, holding previous pose
Frame 3850 valmis. KF=156, loopit=0, kartta=1002
  frame 3851: PnP failed, holding previous pose
  frame 3852: PnP failed, holding previous pose
  frame 3853: PnP failed, holding previous pose
  frame 3854: PnP failed, holding previous pose
  frame 3855: PnP failed, holding previous pose
  frame 3856: PnP failed, holding previous pose
  frame 3857: PnP failed, holding previous pose
  frame 3858: PnP failed, holding previous pose
  frame 3859: PnP failed, holding previous pose
  frame 3860: PnP failed, holding previous pose
  frame 3861: PnP failed, holding previous pose
  frame 3862: PnP failed, holding previous pose
  frame 3863: PnP failed, holding previous pose
  frame 3864: PnP failed, holding previous pose
  frame 3865: PnP failed, holding previous pose
  frame 3866: PnP failed, holding previous pose
  frame 3867: PnP failed, holding previous pose
  frame 3868: PnP failed, holding previous pose
  frame 3869: PnP failed, holding previous pose
  frame 3870: PnP failed, holding previous pose
  frame 3871: PnP failed, holding previous pose
  frame 3872: PnP failed, holding previous pose
  frame 3873: PnP failed, holding previous pose
  frame 3874: PnP failed, holding previous pose
  frame 3875: PnP failed, holding previous pose
  frame 3876: PnP failed, holding previous pose
  frame 3877: PnP failed, holding previous pose
  frame 3878: PnP failed, holding previous pose
  frame 3879: PnP failed, holding previous pose
  frame 3880: PnP failed, holding previous pose
  frame 3881: PnP failed, holding previous pose
  frame 3882: PnP failed, holding previous pose
  frame 3883: PnP failed, holding previous pose
  frame 3884: PnP failed, holding previous pose
  frame 3885: PnP failed, holding previous pose
  frame 3886: PnP failed, holding previous pose
  frame 3887: PnP failed, holding previous pose
  frame 3888: PnP failed, holding previous pose
  frame 3889: PnP failed, holding previous pose
  frame 3890: PnP failed, holding previous pose
  frame 3891: PnP failed, holding previous pose
  frame 3892: PnP failed, holding previous pose
  frame 3893: PnP failed, holding previous pose
  frame 3894: PnP failed, holding previous pose
  frame 3895: PnP failed, holding previous pose
  frame 3896: PnP failed, holding previous pose
  frame 3897: PnP failed, holding previous pose
  frame 3898: PnP failed, holding previous pose
  frame 3899: PnP failed, holding previous pose
  frame 3900: PnP failed, holding previous pose
Frame 3900 valmis. KF=157, loopit=0, kartta=1003
  frame 3901: PnP failed, holding previous pose
  frame 3902: PnP failed, holding previous pose
  frame 3903: PnP failed, holding previous pose
  frame 3904: PnP failed, holding previous pose
  frame 3905: PnP failed, holding previous pose
  frame 3906: PnP failed, holding previous pose
  frame 3907: PnP failed, holding previous pose
  frame 3908: PnP failed, holding previous pose
  frame 3909: PnP failed, holding previous pose
  frame 3910: PnP failed, holding previous pose
  frame 3911: PnP failed, holding previous pose
  frame 3912: PnP failed, holding previous pose
  frame 3913: PnP failed, holding previous pose
  frame 3914: PnP failed, holding previous pose
  frame 3915: PnP failed, holding previous pose
  frame 3916: PnP failed, holding previous pose
  frame 3917: PnP failed, holding previous pose
  frame 3918: PnP failed, holding previous pose
  frame 3919: PnP failed, holding previous pose
  frame 3920: PnP failed, holding previous pose
  frame 3921: PnP failed, holding previous pose
  frame 3922: PnP failed, holding previous pose
  frame 3923: PnP failed, holding previous pose
Front-end valmis. Keyframes: 157, loop-sulkeumia: 0, PnP-epäonnistumisia: 3815
[seq 08] Raw stereo VO:      final err  264.21 m, RMSE 295.89 m
[seq 08] Stereo SLAM (+PGO): final err  264.21 m, RMSE 295.89 m
Lopputulos tallennettu: /home/pekko/aalto/visual_perception_and_planning_for_autonomous_driving-EEAEV008/slam-project/results/08.png
