1.000000e+00 0.000000e+00 0.000000e+00 0.000000e+00 0.000000e+00 1.000000e+00 0.000000e+00 0.000000e+00 0.000000e+00 0.000000e+00 1.000000e+00 0.000000e+00
9.999916e-01 -2.358305e-03 -3.346711e-03 -1.881033e-03 2.350985e-03 9.999948e-01 -2.189399e-03 -5.941237e-03 3.351857e-03 2.181513e-03 9.999920e-01 6.823986e-01
9.999737e-01 -9.119700e-04 -7.191463e-03 -1.986926e-02 8.850817e-04 9.999926e-01 -3.741219e-03 -1.266405e-02 7.194822e-03 3.734756e-03 9.999671e-01 1.372990e+00
9.999410e-01 -3.822218e-04 -1.085490e-02 -4.091909e-02 3.220474e-04 9.999846e-01 -5.544733e-03 -1.391384e-02 1.085686e-02 5.540910e-03 9.999257e-01 2.081931e+00
9.998734e-01 1.462716e-03 -1.584707e-02 -5.828543e-02 -1.559994e-03 9.999800e-01 -6.127923e-03 -2.756468e-02 1.583779e-02 6.151868e-03 9.998556e-01 2.824383e+00
9.997915e-01 9.279304e-04 -2.039964e-02 -7.489391e-02 -1.058232e-03 9.999791e-01 -6.377571e-03 -3.972167e-02 2.039330e-02 6.397829e-03 9.997716e-01 3.573389e+00
9.996778e-01 3.065917e-03 -2.519796e-02 -9.508429e-02 -3.256923e-03 9.999662e-01 -7.542679e-03 -5.206323e-02 2.517399e-02 7.622316e-03 9.996540e-01 4.336046e+00
9.995294e-01 5.673510e-03 -3.014688e-02 -1.248197e-01 -5.922608e-03 9.999490e-01 -8.179946e-03 -6.302742e-02 3.009894e-02 8.354645e-03 9.995120e-01 5.103977e+00
9.993660e-01 6.372588e-03 -3.502796e-02 -1.504170e-01 -6.611125e-03 9.999557e-01 -6.698321e-03 -7.561724e-02 3.498372e-02 6.925649e-03 9.993639e-01 5.902225e+00
9.992071e-01 5.651869e-03 -3.941136e-02 -1.923707e-01 -5.818532e-03 9.999746e-01 -4.115377e-03 -8.144352e-02 3.938710e-02 4.341430e-03 9.992146e-01 6.709627e+00
9.987730e-01 1.520399e-02 -4.713106e-02 -2.259482e-01 -1.495341e-02 9.998721e-01 5.664770e-03 -8.563635e-02 4.721117e-02 -4.953049e-03 9.988727e-01 7.507543e+00
9.986272e-01 1.664533e-02 -4.966511e-02 -2.863481e-01 -1.641107e-02 9.998522e-01 5.120800e-03 -9.200189e-02 4.974301e-02 -4.298712e-03 9.987528e-01 8.336069e+00
9.985448e-01 1.628810e-02 -5.140982e-02 -3.566254e-01 -1.605848e-02 9.998592e-01 4.876522e-03 -9.327004e-02 5.148201e-02 -4.043863e-03 9.986657e-01 9.171533e+00
9.984732e-01 1.401675e-02 -5.342970e-02 -4.049003e-01 -1.380929e-02 9.998956e-01 4.250003e-03 -9.866134e-02 5.348370e-02 -3.505688e-03 9.985626e-01 1.001954e+01
9.983564e-01 1.384862e-02 -5.561250e-02 -4.570264e-01 -1.360261e-02 9.998960e-01 4.799791e-03 -9.791175e-02 5.567318e-02 -4.035427e-03 9.984409e-01 1.086583e+01
9.983031e-01 1.192297e-02 -5.699747e-02 -4.982447e-01 -1.167446e-02 9.999208e-01 4.691149e-03 -1.029032e-01 5.704889e-02 -4.017774e-03 9.983633e-01 1.169703e+01
9.981586e-01 1.479400e-02 -5.882592e-02 -5.518293e-01 -1.468160e-02 9.998895e-01 2.342465e-03 -1.125124e-01 5.885407e-02 -1.474493e-03 9.982655e-01 1.254633e+01
9.980696e-01 1.601722e-02 -6.000395e-02 -6.282538e-01 -1.608773e-02 9.998703e-01 -6.921005e-04 -1.159881e-01 5.998509e-02 1.656092e-03 9.981979e-01 1.343338e+01
9.979001e-01 2.029231e-02 -6.151093e-02 -7.006065e-01 -2.045474e-02 9.997888e-01 -2.011933e-03 -1.283626e-01 6.145711e-02 3.265897e-03 9.981044e-01 1.432279e+01
9.978049e-01 2.181184e-02 -6.252645e-02 -7.749751e-01 -2.197037e-02 9.997569e-01 -1.848943e-03 -1.361177e-01 6.247092e-02 3.218614e-03 9.980416e-01 1.523036e+01
9.977528e-01 2.202321e-02 -6.328002e-02 -8.541411e-01 -2.203170e-02 9.997571e-01 5.638075e-04 -1.398781e-01 6.327706e-02 8.316257e-04 9.979957e-01 1.614790e+01
9.977060e-01 2.157573e-02 -6.416638e-02 -9.457972e-01 -2.150962e-02 9.997672e-01 1.721069e-03 -1.317739e-01 6.418857e-02 -3.369260e-04 9.979377e-01 1.707433e+01
9.976349e-01 2.239899e-02 -6.498356e-02 -1.022590e+00 -2.233316e-02 9.997491e-01 1.739371e-03 -1.462804e-01 6.500621e-02 -2.839691e-04 9.978848e-01 1.799420e+01
9.975580e-01 2.005804e-02 -6.690016e-02 -1.084349e+00 -2.001283e-02 9.997988e-01 1.346079e-03 -1.501923e-01 6.691370e-02 -3.930167e-06 9.977588e-01 1.890725e+01
9.975499e-01 1.638758e-02 -6.801255e-02 -1.152690e+00 -1.636062e-02 9.998657e-01 9.535550e-04 -1.480336e-01 6.801904e-02 1.615086e-04 9.976840e-01 1.982875e+01
9.974991e-01 1.699795e-02 -6.860550e-02 -1.233159e+00 -1.686397e-02 9.998546e-01 2.531679e-03 -1.551252e-01 6.863856e-02 -1.368387e-03 9.976407e-01 2.077667e+01
9.974661e-01 1.814361e-02 -6.879109e-02 -1.310397e+00 -1.777134e-02 9.998240e-01 6.019806e-03 -1.610241e-01 6.888820e-02 -4.782043e-03 9.976129e-01 2.172511e+01
9.974920e-01 1.941792e-02 -6.806386e-02 -1.382904e+00 -1.880373e-02 9.997766e-01 9.652972e-03 -1.660565e-01 6.823610e-02 -8.348908e-03 9.976343e-01 2.267597e+01
9.976045e-01 1.973566e-02 -6.630035e-02 -1.456817e+00 -1.896046e-02 9.997446e-01 1.230134e-02 -1.752893e-01 6.652619e-02 -1.101479e-02 9.977239e-01 2.361318e+01
9.976900e-01 2.062211e-02 -6.472563e-02 -1.526737e+00 -1.981679e-02 9.997183e-01 1.305960e-02 -1.806181e-01 6.497672e-02 -1.174678e-02 9.978176e-01 2.456279e+01
9.977444e-01 2.355846e-02 -6.285830e-02 -1.589051e+00 -2.255740e-02 9.996079e-01 1.658812e-02 -1.858407e-01 6.322445e-02 -1.513279e-02 9.978846e-01 2.546066e+01
9.977717e-01 2.404335e-02 -6.223844e-02 -1.663817e+00 -2.336742e-02 9.996600e-01 1.156570e-02 -1.728375e-01 6.249536e-02 -1.008558e-02 9.979943e-01 2.643492e+01
9.978272e-01 2.461414e-02 -6.111486e-02 -1.712941e+00 -2.414013e-02 9.996726e-01 8.482452e-03 -1.835147e-01 6.130364e-02 -6.988700e-03 9.980947e-01 2.735772e+01
9.979229e-01 2.310344e-02 -6.013337e-02 -1.778572e+00 -2.258801e-02 9.997022e-01 9.237285e-03 -1.879520e-01 6.032888e-02 -7.859805e-03 9.981476e-01 2.832212e+01
9.979322e-01 2.291540e-02 -6.005128e-02 -1.844112e+00 -2.211235e-02 9.996574e-01 1.400333e-02 -1.972945e-01 6.035160e-02 -1.264650e-02 9.980971e-01 2.929428e+01
9.979536e-01 1.982546e-02 -6.079068e-02 -1.904548e+00 -1.880185e-02 9.996724e-01 1.736428e-02 -2.042347e-01 6.111502e-02 -1.618577e-02 9.979995e-01 3.027834e+01
9.980130e-01 1.288396e-02 -6.167772e-02 -1.961383e+00 -1.186932e-02 9.997886e-01 1.678894e-02 -2.082436e-01 6.188099e-02 -1.602351e-02 9.979549e-01 3.124157e+01
9.979400e-01 1.166380e-02 -6.308563e-02 -2.032504e+00 -1.087722e-02 9.998589e-01 1.279768e-02 -2.105620e-01 6.322600e-02 -1.208512e-02 9.979261e-01 3.223488e+01
9.978343e-01 1.270776e-02 -6.453784e-02 -2.110165e+00 -1.216539e-02 9.998874e-01 8.789951e-03 -2.151719e-01 6.464227e-02 -7.985787e-03 9.978765e-01 3.323580e+01
9.976622e-01 1.484646e-02 -6.670685e-02 -2.184449e+00 -1.434611e-02 9.998653e-01 7.973535e-03 -2.189893e-01 6.681624e-02 -6.997911e-03 9.977408e-01 3.422461e+01
9.975894e-01 1.572933e-02 -6.758712e-02 -2.273763e+00 -1.501538e-02 9.998261e-01 1.105849e-02 -2.226362e-01 6.774931e-02 -1.001698e-02 9.976521e-01 3.526978e+01
9.974570e-01 1.849391e-02 -6.882949e-02 -2.354541e+00 -1.755765e-02 9.997453e-01 1.418280e-02 -2.304879e-01 6.907426e-02 -1.293825e-02 9.975276e-01 3.626387e+01
9.973474e-01 1.904690e-02 -7.025295e-02 -2.417811e+00 -1.801203e-02 9.997202e-01 1.533481e-02 -2.320850e-01 7.052537e-02 -1.402874e-02 9.974113e-01 3.725873e+01
9.972705e-01 2.012178e-02 -7.103917e-02 -2.510595e+00 -1.889842e-02 9.996620e-01 1.785127e-02 -2.246729e-01 7.137436e-02 -1.646002e-02 9.973138e-01 3.826874e+01
9.972800e-01 2.047944e-02 -7.080368e-02 -2.588542e+00 -1.903554e-02 9.995981e-01 2.100802e-02 -2.294064e-01 7.120545e-02 -1.960309e-02 9.972690e-01 3.927678e+01
9.971208e-01 2.610080e-02 -7.119576e-02 -2.687006e+00 -2.449129e-02 9.994264e-01 2.338695e-02 -2.186025e-01 7.176534e-02 -2.157594e-02 9.971882e-01 4.028194e+01
9.971065e-01 2.592361e-02 -7.146039e-02 -2.766475e+00 -2.435659e-02 9.994453e-01 2.271349e-02 -2.078634e-01 7.200957e-02 -2.090724e-02 9.971848e-01 4.128690e+01
9.970934e-01 2.658190e-02 -7.140169e-02 -2.842360e+00 -2.514539e-02 9.994644e-01 2.094289e-02 -2.003532e-01 7.192015e-02 -1.908659e-02 9.972278e-01 4.228115e+01
9.970199e-01 2.913350e-02 -7.143217e-02 -2.918232e+00 -2.784298e-02 9.994318e-01 1.899619e-02 -1.997536e-01 7.194501e-02 -1.695070e-02 9.972646e-01 4.326077e+01
9.969438e-01 2.947269e-02 -7.234928e-02 -2.990842e+00 -2.818419e-02 9.994266e-01 1.876634e-02 -1.953190e-01 7.286089e-02 -1.666988e-02 9.972028e-01 4.425581e+01
9.967229e-01 2.781368e-02 -7.596000e-02 -3.061674e+00 -2.586424e-02 9.993134e-01 2.652849e-02 -1.861110e-01 7.664570e-02 -2.447691e-02 9.967579e-01 4.523926e+01
9.966518e-01 2.832006e-02 -7.670185e-02 -3.142695e+00 -2.626195e-02 9.992710e-01 2.770983e-02 -1.801883e-01 7.743068e-02 -2.560271e-02 9.966689e-01 4.622712e+01
9.965242e-01 3.181823e-02 -7.698823e-02 -3.227668e+00 -3.005214e-02 9.992604e-01 2.399083e-02 -1.786535e-01 7.769463e-02 -2.159378e-02 9.967433e-01 4.719055e+01
9.964268e-01 3.196848e-02 -7.817670e-02 -3.306668e+00 -3.051417e-02 9.993396e-01 1.972742e-02 -1.633291e-01 7.875573e-02 -1.727143e-02 9.967443e-01 4.815398e+01
9.963002e-01 3.381284e-02 -7.900992e-02 -3.375281e+00 -3.246460e-02 9.993056e-01 1.828718e-02 -1.627053e-01 7.957340e-02 -1.565450e-02 9.967061e-01 4.911048e+01
9.962977e-01 3.395984e-02 -7.897917e-02 -3.450574e+00 -3.233902e-02 9.992411e-01 2.171171e-02 -1.648591e-01 7.965656e-02 -1.907722e-02 9.966398e-01 5.008578e+01
9.963164e-01 3.251468e-02 -7.934951e-02 -3.520750e+00 -3.062562e-02 9.992205e-01 2.490919e-02 -1.621887e-01 8.009757e-02 -2.238731e-02 9.965356e-01 5.105339e+01
9.963143e-01 3.197483e-02 -7.959565e-02 -3.595275e+00 -3.002989e-02 9.992233e-01 2.551383e-02 -1.623500e-01 8.034963e-02 -2.302954e-02 9.965007e-01 5.201791e+01
9.963797e-01 2.896171e-02 -7.992995e-02 -3.667542e+00 -2.708356e-02 9.993333e-01 2.448250e-02 -1.587562e-01 8.058572e-02 -2.222908e-02 9.964998e-01 5.296500e+01
9.964027e-01 2.667979e-02 -8.043550e-02 -3.749222e+00 -2.489024e-02 9.994217e-01 2.316965e-02 -1.564137e-01 8.100714e-02 -2.108424e-02 9.964905e-01 5.393680e+01
9.967987e-01 2.398790e-02 -7.626838e-02 -3.825653e+00 -2.247905e-02 9.995355e-01 2.058089e-02 -1.432063e-01 7.672664e-02 -1.880056e-02 9.968749e-01 5.490014e+01
9.967806e-01 2.136414e-02 -7.727913e-02 -3.893408e+00 -1.949841e-02 9.995018e-01 2.481739e-02 -1.419962e-01 7.777084e-02 -2.323067e-02 9.967006e-01 5.584671e+01
9.967544e-01 2.098095e-02 -7.772048e-02 -3.968193e+00 -1.870910e-02 9.993794e-01 2.984487e-02 -1.334797e-01 7.829842e-02 -2.829392e-02 9.965284e-01 5.679623e+01
9.966317e-01 2.474855e-02 -7.818479e-02 -4.043768e+00 -2.229743e-02 9.992369e-01 3.206937e-02 -1.382906e-01 7.891880e-02 -3.021803e-02 9.964229e-01 5.774299e+01
9.964690e-01 2.700399e-02 -7.950090e-02 -4.126628e+00 -2.485746e-02 9.993025e-01 2.786713e-02 -1.313550e-01 8.019797e-02 -2.579253e-02 9.964452e-01 5.867604e+01
9.962518e-01 2.946124e-02 -8.132948e-02 -4.188782e+00 -2.790240e-02 9.994058e-01 2.023758e-02 -1.324884e-01 8.187738e-02 -1.789243e-02 9.964818e-01 5.957735e+01
9.961151e-01 3.143070e-02 -8.226016e-02 -4.281014e+00 -3.026153e-02 9.994230e-01 1.542180e-02 -1.273462e-01 8.269741e-02 -1.287257e-02 9.964916e-01 6.050210e+01
9.957860e-01 3.778687e-02 -8.356042e-02 -4.348026e+00 -3.652682e-02 9.991955e-01 1.655775e-02 -1.396097e-01 8.411886e-02 -1.343578e-02 9.963651e-01 6.138517e+01
9.956269e-01 4.070764e-02 -8.408361e-02 -4.445169e+00 -3.922345e-02 9.990454e-01 1.922913e-02 -1.482616e-01 8.478612e-02 -1.584699e-02 9.962731e-01 6.226005e+01
9.954294e-01 4.372834e-02 -8.490129e-02 -4.533573e+00 -4.210682e-02 9.988966e-01 2.079742e-02 -1.510020e-01 8.571705e-02 -1.712744e-02 9.961723e-01 6.314571e+01
9.975736e-01 4.109984e-02 -5.619411e-02 -4.631303e+00 -3.983954e-02 9.989328e-01 2.336750e-02 -1.540826e-01 5.709454e-02 -2.107206e-02 9.981464e-01 6.402193e+01
9.973956e-01 4.304887e-02 -5.786957e-02 -4.688031e+00 -4.171985e-02 9.988415e-01 2.398162e-02 -1.395626e-01 5.883491e-02 -2.150485e-02 9.980361e-01 6.488775e+01
9.972828e-01 4.375426e-02 -5.926762e-02 -4.745313e+00 -4.234918e-02 9.987960e-01 2.476007e-02 -1.375115e-01 6.027962e-02 -2.218286e-02 9.979350e-01 6.572293e+01
9.971894e-01 4.382092e-02 -6.077084e-02 -4.799559e+00 -4.236065e-02 9.987867e-01 2.511349e-02 -1.279557e-01 6.179761e-02 -2.246862e-02 9.978358e-01 6.655144e+01
9.971233e-01 4.368981e-02 -6.193850e-02 -4.861273e+00 -4.212249e-02 9.987639e-01 2.638894e-02 -1.288045e-01 6.301487e-02 -2.370402e-02 9.977310e-01 6.735614e+01
9.969434e-01 4.635679e-02 -6.288854e-02 -4.937322e+00 -4.461065e-02 9.985866e-01 2.889202e-02 -1.108878e-01 6.413899e-02 -2.599821e-02 9.976023e-01 6.816384e+01
9.967908e-01 4.812598e-02 -6.396838e-02 -4.996455e+00 -4.608209e-02 9.983907e-01 3.305265e-02 -1.061277e-01 6.545613e-02 -2.999878e-02 9.974044e-01 6.896179e+01
9.965059e-01 5.173947e-02 -6.556666e-02 -5.057192e+00 -4.953773e-02 9.981667e-01 3.477334e-02 -9.800967e-02 6.724561e-02 -3.140381e-02 9.972421e-01 6.974196e+01
9.962344e-01 5.500505e-02 -6.701796e-02 -5.121949e+00 -5.306885e-02 9.981299e-01 3.033762e-02 -7.630559e-02 6.856135e-02 -2.666682e-02 9.972904e-01 7.049935e+01
9.960869e-01 5.561175e-02 -6.868877e-02 -5.179803e+00 -5.414009e-02 9.982660e-01 2.310540e-02 -7.322063e-02 6.985459e-02 -1.929618e-02 9.973705e-01 7.123128e+01
9.948703e-01 5.464257e-02 -8.513088e-02 -5.232638e+00 -5.289058e-02 9.983422e-01 2.270291e-02 -7.577925e-02 8.623030e-02 -1.808383e-02 9.961111e-01 7.189678e+01
9.947421e-01 5.619296e-02 -8.561833e-02 -5.299544e+00 -5.456352e-02 9.982840e-01 2.125597e-02 -6.365587e-02 8.666584e-02 -1.647257e-02 9.961012e-01 7.259078e+01
9.945648e-01 5.885335e-02 -8.589060e-02 -5.375297e+00 -5.691337e-02 9.980694e-01 2.486527e-02 -6.154091e-02 8.718818e-02 -1.984180e-02 9.959942e-01 7.326096e+01
9.944188e-01 5.906000e-02 -8.742552e-02 -5.428664e+00 -5.685646e-02 9.980039e-01 2.748608e-02 -6.519899e-02 8.887434e-02 -2.236197e-02 9.957918e-01 7.391789e+01
9.944584e-01 5.637579e-02 -8.873673e-02 -5.490169e+00 -5.443992e-02 9.982264e-01 2.408894e-02 -6.070822e-02 8.993739e-02 -1.912463e-02 9.957638e-01 7.456943e+01
9.948421e-01 4.854926e-02 -8.906276e-02 -5.537181e+00 -4.706862e-02 9.987175e-01 1.865154e-02 -5.446758e-02 8.985405e-02 -1.436327e-02 9.958514e-01 7.519146e+01
9.950124e-01 4.477079e-02 -8.913948e-02 -5.567348e+00 -4.367793e-02 9.989451e-01 1.417417e-02 -6.130204e-02 8.968004e-02 -1.021004e-02 9.959183e-01 7.579812e+01
9.951319e-01 4.763715e-02 -8.627346e-02 -5.615191e+00 -4.661420e-02 9.988172e-01 1.383422e-02 -6.254127e-02 8.683043e-02 -9.745302e-03 9.961754e-01 7.637837e+01
9.952268e-01 5.275130e-02 -8.210362e-02 -5.673775e+00 -5.155714e-02 9.985321e-01 1.659882e-02 -6.059185e-02 8.285871e-02 -1.228657e-02 9.964856e-01 7.695920e+01
9.956843e-01 5.117824e-02 -7.741778e-02 -5.716407e+00 -4.981082e-02 9.985684e-01 1.949325e-02 -6.068830e-02 7.830458e-02 -1.555288e-02 9.968082e-01 7.752004e+01
9.973530e-01 4.482477e-02 -5.725225e-02 -5.747004e+00 -4.369224e-02 9.988268e-01 2.088291e-02 -6.548331e-02 5.812115e-02 -1.832615e-02 9.981413e-01 7.803624e+01
9.979824e-01 4.046813e-02 -4.892226e-02 -5.764934e+00 -3.933776e-02 9.989413e-01 2.385192e-02 -6.414162e-02 4.983570e-02 -2.187931e-02 9.985178e-01 7.856582e+01
9.982634e-01 4.439683e-02 -3.871898e-02 -5.775440e+00 -4.351687e-02 9.987814e-01 2.328122e-02 -6.484488e-02 3.970541e-02 -2.155586e-02 9.989789e-01 7.909176e+01
9.984743e-01 4.989867e-02 -2.364551e-02 -5.786545e+00 -4.937758e-02 9.985349e-01 2.213203e-02 -6.342181e-02 2.471523e-02 -2.093071e-02 9.994754e-01 7.959430e+01
9.984487e-01 5.535931e-02 -5.958158e-03 -5.779050e+00 -5.521759e-02 9.982368e-01 2.178000e-02 -5.760914e-02 7.153378e-03 -2.141721e-02 9.997450e-01 8.009186e+01
9.984157e-01 5.387195e-02 1.624810e-02 -5.758144e+00 -5.421640e-02 9.982964e-01 2.156081e-02 -5.727894e-02 -1.505889e-02 -2.240756e-02 9.996355e-01 8.057486e+01
9.977976e-01 5.096148e-02 4.246124e-02 -5.711388e+00 -5.188919e-02 9.984312e-01 2.103966e-02 -4.943987e-02 -4.132241e-02 -2.319660e-02 9.988766e-01 8.104712e+01
9.961490e-01 5.017100e-02 7.190329e-02 -5.650807e+00 -5.180712e-02 9.984348e-01 2.107186e-02 -4.595027e-02 -7.073355e-02 -2.471581e-02 9.971890e-01 8.151144e+01
9.932267e-01 5.016716e-02 1.048044e-01 -5.574628e+00 -5.266234e-02 9.983878e-01 2.117622e-02 -4.888707e-02 -1.035731e-01 -2.655203e-02 9.942674e-01 8.195785e+01
9.885255e-01 5.063347e-02 1.423149e-01 -5.487502e+00 -5.402447e-02 9.983380e-01 2.006290e-02 -5.089655e-02 -1.410625e-01 -2.752118e-02 9.896181e-01 8.240448e+01
9.824530e-01 5.016118e-02 1.796386e-01 -5.386500e+00 -5.514890e-02 9.982160e-01 2.287653e-02 -4.255185e-02 -1.781707e-01 -3.238199e-02 9.834666e-01 8.281836e+01
9.731228e-01 5.038126e-02 2.247082e-01 -5.259044e+00 -5.641795e-02 9.981963e-01 2.052083e-02 -4.284023e-02 -2.232691e-01 -3.264687e-02 9.742100e-01 8.324100e+01
9.603912e-01 5.292476e-02 2.735833e-01 -5.116613e+00 -5.959703e-02 9.980922e-01 1.612915e-02 -4.909978e-02 -2.722077e-01 -3.179504e-02 9.617131e-01 8.364606e+01
9.437085e-01 5.466263e-02 3.262305e-01 -4.943631e+00 -6.134674e-02 9.980641e-01 1.022784e-02 -4.945997e-02 -3.250398e-01 -2.966527e-02 9.452349e-01 8.403831e+01
9.225303e-01 5.560298e-02 3.818982e-01 -4.766877e+00 -6.215608e-02 9.980547e-01 4.833862e-03 -4.976655e-02 -3.808865e-01 -2.819668e-02 9.241918e-01 8.440247e+01
8.967750e-01 5.670775e-02 4.388381e-01 -4.570653e+00 -6.298363e-02 9.980145e-01 -2.575290e-04 -5.525846e-02 -4.379814e-01 -2.740867e-02 8.985661e-01 8.474541e+01
8.662066e-01 5.739968e-02 4.963782e-01 -4.351129e+00 -6.256612e-02 9.980214e-01 -6.226943e-03 -5.410334e-02 -4.957535e-01 -2.566264e-02 8.680840e-01 8.507125e+01
8.315370e-01 5.585320e-02 5.526542e-01 -4.110987e+00 -5.938504e-02 9.981686e-01 -1.152628e-02 -6.855437e-02 -5.522859e-01 -2.323486e-02 8.333309e-01 8.536471e+01
7.935434e-01 5.534718e-02 6.059914e-01 -3.846382e+00 -5.757939e-02 9.982164e-01 -1.577038e-02 -8.455077e-02 -6.057833e-01 -2.237813e-02 7.953149e-01 8.564287e+01
7.523357e-01 5.430700e-02 6.565377e-01 -3.570791e+00 -5.639395e-02 9.982472e-01 -1.794965e-02 -1.002718e-01 -6.563617e-01 -2.352059e-02 7.540796e-01 8.589962e+01
7.098736e-01 5.283490e-02 7.023446e-01 -3.275385e+00 -5.991668e-02 9.980977e-01 -1.452439e-02 -1.109667e-01 -7.017760e-01 -3.177167e-02 7.116889e-01 8.613760e+01
6.636883e-01 5.239891e-02 7.461717e-01 -2.963874e+00 -5.851117e-02 9.981236e-01 -1.804866e-02 -1.188145e-01 -7.457173e-01 -3.168069e-02 6.655089e-01 8.636053e+01
6.159193e-01 5.164477e-02 7.861147e-01 -2.641762e+00 -5.466733e-02 9.982454e-01 -2.274921e-02 -1.325135e-01 -7.859102e-01 -2.896312e-02 6.176619e-01 8.656725e+01
5.685344e-01 4.975273e-02 8.211536e-01 -2.305250e+00 -4.808562e-02 9.984727e-01 -2.720370e-02 -1.443339e-01 -8.212530e-01 -2.401944e-02 5.700585e-01 8.674361e+01
5.209088e-01 5.220392e-02 8.520145e-01 -1.971414e+00 -4.886289e-02 9.983151e-01 -3.129389e-02 -1.599646e-01 -8.522127e-01 -2.533063e-02 5.225820e-01 8.690504e+01
4.723616e-01 5.551436e-02 8.796548e-01 -1.636241e+00 -5.182499e-02 9.980372e-01 -3.515613e-02 -1.784693e-01 -8.798799e-01 -2.898170e-02 4.743115e-01 8.705732e+01
4.260095e-01 5.813203e-02 9.028491e-01 -1.289779e+00 -5.175313e-02 9.978653e-01 -3.983014e-02 -1.986691e-01 -9.032373e-01 -2.975725e-02 4.281086e-01 8.718956e+01
3.832789e-01 5.612290e-02 9.219260e-01 -9.334087e-01 -4.368625e-02 9.981366e-01 -4.260028e-02 -2.173447e-01 -9.225989e-01 -2.394770e-02 3.850165e-01 8.729629e+01
3.441248e-01 4.928093e-02 9.376297e-01 -5.614616e-01 -2.759037e-02 9.987211e-01 -4.236574e-02 -2.325593e-01 -9.385185e-01 -1.129045e-02 3.450444e-01 8.737744e+01
3.087240e-01 4.596796e-02 9.500402e-01 -1.931049e-01 -2.244774e-02 9.989054e-01 -4.103772e-02 -2.532911e-01 -9.508867e-01 -8.656932e-03 3.094179e-01 8.745584e+01
2.760341e-01 4.941833e-02 9.598766e-01 1.718357e-01 -2.864976e-02 9.986566e-01 -4.317600e-02 -2.724862e-01 -9.607208e-01 -1.558219e-02 2.770791e-01 8.754137e+01
2.441575e-01 5.731121e-02 9.680406e-01 5.342156e-01 -3.818780e-02 9.980460e-01 -4.945597e-02 -2.981325e-01 -9.689834e-01 -2.489229e-02 2.458690e-01 8.763337e+01
2.154856e-01 6.164722e-02 9.745592e-01 9.147615e-01 -4.234420e-02 9.976564e-01 -5.374551e-02 -3.325762e-01 -9.755885e-01 -2.968555e-02 2.175910e-01 8.770748e+01
1.896983e-01 6.372152e-02 9.797725e-01 1.322746e+00 -4.017575e-02 9.975598e-01 -5.709973e-02 -3.620193e-01 -9.810201e-01 -2.853137e-02 1.917955e-01 8.777255e+01
1.671926e-01 6.552033e-02 9.837447e-01 1.720451e+00 -3.120455e-02 9.976412e-01 -6.114249e-02 -3.779348e-01 -9.854303e-01 -2.047474e-02 1.688427e-01 8.779406e+01
1.473164e-01 7.207375e-02 9.864600e-01 2.137973e+00 -2.302046e-02 9.973212e-01 -6.942946e-02 -3.967215e-01 -9.888215e-01 -1.248066e-02 1.485810e-01 8.783200e+01
1.273261e-01 7.902449e-02 9.887078e-01 2.498400e+00 -2.136305e-02 9.968083e-01 -7.692079e-02 -4.120098e-01 -9.916308e-01 -1.132779e-02 1.286079e-01 8.787096e+01
1.102765e-01 7.974143e-02 9.906969e-01 2.913645e+00 -2.110115e-02 9.967395e-01 -7.787898e-02 -4.375743e-01 -9.936769e-01 -1.231662e-02 1.115996e-01 8.790039e+01
9.459560e-02 7.502734e-02 9.926845e-01 3.304947e+00 -2.212933e-02 9.970681e-01 -7.324988e-02 -4.902738e-01 -9.952698e-01 -1.503832e-02 9.597856e-02 8.793615e+01
8.057684e-02 7.185398e-02 9.941551e-01 3.782737e+00 -2.065705e-02 9.973044e-01 -7.040734e-02 -5.319321e-01 -9.965343e-01 -1.486311e-02 8.184393e-02 8.794919e+01
3.257354e-02 1.109419e-01 9.932929e-01 3.992282e+00 -2.202312e-02 9.936587e-01 -1.102605e-01 -5.308941e-01 -9.992267e-01 -1.828384e-02 3.481026e-02 8.793157e+01
2.134028e-02 1.102604e-01 9.936736e-01 4.449173e+00 -1.691571e-02 9.937975e-01 -1.099108e-01 -5.968929e-01 -9.996292e-01 -1.446317e-02 2.307305e-02 8.793494e+01
1.159634e-02 1.109093e-01 9.937629e-01 4.936102e+00 -1.332958e-02 9.937585e-01 -1.107533e-01 -6.626870e-01 -9.998439e-01 -1.196211e-02 1.300234e-02 8.792081e+01
3.776215e-03 1.115605e-01 9.937505e-01 5.459451e+00 -1.053993e-02 9.937068e-01 -1.115156e-01 -7.281051e-01 -9.999373e-01 -1.005295e-02 4.928291e-03 8.792098e+01
-9.952885e-04 1.115400e-01 9.937594e-01 5.927351e+00 -9.570557e-03 9.937134e-01 -1.115444e-01 -8.105884e-01 -9.999537e-01 -9.621851e-03 7.846883e-05 8.786811e+01
-5.805636e-03 1.128232e-01 9.935981e-01 6.455646e+00 -7.464468e-03 9.935823e-01 -1.128651e-01 -8.608640e-01 -9.999553e-01 -8.071935e-03 -4.926211e-03 8.783512e+01
-1.135487e-02 1.137292e-01 9.934469e-01 7.010171e+00 -5.920989e-03 9.934859e-01 -1.138013e-01 -9.169102e-01 -9.999180e-01 -7.174388e-03 -1.060752e-02 8.781680e+01
-1.554004e-02 1.141421e-01 9.933429e-01 7.629427e+00 -3.456847e-03 9.934508e-01 -1.142086e-01 -9.863571e-01 -9.998733e-01 -5.208640e-03 -1.504370e-02 8.781110e+01
-1.707409e-02 1.145646e-01 9.932691e-01 8.182387e+00 -7.288339e-04 9.934122e-01 -1.145936e-01 -1.035597e+00 -9.998540e-01 -2.680510e-03 -1.687811e-02 8.774728e+01
-2.011371e-02 1.145311e-01 9.932160e-01 8.783538e+00 -2.219854e-04 9.934164e-01 -1.145588e-01 -1.098782e+00 -9.997977e-01 -2.524681e-03 -1.995586e-02 8.772760e+01
-2.020807e-02 1.032761e-01 9.944474e-01 9.543662e+00 2.622397e-03 9.946526e-01 -1.032441e-01 -1.187601e+00 -9.997924e-01 5.214725e-04 -2.037084e-02 8.775515e+01
-2.031336e-02 1.030548e-01 9.944682e-01 1.020166e+01 6.072757e-03 9.946678e-01 -1.029514e-01 -1.272613e+00 -9.997752e-01 3.947874e-03 -2.083087e-02 8.772075e+01
-1.927455e-02 1.030491e-01 9.944895e-01 1.089115e+01 9.327329e-03 9.946495e-01 -1.028849e-01 -1.347096e+00 -9.997707e-01 7.292869e-03 -2.013260e-02 8.771278e+01
-1.630075e-02 1.032785e-01 9.945189e-01 1.156339e+01 1.019744e-02 9.946165e-01 -1.031215e-01 -1.417027e+00 -9.998151e-01 8.460590e-03 -1.726617e-02 8.767649e+01
-1.212768e-02 1.035940e-01 9.945457e-01 1.225752e+01 1.191977e-02 9.945632e-01 -1.034504e-01 -1.488544e+00 -9.998554e-01 1.060015e-02 -1.329656e-02 8.765373e+01
-7.527163e-03 1.036235e-01 9.945881e-01 1.302078e+01 1.228525e-02 9.945508e-01 -1.035266e-01 -1.557493e+00 -9.998962e-01 1.143950e-02 -8.759187e-03 8.765217e+01
-3.567888e-03 1.024454e-01 9.947322e-01 1.378111e+01 1.346134e-02 9.946534e-01 -1.023890e-01 -1.632873e+00 -9.999030e-01 1.302511e-02 -4.927863e-03 8.765759e+01
2.790752e-04 1.014470e-01 9.948409e-01 1.454513e+01 1.270060e-02 9.947603e-01 -1.014423e-01 -1.703581e+00 -9.999193e-01 1.266338e-02 -1.010824e-03 8.766176e+01
4.120907e-03 9.910179e-02 9.950688e-01 1.532434e+01 8.654925e-03 9.950364e-01 -9.913441e-02 -1.795304e+00 -9.999541e-01 9.020769e-03 3.242734e-03 8.767635e+01
7.570518e-03 9.816001e-02 9.951418e-01 1.611561e+01 6.897041e-03 9.951416e-01 -9.821245e-02 -1.879908e+00 -9.999476e-01 7.607053e-03 6.856724e-03 8.769724e+01
8.280214e-03 8.656336e-02 9.962119e-01 1.696026e+01 4.384614e-03 9.962334e-01 -8.660166e-02 -1.967969e+00 -9.999561e-01 5.085085e-03 7.869478e-03 8.772141e+01
1.180392e-02 9.082518e-02 9.957969e-01 1.775189e+01 2.132424e-03 9.958617e-01 -9.085637e-02 -2.040662e+00 -9.999281e-01 3.195923e-03 1.156139e-02 8.772104e+01
1.262527e-02 9.573910e-02 9.953264e-01 1.854641e+01 -4.180173e-03 9.954021e-01 -9.569336e-02 -2.123756e+00 -9.999116e-01 -2.952482e-03 1.296742e-02 8.774280e+01
1.251353e-02 9.889112e-02 9.950196e-01 1.935983e+01 -6.423845e-03 9.950849e-01 -9.881682e-02 -2.203459e+00 -9.999011e-01 -5.155304e-03 1.308729e-02 8.775870e+01
1.240228e-02 9.828667e-02 9.950809e-01 2.016275e+01 -9.971137e-03 9.951201e-01 -9.816627e-02 -2.296061e+00 -9.998734e-01 -8.704602e-03 1.332179e-02 8.776956e+01
1.202246e-02 9.618816e-02 9.952906e-01 2.097193e+01 -1.367250e-02 9.952853e-01 -9.602249e-02 -2.395032e+00 -9.998342e-01 -1.245369e-02 1.328091e-02 8.778901e+01
1.206920e-02 9.523104e-02 9.953820e-01 2.177059e+01 -1.260334e-02 9.953899e-01 -9.507898e-02 -2.476284e+00 -9.998477e-01 -1.139761e-02 1.321379e-02 8.779707e+01
1.200178e-02 9.467915e-02 9.954355e-01 2.258307e+01 -1.584563e-02 9.954002e-01 -9.448475e-02 -2.564174e+00 -9.998024e-01 -1.463931e-02 1.344682e-02 8.781975e+01
1.201705e-02 9.492509e-02 9.954119e-01 2.339341e+01 -1.829733e-02 9.953380e-01 -9.469715e-02 -2.655350e+00 -9.997604e-01 -1.707540e-02 1.369791e-02 8.783666e+01
1.201079e-02 9.554579e-02 9.953526e-01 2.418509e+01 -2.146983e-02 9.952195e-01 -9.527395e-02 -2.739845e+00 -9.996973e-01 -2.022573e-02 1.400472e-02 8.784708e+01
1.524557e-02 9.142520e-02 9.956952e-01 2.498853e+01 -2.493857e-02 9.955360e-01 -9.102873e-02 -2.828876e+00 -9.995727e-01 -2.344343e-02 1.745753e-02 8.786032e+01
1.245643e-02 9.121150e-02 9.957536e-01 2.578843e+01 -2.782484e-02 9.954769e-01 -9.083807e-02 -2.907147e+00 -9.995352e-01 -2.657516e-02 1.493804e-02 8.787361e+01
8.184128e-03 8.976985e-02 9.959289e-01 2.659713e+01 -3.081895e-02 9.955118e-01 -8.947900e-02 -2.993091e+00 -9.994915e-01 -2.996118e-02 1.091401e-02 8.789215e+01
3.354619e-03 8.716681e-02 9.961881e-01 2.739789e+01 -3.319886e-02 9.956543e-01 -8.700830e-02 -3.079484e+00 -9.994431e-01 -3.278043e-02 6.233880e-03 8.789521e+01
-2.947379e-03 8.502999e-02 9.963740e-01 2.821096e+01 -3.508547e-02 9.957561e-01 -8.508105e-02 -3.167770e+00 -9.993800e-01 -3.520902e-02 4.844678e-05 8.789986e+01
-1.054475e-02 8.564114e-02 9.962702e-01 2.901837e+01 -3.580728e-02 9.956543e-01 -8.596719e-02 -3.242252e+00 -9.993031e-01 -3.658022e-02 -7.432346e-03 8.789600e+01
-1.921143e-02 8.666312e-02 9.960524e-01 2.982286e+01 -3.610269e-02 9.955265e-01 -8.731369e-02 -3.322738e+00 -9.991634e-01 -3.763759e-02 -1.599671e-02 8.788556e+01
-2.928256e-02 8.712020e-02 9.957673e-01 3.061429e+01 -3.603512e-02 9.954550e-01 -8.815256e-02 -3.403923e+00 -9.989214e-01 -3.846393e-02 -2.601008e-02 8.786813e+01
-3.936353e-02 8.645147e-02 9.954781e-01 3.139766e+01 -3.398259e-02 9.955581e-01 -8.780217e-02 -3.482664e+00 -9.986469e-01 -3.728513e-02 -3.625084e-02 8.783859e+01
-5.015620e-02 8.561534e-02 9.950650e-01 3.218650e+01 -3.484173e-02 9.955625e-01 -8.741435e-02 -3.563626e+00 -9.981335e-01 -3.905415e-02 -4.695065e-02 8.780334e+01
-3.943702e-02 8.406643e-02 9.956794e-01 3.282079e+01 -3.462121e-02 9.957414e-01 -8.544294e-02 -3.633179e+00 -9.986221e-01 -3.784124e-02 -3.635859e-02 8.773681e+01
-5.034383e-02 8.460117e-02 9.951423e-01 3.358571e+01 -3.409501e-02 9.956794e-01 -8.637169e-02 -3.709013e+00 -9.981498e-01 -3.827766e-02 -4.724183e-02 8.769677e+01
-6.097944e-02 8.553038e-02 9.944677e-01 3.434695e+01 -3.343809e-02 9.955876e-01 -8.767708e-02 -3.777505e+00 -9.975788e-01 -3.859960e-02 -5.785040e-02 8.764519e+01
-7.176426e-02 8.693113e-02 9.936261e-01 3.512576e+01 -3.331671e-02 9.954299e-01 -8.949522e-02 -3.852581e+00 -9.968650e-01 -3.952692e-02 -6.854003e-02 8.759219e+01
-8.214545e-02 8.806872e-02 9.927215e-01 3.588683e+01 -3.250157e-02 9.953214e-01 -9.098880e-02 -3.929543e+00 -9.960902e-01 -3.973932e-02 -7.889875e-02 8.752928e+01
-9.138599e-02 8.882952e-02 9.918457e-01 3.665840e+01 -3.165972e-02 9.952508e-01 -9.205152e-02 -4.010525e+00 -9.953121e-01 -3.981377e-02 -8.813966e-02 8.745120e+01
-1.010505e-01 8.941869e-02 9.908547e-01 3.740369e+01 -3.087765e-02 9.951910e-01 -9.295901e-02 -4.089454e+00 -9.944020e-01 -3.998882e-02 -9.780354e-02 8.737379e+01
-1.100020e-01 8.960169e-02 9.898844e-01 3.813544e+01 -3.032776e-02 9.951620e-01 -9.344961e-02 -4.173545e+00 -9.934686e-01 -4.030062e-02 -1.067524e-01 8.728571e+01
-1.184099e-01 8.922151e-02 9.889482e-01 3.886037e+01 -2.916705e-02 9.952127e-01 -9.327894e-02 -4.252047e+00 -9.925363e-01 -3.988985e-02 -1.152407e-01 8.719527e+01
-1.256405e-01 8.817726e-02 9.881494e-01 3.957701e+01 -2.715681e-02 9.953633e-01 -9.227390e-02 -4.331001e+00 -9.917041e-01 -3.842832e-02 -1.226633e-01 8.710146e+01
-1.286222e-01 8.071343e-02 9.884036e-01 4.028368e+01 -2.343408e-02 9.961567e-01 -8.439606e-02 -4.409575e+00 -9.914168e-01 -3.401753e-02 -1.262364e-01 8.701288e+01
-1.317337e-01 7.942118e-02 9.880984e-01 4.098484e+01 -1.975761e-02 9.963769e-01 -8.272068e-02 -4.478957e+00 -9.910882e-01 -3.041957e-02 -1.296873e-01 8.690708e+01
-1.340035e-01 7.825469e-02 9.878863e-01 4.168443e+01 -1.847315e-02 9.965068e-01 -8.144338e-02 -4.552217e+00 -9.908087e-01 -2.916307e-02 -1.320898e-01 8.680300e+01
-1.350661e-01 7.807036e-02 9.877561e-01 4.232082e+01 -1.723761e-02 9.965550e-01 -8.112288e-02 -4.604668e+00 -9.906866e-01 -2.798351e-02 -1.332551e-01 8.669304e+01
-1.353318e-01 7.866807e-02 9.876723e-01 4.289969e+01 -1.655878e-02 9.965242e-01 -8.164202e-02 -4.659956e+00 -9.906620e-01 -2.740342e-02 -1.335588e-01 8.659815e+01
-1.336408e-01 8.015328e-02 9.877832e-01 4.349766e+01 -1.464413e-02 9.964554e-01 -8.283824e-02 -4.721952e+00 -9.909216e-01 -2.553579e-02 -1.319933e-01 8.650743e+01
-1.299178e-01 8.195051e-02 9.881323e-01 4.410129e+01 -1.332438e-02 9.963443e-01 -8.438343e-02 -4.783453e+00 -9.914352e-01 -2.412916e-02 -1.283509e-01 8.640878e+01
-1.245716e-01 8.299384e-02 9.887335e-01 4.471394e+01 -1.247171e-02 9.962859e-01 -8.519911e-02 -4.840953e+00 -9.921322e-01 -2.294459e-02 -1.230738e-01 8.632961e+01
-1.166018e-01 8.377469e-02 9.896392e-01 4.529265e+01 -1.398413e-02 9.961989e-01 -8.597763e-02 -4.899210e+00 -9.930803e-01 -2.386439e-02 -1.149871e-01 8.626064e+01
-1.055246e-01 8.341168e-02 9.909122e-01 4.583192e+01 -1.705520e-02 9.961775e-01 -8.567114e-02 -4.963999e+00 -9.942704e-01 -2.594062e-02 -1.036986e-01 8.620847e+01
-9.455591e-02 8.375556e-02 9.919900e-01 4.643802e+01 -1.820032e-02 9.961426e-01 -8.584102e-02 -5.029368e+00 -9.953532e-01 -2.617131e-02 -9.266679e-02 8.616260e+01
-7.745757e-02 8.514040e-02 9.933536e-01 4.697555e+01 -2.032373e-02 9.960051e-01 -8.695242e-02 -5.081720e+00 -9.967885e-01 -2.692377e-02 -7.541777e-02 8.613705e+01
-5.636432e-02 8.777796e-02 9.945442e-01 4.750804e+01 -2.312665e-02 9.957457e-01 -8.919467e-02 -5.136614e+00 -9.981424e-01 -2.802788e-02 -5.409452e-02 8.612155e+01
-3.175678e-02 9.069573e-02 9.953722e-01 4.802377e+01 -2.722194e-02 9.954266e-01 -9.156918e-02 -5.194939e+00 -9.991249e-01 -3.000391e-02 -2.914263e-02 8.612256e+01
-3.230354e-03 9.247594e-02 9.957097e-01 4.851309e+01 -3.093259e-02 9.952292e-01 -9.253167e-02 -5.252693e+00 -9.995163e-01 -3.109878e-02 -3.544229e-04 8.613578e+01
3.030747e-02 9.222220e-02 9.952771e-01 4.897663e+01 -3.530240e-02 9.952121e-01 -9.114116e-02 -5.300388e+00 -9.989170e-01 -3.237341e-02 3.341803e-02 8.616969e+01
6.933381e-02 9.027108e-02 9.935009e-01 4.944671e+01 -3.809183e-02 9.954108e-01 -8.778628e-02 -5.346154e+00 -9.968660e-01 -3.175771e-02 7.245421e-02 8.621502e+01
1.113947e-01 8.678544e-02 9.899796e-01 4.999619e+01 -4.357865e-02 9.956478e-01 -8.237878e-02 -5.393278e+00 -9.928203e-01 -3.396542e-02 1.146919e-01 8.629548e+01
1.569118e-01 8.325843e-02 9.840969e-01 5.051390e+01 -4.797114e-02 9.959066e-01 -7.660869e-02 -5.438126e+00 -9.864469e-01 -3.518745e-02 1.602635e-01 8.639901e+01
2.051165e-01 7.995107e-02 9.754666e-01 5.102118e+01 -5.577941e-02 9.959930e-01 -6.990442e-02 -5.484613e+00 -9.771468e-01 -4.007240e-02 2.087542e-01 8.653759e+01
2.687659e-01 7.499618e-02 9.602814e-01 5.150633e+01 -6.277335e-02 9.962086e-01 -6.023286e-02 -5.523883e+00 -9.611578e-01 -4.409154e-02 2.724547e-01 8.668635e+01
3.242336e-01 7.524249e-02 9.429799e-01 5.199674e+01 -6.637952e-02 9.961842e-01 -5.666389e-02 -5.551841e+00 -9.436452e-01 -4.422222e-02 3.279910e-01 8.686380e+01
3.813073e-01 7.583836e-02 9.213323e-01 5.245182e+01 -6.641457e-02 9.963014e-01 -5.452267e-02 -5.580636e+00 -9.220596e-01 -4.039999e-02 3.849338e-01 8.710077e+01
4.422458e-01 7.987008e-02 8.933305e-01 5.287903e+01 -6.781911e-02 9.961534e-01 -5.548912e-02 -5.602116e+00 -8.943261e-01 -3.604505e-02 4.459614e-01 8.733439e+01
5.026189e-01 8.293116e-02 8.605212e-01 5.326968e+01 -6.849272e-02 9.960793e-01 -5.598965e-02 -5.630938e+00 -8.617906e-01 -3.079798e-02 5.063284e-01 8.759786e+01
5.614478e-01 8.731045e-02 8.228932e-01 5.363625e+01 -7.459844e-02 9.957096e-01 -5.474918e-02 -5.653957e+00 -8.241429e-01 -3.064775e-02 5.655521e-01 8.788089e+01
6.173723e-01 8.983403e-02 7.815250e-01 5.397910e+01 -7.952871e-02 9.954959e-01 -5.160499e-02 -5.676719e+00 -7.826408e-01 -3.029419e-02 6.217360e-01 8.820961e+01
6.708310e-01 8.970153e-02 7.361654e-01 5.430414e+01 -8.116914e-02 9.955752e-01 -4.734514e-02 -5.700017e+00 -7.371549e-01 -2.799333e-02 6.751437e-01 8.855141e+01
7.203887e-01 8.745667e-02 6.880345e-01 5.459480e+01 -8.176743e-02 9.958092e-01 -4.096571e-02 -5.720312e+00 -6.887338e-01 -2.674758e-02 7.245208e-01 8.889778e+01
7.658867e-01 8.350423e-02 6.375301e-01 5.486875e+01 -8.356623e-02 9.960484e-01 -3.007229e-02 -5.738048e+00 -6.375220e-01 -3.024402e-02 7.698383e-01 8.928437e+01
8.143549e-01 7.479448e-02 5.755275e-01 5.512117e+01 -8.124064e-02 9.965881e-01 -1.456157e-02 -5.747175e+00 -5.746530e-01 -3.489793e-02 8.176528e-01 8.969111e+01
8.501797e-01 7.337774e-02 5.213541e-01 5.532055e+01 -8.381573e-02 9.964749e-01 -3.568856e-03 -5.753039e+00 -5.197782e-01 -4.066351e-02 8.533330e-01 9.008559e+01
8.807647e-01 6.904505e-02 4.684937e-01 5.546088e+01 -8.268422e-02 9.965389e-01 8.579119e-03 -5.766112e+00 -4.662798e-01 -4.629322e-02 8.834252e-01 9.043595e+01
9.054607e-01 7.038459e-02 4.185534e-01 5.559559e+01 -8.568456e-02 9.961625e-01 1.784604e-02 -5.763862e+00 -4.156911e-01 -5.202245e-02 9.080168e-01 9.086978e+01
9.250006e-01 7.229378e-02 3.730247e-01 5.572424e+01 -8.789779e-02 9.958165e-01 2.496930e-02 -5.761286e+00 -3.696590e-01 -5.588466e-02 9.274854e-01 9.130683e+01
9.395478e-01 7.835713e-02 3.333318e-01 5.584110e+01 -9.387305e-02 9.951116e-01 3.067255e-02 -5.751840e+00 -3.292989e-01 -6.010920e-02 9.423105e-01 9.175500e+01
9.509152e-01 8.324911e-02 2.980435e-01 5.595157e+01 -9.717143e-02 9.947474e-01 3.217633e-02 -5.737607e+00 -2.937993e-01 -5.955827e-02 9.540098e-01 9.217072e+01
9.597939e-01 8.576501e-02 2.672826e-01 5.605392e+01 -9.850361e-02 9.945352e-01 3.459578e-02 -5.727150e+00 -2.628548e-01 -5.953312e-02 9.629970e-01 9.263739e+01
9.660831e-01 8.026338e-02 2.454411e-01 5.615893e+01 -9.186436e-02 9.951144e-01 3.616895e-02 -5.709168e+00 -2.413389e-01 -5.748950e-02 9.687365e-01 9.310709e+01
9.700546e-01 7.800193e-02 2.300214e-01 5.626457e+01 -8.896902e-02 9.953213e-01 3.768267e-02 -5.695167e+00 -2.260059e-01 -5.701902e-02 9.724557e-01 9.358974e+01
9.750507e-01 7.908954e-02 2.074150e-01 5.635491e+01 -8.920420e-02 9.952155e-01 3.985961e-02 -5.677779e+00 -2.032702e-01 -5.736743e-02 9.774406e-01 9.408283e+01
9.766364e-01 8.442979e-02 1.976180e-01 5.644261e+01 -9.421934e-02 9.947211e-01 4.065397e-02 -5.650395e+00 -1.931424e-01 -5.832358e-02 9.794358e-01 9.457554e+01
9.770842e-01 9.272505e-02 1.915948e-01 5.652716e+01 -1.021249e-01 9.939766e-01 3.976165e-02 -5.634255e+00 -1.867538e-01 -5.841709e-02 9.806684e-01 9.508974e+01
9.771748e-01 9.824798e-02 1.883529e-01 5.661698e+01 -1.068825e-01 9.936116e-01 3.622212e-02 -5.613669e+00 -1.835909e-01 -5.552697e-02 9.814332e-01 9.561374e+01
9.772364e-01 9.963694e-02 1.873007e-01 5.671465e+01 -1.077774e-01 9.936015e-01 3.376678e-02 -5.604350e+00 -1.827379e-01 -5.318490e-02 9.817221e-01 9.614071e+01
9.769179e-01 9.849472e-02 1.895527e-01 5.682433e+01 -1.060164e-01 9.939137e-01 2.993380e-02 -5.592574e+00 -1.854507e-01 -4.933855e-02 9.814142e-01 9.668785e+01
9.763415e-01 9.737922e-02 1.930662e-01 5.693808e+01 -1.037454e-01 9.943352e-01 2.311842e-02 -5.576257e+00 -1.897213e-01 -4.260121e-02 9.809133e-01 9.722468e+01
9.754369e-01 9.909957e-02 1.967286e-01 5.705965e+01 -1.046805e-01 9.943403e-01 1.814946e-02 -5.568044e+00 -1.938166e-01 -3.829730e-02 9.802900e-01 9.774765e+01
9.740013e-01 1.041829e-01 2.011653e-01 5.716947e+01 -1.100232e-01 9.937653e-01 1.804172e-02 -5.558789e+00 -1.980314e-01 -3.970550e-02 9.793912e-01 9.832490e+01
9.723634e-01 1.077720e-01 2.071103e-01 5.728567e+01 -1.146414e-01 9.931760e-01 2.142126e-02 -5.547331e+00 -2.033883e-01 -4.457266e-02 9.780831e-01 9.891317e+01
9.739004e-01 1.024825e-01 2.025224e-01 5.743083e+01 -1.101524e-01 9.935495e-01 2.694046e-02 -5.538781e+00 -1.984551e-01 -4.854566e-02 9.789070e-01 9.952035e+01
9.733920e-01 9.902556e-02 2.066443e-01 5.757062e+01 -1.079080e-01 9.936413e-01 3.213688e-02 -5.523477e+00 -2.021479e-01 -5.358036e-02 9.778882e-01 1.001500e+02
9.727098e-01 9.711637e-02 2.107229e-01 5.769529e+01 -1.071025e-01 9.935786e-01 3.647867e-02 -5.514138e+00 -2.058271e-01 -5.805210e-02 9.768650e-01 1.007375e+02
9.725210e-01 9.262841e-02 2.135952e-01 5.784061e+01 -1.027923e-01 9.940161e-01 3.695581e-02 -5.504328e+00 -2.088939e-01 -5.789625e-02 9.762230e-01 1.013416e+02
9.727687e-01 8.963565e-02 2.137441e-01 5.798628e+01 -9.902638e-02 9.945168e-01 3.361779e-02 -5.488468e+00 -2.095587e-01 -5.386864e-02 9.763111e-01 1.019860e+02
9.729827e-01 8.917435e-02 2.129615e-01 5.812550e+01 -9.699057e-02 9.949319e-01 2.651997e-02 -5.475145e+00 -2.095173e-01 -4.645874e-02 9.767006e-01 1.026400e+02
9.729626e-01 9.220701e-02 2.117584e-01 5.826502e+01 -9.860722e-02 9.949286e-01 1.984217e-02 -5.460804e+00 -2.088549e-01 -4.018660e-02 9.771206e-01 1.032873e+02
9.732204e-01 9.624051e-02 2.087579e-01 5.841703e+01 -1.017966e-01 9.946764e-01 1.601062e-02 -5.439178e+00 -2.061057e-01 -3.683271e-02 9.778363e-01 1.039731e+02
9.737559e-01 9.557667e-02 2.065540e-01 5.856380e+01 -1.019300e-01 9.945842e-01 2.031368e-02 -5.427790e+00 -2.034938e-01 -4.083461e-02 9.782243e-01 1.046622e+02
9.742893e-01 9.186459e-02 2.057213e-01 5.871239e+01 -9.969762e-02 9.946233e-01 2.801687e-02 -5.417993e+00 -2.020414e-01 -4.780646e-02 9.782095e-01 1.053694e+02
9.768419e-01 8.974947e-02 1.942289e-01 5.885508e+01 -9.839755e-02 9.945200e-01 3.532541e-02 -5.411110e+00 -1.899941e-01 -5.361899e-02 9.803200e-01 1.060961e+02
9.768213e-01 9.402016e-02 1.923025e-01 5.899650e+01 -1.025276e-01 9.941228e-01 3.475560e-02 -5.396372e+00 -1.879046e-01 -5.366634e-02 9.807200e-01 1.068164e+02
9.766382e-01 1.000548e-01 1.901758e-01 5.911282e+01 -1.076647e-01 9.937319e-01 3.008712e-02 -5.374539e+00 -1.859734e-01 -4.985945e-02 9.812889e-01 1.075808e+02
9.773572e-01 1.011359e-01 1.858614e-01 5.924806e+01 -1.075807e-01 9.938846e-01 2.489709e-02 -5.354044e+00 -1.822067e-01 -4.432845e-02 9.822605e-01 1.083163e+02
9.782559e-01 1.001182e-01 1.816365e-01 5.938375e+01 -1.058081e-01 9.941457e-01 2.188572e-02 -5.332201e+00 -1.783820e-01 -4.062844e-02 9.831222e-01 1.090775e+02
9.791276e-01 9.797491e-02 1.780733e-01 5.951364e+01 -1.037845e-01 9.943201e-01 2.358495e-02 -5.318841e+00 -1.747511e-01 -4.157392e-02 9.837345e-01 1.098460e+02
9.801783e-01 9.388577e-02 1.744588e-01 5.966055e+01 -9.986244e-02 9.946672e-01 2.578206e-02 -5.306004e+00 -1.711079e-01 -4.269290e-02 9.843269e-01 1.106055e+02
9.804725e-01 9.347626e-02 1.730200e-01 5.978832e+01 -9.988616e-02 9.945849e-01 2.869934e-02 -5.296371e+00 -1.694003e-01 -4.542122e-02 9.845001e-01 1.113959e+02
9.809789e-01 9.015141e-02 1.719104e-01 5.993179e+01 -9.683628e-02 9.948209e-01 3.088717e-02 -5.271851e+00 -1.682356e-01 -4.694683e-02 9.846282e-01 1.122235e+02
9.815419e-01 8.501427e-02 1.713130e-01 6.008274e+01 -9.178850e-02 9.952641e-01 3.200343e-02 -5.254155e+00 -1.677810e-01 -4.713727e-02 9.846967e-01 1.130395e+02
9.833745e-01 8.268409e-02 1.616725e-01 6.022947e+01 -8.937775e-02 9.953978e-01 3.456511e-02 -5.238712e+00 -1.580705e-01 -4.844037e-02 9.862389e-01 1.138036e+02
9.829073e-01 8.800482e-02 1.617045e-01 6.036188e+01 -9.440489e-02 9.950092e-01 3.231607e-02 -5.214925e+00 -1.580535e-01 -4.702940e-02 9.863100e-01 1.146115e+02
9.823254e-01 9.380800e-02 1.619780e-01 6.048777e+01 -9.974504e-02 9.945932e-01 2.890075e-02 -5.194233e+00 -1.583911e-01 -4.454644e-02 9.863711e-01 1.154593e+02
9.813081e-01 1.027338e-01 1.627272e-01 6.060948e+01 -1.085561e-01 9.937160e-01 2.727731e-02 -5.175949e+00 -1.589024e-01 -4.443248e-02 9.862940e-01 1.162977e+02
9.801961e-01 1.089916e-01 1.653371e-01 6.074401e+01 -1.150942e-01 9.929666e-01 2.776066e-02 -5.163674e+00 -1.611485e-01 -4.624023e-02 9.858463e-01 1.171162e+02
9.793046e-01 1.119038e-01 1.686417e-01 6.086881e+01 -1.184581e-01 9.925271e-01 2.928663e-02 -5.144152e+00 -1.641042e-01 -4.865750e-02 9.852422e-01 1.179702e+02
9.787435e-01 1.129326e-01 1.711939e-01 6.100416e+01 -1.194523e-01 9.924382e-01 2.824041e-02 -5.128453e+00 -1.667101e-01 -4.808963e-02 9.848325e-01 1.188371e+02
9.786586e-01 1.113977e-01 1.726787e-01 6.115380e+01 -1.174547e-01 9.927576e-01 2.523230e-02 -5.112649e+00 -1.686172e-01 -4.497572e-02 9.846550e-01 1.196732e+02
9.790619e-01 1.058458e-01 1.738807e-01 6.131302e+01 -1.120990e-01 9.933432e-01 2.651623e-02 -5.100343e+00 -1.699165e-01 -4.545287e-02 9.844097e-01 1.205183e+02
9.796971e-01 9.953415e-02 1.740301e-01 6.146891e+01 -1.054315e-01 9.941134e-01 2.495393e-02 -5.092964e+00 -1.705219e-01 -4.279555e-02 9.844241e-01 1.213548e+02
9.813589e-01 9.514383e-02 1.669798e-01 6.161617e+01 -1.008014e-01 9.945741e-01 2.572013e-02 -5.083985e+00 -1.636267e-01 -4.207248e-02 9.856248e-01 1.222077e+02
9.808243e-01 9.786148e-02 1.685435e-01 6.176054e+01 -1.040925e-01 9.941586e-01 2.851880e-02 -5.070512e+00 -1.647680e-01 -4.551605e-02 9.852816e-01 1.230562e+02
9.803746e-01 1.003308e-01 1.697035e-01 6.190539e+01 -1.075863e-01 9.936111e-01 3.408945e-02 -5.054091e+00 -1.651991e-01 -5.167821e-02 9.849054e-01 1.238798e+02
9.797849e-01 1.045415e-01 1.705658e-01 6.205053e+01 -1.125949e-01 9.929057e-01 3.821927e-02 -5.040800e+00 -1.653602e-01 -5.665150e-02 9.846048e-01 1.246977e+02
9.798647e-01 1.030901e-01 1.709903e-01 6.219479e+01 -1.100269e-01 9.934270e-01 3.157461e-02 -5.027199e+00 -1.666114e-01 -4.975237e-02 9.847667e-01 1.255349e+02
9.805687e-01 9.850848e-02 1.696500e-01 6.234182e+01 -1.029003e-01 9.945417e-01 1.727070e-02 -5.016190e+00 -1.670227e-01 -3.439214e-02 9.853530e-01 1.263672e+02
9.809713e-01 9.619746e-02 1.686456e-01 6.247989e+01 -9.898817e-02 9.950548e-01 8.199438e-03 -5.006052e+00 -1.670229e-01 -2.473733e-02 9.856426e-01 1.271978e+02
9.811784e-01 9.399645e-02 1.686823e-01 6.261877e+01 -9.830234e-02 9.950055e-01 1.734119e-02 -4.996884e+00 -1.662098e-01 -3.359667e-02 9.855179e-01 1.280283e+02
9.816013e-01 8.877340e-02 1.690505e-01 6.276217e+01 -9.646105e-02 9.946186e-01 3.780307e-02 -4.981922e+00 -1.647849e-01 -5.341433e-02 9.848822e-01 1.288887e+02
9.817909e-01 8.658621e-02 1.690839e-01 6.290474e+01 -9.677774e-02 9.938950e-01 5.297911e-02 -4.973240e+00 -1.634644e-01 -6.837797e-02 9.841767e-01 1.297259e+02
9.830404e-01 8.841636e-02 1.606677e-01 6.302597e+01 -9.726794e-02 9.940965e-01 4.807393e-02 -4.953176e+00 -1.554686e-01 -6.288643e-02 9.858371e-01 1.305539e+02
9.827780e-01 9.616918e-02 1.577939e-01 6.314247e+01 -1.024390e-01 9.942220e-01 3.207519e-02 -4.928184e+00 -1.537975e-01 -4.768704e-02 9.869510e-01 1.313624e+02
9.830439e-01 9.620202e-02 1.561086e-01 6.326483e+01 -1.011586e-01 9.945783e-01 2.410464e-02 -4.903429e+00 -1.529433e-01 -3.948765e-02 9.874457e-01 1.321866e+02
9.837610e-01 9.250453e-02 1.538088e-01 6.339779e+01 -9.727872e-02 9.949727e-01 2.379271e-02 -4.901239e+00 -1.508346e-01 -3.836867e-02 9.878141e-01 1.329862e+02
9.841821e-01 9.280731e-02 1.509052e-01 6.352240e+01 -9.775125e-02 9.948799e-01 2.566447e-02 -4.901173e+00 -1.477507e-01 -4.000969e-02 9.882150e-01 1.337977e+02
9.847683e-01 9.287246e-02 1.469905e-01 6.364099e+01 -9.748854e-02 9.949350e-01 2.450197e-02 -4.887578e+00 -1.439704e-01 -3.845864e-02 9.888344e-01 1.346177e+02
9.853243e-01 9.460948e-02 1.420739e-01 6.375086e+01 -9.888952e-02 9.948243e-01 2.335719e-02 -4.879867e+00 -1.391287e-01 -3.706403e-02 9.895804e-01 1.354167e+02
9.851504e-01 1.004027e-01 1.392766e-01 6.385008e+01 -1.046151e-01 9.942412e-01 2.324252e-02 -4.867109e+00 -1.361409e-01 -3.746781e-02 9.899807e-01 1.362461e+02
9.847575e-01 1.070476e-01 1.370891e-01 6.395018e+01 -1.112010e-01 9.935321e-01 2.298400e-02 -4.852864e+00 -1.337420e-01 -3.787812e-02 9.902920e-01 1.370667e+02
9.847849e-01 1.089200e-01 1.354073e-01 6.404822e+01 -1.132997e-01 9.932451e-01 2.504765e-02 -4.844948e+00 -1.317645e-01 -4.000816e-02 9.904734e-01 1.378825e+02
9.862330e-01 1.043837e-01 1.282516e-01 6.415363e+01 -1.091103e-01 9.935653e-01 3.037865e-02 -4.834899e+00 -1.242553e-01 -4.395400e-02 9.912763e-01 1.386918e+02
9.865803e-01 1.031867e-01 1.265380e-01 6.425570e+01 -1.078243e-01 9.937067e-01 3.034645e-02 -4.822675e+00 -1.226103e-01 -4.358307e-02 9.914975e-01 1.394923e+02
9.870769e-01 1.018093e-01 1.237501e-01 6.434935e+01 -1.059263e-01 9.940035e-01 2.714028e-02 -4.806801e+00 -1.202449e-01 -3.989793e-02 9.919422e-01 1.403064e+02
9.880922e-01 9.758435e-02 1.189587e-01 6.443669e+01 -1.010808e-01 9.945957e-01 2.370695e-02 -4.792920e+00 -1.160023e-01 -3.544908e-02 9.926161e-01 1.411230e+02
9.890856e-01 9.529488e-02 1.123766e-01 6.452698e+01 -9.847931e-02 9.948704e-01 2.312233e-02 -4.779026e+00 -1.095968e-01 -3.393674e-02 9.933966e-01 1.419283e+02
9.898736e-01 9.420117e-02 1.061900e-01 6.460382e+01 -9.770620e-02 9.948131e-01 2.829110e-02 -4.755873e+00 -1.029741e-01 -3.838003e-02 9.939433e-01 1.427314e+02
9.906488e-01 9.265703e-02 1.001480e-01 6.468891e+01 -9.677101e-02 9.946179e-01 3.702266e-02 -4.741773e+00 -9.617861e-02 -4.636788e-02 9.942835e-01 1.435373e+02
9.911553e-01 9.070187e-02 9.687242e-02 6.476578e+01 -9.553908e-02 9.943384e-01 4.651175e-02 -4.723351e+00 -9.210527e-02 -5.535547e-02 9.942094e-01 1.443658e+02
9.908454e-01 9.810154e-02 9.274459e-02 6.482585e+01 -1.029809e-01 9.934575e-01 4.936636e-02 -4.698784e+00 -8.729490e-02 -5.846535e-02 9.944654e-01 1.451670e+02
9.910121e-01 1.011665e-01 8.752396e-02 6.487932e+01 -1.053943e-01 9.934072e-01 4.510226e-02 -4.676381e+00 -8.238410e-02 -5.392141e-02 9.951409e-01 1.459721e+02
9.923844e-01 9.804311e-02 7.457024e-02 6.493915e+01 -1.008895e-01 9.942675e-01 3.540466e-02 -4.653475e+00 -7.067158e-02 -4.265839e-02 9.965871e-01 1.467600e+02
9.931695e-01 9.507003e-02 6.764611e-02 6.499101e+01 -9.728231e-02 9.947988e-01 3.019039e-02 -4.623991e+00 -6.442407e-02 -3.656494e-02 9.972525e-01 1.475605e+02
9.936608e-01 9.423167e-02 6.130803e-02 6.502710e+01 -9.629651e-02 9.948497e-01 3.163881e-02 -4.602944e+00 -5.801090e-02 -3.734200e-02 9.976173e-01 1.483691e+02
9.934121e-01 1.012144e-01 5.373974e-02 6.505729e+01 -1.032093e-01 9.940174e-01 3.573737e-02 -4.588769e+00 -4.980111e-02 -4.104838e-02 9.979153e-01 1.491828e+02
9.932566e-01 1.065621e-01 4.567179e-02 6.507230e+01 -1.081907e-01 9.935208e-01 3.480249e-02 -4.570370e+00 -4.166724e-02 -3.950907e-02 9.983501e-01 1.499936e+02
9.934896e-01 1.083645e-01 3.515137e-02 6.508565e+01 -1.094219e-01 9.935518e-01 2.969423e-02 -4.550016e+00 -3.170690e-02 -3.334724e-02 9.989408e-01 1.507866e+02
9.939077e-01 1.070255e-01 2.632416e-02 6.510480e+01 -1.077506e-01 9.937874e-01 2.786330e-02 -4.528127e+00 -2.317854e-02 -3.053000e-02 9.992651e-01 1.515990e+02
9.940360e-01 1.074587e-01 1.857611e-02 6.510680e+01 -1.079982e-01 9.936676e-01 3.100126e-02 -4.507773e+00 -1.512713e-02 -3.282255e-02 9.993467e-01 1.524270e+02
9.937365e-01 1.111857e-01 1.120535e-02 6.510481e+01 -1.115404e-01 9.930057e-01 3.870836e-02 -4.488045e+00 -6.823164e-03 -3.971576e-02 9.991877e-01 1.532548e+02
9.933642e-01 1.149634e-01 3.326928e-03 6.509405e+01 -1.149968e-01 9.923585e-01 4.472506e-02 -4.461097e+00 1.840239e-03 -4.481086e-02 9.989938e-01 1.540792e+02
9.938025e-01 1.109895e-01 -6.157478e-03 6.507726e+01 -1.105706e-01 9.927113e-01 4.794138e-02 -4.432726e+00 1.143359e-02 -4.696342e-02 9.988312e-01 1.548991e+02
9.936025e-01 1.122767e-01 -1.216704e-02 6.506015e+01 -1.115360e-01 9.924903e-01 5.022676e-02 -4.401575e+00 1.771497e-02 -4.854837e-02 9.986637e-01 1.557096e+02
9.936648e-01 1.111170e-01 -1.682790e-02 6.505385e+01 -1.101815e-01 9.927071e-01 4.891543e-02 -4.379624e+00 2.214051e-02 -4.675142e-02 9.986612e-01 1.565212e+02
9.929781e-01 1.163111e-01 -2.159372e-02 6.502092e+01 -1.152942e-01 9.923772e-01 4.352796e-02 -4.351195e+00 2.649190e-02 -4.073268e-02 9.988188e-01 1.573324e+02
9.921653e-01 1.220914e-01 -2.648959e-02 6.500529e+01 -1.210765e-01 9.919522e-01 3.703067e-02 -4.326401e+00 3.079753e-02 -3.353328e-02 9.989630e-01 1.581214e+02
9.919767e-01 1.229350e-01 -2.948285e-02 6.496623e+01 -1.218967e-01 9.919341e-01 3.475603e-02 -4.297100e+00 3.351777e-02 -3.088331e-02 9.989609e-01 1.589376e+02
9.915489e-01 1.257088e-01 -3.206218e-02 6.493401e+01 -1.243723e-01 9.913988e-01 4.074346e-02 -4.271118e+00 3.690822e-02 -3.641148e-02 9.986551e-01 1.597553e+02
9.910499e-01 1.293651e-01 -3.293454e-02 6.488505e+01 -1.276008e-01 9.905142e-01 5.098646e-02 -4.239868e+00 3.921800e-02 -4.632766e-02 9.981561e-01 1.605945e+02
9.906384e-01 1.317955e-01 -3.557346e-02 6.484194e+01 -1.295903e-01 9.898428e-01 5.846012e-02 -4.210556e+00 4.291691e-02 -5.330286e-02 9.976557e-01 1.614280e+02
9.907378e-01 1.294682e-01 -4.094711e-02 6.481645e+01 -1.271155e-01 9.903269e-01 5.562569e-02 -4.187462e+00 4.775279e-02 -4.990546e-02 9.976117e-01 1.622224e+02
9.922811e-01 1.144742e-01 -4.768426e-02 6.478341e+01 -1.123451e-01 9.926420e-01 4.517071e-02 -4.161112e+00 5.250428e-02 -3.946495e-02 9.978406e-01 1.630362e+02
9.922044e-01 1.116723e-01 -5.531458e-02 6.473454e+01 -1.095097e-01 9.931519e-01 4.070454e-02 -4.122401e+00 5.948135e-02 -3.432975e-02 9.976389e-01 1.638570e+02
9.913387e-01 1.156885e-01 -6.215972e-02 6.466692e+01 -1.131842e-01 9.926683e-01 4.241478e-02 -4.093334e+00 6.661089e-02 -3.501192e-02 9.971646e-01 1.646925e+02
9.909701e-01 1.149278e-01 -6.906421e-02 6.459758e+01 -1.116874e-01 9.925301e-01 4.909191e-02 -4.070543e+00 7.419033e-02 -4.093501e-02 9.964036e-01 1.655328e+02
9.909932e-01 1.103022e-01 -7.593353e-02 6.451778e+01 -1.064523e-01 9.929033e-01 5.301830e-02 -4.034431e+00 8.124269e-02 -4.445748e-02 9.957023e-01 1.663839e+02
9.913745e-01 1.026672e-01 -8.146246e-02 6.446656e+01 -9.814323e-02 9.934964e-01 5.772990e-02 -4.006448e+00 8.685963e-02 -4.923696e-02 9.950031e-01 1.671872e+02
9.911364e-01 9.979896e-02 -8.768625e-02 6.439888e+01 -9.494787e-02 9.937991e-01 5.786358e-02 -3.975982e+00 9.291724e-02 -4.902508e-02 9.944662e-01 1.680017e+02
9.910511e-01 9.432633e-02 -9.444690e-02 6.430215e+01 -8.974825e-02 9.946264e-01 5.160942e-02 -3.934152e+00 9.880750e-02 -4.267113e-02 9.941913e-01 1.688478e+02
9.910765e-01 8.490914e-02 -1.027517e-01 6.422703e+01 -8.097742e-02 9.958367e-01 4.185644e-02 -3.902323e+00 1.058779e-01 -3.316236e-02 9.938260e-01 1.696631e+02
9.911945e-01 7.384008e-02 -1.099140e-01 6.414967e+01 -7.006028e-02 9.968238e-01 3.786759e-02 -3.864683e+00 1.123610e-01 -2.983354e-02 9.932195e-01 1.704947e+02
9.905241e-01 7.577005e-02 -1.145470e-01 6.404955e+01 -7.110543e-02 9.964855e-01 4.427974e-02 -3.836469e+00 1.174995e-01 -3.571524e-02 9.924305e-01 1.713219e+02
9.889857e-01 8.845127e-02 -1.186743e-01 6.392946e+01 -8.205681e-02 9.949538e-01 5.773714e-02 -3.806538e+00 1.231824e-01 -4.736317e-02 9.912532e-01 1.721592e+02
9.879564e-01 9.433000e-02 -1.226540e-01 6.379824e+01 -8.674645e-02 9.940566e-01 6.577566e-02 -3.772530e+00 1.281297e-01 -5.434368e-02 9.902674e-01 1.730183e+02
9.875888e-01 9.305764e-02 -1.265253e-01 6.367307e+01 -8.563278e-02 9.943381e-01 6.291854e-02 -3.728838e+00 1.316640e-01 -5.130293e-02 9.899660e-01 1.738666e+02
9.871216e-01 9.404988e-02 -1.294050e-01 6.355239e+01 -8.795423e-02 9.947636e-01 5.205275e-02 -3.689397e+00 1.336229e-01 -4.000067e-02 9.902247e-01 1.746993e+02
9.855911e-01 1.043490e-01 -1.331216e-01 6.342903e+01 -9.944507e-02 9.941140e-01 4.298829e-02 -3.653134e+00 1.368239e-01 -2.913059e-02 9.901670e-01 1.755175e+02
9.854342e-01 1.029866e-01 -1.353266e-01 6.329783e+01 -9.849938e-02 9.943543e-01 3.946366e-02 -3.622259e+00 1.386268e-01 -2.555925e-02 9.900148e-01 1.763644e+02
9.855666e-01 9.899450e-02 -1.373265e-01 6.318481e+01 -9.369643e-02 9.946041e-01 4.453810e-02 -3.597830e+00 1.409946e-01 -3.102826e-02 9.895240e-01 1.772203e+02
9.855832e-01 1.000478e-01 -1.364415e-01 6.306081e+01 -9.355102e-02 9.941899e-01 5.324064e-02 -3.566185e+00 1.409753e-01 -3.970884e-02 9.892164e-01 1.780758e+02
9.853601e-01 1.029599e-01 -1.358850e-01 6.293590e+01 -9.573577e-02 9.936753e-01 5.868572e-02 -3.534780e+00 1.410678e-01 -4.481752e-02 9.889850e-01 1.789217e+02
9.858659e-01 9.976809e-02 -1.345911e-01 6.281056e+01 -9.289943e-02 9.940769e-01 5.639875e-02 -3.499801e+00 1.394207e-01 -4.309816e-02 9.892949e-01 1.797666e+02
9.859088e-01 9.514406e-02 -1.375915e-01 6.269033e+01 -8.937762e-02 9.948639e-01 4.751172e-02 -3.467632e+00 1.414053e-01 -3.454462e-02 9.893489e-01 1.806058e+02
9.865295e-01 8.329665e-02 -1.407880e-01 6.258312e+01 -7.893454e-02 9.962187e-01 3.629879e-02 -3.438956e+00 1.432792e-01 -2.469679e-02 9.893741e-01 1.814411e+02
9.870202e-01 7.299777e-02 -1.430469e-01 6.247253e+01 -6.909789e-02 9.970949e-01 3.205024e-02 -3.411440e+00 1.449709e-01 -2.175000e-02 9.891968e-01 1.822837e+02
9.866423e-01 7.646595e-02 -1.438398e-01 6.234293e+01 -7.193759e-02 9.967436e-01 3.643129e-02 -3.385995e+00 1.461572e-01 -2.559717e-02 9.889302e-01 1.831334e+02
9.860607e-01 8.321514e-02 -1.440815e-01 6.220573e+01 -7.717082e-02 9.959070e-01 4.705272e-02 -3.361129e+00 1.474072e-01 -3.527795e-02 9.884465e-01 1.839819e+02
9.857192e-01 8.504885e-02 -1.453423e-01 6.207270e+01 -7.837306e-02 9.956153e-01 5.106641e-02 -3.340741e+00 1.490482e-01 -3.894622e-02 9.880627e-01 1.848246e+02
9.856797e-01 8.366241e-02 -1.464110e-01 6.194569e+01 -7.750446e-02 9.958703e-01 4.728018e-02 -3.310608e+00 1.497619e-01 -3.525560e-02 9.880933e-01 1.856616e+02
9.856561e-01 8.388689e-02 -1.464415e-01 6.181540e+01 -7.864854e-02 9.960502e-01 4.121193e-02 -3.280062e+00 1.493202e-01 -2.910337e-02 9.883605e-01 1.864951e+02
9.850201e-01 9.032667e-02 -1.468894e-01 6.167534e+01 -8.520601e-02 9.955277e-01 4.079986e-02 -3.250903e+00 1.499178e-01 -2.767282e-02 9.883111e-01 1.873263e+02
9.857210e-01 9.058476e-02 -1.419452e-01 6.154513e+01 -8.538323e-02 9.954486e-01 4.232924e-02 -3.226899e+00 1.451335e-01 -2.960508e-02 9.889691e-01 1.881456e+02
9.852151e-01 9.528082e-02 -1.423828e-01 6.142042e+01 -8.965490e-02 9.949361e-01 4.543360e-02 -3.204604e+00 1.459907e-01 -3.199655e-02 9.887684e-01 1.889672e+02
9.848570e-01 9.961231e-02 -1.418945e-01 6.128549e+01 -9.362705e-02 9.944366e-01 4.826735e-02 -3.177723e+00 1.459131e-01 -3.425128e-02 9.887043e-01 1.897731e+02
9.845185e-01 1.026670e-01 -1.420665e-01 6.114523e+01 -9.673267e-02 9.941482e-01 4.808380e-02 -3.153141e+00 1.461718e-01 -3.359691e-02 9.886886e-01 1.905714e+02
9.846801e-01 9.966464e-02 -1.430808e-01 6.103301e+01 -9.421667e-02 9.945622e-01 4.437639e-02 -3.124115e+00 1.467255e-01 -3.021595e-02 9.887156e-01 1.913655e+02
9.842740e-01 1.016453e-01 -1.444748e-01 6.090591e+01 -9.698031e-02 9.945222e-01 3.899134e-02 -3.098953e+00 1.476467e-01 -2.436694e-02 9.887400e-01 1.921771e+02
9.839309e-01 1.028342e-01 -1.459630e-01 6.077795e+01 -9.813266e-02 9.944060e-01 3.907263e-02 -3.065540e+00 1.491644e-01 -2.412103e-02 9.885182e-01 1.930017e+02
9.834281e-01 1.050465e-01 -1.477644e-01 6.069452e+01 -9.883187e-02 9.939064e-01 4.880956e-02 -3.045336e+00 1.519913e-01 -3.339687e-02 9.878174e-01 1.937498e+02
9.834255e-01 1.040638e-01 -1.484758e-01 6.057076e+01 -9.639304e-02 9.936535e-01 5.797567e-02 -3.020455e+00 1.535667e-01 -4.270271e-02 9.872151e-01 1.945399e+02
9.839513e-01 9.852973e-02 -1.487673e-01 6.045688e+01 -9.052506e-02 9.941051e-01 5.966804e-02 -2.993672e+00 1.537694e-01 -4.524328e-02 9.870704e-01 1.953058e+02
9.852580e-01 9.387902e-02 -1.430153e-01 6.033663e+01 -8.735789e-02 9.948590e-01 5.122753e-02 -2.968702e+00 1.470892e-01 -3.797882e-02 9.883938e-01 1.960611e+02
9.851558e-01 9.515129e-02 -1.428787e-01 6.021474e+01 -8.943333e-02 9.949329e-01 4.593685e-02 -2.936105e+00 1.465256e-01 -3.247684e-02 9.886736e-01 1.968038e+02
9.853127e-01 9.380038e-02 -1.426895e-01 6.011401e+01 -8.892539e-02 9.952275e-01 4.018093e-02 -2.916374e+00 1.457775e-01 -2.690207e-02 9.889516e-01 1.974967e+02
9.855416e-01 9.115587e-02 -1.428231e-01 6.002304e+01 -8.677541e-02 9.955547e-01 3.661791e-02 -2.904576e+00 1.455262e-01 -2.369494e-02 9.890706e-01 1.981718e+02
9.862168e-01 8.739958e-02 -1.404908e-01 5.992381e+01 -8.374012e-02 9.959813e-01 3.176312e-02 -2.891506e+00 1.427022e-01 -1.956061e-02 9.895724e-01 1.988601e+02
9.869222e-01 8.590913e-02 -1.363970e-01 5.983854e+01 -8.256669e-02 9.961343e-01 2.998691e-02 -2.870575e+00 1.384459e-01 -1.833290e-02 9.902003e-01 1.995229e+02
9.874212e-01 8.810045e-02 -1.312920e-01 5.975329e+01 -8.430774e-02 9.958533e-01 3.418241e-02 -2.851141e+00 1.337591e-01 -2.268351e-02 9.907542e-01 2.001932e+02
9.877687e-01 9.404563e-02 -1.243719e-01 5.966206e+01 -8.933270e-02 9.950751e-01 4.295519e-02 -2.841441e+00 1.277991e-01 -3.131932e-02 9.913054e-01 2.008699e+02
9.878578e-01 1.009019e-01 -1.181349e-01 5.957020e+01 -9.594236e-02 9.942787e-01 4.695625e-02 -2.827091e+00 1.221970e-01 -3.505195e-02 9.918867e-01 2.015283e+02
9.884795e-01 1.012074e-01 -1.125400e-01 5.950389e+01 -9.671900e-02 9.943090e-01 4.466559e-02 -2.802492e+00 1.164200e-01 -3.326627e-02 9.926428e-01 2.021693e+02
9.906504e-01 9.549858e-02 -9.742552e-02 5.942747e+01 -9.254412e-02 9.951136e-01 3.441666e-02 -2.785462e+00 1.002362e-01 -2.507872e-02 9.946476e-01 2.028263e+02
9.912571e-01 9.568774e-02 -9.084727e-02 5.936832e+01 -9.379927e-02 9.952811e-01 2.484394e-02 -2.771766e+00 9.279583e-02 -1.610533e-02 9.955549e-01 2.034668e+02
9.915846e-01 9.822004e-02 -8.433725e-02 5.931375e+01 -9.695390e-02 9.951077e-01 1.898948e-02 -2.757051e+00 8.578979e-02 -1.065285e-02 9.962563e-01 2.041032e+02
9.921615e-01 9.853683e-02 -7.685063e-02 5.927123e+01 -9.729290e-02 9.950593e-01 1.977504e-02 -2.753860e+00 7.841951e-02 -1.214301e-02 9.968465e-01 2.047259e+02
9.930078e-01 9.451671e-02 -7.072500e-02 5.923175e+01 -9.299110e-02 9.953638e-01 2.456855e-02 -2.741619e+00 7.271924e-02 -1.781996e-02 9.971932e-01 2.053747e+02
9.941227e-01 8.720678e-02 -6.414843e-02 5.920016e+01 -8.543649e-02 9.958965e-01 2.984606e-02 -2.732317e+00 6.648798e-02 -2.419003e-02 9.974940e-01 2.060260e+02
9.949521e-01 8.170897e-02 -5.825832e-02 5.916512e+01 -8.002854e-02 9.963221e-01 3.062039e-02 -2.721139e+00 6.054601e-02 -2.580349e-02 9.978318e-01 2.066706e+02
9.950116e-01 8.347161e-02 -5.463005e-02 5.912099e+01 -8.187066e-02 9.961633e-01 3.091880e-02 -2.706593e+00 5.700129e-02 -2.629197e-02 9.980278e-01 2.073206e+02
9.947300e-01 8.739656e-02 -5.361060e-02 5.908258e+01 -8.574548e-02 9.957912e-01 3.236530e-02 -2.694903e+00 5.621358e-02 -2.759787e-02 9.980373e-01 2.079554e+02
9.946524e-01 8.829318e-02 -5.358144e-02 5.904230e+01 -8.654681e-02 9.956645e-01 3.408625e-02 -2.676038e+00 5.635873e-02 -2.926667e-02 9.979815e-01 2.086075e+02
9.954067e-01 8.505674e-02 -4.394098e-02 5.900031e+01 -8.353881e-02 9.958791e-01 3.530045e-02 -2.663431e+00 4.676245e-02 -3.146753e-02 9.984103e-01 2.092534e+02
9.952656e-01 8.675738e-02 -4.381203e-02 5.897269e+01 -8.515720e-02 9.956743e-01 3.716020e-02 -2.650532e+00 4.684643e-02 -3.325336e-02 9.983484e-01 2.098986e+02
9.944879e-01 9.506458e-02 -4.423286e-02 5.892485e+01 -9.369270e-02 9.950828e-01 3.212264e-02 -2.637432e+00 4.706909e-02 -2.780128e-02 9.985047e-01 2.105450e+02
9.939756e-01 9.964257e-02 -4.564951e-02 5.888162e+01 -9.864756e-02 9.948435e-01 2.355983e-02 -2.629760e+00 4.776168e-02 -1.891468e-02 9.986797e-01 2.111784e+02
9.940813e-01 9.724294e-02 -4.843659e-02 5.883998e+01 -9.661434e-02 9.952064e-01 1.515961e-02 -2.621027e+00 4.967857e-02 -1.039021e-02 9.987112e-01 2.118310e+02
9.944101e-01 9.146371e-02 -5.275293e-02 5.882229e+01 -9.101038e-02 9.957899e-01 1.093765e-02 -2.613989e+00 5.353123e-02 -6.075451e-03 9.985477e-01 2.124727e+02
9.940499e-01 9.318828e-02 -5.639765e-02 5.878302e+01 -9.236595e-02 9.955796e-01 1.702163e-02 -2.601953e+00 5.773457e-02 -1.171113e-02 9.982633e-01 2.131390e+02
9.931082e-01 1.011818e-01 -5.914703e-02 5.871589e+01 -9.957213e-02 9.945911e-01 2.956314e-02 -2.591776e+00 6.181836e-02 -2.347000e-02 9.978114e-01 2.138316e+02
9.933032e-01 9.732781e-02 -6.225849e-02 5.867664e+01 -9.467253e-02 9.945236e-01 4.427153e-02 -2.582975e+00 6.622639e-02 -3.808089e-02 9.970777e-01 2.144984e+02
9.936421e-01 9.143544e-02 -6.568876e-02 5.863558e+01 -8.797065e-02 9.946671e-01 5.383714e-02 -2.569919e+00 7.026107e-02 -4.771616e-02 9.963867e-01 2.151816e+02
9.945648e-01 8.728426e-02 -5.676574e-02 5.858550e+01 -8.444236e-02 9.951390e-01 5.067432e-02 -2.558018e+00 6.091287e-02 -4.560546e-02 9.971007e-01 2.158442e+02
9.941313e-01 9.016042e-02 -5.978328e-02 5.854277e+01 -8.754942e-02 9.951456e-01 4.494782e-02 -2.537642e+00 6.354558e-02 -3.945004e-02 9.971989e-01 2.164935e+02
9.940389e-01 8.804190e-02 -6.430598e-02 5.848998e+01 -8.582964e-02 9.956448e-01 3.639561e-02 -2.511440e+00 6.723026e-02 -3.065929e-02 9.972663e-01 2.171801e+02
9.945168e-01 8.033188e-02 -6.695602e-02 5.845119e+01 -7.835946e-02 9.964247e-01 3.158582e-02 -2.485807e+00 6.925398e-02 -2.616599e-02 9.972558e-01 2.178747e+02
9.950280e-01 7.329551e-02 -6.743203e-02 5.840975e+01 -7.096291e-02 9.968159e-01 3.636326e-02 -2.463657e+00 6.988259e-02 -3.139729e-02 9.970610e-01 2.185795e+02
9.954721e-01 6.576092e-02 -6.863594e-02 5.836323e+01 -6.307007e-02 9.971803e-01 4.066398e-02 -2.443057e+00 7.111651e-02 -3.615098e-02 9.968127e-01 2.192834e+02
9.955256e-01 6.359445e-02 -6.988898e-02 5.831739e+01 -6.064593e-02 9.972096e-01 4.353208e-02 -2.434796e+00 7.246236e-02 -3.909882e-02 9.966045e-01 2.199844e+02
9.955358e-01 6.200936e-02 -7.115696e-02 5.826567e+01 -5.923933e-02 9.974259e-01 4.040183e-02 -2.416936e+00 7.347908e-02 -3.600618e-02 9.966466e-01 2.206778e+02
9.957979e-01 5.595951e-02 -7.249193e-02 5.822660e+01 -5.347826e-02 9.979296e-01 3.572961e-02 -2.399776e+00 7.434125e-02 -3.170272e-02 9.967288e-01 2.213620e+02
9.961587e-01 4.761861e-02 -7.348683e-02 5.818476e+01 -4.516081e-02 9.983750e-01 3.475315e-02 -2.385067e+00 7.502231e-02 -3.130093e-02 9.966905e-01 2.220630e+02
9.972344e-01 4.293856e-02 -6.066099e-02 5.812789e+01 -4.079967e-02 9.985161e-01 3.606955e-02 -2.368848e+00 6.211975e-02 -3.349485e-02 9.975065e-01 2.227669e+02
9.972347e-01 4.246957e-02 -6.098608e-02 5.807757e+01 -4.005828e-02 9.983871e-01 4.023147e-02 -2.350876e+00 6.259633e-02 -3.767722e-02 9.973275e-01 2.234741e+02
9.972554e-01 4.100598e-02 -6.164550e-02 5.802679e+01 -3.837006e-02 9.983228e-01 4.335210e-02 -2.330149e+00 6.331980e-02 -4.086778e-02 9.971562e-01 2.241824e+02
9.972666e-01 3.967051e-02 -6.233367e-02 5.799166e+01 -3.717919e-02 9.984822e-01 4.063176e-02 -2.308359e+00 6.385095e-02 -3.820318e-02 9.972279e-01 2.248613e+02
9.973624e-01 3.667180e-02 -6.263680e-02 5.795316e+01 -3.461915e-02 9.988374e-01 3.354781e-02 -2.298225e+00 6.379424e-02 -3.129089e-02 9.974724e-01 2.255332e+02
9.973916e-01 3.458493e-02 -6.335499e-02 5.791575e+01 -3.310408e-02 9.991570e-01 2.427660e-02 -2.288800e+00 6.414119e-02 -2.211597e-02 9.976957e-01 2.261834e+02
9.973179e-01 3.577407e-02 -6.385353e-02 5.787714e+01 -3.463240e-02 9.992214e-01 1.889805e-02 -2.274784e+00 6.447987e-02 -1.663596e-02 9.977803e-01 2.268491e+02
9.971997e-01 3.969500e-02 -6.338050e-02 5.782969e+01 -3.850378e-02 9.990601e-01 1.990741e-02 -2.267853e+00 6.411115e-02 -1.741127e-02 9.977909e-01 2.274962e+02
9.972690e-01 3.860154e-02 -6.296431e-02 5.778033e+01 -3.700294e-02 9.989674e-01 2.636084e-02 -2.270322e+00 6.391686e-02 -2.395898e-02 9.976676e-01 2.281660e+02
9.973149e-01 3.716067e-02 -6.310362e-02 5.773001e+01 -3.504860e-02 9.987984e-01 3.425356e-02 -2.268419e+00 6.430068e-02 -3.194990e-02 9.974190e-01 2.288391e+02
9.975980e-01 3.716730e-02 -5.845339e-02 5.767861e+01 -3.463101e-02 9.984390e-01 4.382043e-02 -2.265487e+00 5.999083e-02 -4.169088e-02 9.973279e-01 2.293794e+02
9.975205e-01 3.844854e-02 -5.894605e-02 5.764429e+01 -3.569406e-02 9.982527e-01 4.709049e-02 -2.252436e+00 6.065362e-02 -4.486970e-02 9.971499e-01 2.299752e+02
9.974443e-01 3.692859e-02 -6.116446e-02 5.760066e+01 -3.389370e-02 9.981772e-01 4.993427e-02 -2.239297e+00 6.289697e-02 -4.773357e-02 9.968779e-01 2.305700e+02
9.973410e-01 3.052413e-02 -6.617603e-02 5.756699e+01 -2.725795e-02 9.983917e-01 4.970935e-02 -2.223288e+00 6.758694e-02 -4.777334e-02 9.965690e-01 2.311406e+02
9.968773e-01 2.647871e-02 -7.439496e-02 5.753177e+01 -2.295219e-02 9.985901e-01 4.786431e-02 -2.205920e+00 7.555746e-02 -4.600731e-02 9.960795e-01 2.316873e+02
9.960829e-01 2.329090e-02 -8.530228e-02 5.748143e+01 -1.954704e-02 9.988197e-01 4.446473e-02 -2.191000e+00 8.623722e-02 -4.262314e-02 9.953625e-01 2.322212e+02
9.947668e-01 2.197268e-02 -9.978050e-02 5.743224e+01 -1.792327e-02 9.989860e-01 4.129988e-02 -2.173814e+00 1.005868e-01 -3.929536e-02 9.941520e-01 2.327271e+02
9.926926e-01 2.038081e-02 -1.189369e-01 5.736628e+01 -1.575985e-02 9.990888e-01 3.966427e-02 -2.156227e+00 1.196369e-01 -3.750000e-02 9.921093e-01 2.332248e+02
9.898754e-01 1.669707e-02 -1.409534e-01 5.728995e+01 -1.098526e-02 9.990904e-01 4.120398e-02 -2.136288e+00 1.415132e-01 -3.923840e-02 9.891584e-01 2.337219e+02
9.860517e-01 1.883430e-02 -1.653703e-01 5.719137e+01 -1.160110e-02 9.989377e-01 4.459690e-02 -2.114094e+00 1.660346e-01 -4.205637e-02 9.852227e-01 2.342040e+02
9.810294e-01 1.568790e-02 -1.932232e-01 5.706130e+01 -6.882583e-03 9.989104e-01 4.615798e-02 -2.112029e+00 1.937367e-01 -4.395246e-02 9.800685e-01 2.347130e+02
9.742114e-01 1.379027e-02 -2.252154e-01 5.693737e+01 -3.304983e-03 9.988956e-01 4.686750e-02 -2.098309e+00 2.256130e-01 -4.491452e-02 9.731811e-01 2.351796e+02
9.653395e-01 1.557610e-02 -2.605321e-01 5.678217e+01 -4.097168e-03 9.989990e-01 4.454480e-02 -2.082866e+00 2.609652e-01 -4.193341e-02 9.644370e-01 2.356250e+02
9.536911e-01 1.967020e-02 -3.001438e-01 5.662050e+01 -7.534150e-03 9.991085e-01 4.153812e-02 -2.068128e+00 3.006933e-01 -3.735321e-02 9.529891e-01 2.360480e+02
9.391615e-01 2.286089e-02 -3.427142e-01 5.643860e+01 -1.002964e-02 9.991824e-01 3.916598e-02 -2.043290e+00 3.433294e-01 -3.334588e-02 9.386229e-01 2.364538e+02
9.216553e-01 2.792519e-02 -3.870035e-01 5.622742e+01 -1.380705e-02 9.991355e-01 3.921333e-02 -2.021527e+00 3.877640e-01 -3.079780e-02 9.212440e-01 2.368571e+02
9.006945e-01 3.720500e-02 -4.328569e-01 5.600525e+01 -2.247844e-02 9.989828e-01 3.909131e-02 -1.999031e+00 4.338710e-01 -2.547938e-02 9.006146e-01 2.372194e+02
8.758416e-01 5.006392e-02 -4.799949e-01 5.575453e+01 -3.497330e-02 9.985739e-01 4.033678e-02 -1.984982e+00 4.813298e-01 -1.854163e-02 8.763435e-01 2.375751e+02
8.473167e-01 6.228484e-02 -5.274230e-01 5.548660e+01 -4.600040e-02 9.979740e-01 4.395284e-02 -1.973098e+00 5.290920e-01 -1.298030e-02 8.484652e-01 2.379045e+02
8.147038e-01 7.092126e-02 -5.755241e-01 5.520056e+01 -5.290839e-02 9.974442e-01 4.801770e-02 -1.951897e+00 5.774586e-01 -8.670149e-03 8.163739e-01 2.382321e+02
7.842343e-01 8.236599e-02 -6.149735e-01 5.491182e+01 -5.622591e-02 9.965058e-01 6.176509e-02 -1.940191e+00 6.179119e-01 -1.386086e-02 7.861251e-01 2.384864e+02
7.462159e-01 9.011227e-02 -6.595768e-01 5.459933e+01 -5.688936e-02 9.958036e-01 7.168593e-02 -1.912026e+00 6.632688e-01 -1.597028e-02 7.482109e-01 2.387788e+02
7.062437e-01 1.020270e-01 -7.005785e-01 5.427610e+01 -5.795979e-02 9.945719e-01 8.641355e-02 -1.881018e+00 7.055923e-01 -2.042365e-02 7.083237e-01 2.390475e+02
6.644982e-01 1.138596e-01 -7.385649e-01 5.392809e+01 -5.913796e-02 9.932371e-01 9.991332e-02 -1.847325e+00 7.449462e-01 -2.271500e-02 6.667377e-01 2.393037e+02
6.209398e-01 1.227419e-01 -7.741887e-01 5.357837e+01 -5.903030e-02 9.921818e-01 1.099577e-01 -1.813105e+00 7.816324e-01 -2.257654e-02 6.233307e-01 2.395304e+02
5.757451e-01 1.266795e-01 -8.077561e-01 5.321512e+01 -5.490797e-02 9.916849e-01 1.163881e-01 -1.776801e+00 8.157835e-01 -2.265762e-02 5.779134e-01 2.397497e+02
5.282974e-01 1.291880e-01 -8.391736e-01 5.284698e+01 -4.938794e-02 9.913590e-01 1.215246e-01 -1.739205e+00 8.476218e-01 -2.275605e-02 5.301127e-01 2.399396e+02
4.792983e-01 1.265852e-01 -8.684753e-01 5.248420e+01 -3.887471e-02 9.916348e-01 1.230821e-01 -1.696433e+00 8.767907e-01 -2.523131e-02 4.802099e-01 2.401070e+02
4.283184e-01 1.205741e-01 -8.955474e-01 5.209802e+01 -2.778303e-02 9.923464e-01 1.203190e-01 -1.640696e+00 9.032007e-01 -2.665380e-02 4.283902e-01 2.402579e+02
3.754514e-01 1.128550e-01 -9.199456e-01 5.169280e+01 -1.554796e-02 9.931864e-01 1.154944e-01 -1.583827e+00 9.267117e-01 -2.905927e-02 3.746479e-01 2.403950e+02
3.310045e-01 1.082077e-01 -9.374045e-01 5.132058e+01 -1.233045e-02 9.938146e-01 1.103653e-01 -1.538398e+00 9.435486e-01 -2.497279e-02 3.302914e-01 2.404642e+02
2.796718e-01 1.058467e-01 -9.542432e-01 5.088093e+01 -6.688840e-03 9.940950e-01 1.083067e-01 -1.494968e+00 9.600724e-01 -2.390756e-02 2.787284e-01 2.405592e+02
2.304806e-01 1.062847e-01 -9.672550e-01 5.043076e+01 -3.722710e-03 9.941060e-01 1.083481e-01 -1.448416e+00 9.730698e-01 -2.137132e-02 2.295178e-01 2.406268e+02
1.840700e-01 1.071293e-01 -9.770576e-01 4.998117e+01 6.392039e-04 9.940294e-01 1.091105e-01 -1.402220e+00 9.829129e-01 -2.070852e-02 1.829025e-01 2.406772e+02
1.410319e-01 1.063371e-01 -9.842776e-01 4.951258e+01 4.962991e-03 9.941263e-01 1.081122e-01 -1.354788e+00 9.899926e-01 -2.013224e-02 1.396758e-01 2.407115e+02
1.007395e-01 1.054138e-01 -9.893126e-01 4.902503e+01 7.896298e-03 9.942551e-01 1.067445e-01 -1.305398e+00 9.948815e-01 -1.856529e-02 9.932838e-02 2.407347e+02
6.573889e-02 1.041303e-01 -9.923887e-01 4.854579e+01 1.111369e-02 9.944019e-01 1.050778e-01 -1.261403e+00 9.977750e-01 -1.793680e-02 6.421361e-02 2.407338e+02
3.686770e-02 1.013902e-01 -9.941634e-01 4.804898e+01 1.145327e-02 9.947315e-01 1.018729e-01 -1.211284e+00 9.992545e-01 -1.514224e-02 3.551221e-02 2.407144e+02
1.202838e-02 9.879735e-02 -9.950349e-01 4.752622e+01 1.282948e-02 9.950097e-01 9.894994e-02 -1.157564e+00 9.998453e-01 -1.395599e-02 1.070084e-02 2.406826e+02
-1.046242e-02 9.794604e-02 -9.951367e-01 4.700950e+01 1.263952e-02 9.951246e-01 9.781196e-02 -1.118190e+00 9.998654e-01 -1.155470e-02 -1.164940e-02 2.406513e+02
-3.766195e-02 9.065387e-02 -9.951701e-01 4.647996e+01 4.833822e-03 9.958815e-01 9.053574e-02 -1.078994e+00 9.992788e-01 -1.400722e-03 -3.794505e-02 2.406069e+02
-5.252450e-02 8.969538e-02 -9.945833e-01 4.592461e+01 2.462231e-03 9.959667e-01 8.969010e-02 -1.032169e+00 9.986166e-01 2.262034e-03 -5.253351e-02 2.405596e+02
-6.296127e-02 8.826871e-02 -9.941049e-01 4.536276e+01 6.783707e-04 9.960847e-01 8.840154e-02 -1.000357e+00 9.980157e-01 4.891502e-03 -6.277464e-02 2.405086e+02
-6.939341e-02 8.648263e-02 -9.938336e-01 4.478343e+01 3.607727e-04 9.962373e-01 8.666660e-02 -9.498481e-01 9.975893e-01 5.655543e-03 -6.916351e-02 2.404612e+02
-7.312110e-02 8.593295e-02 -9.936140e-01 4.418940e+01 -3.539725e-04 9.962787e-01 8.618946e-02 -9.018087e-01 9.973230e-01 6.653980e-03 -7.281858e-02 2.404141e+02
-7.501417e-02 8.643175e-02 -9.934296e-01 4.357503e+01 -6.111412e-05 9.962362e-01 8.668054e-02 -8.552073e-01 9.971825e-01 6.562982e-03 -7.472655e-02 2.403617e+02
-7.578316e-02 8.652174e-02 -9.933634e-01 4.294091e+01 -2.210944e-04 9.962268e-01 8.678800e-02 -7.980373e-01 9.971243e-01 6.796696e-03 -7.547808e-02 2.402986e+02
-7.569422e-02 8.687691e-02 -9.933392e-01 4.227899e+01 -3.724828e-04 9.961947e-01 8.715504e-02 -7.429253e-01 9.971310e-01 6.967134e-03 -7.537382e-02 2.402417e+02
-7.474025e-02 8.678281e-02 -9.934197e-01 4.159814e+01 2.283761e-04 9.962075e-01 8.700917e-02 -6.904270e-01 9.972030e-01 6.276213e-03 -7.447661e-02 2.401803e+02
-7.429316e-02 8.513855e-02 -9.935955e-01 4.088905e+01 1.904969e-03 9.963592e-01 8.523294e-02 -6.488610e-01 9.972346e-01 4.439456e-03 -7.418486e-02 2.401339e+02
-7.362859e-02 7.158072e-02 -9.947135e-01 4.015798e+01 -2.387142e-04 9.974195e-01 7.179311e-02 -5.821654e-01 9.972857e-01 5.523478e-03 -7.342151e-02 2.400986e+02
-7.216492e-02 7.048807e-02 -9.948988e-01 3.940330e+01 4.824330e-04 9.975019e-01 7.063751e-02 -5.330775e-01 9.973926e-01 4.617578e-03 -7.201865e-02 2.400425e+02
-7.150084e-02 6.959726e-02 -9.950095e-01 3.863152e+01 -1.192961e-03 9.975560e-01 6.986110e-02 -4.781964e-01 9.974398e-01 6.182135e-03 -7.124306e-02 2.399900e+02
-7.093474e-02 6.884746e-02 -9.951022e-01 3.782626e+01 -1.839880e-03 9.976045e-01 6.915174e-02 -4.152249e-01 9.974793e-01 6.736130e-03 -7.063814e-02 2.399507e+02
-6.977159e-02 6.932129e-02 -9.951515e-01 3.700375e+01 -6.691179e-04 9.975791e-01 6.953731e-02 -3.515593e-01 9.975628e-01 5.517602e-03 -6.955630e-02 2.399007e+02
-6.854244e-02 6.971255e-02 -9.952096e-01 3.617477e+01 2.634722e-03 9.975648e-01 6.969607e-02 -3.001014e-01 9.976447e-01 2.155038e-03 -6.855920e-02 2.398515e+02
-6.661190e-02 6.933613e-02 -9.953669e-01 3.531484e+01 5.604497e-03 9.975929e-01 6.911612e-02 -2.406320e-01 9.977632e-01 -9.745749e-04 -6.684015e-02 2.398002e+02
-6.539935e-02 7.004240e-02 -9.953979e-01 3.446819e+01 8.763798e-03 9.975353e-01 6.961700e-02 -2.054831e-01 9.978207e-01 -4.170559e-03 -6.585200e-02 2.397339e+02
-6.442266e-02 7.239641e-02 -9.952932e-01 3.358150e+01 9.997576e-03 9.973618e-01 7.189976e-02 -1.489191e-01 9.978726e-01 -5.318545e-03 -6.497649e-02 2.396804e+02
-6.386872e-02 7.617856e-02 -9.950465e-01 3.267526e+01 9.876240e-03 9.970817e-01 7.570044e-02 -6.729691e-02 9.979094e-01 -4.992428e-03 -6.443469e-02 2.396345e+02
-4.446055e-02 8.677676e-02 -9.952352e-01 3.185079e+01 9.439357e-03 9.962123e-01 8.644027e-02 -3.421487e-02 9.989665e-01 -5.551198e-03 -4.511127e-02 2.395445e+02
-4.416294e-02 8.736797e-02 -9.951967e-01 3.095201e+01 8.955751e-03 9.961632e-01 8.705540e-02 3.934412e-02 9.989842e-01 -5.068111e-03 -4.477594e-02 2.395036e+02
-4.526292e-02 8.433058e-02 -9.954093e-01 3.008567e+01 7.377587e-03 9.964316e-01 8.408172e-02 1.070213e-01 9.989479e-01 -3.537934e-03 -4.572356e-02 2.394587e+02
-4.690771e-02 7.990888e-02 -9.956979e-01 2.915185e+01 8.467221e-03 9.967911e-01 7.959772e-02 1.650058e-01 9.988633e-01 -4.697047e-03 -4.743380e-02 2.394268e+02
-4.883222e-02 7.868242e-02 -9.957030e-01 2.826181e+01 9.408551e-03 9.968843e-01 7.831434e-02 2.394777e-01 9.987627e-01 -5.543860e-03 -4.942036e-02 2.393815e+02
-5.141079e-02 8.366248e-02 -9.951671e-01 2.736296e+01 1.215453e-02 9.964635e-01 8.314356e-02 3.006927e-01 9.986036e-01 -7.821307e-03 -5.224585e-02 2.393398e+02
-5.434449e-02 9.010820e-02 -9.944482e-01 2.650370e+01 1.545483e-02 9.958765e-01 8.939304e-02 3.451670e-01 9.984026e-01 -1.051101e-02 -5.551300e-02 2.392775e+02
-5.725978e-02 9.388378e-02 -9.939352e-01 2.560484e+01 1.708310e-02 9.955150e-01 9.304886e-02 4.200179e-01 9.982131e-01 -1.165154e-02 -5.860680e-02 2.392248e+02
-6.040833e-02 9.334216e-02 -9.937998e-01 2.470729e+01 1.879900e-02 9.955479e-01 9.236365e-02 5.001092e-01 9.979967e-01 -1.310291e-02 -6.189413e-02 2.391843e+02
-6.368749e-02 9.198658e-02 -9.937215e-01 2.380404e+01 2.003419e-02 9.956601e-01 9.088205e-02 5.568143e-01 9.977688e-01 -1.412035e-02 -6.525397e-02 2.391403e+02
-6.248487e-02 8.819762e-02 -9.941412e-01 2.298177e+01 1.451760e-02 9.960626e-01 8.745561e-02 6.148532e-01 9.979403e-01 -8.967894e-03 -6.351926e-02 2.390645e+02
-6.485407e-02 8.674517e-02 -9.941173e-01 2.211890e+01 1.378105e-02 9.961974e-01 8.602763e-02 6.764456e-01 9.977996e-01 -8.120741e-03 -6.580289e-02 2.389985e+02
-6.668137e-02 8.597309e-02 -9.940635e-01 2.125195e+01 1.372858e-02 9.962656e-01 8.524263e-02 7.415513e-01 9.976799e-01 -7.962986e-03 -6.761264e-02 2.389368e+02
-6.815997e-02 8.451224e-02 -9.940885e-01 2.039330e+01 9.341997e-03 9.964161e-01 8.406959e-02 7.975843e-01 9.976307e-01 -3.556592e-03 -6.870520e-02 2.388611e+02
-6.937004e-02 8.090210e-02 -9.943051e-01 1.950845e+01 4.659416e-03 9.967216e-01 8.077364e-02 8.550199e-01 9.975801e-01 9.703901e-04 -6.951958e-02 2.387939e+02
-6.974317e-02 7.748346e-02 -9.945513e-01 1.866239e+01 1.809121e-03 9.969871e-01 7.754637e-02 9.148471e-01 9.975633e-01 3.609066e-03 -6.967322e-02 2.387196e+02
-6.910504e-02 7.633392e-02 -9.946847e-01 1.780047e+01 -6.320323e-05 9.970680e-01 7.652120e-02 9.721517e-01 9.976094e-01 5.350868e-03 -6.889760e-02 2.386520e+02
-6.745637e-02 7.623782e-02 -9.948052e-01 1.694384e+01 -1.294066e-03 9.970688e-01 7.649904e-02 1.032897e+00 9.977214e-01 6.447691e-03 -6.715998e-02 2.385873e+02
-6.568006e-02 7.575967e-02 -9.949606e-01 1.609587e+01 -4.224468e-04 9.971114e-01 7.595133e-02 1.087417e+00 9.978406e-01 5.408805e-03 -6.545833e-02 2.385329e+02
-6.371148e-02 7.670580e-02 -9.950161e-01 1.523868e+01 -1.072231e-04 9.970412e-01 7.686878e-02 1.144632e+00 9.979684e-01 5.004113e-03 -6.351475e-02 2.384767e+02
-6.964122e-02 7.573961e-02 -9.946927e-01 1.440192e+01 -2.329150e-03 9.970985e-01 7.608586e-02 1.191665e+00 9.975694e-01 7.615501e-03 -6.926275e-02 2.384219e+02
-6.768881e-02 7.778148e-02 -9.946699e-01 1.356399e+01 2.619110e-03 9.969669e-01 7.778287e-02 1.243572e+00 9.977030e-01 2.659880e-03 -6.768722e-02 2.383682e+02
-6.543224e-02 7.773784e-02 -9.948243e-01 1.273962e+01 7.284284e-03 9.969715e-01 7.742652e-02 1.299174e+00 9.978304e-01 -2.180392e-03 -6.580034e-02 2.383158e+02
-6.357439e-02 7.607686e-02 -9.950732e-01 1.190870e+01 6.028935e-03 9.971013e-01 7.584673e-02 1.347286e+00 9.979589e-01 -1.177322e-03 -6.384877e-02 2.382587e+02
-6.187890e-02 7.555378e-02 -9.952199e-01 1.107564e+01 6.194439e-03 9.971406e-01 7.531445e-02 1.392437e+00 9.980644e-01 -1.504454e-03 -6.216998e-02 2.381998e+02
-6.110104e-02 7.552251e-02 -9.952703e-01 1.026208e+01 9.124876e-03 9.971340e-01 7.510374e-02 1.457919e+00 9.980899e-01 -4.492802e-03 -6.161506e-02 2.381538e+02
-6.098078e-02 7.913140e-02 -9.949973e-01 9.421444e+00 1.104307e-02 9.968449e-01 7.860154e-02 1.513983e+00 9.980779e-01 -6.194645e-03 -6.166223e-02 2.381021e+02
-6.190035e-02 8.327021e-02 -9.946026e-01 8.592689e+00 9.305062e-03 9.965185e-01 8.285149e-02 1.565784e+00 9.980390e-01 -4.126303e-03 -6.245967e-02 2.380541e+02
-6.330609e-02 8.530181e-02 -9.943420e-01 7.781670e+00 7.244719e-03 9.963535e-01 8.501313e-02 1.619573e+00 9.979679e-01 -1.821879e-03 -6.369323e-02 2.379829e+02
-6.620513e-02 8.364341e-02 -9.942941e-01 6.961766e+00 6.092526e-03 9.964956e-01 8.342294e-02 1.674813e+00 9.977874e-01 -5.347349e-04 -6.648273e-02 2.379293e+02
-7.453834e-02 7.869219e-02 -9.941084e-01 6.166550e+00 8.489863e-04 9.968863e-01 7.884842e-02 1.729655e+00 9.972178e-01 5.033246e-03 -7.437305e-02 2.378674e+02
-7.827809e-02 7.509999e-02 -9.940989e-01 5.359025e+00 -1.492418e-05 9.971585e-01 7.533231e-02 1.783680e+00 9.969316e-01 5.911705e-03 -7.805454e-02 2.377976e+02
-8.273535e-02 7.362919e-02 -9.938479e-01 4.546566e+00 -9.441820e-04 9.972607e-01 7.396063e-02 1.830290e+00 9.965711e-01 7.057532e-03 -8.243920e-02 2.377172e+02
-8.772903e-02 7.278954e-02 -9.934814e-01 3.767699e+00 -2.902250e-03 9.973038e-01 7.332588e-02 1.875840e+00 9.961401e-01 9.316139e-03 -8.728124e-02 2.376398e+02
-9.260740e-02 7.289191e-02 -9.930310e-01 2.977260e+00 -5.297444e-03 9.972666e-01 7.369684e-02 1.923561e+00 9.956886e-01 1.208540e-02 -9.196813e-02 2.375600e+02
-9.743812e-02 7.410611e-02 -9.924788e-01 2.186079e+00 -7.874315e-03 9.971354e-01 7.522688e-02 1.972708e+00 9.952104e-01 1.514506e-02 -9.657546e-02 2.374784e+02
-1.021758e-01 7.686011e-02 -9.917926e-01 1.395980e+00 -1.003899e-02 9.968802e-01 7.828860e-02 2.018808e+00 9.947157e-01 1.795579e-02 -1.010854e-01 2.373988e+02
-1.068452e-01 7.752392e-02 -9.912488e-01 6.179925e-01 -1.441654e-02 9.967301e-01 7.950654e-02 2.074204e+00 9.941711e-01 2.278527e-02 -1.053782e-01 2.373117e+02
-1.099014e-01 7.674092e-02 -9.909755e-01 -1.633087e-01 -1.847089e-02 9.966851e-01 7.923153e-02 2.127617e+00 9.937709e-01 2.701185e-02 -1.081196e-01 2.372067e+02
-1.123073e-01 7.486509e-02 -9.908493e-01 -9.316929e-01 -2.338606e-02 9.966824e-01 7.795650e-02 2.182262e+00 9.933983e-01 3.192715e-02 -1.101840e-01 2.371177e+02
-1.157902e-01 7.139591e-02 -9.907044e-01 -1.679696e+00 -3.111022e-02 9.966633e-01 7.546140e-02 2.234621e+00 9.927864e-01 3.955873e-02 -1.131827e-01 2.370250e+02
-1.171728e-01 7.111912e-02 -9.905618e-01 -2.441807e+00 -3.523978e-02 9.965066e-01 7.571443e-02 2.287798e+00 9.924861e-01 4.377885e-02 -1.142573e-01 2.369409e+02
-1.177806e-01 7.128199e-02 -9.904780e-01 -3.175131e+00 -3.804172e-02 9.963644e-01 7.622926e-02 2.333449e+00 9.923107e-01 4.665781e-02 -1.146407e-01 2.368456e+02
-1.180443e-01 7.094495e-02 -9.904708e-01 -3.885983e+00 -4.075316e-02 9.962581e-01 7.621645e-02 2.372540e+00 9.921717e-01 4.936173e-02 -1.147114e-01 2.367509e+02
-1.178020e-01 7.063633e-02 -9.905217e-01 -4.592963e+00 -4.427503e-02 9.961014e-01 7.629983e-02 2.417966e+00 9.920496e-01 5.284365e-02 -1.142153e-01 2.366579e+02
-1.176619e-01 7.030983e-02 -9.905616e-01 -5.285373e+00 -4.679548e-02 9.959897e-01 7.625363e-02 2.462928e+00 9.919505e-01 5.532595e-02 -1.138999e-01 2.365732e+02
-1.167129e-01 7.074624e-02 -9.906428e-01 -5.971957e+00 -4.879805e-02 9.958465e-01 7.686702e-02 2.508457e+00 9.919662e-01 5.731281e-02 -1.127759e-01 2.364934e+02
-1.145949e-01 7.166888e-02 -9.908237e-01 -6.645879e+00 -5.013889e-02 9.957058e-01 7.782089e-02 2.552217e+00 9.921462e-01 5.859667e-02 -1.105094e-01 2.364217e+02
-1.120144e-01 7.169599e-02 -9.911168e-01 -7.314082e+00 -5.136777e-02 9.956425e-01 7.782888e-02 2.595112e+00 9.923780e-01 5.962942e-02 -1.078435e-01 2.363558e+02
-1.094158e-01 7.014817e-02 -9.915177e-01 -7.951744e+00 -5.366275e-02 9.956351e-01 7.636125e-02 2.636774e+00 9.925465e-01 6.156270e-02 -1.051738e-01 2.362823e+02
-1.015396e-01 7.566036e-02 -9.919502e-01 -8.589665e+00 -5.575531e-02 9.951037e-01 8.160821e-02 2.673979e+00 9.932679e-01 6.359296e-02 -9.682393e-02 2.362234e+02
-9.924261e-02 7.457282e-02 -9.922650e-01 -9.210277e+00 -5.464414e-02 9.952747e-01 8.026431e-02 2.721922e+00 9.935617e-01 6.218711e-02 -9.469869e-02 2.361767e+02
-9.768427e-02 7.418116e-02 -9.924490e-01 -9.818979e+00 -5.326899e-02 9.953990e-01 7.964480e-02 2.753133e+00 9.937908e-01 6.064679e-02 -9.328327e-02 2.361689e+02
-9.495350e-02 7.496039e-02 -9.926554e-01 -1.040600e+01 -5.427949e-02 9.952876e-01 8.035132e-02 2.782740e+00 9.940008e-01 6.151047e-02 -9.043723e-02 2.361221e+02
-9.177561e-02 7.613428e-02 -9.928650e-01 -1.099429e+01 -5.536998e-02 9.951401e-01 8.142687e-02 2.813405e+00 9.942391e-01 6.244792e-02 -8.711404e-02 2.360826e+02
-8.834687e-02 7.589076e-02 -9.931946e-01 -1.156598e+01 -5.753144e-02 9.950402e-01 8.114933e-02 2.852803e+00 9.944270e-01 6.430920e-02 -8.354258e-02 2.360513e+02
-8.496480e-02 7.597962e-02 -9.934828e-01 -1.209938e+01 -5.732280e-02 9.950641e-01 8.100292e-02 2.869489e+00 9.947337e-01 6.383162e-02 -8.019006e-02 2.360437e+02
-8.134934e-02 7.627713e-02 -9.937626e-01 -1.261695e+01 -5.689975e-02 9.950857e-01 8.103649e-02 2.904097e+00 9.950602e-01 6.313710e-02 -7.660941e-02 2.360306e+02
-7.790925e-02 7.643105e-02 -9.940264e-01 -1.311980e+01 -5.699849e-02 9.950846e-01 8.097982e-02 2.947965e+00 9.953298e-01 6.296708e-02 -7.316985e-02 2.360157e+02
-7.374284e-02 7.715785e-02 -9.942880e-01 -1.360666e+01 -5.537201e-02 9.951478e-01 8.133132e-02 2.974068e+00 9.957389e-01 6.105333e-02 -6.911264e-02 2.359893e+02
-5.173810e-02 7.635270e-02 -9.957376e-01 -1.407620e+01 -5.682764e-02 9.952323e-01 7.926669e-02 3.017833e+00 9.970425e-01 6.068653e-02 -4.715248e-02 2.358573e+02
-4.728001e-02 7.802239e-02 -9.958299e-01 -1.453136e+01 -5.742567e-02 9.950836e-01 8.069037e-02 3.043870e+00 9.972296e-01 6.100124e-02 -4.256707e-02 2.358520e+02
-4.294305e-02 7.878290e-02 -9.959664e-01 -1.496469e+01 -5.819730e-02 9.949960e-01 8.121543e-02 3.071763e+00 9.973811e-01 6.145019e-02 -3.814322e-02 2.358526e+02
-3.750028e-02 7.903145e-02 -9.961665e-01 -1.537576e+01 -5.773109e-02 9.950314e-01 8.111466e-02 3.103496e+00 9.976276e-01 6.055160e-02 -3.275139e-02 2.358411e+02
-3.171850e-02 7.923583e-02 -9.963512e-01 -1.577900e+01 -5.752459e-02 9.950556e-01 8.096408e-02 3.137107e+00 9.978401e-01 5.988275e-02 -2.700366e-02 2.358410e+02
-2.576847e-02 7.865593e-02 -9.965687e-01 -1.617301e+01 -5.663382e-02 9.951838e-01 8.001101e-02 3.159493e+00 9.980624e-01 5.850126e-02 -2.118978e-02 2.358417e+02
-1.987447e-02 7.754949e-02 -9.967904e-01 -1.653387e+01 -5.530604e-02 9.953755e-01 7.854213e-02 3.177640e+00 9.982716e-01 5.668951e-02 -1.549361e-02 2.358487e+02
-1.398158e-02 7.658975e-02 -9.969647e-01 -1.688251e+01 -5.495783e-02 9.954961e-01 7.724766e-02 3.201555e+00 9.983908e-01 5.587106e-02 -9.709403e-03 2.358505e+02
-8.919681e-03 7.561291e-02 -9.970974e-01 -1.721255e+01 -5.468281e-02 9.956081e-01 7.598914e-02 3.221366e+00 9.984639e-01 5.520188e-02 -4.745781e-03 2.358614e+02
-4.150777e-03 7.548034e-02 -9.971387e-01 -1.751587e+01 -5.508272e-02 9.956161e-01 7.559438e-02 3.238480e+00 9.984732e-01 5.523888e-02 2.508217e-05 2.358689e+02
1.806735e-02 7.907166e-02 -9.967052e-01 -1.777741e+01 -5.516104e-02 9.954285e-01 7.797047e-02 3.246260e+00 9.983140e-01 5.357058e-02 2.234643e-02 2.358049e+02
2.189073e-02 7.882631e-02 -9.966480e-01 -1.803376e+01 -5.547637e-02 9.954467e-01 7.751280e-02 3.262429e+00 9.982200e-01 5.359361e-02 2.616405e-02 2.358227e+02
2.571552e-02 7.655902e-02 -9.967334e-01 -1.826138e+01 -5.368802e-02 9.957299e-01 7.509680e-02 3.276869e+00 9.982266e-01 5.158149e-02 2.971601e-02 2.358346e+02
2.894695e-02 7.137118e-02 -9.970297e-01 -1.846135e+01 -5.269538e-02 9.961697e-01 6.977970e-02 3.290253e+00 9.981910e-01 5.051894e-02 3.259701e-02 2.358469e+02
3.167000e-02 6.752010e-02 -9.972151e-01 -1.862851e+01 -5.161176e-02 9.964950e-01 6.583223e-02 3.299248e+00 9.981649e-01 4.938312e-02 3.504383e-02 2.358612e+02
3.288722e-02 6.714938e-02 -9.972008e-01 -1.876863e+01 -5.164133e-02 9.965219e-01 6.540056e-02 3.316302e+00 9.981240e-01 4.934593e-02 3.624052e-02 2.358847e+02
3.428843e-02 6.846577e-02 -9.970641e-01 -1.889034e+01 -5.242736e-02 9.964003e-01 6.661724e-02 3.326885e+00 9.980359e-01 4.998923e-02 3.775448e-02 2.358916e+02
3.492249e-02 6.768517e-02 -9.970954e-01 -1.898120e+01 -5.273471e-02 9.964388e-01 6.579360e-02 3.331414e+00 9.979977e-01 5.028386e-02 3.836748e-02 2.359042e+02
3.539564e-02 6.523001e-02 -9.972423e-01 -1.906008e+01 -5.246506e-02 9.966128e-01 6.332667e-02 3.331807e+00 9.979953e-01 5.007889e-02 3.869804e-02 2.359188e+02
3.560214e-02 6.314357e-02 -9.973692e-01 -1.912470e+01 -5.206362e-02 9.967639e-01 6.124678e-02 3.341772e+00 9.980090e-01 4.974614e-02 3.877441e-02 2.359323e+02
3.241105e-02 6.496420e-02 -9.973611e-01 -1.917174e+01 -4.876718e-02 9.967996e-01 6.334285e-02 3.319281e+00 9.982842e-01 4.658548e-02 3.547544e-02 2.358751e+02
3.232332e-02 6.474366e-02 -9.973783e-01 -1.920849e+01 -4.892956e-02 9.968057e-01 6.312077e-02 3.326982e+00 9.982791e-01 4.676101e-02 3.538795e-02 2.358809e+02
3.220691e-02 6.449689e-02 -9.973980e-01 -1.923540e+01 -4.923732e-02 9.968065e-01 6.286872e-02 3.330557e+00 9.982677e-01 4.708440e-02 3.527972e-02 2.358880e+02
3.223133e-02 6.428650e-02 -9.974108e-01 -1.924777e+01 -4.946643e-02 9.968090e-01 6.264920e-02 3.332765e+00 9.982556e-01 4.731908e-02 3.530850e-02 2.358874e+02
3.232392e-02 6.412940e-02 -9.974180e-01 -1.925168e+01 -4.967441e-02 9.968092e-01 6.248043e-02 3.335248e+00 9.982423e-01 4.752654e-02 3.540637e-02 2.358856e+02
3.236376e-02 6.391621e-02 -9.974304e-01 -1.924770e+01 -5.001159e-02 9.968066e-01 6.225351e-02 3.337321e+00 9.982241e-01 4.786832e-02 3.545696e-02 2.358840e+02
3.240071e-02 6.234879e-02 -9.975284e-01 -1.924327e+01 -5.080442e-02 9.968649e-01 6.065714e-02 3.342073e+00 9.981829e-01 4.871352e-02 3.546673e-02 2.358809e+02
3.242323e-02 6.018171e-02 -9.976607e-01 -1.924128e+01 -5.140997e-02 9.969646e-01 5.846894e-02 3.345351e+00 9.981512e-01 4.939396e-02 3.541875e-02 2.358819e+02
3.258120e-02 5.987852e-02 -9.976738e-01 -1.924044e+01 -5.172799e-02 9.969670e-01 5.814681e-02 3.346594e+00 9.981296e-01 4.971317e-02 3.557978e-02 2.358783e+02
3.257287e-02 6.000086e-02 -9.976667e-01 -1.923843e+01 -5.162724e-02 9.969648e-01 5.827306e-02 3.350148e+00 9.981351e-01 4.960866e-02 3.557168e-02 2.358782e+02
3.530268e-02 6.081366e-02 -9.975246e-01 -1.926542e+01 -5.021727e-02 9.969939e-01 5.900409e-02 3.325911e+00 9.981142e-01 4.800996e-02 3.825045e-02 2.358757e+02
3.530023e-02 6.042685e-02 -9.975482e-01 -1.926692e+01 -5.053191e-02 9.970015e-01 5.860556e-02 3.329141e+00 9.980984e-01 4.833923e-02 3.824787e-02 2.358750e+02
3.536815e-02 6.010705e-02 -9.975652e-01 -1.926821e+01 -5.087062e-02 9.970039e-01 5.826964e-02 3.332079e+00 9.980788e-01 4.868587e-02 3.831987e-02 2.358728e+02
3.547797e-02 5.948425e-02 -9.975986e-01 -1.927491e+01 -5.113590e-02 9.970274e-01 5.763163e-02 3.337009e+00 9.980613e-01 4.896845e-02 3.841429e-02 2.358724e+02
3.555838e-02 5.939484e-02 -9.976010e-01 -1.928350e+01 -5.130140e-02 9.970247e-01 5.753195e-02 3.337757e+00 9.980500e-01 4.913259e-02 3.849962e-02 2.358712e+02
3.547911e-02 5.928121e-02 -9.976106e-01 -1.929563e+01 -5.151155e-02 9.970206e-01 5.741419e-02 3.340586e+00 9.980420e-01 4.935147e-02 3.842707e-02 2.358726e+02
3.554422e-02 5.906377e-02 -9.976212e-01 -1.931147e+01 -5.172527e-02 9.970227e-01 5.718542e-02 3.343746e+00 9.980286e-01 4.956961e-02 3.849349e-02 2.358735e+02
3.567569e-02 5.872697e-02 -9.976364e-01 -1.933734e+01 -5.199448e-02 9.970289e-01 5.683188e-02 3.348464e+00 9.980099e-01 4.984407e-02 3.862317e-02 2.358770e+02
3.581415e-02 5.822139e-02 -9.976611e-01 -1.936316e+01 -5.224374e-02 9.970455e-01 5.631002e-02 3.345520e+00 9.979920e-01 5.010485e-02 3.875004e-02 2.358750e+02
3.605099e-02 5.569283e-02 -9.977969e-01 -1.940777e+01 -5.272139e-02 9.971615e-01 5.375251e-02 3.352644e+00 9.979583e-01 5.066741e-02 3.888486e-02 2.358812e+02
3.839710e-02 5.285316e-02 -9.978638e-01 -1.950544e+01 -4.921692e-02 9.974883e-01 5.093944e-02 3.337548e+00 9.980498e-01 4.715585e-02 4.090193e-02 2.359024e+02
3.997360e-02 5.030919e-02 -9.979334e-01 -1.958113e+01 -4.957092e-02 9.976017e-01 4.830684e-02 3.349548e+00 9.979704e-01 4.753748e-02 4.237160e-02 2.359019e+02
4.238863e-02 4.941744e-02 -9.978783e-01 -1.967998e+01 -4.972457e-02 9.976426e-01 4.729353e-02 3.352758e+00 9.978631e-01 4.761436e-02 4.474597e-02 2.359036e+02
4.619835e-02 4.833880e-02 -9.977620e-01 -1.979815e+01 -4.997476e-02 9.976896e-01 4.602136e-02 3.357665e+00 9.976814e-01 4.773681e-02 4.850733e-02 2.359076e+02
5.138048e-02 4.602574e-02 -9.976180e-01 -1.993856e+01 -4.977153e-02 9.978141e-01 4.347140e-02 3.368475e+00 9.974381e-01 4.741939e-02 5.355894e-02 2.359309e+02
5.895064e-02 4.505278e-02 -9.972437e-01 -2.009241e+01 -5.015611e-02 9.978530e-01 4.211540e-02 3.368937e+00 9.970001e-01 4.753514e-02 6.108375e-02 2.359466e+02
6.848828e-02 4.437210e-02 -9.966647e-01 -2.027144e+01 -5.120518e-02 9.978500e-01 4.090618e-02 3.382253e+00 9.963370e-01 4.823280e-02 7.061311e-02 2.359721e+02
8.037760e-02 4.396063e-02 -9.957946e-01 -2.046015e+01 -5.294419e-02 9.978050e-01 3.977588e-02 3.395327e+00 9.953574e-01 4.952444e-02 8.252863e-02 2.359939e+02
9.461941e-02 4.288917e-02 -9.945892e-01 -2.067149e+01 -5.503693e-02 9.977689e-01 3.779039e-02 3.410248e+00 9.939910e-01 5.116343e-02 9.676879e-02 2.360231e+02
1.110368e-01 4.350880e-02 -9.928634e-01 -2.089321e+01 -5.650164e-02 9.977017e-01 3.740196e-02 3.424952e+00 9.922088e-01 5.194541e-02 1.132399e-01 2.360604e+02
1.268759e-01 5.114122e-02 -9.905994e-01 -2.114480e+01 -5.484082e-02 9.975042e-01 4.447369e-02 3.414772e+00 9.904014e-01 4.868265e-02 1.293638e-01 2.361062e+02
1.496376e-01 5.549916e-02 -9.871821e-01 -2.137917e+01 -5.609374e-02 9.972919e-01 4.756481e-02 3.419606e+00 9.871485e-01 4.825725e-02 1.523455e-01 2.361488e+02
1.736421e-01 5.592530e-02 -9.832196e-01 -2.163834e+01 -5.840601e-02 9.972137e-01 4.640645e-02 3.434719e+00 9.830754e-01 4.936782e-02 1.764247e-01 2.362148e+02
2.003469e-01 5.456141e-02 -9.782046e-01 -2.189661e+01 -5.766965e-02 9.973736e-01 4.381924e-02 3.452586e+00 9.780263e-01 4.763367e-02 2.029672e-01 2.362950e+02
2.309510e-01 5.410018e-02 -9.714601e-01 -2.214907e+01 -5.674664e-02 9.975023e-01 4.205974e-02 3.465142e+00 9.713091e-01 4.541336e-02 2.334442e-01 2.363751e+02
2.643224e-01 5.402026e-02 -9.629203e-01 -2.242168e+01 -5.377603e-02 9.977023e-01 4.120998e-02 3.471041e+00 9.629340e-01 4.088931e-02 2.666201e-01 2.364785e+02
3.004504e-01 5.445598e-02 -9.522416e-01 -2.269228e+01 -5.058486e-02 9.978735e-01 4.110505e-02 3.478680e+00 9.524551e-01 3.581898e-02 3.025661e-01 2.366003e+02
3.409162e-01 5.766643e-02 -9.383234e-01 -2.297992e+01 -4.997486e-02 9.978172e-01 4.316563e-02 3.492262e+00 9.387644e-01 3.217672e-02 3.430539e-01 2.367320e+02
3.827919e-01 6.304333e-02 -9.216810e-01 -2.324616e+01 -5.303218e-02 9.975232e-01 4.620568e-02 3.500432e+00 9.223112e-01 3.119159e-02 3.851872e-01 2.368761e+02
4.271258e-01 6.765549e-02 -9.016575e-01 -2.352967e+01 -5.968639e-02 9.971314e-01 4.654519e-02 3.509827e+00 9.022201e-01 3.393602e-02 4.299387e-01 2.370397e+02
4.668962e-01 7.793597e-02 -8.808711e-01 -2.379325e+01 -6.540418e-02 9.964240e-01 5.349285e-02 3.506962e+00 8.818902e-01 3.263705e-02 4.703239e-01 2.372230e+02
5.133148e-01 7.928142e-02 -8.545305e-01 -2.406320e+01 -6.673474e-02 9.963962e-01 5.235598e-02 3.517170e+00 8.556018e-01 3.015178e-02 5.167557e-01 2.374418e+02
5.606083e-01 7.865817e-02 -8.243368e-01 -2.431438e+01 -6.552841e-02 9.965706e-01 5.052867e-02 3.525075e+00 8.254843e-01 2.569069e-02 5.638401e-01 2.376743e+02
6.087745e-01 7.562581e-02 -7.897305e-01 -2.458354e+01 -6.449582e-02 9.968690e-01 4.574422e-02 3.534789e+00 7.907173e-01 2.308640e-02 6.117460e-01 2.379335e+02
6.557080e-01 7.194629e-02 -7.515788e-01 -2.483708e+01 -6.583005e-02 9.971064e-01 3.801706e-02 3.546799e+00 7.521392e-01 2.454838e-02 6.585468e-01 2.382132e+02
7.020634e-01 6.729893e-02 -7.089273e-01 -2.508496e+01 -6.745941e-02 9.973327e-01 2.787118e-02 3.560624e+00 7.089120e-01 2.825648e-02 7.047307e-01 2.385165e+02
7.468002e-01 6.636237e-02 -6.617291e-01 -2.532703e+01 -7.176347e-02 9.972403e-01 1.902024e-02 3.575162e+00 6.611652e-01 3.328366e-02 7.495017e-01 2.388422e+02
7.891217e-01 6.672897e-02 -6.106015e-01 -2.554274e+01 -7.439719e-02 9.971462e-01 1.282360e-02 3.582182e+00 6.097147e-01 3.530766e-02 7.918342e-01 2.391835e+02
8.277488e-01 6.641348e-02 -5.571545e-01 -2.576053e+01 -7.323850e-02 9.972636e-01 1.006663e-02 3.587440e+00 5.562985e-01 3.247252e-02 8.303478e-01 2.395760e+02
8.614675e-01 6.300674e-02 -5.038888e-01 -2.596652e+01 -6.916048e-02 9.975844e-01 6.499521e-03 3.593083e+00 5.030811e-01 2.925006e-02 8.637441e-01 2.400007e+02
8.924996e-01 6.684675e-02 -4.460673e-01 -2.612668e+01 -6.773102e-02 9.976056e-01 1.398171e-02 3.571260e+00 4.459339e-01 1.773392e-02 8.948902e-01 2.404110e+02
9.172117e-01 6.410728e-02 -3.932086e-01 -2.628867e+01 -6.556205e-02 9.978009e-01 9.745529e-03 3.570661e+00 3.929687e-01 1.684085e-02 9.193976e-01 2.408807e+02
9.375648e-01 6.063123e-02 -3.424852e-01 -2.644084e+01 -6.311139e-02 9.979988e-01 3.909323e-03 3.573966e+00 3.420369e-01 1.794947e-02 9.395151e-01 2.413772e+02
9.536847e-01 5.942958e-02 -2.948789e-01 -2.656718e+01 -6.333275e-02 9.979856e-01 -3.695123e-03 3.579472e+00 2.940653e-01 2.219947e-02 9.555275e-01 2.418806e+02
9.666565e-01 5.975190e-02 -2.490077e-01 -2.667825e+01 -6.399472e-02 9.979099e-01 -8.971212e-03 3.573207e+00 2.479512e-01 2.460726e-02 9.684600e-01 2.424053e+02
9.763965e-01 6.036934e-02 -2.073776e-01 -2.676093e+01 -6.403152e-02 9.978874e-01 -1.098648e-02 3.556281e+00 2.062763e-01 2.400586e-02 9.781993e-01 2.429429e+02
9.834786e-01 6.087058e-02 -1.704833e-01 -2.683226e+01 -6.391997e-02 9.978774e-01 -1.245019e-02 3.541746e+00 1.693636e-01 2.314178e-02 9.852819e-01 2.435031e+02
9.884402e-01 6.082761e-02 -1.388742e-01 -2.688864e+01 -6.330120e-02 9.979037e-01 -1.346077e-02 3.525350e+00 1.377643e-01 2.209607e-02 9.902185e-01 2.440900e+02
9.918904e-01 5.935035e-02 -1.123876e-01 -2.694636e+01 -6.138563e-02 9.980054e-01 -1.473332e-02 3.504676e+00 1.112890e-01 2.151283e-02 9.935552e-01 2.446980e+02
9.941813e-01 5.692220e-02 -9.145117e-02 -2.697584e+01 -5.860384e-02 9.981562e-01 -1.580735e-02 3.488353e+00 9.038275e-02 2.107476e-02 9.956841e-01 2.452971e+02
9.954680e-01 5.486000e-02 -7.767732e-02 -2.701191e+01 -5.673780e-02 9.981428e-01 -2.217571e-02 3.466177e+00 7.631650e-02 2.648245e-02 9.967319e-01 2.459270e+02
9.964008e-01 5.422680e-02 -6.515283e-02 -2.704531e+01 -5.580996e-02 9.981827e-01 -2.272868e-02 3.440408e+00 6.380193e-02 2.628305e-02 9.976164e-01 2.465732e+02
9.970358e-01 5.329161e-02 -5.549476e-02 -2.708864e+01 -5.468855e-02 9.982158e-01 -2.396468e-02 3.426308e+00 5.411863e-02 2.692857e-02 9.981713e-01 2.472469e+02
9.974097e-01 5.385519e-02 -4.768033e-02 -2.710544e+01 -5.511881e-02 9.981517e-01 -2.559535e-02 3.410135e+00 4.621376e-02 2.815714e-02 9.985347e-01 2.479126e+02
9.977808e-01 5.262799e-02 -4.079044e-02 -2.715813e+01 -5.375127e-02 9.981907e-01 -2.694768e-02 3.377597e+00 3.929844e-02 2.908041e-02 9.988043e-01 2.486292e+02
9.979521e-01 5.181440e-02 -3.750757e-02 -2.716564e+01 -5.287240e-02 9.982146e-01 -2.778734e-02 3.351238e+00 3.600082e-02 2.971355e-02 9.989099e-01 2.493385e+02
9.980409e-01 5.223852e-02 -3.443106e-02 -2.720829e+01 -5.320415e-02 9.981979e-01 -2.775229e-02 3.325103e+00 3.291927e-02 2.952980e-02 9.990217e-01 2.500719e+02
9.981151e-01 5.182157e-02 -3.287532e-02 -2.721967e+01 -5.271573e-02 9.982461e-01 -2.694086e-02 3.303946e+00 3.142154e-02 2.862313e-02 9.990963e-01 2.508092e+02
9.981205e-01 5.254532e-02 -3.153386e-02 -2.724742e+01 -5.334781e-02 9.982587e-01 -2.517067e-02 3.286949e+00 3.015635e-02 2.680562e-02 9.991857e-01 2.515590e+02
9.981457e-01 5.263444e-02 -3.057343e-02 -2.726724e+01 -5.334067e-02 9.983169e-01 -2.276210e-02 3.256630e+00 2.932390e-02 2.435070e-02 9.992733e-01 2.523118e+02
9.978245e-01 5.286473e-02 -3.938906e-02 -2.729554e+01 -5.385189e-02 9.982499e-01 -2.443641e-02 3.241066e+00 3.802830e-02 2.650443e-02 9.989251e-01 2.530658e+02
9.977854e-01 5.201552e-02 -4.145771e-02 -2.732043e+01 -5.310338e-02 9.982612e-01 -2.558516e-02 3.210762e+00 4.005480e-02 2.773005e-02 9.988126e-01 2.538377e+02
9.977522e-01 5.087180e-02 -4.361970e-02 -2.735436e+01 -5.217027e-02 9.982122e-01 -2.916453e-02 3.185456e+00 4.205807e-02 3.137462e-02 9.986224e-01 2.546417e+02
9.975373e-01 5.352875e-02 -4.532154e-02 -2.739811e+01 -5.511821e-02 9.978809e-01 -3.457844e-02 3.137103e+00 4.337456e-02 3.699133e-02 9.983738e-01 2.554539e+02
9.974096e-01 5.531811e-02 -4.597814e-02 -2.745054e+01 -5.711207e-02 9.976188e-01 -3.866493e-02 3.108808e+00 4.372979e-02 4.119068e-02 9.981939e-01 2.563030e+02
9.972790e-01 5.725685e-02 -4.643595e-02 -2.750174e+01 -5.906120e-02 9.975131e-01 -3.846219e-02 3.077502e+00 4.411824e-02 4.110010e-02 9.981805e-01 2.571609e+02
9.972822e-01 5.781148e-02 -4.567394e-02 -2.755502e+01 -5.928658e-02 9.977398e-01 -3.162940e-02 3.035812e+00 4.374217e-02 3.425129e-02 9.984555e-01 2.580367e+02
9.973401e-01 5.759324e-02 -4.467301e-02 -2.761154e+01 -5.862087e-02 9.980369e-01 -2.204383e-02 3.002781e+00 4.331574e-02 2.460397e-02 9.987584e-01 2.589467e+02
9.975052e-01 5.492295e-02 -4.434941e-02 -2.765582e+01 -5.571957e-02 9.983029e-01 -1.692957e-02 2.978947e+00 4.334432e-02 1.935847e-02 9.988726e-01 2.598514e+02
9.976588e-01 5.131514e-02 -4.520745e-02 -2.769302e+01 -5.223626e-02 9.984456e-01 -1.943468e-02 2.952289e+00 4.413989e-02 2.175064e-02 9.987886e-01 2.607591e+02
9.974185e-01 4.890252e-02 -5.258197e-02 -2.773904e+01 -5.046951e-02 9.983075e-01 -2.889737e-02 2.923809e+00 5.107982e-02 3.147655e-02 9.981984e-01 2.616908e+02
9.974197e-01 4.685384e-02 -5.439370e-02 -2.779239e+01 -4.886019e-02 9.981508e-01 -3.616071e-02 2.893053e+00 5.259885e-02 3.872509e-02 9.978646e-01 2.626182e+02
9.973559e-01 4.629536e-02 -5.601791e-02 -2.784669e+01 -4.861159e-02 9.979875e-01 -4.071675e-02 2.855195e+00 5.402018e-02 4.333221e-02 9.975992e-01 2.635594e+02
9.972803e-01 4.686269e-02 -5.688560e-02 -2.791123e+01 -4.927830e-02 9.979087e-01 -4.183116e-02 2.809498e+00 5.480631e-02 4.452062e-02 9.975040e-01 2.645226e+02
9.971292e-01 4.908016e-02 -5.765926e-02 -2.797377e+01 -5.141767e-02 9.978846e-01 -3.978060e-02 2.763249e+00 5.558485e-02 4.263110e-02 9.975434e-01 2.654790e+02
9.971114e-01 4.961881e-02 -5.750529e-02 -2.803528e+01 -5.157153e-02 9.981244e-01 -3.298504e-02 2.723477e+00 5.576076e-02 3.585539e-02 9.978001e-01 2.664542e+02
9.970620e-01 5.098534e-02 -5.716599e-02 -2.810148e+01 -5.252586e-02 9.982868e-01 -2.577642e-02 2.677467e+00 5.575384e-02 2.870338e-02 9.980319e-01 2.674576e+02
9.971905e-01 4.995282e-02 -5.582041e-02 -2.817343e+01 -5.124704e-02 9.984437e-01 -2.199869e-02 2.641500e+00 5.463464e-02 2.479752e-02 9.981984e-01 2.684450e+02
9.972421e-01 4.869284e-02 -5.601128e-02 -2.823400e+01 -5.009975e-02 9.984560e-01 -2.399388e-02 2.608414e+00 5.475647e-02 2.673386e-02 9.981418e-01 2.694625e+02
9.972919e-01 4.729386e-02 -5.632181e-02 -2.829746e+01 -4.894139e-02 9.984023e-01 -2.824042e-02 2.573816e+00 5.489622e-02 3.092041e-02 9.980132e-01 2.704844e+02
9.971240e-01 4.714910e-02 -5.933542e-02 -2.835899e+01 -4.933919e-02 9.981330e-01 -3.600244e-02 2.536647e+00 5.752716e-02 3.882646e-02 9.975887e-01 2.715010e+02
9.971979e-01 4.497970e-02 -5.977686e-02 -2.842401e+01 -4.725749e-02 9.981878e-01 -3.725319e-02 2.491060e+00 5.799290e-02 3.997371e-02 9.975164e-01 2.725221e+02
9.971736e-01 4.439256e-02 -6.061412e-02 -2.850308e+01 -4.670118e-02 9.982154e-01 -3.721660e-02 2.456890e+00 5.885381e-02 3.994217e-02 9.974672e-01 2.735818e+02
9.971218e-01 4.413762e-02 -6.164423e-02 -2.859231e+01 -4.630348e-02 9.983432e-01 -3.415917e-02 2.402578e+00 6.003439e-02 3.691520e-02 9.975135e-01 2.746541e+02
9.969123e-01 4.629470e-02 -6.342520e-02 -2.863618e+01 -4.833396e-02 9.983499e-01 -3.100356e-02 2.348900e+00 6.188525e-02 3.397342e-02 9.975049e-01 2.756484e+02
9.968126e-01 4.560149e-02 -6.546079e-02 -2.872288e+01 -4.783499e-02 9.983111e-01 -3.296693e-02 2.292617e+00 6.384689e-02 3.599316e-02 9.973104e-01 2.767164e+02
9.967394e-01 4.383370e-02 -6.774298e-02 -2.878315e+01 -4.652983e-02 9.981651e-01 -3.874721e-02 2.247502e+00 6.592025e-02 4.177294e-02 9.969501e-01 2.777440e+02
9.965509e-01 4.590365e-02 -6.913156e-02 -2.887751e+01 -4.894927e-02 9.978742e-01 -4.302487e-02 2.181115e+00 6.700960e-02 4.626041e-02 9.966793e-01 2.787814e+02
9.964188e-01 4.637520e-02 -7.070263e-02 -2.896239e+01 -4.957600e-02 9.977915e-01 -4.420892e-02 2.125608e+00 6.849628e-02 4.755575e-02 9.965173e-01 2.798532e+02
9.961949e-01 4.833032e-02 -7.252583e-02 -2.903013e+01 -5.144928e-02 9.978017e-01 -4.177041e-02 2.054465e+00 7.034761e-02 4.534287e-02 9.964915e-01 2.808918e+02
9.955188e-01 5.095794e-02 -7.965981e-02 -2.913283e+01 -5.431835e-02 9.976979e-01 -4.060139e-02 1.995826e+00 7.740746e-02 4.474644e-02 9.959949e-01 2.819567e+02
9.953304e-01 5.305322e-02 -8.064023e-02 -2.923117e+01 -5.605031e-02 9.978014e-01 -3.536694e-02 1.937307e+00 7.858660e-02 3.972169e-02 9.961156e-01 2.830141e+02
9.951225e-01 5.555318e-02 -8.151720e-02 -2.933719e+01 -5.830249e-02 9.977942e-01 -3.174140e-02 1.881689e+00 7.957405e-02 3.633923e-02 9.961664e-01 2.840835e+02
9.949383e-01 5.776886e-02 -8.222293e-02 -2.943849e+01 -6.050709e-02 9.976798e-01 -3.120781e-02 1.835742e+00 8.022932e-02 3.602491e-02 9.961252e-01 2.851290e+02
9.949376e-01 5.780758e-02 -8.220376e-02 -2.955060e+01 -6.061849e-02 9.976441e-01 -3.211797e-02 1.788648e+00 8.015344e-02 3.693844e-02 9.960979e-01 2.861924e+02
9.950176e-01 5.624290e-02 -8.232034e-02 -2.963689e+01 -5.920878e-02 9.976651e-01 -3.404030e-02 1.739353e+00 8.021360e-02 3.874479e-02 9.960244e-01 2.872329e+02
9.949111e-01 5.721979e-02 -8.293203e-02 -2.971188e+01 -6.048209e-02 9.974694e-01 -3.737179e-02 1.682460e+00 8.058376e-02 4.219751e-02 9.958542e-01 2.882474e+02
9.948885e-01 5.680303e-02 -8.348767e-02 -2.977864e+01 -6.041829e-02 9.973129e-01 -4.143209e-02 1.625686e+00 8.090986e-02 4.626450e-02 9.956471e-01 2.892344e+02
9.948249e-01 5.750421e-02 -8.376588e-02 -2.987014e+01 -6.123938e-02 9.972083e-01 -4.272371e-02 1.563911e+00 8.107524e-02 4.763238e-02 9.955692e-01 2.902633e+02
9.948206e-01 5.857510e-02 -8.307230e-02 -2.996688e+01 -6.216211e-02 9.972125e-01 -4.126917e-02 1.507557e+00 8.042339e-02 4.621937e-02 9.956886e-01 2.913028e+02
9.938181e-01 6.258389e-02 -9.169989e-02 -3.004089e+01 -6.641119e-02 9.970183e-01 -3.929516e-02 1.440417e+00 8.896722e-02 4.514214e-02 9.950111e-01 2.922987e+02
9.936845e-01 6.561899e-02 -9.102374e-02 -3.016109e+01 -6.931966e-02 9.968665e-01 -3.810541e-02 1.378284e+00 8.823807e-02 4.417449e-02 9.951194e-01 2.933509e+02
9.935199e-01 6.800803e-02 -9.106695e-02 -3.023923e+01 -7.166005e-02 9.967259e-01 -3.744856e-02 1.327731e+00 8.822198e-02 4.373175e-02 9.951404e-01 2.943345e+02
9.934761e-01 6.940909e-02 -9.048580e-02 -3.033217e+01 -7.271452e-02 9.967814e-01 -3.375610e-02 1.284763e+00 8.785158e-02 4.011551e-02 9.953255e-01 2.953456e+02
9.933214e-01 7.277889e-02 -8.953100e-02 -3.044557e+01 -7.565594e-02 9.967073e-01 -2.916774e-02 1.229119e+00 8.711341e-02 3.574649e-02 9.955569e-01 2.963882e+02
9.931199e-01 7.618411e-02 -8.893147e-02 -3.056831e+01 -7.907632e-02 9.964332e-01 -2.945963e-02 1.180513e+00 8.636991e-02 3.628932e-02 9.956020e-01 2.974237e+02
9.929062e-01 7.884718e-02 -8.899647e-02 -3.066921e+01 -8.218757e-02 9.960192e-01 -3.450973e-02 1.132126e+00 8.592120e-02 4.157933e-02 9.954339e-01 2.984292e+02
9.926802e-01 8.125222e-02 -8.935383e-02 -3.077044e+01 -8.501951e-02 9.956083e-01 -3.919031e-02 1.085047e+00 8.577711e-02 4.650027e-02 9.952286e-01 2.994455e+02
9.923874e-01 8.531777e-02 -8.881543e-02 -3.087137e+01 -8.927765e-02 9.951375e-01 -4.160419e-02 1.012592e+00 8.483399e-02 4.921670e-02 9.951788e-01 3.004420e+02
9.921082e-01 8.861680e-02 -8.870425e-02 -3.097975e+01 -9.266677e-02 9.947845e-01 -4.262300e-02 9.552276e-01 8.446449e-02 5.050656e-02 9.951456e-01 3.014706e+02
9.919128e-01 8.981260e-02 -8.968110e-02 -3.108771e+01 -9.401706e-02 9.946064e-01 -4.380572e-02 9.053801e-01 8.526309e-02 5.188301e-02 9.950067e-01 3.025129e+02
9.918107e-01 9.119236e-02 -8.941722e-02 -3.122140e+01 -9.530416e-02 9.945260e-01 -4.283864e-02 8.442832e-01 8.502119e-02 5.100965e-02 9.950726e-01 3.035587e+02
9.916784e-01 9.279702e-02 -8.923386e-02 -3.133490e+01 -9.671470e-02 9.944829e-01 -4.062173e-02 7.789899e-01 8.497197e-02 4.891392e-02 9.951820e-01 3.045899e+02
9.916832e-01 9.284910e-02 -8.912639e-02 -3.142643e+01 -9.663104e-02 9.945523e-01 -3.909153e-02 7.266190e-01 8.501124e-02 4.737879e-02 9.952529e-01 3.055895e+02
9.916979e-01 9.271050e-02 -8.910691e-02 -3.153907e+01 -9.644754e-02 9.945900e-01 -3.858159e-02 6.739066e-01 8.504793e-02 4.685542e-02 9.952745e-01 3.066145e+02
9.915725e-01 9.428573e-02 -8.884961e-02 -3.164305e+01 -9.806947e-02 9.944065e-01 -3.921951e-02 6.229792e-01 8.465478e-02 4.760242e-02 9.952726e-01 3.076465e+02
9.915935e-01 9.471559e-02 -8.815476e-02 -3.173152e+01 -9.846610e-02 9.943678e-01 -3.920622e-02 5.670913e-01 8.394481e-02 4.755689e-02 9.953349e-01 3.086654e+02
9.917582e-01 9.362632e-02 -8.746281e-02 -3.181046e+01 -9.734242e-02 9.944776e-01 -3.922657e-02 5.177800e-01 8.330717e-02 4.741712e-02 9.953952e-01 3.096817e+02
9.918892e-01 9.256411e-02 -8.710720e-02 -3.188907e+01 -9.631334e-02 9.945525e-01 -3.986226e-02 4.727771e-01 8.294288e-02 4.792853e-02 9.954011e-01 3.107033e+02
9.917949e-01 9.348492e-02 -8.719782e-02 -3.195997e+01 -9.724512e-02 9.944599e-01 -3.991174e-02 4.136511e-01 8.298359e-02 4.806382e-02 9.953912e-01 3.117100e+02
9.917053e-01 9.236544e-02 -8.938251e-02 -3.205360e+01 -9.642736e-02 9.944434e-01 -4.223771e-02 3.725525e-01 8.498454e-02 5.050628e-02 9.951014e-01 3.127437e+02
9.918078e-01 9.156570e-02 -8.906702e-02 -3.214697e+01 -9.573419e-02 9.944470e-01 -4.370513e-02 3.121093e-01 8.457054e-02 5.187385e-02 9.950663e-01 3.137934e+02
9.916073e-01 9.351141e-02 -8.927778e-02 -3.225887e+01 -9.809652e-02 9.939982e-01 -4.842248e-02 2.518321e-01 8.421389e-02 5.677393e-02 9.948290e-01 3.148743e+02
9.916428e-01 9.249463e-02 -8.994014e-02 -3.235893e+01 -9.740466e-02 9.938949e-01 -5.182002e-02 1.955053e-01 8.459797e-02 6.014754e-02 9.945981e-01 3.159430e+02
9.917781e-01 9.113470e-02 -8.983735e-02 -3.246618e+01 -9.580642e-02 9.941867e-01 -4.913088e-02 1.323388e-01 8.483758e-02 5.733392e-02 9.947439e-01 3.170299e+02
9.917488e-01 9.191469e-02 -8.936396e-02 -3.257293e+01 -9.616732e-02 9.943700e-01 -4.449913e-02 7.523439e-02 8.477072e-02 5.272586e-02 9.950045e-01 3.181195e+02
9.916698e-01 9.340197e-02 -8.869620e-02 -3.267714e+01 -9.738748e-02 9.943719e-01 -4.171462e-02 7.226233e-03 8.430078e-02 5.000503e-02 9.951848e-01 3.191980e+02
9.917763e-01 9.318149e-02 -8.773294e-02 -3.278777e+01 -9.697033e-02 9.944850e-01 -3.995389e-02 -4.977843e-02 8.352613e-02 4.813282e-02 9.953425e-01 3.202753e+02
9.916703e-01 9.457408e-02 -8.743957e-02 -3.289009e+01 -9.820852e-02 9.944312e-01 -3.823280e-02 -1.103190e-01 8.333680e-02 4.650165e-02 9.954359e-01 3.213522e+02
9.918025e-01 9.292566e-02 -8.770765e-02 -3.298330e+01 -9.658516e-02 9.945823e-01 -3.843663e-02 -1.592114e-01 8.366073e-02 4.659280e-02 9.954044e-01 3.224125e+02
9.911951e-01 8.917842e-02 -9.787464e-02 -3.306678e+01 -9.365930e-02 9.947106e-01 -4.217559e-02 -2.116143e-01 9.359579e-02 5.097111e-02 9.943047e-01 3.234442e+02
9.912020e-01 8.806181e-02 -9.881112e-02 -3.316550e+01 -9.284632e-02 9.946673e-01 -4.490652e-02 -2.738306e-01 9.432963e-02 5.368568e-02 9.940924e-01 3.244994e+02
9.913290e-01 8.569618e-02 -9.961418e-02 -3.326291e+01 -9.063779e-02 9.948126e-01 -4.618044e-02 -3.374716e-01 9.513996e-02 5.480882e-02 9.939539e-01 3.255463e+02
9.913923e-01 8.451825e-02 -9.998963e-02 -3.337366e+01 -8.937464e-02 9.949755e-01 -4.512212e-02 -3.966582e-01 9.567359e-02 5.367026e-02 9.939648e-01 3.266109e+02
9.915413e-01 8.253444e-02 -1.001694e-01 -3.347545e+01 -8.708919e-02 9.953158e-01 -4.197596e-02 -4.676680e-01 9.623570e-02 5.034457e-02 9.940846e-01 3.276540e+02
9.916623e-01 8.068925e-02 -1.004748e-01 -3.358051e+01 -8.492073e-02 9.956410e-01 -3.856847e-02 -5.253438e-01 9.692476e-02 4.677928e-02 9.941918e-01 3.287100e+02
9.918353e-01 7.794824e-02 -1.009295e-01 -3.369015e+01 -8.206228e-02 9.959302e-01 -3.726616e-02 -5.840492e-01 9.761395e-02 4.524440e-02 9.941954e-01 3.297669e+02
9.919454e-01 7.529153e-02 -1.018600e-01 -3.380060e+01 -7.976017e-02 9.959899e-01 -4.052750e-02 -6.454190e-01 9.840016e-02 4.832544e-02 9.939729e-01 3.308121e+02
9.921207e-01 7.192075e-02 -1.025861e-01 -3.390818e+01 -7.682555e-02 9.960427e-01 -4.468529e-02 -7.101519e-01 9.896634e-02 5.221443e-02 9.937199e-01 3.318449e+02
9.922042e-01 7.006593e-02 -1.030608e-01 -3.402367e+01 -7.511199e-02 9.961172e-01 -4.591998e-02 -7.737887e-01 9.944321e-02 5.330310e-02 9.936145e-01 3.328763e+02
9.914292e-01 6.960202e-02 -1.105606e-01 -3.413640e+01 -7.468747e-02 9.962994e-01 -4.253681e-02 -8.310381e-01 1.071908e-01 5.042973e-02 9.929587e-01 3.338909e+02
9.914918e-01 6.745796e-02 -1.113259e-01 -3.425857e+01 -7.229136e-02 9.965826e-01 -3.996250e-02 -8.926948e-01 1.082497e-01 4.767039e-02 9.929801e-01 3.349121e+02
9.914756e-01 6.618844e-02 -1.122283e-01 -3.437502e+01 -7.073045e-02 9.968097e-01 -3.698028e-02 -9.541930e-01 1.094226e-01 4.460301e-02 9.929941e-01 3.359317e+02
9.915414e-01 6.410859e-02 -1.128531e-01 -3.449977e+01 -6.835328e-02 9.970765e-01 -3.414999e-02 -1.019696e+00 1.103339e-01 4.157501e-02 9.930247e-01 3.369389e+02
9.915752e-01 6.238326e-02 -1.135211e-01 -3.465331e+01 -6.653236e-02 9.972340e-01 -3.313147e-02 -1.065201e+00 1.111403e-01 4.040517e-02 9.929830e-01 3.379701e+02
9.914875e-01 6.105354e-02 -1.149999e-01 -3.474210e+01 -6.534581e-02 9.972857e-01 -3.392812e-02 -1.132190e+00 1.126163e-01 4.115407e-02 9.927859e-01 3.389148e+02
9.914305e-01 5.976350e-02 -1.161628e-01 -3.486533e+01 -6.427851e-02 9.972998e-01 -3.551522e-02 -1.184330e+00 1.137266e-01 4.267764e-02 9.925950e-01 3.398928e+02
9.912935e-01 6.035082e-02 -1.170257e-01 -3.499980e+01 -6.509395e-02 9.971878e-01 -3.713806e-02 -1.234767e+00 1.144553e-01 4.443238e-02 9.924343e-01 3.408699e+02
9.910536e-01 6.199581e-02 -1.181914e-01 -3.510260e+01 -6.685524e-02 9.970540e-01 -3.759966e-02 -1.292836e+00 1.155122e-01 4.516499e-02 9.922787e-01 3.417977e+02
9.909246e-01 6.234522e-02 -1.190864e-01 -3.521942e+01 -6.723397e-02 9.970330e-01 -3.748163e-02 -1.340985e+00 1.163963e-01 4.514812e-02 9.921762e-01 3.427264e+02
9.908751e-01 6.245769e-02 -1.194382e-01 -3.535050e+01 -6.856309e-02 9.965055e-01 -4.770694e-02 -1.390817e+00 1.160412e-01 5.546068e-02 9.916948e-01 3.436216e+02
9.906743e-01 6.472751e-02 -1.198949e-01 -3.546824e+01 -7.076804e-02 9.963932e-01 -4.682461e-02 -1.446605e+00 1.164316e-01 5.487267e-02 9.916817e-01 3.445273e+02
9.904656e-01 6.713349e-02 -1.202956e-01 -3.558668e+01 -7.332157e-02 9.961636e-01 -4.777020e-02 -1.510654e+00 1.166272e-01 5.613501e-02 9.915881e-01 3.454193e+02
9.903883e-01 6.774292e-02 -1.205896e-01 -3.570173e+01 -7.418730e-02 9.960014e-01 -4.977368e-02 -1.574876e+00 1.167356e-01 5.824149e-02 9.914538e-01 3.463003e+02
9.904427e-01 6.768583e-02 -1.201744e-01 -3.580359e+01 -7.426811e-02 9.959251e-01 -5.116143e-02 -1.636395e+00 1.162218e-01 5.959760e-02 9.914336e-01 3.471709e+02
9.905564e-01 6.826645e-02 -1.189017e-01 -3.590839e+01 -7.471898e-02 9.959161e-01 -5.067809e-02 -1.694154e+00 1.149565e-01 5.908372e-02 9.916119e-01 3.480289e+02
9.907280e-01 6.923175e-02 -1.168977e-01 -3.602617e+01 -7.553649e-02 9.958691e-01 -5.038898e-02 -1.755113e+00 1.129263e-01 5.875181e-02 9.918649e-01 3.488797e+02
9.910798e-01 6.808296e-02 -1.145664e-01 -3.614527e+01 -7.412348e-02 9.960291e-01 -4.931363e-02 -1.814522e+00 1.107540e-01 5.736581e-02 9.921909e-01 3.497095e+02
9.913343e-01 6.667543e-02 -1.131841e-01 -3.622896e+01 -7.260476e-02 9.961517e-01 -4.909481e-02 -1.874664e+00 1.094751e-01 5.688708e-02 9.923604e-01 3.505151e+02
9.915420e-01 6.676359e-02 -1.112970e-01 -3.632648e+01 -7.251482e-02 9.961899e-01 -4.844945e-02 -1.924238e+00 1.076383e-01 5.611035e-02 9.926055e-01 3.512981e+02
9.930297e-01 6.332360e-02 -9.940917e-02 -3.643975e+01 -6.863713e-02 9.963388e-01 -5.097063e-02 -1.972357e+00 9.581756e-02 5.743851e-02 9.937403e-01 3.520140e+02
9.931822e-01 6.345274e-02 -9.779020e-02 -3.651298e+01 -6.854228e-02 9.964148e-01 -4.959310e-02 -2.022785e+00 9.429279e-02 5.595775e-02 9.939706e-01 3.527509e+02
9.931927e-01 6.559894e-02 -9.625522e-02 -3.657914e+01 -7.045909e-02 9.963596e-01 -4.799036e-02 -2.080903e+00 9.275670e-02 5.444573e-02 9.941991e-01 3.534814e+02
9.933564e-01 6.546666e-02 -9.464256e-02 -3.665095e+01 -7.025817e-02 9.963631e-01 -4.821126e-02 -2.126285e+00 9.114212e-02 5.454038e-02 9.943432e-01 3.541768e+02
9.934129e-01 6.586624e-02 -9.376785e-02 -3.671804e+01 -7.093063e-02 9.961385e-01 -5.173959e-02 -2.184519e+00 8.999787e-02 5.804979e-02 9.942488e-01 3.548632e+02
9.934903e-01 6.576415e-02 -9.301681e-02 -3.677993e+01 -7.129261e-02 9.958017e-01 -5.741394e-02 -2.230249e+00 8.885051e-02 6.367160e-02 9.940078e-01 3.555132e+02
9.935706e-01 6.630313e-02 -9.176805e-02 -3.684641e+01 -7.198729e-02 9.955944e-01 -6.007997e-02 -2.275546e+00 8.738027e-02 6.629982e-02 9.939663e-01 3.561329e+02
9.935818e-01 6.697122e-02 -9.116005e-02 -3.689960e+01 -7.257394e-02 9.955808e-01 -5.959720e-02 -2.319818e+00 8.676590e-02 6.583054e-02 9.940513e-01 3.567549e+02
9.936058e-01 6.745305e-02 -9.054090e-02 -3.695844e+01 -7.274372e-02 9.957512e-01 -5.646201e-02 -2.367614e+00 8.634767e-02 6.268726e-02 9.942909e-01 3.573491e+02
9.935859e-01 6.729692e-02 -9.087428e-02 -3.700413e+01 -7.230027e-02 9.959772e-01 -5.293389e-02 -2.419381e+00 8.694643e-02 5.916460e-02 9.944546e-01 3.579161e+02
9.934592e-01 6.623502e-02 -9.301428e-02 -3.707443e+01 -7.131820e-02 9.960747e-01 -5.242957e-02 -2.446211e+00 8.917650e-02 5.872025e-02 9.942834e-01 3.584972e+02
9.929276e-01 6.806410e-02 -9.727345e-02 -3.712989e+01 -7.362445e-02 9.957814e-01 -5.476084e-02 -2.488401e+00 9.313585e-02 6.153525e-02 9.937500e-01 3.590247e+02
9.922855e-01 6.878292e-02 -1.031429e-01 -3.719466e+01 -7.501423e-02 9.955059e-01 -5.780074e-02 -2.527516e+00 9.870364e-02 6.509201e-02 9.929857e-01 3.595209e+02
9.912538e-01 6.967926e-02 -1.120749e-01 -3.725871e+01 -7.670306e-02 9.952695e-01 -5.962583e-02 -2.561894e+00 1.073900e-01 6.770082e-02 9.919093e-01 3.600065e+02
9.898088e-01 6.996060e-02 -1.240329e-01 -3.733230e+01 -7.780492e-02 9.951876e-01 -5.956536e-02 -2.596751e+00 1.192687e-01 6.860868e-02 9.904887e-01 3.604643e+02
9.877197e-01 7.062057e-02 -1.393649e-01 -3.742199e+01 -7.946449e-02 9.950935e-01 -5.894288e-02 -2.633297e+00 1.345185e-01 6.929361e-02 9.884853e-01 3.609194e+02
9.848102e-01 7.254086e-02 -1.577554e-01 -3.751695e+01 -8.260479e-02 9.948818e-01 -5.819428e-02 -2.662293e+00 1.527265e-01 7.034166e-02 9.857620e-01 3.613532e+02
9.808667e-01 7.566482e-02 -1.793750e-01 -3.762068e+01 -8.691970e-02 9.946554e-01 -5.572808e-02 -2.691801e+00 1.741996e-01 7.025303e-02 9.822011e-01 3.617940e+02
9.757809e-01 7.911792e-02 -2.039414e-01 -3.774811e+01 -9.130029e-02 9.945156e-01 -5.101996e-02 -2.720456e+00 1.987863e-01 6.840421e-02 9.776527e-01 3.622187e+02
9.692519e-01 7.899190e-02 -2.330473e-01 -3.787075e+01 -9.177631e-02 9.947841e-01 -4.451666e-02 -2.743204e+00 2.283153e-01 6.453608e-02 9.714460e-01 3.626374e+02
9.603245e-01 7.570081e-02 -2.684142e-01 -3.802555e+01 -9.040543e-02 9.949834e-01 -4.283492e-02 -2.764072e+00 2.638251e-01 6.540153e-02 9.623508e-01 3.630419e+02
9.489648e-01 7.610587e-02 -3.060617e-01 -3.820069e+01 -9.231418e-02 9.949731e-01 -3.881443e-02 -2.783577e+00 3.015692e-01 6.508736e-02 9.512201e-01 3.634305e+02
9.346856e-01 7.972381e-02 -3.464202e-01 -3.839521e+01 -9.708240e-02 9.947285e-01 -3.301761e-02 -2.795672e+00 3.419618e-01 6.449240e-02 9.374982e-01 3.638043e+02
9.180603e-01 8.426438e-02 -3.873821e-01 -3.861362e+01 -1.018659e-01 9.944817e-01 -2.509069e-02 -2.809704e+00 3.831301e-01 6.249580e-02 9.215778e-01 3.641687e+02
8.986171e-01 8.778143e-02 -4.298624e-01 -3.882854e+01 -1.048125e-01 9.943625e-01 -1.605115e-02 -2.813183e+00 4.260300e-01 5.947880e-02 9.027517e-01 3.645274e+02
8.765438e-01 8.855644e-02 -4.731054e-01 -3.905326e+01 -1.042586e-01 9.945255e-01 -7.008210e-03 -2.811011e+00 4.698948e-01 5.546832e-02 8.809780e-01 3.648638e+02
8.505942e-01 9.277445e-02 -5.175736e-01 -3.927050e+01 -1.069109e-01 9.942654e-01 2.520730e-03 -2.815257e+00 5.148394e-01 5.319013e-02 8.556350e-01 3.651844e+02
8.201987e-01 9.928033e-02 -5.633981e-01 -3.951578e+01 -1.126113e-01 9.935766e-01 1.114487e-02 -2.810501e+00 5.608857e-01 5.430397e-02 8.261104e-01 3.654913e+02
7.855526e-01 1.064505e-01 -6.095698e-01 -3.977674e+01 -1.182413e-01 9.927630e-01 2.099090e-02 -2.796520e+00 6.073929e-01 5.558685e-02 7.924544e-01 3.657959e+02
7.479835e-01 1.108559e-01 -6.543941e-01 -4.007249e+01 -1.185359e-01 9.924135e-01 3.262860e-02 -2.780689e+00 6.530466e-01 5.316356e-02 7.554494e-01 3.660975e+02
7.030767e-01 1.214389e-01 -7.006681e-01 -4.038282e+01 -1.212568e-01 9.913537e-01 5.014653e-02 -2.785533e+00 7.006996e-01 4.970394e-02 7.117229e-01 3.663577e+02
6.584718e-01 1.196553e-01 -7.430327e-01 -4.072000e+01 -1.130297e-01 9.918054e-01 5.955045e-02 -2.763780e+00 7.440694e-01 4.477245e-02 6.666005e-01 3.666401e+02
6.102136e-01 1.200483e-01 -7.830886e-01 -4.108498e+01 -1.046716e-01 9.920041e-01 7.051103e-02 -2.739354e+00 7.852918e-01 3.894034e-02 6.179001e-01 3.669141e+02
5.581227e-01 1.200022e-01 -8.210350e-01 -4.147892e+01 -9.647385e-02 9.921609e-01 7.943295e-02 -2.701292e+00 8.241310e-01 3.487508e-02 5.653246e-01 3.671761e+02
5.021454e-01 1.165853e-01 -8.568885e-01 -4.189249e+01 -8.585867e-02 9.926963e-01 8.474875e-02 -2.657930e+00 8.605105e-01 3.101511e-02 5.084878e-01 3.674101e+02
4.434308e-01 1.120651e-01 -8.892753e-01 -4.235363e+01 -7.449653e-02 9.933282e-01 8.803051e-02 -2.608570e+00 8.932074e-01 2.721249e-02 4.488207e-01 3.676216e+02
3.817613e-01 1.099075e-01 -9.177029e-01 -4.284252e+01 -7.072640e-02 9.934671e-01 8.955938e-02 -2.557348e+00 9.215509e-01 3.071552e-02 3.870406e-01 3.677842e+02
3.169260e-01 1.084523e-01 -9.422293e-01 -4.334694e+01 -6.690244e-02 9.935226e-01 9.185310e-02 -2.507797e+00 9.460877e-01 3.392680e-02 3.221288e-01 3.679171e+02
2.504741e-01 1.038136e-01 -9.625411e-01 -4.387404e+01 -5.826099e-02 9.940484e-01 9.205100e-02 -2.449526e+00 9.663686e-01 3.302220e-02 2.550317e-01 3.680357e+02
1.848674e-01 1.000640e-01 -9.776560e-01 -4.440755e+01 -4.224456e-02 9.946926e-01 9.381956e-02 -2.381117e+00 9.818551e-01 2.395647e-02 1.881134e-01 3.681256e+02
1.231155e-01 1.077139e-01 -9.865294e-01 -4.495486e+01 -3.968761e-02 9.938313e-01 1.035583e-01 -2.323011e+00 9.915984e-01 2.640337e-02 1.266309e-01 3.681603e+02
6.182064e-02 1.165919e-01 -9.912540e-01 -4.552013e+01 -4.149292e-02 9.925953e-01 1.141619e-01 -2.260265e+00 9.972244e-01 3.407247e-02 6.620061e-02 3.681590e+02
6.442684e-03 1.239637e-01 -9.922658e-01 -4.607625e+01 -4.722235e-02 9.912171e-01 1.235261e-01 -2.196932e+00 9.988636e-01 4.606129e-02 1.223996e-02 3.681137e+02
-4.284378e-02 1.270360e-01 -9.909724e-01 -4.664561e+01 -5.226670e-02 9.902399e-01 1.292018e-01 -2.135638e+00 9.977137e-01 5.733035e-02 -3.578587e-02 3.680613e+02
-8.254684e-02 1.289096e-01 -9.882147e-01 -4.723427e+01 -5.313999e-02 9.896188e-01 1.335317e-01 -2.064727e+00 9.951694e-01 6.353634e-02 -7.483965e-02 3.679784e+02
-1.122775e-01 1.346391e-01 -9.845131e-01 -4.783189e+01 -5.297342e-02 9.885580e-01 1.412336e-01 -1.984970e+00 9.922639e-01 6.801038e-02 -1.038605e-01 3.678886e+02
-1.336516e-01 1.400772e-01 -9.810788e-01 -4.844400e+01 -5.170696e-02 9.876263e-01 1.480561e-01 -1.898927e+00 9.896786e-01 7.051654e-02 -1.247549e-01 3.677946e+02
-1.502331e-01 1.421539e-01 -9.783774e-01 -4.906744e+01 -5.165098e-02 9.871288e-01 1.513567e-01 -1.822592e+00 9.873005e-01 7.327293e-02 -1.409570e-01 3.677008e+02
-1.603017e-01 1.367492e-01 -9.775495e-01 -4.965934e+01 -5.461469e-02 9.876108e-01 1.471126e-01 -1.746610e+00 9.855560e-01 7.697096e-02 -1.508472e-01 3.675868e+02
-1.658987e-01 1.251417e-01 -9.781703e-01 -5.027247e+01 -5.815174e-02 9.889479e-01 1.363832e-01 -1.662388e+00 9.844267e-01 7.950809e-02 -1.567880e-01 3.674752e+02
-1.792219e-01 1.141851e-01 -9.771598e-01 -5.089890e+01 -5.821374e-02 9.902705e-01 1.263942e-01 -1.566612e+00 9.820849e-01 7.953673e-02 -1.708310e-01 3.673680e+02
-1.789736e-01 1.098085e-01 -9.777068e-01 -5.154422e+01 -5.574197e-02 9.910240e-01 1.215081e-01 -1.478140e+00 9.822735e-01 7.624603e-02 -1.712462e-01 3.672687e+02
-1.769559e-01 1.138845e-01 -9.776078e-01 -5.217459e+01 -5.223254e-02 9.907966e-01 1.248755e-01 -1.408102e+00 9.828318e-01 7.316040e-02 -1.693788e-01 3.671510e+02
-1.755464e-01 1.190690e-01 -9.772441e-01 -5.284605e+01 -5.020450e-02 9.902846e-01 1.296763e-01 -1.326092e+00 9.831902e-01 7.182626e-02 -1.678630e-01 3.670396e+02
-1.753094e-01 1.209688e-01 -9.770533e-01 -5.352271e+01 -5.206158e-02 9.898949e-01 1.319000e-01 -1.251821e+00 9.831359e-01 7.399025e-02 -1.672401e-01 3.669300e+02
-1.749061e-01 1.200067e-01 -9.772442e-01 -5.421560e+01 -5.518312e-02 9.897892e-01 1.314239e-01 -1.164304e+00 9.830375e-01 7.691422e-02 -1.664978e-01 3.668094e+02
-1.740372e-01 1.190367e-01 -9.775179e-01 -5.491487e+01 -5.934480e-02 9.895949e-01 1.310731e-01 -1.081359e+00 9.829493e-01 8.082221e-02 -1.651621e-01 3.666865e+02
-1.713381e-01 1.162016e-01 -9.783356e-01 -5.561150e+01 -6.539033e-02 9.894891e-01 1.289783e-01 -9.953606e-01 9.830399e-01 8.607258e-02 -1.619387e-01 3.665617e+02
-1.667939e-01 1.146759e-01 -9.793004e-01 -5.632928e+01 -6.973321e-02 9.893545e-01 1.277302e-01 -9.097916e-01 9.835228e-01 8.959438e-02 -1.570216e-01 3.664357e+02
-1.628762e-01 1.144411e-01 -9.799870e-01 -5.706148e+01 -7.342205e-02 9.890905e-01 1.277071e-01 -8.153564e-01 9.839108e-01 9.275311e-02 -1.526968e-01 3.663232e+02
-1.648580e-01 1.162746e-01 -9.794397e-01 -5.780412e+01 -7.451729e-02 9.887205e-01 1.299191e-01 -7.208549e-01 9.834983e-01 9.440339e-02 -1.543340e-01 3.662250e+02
-1.611832e-01 1.192804e-01 -9.796898e-01 -5.858574e+01 -7.848277e-02 9.879766e-01 1.332017e-01 -6.241926e-01 9.837990e-01 9.835864e-02 -1.498837e-01 3.661035e+02
-1.577911e-01 1.208057e-01 -9.800551e-01 -5.938482e+01 -7.942371e-02 9.877203e-01 1.345380e-01 -5.217302e-01 9.842733e-01 9.906851e-02 -1.462587e-01 3.659742e+02
-1.550400e-01 1.189422e-01 -9.807219e-01 -6.019517e+01 -8.024138e-02 9.879295e-01 1.325015e-01 -4.160060e-01 9.846441e-01 9.923751e-02 -1.436245e-01 3.658524e+02
-1.517203e-01 1.163917e-01 -9.815467e-01 -6.101463e+01 -7.896102e-02 9.884417e-01 1.294146e-01 -3.041366e-01 9.852645e-01 9.713875e-02 -1.407763e-01 3.657369e+02
-1.478783e-01 1.171292e-01 -9.820452e-01 -6.184952e+01 -7.763550e-02 9.885234e-01 1.295924e-01 -1.903897e-01 9.859537e-01 9.540546e-02 -1.370877e-01 3.656205e+02
-1.450758e-01 1.214641e-01 -9.819366e-01 -6.272219e+01 -7.863337e-02 9.878814e-01 1.338172e-01 -8.057850e-02 9.862909e-01 9.662661e-02 -1.337665e-01 3.655014e+02
-1.417682e-01 1.270197e-01 -9.817168e-01 -6.356615e+01 -7.733330e-02 9.872813e-01 1.389072e-01 2.145644e-02 9.868745e-01 9.561203e-02 -1.301422e-01 3.653807e+02
-1.388362e-01 1.320019e-01 -9.814785e-01 -6.446880e+01 -7.661480e-02 9.866747e-01 1.435384e-01 1.429399e-01 9.873473e-01 9.512411e-02 -1.268729e-01 3.652608e+02
-1.358586e-01 1.335942e-01 -9.816797e-01 -6.534909e+01 -7.565677e-02 9.865744e-01 1.447307e-01 2.621958e-01 9.878353e-01 9.393363e-02 -1.239273e-01 3.651460e+02
-1.381844e-01 1.315128e-01 -9.816361e-01 -6.622206e+01 -7.811464e-02 9.866098e-01 1.431753e-01 3.803142e-01 9.873212e-01 9.646475e-02 -1.260610e-01 3.650314e+02
-1.365993e-01 1.270403e-01 -9.824466e-01 -6.713933e+01 -7.973653e-02 9.871150e-01 1.387305e-01 5.054488e-01 9.874121e-01 9.728737e-02 -1.247094e-01 3.649131e+02
-1.355685e-01 1.235774e-01 -9.830309e-01 -6.804006e+01 -7.895108e-02 9.876882e-01 1.350509e-01 6.255900e-01 9.876173e-01 9.592000e-02 -1.241428e-01 3.647944e+02
-1.354703e-01 1.229890e-01 -9.831182e-01 -6.894400e+01 -7.875931e-02 9.877887e-01 1.344261e-01 7.397662e-01 9.876461e-01 9.564046e-02 -1.241295e-01 3.646811e+02
-1.355074e-01 1.238810e-01 -9.830011e-01 -6.985933e+01 -7.715058e-02 9.878205e-01 1.351236e-01 8.545393e-01 9.877680e-01 9.414936e-02 -1.242995e-01 3.645695e+02
-1.363295e-01 1.250780e-01 -9.827359e-01 -7.077997e+01 -7.546783e-02 9.878038e-01 1.361922e-01 9.728052e-01 9.877848e-01 9.273196e-02 -1.252275e-01 3.644477e+02
-1.376409e-01 1.261067e-01 -9.824215e-01 -7.170060e+01 -7.471019e-02 9.877145e-01 1.372532e-01 1.088342e+00 9.876606e-01 9.228856e-02 -1.265284e-01 3.643281e+02
-1.393291e-01 1.261478e-01 -9.821783e-01 -7.263921e+01 -7.742070e-02 9.874289e-01 1.378049e-01 1.217702e+00 9.872150e-01 9.524116e-02 -1.278112e-01 3.642136e+02
-1.408218e-01 1.267682e-01 -9.818855e-01 -7.352875e+01 -7.962657e-02 9.871053e-01 1.388621e-01 1.326708e+00 9.868277e-01 9.773898e-02 -1.289118e-01 3.640778e+02
-1.418918e-01 1.268280e-01 -9.817237e-01 -7.443289e+01 -8.056458e-02 9.869883e-01 1.391524e-01 1.441495e+00 9.865982e-01 9.883674e-02 -1.298277e-01 3.639468e+02
-1.541544e-01 1.302110e-01 -9.794292e-01 -7.534229e+01 -7.932142e-02 9.864476e-01 1.436286e-01 1.569308e+00 9.848576e-01 9.983069e-02 -1.417367e-01 3.638247e+02
-1.561892e-01 1.290857e-01 -9.792557e-01 -7.626570e+01 -8.123623e-02 9.863857e-01 1.429826e-01 1.691713e+00 9.843808e-01 1.018834e-01 -1.435764e-01 3.636952e+02
-1.573825e-01 1.269958e-01 -9.793379e-01 -7.714325e+01 -8.213902e-02 9.865770e-01 1.411345e-01 1.812474e+00 9.841158e-01 1.026540e-01 -1.448386e-01 3.635395e+02
-1.603266e-01 1.254014e-01 -9.790658e-01 -7.805286e+01 -8.127130e-02 9.868520e-01 1.397072e-01 1.935405e+00 9.837125e-01 1.019687e-01 -1.480271e-01 3.634087e+02
-1.646076e-01 1.274097e-01 -9.780956e-01 -7.896151e+01 -8.184279e-02 9.864385e-01 1.422701e-01 2.059836e+00 9.829578e-01 1.034688e-01 -1.519478e-01 3.632767e+02
-1.685148e-01 1.310775e-01 -9.769449e-01 -7.984643e+01 -8.339533e-02 9.856693e-01 1.466331e-01 2.181829e+00 9.821649e-01 1.061825e-01 -1.551686e-01 3.631121e+02
-1.727319e-01 1.331331e-01 -9.759300e-01 -8.074890e+01 -8.428794e-02 9.851907e-01 1.493147e-01 2.305669e+00 9.813558e-01 1.080505e-01 -1.589523e-01 3.629617e+02
-1.763826e-01 1.300870e-01 -9.756877e-01 -8.164285e+01 -9.113064e-02 9.848131e-01 1.477781e-01 2.443148e+00 9.800941e-01 1.149805e-01 -1.618490e-01 3.627906e+02
-1.791323e-01 1.277686e-01 -9.754931e-01 -8.253772e+01 -9.371366e-02 9.848066e-01 1.461974e-01 2.570855e+00 9.793515e-01 1.176057e-01 -1.644370e-01 3.626352e+02
-1.820130e-01 1.231857e-01 -9.755494e-01 -8.343816e+01 -9.324780e-02 9.854881e-01 1.418384e-01 2.691372e+00 9.788647e-01 1.167843e-01 -1.678848e-01 3.624885e+02
-1.693991e-01 1.130847e-01 -9.790382e-01 -8.430632e+01 -9.173607e-02 9.872731e-01 1.299086e-01 2.799896e+00 9.812688e-01 1.118195e-01 -1.568693e-01 3.623417e+02
-1.704417e-01 1.147439e-01 -9.786641e-01 -8.516150e+01 -9.229188e-02 9.869718e-01 1.317912e-01 2.913102e+00 9.810361e-01 1.127855e-01 -1.576312e-01 3.621893e+02
-1.708807e-01 1.161335e-01 -9.784236e-01 -8.606023e+01 -9.480020e-02 9.864844e-01 1.336471e-01 3.030335e+00 9.807205e-01 1.155925e-01 -1.575617e-01 3.620310e+02
-1.701771e-01 1.178138e-01 -9.783454e-01 -8.692509e+01 -9.452696e-02 9.862971e-01 1.352137e-01 3.136267e+00 9.808692e-01 1.154903e-01 -1.567086e-01 3.618868e+02
-1.690301e-01 1.133648e-01 -9.790696e-01 -8.778768e+01 -9.604738e-02 9.867406e-01 1.308350e-01 3.242339e+00 9.809198e-01 1.161521e-01 -1.559005e-01 3.617432e+02
-1.659638e-01 1.114744e-01 -9.798109e-01 -8.867671e+01 -9.846563e-02 9.867514e-01 1.289425e-01 3.354046e+00 9.812036e-01 1.178775e-01 -1.527886e-01 3.615895e+02
-1.632450e-01 1.112189e-01 -9.802966e-01 -8.953179e+01 -1.015623e-01 9.864522e-01 1.288301e-01 3.459400e+00 9.813441e-01 1.205921e-01 -1.497378e-01 3.614545e+02
-1.592631e-01 1.135215e-01 -9.806876e-01 -9.041261e+01 -1.021114e-01 9.861447e-01 1.307360e-01 3.565316e+00 9.819412e-01 1.209608e-01 -1.454647e-01 3.613360e+02
-1.548594e-01 1.147443e-01 -9.812504e-01 -9.128821e+01 -1.046638e-01 9.857371e-01 1.317869e-01 3.672274e+00 9.823767e-01 1.231098e-01 -1.406411e-01 3.611952e+02
-1.497842e-01 1.159205e-01 -9.818998e-01 -9.215271e+01 -1.062306e-01 9.854676e-01 1.325467e-01 3.766701e+00 9.829953e-01 1.241612e-01 -1.352932e-01 3.610710e+02
-1.512123e-01 1.207746e-01 -9.810955e-01 -9.303455e+01 -1.042487e-01 9.850248e-01 1.373257e-01 3.865555e+00 9.829888e-01 1.230432e-01 -1.363573e-01 3.609400e+02
-1.463336e-01 1.208376e-01 -9.818273e-01 -9.391472e+01 -1.045997e-01 9.850573e-01 1.368249e-01 3.982043e+00 9.836897e-01 1.227209e-01 -1.315074e-01 3.608257e+02
-1.409065e-01 1.196824e-01 -9.827622e-01 -9.477479e+01 -1.046557e-01 9.853035e-01 1.349973e-01 4.085152e+00 9.844758e-01 1.218736e-01 -1.263102e-01 3.607080e+02
-1.360664e-01 1.175473e-01 -9.837015e-01 -9.562268e+01 -1.062064e-01 9.854831e-01 1.324508e-01 4.193350e+00 9.849904e-01 1.224975e-01 -1.216068e-01 3.605936e+02
-1.310764e-01 1.157281e-01 -9.845943e-01 -9.648609e+01 -1.080623e-01 9.855774e-01 1.302297e-01 4.300009e+00 9.854651e-01 1.234675e-01 -1.166801e-01 3.604863e+02
-1.262165e-01 1.144639e-01 -9.853768e-01 -9.735620e+01 -1.092033e-01 9.856803e-01 1.284870e-01 4.405368e+00 9.859736e-01 1.238236e-01 -1.119093e-01 3.603846e+02
-1.212215e-01 1.148506e-01 -9.859588e-01 -9.823005e+01 -1.098829e-01 9.856263e-01 1.283217e-01 4.511221e+00 9.865248e-01 1.238953e-01 -1.068589e-01 3.602861e+02
-1.162932e-01 1.159535e-01 -9.864232e-01 -9.910304e+01 -1.112875e-01 9.853865e-01 1.289518e-01 4.612252e+00 9.869605e-01 1.247728e-01 -1.016896e-01 3.601841e+02
-1.121639e-01 1.172532e-01 -9.867477e-01 -9.997627e+01 -1.126518e-01 9.851116e-01 1.298639e-01 4.721296e+00 9.872836e-01 1.257249e-01 -9.728517e-02 3.601047e+02
-1.081751e-01 1.192933e-01 -9.869485e-01 -1.008427e+02 -1.129363e-01 9.848726e-01 1.314208e-01 4.831024e+00 9.876961e-01 1.256787e-01 -9.306613e-02 3.600241e+02
-9.681524e-02 1.358538e-01 -9.859871e-01 -1.017464e+02 -1.109242e-01 9.829966e-01 1.463335e-01 4.917680e+00 9.891019e-01 1.235371e-01 -8.009958e-02 3.599348e+02
-9.437791e-02 1.357721e-01 -9.862346e-01 -1.025990e+02 -1.091843e-01 9.832688e-01 1.458122e-01 5.037444e+00 9.895310e-01 1.214428e-01 -7.797468e-02 3.598868e+02
-9.216739e-02 1.343215e-01 -9.866422e-01 -1.034284e+02 -1.076721e-01 9.837055e-01 1.439799e-01 5.151960e+00 9.899050e-01 1.195041e-01 -7.620290e-02 3.598335e+02
-9.093514e-02 1.321807e-01 -9.870456e-01 -1.042337e+02 -1.055982e-01 9.842843e-01 1.415395e-01 5.256738e+00 9.902423e-01 1.171011e-01 -7.554799e-02 3.597828e+02
-9.074062e-02 1.324385e-01 -9.870290e-01 -1.049978e+02 -1.031922e-01 9.845322e-01 1.415903e-01 5.345936e+00 9.905138e-01 1.147016e-01 -7.567045e-02 3.597629e+02
-9.040762e-02 1.320999e-01 -9.871049e-01 -1.057704e+02 -1.013385e-01 9.847990e-01 1.410727e-01 5.438414e+00 9.907356e-01 1.127858e-01 -7.564653e-02 3.597033e+02
-9.056791e-02 1.302537e-01 -9.873355e-01 -1.065114e+02 -9.860958e-02 9.853650e-01 1.390392e-01 5.522428e+00 9.909963e-01 1.099532e-01 -7.639819e-02 3.596487e+02
-9.132453e-02 1.296360e-01 -9.873471e-01 -1.072397e+02 -9.709927e-02 9.856066e-01 1.383886e-01 5.611494e+00 9.910760e-01 1.085090e-01 -7.742249e-02 3.595895e+02
-9.387409e-02 1.293797e-01 -9.871416e-01 -1.079403e+02 -9.444364e-02 9.858914e-01 1.381972e-01 5.700897e+00 9.910944e-01 1.062024e-01 -8.033057e-02 3.595484e+02
-9.756691e-02 1.312616e-01 -9.865349e-01 -1.086273e+02 -9.226289e-02 9.858025e-01 1.402888e-01 5.787968e+00 9.909431e-01 1.047081e-01 -8.407114e-02 3.594964e+02
-8.818810e-02 1.349761e-01 -9.869166e-01 -1.094427e+02 -8.760261e-02 9.858869e-01 1.426632e-01 5.892764e+00 9.922442e-01 9.903766e-02 -7.511923e-02 3.593266e+02
-9.370050e-02 1.357125e-01 -9.863074e-01 -1.100748e+02 -8.591362e-02 9.858683e-01 1.438140e-01 5.976326e+00 9.918866e-01 9.821268e-02 -8.071681e-02 3.592774e+02
-9.991311e-02 1.357780e-01 -9.856884e-01 -1.106892e+02 -8.343943e-02 9.860127e-01 1.442804e-01 6.044111e+00 9.914914e-01 9.666079e-02 -8.718636e-02 3.592314e+02
-1.067115e-01 1.331906e-01 -9.853288e-01 -1.112869e+02 -8.209371e-02 9.864236e-01 1.422293e-01 6.129159e+00 9.908952e-01 9.606681e-02 -9.432864e-02 3.591740e+02
-1.141617e-01 1.312772e-01 -9.847504e-01 -1.118903e+02 -8.070742e-02 9.867291e-01 1.408974e-01 6.192056e+00 9.901785e-01 9.556174e-02 -1.020516e-01 3.591130e+02
-1.225267e-01 1.311768e-01 -9.837580e-01 -1.124830e+02 -8.036044e-02 9.866607e-01 1.415727e-01 6.271762e+00 9.892065e-01 9.640167e-02 -1.103508e-01 3.590440e+02
-1.297348e-01 1.319552e-01 -9.827292e-01 -1.130761e+02 -7.840299e-02 9.866370e-01 1.428302e-01 6.353994e+00 9.884442e-01 9.557897e-02 -1.176555e-01 3.589659e+02
-1.372995e-01 1.318319e-01 -9.817175e-01 -1.136656e+02 -7.829436e-02 9.865583e-01 1.434320e-01 6.436341e+00 9.874304e-01 9.655607e-02 -1.251323e-01 3.588892e+02
-1.442595e-01 1.291007e-01 -9.810822e-01 -1.142414e+02 -7.824746e-02 9.868601e-01 1.413667e-01 6.514554e+00 9.864413e-01 9.716067e-02 -1.322621e-01 3.587968e+02
-1.516332e-01 1.250273e-01 -9.804976e-01 -1.148200e+02 -7.924052e-02 9.872375e-01 1.381413e-01 6.592637e+00 9.852555e-01 9.864194e-02 -1.397908e-01 3.587164e+02
-1.405596e-01 1.304706e-01 -9.814379e-01 -1.153571e+02 -7.904821e-02 9.866357e-01 1.424827e-01 6.670362e+00 9.869115e-01 9.760821e-02 -1.283676e-01 3.586098e+02
-1.469104e-01 1.274128e-01 -9.809094e-01 -1.159293e+02 -7.819923e-02 9.870694e-01 1.399248e-01 6.754229e+00 9.860539e-01 9.726277e-02 -1.350471e-01 3.585255e+02
-1.526084e-01 1.248095e-01 -9.803740e-01 -1.165055e+02 -7.806918e-02 9.873712e-01 1.378529e-01 6.832288e+00 9.851984e-01 9.757451e-02 -1.409374e-01 3.584333e+02
-1.584993e-01 1.232087e-01 -9.796416e-01 -1.170826e+02 -7.989048e-02 9.873301e-01 1.371014e-01 6.912717e+00 9.841217e-01 9.999451e-02 -1.466480e-01 3.583434e+02
-1.638081e-01 1.224113e-01 -9.788679e-01 -1.176659e+02 -8.110178e-02 9.872412e-01 1.370303e-01 6.985414e+00 9.831528e-01 1.018346e-01 -1.517904e-01 3.582527e+02
-1.685818e-01 1.215615e-01 -9.781631e-01 -1.182591e+02 -8.002829e-02 9.874020e-01 1.365022e-01 7.066756e+00 9.824335e-01 1.012925e-01 -1.567297e-01 3.581520e+02
-1.730261e-01 1.211961e-01 -9.774321e-01 -1.188504e+02 -7.883790e-02 9.875116e-01 1.364019e-01 7.146335e+00 9.817569e-01 1.006598e-01 -1.613104e-01 3.580542e+02
-1.766059e-01 1.201987e-01 -9.769148e-01 -1.194441e+02 -8.005079e-02 9.874736e-01 1.359694e-01 7.224046e+00 9.810210e-01 1.022158e-01 -1.647717e-01 3.579380e+02
-1.807243e-01 1.173306e-01 -9.765102e-01 -1.200432e+02 -8.498777e-02 9.872822e-01 1.343537e-01 7.306023e+00 9.798550e-01 1.072724e-01 -1.684542e-01 3.578268e+02
-1.835455e-01 1.156788e-01 -9.761811e-01 -1.206567e+02 -8.775240e-02 9.871590e-01 1.334793e-01 7.387712e+00 9.790866e-01 1.101617e-01 -1.710375e-01 3.577098e+02
-1.888152e-01 1.237290e-01 -9.741868e-01 -1.212572e+02 -8.583124e-02 9.861550e-01 1.418847e-01 7.458594e+00 9.782545e-01 1.104057e-01 -1.755813e-01 3.575975e+02
-1.892976e-01 1.232754e-01 -9.741507e-01 -1.218865e+02 -8.406295e-02 9.864110e-01 1.411621e-01 7.546441e+00 9.783148e-01 1.086116e-01 -1.763624e-01 3.574809e+02
-1.898931e-01 1.245611e-01 -9.738712e-01 -1.225251e+02 -8.601163e-02 9.859952e-01 1.428830e-01 7.638876e+00 9.780300e-01 1.108968e-01 -1.765200e-01 3.573599e+02
-1.900329e-01 1.282969e-01 -9.733588e-01 -1.231793e+02 -8.572499e-02 9.854699e-01 1.466297e-01 7.733061e+00 9.780280e-01 1.113056e-01 -1.762734e-01 3.572445e+02
-1.907145e-01 1.330032e-01 -9.725935e-01 -1.238458e+02 -8.909554e-02 9.843442e-01 1.520807e-01 7.832478e+00 9.775940e-01 1.156577e-01 -1.758787e-01 3.571201e+02
-1.903939e-01 1.444351e-01 -9.710245e-01 -1.245333e+02 -9.101008e-02 9.822612e-01 1.639513e-01 7.942743e+00 9.774801e-01 1.195884e-01 -1.738715e-01 3.569976e+02
-1.895196e-01 1.536798e-01 -9.697757e-01 -1.252367e+02 -9.464670e-02 9.802167e-01 1.738308e-01 8.059996e+00 9.773046e-01 1.247304e-01 -1.712250e-01 3.568737e+02
-1.877565e-01 1.559906e-01 -9.697497e-01 -1.259330e+02 -9.686476e-02 9.795549e-01 1.763221e-01 8.171185e+00 9.774276e-01 1.270402e-01 -1.688078e-01 3.567539e+02
-1.854972e-01 1.468135e-01 -9.716155e-01 -1.266687e+02 -1.027774e-01 9.804538e-01 1.677709e-01 8.290097e+00 9.772551e-01 1.309812e-01 -1.667823e-01 3.566381e+02
-1.816974e-01 1.305360e-01 -9.746519e-01 -1.273921e+02 -1.062993e-01 9.827349e-01 1.514352e-01 8.414289e+00 9.775922e-01 1.311202e-01 -1.646845e-01 3.565119e+02
-1.817245e-01 1.257558e-01 -9.752752e-01 -1.280655e+02 -1.079017e-01 9.832501e-01 1.468896e-01 8.536228e+00 9.774116e-01 1.319273e-01 -1.651114e-01 3.564064e+02
-1.777695e-01 1.356076e-01 -9.746838e-01 -1.288786e+02 -1.080564e-01 9.817806e-01 1.563031e-01 8.674916e+00 9.781216e-01 1.331068e-01 -1.598774e-01 3.562845e+02
-1.740697e-01 1.544335e-01 -9.725482e-01 -1.296841e+02 -1.085437e-01 9.785988e-01 1.748218e-01 8.774289e+00 9.787329e-01 1.359952e-01 -1.535816e-01 3.561657e+02
-1.702057e-01 1.585006e-01 -9.725778e-01 -1.304844e+02 -1.081015e-01 9.780190e-01 1.783056e-01 8.904940e+00 9.794611e-01 1.354857e-01 -1.493303e-01 3.560452e+02
-1.671492e-01 1.489829e-01 -9.746103e-01 -1.312761e+02 -1.085362e-01 9.797286e-01 1.683797e-01 9.036281e+00 9.799393e-01 1.339250e-01 -1.475909e-01 3.559222e+02
-1.635501e-01 1.312182e-01 -9.777695e-01 -1.320805e+02 -1.106315e-01 9.824236e-01 1.503479e-01 9.172793e+00 9.803122e-01 1.327615e-01 -1.461586e-01 3.557977e+02
-1.602443e-01 1.212732e-01 -9.795992e-01 -1.329131e+02 -1.142645e-01 9.834729e-01 1.404443e-01 9.309983e+00 9.804414e-01 1.344388e-01 -1.437387e-01 3.556811e+02
-1.576594e-01 1.238691e-01 -9.796938e-01 -1.337834e+02 -1.211049e-01 9.821871e-01 1.436735e-01 9.447152e+00 9.800393e-01 1.412972e-01 -1.398498e-01 3.555699e+02
-1.533502e-01 1.335427e-01 -9.791068e-01 -1.346623e+02 -1.279642e-01 9.797999e-01 1.536793e-01 9.565135e+00 9.798515e-01 1.488574e-01 -1.331638e-01 3.554477e+02
-1.475883e-01 1.364855e-01 -9.795863e-01 -1.355631e+02 -1.322505e-01 9.788151e-01 1.563034e-01 9.696840e+00 9.801671e-01 1.526193e-01 -1.264114e-01 3.553163e+02
-1.589658e-01 1.226973e-01 -9.796302e-01 -1.365230e+02 -1.316811e-01 9.807471e-01 1.442053e-01 9.830738e+00 9.784631e-01 1.519225e-01 -1.397483e-01 3.551576e+02
-1.513453e-01 1.093021e-01 -9.824193e-01 -1.374249e+02 -1.298830e-01 9.830518e-01 1.293814e-01 9.946290e+00 9.799107e-01 1.471808e-01 -1.345838e-01 3.550293e+02
-1.436177e-01 1.025261e-01 -9.843081e-01 -1.383225e+02 -1.240185e-01 9.849135e-01 1.206844e-01 1.005385e+01 9.818316e-01 1.394048e-01 -1.287359e-01 3.549103e+02
-1.365155e-01 1.075553e-01 -9.847819e-01 -1.392810e+02 -1.208671e-01 9.848533e-01 1.243183e-01 1.018103e+01 9.832368e-01 1.359991e-01 -1.214478e-01 3.547978e+02
-1.295976e-01 1.193166e-01 -9.843617e-01 -1.402916e+02 -1.194581e-01 9.836244e-01 1.349547e-01 1.031833e+01 9.843446e-01 1.350798e-01 -1.132220e-01 3.547097e+02
-1.232126e-01 1.292452e-01 -9.839280e-01 -1.412826e+02 -1.176120e-01 9.825933e-01 1.437979e-01 1.044505e+01 9.853863e-01 1.334395e-01 -1.058671e-01 3.546093e+02
-1.180771e-01 1.300750e-01 -9.844482e-01 -1.422537e+02 -1.171616e-01 9.826339e-01 1.438879e-01 1.058467e+01 9.860684e-01 1.323294e-01 -1.007867e-01 3.545126e+02
-1.145100e-01 1.258865e-01 -9.854136e-01 -1.432415e+02 -1.174442e-01 9.832668e-01 1.392598e-01 1.072559e+01 9.864554e-01 1.316778e-01 -9.780925e-02 3.544258e+02
-1.122397e-01 1.226244e-01 -9.860860e-01 -1.442201e+02 -1.161326e-01 9.839372e-01 1.355758e-01 1.085688e+01 9.868716e-01 1.297337e-01 -9.619610e-02 3.543240e+02
-1.120404e-01 1.227832e-01 -9.860889e-01 -1.452254e+02 -1.144357e-01 9.841405e-01 1.355429e-01 1.099365e+01 9.870924e-01 1.280301e-01 -9.621270e-02 3.542494e+02
-9.641602e-02 1.306225e-01 -9.867328e-01 -1.461467e+02 -1.135148e-01 9.834403e-01 1.412785e-01 1.111279e+01 9.888470e-01 1.256302e-01 -7.999182e-02 3.541640e+02
-9.731334e-02 1.317205e-01 -9.864988e-01 -1.471420e+02 -1.141143e-01 9.831895e-01 1.425354e-01 1.124660e+01 9.886901e-01 1.264442e-01 -8.064626e-02 3.540800e+02
-1.001503e-01 1.339336e-01 -9.859167e-01 -1.481385e+02 -1.159150e-01 9.825806e-01 1.452552e-01 1.139390e+01 9.881972e-01 1.288299e-01 -8.288078e-02 3.540088e+02
-1.033251e-01 1.382911e-01 -9.849870e-01 -1.491347e+02 -1.158013e-01 9.818805e-01 1.500025e-01 1.152845e+01 9.878836e-01 1.295618e-01 -8.543865e-02 3.539215e+02
-1.063257e-01 1.384163e-01 -9.846501e-01 -1.501117e+02 -1.148240e-01 9.819294e-01 1.504329e-01 1.165428e+01 9.876792e-01 1.290563e-01 -8.851085e-02 3.538152e+02
-1.099453e-01 1.309460e-01 -9.852742e-01 -1.510965e+02 -1.119391e-01 9.833458e-01 1.431808e-01 1.179406e+01 9.876141e-01 1.260327e-01 -9.345632e-02 3.537375e+02
-1.122042e-01 1.232878e-01 -9.860073e-01 -1.520403e+02 -1.076597e-01 9.849240e-01 1.354037e-01 1.192986e+01 9.878358e-01 1.213461e-01 -9.723950e-02 3.536249e+02
-1.150295e-01 1.224013e-01 -9.857921e-01 -1.529999e+02 -1.023972e-01 9.856319e-01 1.343299e-01 1.205292e+01 9.880704e-01 1.163943e-01 -1.008432e-01 3.535226e+02
-1.185167e-01 1.285738e-01 -9.845926e-01 -1.539967e+02 -9.911025e-02 9.850976e-01 1.405698e-01 1.218010e+01 9.879934e-01 1.142431e-01 -1.040075e-01 3.534199e+02
-1.218116e-01 1.339550e-01 -9.834724e-01 -1.549831e+02 -9.883679e-02 9.842892e-01 1.463081e-01 1.231612e+01 9.876200e-01 1.150253e-01 -1.066582e-01 3.533191e+02
-1.279829e-01 1.334918e-01 -9.827514e-01 -1.559111e+02 -9.974216e-02 9.841440e-01 1.466703e-01 1.244134e+01 9.867481e-01 1.167930e-01 -1.126388e-01 3.532204e+02
-1.307408e-01 1.296923e-01 -9.828971e-01 -1.568644e+02 -1.038072e-01 9.841665e-01 1.436678e-01 1.257279e+01 9.859670e-01 1.208150e-01 -1.152077e-01 3.530929e+02
-1.332618e-01 1.252233e-01 -9.831380e-01 -1.578143e+02 -1.081184e-01 9.842284e-01 1.400173e-01 1.270589e+01 9.851658e-01 1.249543e-01 -1.176211e-01 3.529595e+02
-1.361562e-01 1.223471e-01 -9.831036e-01 -1.587826e+02 -1.088082e-01 9.844947e-01 1.375897e-01 1.283298e+01 9.846940e-01 1.257035e-01 -1.207327e-01 3.528423e+02
-1.376877e-01 1.218099e-01 -9.829570e-01 -1.597281e+02 -1.069456e-01 9.847788e-01 1.370161e-01 1.294914e+01 9.846851e-01 1.239884e-01 -1.225649e-01 3.527096e+02
-1.395166e-01 1.244579e-01 -9.823672e-01 -1.606829e+02 -1.057504e-01 9.845237e-01 1.397498e-01 1.307127e+01 9.845567e-01 1.233831e-01 -1.241960e-01 3.525833e+02
-1.415052e-01 1.298186e-01 -9.813885e-01 -1.616466e+02 -1.016801e-01 9.842147e-01 1.448536e-01 1.319889e+01 9.847017e-01 1.202852e-01 -1.260715e-01 3.524616e+02
-1.446822e-01 1.373400e-01 -9.799004e-01 -1.625938e+02 -9.840301e-02 9.834138e-01 1.523617e-01 1.332258e+01 9.845730e-01 1.184692e-01 -1.287678e-01 3.523346e+02
-1.473175e-01 1.403969e-01 -9.790742e-01 -1.634969e+02 -9.866396e-02 9.828513e-01 1.557841e-01 1.345786e+01 9.841560e-01 1.195491e-01 -1.309390e-01 3.521830e+02
-1.507394e-01 1.386188e-01 -9.788066e-01 -1.644033e+02 -9.951806e-02 9.829626e-01 1.545335e-01 1.358109e+01 9.835516e-01 1.207032e-01 -1.343762e-01 3.520308e+02
-1.547018e-01 1.333662e-01 -9.789182e-01 -1.652935e+02 -9.969013e-02 9.836823e-01 1.497696e-01 1.370230e+01 9.829187e-01 1.207581e-01 -1.388821e-01 3.518934e+02
-1.580048e-01 1.277037e-01 -9.791457e-01 -1.662252e+02 -1.009055e-01 9.843226e-01 1.446620e-01 1.383273e+01 9.822691e-01 1.216585e-01 -1.426417e-01 3.517519e+02
-1.594081e-01 1.285397e-01 -9.788088e-01 -1.672020e+02 -9.710990e-02 9.846369e-01 1.451203e-01 1.397635e+01 9.824249e-01 1.181854e-01 -1.444766e-01 3.516123e+02
-1.613884e-01 1.338615e-01 -9.777704e-01 -1.681289e+02 -9.530621e-02 9.840134e-01 1.504472e-01 1.410254e+01 9.822782e-01 1.174680e-01 -1.460505e-01 3.514805e+02
-1.627129e-01 1.380726e-01 -9.769649e-01 -1.690697e+02 -9.469551e-02 9.834042e-01 1.547541e-01 1.424024e+01 9.821188e-01 1.176947e-01 -1.469377e-01 3.513388e+02
-1.638332e-01 1.405218e-01 -9.764284e-01 -1.699962e+02 -9.112852e-02 9.834144e-01 1.568174e-01 1.437687e+01 9.822700e-01 1.146724e-01 -1.483104e-01 3.511987e+02
-1.646976e-01 1.423652e-01 -9.760158e-01 -1.709174e+02 -8.919018e-02 9.833253e-01 1.584818e-01 1.450997e+01 9.823033e-01 1.131526e-01 -1.492538e-01 3.510537e+02
-1.650217e-01 1.429271e-01 -9.758789e-01 -1.718572e+02 -9.145510e-02 9.829639e-01 1.594298e-01 1.465547e+01 9.820406e-01 1.155585e-01 -1.491389e-01 3.509091e+02
-1.652073e-01 1.418376e-01 -9.760065e-01 -1.727802e+02 -9.386748e-02 9.828512e-01 1.587212e-01 1.479492e+01 9.817818e-01 1.178372e-01 -1.490603e-01 3.507633e+02
-1.650555e-01 1.391376e-01 -9.764207e-01 -1.736929e+02 -9.790558e-02 9.827981e-01 1.565964e-01 1.493401e+01 9.814128e-01 1.214441e-01 -1.485939e-01 3.506161e+02
-1.581945e-01 1.384175e-01 -9.776580e-01 -1.745948e+02 -1.026814e-01 9.824513e-01 1.557110e-01 1.505842e+01 9.820545e-01 1.250200e-01 -1.412055e-01 3.504815e+02
-1.567825e-01 1.354530e-01 -9.783004e-01 -1.755164e+02 -1.025634e-01 9.829617e-01 1.525353e-01 1.519314e+01 9.822932e-01 1.242526e-01 -1.402187e-01 3.503483e+02
-1.556419e-01 1.327242e-01 -9.788564e-01 -1.764204e+02 -1.008783e-01 9.836160e-01 1.494096e-01 1.531345e+01 9.826491e-01 1.219997e-01 -1.397028e-01 3.502170e+02
-1.542430e-01 1.319289e-01 -9.791853e-01 -1.773263e+02 -1.012492e-01 9.837173e-01 1.484885e-01 1.545589e+01 9.828315e-01 1.220451e-01 -1.383738e-01 3.500921e+02
-1.535793e-01 1.361102e-01 -9.787172e-01 -1.782381e+02 -1.002489e-01 9.832112e-01 1.524661e-01 1.558740e+01 9.830379e-01 1.215309e-01 -1.373560e-01 3.499784e+02
-1.529339e-01 1.419347e-01 -9.779907e-01 -1.791326e+02 -9.912559e-02 9.824381e-01 1.580810e-01 1.572944e+01 9.832524e-01 1.211198e-01 -1.361787e-01 3.498598e+02
-1.521170e-01 1.450161e-01 -9.776660e-01 -1.800170e+02 -9.817955e-02 9.820680e-01 1.609450e-01 1.585795e+01 9.834740e-01 1.204693e-01 -1.351516e-01 3.497421e+02
-1.511648e-01 1.442643e-01 -9.779249e-01 -1.809155e+02 -9.958620e-02 9.820376e-01 1.602647e-01 1.599342e+01 9.834794e-01 1.216142e-01 -1.340827e-01 3.496228e+02
-1.497694e-01 1.418124e-01 -9.784980e-01 -1.817916e+02 -9.934807e-02 9.824932e-01 1.575977e-01 1.613046e+01 9.837170e-01 1.208152e-01 -1.330586e-01 3.495035e+02
-1.492704e-01 1.389991e-01 -9.789778e-01 -1.826579e+02 -1.002412e-01 9.828422e-01 1.548321e-01 1.625926e+01 9.837022e-01 1.212457e-01 -1.327758e-01 3.493933e+02
-1.460924e-01 1.374131e-01 -9.796809e-01 -1.834312e+02 -1.035240e-01 9.827451e-01 1.532806e-01 1.637807e+01 9.838393e-01 1.238136e-01 -1.293460e-01 3.492891e+02
-1.457632e-01 1.408096e-01 -9.792475e-01 -1.842582e+02 -1.054203e-01 9.819730e-01 1.568936e-01 1.649775e+01 9.836868e-01 1.261019e-01 -1.282913e-01 3.491719e+02
-1.454638e-01 1.431920e-01 -9.789465e-01 -1.850738e+02 -1.042316e-01 9.817465e-01 1.590896e-01 1.661273e+01 9.838577e-01 1.251790e-01 -1.278834e-01 3.490712e+02
-1.446718e-01 1.393757e-01 -9.796145e-01 -1.858559e+02 -1.002162e-01 9.828750e-01 1.546397e-01 1.672567e+01 9.843916e-01 1.205452e-01 -1.282265e-01 3.489705e+02
-1.437726e-01 1.325081e-01 -9.806993e-01 -1.866200e+02 -9.785221e-02 9.842350e-01 1.473312e-01 1.683258e+01 9.847611e-01 1.171458e-01 -1.285398e-01 3.488676e+02
-1.442814e-01 1.287110e-01 -9.811301e-01 -1.873702e+02 -9.706407e-02 9.848822e-01 1.434771e-01 1.694354e+01 9.847647e-01 1.159336e-01 -1.296069e-01 3.487792e+02
-1.445470e-01 1.340183e-01 -9.803802e-01 -1.881098e+02 -9.292708e-02 9.845680e-01 1.482919e-01 1.704413e+01 9.851247e-01 1.125390e-01 -1.298624e-01 3.486848e+02
-1.452148e-01 1.418273e-01 -9.791822e-01 -1.888318e+02 -8.715145e-02 9.839920e-01 1.554487e-01 1.714172e+01 9.855543e-01 1.079106e-01 -1.305298e-01 3.485991e+02
-1.473214e-01 1.444447e-01 -9.784846e-01 -1.895367e+02 -8.827855e-02 9.834106e-01 1.584631e-01 1.724156e+01 9.851413e-01 1.097242e-01 -1.321260e-01 3.485081e+02
-1.490586e-01 1.401207e-01 -9.788502e-01 -1.902034e+02 -8.903323e-02 9.839865e-01 1.544138e-01 1.733434e+01 9.848120e-01 1.101669e-01 -1.341963e-01 3.484087e+02
-1.591626e-01 1.308246e-01 -9.785460e-01 -1.907938e+02 -9.091124e-02 9.850276e-01 1.464781e-01 1.741728e+01 9.830577e-01 1.122746e-01 -1.448861e-01 3.483201e+02
-1.616708e-01 1.241759e-01 -9.790010e-01 -1.914104e+02 -9.170066e-02 9.858690e-01 1.401904e-01 1.750392e+01 9.825750e-01 1.124397e-01 -1.479992e-01 3.482181e+02
-1.643365e-01 1.227161e-01 -9.787412e-01 -1.920029e+02 -9.625631e-02 9.855006e-01 1.397256e-01 1.758253e+01 9.816966e-01 1.171720e-01 -1.501415e-01 3.480963e+02
-1.688851e-01 1.248063e-01 -9.777020e-01 -1.926124e+02 -9.849702e-02 9.848481e-01 1.427325e-01 1.766639e+01 9.807019e-01 1.204061e-01 -1.540331e-01 3.479918e+02
-1.742093e-01 1.286927e-01 -9.762629e-01 -1.932028e+02 -9.955164e-02 9.840418e-01 1.474826e-01 1.774280e+01 9.796635e-01 1.228814e-01 -1.586176e-01 3.478842e+02
-1.802659e-01 1.306331e-01 -9.749047e-01 -1.937725e+02 -9.874704e-02 9.837310e-01 1.500748e-01 1.781381e+01 9.786487e-01 1.233223e-01 -1.644335e-01 3.477785e+02
-1.891452e-01 1.317428e-01 -9.730714e-01 -1.943438e+02 -9.703136e-02 9.836015e-01 1.520294e-01 1.788990e+01 9.771433e-01 1.231741e-01 -1.732603e-01 3.476762e+02
-2.009462e-01 1.311648e-01 -9.707814e-01 -1.948856e+02 -9.364020e-02 9.838855e-01 1.523183e-01 1.796892e+01 9.751165e-01 1.215119e-01 -1.854257e-01 3.475603e+02
-2.169177e-01 1.305280e-01 -9.674240e-01 -1.954195e+02 -8.917828e-02 9.842267e-01 1.527908e-01 1.804383e+01 9.721080e-01 1.194162e-01 -2.018559e-01 3.474389e+02
-2.375333e-01 1.287928e-01 -9.628034e-01 -1.959456e+02 -8.521926e-02 9.845866e-01 1.527312e-01 1.812657e+01 9.676340e-01 1.183281e-01 -2.228965e-01 3.473105e+02
-2.722712e-01 1.270468e-01 -9.537964e-01 -1.964584e+02 -7.841173e-02 9.850188e-01 1.535892e-01 1.820092e+01 9.590203e-01 1.166067e-01 -2.582303e-01 3.471524e+02
-3.014867e-01 1.263435e-01 -9.450625e-01 -1.969541e+02 -7.418021e-02 9.850694e-01 1.553563e-01 1.827606e+01 9.505804e-01 1.169428e-01 -2.876132e-01 3.469733e+02
-3.355642e-01 1.263432e-01 -9.335063e-01 -1.974559e+02 -6.990584e-02 9.848929e-01 1.584268e-01 1.835892e+01 9.394200e-01 1.184199e-01 -3.216627e-01 3.467824e+02
-3.733139e-01 1.267075e-01 -9.190114e-01 -1.979250e+02 -6.271801e-02 9.849153e-01 1.612708e-01 1.843922e+01 9.255826e-01 1.178432e-01 -3.597357e-01 3.465703e+02
-4.153139e-01 1.273056e-01 -9.007262e-01 -1.983919e+02 -5.426232e-02 9.849291e-01 1.642263e-01 1.851997e+01 9.080583e-01 1.170810e-01 -4.021469e-01 3.463331e+02
-4.605973e-01 1.277231e-01 -8.783718e-01 -1.988392e+02 -4.441833e-02 9.850363e-01 1.665249e-01 1.860263e+01 8.864971e-01 1.157167e-01 -4.480318e-01 3.460821e+02
-5.080226e-01 1.288349e-01 -8.516540e-01 -1.992713e+02 -3.468422e-02 9.848887e-01 1.696797e-01 1.868688e+01 8.606451e-01 1.157401e-01 -4.958772e-01 3.458115e+02
-5.557676e-01 1.295985e-01 -8.211739e-01 -1.996759e+02 -2.444637e-02 9.847993e-01 1.719672e-01 1.877394e+01 8.309782e-01 1.156485e-01 -5.441514e-01 3.455255e+02
-6.025689e-01 1.302688e-01 -7.873631e-01 -2.000573e+02 -1.481354e-02 9.845923e-01 1.742370e-01 1.886274e+01 7.979293e-01 1.166535e-01 -5.913550e-01 3.452045e+02
-6.500984e-01 1.297262e-01 -7.486943e-01 -2.004271e+02 -6.840999e-03 9.842793e-01 1.764862e-01 1.895297e+01 7.598193e-01 1.198552e-01 -6.389910e-01 3.448650e+02
-7.008743e-01 1.300016e-01 -7.013378e-01 -2.007503e+02 2.350005e-03 9.836663e-01 1.799863e-01 1.903558e+01 7.132809e-01 1.244996e-01 -6.897320e-01 3.444957e+02
-7.456784e-01 1.298289e-01 -6.535351e-01 -2.010342e+02 1.162510e-02 9.832190e-01 1.820585e-01 1.911646e+01 6.662046e-01 1.281597e-01 -7.346744e-01 3.441055e+02
-7.887171e-01 1.285694e-01 -6.011615e-01 -2.013117e+02 2.245938e-02 9.832595e-01 1.808215e-01 1.920738e+01 6.143459e-01 1.291153e-01 -7.784012e-01 3.436853e+02
-8.287163e-01 1.271427e-01 -5.450358e-01 -2.015820e+02 3.318981e-02 9.833046e-01 1.789150e-01 1.931237e+01 5.586839e-01 1.301801e-01 -8.191004e-01 3.432298e+02
-8.649020e-01 1.266199e-01 -4.857077e-01 -2.018070e+02 4.336508e-02 9.828909e-01 1.790110e-01 1.939908e+01 5.000640e-01 1.337642e-01 -8.555952e-01 3.427571e+02
-8.976011e-01 1.219736e-01 -4.235974e-01 -2.020042e+02 5.019213e-02 9.829858e-01 1.766908e-01 1.950133e+01 4.379418e-01 1.373366e-01 -8.884513e-01 3.422680e+02
-9.253622e-01 1.192727e-01 -3.598316e-01 -2.021620e+02 5.875662e-02 9.828691e-01 1.746882e-01 1.958917e+01 3.745029e-01 1.405074e-01 -9.165180e-01 3.417630e+02
-9.485058e-01 1.182522e-01 -2.938591e-01 -2.022967e+02 6.918369e-02 9.826437e-01 1.721188e-01 1.968072e+01 3.091122e-01 1.429254e-01 -9.402244e-01 3.412322e+02
-9.659269e-01 1.237209e-01 -2.273287e-01 -2.024165e+02 8.577356e-02 9.817316e-01 1.698412e-01 1.977320e+01 2.441886e-01 1.445554e-01 -9.588929e-01 3.406725e+02
-9.783162e-01 1.265273e-01 -1.639762e-01 -2.024824e+02 9.894387e-02 9.810362e-01 1.666674e-01 1.985826e+01 1.819546e-01 1.468290e-01 -9.722828e-01 3.401201e+02
-9.868247e-01 1.267531e-01 -1.005515e-01 -2.025205e+02 1.095802e-01 9.808512e-01 1.610062e-01 1.995616e+01 1.190341e-01 1.478665e-01 -9.818179e-01 3.395184e+02
-9.910889e-01 1.243966e-01 -4.762567e-02 -2.025102e+02 1.157121e-01 9.811514e-01 1.547665e-01 2.003233e+01 6.598041e-02 1.478765e-01 -9.868025e-01 3.389461e+02
-9.929583e-01 1.184410e-01 -2.356131e-03 -2.024819e+02 1.167730e-01 9.819363e-01 1.488797e-01 2.012172e+01 1.994703e-02 1.475562e-01 -9.888525e-01 3.383465e+02
-9.928728e-01 1.140180e-01 3.469193e-02 -2.024281e+02 1.178577e-01 9.825709e-01 1.437500e-01 2.018915e+01 -1.769720e-02 1.468141e-01 -9.890058e-01 3.377779e+02
-9.919065e-01 1.096073e-01 6.409198e-02 -2.023673e+02 1.178039e-01 9.827604e-01 1.424931e-01 2.027454e+01 -4.736877e-02 1.488901e-01 -9.877185e-01 3.371813e+02
-9.903000e-01 1.092038e-01 8.590931e-02 -2.022945e+02 1.206385e-01 9.825336e-01 1.416832e-01 2.035708e+01 -6.893644e-02 1.506728e-01 -9.861772e-01 3.365543e+02
-9.886043e-01 1.098602e-01 1.029188e-01 -2.022128e+02 1.236298e-01 9.825891e-01 1.386877e-01 2.043587e+01 -8.589064e-02 1.498311e-01 -9.849738e-01 3.359145e+02
-9.866346e-01 1.122623e-01 1.181072e-01 -2.021358e+02 1.275804e-01 9.830953e-01 1.313273e-01 2.051911e+01 -1.013675e-01 1.446403e-01 -9.842783e-01 3.352362e+02
-9.842820e-01 1.176813e-01 1.316816e-01 -2.020426e+02 1.339388e-01 9.834146e-01 1.222952e-01 2.059325e+01 -1.151057e-01 1.380102e-01 -9.837194e-01 3.346051e+02
-9.818105e-01 1.224993e-01 1.450589e-01 -2.019361e+02 1.392857e-01 9.839166e-01 1.118375e-01 2.067587e+01 -1.290259e-01 1.300079e-01 -9.830820e-01 3.339520e+02
-9.790111e-01 1.215967e-01 1.635591e-01 -2.018110e+02 1.401306e-01 9.843369e-01 1.069783e-01 2.074914e+01 -1.479890e-01 1.276525e-01 -9.807161e-01 3.332858e+02
-9.770339e-01 1.191168e-01 1.766806e-01 -2.016650e+02 1.390368e-01 9.847067e-01 1.049836e-01 2.081657e+01 -1.614733e-01 1.271376e-01 -9.786534e-01 3.326204e+02
-9.751291e-01 1.177165e-01 1.877926e-01 -2.015091e+02 1.390802e-01 9.847063e-01 1.049298e-01 2.087456e+01 -1.725685e-01 1.284384e-01 -9.765878e-01 3.319236e+02
-9.733357e-01 1.185920e-01 1.963504e-01 -2.013691e+02 1.407128e-01 9.846998e-01 1.027924e-01 2.093788e+01 -1.811558e-01 1.276805e-01 -9.751309e-01 3.312509e+02
-9.723393e-01 1.174466e-01 2.018974e-01 -2.012263e+02 1.400888e-01 9.848981e-01 1.017392e-01 2.101440e+01 -1.868994e-01 1.272086e-01 -9.741081e-01 3.305601e+02
-9.717634e-01 1.147460e-01 2.061779e-01 -2.010756e+02 1.377885e-01 9.852908e-01 1.010762e-01 2.108217e+01 -1.915471e-01 1.266311e-01 -9.732802e-01 3.298472e+02
-9.712039e-01 1.129730e-01 2.097621e-01 -2.008895e+02 1.361907e-01 9.856513e-01 9.971771e-02 2.115683e+01 -1.954869e-01 1.254139e-01 -9.726542e-01 3.290748e+02
-9.706689e-01 1.103577e-01 2.135954e-01 -2.007152e+02 1.341007e-01 9.859066e-01 1.000256e-01 2.124622e+01 -1.995465e-01 1.257351e-01 -9.717880e-01 3.283345e+02
-9.692013e-01 1.125783e-01 2.190317e-01 -2.005569e+02 1.371936e-01 9.854243e-01 1.005827e-01 2.132526e+01 -2.045158e-01 1.275346e-01 -9.705196e-01 3.275900e+02
-9.684900e-01 1.091260e-01 2.238721e-01 -2.003638e+02 1.349011e-01 9.854670e-01 1.032301e-01 2.140885e+01 -2.093534e-01 1.301779e-01 -9.691361e-01 3.268219e+02
-9.669628e-01 1.051510e-01 2.322202e-01 -2.001773e+02 1.320797e-01 9.858107e-01 1.035963e-01 2.147004e+01 -2.180319e-01 1.308454e-01 -9.671306e-01 3.260588e+02
-9.660506e-01 1.029515e-01 2.369542e-01 -1.999693e+02 1.306431e-01 9.859323e-01 1.042588e-01 2.154735e+01 -2.228872e-01 1.316757e-01 -9.659104e-01 3.252687e+02
-9.652683e-01 1.017113e-01 2.406489e-01 -1.997486e+02 1.294222e-01 9.863025e-01 1.022611e-01 2.162697e+01 -2.269515e-01 1.298547e-01 -9.652102e-01 3.244535e+02
-9.647930e-01 1.009866e-01 2.428500e-01 -1.995394e+02 1.280305e-01 9.868916e-01 9.825054e-02 2.170313e+01 -2.297446e-01 1.258837e-01 -9.650755e-01 3.235359e+02
-9.640482e-01 1.052094e-01 2.440124e-01 -1.993422e+02 1.317080e-01 9.867346e-01 9.490947e-02 2.170780e+01 -2.307901e-01 1.236357e-01 -9.651166e-01 3.226794e+02
-9.641800e-01 1.050677e-01 2.435524e-01 -1.991281e+02 1.308325e-01 9.871169e-01 9.210366e-02 2.179113e+01 -2.307376e-01 1.206691e-01 -9.655046e-01 3.218510e+02
-9.643701e-01 1.054174e-01 2.426469e-01 -1.989203e+02 1.313983e-01 9.869139e-01 9.346404e-02 2.186757e+01 -2.296188e-01 1.220173e-01 -9.656019e-01 3.209703e+02
-9.644886e-01 1.063270e-01 2.417773e-01 -1.987078e+02 1.328423e-01 9.864665e-01 9.610855e-02 2.195768e+01 -2.282863e-01 1.248139e-01 -9.655604e-01 3.200158e+02
-9.653249e-01 1.036455e-01 2.395942e-01 -1.984823e+02 1.302149e-01 9.866482e-01 9.782385e-02 2.203622e+01 -2.262562e-01 1.256305e-01 -9.659322e-01 3.191192e+02
-9.656769e-01 1.045747e-01 2.377652e-01 -1.983720e+02 1.310583e-01 9.864778e-01 9.841376e-02 2.206125e+01 -2.242585e-01 1.261970e-01 -9.663242e-01 3.185281e+02
-9.655760e-01 1.051170e-01 2.379358e-01 -1.981353e+02 1.320167e-01 9.861845e-01 1.000582e-01 2.211695e+01 -2.241308e-01 1.280253e-01 -9.661133e-01 3.176530e+02
-9.661223e-01 1.051681e-01 2.356848e-01 -1.979242e+02 1.321348e-01 9.860038e-01 1.016706e-01 2.219658e+01 -2.216936e-01 1.293684e-01 -9.664966e-01 3.167660e+02
-9.669320e-01 1.033704e-01 2.331462e-01 -1.976890e+02 1.306863e-01 9.858590e-01 1.048962e-01 2.228748e+01 -2.190061e-01 1.318965e-01 -9.667676e-01 3.158810e+02
-9.672582e-01 1.033042e-01 2.318183e-01 -1.974827e+02 1.315274e-01 9.852177e-01 1.097575e-01 2.238389e+01 -2.170531e-01 1.366543e-01 -9.665472e-01 3.149547e+02
-9.679046e-01 1.010341e-01 2.301147e-01 -1.972442e+02 1.306406e-01 9.844714e-01 1.172566e-01 2.247584e+01 -2.146945e-01 1.435555e-01 -9.660736e-01 3.140331e+02
-9.685055e-01 9.967054e-02 2.281728e-01 -1.970273e+02 1.297326e-01 9.841679e-01 1.207602e-01 2.257972e+01 -2.125241e-01 1.465584e-01 -9.661026e-01 3.131325e+02
-9.692097e-01 9.789961e-02 2.259385e-01 -1.968036e+02 1.273118e-01 9.846397e-01 1.194837e-01 2.267341e+01 -2.107706e-01 1.445694e-01 -9.667861e-01 3.122354e+02
-9.699029e-01 9.695461e-02 2.233564e-01 -1.965936e+02 1.252290e-01 9.853126e-01 1.160898e-01 2.275770e+01 -2.088204e-01 1.405665e-01 -9.677991e-01 3.113931e+02
-9.699762e-01 1.003165e-01 2.215462e-01 -1.963927e+02 1.280794e-01 9.851090e-01 1.146997e-01 2.285658e+01 -2.067408e-01 1.396315e-01 -9.683807e-01 3.104872e+02
-9.705916e-01 9.849473e-02 2.196607e-01 -1.961803e+02 1.262140e-01 9.852060e-01 1.159274e-01 2.295108e+01 -2.049928e-01 1.402424e-01 -9.686640e-01 3.095847e+02
-9.701750e-01 1.022326e-01 2.197929e-01 -1.959797e+02 1.299716e-01 9.847485e-01 1.156622e-01 2.305686e+01 -2.046163e-01 1.407794e-01 -9.686657e-01 3.086331e+02
-9.702816e-01 1.046658e-01 2.181713e-01 -1.957589e+02 1.318722e-01 9.846793e-01 1.140892e-01 2.315165e+01 -2.028875e-01 1.394694e-01 -9.692187e-01 3.077081e+02
-9.709596e-01 1.034900e-01 2.157017e-01 -1.955211e+02 1.300157e-01 9.850952e-01 1.126207e-01 2.326983e+01 -2.008316e-01 1.373947e-01 -9.699430e-01 3.067550e+02
-9.717464e-01 9.962360e-02 2.139721e-01 -1.953153e+02 1.258041e-01 9.856651e-01 1.124176e-01 2.336185e+01 -1.997054e-01 1.361600e-01 -9.703495e-01 3.058505e+02
-9.725985e-01 9.548240e-02 2.119796e-01 -1.951016e+02 1.209662e-01 9.864673e-01 1.106769e-01 2.345161e+01 -1.985433e-01 1.332865e-01 -9.709868e-01 3.049449e+02
-9.733686e-01 9.253710e-02 2.097392e-01 -1.949066e+02 1.176816e-01 9.868574e-01 1.107408e-01 2.353871e+01 -1.967351e-01 1.324741e-01 -9.714659e-01 3.040568e+02
-9.742009e-01 8.919724e-02 2.073075e-01 -1.946860e+02 1.142724e-01 9.870826e-01 1.122936e-01 2.364549e+01 -1.946133e-01 1.330860e-01 -9.718095e-01 3.031137e+02
-9.751728e-01 8.399329e-02 2.048981e-01 -1.944712e+02 1.090651e-01 9.874419e-01 1.142948e-01 2.374661e+01 -1.927249e-01 1.338043e-01 -9.720872e-01 3.021856e+02
-9.756835e-01 8.275142e-02 2.029630e-01 -1.942668e+02 1.079237e-01 9.873383e-01 1.162564e-01 2.386097e+01 -1.907728e-01 1.353340e-01 -9.722605e-01 3.012308e+02
-9.755493e-01 8.958802e-02 2.006925e-01 -1.940727e+02 1.145111e-01 9.866008e-01 1.162155e-01 2.396102e+01 -1.875919e-01 1.363555e-01 -9.727366e-01 3.002779e+02
-9.750063e-01 9.742486e-02 1.996777e-01 -1.938903e+02 1.215914e-01 9.861783e-01 1.125516e-01 2.406413e+01 -1.859525e-01 1.340176e-01 -9.733761e-01 2.993295e+02
-9.754336e-01 9.685874e-02 1.978579e-01 -1.936959e+02 1.202647e-01 9.866394e-01 1.099051e-01 2.416717e+01 -1.845691e-01 1.310004e-01 -9.740499e-01 2.983978e+02
-9.758191e-01 9.431166e-02 1.971861e-01 -1.934967e+02 1.183960e-01 9.863853e-01 1.141331e-01 2.428430e+01 -1.837374e-01 1.347193e-01 -9.736998e-01 2.974398e+02
-9.755791e-01 9.512191e-02 1.979830e-01 -1.933059e+02 1.209145e-01 9.850710e-01 1.225350e-01 2.438294e+01 -1.833715e-01 1.434816e-01 -9.725163e-01 2.964821e+02
-9.754693e-01 9.564288e-02 1.982729e-01 -1.931155e+02 1.216778e-01 9.848486e-01 1.235630e-01 2.449613e+01 -1.834508e-01 1.446573e-01 -9.723271e-01 2.955186e+02
-9.760735e-01 8.933920e-02 1.982398e-01 -1.929129e+02 1.143121e-01 9.863741e-01 1.183170e-01 2.460961e+01 -1.849683e-01 1.381473e-01 -9.729862e-01 2.945648e+02
-9.761991e-01 8.693380e-02 1.986904e-01 -1.927113e+02 1.104399e-01 9.877271e-01 1.104457e-01 2.470602e+01 -1.866504e-01 1.297604e-01 -9.738192e-01 2.936416e+02
-9.755629e-01 9.133847e-02 1.998358e-01 -1.925070e+02 1.141331e-01 9.878294e-01 1.056726e-01 2.481157e+01 -1.877517e-01 1.258982e-01 -9.741144e-01 2.926616e+02
-9.752458e-01 9.188805e-02 2.011273e-01 -1.923143e+02 1.145457e-01 9.879529e-01 1.040593e-01 2.490198e+01 -1.891425e-01 1.245217e-01 -9.740223e-01 2.917107e+02
-9.753044e-01 9.078701e-02 2.013429e-01 -1.921100e+02 1.137265e-01 9.879013e-01 1.054388e-01 2.498740e+01 -1.893345e-01 1.257330e-01 -9.738294e-01 2.907938e+02
-9.750776e-01 9.162337e-02 2.020614e-01 -1.919210e+02 1.148838e-01 9.876485e-01 1.065464e-01 2.507446e+01 -1.898035e-01 1.271046e-01 -9.735600e-01 2.898690e+02
-9.753156e-01 9.175446e-02 2.008499e-01 -1.917134e+02 1.149206e-01 9.876084e-01 1.068778e-01 2.515211e+01 -1.885545e-01 1.273213e-01 -9.737743e-01 2.889505e+02
-9.757630e-01 9.167377e-02 1.987019e-01 -1.915319e+02 1.143775e-01 9.877714e-01 1.059506e-01 2.523568e+01 -1.865592e-01 1.261097e-01 -9.743162e-01 2.880644e+02
-9.763841e-01 9.186095e-02 1.955394e-01 -1.913297e+02 1.140993e-01 9.878343e-01 1.056633e-01 2.531889e+01 -1.834542e-01 1.254788e-01 -9.749870e-01 2.871745e+02
-9.767370e-01 9.252852e-02 1.934512e-01 -1.911500e+02 1.150533e-01 9.874022e-01 1.086264e-01 2.540778e+01 -1.809631e-01 1.283566e-01 -9.750779e-01 2.862729e+02
-9.772798e-01 9.250386e-02 1.907017e-01 -1.909761e+02 1.145946e-01 9.874967e-01 1.082517e-01 2.548823e+01 -1.783036e-01 1.276456e-01 -9.756610e-01 2.853728e+02
-9.777759e-01 9.283870e-02 1.879768e-01 -1.908036e+02 1.139437e-01 9.879490e-01 1.047551e-01 2.557355e+01 -1.759862e-01 1.238457e-01 -9.765711e-01 2.844610e+02
-9.779246e-01 9.497186e-02 1.861284e-01 -1.906376e+02 1.152771e-01 9.881368e-01 1.014737e-01 2.568438e+01 -1.742831e-01 1.206900e-01 -9.772714e-01 2.835400e+02
-9.777230e-01 9.629320e-02 1.865084e-01 -1.904720e+02 1.172353e-01 9.875697e-01 1.046997e-01 2.577716e+01 -1.741081e-01 1.242326e-01 -9.768585e-01 2.826046e+02
-9.777817e-01 9.543898e-02 1.866398e-01 -1.902961e+02 1.172878e-01 9.870159e-01 1.097413e-01 2.586609e+01 -1.737429e-01 1.291936e-01 -9.762799e-01 2.816863e+02
-9.777524e-01 9.727576e-02 1.858431e-01 -1.901187e+02 1.189702e-01 9.868553e-01 1.093737e-01 2.596373e+01 -1.727608e-01 1.290502e-01 -9.764731e-01 2.807587e+02
-9.777268e-01 9.811003e-02 1.855389e-01 -1.899271e+02 1.191108e-01 9.872458e-01 1.056333e-01 2.605432e+01 -1.728088e-01 1.253801e-01 -9.769426e-01 2.798290e+02
-9.773176e-01 1.004717e-01 1.864291e-01 -1.897415e+02 1.208664e-01 9.874718e-01 1.014432e-01 2.614749e+01 -1.739013e-01 1.216752e-01 -9.772172e-01 2.789119e+02
-9.760912e-01 1.055003e-01 1.900411e-01 -1.895799e+02 1.262364e-01 9.868955e-01 1.005070e-01 2.623956e+01 -1.769472e-01 1.220941e-01 -9.766180e-01 2.780154e+02
-9.745579e-01 1.103965e-01 1.950628e-01 -1.894098e+02 1.319994e-01 9.860469e-01 1.014281e-01 2.633007e+01 -1.811438e-01 1.245958e-01 -9.755321e-01 2.770752e+02
-9.732290e-01 1.141649e-01 1.994783e-01 -1.892221e+02 1.362550e-01 9.855396e-01 1.007289e-01 2.641189e+01 -1.850940e-01 1.252122e-01 -9.747113e-01 2.761683e+02
-9.729316e-01 1.096728e-01 2.034109e-01 -1.890077e+02 1.316839e-01 9.864357e-01 9.800019e-02 2.648673e+01 -1.899038e-01 1.221334e-01 -9.741766e-01 2.752457e+02
-9.725973e-01 1.062123e-01 2.068173e-01 -1.888057e+02 1.279705e-01 9.872364e-01 9.480384e-02 2.656216e+01 -1.941083e-01 1.186725e-01 -9.737755e-01 2.743354e+02
-9.720788e-01 1.055775e-01 2.095617e-01 -1.886052e+02 1.283706e-01 9.868435e-01 9.829000e-02 2.665126e+01 -1.964274e-01 1.224472e-01 -9.728427e-01 2.734049e+02
-9.722817e-01 1.020677e-01 2.103578e-01 -1.883963e+02 1.258658e-01 9.866850e-01 1.030071e-01 2.674102e+01 -1.970432e-01 1.266288e-01 -9.721827e-01 2.724681e+02
-9.726394e-01 1.006233e-01 2.093982e-01 -1.881872e+02 1.250308e-01 9.863919e-01 1.067628e-01 2.682500e+01 -1.958059e-01 1.300229e-01 -9.719846e-01 2.715350e+02
-9.719199e-01 1.046488e-01 2.107612e-01 -1.880024e+02 1.277767e-01 9.868241e-01 9.925336e-02 2.691841e+01 -1.975975e-01 1.233967e-01 -9.724857e-01 2.706071e+02
-9.711567e-01 1.116415e-01 2.106912e-01 -1.878042e+02 1.333085e-01 9.868359e-01 9.156316e-02 2.700553e+01 -1.976954e-01 1.170091e-01 -9.732550e-01 2.696933e+02
-9.706177e-01 1.151044e-01 2.113109e-01 -1.876222e+02 1.361515e-01 9.867834e-01 8.787053e-02 2.707966e+01 -1.984038e-01 1.140590e-01 -9.734611e-01 2.687291e+02
-9.709540e-01 1.110275e-01 2.119462e-01 -1.874304e+02 1.331932e-01 9.866886e-01 9.330152e-02 2.716434e+01 -1.987658e-01 1.188213e-01 -9.728174e-01 2.677548e+02
-9.711335e-01 1.083159e-01 2.125263e-01 -1.872181e+02 1.318957e-01 9.861997e-01 1.000685e-01 2.724408e+01 -1.987544e-01 1.252111e-01 -9.720179e-01 2.668061e+02
-9.713302e-01 1.056493e-01 2.129690e-01 -1.870270e+02 1.300247e-01 9.860552e-01 1.038689e-01 2.733280e+01 -1.990255e-01 1.285822e-01 -9.715222e-01 2.658262e+02
-9.714536e-01 1.075765e-01 2.114361e-01 -1.868263e+02 1.318928e-01 9.857456e-01 1.044505e-01 2.741627e+01 -1.971858e-01 1.293557e-01 -9.717947e-01 2.648457e+02
-9.718752e-01 1.100284e-01 2.082121e-01 -1.866203e+02 1.331073e-01 9.860183e-01 1.002518e-01 2.749799e+01 -1.942704e-01 1.251468e-01 -9.729323e-01 2.638875e+02
-9.722908e-01 1.115500e-01 2.054439e-01 -1.864279e+02 1.340968e-01 9.859834e-01 9.927120e-02 2.758485e+01 -1.914905e-01 1.240698e-01 -9.736211e-01 2.628935e+02
-9.730188e-01 1.116902e-01 2.018903e-01 -1.862582e+02 1.340122e-01 9.858734e-01 1.004706e-01 2.767707e+01 -1.878167e-01 1.248155e-01 -9.742412e-01 2.619199e+02
-9.731878e-01 1.135599e-01 2.000241e-01 -1.860644e+02 1.368274e-01 9.848439e-01 1.065867e-01 2.777436e+01 -1.848885e-01 1.310976e-01 -9.739762e-01 2.609454e+02
-9.736141e-01 1.128055e-01 1.983695e-01 -1.858972e+02 1.362858e-01 9.846590e-01 1.089622e-01 2.786461e+01 -1.830348e-01 1.331221e-01 -9.740517e-01 2.599224e+02
-9.742667e-01 1.110159e-01 1.961630e-01 -1.856846e+02 1.340330e-01 9.850507e-01 1.082137e-01 2.797813e+01 -1.812171e-01 1.317213e-01 -9.745819e-01 2.589470e+02
-9.744220e-01 1.081535e-01 1.969889e-01 -1.854940e+02 1.308591e-01 9.857050e-01 1.061203e-01 2.806872e+01 -1.826957e-01 1.291838e-01 -9.746455e-01 2.579481e+02
-9.740575e-01 1.099895e-01 1.977735e-01 -1.852956e+02 1.326628e-01 9.855545e-01 1.052749e-01 2.817443e+01 -1.833374e-01 1.287810e-01 -9.745783e-01 2.569953e+02
-9.734418e-01 1.119635e-01 1.996877e-01 -1.850940e+02 1.349154e-01 9.852497e-01 1.052654e-01 2.825575e+01 -1.849564e-01 1.294107e-01 -9.741889e-01 2.560278e+02
-9.730765e-01 1.091346e-01 2.030069e-01 -1.849011e+02 1.323942e-01 9.856485e-01 1.047321e-01 2.836247e+01 -1.886635e-01 1.287893e-01 -9.735602e-01 2.550453e+02
-9.724941e-01 1.057192e-01 2.075539e-01 -1.847055e+02 1.302703e-01 9.855359e-01 1.083915e-01 2.845122e+01 -1.930928e-01 1.324483e-01 -9.721999e-01 2.540452e+02
-9.719299e-01 1.047171e-01 2.106812e-01 -1.845075e+02 1.300626e-01 9.853569e-01 1.102519e-01 2.854992e+01 -1.960509e-01 1.345589e-01 -9.713176e-01 2.531107e+02
-9.722587e-01 1.049753e-01 2.090290e-01 -1.842999e+02 1.293715e-01 9.858440e-01 1.066520e-01 2.865448e+01 -1.948742e-01 1.307358e-01 -9.720762e-01 2.521117e+02
-9.722154e-01 1.057029e-01 2.088639e-01 -1.840860e+02 1.286589e-01 9.866812e-01 9.953417e-02 2.875075e+01 -1.955610e-01 1.236409e-01 -9.728663e-01 2.511374e+02
-9.718817e-01 1.065385e-01 2.099894e-01 -1.838838e+02 1.285909e-01 9.872051e-01 9.428952e-02 2.883552e+01 -1.972572e-01 1.186410e-01 -9.731464e-01 2.501536e+02
-9.715592e-01 1.049151e-01 2.122866e-01 -1.836763e+02 1.271455e-01 9.874297e-01 9.389717e-02 2.892175e+01 -1.997669e-01 1.182179e-01 -9.726858e-01 2.491752e+02
-9.713988e-01 1.022066e-01 2.143320e-01 -1.834694e+02 1.255436e-01 9.872134e-01 9.822657e-02 2.902494e+01 -2.015521e-01 1.223252e-01 -9.718093e-01 2.481451e+02
-9.715796e-01 9.477106e-02 2.169136e-01 -1.832431e+02 1.194169e-01 9.874386e-01 1.034627e-01 2.912620e+01 -2.043836e-01 1.264254e-01 -9.706925e-01 2.471557e+02
-9.712076e-01 9.322684e-02 2.192364e-01 -1.830278e+02 1.176621e-01 9.878884e-01 1.011540e-01 2.921564e+01 -2.071508e-01 1.240373e-01 -9.704140e-01 2.461800e+02
-9.708010e-01 9.361816e-02 2.208642e-01 -1.828160e+02 1.168803e-01 9.886212e-01 9.469439e-02 2.933425e+01 -2.094860e-01 1.177441e-01 -9.706966e-01 2.451761e+02
-9.700723e-01 9.945499e-02 2.215139e-01 -1.825832e+02 1.197482e-01 9.895664e-01 8.011742e-02 2.941128e+01 -2.112346e-01 1.042456e-01 -9.718605e-01 2.442039e+02
-9.689890e-01 1.061983e-01 2.231194e-01 -1.823628e+02 1.246571e-01 9.897059e-01 7.030465e-02 2.947012e+01 -2.133564e-01 9.593786e-02 -9.722525e-01 2.431999e+02
-9.688450e-01 1.097179e-01 2.220389e-01 -1.821280e+02 1.279212e-01 9.893609e-01 6.929084e-02 2.956025e+01 -2.120741e-01 9.553557e-02 -9.725726e-01 2.421741e+02
-9.684003e-01 1.079194e-01 2.248426e-01 -1.819070e+02 1.287335e-01 9.884450e-01 8.002566e-02 2.962798e+01 -2.136082e-01 1.064416e-01 -9.711034e-01 2.411593e+02
-9.684654e-01 1.036915e-01 2.265456e-01 -1.816701e+02 1.270096e-01 9.877308e-01 9.086518e-02 2.972093e+01 -2.143441e-01 1.167732e-01 -9.697529e-01 2.401630e+02
-9.686059e-01 1.018150e-01 2.267958e-01 -1.814298e+02 1.267264e-01 9.870748e-01 9.810121e-02 2.979682e+01 -2.138762e-01 1.237624e-01 -9.689891e-01 2.391664e+02
-9.687563e-01 1.012974e-01 2.263848e-01 -1.812018e+02 1.261290e-01 9.871587e-01 9.802602e-02 2.988035e+01 -2.135479e-01 1.235170e-01 -9.690928e-01 2.381811e+02
-9.689707e-01 1.034490e-01 2.244863e-01 -1.809821e+02 1.269755e-01 9.875370e-01 9.299381e-02 2.993865e+01 -2.120684e-01 1.186125e-01 -9.700299e-01 2.372420e+02
-9.690072e-01 1.073536e-01 2.224864e-01 -1.807634e+02 1.297573e-01 9.875780e-01 8.861546e-02 3.002034e+01 -2.102095e-01 1.147383e-01 -9.709002e-01 2.362732e+02
-9.689818e-01 1.107998e-01 2.209018e-01 -1.805580e+02 1.324409e-01 9.874836e-01 8.564812e-02 3.009580e+01 -2.086471e-01 1.122479e-01 -9.715281e-01 2.352751e+02
-9.690914e-01 1.140945e-01 2.187333e-01 -1.803488e+02 1.349437e-01 9.873852e-01 8.282960e-02 3.017610e+01 -2.065236e-01 1.097861e-01 -9.722628e-01 2.343392e+02
-9.691927e-01 1.163838e-01 2.170724e-01 -1.801353e+02 1.370736e-01 9.870961e-01 8.277745e-02 3.023767e+01 -2.046373e-01 1.099822e-01 -9.726394e-01 2.333885e+02
-9.701844e-01 1.168546e-01 2.123373e-01 -1.799200e+02 1.375181e-01 9.868233e-01 8.525633e-02 3.030867e+01 -1.995768e-01 1.119146e-01 -9.734702e-01 2.324144e+02
-9.703086e-01 1.174164e-01 2.114585e-01 -1.797056e+02 1.387981e-01 9.862918e-01 8.923829e-02 3.037027e+01 -1.980818e-01 1.159387e-01 -9.733046e-01 2.314527e+02
-9.706566e-01 1.167407e-01 2.102319e-01 -1.794875e+02 1.382178e-01 9.862586e-01 9.049778e-02 3.044795e+01 -1.967783e-01 1.169001e-01 -9.734540e-01 2.304493e+02
-9.712538e-01 1.152611e-01 2.082809e-01 -1.792779e+02 1.361781e-01 9.866782e-01 8.900409e-02 3.051627e+01 -1.952475e-01 1.148088e-01 -9.740110e-01 2.295029e+02
-9.717325e-01 1.130134e-01 2.072772e-01 -1.790768e+02 1.335964e-01 9.871113e-01 8.810967e-02 3.059119e+01 -1.946481e-01 1.133105e-01 -9.743063e-01 2.285595e+02
-9.717549e-01 1.147524e-01 2.062140e-01 -1.788772e+02 1.353983e-01 9.867928e-01 8.892266e-02 3.066571e+01 -1.932864e-01 1.143321e-01 -9.744581e-01 2.276103e+02
-9.719421e-01 1.144446e-01 2.055020e-01 -1.786771e+02 1.354747e-01 9.865632e-01 9.132129e-02 3.074422e+01 -1.922895e-01 1.165993e-01 -9.743867e-01 2.266655e+02
-9.719942e-01 1.144821e-01 2.052342e-01 -1.784962e+02 1.358203e-01 9.863543e-01 9.304812e-02 3.083063e+01 -1.917813e-01 1.183172e-01 -9.742797e-01 2.257031e+02
-9.713799e-01 1.202329e-01 2.048542e-01 -1.783039e+02 1.423080e-01 9.850948e-01 9.662669e-02 3.091147e+01 -1.901831e-01 1.230136e-01 -9.740113e-01 2.247923e+02
-9.707654e-01 1.231676e-01 2.060203e-01 -1.781294e+02 1.457798e-01 9.844124e-01 9.838979e-02 3.100196e+01 -1.906905e-01 1.255470e-01 -9.735888e-01 2.238559e+02
-9.718168e-01 1.222821e-01 2.015422e-01 -1.779332e+02 1.438173e-01 9.849492e-01 9.587285e-02 3.106328e+01 -1.867853e-01 1.221561e-01 -9.747764e-01 2.229764e+02
-9.706855e-01 1.315554e-01 2.011539e-01 -1.777589e+02 1.524968e-01 9.839788e-01 9.236055e-02 3.114413e+01 -1.857807e-01 1.203284e-01 -9.751957e-01 2.220802e+02
-9.700508e-01 1.359652e-01 2.012834e-01 -1.775773e+02 1.567065e-01 9.834527e-01 9.090609e-02 3.122007e+01 -1.855926e-01 1.197259e-01 -9.753056e-01 2.211990e+02
-9.717001e-01 1.250621e-01 2.003956e-01 -1.773970e+02 1.449673e-01 9.855251e-01 8.789047e-02 3.127397e+01 -1.865032e-01 1.144540e-01 -9.757648e-01 2.203590e+02
-9.732967e-01 1.163964e-01 1.978519e-01 -1.772043e+02 1.348136e-01 9.874493e-01 8.227434e-02 3.133728e+01 -1.857922e-01 1.067505e-01 -9.767730e-01 2.195152e+02
-9.737774e-01 1.178173e-01 1.946193e-01 -1.770357e+02 1.350367e-01 9.877915e-01 7.767320e-02 3.139710e+01 -1.830920e-01 1.019171e-01 -9.777987e-01 2.186841e+02
-9.746751e-01 1.173908e-01 1.903363e-01 -1.768792e+02 1.348185e-01 9.875280e-01 8.131668e-02 3.145062e+01 -1.784166e-01 1.049182e-01 -9.783454e-01 2.178606e+02
-9.762730e-01 1.092369e-01 1.869712e-01 -1.767194e+02 1.274322e-01 9.879176e-01 8.820379e-02 3.150770e+01 -1.750771e-01 1.099371e-01 -9.783976e-01 2.170604e+02
-9.771939e-01 1.064530e-01 1.837387e-01 -1.765648e+02 1.247558e-01 9.879980e-01 9.108219e-02 3.156706e+01 -1.718375e-01 1.119274e-01 -9.787462e-01 2.162428e+02
-9.777926e-01 1.056021e-01 1.810243e-01 -1.764215e+02 1.239656e-01 9.878906e-01 9.329846e-02 3.162307e+01 -1.689797e-01 1.136673e-01 -9.790432e-01 2.154494e+02
-9.789294e-01 1.077097e-01 1.734818e-01 -1.762812e+02 1.250594e-01 9.878401e-01 9.236882e-02 3.169216e+01 -1.614233e-01 1.121181e-01 -9.804958e-01 2.146634e+02
-9.793537e-01 1.085914e-01 1.705116e-01 -1.761490e+02 1.257881e-01 9.876419e-01 9.349295e-02 3.175490e+01 -1.582518e-01 1.130110e-01 -9.809102e-01 2.138921e+02
-9.800279e-01 1.075821e-01 1.672463e-01 -1.760254e+02 1.244644e-01 9.877663e-01 9.394902e-02 3.182064e+01 -1.550930e-01 1.128889e-01 -9.814287e-01 2.131334e+02
-9.807754e-01 1.063980e-01 1.635820e-01 -1.759044e+02 1.229022e-01 9.879283e-01 9.430102e-02 3.188167e+01 -1.515738e-01 1.125927e-01 -9.820123e-01 2.124207e+02
-9.811874e-01 1.063667e-01 1.611132e-01 -1.757968e+02 1.226033e-01 9.879547e-01 9.441375e-02 3.194263e+01 -1.491300e-01 1.123906e-01 -9.824096e-01 2.117284e+02
-9.811564e-01 1.088870e-01 1.596111e-01 -1.756947e+02 1.249890e-01 9.876420e-01 9.455684e-02 3.200033e+01 -1.473426e-01 1.127247e-01 -9.826410e-01 2.110524e+02
-9.810036e-01 1.113431e-01 1.588539e-01 -1.755938e+02 1.274091e-01 9.873099e-01 9.479545e-02 3.204474e+01 -1.462832e-01 1.132341e-01 -9.827407e-01 2.104248e+02
-9.807561e-01 1.134571e-01 1.588866e-01 -1.754975e+02 1.293584e-01 9.871732e-01 9.357103e-02 3.209299e+01 -1.462323e-01 1.123237e-01 -9.828527e-01 2.098033e+02
-9.804093e-01 1.148913e-01 1.599922e-01 -1.753961e+02 1.307800e-01 9.870799e-01 9.257342e-02 3.213951e+01 -1.472892e-01 1.116836e-01 -9.827679e-01 2.092049e+02
-9.794768e-01 1.182501e-01 1.632239e-01 -1.753066e+02 1.343623e-01 9.867034e-01 9.145090e-02 3.218701e+01 -1.502395e-01 1.115052e-01 -9.823414e-01 2.086092e+02
-9.791421e-01 1.214990e-01 1.628458e-01 -1.752097e+02 1.371990e-01 9.865485e-01 8.887357e-02 3.222652e+01 -1.498572e-01 1.093621e-01 -9.826407e-01 2.080512e+02
-9.778261e-01 1.225780e-01 1.697963e-01 -1.751193e+02 1.388727e-01 9.864255e-01 8.763065e-02 3.226920e+01 -1.567498e-01 1.092676e-01 -9.815753e-01 2.075150e+02
-9.763952e-01 1.217436e-01 1.784124e-01 -1.750225e+02 1.389868e-01 9.864186e-01 8.752710e-02 3.230075e+01 -1.653335e-01 1.102580e-01 -9.800551e-01 2.070009e+02
-9.744564e-01 1.212435e-01 1.890365e-01 -1.749225e+02 1.395166e-01 9.864332e-01 8.651366e-02 3.233485e+01 -1.759826e-01 1.106775e-01 -9.781516e-01 2.065136e+02
-9.716516e-01 1.220565e-01 2.024730e-01 -1.748168e+02 1.414095e-01 9.863815e-01 8.399387e-02 3.236848e+01 -1.894636e-01 1.102444e-01 -9.756791e-01 2.060430e+02
-9.673444e-01 1.255138e-01 2.202068e-01 -1.747302e+02 1.462026e-01 9.859940e-01 8.025361e-02 3.239376e+01 -2.070497e-01 1.098277e-01 -9.721462e-01 2.055886e+02
-9.623128e-01 1.262309e-01 2.408731e-01 -1.746154e+02 1.480948e-01 9.861356e-01 7.486379e-02 3.241570e+01 -2.280834e-01 1.077144e-01 -9.676650e-01 2.051530e+02
-9.556429e-01 1.260763e-01 2.661791e-01 -1.744865e+02 1.495878e-01 9.862743e-01 6.990296e-02 3.243684e+01 -2.537125e-01 1.066194e-01 -9.613856e-01 2.047230e+02
-9.469217e-01 1.249800e-01 2.961745e-01 -1.743262e+02 1.504917e-01 9.864805e-01 6.487223e-02 3.245915e+01 -2.840627e-01 1.060007e-01 -9.529282e-01 2.043034e+02
-9.348196e-01 1.255557e-01 3.321869e-01 -1.741595e+02 1.537725e-01 9.862858e-01 5.995340e-02 3.247920e+01 -3.201038e-01 1.071268e-01 -9.413062e-01 2.038936e+02
-9.216268e-01 1.260535e-01 3.670348e-01 -1.739741e+02 1.562094e-01 9.862729e-01 5.351966e-02 3.249547e+01 -3.552501e-01 1.066594e-01 -9.286663e-01 2.034927e+02
-9.044490e-01 1.230899e-01 4.084371e-01 -1.737614e+02 1.557675e-01 9.866467e-01 4.759004e-02 3.250834e+01 -3.971253e-01 1.066640e-01 -9.115450e-01 2.031068e+02
-8.848162e-01 1.182274e-01 4.506912e-01 -1.735282e+02 1.526730e-01 9.874381e-01 4.070484e-02 3.251608e+01 -4.402172e-01 1.048247e-01 -8.917514e-01 2.027445e+02
-8.627106e-01 1.135166e-01 4.927924e-01 -1.732852e+02 1.483059e-01 9.884254e-01 3.194533e-02 3.251941e+01 -4.834622e-01 1.006436e-01 -8.695603e-01 2.024085e+02
-8.383526e-01 1.108565e-01 5.337376e-01 -1.730239e+02 1.458586e-01 9.890219e-01 2.368479e-02 3.251805e+01 -5.252525e-01 9.770643e-02 -8.453184e-01 2.020830e+02
-8.104796e-01 1.110739e-01 5.751395e-01 -1.727692e+02 1.460151e-01 9.891727e-01 1.472856e-02 3.251347e+01 -5.672763e-01 9.591625e-02 -8.179228e-01 2.017713e+02
-7.797840e-01 1.119753e-01 6.159532e-01 -1.724788e+02 1.471073e-01 9.890997e-01 6.424489e-03 3.251134e+01 -6.085198e-01 9.562096e-02 -7.877565e-01 2.014471e+02
-7.461351e-01 1.112204e-01 6.564393e-01 -1.721718e+02 1.472564e-01 9.890983e-01 -2.052820e-04 3.250353e+01 -6.493058e-01 9.651171e-02 -7.543789e-01 2.011342e+02
-7.097617e-01 1.087022e-01 6.960044e-01 -1.718130e+02 1.458735e-01 9.892865e-01 -5.750248e-03 3.250172e+01 -6.891728e-01 9.744732e-02 -7.180145e-01 2.008115e+02
-6.692088e-01 1.057160e-01 7.355159e-01 -1.714515e+02 1.461234e-01 9.892233e-01 -9.231173e-03 3.247948e+01 -7.285654e-01 1.012985e-01 -6.774446e-01 2.005040e+02
-6.287539e-01 1.059740e-01 7.703493e-01 -1.710530e+02 1.477269e-01 9.889073e-01 -1.546655e-02 3.246865e+01 -7.634431e-01 1.040766e-01 -6.374345e-01 2.001987e+02
-5.815396e-01 1.069245e-01 8.064607e-01 -1.706326e+02 1.482342e-01 9.886564e-01 -2.418906e-02 3.245223e+01 -7.998990e-01 1.054782e-01 -5.907927e-01 1.999137e+02
-5.320448e-01 1.073487e-01 8.398837e-01 -1.701909e+02 1.443226e-01 9.889125e-01 -3.497194e-02 3.243018e+01 -8.343257e-01 1.026076e-01 -5.416386e-01 1.996642e+02
-4.798909e-01 1.073074e-01 8.707410e-01 -1.697001e+02 1.396983e-01 9.891751e-01 -4.491105e-02 3.239894e+01 -8.661346e-01 1.000886e-01 -4.896867e-01 1.994275e+02
-4.264518e-01 1.081079e-01 8.980265e-01 -1.692074e+02 1.335469e-01 9.894761e-01 -5.569861e-02 3.236823e+01 -8.945972e-01 9.617590e-02 -4.364013e-01 1.992216e+02
-3.725057e-01 1.133533e-01 9.210812e-01 -1.686759e+02 1.309022e-01 9.890070e-01 -6.877282e-02 3.233344e+01 -9.187514e-01 9.495331e-02 -3.832489e-01 1.990282e+02
-3.191327e-01 1.178108e-01 9.403589e-01 -1.681470e+02 1.281058e-01 9.884990e-01 -8.036618e-02 3.228991e+01 -9.390118e-01 9.481796e-02 -3.305546e-01 1.988656e+02
-2.654123e-01 1.177170e-01 9.569216e-01 -1.676046e+02 1.237200e-01 9.884711e-01 -8.728306e-02 3.223600e+01 -9.561640e-01 9.522434e-02 -2.769163e-01 1.987393e+02
-2.114807e-01 1.143835e-01 9.706659e-01 -1.670264e+02 1.165900e-01 9.889894e-01 -9.114107e-02 3.217681e+01 -9.704034e-01 9.389538e-02 -2.224882e-01 1.986381e+02
-1.577819e-01 1.111534e-01 9.811981e-01 -1.664425e+02 1.069330e-01 9.897246e-01 -9.492391e-02 3.211830e+01 -9.816671e-01 8.994516e-02 -1.680466e-01 1.985757e+02
-1.104610e-01 1.095824e-01 9.878209e-01 -1.658665e+02 9.442152e-02 9.905647e-01 -9.932831e-02 3.206086e+01 -9.893851e-01 8.229964e-02 -1.197657e-01 1.985465e+02
-6.220095e-02 1.053818e-01 9.924846e-01 -1.652713e+02 8.388924e-02 9.914433e-01 -1.000138e-01 3.198969e+01 -9.945319e-01 7.703783e-02 -7.050912e-02 1.985326e+02
-2.013718e-02 1.006628e-01 9.947168e-01 -1.646456e+02 7.937772e-02 9.919389e-01 -9.877480e-02 3.190909e+01 -9.966412e-01 7.696930e-02 -2.796524e-02 1.985521e+02
1.512877e-02 1.012500e-01 9.947460e-01 -1.639933e+02 7.488782e-02 9.919509e-01 -1.021045e-01 3.183356e+01 -9.970772e-01 7.603907e-02 7.424609e-03 1.985821e+02
4.465741e-02 1.065176e-01 9.933075e-01 -1.633407e+02 6.898473e-02 9.915972e-01 -1.094357e-01 3.175679e+01 -9.966177e-01 7.341016e-02 3.693407e-02 1.986276e+02
6.769571e-02 1.136423e-01 9.912128e-01 -1.626586e+02 6.210666e-02 9.910851e-01 -1.178693e-01 3.166667e+01 -9.957711e-01 6.954015e-02 6.003426e-02 1.987112e+02
8.676564e-02 1.204480e-01 9.889206e-01 -1.620137e+02 5.681949e-02 9.904500e-01 -1.256195e-01 3.159385e+01 -9.946071e-01 6.708942e-02 7.909324e-02 1.987688e+02
1.025103e-01 1.202878e-01 9.874323e-01 -1.613533e+02 5.552308e-02 9.904222e-01 -1.264162e-01 3.151178e+01 -9.931812e-01 6.778424e-02 9.484971e-02 1.988313e+02
1.127854e-01 1.134463e-01 9.871218e-01 -1.606779e+02 5.641234e-02 9.911271e-01 -1.203521e-01 3.142712e+01 -9.920167e-01 6.925981e-02 1.053849e-01 1.988923e+02
1.191080e-01 1.078046e-01 9.870114e-01 -1.599910e+02 5.657590e-02 9.917359e-01 -1.151480e-01 3.132553e+01 -9.912681e-01 6.955610e-02 1.120246e-01 1.989774e+02
1.193234e-01 1.074843e-01 9.870203e-01 -1.592761e+02 5.489757e-02 9.918878e-01 -1.146511e-01 3.122153e+01 -9.913366e-01 6.786558e-02 1.124548e-01 1.990678e+02
1.236453e-01 1.105617e-01 9.861480e-01 -1.585020e+02 5.637827e-02 9.913859e-01 -1.182177e-01 3.112138e+01 -9.907236e-01 7.021439e-02 1.163469e-01 1.991694e+02
1.280632e-01 1.196687e-01 9.845198e-01 -1.577963e+02 5.757414e-02 9.901224e-01 -1.278388e-01 3.103797e+01 -9.900934e-01 7.305433e-02 1.199084e-01 1.992457e+02
1.308809e-01 1.275376e-01 9.831604e-01 -1.570631e+02 5.718472e-02 9.890685e-01 -1.359166e-01 3.094443e+01 -9.897475e-01 7.401065e-02 1.221570e-01 1.993337e+02
1.332428e-01 1.287347e-01 9.826870e-01 -1.563303e+02 5.800296e-02 9.888156e-01 -1.374022e-01 3.083467e+01 -9.893847e-01 7.530661e-02 1.242855e-01 1.994295e+02
1.362098e-01 1.232396e-01 9.829847e-01 -1.556319e+02 6.029736e-02 9.893614e-01 -1.323943e-01 3.075037e+01 -9.888433e-01 7.730478e-02 1.273297e-01 1.994969e+02
1.385421e-01 1.142436e-01 9.837451e-01 -1.548873e+02 6.091343e-02 9.904606e-01 -1.236020e-01 3.063981e+01 -9.884815e-01 7.704737e-02 1.302615e-01 1.995844e+02
1.407110e-01 1.107620e-01 9.838355e-01 -1.540950e+02 6.194562e-02 9.907903e-01 -1.204047e-01 3.052206e+01 -9.881109e-01 7.788656e-02 1.325539e-01 1.996987e+02
1.439379e-01 1.114175e-01 9.832945e-01 -1.533033e+02 6.509816e-02 9.904232e-01 -1.217546e-01 3.041949e+01 -9.874432e-01 8.153576e-02 1.353063e-01 1.997924e+02
1.467440e-01 1.135673e-01 9.826335e-01 -1.525251e+02 6.683732e-02 9.899788e-01 -1.243976e-01 3.032422e+01 -9.869139e-01 8.393120e-02 1.376829e-01 1.998971e+02
1.450614e-01 1.161150e-01 9.825856e-01 -1.517154e+02 6.663792e-02 9.896884e-01 -1.267922e-01 3.022321e+01 -9.871761e-01 8.387012e-02 1.358279e-01 2.000080e+02
1.469091e-01 1.162208e-01 9.822986e-01 -1.509053e+02 6.658820e-02 9.896586e-01 -1.270503e-01 3.010893e+01 -9.869061e-01 8.407433e-02 1.376509e-01 2.001157e+02
1.481234e-01 1.184287e-01 9.818524e-01 -1.500431e+02 6.335303e-02 9.896287e-01 -1.289242e-01 2.999067e+01 -9.869376e-01 8.130001e-02 1.390844e-01 2.002563e+02
1.487714e-01 1.196215e-01 9.816098e-01 -1.492170e+02 6.218024e-02 9.895605e-01 -1.300143e-01 2.987681e+01 -9.869147e-01 8.037915e-02 1.397802e-01 2.003800e+02
1.509150e-01 1.193099e-01 9.813205e-01 -1.483311e+02 6.389903e-02 9.894366e-01 -1.301235e-01 2.976817e+01 -9.864794e-01 8.234301e-02 1.416970e-01 2.005135e+02
1.521428e-01 1.145290e-01 9.817004e-01 -1.474672e+02 6.719210e-02 9.897669e-01 -1.258834e-01 2.965693e+01 -9.860719e-01 8.511477e-02 1.428904e-01 2.006400e+02
1.535696e-01 1.105013e-01 9.819398e-01 -1.465960e+02 6.812337e-02 9.901793e-01 -1.220826e-01 2.953959e+01 -9.857868e-01 8.564123e-02 1.445338e-01 2.007694e+02
1.555664e-01 1.103265e-01 9.816451e-01 -1.457329e+02 6.802118e-02 9.901883e-01 -1.220663e-01 2.942331e+01 -9.854807e-01 8.576208e-02 1.465355e-01 2.008990e+02
1.596989e-01 1.127958e-01 9.807005e-01 -1.448457e+02 7.165263e-02 9.895057e-01 -1.254766e-01 2.930981e+01 -9.845619e-01 9.030824e-02 1.499408e-01 2.010204e+02
1.646211e-01 1.135804e-01 9.797956e-01 -1.440023e+02 7.507604e-02 9.890235e-01 -1.272641e-01 2.920705e+01 -9.834955e-01 9.450953e-02 1.542870e-01 2.011405e+02
1.652874e-01 1.116393e-01 9.799065e-01 -1.431345e+02 7.396544e-02 9.893713e-01 -1.251939e-01 2.908721e+01 -9.834679e-01 9.317218e-02 1.552732e-01 2.012735e+02
1.696502e-01 1.095346e-01 9.793983e-01 -1.422306e+02 7.294969e-02 9.896819e-01 -1.233210e-01 2.897664e+01 -9.828007e-01 9.236823e-02 1.599092e-01 2.014331e+02
1.751354e-01 1.088590e-01 9.785077e-01 -1.413714e+02 7.183062e-02 9.898071e-01 -1.229725e-01 2.885549e+01 -9.819205e-01 9.182365e-02 1.655309e-01 2.015628e+02
1.811135e-01 1.086739e-01 9.774395e-01 -1.405052e+02 7.383461e-02 9.895685e-01 -1.237035e-01 2.875205e+01 -9.806867e-01 9.457324e-02 1.712003e-01 2.017005e+02
1.861088e-01 1.049466e-01 9.769082e-01 -1.396496e+02 7.172393e-02 9.901753e-01 -1.200359e-01 2.864189e+01 -9.799077e-01 9.240744e-02 1.767532e-01 2.018610e+02
1.907712e-01 1.021121e-01 9.763091e-01 -1.387634e+02 7.034985e-02 9.905954e-01 -1.173527e-01 2.852426e+01 -9.791104e-01 9.107072e-02 1.817935e-01 2.020367e+02
1.960888e-01 1.037080e-01 9.750866e-01 -1.379106e+02 6.952414e-02 9.904187e-01 -1.193199e-01 2.841188e+01 -9.781184e-01 9.118935e-02 1.869998e-01 2.021926e+02
2.006073e-01 1.125129e-01 9.731894e-01 -1.370349e+02 6.336943e-02 9.898125e-01 -1.274974e-01 2.828542e+01 -9.776201e-01 8.724736e-02 1.914337e-01 2.023783e+02
2.056397e-01 1.183578e-01 9.714442e-01 -1.361938e+02 6.030474e-02 9.892405e-01 -1.332916e-01 2.817370e+01 -9.767680e-01 8.599273e-02 1.962896e-01 2.025446e+02
2.104350e-01 1.171159e-01 9.705673e-01 -1.353174e+02 6.217899e-02 9.891847e-01 -1.328438e-01 2.805528e+01 -9.756284e-01 8.830389e-02 2.008770e-01 2.027320e+02
2.103085e-01 1.129098e-01 9.710931e-01 -1.344527e+02 5.658405e-02 9.902374e-01 -1.273901e-01 2.792208e+01 -9.759962e-01 8.173959e-02 2.018664e-01 2.029186e+02
2.122888e-01 1.096164e-01 9.710395e-01 -1.335702e+02 5.161372e-02 9.910439e-01 -1.231584e-01 2.778548e+01 -9.758430e-01 7.626412e-02 2.047298e-01 2.031066e+02
2.131001e-01 1.117247e-01 9.706214e-01 -1.326978e+02 4.981231e-02 9.909060e-01 -1.249958e-01 2.766376e+01 -9.757597e-01 7.498553e-02 2.055969e-01 2.033045e+02
2.127967e-01 1.134416e-01 9.704888e-01 -1.318405e+02 4.918434e-02 9.907347e-01 -1.265927e-01 2.754177e+01 -9.758578e-01 7.467135e-02 2.052455e-01 2.034969e+02
2.117586e-01 1.151231e-01 9.705179e-01 -1.309712e+02 4.660507e-02 9.907188e-01 -1.276882e-01 2.742077e+01 -9.762101e-01 7.227012e-02 2.044279e-01 2.036898e+02
2.107659e-01 1.157689e-01 9.706572e-01 -1.301110e+02 4.238949e-02 9.909461e-01 -1.273930e-01 2.730051e+01 -9.766171e-01 6.799577e-02 2.039503e-01 2.038773e+02
2.087225e-01 1.188139e-01 9.707307e-01 -1.292620e+02 3.614288e-02 9.909775e-01 -1.290633e-01 2.716437e+01 -9.773068e-01 6.202342e-02 2.025450e-01 2.040787e+02
2.064433e-01 1.204782e-01 9.710130e-01 -1.284127e+02 3.283416e-02 9.909786e-01 -1.299362e-01 2.703982e+01 -9.779075e-01 5.870686e-02 2.006251e-01 2.042683e+02
2.047719e-01 1.248355e-01 9.708164e-01 -1.275804e+02 3.128231e-02 9.904924e-01 -1.339639e-01 2.691048e+01 -9.783097e-01 5.780142e-02 1.989198e-01 2.044476e+02
2.019295e-01 1.273122e-01 9.710902e-01 -1.267540e+02 2.839770e-02 9.903374e-01 -1.357406e-01 2.677815e+01 -9.789883e-01 5.498675e-02 1.963629e-01 2.046329e+02
1.970001e-01 1.287583e-01 9.719117e-01 -1.259401e+02 2.625006e-02 9.902903e-01 -1.365138e-01 2.665477e+01 -9.800520e-01 5.240597e-02 1.917073e-01 2.048030e+02
1.952400e-01 1.267000e-01 9.725371e-01 -1.251202e+02 2.803549e-02 9.904941e-01 -1.346676e-01 2.652832e+01 -9.803547e-01 5.355806e-02 1.898320e-01 2.049638e+02
1.921728e-01 1.255644e-01 9.732950e-01 -1.243226e+02 2.746833e-02 9.907039e-01 -1.332338e-01 2.640211e+01 -9.809766e-01 5.233869e-02 1.869373e-01 2.051358e+02
1.904523e-01 1.251079e-01 9.736919e-01 -1.236618e+02 2.557350e-02 9.908773e-01 -1.323181e-01 2.627469e+01 -9.813633e-01 5.010100e-02 1.855154e-01 2.052410e+02
1.879140e-01 1.246416e-01 9.742447e-01 -1.229517e+02 2.024497e-02 9.912129e-01 -1.307174e-01 2.614835e+01 -9.819768e-01 4.428717e-02 1.837394e-01 2.053596e+02
1.837256e-01 1.246009e-01 9.750485e-01 -1.222097e+02 1.999618e-02 9.912546e-01 -1.304397e-01 2.603450e+01 -9.827742e-01 4.346235e-02 1.796273e-01 2.055025e+02
1.791676e-01 1.249987e-01 9.758454e-01 -1.214459e+02 2.181434e-02 9.911471e-01 -1.309639e-01 2.592453e+01 -9.835767e-01 4.475190e-02 1.748547e-01 2.056480e+02
1.738658e-01 1.275482e-01 9.764743e-01 -1.207621e+02 2.192783e-02 9.908294e-01 -1.333276e-01 2.581836e+01 -9.845252e-01 4.459307e-02 1.694745e-01 2.057465e+02
1.689765e-01 1.295612e-01 9.770675e-01 -1.201179e+02 2.146064e-02 9.906039e-01 -1.350676e-01 2.572027e+01 -9.853864e-01 4.379174e-02 1.646083e-01 2.058057e+02
1.636573e-01 1.297860e-01 9.779427e-01 -1.194625e+02 2.260178e-02 9.905548e-01 -1.352421e-01 2.561948e+01 -9.862583e-01 4.423661e-02 1.591781e-01 2.058983e+02
1.561346e-01 1.296378e-01 9.791915e-01 -1.188129e+02 2.414022e-02 9.905527e-01 -1.349912e-01 2.551470e+01 -9.874408e-01 4.471470e-02 1.515300e-01 2.059813e+02
1.512835e-01 1.304379e-01 9.798466e-01 -1.181884e+02 2.852115e-02 9.902668e-01 -1.362286e-01 2.543182e+01 -9.880789e-01 4.855548e-02 1.460908e-01 2.060663e+02
1.455455e-01 1.310117e-01 9.806388e-01 -1.175873e+02 3.132489e-02 9.900863e-01 -1.369231e-01 2.533093e+01 -9.888555e-01 5.064694e-02 1.399986e-01 2.061476e+02
1.398492e-01 1.325709e-01 9.812579e-01 -1.169654e+02 3.124176e-02 9.899125e-01 -1.381927e-01 2.522480e+01 -9.896798e-01 4.998238e-02 1.342968e-01 2.062319e+02
1.346643e-01 1.360821e-01 9.815025e-01 -1.163785e+02 3.464063e-02 9.892729e-01 -1.419123e-01 2.514721e+01 -9.902856e-01 5.311039e-02 1.285058e-01 2.062954e+02
1.292581e-01 1.372978e-01 9.820599e-01 -1.157724e+02 3.499395e-02 9.891196e-01 -1.428907e-01 2.504588e+01 -9.909933e-01 5.283594e-02 1.230471e-01 2.063738e+02
1.240604e-01 1.384242e-01 9.825720e-01 -1.151647e+02 3.495115e-02 9.889977e-01 -1.437424e-01 2.494977e+01 -9.916589e-01 5.217477e-02 1.178574e-01 2.064506e+02
1.185720e-01 1.390594e-01 9.831598e-01 -1.146029e+02 3.340856e-02 9.890255e-01 -1.439183e-01 2.486372e+01 -9.923833e-01 4.991063e-02 1.126250e-01 2.065360e+02
1.149337e-01 1.356693e-01 9.840651e-01 -1.140017e+02 3.472182e-02 9.894758e-01 -1.404706e-01 2.477712e+01 -9.927662e-01 5.031334e-02 1.090135e-01 2.066150e+02
1.146534e-01 1.272990e-01 9.852155e-01 -1.134057e+02 3.728747e-02 9.905052e-01 -1.323218e-01 2.468810e+01 -9.927055e-01 5.190734e-02 1.088182e-01 2.066675e+02
1.108639e-01 1.230429e-01 9.861894e-01 -1.128108e+02 3.690479e-02 9.911124e-01 -1.278058e-01 2.459609e+01 -9.931502e-01 5.056417e-02 1.053378e-01 2.067301e+02
1.110239e-01 1.197227e-01 9.865800e-01 -1.122146e+02 3.569312e-02 9.915965e-01 -1.243481e-01 2.449869e+01 -9.931766e-01 4.901974e-02 1.058177e-01 2.068094e+02
1.136063e-01 1.136886e-01 9.869998e-01 -1.116369e+02 3.180694e-02 9.925060e-01 -1.179839e-01 2.442596e+01 -9.930166e-01 4.479714e-02 1.091388e-01 2.068701e+02
1.168688e-01 1.097378e-01 9.870660e-01 -1.110491e+02 3.108351e-02 9.929856e-01 -1.140762e-01 2.435409e+01 -9.926608e-01 4.401343e-02 1.126380e-01 2.069343e+02
1.229587e-01 1.119359e-01 9.860788e-01 -1.104557e+02 3.647816e-02 9.924374e-01 -1.172064e-01 2.429394e+01 -9.917411e-01 5.038189e-02 1.179456e-01 2.070014e+02
1.327166e-01 1.142653e-01 9.845455e-01 -1.098986e+02 4.328085e-02 9.917168e-01 -1.209318e-01 2.421486e+01 -9.902086e-01 5.866162e-02 1.266718e-01 2.070547e+02
1.452159e-01 1.191229e-01 9.822027e-01 -1.093285e+02 4.689328e-02 9.907813e-01 -1.270964e-01 2.413202e+01 -9.882881e-01 6.451511e-02 1.382911e-01 2.071351e+02
1.623159e-01 1.271050e-01 9.785182e-01 -1.087584e+02 4.983437e-02 9.893474e-01 -1.367781e-01 2.405613e+01 -9.854796e-01 7.096511e-02 1.542527e-01 2.072276e+02
1.836053e-01 1.286651e-01 9.745432e-01 -1.081997e+02 5.107666e-02 9.888089e-01 -1.401715e-01 2.397388e+01 -9.816722e-01 7.551264e-02 1.749788e-01 2.073176e+02
2.064988e-01 1.266608e-01 9.702140e-01 -1.076316e+02 5.167296e-02 9.887904e-01 -1.400839e-01 2.388982e+01 -9.770814e-01 7.906099e-02 1.976391e-01 2.074383e+02
2.276872e-01 1.290983e-01 9.651384e-01 -1.070940e+02 4.606083e-02 9.886347e-01 -1.431074e-01 2.380813e+01 -9.726443e-01 7.703881e-02 2.191531e-01 2.075580e+02
2.534678e-01 1.331447e-01 9.581370e-01 -1.065409e+02 4.245154e-02 9.879972e-01 -1.485243e-01 2.371561e+01 -9.664119e-01 7.832052e-02 2.447732e-01 2.077115e+02
2.834040e-01 1.328800e-01 9.497500e-01 -1.060171e+02 3.770164e-02 9.880445e-01 -1.494880e-01 2.362475e+01 -9.582592e-01 7.817261e-02 2.750060e-01 2.078625e+02
3.161550e-01 1.309341e-01 9.396288e-01 -1.054778e+02 3.291812e-02 9.883200e-01 -1.487949e-01 2.353340e+01 -9.481363e-01 7.797307e-02 3.081522e-01 2.080478e+02
3.512166e-01 1.292266e-01 9.273335e-01 -1.049478e+02 2.562915e-02 9.887315e-01 -1.474894e-01 2.344619e+01 -9.359434e-01 7.556748e-02 3.439469e-01 2.082523e+02
3.882872e-01 1.258346e-01 9.129067e-01 -1.044444e+02 1.513641e-02 9.896289e-01 -1.428479e-01 2.335562e+01 -9.214141e-01 6.928414e-02 3.823555e-01 2.084833e+02
4.284358e-01 1.229215e-01 8.951721e-01 -1.039485e+02 5.052898e-03 9.903620e-01 -1.384109e-01 2.326970e+01 -9.035581e-01 6.382342e-02 4.236855e-01 2.087394e+02
4.706032e-01 1.228499e-01 8.737508e-01 -1.034851e+02 -1.623921e-03 9.903788e-01 -1.383732e-01 2.318537e+01 -8.823435e-01 6.369999e-02 4.662750e-01 2.090112e+02
5.132173e-01 1.234441e-01 8.493348e-01 -1.030314e+02 -9.117516e-03 9.903306e-01 -1.384274e-01 2.310697e+01 -8.582103e-01 6.329950e-02 5.093803e-01 2.093082e+02
5.569959e-01 1.239163e-01 8.212188e-01 -1.025990e+02 -1.653240e-02 9.902648e-01 -1.382110e-01 2.302527e+01 -8.303507e-01 6.340625e-02 5.536221e-01 2.096329e+02
5.978668e-01 1.273887e-01 7.914085e-01 -1.022040e+02 -2.669761e-02 9.899083e-01 -1.391715e-01 2.294713e+01 -8.011508e-01 6.207733e-02 5.952343e-01 2.099757e+02
6.402968e-01 1.306670e-01 7.569321e-01 -1.018341e+02 -3.233577e-02 9.891366e-01 -1.433986e-01 2.286770e+01 -7.674467e-01 6.734167e-02 6.375662e-01 2.103301e+02
6.811709e-01 1.343839e-01 7.196855e-01 -1.014895e+02 -3.963490e-02 9.883370e-01 -1.470343e-01 2.278991e+01 -7.310508e-01 7.163081e-02 6.785527e-01 2.107032e+02
7.201405e-01 1.369108e-01 6.801861e-01 -1.011647e+02 -4.782057e-02 9.878007e-01 -1.481992e-01 2.272077e+01 -6.921783e-01 7.419734e-02 7.179024e-01 2.111022e+02
7.566936e-01 1.359423e-01 6.394799e-01 -1.008687e+02 -5.273972e-02 9.876475e-01 -1.475500e-01 2.264792e+01 -6.516390e-01 7.792414e-02 7.545160e-01 2.115288e+02
7.913873e-01 1.283314e-01 5.976932e-01 -1.005735e+02 -5.233693e-02 9.883506e-01 -1.429121e-01 2.257272e+01 -6.090705e-01 8.181742e-02 7.888847e-01 2.119711e+02
8.225842e-01 1.213977e-01 5.555338e-01 -1.003132e+02 -5.511199e-02 9.893668e-01 -1.345960e-01 2.249837e+01 -5.659663e-01 8.009995e-02 8.205280e-01 2.123909e+02
8.507435e-01 1.175671e-01 5.122631e-01 -1.000600e+02 -6.022491e-02 9.900468e-01 -1.272021e-01 2.243187e+01 -5.221192e-01 7.736533e-02 8.493563e-01 2.128386e+02
8.760039e-01 1.179834e-01 4.676507e-01 -9.982726e+01 -6.783359e-02 9.901191e-01 -1.227307e-01 2.235690e+01 -4.775100e-01 7.579018e-02 8.753514e-01 2.133071e+02
8.992650e-01 1.154734e-01 4.218866e-01 -9.961726e+01 -7.068577e-02 9.902107e-01 -1.203588e-01 2.229193e+01 -4.316549e-01 7.841306e-02 8.986242e-01 2.137744e+02
9.181755e-01 1.168605e-01 3.785464e-01 -9.943916e+01 -7.766173e-02 9.900589e-01 -1.172689e-01 2.223574e+01 -3.884873e-01 7.827487e-02 9.181234e-01 2.142297e+02
9.352054e-01 1.185520e-01 3.336710e-01 -9.928459e+01 -8.503026e-02 9.899055e-01 -1.133886e-01 2.218643e+01 -3.437452e-01 7.766946e-02 9.358454e-01 2.146974e+02
9.492355e-01 1.230215e-01 2.895128e-01 -9.915831e+01 -9.519033e-02 9.895418e-01 -1.083781e-01 2.213149e+01 -2.998179e-01 7.531755e-02 9.510187e-01 2.151789e+02
9.605830e-01 1.285670e-01 2.464768e-01 -9.906279e+01 -1.062316e-01 9.891038e-01 -1.019238e-01 2.208344e+01 -2.568952e-01 7.172268e-02 9.637742e-01 2.156640e+02
9.691566e-01 1.333243e-01 2.072682e-01 -9.898336e+01 -1.155144e-01 9.886724e-01 -9.583003e-02 2.203672e+01 -2.176968e-01 6.893184e-02 9.735792e-01 2.161579e+02
9.750316e-01 1.389128e-01 1.732529e-01 -9.892528e+01 -1.250132e-01 9.881765e-01 -8.876364e-02 2.199104e+01 -1.835349e-01 6.488845e-02 9.808692e-01 2.166622e+02
9.783599e-01 1.468066e-01 1.458075e-01 -9.888291e+01 -1.358183e-01 9.872755e-01 -8.270722e-02 2.194149e+01 -1.560941e-01 6.111410e-02 9.858497e-01 2.171764e+02
9.794207e-01 1.590645e-01 1.242320e-01 -9.884872e+01 -1.500941e-01 9.855454e-01 -7.856266e-02 2.189285e+01 -1.349328e-01 5.829941e-02 9.891382e-01 2.176871e+02
9.796511e-01 1.683140e-01 1.093347e-01 -9.882498e+01 -1.606833e-01 9.841318e-01 -7.526950e-02 2.185461e+01 -1.202687e-01 5.616958e-02 9.911511e-01 2.182041e+02
9.805510e-01 1.695739e-01 9.881536e-02 -9.879875e+01 -1.627172e-01 9.839087e-01 -7.380204e-02 2.180442e+01 -1.097402e-01 5.628770e-02 9.923652e-01 2.187135e+02
9.806474e-01 1.716662e-01 9.413492e-02 -9.875719e+01 -1.651582e-01 9.835545e-01 -7.309804e-02 2.176829e+01 -1.051353e-01 5.613625e-02 9.928722e-01 2.192176e+02
9.812765e-01 1.702750e-01 9.001608e-02 -9.871897e+01 -1.639365e-01 9.837135e-01 -7.370656e-02 2.171839e+01 -1.011004e-01 5.756959e-02 9.932092e-01 2.197210e+02
9.805771e-01 1.745989e-01 8.935205e-02 -9.867644e+01 -1.682512e-01 9.829414e-01 -7.428148e-02 2.167959e+01 -1.007973e-01 5.780512e-02 9.932263e-01 2.202342e+02
9.798745e-01 1.776479e-01 9.103412e-02 -9.864038e+01 -1.710867e-01 9.823608e-01 -7.547565e-02 2.163471e+01 -1.028364e-01 5.838194e-02 9.929835e-01 2.207353e+02
9.801780e-01 1.738265e-01 9.505496e-02 -9.858911e+01 -1.667083e-01 9.828879e-01 -7.835607e-02 2.159121e+01 -1.070487e-01 6.095644e-02 9.923834e-01 2.212345e+02
9.799413e-01 1.694240e-01 1.049311e-01 -9.852278e+01 -1.612071e-01 9.834716e-01 -8.243684e-02 2.154900e+01 -1.171635e-01 6.386763e-02 9.910568e-01 2.217266e+02
9.786257e-01 1.657107e-01 1.217858e-01 -9.846336e+01 -1.560931e-01 9.841012e-01 -8.473351e-02 2.150304e+01 -1.338908e-01 6.391247e-02 9.889330e-01 2.222000e+02
9.758263e-01 1.656228e-01 1.425904e-01 -9.838036e+01 -1.545746e-01 9.842807e-01 -8.542933e-02 2.145044e+01 -1.544981e-01 6.132334e-02 9.860881e-01 2.226708e+02
9.708470e-01 1.681489e-01 1.708273e-01 -9.829143e+01 -1.553639e-01 9.841299e-01 -8.573418e-02 2.140211e+01 -1.825324e-01 5.669437e-02 9.815639e-01 2.231355e+02
9.642133e-01 1.671431e-01 2.058056e-01 -9.818321e+01 -1.528667e-01 9.847102e-01 -8.353246e-02 2.135181e+01 -2.166207e-01 4.908229e-02 9.750212e-01 2.235835e+02
9.553005e-01 1.616588e-01 2.475225e-01 -9.804769e+01 -1.465738e-01 9.860935e-01 -7.833092e-02 2.129856e+01 -2.567432e-01 3.854926e-02 9.657106e-01 2.240134e+02
9.469301e-01 1.422594e-01 2.882457e-01 -9.788236e+01 -1.235821e-01 9.889333e-01 -8.208759e-02 2.124376e+01 -2.967335e-01 4.210920e-02 9.540315e-01 2.244078e+02
9.342875e-01 1.305211e-01 3.317697e-01 -9.770555e+01 -1.058495e-01 9.901671e-01 -9.146051e-02 2.118349e+01 -3.404449e-01 5.033274e-02 9.389163e-01 2.247688e+02
9.161505e-01 1.302911e-01 3.790680e-01 -9.753079e+01 -9.707683e-02 9.896651e-01 -1.055420e-01 2.112081e+01 -3.889015e-01 5.989367e-02 9.193304e-01 2.251086e+02
8.926206e-01 1.413514e-01 4.280750e-01 -9.735455e+01 -9.884887e-02 9.878326e-01 -1.200652e-01 2.106624e+01 -4.398379e-01 6.485798e-02 8.957322e-01 2.254457e+02
8.643274e-01 1.556929e-01 4.782236e-01 -9.715812e+01 -1.051293e-01 9.858011e-01 -1.309349e-01 2.102188e+01 -4.918190e-01 6.289533e-02 8.684228e-01 2.257672e+02
8.321934e-01 1.610492e-01 5.305820e-01 -9.693242e+01 -1.043199e-01 9.852778e-01 -1.354435e-01 2.098301e+01 -5.445837e-01 5.736489e-02 8.367424e-01 2.260815e+02
7.993965e-01 1.531825e-01 5.809478e-01 -9.666938e+01 -9.100021e-02 9.866658e-01 -1.349428e-01 2.093152e+01 -5.938722e-01 5.500643e-02 8.026769e-01 2.263625e+02
7.647207e-01 1.405942e-01 6.288366e-01 -9.638524e+01 -7.207588e-02 9.884454e-01 -1.333444e-01 2.086878e+01 -6.403182e-01 5.664723e-02 7.660181e-01 2.266179e+02
7.262562e-01 1.362392e-01 6.737884e-01 -9.610001e+01 -5.882542e-02 9.888857e-01 -1.365453e-01 2.081477e+01 -6.849026e-01 5.953101e-02 7.261987e-01 2.268550e+02
6.820646e-01 1.372739e-01 7.182923e-01 -9.580659e+01 -4.987935e-02 9.886691e-01 -1.415823e-01 2.074872e+01 -7.295889e-01 6.074031e-02 6.811832e-01 2.270855e+02
6.391172e-01 1.388983e-01 7.564631e-01 -9.550469e+01 -3.997176e-02 9.882268e-01 -1.476825e-01 2.068878e+01 -7.680700e-01 6.414925e-02 6.371447e-01 2.272822e+02
5.964790e-01 1.406670e-01 7.902060e-01 -9.518736e+01 -2.954585e-02 9.877035e-01 -1.535217e-01 2.063994e+01 -8.020847e-01 6.822518e-02 5.933005e-01 2.274784e+02
5.560276e-01 1.427638e-01 8.188112e-01 -9.486186e+01 -2.354704e-02 9.874484e-01 -1.561766e-01 2.058129e+01 -8.308302e-01 6.755789e-02 5.524102e-01 2.276662e+02
5.179616e-01 1.440577e-01 8.431863e-01 -9.454427e+01 -2.028561e-02 9.875086e-01 -1.562538e-01 2.052647e+01 -8.551633e-01 6.382893e-02 5.144138e-01 2.278271e+02
4.789091e-01 1.456916e-01 8.656905e-01 -9.420291e+01 -1.880301e-02 9.876084e-01 -1.558078e-01 2.046029e+01 -8.776631e-01 5.834017e-02 4.757141e-01 2.279914e+02
4.405666e-01 1.452147e-01 8.858972e-01 -9.383797e+01 -1.324435e-02 9.877742e-01 -1.553276e-01 2.039682e+01 -8.976222e-01 5.669903e-02 4.371036e-01 2.281347e+02
4.036888e-01 1.413915e-01 9.039048e-01 -9.345444e+01 -5.028962e-03 9.883140e-01 -1.523491e-01 2.032325e+01 -9.148826e-01 5.695591e-02 3.996823e-01 2.282764e+02
3.692426e-01 1.374793e-01 9.191079e-01 -9.307039e+01 4.076768e-03 9.887482e-01 -1.495338e-01 2.025167e+01 -9.293241e-01 5.896125e-02 3.645275e-01 2.284012e+02
3.375257e-01 1.368269e-01 9.313188e-01 -9.267941e+01 1.136137e-02 9.887151e-01 -1.493769e-01 2.017783e+01 -9.412477e-01 6.099961e-02 3.321622e-01 2.285029e+02
3.067653e-01 1.398198e-01 9.414592e-01 -9.226803e+01 1.578624e-02 9.882674e-01 -1.519153e-01 2.010944e+01 -9.516543e-01 6.146444e-02 3.009589e-01 2.286103e+02
2.848155e-01 1.436023e-01 9.477650e-01 -9.184490e+01 1.997262e-02 9.876116e-01 -1.556417e-01 2.003923e+01 -9.583743e-01 6.325852e-02 2.784190e-01 2.287181e+02
2.660247e-01 1.484896e-01 9.524608e-01 -9.143758e+01 2.035414e-02 9.869790e-01 -1.595560e-01 1.996777e+01 -9.637513e-01 6.183237e-02 2.595385e-01 2.288195e+02
2.502497e-01 1.529765e-01 9.560195e-01 -9.098853e+01 2.074017e-02 9.863649e-01 -1.632612e-01 1.989074e+01 -9.679591e-01 6.068407e-02 2.436648e-01 2.289278e+02
2.354779e-01 1.573103e-01 9.590639e-01 -9.051704e+01 2.091380e-02 9.857647e-01 -1.668249e-01 1.980632e+01 -9.716547e-01 5.934124e-02 2.288359e-01 2.290295e+02
2.209058e-01 1.605766e-01 9.619853e-01 -9.003075e+01 2.259600e-02 9.852456e-01 -1.696481e-01 1.973034e+01 -9.750334e-01 5.921326e-02 2.140181e-01 2.291207e+02
2.070054e-01 1.614710e-01 9.649227e-01 -8.951831e+01 2.695467e-02 9.849702e-01 -1.706084e-01 1.963779e+01 -9.779684e-01 6.132603e-02 1.995417e-01 2.292235e+02
1.970600e-01 1.605679e-01 9.671532e-01 -8.900632e+01 3.289756e-02 9.848585e-01 -1.702103e-01 1.955846e+01 -9.798393e-01 6.535861e-02 1.887939e-01 2.292942e+02
1.901967e-01 1.589455e-01 9.687939e-01 -8.845771e+01 3.649376e-02 9.849804e-01 -1.687658e-01 1.946074e+01 -9.810675e-01 6.745362e-02 1.815395e-01 2.293894e+02
1.873628e-01 1.563101e-01 9.697744e-01 -8.789909e+01 3.953928e-02 9.852577e-01 -1.664449e-01 1.936268e+01 -9.814947e-01 6.952975e-02 1.784202e-01 2.294892e+02
1.843281e-01 1.540139e-01 9.707229e-01 -8.735918e+01 3.872596e-02 9.857414e-01 -1.637503e-01 1.926366e+01 -9.821016e-01 6.777594e-02 1.757355e-01 2.295814e+02
1.833529e-01 1.515849e-01 9.712897e-01 -8.676428e+01 3.800074e-02 9.862084e-01 -1.610867e-01 1.916612e+01 -9.823124e-01 6.644544e-02 1.750638e-01 2.296974e+02
1.816975e-01 1.507934e-01 9.717239e-01 -8.616752e+01 3.776714e-02 9.863734e-01 -1.601286e-01 1.905923e+01 -9.826290e-01 6.579421e-02 1.735266e-01 2.297953e+02
1.804939e-01 1.509749e-01 9.719200e-01 -8.555906e+01 3.782598e-02 9.863528e-01 -1.602415e-01 1.895861e+01 -9.828485e-01 6.568644e-02 1.723199e-01 2.298959e+02
1.795309e-01 1.513602e-01 9.720384e-01 -8.493290e+01 3.732314e-02 9.863333e-01 -1.604795e-01 1.885122e+01 -9.830441e-01 6.509056e-02 1.714280e-01 2.299946e+02
1.767795e-01 1.534856e-01 9.722094e-01 -8.429256e+01 3.678665e-02 9.860458e-01 -1.623590e-01 1.873395e+01 -9.835628e-01 6.446608e-02 1.686665e-01 2.301091e+02
1.743509e-01 1.560364e-01 9.722419e-01 -8.359949e+01 3.783627e-02 9.855741e-01 -1.649612e-01 1.862140e+01 -9.839564e-01 6.554715e-02 1.659319e-01 2.302423e+02
1.713354e-01 1.583364e-01 9.724062e-01 -8.293299e+01 3.595455e-02 9.853388e-01 -1.667773e-01 1.849512e+01 -9.845565e-01 6.353729e-02 1.631305e-01 2.303532e+02
1.686399e-01 1.598247e-01 9.726339e-01 -8.224036e+01 3.514734e-02 9.851640e-01 -1.679777e-01 1.837137e+01 -9.850509e-01 6.251324e-02 1.605206e-01 2.304674e+02
1.662393e-01 1.599251e-01 9.730306e-01 -8.151502e+01 3.459525e-02 9.852075e-01 -1.678370e-01 1.825160e+01 -9.854784e-01 6.156334e-02 1.582476e-01 2.306064e+02
1.609817e-01 1.607194e-01 9.737834e-01 -8.082154e+01 3.028647e-02 9.853828e-01 -1.676406e-01 1.811352e+01 -9.864926e-01 5.647953e-02 1.537609e-01 2.307070e+02
1.582610e-01 1.595299e-01 9.744248e-01 -8.009092e+01 2.957957e-02 9.856530e-01 -1.661724e-01 1.797014e+01 -9.869542e-01 5.512167e-02 1.512716e-01 2.308259e+02
1.560829e-01 1.582642e-01 9.749823e-01 -7.936072e+01 2.972789e-02 9.858802e-01 -1.647923e-01 1.783293e+01 -9.872965e-01 5.470542e-02 1.491741e-01 2.309305e+02
1.530801e-01 1.573476e-01 9.756066e-01 -7.860361e+01 2.981586e-02 9.860576e-01 -1.637115e-01 1.769305e+01 -9.877639e-01 5.414952e-02 1.462543e-01 2.310449e+02
1.504211e-01 1.570527e-01 9.760676e-01 -7.783059e+01 3.041217e-02 9.860987e-01 -1.633536e-01 1.755875e+01 -9.881541e-01 5.425615e-02 1.435537e-01 2.311611e+02
1.482298e-01 1.575464e-01 9.763232e-01 -7.708374e+01 3.024858e-02 9.860450e-01 -1.637077e-01 1.742100e+01 -9.884902e-01 5.379875e-02 1.413957e-01 2.312516e+02
1.465439e-01 1.572445e-01 9.766264e-01 -7.628400e+01 3.252102e-02 9.859854e-01 -1.636312e-01 1.727399e+01 -9.886694e-01 5.574003e-02 1.393764e-01 2.313728e+02
1.451404e-01 1.573141e-01 9.768247e-01 -7.551966e+01 3.288724e-02 9.859663e-01 -1.636729e-01 1.713600e+01 -9.888643e-01 5.588061e-02 1.379299e-01 2.314662e+02
1.435598e-01 1.583084e-01 9.768977e-01 -7.474473e+01 3.343844e-02 9.857831e-01 -1.646622e-01 1.699875e+01 -9.890766e-01 5.630481e-02 1.362252e-01 2.315706e+02
1.421516e-01 1.599944e-01 9.768289e-01 -7.394380e+01 3.369590e-02 9.854964e-01 -1.663175e-01 1.685723e+01 -9.892712e-01 5.655742e-02 1.346987e-01 2.316837e+02
1.370385e-01 1.644785e-01 9.768149e-01 -7.311056e+01 3.015001e-02 9.849687e-01 -1.700812e-01 1.669825e+01 -9.901068e-01 5.275865e-02 1.300196e-01 2.318126e+02
1.348316e-01 1.666387e-01 9.767558e-01 -7.230473e+01 2.760110e-02 9.847431e-01 -1.718115e-01 1.654297e+01 -9.904840e-01 5.012515e-02 1.281751e-01 2.319137e+02
1.327709e-01 1.685440e-01 9.767112e-01 -7.147792e+01 2.446359e-02 9.845780e-01 -1.732271e-01 1.638026e+01 -9.908448e-01 4.689337e-02 1.266001e-01 2.320216e+02
1.315170e-01 1.680463e-01 9.769666e-01 -7.063440e+01 2.491902e-02 9.846551e-01 -1.727233e-01 1.622478e+01 -9.910007e-01 4.706109e-02 1.253113e-01 2.321285e+02
1.314274e-01 1.660699e-01 9.773166e-01 -6.979101e+01 2.585382e-02 9.849586e-01 -1.708452e-01 1.607153e+01 -9.909886e-01 4.772110e-02 1.251570e-01 2.322336e+02
1.323391e-01 1.628657e-01 9.777327e-01 -6.892823e+01 2.647282e-02 9.854760e-01 -1.677387e-01 1.591051e+01 -9.908509e-01 4.808173e-02 1.261055e-01 2.323520e+02
1.349343e-01 1.608877e-01 9.777054e-01 -6.806334e+01 2.793254e-02 9.857197e-01 -1.660615e-01 1.574925e+01 -9.904608e-01 4.971719e-02 1.285134e-01 2.324674e+02
1.388952e-01 1.589546e-01 9.774669e-01 -6.721266e+01 3.189985e-02 9.858038e-01 -1.648432e-01 1.560092e+01 -9.897932e-01 5.407698e-02 1.318528e-01 2.325737e+02
1.425592e-01 1.586846e-01 9.769832e-01 -6.635203e+01 3.284602e-02 9.857627e-01 -1.649034e-01 1.544715e+01 -9.892411e-01 5.559850e-02 1.353173e-01 2.326934e+02
1.459864e-01 1.596238e-01 9.763238e-01 -6.548372e+01 3.340226e-02 9.855388e-01 -1.661249e-01 1.528856e+01 -9.887225e-01 5.686341e-02 1.385435e-01 2.328210e+02
1.450307e-01 1.630444e-01 9.759009e-01 -6.462386e+01 2.963416e-02 9.851709e-01 -1.689971e-01 1.512777e+01 -9.889833e-01 5.342978e-02 1.380484e-01 2.329540e+02
1.475921e-01 1.652455e-01 9.751464e-01 -6.376223e+01 2.890813e-02 9.848022e-01 -1.712571e-01 1.496810e+01 -9.886258e-01 5.346585e-02 1.405721e-01 2.330885e+02
1.490809e-01 1.657327e-01 9.748372e-01 -6.289965e+01 2.743612e-02 9.847813e-01 -1.716191e-01 1.480421e+01 -9.884443e-01 5.233089e-02 1.422650e-01 2.332225e+02
1.499022e-01 1.670641e-01 9.744839e-01 -6.206303e+01 2.409401e-02 9.847106e-01 -1.725237e-01 1.463795e+01 -9.884072e-01 4.934092e-02 1.435851e-01 2.333476e+02
1.506486e-01 1.671747e-01 9.743499e-01 -6.125602e+01 2.243647e-02 9.847661e-01 -1.724309e-01 1.448408e+01 -9.883327e-01 4.783743e-02 1.446028e-01 2.334736e+02
1.516706e-01 1.639621e-01 9.747371e-01 -6.048880e+01 1.879039e-02 9.854892e-01 -1.686946e-01 1.433099e+01 -9.882525e-01 4.390170e-02 1.463888e-01 2.335833e+02
1.530752e-01 1.560438e-01 9.758168e-01 -5.963493e+01 1.593126e-02 9.869364e-01 -1.603210e-01 1.417589e+01 -9.880861e-01 4.008717e-02 1.485895e-01 2.337222e+02
1.551102e-01 1.511018e-01 9.762731e-01 -5.877868e+01 2.047509e-02 9.875295e-01 -1.560971e-01 1.401903e+01 -9.876850e-01 4.420152e-02 1.500821e-01 2.338566e+02
1.574101e-01 1.548596e-01 9.753156e-01 -5.793141e+01 2.064067e-02 9.868964e-01 -1.600297e-01 1.387210e+01 -9.873176e-01 4.532146e-02 1.521511e-01 2.339925e+02
1.575696e-01 1.655057e-01 9.735398e-01 -5.710567e+01 1.696556e-02 9.852560e-01 -1.702434e-01 1.372276e+01 -9.873621e-01 4.334184e-02 1.524385e-01 2.341324e+02
1.542937e-01 1.745540e-01 9.724836e-01 -5.627923e+01 1.576028e-02 9.837102e-01 -1.790696e-01 1.356595e+01 -9.878993e-01 4.295593e-02 1.490292e-01 2.342658e+02
1.556048e-01 1.744368e-01 9.722957e-01 -5.544172e+01 1.936171e-02 9.835572e-01 -1.795558e-01 1.340657e+01 -9.876296e-01 4.676506e-02 1.496688e-01 2.343964e+02
1.553228e-01 1.675608e-01 9.735493e-01 -5.465786e+01 2.031348e-02 9.847595e-01 -1.727311e-01 1.324485e+01 -9.876549e-01 4.660526e-02 1.495519e-01 2.345041e+02
1.539901e-01 1.593072e-01 9.751452e-01 -5.384605e+01 1.745266e-02 9.863243e-01 -1.638895e-01 1.308416e+01 -9.879182e-01 4.225625e-02 1.491039e-01 2.346310e+02
1.536396e-01 1.568745e-01 9.755948e-01 -5.302097e+01 1.790814e-02 9.867131e-01 -1.614826e-01 1.292908e+01 -9.879647e-01 4.228121e-02 1.487889e-01 2.347597e+02
1.538610e-01 1.609340e-01 9.748985e-01 -5.223330e+01 1.880822e-02 9.859912e-01 -1.657335e-01 1.277919e+01 -9.879135e-01 4.383603e-02 1.486787e-01 2.348711e+02
1.546286e-01 1.648033e-01 9.741303e-01 -5.145541e+01 2.062055e-02 9.852360e-01 -1.699554e-01 1.263307e+01 -9.877574e-01 4.636708e-02 1.489474e-01 2.349872e+02
1.556967e-01 1.644734e-01 9.740159e-01 -5.065637e+01 2.240319e-02 9.851992e-01 -1.699429e-01 1.248028e+01 -9.875508e-01 4.828062e-02 1.497075e-01 2.351107e+02
1.569308e-01 1.613485e-01 9.743405e-01 -4.986897e+01 2.137774e-02 9.857783e-01 -1.666857e-01 1.233023e+01 -9.873782e-01 4.698732e-02 1.512497e-01 2.352332e+02
1.574908e-01 1.597986e-01 9.745056e-01 -4.907983e+01 1.922915e-02 9.861373e-01 -1.648136e-01 1.217349e+01 -9.873332e-01 4.469553e-02 1.522347e-01 2.353671e+02
1.530997e-01 1.615002e-01 9.749247e-01 -4.830926e+01 1.750029e-02 9.859577e-01 -1.660760e-01 1.203039e+01 -9.880558e-01 4.248765e-02 1.481235e-01 2.354906e+02
1.544359e-01 1.644786e-01 9.742157e-01 -4.754046e+01 1.607036e-02 9.854969e-01 -1.689308e-01 1.188076e+01 -9.878721e-01 4.174498e-02 1.495529e-01 2.355995e+02
1.550279e-01 1.665187e-01 9.737751e-01 -4.674931e+01 1.588035e-02 9.851446e-01 -1.709911e-01 1.172546e+01 -9.877824e-01 4.197228e-02 1.500806e-01 2.357358e+02
1.559561e-01 1.664169e-01 9.736442e-01 -4.596869e+01 1.572213e-02 9.851622e-01 -1.709040e-01 1.157704e+01 -9.876389e-01 4.196128e-02 1.510257e-01 2.358654e+02
1.570528e-01 1.648429e-01 9.737357e-01 -4.521406e+01 1.631846e-02 9.854036e-01 -1.694502e-01 1.143446e+01 -9.874554e-01 4.250249e-02 1.520704e-01 2.359781e+02
1.582659e-01 1.628878e-01 9.738683e-01 -4.444187e+01 1.538786e-02 9.857724e-01 -1.673796e-01 1.128404e+01 -9.872766e-01 4.147624e-02 1.535077e-01 2.361009e+02
1.593498e-01 1.621521e-01 9.738143e-01 -4.367357e+01 1.490931e-02 9.859108e-01 -1.666060e-01 1.113750e+01 -9.871096e-01 4.106752e-02 1.546871e-01 2.362307e+02
1.604258e-01 1.618383e-01 9.736898e-01 -4.291958e+01 1.386859e-02 9.859997e-01 -1.661693e-01 1.099105e+01 -9.869505e-01 4.016156e-02 1.559353e-01 2.363513e+02
1.612474e-01 1.623658e-01 9.734663e-01 -4.217122e+01 1.261271e-02 9.859544e-01 -1.665380e-01 1.085012e+01 -9.868334e-01 3.913187e-02 1.569347e-01 2.364822e+02
1.615663e-01 1.625610e-01 9.733808e-01 -4.144081e+01 1.007453e-02 9.860164e-01 -1.663434e-01 1.071006e+01 -9.868104e-01 3.668184e-02 1.576693e-01 2.366106e+02
1.565436e-01 1.633381e-01 9.740712e-01 -4.073284e+01 5.481636e-03 9.860716e-01 -1.662313e-01 1.057481e+01 -9.876558e-01 3.136196e-02 1.534679e-01 2.367284e+02
1.568358e-01 1.645576e-01 9.738189e-01 -4.003745e+01 1.451090e-03 9.859818e-01 -1.668466e-01 1.043977e+01 -9.876236e-01 2.758061e-02 1.543984e-01 2.368523e+02
1.571142e-01 1.660072e-01 9.735280e-01 -3.934953e+01 -1.401597e-03 9.858073e-01 -1.678749e-01 1.031248e+01 -9.875794e-01 2.501104e-02 1.551170e-01 2.369712e+02
1.565927e-01 1.677404e-01 9.733149e-01 -3.867440e+01 -4.968868e-03 9.855937e-01 -1.690571e-01 1.018191e+01 -9.876508e-01 2.163683e-02 1.551702e-01 2.370841e+02
1.556376e-01 1.690366e-01 9.732438e-01 -3.799743e+01 -7.957034e-03 9.854324e-01 -1.698811e-01 1.004804e+01 -9.877822e-01 1.869576e-02 1.547154e-01 2.371982e+02
1.545594e-01 1.697225e-01 9.732963e-01 -3.731892e+01 -1.002811e-02 9.853529e-01 -1.702324e-01 9.916491e+00 -9.879326e-01 1.655070e-02 1.539975e-01 2.373159e+02
1.532100e-01 1.703590e-01 9.733984e-01 -3.664235e+01 -1.359857e-02 9.852982e-01 -1.703012e-01 9.790532e+00 -9.881001e-01 1.285502e-02 1.532741e-01 2.374354e+02
1.525834e-01 1.689129e-01 9.737488e-01 -3.601047e+01 -1.360259e-02 9.855515e-01 -1.688288e-01 9.677285e+00 -9.881970e-01 1.251497e-02 1.526765e-01 2.375188e+02
1.515511e-01 1.667452e-01 9.742835e-01 -3.535128e+01 -1.316821e-02 9.859216e-01 -1.666887e-01 9.550139e+00 -9.883617e-01 1.243229e-02 1.516132e-01 2.376230e+02
1.505433e-01 1.647382e-01 9.747810e-01 -3.472526e+01 -1.057150e-02 9.862301e-01 -1.650404e-01 9.431769e+00 -9.885469e-01 1.454084e-02 1.502119e-01 2.377136e+02
1.429067e-01 1.649415e-01 9.758955e-01 -3.406535e+01 -1.085553e-02 9.862177e-01 -1.650964e-01 9.305667e+00 -9.896766e-01 1.299953e-02 1.427277e-01 2.378251e+02
1.409728e-01 1.663047e-01 9.759454e-01 -3.346763e+01 -1.075235e-02 9.859891e-01 -1.664630e-01 9.193311e+00 -9.899551e-01 1.297306e-02 1.407859e-01 2.378962e+02
1.388942e-01 1.688996e-01 9.757978e-01 -3.281788e+01 -1.009805e-02 9.855389e-01 -1.691483e-01 9.080230e+00 -9.902557e-01 1.364007e-02 1.385912e-01 2.380088e+02
1.361563e-01 1.709095e-01 9.758337e-01 -3.221463e+01 -1.012286e-02 9.851953e-01 -1.711367e-01 8.963416e+00 -9.906356e-01 1.342312e-02 1.358707e-01 2.381017e+02
1.329559e-01 1.715673e-01 9.761595e-01 -3.161636e+01 -9.486443e-03 9.850787e-01 -1.718428e-01 8.852108e+00 -9.910766e-01 1.358724e-02 1.325996e-01 2.381934e+02
1.288285e-01 1.709852e-01 9.768149e-01 -3.104822e+01 -1.011924e-02 9.851985e-01 -1.711182e-01 8.743027e+00 -9.916153e-01 1.216028e-02 1.286519e-01 2.382740e+02
1.240971e-01 1.701242e-01 9.775774e-01 -3.050136e+01 -9.631143e-03 9.853530e-01 -1.702548e-01 8.631723e+00 -9.922233e-01 1.171293e-02 1.239179e-01 2.383439e+02
1.186527e-01 1.680628e-01 9.786095e-01 -2.998454e+01 -1.047584e-02 9.857287e-01 -1.680152e-01 8.528797e+00 -9.928806e-01 9.683694e-03 1.187199e-01 2.384070e+02
1.122202e-01 1.665976e-01 9.796182e-01 -2.947187e+01 -1.038975e-02 9.859883e-01 -1.664907e-01 8.430514e+00 -9.936290e-01 8.505639e-03 1.123787e-01 2.384710e+02
1.052985e-01 1.669942e-01 9.803189e-01 -2.899091e+01 -9.185179e-03 9.859206e-01 -1.669618e-01 8.341101e+00 -9.943982e-01 8.576423e-03 1.053498e-01 2.385171e+02
9.263637e-02 1.673192e-01 9.815410e-01 -2.852679e+01 -9.748182e-03 9.858850e-01 -1.671397e-01 8.245704e+00 -9.956523e-01 5.914972e-03 9.295987e-02 2.385585e+02
8.486115e-02 1.670389e-01 9.822915e-01 -2.806771e+01 -6.682917e-03 9.859209e-01 -1.670787e-01 8.162716e+00 -9.963704e-01 7.613922e-03 8.478269e-02 2.385922e+02
7.618639e-02 1.664219e-01 9.831070e-01 -2.762490e+01 -4.239988e-03 9.860178e-01 -1.665861e-01 8.081112e+00 -9.970846e-01 8.523229e-03 7.582676e-02 2.386220e+02
6.718766e-02 1.666149e-01 9.837303e-01 -2.719826e+01 -1.732604e-03 9.859762e-01 -1.668770e-01 8.005318e+00 -9.977389e-01 9.507659e-03 6.653412e-02 2.386410e+02
5.813455e-02 1.671702e-01 9.842126e-01 -2.678253e+01 -1.234989e-04 9.858812e-01 -1.674464e-01 7.927179e+00 -9.983087e-01 9.612869e-03 5.733440e-02 2.386595e+02
4.875044e-02 1.667069e-01 9.848006e-01 -2.639085e+01 2.082885e-03 9.859538e-01 -1.670052e-01 7.856142e+00 -9.988088e-01 1.019280e-02 4.771845e-02 2.386719e+02
3.874171e-02 1.656040e-01 9.854311e-01 -2.602046e+01 3.429455e-03 9.861436e-01 -1.658586e-01 7.787227e+00 -9.992434e-01 9.805137e-03 3.763695e-02 2.386788e+02
2.865627e-02 1.641029e-01 9.860269e-01 -2.566449e+01 4.681245e-03 9.863992e-01 -1.643009e-01 7.720827e+00 -9.995784e-01 9.324084e-03 2.749832e-02 2.386755e+02
1.795180e-02 1.623526e-01 9.865695e-01 -2.532659e+01 7.744824e-03 9.866763e-01 -1.625112e-01 7.657382e+00 -9.998089e-01 1.055817e-02 1.645522e-02 2.386730e+02
7.396962e-03 1.633686e-01 9.865374e-01 -2.500380e+01 1.412990e-02 9.864488e-01 -1.634599e-01 7.597605e+00 -9.998728e-01 1.514879e-02 4.988341e-03 2.386588e+02
-7.913836e-03 1.647359e-01 9.863060e-01 -2.469651e+01 2.072544e-02 9.861520e-01 -1.645439e-01 7.537501e+00 -9.997539e-01 1.913945e-02 -1.121847e-02 2.386403e+02
-1.905342e-02 1.643558e-01 9.862171e-01 -2.440155e+01 2.804253e-02 9.860959e-01 -1.637939e-01 7.480814e+00 -9.994251e-01 2.453518e-02 -2.339746e-02 2.386179e+02
-3.049472e-02 1.620287e-01 9.863147e-01 -2.412538e+01 3.151662e-02 9.864389e-01 -1.610747e-01 7.430955e+00 -9.990379e-01 2.617338e-02 -3.518777e-02 2.385893e+02
-4.296237e-02 1.600352e-01 9.861759e-01 -2.386001e+01 3.291633e-02 9.867782e-01 -1.586990e-01 7.381894e+00 -9.985343e-01 2.564321e-02 -4.766210e-02 2.385669e+02
-5.641119e-02 1.591077e-01 9.856483e-01 -2.363445e+01 3.150900e-02 9.870123e-01 -1.575246e-01 7.334971e+00 -9.979103e-01 2.217064e-02 -6.069186e-02 2.385436e+02
-6.993976e-02 1.582822e-01 9.849138e-01 -2.341458e+01 3.157282e-02 9.871881e-01 -1.564057e-01 7.296399e+00 -9.970514e-01 2.015752e-02 -7.404112e-02 2.385189e+02
-8.290109e-02 1.582770e-01 9.839084e-01 -2.322383e+01 3.340812e-02 9.871934e-01 -1.559905e-01 7.267755e+00 -9.959976e-01 1.993875e-02 -8.712715e-02 2.384817e+02
-9.572937e-02 1.600769e-01 9.824517e-01 -2.305048e+01 3.670632e-02 9.868809e-01 -1.572219e-01 7.231236e+00 -9.947304e-01 2.101143e-02 -1.003493e-01 2.384521e+02
-1.093262e-01 1.639183e-01 9.803971e-01 -2.288788e+01 3.975947e-02 9.862410e-01 -1.604617e-01 7.198030e+00 -9.932104e-01 2.143739e-02 -1.143393e-01 2.384209e+02
-1.217212e-01 1.669710e-01 9.784195e-01 -2.271303e+01 4.377463e-02 9.856931e-01 -1.627664e-01 7.168292e+00 -9.915986e-01 2.301783e-02 -1.272888e-01 2.383822e+02
-1.387798e-01 1.667524e-01 9.761833e-01 -2.254275e+01 4.883667e-02 9.856749e-01 -1.614309e-01 7.131068e+00 -9.891184e-01 2.527020e-02 -1.449354e-01 2.383401e+02
-1.526760e-01 1.655017e-01 9.743199e-01 -2.238061e+01 5.421274e-02 9.857961e-01 -1.589560e-01 7.103427e+00 -9.867882e-01 2.855178e-02 -1.594797e-01 2.382909e+02
-1.668108e-01 1.654377e-01 9.720106e-01 -2.222281e+01 5.810472e-02 9.857591e-01 -1.578061e-01 7.070216e+00 -9.842754e-01 3.015465e-02 -1.740480e-01 2.382440e+02
-1.806052e-01 1.662846e-01 9.693974e-01 -2.206352e+01 6.029552e-02 9.856230e-01 -1.578344e-01 7.043879e+00 -9.817058e-01 2.994462e-02 -1.880348e-01 2.382030e+02
-1.958060e-01 1.673612e-01 9.662558e-01 -2.191071e+01 6.187902e-02 9.854742e-01 -1.581505e-01 7.013965e+00 -9.786884e-01 2.882415e-02 -2.033179e-01 2.381598e+02
-2.112265e-01 1.683062e-01 9.628377e-01 -2.175868e+01 6.333309e-02 9.853502e-01 -1.583474e-01 6.981875e+00 -9.753831e-01 2.753230e-02 -2.187914e-01 2.381031e+02
-2.268290e-01 1.694397e-01 9.590823e-01 -2.160176e+01 6.450097e-02 9.852017e-01 -1.587993e-01 6.947939e+00 -9.717964e-01 2.584145e-02 -2.344014e-01 2.380450e+02
-2.445951e-01 1.727242e-01 9.541172e-01 -2.144380e+01 6.534401e-02 9.847054e-01 -1.615101e-01 6.920917e+00 -9.674210e-01 2.284126e-02 -2.521406e-01 2.379946e+02
-2.644236e-01 1.771962e-01 9.479882e-01 -2.127512e+01 6.763150e-02 9.839627e-01 -1.650559e-01 6.892566e+00 -9.620323e-01 2.046919e-02 -2.721670e-01 2.379313e+02
-2.865198e-01 1.803871e-01 9.409394e-01 -2.108283e+01 7.115990e-02 9.834093e-01 -1.668605e-01 6.860204e+00 -9.554280e-01 1.914832e-02 -2.946026e-01 2.378632e+02
-3.163395e-01 1.816643e-01 9.310894e-01 -2.087375e+01 7.357551e-02 9.832348e-01 -1.668409e-01 6.825793e+00 -9.457885e-01 1.572701e-02 -3.244020e-01 2.377700e+02
-3.449999e-01 1.821134e-01 9.207658e-01 -2.066147e+01 7.989143e-02 9.831339e-01 -1.645145e-01 6.779040e+00 -9.351965e-01 1.680380e-02 -3.537304e-01 2.376715e+02
-3.781197e-01 1.826262e-01 9.075644e-01 -2.042947e+01 8.582327e-02 9.830420e-01 -1.620577e-01 6.735667e+00 -9.217700e-01 1.661294e-02 -3.873811e-01 2.375477e+02
-4.139326e-01 1.832899e-01 8.916640e-01 -2.019040e+01 9.120414e-02 9.829412e-01 -1.597135e-01 6.701479e+00 -9.057271e-01 1.521281e-02 -4.235882e-01 2.374198e+02
-4.499914e-01 1.831429e-01 8.740518e-01 -1.994155e+01 9.731850e-02 9.829730e-01 -1.558626e-01 6.652326e+00 -8.877144e-01 1.492457e-02 -4.601526e-01 2.372621e+02
-4.877547e-01 1.841984e-01 8.533266e-01 -1.967898e+01 1.027544e-01 9.828050e-01 -1.534140e-01 6.616942e+00 -8.669123e-01 1.285468e-02 -4.982949e-01 2.370815e+02
-5.281965e-01 1.844458e-01 8.288475e-01 -1.940278e+01 1.065573e-01 9.828045e-01 -1.508010e-01 6.571998e+00 -8.424096e-01 8.667203e-03 -5.387679e-01 2.368841e+02
-5.695683e-01 1.827869e-01 8.013619e-01 -1.912859e+01 1.088578e-01 9.831461e-01 -1.468803e-01 6.523805e+00 -8.147036e-01 3.576086e-03 -5.798666e-01 2.366612e+02
-6.106529e-01 1.804348e-01 7.710683e-01 -1.884327e+01 1.114695e-01 9.835867e-01 -1.418864e-01 6.472411e+00 -7.840138e-01 -6.926967e-04 -6.207430e-01 2.364033e+02
-6.503853e-01 1.806661e-01 7.378067e-01 -1.857981e+01 1.177756e-01 9.835420e-01 -1.370185e-01 6.428783e+00 -7.504185e-01 -2.219212e-03 -6.609593e-01 2.361206e+02
-6.932352e-01 1.831884e-01 6.970416e-01 -1.832539e+01 1.256288e-01 9.830655e-01 -1.334152e-01 6.395860e+00 -7.096777e-01 -4.919602e-03 -7.045094e-01 2.358120e+02
-7.308618e-01 1.868084e-01 6.564630e-01 -1.813211e+01 1.354444e-01 9.823827e-01 -1.287600e-01 6.390021e+00 -6.689513e-01 -5.191531e-03 -7.432881e-01 2.355394e+02
-7.676862e-01 1.908336e-01 6.117519e-01 -1.789209e+01 1.449186e-01 9.815988e-01 -1.243479e-01 6.349066e+00 -6.242247e-01 -6.805894e-03 -7.812152e-01 2.351742e+02
-8.035047e-01 1.922476e-01 5.634014e-01 -1.766775e+01 1.513634e-01 9.812922e-01 -1.189736e-01 6.307306e+00 -5.757338e-01 -1.031749e-02 -8.175721e-01 2.347969e+02
-8.367649e-01 1.919809e-01 5.128039e-01 -1.744875e+01 1.565293e-01 9.813070e-01 -1.119609e-01 6.272042e+00 -5.247124e-01 -1.341605e-02 -8.511738e-01 2.343714e+02
-8.657633e-01 1.917894e-01 4.622453e-01 -1.726324e+01 1.624679e-01 9.813368e-01 -1.028703e-01 6.229629e+00 -4.733477e-01 -1.396129e-02 -8.807650e-01 2.339030e+02
-8.903466e-01 1.936938e-01 4.120262e-01 -1.710520e+01 1.699241e-01 9.809671e-01 -9.396483e-02 6.200372e+00 -4.223846e-01 -1.364810e-02 -9.063140e-01 2.334680e+02
-9.098703e-01 1.992131e-01 3.639370e-01 -1.695350e+01 1.804949e-01 9.798856e-01 -8.512220e-02 6.175026e+00 -3.735740e-01 -1.176139e-02 -9.275258e-01 2.329685e+02
-9.267200e-01 2.003303e-01 3.178959e-01 -1.681235e+01 1.859148e-01 9.796693e-01 -7.539099e-02 6.145567e+00 -3.265359e-01 -1.076480e-02 -9.451235e-01 2.324586e+02
-9.404880e-01 1.997253e-01 2.749401e-01 -1.669653e+01 1.891798e-01 9.798126e-01 -6.463960e-02 6.116086e+00 -2.822999e-01 -8.779650e-03 -9.592860e-01 2.318921e+02
-9.529848e-01 1.968035e-01 2.304092e-01 -1.657455e+01 1.891751e-01 9.804035e-01 -5.497095e-02 6.083486e+00 -2.367125e-01 -8.798784e-03 -9.715399e-01 2.313279e+02
-9.603726e-01 1.966217e-01 1.975457e-01 -1.647350e+01 1.911941e-01 9.804561e-01 -4.637607e-02 6.047999e+00 -2.028034e-01 -6.768743e-03 -9.791961e-01 2.307387e+02
-9.654976e-01 1.972450e-01 1.700258e-01 -1.637666e+01 1.933748e-01 9.803416e-01 -3.919768e-02 6.014822e+00 -1.744149e-01 -4.966573e-03 -9.846597e-01 2.301392e+02
-9.691131e-01 1.976003e-01 1.475596e-01 -1.630511e+01 1.943996e-01 9.802633e-01 -3.595252e-02 6.011551e+00 -1.517515e-01 -6.156537e-03 -9.883995e-01 2.294736e+02
-9.716714e-01 1.980134e-01 1.290169e-01 -1.622298e+01 1.954069e-01 9.801774e-01 -3.268567e-02 5.984816e+00 -1.329317e-01 -6.548936e-03 -9.911036e-01 2.288084e+02
-9.740684e-01 1.968323e-01 1.115701e-01 -1.614581e+01 1.947994e-01 9.804159e-01 -2.894626e-02 5.965008e+00 -1.150827e-01 -6.461843e-03 -9.933349e-01 2.281190e+02
-9.761665e-01 1.949252e-01 9.541031e-02 -1.608168e+01 1.933931e-01 9.807992e-01 -2.513928e-02 5.936607e+00 -9.847863e-02 -6.088428e-03 -9.951205e-01 2.274364e+02
-9.773496e-01 1.953070e-01 8.150473e-02 -1.601674e+01 1.941956e-01 9.807288e-01 -2.142528e-02 5.920723e+00 -8.411855e-02 -5.112127e-03 -9.964426e-01 2.267310e+02
-9.774123e-01 1.989529e-01 7.129447e-02 -1.596272e+01 1.981962e-01 9.800042e-01 -1.760709e-02 5.896928e+00 -7.337186e-02 -3.079100e-03 -9.972999e-01 2.259680e+02
-9.774603e-01 2.011905e-01 6.398247e-02 -1.591534e+01 2.006346e-01 9.795503e-01 -1.506530e-02 5.882697e+00 -6.570505e-02 -1.888638e-03 -9.978373e-01 2.251945e+02
-9.777625e-01 2.032865e-01 5.152798e-02 -1.586514e+01 2.028253e-01 9.791137e-01 -1.408133e-02 5.861335e+00 -5.331430e-02 -3.317011e-03 -9.985723e-01 2.244028e+02
-9.779303e-01 2.033691e-01 4.788923e-02 -1.583938e+01 2.029695e-01 9.790972e-01 -1.311568e-02 5.842022e+00 -4.955553e-02 -3.106167e-03 -9.987665e-01 2.235779e+02
-9.778416e-01 2.042812e-01 4.577018e-02 -1.578917e+01 2.039449e-01 9.789094e-01 -1.195086e-02 5.817750e+00 -4.724620e-02 -2.351455e-03 -9.988805e-01 2.227804e+02
-9.776163e-01 2.056113e-01 4.461290e-02 -1.575827e+01 2.053073e-01 9.786318e-01 -1.134172e-02 5.801665e+00 -4.599159e-02 -1.928501e-03 -9.989400e-01 2.219216e+02
-9.773329e-01 2.070187e-01 4.431376e-02 -1.571997e+01 2.067163e-01 9.783351e-01 -1.135071e-02 5.792641e+00 -4.570351e-02 -1.933042e-03 -9.989532e-01 2.210532e+02
-9.773098e-01 2.070067e-01 4.487536e-02 -1.567997e+01 2.067080e-01 9.783380e-01 -1.124650e-02 5.778940e+00 -4.623138e-02 -1.715219e-03 -9.989293e-01 2.201714e+02
-9.771742e-01 2.074101e-01 4.595331e-02 -1.563453e+01 2.070555e-01 9.782506e-01 -1.239909e-02 5.769367e+00 -4.752555e-02 -2.601182e-03 -9.988666e-01 2.192634e+02
-9.770127e-01 2.078816e-01 4.723875e-02 -1.559219e+01 2.074667e-01 9.781479e-01 -1.357695e-02 5.751035e+00 -4.902888e-02 -3.464387e-03 -9.987914e-01 2.183378e+02
-9.765954e-01 2.095925e-01 4.829541e-02 -1.555382e+01 2.090782e-01 9.777757e-01 -1.552052e-02 5.741821e+00 -5.047507e-02 -5.059752e-03 -9.987125e-01 2.174090e+02
-9.764246e-01 2.102674e-01 4.881291e-02 -1.548527e+01 2.096231e-01 9.776162e-01 -1.801991e-02 5.719340e+00 -5.150929e-02 -7.362771e-03 -9.986454e-01 2.164780e+02
-9.763857e-01 2.115747e-01 4.366994e-02 -1.544229e+01 2.108261e-01 9.772949e-01 -2.114259e-02 5.708550e+00 -4.715165e-02 -1.143656e-02 -9.988223e-01 2.154979e+02
-9.760766e-01 2.124225e-01 4.638093e-02 -1.540494e+01 2.116067e-01 9.771095e-01 -2.189845e-02 5.697444e+00 -4.997098e-02 -1.156005e-02 -9.986838e-01 2.144834e+02
-9.757868e-01 2.129990e-01 4.971505e-02 -1.535551e+01 2.121136e-01 9.769856e-01 -2.251477e-02 5.670398e+00 -5.336651e-02 -1.142438e-02 -9.985096e-01 2.134711e+02
-9.762599e-01 2.098828e-01 5.353423e-02 -1.530126e+01 2.088402e-01 9.776443e-01 -2.444024e-02 5.649310e+00 -5.746702e-02 -1.267993e-02 -9.982669e-01 2.124290e+02
-9.764450e-01 2.080353e-01 5.724079e-02 -1.523440e+01 2.068096e-01 9.780188e-01 -2.662790e-02 5.618409e+00 -6.152211e-02 -1.416274e-02 -9.980052e-01 2.114029e+02
-9.768830e-01 2.049224e-01 6.088006e-02 -1.515971e+01 2.037048e-01 9.786965e-01 -2.564273e-02 5.582081e+00 -6.483787e-02 -1.264839e-02 -9.978156e-01 2.103540e+02
-9.772179e-01 2.022581e-01 6.431909e-02 -1.508148e+01 2.009919e-01 9.792570e-01 -2.564940e-02 5.548347e+00 -6.817273e-02 -1.213744e-02 -9.975997e-01 2.093160e+02
-9.770973e-01 2.018292e-01 6.742298e-02 -1.501092e+01 2.004440e-01 9.793389e-01 -2.678522e-02 5.507558e+00 -7.143599e-02 -1.265724e-02 -9.973649e-01 2.082578e+02
-9.767674e-01 2.025527e-01 6.998526e-02 -1.493241e+01 2.010781e-01 9.791868e-01 -2.758352e-02 5.466127e+00 -7.411576e-02 -1.287018e-02 -9.971666e-01 2.071630e+02
-9.764023e-01 2.032772e-01 7.291754e-02 -1.485753e+01 2.018178e-01 9.790527e-01 -2.693165e-02 5.432328e+00 -7.686471e-02 -1.158007e-02 -9.969743e-01 2.060496e+02
-9.767434e-01 2.025838e-01 7.022880e-02 -1.479093e+01 2.011608e-01 9.791902e-01 -2.684931e-02 5.419610e+00 -7.420659e-02 -1.209760e-02 -9.971695e-01 2.049201e+02
-9.762947e-01 2.037446e-01 7.305287e-02 -1.472173e+01 2.022205e-01 9.789464e-01 -2.776289e-02 5.380394e+00 -7.717138e-02 -1.233198e-02 -9.969416e-01 2.037773e+02
-9.763124e-01 2.027971e-01 7.541528e-02 -1.464764e+01 2.011194e-01 9.791287e-01 -2.929263e-02 5.348156e+00 -7.978172e-02 -1.343128e-02 -9.967219e-01 2.026561e+02
-9.766328e-01 2.005229e-01 7.732353e-02 -1.454788e+01 1.988273e-01 9.796019e-01 -2.911632e-02 5.301420e+00 -8.158477e-02 -1.306193e-02 -9.965808e-01 2.015559e+02
-9.766770e-01 1.995142e-01 7.934859e-02 -1.446836e+01 1.977563e-01 9.798070e-01 -2.950756e-02 5.259826e+00 -8.363348e-02 -1.312767e-02 -9.964101e-01 2.004184e+02
-9.768761e-01 1.982155e-01 8.014780e-02 -1.437928e+01 1.963733e-01 9.800601e-01 -3.032817e-02 5.228943e+00 -8.456117e-02 -1.388798e-02 -9.963215e-01 1.992572e+02
-9.770279e-01 1.970146e-01 8.125091e-02 -1.429150e+01 1.951729e-01 9.803069e-01 -3.009801e-02 5.191100e+00 -8.558058e-02 -1.354863e-02 -9.962391e-01 1.981121e+02
-9.769203e-01 1.972745e-01 8.191142e-02 -1.419707e+01 1.953894e-01 9.802512e-01 -3.050569e-02 5.148303e+00 -8.631177e-02 -1.379700e-02 -9.961726e-01 1.969781e+02
-9.769863e-01 1.965722e-01 8.280728e-02 -1.410482e+01 1.946293e-01 9.803870e-01 -3.099559e-02 5.111618e+00 -8.727605e-02 -1.416554e-02 -9.960834e-01 1.958309e+02
-9.770705e-01 1.958415e-01 8.354290e-02 -1.402307e+01 1.938823e-01 9.805339e-01 -3.103205e-02 5.082025e+00 -8.799401e-02 -1.412301e-02 -9.960209e-01 1.946322e+02
-9.778781e-01 1.934698e-01 7.952209e-02 -1.392860e+01 1.916189e-01 9.809999e-01 -3.035608e-02 5.044845e+00 -8.388414e-02 -1.444662e-02 -9.963708e-01 1.934729e+02
-9.780420e-01 1.926608e-01 7.947165e-02 -1.383718e+01 1.908285e-01 9.811614e-01 -3.011239e-02 4.996763e+00 -8.377599e-02 -1.428573e-02 -9.963822e-01 1.923287e+02
-9.785455e-01 1.902441e-01 7.909449e-02 -1.374356e+01 1.884361e-01 9.816333e-01 -2.979653e-02 4.961574e+00 -8.331040e-02 -1.425301e-02 -9.964217e-01 1.911654e+02
-9.794603e-01 1.861629e-01 7.746566e-02 -1.361900e+01 1.843620e-01 9.824051e-01 -2.984660e-02 4.933798e+00 -8.165899e-02 -1.495183e-02 -9.965482e-01 1.900064e+02
-9.796348e-01 1.857966e-01 7.612675e-02 -1.353879e+01 1.839680e-01 9.824611e-01 -3.042975e-02 4.869340e+00 -8.044532e-02 -1.580516e-02 -9.966337e-01 1.888356e+02
-9.799370e-01 1.847234e-01 7.483773e-02 -1.346202e+01 1.828205e-01 9.826388e-01 -3.158617e-02 4.824179e+00 -7.937316e-02 -1.727058e-02 -9.966954e-01 1.876452e+02
-9.801079e-01 1.843203e-01 7.358366e-02 -1.336793e+01 1.825362e-01 9.827310e-01 -3.033554e-02 4.768873e+00 -7.790440e-02 -1.630042e-02 -9.968276e-01 1.864773e+02
-9.801169e-01 1.847277e-01 7.243270e-02 -1.328037e+01 1.831729e-01 9.826930e-01 -2.760763e-02 4.726080e+00 -7.627900e-02 -1.379100e-02 -9.969911e-01 1.852881e+02
-9.802674e-01 1.840471e-01 7.212893e-02 -1.320679e+01 1.827247e-01 9.828568e-01 -2.457890e-02 4.700281e+00 -7.541609e-02 -1.091416e-02 -9.970924e-01 1.840611e+02
-9.805337e-01 1.830121e-01 7.113574e-02 -1.314029e+01 1.818135e-01 9.830633e-01 -2.302928e-02 4.674631e+00 -7.414557e-02 -9.647544e-03 -9.972008e-01 1.827959e+02
-9.808990e-01 1.831706e-01 6.546575e-02 -1.304071e+01 1.820970e-01 9.830331e-01 -2.205786e-02 4.632938e+00 -6.839536e-02 -9.715419e-03 -9.976110e-01 1.815996e+02
-9.810913e-01 1.827677e-01 6.368512e-02 -1.296162e+01 1.816209e-01 9.830901e-01 -2.340339e-02 4.594661e+00 -6.688560e-02 -1.139432e-02 -9.976956e-01 1.803807e+02
-9.809378e-01 1.841372e-01 6.208458e-02 -1.289378e+01 1.829150e-01 9.828140e-01 -2.487540e-02 4.555148e+00 -6.559808e-02 -1.304502e-02 -9.977609e-01 1.791347e+02
-9.806203e-01 1.863719e-01 6.040985e-02 -1.281250e+01 1.851315e-01 9.823811e-01 -2.556734e-02 4.504965e+00 -6.411053e-02 -1.388809e-02 -9.978462e-01 1.779181e+02
-9.803062e-01 1.885100e-01 5.885298e-02 -1.274846e+01 1.872305e-01 9.819559e-01 -2.659719e-02 4.465106e+00 -6.280486e-02 -1.505432e-02 -9.979123e-01 1.766689e+02
-9.798876e-01 1.911092e-01 5.742414e-02 -1.268006e+01 1.897680e-01 9.814291e-01 -2.801773e-02 4.420543e+00 -6.171218e-02 -1.655696e-02 -9.979566e-01 1.754357e+02
-9.798242e-01 1.918427e-01 5.604388e-02 -1.261005e+01 1.904462e-01 9.812594e-01 -2.932841e-02 4.370085e+00 -6.062003e-02 -1.806335e-02 -9.979975e-01 1.741699e+02
-9.798965e-01 1.916146e-01 5.555761e-02 -1.255917e+01 1.901310e-01 9.812720e-01 -3.091093e-02 4.314385e+00 -6.044011e-02 -1.972628e-02 -9.979769e-01 1.728976e+02
-9.803416e-01 1.896180e-01 5.454616e-02 -1.248380e+01 1.882153e-01 9.816743e-01 -2.984331e-02 4.264989e+00 -5.920539e-02 -1.899022e-02 -9.980652e-01 1.716603e+02
-9.807279e-01 1.878572e-01 5.368893e-02 -1.239458e+01 1.866519e-01 9.820635e-01 -2.668948e-02 4.208141e+00 -5.773975e-02 -1.615398e-02 -9.982010e-01 1.703833e+02
-9.818468e-01 1.830178e-01 4.981370e-02 -1.233682e+01 1.819749e-01 9.829913e-01 -2.476244e-02 4.177620e+00 -5.349840e-02 -1.524808e-02 -9.984515e-01 1.690979e+02
-9.818435e-01 1.832227e-01 4.912093e-02 -1.225977e+01 1.821123e-01 9.829276e-01 -2.623937e-02 4.120956e+00 -5.308996e-02 -1.681743e-02 -9.984481e-01 1.678691e+02
-9.817500e-01 1.837147e-01 4.915085e-02 -1.221708e+01 1.824352e-01 9.827782e-01 -2.940029e-02 4.086132e+00 -5.370565e-02 -1.989689e-02 -9.983586e-01 1.665414e+02
-9.814822e-01 1.851784e-01 4.900599e-02 -1.215567e+01 1.837712e-01 9.824529e-01 -3.185046e-02 4.029021e+00 -5.404409e-02 -2.225477e-02 -9.982905e-01 1.652560e+02
-9.814200e-01 1.854285e-01 4.930529e-02 -1.210026e+01 1.839443e-01 9.823777e-01 -3.314403e-02 3.987436e+00 -5.458226e-02 -2.345879e-02 -9.982337e-01 1.639708e+02
-9.814193e-01 1.850756e-01 5.062772e-02 -1.205108e+01 1.836708e-01 9.824938e-01 -3.116058e-02 3.951143e+00 -5.550849e-02 -2.128276e-02 -9.982314e-01 1.626324e+02
-9.814082e-01 1.848482e-01 5.166304e-02 -1.199086e+01 1.835539e-01 9.825875e-01 -2.880588e-02 3.902476e+00 -5.608817e-02 -1.878738e-02 -9.982490e-01 1.613257e+02
-9.810696e-01 1.863136e-01 5.281719e-02 -1.194131e+01 1.849782e-01 9.823094e-01 -2.917843e-02 3.847642e+00 -5.731916e-02 -1.885604e-02 -9.981778e-01 1.600376e+02
-9.810870e-01 1.860997e-01 5.324735e-02 -1.187391e+01 1.846745e-01 9.823238e-01 -3.058214e-02 3.801845e+00 -5.799747e-02 -2.017031e-02 -9.981129e-01 1.587468e+02
-9.810653e-01 1.860803e-01 5.371132e-02 -1.180168e+01 1.845831e-01 9.823072e-01 -3.164892e-02 3.750615e+00 -5.865026e-02 -2.113545e-02 -9.980548e-01 1.574371e+02
-9.813484e-01 1.857572e-01 4.949385e-02 -1.173131e+01 1.843669e-01 9.823573e-01 -3.135204e-02 3.697841e+00 -5.444451e-02 -2.164225e-02 -9.982822e-01 1.561272e+02
-9.813616e-01 1.854906e-01 5.022539e-02 -1.166414e+01 1.840663e-01 9.824032e-01 -3.167776e-02 3.644690e+00 -5.521751e-02 -2.184254e-02 -9.982354e-01 1.548279e+02
-9.816026e-01 1.840509e-01 5.081040e-02 -1.158682e+01 1.826419e-01 9.826861e-01 -3.114442e-02 3.586754e+00 -5.566283e-02 -2.129134e-02 -9.982226e-01 1.535096e+02
-9.816537e-01 1.836262e-01 5.135582e-02 -1.150821e+01 1.822301e-01 9.827765e-01 -3.070236e-02 3.523584e+00 -5.610905e-02 -2.078051e-02 -9.982084e-01 1.522012e+02
-9.816431e-01 1.834373e-01 5.222587e-02 -1.142673e+01 1.820521e-01 9.828253e-01 -3.018891e-02 3.461096e+00 -5.686668e-02 -2.012691e-02 -9.981789e-01 1.509127e+02
-9.817318e-01 1.826172e-01 5.342007e-02 -1.136391e+01 1.812405e-01 9.829929e-01 -2.961257e-02 3.404341e+00 -5.791931e-02 -1.938972e-02 -9.981330e-01 1.495904e+02
-9.818636e-01 1.817303e-01 5.401809e-02 -1.129371e+01 1.803597e-01 9.831645e-01 -2.928932e-02 3.356415e+00 -5.843143e-02 -1.901543e-02 -9.981103e-01 1.482781e+02
-9.821178e-01 1.801214e-01 5.478124e-02 -1.121493e+01 1.787195e-01 9.834566e-01 -2.953632e-02 3.308320e+00 -5.919509e-02 -1.921767e-02 -9.980614e-01 1.469657e+02
-9.820065e-01 1.803944e-01 5.586707e-02 -1.114880e+01 1.789006e-01 9.833875e-01 -3.071701e-02 3.249502e+00 -6.048015e-02 -2.016965e-02 -9.979656e-01 1.456880e+02
-9.821570e-01 1.795826e-01 5.583590e-02 -1.105705e+01 1.780586e-01 9.835249e-01 -3.120730e-02 3.186960e+00 -6.052028e-02 -2.070841e-02 -9.979521e-01 1.444105e+02
-9.824348e-01 1.794159e-01 5.130091e-02 -1.099914e+01 1.780628e-01 9.835657e-01 -2.986757e-02 3.141715e+00 -5.581653e-02 -2.020816e-02 -9.982365e-01 1.431069e+02
-9.822591e-01 1.802618e-01 5.169781e-02 -1.091981e+01 1.788773e-01 9.834047e-01 -3.029988e-02 3.097988e+00 -5.630178e-02 -2.051477e-02 -9.982030e-01 1.418403e+02
-9.822399e-01 1.801829e-01 5.233453e-02 -1.084244e+01 1.787864e-01 9.834219e-01 -3.027876e-02 3.008980e+00 -5.692264e-02 -2.038431e-02 -9.981705e-01 1.405596e+02
-9.824127e-01 1.787938e-01 5.383356e-02 -1.080041e+01 1.773003e-01 9.836562e-01 -3.138577e-02 2.952681e+00 -5.856530e-02 -2.128908e-02 -9.980566e-01 1.392232e+02
-9.825881e-01 1.775169e-01 5.484942e-02 -1.072953e+01 1.761397e-01 9.839369e-01 -2.903542e-02 2.895150e+00 -5.912264e-02 -1.886869e-02 -9.980724e-01 1.379283e+02
-9.827649e-01 1.760786e-01 5.629765e-02 -1.064954e+01 1.749800e-01 9.842814e-01 -2.392150e-02 2.848126e+00 -5.962479e-02 -1.365825e-02 -9.981274e-01 1.366392e+02
-9.826534e-01 1.762558e-01 5.767390e-02 -1.058285e+01 1.753396e-01 9.842921e-01 -2.061848e-02 2.810390e+00 -6.040209e-02 -1.014830e-02 -9.981225e-01 1.353143e+02
-9.825922e-01 1.763090e-01 5.854696e-02 -1.050865e+01 1.753268e-01 9.842744e-01 -2.154975e-02 2.762504e+00 -6.142569e-02 -1.090976e-02 -9.980520e-01 1.340302e+02
-9.823510e-01 1.773794e-01 5.935528e-02 -1.044145e+01 1.762485e-01 9.840575e-01 -2.381754e-02 2.717223e+00 -6.263375e-02 -1.293590e-02 -9.979527e-01 1.327463e+02
-9.824915e-01 1.763731e-01 6.002532e-02 -1.036846e+01 1.751538e-01 9.842225e-01 -2.504257e-02 2.676826e+00 -6.349511e-02 -1.409045e-02 -9.978827e-01 1.314458e+02
-9.829211e-01 1.753800e-01 5.574893e-02 -1.028524e+01 1.744266e-01 9.844339e-01 -2.156894e-02 2.630048e+00 -5.866390e-02 -1.147648e-02 -9.982118e-01 1.301695e+02
-9.826267e-01 1.766835e-01 5.681239e-02 -1.022032e+01 1.757495e-01 9.842093e-01 -2.107590e-02 2.583674e+00 -5.963905e-02 -1.072499e-02 -9.981624e-01 1.289018e+02
-9.824244e-01 1.774770e-01 5.782941e-02 -1.014658e+01 1.766177e-01 9.840826e-01 -1.968644e-02 2.536334e+00 -6.040281e-02 -9.126739e-03 -9.981324e-01 1.276530e+02
-9.820604e-01 1.794405e-01 5.795246e-02 -1.007332e+01 1.785700e-01 9.837258e-01 -1.990813e-02 2.491379e+00 -6.058165e-02 -9.202412e-03 -9.981208e-01 1.264082e+02
-9.822107e-01 1.783893e-01 5.864635e-02 -1.001560e+01 1.775012e-01 9.839161e-01 -2.006099e-02 2.452087e+00 -6.128175e-02 -9.294320e-03 -9.980772e-01 1.251539e+02
-9.821630e-01 1.788438e-01 5.805896e-02 -9.944343e+00 1.777387e-01 9.837920e-01 -2.371225e-02 2.404554e+00 -6.135873e-02 -1.296997e-02 -9.980315e-01 1.239329e+02
-9.825041e-01 1.772756e-01 5.708783e-02 -9.868976e+00 1.760136e-01 9.840319e-01 -2.646424e-02 2.361616e+00 -6.086771e-02 -1.595299e-02 -9.980183e-01 1.226989e+02
-9.829236e-01 1.751013e-01 5.657425e-02 -9.786028e+00 1.738324e-01 9.844143e-01 -2.666055e-02 2.306002e+00 -6.036080e-02 -1.637085e-02 -9.980424e-01 1.214929e+02
-9.832013e-01 1.737358e-01 5.595598e-02 -9.718401e+00 1.724847e-01 9.846557e-01 -2.649819e-02 2.253632e+00 -5.970106e-02 -1.640151e-02 -9.980815e-01 1.203158e+02
-9.833634e-01 1.731872e-01 5.479597e-02 -9.658698e+00 1.719588e-01 9.847496e-01 -2.642605e-02 2.198265e+00 -5.853697e-02 -1.656377e-02 -9.981478e-01 1.191192e+02
-9.838936e-01 1.713830e-01 5.080656e-02 -9.596372e+00 1.703765e-01 9.850975e-01 -2.355137e-02 2.148041e+00 -5.408572e-02 -1.451579e-02 -9.984308e-01 1.179580e+02
-9.839361e-01 1.714096e-01 4.988578e-02 -9.546463e+00 1.704143e-01 9.850899e-01 -2.359595e-02 2.099194e+00 -5.318655e-02 -1.471566e-02 -9.984762e-01 1.168277e+02
-9.841023e-01 1.706847e-01 4.908645e-02 -9.500959e+00 1.697017e-01 9.852136e-01 -2.357022e-02 2.052593e+00 -5.238372e-02 -1.486546e-02 -9.985164e-01 1.156944e+02
-9.842745e-01 1.699779e-01 4.807609e-02 -9.455376e+00 1.689876e-01 9.853261e-01 -2.399258e-02 2.005303e+00 -5.144884e-02 -1.549102e-02 -9.985555e-01 1.145985e+02
-9.844962e-01 1.690385e-01 4.683212e-02 -9.405931e+00 1.680321e-01 9.854725e-01 -2.468106e-02 1.963292e+00 -5.032381e-02 -1.642911e-02 -9.985978e-01 1.135024e+02
-9.844288e-01 1.697362e-01 4.571234e-02 -9.348775e+00 1.687156e-01 9.853385e-01 -2.535787e-02 1.912868e+00 -4.934628e-02 -1.725064e-02 -9.986327e-01 1.124502e+02
-9.845316e-01 1.693833e-01 4.479807e-02 -9.310813e+00 1.683710e-01 9.853936e-01 -2.550715e-02 1.873659e+00 -4.846422e-02 -1.756990e-02 -9.986704e-01 1.113852e+02
-9.843330e-01 1.707938e-01 4.379504e-02 -9.270689e+00 1.697848e-01 9.851424e-01 -2.583660e-02 1.833174e+00 -4.755709e-02 -1.799609e-02 -9.987064e-01 1.103713e+02
-9.842112e-01 1.717583e-01 4.274747e-02 -9.228843e+00 1.707736e-01 9.849741e-01 -2.573759e-02 1.792807e+00 -4.652579e-02 -1.803109e-02 -9.987543e-01 1.093618e+02
-9.842123e-01 1.719566e-01 4.191827e-02 -9.196540e+00 1.710307e-01 9.849540e-01 -2.478123e-02 1.754878e+00 -4.554886e-02 -1.722068e-02 -9.988137e-01 1.084044e+02
-9.844734e-01 1.709874e-01 3.969145e-02 -9.173935e+00 1.702582e-01 9.851735e-01 -2.110178e-02 1.714845e+00 -4.271111e-02 -1.401635e-02 -9.989891e-01 1.074318e+02
-9.846318e-01 1.703147e-01 3.864038e-02 -9.138189e+00 1.696389e-01 9.853000e-01 -2.016398e-02 1.676627e+00 -4.150659e-02 -1.329919e-02 -9.990497e-01 1.065188e+02
-9.848245e-01 1.694012e-01 3.773365e-02 -9.107655e+00 1.687595e-01 9.854622e-01 -1.961032e-02 1.643671e+00 -4.050709e-02 -1.294482e-02 -9.990954e-01 1.056370e+02
-9.850569e-01 1.682975e-01 3.658931e-02 -9.069193e+00 1.677109e-01 9.856613e-01 -1.857173e-02 1.612510e+00 -3.919024e-02 -1.215778e-02 -9.991578e-01 1.047759e+02
-9.849687e-01 1.689436e-01 3.598104e-02 -9.048390e+00 1.684139e-01 9.855646e-01 -1.729818e-02 1.584385e+00 -3.838406e-02 -1.097846e-02 -9.992028e-01 1.039295e+02
-9.851548e-01 1.680124e-01 3.524119e-02 -9.015022e+00 1.675578e-01 9.857404e-01 -1.550011e-02 1.555330e+00 -3.734287e-02 -9.365067e-03 -9.992586e-01 1.031167e+02
-9.848966e-01 1.695441e-01 3.512002e-02 -8.996837e+00 1.691378e-01 9.854893e-01 -1.425720e-02 1.531420e+00 -3.702763e-02 -8.101750e-03 -9.992814e-01 1.023170e+02
-9.845551e-01 1.713081e-01 3.612310e-02 -8.963736e+00 1.709307e-01 9.851931e-01 -1.331240e-02 1.505603e+00 -3.786875e-02 -6.932241e-03 -9.992587e-01 1.015249e+02
-9.839421e-01 1.739667e-01 3.991945e-02 -8.944362e+00 1.735322e-01 9.847268e-01 -1.412797e-02 1.482966e+00 -4.176755e-02 -6.973796e-03 -9.991030e-01 1.007712e+02
-9.830052e-01 1.774213e-01 4.714387e-02 -8.908162e+00 1.768686e-01 9.841096e-01 -1.568068e-02 1.457321e+00 -4.917681e-02 -7.075918e-03 -9.987650e-01 1.000390e+02
-9.818514e-01 1.804927e-01 5.822573e-02 -8.872174e+00 1.799882e-01 9.835714e-01 -1.383947e-02 1.430512e+00 -5.976709e-02 -3.108363e-03 -9.982075e-01 9.934091e+01
-9.802875e-01 1.828153e-01 7.493268e-02 -8.815641e+00 1.821218e-01 9.831451e-01 -1.604424e-02 1.404079e+00 -7.660282e-02 -2.081089e-03 -9.970595e-01 9.866650e+01
-9.783542e-01 1.835784e-01 9.550939e-02 -8.755705e+00 1.826650e-01 9.830050e-01 -1.829594e-02 1.376486e+00 -9.724494e-02 -4.536888e-04 -9.952604e-01 9.800789e+01
-9.753984e-01 1.845450e-01 1.205867e-01 -8.676698e+00 1.831362e-01 9.828241e-01 -2.275989e-02 1.349752e+00 -1.227158e-01 -1.161648e-04 -9.924419e-01 9.736943e+01
-9.709060e-01 1.869637e-01 1.496202e-01 -8.560837e+00 1.847863e-01 9.823668e-01 -2.845051e-02 1.316576e+00 -1.523011e-01 2.499417e-05 -9.883341e-01 9.674030e+01
-9.652467e-01 1.864371e-01 1.831392e-01 -8.444716e+00 1.831863e-01 9.824669e-01 -3.466347e-02 1.288686e+00 -1.863908e-01 8.979465e-05 -9.824757e-01 9.614434e+01
-9.583701e-01 1.833417e-01 2.188893e-01 -8.286581e+00 1.785406e-01 9.830489e-01 -4.169196e-02 1.254532e+00 -2.228227e-01 -8.757183e-04 -9.748586e-01 9.551740e+01
-9.498759e-01 1.782763e-01 2.568139e-01 -8.116821e+00 1.716141e-01 9.839788e-01 -4.831502e-02 1.218946e+00 -2.613128e-01 -1.820391e-03 -9.652525e-01 9.496455e+01
-9.394814e-01 1.721997e-01 2.961789e-01 -7.929169e+00 1.634288e-01 9.850586e-01 -5.431999e-02 1.179645e+00 -3.011075e-01 -2.628448e-03 -9.535866e-01 9.438638e+01
-9.262481e-01 1.670068e-01 3.378953e-01 -7.717835e+00 1.558840e-01 9.859515e-01 -5.999900e-02 1.140271e+00 -3.431686e-01 -2.901494e-03 -9.392693e-01 9.381063e+01
-9.113494e-01 1.583105e-01 3.799738e-01 -7.486995e+00 1.458468e-01 9.873891e-01 -6.157454e-02 1.102946e+00 -3.849299e-01 -6.979658e-04 -9.229456e-01 9.336073e+01
-8.926380e-01 1.491405e-01 4.253875e-01 -7.232761e+00 1.336087e-01 9.888132e-01 -6.631105e-02 1.063577e+00 -4.305185e-01 -2.356271e-03 -9.025787e-01 9.290381e+01
-8.701968e-01 1.408549e-01 4.721414e-01 -6.954732e+00 1.218141e-01 9.900216e-01 -7.084140e-02 1.032092e+00 -4.774085e-01 -4.132481e-03 -8.786717e-01 9.244348e+01
-8.441859e-01 1.323345e-01 5.194592e-01 -6.664763e+00 1.094873e-01 9.911864e-01 -7.457861e-02 9.879546e-01 -5.247502e-01 -6.084029e-03 -8.512345e-01 9.201977e+01
-8.144507e-01 1.267284e-01 5.662243e-01 -6.357443e+00 1.000863e-01 9.919135e-01 -7.804031e-02 9.559245e-01 -5.715355e-01 -6.888695e-03 -8.205484e-01 9.160487e+01
-7.822767e-01 1.197238e-01 6.113177e-01 -6.012369e+00 8.938985e-02 9.927753e-01 -8.004221e-02 9.106544e-01 -6.164840e-01 -7.969562e-03 -7.873271e-01 9.121635e+01
-7.453511e-01 1.157895e-01 6.565398e-01 -5.646399e+00 8.132246e-02 9.932386e-01 -8.284764e-02 8.654724e-01 -6.616936e-01 -8.359149e-03 -7.497278e-01 9.083754e+01
-7.041633e-01 1.130096e-01 7.009871e-01 -5.273779e+00 7.492504e-02 9.935673e-01 -8.491334e-02 7.976892e-01 -7.060738e-01 -7.271375e-03 -7.081009e-01 9.048823e+01
-6.603662e-01 1.128399e-01 7.424174e-01 -4.870978e+00 7.037485e-02 9.935942e-01 -8.841917e-02 7.381598e-01 -7.476388e-01 -6.141521e-03 -6.640772e-01 9.016827e+01
-6.139729e-01 1.140738e-01 7.810406e-01 -4.450586e+00 6.565312e-02 9.934534e-01 -9.348775e-02 6.793259e-01 -7.865920e-01 -6.121188e-03 -6.174428e-01 8.987177e+01
-5.686391e-01 1.130831e-01 8.147772e-01 -4.062011e+00 6.186659e-02 9.935795e-01 -9.472193e-02 6.202756e-01 -8.202574e-01 -3.455102e-03 -5.719842e-01 8.962068e+01
-5.186397e-01 1.107760e-01 8.477863e-01 -3.611747e+00 5.429244e-02 9.938370e-01 -9.664585e-02 5.658861e-01 -8.532674e-01 -4.095985e-03 -5.214576e-01 8.938255e+01
-4.670798e-01 1.085514e-01 8.775267e-01 -3.145044e+00 4.465320e-02 9.940651e-01 -9.919988e-02 5.123454e-01 -8.830870e-01 -7.149883e-03 -4.691549e-01 8.917536e+01
-4.143572e-01 1.062962e-01 9.038856e-01 -2.667335e+00 3.405366e-02 9.942714e-01 -1.013147e-01 4.540433e-01 -9.094770e-01 -1.119988e-02 -4.156033e-01 8.899973e+01
-3.615248e-01 1.062916e-01 9.262839e-01 -2.201256e+00 2.762552e-02 9.942655e-01 -1.033104e-01 3.967936e-01 -9.319531e-01 -1.176022e-02 -3.623880e-01 8.884967e+01
-3.104149e-01 1.088365e-01 9.443501e-01 -1.704776e+00 2.181768e-02 9.939781e-01 -1.073845e-01 3.354298e-01 -9.503508e-01 -1.273023e-02 -3.109202e-01 8.871956e+01
-2.625947e-01 1.121403e-01 9.583677e-01 -1.278386e+00 1.537087e-02 9.935838e-01 -1.120493e-01 2.751052e-01 -9.647838e-01 -1.469261e-02 -2.626336e-01 8.861630e+01
-2.192032e-01 1.113947e-01 9.692993e-01 -8.025513e-01 1.053259e-03 9.934875e-01 -1.139363e-01 2.105171e-01 -9.756787e-01 -2.395428e-02 -2.178930e-01 8.854829e+01
-1.801104e-01 1.096143e-01 9.775198e-01 -3.275679e-01 -7.009349e-03 9.936033e-01 -1.127093e-01 1.465381e-01 -9.836214e-01 -2.715189e-02 -1.781899e-01 8.849074e+01
-1.453785e-01 1.098623e-01 9.832575e-01 -1.054230e-02 -1.503276e-02 9.934557e-01 -1.132244e-01 7.651765e-02 -9.892619e-01 -3.124147e-02 -1.427756e-01 8.842638e+01
-1.203841e-01 1.114797e-01 9.864482e-01 4.997302e-01 -1.086896e-02 9.934672e-01 -1.135993e-01 6.380498e-03 -9.926679e-01 -2.439722e-02 -1.183860e-01 8.838242e+01
-9.677373e-02 1.139041e-01 9.887673e-01 9.804697e-01 -1.348205e-02 9.931889e-01 -1.157330e-01 -6.736086e-02 -9.952151e-01 -2.453053e-02 -9.457893e-02 8.834113e+01
-7.763004e-02 1.191593e-01 9.898357e-01 1.509308e+00 -1.704932e-02 9.925279e-01 -1.208205e-01 -1.323410e-01 -9.968364e-01 -2.625533e-02 -7.501840e-02 8.831620e+01
-6.215313e-02 1.257886e-01 9.901082e-01 2.016533e+00 -1.896102e-02 9.916983e-01 -1.271809e-01 -1.892618e-01 -9.978865e-01 -2.667816e-02 -5.925207e-02 8.827133e+01
-5.032266e-02 1.273601e-01 9.905791e-01 2.575954e+00 -1.735517e-02 9.915745e-01 -1.283697e-01 -2.635683e-01 -9.985822e-01 -2.365158e-02 -4.768832e-02 8.824933e+01
-4.096340e-02 1.243185e-01 9.913964e-01 3.133277e+00 -1.517423e-02 9.920374e-01 -1.250258e-01 -3.386368e-01 -9.990454e-01 -2.016516e-02 -3.875078e-02 8.822507e+01
-3.403882e-02 1.201301e-01 9.921744e-01 3.723061e+00 -1.472085e-02 9.925818e-01 -1.206844e-01 -4.136674e-01 -9.993121e-01 -1.871361e-02 -3.201790e-02 8.821307e+01
-2.948192e-02 1.173185e-01 9.926566e-01 4.267332e+00 -1.565994e-02 9.929122e-01 -1.178138e-01 -4.890143e-01 -9.994426e-01 -1.901832e-02 -2.743576e-02 8.818906e+01
-2.763616e-02 1.171559e-01 9.927289e-01 4.815549e+00 -1.617278e-02 9.929259e-01 -1.176293e-01 -5.686754e-01 -9.994872e-01 -1.930601e-02 -2.554592e-02 8.815956e+01
-2.591157e-02 1.174139e-01 9.927450e-01 5.319195e+00 -1.426126e-02 9.929339e-01 -1.178084e-01 -6.582560e-01 -9.995625e-01 -1.721040e-02 -2.405401e-02 8.807879e+01
-4.292325e-02 1.092933e-01 9.930824e-01 6.111920e+00 -7.874765e-03 9.939306e-01 -1.097270e-01 -7.668011e-01 -9.990473e-01 -1.253013e-02 -4.180207e-02 8.806193e+01
-4.237190e-02 1.107216e-01 9.929478e-01 6.743030e+00 -4.814114e-03 9.938062e-01 -1.110227e-01 -8.321042e-01 -9.990903e-01 -9.484409e-03 -4.157643e-02 8.803777e+01
-4.208289e-02 1.117292e-01 9.928472e-01 7.332166e+00 -2.047332e-03 9.937158e-01 -1.119137e-01 -8.812687e-01 -9.991120e-01 -6.742341e-03 -4.158969e-02 8.798440e+01
-4.217248e-02 1.119954e-01 9.928134e-01 7.969785e+00 -1.564246e-03 9.936889e-01 -1.121606e-01 -9.538506e-01 -9.991091e-01 -6.283095e-03 -4.173113e-02 8.795349e+01
-4.208445e-02 1.114588e-01 9.928775e-01 8.600798e+00 -1.168445e-03 9.937518e-01 -1.116065e-01 -1.037438e+00 -9.991134e-01 -5.857022e-03 -4.169126e-02 8.791699e+01
-4.138989e-02 1.117109e-01 9.928784e-01 9.274358e+00 9.847209e-04 9.937341e-01 -1.117661e-01 -1.116358e+00 -9.991426e-01 -3.648278e-03 -4.124055e-02 8.788059e+01
-3.948937e-02 1.114593e-01 9.929841e-01 9.914974e+00 4.498573e-03 9.937690e-01 -1.113685e-01 -1.211634e+00 -9.992099e-01 6.914043e-05 -3.974472e-02 8.782301e+01
-3.629926e-02 1.118368e-01 9.930634e-01 1.060708e+01 7.555115e-03 9.937206e-01 -1.116346e-01 -1.298921e+00 -9.993124e-01 3.450454e-03 -3.691626e-02 8.778032e+01
-3.134441e-02 1.119926e-01 9.932146e-01 1.131644e+01 1.007403e-02 9.936878e-01 -1.117280e-01 -1.382225e+00 -9.994579e-01 6.503627e-03 -3.227478e-02 8.774754e+01
-2.444883e-02 1.123173e-01 9.933716e-01 1.203448e+01 1.238492e-02 9.936264e-01 -1.120413e-01 -1.467982e+00 -9.996244e-01 9.563552e-03 -2.568404e-02 8.771413e+01
-3.614573e-02 9.304325e-02 9.950057e-01 1.310099e+01 1.852331e-02 9.955477e-01 -9.242103e-02 -1.607278e+00 -9.991748e-01 1.509017e-02 -3.770827e-02 8.767944e+01
-2.643503e-02 9.164265e-02 9.954410e-01 1.388298e+01 2.019142e-02 9.956348e-01 -9.112428e-02 -1.686323e+00 -9.994466e-01 1.769049e-02 -2.817004e-02 8.765605e+01
-1.631898e-02 9.068346e-02 9.957461e-01 1.469744e+01 2.039682e-02 9.957016e-01 -9.034514e-02 -1.760023e+00 -9.996588e-01 1.883571e-02 -1.809849e-02 8.765705e+01
-5.570495e-03 8.882772e-02 9.960314e-01 1.551959e+01 1.638090e-02 9.959213e-01 -8.872629e-02 -1.838396e+00 -9.998503e-01 1.582164e-02 -7.002853e-03 8.765714e+01
4.806902e-03 8.859819e-02 9.960558e-01 1.633888e+01 1.274806e-02 9.959810e-01 -8.865306e-02 -1.930870e+00 -9.999072e-01 1.312393e-02 3.658127e-03 8.765950e+01
1.536801e-02 9.018338e-02 9.958066e-01 1.718126e+01 9.332356e-03 9.958679e-01 -9.033296e-02 -2.011333e+00 -9.998384e-01 1.068146e-02 1.446288e-02 8.768539e+01
2.528656e-02 9.496246e-02 9.951596e-01 1.803864e+01 4.204196e-03 9.954591e-01 -9.509786e-02 -2.096440e+00 -9.996714e-01 6.588544e-03 2.477250e-02 8.772668e+01
3.420729e-02 9.866980e-02 9.945321e-01 1.885553e+01 -6.593010e-04 9.951165e-01 -9.870510e-02 -2.189812e+00 -9.994145e-01 2.720738e-03 3.410529e-02 8.774583e+01
4.064157e-02 9.979773e-02 9.941774e-01 1.970355e+01 -8.336376e-03 9.949987e-01 -9.953938e-02 -2.280227e+00 -9.991390e-01 -4.242400e-03 4.127026e-02 8.778608e+01
4.408851e-02 9.777018e-02 9.942320e-01 2.054974e+01 -1.377845e-02 9.951645e-01 -9.725089e-02 -2.366799e+00 -9.989326e-01 -9.411331e-03 4.522245e-02 8.781494e+01
3.649928e-02 8.975859e-02 9.952945e-01 2.140219e+01 -1.795261e-02 9.958563e-01 -8.915090e-02 -2.452977e+00 -9.991724e-01 -1.461419e-02 3.795944e-02 8.785876e+01
3.417443e-02 8.907453e-02 9.954385e-01 2.225205e+01 -2.187288e-02 9.958484e-01 -8.836029e-02 -2.526263e+00 -9.991765e-01 -1.875345e-02 3.598087e-02 8.789134e+01
2.975143e-02 8.830418e-02 9.956491e-01 2.310758e+01 -2.624465e-02 9.958157e-01 -8.753472e-02 -2.617968e+00 -9.992127e-01 -2.352618e-02 3.194445e-02 8.792417e+01
2.349971e-02 8.909042e-02 9.957463e-01 2.394148e+01 -2.918131e-02 9.956581e-01 -8.839385e-02 -2.702533e+00 -9.992979e-01 -2.697995e-02 2.599745e-02 8.793781e+01
1.534712e-02 8.987250e-02 9.958350e-01 2.478369e+01 -3.244437e-02 9.954726e-01 -8.933979e-02 -2.789110e+00 -9.993557e-01 -3.093813e-02 1.819350e-02 8.794469e+01
5.875196e-03 9.043490e-02 9.958850e-01 2.561598e+01 -3.456505e-02 9.953255e-01 -9.018017e-02 -2.871989e+00 -9.993852e-01 -3.389299e-02 8.973619e-03 8.793139e+01
-5.288315e-03 8.912782e-02 9.960062e-01 2.645192e+01 -3.593917e-02 9.953597e-01 -8.926079e-02 -2.957949e+00 -9.993400e-01 -3.626767e-02 -2.060595e-03 8.793188e+01
-1.706139e-02 8.661838e-02 9.960955e-01 2.730763e+01 -3.605974e-02 9.955391e-01 -8.718764e-02 -3.050396e+00 -9.992040e-01 -3.740648e-02 -1.386184e-02 8.792344e+01
-2.899611e-02 8.480190e-02 9.959758e-01 2.816377e+01 -3.582592e-02 9.956664e-01 -8.581856e-02 -3.139108e+00 -9.989373e-01 -3.817015e-02 -2.583235e-02 8.790199e+01
-4.081485e-02 8.519609e-02 9.955279e-01 2.897459e+01 -3.514445e-02 9.956192e-01 -8.664476e-02 -3.243634e+00 -9.985485e-01 -3.852367e-02 -3.764187e-02 8.787029e+01
-2.891566e-02 8.425030e-02 9.960250e-01 2.966555e+01 -3.486153e-02 9.957505e-01 -8.523914e-02 -3.313790e+00 -9.989738e-01 -3.718770e-02 -2.585569e-02 8.782396e+01
-4.050722e-02 8.540970e-02 9.955221e-01 3.048971e+01 -3.202243e-02 9.957171e-01 -8.672940e-02 -3.388118e+00 -9.986660e-01 -3.539221e-02 -3.759871e-02 8.778530e+01
-5.227038e-02 8.466850e-02 9.950372e-01 3.131050e+01 -3.001607e-02 9.958159e-01 -8.631153e-02 -3.472699e+00 -9.981818e-01 -3.437865e-02 -4.951026e-02 8.773595e+01
-6.360628e-02 8.390979e-02 9.944412e-01 3.215346e+01 -2.904766e-02 9.958812e-01 -8.588923e-02 -3.554843e+00 -9.975522e-01 -3.434929e-02 -6.090692e-02 8.769198e+01
-7.344245e-02 8.397089e-02 9.937581e-01 3.297943e+01 -2.679383e-02 9.959232e-01 -8.613401e-02 -3.639327e+00 -9.969395e-01 -3.295247e-02 -7.089314e-02 8.762842e+01
-8.078008e-02 8.448119e-02 9.931453e-01 3.380591e+01 -2.477837e-02 9.959234e-01 -8.673292e-02 -3.727215e+00 -9.964239e-01 -3.161481e-02 -7.835746e-02 8.755529e+01
-8.633900e-02 8.624532e-02 9.925257e-01 3.463581e+01 -2.309829e-02 9.958048e-01 -8.853956e-02 -3.805638e+00 -9.959980e-01 -3.057006e-02 -8.398467e-02 8.748848e+01
-9.008183e-02 8.880845e-02 9.919669e-01 3.548825e+01 -2.316753e-02 9.955600e-01 -9.123400e-02 -3.897824e+00 -9.956649e-01 -3.119995e-02 -8.762439e-02 8.741400e+01
-9.222146e-02 9.138577e-02 9.915361e-01 3.633587e+01 -2.238186e-02 9.953378e-01 -9.381786e-02 -3.987913e+00 -9.954869e-01 -3.084444e-02 -8.974611e-02 8.733759e+01
-9.324117e-02 9.273570e-02 9.913154e-01 3.718102e+01 -2.295316e-02 9.951881e-01 -9.525691e-02 -4.087294e+00 -9.953789e-01 -3.163568e-02 -9.066392e-02 8.726109e+01
-9.356379e-02 9.806160e-02 9.907723e-01 3.808733e+01 -2.102673e-02 9.947211e-01 -1.004381e-01 -4.176307e+00 -9.953912e-01 -3.023007e-02 -9.100796e-02 8.718335e+01
-9.142835e-02 9.760464e-02 9.910167e-01 3.895347e+01 -2.167089e-02 9.947542e-01 -9.997203e-02 -4.269215e+00 -9.955758e-01 -3.061649e-02 -8.883356e-02 8.710738e+01
-8.918513e-02 9.558256e-02 9.914182e-01 3.983012e+01 -2.241127e-02 9.949401e-01 -9.793817e-02 -4.362693e+00 -9.957629e-01 -3.095357e-02 -8.659174e-02 8.704093e+01
-8.651444e-02 9.340709e-02 9.918621e-01 4.073183e+01 -2.255519e-02 9.951561e-01 -9.568467e-02 -4.456993e+00 -9.959952e-01 -3.064975e-02 -8.398856e-02 8.695993e+01
-8.427485e-02 9.169186e-02 9.922149e-01 4.162841e+01 -2.309029e-02 9.953101e-01 -9.393910e-02 -4.553263e+00 -9.961750e-01 -3.082723e-02 -8.176242e-02 8.689369e+01
-8.266059e-02 9.062981e-02 9.924482e-01 4.252876e+01 -2.516072e-02 9.953491e-01 -9.299034e-02 -4.636554e+00 -9.962601e-01 -3.265735e-02 -7.999583e-02 8.682693e+01
-8.196912e-02 9.131330e-02 9.924429e-01 4.342712e+01 -2.557646e-02 9.952732e-01 -9.368616e-02 -4.716730e+00 -9.963066e-01 -3.306255e-02 -7.924620e-02 8.675635e+01
-8.327182e-02 9.225415e-02 9.922474e-01 4.426445e+01 -2.832706e-02 9.950842e-01 -9.489517e-02 -4.798236e+00 -9.961242e-01 -3.600954e-02 -8.024918e-02 8.669294e+01
-8.740104e-02 9.241414e-02 9.918774e-01 4.515951e+01 -3.281718e-02 9.948801e-01 -9.558565e-02 -4.897715e+00 -9.956325e-01 -4.090490e-02 -8.392079e-02 8.662435e+01
-9.394908e-02 9.289926e-02 9.912332e-01 4.605206e+01 -3.760260e-02 9.945954e-01 -9.677834e-02 -4.985168e+00 -9.948666e-01 -4.636518e-02 -8.994806e-02 8.655192e+01
-9.795021e-02 9.021578e-02 9.910938e-01 4.688116e+01 -4.393294e-02 9.945198e-01 -9.486955e-02 -5.071755e+00 -9.942211e-01 -5.283415e-02 -9.344998e-02 8.646425e+01
-1.111936e-01 9.297250e-02 9.894403e-01 4.774192e+01 -4.611254e-02 9.940593e-01 -9.858867e-02 -5.165126e+00 -9.927284e-01 -5.658803e-02 -1.062458e-01 8.636831e+01
-1.266718e-01 9.725902e-02 9.871651e-01 4.851924e+01 -4.714521e-02 9.934667e-01 -1.039295e-01 -5.255982e+00 -9.908237e-01 -5.970504e-02 -1.212589e-01 8.625797e+01
-1.451268e-01 9.766090e-02 9.845814e-01 4.938550e+01 -4.761859e-02 9.932741e-01 -1.055421e-01 -5.363271e+00 -9.882665e-01 -6.220136e-02 -1.395002e-01 8.613763e+01
-1.637639e-01 9.500228e-02 9.819144e-01 5.020424e+01 -4.335765e-02 9.936972e-01 -1.033735e-01 -5.463770e+00 -9.855463e-01 -5.950234e-02 -1.586126e-01 8.598801e+01
-1.842257e-01 9.088727e-02 9.786728e-01 5.106264e+01 -3.824149e-02 9.942987e-01 -9.953702e-02 -5.560478e+00 -9.821397e-01 -5.576319e-02 -1.796997e-01 8.582445e+01
-2.047676e-01 9.077484e-02 9.745923e-01 5.198010e+01 -3.255699e-02 9.945078e-01 -9.947021e-02 -5.659667e+00 -9.782690e-01 -5.209807e-02 -2.006877e-01 8.563032e+01
-2.251508e-01 9.182292e-02 9.699874e-01 5.282638e+01 -2.641238e-02 9.946082e-01 -1.002844e-01 -5.758116e+00 -9.739659e-01 -4.819879e-02 -2.215116e-01 8.542788e+01
-2.443426e-01 9.549506e-02 9.649753e-01 5.366872e+01 -1.689221e-02 9.945688e-01 -1.027010e-01 -5.846000e+00 -9.695418e-01 -4.139479e-02 -2.414024e-01 8.520428e+01
-2.639585e-01 9.434800e-02 9.599085e-01 5.449785e+01 -1.242774e-02 9.947891e-01 -1.011938e-01 -5.951210e+00 -9.644540e-01 -3.864045e-02 -2.614105e-01 8.496934e+01
-2.765290e-01 9.576978e-02 9.562217e-01 5.532289e+01 -7.846292e-03 9.947638e-01 -1.018990e-01 -6.049590e+00 -9.609735e-01 -3.568082e-02 -2.743296e-01 8.471900e+01
-2.923075e-01 9.802415e-02 9.512873e-01 5.614994e+01 -1.624589e-03 9.946806e-01 -1.029947e-01 -6.145802e+00 -9.563230e-01 -3.165159e-02 -2.905933e-01 8.445886e+01
-3.065999e-01 9.979724e-02 9.465923e-01 5.696592e+01 9.780203e-04 9.945209e-01 -1.045335e-01 -6.238715e+00 -9.518380e-01 -3.112416e-02 -3.050176e-01 8.418947e+01
-3.190885e-01 9.715850e-02 9.427315e-01 5.776534e+01 4.649403e-03 9.948797e-01 -1.009592e-01 -6.340308e+00 -9.477135e-01 -2.783179e-02 -3.179064e-01 8.390899e+01
-3.287524e-01 8.852262e-02 9.402583e-01 5.857921e+01 7.758228e-03 9.958169e-01 -9.104072e-02 -6.431859e+00 -9.443843e-01 -2.263512e-02 -3.280640e-01 8.361245e+01
-3.366253e-01 7.806314e-02 9.383973e-01 5.939236e+01 6.003591e-03 9.967154e-01 -8.076087e-02 -6.521287e+00 -9.416195e-01 -2.155240e-02 -3.359883e-01 8.331635e+01
-3.412726e-01 7.405334e-02 9.370428e-01 6.022778e+01 6.338946e-03 9.970504e-01 -7.648702e-02 -6.619204e+00 -9.399430e-01 -2.016306e-02 -3.407354e-01 8.301531e+01
-3.426855e-01 8.159628e-02 9.358999e-01 6.106910e+01 7.841409e-03 9.964347e-01 -8.400281e-02 -6.705998e+00 -9.394175e-01 -2.144777e-02 -3.421035e-01 8.271307e+01
-3.422959e-01 9.376189e-02 9.349023e-01 6.188421e+01 9.947497e-03 9.953144e-01 -9.617858e-02 -6.789232e+00 -9.395396e-01 -2.362159e-02 -3.416247e-01 8.240249e+01
-3.416571e-01 1.028710e-01 9.341777e-01 6.271017e+01 1.000734e-02 9.943333e-01 -1.058354e-01 -6.884479e+00 -9.397714e-01 -2.681077e-02 -3.407505e-01 8.210308e+01
-3.361786e-01 1.061018e-01 9.358025e-01 6.355200e+01 9.947552e-03 9.939783e-01 -1.091242e-01 -6.981694e+00 -9.417457e-01 -2.737628e-02 -3.352097e-01 8.180168e+01
-3.368452e-01 1.027250e-01 9.359396e-01 6.439362e+01 9.512080e-03 9.943512e-01 -1.057127e-01 -7.082548e+00 -9.415120e-01 -2.670607e-02 -3.359196e-01 8.149960e+01
-3.391744e-01 9.756604e-02 9.356504e-01 6.525996e+01 9.362946e-03 9.949080e-01 -1.003511e-01 -7.189305e+00 -9.406769e-01 -2.527609e-02 -3.383608e-01 8.119056e+01
-3.435371e-01 9.379597e-02 9.344435e-01 6.612249e+01 1.087338e-02 9.953306e-01 -9.591013e-02 -7.287813e+00 -9.390762e-01 -2.278813e-02 -3.429529e-01 8.087413e+01
-3.495890e-01 9.142764e-02 9.324315e-01 6.699085e+01 1.131782e-02 9.955667e-01 -9.337493e-02 -7.385476e+00 -9.368348e-01 -2.208976e-02 -3.490739e-01 8.055157e+01
-3.579523e-01 9.246882e-02 9.291500e-01 6.782983e+01 1.157069e-02 9.954473e-01 -9.460914e-02 -7.481395e+00 -9.336682e-01 -2.311466e-02 -3.573926e-01 8.022210e+01
-3.692223e-01 9.540003e-02 9.244316e-01 6.868755e+01 1.079508e-02 9.950903e-01 -9.838031e-02 -7.580386e+00 -9.292784e-01 -2.634489e-02 -3.684394e-01 7.988642e+01
-3.828478e-01 9.779514e-02 9.186205e-01 6.956486e+01 1.408806e-02 9.948834e-01 -1.000426e-01 -7.673297e+00 -9.237040e-01 -2.535950e-02 -3.822667e-01 7.953005e+01
-3.970408e-01 9.919005e-02 9.124253e-01 7.042237e+01 1.523807e-02 9.947183e-01 -1.015053e-01 -7.779624e+00 -9.176744e-01 -2.639816e-02 -3.964552e-01 7.915869e+01
-4.108204e-01 1.036324e-01 9.058073e-01 7.128563e+01 1.634295e-02 9.941963e-01 -1.063327e-01 -7.898203e+00 -9.115698e-01 -2.888006e-02 -4.101298e-01 7.876618e+01
-4.185254e-01 1.148443e-01 9.009147e-01 7.211819e+01 1.953789e-02 9.928817e-01 -1.174913e-01 -7.999717e+00 -9.079949e-01 -3.157113e-02 -4.177900e-01 7.836495e+01
-4.290116e-01 1.190670e-01 8.954173e-01 7.298463e+01 2.208823e-02 9.923609e-01 -1.213751e-01 -8.115696e+00 -9.030289e-01 -3.229313e-02 -4.283643e-01 7.796100e+01
-4.365755e-01 1.166225e-01 8.920768e-01 7.383393e+01 2.269135e-02 9.926746e-01 -1.186689e-01 -8.230783e+00 -8.993814e-01 -3.156548e-02 -4.360237e-01 7.754571e+01
-4.414043e-01 1.116669e-01 8.903329e-01 7.472059e+01 2.417804e-02 9.933462e-01 -1.126001e-01 -8.353034e+00 -8.969825e-01 -2.817568e-02 -4.411671e-01 7.711582e+01
-4.433181e-01 1.104571e-01 8.895326e-01 7.559511e+01 2.473152e-02 9.935079e-01 -1.110427e-01 -8.471226e+00 -8.960231e-01 -2.722774e-02 -4.431718e-01 7.667054e+01
-4.443533e-01 1.109720e-01 8.889518e-01 7.646126e+01 2.721209e-02 9.935121e-01 -1.104224e-01 -8.579824e+00 -8.954383e-01 -2.487633e-02 -4.444902e-01 7.624372e+01
-4.450407e-01 1.119300e-01 8.884877e-01 7.736555e+01 2.761019e-02 9.934013e-01 -1.113169e-01 -8.697950e+00 -8.950846e-01 -2.500926e-02 -4.451945e-01 7.579880e+01
-4.460486e-01 1.097775e-01 8.882509e-01 7.825693e+01 2.639728e-02 9.936312e-01 -1.095455e-01 -8.823094e+00 -8.946194e-01 -2.541520e-02 -4.461056e-01 7.535642e+01
-4.464557e-01 1.107678e-01 8.879233e-01 7.914290e+01 2.665909e-02 9.935145e-01 -1.105358e-01 -8.926787e+00 -8.944085e-01 -2.567809e-02 -4.465131e-01 7.491015e+01
-4.477406e-01 1.075844e-01 8.876677e-01 7.996929e+01 2.182385e-02 9.937544e-01 -1.094341e-01 -9.046765e+00 -8.938971e-01 -2.962576e-02 -4.472922e-01 7.448254e+01
-4.467058e-01 1.072204e-01 8.882329e-01 8.083613e+01 1.727678e-02 9.936416e-01 -1.112557e-01 -9.175057e+00 -8.945141e-01 -3.435277e-02 -4.457179e-01 7.404908e+01
-4.514477e-01 1.053579e-01 8.860557e-01 8.170840e+01 1.394214e-02 9.937164e-01 -1.110559e-01 -9.292435e+00 -8.921886e-01 -3.778240e-02 -4.500799e-01 7.361803e+01
-4.586867e-01 1.035473e-01 8.825443e-01 8.255718e+01 1.026610e-02 9.937385e-01 -1.112579e-01 -9.416666e+00 -8.885388e-01 -4.197224e-02 -4.568777e-01 7.318294e+01
-4.680205e-01 9.798605e-02 8.782685e-01 8.339206e+01 4.471677e-03 9.940837e-01 -1.085243e-01 -9.533434e+00 -8.837063e-01 -4.686428e-02 -4.656897e-01 7.274812e+01
-4.781323e-01 9.597340e-02 8.730284e-01 8.426049e+01 5.222423e-03 9.943048e-01 -1.064453e-01 -9.652919e+00 -8.782723e-01 -4.633563e-02 -4.759104e-01 7.228980e+01
-4.892714e-01 9.338591e-02 8.671174e-01 8.509949e+01 5.840746e-03 9.945792e-01 -1.038175e-01 -9.773133e+00 -8.721120e-01 -4.573033e-02 -4.871646e-01 7.182366e+01
-5.006424e-01 9.314092e-02 8.606288e-01 8.592479e+01 5.722827e-03 9.945291e-01 -1.043031e-01 -9.882684e+00 -8.656353e-01 -4.729334e-02 -4.984365e-01 7.134475e+01
-5.130209e-01 9.117318e-02 8.535204e-01 8.673973e+01 5.515880e-03 9.946727e-01 -1.029357e-01 -9.997606e+00 -8.583584e-01 -4.810024e-02 -5.107908e-01 7.085833e+01
-5.254899e-01 9.129339e-02 8.458876e-01 8.753794e+01 6.570473e-03 9.946322e-01 -1.032650e-01 -1.010501e+01 -8.507745e-01 -4.870685e-02 -5.232690e-01 7.036500e+01
-5.385608e-01 9.243670e-02 8.375009e-01 8.833792e+01 8.299226e-03 9.944978e-01 -1.044279e-01 -1.021247e+01 -8.425458e-01 -4.929016e-02 -5.363647e-01 6.985599e+01
-5.489412e-01 9.514602e-02 8.304281e-01 8.915339e+01 7.641613e-03 9.940300e-01 -1.088393e-01 -1.033206e+01 -8.358260e-01 -5.340056e-02 -5.463911e-01 6.934280e+01
-5.614370e-01 9.541763e-02 8.219999e-01 8.993342e+01 8.746170e-03 9.939588e-01 -1.094048e-01 -1.044536e+01 -8.274732e-01 -5.423457e-02 -5.588798e-01 6.880995e+01
-5.732806e-01 9.528728e-02 8.137996e-01 9.068904e+01 1.094988e-02 9.940170e-01 -1.086752e-01 -1.055473e+01 -8.192860e-01 -5.339037e-02 -5.708940e-01 6.826541e+01
-5.854029e-01 9.359771e-02 8.053216e-01 9.144289e+01 1.279191e-02 9.942563e-01 -1.062578e-01 -1.067503e+01 -8.106416e-01 -5.190202e-02 -5.832378e-01 6.771995e+01
-5.967157e-01 9.392441e-02 7.969370e-01 9.214977e+01 1.545899e-02 9.942876e-01 -1.056084e-01 -1.078749e+01 -8.023038e-01 -5.069836e-02 -5.947590e-01 6.718385e+01
-6.064592e-01 9.570447e-02 7.893338e-01 9.288345e+01 1.936305e-02 9.942129e-01 -1.056685e-01 -1.089872e+01 -7.948788e-01 -4.879972e-02 -6.048027e-01 6.661934e+01
-6.142210e-01 9.793635e-02 7.830332e-01 9.362403e+01 2.343571e-02 9.940951e-01 -1.059512e-01 -1.100515e+01 -7.887860e-01 -4.672654e-02 -6.128893e-01 6.603261e+01
-6.198635e-01 1.000263e-01 7.783084e-01 9.432213e+01 2.798657e-02 9.940295e-01 -1.054611e-01 -1.110896e+01 -7.842104e-01 -4.358932e-02 -6.189620e-01 6.547209e+01
-6.238368e-01 1.010522e-01 7.749943e-01 9.505784e+01 3.073546e-02 9.940109e-01 -1.048693e-01 -1.122541e+01 -7.809501e-01 -4.160151e-02 -6.232065e-01 6.489983e+01
-6.257607e-01 1.034983e-01 7.731182e-01 9.573237e+01 3.460954e-02 9.938659e-01 -1.050371e-01 -1.133197e+01 -7.792469e-01 -3.897085e-02 -6.255042e-01 6.434390e+01
-6.239209e-01 1.056032e-01 7.743195e-01 9.641892e+01 3.613351e-02 9.936663e-01 -1.064030e-01 -1.143351e+01 -7.806517e-01 -3.840816e-02 -6.237850e-01 6.378635e+01
-6.229243e-01 1.082981e-01 7.747496e-01 9.709947e+01 4.016930e-02 9.934926e-01 -1.065776e-01 -1.153678e+01 -7.812502e-01 -3.526863e-02 -6.232209e-01 6.324425e+01
-6.209400e-01 1.086159e-01 7.762964e-01 9.780298e+01 4.093696e-02 9.934952e-01 -1.062609e-01 -1.164728e+01 -7.827884e-01 -3.420242e-02 -6.213473e-01 6.271337e+01
-6.171056e-01 1.094234e-01 7.792350e-01 9.846611e+01 4.236124e-02 9.934677e-01 -1.059593e-01 -1.175467e+01 -7.857393e-01 -3.237874e-02 -6.177098e-01 6.219736e+01
-6.121261e-01 1.109648e-01 7.829358e-01 9.910463e+01 4.443877e-02 9.933678e-01 -1.060453e-01 -1.184792e+01 -7.895105e-01 -3.012041e-02 -6.129975e-01 6.169876e+01
-6.064680e-01 1.117632e-01 7.872138e-01 9.972140e+01 4.518444e-02 9.933161e-01 -1.062142e-01 -1.194076e+01 -7.938230e-01 -2.884570e-02 -6.074644e-01 6.121938e+01
-6.017333e-01 1.111569e-01 7.909243e-01 1.003334e+02 4.401342e-02 9.933783e-01 -1.061245e-01 -1.203732e+01 -7.974835e-01 -2.904739e-02 -6.026412e-01 6.076429e+01
-5.968582e-01 1.100538e-01 7.947632e-01 1.009317e+02 4.214477e-02 9.934811e-01 -1.059207e-01 -1.213138e+01 -8.012391e-01 -2.972453e-02 -5.976055e-01 6.032310e+01
-5.923410e-01 1.092978e-01 7.982394e-01 1.014804e+02 4.149903e-02 9.935795e-01 -1.052498e-01 -1.222303e+01 -8.046179e-01 -2.921761e-02 -5.930737e-01 5.991447e+01
-5.891744e-01 1.087039e-01 8.006604e-01 1.020372e+02 4.059880e-02 9.936401e-01 -1.050293e-01 -1.230252e+01 -8.069853e-01 -2.937472e-02 -5.898405e-01 5.951885e+01
-5.846873e-01 1.106127e-01 8.036825e-01 1.025942e+02 3.937936e-02 9.933630e-01 -1.080700e-01 -1.239006e+01 -8.103024e-01 -3.153866e-02 -5.851626e-01 5.911444e+01
-5.846497e-01 1.132819e-01 8.033380e-01 1.031359e+02 3.879635e-02 9.929744e-01 -1.117883e-01 -1.247500e+01 -8.103577e-01 -3.419039e-02 -5.849371e-01 5.872958e+01
-5.861531e-01 1.187935e-01 8.014441e-01 1.036677e+02 4.143414e-02 9.922933e-01 -1.167783e-01 -1.256508e+01 -8.091401e-01 -3.524279e-02 -5.865579e-01 5.834090e+01
-5.884080e-01 1.242575e-01 7.989594e-01 1.041872e+02 4.431809e-02 9.915920e-01 -1.215777e-01 -1.265632e+01 -8.073487e-01 -3.612895e-02 -5.889676e-01 5.794589e+01
-5.914782e-01 1.259142e-01 7.964290e-01 1.046871e+02 4.743860e-02 9.914551e-01 -1.215167e-01 -1.273846e+01 -8.049243e-01 -3.409299e-02 -5.923972e-01 5.755770e+01
-5.954740e-01 1.226507e-01 7.939569e-01 1.052123e+02 4.884983e-02 9.919765e-01 -1.166030e-01 -1.280797e+01 -8.018880e-01 -3.064942e-02 -5.966877e-01 5.715253e+01
-5.998429e-01 1.142461e-01 7.919194e-01 1.057543e+02 4.756944e-02 9.930948e-01 -1.072370e-01 -1.289011e+01 -7.987025e-01 -2.665417e-02 -6.011355e-01 5.674551e+01
-6.047448e-01 1.074428e-01 7.891387e-01 1.062907e+02 4.607961e-02 9.939187e-01 -1.000115e-01 -1.297570e+01 -7.950852e-01 -2.411826e-02 -6.060181e-01 5.633539e+01
-6.100818e-01 1.065017e-01 7.851481e-01 1.068090e+02 4.408009e-02 9.939527e-01 -1.005736e-01 -1.305698e+01 -7.911113e-01 -2.674873e-02 -6.110870e-01 5.593498e+01
-6.138597e-01 1.095669e-01 7.817745e-01 1.073322e+02 4.277646e-02 9.934829e-01 -1.056495e-01 -1.313458e+01 -7.882553e-01 -3.141244e-02 -6.145460e-01 5.552702e+01
-6.146426e-01 1.140853e-01 7.805120e-01 1.078408e+02 4.190469e-02 9.928110e-01 -1.121170e-01 -1.320811e+01 -7.876919e-01 -3.620479e-02 -6.150047e-01 5.511723e+01
-6.175400e-01 1.141598e-01 7.782107e-01 1.083700e+02 3.868457e-02 9.926218e-01 -1.149153e-01 -1.328275e+01 -7.855876e-01 -4.086002e-02 -6.173999e-01 5.471232e+01
-6.194333e-01 1.137568e-01 7.767636e-01 1.089163e+02 3.725836e-02 9.925907e-01 -1.156528e-01 -1.336632e+01 -7.841646e-01 -4.269824e-02 -6.190822e-01 5.429079e+01
-6.212221e-01 1.134288e-01 7.753819e-01 1.094577e+02 3.595481e-02 9.925524e-01 -1.163919e-01 -1.345762e+01 -7.828093e-01 -4.442649e-02 -6.206737e-01 5.386822e+01
-6.219729e-01 1.134389e-01 7.747783e-01 1.100065e+02 3.468841e-02 9.924710e-01 -1.174653e-01 -1.354026e+01 -7.822701e-01 -4.618440e-02 -6.212250e-01 5.343700e+01
-6.212412e-01 1.135582e-01 7.753476e-01 1.105476e+02 3.587022e-02 9.925279e-01 -1.166259e-01 -1.362700e+01 -7.827980e-01 -4.464092e-02 -6.206726e-01 5.300300e+01
-6.199311e-01 1.105842e-01 7.768247e-01 1.111106e+02 3.755877e-02 9.930663e-01 -1.113940e-01 -1.371238e+01 -7.837568e-01 -3.988001e-02 -6.197861e-01 5.254903e+01
-6.162102e-01 1.037190e-01 7.807223e-01 1.116857e+02 3.626484e-02 9.939758e-01 -1.034265e-01 -1.379632e+01 -7.867464e-01 -3.541971e-02 -6.162594e-01 5.209342e+01
-6.106351e-01 1.008543e-01 7.854637e-01 1.122432e+02 3.626912e-02 9.943781e-01 -9.948277e-02 -1.388686e+01 -7.910811e-01 -3.225959e-02 -6.108600e-01 5.165665e+01
-6.040369e-01 1.009614e-01 7.905354e-01 1.128336e+02 3.537449e-02 9.943621e-01 -9.996354e-02 -1.397145e+01 -7.961709e-01 -3.241688e-02 -6.042028e-01 5.121340e+01
-5.954911e-01 1.027366e-01 7.967657e-01 1.134447e+02 3.143298e-02 9.940094e-01 -1.046771e-01 -1.404809e+01 -8.027468e-01 -3.728955e-02 -5.951530e-01 5.076824e+01
-5.890358e-01 1.000330e-01 8.018917e-01 1.140615e+02 2.670150e-02 9.941763e-01 -1.044060e-01 -1.412886e+01 -8.076657e-01 -4.008715e-02 -5.882764e-01 5.032605e+01
-5.830822e-01 9.521682e-02 8.068141e-01 1.146992e+02 1.828589e-02 9.943946e-01 -1.041391e-01 -1.421226e+01 -8.122074e-01 -4.596836e-02 -5.815549e-01 4.988860e+01
-5.782013e-01 9.192423e-02 8.106992e-01 1.153458e+02 1.159051e-02 9.944580e-01 -1.044939e-01 -1.431015e+01 -8.158118e-01 -5.102210e-02 -5.760624e-01 4.944934e+01
-5.758652e-01 9.102975e-02 8.124610e-01 1.159963e+02 6.226753e-04 9.938303e-01 -1.109094e-01 -1.440106e+01 -8.175444e-01 -6.336295e-02 -5.723690e-01 4.902007e+01
-5.745057e-01 9.332995e-02 8.131622e-01 1.166628e+02 -7.502843e-03 9.928356e-01 -1.192526e-01 -1.449127e+01 -8.184662e-01 -7.461235e-02 -5.696895e-01 4.858462e+01
-5.732829e-01 9.076287e-02 8.143149e-01 1.173395e+02 -1.798423e-02 9.922124e-01 -1.232522e-01 -1.459181e+01 -8.191601e-01 -8.530320e-02 -5.671861e-01 4.814715e+01
-5.711783e-01 9.176302e-02 8.156806e-01 1.180346e+02 -1.628117e-02 9.922694e-01 -1.230299e-01 -1.469086e+01 -8.206645e-01 -8.355223e-02 -5.652688e-01 4.767604e+01
-5.690343e-01 8.839785e-02 8.175487e-01 1.186712e+02 -1.729390e-02 9.926988e-01 -1.193730e-01 -1.480490e+01 -8.221319e-01 -8.206595e-02 -5.633509e-01 4.722232e+01
-5.680586e-01 8.405559e-02 8.186844e-01 1.193522e+02 -2.123037e-02 9.929429e-01 -1.166780e-01 -1.492029e+01 -8.227142e-01 -8.366094e-02 -5.622652e-01 4.675823e+01
-5.666382e-01 8.438789e-02 8.196340e-01 1.200871e+02 -2.148030e-02 9.928906e-01 -1.170760e-01 -1.502162e+01 -8.236867e-01 -8.394574e-02 -5.607971e-01 4.627879e+01
-5.666435e-01 8.733857e-02 8.193211e-01 1.207961e+02 -1.857723e-02 9.927594e-01 -1.186749e-01 -1.513877e+01 -8.237536e-01 -8.246707e-02 -5.609181e-01 4.579155e+01
-5.679891e-01 9.079871e-02 8.180122e-01 1.214883e+02 -1.632228e-02 9.924578e-01 -1.214954e-01 -1.524436e+01 -8.228742e-01 -8.235992e-02 -5.622232e-01 4.530440e+01
-5.698038e-01 8.919808e-02 8.169255e-01 1.222305e+02 -1.781009e-02 9.925179e-01 -1.207931e-01 -1.535489e+01 -8.215877e-01 -8.337789e-02 -5.639519e-01 4.480013e+01
-5.708173e-01 8.691001e-02 8.164645e-01 1.229518e+02 -1.721859e-02 9.928965e-01 -1.177287e-01 -1.547297e+01 -8.208966e-01 -8.125995e-02 -5.652660e-01 4.429493e+01
-5.713378e-01 8.569522e-02 8.162288e-01 1.236757e+02 -1.463738e-02 9.933116e-01 -1.145328e-01 -1.558485e+01 -8.205845e-01 -7.738436e-02 -5.662621e-01 4.377047e+01
-5.729963e-01 8.405423e-02 8.152363e-01 1.244436e+02 -1.802299e-02 9.931939e-01 -1.150700e-01 -1.569302e+01 -8.193598e-01 -8.062769e-02 -5.675815e-01 4.324277e+01
-5.742410e-01 8.238118e-02 8.145309e-01 1.251620e+02 -2.197635e-02 9.930147e-01 -1.159262e-01 -1.580690e+01 -8.183913e-01 -8.446998e-02 -5.684193e-01 4.272783e+01
-5.756490e-01 8.264069e-02 8.135102e-01 1.259388e+02 -2.214462e-02 9.929393e-01 -1.165378e-01 -1.592265e+01 -8.173970e-01 -8.509976e-02 -5.697545e-01 4.219167e+01
-5.772791e-01 8.125936e-02 8.124935e-01 1.267186e+02 -2.077733e-02 9.932520e-01 -1.140998e-01 -1.603748e+01 -8.162825e-01 -8.274887e-02 -5.716953e-01 4.165093e+01
-5.784681e-01 7.445217e-02 8.123002e-01 1.275027e+02 -2.434463e-02 9.938065e-01 -1.084250e-01 -1.614759e+01 -8.153417e-01 -8.249554e-02 -5.730728e-01 4.110674e+01
-5.800695e-01 6.692849e-02 8.118128e-01 1.282978e+02 -2.615623e-02 9.945744e-01 -1.006855e-01 -1.627008e+01 -8.141469e-01 -7.963856e-02 -5.751717e-01 4.055476e+01
-5.798690e-01 6.357693e-02 8.122253e-01 1.290544e+02 -2.716200e-02 9.948877e-01 -9.726649e-02 -1.637817e+01 -8.142568e-01 -7.846348e-02 -5.751776e-01 4.000702e+01
-5.810305e-01 6.398510e-02 8.113627e-01 1.298541e+02 -3.072141e-02 9.944702e-01 -1.004253e-01 -1.649554e+01 -8.133018e-01 -8.327637e-02 -5.758518e-01 3.946264e+01
-5.812384e-01 6.577551e-02 8.110706e-01 1.306276e+02 -3.549305e-02 9.937299e-01 -1.060241e-01 -1.660422e+01 -8.129589e-01 -9.041264e-02 -5.752594e-01 3.892535e+01
-5.809008e-01 6.689624e-02 8.112208e-01 1.314163e+02 -4.019392e-02 9.930439e-01 -1.106722e-01 -1.672014e+01 -8.129814e-01 -9.689570e-02 -5.741711e-01 3.839254e+01
-5.791993e-01 6.506203e-02 8.125854e-01 1.322387e+02 -4.102901e-02 9.932199e-01 -1.087700e-01 -1.684417e+01 -8.141528e-01 -9.633906e-02 -5.726028e-01 3.783875e+01
-5.766026e-01 6.694093e-02 8.142778e-01 1.330467e+02 -3.750935e-02 9.934181e-01 -1.082288e-01 -1.695730e+01 -8.161632e-01 -9.294805e-02 -5.702966e-01 3.727676e+01
-5.739665e-01 7.233533e-02 8.156777e-01 1.338263e+02 -2.879714e-02 9.936918e-01 -1.083855e-01 -1.707670e+01 -8.183723e-01 -8.569881e-02 -5.682627e-01 3.673667e+01
-5.691178e-01 7.676468e-02 8.186648e-01 1.346271e+02 -2.516186e-02 9.935404e-01 -1.106544e-01 -1.719018e+01 -8.218709e-01 -8.357453e-02 -5.635100e-01 3.618373e+01
-5.638784e-01 8.098934e-02 8.218770e-01 1.353843e+02 -2.073755e-02 9.934775e-01 -1.121269e-01 -1.731735e+01 -8.255974e-01 -8.026967e-02 -5.585210e-01 3.564477e+01
-5.581842e-01 8.927926e-02 8.248998e-01 1.359917e+02 -5.735199e-03 9.937551e-01 -1.114354e-01 -1.743781e+01 -8.296973e-01 -6.693242e-02 -5.541863e-01 3.513141e+01
-5.570646e-01 8.814060e-02 8.257786e-01 1.367696e+02 -9.387353e-03 9.936201e-01 -1.123880e-01 -1.755840e+01 -8.304161e-01 -7.035926e-02 -5.526831e-01 3.460958e+01
-5.584879e-01 8.440431e-02 8.252073e-01 1.375666e+02 -1.178669e-02 9.939019e-01 -1.096359e-01 -1.767444e+01 -8.294289e-01 -7.095678e-02 -5.540874e-01 3.409064e+01
-5.591984e-01 7.905800e-02 8.252557e-01 1.383509e+02 -1.412222e-02 9.943899e-01 -1.048300e-01 -1.778846e+01 -8.289136e-01 -7.027524e-02 -5.549447e-01 3.356557e+01
-5.604725e-01 7.308473e-02 8.249420e-01 1.391070e+02 -1.986649e-02 9.946254e-01 -1.016151e-01 -1.790366e+01 -8.279347e-01 -7.334116e-02 -5.560082e-01 3.304733e+01
-5.636123e-01 6.924919e-02 8.231316e-01 1.399390e+02 -2.346458e-02 9.947356e-01 -9.975265e-02 -1.802150e+01 -8.257061e-01 -7.553626e-02 -5.590203e-01 3.252134e+01
-5.657891e-01 7.083642e-02 8.215016e-01 1.407106e+02 -2.498915e-02 9.943722e-01 -1.029534e-01 -1.813312e+01 -8.241712e-01 -7.877853e-02 -5.608349e-01 3.200850e+01
-5.673645e-01 6.528278e-02 8.208749e-01 1.414857e+02 -3.277053e-02 9.942729e-01 -1.017228e-01 -1.822793e+01 -8.228144e-01 -8.461444e-02 -5.619758e-01 3.149169e+01
-5.690053e-01 7.291727e-02 8.190946e-01 1.422654e+02 -2.794779e-02 9.937708e-01 -1.078819e-01 -1.833906e+01 -8.218588e-01 -8.427727e-02 -5.634230e-01 3.096174e+01
-5.708021e-01 7.642996e-02 8.175228e-01 1.430297e+02 -2.874862e-02 9.931875e-01 -1.129254e-01 -1.844863e+01 -8.205843e-01 -8.796069e-02 -5.647162e-01 3.044089e+01
-5.728827e-01 8.095042e-02 8.156301e-01 1.437886e+02 -3.080094e-02 9.922818e-01 -1.201169e-01 -1.856852e+01 -8.190584e-01 -9.393506e-02 -5.659678e-01 2.992115e+01
-5.737032e-01 8.208731e-02 8.149395e-01 1.445557e+02 -2.544068e-02 9.926992e-01 -1.179025e-01 -1.868300e+01 -8.186681e-01 -8.837366e-02 -5.674263e-01 2.938256e+01
-5.735703e-01 7.882178e-02 8.153553e-01 1.453108e+02 -2.453598e-02 9.932601e-01 -1.132802e-01 -1.880126e+01 -8.187888e-01 -8.497971e-02 -5.677705e-01 2.885402e+01
-5.733764e-01 7.385911e-02 8.159561e-01 1.460696e+02 -2.492847e-02 9.938943e-01 -1.074832e-01 -1.891473e+01 -8.189127e-01 -8.196885e-02 -5.680344e-01 2.832569e+01
-5.722247e-01 7.863344e-02 8.163184e-01 1.467916e+02 -2.018109e-02 9.937410e-01 -1.098706e-01 -1.902703e+01 -8.198485e-01 -7.934486e-02 -5.670562e-01 2.780845e+01
-5.717535e-01 8.020389e-02 8.164957e-01 1.475385e+02 -2.335018e-02 9.932162e-01 -1.139141e-01 -1.913597e+01 -8.200931e-01 -8.419608e-02 -5.660020e-01 2.729667e+01
-5.708421e-01 8.467430e-02 8.166821e-01 1.482457e+02 -2.408008e-02 9.925137e-01 -1.197361e-01 -1.925928e+01 -8.207067e-01 -8.801617e-02 -5.645296e-01 2.679584e+01
-5.700282e-01 8.221487e-02 8.175014e-01 1.489898e+02 -2.792093e-02 9.924680e-01 -1.192797e-01 -1.937949e+01 -8.211506e-01 -9.081820e-02 -5.634392e-01 2.628150e+01
-5.702454e-01 7.731405e-02 8.178281e-01 1.497177e+02 -2.997899e-02 9.929394e-01 -1.147717e-01 -1.949651e+01 -8.209272e-01 -8.996571e-02 -5.639013e-01 2.578537e+01
-5.706680e-01 7.363646e-02 8.178727e-01 1.504274e+02 -2.650704e-02 9.938006e-01 -1.079712e-01 -1.960869e+01 -8.207530e-01 -8.329507e-02 -5.651783e-01 2.529017e+01
-5.698275e-01 7.407549e-02 8.184188e-01 1.510473e+02 -2.363444e-02 9.940396e-01 -1.064266e-01 -1.972732e+01 -8.214244e-01 -7.998768e-02 -5.646804e-01 2.480733e+01
-5.721029e-01 8.128723e-02 8.161438e-01 1.517341e+02 -2.337494e-02 9.930565e-01 -1.152930e-01 -1.983367e+01 -8.198487e-01 -8.503678e-02 -5.662303e-01 2.434219e+01
-5.742486e-01 9.261680e-02 8.134253e-01 1.524220e+02 -2.115559e-02 9.915697e-01 -1.278354e-01 -1.994758e+01 -8.184076e-01 -9.061781e-02 -5.674481e-01 2.386856e+01
-5.773230e-01 9.548120e-02 8.109140e-01 1.531001e+02 -1.604750e-02 9.916206e-01 -1.281834e-01 -2.005327e+01 -8.163582e-01 -8.701637e-02 -5.709532e-01 2.339491e+01
-5.813330e-01 8.945907e-02 8.087330e-01 1.537415e+02 -1.260546e-02 9.928281e-01 -1.188840e-01 -2.016441e+01 -8.135681e-01 -7.930567e-02 -5.760361e-01 2.293585e+01
-5.843518e-01 8.066143e-02 8.074817e-01 1.543337e+02 -9.194786e-03 9.943258e-01 -1.059798e-01 -2.027060e+01 -8.114484e-01 -6.935409e-02 -5.802944e-01 2.247019e+01
-5.882505e-01 7.441866e-02 8.052473e-01 1.549362e+02 -1.146096e-02 9.948895e-01 -1.003173e-01 -2.037455e+01 -8.085975e-01 -6.824063e-02 -5.843913e-01 2.203508e+01
-5.921683e-01 7.889541e-02 8.019427e-01 1.555092e+02 -9.908101e-03 9.944074e-01 -1.051465e-01 -2.046232e+01 -8.057534e-01 -7.021013e-02 -5.880749e-01 2.161187e+01
-5.941082e-01 8.918576e-02 7.994257e-01 1.560726e+02 -5.872401e-03 9.933270e-01 -1.151820e-01 -2.054853e+01 -8.043637e-01 -7.312513e-02 -5.896200e-01 2.118827e+01
-5.968977e-01 9.605410e-02 7.965468e-01 1.566066e+02 -4.003873e-03 9.924386e-01 -1.226767e-01 -2.063612e+01 -8.023074e-01 -7.641468e-02 -5.919997e-01 2.078640e+01
-5.975035e-01 1.001398e-01 7.955888e-01 1.571088e+02 -2.732316e-04 9.921459e-01 -1.250854e-01 -2.072115e+01 -8.018663e-01 -7.495637e-02 -5.927833e-01 2.040015e+01
-5.938026e-01 1.015684e-01 7.981743e-01 1.575997e+02 5.582345e-03 9.924968e-01 -1.221432e-01 -2.080683e+01 -8.045914e-01 -6.807325e-02 -5.899142e-01 2.002467e+01
-5.865097e-01 1.053181e-01 8.030657e-01 1.580853e+02 1.367325e-02 9.926560e-01 -1.201959e-01 -2.088968e+01 -8.098268e-01 -5.951554e-02 -5.836424e-01 1.965479e+01
-5.732772e-01 1.062043e-01 8.124493e-01 1.585588e+02 1.668150e-02 9.928713e-01 -1.180185e-01 -2.097206e+01 -8.191917e-01 -5.410446e-02 -5.709621e-01 1.930483e+01
-5.540850e-01 1.116954e-01 8.249327e-01 1.590422e+02 2.170914e-02 9.925594e-01 -1.198106e-01 -2.104956e+01 -8.321770e-01 -4.847666e-02 -5.523871e-01 1.897951e+01
-5.282359e-01 1.175423e-01 8.409225e-01 1.595411e+02 2.647294e-02 9.921703e-01 -1.220541e-01 -2.112419e+01 -8.486849e-01 -4.221165e-02 -5.272117e-01 1.866117e+01
-4.961012e-01 1.213086e-01 8.597487e-01 1.600294e+02 2.820194e-02 9.919208e-01 -1.236844e-01 -2.120086e+01 -8.678066e-01 -3.711338e-02 -4.955142e-01 1.837540e+01
-4.601069e-01 1.193474e-01 8.798056e-01 1.605375e+02 2.539014e-02 9.922877e-01 -1.213277e-01 -2.127416e+01 -8.875004e-01 -3.348533e-02 -4.595886e-01 1.812036e+01
-4.220769e-01 1.154461e-01 8.991792e-01 1.610596e+02 1.528064e-02 9.926235e-01 -1.202707e-01 -2.135027e+01 -9.064312e-01 -3.702344e-02 -4.207276e-01 1.790148e+01
-3.830205e-01 1.134739e-01 9.167437e-01 1.615791e+02 6.012976e-03 9.927115e-01 -1.203648e-01 -2.142290e+01 -9.237203e-01 -4.058985e-02 -3.809112e-01 1.771154e+01
-3.430253e-01 1.170961e-01 9.319990e-01 1.621046e+02 9.009442e-04 9.922401e-01 -1.243332e-01 -2.149752e+01 -9.393257e-01 -4.180974e-02 -3.404690e-01 1.754385e+01
-3.021950e-01 1.219424e-01 9.454143e-01 1.626399e+02 -2.076945e-03 9.916975e-01 -1.285760e-01 -2.157676e+01 -9.532439e-01 -4.081859e-02 -2.994328e-01 1.740175e+01
-2.609519e-01 1.270858e-01 9.569500e-01 1.631789e+02 -8.006158e-03 9.909776e-01 -1.337880e-01 -2.165353e+01 -9.653186e-01 -4.257371e-02 -2.575800e-01 1.728169e+01
-2.197146e-01 1.275203e-01 9.671939e-01 1.637307e+02 -1.451025e-02 9.908832e-01 -1.339399e-01 -2.172809e+01 -9.754563e-01 -4.346277e-02 -2.158611e-01 1.719308e+01
-1.777623e-01 1.252174e-01 9.760744e-01 1.643049e+02 -2.125496e-02 9.911515e-01 -1.310225e-01 -2.180544e+01 -9.838439e-01 -4.403729e-02 -1.735279e-01 1.713087e+01
-1.371595e-01 1.205412e-01 9.831872e-01 1.648768e+02 -2.859283e-02 9.916726e-01 -1.255703e-01 -2.188643e+01 -9.901362e-01 -4.533526e-02 -1.325707e-01 1.707895e+01
-1.009516e-01 1.141819e-01 9.883174e-01 1.654623e+02 -3.818156e-02 9.922158e-01 -1.185323e-01 -2.196243e+01 -9.941584e-01 -4.970154e-02 -9.580618e-02 1.705265e+01
-6.844299e-02 1.070075e-01 9.918997e-01 1.660483e+02 -4.719704e-02 9.927706e-01 -1.103582e-01 -2.204013e+01 -9.965380e-01 -5.436797e-02 -6.289775e-02 1.704173e+01
-3.919369e-02 1.050491e-01 9.936944e-01 1.666576e+02 -5.491039e-02 9.927294e-01 -1.071129e-01 -2.210535e+01 -9.977218e-01 -5.876230e-02 -3.314045e-02 1.705087e+01
-1.672439e-02 1.030243e-01 9.945382e-01 1.672416e+02 -6.245809e-02 9.926271e-01 -1.038767e-01 -2.217027e+01 -9.979075e-01 -6.385423e-02 -1.016638e-02 1.705835e+01
2.547822e-04 9.981062e-02 9.950064e-01 1.678320e+02 -7.335604e-02 9.923276e-01 -9.952312e-02 -2.224065e+01 -9.973058e-01 -7.296438e-02 7.574539e-03 1.708015e+01
1.205421e-02 9.893157e-02 9.950212e-01 1.684496e+02 -8.657059e-02 9.914604e-01 -9.752876e-02 -2.230333e+01 -9.961728e-01 -8.496394e-02 2.051584e-02 1.712149e+01
1.962654e-02 1.016072e-01 9.946310e-01 1.690596e+02 -9.221040e-02 9.907665e-01 -9.939290e-02 -2.236463e+01 -9.955461e-01 -8.976458e-02 2.881456e-02 1.715325e+01
2.332062e-02 1.038890e-01 9.943155e-01 1.696855e+02 -9.809683e-02 9.900241e-01 -1.011399e-01 -2.243361e+01 -9.949036e-01 -9.518055e-02 3.327916e-02 1.718715e+01
2.421515e-02 1.059940e-01 9.940719e-01 1.703189e+02 -9.924957e-02 9.897059e-01 -1.031108e-01 -2.250053e+01 -9.947679e-01 -9.616437e-02 3.448574e-02 1.721735e+01
2.213327e-02 1.046388e-01 9.942640e-01 1.709601e+02 -1.007107e-01 9.896822e-01 -1.019146e-01 -2.257147e+01 -9.946695e-01 -9.787729e-02 3.244315e-02 1.724928e+01
1.888657e-02 1.033952e-01 9.944610e-01 1.716217e+02 -9.883646e-02 9.899597e-01 -1.010501e-01 -2.263272e+01 -9.949244e-01 -9.638052e-02 2.891616e-02 1.726989e+01
1.388142e-02 9.863713e-02 9.950266e-01 1.722919e+02 -1.002509e-01 9.902456e-01 -9.676460e-02 -2.270921e+01 -9.948653e-01 -9.840913e-02 2.363448e-02 1.729165e+01
8.299441e-03 1.001803e-01 9.949347e-01 1.729593e+02 -9.904337e-02 9.901588e-01 -9.887324e-02 -2.278594e+01 -9.950485e-01 -9.772109e-02 1.813996e-02 1.730863e+01
7.732693e-04 1.070597e-01 9.942523e-01 1.736184e+02 -9.981581e-02 9.892955e-01 -1.064483e-01 -2.286766e+01 -9.950056e-01 -9.915978e-02 1.145124e-02 1.731426e+01
-5.849397e-03 1.170725e-01 9.931061e-01 1.742911e+02 -1.004559e-01 9.880305e-01 -1.170658e-01 -2.295518e+01 -9.949243e-01 -1.004481e-01 5.981238e-03 1.732204e+01
-1.225988e-02 1.225017e-01 9.923926e-01 1.749573e+02 -9.843157e-02 9.874990e-01 -1.231137e-01 -2.303244e+01 -9.950683e-01 -9.919212e-02 -4.858066e-05 1.730913e+01
-1.830998e-02 1.199387e-01 9.926124e-01 1.756468e+02 -9.813128e-02 9.877700e-01 -1.211638e-01 -2.311893e+01 -9.950050e-01 -9.962483e-02 -6.316308e-03 1.730070e+01
-2.582273e-02 1.126577e-01 9.932983e-01 1.763703e+02 -9.951415e-02 9.884044e-01 -1.146897e-01 -2.321074e+01 -9.947010e-01 -1.018088e-01 -1.431227e-02 1.730331e+01
-3.345803e-02 1.069768e-01 9.936984e-01 1.770956e+02 -1.040597e-01 9.884784e-01 -1.099185e-01 -2.330834e+01 -9.940081e-01 -1.070816e-01 -2.194057e-02 1.730194e+01
-4.016422e-02 1.056353e-01 9.935935e-01 1.777935e+02 -1.076704e-01 9.881482e-01 -1.094088e-01 -2.340180e+01 -9.933750e-01 -1.113750e-01 -2.831439e-02 1.729267e+01
-4.583829e-02 1.092541e-01 9.929564e-01 1.784965e+02 -1.116892e-01 9.872083e-01 -1.137776e-01 -2.349158e+01 -9.926854e-01 -1.161179e-01 -3.304944e-02 1.727739e+01
-4.910083e-02 1.118625e-01 9.925099e-01 1.792243e+02 -1.088987e-01 9.871848e-01 -1.166497e-01 -2.357709e+01 -9.928395e-01 -1.138106e-01 -3.628992e-02 1.725381e+01
-5.033067e-02 1.142870e-01 9.921720e-01 1.799838e+02 -1.002942e-01 9.878309e-01 -1.188746e-01 -2.367140e+01 -9.936840e-01 -1.054921e-01 -3.825587e-02 1.722393e+01
-5.158306e-02 1.129333e-01 9.922627e-01 1.806113e+02 -9.379076e-02 9.886461e-01 -1.173974e-01 -2.375346e+01 -9.942547e-01 -9.912079e-02 -4.040529e-02 1.715201e+01
-5.253297e-02 1.105764e-01 9.924783e-01 1.812890e+02 -1.008481e-01 9.881823e-01 -1.154358e-01 -2.385237e+01 -9.935139e-01 -1.061538e-01 -4.076073e-02 1.712436e+01
-5.127963e-02 1.068845e-01 9.929482e-01 1.820108e+02 -1.060702e-01 9.880496e-01 -1.118351e-01 -2.394823e+01 -9.930355e-01 -1.110571e-01 -3.932955e-02 1.710172e+01
-4.886615e-02 1.063332e-01 9.931291e-01 1.827427e+02 -1.041935e-01 9.883492e-01 -1.109482e-01 -2.404479e+01 -9.933558e-01 -1.088992e-01 -3.721760e-02 1.707090e+01
-4.735368e-02 1.064399e-01 9.931909e-01 1.835015e+02 -9.939693e-02 9.888692e-01 -1.107158e-01 -2.413835e+01 -9.939205e-01 -1.039629e-01 -3.624679e-02 1.704387e+01
-4.756961e-02 1.058090e-01 9.932480e-01 1.842667e+02 -1.027006e-01 9.885857e-01 -1.102309e-01 -2.422344e+01 -9.935742e-01 -1.072508e-01 -3.615999e-02 1.702911e+01
-4.702198e-02 1.033237e-01 9.935357e-01 1.849579e+02 -1.059227e-01 9.885122e-01 -1.078144e-01 -2.431191e+01 -9.932620e-01 -1.103076e-01 -3.553747e-02 1.699617e+01
-4.593620e-02 1.005200e-01 9.938740e-01 1.856947e+02 -1.093702e-01 9.884371e-01 -1.050251e-01 -2.439211e+01 -9.929391e-01 -1.135247e-01 -3.441115e-02 1.697903e+01
-4.477757e-02 9.787732e-02 9.941906e-01 1.864249e+02 -1.117640e-01 9.884504e-01 -1.023460e-01 -2.448281e+01 -9.927254e-01 -1.156975e-01 -3.332124e-02 1.696177e+01
-4.338762e-02 9.955008e-02 9.940862e-01 1.870947e+02 -1.103495e-01 9.884574e-01 -1.038027e-01 -2.457608e+01 -9.929454e-01 -1.142007e-01 -3.190151e-02 1.691892e+01
-4.420716e-02 1.035797e-01 9.936383e-01 1.878713e+02 -1.064955e-01 9.884547e-01 -1.077773e-01 -2.467319e+01 -9.933300e-01 -1.105825e-01 -3.266600e-02 1.689314e+01
-4.439984e-02 1.069530e-01 9.932722e-01 1.885320e+02 -1.078782e-01 9.879256e-01 -1.111995e-01 -2.477408e+01 -9.931722e-01 -1.120897e-01 -3.232583e-02 1.687947e+01
-4.640215e-02 1.088799e-01 9.929713e-01 1.893636e+02 -1.134789e-01 9.870325e-01 -1.135316e-01 -2.486282e+01 -9.924562e-01 -1.179494e-01 -3.344486e-02 1.687548e+01
-4.765712e-02 1.059088e-01 9.932332e-01 1.901331e+02 -1.141799e-01 9.872675e-01 -1.107512e-01 -2.495366e+01 -9.923164e-01 -1.186853e-01 -3.495767e-02 1.684957e+01
-4.794577e-02 1.036391e-01 9.934587e-01 1.908715e+02 -1.115107e-01 9.878297e-01 -1.084336e-01 -2.506091e+01 -9.926059e-01 -1.159802e-01 -3.580539e-02 1.680515e+01
-4.891856e-02 1.054212e-01 9.932237e-01 1.915956e+02 -1.133055e-01 9.874093e-01 -1.103846e-01 -2.515524e+01 -9.923552e-01 -1.179376e-01 -3.635784e-02 1.675589e+01
-5.000785e-02 1.103531e-01 9.926336e-01 1.922039e+02 -1.160940e-01 9.864975e-01 -1.155196e-01 -2.523456e+01 -9.919785e-01 -1.210157e-01 -3.652129e-02 1.665867e+01
-5.196098e-02 1.150245e-01 9.920027e-01 1.929170e+02 -1.146980e-01 9.860838e-01 -1.203460e-01 -2.532459e+01 -9.920405e-01 -1.200340e-01 -3.804480e-02 1.661523e+01
-5.531177e-02 1.159433e-01 9.917146e-01 1.936755e+02 -1.168501e-01 9.856584e-01 -1.217525e-01 -2.542643e+01 -9.916081e-01 -1.226163e-01 -4.097052e-02 1.657681e+01
-5.794420e-02 1.163966e-01 9.915111e-01 1.944246e+02 -1.151088e-01 9.857768e-01 -1.224504e-01 -2.553456e+01 -9.916615e-01 -1.212269e-01 -4.372178e-02 1.652651e+01
-6.080778e-02 1.140047e-01 9.916175e-01 1.952188e+02 -1.149538e-01 9.860458e-01 -1.204133e-01 -2.564326e+01 -9.915080e-01 -1.213123e-01 -4.685397e-02 1.647974e+01
-6.157216e-02 1.134457e-01 9.916345e-01 1.959849e+02 -1.110371e-01 9.865739e-01 -1.197612e-01 -2.575316e+01 -9.919071e-01 -1.174822e-01 -4.814880e-02 1.639871e+01
-6.142413e-02 1.100327e-01 9.920282e-01 1.968271e+02 -1.080925e-01 9.873260e-01 -1.162040e-01 -2.585829e+01 -9.922414e-01 -1.143686e-01 -4.875192e-02 1.636681e+01
-6.171133e-02 1.070088e-01 9.923411e-01 1.976073e+02 -1.084646e-01 9.876289e-01 -1.132458e-01 -2.596823e+01 -9.921830e-01 -1.146225e-01 -4.934122e-02 1.631410e+01
-6.197083e-02 1.059098e-01 9.924428e-01 1.984561e+02 -1.048026e-01 9.881665e-01 -1.119976e-01 -2.606881e+01 -9.925603e-01 -1.109512e-01 -5.013787e-02 1.627911e+01
-6.126808e-02 1.072929e-01 9.923379e-01 1.992868e+02 -1.031393e-01 9.882029e-01 -1.132138e-01 -2.616376e+01 -9.927782e-01 -1.092854e-01 -4.947918e-02 1.624618e+01
-6.083786e-02 1.078281e-01 9.923063e-01 2.001322e+02 -9.977137e-02 9.885120e-01 -1.135327e-01 -2.625795e+01 -9.931487e-01 -1.059108e-01 -4.938080e-02 1.620641e+01
-5.957975e-02 1.090282e-01 9.922515e-01 2.009728e+02 -9.527954e-02 9.888578e-01 -1.143764e-01 -2.637482e+01 -9.936660e-01 -1.013558e-01 -4.852775e-02 1.617467e+01
-5.722090e-02 1.096022e-01 9.923271e-01 2.017790e+02 -9.302286e-02 9.890464e-01 -1.146039e-01 -2.648756e+01 -9.940184e-01 -9.886685e-02 -4.639861e-02 1.612327e+01
-5.535761e-02 1.089188e-01 9.925081e-01 2.026003e+02 -9.813142e-02 9.886263e-01 -1.139661e-01 -2.659289e+01 -9.936326e-01 -1.037051e-01 -4.403963e-02 1.608986e+01
-5.515396e-02 1.051880e-01 9.929217e-01 2.034312e+02 -1.044325e-01 9.883734e-01 -1.105070e-01 -2.668511e+01 -9.930015e-01 -1.097882e-01 -4.352767e-02 1.608297e+01
-5.191596e-02 1.032273e-01 9.933020e-01 2.041936e+02 -1.025015e-01 9.888394e-01 -1.081209e-01 -2.680787e+01 -9.933772e-01 -1.074282e-01 -4.075559e-02 1.602452e+01
-4.952692e-02 1.097498e-01 9.927246e-01 2.049934e+02 -1.035231e-01 9.880267e-01 -1.143952e-01 -2.693136e+01 -9.933932e-01 -1.084356e-01 -3.757227e-02 1.597364e+01
-4.801252e-02 1.202353e-01 9.915837e-01 2.057745e+02 -1.069712e-01 9.864003e-01 -1.247863e-01 -2.704902e+01 -9.931022e-01 -1.120622e-01 -3.449786e-02 1.591850e+01
-4.536950e-02 1.200879e-01 9.917260e-01 2.064968e+02 -1.106637e-01 9.860339e-01 -1.244613e-01 -2.716671e+01 -9.928218e-01 -1.153948e-01 -3.144650e-02 1.583635e+01
-4.509775e-02 1.093966e-01 9.929746e-01 2.073214e+02 -1.157747e-01 9.867158e-01 -1.139652e-01 -2.726961e+01 -9.922512e-01 -1.201010e-01 -3.183330e-02 1.580799e+01
-4.601416e-02 9.834907e-02 9.940876e-01 2.081638e+02 -1.161608e-01 9.878638e-01 -1.031102e-01 -2.738123e+01 -9.921640e-01 -1.202186e-01 -3.403141e-02 1.577284e+01
-4.711184e-02 9.850534e-02 9.940207e-01 2.089987e+02 -1.170934e-01 9.877202e-01 -1.034306e-01 -2.748173e+01 -9.920028e-01 -1.212661e-01 -3.499899e-02 1.574430e+01
-4.943427e-02 1.059365e-01 9.931433e-01 2.098315e+02 -1.201149e-01 9.865116e-01 -1.112079e-01 -2.757752e+01 -9.915284e-01 -1.247888e-01 -3.604293e-02 1.572804e+01
-5.140526e-02 1.105436e-01 9.925410e-01 2.106530e+02 -1.297166e-01 9.846966e-01 -1.163882e-01 -2.767765e+01 -9.902177e-01 -1.347320e-01 -3.627925e-02 1.570293e+01
-5.375638e-02 1.092161e-01 9.925634e-01 2.114649e+02 -1.315790e-01 9.845586e-01 -1.154615e-01 -2.778501e+01 -9.898471e-01 -1.368073e-01 -3.855576e-02 1.564844e+01
-5.380597e-02 1.038199e-01 9.931396e-01 2.123011e+02 -1.287397e-01 9.855585e-01 -1.100022e-01 -2.789835e+01 -9.902177e-01 -1.337753e-01 -3.966318e-02 1.560409e+01
-5.417160e-02 9.822492e-02 9.936887e-01 2.131525e+02 -1.281219e-01 9.862404e-01 -1.044733e-01 -2.799800e+01 -9.902778e-01 -1.329728e-01 -4.084145e-02 1.556814e+01
-5.473143e-02 9.650254e-02 9.938268e-01 2.140227e+02 -1.247993e-01 9.868527e-01 -1.026982e-01 -2.809554e+01 -9.906713e-01 -1.296497e-01 -4.196841e-02 1.554975e+01
-5.382422e-02 1.007378e-01 9.934560e-01 2.148712e+02 -1.221518e-01 9.867618e-01 -1.066770e-01 -2.819941e+01 -9.910509e-01 -1.270943e-01 -4.080638e-02 1.550966e+01
-5.258691e-02 1.065266e-01 9.929183e-01 2.156809e+02 -1.197764e-01 9.864432e-01 -1.121755e-01 -2.829285e+01 -9.914072e-01 -1.248271e-01 -3.911464e-02 1.545250e+01
-5.033487e-02 1.104390e-01 9.926075e-01 2.165172e+02 -1.176671e-01 9.862897e-01 -1.157029e-01 -2.839873e+01 -9.917766e-01 -1.226211e-01 -3.664973e-02 1.538271e+01
-4.846279e-02 1.079411e-01 9.929754e-01 2.174091e+02 -1.165039e-01 9.867467e-01 -1.129500e-01 -2.851222e+01 -9.920072e-01 -1.211594e-01 -3.524494e-02 1.533611e+01
-4.747724e-02 1.028553e-01 9.935626e-01 2.182693e+02 -1.146767e-01 9.875461e-01 -1.077122e-01 -2.863557e+01 -9.922677e-01 -1.190523e-01 -3.509087e-02 1.528665e+01
-4.665358e-02 1.020691e-01 9.936827e-01 2.192290e+02 -1.150088e-01 9.876018e-01 -1.068442e-01 -2.873315e+01 -9.922683e-01 -1.192669e-01 -3.433632e-02 1.524902e+01
-4.890989e-02 1.015617e-01 9.936262e-01 2.202176e+02 -1.214677e-01 9.868280e-01 -1.068459e-01 -2.882166e+01 -9.913896e-01 -1.259193e-01 -3.592918e-02 1.523056e+01
-4.883089e-02 1.017240e-01 9.936135e-01 2.210671e+02 -1.258872e-01 9.862404e-01 -1.071558e-01 -2.892330e+01 -9.908420e-01 -1.303157e-01 -3.535325e-02 1.518471e+01
-4.903502e-02 1.010419e-01 9.936730e-01 2.219484e+02 -1.265511e-01 9.862233e-01 -1.065293e-01 -2.902345e+01 -9.907474e-01 -1.309741e-01 -3.557251e-02 1.515848e+01
-5.024881e-02 1.032391e-01 9.933865e-01 2.228685e+02 -1.291984e-01 9.856135e-01 -1.089666e-01 -2.912357e+01 -9.903448e-01 -1.338194e-01 -3.618758e-02 1.511915e+01
-5.268616e-02 1.042523e-01 9.931544e-01 2.237973e+02 -1.328727e-01 9.849607e-01 -1.104410e-01 -2.922486e+01 -9.897318e-01 -1.377818e-01 -3.804152e-02 1.510684e+01
-5.440698e-02 1.022175e-01 9.932731e-01 2.247033e+02 -1.295763e-01 9.856125e-01 -1.085267e-01 -2.932532e+01 -9.900757e-01 -1.346093e-01 -4.037923e-02 1.508049e+01
-5.527978e-02 9.885500e-02 9.935652e-01 2.255771e+02 -1.229863e-01 9.868351e-01 -1.050281e-01 -2.943374e+01 -9.908676e-01 -1.280009e-01 -4.239421e-02 1.503377e+01
-5.689956e-02 1.027913e-01 9.930742e-01 2.264736e+02 -1.254698e-01 9.860633e-01 -1.092545e-01 -2.954240e+01 -9.904644e-01 -1.308173e-01 -4.320936e-02 1.500528e+01
-5.824911e-02 1.101801e-01 9.922033e-01 2.273447e+02 -1.205093e-01 9.858468e-01 -1.165489e-01 -2.965610e+01 -9.910018e-01 -1.263586e-01 -4.414698e-02 1.496192e+01
-5.820295e-02 1.120768e-01 9.919936e-01 2.282356e+02 -1.171644e-01 9.860439e-01 -1.182789e-01 -2.975992e+01 -9.914055e-01 -1.231105e-01 -4.425926e-02 1.491543e+01
-6.275753e-02 1.032933e-01 9.926691e-01 2.291363e+02 -1.221684e-01 9.863547e-01 -1.103599e-01 -2.987565e+01 -9.905233e-01 -1.281987e-01 -4.928201e-02 1.488851e+01
-6.499788e-02 9.453738e-02 9.933972e-01 2.300212e+02 -1.291793e-01 9.863285e-01 -1.023169e-01 -2.999186e+01 -9.894888e-01 -1.349767e-01 -5.189699e-02 1.485808e+01
-6.627676e-02 9.296742e-02 9.934608e-01 2.309093e+02 -1.327631e-01 9.859756e-01 -1.011240e-01 -3.009905e+01 -9.889294e-01 -1.385971e-01 -5.300462e-02 1.481779e+01
-6.855470e-02 9.410520e-02 9.931991e-01 2.318025e+02 -1.344715e-01 9.855847e-01 -1.026655e-01 -3.020208e+01 -9.885432e-01 -1.405952e-01 -5.491200e-02 1.477765e+01
-6.913695e-02 1.006887e-01 9.925129e-01 2.327332e+02 -1.398613e-01 9.840893e-01 -1.095767e-01 -3.031362e+01 -9.877545e-01 -1.463900e-01 -5.395448e-02 1.474532e+01
-6.859897e-02 1.060048e-01 9.919966e-01 2.336253e+02 -1.363645e-01 9.840101e-01 -1.145813e-01 -3.042599e+01 -9.882808e-01 -1.431332e-01 -5.304679e-02 1.470471e+01
-6.805624e-02 1.118385e-01 9.913932e-01 2.344823e+02 -1.317666e-01 9.839847e-01 -1.200482e-01 -3.054194e+01 -9.889418e-01 -1.388026e-01 -5.222972e-02 1.465937e+01
-6.721998e-02 1.080878e-01 9.918662e-01 2.353326e+02 -1.294539e-01 9.847667e-01 -1.160874e-01 -3.065857e+01 -9.893044e-01 -1.362043e-01 -5.220361e-02 1.461002e+01
-6.546285e-02 1.037411e-01 9.924477e-01 2.362127e+02 -1.291808e-01 9.853304e-01 -1.115180e-01 -3.077974e+01 -9.894579e-01 -1.355054e-01 -5.110118e-02 1.456643e+01
-6.252838e-02 1.033889e-01 9.926736e-01 2.370537e+02 -1.314469e-01 9.851027e-01 -1.108802e-01 -3.089571e+01 -9.893492e-01 -1.374170e-01 -4.800672e-02 1.452151e+01
-6.181189e-02 1.096244e-01 9.920493e-01 2.379042e+02 -1.311516e-01 9.844393e-01 -1.169552e-01 -3.099156e+01 -9.894334e-01 -1.373381e-01 -4.647263e-02 1.446114e+01
-5.946266e-02 1.121106e-01 9.919150e-01 2.387146e+02 -1.306009e-01 9.842584e-01 -1.190744e-01 -3.110385e+01 -9.896502e-01 -1.366255e-01 -4.388488e-02 1.442490e+01
-5.627275e-02 1.057734e-01 9.927967e-01 2.395671e+02 -1.325280e-01 9.847820e-01 -1.124313e-01 -3.122536e+01 -9.895806e-01 -1.379002e-01 -4.139846e-02 1.437334e+01
-5.394846e-02 9.851992e-02 9.936717e-01 2.404265e+02 -1.286525e-01 9.861411e-01 -1.047581e-01 -3.134010e+01 -9.902212e-01 -1.334899e-01 -4.052596e-02 1.432889e+01
-5.210851e-02 1.010179e-01 9.935190e-01 2.412959e+02 -1.287715e-01 9.858853e-01 -1.069956e-01 -3.143910e+01 -9.903043e-01 -1.335123e-01 -3.836478e-02 1.430088e+01
-4.960417e-02 1.097003e-01 9.927262e-01 2.421908e+02 -1.318772e-01 9.845278e-01 -1.153839e-01 -3.155850e+01 -9.900242e-01 -1.366415e-01 -3.436972e-02 1.428181e+01
-4.705155e-02 1.143915e-01 9.923209e-01 2.430223e+02 -1.304560e-01 9.842088e-01 -1.196420e-01 -3.164537e+01 -9.903370e-01 -1.350835e-01 -3.138550e-02 1.424527e+01
-4.558144e-02 1.102214e-01 9.928613e-01 2.438919e+02 -1.280143e-01 9.850553e-01 -1.152318e-01 -3.176313e+01 -9.907243e-01 -1.323529e-01 -3.079032e-02 1.422923e+01
-4.460004e-02 1.025112e-01 9.937315e-01 2.447330e+02 -1.312354e-01 9.854998e-01 -1.075520e-01 -3.187994e+01 -9.903475e-01 -1.352096e-01 -3.050023e-02 1.421230e+01
-4.307484e-02 9.971568e-02 9.940832e-01 2.455713e+02 -1.324185e-01 9.856584e-01 -1.046085e-01 -3.197650e+01 -9.902575e-01 -1.361410e-01 -2.925288e-02 1.419970e+01
-4.187596e-02 9.725793e-02 9.943778e-01 2.463943e+02 -1.289862e-01 9.863960e-01 -1.019092e-01 -3.208165e+01 -9.907618e-01 -1.325286e-01 -2.876135e-02 1.417770e+01
-3.954131e-02 9.995680e-02 9.942058e-01 2.472133e+02 -1.244971e-01 9.867379e-01 -1.041575e-01 -3.217542e+01 -9.914318e-01 -1.278942e-01 -2.657258e-02 1.415757e+01
-3.744744e-02 1.014363e-01 9.941370e-01 2.480295e+02 -1.251209e-01 9.865299e-01 -1.053732e-01 -3.227667e+01 -9.914345e-01 -1.283333e-01 -2.425121e-02 1.414183e+01
-3.582628e-02 1.012898e-01 9.942117e-01 2.488063e+02 -1.269494e-01 9.863295e-01 -1.050614e-01 -3.237203e+01 -9.912620e-01 -1.299785e-01 -2.247783e-02 1.412240e+01
-3.428624e-02 9.719533e-02 9.946746e-01 2.495730e+02 -1.297119e-01 9.864088e-01 -1.008588e-01 -3.246830e+01 -9.909588e-01 -1.324792e-01 -2.121286e-02 1.410432e+01
-3.422660e-02 9.033081e-02 9.953235e-01 2.503316e+02 -1.321623e-01 9.867516e-01 -9.409759e-02 -3.256166e+01 -9.906370e-01 -1.347649e-01 -2.183483e-02 1.408706e+01
-3.446567e-02 8.606545e-02 9.956932e-01 2.510921e+02 -1.340753e-01 9.868808e-01 -8.994471e-02 -3.265420e+01 -9.903716e-01 -1.365979e-01 -2.247426e-02 1.407599e+01
-3.445357e-02 9.079084e-02 9.952738e-01 2.518343e+02 -1.314723e-01 9.867987e-01 -9.456892e-02 -3.272731e+01 -9.907209e-01 -1.341092e-01 -2.206226e-02 1.406603e+01
-3.447049e-02 9.672430e-02 9.947141e-01 2.525480e+02 -1.318937e-01 9.861598e-01 -1.004631e-01 -3.280784e+01 -9.906643e-01 -1.346596e-01 -2.123608e-02 1.404672e+01
-3.525857e-02 1.021352e-01 9.941455e-01 2.532513e+02 -1.309056e-01 9.857212e-01 -1.059125e-01 -3.288764e+01 -9.907677e-01 -1.338736e-01 -2.138504e-02 1.402851e+01
-3.820002e-02 1.014173e-01 9.941103e-01 2.539541e+02 -1.297003e-01 9.859177e-01 -1.055654e-01 -3.297289e+01 -9.908171e-01 -1.329690e-01 -2.450822e-02 1.401051e+01
-4.198607e-02 1.004451e-01 9.940563e-01 2.546622e+02 -1.280921e-01 9.861820e-01 -1.050596e-01 -3.305691e+01 -9.908731e-01 -1.317418e-01 -2.853969e-02 1.399805e+01
-4.562929e-02 1.003203e-01 9.939083e-01 2.553452e+02 -1.256545e-01 9.864659e-01 -1.053378e-01 -3.313637e+01 -9.910242e-01 -1.296955e-01 -3.240603e-02 1.396584e+01
-5.110596e-02 1.007342e-01 9.935999e-01 2.560484e+02 -1.243420e-01 9.865169e-01 -1.064117e-01 -3.322126e+01 -9.909224e-01 -1.289844e-01 -3.789140e-02 1.391111e+01
-5.938002e-02 1.021151e-01 9.929988e-01 2.567119e+02 -1.239750e-01 9.862982e-01 -1.088396e-01 -3.330482e+01 -9.905070e-01 -1.295699e-01 -4.590669e-02 1.388271e+01
-7.019612e-02 1.026772e-01 9.922348e-01 2.573565e+02 -1.223721e-01 9.862892e-01 -1.107192e-01 -3.338285e+01 -9.899988e-01 -1.291939e-01 -5.666885e-02 1.385508e+01
-8.091693e-02 1.040559e-01 9.912743e-01 2.579854e+02 -1.185856e-01 9.864665e-01 -1.132313e-01 -3.345980e+01 -9.896413e-01 -1.267132e-01 -6.748230e-02 1.380137e+01
-9.146496e-02 1.010625e-01 9.906667e-01 2.586116e+02 -1.140528e-01 9.872270e-01 -1.112417e-01 -3.353977e+01 -9.892553e-01 -1.231631e-01 -7.877022e-02 1.373491e+01
-1.024643e-01 9.817604e-02 9.898801e-01 2.592243e+02 -1.065391e-01 9.883106e-01 -1.090484e-01 -3.361960e+01 -9.890149e-01 -1.166345e-01 -9.080693e-02 1.365907e+01
-1.140325e-01 9.464836e-02 9.889582e-01 2.598137e+02 -1.008611e-01 9.892052e-01 -1.063019e-01 -3.369059e+01 -9.883439e-01 -1.118693e-01 -1.032553e-01 1.359240e+01
-1.265612e-01 8.814104e-02 9.880351e-01 2.604216e+02 -9.620365e-02 9.902585e-01 -1.006625e-01 -3.376141e+01 -9.872827e-01 -1.077926e-01 -1.168489e-01 1.349631e+01
-1.373776e-01 8.555478e-02 9.868170e-01 2.609814e+02 -9.241189e-02 9.908104e-01 -9.876592e-02 -3.383618e+01 -9.861985e-01 -1.047618e-01 -1.282089e-01 1.341358e+01
-1.472789e-01 8.726995e-02 9.852375e-01 2.615335e+02 -8.699043e-02 9.910971e-01 -1.007928e-01 -3.390279e+01 -9.852622e-01 -1.005509e-01 -1.383760e-01 1.332311e+01
-1.578265e-01 8.966893e-02 9.833871e-01 2.620549e+02 -8.151148e-02 9.912868e-01 -1.034713e-01 -3.398162e+01 -9.840969e-01 -9.648784e-02 -1.491423e-01 1.325466e+01
-1.679015e-01 9.358723e-02 9.813514e-01 2.625664e+02 -7.778356e-02 9.911221e-01 -1.078272e-01 -3.403961e+01 -9.827303e-01 -9.443735e-02 -1.591313e-01 1.316132e+01
-1.778705e-01 9.681304e-02 9.792800e-01 2.630605e+02 -7.437102e-02 9.909801e-01 -1.114780e-01 -3.409590e+01 -9.812395e-01 -9.265871e-02 -1.690660e-01 1.308372e+01
-1.855002e-01 9.727822e-02 9.778173e-01 2.635214e+02 -7.029001e-02 9.912251e-01 -1.119467e-01 -3.415082e+01 -9.801270e-01 -8.949693e-02 -1.770348e-01 1.298437e+01
-1.913073e-01 9.681709e-02 9.767435e-01 2.639613e+02 -6.697278e-02 9.915165e-01 -1.113989e-01 -3.420270e+01 -9.792426e-01 -8.672664e-02 -1.832002e-01 1.288544e+01
-1.950676e-01 9.741784e-02 9.759398e-01 2.643807e+02 -6.403628e-02 9.916668e-01 -1.117871e-01 -3.425146e+01 -9.786971e-01 -8.430159e-02 -1.872038e-01 1.278307e+01
-1.972682e-01 9.895058e-02 9.753430e-01 2.647701e+02 -6.111317e-02 9.917169e-01 -1.129722e-01 -3.430710e+01 -9.784429e-01 -8.189213e-02 -1.895870e-01 1.269621e+01
-1.995170e-01 9.717137e-02 9.750644e-01 2.651432e+02 -5.916796e-02 9.920607e-01 -1.109721e-01 -3.435749e+01 -9.781064e-01 -7.983339e-02 -1.921836e-01 1.263560e+01
-1.956705e-01 9.709097e-02 9.758516e-01 2.654915e+02 -5.758809e-02 9.922321e-01 -1.102679e-01 -3.439866e+01 -9.789774e-01 -7.777359e-02 -1.885592e-01 1.255420e+01
-1.900208e-01 9.809015e-02 9.768677e-01 2.658240e+02 -5.742627e-02 9.921824e-01 -1.107985e-01 -3.443526e+01 -9.800991e-01 -7.715190e-02 -1.829024e-01 1.248504e+01
-1.824029e-01 9.886093e-02 9.782411e-01 2.661351e+02 -5.968662e-02 9.919840e-01 -1.113790e-01 -3.447867e+01 -9.814106e-01 -7.870376e-02 -1.750401e-01 1.244031e+01
-1.716342e-01 1.013588e-01 9.799327e-01 2.664423e+02 -6.276862e-02 9.915471e-01 -1.135540e-01 -3.450397e+01 -9.831591e-01 -8.099877e-02 -1.638212e-01 1.240135e+01
-1.578108e-01 1.039405e-01 9.819838e-01 2.667226e+02 -6.717712e-02 9.910109e-01 -1.156918e-01 -3.454072e+01 -9.851817e-01 -8.422426e-02 -1.494098e-01 1.237300e+01
-1.414386e-01 1.072319e-01 9.841222e-01 2.669901e+02 -6.950551e-02 9.905870e-01 -1.179257e-01 -3.457397e+01 -9.875040e-01 -8.508116e-02 -1.326540e-01 1.234987e+01
-1.211781e-01 1.084700e-01 9.866864e-01 2.672516e+02 -7.164772e-02 9.904630e-01 -1.176844e-01 -3.460611e+01 -9.900416e-01 -8.495461e-02 -1.122508e-01 1.233104e+01
-9.884609e-02 1.076037e-01 9.892679e-01 2.675178e+02 -7.310676e-02 9.906647e-01 -1.150604e-01 -3.463136e+01 -9.924136e-01 -8.369544e-02 -9.005677e-02 1.232964e+01
-7.334011e-02 1.067014e-01 9.915826e-01 2.677673e+02 -7.658889e-02 9.907214e-01 -1.122735e-01 -3.465720e+01 -9.943618e-01 -8.417836e-02 -6.448747e-02 1.233785e+01
-4.422430e-02 1.046001e-01 9.935306e-01 2.680287e+02 -8.169953e-02 9.907938e-01 -1.079486e-01 -3.467510e+01 -9.956753e-01 -8.594493e-02 -3.527138e-02 1.234230e+01
-1.076856e-02 1.036473e-01 9.945558e-01 2.682836e+02 -8.638389e-02 9.907987e-01 -1.041910e-01 -3.469652e+01 -9.962037e-01 -8.703559e-02 -1.716021e-03 1.236413e+01
2.365512e-02 9.926919e-02 9.947794e-01 2.685324e+02 -9.221420e-02 9.910324e-01 -9.670249e-02 -3.472311e+01 -9.954582e-01 -8.944528e-02 3.259702e-02 1.240487e+01
6.083849e-02 9.494830e-02 9.936214e-01 2.687853e+02 -9.662858e-02 9.913500e-01 -8.881478e-02 -3.474542e+01 -9.934594e-01 -9.060887e-02 6.948696e-02 1.244023e+01
9.968268e-02 9.203813e-02 9.907534e-01 2.690335e+02 -1.045288e-01 9.911719e-01 -8.156005e-02 -3.476917e+01 -9.895136e-01 -9.543211e-02 1.084233e-01 1.250153e+01
1.413394e-01 9.151528e-02 9.857221e-01 2.692749e+02 -1.127456e-01 9.907274e-01 -7.581375e-02 -3.478480e+01 -9.835200e-01 -1.004203e-01 1.503468e-01 1.257876e+01
1.859660e-01 9.231299e-02 9.782101e-01 2.694972e+02 -1.245892e-01 9.897561e-01 -6.971712e-02 -3.480518e+01 -9.746251e-01 -1.089094e-01 1.955622e-01 1.267077e+01
2.341473e-01 9.353381e-02 9.676913e-01 2.697470e+02 -1.308969e-01 9.893311e-01 -6.395298e-02 -3.482342e+01 -9.633489e-01 -1.116934e-01 2.438925e-01 1.276665e+01
2.841912e-01 9.559568e-02 9.539900e-01 2.699865e+02 -1.366758e-01 9.888942e-01 -5.837793e-02 -3.484030e+01 -9.489758e-01 -1.137968e-01 2.941006e-01 1.287181e+01
3.354039e-01 9.789732e-02 9.369740e-01 2.702355e+02 -1.415587e-01 9.885308e-01 -5.261104e-02 -3.484886e+01 -9.313782e-01 -1.149909e-01 3.454153e-01 1.300375e+01
3.885117e-01 9.627133e-02 9.164008e-01 2.704836e+02 -1.380326e-01 9.893857e-01 -4.541919e-02 -3.485888e+01 -9.110464e-01 -1.088473e-01 3.976766e-01 1.314076e+01
4.448109e-01 9.642820e-02 8.904184e-01 2.707342e+02 -1.306373e-01 9.905398e-01 -4.201067e-02 -3.486335e+01 -8.860458e-01 -9.763506e-02 4.532000e-01 1.328680e+01
4.996690e-01 9.447738e-02 8.610487e-01 2.709925e+02 -1.256792e-01 9.914230e-01 -3.585053e-02 -3.486601e+01 -8.570506e-01 -9.030250e-02 5.072571e-01 1.346075e+01
5.527175e-01 9.362844e-02 8.280924e-01 2.712282e+02 -1.303208e-01 9.911546e-01 -2.508132e-02 -3.487783e+01 -8.231159e-01 -9.405480e-02 5.600303e-01 1.367412e+01
6.045361e-01 9.791485e-02 7.905371e-01 2.714591e+02 -1.366941e-01 9.904471e-01 -1.814332e-02 -3.487650e+01 -7.847617e-01 -9.709347e-02 6.121454e-01 1.391262e+01
6.540753e-01 1.041154e-01 7.492299e-01 2.716817e+02 -1.449816e-01 9.893741e-01 -1.091819e-02 -3.487662e+01 -7.424054e-01 -1.014832e-01 6.622200e-01 1.417671e+01
7.018308e-01 1.073483e-01 7.042087e-01 2.719075e+02 -1.504949e-01 9.886105e-01 -7.153295e-04 -3.486405e+01 -6.962649e-01 -1.054778e-01 7.099927e-01 1.447067e+01
7.489749e-01 1.053657e-01 6.541672e-01 2.721364e+02 -1.464813e-01 9.891779e-01 8.385318e-03 -3.484810e+01 -6.462042e-01 -1.021037e-01 7.563035e-01 1.477521e+01
7.915901e-01 1.038442e-01 6.021640e-01 2.723557e+02 -1.444802e-01 9.893191e-01 1.932035e-02 -3.483478e+01 -5.937260e-01 -1.022946e-01 7.981386e-01 1.510606e+01
8.272056e-01 1.048197e-01 5.520359e-01 2.725506e+02 -1.472108e-01 9.885584e-01 3.288400e-02 -3.481456e+01 -5.422728e-01 -1.084675e-01 8.331716e-01 1.546526e+01
8.569880e-01 1.058243e-01 5.043538e-01 2.727252e+02 -1.493212e-01 9.876955e-01 4.648388e-02 -3.479564e+01 -4.932288e-01 -1.151469e-01 8.622450e-01 1.583632e+01
8.835565e-01 1.113084e-01 4.549048e-01 2.728824e+02 -1.523945e-01 9.868140e-01 5.453558e-02 -3.476669e+01 -4.428361e-01 -1.175102e-01 8.888687e-01 1.622232e+01
9.054761e-01 1.152446e-01 4.084504e-01 2.730235e+02 -1.530154e-01 9.863446e-01 6.091529e-02 -3.473479e+01 -3.958527e-01 -1.176565e-01 9.107456e-01 1.662630e+01
9.229371e-01 1.211956e-01 3.653748e-01 2.731487e+02 -1.558197e-01 9.855311e-01 6.669780e-02 -3.470337e+01 -3.520047e-01 -1.184904e-01 9.284679e-01 1.706380e+01
9.359814e-01 1.305863e-01 3.269344e-01 2.732618e+02 -1.615535e-01 9.844273e-01 6.930561e-02 -3.466272e+01 -3.127928e-01 -1.176862e-01 9.425023e-01 1.750818e+01
9.458422e-01 1.381248e-01 2.937755e-01 2.733664e+02 -1.658606e-01 9.835487e-01 7.156981e-02 -3.462372e+01 -2.790570e-01 -1.164195e-01 9.531913e-01 1.799197e+01
9.542348e-01 1.386128e-01 2.649953e-01 2.734834e+02 -1.640466e-01 9.834990e-01 7.627846e-02 -3.458232e+01 -2.500495e-01 -1.162591e-01 9.612279e-01 1.849907e+01
9.615835e-01 1.337792e-01 2.397089e-01 2.735945e+02 -1.568974e-01 9.843676e-01 8.002229e-02 -3.453932e+01 -2.252563e-01 -1.145578e-01 9.675413e-01 1.902763e+01
9.671722e-01 1.330261e-01 2.165226e-01 2.736979e+02 -1.538831e-01 9.846447e-01 8.243015e-02 -3.449074e+01 -2.022324e-01 -1.130433e-01 9.727915e-01 1.956611e+01
9.719608e-01 1.339368e-01 1.932698e-01 2.737819e+02 -1.526668e-01 9.845765e-01 8.545112e-02 -3.444682e+01 -1.788439e-01 -1.125610e-01 9.774175e-01 2.014101e+01
9.767332e-01 1.310341e-01 1.697715e-01 2.738686e+02 -1.478668e-01 9.848509e-01 9.057645e-02 -3.438832e+01 -1.553310e-01 -1.135726e-01 9.813122e-01 2.075416e+01
9.811233e-01 1.293801e-01 1.437283e-01 2.739375e+02 -1.439981e-01 9.848701e-01 9.641288e-02 -3.432817e+01 -1.290798e-01 -1.152895e-01 9.849095e-01 2.138386e+01
9.843933e-01 1.283880e-01 1.203592e-01 2.739901e+02 -1.402878e-01 9.854237e-01 9.622656e-02 -3.424916e+01 -1.062505e-01 -1.116097e-01 9.880557e-01 2.204660e+01
9.862887e-01 1.318965e-01 9.918597e-02 2.740278e+02 -1.411199e-01 9.856562e-01 9.255769e-02 -3.419379e+01 -8.555524e-02 -1.052857e-01 9.907549e-01 2.271417e+01
9.873036e-01 1.371233e-01 8.017987e-02 2.740697e+02 -1.440197e-01 9.856816e-01 8.769316e-02 -3.413358e+01 -6.700705e-02 -9.812725e-02 9.929155e-01 2.335567e+01
9.877781e-01 1.417707e-01 6.477330e-02 2.740967e+02 -1.469249e-01 9.856346e-01 8.329209e-02 -3.406083e+01 -5.203442e-02 -9.179091e-02 9.944178e-01 2.404688e+01
9.883931e-01 1.431618e-01 5.083098e-02 2.741251e+02 -1.473325e-01 9.848970e-01 9.094499e-02 -3.398165e+01 -3.704344e-02 -9.737845e-02 9.945578e-01 2.477191e+01
9.894770e-01 1.394345e-01 3.864442e-02 2.741532e+02 -1.427676e-01 9.842589e-01 1.041720e-01 -3.392448e+01 -2.351094e-02 -1.085930e-01 9.938082e-01 2.551893e+01
9.904231e-01 1.349301e-01 2.925539e-02 2.741716e+02 -1.373909e-01 9.841223e-01 1.123700e-01 -3.385869e+01 -1.362879e-02 -1.153133e-01 9.932357e-01 2.626643e+01
9.905215e-01 1.358456e-01 2.032591e-02 2.741902e+02 -1.372707e-01 9.842641e-01 1.112692e-01 -3.377592e+01 -4.890631e-03 -1.130047e-01 9.935824e-01 2.703925e+01
9.902443e-01 1.384709e-01 1.555681e-02 2.741989e+02 -1.393414e-01 9.843865e-01 1.075509e-01 -3.368854e+01 -4.212424e-04 -1.086693e-01 9.940779e-01 2.783281e+01
9.896196e-01 1.432201e-01 1.187911e-02 2.741858e+02 -1.436751e-01 9.841099e-01 1.043317e-01 -3.360101e+01 3.252043e-03 -1.049554e-01 9.944716e-01 2.865219e+01
9.892227e-01 1.461447e-01 8.959384e-03 2.741989e+02 -1.462728e-01 9.836478e-01 1.050776e-01 -3.350983e+01 6.543655e-03 -1.052557e-01 9.944237e-01 2.947710e+01
9.888039e-01 1.489569e-01 8.871553e-03 2.741840e+02 -1.490558e-01 9.831671e-01 1.056642e-01 -3.340964e+01 7.017193e-03 -1.058035e-01 9.943623e-01 3.034509e+01
9.891229e-01 1.468016e-01 9.233657e-03 2.741869e+02 -1.469645e-01 9.837083e-01 1.035345e-01 -3.331544e+01 6.115800e-03 -1.037653e-01 9.945830e-01 3.123518e+01
9.897168e-01 1.426568e-01 1.047600e-02 2.742012e+02 -1.429812e-01 9.845306e-01 1.012714e-01 -3.322722e+01 4.133112e-03 -1.017279e-01 9.948037e-01 3.211497e+01
9.894315e-01 1.444637e-01 1.246914e-02 2.742058e+02 -1.449861e-01 9.844401e-01 9.928132e-02 -3.313435e+01 2.067426e-03 -1.000399e-01 9.949813e-01 3.301041e+01
9.894645e-01 1.439830e-01 1.513166e-02 2.742255e+02 -1.447758e-01 9.841362e-01 1.025470e-01 -3.304454e+01 -1.265860e-04 -1.036574e-01 9.946131e-01 3.389850e+01
9.902607e-01 1.379710e-01 1.864808e-02 2.742447e+02 -1.391865e-01 9.842332e-01 1.091427e-01 -3.295396e+01 -3.295531e-03 -1.106753e-01 9.938512e-01 3.483665e+01
9.903589e-01 1.368342e-01 2.157917e-02 2.742608e+02 -1.384007e-01 9.839944e-01 1.122508e-01 -3.285790e+01 -5.874036e-03 -1.141552e-01 9.934456e-01 3.577844e+01
9.908040e-01 1.327652e-01 2.609179e-02 2.742789e+02 -1.348570e-01 9.846653e-01 1.106698e-01 -3.276153e+01 -1.099858e-02 -1.131707e-01 9.935147e-01 3.671231e+01
9.911656e-01 1.296232e-01 2.808180e-02 2.743048e+02 -1.319109e-01 9.854613e-01 1.070774e-01 -3.265934e+01 -1.379382e-02 -1.098357e-01 9.938540e-01 3.766416e+01
9.914463e-01 1.270069e-01 3.005850e-02 2.743360e+02 -1.294175e-01 9.864881e-01 1.004602e-01 -3.257439e+01 -1.689321e-02 -1.034910e-01 9.944869e-01 3.860491e+01
9.913960e-01 1.269598e-01 3.186298e-02 2.743607e+02 -1.294248e-01 9.871667e-01 9.354772e-02 -3.248679e+01 -1.957727e-02 -9.686669e-02 9.951048e-01 3.955039e+01
9.913330e-01 1.270466e-01 3.343841e-02 2.743933e+02 -1.296596e-01 9.871556e-01 9.333918e-02 -3.239568e+01 -2.115048e-02 -9.686582e-02 9.950727e-01 4.051074e+01
9.916579e-01 1.239799e-01 3.526500e-02 2.744511e+02 -1.269467e-01 9.868071e-01 1.004803e-01 -3.229822e+01 -2.234222e-02 -1.041188e-01 9.943139e-01 4.158251e+01
9.921979e-01 1.191218e-01 3.678735e-02 2.744906e+02 -1.224571e-01 9.865546e-01 1.082326e-01 -3.221047e+01 -2.339987e-02 -1.118930e-01 9.934447e-01 4.255186e+01
9.921810e-01 1.189602e-01 3.775318e-02 2.745242e+02 -1.224785e-01 9.862151e-01 1.112604e-01 -3.210993e+01 -2.399719e-02 -1.150144e-01 9.930739e-01 4.354023e+01
9.918698e-01 1.215925e-01 3.754366e-02 2.745525e+02 -1.250138e-01 9.861638e-01 1.088690e-01 -3.201094e+01 -2.378655e-02 -1.126774e-01 9.933469e-01 4.451469e+01
9.921278e-01 1.198334e-01 3.636538e-02 2.745871e+02 -1.229440e-01 9.872757e-01 1.008540e-01 -3.192160e+01 -2.381698e-02 -1.045310e-01 9.942364e-01 4.549077e+01
9.921566e-01 1.192545e-01 3.746426e-02 2.746124e+02 -1.223169e-01 9.879971e-01 9.434197e-02 -3.183031e+01 -2.576387e-02 -9.818452e-02 9.948347e-01 4.648817e+01
9.916263e-01 1.235059e-01 3.773097e-02 2.746387e+02 -1.266291e-01 9.872561e-01 9.638688e-02 -3.174229e+01 -2.534578e-02 -1.003576e-01 9.946285e-01 4.747828e+01
9.914939e-01 1.243960e-01 3.828108e-02 2.746611e+02 -1.277474e-01 9.864103e-01 1.033213e-01 -3.165440e+01 -2.490810e-02 -1.073327e-01 9.939111e-01 4.847328e+01
9.912521e-01 1.263134e-01 3.826582e-02 2.746925e+02 -1.297531e-01 9.857146e-01 1.073819e-01 -3.155661e+01 -2.415540e-02 -1.114077e-01 9.934812e-01 4.948054e+01
9.907143e-01 1.305242e-01 3.806137e-02 2.747128e+02 -1.339132e-01 9.851776e-01 1.072022e-01 -3.145464e+01 -2.350473e-02 -1.113036e-01 9.935084e-01 5.049021e+01
9.903367e-01 1.334913e-01 3.759299e-02 2.747416e+02 -1.368296e-01 9.846903e-01 1.079937e-01 -3.135239e+01 -2.260123e-02 -1.120940e-01 9.934406e-01 5.149745e+01
9.892727e-01 1.412320e-01 3.732296e-02 2.747488e+02 -1.446288e-01 9.828635e-01 1.142881e-01 -3.124294e+01 -2.054224e-02 -1.184600e-01 9.927463e-01 5.248993e+01
9.891442e-01 1.420445e-01 3.764396e-02 2.747746e+02 -1.455864e-01 9.820704e-01 1.197599e-01 -3.113760e+01 -1.995778e-02 -1.239403e-01 9.920890e-01 5.350009e+01
9.891015e-01 1.429264e-01 3.535957e-02 2.748010e+02 -1.461504e-01 9.821806e-01 1.181583e-01 -3.103526e+01 -1.784154e-02 -1.220383e-01 9.923650e-01 5.451093e+01
9.892480e-01 1.423428e-01 3.356944e-02 2.748276e+02 -1.452771e-01 9.828458e-01 1.136163e-01 -3.092552e+01 -1.682112e-02 -1.172716e-01 9.929574e-01 5.550493e+01
9.897978e-01 1.383400e-01 3.409228e-02 2.748603e+02 -1.413637e-01 9.834017e-01 1.137429e-01 -3.081204e+01 -1.779121e-02 -1.174019e-01 9.929251e-01 5.652741e+01
9.896932e-01 1.392136e-01 3.356914e-02 2.748901e+02 -1.420969e-01 9.837690e-01 1.095762e-01 -3.071791e+01 -1.776978e-02 -1.132169e-01 9.934114e-01 5.749772e+01
9.895392e-01 1.405484e-01 3.253031e-02 2.749312e+02 -1.431582e-01 9.845296e-01 1.010310e-01 -3.062832e+01 -1.782731e-02 -1.046311e-01 9.943513e-01 5.846081e+01
9.903223e-01 1.348378e-01 3.287218e-02 2.749816e+02 -1.374914e-01 9.854486e-01 9.993578e-02 -3.052607e+01 -1.891872e-02 -1.034883e-01 9.944507e-01 5.946019e+01
9.904320e-01 1.336166e-01 3.451228e-02 2.750192e+02 -1.365486e-01 9.850585e-01 1.049483e-01 -3.043241e+01 -1.997380e-02 -1.086567e-01 9.938786e-01 6.048726e+01
9.894044e-01 1.403236e-01 3.725863e-02 2.750355e+02 -1.436245e-01 9.835203e-01 1.098169e-01 -3.034541e+01 -2.123472e-02 -1.140046e-01 9.932533e-01 6.150516e+01
9.893178e-01 1.404666e-01 3.898118e-02 2.750685e+02 -1.439242e-01 9.836640e-01 1.081249e-01 -3.025461e+01 -2.315645e-02 -1.125802e-01 9.933728e-01 6.250192e+01
9.882055e-01 1.476963e-01 4.044353e-02 2.750949e+02 -1.511561e-01 9.831162e-01 1.031232e-01 -3.015465e+01 -2.452977e-02 -1.080202e-01 9.938460e-01 6.349866e+01
9.879039e-01 1.486381e-01 4.418798e-02 2.751344e+02 -1.524837e-01 9.829681e-01 1.025785e-01 -3.005823e+01 -2.818830e-02 -1.080757e-01 9.937430e-01 6.449723e+01
9.866723e-01 1.556830e-01 4.733471e-02 2.751715e+02 -1.599660e-01 9.813189e-01 1.068840e-01 -2.995498e+01 -2.981042e-02 -1.130314e-01 9.931441e-01 6.551151e+01
9.867508e-01 1.532158e-01 5.336430e-02 2.752197e+02 -1.584391e-01 9.808058e-01 1.136533e-01 -2.985870e+01 -3.492653e-02 -1.206025e-01 9.920863e-01 6.651310e+01
9.870603e-01 1.507796e-01 5.456528e-02 2.752729e+02 -1.562497e-01 9.808783e-01 1.160339e-01 -2.975677e+01 -3.602635e-02 -1.230582e-01 9.917453e-01 6.751310e+01
9.880653e-01 1.443127e-01 5.385964e-02 2.753322e+02 -1.495985e-01 9.823509e-01 1.122812e-01 -2.966038e+01 -3.670547e-02 -1.189984e-01 9.922157e-01 6.849347e+01
9.894919e-01 1.351140e-01 5.147776e-02 2.753890e+02 -1.398771e-01 9.846694e-01 1.042136e-01 -2.955590e+01 -3.660786e-02 -1.103191e-01 9.932218e-01 6.950927e+01
9.894248e-01 1.365532e-01 4.890570e-02 2.754378e+02 -1.410013e-01 9.845835e-01 1.035086e-01 -2.946207e+01 -3.401732e-02 -1.093097e-01 9.934255e-01 7.050109e+01
9.897017e-01 1.352847e-01 4.678300e-02 2.754912e+02 -1.397501e-01 9.839270e-01 1.111645e-01 -2.936313e+01 -3.099220e-02 -1.165576e-01 9.927003e-01 7.152847e+01
9.896754e-01 1.364836e-01 4.375924e-02 2.755480e+02 -1.407072e-01 9.833034e-01 1.153944e-01 -2.924807e+01 -2.727916e-02 -1.203603e-01 9.923554e-01 7.255333e+01
9.894319e-01 1.390005e-01 4.127198e-02 2.755761e+02 -1.428601e-01 9.832190e-01 1.134524e-01 -2.914527e+01 -2.480945e-02 -1.181496e-01 9.926858e-01 7.356788e+01
9.888187e-01 1.444981e-01 3.684857e-02 2.756036e+02 -1.475594e-01 9.837954e-01 1.018473e-01 -2.904810e+01 -2.153472e-02 -1.061458e-01 9.941174e-01 7.456562e+01
9.885671e-01 1.471862e-01 3.273062e-02 2.756419e+02 -1.496439e-01 9.843291e-01 9.328935e-02 -2.894823e+01 -1.848679e-02 -9.712072e-02 9.951009e-01 7.560759e+01
9.891405e-01 1.432566e-01 3.284139e-02 2.756725e+02 -1.457664e-01 9.847877e-01 9.457971e-02 -2.885211e+01 -1.879263e-02 -9.833980e-02 9.949754e-01 7.662976e+01
9.890547e-01 1.440384e-01 3.199559e-02 2.757058e+02 -1.465930e-01 9.839106e-01 1.021290e-01 -2.876299e+01 -1.677031e-02 -1.057015e-01 9.942565e-01 7.763219e+01
9.887433e-01 1.463410e-01 3.116086e-02 2.757217e+02 -1.488575e-01 9.831466e-01 1.061334e-01 -2.866119e+01 -1.510402e-02 -1.095772e-01 9.938635e-01 7.863790e+01
9.882610e-01 1.499006e-01 2.949700e-02 2.757458e+02 -1.521989e-01 9.827619e-01 1.049502e-01 -2.856054e+01 -1.325644e-02 -1.082076e-01 9.940399e-01 7.965921e+01
9.880554e-01 1.512559e-01 2.946445e-02 2.757695e+02 -1.534956e-01 9.829331e-01 1.013980e-01 -2.845800e+01 -1.362454e-02 -1.047095e-01 9.944095e-01 8.068562e+01
9.876008e-01 1.540882e-01 3.002633e-02 2.757947e+02 -1.563396e-01 9.827187e-01 9.910588e-02 -2.836152e+01 -1.423639e-02 -1.025713e-01 9.946238e-01 8.169672e+01
9.874564e-01 1.548391e-01 3.089985e-02 2.758295e+02 -1.571568e-01 9.827183e-01 9.780858e-02 -2.826748e+01 -1.522125e-02 -1.014378e-01 9.947254e-01 8.270953e+01
9.877997e-01 1.523060e-01 3.247386e-02 2.758623e+02 -1.548538e-01 9.827349e-01 1.012547e-01 -2.818282e+01 -1.649151e-02 -1.050480e-01 9.943304e-01 8.370365e+01
9.878730e-01 1.514145e-01 3.436101e-02 2.758891e+02 -1.542243e-01 9.824971e-01 1.044713e-01 -2.808975e+01 -1.794113e-02 -1.085036e-01 9.939341e-01 8.471417e+01
9.881827e-01 1.489020e-01 3.637512e-02 2.759166e+02 -1.519382e-01 9.828853e-01 1.041691e-01 -2.800161e+01 -2.024159e-02 -1.084649e-01 9.938942e-01 8.572325e+01
9.888893e-01 1.437412e-01 3.790108e-02 2.759568e+02 -1.467785e-01 9.845160e-01 9.583480e-02 -2.791140e+01 -2.353881e-02 -1.003331e-01 9.946754e-01 8.671369e+01
9.891442e-01 1.420466e-01 3.763597e-02 2.759947e+02 -1.449346e-01 9.853027e-01 9.040207e-02 -2.782296e+01 -2.424152e-02 -9.487544e-02 9.951940e-01 8.771110e+01
9.889783e-01 1.426006e-01 3.983574e-02 2.760349e+02 -1.458788e-01 9.844917e-01 9.744464e-02 -2.773191e+01 -2.532229e-02 -1.021818e-01 9.944434e-01 8.872829e+01
9.892397e-01 1.398476e-01 4.298299e-02 2.760715e+02 -1.438220e-01 9.834290e-01 1.103746e-01 -2.764083e+01 -2.683510e-02 -1.153688e-01 9.929602e-01 8.973646e+01
9.893498e-01 1.386445e-01 4.432533e-02 2.761117e+02 -1.428923e-01 9.831142e-01 1.143161e-01 -2.754509e+01 -2.772756e-02 -1.194324e-01 9.924551e-01 9.073856e+01
9.889773e-01 1.413188e-01 4.419090e-02 2.761537e+02 -1.452262e-01 9.839764e-01 1.034401e-01 -2.745271e+01 -2.886477e-02 -1.087176e-01 9.936535e-01 9.173093e+01
9.886473e-01 1.437085e-01 4.386770e-02 2.761785e+02 -1.471324e-01 9.851341e-01 8.867326e-02 -2.737241e+01 -3.047246e-02 -9.412094e-02 9.950943e-01 9.272212e+01
9.885920e-01 1.437395e-01 4.499784e-02 2.762238e+02 -1.470484e-01 9.857408e-01 8.180421e-02 -2.729131e+01 -3.259771e-02 -8.748785e-02 9.956321e-01 9.372027e+01
9.883892e-01 1.438679e-01 4.887460e-02 2.762676e+02 -1.477522e-01 9.850737e-01 8.831279e-02 -2.721658e+01 -3.543970e-02 -9.450875e-02 9.948930e-01 9.471605e+01
9.881388e-01 1.439293e-01 5.353503e-02 2.763312e+02 -1.486857e-01 9.838967e-01 9.919630e-02 -2.713877e+01 -3.839568e-02 -1.059796e-01 9.936267e-01 9.574389e+01
9.883192e-01 1.398214e-01 6.062327e-02 2.763829e+02 -1.456997e-01 9.835419e-01 1.068499e-01 -2.705179e+01 -4.468563e-02 -1.144346e-01 9.924253e-01 9.675469e+01
9.884957e-01 1.370017e-01 6.408395e-02 2.764490e+02 -1.433434e-01 9.837711e-01 1.079213e-01 -2.696474e+01 -4.825853e-02 -1.158658e-01 9.920918e-01 9.773612e+01
9.883528e-01 1.365271e-01 6.722451e-02 2.765035e+02 -1.429399e-01 9.844369e-01 1.022360e-01 -2.686806e+01 -5.222030e-02 -1.106543e-01 9.924861e-01 9.871195e+01
9.880319e-01 1.372924e-01 7.031245e-02 2.765684e+02 -1.435990e-01 9.851352e-01 9.427649e-02 -2.677713e+01 -5.632382e-02 -1.032450e-01 9.930600e-01 9.970588e+01
9.872538e-01 1.403613e-01 7.502383e-02 2.766324e+02 -1.470049e-01 9.848564e-01 9.190972e-02 -2.669337e+01 -6.098714e-02 -1.017671e-01 9.929371e-01 1.007036e+02
9.873122e-01 1.364561e-01 8.120608e-02 2.767123e+02 -1.437445e-01 9.853351e-01 9.193639e-02 -2.660743e+01 -6.746992e-02 -1.024428e-01 9.924481e-01 1.017112e+02
9.869047e-01 1.354875e-01 8.753445e-02 2.768159e+02 -1.436662e-01 9.850476e-01 9.508502e-02 -2.653177e+01 -7.334278e-02 -1.064156e-01 9.916131e-01 1.027268e+02
9.862679e-01 1.362532e-01 9.333102e-02 2.769278e+02 -1.450248e-01 9.848844e-01 9.471298e-02 -2.644930e+01 -7.901532e-02 -1.069477e-01 9.911200e-01 1.037642e+02
9.868705e-01 1.273179e-01 9.938231e-02 2.770288e+02 -1.370570e-01 9.856801e-01 9.823515e-02 -2.636568e+01 -8.545207e-02 -1.105664e-01 9.901884e-01 1.047586e+02
9.868009e-01 1.238045e-01 1.043861e-01 2.771344e+02 -1.342979e-01 9.858492e-01 1.003268e-01 -2.628690e+01 -9.048803e-02 -1.130215e-01 9.894635e-01 1.057488e+02
9.868648e-01 1.154716e-01 1.129783e-01 2.772419e+02 -1.268132e-01 9.869787e-01 9.895217e-02 -2.620501e+01 -1.000810e-01 -1.119796e-01 9.886579e-01 1.067349e+02
9.867102e-01 1.123646e-01 1.173761e-01 2.773607e+02 -1.239647e-01 9.875639e-01 9.669746e-02 -2.612479e+01 -1.050510e-01 -1.099629e-01 9.883686e-01 1.077081e+02
9.854041e-01 1.202881e-01 1.204556e-01 2.774748e+02 -1.322212e-01 9.865101e-01 9.651595e-02 -2.604215e+01 -1.072210e-01 -1.110340e-01 9.880157e-01 1.086817e+02
9.840481e-01 1.279272e-01 1.236286e-01 2.775999e+02 -1.398960e-01 9.857401e-01 9.351756e-02 -2.598089e+01 -1.099022e-01 -1.093209e-01 9.879122e-01 1.096185e+02
9.834952e-01 1.293669e-01 1.264964e-01 2.776919e+02 -1.412229e-01 9.859043e-01 8.971537e-02 -2.589688e+01 -1.131072e-01 -1.060988e-01 9.879017e-01 1.106274e+02
9.829242e-01 1.318870e-01 1.283196e-01 2.778021e+02 -1.438273e-01 9.856204e-01 8.869157e-02 -2.581753e+01 -1.147772e-01 -1.056330e-01 9.877590e-01 1.115731e+02
9.827293e-01 1.333090e-01 1.283427e-01 2.779463e+02 -1.455683e-01 9.851183e-01 9.138818e-02 -2.576037e+01 -1.142499e-01 -1.084925e-01 9.875102e-01 1.124726e+02
9.832653e-01 1.300178e-01 1.276112e-01 2.780666e+02 -1.423903e-01 9.854189e-01 9.313770e-02 -2.569002e+01 -1.136410e-01 -1.097497e-01 9.874415e-01 1.134153e+02
9.843941e-01 1.234238e-01 1.254388e-01 2.781868e+02 -1.354564e-01 9.864664e-01 9.238861e-02 -2.560490e+01 -1.123382e-01 -1.079383e-01 9.877902e-01 1.143924e+02
9.853440e-01 1.182680e-01 1.229221e-01 2.783040e+02 -1.302242e-01 9.869945e-01 9.425277e-02 -2.553015e+01 -1.101764e-01 -1.088788e-01 9.879304e-01 1.153406e+02
9.859704e-01 1.130133e-01 1.228431e-01 2.784136e+02 -1.253074e-01 9.873222e-01 9.743188e-02 -2.544888e+01 -1.102746e-01 -1.114581e-01 9.876318e-01 1.162839e+02
9.862560e-01 1.148460e-01 1.187837e-01 2.785224e+02 -1.268798e-01 9.869396e-01 9.925558e-02 -2.536903e+01 -1.058332e-01 -1.129627e-01 9.879467e-01 1.172248e+02
9.870616e-01 1.126779e-01 1.140754e-01 2.786363e+02 -1.238484e-01 9.876381e-01 9.608595e-02 -2.527981e+01 -1.018385e-01 -1.089708e-01 9.888146e-01 1.181424e+02
9.876204e-01 1.121058e-01 1.097190e-01 2.787399e+02 -1.222134e-01 9.883977e-01 9.018806e-02 -2.520565e+01 -9.833538e-02 -1.024807e-01 9.898625e-01 1.190689e+02
9.882107e-01 1.097805e-01 1.067141e-01 2.788444e+02 -1.191210e-01 9.891928e-01 8.548573e-02 -2.512803e+01 -9.617616e-02 -9.718981e-02 9.906080e-01 1.199821e+02
9.887452e-01 1.072342e-01 1.043249e-01 2.789684e+02 -1.166542e-01 9.891932e-01 8.881810e-02 -2.506823e+01 -9.367316e-02 -9.998842e-02 9.905694e-01 1.208462e+02
9.894836e-01 1.009712e-01 1.035715e-01 2.790577e+02 -1.110174e-01 9.891406e-01 9.631211e-02 -2.499219e+01 -9.272198e-02 -1.067975e-01 9.899479e-01 1.217882e+02
9.904399e-01 9.141746e-02 1.033036e-01 2.791717e+02 -1.022706e-01 9.891815e-01 1.051700e-01 -2.491843e+01 -9.257165e-02 -1.147295e-01 9.890741e-01 1.227034e+02
9.912784e-01 8.196938e-02 1.031903e-01 2.792708e+02 -9.327529e-02 9.895471e-01 1.099833e-01 -2.484102e+01 -9.309642e-02 -1.186492e-01 9.885623e-01 1.236157e+02
9.915104e-01 7.878297e-02 1.034426e-01 2.793559e+02 -9.004069e-02 9.899445e-01 1.090993e-01 -2.475522e+01 -9.380726e-02 -1.174871e-01 9.886339e-01 1.245308e+02
9.912836e-01 7.760543e-02 1.064621e-01 2.794601e+02 -8.864215e-02 9.907043e-01 1.031867e-01 -2.468937e+01 -9.746466e-02 -1.117243e-01 9.889481e-01 1.253720e+02
9.910153e-01 7.984398e-02 1.073011e-01 2.795547e+02 -9.028301e-02 9.912557e-01 9.623423e-02 -2.461446e+01 -9.867912e-02 -1.050571e-01 9.895582e-01 1.262166e+02
9.907038e-01 8.029009e-02 1.098154e-01 2.796412e+02 -9.084935e-02 9.913428e-01 9.479360e-02 -2.454588e+01 -1.012537e-01 -1.038890e-01 9.894214e-01 1.270832e+02
9.902809e-01 8.073833e-02 1.132475e-01 2.797508e+02 -9.220999e-02 9.907044e-01 1.000109e-01 -2.448077e+01 -1.041201e-01 -1.094814e-01 9.885205e-01 1.279145e+02
9.898145e-01 8.117391e-02 1.169536e-01 2.798810e+02 -9.353889e-02 9.901232e-01 1.044344e-01 -2.441267e+01 -1.073211e-01 -1.143104e-01 9.876312e-01 1.287151e+02
9.892437e-01 8.059303e-02 1.220721e-01 2.799961e+02 -9.357965e-02 9.900935e-01 1.046795e-01 -2.434007e+01 -1.124263e-01 -1.149770e-01 9.869856e-01 1.295360e+02
9.886094e-01 7.932999e-02 1.278990e-01 2.801110e+02 -9.283662e-02 9.903030e-01 1.033505e-01 -2.427489e+01 -1.184600e-01 -1.140470e-01 9.863876e-01 1.303257e+02
9.877868e-01 7.776287e-02 1.350192e-01 2.802220e+02 -9.171992e-02 9.907079e-01 1.004260e-01 -2.420172e+01 -1.259552e-01 -1.115834e-01 9.857406e-01 1.311281e+02
9.868854e-01 7.609106e-02 1.423633e-01 2.803612e+02 -9.032204e-02 9.912437e-01 9.632201e-02 -2.414038e+01 -1.337875e-01 -1.079173e-01 9.851166e-01 1.318725e+02
9.856161e-01 7.641579e-02 1.507364e-01 2.804986e+02 -9.127932e-02 9.913523e-01 9.427983e-02 -2.409212e+01 -1.422284e-01 -1.066828e-01 9.840680e-01 1.326181e+02
9.835308e-01 7.721450e-02 1.634168e-01 2.806251e+02 -9.355674e-02 9.910919e-01 9.478388e-02 -2.403329e+01 -1.546423e-01 -1.085116e-01 9.819934e-01 1.333520e+02
9.816297e-01 8.050063e-02 1.729820e-01 2.807643e+02 -9.835520e-02 9.903887e-01 9.724405e-02 -2.398359e+01 -1.634912e-01 -1.124713e-01 9.801127e-01 1.340777e+02
9.800260e-01 8.280103e-02 1.808119e-01 2.809194e+02 -1.010403e-01 9.904223e-01 9.409830e-02 -2.392207e+01 -1.712888e-01 -1.104881e-01 9.790059e-01 1.347843e+02
9.781760e-01 8.692209e-02 1.887228e-01 2.810621e+02 -1.046387e-01 9.907831e-01 8.602088e-02 -2.388181e+01 -1.795062e-01 -1.038913e-01 9.782557e-01 1.354426e+02
9.760180e-01 9.298391e-02 1.968319e-01 2.811951e+02 -1.099204e-01 9.909593e-01 7.692358e-02 -2.382731e+01 -1.878997e-01 -9.671464e-02 9.774149e-01 1.360877e+02
9.740266e-01 9.709251e-02 2.045610e-01 2.813236e+02 -1.143375e-01 9.906660e-01 7.421504e-02 -2.378956e+01 -1.954459e-01 -9.567641e-02 9.760363e-01 1.367178e+02
9.722846e-01 9.921077e-02 2.117070e-01 2.814483e+02 -1.180781e-01 9.899051e-01 7.839240e-02 -2.374320e+01 -2.017925e-01 -1.012177e-01 9.741842e-01 1.373294e+02
9.710780e-01 9.744964e-02 2.179706e-01 2.815942e+02 -1.191004e-01 9.889325e-01 8.847350e-02 -2.369970e+01 -2.069365e-01 -1.118750e-01 9.719369e-01 1.379324e+02
9.705988e-01 9.253552e-02 2.222052e-01 2.817359e+02 -1.158061e-01 9.888078e-01 9.406368e-02 -2.365790e+01 -2.110141e-01 -1.170308e-01 9.704519e-01 1.385058e+02
9.709710e-01 8.573009e-02 2.233061e-01 2.819001e+02 -1.087298e-01 9.897298e-01 9.280475e-02 -2.360195e+01 -2.130565e-01 -1.143907e-01 9.703204e-01 1.390805e+02
9.706852e-01 8.040340e-02 2.265074e-01 2.820429e+02 -1.032786e-01 9.904806e-01 9.100359e-02 -2.355874e+01 -2.170342e-01 -1.117292e-01 9.697488e-01 1.396201e+02
9.708195e-01 8.386788e-02 2.246680e-01 2.821632e+02 -1.055094e-01 9.906838e-01 8.610068e-02 -2.351641e+01 -2.153539e-01 -1.072928e-01 9.706240e-01 1.401559e+02
9.714592e-01 8.884033e-02 2.199417e-01 2.822809e+02 -1.084781e-01 9.909661e-01 7.885866e-02 -2.347988e+01 -2.109489e-01 -1.004668e-01 9.723204e-01 1.406924e+02
9.735321e-01 8.390160e-02 2.125929e-01 2.824210e+02 -1.021493e-01 9.918356e-01 7.633874e-02 -2.343671e+01 -2.044523e-01 -9.603444e-02 9.741543e-01 1.412378e+02
9.763338e-01 7.377653e-02 2.032963e-01 2.825429e+02 -9.140728e-02 9.926962e-01 7.873404e-02 -2.339365e+01 -1.960028e-01 -9.545347e-02 9.759465e-01 1.417705e+02
9.791616e-01 6.916545e-02 1.909416e-01 2.826429e+02 -8.665158e-02 9.926236e-01 8.479368e-02 -2.335372e+01 -1.836684e-01 -9.957211e-02 9.779322e-01 1.423090e+02
9.822766e-01 7.162169e-02 1.732140e-01 2.827589e+02 -8.834183e-02 9.919411e-01 9.082185e-02 -2.330193e+01 -1.653133e-01 -1.045142e-01 9.806877e-01 1.428583e+02
9.854025e-01 7.578812e-02 1.524401e-01 2.828240e+02 -9.124262e-02 9.910858e-01 9.707535e-02 -2.326029e+01 -1.437241e-01 -1.095673e-01 9.835336e-01 1.433994e+02
9.893069e-01 7.427581e-02 1.255189e-01 2.828843e+02 -8.718376e-02 9.910915e-01 1.006810e-01 -2.321766e+01 -1.169225e-01 -1.105476e-01 9.869693e-01 1.439278e+02
9.930395e-01 7.200949e-02 9.320524e-02 2.829447e+02 -8.129685e-02 9.916589e-01 1.000172e-01 -2.316912e+01 -8.522562e-02 -1.068983e-01 9.906106e-01 1.444569e+02
9.956728e-01 6.928783e-02 6.192616e-02 2.829627e+02 -7.515604e-02 9.923361e-01 9.808475e-02 -2.311962e+01 -5.465549e-02 -1.023144e-01 9.932495e-01 1.449799e+02
9.972536e-01 7.072196e-02 2.199133e-02 2.829643e+02 -7.252689e-02 9.926821e-01 9.655069e-02 -2.306882e+01 -1.500215e-02 -9.788049e-02 9.950851e-01 1.455123e+02
9.971891e-01 7.148279e-02 -2.245330e-02 2.829374e+02 -6.899666e-02 9.929103e-01 9.679134e-02 -2.301706e+01 2.921303e-02 -9.497006e-02 9.950514e-01 1.460412e+02
9.949714e-01 7.044645e-02 -7.119830e-02 2.829154e+02 -6.322666e-02 9.930750e-01 9.901762e-02 -2.295037e+01 7.768069e-02 -9.401807e-02 9.925353e-01 1.465744e+02
9.903386e-01 7.077242e-02 -1.192503e-01 2.828166e+02 -5.825937e-02 9.927287e-01 1.053357e-01 -2.289774e+01 1.258381e-01 -9.737055e-02 9.872607e-01 1.470886e+02
9.827335e-01 7.216029e-02 -1.703754e-01 2.827014e+02 -5.333263e-02 9.922068e-01 1.126111e-01 -2.283991e+01 1.771737e-01 -1.015801e-01 9.789234e-01 1.476076e+02
9.716832e-01 7.384729e-02 -2.244511e-01 2.825648e+02 -4.815414e-02 9.918610e-01 1.178683e-01 -2.277730e+01 2.313285e-01 -1.037224e-01 9.673307e-01 1.481295e+02
9.571156e-01 7.606327e-02 -2.795425e-01 2.823910e+02 -4.304523e-02 9.915448e-01 1.224174e-01 -2.272149e+01 2.864904e-01 -1.051347e-01 9.522972e-01 1.486420e+02
9.387565e-01 7.958917e-02 -3.352639e-01 2.821846e+02 -3.862178e-02 9.911320e-01 1.271444e-01 -2.265258e+01 3.424101e-01 -1.064091e-01 9.335055e-01 1.491478e+02
9.164506e-01 8.311195e-02 -3.914213e-01 2.819406e+02 -3.339744e-02 9.906660e-01 1.321570e-01 -2.258430e+01 3.987516e-01 -1.080429e-01 9.106722e-01 1.496522e+02
8.925140e-01 8.196869e-02 -4.435087e-01 2.816731e+02 -2.380035e-02 9.905360e-01 1.351739e-01 -2.249300e+01 4.503913e-01 -1.100889e-01 8.860181e-01 1.501577e+02
8.636848e-01 8.344756e-02 -4.970765e-01 2.813668e+02 -1.498485e-02 9.900149e-01 1.401638e-01 -2.241898e+01 5.038095e-01 -1.136087e-01 8.563113e-01 1.506428e+02
8.308803e-01 8.868092e-02 -5.493392e-01 2.810249e+02 -9.115298e-03 9.892558e-01 1.459106e-01 -2.233371e+01 5.563765e-01 -1.162268e-01 8.227615e-01 1.511255e+02
7.944535e-01 9.524093e-02 -5.998107e-01 2.806498e+02 -4.365542e-03 9.884972e-01 1.511763e-01 -2.226955e+01 6.073093e-01 -1.174841e-01 7.857308e-01 1.515788e+02
7.548118e-01 1.010392e-01 -6.481128e-01 2.802619e+02 -4.798582e-04 9.881499e-01 1.534913e-01 -2.218665e+01 6.559412e-01 -1.155460e-01 7.459157e-01 1.519849e+02
7.129619e-01 1.061967e-01 -6.931144e-01 2.798190e+02 5.163234e-03 9.876431e-01 1.566346e-01 -2.210417e+01 7.011838e-01 -1.152532e-01 7.036036e-01 1.523890e+02
6.711538e-01 1.088560e-01 -7.332823e-01 2.793946e+02 1.585669e-02 9.868257e-01 1.610079e-01 -2.201794e+01 7.411485e-01 -1.196885e-01 6.605858e-01 1.527443e+02
6.279519e-01 1.125728e-01 -7.700673e-01 2.788958e+02 2.151625e-02 9.865937e-01 1.617713e-01 -2.193271e+01 7.779546e-01 -1.181536e-01 6.171113e-01 1.531082e+02
5.847850e-01 1.118481e-01 -8.034404e-01 2.783766e+02 2.938066e-02 9.868784e-01 1.587695e-01 -2.184167e+01 8.106561e-01 -1.164517e-01 5.738256e-01 1.534435e+02
5.437333e-01 1.097465e-01 -8.320516e-01 2.778318e+02 3.406246e-02 9.877106e-01 1.525370e-01 -2.176024e+01 8.385666e-01 -1.112812e-01 5.333129e-01 1.537472e+02
5.086277e-01 1.013626e-01 -8.549991e-01 2.772721e+02 3.895278e-02 9.893199e-01 1.404592e-01 -2.166565e+01 8.601050e-01 -1.047460e-01 4.992471e-01 1.540349e+02
4.736542e-01 9.785790e-02 -8.752574e-01 2.766823e+02 3.749947e-02 9.906657e-01 1.310543e-01 -2.156514e+01 8.799122e-01 -9.489612e-02 4.655634e-01 1.543201e+02
4.464683e-01 1.012023e-01 -8.890580e-01 2.760658e+02 3.474139e-02 9.908738e-01 1.302385e-01 -2.147454e+01 8.941248e-01 -8.903447e-02 4.388778e-01 1.545883e+02
4.262067e-01 1.085907e-01 -8.980846e-01 2.754204e+02 3.129448e-02 9.904050e-01 1.346050e-01 -2.138368e+01 9.040844e-01 -8.547463e-02 4.187189e-01 1.548651e+02
4.121767e-01 1.154005e-01 -9.037660e-01 2.747684e+02 3.012665e-02 9.896775e-01 1.401102e-01 -2.129115e+01 9.106057e-01 -8.497759e-02 4.044454e-01 1.551423e+02
4.026827e-01 1.206708e-01 -9.073506e-01 2.741028e+02 2.795896e-02 9.891881e-01 1.439628e-01 -2.119862e+01 9.149125e-01 -8.333990e-02 3.949551e-01 1.554251e+02
3.978663e-01 1.239049e-01 -9.090379e-01 2.734276e+02 2.435879e-02 9.890622e-01 1.454738e-01 -2.109880e+01 9.171200e-01 -8.002218e-02 3.904963e-01 1.557007e+02
3.966112e-01 1.239459e-01 -9.095806e-01 2.727566e+02 2.038844e-02 9.894092e-01 1.437141e-01 -2.100561e+01 9.177602e-01 -7.554354e-02 3.898837e-01 1.559714e+02
3.969847e-01 1.238619e-01 -9.094291e-01 2.720610e+02 1.755618e-02 9.896462e-01 1.424509e-01 -2.090495e+01 9.176573e-01 -7.251694e-02 3.906999e-01 1.562566e+02
3.977020e-01 1.234703e-01 -9.091690e-01 2.713608e+02 1.668992e-02 9.897666e-01 1.417167e-01 -2.079897e+01 9.173628e-01 -7.153496e-02 3.915714e-01 1.565567e+02
4.034876e-01 1.208293e-01 -9.069719e-01 2.706342e+02 1.562972e-02 9.901874e-01 1.388688e-01 -2.069946e+01 9.148516e-01 -7.020755e-02 3.976398e-01 1.568523e+02
4.056243e-01 1.214301e-01 -9.059380e-01 2.699099e+02 1.076009e-02 9.904331e-01 1.375734e-01 -2.059773e+01 9.139765e-01 -6.555110e-02 4.004372e-01 1.571641e+02
4.079802e-01 1.207740e-01 -9.049673e-01 2.692011e+02 6.639410e-03 9.907932e-01 1.352212e-01 -2.050301e+01 9.129666e-01 -6.117603e-02 4.034221e-01 1.574817e+02
4.104954e-01 1.190700e-01 -9.040553e-01 2.684761e+02 5.655721e-04 9.914045e-01 1.308312e-01 -2.040335e+01 9.118625e-01 -5.421692e-02 4.068996e-01 1.577920e+02
4.136364e-01 1.179779e-01 -9.027658e-01 2.677182e+02 -2.154212e-03 9.916926e-01 1.286123e-01 -2.029957e+01 9.104396e-01 -5.125396e-02 4.104543e-01 1.581285e+02
4.172277e-01 1.184217e-01 -9.010535e-01 2.669356e+02 -2.532797e-03 9.916216e-01 1.291519e-01 -2.019888e+01 9.087985e-01 -5.160356e-02 4.140319e-01 1.584762e+02
4.208853e-01 1.208332e-01 -8.990300e-01 2.661540e+02 -4.241003e-03 9.913396e-01 1.312546e-01 -2.009252e+01 9.071040e-01 -5.143033e-02 4.177527e-01 1.588279e+02
4.241475e-01 1.232045e-01 -8.971731e-01 2.653538e+02 -5.798058e-03 9.910513e-01 1.333553e-01 -1.998343e+01 9.055745e-01 -5.136045e-02 4.210663e-01 1.591976e+02
4.263144e-01 1.233306e-01 -8.961281e-01 2.645416e+02 -6.524432e-03 9.910554e-01 1.332912e-01 -1.986639e+01 9.045515e-01 -5.097723e-02 4.233059e-01 1.595776e+02
4.278116e-01 1.212737e-01 -8.956952e-01 2.637365e+02 -4.302419e-03 9.912201e-01 1.321525e-01 -1.974904e+01 9.038577e-01 -5.268270e-02 4.245772e-01 1.599663e+02
4.324002e-01 1.164536e-01 -8.941301e-01 2.629156e+02 -1.911487e-03 9.917410e-01 1.282422e-01 -1.963394e+01 9.016798e-01 -5.374285e-02 4.290516e-01 1.603570e+02
4.329959e-01 1.152113e-01 -8.940028e-01 2.620762e+02 -1.168596e-03 9.918690e-01 1.272575e-01 -1.951933e+01 9.013952e-01 -5.405722e-02 4.296098e-01 1.607573e+02
4.333379e-01 1.185635e-01 -8.933985e-01 2.612319e+02 -2.361957e-03 9.914546e-01 1.304310e-01 -1.939676e+01 9.012284e-01 -5.441052e-02 4.299149e-01 1.611596e+02
4.341436e-01 1.237471e-01 -8.923037e-01 2.603770e+02 -2.752631e-03 9.906977e-01 1.360534e-01 -1.927742e+01 9.008395e-01 -5.661052e-02 4.304457e-01 1.615692e+02
4.363562e-01 1.273801e-01 -8.907118e-01 2.595245e+02 -3.792538e-03 9.901800e-01 1.397470e-01 -1.915842e+01 8.997660e-01 -5.760141e-02 4.325543e-01 1.619702e+02
4.394432e-01 1.228117e-01 -8.898354e-01 2.586553e+02 -2.902669e-03 9.907987e-01 1.353128e-01 -1.902861e+01 8.982657e-01 -5.687939e-02 4.357562e-01 1.623883e+02
4.424121e-01 1.158184e-01 -8.893017e-01 2.577953e+02 -3.358207e-03 9.918328e-01 1.275009e-01 -1.891030e+01 8.968056e-01 -5.342147e-02 4.391878e-01 1.628108e+02
4.458596e-01 1.117532e-01 -8.880993e-01 2.569506e+02 -5.605604e-03 9.925048e-01 1.220767e-01 -1.879664e+01 8.950853e-01 -4.945075e-02 4.431443e-01 1.632299e+02
4.501752e-01 1.131675e-01 -8.857400e-01 2.560896e+02 -7.402850e-03 9.923754e-01 1.230293e-01 -1.868541e+01 8.929096e-01 -4.882776e-02 4.475806e-01 1.636474e+02
4.562901e-01 1.179065e-01 -8.819849e-01 2.552253e+02 -7.756265e-03 9.916718e-01 1.285571e-01 -1.858273e+01 8.897973e-01 -5.181843e-02 4.534045e-01 1.640740e+02
4.675317e-01 1.201558e-01 -8.757721e-01 2.543540e+02 -8.700099e-03 9.912964e-01 1.313611e-01 -1.846450e+01 8.839335e-01 -5.379619e-02 4.645079e-01 1.645331e+02
4.763285e-01 1.215933e-01 -8.708193e-01 2.535038e+02 -1.055360e-02 9.911112e-01 1.326171e-01 -1.835895e+01 8.792041e-01 -5.397903e-02 4.733777e-01 1.649824e+02
4.856713e-01 1.190097e-01 -8.660023e-01 2.526407e+02 -1.142538e-02 9.914686e-01 1.298443e-01 -1.824649e+01 8.740668e-01 -5.316724e-02 4.828876e-01 1.654482e+02
4.946290e-01 1.153989e-01 -8.614089e-01 2.518071e+02 -9.452988e-03 9.918014e-01 1.274390e-01 -1.813415e+01 8.690528e-01 -5.489214e-02 4.916646e-01 1.659359e+02
5.039692e-01 1.139822e-01 -8.561677e-01 2.509720e+02 -8.056289e-03 9.918314e-01 1.273010e-01 -1.801754e+01 8.636840e-01 -5.725824e-02 5.007708e-01 1.664263e+02
5.127140e-01 1.148754e-01 -8.508396e-01 2.501473e+02 -7.970985e-03 9.916025e-01 1.290770e-01 -1.791828e+01 8.585225e-01 -5.939758e-02 5.093242e-01 1.669193e+02
5.219515e-01 1.150893e-01 -8.451752e-01 2.493059e+02 -6.090861e-03 9.913332e-01 1.312304e-01 -1.780406e+01 8.529534e-01 -6.334808e-02 5.181288e-01 1.674199e+02
5.299179e-01 1.138443e-01 -8.403728e-01 2.485208e+02 -1.011899e-03 9.910327e-01 1.336159e-01 -1.769314e+01 8.480483e-01 -6.995511e-02 5.252812e-01 1.679470e+02
5.365112e-01 1.152849e-01 -8.359815e-01 2.476967e+02 2.497225e-05 9.906226e-01 1.366265e-01 -1.758056e+01 8.438932e-01 -7.332251e-02 5.314772e-01 1.684606e+02
5.413723e-01 1.124474e-01 -8.332296e-01 2.469131e+02 4.144904e-03 9.906473e-01 1.363845e-01 -1.746435e+01 8.407728e-01 -7.728845e-02 5.358429e-01 1.689785e+02
5.484541e-01 1.029004e-01 -8.298251e-01 2.461217e+02 1.413623e-02 9.911164e-01 1.322439e-01 -1.734914e+01 8.360612e-01 -8.426031e-02 5.421272e-01 1.695074e+02
5.491303e-01 9.859347e-02 -8.299007e-01 2.453343e+02 2.009075e-02 9.911726e-01 1.310465e-01 -1.722663e+01 8.354952e-01 -8.863494e-02 5.423021e-01 1.700405e+02
5.482679e-01 9.822379e-02 -8.305146e-01 2.445355e+02 2.354360e-02 9.908724e-01 1.327315e-01 -1.711394e+01 8.359713e-01 -9.232572e-02 5.409509e-01 1.705502e+02
5.448100e-01 1.005172e-01 -8.325133e-01 2.437079e+02 2.579401e-02 9.903112e-01 1.364496e-01 -1.699260e+01 8.381627e-01 -9.581296e-02 5.369387e-01 1.710792e+02
5.397540e-01 9.889257e-02 -8.359939e-01 2.429190e+02 3.029128e-02 9.901512e-01 1.366857e-01 -1.687101e+01 8.412776e-01 -9.910000e-02 5.314425e-01 1.716064e+02
5.345134e-01 9.681716e-02 -8.395963e-01 2.421197e+02 3.732442e-02 9.897436e-01 1.378931e-01 -1.675736e+01 8.443354e-01 -1.050432e-01 5.254175e-01 1.721313e+02
5.274657e-01 9.851564e-02 -8.438451e-01 2.412898e+02 3.441472e-02 9.899612e-01 1.370859e-01 -1.663231e+01 8.488790e-01 -1.013488e-01 5.187801e-01 1.726391e+02
5.202457e-01 9.891984e-02 -8.482684e-01 2.404622e+02 3.383721e-02 9.901017e-01 1.362120e-01 -1.651036e+01 8.533460e-01 -9.956677e-02 5.117490e-01 1.731387e+02
5.118227e-01 9.385810e-02 -8.539486e-01 2.397156e+02 3.790196e-02 9.905791e-01 1.315922e-01 -1.641958e+01 8.582546e-01 -9.971818e-02 5.034434e-01 1.736394e+02
5.048363e-01 8.817607e-02 -8.586998e-01 2.388811e+02 4.204450e-02 9.910768e-01 1.264876e-01 -1.630523e+01 8.621906e-01 -9.995911e-02 4.966242e-01 1.741359e+02
5.018882e-01 8.235130e-02 -8.610032e-01 2.380488e+02 4.762557e-02 9.913157e-01 1.225766e-01 -1.620417e+01 8.636203e-01 -1.025255e-01 4.936077e-01 1.746479e+02
4.944571e-01 8.718422e-02 -8.648185e-01 2.372123e+02 5.071950e-02 9.903675e-01 1.288398e-01 -1.609478e+01 8.677210e-01 -1.075689e-01 4.852724e-01 1.751270e+02
4.876942e-01 8.959757e-02 -8.684046e-01 2.363525e+02 5.830690e-02 9.891557e-01 1.348011e-01 -1.597251e+01 8.710652e-01 -1.163757e-01 4.771814e-01 1.756100e+02
4.808886e-01 8.917773e-02 -8.722348e-01 2.355013e+02 6.451559e-02 9.885183e-01 1.366359e-01 -1.585490e+01 8.744049e-01 -1.219794e-01 4.696138e-01 1.760897e+02
4.730769e-01 8.882069e-02 -8.765325e-01 2.346752e+02 6.737978e-02 9.883437e-01 1.365165e-01 -1.573902e+01 8.784408e-01 -1.236434e-01 4.615778e-01 1.765769e+02
4.666140e-01 8.735263e-02 -8.801368e-01 2.337748e+02 6.986411e-02 9.883613e-01 1.351330e-01 -1.562622e+01 8.816974e-01 -1.245449e-01 4.550804e-01 1.770263e+02
4.597099e-01 8.323964e-02 -8.841595e-01 2.329105e+02 7.502752e-02 9.883978e-01 1.320630e-01 -1.551846e+01 8.848942e-01 -1.270470e-01 4.481310e-01 1.774748e+02
4.527116e-01 7.900074e-02 -8.881504e-01 2.320583e+02 7.862390e-02 9.886506e-01 1.280167e-01 -1.539291e+01 8.881838e-01 -1.277845e-01 4.413623e-01 1.779221e+02
4.471060e-01 7.826625e-02 -8.910503e-01 2.311623e+02 7.988864e-02 9.886895e-01 1.269285e-01 -1.527848e+01 8.909063e-01 -1.279353e-01 4.357964e-01 1.783571e+02
4.411997e-01 7.848262e-02 -8.939705e-01 2.303179e+02 8.299569e-02 9.883306e-01 1.277273e-01 -1.514748e+01 8.935628e-01 -1.305489e-01 4.295374e-01 1.788100e+02
4.399840e-01 7.970647e-02 -8.944613e-01 2.294338e+02 8.445290e-02 9.879658e-01 1.295810e-01 -1.503419e+01 8.940256e-01 -1.325534e-01 4.279577e-01 1.792387e+02
4.360369e-01 8.351446e-02 -8.960453e-01 2.285211e+02 8.044068e-02 9.880821e-01 1.312369e-01 -1.491875e+01 8.963265e-01 -1.293026e-01 4.241222e-01 1.796496e+02
4.334723e-01 8.534806e-02 -8.971162e-01 2.276265e+02 8.134939e-02 9.877347e-01 1.332759e-01 -1.480317e+01 8.974876e-01 -1.307513e-01 4.212126e-01 1.800736e+02
4.311425e-01 8.702572e-02 -8.980772e-01 2.267321e+02 7.837482e-02 9.879636e-01 1.333615e-01 -1.468543e+01 8.988735e-01 -1.278845e-01 4.191325e-01 1.804969e+02
4.308260e-01 8.620953e-02 -8.983078e-01 2.258405e+02 7.405878e-02 9.886914e-01 1.304019e-01 -1.456688e+01 8.993910e-01 -1.227081e-01 4.195694e-01 1.808968e+02
4.303743e-01 8.044669e-02 -8.990585e-01 2.249528e+02 7.387927e-02 9.895396e-01 1.239084e-01 -1.445301e+01 8.996220e-01 -1.197488e-01 4.199291e-01 1.813061e+02
4.303162e-01 7.712120e-02 -8.993777e-01 2.240487e+02 7.305697e-02 9.900997e-01 1.198554e-01 -1.433900e+01 8.997170e-01 -1.172815e-01 4.204217e-01 1.817140e+02
4.313431e-01 7.541673e-02 -8.990303e-01 2.231605e+02 7.599660e-02 9.899209e-01 1.195034e-01 -1.423100e+01 8.989814e-01 -1.198702e-01 4.212642e-01 1.821298e+02
4.327571e-01 7.533898e-02 -8.983570e-01 2.222913e+02 7.205632e-02 9.904231e-01 1.177709e-01 -1.413514e+01 8.986263e-01 -1.156985e-01 4.231840e-01 1.825400e+02
4.353110e-01 7.384607e-02 -8.972464e-01 2.214001e+02 6.563097e-02 9.913754e-01 1.134349e-01 -1.403213e+01 8.978847e-01 -1.082666e-01 4.267100e-01 1.829483e+02
4.416874e-01 6.915067e-02 -8.945001e-01 2.205140e+02 6.212554e-02 9.922745e-01 1.073857e-01 -1.392804e+01 8.950154e-01 -1.030022e-01 4.339792e-01 1.833656e+02
4.441040e-01 7.352679e-02 -8.929532e-01 2.196517e+02 6.001727e-02 9.919474e-01 1.115272e-01 -1.383943e+01 8.939629e-01 -1.031223e-01 4.361149e-01 1.837863e+02
4.465934e-01 7.908548e-02 -8.912350e-01 2.187964e+02 5.675030e-02 9.915766e-01 1.164268e-01 -1.374920e+01 8.929355e-01 -1.025733e-01 4.383435e-01 1.841859e+02
4.480359e-01 8.163867e-02 -8.902803e-01 2.179210e+02 5.764397e-02 9.911118e-01 1.198944e-01 -1.365001e+01 8.921553e-01 -1.050363e-01 4.393476e-01 1.846356e+02
4.482198e-01 8.308428e-02 -8.900540e-01 2.170689e+02 5.902064e-02 9.907483e-01 1.222059e-01 -1.354027e+01 8.919729e-01 -1.073066e-01 4.391693e-01 1.850684e+02
4.478532e-01 8.357080e-02 -8.901929e-01 2.162144e+02 6.146613e-02 9.903891e-01 1.239006e-01 -1.343710e+01 8.919918e-01 -1.102060e-01 4.384122e-01 1.854872e+02
4.467938e-01 8.331404e-02 -8.907492e-01 2.153726e+02 6.106050e-02 9.904928e-01 1.232708e-01 -1.333373e+01 8.925508e-01 -1.094662e-01 4.374588e-01 1.858952e+02
4.453704e-01 8.084450e-02 -8.916891e-01 2.145307e+02 6.002539e-02 9.909785e-01 1.198273e-01 -1.322924e+01 8.933321e-01 -1.068915e-01 4.364997e-01 1.863291e+02
4.447433e-01 7.839642e-02 -8.922205e-01 2.137064e+02 5.670238e-02 9.916992e-01 1.154016e-01 -1.313064e+01 8.938614e-01 -1.019151e-01 4.366063e-01 1.867052e+02
4.439765e-01 7.928446e-02 -8.925239e-01 2.128802e+02 5.265972e-02 9.920473e-01 1.143203e-01 -1.302728e+01 8.944897e-01 -9.775558e-02 4.362706e-01 1.870854e+02
4.466545e-01 7.933159e-02 -8.911825e-01 2.120740e+02 5.283350e-02 9.919844e-01 1.147846e-01 -1.294063e+01 8.931452e-01 -9.835334e-02 4.388829e-01 1.874459e+02
4.448144e-01 8.176245e-02 -8.918829e-01 2.112600e+02 5.701509e-02 9.912193e-01 1.193045e-01 -1.284649e+01 8.938061e-01 -1.039192e-01 4.362469e-01 1.878745e+02
4.438051e-01 8.311085e-02 -8.922610e-01 2.104662e+02 6.102571e-02 9.905754e-01 1.226223e-01 -1.275249e+01 8.940430e-01 -1.088713e-01 4.345505e-01 1.882639e+02
4.423412e-01 8.574616e-02 -8.927384e-01 2.096856e+02 5.751544e-02 9.906578e-01 1.236494e-01 -1.267417e+01 8.950007e-01 -1.060415e-01 4.332771e-01 1.886252e+02
4.410818e-01 8.004856e-02 -8.938899e-01 2.089001e+02 5.710358e-02 9.914929e-01 1.169662e-01 -1.259005e+01 8.956484e-01 -1.026360e-01 4.327584e-01 1.889793e+02
4.395097e-01 6.958752e-02 -8.955383e-01 2.081536e+02 6.015340e-02 9.924762e-01 1.066420e-01 -1.250797e+01 8.962214e-01 -1.007398e-01 4.320170e-01 1.893346e+02
4.380737e-01 6.557504e-02 -8.965441e-01 2.074177e+02 6.372344e-02 9.925615e-01 1.037348e-01 -1.242882e+01 8.966776e-01 -1.025744e-01 4.306365e-01 1.897010e+02
4.363678e-01 7.235565e-02 -8.968544e-01 2.066764e+02 6.143659e-02 9.920391e-01 1.099271e-01 -1.234883e+01 8.976685e-01 -1.030683e-01 4.284486e-01 1.900569e+02
4.338649e-01 8.244503e-02 -8.971979e-01 2.059376e+02 6.065699e-02 9.908724e-01 1.203853e-01 -1.228192e+01 8.989338e-01 -1.066523e-01 4.249039e-01 1.904123e+02
4.316332e-01 8.443285e-02 -8.980890e-01 2.052158e+02 6.084916e-02 9.906166e-01 1.223766e-01 -1.220021e+01 8.999946e-01 -1.074698e-01 4.224453e-01 1.907436e+02
4.324500e-01 7.747226e-02 -8.983235e-01 2.045320e+02 6.129708e-02 9.914709e-01 1.150136e-01 -1.214297e+01 8.995719e-01 -1.048022e-01 4.240128e-01 1.910758e+02
4.300210e-01 7.460146e-02 -8.997314e-01 2.038671e+02 5.790231e-02 9.922495e-01 1.099467e-01 -1.208410e+01 9.009602e-01 -9.937590e-02 4.223685e-01 1.914147e+02
4.286850e-01 7.584738e-02 -9.002646e-01 2.032138e+02 5.366987e-02 9.925720e-01 1.091806e-01 -1.204326e+01 9.018585e-01 -9.512118e-02 4.214300e-01 1.917236e+02
4.268268e-01 7.879529e-02 -9.008941e-01 2.025645e+02 5.300999e-02 9.923039e-01 1.119055e-01 -1.198833e+01 9.027784e-01 -9.552064e-02 4.193650e-01 1.920374e+02
4.248921e-01 8.111415e-02 -9.016026e-01 2.019302e+02 5.151086e-02 9.921972e-01 1.135398e-01 -1.192402e+01 9.037772e-01 -9.468450e-02 4.173985e-01 1.923475e+02
4.230555e-01 8.618070e-02 -9.019961e-01 2.012913e+02 4.682979e-02 9.920567e-01 1.167497e-01 -1.186544e+01 9.048928e-01 -9.163187e-02 4.156592e-01 1.926336e+02
4.219319e-01 9.088109e-02 -9.020610e-01 2.006702e+02 4.462400e-02 9.916755e-01 1.207821e-01 -1.179201e+01 9.055287e-01 -9.121539e-02 4.143641e-01 1.929000e+02
4.211370e-01 9.263412e-02 -9.022542e-01 2.000686e+02 4.701383e-02 9.912040e-01 1.237108e-01 -1.173482e+01 9.057778e-01 -9.451760e-02 4.130776e-01 1.931701e+02
4.207683e-01 9.012587e-02 -9.026801e-01 1.994976e+02 5.016266e-02 9.912188e-01 1.223482e-01 -1.168755e+01 9.057802e-01 -9.676108e-02 4.125524e-01 1.934196e+02
4.213360e-01 8.601847e-02 -9.028161e-01 1.989515e+02 4.933351e-02 9.918439e-01 1.175244e-01 -1.163354e+01 9.055618e-01 -9.405632e-02 4.136559e-01 1.936657e+02
4.260465e-01 8.000955e-02 -9.011564e-01 1.984165e+02 4.764559e-02 9.927151e-01 1.106644e-01 -1.157638e+01 9.034458e-01 -9.008430e-02 4.191307e-01 1.938878e+02
4.270265e-01 8.086120e-02 -9.006164e-01 1.979274e+02 4.588814e-02 9.927724e-01 1.108932e-01 -1.152087e+01 9.030740e-01 -8.868193e-02 4.202295e-01 1.941232e+02
4.298974e-01 8.173540e-02 -8.991705e-01 1.974482e+02 4.725351e-02 9.924923e-01 1.128105e-01 -1.147113e+01 9.016404e-01 -9.098592e-02 4.228075e-01 1.943562e+02
4.340149e-01 8.494058e-02 -8.968925e-01 1.969938e+02 4.619727e-02 9.921373e-01 1.163161e-01 -1.144644e+01 8.997205e-01 -9.191689e-02 4.266783e-01 1.945823e+02
4.385975e-01 8.503189e-02 -8.946518e-01 1.965497e+02 4.488350e-02 9.921986e-01 1.163071e-01 -1.139653e+01 8.975621e-01 -9.116710e-02 4.313594e-01 1.947960e+02
4.433239e-01 8.271810e-02 -8.925366e-01 1.961542e+02 4.635322e-02 9.922850e-01 1.149862e-01 -1.134907e+01 8.951622e-01 -9.234809e-02 4.360694e-01 1.950068e+02
4.494473e-01 8.140136e-02 -8.895903e-01 1.957742e+02 4.618548e-02 9.923903e-01 1.141423e-01 -1.131152e+01 8.921121e-01 -9.238710e-02 4.422676e-01 1.952054e+02
4.565791e-01 8.331112e-02 -8.857735e-01 1.954224e+02 4.537015e-02 9.921303e-01 1.167009e-01 -1.127664e+01 8.885252e-01 -9.347086e-02 4.492061e-01 1.953958e+02
4.635562e-01 8.844760e-02 -8.816420e-01 1.950824e+02 4.267700e-02 9.916220e-01 1.219200e-01 -1.123198e+01 8.850391e-01 -9.414260e-02 4.558979e-01 1.955712e+02
4.716839e-01 9.305952e-02 -8.768433e-01 1.947770e+02 4.061496e-02 9.910670e-01 1.270303e-01 -1.119084e+01 8.808318e-01 -9.553108e-02 4.636907e-01 1.957397e+02
4.833852e-01 9.180530e-02 -8.705806e-01 1.944977e+02 3.895582e-02 9.912448e-01 1.261597e-01 -1.116035e+01 8.745405e-01 -9.489792e-02 4.755767e-01 1.958990e+02
4.922228e-01 9.235995e-02 -8.655555e-01 1.942450e+02 3.587145e-02 9.913582e-01 1.261832e-01 -1.113337e+01 8.697298e-01 -9.315897e-02 4.846560e-01 1.960435e+02
5.014394e-01 9.239550e-02 -8.602451e-01 1.940182e+02 3.351777e-02 9.914605e-01 1.260264e-01 -1.111473e+01 8.645433e-01 -9.202811e-02 4.940604e-01 1.961873e+02
5.100194e-01 9.157110e-02 -8.552748e-01 1.938130e+02 3.269608e-02 9.915348e-01 1.256574e-01 -1.109458e+01 8.595412e-01 -9.205182e-02 5.027080e-01 1.963213e+02
5.185461e-01 8.838129e-02 -8.504697e-01 1.936176e+02 3.327800e-02 9.918040e-01 1.233590e-01 -1.107296e+01 8.544018e-01 -9.226926e-02 5.113549e-01 1.964536e+02
5.266376e-01 8.518403e-02 -8.458112e-01 1.934240e+02 3.173040e-02 9.923036e-01 1.196944e-01 -1.104855e+01 8.494975e-01 -8.987348e-02 5.198815e-01 1.965871e+02
5.347280e-01 8.358315e-02 -8.408804e-01 1.932267e+02 2.816707e-02 9.927802e-01 1.165938e-01 -1.102333e+01 8.445547e-01 -8.603110e-02 5.285131e-01 1.967186e+02
5.427688e-01 8.248080e-02 -8.358223e-01 1.930326e+02 2.458738e-02 9.931792e-01 1.139758e-01 -1.099647e+01 8.395222e-01 -8.241317e-02 5.370387e-01 1.968537e+02
5.505973e-01 8.086816e-02 -8.308447e-01 1.928397e+02 2.217597e-02 9.935284e-01 1.113985e-01 -1.097080e+01 8.344764e-01 -7.976049e-02 5.452407e-01 1.969889e+02
5.581855e-01 7.766052e-02 -8.260737e-01 1.926491e+02 2.210737e-02 9.938645e-01 1.083729e-01 -1.095012e+01 8.294216e-01 -7.875452e-02 5.530438e-01 1.971337e+02
5.683467e-01 7.170689e-02 -8.196585e-01 1.924630e+02 2.374448e-02 9.943508e-01 1.034539e-01 -1.092833e+01 8.224465e-01 -7.826007e-02 5.634334e-01 1.972758e+02
5.754580e-01 7.107410e-02 -8.147371e-01 1.922771e+02 2.145277e-02 9.945619e-01 1.019136e-01 -1.090179e+01 8.175499e-01 -7.612533e-02 5.708039e-01 1.974233e+02
5.822226e-01 7.340498e-02 -8.097089e-01 1.920849e+02 1.525408e-02 9.947543e-01 1.011489e-01 -1.087881e+01 8.128863e-01 -7.124256e-02 5.780487e-01 1.975627e+02
5.883810e-01 7.703127e-02 -8.049062e-01 1.918956e+02 8.877672e-03 9.947763e-01 1.016918e-01 -1.085803e+01 8.085351e-01 -6.697921e-02 5.846237e-01 1.977040e+02
5.943570e-01 7.939144e-02 -8.002729e-01 1.917038e+02 4.454300e-03 9.947749e-01 1.019953e-01 -1.082953e+01 8.041890e-01 -6.418626e-02 5.908978e-01 1.978483e+02
6.004434e-01 7.489725e-02 -7.961521e-01 1.915071e+02 4.830589e-03 9.952463e-01 9.726999e-02 -1.080823e+01 7.996527e-01 -6.225100e-02 5.972272e-01 1.980153e+02
6.067414e-01 6.532207e-02 -7.922107e-01 1.913022e+02 7.870324e-03 9.960753e-01 8.815956e-02 -1.078669e+01 7.948603e-01 -5.972502e-02 6.038460e-01 1.981912e+02
6.124807e-01 5.814710e-02 -7.883440e-01 1.910749e+02 9.684508e-03 9.966641e-01 8.103658e-02 -1.076491e+01 7.904262e-01 -5.726807e-02 6.098744e-01 1.983800e+02
6.175574e-01 5.656953e-02 -7.844889e-01 1.908158e+02 7.882118e-03 9.969150e-01 7.809247e-02 -1.074118e+01 7.864864e-01 -5.441001e-02 6.152063e-01 1.985882e+02
6.210494e-01 5.985158e-02 -7.814828e-01 1.905302e+02 4.329565e-03 9.968028e-01 7.978307e-02 -1.071694e+01 7.837595e-01 -5.293271e-02 6.188047e-01 1.988147e+02
6.251610e-01 5.880601e-02 -7.782773e-01 1.902247e+02 4.177048e-03 9.968912e-01 7.867956e-02 -1.068789e+01 7.804846e-01 -5.243830e-02 6.229719e-01 1.990564e+02
6.243835e-01 6.124857e-02 -7.787130e-01 1.898929e+02 -5.881946e-04 9.969577e-01 7.794268e-02 -1.065579e+01 7.811178e-01 -4.820808e-02 6.225199e-01 1.993111e+02
6.216670e-01 6.245093e-02 -7.807881e-01 1.895371e+02 -5.182222e-03 9.971226e-01 7.562822e-02 -1.061840e+01 7.832645e-01 -4.296935e-02 6.202018e-01 1.995780e+02
6.177475e-01 6.388656e-02 -7.837771e-01 1.891654e+02 -5.383226e-03 9.970146e-01 7.702491e-02 -1.057660e+01 7.863581e-01 -4.336269e-02 6.162472e-01 1.998648e+02
6.136867e-01 6.408969e-02 -7.869442e-01 1.887789e+02 -8.249306e-04 9.967516e-01 8.053335e-02 -1.054478e+01 7.895492e-01 -4.877307e-02 6.117461e-01 2.001707e+02
6.086936e-01 6.611388e-02 -7.906460e-01 1.883646e+02 1.814379e-03 9.964035e-01 8.471617e-02 -1.050781e+01 7.934033e-01 -5.300072e-02 6.063844e-01 2.004838e+02
6.021247e-01 7.073543e-02 -7.952624e-01 1.879289e+02 3.038858e-03 9.958574e-01 9.087838e-02 -1.046478e+01 7.983963e-01 -5.713681e-02 5.994154e-01 2.008030e+02
5.940747e-01 7.859517e-02 -8.005611e-01 1.874683e+02 1.414879e-03 9.951117e-01 9.874515e-02 -1.041211e+01 8.044086e-01 -5.979469e-02 5.910595e-01 2.011269e+02
5.851891e-01 8.431222e-02 -8.065018e-01 1.869878e+02 4.169571e-05 9.945769e-01 1.040040e-01 -1.035787e+01 8.108969e-01 -6.089561e-02 5.820120e-01 2.014491e+02
5.760453e-01 8.660773e-02 -8.128167e-01 1.864985e+02 2.621330e-03 9.941703e-01 1.077892e-01 -1.030580e+01 8.174136e-01 -6.422211e-02 5.724601e-01 2.017846e+02
5.699312e-01 8.184243e-02 -8.176064e-01 1.859896e+02 1.189308e-02 9.941015e-01 1.077999e-01 -1.024766e+01 8.216063e-01 -7.116241e-02 5.655961e-01 2.021298e+02
5.605625e-01 7.694932e-02 -8.245292e-01 1.854770e+02 1.785795e-02 9.943186e-01 1.049358e-01 -1.018557e+01 8.279195e-01 -7.354748e-02 5.560036e-01 2.024747e+02
5.505057e-01 7.028078e-02 -8.318678e-01 1.849478e+02 2.264596e-02 9.948262e-01 9.903483e-02 -1.012116e+01 8.345242e-01 -7.335769e-02 5.460660e-01 2.028246e+02
5.401588e-01 6.730069e-02 -8.388677e-01 1.843960e+02 2.476420e-02 9.950944e-01 9.578046e-02 -1.005620e+01 8.411987e-01 -7.251055e-02 5.358423e-01 2.031655e+02
5.296219e-01 6.207480e-02 -8.459595e-01 1.838268e+02 3.034405e-02 9.952938e-01 9.202987e-02 -9.993290e+00 8.476909e-01 -7.441086e-02 5.252458e-01 2.035126e+02
5.193607e-01 5.662391e-02 -8.526771e-01 1.832501e+02 3.678387e-02 9.953962e-01 8.850634e-02 -9.927295e+00 8.537631e-01 -7.733148e-02 5.148868e-01 2.038591e+02
5.098632e-01 5.365045e-02 -8.585809e-01 1.826526e+02 4.518901e-02 9.950051e-01 8.901047e-02 -9.874900e+00 8.590678e-01 -8.418158e-02 5.048920e-01 2.042226e+02
5.007341e-01 5.158200e-02 -8.640629e-01 1.820391e+02 5.056129e-02 9.947755e-01 8.868599e-02 -9.815567e+00 8.641232e-01 -8.809623e-02 4.955100e-01 2.045758e+02
4.923358e-01 5.133189e-02 -8.688904e-01 1.814020e+02 5.363919e-02 9.945728e-01 8.915026e-02 -9.751273e+00 8.687510e-01 -9.049844e-02 4.869104e-01 2.049321e+02
4.850618e-01 5.456724e-02 -8.727757e-01 1.807438e+02 5.449594e-02 9.942251e-01 9.244760e-02 -9.687414e+00 8.727802e-01 -9.240554e-02 4.792870e-01 2.052795e+02
4.815537e-01 5.424198e-02 -8.747364e-01 1.800710e+02 6.176421e-02 9.935010e-01 9.560851e-02 -9.615612e+00 8.742375e-01 -1.000680e-01 4.750739e-01 2.056455e+02
4.774328e-01 5.717868e-02 -8.768059e-01 1.793993e+02 6.724836e-02 9.925758e-01 1.013460e-01 -9.547633e+00 8.760911e-01 -1.073496e-01 4.700430e-01 2.060112e+02
4.747363e-01 5.903801e-02 -8.781457e-01 1.787034e+02 6.784001e-02 9.923247e-01 1.033894e-01 -9.480842e+00 8.775096e-01 -1.086561e-01 4.670875e-01 2.063706e+02
4.729676e-01 5.612085e-02 -8.792907e-01 1.779987e+02 6.828488e-02 9.926329e-01 1.000852e-01 -9.402236e+00 8.784297e-01 -1.073793e-01 4.656510e-01 2.067291e+02
4.715411e-01 5.133075e-02 -8.803489e-01 1.773061e+02 6.938760e-02 9.930496e-01 9.506808e-02 -9.326863e+00 8.791100e-01 -1.059138e-01 4.647019e-01 2.070920e+02
4.703788e-01 5.219910e-02 -8.809194e-01 1.766078e+02 6.741110e-02 9.932067e-01 9.484778e-02 -9.256900e+00 8.798861e-01 -1.039981e-01 4.636646e-01 2.074552e+02
4.698246e-01 5.557726e-02 -8.810085e-01 1.758981e+02 6.468728e-02 9.931655e-01 9.714898e-02 -9.189762e+00 8.803865e-01 -1.026330e-01 4.630184e-01 2.078250e+02
4.688797e-01 5.894014e-02 -8.812933e-01 1.751690e+02 6.034351e-02 9.933022e-01 9.853611e-02 -9.118112e+00 8.811983e-01 -9.938192e-02 4.621826e-01 2.081974e+02
4.685213e-01 5.922349e-02 -8.814649e-01 1.744316e+02 5.437156e-02 9.939262e-01 9.567937e-02 -9.049657e+00 8.817775e-01 -9.275444e-02 4.624555e-01 2.085596e+02
4.682833e-01 5.651070e-02 -8.817694e-01 1.736882e+02 5.138575e-02 9.945219e-01 9.102631e-02 -8.980800e+00 8.820829e-01 -8.793648e-02 4.628141e-01 2.089414e+02
4.689747e-01 4.907588e-02 -8.818471e-01 1.729589e+02 5.011072e-02 9.953682e-01 8.204283e-02 -8.914590e+00 8.817889e-01 -8.266601e-02 4.643433e-01 2.093231e+02
4.688184e-01 4.843451e-02 -8.819656e-01 1.722150e+02 4.878555e-02 9.955515e-01 8.060475e-02 -8.858388e+00 8.819463e-01 -8.081617e-02 4.643700e-01 2.097145e+02
4.688305e-01 5.067373e-02 -8.818334e-01 1.714570e+02 4.838600e-02 9.953806e-01 8.292324e-02 -8.796403e+00 8.819619e-01 -8.154534e-02 4.642129e-01 2.101124e+02
4.686015e-01 5.449458e-02 -8.817273e-01 1.706990e+02 5.009650e-02 9.948502e-01 8.811028e-02 -8.726902e+00 8.819881e-01 -8.546006e-02 4.634583e-01 2.105208e+02
4.687682e-01 5.904240e-02 -8.813458e-01 1.699338e+02 5.156055e-02 9.942334e-01 9.402878e-02 -8.663877e+00 8.818151e-01 -8.952037e-02 4.630207e-01 2.109298e+02
4.689415e-01 6.236835e-02 -8.810244e-01 1.691597e+02 5.186835e-02 9.938375e-01 9.796235e-02 -8.587811e+00 8.817049e-01 -9.163590e-02 4.628167e-01 2.113387e+02
4.692827e-01 6.427021e-02 -8.807060e-01 1.683852e+02 4.744849e-02 9.940718e-01 9.782601e-02 -8.526921e+00 8.817723e-01 -8.769622e-02 4.634511e-01 2.117438e+02
4.695224e-01 6.466271e-02 -8.805495e-01 1.676101e+02 4.272095e-02 9.944826e-01 9.580879e-02 -8.461920e+00 8.818864e-01 -8.260228e-02 4.641694e-01 2.121538e+02
4.698131e-01 6.125911e-02 -8.806378e-01 1.668361e+02 4.266847e-02 9.948475e-01 9.196706e-02 -8.389135e+00 8.817341e-01 -8.078279e-02 4.647785e-01 2.125664e+02
4.694626e-01 6.149193e-02 -8.808085e-01 1.660592e+02 4.211818e-02 9.948767e-01 9.190398e-02 -8.319893e+00 8.819472e-01 -8.024353e-02 4.644675e-01 2.129801e+02
4.697048e-01 5.781559e-02 -8.809283e-01 1.652893e+02 4.329733e-02 9.951438e-01 8.839742e-02 -8.245616e+00 8.817611e-01 -7.966254e-02 4.649206e-01 2.133898e+02
4.693494e-01 5.921340e-02 -8.810249e-01 1.645324e+02 4.465274e-02 9.948809e-01 9.065353e-02 -8.183227e+00 8.818828e-01 -8.188836e-02 4.643028e-01 2.137961e+02
4.688316e-01 5.903339e-02 -8.813127e-01 1.637455e+02 4.454286e-02 9.949145e-01 9.033829e-02 -8.116023e+00 8.821638e-01 -8.160963e-02 4.638178e-01 2.142092e+02
4.684015e-01 6.147237e-02 -8.813746e-01 1.629724e+02 4.096037e-02 9.949931e-01 9.116496e-02 -8.046667e+00 8.825657e-01 -7.880324e-02 4.635383e-01 2.146124e+02
4.687467e-01 6.280639e-02 -8.810970e-01 1.621948e+02 4.223566e-02 9.947347e-01 9.337624e-02 -7.984902e+00 8.823223e-01 -8.098352e-02 4.636259e-01 2.150168e+02
4.689237e-01 6.120351e-02 -8.811156e-01 1.614313e+02 4.660054e-02 9.944924e-01 9.387931e-02 -7.919436e+00 8.820085e-01 -8.508270e-02 4.634889e-01 2.154289e+02
4.682626e-01 5.685330e-02 -8.817584e-01 1.606917e+02 4.687145e-02 9.949245e-01 8.904126e-02 -7.861205e+00 8.823453e-01 -8.302398e-02 4.632211e-01 2.158242e+02
4.674789e-01 4.864753e-02 -8.826646e-01 1.599312e+02 4.740349e-02 9.956685e-01 7.998162e-02 -7.799204e+00 8.827323e-01 -7.923111e-02 4.631480e-01 2.162190e+02
4.659025e-01 4.425922e-02 -8.837285e-01 1.591767e+02 4.936877e-02 9.958922e-01 7.590391e-02 -7.735906e+00 8.834577e-01 -7.899240e-02 4.618036e-01 2.166131e+02
4.649927e-01 4.584815e-02 -8.841266e-01 1.584201e+02 5.324696e-02 9.954019e-01 7.962297e-02 -7.673552e+00 8.837118e-01 -8.410115e-02 4.604133e-01 2.170086e+02
4.643275e-01 4.874390e-02 -8.843212e-01 1.576530e+02 5.173790e-02 9.952863e-01 8.202615e-02 -7.614348e+00 8.841511e-01 -8.383992e-02 4.596169e-01 2.174185e+02
4.635031e-01 5.064479e-02 -8.846468e-01 1.569135e+02 4.788446e-02 9.954749e-01 8.207818e-02 -7.565324e+00 8.848005e-01 -8.040432e-02 4.589806e-01 2.177940e+02
4.629015e-01 4.759620e-02 -8.851310e-01 1.561915e+02 4.865596e-02 9.956875e-01 7.898702e-02 -7.511150e+00 8.850733e-01 -7.963010e-02 4.585894e-01 2.181581e+02
4.619618e-01 4.461842e-02 -8.857768e-01 1.554820e+02 5.345547e-02 9.955173e-01 7.802507e-02 -7.467511e+00 8.852874e-01 -8.339421e-02 4.575059e-01 2.185349e+02
4.609943e-01 4.685855e-02 -8.861651e-01 1.547820e+02 5.318374e-02 9.953510e-01 8.029893e-02 -7.423216e+00 8.858080e-01 -8.414692e-02 4.563590e-01 2.188836e+02
4.595266e-01 4.929394e-02 -8.867950e-01 1.541070e+02 5.311758e-02 9.951461e-01 8.284170e-02 -7.373011e+00 8.865742e-01 -8.517237e-02 4.546777e-01 2.192344e+02
4.569587e-01 4.727125e-02 -8.882309e-01 1.534556e+02 5.609058e-02 9.950680e-01 8.181340e-02 -7.324421e+00 8.877176e-01 -8.720673e-02 4.520535e-01 2.195688e+02
4.534773e-01 4.708066e-02 -8.900234e-01 1.528240e+02 5.683531e-02 9.950438e-01 8.159431e-02 -7.283391e+00 8.894538e-01 -8.758593e-02 4.485540e-01 2.198901e+02
4.493264e-01 4.966164e-02 -8.919863e-01 1.522175e+02 5.318065e-02 9.951962e-01 8.219694e-02 -7.236346e+00 8.917834e-01 -8.436967e-02 4.445269e-01 2.201723e+02
4.433907e-01 5.034103e-02 -8.949136e-01 1.516167e+02 5.204329e-02 9.952913e-01 8.177270e-02 -7.182953e+00 8.948163e-01 -8.283151e-02 4.386830e-01 2.204589e+02
4.352301e-01 5.058713e-02 -8.988969e-01 1.510245e+02 5.012882e-02 9.955098e-01 8.029569e-02 -7.141435e+00 8.989226e-01 -8.000775e-02 4.307400e-01 2.207451e+02
4.268530e-01 5.240200e-02 -9.028015e-01 1.504645e+02 4.941312e-02 9.954768e-01 8.114421e-02 -7.105737e+00 9.029700e-01 -7.924689e-02 4.223329e-01 2.210048e+02
4.170252e-01 5.054365e-02 -9.074885e-01 1.499107e+02 4.732136e-02 9.958910e-01 7.721328e-02 -7.063647e+00 9.076622e-01 -7.514347e-02 4.129198e-01 2.212488e+02
4.051564e-01 4.410128e-02 -9.131831e-01 1.493675e+02 4.999434e-02 9.962726e-01 7.029524e-02 -7.030277e+00 9.128795e-01 -7.413455e-02 4.014414e-01 2.214856e+02
3.897377e-01 3.600277e-02 -9.202219e-01 1.488285e+02 5.537615e-02 9.965112e-01 6.244074e-02 -6.992978e+00 9.192595e-01 -7.529386e-02 3.863843e-01 2.217163e+02
3.694521e-01 3.195901e-02 -9.287001e-01 1.482785e+02 5.925567e-02 9.965642e-01 5.786727e-02 -6.961364e+00 9.273586e-01 -7.640993e-02 3.662889e-01 2.219334e+02
3.433670e-01 3.362245e-02 -9.385993e-01 1.477221e+02 5.940020e-02 9.965809e-01 5.742979e-02 -6.929509e+00 9.373210e-01 -7.547248e-02 3.401958e-01 2.221323e+02
3.135651e-01 3.973142e-02 -9.487351e-01 1.471547e+02 5.729471e-02 9.965122e-01 6.066864e-02 -6.898887e+00 9.478366e-01 -7.338108e-02 3.101951e-01 2.223089e+02
2.817062e-01 4.549305e-02 -9.584216e-01 1.465802e+02 5.470037e-02 9.964894e-01 6.337793e-02 -6.865406e+00 9.579402e-01 -7.027998e-02 2.782288e-01 2.224643e+02
2.474610e-01 5.026285e-02 -9.675932e-01 1.460033e+02 5.264331e-02 9.964809e-01 6.522693e-02 -6.828815e+00 9.674667e-01 -6.707843e-02 2.439442e-01 2.225992e+02
2.110174e-01 5.104518e-02 -9.761486e-01 1.454431e+02 5.001418e-02 9.967637e-01 6.293493e-02 -6.800972e+00 9.762020e-01 -6.210163e-02 2.077815e-01 2.226894e+02
1.754738e-01 5.378466e-02 -9.830138e-01 1.448888e+02 4.806041e-02 9.968480e-01 6.312065e-02 -6.767253e+00 9.833103e-01 -5.832007e-02 1.723358e-01 2.227537e+02
1.403771e-01 5.571912e-02 -9.885290e-01 1.443549e+02 4.666362e-02 9.969334e-01 6.281935e-02 -6.746190e+00 9.889979e-01 -5.494674e-02 1.373465e-01 2.227932e+02
1.049361e-01 5.686761e-02 -9.928517e-01 1.437795e+02 4.582674e-02 9.970266e-01 6.195024e-02 -6.705522e+00 9.934225e-01 -5.199998e-02 1.020181e-01 2.228427e+02
6.949465e-02 5.813145e-02 -9.958872e-01 1.432056e+02 4.367439e-02 9.971662e-01 6.125378e-02 -6.673333e+00 9.966258e-01 -4.775158e-02 6.675886e-02 2.228579e+02
3.453362e-02 5.692642e-02 -9.977809e-01 1.426326e+02 3.915297e-02 9.975329e-01 5.826737e-02 -6.643913e+00 9.986363e-01 -4.107828e-02 3.221959e-02 2.228513e+02
1.849466e-03 5.641387e-02 -9.984058e-01 1.420415e+02 3.276218e-02 9.978681e-01 5.644418e-02 -6.606868e+00 9.994615e-01 -3.281434e-02 -2.718376e-06 2.228312e+02
-2.565028e-02 5.838751e-02 -9.979644e-01 1.414496e+02 2.871793e-02 9.979239e-01 5.764702e-02 -6.575175e+00 9.992584e-01 -2.718081e-02 -2.727379e-02 2.227895e+02
-4.840129e-02 6.247350e-02 -9.968723e-01 1.408328e+02 2.884145e-02 9.977133e-01 6.112586e-02 -6.529812e+00 9.984115e-01 -2.579268e-02 -5.009244e-02 2.227568e+02
-6.678903e-02 6.920249e-02 -9.953644e-01 1.402196e+02 2.787610e-02 9.973319e-01 6.746879e-02 -6.490359e+00 9.973776e-01 -2.324070e-02 -6.853993e-02 2.227119e+02
-8.227887e-02 7.152234e-02 -9.940396e-01 1.395478e+02 2.447143e-02 9.972658e-01 6.972891e-02 -6.448819e+00 9.963089e-01 -1.858835e-02 -8.380416e-02 2.226478e+02
-9.477289e-02 7.196785e-02 -9.928941e-01 1.388524e+02 1.860276e-02 9.973373e-01 7.051425e-02 -6.391900e+00 9.953251e-01 -1.178773e-02 -9.585934e-02 2.225875e+02
-1.049727e-01 7.249298e-02 -9.918294e-01 1.381897e+02 1.446412e-02 9.973454e-01 7.136530e-02 -6.342286e+00 9.943699e-01 -6.854529e-03 -1.057426e-01 2.225264e+02
-1.100651e-01 7.245815e-02 -9.912797e-01 1.375234e+02 1.504120e-02 9.973464e-01 7.123152e-02 -6.292912e+00 9.938106e-01 -7.069930e-03 -1.108629e-01 2.224564e+02
-1.127393e-01 7.173269e-02 -9.910319e-01 1.368454e+02 1.828681e-02 9.973715e-01 7.011126e-02 -6.234094e+00 9.934563e-01 -1.021852e-02 -1.137548e-01 2.223840e+02
-1.147600e-01 7.178258e-02 -9.907963e-01 1.361594e+02 2.403919e-02 9.972944e-01 6.946900e-02 -6.193398e+00 9.931023e-01 -1.584568e-02 -1.161751e-01 2.223042e+02
-1.158171e-01 6.959118e-02 -9.908297e-01 1.354762e+02 2.619768e-02 9.974096e-01 6.699110e-02 -6.154393e+00 9.929250e-01 -1.819872e-02 -1.173402e-01 2.222177e+02
-1.167148e-01 6.474558e-02 -9.910528e-01 1.347353e+02 2.986805e-02 9.976503e-01 6.165907e-02 -6.103985e+00 9.927162e-01 -2.240429e-02 -1.183744e-01 2.221501e+02
-1.166162e-01 5.999063e-02 -9.913636e-01 1.340111e+02 3.409479e-02 9.978276e-01 5.637115e-02 -6.049085e+00 9.925917e-01 -2.722655e-02 -1.184082e-01 2.220669e+02
-1.167556e-01 5.799548e-02 -9.914659e-01 1.332491e+02 3.720841e-02 9.978481e-01 5.398713e-02 -6.009869e+00 9.924634e-01 -3.058757e-02 -1.186622e-01 2.219881e+02
-1.184142e-01 5.623139e-02 -9.913708e-01 1.324935e+02 3.646118e-02 9.979682e-01 5.225049e-02 -5.965653e+00 9.922946e-01 -2.995935e-02 -1.202239e-01 2.218976e+02
-1.175086e-01 6.150677e-02 -9.911653e-01 1.317135e+02 3.628634e-02 9.976796e-01 5.760905e-02 -5.923885e+00 9.924087e-01 -2.919620e-02 -1.194678e-01 2.218188e+02
-1.161977e-01 6.441188e-02 -9.911353e-01 1.308744e+02 3.719520e-02 9.974772e-01 6.046337e-02 -5.883231e+00 9.925294e-01 -2.983978e-02 -1.183004e-01 2.217464e+02
-1.135074e-01 5.991456e-02 -9.917289e-01 1.300715e+02 3.402240e-02 9.978290e-01 5.638909e-02 -5.842877e+00 9.929544e-01 -2.734042e-02 -1.152995e-01 2.216440e+02
-1.098220e-01 5.091771e-02 -9.926462e-01 1.292416e+02 3.215723e-02 9.983462e-01 4.765236e-02 -5.801423e+00 9.934309e-01 -2.668748e-02 -1.112778e-01 2.215482e+02
-1.056451e-01 4.559069e-02 -9.933582e-01 1.284050e+02 3.660427e-02 9.984497e-01 4.193145e-02 -5.767246e+00 9.937300e-01 -3.193130e-02 -1.071502e-01 2.214461e+02
-1.014858e-01 4.615449e-02 -9.937658e-01 1.275336e+02 4.215506e-02 9.982255e-01 4.205664e-02 -5.725078e+00 9.939435e-01 -3.762410e-02 -1.032513e-01 2.213717e+02
-9.651540e-02 4.930747e-02 -9.941094e-01 1.266600e+02 4.689955e-02 9.978881e-01 4.494154e-02 -5.694775e+00 9.942259e-01 -4.228574e-02 -9.862407e-02 2.212814e+02
-9.250729e-02 5.253095e-02 -9.943254e-01 1.257581e+02 4.863335e-02 9.976539e-01 4.818218e-02 -5.664228e+00 9.945236e-01 -4.390017e-02 -9.484501e-02 2.212043e+02
-8.775802e-02 5.474535e-02 -9.946364e-01 1.248720e+02 5.004404e-02 9.974702e-01 5.048588e-02 -5.622722e+00 9.948840e-01 -4.534508e-02 -9.027569e-02 2.211038e+02
-8.141586e-02 5.831956e-02 -9.949725e-01 1.239181e+02 5.312086e-02 9.971216e-01 5.409880e-02 -5.587235e+00 9.952636e-01 -4.844930e-02 -8.427950e-02 2.210279e+02
-7.814017e-02 5.959619e-02 -9.951595e-01 1.230192e+02 5.092543e-02 9.971471e-01 5.571654e-02 -5.549718e+00 9.956409e-01 -4.632522e-02 -8.095221e-02 2.209559e+02
-7.562054e-02 5.670158e-02 -9.955232e-01 1.220586e+02 5.973134e-02 9.968466e-01 5.223973e-02 -5.522147e+00 9.953460e-01 -5.551354e-02 -7.876894e-02 2.208917e+02
-7.367095e-02 5.251600e-02 -9.958989e-01 1.211488e+02 6.894776e-02 9.964913e-01 4.744688e-02 -5.486017e+00 9.948964e-01 -6.516954e-02 -7.703333e-02 2.208188e+02
-7.379890e-02 4.426096e-02 -9.962905e-01 1.201711e+02 6.900553e-02 9.968468e-01 3.917418e-02 -5.448930e+00 9.948829e-01 -6.585854e-02 -7.662045e-02 2.207496e+02
-7.370266e-02 3.902669e-02 -9.965164e-01 1.191914e+02 7.308297e-02 9.967587e-01 3.363094e-02 -5.421990e+00 9.945988e-01 -7.034969e-02 -7.631595e-02 2.206780e+02
-7.359448e-02 3.770921e-02 -9.965751e-01 1.182020e+02 7.637814e-02 9.965631e-01 3.206843e-02 -5.391075e+00 9.943592e-01 -7.375649e-02 -7.622170e-02 2.205971e+02
-7.320822e-02 4.485736e-02 -9.963074e-01 1.171776e+02 7.006290e-02 9.967511e-01 3.972915e-02 -5.364035e+00 9.948526e-01 -6.689569e-02 -7.611322e-02 2.205117e+02
-7.372681e-02 5.635726e-02 -9.956848e-01 1.161320e+02 6.567884e-02 9.965088e-01 5.154063e-02 -5.316910e+00 9.951134e-01 -6.159549e-02 -7.717090e-02 2.204285e+02
-7.560734e-02 6.556911e-02 -9.949795e-01 1.150962e+02 6.400742e-02 9.960969e-01 6.077890e-02 -5.270370e+00 9.950812e-01 -5.909074e-02 -7.950914e-02 2.203391e+02
-7.029305e-02 5.940185e-02 -9.957561e-01 1.141275e+02 6.320674e-02 9.964847e-01 5.498338e-02 -5.224661e+00 9.955219e-01 -5.907355e-02 -7.380055e-02 2.202620e+02
-7.299933e-02 4.994453e-02 -9.960806e-01 1.131466e+02 6.806873e-02 9.966659e-01 4.498536e-02 -5.191754e+00 9.950064e-01 -6.451804e-02 -7.615561e-02 2.201876e+02
-7.543619e-02 4.067335e-02 -9.963208e-01 1.121361e+02 6.919766e-02 9.969725e-01 3.546067e-02 -5.166695e+00 9.947467e-01 -6.626805e-02 -7.802231e-02 2.200943e+02
-7.832413e-02 3.746034e-02 -9.962239e-01 1.111022e+02 6.988160e-02 9.970420e-01 3.199694e-02 -5.141116e+00 9.944757e-01 -6.711158e-02 -8.071024e-02 2.200089e+02
-8.078557e-02 3.960429e-02 -9.959444e-01 1.100902e+02 7.045463e-02 9.969378e-01 3.392890e-02 -5.122812e+00 9.942383e-01 -6.742793e-02 -8.332849e-02 2.199136e+02
-8.333078e-02 4.337541e-02 -9.955775e-01 1.090626e+02 6.877773e-02 9.969203e-01 3.767715e-02 -5.098427e+00 9.941457e-01 -6.533390e-02 -8.605741e-02 2.198175e+02
-8.518507e-02 5.043190e-02 -9.950880e-01 1.080113e+02 6.877779e-02 9.966336e-01 4.462247e-02 -5.066012e+00 9.939885e-01 -6.463879e-02 -8.836690e-02 2.197286e+02
-8.603101e-02 5.833763e-02 -9.945830e-01 1.070191e+02 6.867982e-02 9.962567e-01 5.249502e-02 -5.026934e+00 9.939224e-01 -6.379158e-02 -8.971558e-02 2.196288e+02
-8.711917e-02 5.850451e-02 -9.944785e-01 1.060092e+02 6.497423e-02 9.964822e-01 5.293045e-02 -4.993416e+00 9.940768e-01 -6.000421e-02 -9.061399e-02 2.195323e+02
-8.907650e-02 5.213004e-02 -9.946597e-01 1.049128e+02 6.281594e-02 9.969355e-01 4.662386e-02 -4.972822e+00 9.940420e-01 -5.832739e-02 -9.207812e-02 2.194618e+02
-8.103830e-02 4.421505e-02 -9.957298e-01 1.039848e+02 6.663505e-02 9.970208e-01 3.884923e-02 -4.946807e+00 9.944811e-01 -6.320222e-02 -8.374315e-02 2.193675e+02
-8.131270e-02 4.314877e-02 -9.957542e-01 1.030072e+02 6.760402e-02 9.970004e-01 3.768226e-02 -4.922837e+00 9.943933e-01 -6.425294e-02 -8.398582e-02 2.192735e+02
-8.105096e-02 4.772875e-02 -9.955665e-01 1.020002e+02 6.967660e-02 9.966805e-01 4.210965e-02 -4.895278e+00 9.942715e-01 -6.595466e-02 -8.410749e-02 2.191929e+02
-8.072193e-02 5.464877e-02 -9.952374e-01 1.010053e+02 6.920481e-02 9.963935e-01 4.909917e-02 -4.862396e+00 9.943313e-01 -6.491184e-02 -8.421276e-02 2.191007e+02
-8.042738e-02 5.671699e-02 -9.951455e-01 9.999781e+01 7.149008e-02 9.961368e-01 5.099568e-02 -4.834216e+00 9.941934e-01 -6.704159e-02 -8.417138e-02 2.190240e+02
-7.888250e-02 5.316021e-02 -9.954655e-01 9.904088e+01 7.086438e-02 9.963500e-01 4.759202e-02 -4.791827e+00 9.943620e-01 -6.678887e-02 -8.236174e-02 2.189316e+02
-7.765640e-02 4.692363e-02 -9.958753e-01 9.806493e+01 6.946027e-02 9.967192e-01 4.154702e-02 -4.734963e+00 9.945576e-01 -6.594738e-02 -8.066095e-02 2.188564e+02
-7.586509e-02 4.276911e-02 -9.962004e-01 9.713675e+01 7.051338e-02 9.968085e-01 3.742531e-02 -4.702743e+00 9.946217e-01 -6.740618e-02 -7.863877e-02 2.187443e+02
-7.546757e-02 3.456003e-02 -9.965492e-01 9.616568e+01 7.341164e-02 9.968796e-01 2.901211e-02 -4.674653e+00 9.944422e-01 -7.096884e-02 -7.776919e-02 2.186799e+02
-7.420897e-02 3.260810e-02 -9.967095e-01 9.511411e+01 7.398011e-02 9.968913e-01 2.710593e-02 -4.635485e+00 9.944948e-01 -7.172517e-02 -7.639063e-02 2.185750e+02
-1.121567e-01 3.455845e-02 -9.930894e-01 9.413455e+01 7.669467e-02 9.967150e-01 2.602293e-02 -4.605656e+00 9.907264e-01 -7.324602e-02 -1.144388e-01 2.184877e+02
-1.106351e-01 4.223003e-02 -9.929635e-01 9.314904e+01 8.168256e-02 9.961032e-01 3.326256e-02 -4.584613e+00 9.904988e-01 -7.742779e-02 -1.136535e-01 2.183735e+02
-1.093934e-01 4.216700e-02 -9.931037e-01 9.216828e+01 8.124354e-02 9.961363e-01 3.334654e-02 -4.568229e+00 9.906728e-01 -7.703537e-02 -1.123965e-01 2.182630e+02
-1.084838e-01 4.039078e-02 -9.932773e-01 9.123101e+01 8.101795e-02 9.962096e-01 3.166140e-02 -4.531570e+00 9.907913e-01 -7.703855e-02 -1.113450e-01 2.181516e+02
-1.089997e-01 3.931635e-02 -9.932640e-01 9.027030e+01 8.593292e-02 9.958495e-01 2.998851e-02 -4.515460e+00 9.903205e-01 -8.208533e-02 -1.119259e-01 2.180602e+02
-1.092889e-01 3.791948e-02 -9.932865e-01 8.931579e+01 8.882133e-02 9.956473e-01 2.823681e-02 -4.505139e+00 9.900337e-01 -8.513905e-02 -1.121813e-01 2.179593e+02
-1.108963e-01 3.539515e-02 -9.932015e-01 8.840291e+01 8.928989e-02 9.956788e-01 2.551374e-02 -4.465111e+00 9.898128e-01 -8.585347e-02 -1.135775e-01 2.178792e+02
-1.129629e-01 3.949126e-02 -9.928141e-01 8.743907e+01 9.392198e-02 9.951601e-01 2.889808e-02 -4.447353e+00 9.891502e-01 -8.998266e-02 -1.161253e-01 2.177948e+02
-1.147634e-01 4.519118e-02 -9.923644e-01 8.650801e+01 9.564454e-02 9.948264e-01 3.424235e-02 -4.427698e+00 9.887778e-01 -9.098447e-02 -1.184919e-01 2.176889e+02
-1.168614e-01 4.590506e-02 -9.920868e-01 8.559620e+01 9.450531e-02 9.949123e-01 3.490369e-02 -4.405016e+00 9.886416e-01 -8.967857e-02 -1.206051e-01 2.175796e+02
-7.444920e-02 6.161072e-02 -9.953198e-01 8.457676e+01 9.149381e-02 9.943019e-01 5.470404e-02 -4.390771e+00 9.930187e-01 -8.699293e-02 -7.966198e-02 2.174291e+02
-7.787196e-02 6.285552e-02 -9.949800e-01 8.365045e+01 9.039086e-02 9.943452e-01 5.574099e-02 -4.355514e+00 9.928572e-01 -8.559643e-02 -8.311318e-02 2.173543e+02
-8.048049e-02 6.677568e-02 -9.945169e-01 8.269958e+01 8.720143e-02 9.943996e-01 5.971109e-02 -4.320194e+00 9.929344e-01 -8.191772e-02 -8.585270e-02 2.172532e+02
-8.302278e-02 6.706640e-02 -9.942883e-01 8.178162e+01 8.452983e-02 9.946110e-01 6.002995e-02 -4.275705e+00 9.929562e-01 -7.906317e-02 -8.824449e-02 2.171479e+02
-8.590179e-02 6.469967e-02 -9.942006e-01 8.089857e+01 8.230135e-02 9.949394e-01 5.763668e-02 -4.233532e+00 9.928985e-01 -7.687296e-02 -9.079195e-02 2.170553e+02
-8.904176e-02 6.309360e-02 -9.940275e-01 8.000746e+01 8.303309e-02 9.949880e-01 5.571673e-02 -4.199208e+00 9.925609e-01 -7.757606e-02 -9.383434e-02 2.169766e+02
-9.169421e-02 6.175139e-02 -9.938707e-01 7.915063e+01 8.172277e-02 9.951752e-01 5.429273e-02 -4.159838e+00 9.924281e-01 -7.624354e-02 -9.629830e-02 2.169032e+02
-9.252696e-02 6.107510e-02 -9.938353e-01 7.832274e+01 7.881685e-02 9.954344e-01 5.383545e-02 -4.130042e+00 9.925858e-01 -7.334974e-02 -9.691827e-02 2.168076e+02
-9.322877e-02 5.994014e-02 -9.938388e-01 7.751727e+01 7.671802e-02 9.956510e-01 5.285277e-02 -4.102699e+00 9.926846e-01 -7.131795e-02 -9.742181e-02 2.167303e+02
-9.383549e-02 6.103918e-02 -9.937148e-01 7.670218e+01 7.571416e-02 9.956658e-01 5.400941e-02 -4.073697e+00 9.927045e-01 -7.017028e-02 -9.805032e-02 2.166514e+02
-1.268175e-01 9.794249e-02 -9.870788e-01 7.594995e+01 7.652847e-02 9.931133e-01 8.870907e-02 -4.078384e+00 9.889695e-01 -6.428977e-02 -1.334395e-01 2.166116e+02
-1.275678e-01 9.861923e-02 -9.869147e-01 7.520159e+01 7.381795e-02 9.932287e-01 8.970852e-02 -4.019400e+00 9.890790e-01 -6.140810e-02 -1.339839e-01 2.165580e+02
-1.263228e-01 9.942595e-02 -9.869939e-01 7.446445e+01 7.267473e-02 9.932183e-01 9.075151e-02 -3.963943e+00 9.893235e-01 -6.026553e-02 -1.326919e-01 2.164911e+02
-1.229952e-01 1.003647e-01 -9.873192e-01 7.373630e+01 7.314828e-02 9.930836e-01 9.183829e-02 -3.897349e+00 9.897078e-01 -6.092503e-02 -1.294860e-01 2.164271e+02
-1.198045e-01 1.007897e-01 -9.876681e-01 7.304096e+01 7.181145e-02 9.931073e-01 9.263397e-02 -3.824412e+00 9.901969e-01 -5.982792e-02 -1.262166e-01 2.164052e+02
-1.145371e-01 1.002290e-01 -9.883498e-01 7.236181e+01 7.003639e-02 9.932364e-01 9.260819e-02 -3.756049e+00 9.909471e-01 -5.861338e-02 -1.207821e-01 2.163809e+02
-1.054393e-01 9.943235e-02 -9.894421e-01 7.169532e+01 6.739004e-02 9.934156e-01 9.265027e-02 -3.702680e+00 9.921397e-01 -5.690956e-02 -1.114458e-01 2.163393e+02
-9.297133e-02 9.648283e-02 -9.909830e-01 7.104384e+01 6.646160e-02 9.936754e-01 9.050972e-02 -3.643926e+00 9.934481e-01 -5.744751e-02 -9.879573e-02 2.163059e+02
-7.611868e-02 9.353267e-02 -9.927022e-01 7.041958e+01 6.639164e-02 9.938566e-01 8.855065e-02 -3.592866e+00 9.948860e-01 -5.916676e-02 -8.186084e-02 2.162610e+02
-5.696603e-02 9.102942e-02 -9.942175e-01 6.981228e+01 6.821853e-02 9.938621e-01 8.708814e-02 -3.522716e+00 9.960427e-01 -6.286299e-02 -6.282627e-02 2.162595e+02
-2.433240e-02 1.020356e-01 -9.944831e-01 6.921568e+01 6.739074e-02 9.926823e-01 1.002019e-01 -3.479008e+00 9.974299e-01 -6.458080e-02 -3.103060e-02 2.162638e+02
3.974610e-04 1.010242e-01 -9.948839e-01 6.862167e+01 6.420878e-02 9.928284e-01 1.008412e-01 -3.404241e+00 9.979364e-01 -6.392036e-02 -6.092032e-03 2.162838e+02
2.819757e-02 1.008937e-01 -9.944975e-01 6.802694e+01 5.927226e-02 9.929738e-01 1.024197e-01 -3.329743e+00 9.978435e-01 -6.183411e-02 2.201926e-02 2.163103e+02
5.774472e-02 1.005617e-01 -9.932537e-01 6.745366e+01 5.500261e-02 9.930822e-01 1.037420e-01 -3.270513e+00 9.968151e-01 -6.062210e-02 5.181410e-02 2.163749e+02
9.208287e-02 9.845266e-02 -9.908723e-01 6.687284e+01 5.247990e-02 9.932372e-01 1.035647e-01 -3.213420e+00 9.943674e-01 -6.153741e-02 8.629335e-02 2.164399e+02
1.286057e-01 9.365020e-02 -9.872640e-01 6.630356e+01 4.575691e-02 9.939105e-01 1.002412e-01 -3.143519e+00 9.906396e-01 -5.806574e-02 1.235374e-01 2.165364e+02
1.677442e-01 8.980488e-02 -9.817316e-01 6.573610e+01 3.559043e-02 9.946413e-01 9.706699e-02 -3.091894e+00 9.851879e-01 -5.122268e-02 1.636491e-01 2.166410e+02
2.090266e-01 8.596139e-02 -9.741245e-01 6.518229e+01 2.696892e-02 9.952434e-01 9.361199e-02 -3.030197e+00 9.775380e-01 -4.583848e-02 2.057140e-01 2.167741e+02
2.533701e-01 8.366470e-02 -9.637447e-01 6.463700e+01 1.730662e-02 9.957015e-01 9.098888e-02 -2.977892e+00 9.672146e-01 -3.973302e-02 2.508331e-01 2.169299e+02
3.017960e-01 8.224582e-02 -9.498183e-01 6.409904e+01 5.369777e-03 9.961095e-01 8.796042e-02 -2.924923e+00 9.533574e-01 -3.164641e-02 3.001802e-01 2.171053e+02
3.491802e-01 8.958793e-02 -9.327632e-01 6.358558e+01 -1.076717e-02 9.957372e-01 9.160561e-02 -2.930435e+00 9.369937e-01 -2.194365e-02 3.486563e-01 2.172667e+02
4.021133e-01 8.997272e-02 -9.111585e-01 6.307644e+01 -1.399868e-02 9.956479e-01 9.213775e-02 -2.876532e+00 9.154829e-01 -2.429480e-02 4.016228e-01 2.175168e+02
4.549086e-01 9.168646e-02 -8.858057e-01 6.258668e+01 -2.000519e-02 9.954870e-01 9.276543e-02 -2.824940e+00 8.903134e-01 -2.447908e-02 4.546898e-01 2.178065e+02
5.088606e-01 9.605182e-02 -8.554735e-01 6.210921e+01 -2.680757e-02 9.950418e-01 9.577651e-02 -2.775245e+00 8.604314e-01 -2.580373e-02 5.089125e-01 2.181252e+02
5.612737e-01 9.610487e-02 -8.220314e-01 6.164884e+01 -2.965854e-02 9.949328e-01 9.606850e-02 -2.719577e+00 8.270987e-01 -2.954047e-02 5.612799e-01 2.184754e+02
6.098373e-01 9.380796e-02 -7.869553e-01 6.123338e+01 -3.173296e-02 9.950640e-01 9.402439e-02 -2.672386e+00 7.918911e-01 -3.236715e-02 6.098039e-01 2.188533e+02
6.550071e-01 8.910036e-02 -7.503511e-01 6.082841e+01 -3.469375e-02 9.955225e-01 8.792785e-02 -2.631387e+00 7.548258e-01 -3.156087e-02 6.551655e-01 2.192522e+02
6.966119e-01 8.599355e-02 -7.122759e-01 6.044155e+01 -4.316715e-02 9.960159e-01 7.803183e-02 -2.587714e+00 7.161484e-01 -2.361098e-02 6.975486e-01 2.196694e+02
7.352917e-01 8.346661e-02 -6.725915e-01 6.006778e+01 -5.496342e-02 9.964626e-01 6.357085e-02 -2.538906e+00 6.755184e-01 -9.775192e-03 7.372783e-01 2.201039e+02
7.717538e-01 7.716834e-02 -6.312220e-01 5.972227e+01 -5.696189e-02 9.970085e-01 5.224302e-02 -2.499159e+00 6.333652e-01 -4.363151e-03 7.738407e-01 2.205524e+02
8.161308e-01 7.222893e-02 -5.733354e-01 5.944382e+01 -4.962759e-02 9.972528e-01 5.499032e-02 -2.482625e+00 5.757322e-01 -1.642605e-02 8.174733e-01 2.209928e+02
8.471608e-01 6.762832e-02 -5.270152e-01 5.915905e+01 -4.693338e-02 9.975142e-01 5.256034e-02 -2.455947e+00 5.292597e-01 -1.979245e-02 8.482290e-01 2.215184e+02
8.744556e-01 6.837912e-02 -4.802621e-01 5.888126e+01 -4.915235e-02 9.974098e-01 5.251396e-02 -2.431342e+00 4.826090e-01 -2.231511e-02 8.755516e-01 2.220781e+02
8.981151e-01 6.870887e-02 -4.343596e-01 5.863245e+01 -5.240125e-02 9.974023e-01 4.942454e-02 -2.406627e+00 4.366272e-01 -2.162794e-02 8.993825e-01 2.226495e+02
9.189031e-01 6.518982e-02 -3.890596e-01 5.839979e+01 -5.076791e-02 9.975923e-01 4.724746e-02 -2.368529e+00 3.912029e-01 -2.366409e-02 9.200002e-01 2.232543e+02
9.364045e-01 6.449837e-02 -3.449444e-01 5.820767e+01 -5.205639e-02 9.976197e-01 4.522181e-02 -2.348453e+00 3.470401e-01 -2.438934e-02 9.375331e-01 2.238629e+02
9.512044e-01 6.783226e-02 -3.010132e-01 5.801707e+01 -5.803990e-02 9.974568e-01 4.136677e-02 -2.325302e+00 3.030536e-01 -2.187748e-02 9.527223e-01 2.245037e+02
9.632716e-01 6.699271e-02 -2.600379e-01 5.788246e+01 -5.981768e-02 9.975808e-01 3.541778e-02 -2.310227e+00 2.617816e-01 -1.856208e-02 9.649486e-01 2.251329e+02
9.729603e-01 5.724068e-02 -2.237671e-01 5.775135e+01 -5.308934e-02 9.982884e-01 2.452944e-02 -2.302433e+00 2.247882e-01 -1.198652e-02 9.743339e-01 2.258040e+02
9.797113e-01 5.054583e-02 -1.939352e-01 5.764794e+01 -4.867031e-02 9.987107e-01 1.442652e-02 -2.287788e+00 1.944144e-01 -4.694939e-03 9.809083e-01 2.264750e+02
9.870435e-01 5.250489e-02 -1.516193e-01 5.757626e+01 -5.060731e-02 9.985848e-01 1.634994e-02 -2.282932e+00 1.522632e-01 -8.465053e-03 9.883037e-01 2.271068e+02
9.901826e-01 5.296613e-02 -1.293560e-01 5.749934e+01 -5.084024e-02 9.985128e-01 1.968390e-02 -2.264284e+00 1.302062e-01 -1.291417e-02 9.914028e-01 2.278151e+02
9.924556e-01 5.408756e-02 -1.100289e-01 5.740327e+01 -5.118873e-02 9.982677e-01 2.900446e-02 -2.257318e+00 1.114071e-01 -2.315340e-02 9.935051e-01 2.285658e+02
9.939592e-01 5.707572e-02 -9.374116e-02 5.733231e+01 -5.370954e-02 9.978314e-01 3.805005e-02 -2.240970e+00 9.570960e-02 -3.278540e-02 9.948692e-01 2.293105e+02
9.952743e-01 5.305064e-02 -8.133070e-02 5.727467e+01 -4.983428e-02 9.979123e-01 4.108053e-02 -2.218773e+00 8.334025e-02 -3.683333e-02 9.958402e-01 2.300563e+02
9.962702e-01 4.549015e-02 -7.332352e-02 5.723545e+01 -4.262068e-02 9.982808e-01 4.023577e-02 -2.206112e+00 7.502780e-02 -3.696060e-02 9.964962e-01 2.307976e+02
9.968672e-01 3.946054e-02 -6.854736e-02 5.719964e+01 -3.703086e-02 9.986524e-01 3.636197e-02 -2.185303e+00 6.988984e-02 -3.370969e-02 9.969850e-01 2.315441e+02
9.972115e-01 3.631107e-02 -6.519776e-02 5.714381e+01 -3.426205e-02 9.988916e-01 3.227576e-02 -2.164300e+00 6.629746e-02 -2.995195e-02 9.973503e-01 2.323146e+02
9.973146e-01 3.479570e-02 -6.444225e-02 5.710068e+01 -3.299461e-02 9.990403e-01 2.880556e-02 -2.143179e+00 6.538272e-02 -2.660195e-02 9.975056e-01 2.330804e+02
9.973613e-01 3.334068e-02 -6.448829e-02 5.705659e+01 -3.148102e-02 9.990647e-01 2.964172e-02 -2.118003e+00 6.541625e-02 -2.753335e-02 9.974781e-01 2.338618e+02
9.975523e-01 2.977064e-02 -6.327097e-02 5.701658e+01 -2.799202e-02 9.991928e-01 2.881425e-02 -2.114392e+00 6.407771e-02 -2.697263e-02 9.975803e-01 2.345363e+02
9.976594e-01 2.448326e-02 -6.384562e-02 5.698207e+01 -2.256482e-02 9.992770e-01 3.059809e-02 -2.099312e+00 6.454860e-02 -2.908581e-02 9.974906e-01 2.353231e+02
9.976382e-01 2.160767e-02 -6.520110e-02 5.692535e+01 -2.002529e-02 9.994912e-01 2.482597e-02 -2.084179e+00 6.570436e-02 -2.346166e-02 9.975633e-01 2.361304e+02
9.976476e-01 1.793254e-02 -6.616420e-02 5.687927e+01 -1.685494e-02 9.997166e-01 1.680915e-02 -2.070400e+00 6.644689e-02 -1.565441e-02 9.976672e-01 2.369376e+02
9.976785e-01 8.097363e-03 -6.761686e-02 5.684210e+01 -7.415710e-03 9.999192e-01 1.032604e-02 -2.058725e+00 6.769501e-02 -9.800638e-03 9.976579e-01 2.377379e+02
9.975560e-01 -2.203390e-03 -6.983667e-02 5.681997e+01 2.743964e-03 9.999670e-01 7.645573e-03 -2.053518e+00 6.981752e-02 -7.818517e-03 9.975291e-01 2.385239e+02
9.973698e-01 -1.130317e-02 -7.159364e-02 5.677547e+01 1.187715e-02 9.999006e-01 7.596465e-03 -2.050470e+00 7.150066e-02 -8.426814e-03 9.974050e-01 2.393555e+02
9.971422e-01 -1.631189e-02 -7.376579e-02 5.672650e+01 1.727306e-02 9.997738e-01 1.241094e-02 -2.046616e+00 7.354666e-02 -1.364963e-02 9.971984e-01 2.401822e+02
9.969318e-01 -1.606429e-02 -7.660945e-02 5.666624e+01 1.764224e-02 9.996450e-01 1.996516e-02 -2.042447e+00 7.626153e-02 -2.125547e-02 9.968613e-01 2.410346e+02
9.967846e-01 -1.339616e-02 -7.899971e-02 5.660038e+01 1.569456e-02 9.994693e-01 2.854497e-02 -2.031044e+00 7.857539e-02 -2.969305e-02 9.964659e-01 2.418935e+02
9.968068e-01 -3.261626e-03 -7.978495e-02 5.652257e+01 6.412752e-03 9.992080e-01 3.927096e-02 -2.030978e+00 7.959367e-02 -3.965720e-02 9.960382e-01 2.428785e+02
9.967513e-01 3.436423e-03 -8.046786e-02 5.643514e+01 1.866502e-05 9.990795e-01 4.289742e-02 -1.999665e+00 8.054120e-02 -4.275957e-02 9.958337e-01 2.437712e+02
9.966073e-01 1.178024e-02 -8.145655e-02 5.635164e+01 -8.248391e-03 9.990168e-01 4.356005e-02 -1.971977e+00 8.188961e-02 -4.274038e-02 9.957245e-01 2.446514e+02
9.965531e-01 1.294750e-02 -8.194107e-02 5.627094e+01 -9.847684e-03 9.992246e-01 3.812153e-02 -1.946016e+00 8.237111e-02 -3.718320e-02 9.959078e-01 2.455465e+02
9.964527e-01 1.446550e-02 -8.290183e-02 5.619197e+01 -1.212874e-02 9.995167e-01 2.862170e-02 -1.920483e+00 8.327579e-02 -2.751468e-02 9.961466e-01 2.464441e+02
9.964528e-01 1.542410e-02 -8.272737e-02 5.609032e+01 -1.358501e-02 9.996489e-01 2.274785e-02 -1.896950e+00 8.304919e-02 -2.154330e-02 9.963126e-01 2.473842e+02
9.964212e-01 1.705553e-02 -8.278840e-02 5.603901e+01 -1.519553e-02 9.996189e-01 2.304522e-02 -1.890319e+00 8.314990e-02 -2.170473e-02 9.963007e-01 2.482807e+02
9.964085e-01 2.199786e-02 -8.176866e-02 5.596057e+01 -1.970627e-02 9.993930e-01 2.872755e-02 -1.883444e+00 8.235097e-02 -2.701302e-02 9.962372e-01 2.492114e+02
9.964155e-01 2.820035e-02 -7.975580e-02 5.587883e+01 -2.563514e-02 9.991263e-01 3.300654e-02 -1.869160e+00 8.061692e-02 -3.084367e-02 9.962678e-01 2.501450e+02
9.964117e-01 3.205162e-02 -7.833591e-02 5.579679e+01 -2.914614e-02 9.988543e-01 3.795626e-02 -1.841606e+00 7.946271e-02 -3.553687e-02 9.962042e-01 2.511140e+02
9.964975e-01 3.370966e-02 -7.652752e-02 5.571704e+01 -2.987926e-02 9.982690e-01 5.065759e-02 -1.813857e+00 7.810270e-02 -4.819358e-02 9.957798e-01 2.520703e+02
9.965229e-01 3.597679e-02 -7.515169e-02 5.564138e+01 -3.214235e-02 9.981492e-01 5.162380e-02 -1.780686e+00 7.686986e-02 -4.902875e-02 9.958349e-01 2.530381e+02
9.966067e-01 3.533101e-02 -7.434248e-02 5.552807e+01 -3.207079e-02 9.984900e-01 4.460031e-02 -1.753587e+00 7.580600e-02 -4.206475e-02 9.962349e-01 2.540761e+02
9.965668e-01 3.454735e-02 -7.524069e-02 5.546822e+01 -3.209208e-02 9.989200e-01 3.360061e-02 -1.716086e+00 7.632024e-02 -3.107062e-02 9.965991e-01 2.550336e+02
9.965646e-01 3.226755e-02 -7.627483e-02 5.540293e+01 -2.995649e-02 9.990625e-01 3.125176e-02 -1.682782e+00 7.721174e-02 -2.885947e-02 9.965969e-01 2.560184e+02
9.964152e-01 3.320831e-02 -7.780721e-02 5.531807e+01 -3.007090e-02 9.987002e-01 4.115362e-02 -1.646113e+00 7.907272e-02 -3.866636e-02 9.961187e-01 2.570563e+02
9.964001e-01 3.264276e-02 -7.823808e-02 5.522795e+01 -2.867305e-02 9.982697e-01 5.133618e-02 -1.619112e+00 7.977846e-02 -4.890805e-02 9.956121e-01 2.580971e+02
9.962747e-01 3.337942e-02 -7.951455e-02 5.515127e+01 -2.926290e-02 9.981981e-01 5.238527e-02 -1.579186e+00 8.111987e-02 -4.986329e-02 9.954563e-01 2.591225e+02
9.961924e-01 3.281126e-02 -8.077239e-02 5.505633e+01 -2.907235e-02 9.984699e-01 4.703842e-02 -1.540284e+00 8.219219e-02 -4.451107e-02 9.956220e-01 2.601724e+02
9.962084e-01 2.997892e-02 -8.167083e-02 5.495318e+01 -2.664814e-02 9.987801e-01 4.157236e-02 -1.489663e+00 8.281749e-02 -3.923836e-02 9.957920e-01 2.612287e+02
9.961252e-01 2.978321e-02 -8.275016e-02 5.485563e+01 -2.589453e-02 9.985272e-01 4.767553e-02 -1.449279e+00 8.404822e-02 -4.534802e-02 9.954293e-01 2.622843e+02
9.960915e-01 3.014070e-02 -8.302582e-02 5.474565e+01 -2.608943e-02 9.984355e-01 4.945547e-02 -1.407297e+00 8.438655e-02 -4.709607e-02 9.953195e-01 2.633679e+02
9.960604e-01 2.973742e-02 -8.354316e-02 5.464585e+01 -2.545248e-02 9.983281e-01 5.189528e-02 -1.362431e+00 8.494672e-02 -4.956445e-02 9.951520e-01 2.644316e+02
9.958861e-01 3.397484e-02 -8.400404e-02 5.454230e+01 -2.948716e-02 9.981002e-01 5.409782e-02 -1.320470e+00 8.568241e-02 -5.139822e-02 9.949959e-01 2.655008e+02
9.957884e-01 3.604266e-02 -8.429961e-02 5.445763e+01 -3.127177e-02 9.978702e-01 5.724627e-02 -1.276763e+00 8.618337e-02 -5.436897e-02 9.947947e-01 2.665412e+02
9.957512e-01 3.660546e-02 -8.449556e-02 5.435679e+01 -3.160135e-02 9.977088e-01 5.981986e-02 -1.231009e+00 8.649171e-02 -5.689553e-02 9.946266e-01 2.676135e+02
9.957536e-01 3.592134e-02 -8.476056e-02 5.425821e+01 -3.094566e-02 9.977602e-01 5.930396e-02 -1.185114e+00 8.670099e-02 -5.642916e-02 9.946350e-01 2.686771e+02
9.958693e-01 3.305679e-02 -8.456758e-02 5.415004e+01 -2.848241e-02 9.980944e-01 5.473781e-02 -1.145985e+00 8.621589e-02 -5.210301e-02 9.949131e-01 2.697528e+02
9.958038e-01 3.230427e-02 -8.562277e-02 5.406212e+01 -2.807629e-02 9.983479e-01 5.013181e-02 -1.103021e+00 8.710078e-02 -4.751747e-02 9.950656e-01 2.707967e+02
9.957254e-01 3.203860e-02 -8.662836e-02 5.395792e+01 -2.776508e-02 9.983585e-01 5.009454e-02 -1.059777e+00 8.809111e-02 -4.747516e-02 9.949804e-01 2.718643e+02
9.957080e-01 2.934428e-02 -8.777534e-02 5.388226e+01 -2.450900e-02 9.981486e-01 5.566650e-02 -1.034097e+00 8.924632e-02 -5.327629e-02 9.945837e-01 2.728837e+02
9.955149e-01 3.072567e-02 -8.947651e-02 5.379842e+01 -2.623554e-02 9.983574e-01 5.093326e-02 -9.963117e-01 9.089450e-02 -4.835735e-02 9.946858e-01 2.739172e+02
9.954237e-01 3.029565e-02 -9.062993e-02 5.369974e+01 -2.583721e-02 9.984165e-01 4.996928e-02 -9.460990e-01 9.200027e-02 -4.739898e-02 9.946302e-01 2.749473e+02
9.953226e-01 3.199821e-02 -9.115397e-02 5.359685e+01 -2.681246e-02 9.979821e-01 5.755746e-02 -8.974062e-01 9.281177e-02 -5.484418e-02 9.941721e-01 2.759981e+02
9.952313e-01 3.413578e-02 -9.137507e-02 5.350922e+01 -2.810067e-02 9.973881e-01 6.653842e-02 -8.609688e-01 9.340775e-02 -6.365341e-02 9.935911e-01 2.770252e+02
9.951895e-01 3.585834e-02 -9.117069e-02 5.340217e+01 -2.982652e-02 9.973283e-01 6.668263e-02 -8.081363e-01 9.331824e-02 -6.364255e-02 9.936002e-01 2.780727e+02
9.951768e-01 3.777040e-02 -9.053419e-02 5.331556e+01 -3.239776e-02 9.976667e-01 6.009628e-02 -7.541594e-01 9.259280e-02 -5.687332e-02 9.940785e-01 2.790883e+02
9.951209e-01 4.058261e-02 -8.993035e-02 5.322935e+01 -3.560988e-02 9.977828e-01 5.622676e-02 -7.074501e-01 9.201279e-02 -5.275002e-02 9.943596e-01 2.800972e+02
9.950658e-01 4.458775e-02 -8.863456e-02 5.314065e+01 -3.981028e-02 9.976948e-01 5.495736e-02 -6.738659e-01 9.088066e-02 -5.115762e-02 9.945469e-01 2.811056e+02
9.950383e-01 4.786648e-02 -8.722125e-02 5.303923e+01 -4.291705e-02 9.974074e-01 5.776419e-02 -6.306967e-01 8.976009e-02 -5.373430e-02 9.945128e-01 2.821508e+02
9.951615e-01 4.803050e-02 -8.571250e-02 5.294081e+01 -4.250107e-02 9.969660e-01 6.521039e-02 -5.830426e-01 8.858454e-02 -6.125199e-02 9.941836e-01 2.831763e+02
9.949595e-01 5.240373e-02 -8.549522e-02 5.286784e+01 -4.663511e-02 9.965859e-01 6.812985e-02 -5.339118e-01 8.877360e-02 -6.379936e-02 9.940065e-01 2.841963e+02
9.949105e-01 5.310267e-02 -8.563466e-02 5.278428e+01 -4.757884e-02 9.967304e-01 6.530487e-02 -4.754148e-01 8.882254e-02 -6.089810e-02 9.941841e-01 2.852010e+02
9.948260e-01 5.410841e-02 -8.598575e-02 5.269781e+01 -4.886605e-02 9.968825e-01 6.194644e-02 -4.262431e-01 8.906952e-02 -5.742415e-02 9.943687e-01 2.862187e+02
9.946609e-01 5.658011e-02 -8.630367e-02 5.260768e+01 -5.158621e-02 9.969220e-01 5.903760e-02 -3.783328e-01 8.937838e-02 -5.427032e-02 9.945181e-01 2.872179e+02
9.945491e-01 5.874903e-02 -8.614264e-02 5.251510e+01 -5.350132e-02 9.966404e-01 6.201307e-02 -3.307387e-01 8.949644e-02 -5.706630e-02 9.943510e-01 2.882320e+02
9.944746e-01 6.084682e-02 -8.554547e-02 5.242606e+01 -5.535369e-02 9.963369e-01 6.518285e-02 -2.782843e-01 8.919828e-02 -6.008743e-02 9.941998e-01 2.892551e+02
9.943284e-01 6.388359e-02 -8.502852e-02 5.233719e+01 -5.805131e-02 9.958996e-01 6.938340e-02 -2.238326e-01 8.911233e-02 -6.405387e-02 9.939598e-01 2.902673e+02
9.941641e-01 6.601572e-02 -8.532147e-02 5.223085e+01 -6.019473e-02 9.957930e-01 6.908637e-02 -1.676689e-01 8.952331e-02 -6.354728e-02 9.939554e-01 2.913111e+02
9.943087e-01 6.261436e-02 -8.619504e-02 5.214103e+01 -5.676970e-02 9.960231e-01 6.866690e-02 -1.154457e-01 9.015178e-02 -6.338283e-02 9.939091e-01 2.923320e+02
9.946379e-01 5.531598e-02 -8.738166e-02 5.205717e+01 -4.907968e-02 9.961983e-01 7.197354e-02 -6.499224e-02 9.103075e-02 -6.729894e-02 9.935715e-01 2.933127e+02
9.943875e-01 5.730188e-02 -8.893824e-02 5.194904e+01 -5.106187e-02 9.961743e-01 7.091858e-02 -2.104345e-02 9.266176e-02 -6.597919e-02 9.935092e-01 2.943244e+02
9.939644e-01 6.029388e-02 -9.164820e-02 5.185265e+01 -5.420020e-02 9.962402e-01 6.758581e-02 3.238359e-02 9.537863e-02 -6.221054e-02 9.934952e-01 2.953138e+02
9.939635e-01 5.730626e-02 -9.355547e-02 5.175007e+01 -5.087972e-02 9.962703e-01 6.969065e-02 1.026505e-01 9.720025e-02 -6.450988e-02 9.931720e-01 2.963573e+02
9.934607e-01 6.143993e-02 -9.623380e-02 5.164825e+01 -5.392238e-02 9.954262e-01 7.886157e-02 1.647483e-01 1.006389e-01 -7.315671e-02 9.922298e-01 2.973545e+02
9.928884e-01 6.694961e-02 -9.843972e-02 5.153968e+01 -5.856374e-02 9.945946e-01 8.574252e-02 2.243686e-01 1.036480e-01 -7.936775e-02 9.914423e-01 2.983510e+02
9.924111e-01 6.914143e-02 -1.016845e-01 5.143739e+01 -6.050086e-02 9.944793e-01 8.573567e-02 2.878657e-01 1.070511e-01 -7.893302e-02 9.911154e-01 2.993414e+02
9.921741e-01 6.727430e-02 -1.051886e-01 5.134292e+01 -5.883299e-02 9.949442e-01 8.139287e-02 3.526622e-01 1.101324e-01 -7.456735e-02 9.911158e-01 3.003119e+02
9.921152e-01 6.201705e-02 -1.089101e-01 5.122352e+01 -5.423075e-02 9.958522e-01 7.305713e-02 4.143174e-01 1.129892e-01 -6.657480e-02 9.913633e-01 3.013144e+02
9.918890e-01 5.889605e-02 -1.126388e-01 5.111117e+01 -5.164890e-02 9.964679e-01 6.621204e-02 4.743422e-01 1.161406e-01 -5.985732e-02 9.914275e-01 3.022907e+02
9.917702e-01 5.454142e-02 -1.158325e-01 5.099468e+01 -4.639438e-02 9.963320e-01 7.190378e-02 5.347536e-01 1.193294e-01 -6.593804e-02 9.906627e-01 3.032817e+02
9.912843e-01 5.395078e-02 -1.201862e-01 5.087346e+01 -4.513775e-02 9.961703e-01 7.488227e-02 5.913040e-01 1.237659e-01 -6.880469e-02 9.899232e-01 3.042678e+02
9.905283e-01 5.488554e-02 -1.258617e-01 5.074282e+01 -4.618787e-02 9.964054e-01 7.101331e-02 6.480217e-01 1.293069e-01 -6.452741e-02 9.895029e-01 3.052507e+02
9.899346e-01 5.353576e-02 -1.310090e-01 5.060989e+01 -4.518609e-02 9.968027e-01 6.589858e-02 7.106441e-01 1.341181e-01 -5.931550e-02 9.891886e-01 3.062259e+02
9.891673e-01 5.693485e-02 -1.353011e-01 5.045266e+01 -4.822932e-02 9.966019e-01 6.677337e-02 7.734361e-01 1.386430e-01 -5.952456e-02 9.885519e-01 3.072239e+02
9.884547e-01 5.942716e-02 -1.393763e-01 5.028559e+01 -4.930702e-02 9.959657e-01 7.497444e-02 8.246747e-01 1.432696e-01 -6.723660e-02 9.873971e-01 3.082498e+02
9.874611e-01 6.370081e-02 -1.444396e-01 5.013357e+01 -5.283826e-02 9.955650e-01 7.783575e-02 8.826315e-01 1.487572e-01 -6.922784e-02 9.864476e-01 3.092230e+02
9.866732e-01 6.481258e-02 -1.492494e-01 4.998041e+01 -5.327339e-02 9.953655e-01 8.005917e-02 9.487800e-01 1.537466e-01 -7.104122e-02 9.855532e-01 3.101876e+02
9.858188e-01 6.788940e-02 -1.534675e-01 4.983037e+01 -5.622188e-02 9.952775e-01 7.913208e-02 1.009640e+00 1.581149e-01 -6.938167e-02 9.849801e-01 3.111659e+02
9.846978e-01 7.792613e-02 -1.558774e-01 4.965846e+01 -6.596456e-02 9.945696e-01 8.049789e-02 1.075772e+00 1.613038e-01 -6.898371e-02 9.844909e-01 3.121134e+02
9.838095e-01 8.766072e-02 -1.563155e-01 4.947040e+01 -7.522259e-02 9.936397e-01 8.379510e-02 1.142702e+00 1.626669e-01 -7.067995e-02 9.841462e-01 3.130817e+02
9.829302e-01 9.655803e-02 -1.566039e-01 4.929426e+01 -8.392603e-02 9.928079e-01 8.537557e-02 1.215606e+00 1.637213e-01 -7.077508e-02 9.839646e-01 3.140547e+02
9.827460e-01 9.945166e-02 -1.559476e-01 4.910449e+01 -8.772096e-02 9.928955e-01 8.039675e-02 1.299774e+00 1.628353e-01 -6.532971e-02 9.844880e-01 3.150519e+02
9.827718e-01 1.021969e-01 -1.539977e-01 4.893209e+01 -9.112558e-02 9.928324e-01 7.733049e-02 1.371344e+00 1.607969e-01 -6.196510e-02 9.850405e-01 3.160167e+02
9.830854e-01 1.030081e-01 -1.514344e-01 4.877244e+01 -9.250526e-02 9.928945e-01 7.485513e-02 1.438733e+00 1.580691e-01 -5.958051e-02 9.856289e-01 3.169848e+02
9.834693e-01 1.060292e-01 -1.467852e-01 4.861322e+01 -9.523667e-02 9.923375e-01 7.871651e-02 1.507055e+00 1.540067e-01 -6.343594e-02 9.860313e-01 3.179644e+02
9.843901e-01 1.047302e-01 -1.414489e-01 4.847061e+01 -9.397644e-02 9.922988e-01 8.069455e-02 1.573078e+00 1.488107e-01 -6.614205e-02 9.866512e-01 3.189498e+02
9.851069e-01 1.063825e-01 -1.350822e-01 4.833149e+01 -9.550977e-02 9.918283e-01 8.458454e-02 1.644640e+00 1.429767e-01 -7.042314e-02 9.872174e-01 3.199251e+02
9.856552e-01 1.097048e-01 -1.282527e-01 4.820611e+01 -9.878635e-02 9.911551e-01 8.861582e-02 1.718617e+00 1.368399e-01 -7.467502e-02 9.877745e-01 3.208904e+02
9.855231e-01 1.175298e-01 -1.221927e-01 4.808173e+01 -1.068592e-01 9.901461e-01 9.050833e-02 1.792882e+00 1.316261e-01 -7.614063e-02 9.883710e-01 3.218573e+02
9.860036e-01 1.194815e-01 -1.162802e-01 4.795678e+01 -1.095468e-01 9.900435e-01 8.839288e-02 1.867581e+00 1.256837e-01 -7.441758e-02 9.892753e-01 3.228396e+02
9.861538e-01 1.229825e-01 -1.112474e-01 4.782763e+01 -1.144974e-01 9.902204e-01 7.971172e-02 1.944811e+00 1.199626e-01 -6.587049e-02 9.905908e-01 3.238340e+02
9.865528e-01 1.240427e-01 -1.064282e-01 4.772751e+01 -1.164678e-01 9.903828e-01 7.468038e-02 2.007091e+00 1.146682e-01 -6.128068e-02 9.915119e-01 3.248027e+02
9.876700e-01 1.200893e-01 -1.004312e-01 4.759462e+01 -1.126830e-01 9.906862e-01 7.644228e-02 2.078354e+00 1.086757e-01 -6.418285e-02 9.920031e-01 3.258381e+02
9.886179e-01 1.154538e-01 -9.646246e-02 4.750448e+01 -1.078304e-01 9.908775e-01 8.083535e-02 2.143274e+00 1.049152e-01 -6.951369e-02 9.920487e-01 3.268593e+02
9.898623e-01 1.073574e-01 -9.298958e-02 4.740863e+01 -1.000286e-01 9.917478e-01 8.019079e-02 2.220178e+00 1.008313e-01 -7.007622e-02 9.924326e-01 3.278841e+02
9.903025e-01 1.047900e-01 -9.121426e-02 4.732318e+01 -9.800505e-02 9.922843e-01 7.594009e-02 2.292381e+00 9.846824e-02 -6.626420e-02 9.929315e-01 3.288721e+02
9.902847e-01 1.079606e-01 -8.763980e-02 4.722854e+01 -1.014528e-01 9.919635e-01 7.560304e-02 2.360604e+00 9.509763e-02 -6.597723e-02 9.932791e-01 3.298911e+02
9.904678e-01 1.095801e-01 -8.346084e-02 4.713127e+01 -1.031346e-01 9.916056e-01 7.798505e-02 2.416286e+00 9.130584e-02 -6.863398e-02 9.934549e-01 3.308992e+02
9.901832e-01 1.145015e-01 -8.016615e-02 4.704054e+01 -1.085097e-01 9.912245e-01 7.549621e-02 2.473672e+00 8.810708e-02 -6.605628e-02 9.939184e-01 3.318965e+02
9.902051e-01 1.164093e-01 -7.708963e-02 4.694161e+01 -1.106638e-01 9.910215e-01 7.503308e-02 2.541085e+00 8.513203e-02 -6.576710e-02 9.941968e-01 3.329002e+02
9.904296e-01 1.158076e-01 -7.508592e-02 4.685922e+01 -1.098618e-01 9.908021e-01 7.900397e-02 2.609979e+00 8.354455e-02 -6.999879e-02 9.940425e-01 3.338969e+02
9.907294e-01 1.145330e-01 -7.305812e-02 4.677558e+01 -1.080608e-01 9.903192e-01 8.712537e-02 2.676881e+00 8.232959e-02 -7.842294e-02 9.935148e-01 3.349033e+02
9.906327e-01 1.160717e-01 -7.193192e-02 4.669542e+01 -1.095063e-01 9.899632e-01 8.933748e-02 2.748386e+00 8.157951e-02 -8.062363e-02 9.934005e-01 3.359122e+02
9.902995e-01 1.186369e-01 -7.233436e-02 4.661816e+01 -1.125438e-01 9.901585e-01 8.318704e-02 2.821949e+00 8.149153e-02 -7.423929e-02 9.939053e-01 3.369060e+02
9.902540e-01 1.186977e-01 -7.285558e-02 4.653611e+01 -1.132107e-01 9.907116e-01 7.532505e-02 2.892114e+00 8.111978e-02 -6.634289e-02 9.944939e-01 3.379140e+02
9.903926e-01 1.175242e-01 -7.287430e-02 4.645956e+01 -1.121593e-01 9.909457e-01 7.380323e-02 2.959609e+00 8.088813e-02 -6.492064e-02 9.946067e-01 3.389104e+02
9.907124e-01 1.154511e-01 -7.183286e-02 4.638336e+01 -1.097121e-01 9.907961e-01 7.928695e-02 3.023373e+00 8.032549e-02 -7.066963e-02 9.942603e-01 3.399111e+02
9.912267e-01 1.114252e-01 -7.109229e-02 4.630960e+01 -1.054593e-01 9.909720e-01 8.278228e-02 3.085423e+00 7.967450e-02 -7.455866e-02 9.940287e-01 3.409072e+02
9.916260e-01 1.074845e-01 -7.158946e-02 4.624208e+01 -1.016428e-01 9.915357e-01 8.078155e-02 3.155030e+00 7.966627e-02 -7.282853e-02 9.941576e-01 3.418958e+02
9.919514e-01 1.046279e-01 -7.131237e-02 4.616973e+01 -9.861594e-02 9.916435e-01 8.317493e-02 3.230050e+00 7.941887e-02 -7.547295e-02 9.939801e-01 3.428801e+02
9.919857e-01 1.047015e-01 -7.072444e-02 4.609948e+01 -9.842421e-02 9.913280e-01 8.707145e-02 3.302118e+00 7.922763e-02 -7.941264e-02 9.936884e-01 3.438529e+02
9.921365e-01 1.040375e-01 -6.957960e-02 4.603329e+01 -9.763889e-02 9.911638e-01 8.978314e-02 3.368388e+00 7.830560e-02 -8.228346e-02 9.935279e-01 3.448028e+02
9.923753e-01 1.020630e-01 -6.909698e-02 4.595950e+01 -9.598428e-02 9.916417e-01 8.621958e-02 3.430502e+00 7.731928e-02 -7.892996e-02 9.938772e-01 3.457598e+02
9.926968e-01 9.921792e-02 -6.862130e-02 4.589563e+01 -9.342330e-02 9.921570e-01 8.304612e-02 3.497617e+00 7.632276e-02 -7.602879e-02 9.941803e-01 3.466948e+02
9.931580e-01 9.478477e-02 -6.821379e-02 4.584344e+01 -8.911934e-02 9.926571e-01 8.178981e-02 3.550342e+00 7.546534e-02 -7.515103e-02 9.943125e-01 3.476140e+02
9.934213e-01 9.294239e-02 -6.690219e-02 4.579469e+01 -8.736341e-02 9.927979e-01 8.197550e-02 3.603281e+00 7.403935e-02 -7.559140e-02 9.943863e-01 3.485075e+02
9.936343e-01 9.241252e-02 -6.442600e-02 4.574153e+01 -8.712687e-02 9.929377e-01 8.052066e-02 3.662883e+00 7.141213e-02 -7.439486e-02 9.946686e-01 3.493938e+02
9.932310e-01 9.883318e-02 -6.102544e-02 4.566866e+01 -9.379008e-02 9.923233e-01 8.060985e-02 3.720760e+00 6.852389e-02 -7.434062e-02 9.948758e-01 3.502889e+02
9.930468e-01 1.036801e-01 -5.575417e-02 4.558681e+01 -9.892587e-02 9.916966e-01 8.216815e-02 3.777013e+00 6.381042e-02 -7.608129e-02 9.950577e-01 3.512033e+02
9.930606e-01 1.062952e-01 -5.031811e-02 4.553090e+01 -1.018928e-01 9.913109e-01 8.318967e-02 3.832134e+00 5.872356e-02 -7.748534e-02 9.952626e-01 3.520680e+02
9.929857e-01 1.093671e-01 -4.492388e-02 4.548468e+01 -1.056460e-01 9.913238e-01 7.820524e-02 3.882893e+00 5.308719e-02 -7.291066e-02 9.959246e-01 3.529201e+02
9.931536e-01 1.099525e-01 -3.945062e-02 4.544182e+01 -1.067950e-01 9.914649e-01 7.478028e-02 3.937278e+00 4.733618e-02 -7.005517e-02 9.964194e-01 3.537659e+02
9.934635e-01 1.089742e-01 -3.398298e-02 4.540929e+01 -1.061135e-01 9.913737e-01 7.692948e-02 3.990492e+00 4.207317e-02 -7.282058e-02 9.964572e-01 3.545961e+02
9.939340e-01 1.063920e-01 -2.785731e-02 4.538092e+01 -1.037369e-01 9.910691e-01 8.379000e-02 4.041320e+00 3.652310e-02 -8.039189e-02 9.960940e-01 3.554208e+02
9.944944e-01 1.023262e-01 -2.258733e-02 4.537523e+01 -9.986785e-02 9.907892e-01 9.145088e-02 4.089262e+00 3.173710e-02 -8.869164e-02 9.955534e-01 3.562197e+02
9.948981e-01 9.913289e-02 -1.871812e-02 4.536624e+01 -9.700256e-02 9.909789e-01 9.247357e-02 4.146955e+00 2.771643e-02 -9.018608e-02 9.955392e-01 3.569966e+02
9.947631e-01 1.007329e-01 -1.729880e-02 4.535024e+01 -9.884010e-02 9.911975e-01 8.808010e-02 4.198278e+00 2.601909e-02 -8.590902e-02 9.959632e-01 3.577425e+02
9.948123e-01 1.003233e-01 -1.684411e-02 4.533409e+01 -9.860311e-02 9.916699e-01 8.287534e-02 4.248100e+00 2.501812e-02 -8.078453e-02 9.964176e-01 3.584577e+02
9.951268e-01 9.709771e-02 -1.716852e-02 4.533123e+01 -9.544297e-02 9.922457e-01 7.961840e-02 4.296863e+00 2.476616e-02 -7.759179e-02 9.966776e-01 3.591444e+02
9.958174e-01 8.976174e-02 -1.704344e-02 4.533115e+01 -8.818719e-02 9.930787e-01 7.757441e-02 4.342562e+00 2.388869e-02 -7.574693e-02 9.968409e-01 3.598247e+02
9.958250e-01 8.955609e-02 -1.767078e-02 4.531524e+01 -8.806460e-02 9.934925e-01 7.223047e-02 4.370769e+00 2.402446e-02 -7.037274e-02 9.972314e-01 3.605032e+02
9.956556e-01 9.108432e-02 -1.932940e-02 4.529664e+01 -8.959858e-02 9.937004e-01 6.731732e-02 4.408313e+00 2.533918e-02 -6.529298e-02 9.975444e-01 3.611772e+02
9.955214e-01 9.198002e-02 -2.183631e-02 4.528570e+01 -9.038734e-02 9.937684e-01 6.522658e-02 4.465308e+00 2.769978e-02 -6.296073e-02 9.976315e-01 3.618536e+02
9.958406e-01 8.771328e-02 -2.465355e-02 4.527326e+01 -8.582291e-02 9.938893e-01 6.941574e-02 4.507713e+00 3.059158e-02 -6.701118e-02 9.972831e-01 3.625327e+02
9.961455e-01 8.301869e-02 -2.831905e-02 4.525051e+01 -8.059816e-02 9.936935e-01 7.795582e-02 4.539966e+00 3.461224e-02 -7.537288e-02 9.965545e-01 3.632134e+02
9.962278e-01 7.988829e-02 -3.388199e-02 4.522363e+01 -7.683900e-02 9.935534e-01 8.335170e-02 4.576814e+00 4.032239e-02 -8.043382e-02 9.959440e-01 3.638801e+02
9.960265e-01 7.800157e-02 -4.297694e-02 4.519068e+01 -7.425419e-02 9.937960e-01 8.280023e-02 4.619540e+00 4.916886e-02 -7.928000e-02 9.956390e-01 3.645534e+02
9.954385e-01 7.832955e-02 -5.446799e-02 4.514258e+01 -7.376837e-02 9.939614e-01 8.123429e-02 4.663666e+00 6.050212e-02 -7.684572e-02 9.952056e-01 3.652063e+02
9.945554e-01 7.923918e-02 -6.768158e-02 4.509326e+01 -7.377007e-02 9.940769e-01 7.980633e-02 4.707285e+00 7.360448e-02 -7.437894e-02 9.945100e-01 3.658462e+02
9.939448e-01 7.340391e-02 -8.176540e-02 4.503526e+01 -6.685245e-02 9.945367e-01 8.017129e-02 4.757079e+00 8.720358e-02 -7.421963e-02 9.934219e-01 3.664896e+02
9.925977e-01 7.306262e-02 -9.701364e-02 4.496237e+01 -6.518447e-02 9.944955e-01 8.203478e-02 4.809522e+00 1.024733e-01 -7.510375e-02 9.918965e-01 3.671376e+02
9.906228e-01 7.860474e-02 -1.117485e-01 4.487236e+01 -6.941371e-02 9.940544e-01 8.389000e-02 4.863851e+00 1.176783e-01 -7.534647e-02 9.901892e-01 3.678055e+02
9.882909e-01 8.661905e-02 -1.256114e-01 4.474881e+01 -7.610530e-02 9.933651e-01 8.621952e-02 4.921519e+00 1.322463e-01 -7.565027e-02 9.883258e-01 3.684846e+02
9.860729e-01 9.096741e-02 -1.392306e-01 4.462670e+01 -7.930557e-02 9.930343e-01 8.714096e-02 4.972115e+00 1.461877e-01 -7.488558e-02 9.864184e-01 3.691620e+02
9.841297e-01 9.239230e-02 -1.515002e-01 4.451435e+01 -8.003255e-02 9.930965e-01 8.575605e-02 5.028068e+00 1.583775e-01 -7.227013e-02 9.847302e-01 3.698487e+02
9.821116e-01 9.811308e-02 -1.607188e-01 4.438247e+01 -8.536233e-02 9.927670e-01 8.442130e-02 5.084517e+00 1.678392e-01 -6.919181e-02 9.833832e-01 3.705457e+02
9.802582e-01 1.064904e-01 -1.665945e-01 4.423842e+01 -9.381374e-02 9.921891e-01 8.221738e-02 5.133620e+00 1.740487e-01 -6.496540e-02 9.825918e-01 3.712587e+02
9.788782e-01 1.134812e-01 -1.700572e-01 4.409955e+01 -1.010767e-01 9.916623e-01 7.993313e-02 5.185779e+00 1.777102e-01 -6.105598e-02 9.821870e-01 3.719697e+02
9.791576e-01 1.105894e-01 -1.703538e-01 4.395741e+01 -9.807693e-02 9.919406e-01 8.021750e-02 5.245748e+00 1.778521e-01 -6.183779e-02 9.821124e-01 3.727232e+02
9.794596e-01 1.117894e-01 -1.678156e-01 4.382512e+01 -9.863889e-02 9.915055e-01 8.477752e-02 5.317619e+00 1.758673e-01 -6.648301e-02 9.821663e-01 3.735021e+02
9.794142e-01 1.195508e-01 -1.626513e-01 4.368203e+01 -1.055885e-01 9.901482e-01 9.196478e-02 5.379984e+00 1.720434e-01 -7.289750e-02 9.823884e-01 3.742868e+02
9.800824e-01 1.221537e-01 -1.565788e-01 4.354918e+01 -1.079699e-01 9.894960e-01 9.612532e-02 5.446758e+00 1.666761e-01 -7.730495e-02 9.829766e-01 3.750770e+02
9.818365e-01 1.161910e-01 -1.499892e-01 4.343467e+01 -1.032679e-01 9.904570e-01 9.127302e-02 5.511962e+00 1.591629e-01 -7.412611e-02 9.844656e-01 3.758723e+02
9.835106e-01 1.128843e-01 -1.412940e-01 4.331011e+01 -1.019493e-01 9.913714e-01 8.239605e-02 5.584562e+00 1.493761e-01 -6.663257e-02 9.865328e-01 3.767056e+02
9.844528e-01 1.155803e-01 -1.322647e-01 4.320308e+01 -1.059579e-01 9.913354e-01 7.763441e-02 5.650419e+00 1.400917e-01 -6.241292e-02 9.881695e-01 3.775237e+02
9.855620e-01 1.175291e-01 -1.218784e-01 4.309786e+01 -1.083993e-01 9.909608e-01 7.903364e-02 5.719590e+00 1.300655e-01 -6.468101e-02 9.893934e-01 3.783721e+02
9.867844e-01 1.186318e-01 -1.103768e-01 4.300144e+01 -1.097245e-01 9.904431e-01 8.356423e-02 5.779492e+00 1.192353e-01 -7.034883e-02 9.903706e-01 3.792458e+02
9.879769e-01 1.198841e-01 -9.761844e-02 4.290673e+01 -1.118151e-01 9.901446e-01 8.432745e-02 5.845486e+00 1.067659e-01 -7.239836e-02 9.916449e-01 3.801432e+02
9.887825e-01 1.217808e-01 -8.647830e-02 4.282716e+01 -1.151480e-01 9.902848e-01 7.795418e-02 5.909716e+00 9.513147e-02 -6.712192e-02 9.931992e-01 3.810360e+02
9.902246e-01 1.167732e-01 -7.628452e-02 4.275737e+01 -1.115836e-01 9.913506e-01 6.908809e-02 5.974767e+00 8.369234e-02 -5.990062e-02 9.946897e-01 3.819437e+02
9.911965e-01 1.135753e-01 -6.804516e-02 4.268953e+01 -1.094304e-01 9.920693e-01 6.183487e-02 6.036757e+00 7.452843e-02 -5.384430e-02 9.957642e-01 3.828680e+02
9.918199e-01 1.119912e-01 -6.124775e-02 4.263210e+01 -1.082525e-01 9.922319e-01 6.129605e-02 6.096378e+00 6.763659e-02 -5.416441e-02 9.962387e-01 3.838181e+02
9.924361e-01 1.098745e-01 -5.475595e-02 4.257395e+01 -1.061861e-01 9.921368e-01 6.625048e-02 6.153441e+00 6.160463e-02 -5.993504e-02 9.962995e-01 3.847819e+02
9.930855e-01 1.067008e-01 -4.894992e-02 4.253451e+01 -1.030778e-01 9.921092e-01 7.137444e-02 6.214423e+00 5.617938e-02 -6.583527e-02 9.962478e-01 3.857456e+02
9.935918e-01 1.043648e-01 -4.339692e-02 4.248601e+01 -1.009665e-01 9.921149e-01 7.425517e-02 6.283263e+00 5.080436e-02 -6.939769e-02 9.962946e-01 3.867430e+02
9.938162e-01 1.036311e-01 -3.987482e-02 4.244382e+01 -1.005369e-01 9.922485e-01 7.304261e-02 6.349436e+00 4.713522e-02 -6.858203e-02 9.965314e-01 3.877361e+02
9.939405e-01 1.026823e-01 -3.922442e-02 4.240102e+01 -9.972520e-02 9.924724e-01 7.108780e-02 6.414002e+00 4.622861e-02 -6.674539e-02 9.966985e-01 3.887545e+02
9.943618e-01 9.830365e-02 -3.976225e-02 4.234855e+01 -9.524701e-02 9.928037e-01 7.258723e-02 6.490520e+00 4.661170e-02 -6.839073e-02 9.965691e-01 3.898060e+02
9.944300e-01 9.686025e-02 -4.155840e-02 4.230737e+01 -9.349819e-02 9.926852e-01 7.638245e-02 6.558244e+00 4.865283e-02 -7.207137e-02 9.962121e-01 3.908392e+02
9.944792e-01 9.560629e-02 -4.324953e-02 4.225354e+01 -9.209702e-02 9.927744e-01 7.692335e-02 6.635579e+00 5.029138e-02 -7.251552e-02 9.960985e-01 3.918892e+02
9.941179e-01 9.799497e-02 -4.611593e-02 4.218431e+01 -9.435574e-02 9.926796e-01 7.539432e-02 6.706746e+00 5.316660e-02 -7.059954e-02 9.960869e-01 3.929567e+02
9.942325e-01 9.483895e-02 -5.007224e-02 4.213159e+01 -9.085282e-02 9.929105e-01 7.664470e-02 6.784570e+00 5.698616e-02 -7.165345e-02 9.958004e-01 3.940337e+02
9.943093e-01 9.203057e-02 -5.366062e-02 4.208082e+01 -8.752160e-02 9.928590e-01 8.106210e-02 6.855740e+00 6.073762e-02 -7.590434e-02 9.952635e-01 3.950674e+02
9.943882e-01 8.870869e-02 -5.764498e-02 4.202899e+01 -8.386326e-02 9.931270e-01 8.164376e-02 6.933202e+00 6.449130e-02 -7.635130e-02 9.949931e-01 3.961330e+02
9.943728e-01 8.550420e-02 -6.254349e-02 4.196018e+01 -8.065278e-02 9.938125e-01 7.636619e-02 7.003903e+00 6.868613e-02 -7.089216e-02 9.951163e-01 3.971949e+02
9.943781e-01 8.179767e-02 -6.724057e-02 4.189463e+01 -7.702581e-02 9.945167e-01 7.073651e-02 7.067683e+00 7.265795e-02 -6.515958e-02 9.952261e-01 3.982623e+02
9.940885e-01 8.245354e-02 -7.063648e-02 4.181493e+01 -7.732710e-02 9.943683e-01 7.247256e-02 7.130561e+00 7.621429e-02 -6.658202e-02 9.948659e-01 3.993199e+02
9.937336e-01 8.494816e-02 -7.264574e-02 4.173460e+01 -7.912103e-02 9.936782e-01 7.964562e-02 7.199027e+00 7.895224e-02 -7.339872e-02 9.941726e-01 4.003742e+02
9.932644e-01 8.922835e-02 -7.392006e-02 4.164340e+01 -8.269360e-02 9.927535e-01 8.719079e-02 7.268418e+00 8.116429e-02 -8.049079e-02 9.934453e-01 4.014340e+02
9.932064e-01 8.894992e-02 -7.502699e-02 4.154616e+01 -8.239933e-02 9.928557e-01 8.630100e-02 7.349796e+00 8.216744e-02 -7.953252e-02 9.934400e-01 4.025077e+02
9.929447e-01 9.008439e-02 -7.710760e-02 4.145376e+01 -8.362602e-02 9.930138e-01 8.324772e-02 7.429281e+00 8.406823e-02 -7.621218e-02 9.935413e-01 4.035676e+02
9.926451e-01 9.178370e-02 -7.893899e-02 4.136557e+01 -8.522584e-02 9.929169e-01 8.278004e-02 7.500701e+00 8.597772e-02 -7.544356e-02 9.934365e-01 4.046114e+02
9.924440e-01 9.225781e-02 -8.089120e-02 4.127800e+01 -8.547589e-02 9.928234e-01 8.363919e-02 7.574519e+00 8.802705e-02 -7.609296e-02 9.932075e-01 4.056603e+02
9.920820e-01 9.466357e-02 -8.253553e-02 4.117350e+01 -8.807813e-02 9.928892e-01 8.008324e-02 7.645247e+00 8.952960e-02 -7.217957e-02 9.933653e-01 4.067147e+02
9.918640e-01 9.608824e-02 -8.350393e-02 4.108009e+01 -8.989344e-02 9.931213e-01 7.502886e-02 7.719269e+00 9.013892e-02 -6.691197e-02 9.936789e-01 4.077624e+02
9.918155e-01 9.655005e-02 -8.354687e-02 4.099253e+01 -9.040232e-02 9.931160e-01 7.448492e-02 7.787326e+00 9.016326e-02 -6.632247e-02 9.937162e-01 4.087969e+02
9.918317e-01 9.715293e-02 -8.265081e-02 4.089252e+01 -9.071205e-02 9.927853e-01 7.841324e-02 7.857396e+00 8.967259e-02 -7.027532e-02 9.934889e-01 4.098591e+02
9.919471e-01 9.648990e-02 -8.204099e-02 4.081120e+01 -8.947823e-02 9.923351e-01 8.523353e-02 7.929115e+00 8.963633e-02 -7.720627e-02 9.929776e-01 4.108967e+02
9.919477e-01 9.671387e-02 -8.176899e-02 4.072495e+01 -8.919476e-02 9.918403e-01 9.108811e-02 7.999154e+00 8.991127e-02 -8.306128e-02 9.924801e-01 4.119559e+02
9.923364e-01 9.327892e-02 -8.104056e-02 4.062356e+01 -8.591350e-02 9.922238e-01 9.005956e-02 8.081832e+00 8.881103e-02 -8.240690e-02 9.926337e-01 4.130205e+02
9.922946e-01 9.382981e-02 -8.091541e-02 4.053260e+01 -8.695309e-02 9.926058e-01 8.469261e-02 8.154909e+00 8.826380e-02 -7.700417e-02 9.931162e-01 4.140423e+02
9.920144e-01 9.694062e-02 -8.068414e-02 4.043699e+01 -9.054337e-02 9.927146e-01 7.949577e-02 8.221333e+00 8.780270e-02 -7.155554e-02 9.935645e-01 4.150597e+02
9.916005e-01 1.009995e-01 -8.079292e-02 4.034221e+01 -9.493788e-02 9.926045e-01 7.565163e-02 8.281288e+00 8.783619e-02 -6.734589e-02 9.938558e-01 4.160574e+02
9.917566e-01 9.963319e-02 -8.057329e-02 4.025412e+01 -9.385936e-02 9.929399e-01 7.253171e-02 8.342513e+00 8.723100e-02 -6.437125e-02 9.941062e-01 4.170903e+02
9.919411e-01 9.790359e-02 -8.042229e-02 4.017779e+01 -9.237280e-02 9.932723e-01 6.983815e-02 8.401491e+00 8.671864e-02 -6.184650e-02 9.943113e-01 4.181006e+02
9.924358e-01 9.397537e-02 -7.899207e-02 4.009730e+01 -8.832451e-02 9.934698e-01 7.222598e-02 8.462713e+00 8.526370e-02 -6.470272e-02 9.942553e-01 4.191214e+02
9.926356e-01 9.212741e-02 -7.865832e-02 4.001778e+01 -8.588199e-02 9.931363e-01 7.940108e-02 8.524827e+00 8.543345e-02 -7.206100e-02 9.937345e-01 4.201350e+02
9.929528e-01 8.941125e-02 -7.778360e-02 3.993377e+01 -8.285658e-02 9.930346e-01 8.376816e-02 8.587409e+00 8.473162e-02 -7.673295e-02 9.934448e-01 4.211399e+02
9.929483e-01 8.966261e-02 -7.755162e-02 3.985383e+01 -8.329753e-02 9.931660e-01 8.174836e-02 8.649936e+00 8.435140e-02 -7.471203e-02 9.936312e-01 4.221161e+02
9.930723e-01 8.843356e-02 -7.737500e-02 3.977411e+01 -8.256643e-02 9.936834e-01 7.600031e-02 8.714629e+00 8.360723e-02 -6.908523e-02 9.941011e-01 4.230720e+02
9.924075e-01 9.407062e-02 -7.923391e-02 3.968554e+01 -8.834345e-02 9.934166e-01 7.293108e-02 8.777840e+00 8.557295e-02 -6.537755e-02 9.941846e-01 4.240240e+02
9.920385e-01 9.537579e-02 -8.223839e-02 3.960200e+01 -8.941668e-02 9.932907e-01 7.333672e-02 8.834569e+00 8.868117e-02 -6.539936e-02 9.939107e-01 4.249541e+02
9.916181e-01 9.610615e-02 -8.635443e-02 3.950674e+01 -8.969243e-02 9.931175e-01 7.531824e-02 8.883859e+00 9.299865e-02 -6.694160e-02 9.934133e-01 4.258770e+02
9.910506e-01 9.729814e-02 -9.138808e-02 3.941636e+01 -9.043156e-02 9.929604e-01 7.649733e-02 8.932417e+00 9.818779e-02 -6.754836e-02 9.928728e-01 4.267776e+02
9.906579e-01 9.566823e-02 -9.718289e-02 3.932485e+01 -8.825161e-02 9.930434e-01 7.795150e-02 8.987827e+00 1.039643e-01 -6.864672e-02 9.922092e-01 4.276618e+02
9.902367e-01 9.371211e-02 -1.031959e-01 3.921177e+01 -8.545981e-02 9.929875e-01 8.168461e-02 9.039509e+00 1.101271e-01 -7.206799e-02 9.913013e-01 4.285432e+02
9.893709e-01 9.548943e-02 -1.096677e-01 3.911136e+01 -8.618443e-02 9.925020e-01 8.667172e-02 9.092895e+00 1.171217e-01 -7.629883e-02 9.901823e-01 4.293916e+02
9.883622e-01 9.785105e-02 -1.164702e-01 3.900384e+01 -8.766065e-02 9.921104e-01 8.962437e-02 9.155086e+00 1.243212e-01 -7.837149e-02 9.891421e-01 4.302286e+02
9.872754e-01 1.004192e-01 -1.233017e-01 3.888024e+01 -8.969455e-02 9.919255e-01 8.965893e-02 9.209615e+00 1.313096e-01 -7.745857e-02 9.883107e-01 4.310524e+02
9.867365e-01 9.796805e-02 -1.294343e-01 3.875347e+01 -8.728449e-02 9.924821e-01 8.579441e-02 9.267610e+00 1.368664e-01 -7.335887e-02 9.878695e-01 4.318561e+02
9.858719e-01 9.843802e-02 -1.355231e-01 3.861221e+01 -8.775507e-02 9.927052e-01 8.267718e-02 9.321102e+00 1.426731e-01 -6.961627e-02 9.873186e-01 4.326633e+02
9.847468e-01 9.920248e-02 -1.429424e-01 3.849149e+01 -8.835317e-02 9.928423e-01 8.036046e-02 9.369040e+00 1.498912e-01 -6.650530e-02 9.864632e-01 4.334306e+02
9.833531e-01 1.004607e-01 -1.514081e-01 3.836139e+01 -8.931615e-02 9.928886e-01 7.870738e-02 9.417393e+00 1.582384e-01 -6.387396e-02 9.853328e-01 4.341971e+02
9.816685e-01 1.024939e-01 -1.606918e-01 3.822601e+01 -9.076362e-02 9.927554e-01 7.873221e-02 9.463490e+00 1.675972e-01 -6.270396e-02 9.838594e-01 4.349426e+02
9.800895e-01 1.027711e-01 -1.698899e-01 3.808462e+01 -9.000430e-02 9.926230e-01 8.123301e-02 9.506680e+00 1.769850e-01 -6.432480e-02 9.821093e-01 4.356729e+02
9.782651e-01 1.051622e-01 -1.787128e-01 3.795158e+01 -9.127942e-02 9.922570e-01 8.422710e-02 9.552301e+00 1.861865e-01 -6.608364e-02 9.802895e-01 4.363682e+02
9.762659e-01 1.104820e-01 -1.862759e-01 3.780364e+01 -9.556375e-02 9.915900e-01 8.727491e-02 9.592324e+00 1.943516e-01 -6.740230e-02 9.786135e-01 4.370485e+02
9.742956e-01 1.149558e-01 -1.937350e-01 3.767190e+01 -9.901335e-02 9.909999e-01 9.008649e-02 9.639525e+00 2.023473e-01 -6.858852e-02 9.769090e-01 4.376939e+02
9.722430e-01 1.239466e-01 -1.984458e-01 3.753000e+01 -1.071458e-01 9.898548e-01 9.331223e-02 9.686960e+00 2.079983e-01 -6.945954e-02 9.756598e-01 4.383173e+02
9.715630e-01 1.304281e-01 -1.976203e-01 3.739034e+01 -1.137752e-01 9.891021e-01 9.344618e-02 9.737724e+00 2.076546e-01 -6.830456e-02 9.758146e-01 4.389249e+02
9.717432e-01 1.386681e-01 -1.910142e-01 3.726108e+01 -1.221963e-01 9.878983e-01 9.552446e-02 9.776356e+00 2.019488e-01 -6.948401e-02 9.769282e-01 4.395135e+02
9.732542e-01 1.426234e-01 -1.800968e-01 3.715375e+01 -1.269521e-01 9.872727e-01 9.578999e-02 9.817474e+00 1.914665e-01 -7.036435e-02 9.789737e-01 4.400804e+02
9.756563e-01 1.455232e-01 -1.640666e-01 3.706228e+01 -1.316837e-01 9.869812e-01 9.234469e-02 9.856117e+00 1.753689e-01 -6.849178e-02 9.821174e-01 4.406350e+02
9.783917e-01 1.505517e-01 -1.417176e-01 3.698070e+01 -1.392459e-01 9.864616e-01 8.662588e-02 9.888077e+00 1.528407e-01 -6.502044e-02 9.861096e-01 4.411773e+02
9.814263e-01 1.557117e-01 -1.120548e-01 3.691672e+01 -1.470510e-01 9.857370e-01 8.184448e-02 9.926275e+00 1.232007e-01 -6.384655e-02 9.903258e-01 4.417147e+02
9.845129e-01 1.585148e-01 -7.488248e-02 3.688363e+01 -1.526259e-01 9.851412e-01 7.875324e-02 9.954756e+00 8.625338e-02 -6.610457e-02 9.940777e-01 4.422442e+02
9.867747e-01 1.591879e-01 -3.057616e-02 3.689858e+01 -1.566039e-01 9.849094e-01 7.367894e-02 9.981100e+00 4.184354e-02 -6.791617e-02 9.968132e-01 4.427432e+02
9.873851e-01 1.570137e-01 2.042876e-02 3.694702e+01 -1.580397e-01 9.851973e-01 6.640593e-02 9.994028e+00 -9.699713e-03 -6.879678e-02 9.975835e-01 4.432219e+02
9.845037e-01 1.582155e-01 7.563277e-02 3.702459e+01 -1.626621e-01 9.850490e-01 5.674041e-02 1.000399e+01 -6.552477e-02 -6.816374e-02 9.955201e-01 4.436898e+02
9.779649e-01 1.583368e-01 1.360663e-01 3.712789e+01 -1.656778e-01 9.851815e-01 4.436563e-02 1.001314e+01 -1.270253e-01 -6.593120e-02 9.897058e-01 4.441540e+02
9.678686e-01 1.535588e-01 1.991230e-01 3.728337e+01 -1.633950e-01 9.859801e-01 3.384307e-02 1.001470e+01 -1.911344e-01 -6.529135e-02 9.793899e-01 4.446036e+02
9.537567e-01 1.423638e-01 2.647275e-01 3.746292e+01 -1.539260e-01 9.878066e-01 2.334488e-02 1.001183e+01 -2.581761e-01 -6.301377e-02 9.640407e-01 4.450294e+02
9.334240e-01 1.350887e-01 3.323713e-01 3.765617e+01 -1.475682e-01 9.889733e-01 1.246968e-02 1.000478e+01 -3.270218e-01 -6.068694e-02 9.430662e-01 4.454231e+02
9.069286e-01 1.308137e-01 4.004601e-01 3.787216e+01 -1.428001e-01 9.897515e-01 9.091422e-05 9.992966e+00 -3.963441e-01 -5.726819e-02 9.163142e-01 4.458066e+02
8.747015e-01 1.304571e-01 4.667742e-01 3.810537e+01 -1.423171e-01 9.897712e-01 -9.935733e-03 9.978508e+00 -4.632959e-01 -5.773916e-02 8.843207e-01 4.461718e+02
8.391367e-01 1.247538e-01 5.294205e-01 3.836987e+01 -1.372052e-01 9.904148e-01 -1.591201e-02 9.956698e+00 -5.263310e-01 -5.928688e-02 8.482103e-01 4.465163e+02
8.005789e-01 1.185105e-01 5.873915e-01 3.866477e+01 -1.320813e-01 9.910385e-01 -1.993052e-02 9.932688e+00 -5.844896e-01 -6.162746e-02 8.090575e-01 4.468376e+02
7.578658e-01 1.109189e-01 6.429124e-01 3.898136e+01 -1.241981e-01 9.919492e-01 -2.473192e-02 9.914965e+00 -6.404797e-01 -6.110502e-02 7.655403e-01 4.471362e+02
7.120795e-01 1.041553e-01 6.943302e-01 3.931739e+01 -1.166456e-01 9.927416e-01 -2.929199e-02 9.895104e+00 -6.923414e-01 -6.013233e-02 7.190602e-01 4.474143e+02
6.638948e-01 9.782124e-02 7.414005e-01 3.966131e+01 -1.062456e-01 9.936891e-01 -3.596974e-02 9.872311e+00 -7.402402e-01 -5.489043e-02 6.700981e-01 4.476576e+02
6.124820e-01 9.611468e-02 7.846195e-01 4.001902e+01 -9.890031e-02 9.940986e-01 -4.457295e-02 9.839099e+00 -7.842732e-01 -5.029898e-02 6.183733e-01 4.478766e+02
5.587387e-01 9.429367e-02 8.239659e-01 4.037323e+01 -9.266718e-02 9.943923e-01 -5.095861e-02 9.808530e+00 -8.241504e-01 -4.788204e-02 5.643434e-01 4.480623e+02
5.031963e-01 9.247370e-02 8.592102e-01 4.074267e+01 -9.198408e-02 9.943412e-01 -5.314691e-02 9.777006e+00 -8.592627e-01 -5.229033e-02 5.088549e-01 4.482451e+02
4.459406e-01 9.231161e-02 8.902896e-01 4.113184e+01 -9.441657e-02 9.939695e-01 -5.576920e-02 9.748901e+00 -8.900688e-01 -5.918833e-02 4.519671e-01 4.484106e+02
3.884060e-01 9.597280e-02 9.164769e-01 4.153052e+01 -9.511399e-02 9.934249e-01 -6.372110e-02 9.720079e+00 -9.165665e-01 -6.242012e-02 3.949805e-01 4.485493e+02
3.337968e-01 9.713951e-02 9.376266e-01 4.193242e+01 -8.480360e-02 9.937374e-01 -7.276244e-02 9.677676e+00 -9.388227e-01 -5.522624e-02 3.399441e-01 4.486388e+02
2.834766e-01 9.572248e-02 9.541898e-01 4.235262e+01 -7.109378e-02 9.943655e-01 -7.863185e-02 9.620096e+00 -9.563403e-01 -4.554667e-02 2.886846e-01 4.487034e+02
2.370167e-01 9.817514e-02 9.665323e-01 4.282958e+01 -6.605367e-02 9.942072e-01 -8.478827e-02 9.568348e+00 -9.692574e-01 -4.374678e-02 2.421285e-01 4.488073e+02
1.948096e-01 1.036871e-01 9.753452e-01 4.329871e+01 -6.855025e-02 9.934045e-01 -9.191516e-02 9.519224e+00 -9.784427e-01 -4.895420e-02 2.006325e-01 4.488868e+02
1.560612e-01 1.072549e-01 9.819070e-01 4.378821e+01 -6.974506e-02 9.928024e-01 -9.735993e-02 9.465303e+00 -9.852820e-01 -5.328905e-02 1.624184e-01 4.489699e+02
1.227686e-01 1.098491e-01 9.863372e-01 4.430726e+01 -6.869776e-02 9.924121e-01 -1.019749e-01 9.408579e+00 -9.900548e-01 -5.523983e-02 1.293835e-01 4.490361e+02
9.692081e-02 1.087146e-01 9.893369e-01 4.485007e+01 -6.196097e-02 9.927476e-01 -1.030194e-01 9.367503e+00 -9.933616e-01 -5.131556e-02 1.029540e-01 4.490861e+02
7.744658e-02 1.086140e-01 9.910626e-01 4.538544e+01 -5.687324e-02 9.929108e-01 -1.043722e-01 9.303694e+00 -9.953730e-01 -4.828167e-02 8.307477e-02 4.491185e+02
6.363248e-02 1.098241e-01 9.919121e-01 4.592911e+01 -5.210198e-02 9.929365e-01 -1.065951e-01 9.238681e+00 -9.966124e-01 -4.489767e-02 6.890507e-02 4.491477e+02
5.752362e-02 1.100178e-01 9.922636e-01 4.646635e+01 -4.891702e-02 9.930262e-01 -1.072665e-01 9.186211e+00 -9.971450e-01 -4.236823e-02 6.250420e-02 4.491770e+02
5.740616e-02 1.085632e-01 9.924306e-01 4.702386e+01 -4.939733e-02 9.931613e-01 -1.057858e-01 9.124032e+00 -9.971281e-01 -4.295067e-02 6.237630e-02 4.491990e+02
5.989531e-02 1.067866e-01 9.924763e-01 4.759382e+01 -5.109185e-02 9.932860e-01 -1.037904e-01 9.059070e+00 -9.968963e-01 -4.449089e-02 6.494910e-02 4.492237e+02
6.214943e-02 1.051384e-01 9.925137e-01 4.821405e+01 -5.372621e-02 9.933466e-01 -1.018624e-01 8.985209e+00 -9.966198e-01 -4.699331e-02 6.738461e-02 4.492759e+02
6.456694e-02 1.050190e-01 9.923720e-01 4.884256e+01 -5.272484e-02 9.934170e-01 -1.016991e-01 8.909694e+00 -9.965195e-01 -4.575625e-02 6.967901e-02 4.493358e+02
6.716914e-02 1.034585e-01 9.923632e-01 4.948863e+01 -5.112498e-02 9.936597e-01 -1.001332e-01 8.844131e+00 -9.964309e-01 -4.400868e-02 7.203258e-02 4.493879e+02
6.934005e-02 1.037832e-01 9.921799e-01 5.011956e+01 -5.151555e-02 9.936193e-01 -1.003336e-01 8.782625e+00 -9.962621e-01 -4.415556e-02 7.424407e-02 4.494402e+02
7.217765e-02 1.029305e-01 9.920664e-01 5.076999e+01 -5.216270e-02 9.936890e-01 -9.930374e-02 8.716785e+00 -9.960268e-01 -4.458135e-02 7.709126e-02 4.494880e+02
7.552335e-02 1.042367e-01 9.916809e-01 5.143831e+01 -5.175543e-02 9.935904e-01 -1.004958e-01 8.643401e+00 -9.958000e-01 -4.373508e-02 8.043409e-02 4.495375e+02
7.803769e-02 1.083379e-01 9.910464e-01 5.211778e+01 -5.449179e-02 9.930554e-01 -1.042667e-01 8.561802e+00 -9.954601e-01 -4.586716e-02 8.339928e-02 4.495963e+02
8.063280e-02 1.147006e-01 9.901223e-01 5.282143e+01 -5.470549e-02 9.923688e-01 -1.105058e-01 8.483965e+00 -9.952415e-01 -4.525473e-02 8.629222e-02 4.496608e+02
8.286364e-02 1.190167e-01 9.894284e-01 5.354339e+01 -5.725743e-02 9.917714e-01 -1.145033e-01 8.404343e+00 -9.949147e-01 -4.716397e-02 8.899639e-02 4.497351e+02
8.475188e-02 1.171384e-01 9.894926e-01 5.430931e+01 -5.934888e-02 9.918959e-01 -1.123396e-01 8.320240e+00 -9.946330e-01 -4.920429e-02 9.101708e-02 4.498203e+02
8.589959e-02 1.125969e-01 9.899208e-01 5.506462e+01 -6.395929e-02 9.921670e-01 -1.073024e-01 8.229680e+00 -9.942487e-01 -5.409740e-02 9.242836e-02 4.498979e+02
8.734529e-02 1.067827e-01 9.904384e-01 5.582030e+01 -6.586221e-02 9.926819e-01 -1.012163e-01 8.138821e+00 -9.939985e-01 -5.639170e-02 9.373904e-02 4.499715e+02
8.935887e-02 1.043276e-01 9.905204e-01 5.662330e+01 -6.459175e-02 9.930125e-01 -9.876303e-02 8.052583e+00 -9.939029e-01 -5.515410e-02 9.547317e-02 4.500606e+02
9.066629e-02 1.044799e-01 9.903856e-01 5.742838e+01 -6.563988e-02 9.929459e-01 -9.874093e-02 7.968061e+00 -9.937158e-01 -5.605632e-02 9.688477e-02 4.501464e+02
9.237186e-02 1.031901e-01 9.903632e-01 5.824518e+01 -6.650289e-02 9.930341e-01 -9.726563e-02 7.885763e+00 -9.935013e-01 -5.687740e-02 9.859085e-02 4.502308e+02
9.342763e-02 1.001907e-01 9.905721e-01 5.909612e+01 -6.469278e-02 9.934322e-01 -9.437839e-02 7.800487e+00 -9.935221e-01 -5.526531e-02 9.929563e-02 4.503251e+02
9.435984e-02 9.830832e-02 9.906723e-01 5.992102e+01 -6.370774e-02 9.936690e-01 -9.253764e-02 7.705294e+00 -9.934976e-01 -5.438166e-02 1.000255e-01 4.503992e+02
9.470361e-02 1.020419e-01 9.902619e-01 6.077146e+01 -6.353629e-02 9.933243e-01 -9.628112e-02 7.613219e+00 -9.934759e-01 -5.379940e-02 1.005548e-01 4.504905e+02
9.424062e-02 1.119536e-01 9.892346e-01 6.162324e+01 -6.791898e-02 9.920648e-01 -1.058035e-01 7.521956e+00 -9.932299e-01 -5.721682e-02 1.010966e-01 4.505875e+02
9.308859e-02 1.218032e-01 9.881794e-01 6.250594e+01 -6.946441e-02 9.908650e-01 -1.155905e-01 7.421227e+00 -9.932317e-01 -5.788313e-02 1.006992e-01 4.506936e+02
9.087275e-02 1.249609e-01 9.879914e-01 6.334416e+01 -7.295323e-02 9.902658e-01 -1.185386e-01 7.314545e+00 -9.931868e-01 -6.130523e-02 9.910448e-02 4.507764e+02
8.780704e-02 1.208571e-01 9.887788e-01 6.423613e+01 -7.698800e-02 9.904671e-01 -1.142266e-01 7.202605e+00 -9.931580e-01 -6.609420e-02 9.627453e-02 4.508709e+02
8.556176e-02 1.112228e-01 9.901054e-01 6.514965e+01 -7.771758e-02 9.914668e-01 -1.046597e-01 7.087250e+00 -9.932971e-01 -6.799373e-02 9.347561e-02 4.509552e+02
8.209921e-02 1.057732e-01 9.909953e-01 6.603381e+01 -7.811979e-02 9.919757e-01 -9.940600e-02 6.986835e+00 -9.935578e-01 -6.925519e-02 8.970340e-02 4.510388e+02
7.940995e-02 1.044103e-01 9.913589e-01 6.693640e+01 -7.545094e-02 9.922763e-01 -9.846317e-02 6.888292e+00 -9.939825e-01 -6.698001e-02 8.667447e-02 4.511255e+02
7.821330e-02 1.043563e-01 9.914597e-01 6.783495e+01 -7.242725e-02 9.924731e-01 -9.874944e-02 6.792768e+00 -9.943023e-01 -6.408519e-02 8.518284e-02 4.511962e+02
7.715027e-02 1.070242e-01 9.912586e-01 6.874389e+01 -6.883548e-02 9.924213e-01 -1.017922e-01 6.693793e+00 -9.946404e-01 -6.038046e-02 8.393263e-02 4.512620e+02
7.717447e-02 1.072985e-01 9.912271e-01 6.969044e+01 -6.805768e-02 9.924401e-01 -1.021311e-01 6.592918e+00 -9.946920e-01 -5.957871e-02 8.389353e-02 4.513391e+02
7.715249e-02 1.072160e-01 9.912377e-01 7.065969e+01 -7.195315e-02 9.922075e-01 -1.017204e-01 6.482741e+00 -9.944195e-01 -6.347469e-02 8.426581e-02 4.514336e+02
7.755208e-02 1.073940e-01 9.911873e-01 7.158036e+01 -7.466381e-02 9.920152e-01 -1.016419e-01 6.378839e+00 -9.941886e-01 -6.612327e-02 8.495129e-02 4.515076e+02
7.811249e-02 1.070498e-01 9.911805e-01 7.250888e+01 -7.504884e-02 9.920286e-01 -1.012270e-01 6.276475e+00 -9.941157e-01 -6.647986e-02 8.552378e-02 4.515887e+02
7.838055e-02 1.059293e-01 9.912797e-01 7.346678e+01 -7.864050e-02 9.918973e-01 -9.977720e-02 6.171631e+00 -9.938170e-01 -7.013414e-02 8.607578e-02 4.516826e+02
7.850116e-02 1.053117e-01 9.913360e-01 7.443475e+01 -7.973494e-02 9.918822e-01 -9.905575e-02 6.061280e+00 -9.937202e-01 -7.126813e-02 8.626092e-02 4.517829e+02
7.921088e-02 1.088891e-01 9.908929e-01 7.537660e+01 -8.145321e-02 9.913994e-01 -1.024335e-01 5.971148e+00 -9.935245e-01 -7.259756e-02 8.739898e-02 4.518546e+02
7.992017e-02 1.123208e-01 9.904528e-01 7.633456e+01 -8.168378e-02 9.910274e-01 -1.057948e-01 5.858422e+00 -9.934488e-01 -7.244879e-02 8.837786e-02 4.519387e+02
8.006088e-02 1.125115e-01 9.904198e-01 7.731138e+01 -8.334716e-02 9.908854e-01 -1.058270e-01 5.744779e+00 -9.932993e-01 -7.407608e-02 8.870867e-02 4.520414e+02
8.103391e-02 1.118577e-01 9.904147e-01 7.826467e+01 -8.206771e-02 9.910573e-01 -1.052157e-01 5.630574e+00 -9.933269e-01 -7.275504e-02 8.948915e-02 4.521157e+02
8.124618e-02 1.088436e-01 9.907331e-01 7.922851e+01 -8.346675e-02 9.912706e-01 -1.020579e-01 5.518716e+00 -9.931930e-01 -7.440147e-02 8.962178e-02 4.522070e+02
8.129091e-02 1.048770e-01 9.911572e-01 8.019237e+01 -7.993766e-02 9.919309e-01 -9.840270e-02 5.416976e+00 -9.934796e-01 -7.123155e-02 8.901858e-02 4.522873e+02
8.149345e-02 9.948134e-02 9.916967e-01 8.114069e+01 -7.859518e-02 9.925491e-01 -9.310823e-02 5.318605e+00 -9.935701e-01 -7.035487e-02 8.870500e-02 4.523568e+02
7.990737e-02 9.814149e-02 9.919592e-01 8.212683e+01 -7.963177e-02 9.925893e-01 -9.178908e-02 5.211397e+00 -9.936164e-01 -7.165684e-02 8.713038e-02 4.524577e+02
7.871293e-02 9.920644e-02 9.919488e-01 8.306130e+01 -8.190135e-02 9.923158e-01 -9.274413e-02 5.115153e+00 -9.935273e-01 -7.394178e-02 8.623322e-02 4.525341e+02
7.726052e-02 1.014683e-01 9.918342e-01 8.401801e+01 -7.882707e-02 9.923152e-01 -9.537716e-02 5.013433e+00 -9.938899e-01 -7.081449e-02 8.466524e-02 4.526189e+02
7.553231e-02 1.041310e-01 9.916913e-01 8.496453e+01 -7.755667e-02 9.921330e-01 -9.827030e-02 4.902392e+00 -9.941226e-01 -6.948970e-02 8.301416e-02 4.526964e+02
7.408633e-02 1.052718e-01 9.916799e-01 8.592741e+01 -7.645184e-02 9.920858e-01 -9.960331e-02 4.800294e+00 -9.943170e-01 -6.843651e-02 8.154822e-02 4.527755e+02
7.364719e-02 1.031936e-01 9.919310e-01 8.688193e+01 -7.241153e-02 9.925601e-01 -9.788277e-02 4.694439e+00 -9.946520e-01 -6.461845e-02 8.057167e-02 4.528543e+02
7.395860e-02 1.011050e-01 9.921229e-01 8.786100e+01 -6.917598e-02 9.929713e-01 -9.603465e-02 4.594144e+00 -9.948592e-01 -6.152848e-02 8.043281e-02 4.529398e+02
7.463831e-02 1.021619e-01 9.919637e-01 8.882962e+01 -6.950224e-02 9.928524e-01 -9.702388e-02 4.482961e+00 -9.947857e-01 -6.170201e-02 8.120530e-02 4.530240e+02
7.521386e-02 1.073502e-01 9.913722e-01 8.977277e+01 -7.129525e-02 9.922229e-01 -1.020333e-01 4.376778e+00 -9.946154e-01 -6.300581e-02 8.228247e-02 4.531092e+02
7.626123e-02 1.135372e-01 9.906026e-01 9.071435e+01 -7.354303e-02 9.914302e-01 -1.079704e-01 4.265784e+00 -9.943720e-01 -6.461796e-02 8.395756e-02 4.531925e+02
7.594629e-02 1.214388e-01 9.896892e-01 9.164655e+01 -8.001308e-02 9.900972e-01 -1.153488e-01 4.141811e+00 -9.938964e-01 -7.042777e-02 8.491090e-02 4.532914e+02
7.616064e-02 1.235646e-01 9.894096e-01 9.258666e+01 -8.196181e-02 9.897094e-01 -1.172930e-01 4.024698e+00 -9.937212e-01 -7.216070e-02 8.550448e-02 4.533845e+02
7.712757e-02 1.157371e-01 9.902809e-01 9.354993e+01 -7.678750e-02 9.909789e-01 -1.098381e-01 3.913760e+00 -9.940599e-01 -6.756964e-02 8.531896e-02 4.534778e+02
7.678251e-02 1.053913e-01 9.914621e-01 9.449705e+01 -7.949988e-02 9.918788e-01 -9.927879e-02 3.793987e+00 -9.938733e-01 -7.119824e-02 8.453753e-02 4.535722e+02
7.761774e-02 9.714182e-02 9.922394e-01 9.543199e+01 -7.569432e-02 9.929434e-01 -9.128957e-02 3.689839e+00 -9.941056e-01 -6.802119e-02 8.442311e-02 4.536542e+02
7.956997e-02 9.859107e-02 9.919417e-01 9.632782e+01 -7.192091e-02 9.930713e-01 -9.293411e-02 3.592503e+00 -9.942314e-01 -6.394658e-02 8.610942e-02 4.537153e+02
8.024860e-02 1.008939e-01 9.916555e-01 9.725014e+01 -6.813534e-02 9.930923e-01 -9.552634e-02 3.490187e+00 -9.944434e-01 -5.990093e-02 8.656871e-02 4.537917e+02
8.023143e-02 1.066875e-01 9.910503e-01 9.818451e+01 -6.987777e-02 9.924114e-01 -1.011770e-01 3.385458e+00 -9.943239e-01 -6.113481e-02 8.707767e-02 4.539017e+02
8.117725e-02 1.115014e-01 9.904432e-01 9.908758e+01 -7.169946e-02 9.918015e-01 -1.057778e-01 3.283943e+00 -9.941174e-01 -6.242749e-02 8.850631e-02 4.539921e+02
8.224185e-02 1.161597e-01 9.898198e-01 9.998714e+01 -7.332250e-02 9.911979e-01 -1.102293e-01 3.176357e+00 -9.939115e-01 -6.351060e-02 9.003508e-02 4.540790e+02
8.308931e-02 1.192908e-01 9.893765e-01 1.008823e+02 -7.496290e-02 9.907448e-01 -1.131603e-01 3.063643e+00 -9.937186e-01 -6.476412e-02 9.126270e-02 4.541585e+02
8.405998e-02 1.199554e-01 9.892141e-01 1.017775e+02 -7.866480e-02 9.904283e-01 -1.134179e-01 2.951347e+00 -9.933508e-01 -6.828243e-02 9.269165e-02 4.542532e+02
8.679456e-02 1.163364e-01 9.894102e-01 1.026871e+02 -8.027425e-02 9.907454e-01 -1.094515e-01 2.836363e+00 -9.929868e-01 -6.992437e-02 9.533013e-02 4.543567e+02
9.153566e-02 1.097546e-01 9.897349e-01 1.035979e+02 -8.040681e-02 9.914768e-01 -1.025113e-01 2.729674e+00 -9.925502e-01 -7.019798e-02 9.958050e-02 4.544610e+02
9.808912e-02 1.032531e-01 9.898067e-01 1.044880e+02 -7.833316e-02 9.923182e-01 -9.575232e-02 2.628208e+00 -9.920899e-01 -6.814243e-02 1.054238e-01 4.545518e+02
1.060140e-01 1.002177e-01 9.893015e-01 1.053834e+02 -7.715786e-02 9.927375e-01 -9.229755e-02 2.539395e+00 -9.913666e-01 -6.654756e-02 1.129766e-01 4.546604e+02
1.144979e-01 9.658535e-02 9.887171e-01 1.062788e+02 -7.450370e-02 9.932944e-01 -8.840463e-02 2.436056e+00 -9.906258e-01 -6.354093e-02 1.209261e-01 4.547794e+02
1.247828e-01 9.539526e-02 9.875875e-01 1.071677e+02 -7.349962e-02 9.935211e-01 -8.668165e-02 2.346168e+00 -9.894580e-01 -6.177092e-02 1.309859e-01 4.549022e+02
1.343984e-01 9.795017e-02 9.860745e-01 1.080408e+02 -7.952413e-02 9.929592e-01 -8.779521e-02 2.251486e+00 -9.877312e-01 -6.661718e-02 1.412415e-01 4.550475e+02
1.450776e-01 1.027892e-01 9.840665e-01 1.089055e+02 -8.264808e-02 9.923720e-01 -9.147224e-02 2.165578e+00 -9.859624e-01 -6.806063e-02 1.524663e-01 4.551911e+02
1.558521e-01 1.072314e-01 9.819427e-01 1.097444e+02 -8.535196e-02 9.918340e-01 -9.476467e-02 2.079905e+00 -9.840860e-01 -6.904147e-02 1.637318e-01 4.553187e+02
1.651362e-01 1.067770e-01 9.804737e-01 1.105919e+02 -8.904587e-02 9.916763e-01 -9.299948e-02 1.997350e+00 -9.822428e-01 -7.194956e-02 1.732697e-01 4.554722e+02
1.751792e-01 1.001577e-01 9.794287e-01 1.114531e+02 -9.050410e-02 9.922380e-01 -8.528021e-02 1.909317e+00 -9.803679e-01 -7.370300e-02 1.828842e-01 4.556431e+02
1.847519e-01 9.663256e-02 9.780229e-01 1.123084e+02 -9.127233e-02 9.925405e-01 -8.082529e-02 1.821658e+00 -9.785377e-01 -7.433381e-02 1.921936e-01 4.558142e+02
1.936134e-01 9.824246e-02 9.761466e-01 1.131621e+02 -9.337576e-02 9.923021e-01 -8.134782e-02 1.733262e+00 -9.766242e-01 -7.539840e-02 2.012964e-01 4.560023e+02
2.009731e-01 1.061400e-01 9.738296e-01 1.140074e+02 -9.585621e-02 9.914727e-01 -8.828072e-02 1.649335e+00 -9.748956e-01 -7.560557e-02 2.094335e-01 4.561997e+02
2.078890e-01 1.090372e-01 9.720561e-01 1.148484e+02 -9.650031e-02 9.912058e-01 -9.054722e-02 1.562581e+00 -9.733806e-01 -7.497994e-02 2.165829e-01 4.563928e+02
2.155111e-01 1.070467e-01 9.706163e-01 1.156999e+02 -9.620701e-02 9.914650e-01 -8.798466e-02 1.481356e+00 -9.717506e-01 -7.441842e-02 2.239703e-01 4.566006e+02
2.225042e-01 9.956043e-02 9.698348e-01 1.165571e+02 -9.663478e-02 9.921255e-01 -7.967832e-02 1.398703e+00 -9.701307e-01 -7.599102e-02 2.303731e-01 4.568187e+02
2.306421e-01 9.156247e-02 9.687211e-01 1.174079e+02 -9.483582e-02 9.929383e-01 -7.127207e-02 1.316228e+00 -9.684061e-01 -7.543113e-02 2.376967e-01 4.570342e+02
2.397171e-01 9.367543e-02 9.663129e-01 1.182319e+02 -9.753297e-02 9.926222e-01 -7.203049e-02 1.234267e+00 -9.659312e-01 -7.698043e-02 2.470849e-01 4.572531e+02
2.489992e-01 1.017861e-01 9.631402e-01 1.190583e+02 -1.004072e-01 9.918164e-01 -7.885852e-02 1.156414e+00 -9.632849e-01 -7.707050e-02 2.571815e-01 4.574861e+02
2.596594e-01 1.057739e-01 9.598900e-01 1.198595e+02 -9.738328e-02 9.917845e-01 -8.294532e-02 1.084246e+00 -9.607776e-01 -7.193971e-02 2.678267e-01 4.576948e+02
2.692668e-01 1.016801e-01 9.576829e-01 1.206537e+02 -9.600323e-02 9.922917e-01 -7.836189e-02 1.021818e+00 -9.582686e-01 -7.084039e-02 2.769529e-01 4.579250e+02
2.798019e-01 9.364666e-02 9.554796e-01 1.214583e+02 -9.398107e-02 9.931231e-01 -6.981476e-02 9.479563e-01 -9.554467e-01 -7.026269e-02 2.866787e-01 4.581663e+02
2.917406e-01 8.891269e-02 9.523560e-01 1.222487e+02 -9.211976e-02 9.936536e-01 -6.454870e-02 8.928235e-01 -9.520512e-01 -6.889933e-02 2.980797e-01 4.584115e+02
3.041718e-01 9.146702e-02 9.482158e-01 1.230566e+02 -8.937912e-02 9.937290e-01 -6.718599e-02 8.155377e-01 -9.484149e-01 -6.431461e-02 3.104396e-01 4.586754e+02
3.154795e-01 9.798503e-02 9.438600e-01 1.238478e+02 -8.592239e-02 9.935184e-01 -7.442119e-02 7.573434e-01 -9.450344e-01 -5.762034e-02 3.218538e-01 4.589354e+02
3.254119e-01 1.035642e-01 9.398838e-01 1.245671e+02 -8.208144e-02 9.933258e-01 -8.103420e-02 6.743742e-01 -9.420030e-01 -5.077752e-02 3.317408e-01 4.591888e+02
3.343482e-01 1.059494e-01 9.364753e-01 1.253161e+02 -8.310295e-02 9.931047e-01 -8.268617e-02 5.987959e-01 -9.387785e-01 -5.017789e-02 3.408475e-01 4.594505e+02
3.421705e-01 1.061667e-01 9.336209e-01 1.261110e+02 -8.791859e-02 9.928550e-01 -8.068051e-02 5.244466e-01 -9.355157e-01 -5.447615e-02 3.490597e-01 4.597599e+02
3.493923e-01 1.009115e-01 9.315267e-01 1.269069e+02 -8.855942e-02 9.932895e-01 -7.438580e-02 4.504655e-01 -9.327820e-01 -5.650564e-02 3.559843e-01 4.600732e+02
3.576934e-01 9.299012e-02 9.291976e-01 1.276902e+02 -8.468322e-02 9.941600e-01 -6.689258e-02 3.852876e-01 -9.299915e-01 -5.476042e-02 3.634792e-01 4.603681e+02
3.644823e-01 8.629939e-02 9.272028e-01 1.284326e+02 -8.456349e-02 9.946499e-01 -5.933521e-02 3.168282e-01 -9.273628e-01 -5.678088e-02 3.698300e-01 4.606554e+02
3.706979e-01 8.800204e-02 9.245749e-01 1.292030e+02 -9.015395e-02 9.942092e-01 -5.848370e-02 2.588526e-01 -9.243675e-01 -6.167430e-02 3.764850e-01 4.609848e+02
3.779950e-01 9.397259e-02 9.210260e-01 1.299606e+02 -8.961116e-02 9.938777e-01 -6.462868e-02 1.989844e-01 -9.214606e-01 -5.810489e-02 3.841018e-01 4.613045e+02
3.857385e-01 9.860873e-02 9.173234e-01 1.307120e+02 -8.704109e-02 9.937268e-01 -7.022064e-02 1.342915e-01 -9.184932e-01 -5.275802e-02 3.919017e-01 4.616306e+02
3.930129e-01 1.008216e-01 9.139890e-01 1.314552e+02 -8.997829e-02 9.934174e-01 -7.089287e-02 7.428238e-02 -9.151201e-01 -5.437735e-02 3.994976e-01 4.619431e+02
3.991518e-01 9.773651e-02 9.116608e-01 1.321970e+02 -9.346283e-02 9.934603e-01 -6.558522e-02 5.757910e-03 -9.121088e-01 -5.902794e-02 4.056762e-01 4.622854e+02
4.072297e-01 9.295415e-02 9.085832e-01 1.329394e+02 -9.171460e-02 9.939409e-01 -6.058005e-02 -5.928611e-02 -9.087092e-01 -5.866035e-02 4.132875e-01 4.626077e+02
4.145899e-01 9.502647e-02 9.050333e-01 1.336769e+02 -8.931283e-02 9.939804e-01 -6.345209e-02 -1.264384e-01 -9.056149e-01 -5.452448e-02 4.205813e-01 4.629512e+02
4.216296e-01 1.012477e-01 9.010979e-01 1.344045e+02 -8.973306e-02 9.935277e-01 -6.964652e-02 -1.864513e-01 -9.023173e-01 -5.149323e-02 4.279860e-01 4.632955e+02
4.296875e-01 1.059874e-01 8.967359e-01 1.351346e+02 -8.762485e-02 9.932949e-01 -7.541291e-02 -2.430836e-01 -8.987160e-01 -4.617237e-02 4.360935e-01 4.636537e+02
4.373463e-01 1.060275e-01 8.930209e-01 1.358643e+02 -8.920742e-02 9.932425e-01 -7.423848e-02 -3.081730e-01 -8.948577e-01 -4.719617e-02 4.438494e-01 4.640324e+02
4.456757e-01 1.043883e-01 8.890873e-01 1.365855e+02 -9.265722e-02 9.932226e-01 -7.016833e-02 -3.802780e-01 -8.903863e-01 -5.110804e-02 4.523275e-01 4.644097e+02
4.543705e-01 1.045809e-01 8.846526e-01 1.372995e+02 -9.526907e-02 9.930941e-01 -6.846898e-02 -4.500532e-01 -8.857038e-01 -5.316975e-02 4.611960e-01 4.647868e+02
4.631389e-01 1.061378e-01 8.799075e-01 1.380056e+02 -9.859444e-02 9.928111e-01 -6.786158e-02 -5.141641e-01 -8.807846e-01 -5.532464e-02 4.702740e-01 4.651715e+02
4.712449e-01 1.072262e-01 8.754604e-01 1.387059e+02 -9.987427e-02 9.926858e-01 -6.782339e-02 -5.759982e-01 -8.763295e-01 -5.547454e-02 4.785072e-01 4.655670e+02
4.793772e-01 1.061122e-01 8.711703e-01 1.394061e+02 -1.005394e-01 9.927681e-01 -6.559968e-02 -6.327654e-01 -8.718310e-01 -5.613994e-02 4.865788e-01 4.659762e+02
4.870111e-01 1.063002e-01 8.669028e-01 1.400934e+02 -1.040021e-01 9.925618e-01 -6.328202e-02 -6.911132e-01 -8.671815e-01 -5.934069e-02 4.944441e-01 4.663811e+02
4.950799e-01 1.067553e-01 8.622640e-01 1.407722e+02 -1.061858e-01 9.924176e-01 -6.190147e-02 -7.583995e-01 -8.623343e-01 -6.091400e-02 5.026619e-01 4.667789e+02
5.033176e-01 1.112541e-01 8.569095e-01 1.414308e+02 -1.087039e-01 9.919509e-01 -6.493810e-02 -8.259357e-01 -8.572368e-01 -6.046488e-02 5.113601e-01 4.671776e+02
5.124184e-01 1.151049e-01 8.509866e-01 1.420935e+02 -1.065063e-01 9.918432e-01 -7.002480e-02 -8.791412e-01 -8.521055e-01 -5.475346e-02 5.204981e-01 4.675976e+02
5.200456e-01 1.183746e-01 8.458960e-01 1.427499e+02 -1.075056e-01 9.915455e-01 -7.266385e-02 -9.401170e-01 -8.473459e-01 -5.315001e-02 5.283748e-01 4.680271e+02
5.273380e-01 1.154488e-01 8.417756e-01 1.434037e+02 -1.093455e-01 9.917085e-01 -6.751148e-02 -1.002477e+00 -8.425901e-01 -5.644301e-02 5.355894e-01 4.684628e+02
5.351705e-01 1.070757e-01 8.379304e-01 1.440573e+02 -1.095458e-01 9.923550e-01 -5.684415e-02 -1.060227e+00 -8.376110e-01 -6.137047e-02 5.428088e-01 4.688962e+02
5.433239e-01 9.716397e-02 8.338815e-01 1.447054e+02 -1.073864e-01 9.931640e-01 -4.575488e-02 -1.111560e+00 -8.326268e-01 -6.468783e-02 5.500438e-01 4.693285e+02
5.511740e-01 9.241841e-02 8.292563e-01 1.453328e+02 -1.057007e-01 9.935739e-01 -4.047607e-02 -1.159412e+00 -8.276682e-01 -6.534363e-02 5.574008e-01 4.697578e+02
5.590656e-01 9.305130e-02 8.238854e-01 1.459535e+02 -1.048167e-01 9.936420e-01 -4.109827e-02 -1.198920e+00 -8.224714e-01 -6.338033e-02 5.652643e-01 4.701952e+02
5.669228e-01 9.810336e-02 8.179085e-01 1.465472e+02 -1.066262e-01 9.932699e-01 -4.523037e-02 -1.238236e+00 -8.168411e-01 -6.156832e-02 5.735677e-01 4.706088e+02
5.741719e-01 1.014735e-01 8.124221e-01 1.471285e+02 -1.080234e-01 9.930041e-01 -4.768404e-02 -1.273014e+00 -8.115772e-01 -6.038180e-02 5.811166e-01 4.710298e+02
5.814963e-01 1.038108e-01 8.068986e-01 1.476837e+02 -1.095585e-01 9.927831e-01 -4.877167e-02 -1.316492e+00 -8.061383e-01 -6.004205e-02 5.886731e-01 4.714280e+02
5.889509e-01 1.036159e-01 8.014990e-01 1.482305e+02 -1.100943e-01 9.927880e-01 -4.744670e-02 -1.356975e+00 -8.006348e-01 -6.029665e-02 5.961109e-01 4.718156e+02
5.944247e-01 1.029590e-01 7.975329e-01 1.487591e+02 -1.120151e-01 9.927021e-01 -4.466659e-02 -1.410012e+00 -7.963115e-01 -6.278477e-02 6.016196e-01 4.722037e+02
5.986374e-01 1.042032e-01 7.942134e-01 1.492755e+02 -1.144097e-01 9.924598e-01 -4.397759e-02 -1.444178e+00 -7.928075e-01 -6.453904e-02 6.060454e-01 4.725904e+02
6.011667e-01 1.040807e-01 7.923168e-01 1.497794e+02 -1.152144e-01 9.924118e-01 -4.294731e-02 -1.486189e+00 -7.907745e-01 -6.546778e-02 6.085965e-01 4.729751e+02
6.027552e-01 1.054411e-01 7.909288e-01 1.502519e+02 -1.176834e-01 9.921379e-01 -4.258006e-02 -1.544796e+00 -7.892001e-01 -6.741382e-02 6.104249e-01 4.733309e+02
6.022149e-01 1.091877e-01 7.908320e-01 1.507185e+02 -1.197931e-01 9.917462e-01 -4.570541e-02 -1.586887e+00 -7.892952e-01 -6.721177e-02 6.103243e-01 4.736982e+02
5.996395e-01 1.139847e-01 7.921111e-01 1.511654e+02 -1.230523e-01 9.911661e-01 -4.947636e-02 -1.625570e+00 -7.907532e-01 -6.780310e-02 6.083684e-01 4.740489e+02
5.954120e-01 1.153718e-01 7.950937e-01 1.516015e+02 -1.245854e-01 9.909234e-01 -5.049092e-02 -1.686179e+00 -7.937021e-01 -6.899413e-02 6.043813e-01 4.743852e+02
5.891489e-01 1.157706e-01 7.996879e-01 1.520248e+02 -1.263606e-01 9.907067e-01 -5.033150e-02 -1.731778e+00 -7.980830e-01 -7.139629e-02 5.983026e-01 4.746917e+02
5.804000e-01 1.124869e-01 8.065250e-01 1.524399e+02 -1.267153e-01 9.908249e-01 -4.700316e-02 -1.759724e+00 -8.044123e-01 -7.491845e-02 5.893285e-01 4.749822e+02
5.708537e-01 1.045627e-01 8.143664e-01 1.528376e+02 -1.241802e-01 9.914430e-01 -4.025126e-02 -1.800223e+00 -8.116067e-01 -7.815057e-02 5.789535e-01 4.752554e+02
5.596517e-01 9.816670e-02 8.228932e-01 1.532190e+02 -1.212002e-01 9.919784e-01 -3.590910e-02 -1.828815e+00 -8.198173e-01 -7.963821e-02 5.670602e-01 4.755029e+02
5.476739e-01 9.275698e-02 8.315344e-01 1.535797e+02 -1.167633e-01 9.925838e-01 -3.381807e-02 -1.858981e+00 -8.285044e-01 -7.857139e-02 5.544429e-01 4.757367e+02
5.350671e-01 8.984044e-02 8.400190e-01 1.539261e+02 -1.116115e-01 9.931310e-01 -3.512263e-02 -1.890370e+00 -8.374044e-01 -7.496283e-02 5.414190e-01 4.759389e+02
5.212463e-01 9.066573e-02 8.485765e-01 1.542652e+02 -1.085584e-01 9.933071e-01 -3.944637e-02 -1.916401e+00 -8.464735e-01 -7.155881e-02 5.276002e-01 4.761229e+02
5.048481e-01 9.413300e-02 8.580602e-01 1.545978e+02 -1.034383e-01 9.934707e-01 -4.812916e-02 -1.946765e+00 -8.569883e-01 -6.445841e-02 5.112888e-01 4.763067e+02
4.866415e-01 1.019621e-01 8.676311e-01 1.549424e+02 -1.035217e-01 9.928983e-01 -5.861944e-02 -1.970093e+00 -8.674464e-01 -6.129203e-02 4.937408e-01 4.764823e+02
4.645879e-01 1.082893e-01 8.788808e-01 1.552768e+02 -1.053107e-01 9.922078e-01 -6.658395e-02 -1.993915e+00 -8.792427e-01 -6.162146e-02 4.723717e-01 4.766479e+02
4.386735e-01 1.121121e-01 8.916257e-01 1.556267e+02 -1.074777e-01 9.916110e-01 -7.180594e-02 -2.006675e+00 -8.921962e-01 -6.433048e-02 4.470431e-01 4.768064e+02
4.098450e-01 1.110797e-01 9.053664e-01 1.559791e+02 -1.049582e-01 9.917077e-01 -7.415999e-02 -2.034713e+00 -9.060965e-01 -6.463151e-02 4.181051e-01 4.769404e+02
3.813128e-01 1.083662e-01 9.180726e-01 1.563314e+02 -9.890429e-02 9.921878e-01 -7.603553e-02 -2.064575e+00 -9.191401e-01 -6.180800e-02 3.890517e-01 4.770182e+02
3.472873e-01 1.059854e-01 9.317503e-01 1.566843e+02 -9.296094e-02 9.925896e-01 -7.825688e-02 -2.099182e+00 -9.331397e-01 -5.943876e-02 3.545663e-01 4.771120e+02
3.119062e-01 1.019266e-01 9.446298e-01 1.570290e+02 -8.466912e-02 9.932552e-01 -7.921657e-02 -2.139117e+00 -9.463327e-01 -5.527284e-02 3.184325e-01 4.771916e+02
2.753343e-01 1.003939e-01 9.560921e-01 1.573821e+02 -7.890234e-02 9.935368e-01 -8.160354e-02 -2.179446e+00 -9.581051e-01 -5.296965e-02 2.814760e-01 4.772544e+02
2.341728e-01 1.028259e-01 9.667419e-01 1.577379e+02 -7.707850e-02 9.932244e-01 -8.697199e-02 -2.224224e+00 -9.691347e-01 -5.414855e-02 2.405118e-01 4.773405e+02
1.918409e-01 1.078124e-01 9.754863e-01 1.580855e+02 -7.943308e-02 9.923927e-01 -9.405944e-02 -2.262638e+00 -9.782062e-01 -5.944143e-02 1.989454e-01 4.773894e+02
1.472607e-01 1.130928e-01 9.826110e-01 1.584376e+02 -8.042461e-02 9.915213e-01 -1.020653e-01 -2.298866e+00 -9.858226e-01 -6.399590e-02 1.551076e-01 4.774157e+02
9.839793e-02 1.153190e-01 9.884429e-01 1.588263e+02 -7.584071e-02 9.912434e-01 -1.080959e-01 -2.350299e+00 -9.922530e-01 -6.432780e-02 1.062822e-01 4.774635e+02
5.026002e-02 1.174298e-01 9.918085e-01 1.591897e+02 -7.207392e-02 9.909009e-01 -1.136699e-01 -2.406740e+00 -9.961322e-01 -6.577047e-02 5.826632e-02 4.774363e+02
-1.129202e-05 1.199524e-01 9.927796e-01 1.595777e+02 -6.329551e-02 9.907889e-01 -1.197126e-01 -2.448223e+00 -9.979948e-01 -6.283985e-02 7.581260e-03 4.774006e+02
-5.040070e-02 1.178467e-01 9.917520e-01 1.599700e+02 -5.586095e-02 9.911269e-01 -1.206112e-01 -2.491947e+00 -9.971656e-01 -6.147909e-02 -4.337046e-02 4.773403e+02
-1.033319e-01 1.130172e-01 9.882053e-01 1.603749e+02 -5.328674e-02 9.914679e-01 -1.189623e-01 -2.541678e+00 -9.932185e-01 -6.495084e-02 -9.642796e-02 4.772745e+02
-1.569526e-01 1.077738e-01 9.817080e-01 1.607890e+02 -5.217725e-02 9.917348e-01 -1.172165e-01 -2.589557e+00 -9.862269e-01 -6.962026e-02 -1.500320e-01 4.771920e+02
-2.106609e-01 1.038089e-01 9.720317e-01 1.611952e+02 -4.912488e-02 9.919652e-01 -1.165842e-01 -2.638768e+00 -9.763241e-01 -7.231067e-02 -2.038687e-01 4.770737e+02
-2.651029e-01 1.003805e-01 9.589808e-01 1.616037e+02 -4.494442e-02 9.921988e-01 -1.162821e-01 -2.696486e+00 -9.631721e-01 -7.392756e-02 -2.585233e-01 4.769298e+02
-3.211350e-01 9.799250e-02 9.419500e-01 1.620154e+02 -3.974388e-02 9.923615e-01 -1.167866e-01 -2.751556e+00 -9.461991e-01 -7.494101e-02 -3.147874e-01 4.767662e+02
-3.772931e-01 9.656054e-02 9.210461e-01 1.624447e+02 -3.502798e-02 9.923498e-01 -1.183846e-01 -2.807369e+00 -9.254312e-01 -7.692807e-02 -3.710245e-01 4.765728e+02
-4.328032e-01 9.545058e-02 8.964210e-01 1.628690e+02 -3.157300e-02 9.921638e-01 -1.208891e-01 -2.868200e+00 -9.009353e-01 -8.062389e-02 -4.263980e-01 4.763449e+02
-4.866216e-01 9.468280e-02 8.684668e-01 1.633063e+02 -2.718914e-02 9.919865e-01 -1.233840e-01 -2.927314e+00 -8.731897e-01 -8.365417e-02 -4.801477e-01 4.760840e+02
-5.360216e-01 9.342543e-02 8.390188e-01 1.637459e+02 -2.195203e-02 9.919790e-01 -1.244821e-01 -2.988777e+00 -8.439188e-01 -8.514325e-02 -5.296712e-01 4.757775e+02
-5.785726e-01 9.209400e-02 8.104150e-01 1.641830e+02 -1.404958e-02 9.923324e-01 -1.227970e-01 -3.057052e+00 -8.155099e-01 -8.243299e-02 -5.728424e-01 4.754387e+02
-6.148454e-01 9.224935e-02 7.832338e-01 1.646126e+02 -6.619893e-03 9.924966e-01 -1.220930e-01 -3.127335e+00 -7.886199e-01 -8.025324e-02 -6.096212e-01 4.750731e+02
-6.441267e-01 9.222064e-02 7.593393e-01 1.650697e+02 -1.145325e-03 9.925883e-01 -1.215199e-01 -3.198199e+00 -7.649180e-01 -7.914392e-02 -6.392470e-01 4.746635e+02
-6.674516e-01 9.224047e-02 7.389182e-01 1.655319e+02 3.492980e-03 9.926753e-01 -1.207623e-01 -3.272637e+00 -7.446450e-01 -7.802196e-02 -6.628849e-01 4.742219e+02
-6.861675e-01 9.245010e-02 7.215450e-01 1.660149e+02 7.139605e-03 9.926994e-01 -1.204030e-01 -3.348856e+00 -7.274085e-01 -7.746509e-02 -6.818181e-01 4.737540e+02
-7.010509e-01 9.286817e-02 7.070383e-01 1.664839e+02 9.996440e-03 9.926663e-01 -1.204731e-01 -3.428315e+00 -7.130412e-01 -7.738989e-02 -6.968379e-01 4.732683e+02
-7.135273e-01 9.340311e-02 6.943736e-01 1.669914e+02 1.251637e-02 9.926151e-01 -1.206592e-01 -3.523638e+00 -7.005156e-01 -7.740259e-02 -7.094270e-01 4.727491e+02
-7.237409e-01 9.420883e-02 6.836108e-01 1.674895e+02 1.508262e-02 9.925602e-01 -1.208173e-01 -3.612210e+00 -6.899069e-01 -7.712979e-02 -7.197773e-01 4.722122e+02
-7.326435e-01 9.418716e-02 6.740640e-01 1.679995e+02 1.583487e-02 9.924692e-01 -1.214670e-01 -3.704666e+00 -6.804284e-01 -7.831829e-02 -7.286175e-01 4.716436e+02
-7.402425e-01 9.459267e-02 6.656525e-01 1.685374e+02 1.799839e-02 9.924866e-01 -1.210223e-01 -3.796576e+00 -6.720990e-01 -7.760517e-02 -7.363833e-01 4.710417e+02
-7.457190e-01 9.311207e-02 6.597222e-01 1.690668e+02 2.075973e-02 9.929528e-01 -1.166779e-01 -3.892969e+00 -6.659371e-01 -7.331324e-02 -7.423967e-01 4.704436e+02
-7.496394e-01 9.158365e-02 6.554793e-01 1.696069e+02 2.182731e-02 9.932621e-01 -1.138159e-01 -3.986308e+00 -6.614864e-01 -7.101352e-02 -7.465874e-01 4.698269e+02
-7.516730e-01 9.189628e-02 6.531024e-01 1.701484e+02 2.400001e-02 9.934007e-01 -1.121565e-01 -4.079724e+00 -6.590992e-01 -6.863053e-02 -7.489180e-01 4.691917e+02
-7.534094e-01 9.450727e-02 6.507247e-01 1.707209e+02 2.532775e-02 9.930541e-01 -1.149006e-01 -4.175875e+00 -6.570638e-01 -7.008580e-02 -7.505699e-01 4.685447e+02
-7.544512e-01 9.637961e-02 6.492414e-01 1.712693e+02 2.383530e-02 9.925308e-01 -1.196430e-01 -4.278265e+00 -6.559232e-01 -7.478992e-02 -7.511133e-01 4.678970e+02
-7.560630e-01 9.588171e-02 6.474376e-01 1.718609e+02 2.110229e-02 9.922680e-01 -1.223063e-01 -4.390906e+00 -6.541586e-01 -7.880884e-02 -7.522404e-01 4.672230e+02
-7.573424e-01 9.504961e-02 6.460635e-01 1.724695e+02 2.233096e-02 9.925413e-01 -1.198465e-01 -4.504487e+00 -6.526360e-01 -7.633766e-02 -7.538162e-01 4.665143e+02
-7.590187e-01 9.176086e-02 6.445701e-01 1.730803e+02 2.266034e-02 9.931417e-01 -1.146996e-01 -4.622883e+00 -6.506744e-01 -7.245295e-02 -7.558925e-01 4.658013e+02
-7.603660e-01 9.110264e-02 6.430737e-01 1.737206e+02 2.423807e-02 9.934042e-01 -1.120741e-01 -4.737887e+00 -6.490424e-01 -6.963050e-02 -7.575589e-01 4.650453e+02
-7.613640e-01 9.200257e-02 6.417635e-01 1.743652e+02 2.569007e-02 9.933837e-01 -1.119328e-01 -4.854583e+00 -6.478155e-01 -6.873463e-02 -7.586901e-01 4.642916e+02
-7.612679e-01 9.231060e-02 6.418333e-01 1.749987e+02 2.807232e-02 9.935789e-01 -1.096037e-01 -4.974908e+00 -6.478296e-01 -6.542003e-02 -7.589711e-01 4.635370e+02
-7.612044e-01 9.438510e-02 6.416068e-01 1.756436e+02 2.971257e-02 9.933891e-01 -1.108838e-01 -5.091625e+00 -6.478310e-01 -6.534145e-02 -7.589766e-01 4.627754e+02
-7.605776e-01 9.788610e-02 6.418255e-01 1.763034e+02 3.296242e-02 9.931161e-01 -1.124009e-01 -5.214813e+00 -6.484097e-01 -6.433352e-02 -7.585684e-01 4.620012e+02
-7.596391e-01 9.957612e-02 6.426765e-01 1.769562e+02 3.347246e-02 9.928853e-01 -1.142732e-01 -5.332902e+00 -6.494829e-01 -6.529440e-02 -7.575675e-01 4.612390e+02
-7.579667e-01 1.008440e-01 6.444509e-01 1.776085e+02 3.448377e-02 9.927906e-01 -1.147946e-01 -5.460018e+00 -6.513811e-01 -6.478736e-02 -7.559797e-01 4.604725e+02
-7.567394e-01 1.012355e-01 6.458304e-01 1.782612e+02 3.522002e-02 9.928151e-01 -1.143578e-01 -5.587671e+00 -6.527672e-01 -6.379291e-02 -7.548678e-01 4.597203e+02
-7.555921e-01 1.002028e-01 6.473330e-01 1.789260e+02 3.477636e-02 9.929733e-01 -1.131134e-01 -5.715339e+00 -6.541187e-01 -6.295568e-02 -7.537674e-01 4.589544e+02
-7.545304e-01 9.966904e-02 6.486524e-01 1.795948e+02 3.497175e-02 9.931022e-01 -1.119155e-01 -5.840071e+00 -6.553326e-01 -6.175918e-02 -7.528114e-01 4.581924e+02
-7.532316e-01 1.000185e-01 6.501065e-01 1.802266e+02 3.545479e-02 9.931081e-01 -1.117102e-01 -5.966055e+00 -6.567991e-01 -6.109429e-02 -7.515866e-01 4.574565e+02
-7.521815e-01 9.929518e-02 6.514319e-01 1.808924e+02 3.406576e-02 9.931193e-01 -1.120429e-01 -6.091662e+00 -6.580749e-01 -6.208507e-02 -7.503885e-01 4.566974e+02
-7.512868e-01 9.716040e-02 6.527848e-01 1.815520e+02 3.344659e-02 9.934383e-01 -1.093697e-01 -6.211635e+00 -6.591278e-01 -6.033458e-02 -7.496067e-01 4.559425e+02
-7.497974e-01 9.807501e-02 6.543586e-01 1.821940e+02 3.485451e-02 9.934352e-01 -1.089576e-01 -6.332342e+00 -6.607489e-01 -5.888878e-02 -7.482934e-01 4.552099e+02
-7.487671e-01 9.950647e-02 6.553215e-01 1.828033e+02 3.446798e-02 9.931750e-01 -1.114245e-01 -6.460050e+00 -6.619364e-01 -6.084337e-02 -7.470866e-01 4.545079e+02
-7.474900e-01 1.026006e-01 6.563016e-01 1.834743e+02 3.562365e-02 9.927696e-01 -1.146278e-01 -6.573527e+00 -6.633171e-01 -6.230327e-02 -7.457404e-01 4.537508e+02
-7.470148e-01 1.026747e-01 6.568308e-01 1.841531e+02 3.484392e-02 9.926906e-01 -1.155476e-01 -6.700395e+00 -6.638936e-01 -6.342923e-02 -7.451322e-01 4.529991e+02
-7.466806e-01 1.007345e-01 6.575109e-01 1.848309e+02 3.415525e-02 9.929689e-01 -1.133414e-01 -6.833155e+00 -6.643053e-01 -6.217236e-02 -7.448712e-01 4.522445e+02
-7.466058e-01 9.681011e-02 6.581851e-01 1.854875e+02 3.170026e-02 9.934084e-01 -1.101580e-01 -6.964794e+00 -6.645110e-01 -6.137999e-02 -7.447534e-01 4.515070e+02
-7.466559e-01 9.587105e-02 6.582657e-01 1.861438e+02 3.119225e-02 9.935174e-01 -1.093171e-01 -7.089996e+00 -6.644787e-01 -6.108946e-02 -7.448061e-01 4.507718e+02
-7.467243e-01 9.534132e-02 6.582651e-01 1.868036e+02 3.026141e-02 9.935183e-01 -1.095705e-01 -7.215530e+00 -6.644450e-01 -6.189889e-02 -7.447694e-01 4.500287e+02
-7.468820e-01 9.468357e-02 6.581810e-01 1.874654e+02 2.808500e-02 9.934190e-01 -1.110398e-01 -7.338314e+00 -6.643632e-01 -6.444861e-02 -7.446260e-01 4.492767e+02
-7.475839e-01 9.338740e-02 6.575691e-01 1.880830e+02 2.869294e-02 9.936821e-01 -1.085012e-01 -7.460968e+00 -6.635473e-01 -6.224613e-02 -7.455403e-01 4.485974e+02
-7.479021e-01 9.297711e-02 6.572654e-01 1.887362e+02 2.819913e-02 9.936985e-01 -1.084813e-01 -7.579542e+00 -6.632099e-01 -6.259910e-02 -7.458110e-01 4.478660e+02
-7.484764e-01 9.329857e-02 6.565656e-01 1.893543e+02 2.887609e-02 9.937002e-01 -1.082873e-01 -7.695105e+00 -6.625324e-01 -6.209146e-02 -7.464553e-01 4.471607e+02
-7.486676e-01 9.467790e-02 6.561500e-01 1.900029e+02 3.080983e-02 9.936491e-01 -1.082226e-01 -7.813439e+00 -6.622292e-01 -6.080692e-02 -7.468299e-01 4.464103e+02
-7.491471e-01 9.512756e-02 6.555374e-01 1.906594e+02 3.157447e-02 9.936377e-01 -1.081073e-01 -7.936867e+00 -6.616507e-01 -6.029005e-02 -7.473844e-01 4.456768e+02
-7.491591e-01 9.700153e-02 6.552491e-01 1.912738e+02 3.278077e-02 9.934365e-01 -1.095871e-01 -8.057900e+00 -6.615785e-01 -6.061860e-02 -7.474218e-01 4.449581e+02
-7.491549e-01 9.665650e-02 6.553049e-01 1.918596e+02 3.140253e-02 9.933665e-01 -1.106202e-01 -8.170502e+00 -6.616501e-01 -6.229344e-02 -7.472206e-01 4.442600e+02
-7.490427e-01 9.500383e-02 6.556747e-01 1.924662e+02 3.112487e-02 9.936186e-01 -1.084131e-01 -8.286265e+00 -6.617902e-01 -6.079824e-02 -7.472197e-01 4.435717e+02
-7.485199e-01 9.067424e-02 6.568837e-01 1.931151e+02 2.952702e-02 9.941819e-01 -1.035878e-01 -8.411992e+00 -6.624547e-01 -5.814170e-02 -7.468423e-01 4.428373e+02
-7.481103e-01 8.786061e-02 6.577321e-01 1.937635e+02 2.837016e-02 9.945243e-01 -1.005812e-01 -8.531193e+00 -6.629676e-01 -5.658589e-02 -7.465065e-01 4.421108e+02
-7.479008e-01 8.602320e-02 6.582130e-01 1.944137e+02 2.854501e-02 9.948182e-01 -9.758027e-02 -8.640129e+00 -6.631964e-01 -5.419167e-02 -7.464809e-01 4.413788e+02
-7.460796e-01 8.677290e-02 6.601785e-01 1.950494e+02 2.886013e-02 9.947547e-01 -9.813375e-02 -8.746155e+00 -6.652310e-01 -5.416275e-02 -7.446704e-01 4.406645e+02
-7.443658e-01 8.687902e-02 6.620963e-01 1.956918e+02 2.618265e-02 9.945352e-01 -1.010650e-01 -8.850512e+00 -6.672586e-01 -5.789390e-02 -7.425727e-01 4.399686e+02
-7.428499e-01 8.877966e-02 6.635452e-01 1.963527e+02 2.590750e-02 9.942376e-01 -1.040211e-01 -8.961576e+00 -6.689565e-01 -6.008125e-02 -7.408694e-01 4.392592e+02
-7.409990e-01 8.911221e-02 6.655671e-01 1.970089e+02 2.599614e-02 9.942194e-01 -1.041728e-01 -9.070484e+00 -6.710028e-01 -5.988976e-02 -7.390321e-01 4.385279e+02
-7.396742e-01 8.923344e-02 6.670229e-01 1.976786e+02 2.626206e-02 9.942424e-01 -1.038859e-01 -9.181434e+00 -6.724525e-01 -5.932435e-02 -7.377589e-01 4.377966e+02
-7.382464e-01 9.223668e-02 6.681950e-01 1.983484e+02 2.733905e-02 9.938842e-01 -1.069892e-01 -9.293321e+00 -6.739768e-01 -6.071655e-02 -7.362532e-01 4.370721e+02
-7.371297e-01 9.624586e-02 6.688621e-01 1.990129e+02 2.944681e-02 9.934399e-01 -1.104987e-01 -9.404387e+00 -6.751093e-01 -6.175600e-02 -7.351283e-01 4.363527e+02
-7.364603e-01 9.626451e-02 6.695965e-01 1.997028e+02 2.985201e-02 9.934837e-01 -1.099952e-01 -9.520082e+00 -6.758218e-01 -6.101830e-02 -7.345350e-01 4.356000e+02
-7.367532e-01 9.360474e-02 6.696513e-01 2.004036e+02 2.734888e-02 9.936863e-01 -1.088094e-01 -9.647985e+00 -6.756084e-01 -6.185148e-02 -7.346616e-01 4.348449e+02
-7.387402e-01 9.002430e-02 6.679510e-01 2.011084e+02 2.415990e-02 9.939396e-01 -1.072396e-01 -9.773589e+00 -6.735571e-01 -6.308460e-02 -7.364381e-01 4.340938e+02
-7.398152e-01 8.766708e-02 6.670741e-01 2.018033e+02 1.989575e-02 9.938916e-01 -1.085523e-01 -9.894632e+00 -6.725159e-01 -6.703668e-02 -7.370404e-01 4.333403e+02
-7.412133e-01 8.300660e-02 6.661177e-01 2.025306e+02 1.539173e-02 9.941658e-01 -1.067586e-01 -1.002141e+01 -6.710931e-01 -6.887817e-02 -7.381665e-01 4.325637e+02
-7.418247e-01 8.134079e-02 6.656424e-01 2.032378e+02 1.546565e-02 9.944275e-01 -1.042823e-01 -1.014076e+01 -6.704155e-01 -6.706458e-02 -7.389488e-01 4.317919e+02
-7.419647e-01 8.108456e-02 6.655177e-01 2.039387e+02 1.725152e-02 9.946399e-01 -1.019506e-01 -1.025846e+01 -6.702170e-01 -6.416255e-02 -7.393865e-01 4.310138e+02
-7.418317e-01 8.205937e-02 6.655464e-01 2.046334e+02 2.019766e-02 9.947685e-01 -1.001385e-01 -1.038135e+01 -6.702819e-01 -6.084343e-02 -7.396082e-01 4.302335e+02
-7.417825e-01 8.427878e-02 6.653238e-01 2.053706e+02 2.326750e-02 9.947091e-01 -1.000617e-01 -1.050215e+01 -6.702368e-01 -5.874361e-02 -7.398188e-01 4.294345e+02
-7.417501e-01 8.710060e-02 6.649964e-01 2.061028e+02 2.639275e-02 9.945539e-01 -1.008267e-01 -1.061732e+01 -6.701568e-01 -5.723715e-02 -7.400093e-01 4.286455e+02
-7.419989e-01 8.714000e-02 6.647136e-01 2.068326e+02 2.559047e-02 9.944753e-01 -1.018039e-01 -1.074637e+01 -6.699125e-01 -5.852809e-02 -7.401295e-01 4.278656e+02
-7.412708e-01 8.731036e-02 6.655032e-01 2.075449e+02 2.540549e-02 9.944427e-01 -1.021675e-01 -1.086550e+01 -6.707251e-01 -5.882636e-02 -7.393696e-01 4.270941e+02
-7.414080e-01 8.553543e-02 6.655808e-01 2.082191e+02 2.577379e-02 9.947410e-01 -9.912651e-02 -1.098684e+01 -6.705594e-01 -5.633865e-02 -7.397135e-01 4.263356e+02
-7.404652e-01 8.553444e-02 6.666297e-01 2.089245e+02 2.489821e-02 9.946789e-01 -9.997010e-02 -1.110823e+01 -6.716333e-01 -5.742650e-02 -7.386548e-01 4.255710e+02
-7.396470e-01 8.536408e-02 6.675592e-01 2.096279e+02 2.374770e-02 9.946157e-01 -1.008743e-01 -1.122851e+01 -6.725759e-01 -5.875836e-02 -7.376917e-01 4.248070e+02
-7.380927e-01 8.533948e-02 6.692804e-01 2.103297e+02 2.302218e-02 9.945764e-01 -1.014285e-01 -1.134926e+01 -6.743064e-01 -5.945536e-02 -7.360543e-01 4.240288e+02
-7.371627e-01 8.717543e-02 6.700684e-01 2.110564e+02 2.339790e-02 9.943415e-01 -1.036224e-01 -1.147226e+01 -6.753101e-01 -6.070837e-02 -7.350311e-01 4.232480e+02
-7.363988e-01 8.793079e-02 6.708092e-01 2.117348e+02 2.183352e-02 9.940902e-01 -1.063387e-01 -1.159280e+01 -6.761953e-01 -6.366155e-02 -7.339667e-01 4.225246e+02
-7.353279e-01 8.827329e-02 6.719381e-01 2.123888e+02 2.088552e-02 9.939616e-01 -1.077221e-01 -1.170168e+01 -6.773897e-01 -6.517727e-02 -7.327313e-01 4.217897e+02
-7.348094e-01 8.690279e-02 6.726835e-01 2.130912e+02 1.934730e-02 9.940401e-01 -1.072842e-01 -1.182369e+01 -6.779977e-01 -6.581880e-02 -7.321114e-01 4.210356e+02
-7.344548e-01 8.502559e-02 6.733103e-01 2.137645e+02 1.808655e-02 9.942207e-01 -1.058211e-01 -1.193821e+01 -6.784166e-01 -6.554296e-02 -7.317480e-01 4.203047e+02
-7.344200e-01 8.186736e-02 6.737396e-01 2.144370e+02 1.571905e-02 9.944837e-01 -1.037068e-01 -1.205839e+01 -6.785132e-01 -6.557379e-02 -7.316556e-01 4.195819e+02
-7.361539e-01 7.782162e-02 6.723252e-01 2.150722e+02 1.507305e-02 9.950063e-01 -9.866788e-02 -1.216860e+01 -6.766463e-01 -6.250075e-02 -7.336507e-01 4.188857e+02
-7.365870e-01 7.709405e-02 6.719346e-01 2.157576e+02 1.517370e-02 9.951159e-01 -9.754038e-02 -1.228154e+01 -6.761726e-01 -6.165124e-02 -7.341592e-01 4.181523e+02
-7.369208e-01 7.679975e-02 6.716022e-01 2.163889e+02 1.642937e-02 9.952665e-01 -9.578448e-02 -1.237941e+01 -6.757794e-01 -5.955157e-02 -7.346943e-01 4.174519e+02
-7.374464e-01 7.558294e-02 6.711632e-01 2.169431e+02 1.667816e-02 9.954535e-01 -9.377757e-02 -1.248181e+01 -6.751997e-01 -5.796216e-02 -7.353541e-01 4.167939e+02
-7.384173e-01 7.536876e-02 6.701189e-01 2.175702e+02 1.768695e-02 9.955573e-01 -9.248145e-02 -1.259066e+01 -6.741120e-01 -5.643755e-02 -7.364698e-01 4.161046e+02
-7.399992e-01 7.510857e-02 6.684010e-01 2.181787e+02 1.755573e-02 9.955639e-01 -9.243576e-02 -1.269429e+01 -6.723786e-01 -5.666812e-02 -7.380351e-01 4.154292e+02
-7.427540e-01 7.510823e-02 6.653384e-01 2.187831e+02 1.754444e-02 9.955305e-01 -9.279688e-02 -1.279400e+01 -6.693345e-01 -5.725226e-02 -7.407520e-01 4.147724e+02
-7.461880e-01 7.466449e-02 6.615350e-01 2.193925e+02 1.726957e-02 9.955274e-01 -9.288125e-02 -1.289808e+01 -6.655112e-01 -5.788246e-02 -7.441401e-01 4.141150e+02
-7.501726e-01 7.513425e-02 6.569596e-01 2.199350e+02 1.745456e-02 9.954274e-01 -9.391258e-02 -1.299602e+01 -6.610116e-01 -5.898371e-02 -7.480539e-01 4.134925e+02
-7.548055e-01 7.631507e-02 6.514941e-01 2.204382e+02 1.912030e-02 9.953468e-01 -9.444114e-02 -1.309036e+01 -6.556699e-01 -5.882794e-02 -7.527524e-01 4.128842e+02
-7.630262e-01 7.482727e-02 6.420217e-01 2.209584e+02 2.222300e-02 9.957263e-01 -8.963988e-02 -1.317652e+01 -6.459854e-01 -5.412993e-02 -7.614281e-01 4.122772e+02
-7.706451e-01 7.523222e-02 6.328082e-01 2.214097e+02 2.395884e-02 9.957255e-01 -8.920060e-02 -1.326340e+01 -6.368141e-01 -5.358066e-02 -7.691534e-01 4.117022e+02
-7.801806e-01 7.537209e-02 6.209970e-01 2.218728e+02 2.468659e-02 9.956511e-01 -8.983023e-02 -1.334646e+01 -6.250671e-01 -5.475350e-02 -7.786483e-01 4.111218e+02
-7.921072e-01 7.503119e-02 6.057529e-01 2.223079e+02 2.498499e-02 9.955699e-01 -9.064423e-02 -1.342958e+01 -6.098704e-01 -5.666522e-02 -7.904727e-01 4.105556e+02
-8.059575e-01 7.744499e-02 5.868856e-01 2.226806e+02 2.817365e-02 9.953002e-01 -9.264879e-02 -1.349586e+01 -5.913026e-01 -5.813628e-02 -8.043516e-01 4.100114e+02
-8.225046e-01 7.784424e-02 5.634061e-01 2.230336e+02 3.034539e-02 9.951847e-01 -9.320130e-02 -1.356888e+01 -5.679483e-01 -5.956172e-02 -8.209063e-01 4.094654e+02
-8.410373e-01 7.917527e-02 5.351519e-01 2.233555e+02 3.449995e-02 9.950682e-01 -9.299987e-02 -1.363947e+01 -5.398759e-01 -5.975364e-02 -8.396210e-01 4.089149e+02
-8.617405e-01 7.921105e-02 5.011276e-01 2.236605e+02 3.769272e-02 9.950028e-01 -9.245923e-02 -1.371231e+01 -5.059471e-01 -6.078701e-02 -8.604199e-01 4.083649e+02
-8.838510e-01 8.176673e-02 4.605667e-01 2.239111e+02 4.410378e-02 9.947844e-01 -9.197170e-02 -1.378022e+01 -4.656848e-01 -6.097654e-02 -8.828474e-01 4.078123e+02
-9.068530e-01 8.341071e-02 4.131105e-01 2.241285e+02 5.042509e-02 9.946520e-01 -9.013686e-02 -1.384032e+01 -4.184196e-01 -6.090974e-02 -9.062092e-01 4.072442e+02
-9.303109e-01 8.110448e-02 3.576921e-01 2.243110e+02 5.624439e-02 9.952561e-01 -7.938382e-02 -1.390280e+01 -3.624336e-01 -5.373347e-02 -9.304593e-01 4.066745e+02
-9.507938e-01 7.971476e-02 2.993940e-01 2.244523e+02 6.095299e-02 9.955760e-01 -7.150573e-02 -1.395088e+01 -3.037695e-01 -4.973825e-02 -9.514464e-01 4.060763e+02
-9.689073e-01 7.924315e-02 2.343910e-01 2.245608e+02 6.621850e-02 9.958182e-01 -6.293833e-02 -1.400340e+01 -2.383983e-01 -4.546038e-02 -9.701029e-01 4.054856e+02
-9.832831e-01 7.946988e-02 1.638259e-01 2.246277e+02 7.117092e-02 9.958949e-01 -5.592819e-02 -1.404608e+01 -1.675980e-01 -4.333360e-02 -9.849026e-01 4.049059e+02
-9.926533e-01 8.085166e-02 9.001335e-02 2.246550e+02 7.652060e-02 9.957845e-01 -5.057470e-02 -1.408310e+01 -9.372295e-02 -4.331527e-02 -9.946556e-01 4.043352e+02
-9.965088e-01 8.203457e-02 1.551188e-02 2.246285e+02 8.126363e-02 9.956717e-01 -4.509976e-02 -1.411632e+01 -1.914448e-02 -4.368176e-02 -9.988620e-01 4.037728e+02
-9.947781e-01 8.351597e-02 -5.866601e-02 2.245609e+02 8.587357e-02 9.955470e-01 -3.888225e-02 -1.414223e+01 5.515748e-02 -4.371707e-02 -9.975202e-01 4.032218e+02
-9.875372e-01 8.557014e-02 -1.320906e-01 2.244538e+02 9.060881e-02 9.953526e-01 -3.260729e-02 -1.415681e+01 1.286865e-01 -4.416949e-02 -9.907012e-01 4.026748e+02
-9.748191e-01 8.880476e-02 -2.045518e-01 2.243019e+02 9.605005e-02 9.950434e-01 -2.574817e-02 -1.416907e+01 2.012513e-01 -4.474702e-02 -9.785170e-01 4.021409e+02
-9.574847e-01 9.127594e-02 -2.736634e-01 2.241056e+02 9.981391e-02 9.948538e-01 -1.740851e-02 -1.418738e+01 2.706661e-01 -4.398380e-02 -9.616680e-01 4.016613e+02
-9.347747e-01 9.159827e-02 -3.432287e-01 2.238741e+02 9.963539e-02 9.950070e-01 -5.814545e-03 -1.419699e+01 3.409824e-01 -3.963301e-02 -9.392339e-01 4.011970e+02
-9.089247e-01 9.618697e-02 -4.057141e-01 2.236037e+02 1.037227e-01 9.946003e-01 3.429569e-03 -1.419984e+01 4.038533e-01 -3.896456e-02 -9.139936e-01 4.007181e+02
-8.809728e-01 9.803149e-02 -4.629004e-01 2.233084e+02 1.038041e-01 9.945120e-01 1.305878e-02 -1.419371e+01 4.616402e-01 -3.654653e-02 -8.863141e-01 4.002411e+02
-8.513036e-01 1.001590e-01 -5.150245e-01 2.229882e+02 1.036307e-01 9.943706e-01 2.208435e-02 -1.418158e+01 5.143372e-01 -3.457187e-02 -8.568909e-01 3.997743e+02
-8.206678e-01 1.003958e-01 -5.625168e-01 2.226445e+02 1.016014e-01 9.943952e-01 2.924744e-02 -1.416670e+01 5.623003e-01 -3.315004e-02 -8.262684e-01 3.993260e+02
-7.896306e-01 1.007698e-01 -6.052512e-01 2.222658e+02 9.981905e-02 9.943782e-01 3.532937e-02 -1.414595e+01 6.054087e-01 -3.251845e-02 -7.952502e-01 3.988762e+02
-7.596752e-01 9.920571e-02 -6.426910e-01 2.218629e+02 9.592698e-02 9.945789e-01 4.013524e-02 -1.411286e+01 6.431886e-01 -3.116166e-02 -7.650735e-01 3.984208e+02
-7.309311e-01 1.000690e-01 -6.750748e-01 2.214460e+02 9.444229e-02 9.945054e-01 4.516296e-02 -1.408182e+01 6.758849e-01 -3.074459e-02 -7.363656e-01 3.979925e+02
-7.050822e-01 9.915191e-02 -7.021595e-01 2.210043e+02 8.982649e-02 9.946885e-01 5.025952e-02 -1.405038e+01 7.034133e-01 -2.763542e-02 -7.102437e-01 3.975689e+02
-6.797227e-01 9.798786e-02 -7.268944e-01 2.205452e+02 8.421694e-02 9.949081e-01 5.536534e-02 -1.402323e+01 7.286183e-01 -2.358374e-02 -6.845139e-01 3.971556e+02
-6.498352e-01 9.442618e-02 -7.541869e-01 2.200650e+02 7.383177e-02 9.954027e-01 6.101086e-02 -1.399033e+01 7.564807e-01 -1.603595e-02 -6.538194e-01 3.967478e+02
-6.211463e-01 9.106293e-02 -7.783860e-01 2.195621e+02 6.633989e-02 9.957709e-01 6.355592e-02 -1.395567e+01 7.808817e-01 -1.216052e-02 -6.245606e-01 3.963518e+02
-5.926319e-01 8.867685e-02 -8.005772e-01 2.190277e+02 6.059166e-02 9.960131e-01 6.547121e-02 -1.391527e+01 8.031912e-01 -9.707977e-03 -5.956422e-01 3.959755e+02
-5.634997e-01 8.724123e-02 -8.214968e-01 2.184799e+02 5.696076e-02 9.961447e-01 6.671666e-02 -1.387566e+01 8.241502e-01 -9.198264e-03 -5.662966e-01 3.956146e+02
-5.351656e-01 8.545609e-02 -8.404136e-01 2.179018e+02 5.341351e-02 9.963024e-01 6.729429e-02 -1.383125e+01 8.430568e-01 -8.875854e-03 -5.377513e-01 3.952603e+02
-5.077268e-01 8.541254e-02 -8.572737e-01 2.172940e+02 5.278362e-02 9.962880e-01 6.800142e-02 -1.378819e+01 8.598996e-01 -1.072387e-02 -5.103505e-01 3.949196e+02
-4.808996e-01 8.555986e-02 -8.725910e-01 2.166740e+02 5.301920e-02 9.962437e-01 6.846456e-02 -1.374109e+01 8.751712e-01 -1.333950e-02 -4.836295e-01 3.946008e+02
-4.544353e-01 8.621944e-02 -8.865973e-01 2.160301e+02 5.369317e-02 9.961463e-01 6.935178e-02 -1.368953e+01 8.891601e-01 -1.608833e-02 -4.573134e-01 3.942854e+02
-4.287252e-01 8.643746e-02 -8.992904e-01 2.153435e+02 5.420435e-02 9.960803e-01 6.989942e-02 -1.363858e+01 9.018074e-01 -1.877780e-02 -4.317301e-01 3.939867e+02
-4.035541e-01 8.656306e-02 -9.108518e-01 2.146483e+02 5.628257e-02 9.959778e-01 6.971698e-02 -1.358801e+01 9.132231e-01 -2.313051e-02 -4.068029e-01 3.936959e+02
-3.772118e-01 8.602378e-02 -9.221232e-01 2.139143e+02 5.630618e-02 9.959651e-01 6.987931e-02 -1.354312e+01 9.244138e-01 -2.556193e-02 -3.805334e-01 3.934388e+02
-3.540751e-01 8.835725e-02 -9.310337e-01 2.131654e+02 6.261017e-02 9.955331e-01 7.066754e-02 -1.348105e+01 9.331189e-01 -3.327057e-02 -3.580255e-01 3.931817e+02
-3.330990e-01 9.292683e-02 -9.383015e-01 2.123799e+02 6.696348e-02 9.949503e-01 7.476500e-02 -1.342120e+01 9.405110e-01 -3.792778e-02 -3.376397e-01 3.929339e+02
-3.129386e-01 9.755519e-02 -9.447499e-01 2.116001e+02 7.058690e-02 9.943489e-01 7.929562e-02 -1.335548e+01 9.471467e-01 -4.187231e-02 -3.180562e-01 3.926826e+02
-2.954310e-01 9.953294e-02 -9.501651e-01 2.108023e+02 7.110114e-02 9.940906e-01 8.202709e-02 -1.328890e+01 9.527146e-01 -4.332447e-02 -3.007621e-01 3.924429e+02
-2.791315e-01 9.719514e-02 -9.553212e-01 2.099553e+02 6.950496e-02 9.942997e-01 8.085246e-02 -1.321588e+01 9.577341e-01 -4.383110e-02 -2.842960e-01 3.921898e+02
-2.628264e-01 9.299722e-02 -9.603509e-01 2.091344e+02 6.785352e-02 9.946612e-01 7.774974e-02 -1.314518e+01 9.624542e-01 -4.472850e-02 -2.677334e-01 3.919595e+02
-2.460898e-01 9.008401e-02 -9.650517e-01 2.082577e+02 6.306418e-02 9.950499e-01 7.680276e-02 -1.306807e+01 9.671932e-01 -4.195982e-02 -2.505526e-01 3.917288e+02
-2.292667e-01 9.081582e-02 -9.691178e-01 2.073531e+02 5.908314e-02 9.951005e-01 7.927320e-02 -1.300548e+01 9.715688e-01 -3.908382e-02 -2.335091e-01 3.915257e+02
-2.132890e-01 9.298055e-02 -9.725546e-01 2.063940e+02 6.103950e-02 9.947845e-01 8.171938e-02 -1.292507e+01 9.750805e-01 -4.193439e-02 -2.178521e-01 3.913300e+02
-1.968132e-01 9.131228e-02 -9.761796e-01 2.054409e+02 5.938171e-02 9.949359e-01 8.109447e-02 -1.284674e+01 9.786411e-01 -4.200675e-02 -2.012388e-01 3.911517e+02
-1.850598e-01 8.800070e-02 -9.787792e-01 2.045181e+02 6.389036e-02 9.949528e-01 7.737497e-02 -1.277525e+01 9.806482e-01 -4.821556e-02 -1.897482e-01 3.909748e+02
-1.757214e-01 8.222526e-02 -9.810000e-01 2.035554e+02 6.626322e-02 9.952336e-01 7.154890e-02 -1.271314e+01 9.822073e-01 -5.243155e-02 -1.803323e-01 3.908096e+02
-1.661968e-01 7.756957e-02 -9.830369e-01 2.025582e+02 6.822079e-02 9.954171e-01 6.701274e-02 -1.264798e+01 9.837299e-01 -5.592625e-02 -1.707270e-01 3.906267e+02
-1.592197e-01 7.620707e-02 -9.842975e-01 2.015440e+02 6.854781e-02 9.954634e-01 6.598330e-02 -1.258592e+01 9.848605e-01 -5.696561e-02 -1.637212e-01 3.904702e+02
-1.552475e-01 7.798499e-02 -9.847926e-01 2.004877e+02 6.675581e-02 9.954287e-01 6.830354e-02 -1.252244e+01 9.856175e-01 -5.513668e-02 -1.597438e-01 3.903053e+02
-1.520086e-01 8.052090e-02 -9.850938e-01 1.994366e+02 6.718060e-02 9.952127e-01 7.098146e-02 -1.245770e+01 9.860934e-01 -5.538940e-02 -1.566903e-01 3.901407e+02
-1.476787e-01 8.089267e-02 -9.857218e-01 1.983744e+02 6.873164e-02 9.950795e-01 7.136339e-02 -1.238777e+01 9.866443e-01 -5.721142e-02 -1.525119e-01 3.899834e+02
-1.444936e-01 8.081370e-02 -9.862002e-01 1.973168e+02 6.584859e-02 9.952354e-01 7.190625e-02 -1.231673e+01 9.873123e-01 -5.454990e-02 -1.491266e-01 3.898241e+02
-1.427482e-01 8.035912e-02 -9.864914e-01 1.963023e+02 6.420938e-02 9.953509e-01 7.178953e-02 -1.224734e+01 9.876741e-01 -5.309418e-02 -1.472443e-01 3.896785e+02
-1.371877e-01 7.896600e-02 -9.873925e-01 1.952567e+02 6.066746e-02 9.956158e-01 7.119455e-02 -1.217537e+01 9.886855e-01 -5.013558e-02 -1.413769e-01 3.895134e+02
-1.340199e-01 7.802377e-02 -9.879023e-01 1.941849e+02 6.041794e-02 9.956845e-01 7.044204e-02 -1.211650e+01 9.891351e-01 -5.024638e-02 -1.381556e-01 3.893635e+02
-1.315747e-01 7.654830e-02 -9.883463e-01 1.931126e+02 5.589672e-02 9.960007e-01 6.969983e-02 -1.204923e+01 9.897291e-01 -4.607458e-02 -1.353273e-01 3.892118e+02
-1.290786e-01 7.657617e-02 -9.886733e-01 1.920068e+02 5.308438e-02 9.961179e-01 7.022223e-02 -1.197592e+01 9.902125e-01 -4.341892e-02 -1.326425e-01 3.890592e+02
-1.268287e-01 7.728817e-02 -9.889090e-01 1.909208e+02 5.102536e-02 9.961482e-01 7.130990e-02 -1.190986e+01 9.906114e-01 -4.141530e-02 -1.302838e-01 3.889064e+02
-1.244746e-01 7.680192e-02 -9.892460e-01 1.898132e+02 5.116390e-02 9.961703e-01 7.090166e-02 -1.184720e+01 9.909028e-01 -4.178823e-02 -1.279273e-01 3.887738e+02
-1.216151e-01 7.681943e-02 -9.896002e-01 1.887162e+02 4.857760e-02 9.962665e-01 7.136706e-02 -1.177660e+01 9.913879e-01 -3.939309e-02 -1.248928e-01 3.886265e+02
-1.184614e-01 7.728104e-02 -9.899467e-01 1.876283e+02 4.516034e-02 9.963544e-01 7.237718e-02 -1.170405e+01 9.919312e-01 -3.613243e-02 -1.215196e-01 3.884867e+02
-1.160869e-01 7.688392e-02 -9.902589e-01 1.865185e+02 4.345703e-02 9.964380e-01 7.226925e-02 -1.163599e+01 9.922879e-01 -3.464419e-02 -1.190145e-01 3.883488e+02
-1.140028e-01 7.648677e-02 -9.905317e-01 1.854064e+02 4.332457e-02 9.964662e-01 7.195868e-02 -1.156151e+01 9.925353e-01 -3.471088e-02 -1.169137e-01 3.882160e+02
-1.096909e-01 7.649181e-02 -9.910181e-01 1.842902e+02 3.745505e-02 9.966444e-01 7.278036e-02 -1.149435e+01 9.932598e-01 -2.913529e-02 -1.121878e-01 3.880804e+02
-1.077914e-01 7.893787e-02 -9.910347e-01 1.831702e+02 3.514421e-02 9.965223e-01 7.555245e-02 -1.141718e+01 9.935522e-01 -2.668523e-02 -1.101908e-01 3.879523e+02
-1.050366e-01 7.890780e-02 -9.913329e-01 1.820457e+02 3.250039e-02 9.965870e-01 7.588244e-02 -1.134429e+01 9.939371e-01 -2.424827e-02 -1.072426e-01 3.878232e+02
-1.024681e-01 7.695186e-02 -9.917554e-01 1.809121e+02 3.055701e-02 9.967763e-01 7.418430e-02 -1.127205e+01 9.942668e-01 -2.270356e-02 -1.044891e-01 3.876996e+02
-9.968408e-02 7.609087e-02 -9.921055e-01 1.797986e+02 2.945864e-02 9.968604e-01 7.349562e-02 -1.120061e+01 9.945830e-01 -2.189973e-02 -1.016126e-01 3.875791e+02
-9.728481e-02 7.671679e-02 -9.922954e-01 1.786831e+02 2.695725e-02 9.968620e-01 7.442695e-02 -1.113246e+01 9.948914e-01 -1.950895e-02 -9.904761e-02 3.874630e+02
-9.460157e-02 7.630542e-02 -9.925865e-01 1.775582e+02 2.709951e-02 9.968860e-01 7.405314e-02 -1.106288e+01 9.951463e-01 -1.989306e-02 -9.637482e-02 3.873474e+02
-9.226386e-02 7.595693e-02 -9.928333e-01 1.764447e+02 2.745319e-02 9.969013e-01 7.371693e-02 -1.098999e+01 9.953561e-01 -2.045503e-02 -9.406321e-02 3.872385e+02
-9.049376e-02 7.743154e-02 -9.928823e-01 1.753027e+02 2.723136e-02 9.967925e-01 7.525454e-02 -1.091393e+01 9.955247e-01 -2.022747e-02 -9.231207e-02 3.871347e+02
-8.905461e-02 7.900160e-02 -9.928887e-01 1.741944e+02 2.563247e-02 9.967011e-01 7.700590e-02 -1.084426e+01 9.956969e-01 -1.859246e-02 -9.078583e-02 3.870277e+02
-8.629588e-02 7.865362e-02 -9.931599e-01 1.730370e+02 2.069773e-02 9.968051e-01 7.714387e-02 -1.076728e+01 9.960545e-01 -1.389896e-02 -8.764813e-02 3.869354e+02
-8.465627e-02 7.958056e-02 -9.932272e-01 1.719607e+02 2.117285e-02 9.967241e-01 7.805611e-02 -1.071064e+01 9.961852e-01 -1.442151e-02 -8.606390e-02 3.868262e+02
-8.308647e-02 8.125335e-02 -9.932243e-01 1.708755e+02 2.248427e-02 9.965696e-01 7.964614e-02 -1.064649e+01 9.962887e-01 -1.571440e-02 -8.462837e-02 3.867244e+02
-8.197555e-02 8.309942e-02 -9.931639e-01 1.697640e+02 2.493099e-02 9.963770e-01 8.131046e-02 -1.057301e+01 9.963225e-01 -1.809509e-02 -8.375030e-02 3.866433e+02
-8.003440e-02 8.464115e-02 -9.931920e-01 1.686720e+02 2.553080e-02 9.962355e-01 8.284317e-02 -1.050398e+01 9.964651e-01 -1.872669e-02 -8.189407e-02 3.865267e+02
-7.915034e-02 8.502049e-02 -9.932305e-01 1.675304e+02 2.666823e-02 9.961803e-01 8.314781e-02 -1.042234e+01 9.965059e-01 -1.990652e-02 -8.111535e-02 3.864639e+02
-7.759852e-02 8.365906e-02 -9.934685e-01 1.664445e+02 2.500311e-02 9.963230e-01 8.194648e-02 -1.033463e+01 9.966711e-01 -1.848087e-02 -7.940493e-02 3.863671e+02
-7.681954e-02 8.139075e-02 -9.937174e-01 1.653377e+02 2.505378e-02 9.965054e-01 7.968231e-02 -1.026678e+01 9.967302e-01 -1.877522e-02 -7.859023e-02 3.862887e+02
-7.642674e-02 7.976907e-02 -9.938792e-01 1.642174e+02 2.498300e-02 9.966349e-01 7.806911e-02 -1.019407e+01 9.967622e-01 -1.886352e-02 -7.816243e-02 3.862075e+02
-7.626882e-02 7.996015e-02 -9.938760e-01 1.631364e+02 2.654960e-02 9.965887e-01 7.814102e-02 -1.012805e+01 9.967338e-01 -2.042729e-02 -7.813155e-02 3.861194e+02
-7.519236e-02 8.147992e-02 -9.938346e-01 1.620489e+02 2.286745e-02 9.965348e-01 7.997117e-02 -1.004940e+01 9.969068e-01 -1.671325e-02 -7.679504e-02 3.860307e+02
-7.539533e-02 8.264848e-02 -9.937227e-01 1.609411e+02 2.485915e-02 9.964052e-01 8.098548e-02 -9.971116e+00 9.968438e-01 -1.859718e-02 -7.717887e-02 3.859579e+02
-7.525164e-02 8.305015e-02 -9.937001e-01 1.598647e+02 2.515837e-02 9.963666e-01 8.136780e-02 -9.894407e+00 9.968472e-01 -1.887681e-02 -7.706763e-02 3.858654e+02
-7.521493e-02 8.264470e-02 -9.937367e-01 1.588125e+02 2.412861e-02 9.964186e-01 8.104148e-02 -9.819586e+00 9.968754e-01 -1.788196e-02 -7.693966e-02 3.857679e+02
-7.551873e-02 8.164545e-02 -9.937962e-01 1.577679e+02 2.263670e-02 9.965258e-01 8.014953e-02 -9.742662e+00 9.968874e-01 -1.644348e-02 -7.710454e-02 3.856893e+02
-7.565712e-02 8.095186e-02 -9.938424e-01 1.566695e+02 2.194828e-02 9.965928e-01 7.950506e-02 -9.664870e+00 9.968923e-01 -1.579801e-02 -7.717609e-02 3.856155e+02
-7.583166e-02 8.067969e-02 -9.938513e-01 1.556232e+02 2.128951e-02 9.966250e-01 7.928045e-02 -9.594606e+00 9.968933e-01 -1.514664e-02 -7.729336e-02 3.855339e+02
-7.591075e-02 8.014255e-02 -9.938887e-01 1.545747e+02 2.063440e-02 9.966775e-01 7.879143e-02 -9.529869e+00 9.969011e-01 -1.452718e-02 -7.731224e-02 3.854581e+02
-7.546176e-02 8.001264e-02 -9.939333e-01 1.535387e+02 2.217061e-02 9.966637e-01 7.854918e-02 -9.462594e+00 9.969022e-01 -1.610865e-02 -7.698392e-02 3.853685e+02
-7.505280e-02 7.974354e-02 -9.939859e-01 1.525248e+02 2.274472e-02 9.966749e-01 7.824188e-02 -9.400518e+00 9.969201e-01 -1.673566e-02 -7.661698e-02 3.852802e+02
-7.456349e-02 7.902752e-02 -9.940799e-01 1.514802e+02 1.834238e-02 9.967950e-01 7.786754e-02 -9.331579e+00 9.970476e-01 -1.242772e-02 -7.577406e-02 3.852061e+02
-7.340000e-02 7.864256e-02 -9.941971e-01 1.504904e+02 1.758720e-02 9.968331e-01 7.755264e-02 -9.273350e+00 9.971475e-01 -1.179278e-02 -7.455065e-02 3.851159e+02
-7.135788e-02 7.739941e-02 -9.944433e-01 1.494653e+02 1.704344e-02 9.969339e-01 7.637028e-02 -9.214560e+00 9.973052e-01 -1.149911e-02 -7.245824e-02 3.850276e+02
-6.959556e-02 7.381142e-02 -9.948409e-01 1.484284e+02 1.584956e-02 9.972149e-01 7.287878e-02 -9.146416e+00 9.974494e-01 -1.069575e-02 -7.057161e-02 3.849560e+02
-6.765430e-02 7.035564e-02 -9.952251e-01 1.473976e+02 1.567766e-02 9.974624e-01 6.944805e-02 -9.078594e+00 9.975856e-01 -1.090434e-02 -6.858563e-02 3.848956e+02
-6.545341e-02 6.903722e-02 -9.954646e-01 1.463803e+02 1.769297e-02 9.975273e-01 6.801693e-02 -9.023678e+00 9.976988e-01 -1.316078e-02 -6.651303e-02 3.848373e+02
-6.267833e-02 6.972076e-02 -9.955955e-01 1.453911e+02 1.608961e-02 9.974979e-01 6.884105e-02 -8.964246e+00 9.979041e-01 -1.170390e-02 -6.364328e-02 3.847611e+02
-5.999364e-02 7.153363e-02 -9.956323e-01 1.444139e+02 1.829679e-02 9.973402e-01 7.055383e-02 -8.917563e+00 9.980311e-01 -1.398410e-02 -6.114290e-02 3.847032e+02
-5.753970e-02 7.374126e-02 -9.956161e-01 1.434405e+02 1.968642e-02 9.971582e-01 7.271775e-02 -8.864878e+00 9.981491e-01 -1.541596e-02 -5.882788e-02 3.846536e+02
-5.451615e-02 7.344825e-02 -9.958079e-01 1.424846e+02 1.951599e-02 9.971788e-01 7.248095e-02 -8.801037e+00 9.983222e-01 -1.548279e-02 -5.579576e-02 3.846002e+02
-5.186436e-02 7.347302e-02 -9.959477e-01 1.415340e+02 1.509150e-02 9.972337e-01 7.278199e-02 -8.747879e+00 9.985401e-01 -1.125555e-02 -5.282970e-02 3.845615e+02
-4.751085e-02 7.266746e-02 -9.962240e-01 1.406171e+02 1.555021e-02 9.972832e-01 7.200312e-02 -8.693397e+00 9.987497e-01 -1.207056e-02 -4.851176e-02 3.844943e+02
-4.402275e-02 7.179870e-02 -9.964472e-01 1.397144e+02 1.616129e-02 9.973348e-01 7.114865e-02 -8.641631e+00 9.988998e-01 -1.297171e-02 -4.506578e-02 3.844616e+02
-4.106270e-02 7.263162e-02 -9.965132e-01 1.388417e+02 1.693055e-02 9.972618e-01 7.198854e-02 -8.594771e+00 9.990131e-01 -1.391548e-02 -4.217996e-02 3.844200e+02
-3.976755e-02 7.123582e-02 -9.966664e-01 1.379900e+02 1.880392e-02 9.973322e-01 7.053311e-02 -8.549904e+00 9.990320e-01 -1.593630e-02 -4.100097e-02 3.843794e+02
-4.055923e-02 6.995447e-02 -9.967253e-01 1.371636e+02 2.229685e-02 9.973611e-01 6.909178e-02 -8.504577e+00 9.989283e-01 -1.942152e-02 -4.201196e-02 3.843411e+02
-4.366080e-02 6.897688e-02 -9.966624e-01 1.363415e+02 2.482338e-02 9.973806e-01 6.793914e-02 -8.463283e+00 9.987380e-01 -2.177425e-02 -4.525867e-02 3.843165e+02
-4.736889e-02 7.001006e-02 -9.964210e-01 1.355432e+02 2.637164e-02 9.972807e-01 6.881678e-02 -8.416127e+00 9.985293e-01 -2.301748e-02 -4.908636e-02 3.842732e+02
-5.277897e-02 7.370211e-02 -9.958827e-01 1.347579e+02 2.954755e-02 9.969513e-01 7.221526e-02 -8.387999e+00 9.981690e-01 -2.561445e-02 -5.479579e-02 3.842226e+02
-6.058638e-02 7.504342e-02 -9.953380e-01 1.339838e+02 3.259060e-02 9.967869e-01 7.316887e-02 -8.349516e+00 9.976308e-01 -2.800563e-02 -6.283742e-02 3.841558e+02
-7.171414e-02 7.477436e-02 -9.946185e-01 1.332383e+02 3.053908e-02 9.968831e-01 7.274268e-02 -8.308890e+00 9.969576e-01 -2.515806e-02 -7.377415e-02 3.840935e+02
-8.405869e-02 7.400461e-02 -9.937089e-01 1.325166e+02 3.234636e-02 9.969155e-01 7.150720e-02 -8.276470e+00 9.959357e-01 -2.613207e-02 -8.619319e-02 3.840260e+02
-9.793475e-02 7.445277e-02 -9.924039e-01 1.318122e+02 3.383545e-02 9.968702e-01 7.144881e-02 -8.235279e+00 9.946175e-01 -2.658112e-02 -1.001474e-01 3.839428e+02
-1.131378e-01 7.641034e-02 -9.906368e-01 1.311415e+02 3.554780e-02 9.967115e-01 7.281908e-02 -8.203416e+00 9.929432e-01 -2.697637e-02 -1.154820e-01 3.838480e+02
-1.314953e-01 7.906337e-02 -9.881589e-01 1.304883e+02 3.820579e-02 9.964780e-01 7.464491e-02 -8.166403e+00 9.905803e-01 -2.793794e-02 -1.340529e-01 3.837505e+02
-1.542355e-01 8.216975e-02 -9.846114e-01 1.298785e+02 4.243629e-02 9.961671e-01 7.648665e-02 -8.132883e+00 9.871224e-01 -2.998630e-02 -1.571313e-01 3.836382e+02
-1.847922e-01 8.448910e-02 -9.791391e-01 1.292968e+02 4.813397e-02 9.958802e-01 7.684938e-02 -8.099703e+00 9.815982e-01 -3.292869e-02 -1.880976e-01 3.835212e+02
-2.220296e-01 8.575566e-02 -9.712615e-01 1.287406e+02 5.243475e-02 9.957335e-01 7.592983e-02 -8.066631e+00 9.736290e-01 -3.406918e-02 -2.255789e-01 3.833774e+02
-2.650671e-01 8.630772e-02 -9.603595e-01 1.282108e+02 5.602883e-02 9.956817e-01 7.401773e-02 -8.033985e+00 9.626007e-01 -3.418815e-02 -2.687582e-01 3.831998e+02
-3.142291e-01 8.707248e-02 -9.453457e-01 1.277167e+02 5.891320e-02 9.956543e-01 7.212371e-02 -8.011841e+00 9.475174e-01 -3.302997e-02 -3.179933e-01 3.830011e+02
-3.695356e-01 8.775364e-02 -9.250636e-01 1.272393e+02 5.680204e-02 9.958022e-01 7.177333e-02 -7.988307e+00 9.274788e-01 -2.602271e-02 -3.729689e-01 3.827788e+02
-4.268809e-01 8.814157e-02 -9.000021e-01 1.268072e+02 6.064201e-02 9.957885e-01 6.875922e-02 -7.961893e+00 9.022723e-01 -2.522594e-02 -4.304282e-01 3.825422e+02
-4.861290e-01 8.925958e-02 -8.693166e-01 1.264003e+02 6.466233e-02 9.957170e-01 6.607840e-02 -7.942583e+00 8.714914e-01 -2.408941e-02 -4.898187e-01 3.822797e+02
-5.461705e-01 9.293666e-02 -8.325026e-01 1.260131e+02 7.191924e-02 9.953593e-01 6.393398e-02 -7.921999e+00 8.345810e-01 -2.495410e-02 -5.503198e-01 3.819975e+02
-6.060434e-01 9.617554e-02 -7.895959e-01 1.256488e+02 7.684492e-02 9.950994e-01 6.222533e-02 -7.899122e+00 7.917110e-01 -2.296518e-02 -6.104640e-01 3.816807e+02
-6.629656e-01 9.671512e-02 -7.423764e-01 1.253286e+02 7.922062e-02 9.951158e-01 5.889492e-02 -7.880395e+00 7.444466e-01 -1.976621e-02 -6.673894e-01 3.813323e+02
-7.175562e-01 9.323239e-02 -6.902325e-01 1.250294e+02 7.799510e-02 9.955233e-01 5.338658e-02 -7.866636e+00 6.921198e-01 -1.552688e-02 -7.216156e-01 3.809592e+02
-7.670830e-01 9.317905e-02 -6.347451e-01 1.247565e+02 7.991837e-02 9.955683e-01 4.956649e-02 -7.848805e+00 6.365507e-01 -1.270618e-02 -7.711302e-01 3.805614e+02
-8.116781e-01 9.543421e-02 -5.762560e-01 1.245087e+02 8.286340e-02 9.953979e-01 4.813243e-02 -7.828878e+00 5.781974e-01 -8.682483e-03 -8.158507e-01 3.801456e+02
-8.514135e-01 9.685551e-02 -5.154745e-01 1.242906e+02 8.375271e-02 9.952970e-01 4.867709e-02 -7.807680e+00 5.177649e-01 -1.728054e-03 -8.555212e-01 3.797103e+02
-8.873144e-01 9.531054e-02 -4.512084e-01 1.241076e+02 7.945634e-02 9.953744e-01 5.400370e-02 -7.793999e+00 4.542684e-01 1.206689e-02 -8.907831e-01 3.792558e+02
-9.165974e-01 9.062312e-02 -3.894056e-01 1.239552e+02 7.598402e-02 9.957065e-01 5.286845e-02 -7.778823e+00 3.925248e-01 1.887048e-02 -9.195478e-01 3.787778e+02
-9.396792e-01 8.788314e-02 -3.305747e-01 1.238376e+02 7.519591e-02 9.958637e-01 5.100088e-02 -7.772385e+00 3.336894e-01 2.306660e-02 -9.424008e-01 3.783013e+02
-9.575531e-01 8.603136e-02 -2.751195e-01 1.237292e+02 7.620152e-02 9.960196e-01 4.624145e-02 -7.761610e+00 2.780026e-01 2.331412e-02 -9.602973e-01 3.778009e+02
-9.708939e-01 8.349459e-02 -2.244855e-01 1.236427e+02 7.640996e-02 9.962706e-01 4.007943e-02 -7.744349e+00 2.269947e-01 2.175994e-02 -9.736529e-01 3.772825e+02
-9.807896e-01 7.695166e-02 -1.792491e-01 1.235745e+02 7.241080e-02 9.968694e-01 3.174908e-02 -7.721530e+00 1.811311e-01 1.815959e-02 -9.832913e-01 3.767418e+02
-9.875928e-01 6.979214e-02 -1.406755e-01 1.235261e+02 6.702926e-02 9.974553e-01 2.428942e-02 -7.699807e+00 1.420127e-01 1.455868e-02 -9.897578e-01 3.761871e+02
-9.922976e-01 5.960829e-02 -1.085921e-01 1.234987e+02 5.763046e-02 9.981115e-01 2.126445e-02 -7.684710e+00 1.096545e-01 1.484245e-02 -9.938589e-01 3.756244e+02
-9.951257e-01 5.575748e-02 -8.133872e-02 1.234675e+02 5.418350e-02 9.983009e-01 2.143322e-02 -7.668124e+00 8.239558e-02 1.692153e-02 -9.964560e-01 3.750362e+02
-9.967673e-01 5.658678e-02 -5.703377e-02 1.234465e+02 5.532569e-02 9.981929e-01 2.345412e-02 -7.662136e+00 5.825789e-02 2.022287e-02 -9.980967e-01 3.744503e+02
-9.976118e-01 5.936578e-02 -3.530331e-02 1.234391e+02 5.833393e-02 9.978590e-01 2.957396e-02 -7.649809e+00 3.698341e-02 2.744395e-02 -9.989390e-01 3.738603e+02
-9.981144e-01 5.877768e-02 -1.768521e-02 1.234347e+02 5.824439e-02 9.978725e-01 2.929327e-02 -7.632722e+00 1.936938e-02 2.820797e-02 -9.994144e-01 3.732727e+02
-9.984213e-01 5.608276e-02 -3.111854e-03 1.234463e+02 5.598367e-02 9.980953e-01 2.591503e-02 -7.617641e+00 4.559313e-03 2.569990e-02 -9.996593e-01 3.726582e+02
-9.986484e-01 5.110499e-02 9.470887e-03 1.234709e+02 5.130347e-02 9.984395e-01 2.205573e-02 -7.606687e+00 -8.328950e-03 2.251181e-02 -9.997119e-01 3.720418e+02
-9.984125e-01 5.305615e-02 1.890596e-02 1.234896e+02 5.341866e-02 9.983873e-01 1.921495e-02 -7.596935e+00 -1.785600e-02 2.019438e-02 -9.996366e-01 3.714073e+02
-9.979569e-01 5.800805e-02 2.678000e-02 1.235064e+02 5.849515e-02 9.981294e-01 1.777819e-02 -7.583430e+00 -2.569863e-02 1.930836e-02 -9.994833e-01 3.707313e+02
-9.976855e-01 5.941937e-02 3.306045e-02 1.235108e+02 5.999932e-02 9.980564e-01 1.683499e-02 -7.566739e+00 -3.199587e-02 1.877963e-02 -9.993116e-01 3.700272e+02
-9.975727e-01 5.944958e-02 3.625488e-02 1.235267e+02 6.005636e-02 9.980686e-01 1.588252e-02 -7.558339e+00 -3.524065e-02 1.802130e-02 -9.992164e-01 3.693216e+02
-9.974534e-01 6.020926e-02 3.823065e-02 1.235617e+02 6.078351e-02 9.980522e-01 1.403937e-02 -7.553454e+00 -3.731088e-02 1.632741e-02 -9.991703e-01 3.686403e+02
-9.971289e-01 6.269757e-02 4.246242e-02 1.235954e+02 6.322571e-02 9.979363e-01 1.120997e-02 -7.544131e+00 -4.167195e-02 1.386250e-02 -9.990352e-01 3.679285e+02
-9.964306e-01 6.900355e-02 4.862750e-02 1.236370e+02 6.974560e-02 9.974703e-01 1.373001e-02 -7.539193e+00 -4.755707e-02 1.707255e-02 -9.987226e-01 3.672214e+02
-9.958749e-01 7.276761e-02 5.420341e-02 1.236705e+02 7.348656e-02 9.972312e-01 1.138839e-02 -7.522827e+00 -5.322463e-02 1.532464e-02 -9.984650e-01 3.664526e+02
-9.955572e-01 7.190562e-02 6.079002e-02 1.237030e+02 7.273127e-02 9.972855e-01 1.147715e-02 -7.508092e+00 -5.979973e-02 1.584749e-02 -9.980846e-01 3.656647e+02
-9.951874e-01 7.158144e-02 6.691844e-02 1.237564e+02 7.245440e-02 9.973142e-01 1.070741e-02 -7.501644e+00 -6.597227e-02 1.550441e-02 -9.977010e-01 3.648741e+02
-9.947781e-01 7.075607e-02 7.355369e-02 1.238085e+02 7.160737e-02 9.973923e-01 8.998690e-03 -7.479460e+00 -7.272517e-02 1.421869e-02 -9.972507e-01 3.640639e+02
-9.943752e-01 7.084979e-02 7.872968e-02 1.238699e+02 7.162292e-02 9.974070e-01 7.036527e-03 -7.480560e+00 -7.802700e-02 1.263580e-02 -9.968712e-01 3.632212e+02
-9.942599e-01 6.927141e-02 8.154030e-02 1.239469e+02 6.984433e-02 9.975491e-01 4.191544e-03 -7.472060e+00 -8.105010e-02 9.862612e-03 -9.966612e-01 3.623529e+02
-9.937874e-01 7.149616e-02 8.529272e-02 1.240128e+02 7.199673e-02 9.974009e-01 2.803433e-03 -7.463479e+00 -8.487061e-02 8.926813e-03 -9.963520e-01 3.614814e+02
-9.930867e-01 7.683336e-02 8.874367e-02 1.240819e+02 7.749725e-02 9.969843e-01 4.054699e-03 -7.457796e+00 -8.816451e-02 1.090406e-02 -9.960462e-01 3.606293e+02
-9.927668e-01 7.718733e-02 9.195802e-02 1.241663e+02 7.816145e-02 9.969159e-01 7.033750e-03 -7.453774e+00 -9.113149e-02 1.417045e-02 -9.957380e-01 3.597257e+02
-9.922459e-01 7.939193e-02 9.562897e-02 1.242525e+02 8.104803e-02 9.966180e-01 1.355399e-02 -7.447843e+00 -9.422948e-02 2.119943e-02 -9.953248e-01 3.588127e+02
-9.919104e-01 7.966068e-02 9.883249e-02 1.243438e+02 8.147363e-02 9.965709e-01 1.443892e-02 -7.434183e+00 -9.734337e-02 2.237435e-02 -9.949993e-01 3.578833e+02
-9.919256e-01 7.574144e-02 1.017195e-01 1.244423e+02 7.765410e-02 9.968679e-01 1.497128e-02 -7.423894e+00 -1.002669e-01 2.274933e-02 -9.947005e-01 3.569305e+02
-9.921858e-01 6.874394e-02 1.041230e-01 1.245516e+02 7.098773e-02 9.973149e-01 1.799478e-02 -7.414714e+00 -1.026064e-01 2.524562e-02 -9.944016e-01 3.559643e+02
-9.925322e-01 6.163200e-02 1.052679e-01 1.246735e+02 6.430963e-02 9.976823e-01 2.223104e-02 -7.402621e+00 -1.036538e-01 2.883476e-02 -9.941954e-01 3.549813e+02
-9.928535e-01 5.687378e-02 1.049161e-01 1.247909e+02 5.951759e-02 9.979795e-01 2.224050e-02 -7.385685e+00 -1.034392e-01 2.832591e-02 -9.942324e-01 3.539750e+02
-9.929627e-01 5.647480e-02 1.040944e-01 1.249025e+02 5.852393e-02 9.981457e-01 1.673475e-02 -7.369037e+00 -1.029563e-01 2.270900e-02 -9.944266e-01 3.529672e+02
-9.927451e-01 6.059208e-02 1.038550e-01 1.250280e+02 6.218657e-02 9.979902e-01 1.218148e-02 -7.384326e+00 -1.029081e-01 1.855149e-02 -9.945179e-01 3.519713e+02
-9.926006e-01 6.277836e-02 1.039373e-01 1.251256e+02 6.436861e-02 9.978539e-01 1.201387e-02 -7.366374e+00 -1.029600e-01 1.861528e-02 -9.945113e-01 3.509279e+02
-9.924255e-01 6.537277e-02 1.040100e-01 1.252392e+02 6.725277e-02 9.976281e-01 1.466827e-02 -7.376286e+00 -1.028044e-01 2.155213e-02 -9.944681e-01 3.499223e+02
-9.925207e-01 6.381778e-02 1.040671e-01 1.253483e+02 6.593147e-02 9.976794e-01 1.699543e-02 -7.375281e+00 -1.027410e-01 2.372961e-02 -9.944251e-01 3.488694e+02
-9.926805e-01 6.154223e-02 1.039130e-01 1.254592e+02 6.364500e-02 9.978271e-01 1.703968e-02 -7.367177e+00 -1.026385e-01 2.352850e-02 -9.944404e-01 3.478051e+02
-9.927940e-01 5.981846e-02 1.038354e-01 1.255733e+02 6.200086e-02 9.979153e-01 1.791605e-02 -7.354148e+00 -1.025472e-01 2.422483e-02 -9.944331e-01 3.467482e+02
-9.927621e-01 5.960282e-02 1.042636e-01 1.256860e+02 6.171173e-02 9.979472e-01 1.711617e-02 -7.345410e+00 -1.030294e-01 2.342657e-02 -9.944024e-01 3.456819e+02
-9.923938e-01 6.363141e-02 1.053832e-01 1.257835e+02 6.540342e-02 9.977684e-01 1.344188e-02 -7.335164e+00 -1.042927e-01 2.023206e-02 -9.943408e-01 3.446039e+02
-9.919234e-01 6.773467e-02 1.072381e-01 1.258855e+02 6.930404e-02 9.975352e-01 1.097165e-02 -7.321864e+00 -1.062306e-01 1.831507e-02 -9.941728e-01 3.435130e+02
-9.915797e-01 6.973888e-02 1.091151e-01 1.260039e+02 7.123491e-02 9.974107e-01 9.868335e-03 -7.327680e+00 -1.081444e-01 1.755805e-02 -9.939801e-01 3.424549e+02
-9.914494e-01 6.844254e-02 1.111020e-01 1.261208e+02 6.983699e-02 9.975204e-01 8.703828e-03 -7.311255e+00 -1.102308e-01 1.638844e-02 -9.937709e-01 3.413899e+02
-9.915608e-01 6.541851e-02 1.119267e-01 1.262585e+02 6.726704e-02 9.976527e-01 1.281553e-02 -7.316438e+00 -1.108256e-01 2.023635e-02 -9.936338e-01 3.403631e+02
-9.919203e-01 6.032759e-02 1.116009e-01 1.263909e+02 6.248218e-02 9.979193e-01 1.590740e-02 -7.303261e+00 -1.104091e-01 2.275194e-02 -9.936258e-01 3.392723e+02
-9.920450e-01 5.946610e-02 1.109524e-01 1.265185e+02 6.168867e-02 9.979556e-01 1.670456e-02 -7.299734e+00 -1.097322e-01 2.341618e-02 -9.936853e-01 3.382479e+02
-9.920712e-01 6.003769e-02 1.104092e-01 1.266437e+02 6.182688e-02 9.980042e-01 1.285044e-02 -7.294610e+00 -1.094173e-01 1.957481e-02 -9.938031e-01 3.371862e+02
-9.918961e-01 6.313099e-02 1.102568e-01 1.267636e+02 6.490190e-02 9.978128e-01 1.254369e-02 -7.293795e+00 -1.092238e-01 1.959792e-02 -9.938240e-01 3.361534e+02
-9.917495e-01 6.620073e-02 1.097744e-01 1.268735e+02 6.864885e-02 9.974662e-01 1.866991e-02 -7.283161e+00 -1.082603e-01 2.605176e-02 -9.937812e-01 3.350720e+02
-9.916672e-01 6.782168e-02 1.095283e-01 1.269859e+02 7.091166e-02 9.971801e-01 2.456292e-02 -7.280693e+00 -1.075535e-01 3.212507e-02 -9.936801e-01 3.339951e+02
-9.918777e-01 6.589884e-02 1.087930e-01 1.271041e+02 6.899378e-02 9.973056e-01 2.492912e-02 -7.266899e+00 -1.068570e-01 3.223267e-02 -9.937518e-01 3.329129e+02
-9.920335e-01 6.574686e-02 1.074561e-01 1.272299e+02 6.834022e-02 9.974488e-01 2.062860e-02 -7.258569e+00 -1.058257e-01 2.780783e-02 -9.939958e-01 3.318875e+02
-9.923837e-01 6.229702e-02 1.062719e-01 1.273559e+02 6.442359e-02 9.977830e-01 1.669305e-02 -7.256953e+00 -1.049964e-01 2.341233e-02 -9.941970e-01 3.308516e+02
-9.927555e-01 5.900725e-02 1.046644e-01 1.274761e+02 6.100086e-02 9.980103e-01 1.594706e-02 -7.245723e+00 -1.035152e-01 2.221615e-02 -9.943797e-01 3.298070e+02
-9.928427e-01 5.861281e-02 1.040570e-01 1.275975e+02 6.111112e-02 9.979104e-01 2.098269e-02 -7.239861e+00 -1.026097e-01 2.719155e-02 -9.943500e-01 3.287675e+02
-9.931407e-01 5.581821e-02 1.027417e-01 1.277253e+02 5.896084e-02 9.978729e-01 2.780695e-02 -7.233309e+00 -1.009710e-01 3.367395e-02 -9.943193e-01 3.277264e+02
-9.931257e-01 5.713182e-02 1.021630e-01 1.278538e+02 5.999835e-02 9.978802e-01 2.520675e-02 -7.223006e+00 -1.005063e-01 3.116308e-02 -9.944483e-01 3.266922e+02
-9.930060e-01 5.888241e-02 1.023321e-01 1.279282e+02 6.124399e-02 9.979207e-01 2.008828e-02 -7.168629e+00 -1.009365e-01 2.621501e-02 -9.945474e-01 3.256180e+02
-9.929341e-01 6.126054e-02 1.016320e-01 1.280356e+02 6.345740e-02 9.978126e-01 1.852239e-02 -7.146053e+00 -1.002750e-01 2.484082e-02 -9.946496e-01 3.245257e+02
-9.929620e-01 6.118342e-02 1.014049e-01 1.281411e+02 6.379479e-02 9.977046e-01 2.270918e-02 -7.133486e+00 -9.978276e-02 2.901846e-02 -9.945860e-01 3.234482e+02
-9.926385e-01 6.532444e-02 1.019876e-01 1.282370e+02 6.840949e-02 9.972906e-01 2.704684e-02 -7.128182e+00 -9.994443e-02 3.382465e-02 -9.944179e-01 3.223430e+02
-9.924347e-01 6.839436e-02 1.019583e-01 1.283444e+02 7.149335e-02 9.970741e-01 2.705257e-02 -7.107104e+00 -9.980977e-02 3.413725e-02 -9.944208e-01 3.212424e+02
-9.921590e-01 7.323899e-02 1.012745e-01 1.284680e+02 7.609570e-02 9.967962e-01 2.463295e-02 -7.088608e+00 -9.914590e-02 3.214636e-02 -9.945535e-01 3.201833e+02
-9.920241e-01 7.550112e-02 1.009345e-01 1.285838e+02 7.843295e-02 9.965959e-01 2.539548e-02 -7.072093e+00 -9.867350e-02 3.310952e-02 -9.945689e-01 3.190984e+02
-9.917484e-01 7.878854e-02 1.011308e-01 1.286952e+02 8.184713e-02 9.962938e-01 2.645313e-02 -7.060130e+00 -9.867178e-02 3.451211e-02 -9.945214e-01 3.180011e+02
-9.914529e-01 8.280474e-02 1.008193e-01 1.288011e+02 8.610299e-02 9.958697e-01 2.880734e-02 -7.049917e+00 -9.801747e-02 3.724196e-02 -9.944876e-01 3.169030e+02
-9.913490e-01 8.347685e-02 1.012854e-01 1.289065e+02 8.641034e-02 9.959479e-01 2.492177e-02 -7.019891e+00 -9.879459e-02 3.345828e-02 -9.945452e-01 3.157546e+02
-9.911972e-01 8.510775e-02 1.014143e-01 1.290208e+02 8.757932e-02 9.959534e-01 2.016498e-02 -6.995399e+00 -9.928776e-02 2.886926e-02 -9.946399e-01 3.146361e+02
-9.911313e-01 8.490070e-02 1.022281e-01 1.291287e+02 8.717154e-02 9.960316e-01 1.794672e-02 -6.980487e+00 -1.002987e-01 2.669893e-02 -9.945991e-01 3.135049e+02
-9.914168e-01 8.110101e-02 1.025447e-01 1.292518e+02 8.351376e-02 9.963168e-01 1.945147e-02 -6.963819e+00 -1.005894e-01 2.784841e-02 -9.945382e-01 3.123760e+02
-9.912520e-01 8.197204e-02 1.034406e-01 1.293458e+02 8.478339e-02 9.961322e-01 2.307330e-02 -6.945177e+00 -1.011492e-01 3.164150e-02 -9.943680e-01 3.111923e+02
-9.915098e-01 7.865182e-02 1.035478e-01 1.294716e+02 8.178359e-02 9.963018e-01 2.634801e-02 -6.918983e+00 -1.010926e-01 3.459282e-02 -9.942754e-01 3.100455e+02
-9.916241e-01 7.804544e-02 1.029105e-01 1.295869e+02 8.147928e-02 9.962357e-01 2.959038e-02 -6.886918e+00 -1.002137e-01 3.772761e-02 -9.942504e-01 3.088763e+02
-9.916130e-01 7.892105e-02 1.023479e-01 1.297034e+02 8.250382e-02 9.961006e-01 3.125182e-02 -6.863923e+00 -9.948236e-02 3.943380e-02 -9.942576e-01 3.077153e+02
-9.915972e-01 8.089710e-02 1.009492e-01 1.298406e+02 8.411616e-02 9.960613e-01 2.804258e-02 -6.850712e+00 -9.828299e-02 3.629840e-02 -9.944963e-01 3.066009e+02
-9.919539e-01 7.970600e-02 9.835852e-02 1.299586e+02 8.258255e-02 9.962573e-01 2.552291e-02 -6.817208e+00 -9.595607e-02 3.344025e-02 -9.948237e-01 3.053935e+02
-9.917775e-01 8.232633e-02 9.797805e-02 1.300833e+02 8.517290e-02 9.960468e-01 2.522703e-02 -6.803287e+00 -9.551387e-02 3.336468e-02 -9.948688e-01 3.042502e+02
-9.917921e-01 8.230786e-02 9.784556e-02 1.302121e+02 8.523604e-02 9.960182e-01 2.612592e-02 -6.785203e+00 -9.530559e-02 3.425145e-02 -9.948586e-01 3.030804e+02
-9.919154e-01 8.059468e-02 9.802165e-02 1.303310e+02 8.314717e-02 9.962892e-01 2.223341e-02 -6.759165e+00 -9.586602e-02 3.020389e-02 -9.949359e-01 3.019060e+02
-9.916470e-01 8.279662e-02 9.889848e-02 1.304517e+02 8.494622e-02 9.962280e-01 1.771880e-02 -6.751912e+00 -9.705837e-02 2.597185e-02 -9.949398e-01 3.007892e+02
-9.915754e-01 8.292241e-02 9.950912e-02 1.305790e+02 8.490612e-02 9.962627e-01 1.586107e-02 -6.732980e+00 -9.782199e-02 2.417638e-02 -9.949102e-01 2.996110e+02
-9.913956e-01 8.374081e-02 1.006089e-01 1.306950e+02 8.588791e-02 9.961564e-01 1.719480e-02 -6.723810e+00 -9.878233e-02 2.568794e-02 -9.947775e-01 2.983969e+02
-9.914059e-01 8.185763e-02 1.020470e-01 1.308144e+02 8.441609e-02 9.962092e-01 2.100294e-02 -6.710174e+00 -9.994090e-02 2.943685e-02 -9.945578e-01 2.972061e+02
-9.911222e-01 8.246027e-02 1.042930e-01 1.309305e+02 8.542856e-02 9.960476e-01 2.431404e-02 -6.697969e+00 -1.018758e-01 3.300779e-02 -9.942494e-01 2.960024e+02
-9.913727e-01 7.827093e-02 1.051372e-01 1.310619e+02 8.106766e-02 9.964526e-01 2.258948e-02 -6.684223e+00 -1.029961e-01 3.091782e-02 -9.942011e-01 2.948406e+02
-9.915734e-01 7.750640e-02 1.038028e-01 1.311872e+02 7.950755e-02 9.967172e-01 1.527523e-02 -6.669365e+00 -1.022781e-01 2.339961e-02 -9.944806e-01 2.936755e+02
-9.917671e-01 7.419066e-02 1.043734e-01 1.313131e+02 7.519048e-02 9.971531e-01 5.672008e-03 -6.657206e+00 -1.036554e-01 1.347320e-02 -9.945220e-01 2.924960e+02
-9.916078e-01 7.454482e-02 1.056268e-01 1.314451e+02 7.546995e-02 9.971366e-01 4.783151e-03 -6.655067e+00 -1.049678e-01 1.271466e-02 -9.943943e-01 2.913387e+02
-9.914890e-01 7.346336e-02 1.074839e-01 1.315749e+02 7.499210e-02 9.971315e-01 1.024530e-02 -6.662974e+00 -1.064229e-01 1.821854e-02 -9.941540e-01 2.901988e+02
-9.912848e-01 7.430058e-02 1.087835e-01 1.316772e+02 7.644746e-02 9.969501e-01 1.569390e-02 -6.648852e+00 -1.072856e-01 2.387334e-02 -9.939416e-01 2.890082e+02
-9.914039e-01 7.169362e-02 1.094460e-01 1.318117e+02 7.446939e-02 9.969919e-01 2.148356e-02 -6.632436e+00 -1.075765e-01 2.944926e-02 -9.937606e-01 2.878313e+02
-9.914559e-01 7.170885e-02 1.089633e-01 1.319648e+02 7.473601e-02 9.969157e-01 2.395107e-02 -6.626678e+00 -1.069098e-01 3.188991e-02 -9.937572e-01 2.867029e+02
-9.915117e-01 7.059366e-02 1.091838e-01 1.320794e+02 7.343062e-02 9.970537e-01 2.217960e-02 -6.598999e+00 -1.072963e-01 3.000876e-02 -9.937741e-01 2.855126e+02
-9.918101e-01 6.854773e-02 1.077678e-01 1.322131e+02 7.133550e-02 9.972047e-01 2.222512e-02 -6.571315e+00 -1.059431e-01 2.973077e-02 -9.939276e-01 2.843392e+02
-9.918088e-01 6.889439e-02 1.075583e-01 1.323278e+02 7.167401e-02 9.971812e-01 2.219012e-02 -6.556620e+00 -1.057263e-01 2.971749e-02 -9.939511e-01 2.831856e+02
-9.919851e-01 7.090300e-02 1.045865e-01 1.324525e+02 7.313785e-02 9.971650e-01 1.768553e-02 -6.544635e+00 -1.030361e-01 2.519301e-02 -9.943585e-01 2.820393e+02
-9.921881e-01 6.892060e-02 1.039846e-01 1.325670e+02 7.010409e-02 9.975095e-01 7.765550e-03 -6.527400e+00 -1.031904e-01 1.499463e-02 -9.945486e-01 2.808694e+02
-9.922582e-01 6.813246e-02 1.038350e-01 1.326852e+02 6.898891e-02 9.976065e-01 4.674933e-03 -6.527725e+00 -1.032679e-01 1.180220e-02 -9.945836e-01 2.797402e+02
-9.925792e-01 6.354249e-02 1.036771e-01 1.328015e+02 6.487513e-02 9.978479e-01 9.529265e-03 -6.523847e+00 -1.028484e-01 1.618461e-02 -9.945654e-01 2.785770e+02
-9.931064e-01 5.549944e-02 1.032449e-01 1.329309e+02 5.756144e-02 9.981955e-01 1.709856e-02 -6.514383e+00 -1.021097e-01 2.292361e-02 -9.945090e-01 2.774305e+02
-9.933307e-01 5.176928e-02 1.030245e-01 1.330461e+02 5.477779e-02 9.981445e-01 2.658822e-02 -6.500822e+00 -1.014569e-01 3.205435e-02 -9.943234e-01 2.762734e+02
-9.933731e-01 5.188558e-02 1.025564e-01 1.331494e+02 5.545949e-02 9.979381e-01 3.230781e-02 -6.476691e+00 -1.006686e-01 3.778143e-02 -9.942024e-01 2.751189e+02
-9.935654e-01 4.896058e-02 1.021308e-01 1.332603e+02 5.242115e-02 9.981288e-01 3.147801e-02 -6.443325e+00 -1.003985e-01 3.662927e-02 -9.942728e-01 2.739574e+02
-9.931722e-01 5.749444e-02 1.015057e-01 1.333757e+02 6.000500e-02 9.979588e-01 2.185312e-02 -6.440677e+00 -1.000421e-01 2.779476e-02 -9.945949e-01 2.728701e+02
-9.928504e-01 6.422067e-02 1.006174e-01 1.334795e+02 6.507076e-02 9.978672e-01 5.186319e-03 -6.419264e+00 -1.000698e-01 1.169649e-02 -9.949117e-01 2.717637e+02
-9.929280e-01 6.811932e-02 9.723061e-02 1.335982e+02 6.834061e-02 9.976615e-01 -1.056481e-03 -6.430449e+00 -9.707520e-02 5.595789e-03 -9.952613e-01 2.706804e+02
-9.927242e-01 6.873612e-02 9.886318e-02 1.336783e+02 6.969450e-02 9.975487e-01 6.269257e-03 -6.437896e+00 -9.818991e-02 1.311386e-02 -9.950813e-01 2.696318e+02
-9.926341e-01 6.915680e-02 9.947270e-02 1.338110e+02 7.136225e-02 9.972736e-01 1.878261e-02 -6.450936e+00 -9.790255e-02 2.574285e-02 -9.948630e-01 2.685256e+02
-9.926157e-01 6.741329e-02 1.008444e-01 1.339018e+02 7.049246e-02 9.971391e-01 2.728457e-02 -6.440755e+00 -9.871652e-02 3.419186e-02 -9.945280e-01 2.673829e+02
-9.927631e-01 6.388815e-02 1.016845e-01 1.340088e+02 6.772875e-02 9.970976e-01 3.477307e-02 -6.431650e+00 -9.916779e-02 4.140838e-02 -9.942088e-01 2.662606e+02
-9.926286e-01 6.299072e-02 1.035410e-01 1.341034e+02 6.729885e-02 9.969839e-01 3.865163e-02 -6.405888e+00 -1.007940e-01 4.533490e-02 -9.938739e-01 2.651296e+02
-9.927246e-01 6.002715e-02 1.043768e-01 1.342041e+02 6.412996e-02 9.972774e-01 3.640339e-02 -6.386011e+00 -1.019074e-01 4.283222e-02 -9.938714e-01 2.640239e+02
-9.928841e-01 5.830088e-02 1.038375e-01 1.343326e+02 6.146035e-02 9.977309e-01 2.748929e-02 -6.348952e+00 -1.019992e-01 3.367557e-02 -9.942143e-01 2.629189e+02
-9.927965e-01 5.939225e-02 1.040559e-01 1.344255e+02 6.164325e-02 9.979259e-01 1.854908e-02 -6.322175e+00 -1.027384e-01 2.482981e-02 -9.943985e-01 2.617988e+02
-9.927116e-01 6.127196e-02 1.037761e-01 1.345077e+02 6.287018e-02 9.979472e-01 1.219716e-02 -6.310354e+00 -1.028157e-01 1.863269e-02 -9.945259e-01 2.606438e+02
-9.931714e-01 6.337737e-02 9.794790e-02 1.346252e+02 6.433788e-02 9.979058e-01 6.675940e-03 -6.314059e+00 -9.731968e-02 1.293211e-02 -9.951692e-01 2.595737e+02
-9.929704e-01 6.816548e-02 9.676396e-02 1.347143e+02 6.908703e-02 9.975914e-01 6.201551e-03 -6.329324e+00 -9.610816e-02 1.284309e-02 -9.952880e-01 2.585096e+02
-9.931685e-01 6.794435e-02 9.486830e-02 1.348277e+02 6.932008e-02 9.975307e-01 1.127820e-02 -6.330179e+00 -9.386775e-02 1.777743e-02 -9.954259e-01 2.574394e+02
-9.933649e-01 6.610151e-02 9.411073e-02 1.349401e+02 6.843218e-02 9.974186e-01 2.175367e-02 -6.331048e+00 -9.242984e-02 2.804954e-02 -9.953240e-01 2.563657e+02
-9.936773e-01 6.111245e-02 9.418404e-02 1.350533e+02 6.430789e-02 9.974400e-01 3.127165e-02 -6.325039e+00 -9.203185e-02 3.713070e-02 -9.950635e-01 2.552983e+02
-9.938806e-01 5.700188e-02 9.461595e-02 1.351670e+02 6.054790e-02 9.975501e-01 3.503793e-02 -6.316081e+00 -9.238693e-02 4.055232e-02 -9.948971e-01 2.542771e+02
-9.942782e-01 4.976667e-02 9.452070e-02 1.352872e+02 5.292573e-02 9.981105e-01 3.121290e-02 -6.297296e+00 -9.278875e-02 3.603688e-02 -9.950335e-01 2.532649e+02
-9.943302e-01 4.698726e-02 9.539233e-02 1.353899e+02 4.943303e-02 9.985024e-01 2.343866e-02 -6.285748e+00 -9.414815e-02 2.802130e-02 -9.951638e-01 2.522481e+02
-9.939591e-01 5.047680e-02 9.745462e-02 1.354825e+02 5.205066e-02 9.985508e-01 1.367381e-02 -6.272620e+00 -9.662318e-02 1.866378e-02 -9.951460e-01 2.512422e+02
-9.935926e-01 5.334363e-02 9.964080e-02 1.355661e+02 5.443305e-02 9.984834e-01 8.245038e-03 -6.271325e+00 -9.904986e-02 1.361596e-02 -9.949893e-01 2.502446e+02
-9.932589e-01 5.923019e-02 9.964236e-02 1.356260e+02 6.017865e-02 9.981662e-01 6.537468e-03 -6.259793e+00 -9.907243e-02 1.248974e-02 -9.950018e-01 2.492359e+02
-9.929853e-01 6.080920e-02 1.014022e-01 1.357238e+02 6.239125e-02 9.979735e-01 1.250098e-02 -6.273864e+00 -1.004365e-01 1.873989e-02 -9.947670e-01 2.482955e+02
-9.926854e-01 6.336197e-02 1.027661e-01 1.358245e+02 6.542997e-02 9.977145e-01 1.687552e-02 -6.282219e+00 -1.014619e-01 2.347607e-02 -9.945624e-01 2.473673e+02
-9.925410e-01 6.489978e-02 1.032005e-01 1.359326e+02 6.681322e-02 9.976499e-01 1.518993e-02 -6.288166e+00 -1.019721e-01 2.197179e-02 -9.945446e-01 2.464402e+02
-9.923405e-01 6.546713e-02 1.047584e-01 1.360204e+02 6.673148e-02 9.977339e-01 8.606241e-03 -6.290865e+00 -1.039576e-01 1.553101e-02 -9.944605e-01 2.455494e+02
-9.922273e-01 6.742195e-02 1.045905e-01 1.361237e+02 6.819302e-02 9.976649e-01 3.809767e-03 -6.284592e+00 -1.040894e-01 1.091250e-02 -9.945081e-01 2.446582e+02
-9.921289e-01 6.435944e-02 1.074152e-01 1.362025e+02 6.505162e-02 9.978775e-01 2.948853e-03 -6.300492e+00 -1.069974e-01 9.913176e-03 -9.942099e-01 2.437932e+02
-9.920989e-01 6.180300e-02 1.091796e-01 1.362864e+02 6.255337e-02 9.980356e-01 3.457887e-03 -6.308365e+00 -1.087514e-01 1.026012e-02 -9.940160e-01 2.429356e+02
-9.917951e-01 6.222447e-02 1.116721e-01 1.363531e+02 6.283506e-02 9.980220e-01 1.953153e-03 -6.301339e+00 -1.113297e-01 8.954052e-03 -9.937432e-01 2.420857e+02
-9.917535e-01 5.773127e-02 1.144203e-01 1.364354e+02 5.846328e-02 9.982849e-01 3.049343e-03 -6.305878e+00 -1.140480e-01 9.713581e-03 -9.934278e-01 2.412660e+02
-9.922821e-01 5.002473e-02 1.134622e-01 1.365186e+02 5.113149e-02 9.986683e-01 6.863561e-03 -6.301002e+00 -1.129677e-01 1.261208e-02 -9.935186e-01 2.404464e+02
-9.918842e-01 4.709607e-02 1.181001e-01 1.365940e+02 4.912540e-02 9.986898e-01 1.432976e-02 -6.300650e+00 -1.172705e-01 2.001518e-02 -9.928983e-01 2.396723e+02
-9.912744e-01 4.740978e-02 1.229932e-01 1.366492e+02 4.977772e-02 9.986281e-01 1.625002e-02 -6.291788e+00 -1.220541e-01 2.223055e-02 -9.922745e-01 2.388918e+02
-9.909619e-01 4.831485e-02 1.251407e-01 1.367416e+02 5.046140e-02 9.986273e-01 1.403857e-02 -6.298033e+00 -1.242906e-01 2.022646e-02 -9.920397e-01 2.381640e+02
-9.905953e-01 4.749882e-02 1.283151e-01 1.368143e+02 4.911499e-02 9.987483e-01 9.458797e-03 -6.301424e+00 -1.277053e-01 1.567204e-02 -9.916883e-01 2.374571e+02
-9.901615e-01 5.028635e-02 1.305815e-01 1.369098e+02 5.136231e-02 9.986681e-01 4.882783e-03 -6.294598e+00 -1.301621e-01 1.154171e-02 -9.914256e-01 2.367810e+02
-9.899374e-01 4.774030e-02 1.332099e-01 1.370110e+02 4.898242e-02 9.987812e-01 6.061193e-03 -6.282650e+00 -1.327582e-01 1.252515e-02 -9.910693e-01 2.361217e+02
-9.898122e-01 4.558511e-02 1.348846e-01 1.370883e+02 4.762262e-02 9.987943e-01 1.191616e-02 -6.286321e+00 -1.341788e-01 1.821832e-02 -9.907897e-01 2.354815e+02
-9.902836e-01 3.819689e-02 1.337136e-01 1.372056e+02 4.063970e-02 9.990523e-01 1.558659e-02 -6.291582e+00 -1.329915e-01 2.086923e-02 -9.908974e-01 2.348958e+02
-9.906049e-01 3.558710e-02 1.320434e-01 1.372951e+02 3.808779e-02 9.991388e-01 1.646046e-02 -6.294899e+00 -1.313439e-01 2.133505e-02 -9.911073e-01 2.343191e+02
-9.915683e-01 3.289409e-02 1.253404e-01 1.373703e+02 3.530357e-02 9.992312e-01 1.705045e-02 -6.301523e+00 -1.246831e-01 2.133165e-02 -9.919673e-01 2.337514e+02
-9.924151e-01 3.181153e-02 1.187446e-01 1.374415e+02 3.400897e-02 9.992849e-01 1.652480e-02 -6.304218e+00 -1.181340e-01 2.043784e-02 -9.927873e-01 2.331981e+02
-9.932250e-01 3.089397e-02 1.120255e-01 1.374903e+02 3.265353e-02 9.993700e-01 1.390572e-02 -6.304835e+00 -1.115253e-01 1.746954e-02 -9.936080e-01 2.326520e+02
-9.944457e-01 2.772837e-02 1.015326e-01 1.375396e+02 2.898487e-02 9.995202e-01 1.092079e-02 -6.305030e+00 -1.011811e-01 1.380304e-02 -9.947723e-01 2.321249e+02
-9.959864e-01 2.457035e-02 8.606591e-02 1.375815e+02 2.559400e-02 9.996140e-01 1.081047e-02 -6.304897e+00 -8.576707e-02 1.296985e-02 -9.962308e-01 2.316206e+02
-9.975043e-01 2.413011e-02 6.635370e-02 1.376103e+02 2.495572e-02 9.996208e-01 1.164173e-02 -6.298068e+00 -6.604762e-02 1.326858e-02 -9.977282e-01 2.311402e+02
-9.986721e-01 2.891269e-02 4.263795e-02 1.376129e+02 2.952671e-02 9.994681e-01 1.384196e-02 -6.297642e+00 -4.221507e-02 1.508253e-02 -9.989947e-01 2.306650e+02
-9.992834e-01 3.509461e-02 1.417775e-02 1.376099e+02 3.529391e-02 9.992781e-01 1.406064e-02 -6.291860e+00 -1.367407e-02 1.455096e-02 -9.998006e-01 2.302121e+02
-9.991236e-01 3.716778e-02 -1.924859e-02 1.375881e+02 3.692505e-02 9.992359e-01 1.281595e-02 -6.289400e+00 1.971022e-02 1.209397e-02 -9.997326e-01 2.297652e+02
-9.976567e-01 3.749036e-02 -5.723354e-02 1.375503e+02 3.680295e-02 9.992377e-01 1.301813e-02 -6.287925e+00 5.767797e-02 1.088126e-02 -9.982759e-01 2.293244e+02
-9.941376e-01 3.978847e-02 -1.005356e-01 1.374869e+02 3.861352e-02 9.991616e-01 1.360670e-02 -6.286934e+00 1.009927e-01 9.644901e-03 -9.948404e-01 2.288936e+02
-9.889836e-01 4.675778e-02 -1.404463e-01 1.373920e+02 4.516401e-02 9.988741e-01 1.451568e-02 -6.281240e+00 1.409669e-01 8.012649e-03 -9.899819e-01 2.284673e+02
-9.818865e-01 5.426283e-02 -1.815338e-01 1.372798e+02 5.246497e-02 9.985146e-01 1.469475e-02 -6.281546e+00 1.820616e-01 4.904406e-03 -9.832749e-01 2.280519e+02
-9.727115e-01 6.066487e-02 -2.239466e-01 1.371471e+02 5.878417e-02 9.981571e-01 1.506176e-02 -6.271778e+00 2.244476e-01 1.486231e-03 -9.744850e-01 2.276457e+02
-9.614806e-01 6.372397e-02 -2.673843e-01 1.370107e+02 6.148954e-02 9.979675e-01 1.673042e-02 -6.261768e+00 2.679069e-01 -3.553638e-04 -9.634447e-01 2.272489e+02
-9.486558e-01 6.516356e-02 -3.095252e-01 1.368559e+02 6.198026e-02 9.978746e-01 2.011832e-02 -6.258964e+00 3.101783e-01 -9.909363e-05 -9.506784e-01 2.268624e+02
-9.334901e-01 7.038577e-02 -3.516278e-01 1.366743e+02 6.571296e-02 9.975197e-01 2.522213e-02 -6.249283e+00 3.525310e-01 4.381036e-04 -9.358000e-01 2.264926e+02
-9.151977e-01 7.291025e-02 -3.963549e-01 1.364723e+02 6.675376e-02 9.973384e-01 2.932550e-02 -6.226384e+00 3.974381e-01 3.804506e-04 -9.176289e-01 2.261279e+02
-8.924796e-01 7.467928e-02 -4.448630e-01 1.362579e+02 6.766802e-02 9.972059e-01 3.164633e-02 -6.203132e+00 4.459834e-01 -1.859301e-03 -8.950393e-01 2.257665e+02
-8.667693e-01 7.601432e-02 -4.928821e-01 1.360149e+02 6.728960e-02 9.971037e-01 3.544377e-02 -6.185781e+00 4.941488e-01 -2.444264e-03 -8.693739e-01 2.254017e+02
-8.361597e-01 7.846214e-02 -5.428450e-01 1.357477e+02 6.793170e-02 9.969095e-01 3.945492e-02 -6.166096e+00 5.442631e-01 -3.885774e-03 -8.389056e-01 2.250495e+02
-8.041045e-01 7.764861e-02 -5.893952e-01 1.354615e+02 6.412682e-02 9.969776e-01 4.385726e-02 -6.150354e+00 5.910192e-01 -2.530223e-03 -8.066535e-01 2.247030e+02
-7.688834e-01 7.674605e-02 -6.347664e-01 1.351450e+02 6.002972e-02 9.970498e-01 4.783458e-02 -6.137525e+00 6.365648e-01 -1.325638e-03 -7.712221e-01 2.243655e+02
-7.309209e-01 7.227445e-02 -6.786243e-01 1.348306e+02 5.511849e-02 9.973798e-01 4.685629e-02 -6.110466e+00 6.802327e-01 -3.156508e-03 -7.329894e-01 2.240681e+02
-6.901975e-01 6.826822e-02 -7.203936e-01 1.344585e+02 5.314610e-02 9.976335e-01 4.362248e-02 -6.075767e+00 7.216668e-01 -8.177984e-03 -6.921923e-01 2.237551e+02
-6.486897e-01 6.371357e-02 -7.583813e-01 1.340796e+02 5.056933e-02 9.978958e-01 4.058077e-02 -6.059510e+00 7.593710e-01 -1.202650e-02 -6.505467e-01 2.234844e+02
-6.057462e-01 6.004099e-02 -7.933893e-01 1.336733e+02 4.866474e-02 9.980777e-01 3.837598e-02 -6.040163e+00 7.941683e-01 -1.536398e-02 -6.075036e-01 2.232098e+02
-5.616250e-01 5.725329e-02 -8.254086e-01 1.332562e+02 4.472784e-02 9.982451e-01 3.880811e-02 -6.014479e+00 8.261820e-01 -1.512314e-02 -5.632003e-01 2.229522e+02
-5.168847e-01 5.680914e-02 -8.541680e-01 1.328436e+02 4.070746e-02 9.982980e-01 4.176155e-02 -6.002731e+00 8.550866e-01 -1.318510e-02 -5.183175e-01 2.227062e+02
-4.735630e-01 5.771698e-02 -8.788668e-01 1.323537e+02 3.816908e-02 9.982580e-01 4.499086e-02 -5.974822e+00 8.799325e-01 -1.223953e-02 -4.749410e-01 2.224959e+02
-4.272801e-01 5.986964e-02 -9.021349e-01 1.318489e+02 3.963762e-02 9.980862e-01 4.746374e-02 -5.947367e+00 9.032500e-01 -1.547817e-02 -4.288355e-01 2.223023e+02
-3.841816e-01 6.211712e-02 -9.211656e-01 1.313462e+02 4.030516e-02 9.979113e-01 5.048265e-02 -5.922299e+00 9.223774e-01 -1.773323e-02 -3.858828e-01 2.221178e+02
-3.421445e-01 6.328705e-02 -9.375137e-01 1.308008e+02 3.711839e-02 9.978608e-01 5.381449e-02 -5.899446e+00 9.389139e-01 -1.638667e-02 -3.437617e-01 2.219452e+02
-3.040476e-01 5.993385e-02 -9.507697e-01 1.302546e+02 3.142310e-02 9.981069e-01 5.286903e-02 -5.879240e+00 9.521385e-01 -1.380143e-02 -3.053553e-01 2.217852e+02
-2.694607e-01 5.526675e-02 -9.614242e-01 1.297215e+02 2.957436e-02 9.983559e-01 4.910086e-02 -5.855656e+00 9.625572e-01 -1.520275e-02 -2.706522e-01 2.216403e+02
-2.385277e-01 5.117504e-02 -9.697864e-01 1.291213e+02 3.162187e-02 9.984903e-01 4.491204e-02 -5.820477e+00 9.706207e-01 -1.995369e-02 -2.397859e-01 2.215160e+02
-2.116869e-01 4.952352e-02 -9.760820e-01 1.285104e+02 3.655531e-02 9.984177e-01 4.272888e-02 -5.784618e+00 9.766537e-01 -2.663584e-02 -2.131623e-01 2.214129e+02
-1.877128e-01 5.007940e-02 -9.809465e-01 1.278815e+02 3.999886e-02 9.982607e-01 4.330919e-02 -5.752598e+00 9.814092e-01 -3.110705e-02 -1.893894e-01 2.213081e+02
-1.669923e-01 5.193617e-02 -9.845894e-01 1.272260e+02 4.458345e-02 9.979880e-01 4.508131e-02 -5.739121e+00 9.849497e-01 -3.636816e-02 -1.689718e-01 2.212166e+02
-1.497187e-01 5.071584e-02 -9.874271e-01 1.265330e+02 4.214486e-02 9.981033e-01 4.487397e-02 -5.700049e+00 9.878300e-01 -3.489651e-02 -1.515722e-01 2.211337e+02
-1.343359e-01 4.930045e-02 -9.897087e-01 1.258393e+02 4.328710e-02 9.981002e-01 4.384298e-02 -5.667572e+00 9.899899e-01 -3.695194e-02 -1.362148e-01 2.210546e+02
-1.225281e-01 5.133594e-02 -9.911365e-01 1.251229e+02 4.603672e-02 9.978803e-01 4.599400e-02 -5.647657e+00 9.913967e-01 -3.999311e-02 -1.246317e-01 2.209736e+02
-1.132274e-01 5.475694e-02 -9.920591e-01 1.243865e+02 5.120423e-02 9.974750e-01 4.921174e-02 -5.615759e+00 9.922488e-01 -4.522550e-02 -1.157453e-01 2.209046e+02
-1.053838e-01 5.682693e-02 -9.928066e-01 1.236586e+02 5.215808e-02 9.973075e-01 5.154812e-02 -5.586341e+00 9.930628e-01 -4.635055e-02 -1.080641e-01 2.208288e+02
-9.780358e-02 5.556877e-02 -9.936531e-01 1.229035e+02 4.920292e-02 9.974889e-01 5.094032e-02 -5.546971e+00 9.939887e-01 -4.390849e-02 -1.002921e-01 2.207414e+02
-8.987688e-02 5.139163e-02 -9.946261e-01 1.221324e+02 5.100989e-02 9.975946e-01 4.693564e-02 -5.509127e+00 9.946457e-01 -4.651734e-02 -9.228218e-02 2.206682e+02
-8.216191e-02 4.696597e-02 -9.955117e-01 1.213424e+02 5.508213e-02 9.975762e-01 4.251731e-02 -5.469478e+00 9.950957e-01 -5.134161e-02 -8.454975e-02 2.206021e+02
-7.549853e-02 3.960746e-02 -9.963590e-01 1.205155e+02 5.677480e-02 9.977606e-01 3.536110e-02 -5.443095e+00 9.955283e-01 -5.389838e-02 -7.757816e-02 2.205417e+02
-7.117578e-02 3.503050e-02 -9.968485e-01 1.197012e+02 6.062677e-02 9.976873e-01 3.073117e-02 -5.411639e+00 9.956196e-01 -5.824838e-02 -7.313496e-02 2.204781e+02
-6.879729e-02 3.293158e-02 -9.970870e-01 1.188525e+02 6.396417e-02 9.975442e-01 2.853327e-02 -5.376802e+00 9.955780e-01 -6.181483e-02 -7.073478e-02 2.204030e+02
-6.443834e-02 3.083955e-02 -9.974450e-01 1.179907e+02 6.424152e-02 9.975773e-01 2.669342e-02 -5.352512e+00 9.958518e-01 -6.235730e-02 -6.626340e-02 2.203492e+02
-6.395151e-02 3.724042e-02 -9.972579e-01 1.170942e+02 6.103918e-02 9.975785e-01 3.333810e-02 -5.333905e+00 9.960845e-01 -5.873978e-02 -6.606977e-02 2.202835e+02
-6.480647e-02 4.654114e-02 -9.968119e-01 1.161611e+02 5.874431e-02 9.973574e-01 4.274742e-02 -5.295449e+00 9.961673e-01 -5.578672e-02 -6.736924e-02 2.202174e+02
-6.540546e-02 5.293941e-02 -9.964535e-01 1.152081e+02 5.643171e-02 9.971898e-01 4.927445e-02 -5.261489e+00 9.962618e-01 -5.300876e-02 -6.820912e-02 2.201496e+02
-6.534613e-02 5.132452e-02 -9.965419e-01 1.142371e+02 5.597898e-02 9.972922e-01 4.769246e-02 -5.226094e+00 9.962912e-01 -5.266888e-02 -6.804228e-02 2.200887e+02
-6.572265e-02 4.209258e-02 -9.969497e-01 1.132577e+02 5.883186e-02 9.975353e-01 3.823889e-02 -5.183045e+00 9.961021e-01 -5.613924e-02 -6.803704e-02 2.200286e+02
-6.645478e-02 3.634096e-02 -9.971274e-01 1.122702e+02 6.059587e-02 9.976390e-01 3.232112e-02 -5.147749e+00 9.959477e-01 -5.827391e-02 -6.849999e-02 2.199654e+02
-6.616716e-02 3.542379e-02 -9.971796e-01 1.112594e+02 6.340593e-02 9.974991e-01 3.122789e-02 -5.122922e+00 9.957919e-01 -6.116083e-02 -6.824776e-02 2.199006e+02
-6.626871e-02 3.970588e-02 -9.970115e-01 1.102844e+02 6.543757e-02 9.972298e-01 3.536512e-02 -5.112140e+00 9.956537e-01 -6.289841e-02 -6.868339e-02 2.198256e+02
-6.792593e-02 4.119708e-02 -9.968394e-01 1.092821e+02 6.258604e-02 9.973552e-01 3.695370e-02 -5.078618e+00 9.957254e-01 -5.987812e-02 -7.032464e-02 2.197581e+02
-8.652283e-02 4.610154e-02 -9.951826e-01 1.083299e+02 6.637858e-02 9.969757e-01 4.041354e-02 -5.045770e+00 9.940361e-01 -6.256212e-02 -8.932132e-02 2.196796e+02
-8.981353e-02 5.197838e-02 -9.946013e-01 1.073899e+02 6.585211e-02 9.967618e-01 4.614477e-02 -5.011542e+00 9.937792e-01 -6.135217e-02 -9.294558e-02 2.195854e+02
-9.290922e-02 5.524206e-02 -9.941409e-01 1.063894e+02 6.330898e-02 9.967671e-01 4.947133e-02 -4.977748e+00 9.936598e-01 -5.834171e-02 -9.610617e-02 2.194747e+02
-9.633684e-02 4.955815e-02 -9.941143e-01 1.053543e+02 6.475511e-02 9.969559e-01 4.342457e-02 -4.956581e+00 9.932401e-01 -6.019059e-02 -9.925272e-02 2.193784e+02
-1.004228e-01 4.369695e-02 -9.939848e-01 1.043356e+02 6.380281e-02 9.972617e-01 3.739497e-02 -4.926442e+00 9.928970e-01 -5.966372e-02 -1.029358e-01 2.192834e+02
-1.042343e-01 4.086404e-02 -9.937129e-01 1.033005e+02 6.290042e-02 9.974261e-01 3.441887e-02 -4.899880e+00 9.925617e-01 -5.891734e-02 -1.065364e-01 2.191895e+02
-1.069156e-01 4.521499e-02 -9.932395e-01 1.022638e+02 6.505195e-02 9.971431e-01 3.839029e-02 -4.870857e+00 9.921377e-01 -6.050765e-02 -1.095514e-01 2.190917e+02
-1.093667e-01 5.137271e-02 -9.926730e-01 1.012779e+02 6.496466e-02 9.968978e-01 4.443393e-02 -4.838032e+00 9.918763e-01 -5.962908e-02 -1.123649e-01 2.189732e+02
-1.113385e-01 5.515956e-02 -9.922506e-01 1.003012e+02 6.406030e-02 9.967802e-01 4.822329e-02 -4.805860e+00 9.917157e-01 -5.819476e-02 -1.145135e-01 2.188558e+02
-1.133543e-01 5.279173e-02 -9.921511e-01 9.935255e+01 6.480217e-02 9.968540e-01 4.563825e-02 -4.772252e+00 9.914391e-01 -5.912025e-02 -1.164187e-01 2.187732e+02
-1.126087e-01 4.704445e-02 -9.925251e-01 9.831851e+01 6.513227e-02 9.970798e-01 3.987063e-02 -4.733721e+00 9.915024e-01 -6.015564e-02 -1.153440e-01 2.186614e+02
-1.121027e-01 4.175255e-02 -9.928191e-01 9.739057e+01 6.565007e-02 9.972452e-01 3.452591e-02 -4.700767e+00 9.915256e-01 -6.130819e-02 -1.145349e-01 2.185213e+02
-1.124357e-01 3.584024e-02 -9.930124e-01 9.640070e+01 6.721284e-02 9.973348e-01 2.838594e-02 -4.693828e+00 9.913832e-01 -6.355159e-02 -1.145449e-01 2.184082e+02
-1.122378e-01 3.145216e-02 -9.931835e-01 9.544036e+01 6.651791e-02 9.974948e-01 2.407162e-02 -4.673756e+00 9.914525e-01 -6.336275e-02 -1.140488e-01 2.183088e+02
-1.121695e-01 3.748731e-02 -9.929817e-01 9.458935e+01 6.971535e-02 9.971227e-01 2.976844e-02 -4.671843e+00 9.912405e-01 -6.588696e-02 -1.144602e-01 2.182640e+02
-1.122392e-01 4.656292e-02 -9.925897e-01 9.356905e+01 7.549219e-02 9.964142e-01 3.820589e-02 -4.674581e+00 9.908094e-01 -7.064457e-02 -1.153519e-01 2.181959e+02
-1.106085e-01 4.834091e-02 -9.926877e-01 9.259823e+01 7.518352e-02 9.963614e-01 4.014262e-02 -4.652069e+00 9.910163e-01 -7.019364e-02 -1.138404e-01 2.180803e+02
-1.091740e-01 4.599706e-02 -9.929579e-01 9.163447e+01 7.318151e-02 9.965899e-01 3.811913e-02 -4.620496e+00 9.913251e-01 -6.850454e-02 -1.121678e-01 2.179553e+02
-1.094909e-01 4.521205e-02 -9.929590e-01 9.061797e+01 7.870039e-02 9.962232e-01 3.668259e-02 -4.600478e+00 9.908673e-01 -7.412985e-02 -1.126356e-01 2.178804e+02
-1.092219e-01 4.385527e-02 -9.930495e-01 8.962940e+01 8.025198e-02 9.961541e-01 3.516575e-02 -4.586356e+00 9.907725e-01 -7.585332e-02 -1.123213e-01 2.177856e+02
-6.910153e-02 3.629623e-02 -9.969491e-01 8.864172e+01 7.796249e-02 9.964781e-01 3.087527e-02 -4.562190e+00 9.945586e-01 -7.559111e-02 -7.168791e-02 2.176704e+02
-7.045670e-02 3.846515e-02 -9.967729e-01 8.765626e+01 8.170726e-02 9.961210e-01 3.266453e-02 -4.544549e+00 9.941629e-01 -7.914215e-02 -7.332628e-02 2.176240e+02
-7.288275e-02 4.440728e-02 -9.963514e-01 8.666156e+01 8.523363e-02 9.956307e-01 3.814035e-02 -4.519510e+00 9.936918e-01 -8.214288e-02 -7.634930e-02 2.175779e+02
-7.406845e-02 4.665703e-02 -9.961611e-01 8.571343e+01 8.329531e-02 9.957039e-01 4.044229e-02 -4.498093e+00 9.937685e-01 -7.998005e-02 -7.763656e-02 2.175039e+02
-7.506677e-02 4.548838e-02 -9.961404e-01 8.477718e+01 8.225330e-02 9.958372e-01 3.927612e-02 -4.475979e+00 9.937803e-01 -7.898751e-02 -7.849585e-02 2.174260e+02
-7.679146e-02 4.586277e-02 -9.959918e-01 8.383643e+01 8.228254e-02 9.958255e-01 3.951109e-02 -4.446078e+00 9.936461e-01 -7.891862e-02 -8.024460e-02 2.173581e+02
-7.742463e-02 4.947992e-02 -9.957696e-01 8.290383e+01 8.049079e-02 9.958177e-01 4.322387e-02 -4.422802e+00 9.937438e-01 -7.680370e-02 -8.108350e-02 2.172693e+02
-7.821348e-02 5.148327e-02 -9.956064e-01 8.197205e+01 7.831813e-02 9.958966e-01 4.534571e-02 -4.404949e+00 9.938556e-01 -7.442739e-02 -8.192461e-02 2.171855e+02
-7.879954e-02 4.978874e-02 -9.956464e-01 8.106890e+01 7.775532e-02 9.960163e-01 4.365336e-02 -4.377513e+00 9.938535e-01 -7.397694e-02 -8.235697e-02 2.171018e+02
-7.908043e-02 4.826863e-02 -9.956990e-01 8.016540e+01 7.765444e-02 9.960902e-01 4.212012e-02 -4.350677e+00 9.938391e-01 -7.398957e-02 -8.251951e-02 2.170189e+02
-1.224096e-01 9.393492e-02 -9.880243e-01 7.934956e+01 8.195309e-02 9.930679e-01 8.426099e-02 -4.338073e+00 9.890903e-01 -7.065730e-02 -1.292593e-01 2.169715e+02
-1.221226e-01 9.310069e-02 -9.881388e-01 7.848078e+01 8.083722e-02 9.932161e-01 8.358851e-02 -4.288749e+00 9.892176e-01 -6.967035e-02 -1.288201e-01 2.168437e+02
-1.223964e-01 9.165544e-02 -9.882400e-01 7.767328e+01 8.021768e-02 9.933825e-01 8.219719e-02 -4.226153e+00 9.892342e-01 -6.921368e-02 -1.289389e-01 2.167338e+02
-1.237599e-01 9.227578e-02 -9.880125e-01 7.686968e+01 8.084657e-02 9.932946e-01 8.264215e-02 -4.172410e+00 9.890133e-01 -6.964964e-02 -1.303902e-01 2.166510e+02
-1.251907e-01 9.566264e-02 -9.875100e-01 7.609106e+01 7.828971e-02 9.931894e-01 8.628771e-02 -4.141472e+00 9.890389e-01 -6.650945e-02 -1.318275e-01 2.165809e+02
-1.263283e-01 9.591384e-02 -9.873407e-01 7.533507e+01 7.562373e-02 9.933494e-01 8.682164e-02 -4.061813e+00 9.891017e-01 -6.369836e-02 -1.327415e-01 2.165251e+02
-1.294881e-01 9.614363e-02 -9.869089e-01 7.457759e+01 7.485262e-02 9.933962e-01 8.695452e-02 -3.985896e+00 9.887517e-01 -6.261315e-02 -1.358295e-01 2.165571e+02
-1.319541e-01 9.734346e-02 -9.864646e-01 7.384998e+01 7.685497e-02 9.931755e-01 8.772522e-02 -3.911783e+00 9.882719e-01 -6.423901e-02 -1.385349e-01 2.165954e+02
-1.289383e-01 9.881053e-02 -9.867175e-01 7.318332e+01 7.858805e-02 9.929120e-01 8.916143e-02 -3.854032e+00 9.885337e-01 -6.604788e-02 -1.357897e-01 2.165162e+02
-1.278083e-01 1.000619e-01 -9.867384e-01 7.254558e+01 7.775210e-02 9.928466e-01 9.061035e-02 -3.801753e+00 9.887465e-01 -6.514022e-02 -1.346741e-01 2.164733e+02
-1.091036e-01 9.951985e-02 -9.890360e-01 7.195193e+01 7.483466e-02 9.929743e-01 9.166090e-02 -3.720937e+00 9.912094e-01 -6.401363e-02 -1.157846e-01 2.164042e+02
-1.051415e-01 9.693490e-02 -9.897216e-01 7.138403e+01 7.423666e-02 9.932261e-01 8.939171e-02 -3.659605e+00 9.916825e-01 -6.407485e-02 -1.116254e-01 2.163717e+02
-1.004819e-01 9.342161e-02 -9.905432e-01 7.083732e+01 7.502009e-02 9.934592e-01 8.608650e-02 -3.607521e+00 9.921065e-01 -6.566050e-02 -1.068332e-01 2.163510e+02
-9.454952e-02 8.970843e-02 -9.914700e-01 7.032082e+01 7.560529e-02 9.937024e-01 8.270048e-02 -3.558124e+00 9.926451e-01 -6.714108e-02 -1.007365e-01 2.163180e+02
-8.754275e-02 8.724842e-02 -9.923326e-01 6.982310e+01 7.773415e-02 9.937178e-01 8.051257e-02 -3.519871e+00 9.931232e-01 -7.008984e-02 -9.377497e-02 2.162982e+02
-7.902901e-02 8.537734e-02 -9.932095e-01 6.934172e+01 7.621144e-02 9.939273e-01 7.937495e-02 -3.463217e+00 9.939548e-01 -6.942100e-02 -8.505581e-02 2.162859e+02
-6.681732e-02 8.492289e-02 -9.941446e-01 6.887070e+01 7.123517e-02 9.942347e-01 8.014281e-02 -3.425962e+00 9.952191e-01 -6.546314e-02 -7.248160e-02 2.162736e+02
-5.094687e-02 8.310026e-02 -9.952380e-01 6.839769e+01 6.633951e-02 9.946128e-01 7.965209e-02 -3.381303e+00 9.964956e-01 -6.196558e-02 -5.618524e-02 2.162634e+02
-3.183912e-02 8.134534e-02 -9.961773e-01 6.793032e+01 6.224108e-02 9.949096e-01 7.925252e-02 -3.331216e+00 9.975532e-01 -5.947982e-02 -3.674007e-02 2.162698e+02
-8.034799e-03 8.072252e-02 -9.967042e-01 6.746670e+01 6.053926e-02 9.949474e-01 8.009220e-02 -3.299629e+00 9.981335e-01 -5.969621e-02 -1.288108e-02 2.162785e+02
2.542194e-02 8.608250e-02 -9.959636e-01 6.702161e+01 5.730656e-02 9.945218e-01 8.742063e-02 -3.260324e+00 9.980329e-01 -5.929765e-02 2.034959e-02 2.163025e+02
5.590382e-02 8.466525e-02 -9.948400e-01 6.656892e+01 5.490891e-02 9.946296e-01 8.773289e-02 -3.234696e+00 9.969252e-01 -5.953018e-02 5.095471e-02 2.163465e+02
8.935129e-02 8.141750e-02 -9.926669e-01 6.611644e+01 4.956999e-02 9.950547e-01 8.607521e-02 -3.192230e+00 9.947659e-01 -5.689742e-02 8.487355e-02 2.164042e+02
1.259831e-01 7.716324e-02 -9.890268e-01 6.567527e+01 4.327187e-02 9.955940e-01 8.318762e-02 -3.143396e+00 9.910882e-01 -5.327728e-02 1.220890e-01 2.164718e+02
1.651435e-01 7.405888e-02 -9.834851e-01 6.523422e+01 3.603449e-02 9.960579e-01 8.105644e-02 -3.092264e+00 9.856110e-01 -4.882533e-02 1.618239e-01 2.165601e+02
2.057969e-01 7.271256e-02 -9.758896e-01 6.480277e+01 2.833206e-02 9.963750e-01 8.021361e-02 -3.049068e+00 9.781845e-01 -4.415667e-02 2.029908e-01 2.166730e+02
2.479052e-01 7.083563e-02 -9.661911e-01 6.438597e+01 2.229247e-02 9.966421e-01 7.878792e-02 -3.013589e+00 9.685278e-01 -4.107073e-02 2.454937e-01 2.168054e+02
2.910748e-01 6.655169e-02 -9.543827e-01 6.397311e+01 1.544444e-02 9.971206e-01 7.424228e-02 -2.971145e+00 9.565756e-01 -3.634996e-02 2.892088e-01 2.169478e+02
3.349068e-01 6.368401e-02 -9.400967e-01 6.357117e+01 3.579259e-03 9.976202e-01 6.885587e-02 -2.938058e+00 9.422445e-01 -2.642515e-02 3.338819e-01 2.171049e+02
3.792802e-01 6.065467e-02 -9.232917e-01 6.317061e+01 -8.025326e-04 9.978703e-01 6.522436e-02 -2.902925e+00 9.252815e-01 -2.399733e-02 3.785211e-01 2.172952e+02
4.291734e-01 7.876517e-02 -8.997812e-01 6.275849e+01 -5.516307e-03 9.964004e-01 8.459190e-02 -2.873153e+00 9.032053e-01 -3.134112e-02 4.280631e-01 2.175208e+02
4.732826e-01 7.869583e-02 -8.773885e-01 6.236095e+01 -5.528699e-03 9.962474e-01 8.637437e-02 -2.832413e+00 8.808933e-01 -3.602867e-02 4.719416e-01 2.177700e+02
5.168600e-01 8.212087e-02 -8.521220e-01 6.197016e+01 -1.158565e-02 9.959681e-01 8.895629e-02 -2.792353e+00 8.559915e-01 -3.610556e-02 5.157275e-01 2.180417e+02
5.598375e-01 8.474548e-02 -8.242573e-01 6.157649e+01 -1.740465e-02 9.957394e-01 9.055501e-02 -2.749772e+00 8.284196e-01 -3.635018e-02 5.589272e-01 2.183360e+02
6.013975e-01 8.641903e-02 -7.942624e-01 6.120305e+01 -2.405595e-02 9.956408e-01 9.011521e-02 -2.714008e+00 7.985877e-01 -3.508833e-02 6.008548e-01 2.186527e+02
6.423560e-01 8.377995e-02 -7.618134e-01 6.084968e+01 -2.777138e-02 9.958988e-01 8.610669e-02 -2.664628e+00 7.659031e-01 -3.415454e-02 6.420483e-01 2.189951e+02
6.820176e-01 8.288055e-02 -7.266243e-01 6.052090e+01 -3.539650e-02 9.961342e-01 8.039796e-02 -2.620595e+00 7.304787e-01 -2.911287e-02 6.823147e-01 2.193477e+02
7.195441e-01 7.919015e-02 -6.899168e-01 6.020525e+01 -4.169117e-02 9.966109e-01 7.091164e-02 -2.582728e+00 6.931941e-01 -2.226062e-02 7.204071e-01 2.197156e+02
7.545959e-01 7.487821e-02 -6.519036e-01 5.989757e+01 -4.762587e-02 9.970975e-01 5.939928e-02 -2.537224e+00 6.544592e-01 -1.377498e-02 7.559718e-01 2.201036e+02
7.876188e-01 6.675147e-02 -6.125365e-01 5.964928e+01 -4.384339e-02 9.976661e-01 5.234594e-02 -2.508121e+00 6.146010e-01 -1.437297e-02 7.887072e-01 2.204884e+02
8.259627e-01 6.403037e-02 -5.600765e-01 5.943448e+01 -3.838798e-02 9.976107e-01 5.743918e-02 -2.486479e+00 5.624162e-01 -2.594241e-02 8.264473e-01 2.208778e+02
8.512718e-01 5.647676e-02 -5.216768e-01 5.920327e+01 -3.318714e-02 9.979953e-01 5.388828e-02 -2.451130e+00 5.236744e-01 -2.856061e-02 8.514396e-01 2.213324e+02
8.733726e-01 5.602682e-02 -4.838195e-01 5.897658e+01 -3.476482e-02 9.979991e-01 5.281323e-02 -2.426948e+00 4.858104e-01 -2.930573e-02 8.735728e-01 2.217930e+02
8.926956e-01 5.995943e-02 -4.466536e-01 5.876441e+01 -4.089060e-02 9.977981e-01 5.222064e-02 -2.406223e+00 4.488013e-01 -2.835320e-02 8.931817e-01 2.222570e+02
9.101903e-01 6.201874e-02 -4.095209e-01 5.857379e+01 -4.499709e-02 9.976803e-01 5.108155e-02 -2.392996e+00 4.117390e-01 -2.806668e-02 9.108695e-01 2.227224e+02
9.256551e-01 5.928764e-02 -3.736946e-01 5.841182e+01 -4.373528e-02 9.977927e-01 4.996858e-02 -2.376695e+00 3.758323e-01 -2.991004e-02 9.262049e-01 2.232103e+02
9.391691e-01 5.504333e-02 -3.390158e-01 5.827074e+01 -4.109728e-02 9.979926e-01 4.818520e-02 -2.360258e+00 3.409875e-01 -3.132142e-02 9.395459e-01 2.236965e+02
9.502251e-01 5.853098e-02 -3.060169e-01 5.816003e+01 -4.687484e-02 9.978727e-01 4.530738e-02 -2.367445e+00 3.080178e-01 -2.870772e-02 9.509474e-01 2.241576e+02
9.595811e-01 6.170397e-02 -2.745846e-01 5.803216e+01 -5.260496e-02 9.977984e-01 4.038609e-02 -2.352888e+00 2.764720e-01 -2.430921e-02 9.607145e-01 2.246511e+02
9.677740e-01 5.965201e-02 -2.446530e-01 5.791548e+01 -5.286657e-02 9.980153e-01 3.421469e-02 -2.337742e+00 2.462084e-01 -2.017812e-02 9.690068e-01 2.251672e+02
9.768134e-01 5.308472e-02 -2.074071e-01 5.786908e+01 -4.747242e-02 9.983615e-01 3.194709e-02 -2.325524e+00 2.087631e-01 -2.136023e-02 9.777329e-01 2.255494e+02
9.823629e-01 4.919621e-02 -1.803966e-01 5.779326e+01 -4.545234e-02 9.986578e-01 2.483137e-02 -2.318046e+00 1.813761e-01 -1.619397e-02 9.832805e-01 2.260711e+02
9.867355e-01 4.777778e-02 -1.551459e-01 5.773026e+01 -4.498531e-02 9.987571e-01 2.146235e-02 -2.307742e+00 1.559785e-01 -1.419838e-02 9.876584e-01 2.265821e+02
9.897695e-01 4.908849e-02 -1.339654e-01 5.766343e+01 -4.658499e-02 9.986773e-01 2.176051e-02 -2.301015e+00 1.348564e-01 -1.529712e-02 9.907471e-01 2.271095e+02
9.919164e-01 4.632296e-02 -1.181358e-01 5.761206e+01 -4.356070e-02 9.987161e-01 2.585931e-02 -2.296718e+00 1.191820e-01 -2.050420e-02 9.926607e-01 2.276575e+02
9.932975e-01 4.372083e-02 -1.069977e-01 5.757680e+01 -4.055309e-02 9.986774e-01 3.160558e-02 -2.284704e+00 1.082380e-01 -2.705466e-02 9.937568e-01 2.281911e+02
9.942897e-01 4.333601e-02 -9.751959e-02 5.752234e+01 -4.000455e-02 9.985557e-01 3.586266e-02 -2.269496e+00 9.893289e-02 -3.175664e-02 9.945873e-01 2.287340e+02
9.947066e-01 4.785955e-02 -9.092976e-02 5.748313e+01 -4.454514e-02 9.982791e-01 3.813766e-02 -2.263910e+00 9.259853e-02 -3.388530e-02 9.951268e-01 2.292491e+02
9.950765e-01 4.767878e-02 -8.688815e-02 5.744330e+01 -4.450399e-02 9.982817e-01 3.811771e-02 -2.243140e+00 8.855626e-02 -3.406317e-02 9.954886e-01 2.297797e+02
9.954213e-01 3.926551e-02 -8.714771e-02 5.740111e+01 -3.599715e-02 9.985998e-01 3.876413e-02 -2.224319e+00 8.854778e-02 -3.544957e-02 9.954409e-01 2.303243e+02
9.956623e-01 2.980737e-02 -8.813737e-02 5.735547e+01 -2.643684e-02 9.988830e-01 3.916515e-02 -2.208335e+00 8.920633e-02 -3.666519e-02 9.953381e-01 2.309462e+02
9.948585e-01 2.646140e-02 -9.775708e-02 5.730655e+01 -2.283958e-02 9.990173e-01 3.798435e-02 -2.197637e+00 9.866614e-02 -3.555632e-02 9.944852e-01 2.314694e+02
9.935294e-01 2.724082e-02 -1.102603e-01 5.725144e+01 -2.319291e-02 9.990150e-01 3.783004e-02 -2.186344e+00 1.111822e-01 -3.502800e-02 9.931825e-01 2.319776e+02
9.917169e-01 2.647405e-02 -1.256852e-01 5.718489e+01 -2.182954e-02 9.990321e-01 3.818830e-02 -2.177684e+00 1.265745e-01 -3.512834e-02 9.913349e-01 2.324839e+02
9.890669e-01 2.322619e-02 -1.456267e-01 5.711348e+01 -1.801597e-02 9.991530e-01 3.699537e-02 -2.161773e+00 1.463627e-01 -3.396729e-02 9.886477e-01 2.329918e+02
9.854058e-01 1.977556e-02 -1.690688e-01 5.701716e+01 -1.348042e-02 9.991753e-01 3.830135e-02 -2.141281e+00 1.696868e-01 -3.546326e-02 9.848598e-01 2.335048e+02
9.804217e-01 2.188571e-02 -1.956891e-01 5.689789e+01 -1.374562e-02 9.989866e-01 4.285898e-02 -2.120789e+00 1.964288e-01 -3.933001e-02 9.797290e-01 2.340141e+02
9.737560e-01 2.597415e-02 -2.261076e-01 5.675607e+01 -1.562707e-02 9.987522e-01 4.743221e-02 -2.100155e+00 2.270575e-01 -4.265400e-02 9.729468e-01 2.345088e+02
9.646533e-01 2.805386e-02 -2.620248e-01 5.660752e+01 -1.600313e-02 9.987185e-01 4.801239e-02 -2.084198e+00 2.630360e-01 -4.212210e-02 9.638661e-01 2.349870e+02
9.530241e-01 3.136546e-02 -3.012660e-01 5.643200e+01 -1.805392e-02 9.987379e-01 4.686904e-02 -2.073637e+00 3.023559e-01 -3.922829e-02 9.523876e-01 2.354543e+02
9.424298e-01 3.593064e-02 -3.324680e-01 5.622642e+01 -2.097740e-02 9.986049e-01 4.845816e-02 -2.052994e+00 3.337453e-01 -3.869410e-02 9.418688e-01 2.359246e+02
9.249257e-01 4.195554e-02 -3.778257e-01 5.600695e+01 -2.547206e-02 9.984973e-01 4.852167e-02 -2.033444e+00 3.792936e-01 -3.525494e-02 9.246045e-01 2.363615e+02
9.034389e-01 5.176253e-02 -4.255806e-01 5.575955e+01 -3.483201e-02 9.982650e-01 4.747428e-02 -2.005296e+00 4.272996e-01 -2.806628e-02 9.036743e-01 2.367744e+02
8.773591e-01 6.435264e-02 -4.754995e-01 5.549208e+01 -4.654984e-02 9.977068e-01 4.913598e-02 -1.978005e+00 4.775711e-01 -2.097547e-02 8.783427e-01 2.371655e+02
8.468488e-01 7.856913e-02 -5.259981e-01 5.518436e+01 -5.853995e-02 9.967884e-01 5.464337e-02 -1.953125e+00 5.286021e-01 -1.548277e-02 8.487285e-01 2.375535e+02
8.122587e-01 8.885940e-02 -5.764892e-01 5.487528e+01 -6.636764e-02 9.959890e-01 6.001030e-02 -1.928965e+00 5.795094e-01 -1.048367e-02 8.148981e-01 2.379234e+02
7.734013e-01 9.597438e-02 -6.266094e-01 5.454163e+01 -6.940748e-02 9.953504e-01 6.678530e-02 -1.902183e+00 6.301056e-01 -8.160454e-03 7.764666e-01 2.382772e+02
7.313802e-01 1.010585e-01 -6.744407e-01 5.418536e+01 -6.478509e-02 9.947828e-01 7.880417e-02 -1.864356e+00 6.788858e-01 -1.394210e-02 7.341115e-01 2.386153e+02
6.856249e-01 1.082354e-01 -7.198636e-01 5.380723e+01 -6.126800e-02 9.939559e-01 9.109274e-02 -1.818988e+00 7.253721e-01 -1.835085e-02 6.881123e-01 2.389228e+02
6.373974e-01 1.158510e-01 -7.617763e-01 5.341208e+01 -5.729020e-02 9.930215e-01 1.030827e-01 -1.774661e+00 7.684025e-01 -2.206232e-02 6.395865e-01 2.392108e+02
5.902959e-01 1.219525e-01 -7.979213e-01 5.298834e+01 -5.641650e-02 9.923369e-01 1.099301e-01 -1.735515e+00 8.052130e-01 -1.987533e-02 5.926525e-01 2.395015e+02
5.363044e-01 1.236210e-01 -8.349224e-01 5.256762e+01 -5.307286e-02 9.921974e-01 1.128167e-01 -1.686666e+00 8.423544e-01 -1.619237e-02 5.386807e-01 2.397244e+02
4.788337e-01 1.172737e-01 -8.700375e-01 5.213914e+01 -4.278366e-02 9.929772e-01 1.102985e-01 -1.638878e+00 8.768625e-01 -1.559124e-02 4.804883e-01 2.399285e+02
4.198963e-01 1.073369e-01 -9.012025e-01 5.169018e+01 -2.602402e-02 9.939974e-01 1.062638e-01 -1.573379e+00 9.071989e-01 -2.116687e-02 4.201691e-01 2.401179e+02
3.591431e-01 1.007073e-01 -9.278331e-01 5.122831e+01 -1.095496e-02 9.945474e-01 1.037081e-01 -1.515303e+00 9.332182e-01 -2.708167e-02 3.582881e-01 2.402683e+02
2.993206e-01 1.014175e-01 -9.487474e-01 5.073689e+01 -3.569326e-03 9.944472e-01 1.051766e-01 -1.461350e+00 9.541459e-01 -2.809512e-02 2.980205e-01 2.403926e+02
2.430546e-01 1.045872e-01 -9.643578e-01 5.023115e+01 -1.862875e-03 9.942189e-01 1.073562e-01 -1.405462e+00 9.700108e-01 -2.429693e-02 2.418443e-01 2.404834e+02
1.910619e-01 1.072555e-01 -9.757006e-01 4.972170e+01 -1.844630e-03 9.940498e-01 1.089113e-01 -1.350967e+00 9.815763e-01 -1.900900e-02 1.901229e-01 2.405427e+02
1.428396e-01 1.068503e-01 -9.839613e-01 4.920843e+01 -7.910356e-05 9.941568e-01 1.079460e-01 -1.301920e+00 9.897459e-01 -1.534112e-02 1.420134e-01 2.405844e+02
9.894471e-02 1.050396e-01 -9.895335e-01 4.868503e+01 4.662032e-03 9.943534e-01 1.060173e-01 -1.249620e+00 9.950820e-01 -1.510309e-02 9.789631e-02 2.406082e+02
6.082287e-02 1.007852e-01 -9.930473e-01 4.817816e+01 4.474166e-03 9.948517e-01 1.012424e-01 -1.203073e+00 9.981385e-01 -1.060091e-02 6.005880e-02 2.406055e+02
2.780254e-02 9.718634e-02 -9.948778e-01 4.765474e+01 5.787614e-03 9.952302e-01 9.738251e-02 -1.151076e+00 9.995967e-01 -8.465450e-03 2.710745e-02 2.405955e+02
1.460449e-03 9.445597e-02 -9.955280e-01 4.712573e+01 2.923911e-03 9.955244e-01 9.445992e-02 -1.098196e+00 9.999947e-01 -3.048789e-03 1.177732e-03 2.405617e+02
-1.882642e-02 9.206020e-02 -9.955755e-01 4.659725e+01 -7.271016e-04 9.957504e-01 9.209013e-02 -1.053435e+00 9.998225e-01 2.457612e-03 -1.867947e-02 2.405455e+02
-3.401925e-02 9.055517e-02 -9.953102e-01 4.603405e+01 -2.629842e-03 9.958751e-01 9.069645e-02 -1.016705e+00 9.994177e-01 5.702935e-03 -3.364078e-02 2.405136e+02
-4.562340e-02 8.892439e-02 -9.949929e-01 4.545608e+01 -6.003891e-04 9.960275e-01 8.904438e-02 -9.732591e-01 9.989585e-01 4.659890e-03 -4.538877e-02 2.404520e+02
-5.508661e-02 8.747428e-02 -9.946425e-01 4.485789e+01 1.309344e-03 9.961606e-01 8.753527e-02 -9.299752e-01 9.984807e-01 3.519692e-03 -5.498964e-02 2.404097e+02
-6.047727e-02 8.667299e-02 -9.943995e-01 4.424579e+01 9.393510e-04 9.962275e-01 8.677519e-02 -8.869813e-01 9.981691e-01 4.313836e-03 -6.033053e-02 2.403581e+02
-6.353767e-02 8.648496e-02 -9.942250e-01 4.361290e+01 -1.330544e-03 9.962297e-01 8.674438e-02 -8.363094e-01 9.979786e-01 6.834395e-03 -6.318304e-02 2.403003e+02
-6.427615e-02 8.662550e-02 -9.941653e-01 4.296028e+01 -2.144581e-03 9.962110e-01 8.694241e-02 -7.828434e-01 9.979298e-01 7.720391e-03 -6.384683e-02 2.402407e+02
-7.986329e-02 7.291816e-02 -9.941352e-01 4.229317e+01 -2.169224e-03 9.973057e-01 7.332497e-02 -7.375023e-01 9.968035e-01 8.012475e-03 -7.948994e-02 2.402006e+02
-7.913385e-02 7.288951e-02 -9.941956e-01 4.159910e+01 -1.134280e-03 9.973160e-01 7.320857e-02 -6.893985e-01 9.968634e-01 6.920972e-03 -7.883878e-02 2.401521e+02
-7.770674e-02 7.144734e-02 -9.944129e-01 4.089011e+01 -3.363593e-05 9.974286e-01 7.166665e-02 -6.354641e-01 9.969763e-01 5.602429e-03 -7.750452e-02 2.400828e+02
-7.686059e-02 6.992191e-02 -9.945870e-01 4.014599e+01 4.638874e-03 9.975522e-01 6.977188e-02 -6.192049e-01 9.970311e-01 7.489442e-04 -7.699681e-02 2.400376e+02
-7.666792e-02 6.872948e-02 -9.946850e-01 3.937043e+01 5.164352e-03 9.976353e-01 6.853528e-02 -5.626406e-01 9.970433e-01 1.175539e-04 -7.684157e-02 2.399891e+02
-7.560102e-02 6.838546e-02 -9.947904e-01 3.859408e+01 5.374756e-03 9.976590e-01 6.817419e-02 -5.250700e-01 9.971237e-01 -1.927170e-04 -7.579159e-02 2.399153e+02
-7.579071e-02 6.821842e-02 -9.947874e-01 3.778676e+01 5.398643e-03 9.976704e-01 6.800481e-02 -4.660830e-01 9.971091e-01 -2.163693e-04 -7.598243e-02 2.398654e+02
-7.623781e-02 6.889321e-02 -9.947068e-01 3.694490e+01 6.809757e-03 9.976228e-01 6.857326e-02 -3.999364e-01 9.970664e-01 -1.545836e-03 -7.652573e-02 2.398223e+02
-7.627201e-02 6.846688e-02 -9.947336e-01 3.608737e+01 9.510051e-03 9.976442e-01 6.793803e-02 -3.325252e-01 9.970417e-01 -4.278197e-03 -7.674346e-02 2.397829e+02
-7.664112e-02 6.774144e-02 -9.947549e-01 3.522561e+01 1.190126e-02 9.976804e-01 6.702373e-02 -2.766820e-01 9.969877e-01 -6.702063e-03 -7.726956e-02 2.397294e+02
-3.794084e-02 7.607560e-02 -9.963799e-01 3.437811e+01 9.223481e-03 9.970821e-01 7.577799e-02 -2.307051e-01 9.992374e-01 -6.315011e-03 -3.853181e-02 2.396555e+02
-4.110581e-02 7.709639e-02 -9.961759e-01 3.344970e+01 1.103395e-02 9.969928e-01 7.670431e-02 -1.575041e-01 9.990939e-01 -7.838764e-03 -4.183287e-02 2.396490e+02
-4.449944e-02 7.939765e-02 -9.958493e-01 3.252483e+01 1.316306e-02 9.967968e-01 7.888501e-02 -8.404734e-02 9.989227e-01 -9.598088e-03 -4.540201e-02 2.396284e+02
-4.786257e-02 8.132273e-02 -9.955379e-01 3.161059e+01 1.455780e-02 9.966311e-01 8.071214e-02 -1.800340e-02 9.987478e-01 -1.062975e-02 -4.888520e-02 2.395782e+02
-5.185338e-02 7.824293e-02 -9.955849e-01 3.065460e+01 1.314272e-02 9.968932e-01 7.766123e-02 6.681367e-02 9.985682e-01 -9.057694e-03 -5.272061e-02 2.395402e+02
-5.469834e-02 7.416134e-02 -9.957450e-01 2.972224e+01 1.363776e-02 9.972004e-01 7.352058e-02 1.054263e-01 9.984098e-01 -9.558274e-03 -5.555660e-02 2.394519e+02
-5.774669e-02 7.030928e-02 -9.958524e-01 2.876192e+01 1.492041e-02 9.974663e-01 6.955803e-02 1.769075e-01 9.982198e-01 -1.084178e-02 -5.864942e-02 2.393978e+02
-5.977241e-02 7.255891e-02 -9.955714e-01 2.779919e+01 1.594113e-02 9.972969e-01 7.172759e-02 2.479727e-01 9.980847e-01 -1.158320e-02 -6.076750e-02 2.393300e+02
-6.142395e-02 7.861851e-02 -9.950107e-01 2.678909e+01 1.751223e-02 9.968245e-01 7.768076e-02 3.181645e-01 9.979581e-01 -1.265339e-02 -6.260568e-02 2.392667e+02
-6.291766e-02 8.400169e-02 -9.944773e-01 2.576280e+01 1.997951e-02 9.963579e-01 8.289650e-02 3.873366e-01 9.978187e-01 -1.465352e-02 -6.436682e-02 2.392062e+02
-6.681351e-02 8.306745e-02 -9.943016e-01 2.469223e+01 1.607125e-02 9.964887e-01 8.217023e-02 4.824931e-01 9.976360e-01 -1.048959e-02 -6.791390e-02 2.391362e+02
-6.834709e-02 8.149987e-02 -9.943271e-01 2.362499e+01 1.592054e-02 9.966199e-01 8.059347e-02 5.552512e-01 9.975346e-01 -1.032190e-02 -6.941359e-02 2.390700e+02
-6.926734e-02 7.886022e-02 -9.944763e-01 2.255479e+01 1.369194e-02 9.968519e-01 7.809492e-02 6.403380e-01 9.975042e-01 -8.206886e-03 -7.012903e-02 2.390013e+02
-6.945682e-02 7.775117e-02 -9.945504e-01 2.144616e+01 1.293207e-02 9.969445e-01 7.703520e-02 7.210285e-01 9.975011e-01 -7.510972e-03 -7.025007e-02 2.389237e+02
-6.939788e-02 7.759308e-02 -9.945669e-01 2.035840e+01 8.046630e-03 9.969816e-01 7.722000e-02 7.986594e-01 9.975566e-01 -2.644007e-03 -6.981278e-02 2.388484e+02
-6.878860e-02 7.543001e-02 -9.947756e-01 1.928564e+01 3.693893e-03 9.971500e-01 7.535462e-02 8.697618e-01 9.976244e-01 1.508944e-03 -6.887118e-02 2.387515e+02
-6.874430e-02 7.416645e-02 -9.948736e-01 1.819595e+01 1.741698e-03 9.972402e-01 7.422253e-02 9.419443e-01 9.976328e-01 3.369606e-03 -6.868375e-02 2.386779e+02
-6.848325e-02 7.359820e-02 -9.949338e-01 1.709845e+01 -4.402772e-04 9.972729e-01 7.380153e-02 1.016647e+00 9.976522e-01 5.492216e-03 -6.826409e-02 2.385967e+02
-6.751113e-02 7.386976e-02 -9.949802e-01 1.602826e+01 1.454469e-05 9.972554e-01 7.403770e-02 1.084796e+00 9.977185e-01 4.983897e-03 -6.732692e-02 2.385215e+02
-6.670324e-02 7.343303e-02 -9.950670e-01 1.495031e+01 1.352399e-04 9.972887e-01 7.358792e-02 1.160413e+00 9.977728e-01 4.773980e-03 -6.653232e-02 2.384381e+02
-6.703175e-02 7.424241e-02 -9.949848e-01 1.387048e+01 -1.963470e-03 9.972160e-01 7.454118e-02 1.226322e+00 9.977489e-01 6.950248e-03 -6.669936e-02 2.383626e+02
-6.654312e-02 7.618949e-02 -9.948704e-01 1.277302e+01 6.470785e-03 9.970924e-01 7.592685e-02 1.294854e+00 9.977626e-01 -1.385184e-03 -6.684264e-02 2.382980e+02
-6.696125e-02 7.563919e-02 -9.948844e-01 1.170959e+01 7.491588e-03 9.971323e-01 7.530588e-02 1.366814e+00 9.977275e-01 -2.410688e-03 -6.733588e-02 2.382288e+02
-6.797837e-02 7.524274e-02 -9.948455e-01 1.063204e+01 1.103339e-02 9.971478e-01 7.466296e-02 1.444959e+00 9.976258e-01 -5.901054e-03 -6.861466e-02 2.381440e+02
-7.071518e-02 7.774441e-02 -9.944623e-01 9.551156e+00 1.389469e-02 9.969381e-01 7.694993e-02 1.507397e+00 9.973998e-01 -8.376215e-03 -7.157890e-02 2.380648e+02
-7.370335e-02 8.175375e-02 -9.939236e-01 8.487070e+00 1.069136e-02 9.966417e-01 8.118452e-02 1.580242e+00 9.972229e-01 -4.642822e-03 -7.432989e-02 2.379729e+02
-7.686926e-02 8.414877e-02 -9.934838e-01 7.409556e+00 8.655776e-03 9.964509e-01 8.373035e-02 1.655628e+00 9.970036e-01 -2.163083e-03 -7.732481e-02 2.378868e+02
-8.019059e-02 8.272645e-02 -9.933407e-01 6.355737e+00 4.275910e-03 9.965694e-01 8.265015e-02 1.726086e+00 9.967704e-01 2.380329e-03 -8.026923e-02 2.377838e+02
-8.205582e-02 7.849505e-02 -9.935318e-01 5.323794e+00 1.280905e-03 9.969010e-01 7.865546e-02 1.788706e+00 9.966269e-01 5.181519e-03 -8.190208e-02 2.376751e+02
-8.337735e-02 7.520432e-02 -9.936763e-01 4.288714e+00 -2.671679e-03 9.971278e-01 7.568972e-02 1.844211e+00 9.965145e-01 8.965592e-03 -8.293695e-02 2.375711e+02
-9.040605e-02 7.350152e-02 -9.931889e-01 3.284592e+00 -1.037733e-02 9.971491e-01 7.473920e-02 1.906846e+00 9.958509e-01 1.706353e-02 -8.938556e-02 2.374511e+02
-9.218574e-02 7.508604e-02 -9.929068e-01 2.241068e+00 -1.305053e-02 9.969761e-01 7.660544e-02 1.973938e+00 9.956563e-01 2.001988e-02 -9.092706e-02 2.373610e+02
-9.332306e-02 7.901287e-02 -9.924957e-01 1.211120e+00 -1.665066e-02 9.965828e-01 8.090388e-02 2.042180e+00 9.954966e-01 2.407590e-02 -9.168854e-02 2.372620e+02
-9.465392e-02 8.084141e-02 -9.922224e-01 2.250184e-01 -2.156686e-02 9.962969e-01 8.323077e-02 2.101267e+00 9.952766e-01 2.927724e-02 -9.255991e-02 2.371538e+02
-9.608880e-02 7.980801e-02 -9.921681e-01 -7.777491e-01 -2.615945e-02 9.962337e-01 8.266850e-02 2.174165e+00 9.950290e-01 3.389809e-02 -9.363916e-02 2.370552e+02
-9.742850e-02 7.785396e-02 -9.921927e-01 -1.742123e+00 -3.231713e-02 9.961624e-01 8.133883e-02 2.228932e+00 9.947177e-01 3.998954e-02 -9.453860e-02 2.369397e+02
-9.806243e-02 7.771629e-02 -9.921411e-01 -2.709357e+00 -3.613171e-02 9.960108e-01 8.159064e-02 2.294758e+00 9.945241e-01 4.384873e-02 -9.486321e-02 2.368323e+02
-9.860524e-02 7.711115e-02 -9.921345e-01 -3.645235e+00 -3.953919e-02 9.959023e-01 8.133368e-02 2.353595e+00 9.943408e-01 4.724813e-02 -9.515227e-02 2.367240e+02
-9.893854e-02 7.663871e-02 -9.921379e-01 -4.578838e+00 -4.352464e-02 9.957423e-01 8.125752e-02 2.414597e+00 9.941412e-01 5.122195e-02 -9.518162e-02 2.366300e+02
-9.897626e-02 7.631792e-02 -9.921589e-01 -5.488623e+00 -4.594381e-02 9.956409e-01 8.116904e-02 2.477183e+00 9.940286e-01 5.361736e-02 -9.503848e-02 2.365343e+02
-1.114640e-01 7.646637e-02 -9.908222e-01 -6.405003e+00 -5.025215e-02 9.953260e-01 8.246714e-02 2.537665e+00 9.924971e-01 5.898306e-02 -1.071004e-01 2.364371e+02
-1.119961e-01 7.808774e-02 -9.906357e-01 -7.250474e+00 -5.101520e-02 9.951412e-01 8.421040e-02 2.590426e+00 9.923983e-01 5.996872e-02 -1.074683e-01 2.363451e+02
-1.123291e-01 7.721787e-02 -9.906662e-01 -8.107173e+00 -5.280491e-02 9.951034e-01 8.355115e-02 2.651750e+00 9.922670e-01 6.169727e-02 -1.077016e-01 2.362583e+02
-1.134903e-01 7.597587e-02 -9.906299e-01 -8.934275e+00 -5.280152e-02 9.952016e-01 8.237563e-02 2.710432e+00 9.921351e-01 6.165560e-02 -1.089341e-01 2.361989e+02
-1.137052e-01 7.525634e-02 -9.906602e-01 -9.753312e+00 -5.079306e-02 9.953827e-01 8.144497e-02 2.749079e+00 9.922153e-01 5.957938e-02 -1.093577e-01 2.360974e+02
-1.161587e-01 7.504567e-02 -9.903915e-01 -1.052912e+01 -5.135257e-02 9.953541e-01 8.144462e-02 2.792112e+00 9.919022e-01 6.031965e-02 -1.117652e-01 2.360681e+02
-1.158127e-01 7.572242e-02 -9.903805e-01 -1.129234e+01 -5.236081e-02 9.952380e-01 8.221677e-02 2.841550e+00 9.918900e-01 6.137888e-02 -1.112964e-01 2.359638e+02
-1.160786e-01 7.507412e-02 -9.903987e-01 -1.202916e+01 -5.430214e-02 9.951683e-01 8.180009e-02 2.886693e+00 9.917545e-01 6.327601e-02 -1.114411e-01 2.358876e+02
-1.153228e-01 7.526192e-02 -9.904728e-01 -1.273097e+01 -5.571458e-02 9.950657e-01 8.209789e-02 2.930249e+00 9.917644e-01 6.465153e-02 -1.105606e-01 2.358128e+02
-1.130812e-01 7.674403e-02 -9.906175e-01 -1.340360e+01 -5.602335e-02 9.949339e-01 8.347362e-02 2.984256e+00 9.920051e-01 6.493701e-02 -1.082088e-01 2.357312e+02
-7.965830e-02 8.222531e-02 -9.934252e-01 -1.401869e+01 -5.865327e-02 9.944788e-01 8.701566e-02 3.025277e+00 9.950951e-01 6.519915e-02 -7.439571e-02 2.356710e+02
-7.529725e-02 8.403000e-02 -9.936143e-01 -1.461429e+01 -6.016934e-02 9.942445e-01 8.864300e-02 3.060000e+00 9.953441e-01 6.645969e-02 -6.980784e-02 2.356198e+02
-6.980321e-02 8.566665e-02 -9.938756e-01 -1.518346e+01 -6.081952e-02 9.940869e-01 8.995642e-02 3.095350e+00 9.957050e-01 6.672628e-02 -6.418025e-02 2.355775e+02
-6.368462e-02 8.644562e-02 -9.942190e-01 -1.572554e+01 -6.141926e-02 9.940133e-01 9.036194e-02 3.132524e+00 9.960783e-01 6.681886e-02 -5.799393e-02 2.355432e+02
-5.660142e-02 8.601873e-02 -9.946844e-01 -1.622488e+01 -6.100772e-02 9.941218e-01 8.944166e-02 3.167030e+00 9.965312e-01 6.574595e-02 -5.102091e-02 2.355238e+02
-4.911307e-02 8.421372e-02 -9.952366e-01 -1.669955e+01 -6.009620e-02 9.943846e-01 8.710726e-02 3.200518e+00 9.969836e-01 6.408805e-02 -4.377636e-02 2.355233e+02
-4.063398e-02 8.251545e-02 -9.957611e-01 -1.713426e+01 -5.985275e-02 9.945935e-01 8.486111e-02 3.229361e+00 9.973798e-01 6.304728e-02 -3.547551e-02 2.355185e+02
-3.216292e-02 8.136111e-02 -9.961656e-01 -1.753711e+01 -6.003820e-02 9.947242e-01 8.318182e-02 3.243102e+00 9.976778e-01 6.248336e-02 -2.710846e-02 2.355286e+02
-2.313265e-02 8.066866e-02 -9.964725e-01 -1.790618e+01 -6.057965e-02 9.947945e-01 8.193915e-02 3.263408e+00 9.978953e-01 6.226142e-02 -1.812536e-02 2.355286e+02
-1.389285e-02 7.965879e-02 -9.967254e-01 -1.825433e+01 -6.089939e-02 9.949036e-01 8.036204e-02 3.289899e+00 9.980472e-01 6.181643e-02 -8.970873e-03 2.355359e+02
2.900972e-03 7.060167e-02 -9.975004e-01 -1.855582e+01 -5.925005e-02 9.957642e-01 7.030647e-02 3.302082e+00 9.982390e-01 5.889799e-02 7.071836e-03 2.355467e+02
1.259989e-02 6.461851e-02 -9.978305e-01 -1.884448e+01 -5.780160e-02 9.962881e-01 6.378875e-02 3.317421e+00 9.982486e-01 5.687247e-02 1.628818e-02 2.355663e+02
2.337569e-02 6.226565e-02 -9.977858e-01 -1.911611e+01 -5.634692e-02 9.965541e-01 6.086872e-02 3.325086e+00 9.981376e-01 5.479931e-02 2.680361e-02 2.355834e+02
3.378816e-02 6.182161e-02 -9.975151e-01 -1.936660e+01 -5.665225e-02 9.965987e-01 5.984587e-02 3.345983e+00 9.978221e-01 5.448940e-02 3.717557e-02 2.356027e+02
4.446628e-02 6.035618e-02 -9.971860e-01 -1.960723e+01 -5.685898e-02 9.967082e-01 5.779182e-02 3.356303e+00 9.973915e-01 5.412919e-02 4.775169e-02 2.356333e+02
5.663217e-02 5.672973e-02 -9.967821e-01 -1.983898e+01 -5.693786e-02 9.969430e-01 5.350397e-02 3.371591e+00 9.967702e-01 5.372460e-02 5.968911e-02 2.356595e+02
7.070129e-02 5.293777e-02 -9.960918e-01 -2.006283e+01 -5.777983e-02 9.971314e-01 4.889188e-02 3.385260e+00 9.958227e-01 5.409730e-02 7.355721e-02 2.356877e+02
8.717341e-02 4.967953e-02 -9.949536e-01 -2.029142e+01 -5.846850e-02 9.972892e-01 4.467340e-02 3.396494e+00 9.944759e-01 5.427911e-02 8.984178e-02 2.357242e+02
1.054547e-01 4.799581e-02 -9.932652e-01 -2.051626e+01 -6.011260e-02 9.973156e-01 4.180940e-02 3.407716e+00 9.926055e-01 5.529875e-02 1.080568e-01 2.357637e+02
1.248122e-01 4.718247e-02 -9.910579e-01 -2.073718e+01 -6.171419e-02 9.973037e-01 3.970764e-02 3.418535e+00 9.902592e-01 5.620633e-02 1.273875e-01 2.358044e+02
1.458245e-01 5.060921e-02 -9.880151e-01 -2.095194e+01 -5.998586e-02 9.973055e-01 4.223157e-02 3.415175e+00 9.874902e-01 5.310854e-02 1.484674e-01 2.358606e+02
1.667302e-01 5.412162e-02 -9.845161e-01 -2.117035e+01 -5.946738e-02 9.972267e-01 4.474941e-02 3.428158e+00 9.842076e-01 5.108551e-02 1.694863e-01 2.359267e+02
1.891898e-01 5.702933e-02 -9.802830e-01 -2.138047e+01 -5.941335e-02 9.971478e-01 4.654398e-02 3.433410e+00 9.801414e-01 4.943625e-02 1.920385e-01 2.359812e+02
2.114636e-01 5.656849e-02 -9.757475e-01 -2.157988e+01 -6.217748e-02 9.970801e-01 4.433016e-02 3.434997e+00 9.754061e-01 5.129530e-02 2.143635e-01 2.360471e+02
2.380726e-01 5.044307e-02 -9.699366e-01 -2.180063e+01 -6.282182e-02 9.973589e-01 3.644949e-02 3.446478e+00 9.692135e-01 5.225555e-02 2.406127e-01 2.361237e+02
2.672426e-01 4.419588e-02 -9.626153e-01 -2.203180e+01 -6.150411e-02 9.976932e-01 2.873154e-02 3.457268e+00 9.616645e-01 5.152650e-02 2.693443e-01 2.362184e+02
2.985177e-01 4.105419e-02 -9.535207e-01 -2.227808e+01 -5.866549e-02 9.979745e-01 2.460182e-02 3.479038e+00 9.525994e-01 4.859468e-02 3.003216e-01 2.363288e+02
3.323936e-01 4.250961e-02 -9.421823e-01 -2.254078e+01 -5.384202e-02 9.982098e-01 2.604249e-02 3.477973e+00 9.416026e-01 4.207264e-02 3.340874e-01 2.364563e+02
3.692869e-01 4.645287e-02 -9.281537e-01 -2.281616e+01 -5.321407e-02 9.981682e-01 2.878458e-02 3.482205e+00 9.277906e-01 3.876107e-02 3.710824e-01 2.366015e+02
4.087100e-01 5.196765e-02 -9.111836e-01 -2.309525e+01 -5.552112e-02 9.979442e-01 3.201197e-02 3.498992e+00 9.109739e-01 3.750632e-02 4.107551e-01 2.367538e+02
4.489671e-01 6.347638e-02 -8.912908e-01 -2.339289e+01 -5.964776e-02 9.973777e-01 4.098555e-02 3.499980e+00 8.915552e-01 3.476233e-02 4.515760e-01 2.369341e+02
4.919725e-01 6.761988e-02 -8.679808e-01 -2.368938e+01 -6.519089e-02 9.970415e-01 4.072406e-02 3.513987e+00 8.681666e-01 3.654932e-02 4.949252e-01 2.371292e+02
5.354085e-01 7.060068e-02 -8.416373e-01 -2.397462e+01 -6.707472e-02 9.969070e-01 4.095582e-02 3.517889e+00 8.419256e-01 3.452449e-02 5.384880e-01 2.373550e+02
5.798796e-01 7.053183e-02 -8.116433e-01 -2.426144e+01 -6.558695e-02 9.970534e-01 3.978529e-02 3.531234e+00 8.120578e-01 3.016253e-02 5.827969e-01 2.376110e+02
6.257229e-01 6.859999e-02 -7.770231e-01 -2.454930e+01 -6.422548e-02 9.972741e-01 3.632535e-02 3.530811e+00 7.773969e-01 2.717508e-02 6.284231e-01 2.378893e+02
6.711714e-01 6.648461e-02 -7.383148e-01 -2.482343e+01 -6.567321e-02 9.973867e-01 3.011302e-02 3.539206e+00 7.383874e-01 2.827651e-02 6.737837e-01 2.381925e+02
7.164299e-01 6.179981e-02 -6.949166e-01 -2.509368e+01 -6.649356e-02 9.975831e-01 2.016425e-02 3.555944e+00 6.944832e-01 3.176121e-02 7.188076e-01 2.385249e+02
7.603958e-01 6.041169e-02 -6.466441e-01 -2.536068e+01 -6.978111e-02 9.975002e-01 1.113350e-02 3.563870e+00 6.457002e-01 3.665767e-02 7.627106e-01 2.388832e+02
8.014959e-01 6.043292e-02 -5.949388e-01 -2.560722e+01 -7.209459e-02 9.973890e-01 4.188014e-03 3.572744e+00 5.936385e-01 3.953519e-02 8.037601e-01 2.392728e+02
8.393298e-01 6.021979e-02 -5.402769e-01 -2.584679e+01 -7.105063e-02 9.974724e-01 8.008379e-04 3.578012e+00 5.389595e-01 3.771484e-02 8.414869e-01 2.397100e+02
8.726971e-01 6.719616e-02 -4.836160e-01 -2.603895e+01 -7.063643e-02 9.974401e-01 1.112439e-02 3.566926e+00 4.831255e-01 2.445268e-02 8.752096e-01 2.401391e+02
9.018089e-01 6.334543e-02 -4.274670e-01 -2.623082e+01 -6.627661e-02 9.977689e-01 8.036311e-03 3.564445e+00 4.270223e-01 2.108385e-02 9.039952e-01 2.406347e+02
9.263588e-01 6.005679e-02 -3.718233e-01 -2.641596e+01 -6.340409e-02 9.979827e-01 3.229219e-03 3.571905e+00 3.712672e-01 2.058371e-02 9.282979e-01 2.411677e+02
9.463646e-01 6.002403e-02 -3.174761e-01 -2.656310e+01 -6.461277e-02 9.979027e-01 -3.934488e-03 3.563192e+00 3.165741e-01 2.423647e-02 9.482581e-01 2.417147e+02
9.626289e-01 6.048145e-02 -2.639840e-01 -2.668288e+01 -6.556182e-02 9.977936e-01 -1.046920e-02 3.558192e+00 2.627684e-01 2.738523e-02 9.644702e-01 2.422688e+02
9.750873e-01 6.200294e-02 -2.129799e-01 -2.677519e+01 -6.640936e-02 9.976999e-01 -1.359093e-02 3.544192e+00 2.116473e-01 2.739620e-02 9.769621e-01 2.428553e+02
9.840097e-01 6.564341e-02 -1.655774e-01 -2.686914e+01 -6.918736e-02 9.974798e-01 -1.572114e-02 3.519843e+00 1.641281e-01 2.692562e-02 9.860715e-01 2.434857e+02
9.900035e-01 6.393994e-02 -1.257172e-01 -2.692731e+01 -6.669856e-02 9.976134e-01 -1.785324e-02 3.502276e+00 1.242757e-01 2.605993e-02 9.919055e-01 2.441529e+02
9.938386e-01 5.974807e-02 -9.335445e-02 -2.697456e+01 -6.186665e-02 9.978847e-01 -1.996451e-02 3.494317e+00 9.196414e-02 2.561703e-02 9.954328e-01 2.448518e+02
9.961249e-01 5.524806e-02 -6.843061e-02 -2.700379e+01 -5.681666e-02 9.981597e-01 -2.119079e-02 3.469016e+00 6.713393e-02 2.499668e-02 9.974308e-01 2.455616e+02
9.969056e-01 5.282758e-02 -5.821018e-02 -2.703400e+01 -5.439726e-02 9.981881e-01 -2.571828e-02 3.452012e+00 5.674607e-02 2.880517e-02 9.979730e-01 2.462902e+02
9.975856e-01 5.118255e-02 -4.693922e-02 -2.704063e+01 -5.245294e-02 9.982785e-01 -2.624368e-02 3.421771e+00 4.551520e-02 2.864242e-02 9.985529e-01 2.469997e+02
9.979995e-01 4.839462e-02 -4.068117e-02 -2.706398e+01 -4.951914e-02 9.984053e-01 -2.710412e-02 3.395985e+00 3.930460e-02 2.906439e-02 9.988045e-01 2.477682e+02
9.981626e-01 4.751124e-02 -3.760336e-02 -2.708161e+01 -4.859647e-02 9.984120e-01 -2.849184e-02 3.370728e+00 3.618997e-02 3.026688e-02 9.988865e-01 2.485406e+02
9.981957e-01 4.828603e-02 -3.568951e-02 -2.712350e+01 -4.934194e-02 9.983514e-01 -2.932208e-02 3.339627e+00 3.421482e-02 3.103017e-02 9.989327e-01 2.493619e+02
9.981857e-01 4.923966e-02 -3.465243e-02 -2.716271e+01 -5.025984e-02 9.983089e-01 -2.921178e-02 3.319806e+00 3.315545e-02 3.090040e-02 9.989724e-01 2.501772e+02
9.980637e-01 5.171127e-02 -3.456714e-02 -2.718413e+01 -5.266825e-02 9.982369e-01 -2.737175e-02 3.274141e+00 3.309076e-02 2.913934e-02 9.990275e-01 2.509995e+02
9.980381e-01 5.186830e-02 -3.506530e-02 -2.721342e+01 -5.273503e-02 9.983138e-01 -2.426141e-02 3.240387e+00 3.374778e-02 2.606299e-02 9.990905e-01 2.518639e+02
9.979715e-01 5.215160e-02 -3.651164e-02 -2.724131e+01 -5.298858e-02 9.983451e-01 -2.234350e-02 3.220072e+00 3.528597e-02 2.423287e-02 9.990834e-01 2.527379e+02
9.979275e-01 5.129525e-02 -3.885345e-02 -2.726866e+01 -5.220824e-02 9.983746e-01 -2.285944e-02 3.194046e+00 3.761772e-02 2.484053e-02 9.989834e-01 2.536360e+02
9.979772e-01 4.966761e-02 -3.968062e-02 -2.730894e+01 -5.100885e-02 9.981350e-01 -3.353505e-02 3.172475e+00 3.794101e-02 3.549128e-02 9.986495e-01 2.545581e+02
9.978006e-01 5.022573e-02 -4.325888e-02 -2.733985e+01 -5.198356e-02 9.978257e-01 -4.051655e-02 3.137596e+00 4.112985e-02 4.267619e-02 9.982420e-01 2.554951e+02
9.975304e-01 5.291244e-02 -4.618892e-02 -2.739516e+01 -5.502110e-02 9.974415e-01 -4.564213e-02 3.095548e+00 4.365571e-02 4.807078e-02 9.978895e-01 2.564587e+02
9.973042e-01 5.551974e-02 -4.797715e-02 -2.745464e+01 -5.768499e-02 9.973206e-01 -4.499041e-02 3.049434e+00 4.535074e-02 4.763669e-02 9.978347e-01 2.574431e+02
9.971590e-01 5.777768e-02 -4.832897e-02 -2.751373e+01 -5.956162e-02 9.975635e-01 -3.632388e-02 3.005887e+00 4.611250e-02 3.909924e-02 9.981708e-01 2.584649e+02
9.972034e-01 5.702469e-02 -4.830638e-02 -2.756525e+01 -5.837106e-02 9.979315e-01 -2.693414e-02 2.963384e+00 4.667055e-02 2.967851e-02 9.984694e-01 2.595172e+02
9.973464e-01 5.411217e-02 -4.870380e-02 -2.764065e+01 -5.539958e-02 9.981390e-01 -2.548254e-02 2.933911e+00 4.723424e-02 2.811309e-02 9.984881e-01 2.606046e+02
9.974624e-01 5.029056e-02 -5.039396e-02 -2.768905e+01 -5.194493e-02 9.981347e-01 -3.207454e-02 2.898539e+00 4.868692e-02 3.461086e-02 9.982142e-01 2.616799e+02
9.974532e-01 4.870081e-02 -5.210952e-02 -2.774162e+01 -5.083522e-02 9.978876e-01 -4.044978e-02 2.861188e+00 5.002951e-02 4.299576e-02 9.978218e-01 2.627696e+02
9.974392e-01 4.791709e-02 -5.309479e-02 -2.780428e+01 -5.034892e-02 9.976969e-01 -4.545164e-02 2.814099e+00 5.079459e-02 4.800852e-02 9.975546e-01 2.638746e+02
9.966330e-01 5.146045e-02 -6.383188e-02 -2.787694e+01 -5.446154e-02 9.974464e-01 -4.620140e-02 2.757042e+00 6.129133e-02 4.952222e-02 9.968906e-01 2.649788e+02
9.965790e-01 5.240669e-02 -6.390420e-02 -2.797184e+01 -5.497049e-02 9.977244e-01 -3.904285e-02 2.710074e+00 6.171267e-02 4.242213e-02 9.971920e-01 2.661495e+02
9.965216e-01 5.306306e-02 -6.425793e-02 -2.804970e+01 -5.502575e-02 9.980588e-01 -2.916812e-02 2.657052e+00 6.258544e-02 3.260250e-02 9.975070e-01 2.673011e+02
9.964416e-01 5.434476e-02 -6.442652e-02 -2.813878e+01 -5.603276e-02 9.981236e-01 -2.468826e-02 2.610923e+00 6.296396e-02 2.821041e-02 9.976170e-01 2.684799e+02
9.964996e-01 5.213243e-02 -6.535112e-02 -2.820972e+01 -5.397251e-02 9.981850e-01 -2.671382e-02 2.573264e+00 6.383985e-02 3.014747e-02 9.975047e-01 2.696468e+02
9.964643e-01 5.112003e-02 -6.667563e-02 -2.828995e+01 -5.335507e-02 9.980569e-01 -3.218146e-02 2.530794e+00 6.490096e-02 3.562516e-02 9.972556e-01 2.708231e+02
9.964649e-01 4.938810e-02 -6.795933e-02 -2.837419e+01 -5.197690e-02 9.979676e-01 -3.686664e-02 2.487340e+00 6.600043e-02 4.026863e-02 9.970067e-01 2.720056e+02
9.963367e-01 5.042415e-02 -6.906937e-02 -2.845507e+01 -5.318697e-02 9.978320e-01 -3.876246e-02 2.425243e+00 6.696506e-02 4.229405e-02 9.968585e-01 2.731891e+02
9.963006e-01 5.066521e-02 -6.941337e-02 -2.855713e+01 -5.325741e-02 9.979311e-01 -3.601613e-02 2.365533e+00 6.744499e-02 3.957966e-02 9.969376e-01 2.744352e+02
9.962218e-01 5.136794e-02 -7.002496e-02 -2.865513e+01 -5.369174e-02 9.980538e-01 -3.171595e-02 2.322778e+00 6.825949e-02 3.535588e-02 9.970409e-01 2.756715e+02
9.956704e-01 5.076419e-02 -7.786793e-02 -2.871800e+01 -5.365600e-02 9.979281e-01 -3.550472e-02 2.261192e+00 7.590423e-02 3.952908e-02 9.963313e-01 2.768621e+02
9.956409e-01 4.986349e-02 -7.882184e-02 -2.883620e+01 -5.318756e-02 9.977568e-01 -4.064955e-02 2.204372e+00 7.661810e-02 4.466470e-02 9.960596e-01 2.781023e+02
9.955819e-01 4.989037e-02 -7.954583e-02 -2.894572e+01 -5.352188e-02 9.975883e-01 -4.419301e-02 2.141500e+00 7.714918e-02 4.825521e-02 9.958511e-01 2.793291e+02
9.953735e-01 5.239641e-02 -8.053641e-02 -2.904245e+01 -5.610898e-02 9.974304e-01 -4.454665e-02 2.059523e+00 7.799538e-02 4.885937e-02 9.957557e-01 2.805350e+02
9.952879e-01 5.405826e-02 -8.049666e-02 -2.915831e+01 -5.761577e-02 9.974318e-01 -4.254643e-02 2.000751e+00 7.798994e-02 4.698382e-02 9.958464e-01 2.817659e+02
9.951748e-01 5.612736e-02 -8.047937e-02 -2.926092e+01 -5.935041e-02 9.975049e-01 -3.822983e-02 1.938898e+00 7.813282e-02 4.282184e-02 9.960229e-01 2.830029e+02
9.949910e-01 6.084111e-02 -7.931695e-02 -2.937321e+01 -6.375898e-02 9.973588e-01 -3.478693e-02 1.871622e+00 7.699098e-02 3.966985e-02 9.962423e-01 2.842411e+02
9.949239e-01 6.388022e-02 -7.775408e-02 -2.950081e+01 -6.665104e-02 9.972113e-01 -3.357558e-02 1.800031e+00 7.539243e-02 3.858754e-02 9.964070e-01 2.855017e+02
9.951383e-01 6.202599e-02 -7.650252e-02 -2.960920e+01 -6.484569e-02 9.972835e-01 -3.493917e-02 1.748800e+00 7.412756e-02 3.973016e-02 9.964570e-01 2.867536e+02
9.951833e-01 6.227040e-02 -7.571395e-02 -2.972238e+01 -6.537589e-02 9.970884e-01 -3.925175e-02 1.691021e+00 7.304928e-02 4.401255e-02 9.963567e-01 2.880159e+02
9.949445e-01 6.163982e-02 -7.928415e-02 -2.982829e+01 -6.550948e-02 9.967365e-01 -4.716760e-02 1.622380e+00 7.611801e-02 5.212301e-02 9.957355e-01 2.892736e+02
9.949857e-01 6.219215e-02 -7.832945e-02 -2.993984e+01 -6.618395e-02 9.965819e-01 -4.943885e-02 1.542197e+00 7.498701e-02 5.437510e-02 9.957009e-01 2.905237e+02
9.950125e-01 6.347636e-02 -7.694701e-02 -3.005472e+01 -6.726445e-02 9.965953e-01 -4.767860e-02 1.463989e+00 7.365857e-02 5.261660e-02 9.958945e-01 2.917833e+02
9.949284e-01 6.602568e-02 -7.588190e-02 -3.019951e+01 -6.952900e-02 9.965873e-01 -4.449037e-02 1.397564e+00 7.268543e-02 4.954073e-02 9.961238e-01 2.931045e+02
9.948906e-01 6.728656e-02 -7.526737e-02 -3.031440e+01 -7.057574e-02 9.966249e-01 -4.192630e-02 1.331499e+00 7.219226e-02 4.702414e-02 9.962816e-01 2.943790e+02
9.946843e-01 7.105401e-02 -7.452783e-02 -3.042579e+01 -7.398682e-02 9.965594e-01 -3.735518e-02 1.263690e+00 7.161717e-02 4.267069e-02 9.965190e-01 2.956473e+02
9.945979e-01 7.332089e-02 -7.347816e-02 -3.054612e+01 -7.589440e-02 9.965742e-01 -3.286288e-02 1.203056e+00 7.081690e-02 3.826193e-02 9.967552e-01 2.969394e+02
9.943035e-01 7.770904e-02 -7.295056e-02 -3.068258e+01 -8.038524e-02 9.961669e-01 -3.449121e-02 1.132908e+00 6.999066e-02 4.015888e-02 9.967390e-01 2.982237e+02
9.940693e-01 8.041436e-02 -7.321087e-02 -3.079695e+01 -8.349980e-02 9.957005e-01 -4.010276e-02 1.078115e+00 6.967126e-02 4.597801e-02 9.965099e-01 2.994995e+02
9.937377e-01 8.384506e-02 -7.386123e-02 -3.089693e+01 -8.727409e-02 9.951906e-01 -4.448520e-02 1.006045e+00 6.977614e-02 5.065279e-02 9.962759e-01 3.007541e+02
9.923433e-01 8.799905e-02 -8.666514e-02 -3.100539e+01 -9.260543e-02 9.944142e-01 -5.064185e-02 9.372855e-01 8.172461e-02 5.827976e-02 9.949495e-01 3.020016e+02
9.921491e-01 8.987372e-02 -8.696468e-02 -3.113010e+01 -9.453645e-02 9.942109e-01 -5.106476e-02 8.641186e-01 8.187185e-02 5.888518e-02 9.949018e-01 3.032673e+02
9.920761e-01 9.057876e-02 -8.706652e-02 -3.129072e+01 -9.497590e-02 9.943335e-01 -4.775454e-02 7.865141e-01 8.224761e-02 5.564536e-02 9.950572e-01 3.045779e+02
9.921446e-01 8.959139e-02 -8.730628e-02 -3.141958e+01 -9.374211e-02 9.945946e-01 -4.465458e-02 7.214972e-01 8.283369e-02 5.248807e-02 9.951802e-01 3.058632e+02
9.919615e-01 9.112748e-02 -8.779599e-02 -3.153072e+01 -9.516621e-02 9.945339e-01 -4.296147e-02 6.437694e-01 8.340112e-02 5.097134e-02 9.952116e-01 3.070952e+02
9.919937e-01 8.987860e-02 -8.871542e-02 -3.160966e+01 -9.395919e-02 9.946497e-01 -4.293726e-02 5.844544e-01 8.438162e-02 5.092912e-02 9.951311e-01 3.083291e+02
9.920160e-01 8.903123e-02 -8.931747e-02 -3.173835e+01 -9.313226e-02 9.947316e-01 -4.284181e-02 5.330757e-01 8.503265e-02 5.081810e-02 9.950814e-01 3.096128e+02
9.920431e-01 8.733276e-02 -9.068376e-02 -3.178390e+01 -9.151269e-02 9.948751e-01 -4.299927e-02 4.703382e-01 8.646377e-02 5.095585e-02 9.949510e-01 3.107441e+02
9.918525e-01 8.859750e-02 -9.153781e-02 -3.191092e+01 -9.277267e-02 9.947840e-01 -4.240232e-02 4.038058e-01 8.730361e-02 5.054906e-02 9.948984e-01 3.120096e+02
9.918296e-01 8.846958e-02 -9.190893e-02 -3.204485e+01 -9.262607e-02 9.948156e-01 -4.198025e-02 3.395456e-01 8.771846e-02 5.015041e-02 9.948821e-01 3.133019e+02
9.905444e-01 9.147625e-02 -1.022447e-01 -3.217017e+01 -9.619034e-02 9.944698e-01 -4.215804e-02 2.670429e-01 9.782278e-02 5.159436e-02 9.938655e-01 3.145733e+02
9.904256e-01 9.207677e-02 -1.028538e-01 -3.232416e+01 -9.727685e-02 9.941597e-01 -4.673115e-02 2.001622e-01 9.795024e-02 5.628902e-02 9.935982e-01 3.158534e+02
9.905123e-01 9.114786e-02 -1.028464e-01 -3.246484e+01 -9.622569e-02 9.943176e-01 -4.553205e-02 1.232770e-01 9.811187e-02 5.499652e-02 9.936546e-01 3.171318e+02
9.903451e-01 9.301189e-02 -1.027884e-01 -3.257843e+01 -9.770797e-02 9.943442e-01 -4.162705e-02 4.474530e-02 9.833522e-02 5.126838e-02 9.938318e-01 3.183706e+02
9.905257e-01 9.191860e-02 -1.020281e-01 -3.270933e+01 -9.631052e-02 9.945878e-01 -3.897880e-02 -2.342996e-02 9.789305e-02 4.843589e-02 9.940176e-01 3.196312e+02
9.905674e-01 9.191466e-02 -1.016260e-01 -3.283771e+01 -9.606073e-02 9.946996e-01 -3.667524e-02 -9.512481e-02 9.771638e-02 4.609157e-02 9.941464e-01 3.208873e+02
9.906521e-01 9.090845e-02 -1.017059e-01 -3.296157e+01 -9.500972e-02 9.948170e-01 -3.622501e-02 -1.515677e-01 9.788564e-02 4.554944e-02 9.941547e-01 3.221403e+02
9.909143e-01 8.725870e-02 -1.023468e-01 -3.308789e+01 -9.157362e-02 9.950638e-01 -3.823888e-02 -2.145637e-01 9.850490e-02 4.726371e-02 9.940135e-01 3.233944e+02
9.910023e-01 8.577910e-02 -1.027439e-01 -3.321330e+01 -9.037897e-02 9.950641e-01 -4.097630e-02 -2.824128e-01 9.872190e-02 4.989350e-02 9.938635e-01 3.246397e+02
9.912149e-01 8.280595e-02 -1.031319e-01 -3.334833e+01 -8.758911e-02 9.952394e-01 -4.274033e-02 -3.416190e-01 9.910178e-02 5.139809e-02 9.937490e-01 3.258863e+02
9.911067e-01 8.245779e-02 -1.044429e-01 -3.347403e+01 -8.731535e-02 9.952602e-01 -4.281647e-02 -4.124084e-01 1.004173e-01 5.155516e-02 9.936088e-01 3.271669e+02
9.912526e-01 8.002017e-02 -1.049528e-01 -3.360545e+01 -8.450483e-02 9.956597e-01 -3.899636e-02 -4.902087e-01 1.013767e-01 4.752425e-02 9.937123e-01 3.284135e+02
9.913758e-01 7.746901e-02 -1.057004e-01 -3.373862e+01 -8.161943e-02 9.960306e-01 -3.551566e-02 -5.549766e-01 1.025295e-01 4.383658e-02 9.937636e-01 3.296433e+02
9.915462e-01 7.402037e-02 -1.065698e-01 -3.387834e+01 -7.838089e-02 9.962246e-01 -3.732159e-02 -6.227780e-01 1.034049e-01 4.535911e-02 9.936045e-01 3.308711e+02
9.917765e-01 6.958817e-02 -1.074101e-01 -3.402593e+01 -7.439870e-02 9.963670e-01 -4.144419e-02 -6.873168e-01 1.041358e-01 4.909454e-02 9.933506e-01 3.320962e+02
9.917589e-01 6.824677e-02 -1.084284e-01 -3.416588e+01 -7.325008e-02 9.963928e-01 -4.284700e-02 -7.629897e-01 1.051131e-01 5.043628e-02 9.931805e-01 3.333213e+02
9.917941e-01 6.620458e-02 -1.093680e-01 -3.429722e+01 -7.109489e-02 9.966087e-01 -4.143288e-02 -8.226008e-01 1.062540e-01 4.886839e-02 9.931374e-01 3.345151e+02
9.918474e-01 6.503279e-02 -1.095876e-01 -3.443488e+01 -6.959793e-02 9.968375e-01 -3.835653e-02 -8.917358e-01 1.067466e-01 4.567090e-02 9.932368e-01 3.356931e+02
9.918689e-01 6.379260e-02 -1.101209e-01 -3.454718e+01 -6.795765e-02 9.970919e-01 -3.448931e-02 -9.581753e-01 1.076005e-01 4.169243e-02 9.933196e-01 3.368473e+02
9.919587e-01 6.146696e-02 -1.106336e-01 -3.468509e+01 -6.536458e-02 9.973498e-01 -3.195153e-02 -1.019548e+00 1.083764e-01 3.892611e-02 9.933475e-01 3.380193e+02
9.903157e-01 5.996474e-02 -1.252163e-01 -3.482064e+01 -6.523099e-02 9.971316e-01 -3.838586e-02 -1.081044e+00 1.225554e-01 4.618210e-02 9.913866e-01 3.391779e+02
9.902319e-01 5.927657e-02 -1.262022e-01 -3.494798e+01 -6.483013e-02 9.970798e-01 -4.035900e-02 -1.145188e+00 1.234414e-01 4.814648e-02 9.911832e-01 3.402602e+02
9.899984e-01 6.172573e-02 -1.268586e-01 -3.509991e+01 -6.767442e-02 9.967750e-01 -4.312604e-02 -1.214894e+00 1.237874e-01 5.127979e-02 9.909829e-01 3.413528e+02
9.899296e-01 6.233806e-02 -1.270961e-01 -3.523743e+01 -6.858796e-02 9.966114e-01 -4.540207e-02 -1.286464e+00 1.238352e-01 5.366212e-02 9.908508e-01 3.423995e+02
9.898657e-01 6.398036e-02 -1.267774e-01 -3.537168e+01 -7.028138e-02 9.964723e-01 -4.586365e-02 -1.355752e+00 1.233958e-01 5.430894e-02 9.908703e-01 3.434399e+02
9.898270e-01 6.690617e-02 -1.255632e-01 -3.549908e+01 -7.300787e-02 9.963321e-01 -4.463403e-02 -1.432622e+00 1.221164e-01 5.334708e-02 9.910811e-01 3.444850e+02
9.898358e-01 7.014166e-02 -1.237140e-01 -3.562501e+01 -7.618890e-02 9.960846e-01 -4.484118e-02 -1.503716e+00 1.200844e-01 5.381104e-02 9.913043e-01 3.455115e+02
9.900536e-01 7.050026e-02 -1.217518e-01 -3.575642e+01 -7.667465e-02 9.959577e-01 -4.678969e-02 -1.579405e+00 1.179610e-01 5.565958e-02 9.914571e-01 3.465201e+02
9.903886e-01 6.971384e-02 -1.194590e-01 -3.587250e+01 -7.580924e-02 9.960018e-01 -4.725882e-02 -1.646857e+00 1.156867e-01 5.586069e-02 9.917137e-01 3.475218e+02
9.906456e-01 7.048998e-02 -1.168434e-01 -3.599914e+01 -7.639691e-02 9.959754e-01 -4.686593e-02 -1.718299e+00 1.130696e-01 5.535401e-02 9.920440e-01 3.485247e+02
9.935142e-01 6.648739e-02 -9.224421e-02 -3.611617e+01 -7.170304e-02 9.959400e-01 -5.442661e-02 -1.774193e+00 8.825101e-02 6.068780e-02 9.942478e-01 3.494460e+02
9.938190e-01 6.513622e-02 -8.989428e-02 -3.621145e+01 -7.015141e-02 9.960843e-01 -5.380365e-02 -1.847478e+00 8.603772e-02 5.977730e-02 9.944970e-01 3.504070e+02
9.940882e-01 6.446860e-02 -8.736440e-02 -3.630501e+01 -6.929013e-02 9.961703e-01 -5.332596e-02 -1.913394e+00 8.359197e-02 5.906420e-02 9.947481e-01 3.513481e+02
9.945069e-01 6.152780e-02 -8.467794e-02 -3.638936e+01 -6.602006e-02 9.964980e-01 -5.131295e-02 -1.982505e+00 8.122423e-02 5.662152e-02 9.950862e-01 3.522596e+02
9.946007e-01 6.287621e-02 -8.255984e-02 -3.646796e+01 -6.705298e-02 9.965538e-01 -4.883006e-02 -2.052019e+00 7.920507e-02 5.410230e-02 9.953891e-01 3.531529e+02
9.947478e-01 6.379232e-02 -8.004577e-02 -3.655297e+01 -6.778927e-02 9.965323e-01 -4.824892e-02 -2.112077e+00 7.669028e-02 5.342175e-02 9.956228e-01 3.540303e+02
9.948291e-01 6.464647e-02 -7.833218e-02 -3.662002e+01 -6.876186e-02 9.963271e-01 -5.102966e-02 -2.172349e+00 7.474559e-02 5.615205e-02 9.956204e-01 3.548556e+02
9.948711e-01 6.575782e-02 -7.685988e-02 -3.668845e+01 -7.018998e-02 9.959346e-01 -5.645982e-02 -2.240774e+00 7.283474e-02 6.156503e-02 9.954420e-01 3.556763e+02
9.949188e-01 6.691805e-02 -7.522312e-02 -3.675340e+01 -7.151779e-02 9.956202e-01 -6.021326e-02 -2.297237e+00 7.086430e-02 6.528710e-02 9.953471e-01 3.564675e+02
9.949640e-01 6.787330e-02 -7.375564e-02 -3.680957e+01 -7.233417e-02 9.955985e-01 -5.959326e-02 -2.344711e+00 6.938621e-02 6.462820e-02 9.954942e-01 3.572473e+02
9.943580e-01 6.766685e-02 -8.169120e-02 -3.686563e+01 -7.265160e-02 9.955708e-01 -5.967058e-02 -2.406067e+00 7.729165e-02 6.526892e-02 9.948698e-01 3.580439e+02
9.943701e-01 6.847050e-02 -8.086953e-02 -3.693103e+01 -7.329912e-02 9.956028e-01 -5.832886e-02 -2.470462e+00 7.652012e-02 6.392814e-02 9.950165e-01 3.587641e+02
9.940797e-01 7.018182e-02 -8.294641e-02 -3.699788e+01 -7.536169e-02 9.952851e-01 -6.105885e-02 -2.531281e+00 7.827010e-02 6.694834e-02 9.946817e-01 3.594571e+02
9.935634e-01 7.143995e-02 -8.790943e-02 -3.705480e+01 -7.724668e-02 9.949219e-01 -6.452442e-02 -2.587330e+00 8.285339e-02 7.089981e-02 9.940365e-01 3.601137e+02
9.928953e-01 7.296056e-02 -9.399847e-02 -3.711894e+01 -7.929117e-02 9.946993e-01 -6.546934e-02 -2.639883e+00 8.872353e-02 7.245745e-02 9.934174e-01 3.607433e+02
9.918810e-01 7.755937e-02 -1.007798e-01 -3.718699e+01 -8.436502e-02 9.943050e-01 -6.511616e-02 -2.686798e+00 9.515551e-02 7.308978e-02 9.927756e-01 3.613419e+02
9.907375e-01 8.160928e-02 -1.085315e-01 -3.726235e+01 -8.891827e-02 9.939615e-01 -6.429634e-02 -2.734363e+00 1.026289e-01 7.335122e-02 9.920115e-01 3.619184e+02
9.891195e-01 8.494101e-02 -1.201151e-01 -3.734334e+01 -9.292622e-02 9.937088e-01 -6.251092e-02 -2.780124e+00 1.140497e-01 7.299261e-02 9.907900e-01 3.624817e+02
9.871164e-01 8.379785e-02 -1.363051e-01 -3.742487e+01 -9.260752e-02 9.939162e-01 -5.961899e-02 -2.822148e+00 1.304799e-01 7.147376e-02 9.888713e-01 3.630295e+02
9.840933e-01 8.328613e-02 -1.569196e-01 -3.752840e+01 -9.338486e-02 9.939328e-01 -5.810997e-02 -2.854027e+00 1.511278e-01 7.183955e-02 9.859003e-01 3.635495e+02
9.798938e-01 7.990506e-02 -1.828203e-01 -3.764627e+01 -9.221606e-02 9.939389e-01 -5.984672e-02 -2.881090e+00 1.769302e-01 7.550240e-02 9.813231e-01 3.640039e+02
9.724695e-01 7.968050e-02 -2.189841e-01 -3.779142e+01 -9.375952e-02 9.940936e-01 -5.465423e-02 -2.920084e+00 2.133358e-01 7.368142e-02 9.741965e-01 3.644822e+02
9.616076e-01 8.112509e-02 -2.621631e-01 -3.797352e+01 -9.662067e-02 9.942230e-01 -4.674472e-02 -2.945466e+00 2.568564e-01 7.028045e-02 9.638908e-01 3.649560e+02
9.468377e-01 8.177227e-02 -3.111459e-01 -3.817354e+01 -9.836333e-02 9.944255e-01 -3.798117e-02 -2.968313e+00 3.063056e-01 6.656734e-02 9.496029e-01 3.654043e+02
9.267405e-01 8.332329e-02 -3.663459e-01 -3.839715e+01 -1.003341e-01 9.945708e-01 -2.760451e-02 -2.985749e+00 3.620568e-01 6.233921e-02 9.300692e-01 3.658341e+02
9.010766e-01 8.619033e-02 -4.250084e-01 -3.864712e+01 -1.023235e-01 9.946346e-01 -1.523122e-02 -2.997519e+00 4.214153e-01 5.721283e-02 9.050613e-01 3.662415e+02
8.698066e-01 9.186354e-02 -4.847655e-01 -3.891456e+01 -1.058817e-01 9.943775e-01 -1.546293e-03 -3.005424e+00 4.818979e-01 5.267279e-02 8.746428e-01 3.666208e+02
8.328852e-01 9.948240e-02 -5.444313e-01 -3.917558e+01 -1.097805e-01 9.938620e-01 1.366053e-02 -3.001425e+00 5.424485e-01 4.839029e-02 8.386942e-01 3.669785e+02
7.914815e-01 1.060999e-01 -6.019135e-01 -3.946143e+01 -1.118739e-01 9.933282e-01 2.798719e-02 -2.996961e+00 6.008671e-01 4.518707e-02 7.980707e-01 3.673183e+02
7.455508e-01 1.096068e-01 -6.573738e-01 -3.976819e+01 -1.115163e-01 9.929934e-01 3.909157e-02 -2.987939e+00 6.570526e-01 4.416313e-02 7.525500e-01 3.676351e+02
7.026104e-01 1.187962e-01 -7.015882e-01 -4.010718e+01 -1.084859e-01 9.923229e-01 5.938089e-02 -2.973293e+00 7.032563e-01 3.439077e-02 7.101041e-01 3.679214e+02
6.451413e-01 1.230241e-01 -7.540940e-01 -4.048245e+01 -1.057068e-01 9.918325e-01 7.137500e-02 -2.952079e+00 7.567158e-01 3.366591e-02 6.528766e-01 3.682089e+02
5.828502e-01 1.272020e-01 -8.025617e-01 -4.089680e+01 -1.044238e-01 9.912072e-01 8.126488e-02 -2.904938e+00 8.058420e-01 3.644127e-02 5.910082e-01 3.684660e+02
5.161790e-01 1.334543e-01 -8.460196e-01 -4.134563e+01 -1.028712e-01 9.902954e-01 9.344847e-02 -2.850928e+00 8.502804e-01 3.879496e-02 5.248983e-01 3.686918e+02
4.470041e-01 1.330355e-01 -8.845840e-01 -4.181395e+01 -8.814142e-02 9.906175e-01 1.044419e-01 -2.793984e+00 8.901789e-01 3.128251e-02 4.545360e-01 3.688965e+02
3.737107e-01 1.275524e-01 -9.187332e-01 -4.230114e+01 -7.122570e-02 9.915212e-01 1.086856e-01 -2.734554e+00 9.248066e-01 2.482044e-02 3.796271e-01 3.690673e+02
2.965094e-01 1.226834e-01 -9.471172e-01 -4.280564e+01 -6.030129e-02 9.921408e-01 1.096372e-01 -2.681242e+00 9.531243e-01 2.460391e-02 3.015771e-01 3.691916e+02
2.179522e-01 1.164932e-01 -9.689820e-01 -4.333710e+01 -5.209392e-02 9.928240e-01 1.076420e-01 -2.624264e+00 9.745682e-01 2.701726e-02 2.224567e-01 3.692684e+02
1.407470e-01 1.116729e-01 -9.837273e-01 -4.387013e+01 -4.622171e-02 9.932759e-01 1.061436e-01 -2.548769e+00 9.889660e-01 3.053016e-02 1.449623e-01 3.693058e+02
6.873647e-02 1.088887e-01 -9.916746e-01 -4.442835e+01 -3.767614e-02 9.935999e-01 1.064886e-01 -2.468973e+00 9.969232e-01 3.004282e-02 7.239905e-02 3.693195e+02
-8.087418e-03 1.099811e-01 -9.939008e-01 -4.499007e+01 -3.566783e-02 9.932691e-01 1.102015e-01 -2.390561e+00 9.993310e-01 3.634153e-02 -4.110194e-03 3.692972e+02
-6.516187e-02 1.187769e-01 -9.907805e-01 -4.555673e+01 -3.394737e-02 9.920521e-01 1.211620e-01 -2.329024e+00 9.972971e-01 4.152954e-02 -6.061181e-02 3.692240e+02
-1.132012e-01 1.251529e-01 -9.856583e-01 -4.613304e+01 -3.479899e-02 9.909269e-01 1.298185e-01 -2.257272e+00 9.929625e-01 4.899552e-02 -1.078189e-01 3.691357e+02
-1.515024e-01 1.251326e-01 -9.805044e-01 -4.669922e+01 -3.296859e-02 9.907630e-01 1.315360e-01 -2.184776e+00 9.879069e-01 5.225386e-02 -1.459775e-01 3.690270e+02
-1.811303e-01 1.209360e-01 -9.759950e-01 -4.727424e+01 -3.513706e-02 9.909810e-01 1.293139e-01 -2.114190e+00 9.828312e-01 5.771626e-02 -1.752474e-01 3.688888e+02
-2.030618e-01 1.213146e-01 -9.716217e-01 -4.786553e+01 -3.811950e-02 9.905636e-01 1.316463e-01 -2.032436e+00 9.784236e-01 6.377007e-02 -1.965211e-01 3.687492e+02
-2.173687e-01 1.262626e-01 -9.678887e-01 -4.846663e+01 -4.031357e-02 9.895909e-01 1.381473e-01 -1.945039e+00 9.752567e-01 6.904795e-02 -2.100160e-01 3.685999e+02
-2.253461e-01 1.303235e-01 -9.655231e-01 -4.908820e+01 -4.096759e-02 9.888692e-01 1.430362e-01 -1.859804e+00 9.734171e-01 7.178781e-02 -2.174987e-01 3.684560e+02
-2.281542e-01 1.312445e-01 -9.647386e-01 -4.972881e+01 -4.142147e-02 9.886673e-01 1.442957e-01 -1.778796e+00 9.727435e-01 7.288256e-02 -2.201322e-01 3.683108e+02
-2.291466e-01 1.254515e-01 -9.652739e-01 -5.035728e+01 -4.322566e-02 9.893704e-01 1.388446e-01 -1.695031e+00 9.724317e-01 7.354036e-02 -2.212881e-01 3.681539e+02
-2.381539e-01 1.148129e-01 -9.644173e-01 -5.099496e+01 -4.047941e-02 9.909519e-01 1.279678e-01 -1.604329e+00 9.703835e-01 6.951508e-02 -2.313515e-01 3.680105e+02
-2.372418e-01 1.079371e-01 -9.654356e-01 -5.165755e+01 -3.642348e-02 9.921211e-01 1.198711e-01 -1.513814e+00 9.707676e-01 6.360296e-02 -2.314412e-01 3.678524e+02
-2.362068e-01 1.080340e-01 -9.656785e-01 -5.235152e+01 -3.240929e-02 9.923715e-01 1.189476e-01 -1.426207e+00 9.711622e-01 5.939319e-02 -2.309036e-01 3.676899e+02
-2.341026e-01 1.120349e-01 -9.657350e-01 -5.305670e+01 -2.928215e-02 9.920748e-01 1.221889e-01 -1.341151e+00 9.717708e-01 5.688353e-02 -2.289667e-01 3.675182e+02
-2.319930e-01 1.129838e-01 -9.661335e-01 -5.381527e+01 -3.181065e-02 9.918189e-01 1.236261e-01 -1.252955e+00 9.721972e-01 5.941372e-02 -2.265009e-01 3.673376e+02
-2.283193e-01 1.130742e-01 -9.669977e-01 -5.455492e+01 -3.688571e-02 9.915149e-01 1.246502e-01 -1.162015e+00 9.728873e-01 6.412845e-02 -2.222112e-01 3.671692e+02
-2.227868e-01 1.118905e-01 -9.684248e-01 -5.530980e+01 -4.166989e-02 9.913906e-01 1.241301e-01 -1.058321e+00 9.739762e-01 6.800870e-02 -2.162063e-01 3.669938e+02
-2.161088e-01 1.093526e-01 -9.702263e-01 -5.612079e+01 -4.961413e-02 9.911946e-01 1.227670e-01 -9.596399e-01 9.751079e-01 7.466796e-02 -2.087804e-01 3.668056e+02
-2.072768e-01 1.080409e-01 -9.722981e-01 -5.689158e+01 -5.472061e-02 9.910464e-01 1.217897e-01 -8.635341e-01 9.767507e-01 7.844891e-02 -1.995088e-01 3.666586e+02
-1.979638e-01 1.099424e-01 -9.740241e-01 -5.773544e+01 -5.967613e-02 9.904949e-01 1.239303e-01 -7.545879e-01 9.783911e-01 8.265969e-02 -1.895212e-01 3.664900e+02
-1.996475e-01 1.156513e-01 -9.730188e-01 -5.858476e+01 -6.686106e-02 9.890880e-01 1.312800e-01 -6.477470e-01 9.775840e-01 9.126680e-02 -1.897364e-01 3.663256e+02
-1.898498e-01 1.179234e-01 -9.747057e-01 -5.943126e+01 -7.253681e-02 9.883631e-01 1.337042e-01 -5.446688e-01 9.791300e-01 9.608574e-02 -1.790867e-01 3.661659e+02
-1.807785e-01 1.165519e-01 -9.765935e-01 -6.031170e+01 -7.612944e-02 9.883162e-01 1.320434e-01 -4.301750e-01 9.805730e-01 9.821813e-02 -1.697933e-01 3.660101e+02
-1.716521e-01 1.152487e-01 -9.783932e-01 -6.120850e+01 -7.463168e-02 9.887586e-01 1.295633e-01 -3.106147e-01 9.823267e-01 9.525893e-02 -1.611213e-01 3.658614e+02
-1.644442e-01 1.172643e-01 -9.793912e-01 -6.212596e+01 -7.357375e-02 9.886842e-01 1.307304e-01 -1.897969e-01 9.836387e-01 9.355533e-02 -1.539558e-01 3.657147e+02
-1.594322e-01 1.214820e-01 -9.797058e-01 -6.306428e+01 -7.145005e-02 9.883771e-01 1.341846e-01 -7.564504e-02 9.846199e-01 9.139337e-02 -1.488992e-01 3.655781e+02
-1.565358e-01 1.264201e-01 -9.795481e-01 -6.404741e+01 -7.024549e-02 9.878378e-01 1.387155e-01 6.055970e-02 9.851711e-01 9.052278e-02 -1.457516e-01 3.654383e+02
-1.545819e-01 1.293287e-01 -9.794787e-01 -6.501444e+01 -6.858339e-02 9.875991e-01 1.412247e-01 1.940469e-01 9.855967e-01 8.900675e-02 -1.437951e-01 3.652964e+02
-1.532294e-01 1.290831e-01 -9.797236e-01 -6.601163e+01 -6.943297e-02 9.875751e-01 1.409769e-01 3.380001e-01 9.857484e-01 8.962693e-02 -1.423629e-01 3.651456e+02
-1.523766e-01 1.252840e-01 -9.803496e-01 -6.699372e+01 -7.404709e-02 9.876978e-01 1.377323e-01 4.746992e-01 9.855447e-01 9.357921e-02 -1.412251e-01 3.649917e+02
-1.589538e-01 1.237036e-01 -9.795055e-01 -6.802452e+01 -7.547334e-02 9.876937e-01 1.369855e-01 6.175969e-01 9.843970e-01 9.570092e-02 -1.476613e-01 3.648342e+02
-1.580616e-01 1.217357e-01 -9.798964e-01 -6.907517e+01 -7.669786e-02 9.878595e-01 1.350967e-01 7.618280e-01 9.844460e-01 9.650956e-02 -1.468058e-01 3.646855e+02
-1.568819e-01 1.212760e-01 -9.801429e-01 -7.011389e+01 -7.722637e-02 9.878868e-01 1.345950e-01 8.972245e-01 9.845934e-01 9.680841e-02 -1.456159e-01 3.645297e+02
-1.549654e-01 1.222132e-01 -9.803314e-01 -7.115469e+01 -7.715054e-02 9.877911e-01 1.353387e-01 1.032637e+00 9.849028e-01 9.660591e-02 -1.436446e-01 3.643713e+02
-1.530007e-01 1.220821e-01 -9.806563e-01 -7.221338e+01 -7.855995e-02 9.876969e-01 1.352154e-01 1.173171e+00 9.850985e-01 9.772836e-02 -1.415275e-01 3.642133e+02
-1.509624e-01 1.235549e-01 -9.807877e-01 -7.325370e+01 -8.099539e-02 9.872765e-01 1.368391e-01 1.308141e+00 9.852158e-01 1.000968e-01 -1.390343e-01 3.640471e+02
-1.494942e-01 1.244216e-01 -9.809030e-01 -7.433742e+01 -8.385158e-02 9.868820e-01 1.379594e-01 1.449051e+00 9.852007e-01 1.028744e-01 -1.371002e-01 3.638974e+02
-1.470299e-01 1.258196e-01 -9.810972e-01 -7.539148e+01 -8.364158e-02 9.867428e-01 1.390784e-01 1.589547e+00 9.855893e-01 1.025092e-01 -1.345570e-01 3.637244e+02
-1.464539e-01 1.252052e-01 -9.812619e-01 -7.646416e+01 -8.514680e-02 9.866807e-01 1.386048e-01 1.728099e+00 9.855462e-01 1.038505e-01 -1.338425e-01 3.635643e+02
-1.463827e-01 1.231912e-01 -9.815274e-01 -7.752883e+01 -8.493273e-02 9.869865e-01 1.365430e-01 1.860749e+00 9.855752e-01 1.033513e-01 -1.340148e-01 3.634112e+02
-1.431522e-01 1.179364e-01 -9.826487e-01 -7.862569e+01 -8.654084e-02 9.875799e-01 1.311355e-01 2.012187e+00 9.859098e-01 1.038116e-01 -1.311679e-01 3.632568e+02
-1.434720e-01 1.211684e-01 -9.822087e-01 -7.974243e+01 -8.867096e-02 9.869109e-01 1.347008e-01 2.162249e+00 9.856740e-01 1.064192e-01 -1.308500e-01 3.631004e+02
-1.441357e-01 1.245086e-01 -9.816937e-01 -8.082114e+01 -8.950246e-02 9.863463e-01 1.382397e-01 2.297284e+00 9.855020e-01 1.077893e-01 -1.310239e-01 3.629453e+02
-1.456487e-01 1.238357e-01 -9.815555e-01 -8.189621e+01 -9.272056e-02 9.860599e-01 1.381623e-01 2.437197e+00 9.849819e-01 1.111335e-01 -1.321362e-01 3.627968e+02
-1.464614e-01 1.225798e-01 -9.815922e-01 -8.296563e+01 -9.227158e-02 9.862736e-01 1.369321e-01 2.573225e+00 9.849036e-01 1.106283e-01 -1.331404e-01 3.626435e+02
-1.481747e-01 1.186370e-01 -9.818195e-01 -8.403606e+01 -8.855808e-02 9.871985e-01 1.326520e-01 2.711927e+00 9.849882e-01 1.066037e-01 -1.357716e-01 3.624919e+02
-1.503407e-01 1.163263e-01 -9.817667e-01 -8.512344e+01 -8.867595e-02 9.874641e-01 1.305806e-01 2.852061e+00 9.846493e-01 1.066907e-01 -1.381407e-01 3.623384e+02
-1.517057e-01 1.196550e-01 -9.811565e-01 -8.619758e+01 -8.825638e-02 9.870409e-01 1.340188e-01 2.986750e+00 9.844776e-01 1.069247e-01 -1.391795e-01 3.621707e+02
-1.528390e-01 1.214585e-01 -9.807589e-01 -8.731125e+01 -8.718931e-02 9.868915e-01 1.358054e-01 3.118105e+00 9.843974e-01 1.062681e-01 -1.402457e-01 3.620042e+02
-1.539181e-01 1.191312e-01 -9.808756e-01 -8.836753e+01 -8.710701e-02 9.872040e-01 1.335686e-01 3.258667e+00 9.842365e-01 1.059998e-01 -1.415714e-01 3.618466e+02
-1.592124e-01 1.129225e-01 -9.807650e-01 -8.938147e+01 -9.036804e-02 9.875993e-01 1.283793e-01 3.390091e+00 9.830997e-01 1.090694e-01 -1.470334e-01 3.616809e+02
-1.590769e-01 1.130213e-01 -9.807756e-01 -9.042683e+01 -9.282495e-02 9.873126e-01 1.288304e-01 3.512334e+00 9.828927e-01 1.115344e-01 -1.465674e-01 3.615049e+02
-1.578679e-01 1.151202e-01 -9.807268e-01 -9.149780e+01 -9.490814e-02 9.868141e-01 1.311121e-01 3.638745e+00 9.828887e-01 1.137774e-01 -1.448605e-01 3.613353e+02
-1.560221e-01 1.167280e-01 -9.808321e-01 -9.257920e+01 -9.625078e-02 9.864704e-01 1.327097e-01 3.772256e+00 9.830528e-01 1.151115e-01 -1.426760e-01 3.611798e+02
-1.531861e-01 1.179074e-01 -9.811380e-01 -9.364795e+01 -9.627224e-02 9.863529e-01 1.335652e-01 3.899596e+00 9.834967e-01 1.149167e-01 -1.397444e-01 3.610029e+02
-1.502216e-01 1.171963e-01 -9.816815e-01 -9.468275e+01 -9.643050e-02 9.864777e-01 1.325251e-01 4.022459e+00 9.839383e-01 1.145722e-01 -1.368889e-01 3.608409e+02
-1.471320e-01 1.146647e-01 -9.824481e-01 -9.573498e+01 -9.741144e-02 9.867495e-01 1.297551e-01 4.155127e+00 9.843085e-01 1.147928e-01 -1.340128e-01 3.607054e+02
-1.435742e-01 1.114083e-01 -9.833487e-01 -9.678072e+01 -9.975550e-02 9.869532e-01 1.263815e-01 4.293185e+00 9.845990e-01 1.162396e-01 -1.305874e-01 3.605568e+02
-1.404948e-01 1.100314e-01 -9.839483e-01 -9.783320e+01 -1.016433e-01 9.869516e-01 1.248806e-01 4.416380e+00 9.848502e-01 1.175568e-01 -1.274776e-01 3.604323e+02
-1.369526e-01 1.107729e-01 -9.843644e-01 -9.887684e+01 -1.041377e-01 9.866111e-01 1.255142e-01 4.543842e+00 9.850885e-01 1.196989e-01 -1.235833e-01 3.602970e+02
-1.362868e-01 1.320716e-01 -9.818264e-01 -9.993102e+01 -1.057047e-01 9.834772e-01 1.469665e-01 4.654908e+00 9.850139e-01 1.238133e-01 -1.200744e-01 3.601435e+02
-1.329163e-01 1.359302e-01 -9.817618e-01 -1.009452e+02 -1.064528e-01 9.828627e-01 1.504948e-01 4.797352e+00 9.853939e-01 1.245145e-01 -1.161683e-01 3.600266e+02
-1.293797e-01 1.376814e-01 -9.819902e-01 -1.019645e+02 -1.063059e-01 9.826803e-01 1.517843e-01 4.936989e+00 9.858803e-01 1.240292e-01 -1.125026e-01 3.599108e+02
-1.257897e-01 1.368292e-01 -9.825755e-01 -1.029516e+02 -1.055219e-01 9.829785e-01 1.503943e-01 5.067475e+00 9.864290e-01 1.226013e-01 -1.092101e-01 3.597989e+02
-1.228085e-01 1.326325e-01 -9.835277e-01 -1.039408e+02 -1.048126e-01 9.837536e-01 1.457504e-01 5.201646e+00 9.868801e-01 1.209855e-01 -1.069117e-01 3.596957e+02
-1.204510e-01 1.306478e-01 -9.840847e-01 -1.048981e+02 -1.023921e-01 9.843800e-01 1.432197e-01 5.324391e+00 9.874246e-01 1.180134e-01 -1.051923e-01 3.596093e+02
-1.185614e-01 1.295577e-01 -9.844582e-01 -1.058517e+02 -9.994214e-02 9.848592e-01 1.416469e-01 5.451088e+00 9.879042e-01 1.151827e-01 -1.038180e-01 3.595156e+02
-1.172135e-01 1.277677e-01 -9.848535e-01 -1.067763e+02 -9.757645e-02 9.854094e-01 1.394530e-01 5.568988e+00 9.883015e-01 1.124443e-01 -1.030362e-01 3.594228e+02
-1.165504e-01 1.261257e-01 -9.851438e-01 -1.076706e+02 -9.559392e-02 9.858741e-01 1.375287e-01 5.683920e+00 9.885736e-01 1.102028e-01 -1.028472e-01 3.593424e+02
-1.161372e-01 1.263109e-01 -9.851689e-01 -1.085638e+02 -9.431625e-02 9.859962e-01 1.375354e-01 5.797670e+00 9.887450e-01 1.088904e-01 -1.025977e-01 3.592562e+02
-8.294186e-02 1.336818e-01 -9.875474e-01 -1.095862e+02 -9.482271e-02 9.854071e-01 1.413560e-01 5.922755e+00 9.920329e-01 1.053662e-01 -6.905543e-02 3.591446e+02
-8.531545e-02 1.321228e-01 -9.875550e-01 -1.104620e+02 -9.202992e-02 9.858866e-01 1.398501e-01 6.036076e+00 9.920946e-01 1.028160e-01 -7.195211e-02 3.590829e+02
-8.893408e-02 1.321946e-01 -9.872261e-01 -1.113441e+02 -8.664032e-02 9.863699e-01 1.398849e-01 6.143372e+00 9.922622e-01 9.797412e-02 -7.626853e-02 3.590145e+02
-9.582820e-02 1.335966e-01 -9.863919e-01 -1.122113e+02 -8.222803e-02 9.865029e-01 1.416002e-01 6.260202e+00 9.919957e-01 9.467835e-02 -8.354941e-02 3.589422e+02
-1.053907e-01 1.360907e-01 -9.850747e-01 -1.130857e+02 -7.749903e-02 9.864546e-01 1.445728e-01 6.379537e+00 9.914064e-01 9.157895e-02 -9.341621e-02 3.588649e+02
-1.176074e-01 1.364192e-01 -9.836454e-01 -1.139405e+02 -7.626239e-02 9.863536e-01 1.459129e-01 6.495043e+00 9.901275e-01 9.217559e-02 -1.055988e-01 3.587751e+02
-1.307232e-01 1.328708e-01 -9.824748e-01 -1.147863e+02 -7.517252e-02 9.867974e-01 1.434575e-01 6.606090e+00 9.885649e-01 9.260833e-02 -1.190091e-01 3.586649e+02
-1.440661e-01 1.267773e-01 -9.814135e-01 -1.156321e+02 -7.410758e-02 9.875923e-01 1.384541e-01 6.716431e+00 9.867893e-01 9.267671e-02 -1.328834e-01 3.585346e+02
-1.572152e-01 1.208547e-01 -9.801416e-01 -1.164679e+02 -7.402919e-02 9.882491e-01 1.337287e-01 6.831647e+00 9.847858e-01 9.358327e-02 -1.464210e-01 3.584021e+02
-1.689733e-01 1.171081e-01 -9.786387e-01 -1.173077e+02 -7.697399e-02 9.883157e-01 1.315566e-01 6.939971e+00 9.826103e-01 9.755927e-02 -1.579846e-01 3.582589e+02
-1.732500e-01 1.274016e-01 -9.766029e-01 -1.181402e+02 -8.014548e-02 9.864856e-01 1.429087e-01 7.039543e+00 9.816115e-01 1.030293e-01 -1.606980e-01 3.581076e+02
-1.787181e-01 1.272139e-01 -9.756416e-01 -1.189893e+02 -8.125062e-02 9.863110e-01 1.434886e-01 7.158986e+00 9.805397e-01 1.049155e-01 -1.659354e-01 3.579481e+02
-1.828188e-01 1.256632e-01 -9.750826e-01 -1.198459e+02 -8.494792e-02 9.860695e-01 1.430060e-01 7.278972e+00 9.794698e-01 1.089754e-01 -1.695973e-01 3.577956e+02
-1.835750e-01 1.237180e-01 -9.751893e-01 -1.207323e+02 -8.860928e-02 9.859272e-01 1.417605e-01 7.404845e+00 9.790039e-01 1.124345e-01 -1.700290e-01 3.576168e+02
-1.833889e-01 1.222075e-01 -9.754147e-01 -1.216040e+02 -9.084151e-02 9.858903e-01 1.405992e-01 7.525766e+00 9.788342e-01 1.143925e-01 -1.696999e-01 3.574578e+02
-1.819718e-01 1.219279e-01 -9.757150e-01 -1.224972e+02 -8.993467e-02 9.860596e-01 1.399935e-01 7.656004e+00 9.791823e-01 1.132255e-01 -1.684695e-01 3.573063e+02
-1.798247e-01 1.255109e-01 -9.756588e-01 -1.233970e+02 -8.972939e-02 9.855992e-01 1.433278e-01 7.783935e+00 9.795977e-01 1.133191e-01 -1.659731e-01 3.571433e+02
-1.784603e-01 1.337827e-01 -9.748098e-01 -1.243128e+02 -9.160768e-02 9.841514e-01 1.518356e-01 7.920187e+00 9.796734e-01 1.163967e-01 -1.633765e-01 3.569856e+02
-1.758496e-01 1.475751e-01 -9.732926e-01 -1.252608e+02 -9.627822e-02 9.813813e-01 1.661966e-01 8.073199e+00 9.796976e-01 1.229325e-01 -1.583672e-01 3.568144e+02
-1.710280e-01 1.521862e-01 -9.734417e-01 -1.262256e+02 -1.002616e-01 9.801816e-01 1.708553e-01 8.233658e+00 9.801515e-01 1.268199e-01 -1.523800e-01 3.566421e+02
-1.700796e-01 1.449274e-01 -9.747148e-01 -1.272179e+02 -1.108002e-01 9.800412e-01 1.650531e-01 8.396864e+00 9.791814e-01 1.360708e-01 -1.506271e-01 3.564732e+02
-1.631248e-01 1.329817e-01 -9.776023e-01 -1.281818e+02 -1.144587e-01 9.816332e-01 1.526288e-01 8.564652e+00 9.799436e-01 1.367926e-01 -1.449078e-01 3.563140e+02
-1.572664e-01 1.341213e-01 -9.784062e-01 -1.291416e+02 -1.164781e-01 9.813003e-01 1.532404e-01 8.727889e+00 9.806631e-01 1.380625e-01 -1.387033e-01 3.561474e+02
-1.508265e-01 1.451711e-01 -9.778429e-01 -1.302213e+02 -1.133285e-01 9.800980e-01 1.629861e-01 8.889954e+00 9.820428e-01 1.354001e-01 -1.313727e-01 3.559908e+02
-1.451934e-01 1.483574e-01 -9.782172e-01 -1.312171e+02 -1.113503e-01 9.799626e-01 1.651495e-01 9.048937e+00 9.831175e-01 1.329034e-01 -1.257645e-01 3.558419e+02
-1.404582e-01 1.383429e-01 -9.803738e-01 -1.322334e+02 -1.111856e-01 9.817225e-01 1.544627e-01 9.212792e+00 9.838238e-01 1.306990e-01 -1.225092e-01 3.557019e+02
-1.380366e-01 1.284605e-01 -9.820610e-01 -1.333077e+02 -1.151762e-01 9.827437e-01 1.447387e-01 9.384855e+00 9.837074e-01 1.330893e-01 -1.208590e-01 3.555802e+02
-1.347824e-01 1.290781e-01 -9.824320e-01 -1.343625e+02 -1.227246e-01 9.816703e-01 1.458150e-01 9.539553e+00 9.832458e-01 1.402218e-01 -1.164708e-01 3.554386e+02
-1.304429e-01 1.350949e-01 -9.822087e-01 -1.354643e+02 -1.286698e-01 9.799884e-01 1.518776e-01 9.678243e+00 9.830711e-01 1.461920e-01 -1.104499e-01 3.552928e+02
-1.254141e-01 1.305060e-01 -9.834833e-01 -1.365820e+02 -1.328845e-01 9.801680e-01 1.470115e-01 9.821521e+00 9.831648e-01 1.491270e-01 -1.055846e-01 3.551511e+02
-1.367333e-01 1.153180e-01 -9.838728e-01 -1.379712e+02 -1.287431e-01 9.827088e-01 1.330736e-01 1.002011e+01 9.822063e-01 1.448624e-01 -1.195226e-01 3.550059e+02
-1.318457e-01 1.091157e-01 -9.852464e-01 -1.391239e+02 -1.232541e-01 9.844054e-01 1.255164e-01 1.017669e+01 9.835777e-01 1.379845e-01 -1.163406e-01 3.548925e+02
-1.254976e-01 1.160111e-01 -9.852877e-01 -1.402475e+02 -1.184424e-01 9.842844e-01 1.309792e-01 1.032221e+01 9.849983e-01 1.331374e-01 -1.097847e-01 3.547470e+02
-1.186873e-01 1.286161e-01 -9.845665e-01 -1.413861e+02 -1.158936e-01 9.830035e-01 1.423826e-01 1.045858e+01 9.861450e-01 1.310039e-01 -1.017642e-01 3.545979e+02
-1.127370e-01 1.342081e-01 -9.845195e-01 -1.425658e+02 -1.168386e-01 9.821716e-01 1.472672e-01 1.062563e+01 9.867315e-01 1.316324e-01 -9.504644e-02 3.544845e+02
-1.080019e-01 1.334198e-01 -9.851572e-01 -1.437070e+02 -1.188060e-01 9.821199e-01 1.460331e-01 1.078350e+01 9.870262e-01 1.328144e-01 -9.021973e-02 3.543617e+02
-1.044469e-01 1.316706e-01 -9.857757e-01 -1.448653e+02 -1.188774e-01 9.824377e-01 1.438203e-01 1.093893e+01 9.874001e-01 1.322080e-01 -8.695990e-02 3.542548e+02
-1.015538e-01 1.304662e-01 -9.862380e-01 -1.460398e+02 -1.153994e-01 9.831260e-01 1.419373e-01 1.109607e+01 9.881143e-01 1.282255e-01 -8.478449e-02 3.541637e+02
-9.921496e-02 1.300876e-01 -9.865260e-01 -1.471919e+02 -1.145141e-01 9.833380e-01 1.411839e-01 1.125502e+01 9.884548e-01 1.269787e-01 -8.266498e-02 3.540511e+02
-9.940767e-02 1.330798e-01 -9.861074e-01 -1.483745e+02 -1.155427e-01 9.827686e-01 1.442768e-01 1.141713e+01 9.883157e-01 1.282798e-01 -8.231833e-02 3.539627e+02
-1.009486e-01 1.395657e-01 -9.850537e-01 -1.495778e+02 -1.159397e-01 9.817152e-01 1.509743e-01 1.158330e+01 9.881130e-01 1.294474e-01 -8.292157e-02 3.538406e+02
-1.022982e-01 1.375189e-01 -9.852023e-01 -1.507362e+02 -1.136107e-01 9.823025e-01 1.489108e-01 1.173651e+01 9.882447e-01 1.271629e-01 -8.486419e-02 3.537500e+02
-1.048447e-01 1.293514e-01 -9.860405e-01 -1.518752e+02 -1.068836e-01 9.842963e-01 1.404874e-01 1.190047e+01 9.887282e-01 1.201210e-01 -8.937274e-02 3.536576e+02
-1.093185e-01 1.249612e-01 -9.861208e-01 -1.529963e+02 -9.838109e-02 9.858352e-01 1.358313e-01 1.204744e+01 9.891262e-01 1.118645e-01 -9.547616e-02 3.535486e+02
-1.160694e-01 1.284435e-01 -9.849011e-01 -1.541446e+02 -9.204785e-02 9.859448e-01 1.394274e-01 1.219919e+01 9.889667e-01 1.068413e-01 -1.026150e-01 3.534417e+02
-1.230736e-01 1.351327e-01 -9.831541e-01 -1.552847e+02 -8.798914e-02 9.852982e-01 1.464421e-01 1.234195e+01 9.884892e-01 1.045300e-01 -1.093740e-01 3.533149e+02
-1.298319e-01 1.355948e-01 -9.822208e-01 -1.564113e+02 -9.154551e-02 9.847349e-01 1.480425e-01 1.249885e+01 9.873009e-01 1.091386e-01 -1.154370e-01 3.531658e+02
-1.359163e-01 1.325340e-01 -9.818154e-01 -1.575703e+02 -9.730369e-02 9.844346e-01 1.463576e-01 1.265672e+01 9.859304e-01 1.154267e-01 -1.209047e-01 3.530110e+02
-1.408514e-01 1.275668e-01 -9.817778e-01 -1.587096e+02 -1.024770e-01 9.844586e-01 1.426171e-01 1.282329e+01 9.847128e-01 1.206975e-01 -1.255897e-01 3.528514e+02
-1.435819e-01 1.255477e-01 -9.816425e-01 -1.598256e+02 -1.043424e-01 9.844711e-01 1.411713e-01 1.296787e+01 9.841224e-01 1.226966e-01 -1.282523e-01 3.526794e+02
-1.394395e-01 1.272547e-01 -9.820198e-01 -1.609501e+02 -1.055519e-01 9.841481e-01 1.425180e-01 1.311515e+01 9.845890e-01 1.235267e-01 -1.237971e-01 3.524982e+02
-1.404456e-01 1.345270e-01 -9.809065e-01 -1.620695e+02 -1.008896e-01 9.836246e-01 1.493451e-01 1.326008e+01 9.849347e-01 1.199381e-01 -1.245734e-01 3.523385e+02
-1.421591e-01 1.419755e-01 -9.796090e-01 -1.631926e+02 -9.770647e-02 9.828143e-01 1.566191e-01 1.341249e+01 9.850098e-01 1.179790e-01 -1.258441e-01 3.521849e+02
-1.430175e-01 1.445697e-01 -9.791045e-01 -1.642812e+02 -9.764135e-02 9.823871e-01 1.593168e-01 1.356205e+01 9.848920e-01 1.183862e-01 -1.263825e-01 3.520270e+02
-1.432479e-01 1.389340e-01 -9.798864e-01 -1.653700e+02 -1.015896e-01 9.828033e-01 1.541988e-01 1.372301e+01 9.844590e-01 1.216350e-01 -1.266703e-01 3.518684e+02
-1.439014e-01 1.308555e-01 -9.809022e-01 -1.664067e+02 -1.030742e-01 9.838454e-01 1.463694e-01 1.386571e+01 9.842094e-01 1.221684e-01 -1.280889e-01 3.517102e+02
-1.438072e-01 1.305876e-01 -9.809518e-01 -1.675136e+02 -1.000208e-01 9.842611e-01 1.456912e-01 1.402028e+01 9.845381e-01 1.190670e-01 -1.284823e-01 3.515562e+02
-1.455992e-01 1.350484e-01 -9.800830e-01 -1.686452e+02 -9.683562e-02 9.839376e-01 1.499653e-01 1.417737e+01 9.845932e-01 1.167418e-01 -1.301831e-01 3.514101e+02
-1.486380e-01 1.408524e-01 -9.788092e-01 -1.697828e+02 -9.155779e-02 9.835925e-01 1.554443e-01 1.434181e+01 9.846441e-01 1.127225e-01 -1.333031e-01 3.512685e+02
-1.513659e-01 1.448482e-01 -9.778074e-01 -1.708869e+02 -8.774862e-02 9.833309e-01 1.592500e-01 1.450220e+01 9.845753e-01 1.099063e-01 -1.361325e-01 3.511101e+02
-1.496900e-01 1.447788e-01 -9.780757e-01 -1.720529e+02 -9.015429e-02 9.831018e-01 1.593205e-01 1.468391e+01 9.846142e-01 1.120264e-01 -1.341081e-01 3.509435e+02
-1.525539e-01 1.431165e-01 -9.778778e-01 -1.731680e+02 -9.295462e-02 9.829951e-01 1.583668e-01 1.485316e+01 9.839140e-01 1.150577e-01 -1.366564e-01 3.507852e+02
-1.560459e-01 1.398216e-01 -9.778034e-01 -1.742464e+02 -9.798530e-02 9.828562e-01 1.561815e-01 1.502133e+01 9.828777e-01 1.201818e-01 -1.396702e-01 3.506203e+02
-1.585684e-01 1.346332e-01 -9.781257e-01 -1.753404e+02 -1.014531e-01 9.831942e-01 1.517778e-01 1.519160e+01 9.821219e-01 1.233011e-01 -1.422445e-01 3.504462e+02
-1.602971e-01 1.309293e-01 -9.783468e-01 -1.764308e+02 -1.004179e-01 9.838581e-01 1.481198e-01 1.534320e+01 9.819476e-01 1.219867e-01 -1.445619e-01 3.502895e+02
-1.615742e-01 1.302498e-01 -9.782274e-01 -1.775181e+02 -1.004057e-01 9.839383e-01 1.475943e-01 1.549881e+01 9.817395e-01 1.220670e-01 -1.459012e-01 3.501212e+02
-1.628787e-01 1.353730e-01 -9.773150e-01 -1.785504e+02 -9.869775e-02 9.833386e-01 1.526562e-01 1.565541e+01 9.816971e-01 1.213232e-01 -1.468039e-01 3.499426e+02
-1.635877e-01 1.424385e-01 -9.761918e-01 -1.796004e+02 -9.654115e-02 9.824610e-01 1.595313e-01 1.579742e+01 9.817937e-01 1.203400e-01 -1.469674e-01 3.497629e+02
-1.640008e-01 1.436689e-01 -9.759421e-01 -1.806976e+02 -9.875606e-02 9.819761e-01 1.611525e-01 1.596955e+01 9.815045e-01 1.228093e-01 -1.468566e-01 3.495911e+02
-1.640165e-01 1.412962e-01 -9.762858e-01 -1.817764e+02 -9.922429e-02 9.823061e-01 1.588372e-01 1.613068e+01 9.814546e-01 1.229232e-01 -1.470944e-01 3.494360e+02
-1.670582e-01 1.377993e-01 -9.762699e-01 -1.829212e+02 -1.012442e-01 9.825529e-01 1.560110e-01 1.631293e+01 9.807350e-01 1.249046e-01 -1.501922e-01 3.492630e+02
-1.672846e-01 1.376172e-01 -9.762568e-01 -1.839588e+02 -1.036977e-01 9.822618e-01 1.562326e-01 1.646410e+01 9.804400e-01 1.273709e-01 -1.500467e-01 3.490838e+02
-1.674426e-01 1.394793e-01 -9.759654e-01 -1.850154e+02 -1.040555e-01 9.819119e-01 1.581815e-01 1.662594e+01 9.803751e-01 1.280409e-01 -1.499003e-01 3.489113e+02
-1.670364e-01 1.375457e-01 -9.763094e-01 -1.860781e+02 -9.983089e-02 9.827727e-01 1.555363e-01 1.678433e+01 9.808836e-01 1.234461e-01 -1.504276e-01 3.487458e+02
-1.670622e-01 1.292465e-01 -9.774383e-01 -1.871099e+02 -9.891454e-02 9.841718e-01 1.470432e-01 1.693374e+01 9.809720e-01 1.212482e-01 -1.516335e-01 3.485729e+02
-1.665113e-01 1.261154e-01 -9.779412e-01 -1.881487e+02 -9.561652e-02 9.850478e-01 1.433123e-01 1.708089e+01 9.813926e-01 1.173704e-01 -1.519628e-01 3.484043e+02
-1.672350e-01 1.312615e-01 -9.771401e-01 -1.891913e+02 -9.396490e-02 9.844641e-01 1.483272e-01 1.722384e+01 9.814291e-01 1.166224e-01 -1.523029e-01 3.482310e+02
-1.668582e-01 1.339234e-01 -9.768433e-01 -1.902342e+02 -9.607001e-02 9.838101e-01 1.512886e-01 1.736837e+01 9.812894e-01 1.190891e-01 -1.512908e-01 3.480530e+02
-1.658611e-01 1.292542e-01 -9.776418e-01 -1.912433e+02 -9.975101e-02 9.840894e-01 1.470298e-01 1.751221e+01 9.810911e-01 1.219073e-01 -1.503289e-01 3.478847e+02
-1.648328e-01 1.214433e-01 -9.788165e-01 -1.922689e+02 -1.079811e-01 9.842038e-01 1.402958e-01 1.765412e+01 9.803929e-01 1.288191e-01 -1.491155e-01 3.477153e+02
-1.691037e-01 1.162585e-01 -9.787175e-01 -1.933756e+02 -1.152799e-01 9.838696e-01 1.367887e-01 1.780609e+01 9.788332e-01 1.359579e-01 -1.529738e-01 3.475412e+02
-1.667579e-01 1.190589e-01 -9.787833e-01 -1.944292e+02 -1.193456e-01 9.829471e-01 1.398986e-01 1.794273e+01 9.787484e-01 1.401427e-01 -1.497050e-01 3.473792e+02
-1.623837e-01 1.214215e-01 -9.792284e-01 -1.954813e+02 -1.204051e-01 9.825454e-01 1.417994e-01 1.807967e+01 9.793539e-01 1.409300e-01 -1.449296e-01 3.472037e+02
-1.577114e-01 1.206999e-01 -9.800810e-01 -1.965432e+02 -1.188364e-01 9.829690e-01 1.401783e-01 1.822746e+01 9.803086e-01 1.385770e-01 -1.406818e-01 3.470475e+02
-1.532750e-01 1.196252e-01 -9.809162e-01 -1.976082e+02 -1.164713e-01 9.835398e-01 1.381446e-01 1.836997e+01 9.812957e-01 1.354227e-01 -1.368192e-01 3.469031e+02
-1.489536e-01 1.177229e-01 -9.818117e-01 -1.986743e+02 -1.125984e-01 9.844110e-01 1.351173e-01 1.850817e+01 9.824125e-01 1.306766e-01 -1.333762e-01 3.467670e+02
-1.447141e-01 1.164447e-01 -9.825978e-01 -1.997384e+02 -1.087049e-01 9.851692e-01 1.327591e-01 1.863490e+01 9.834842e-01 1.260253e-01 -1.299098e-01 3.466259e+02
-1.406023e-01 1.155825e-01 -9.832963e-01 -2.008049e+02 -1.048260e-01 9.858419e-01 1.308709e-01 1.876491e+01 9.845011e-01 1.214758e-01 -1.264956e-01 3.464910e+02
-1.369882e-01 1.215722e-01 -9.830841e-01 -2.018751e+02 -9.998031e-02 9.856752e-01 1.358244e-01 1.889690e+01 9.855142e-01 1.168954e-01 -1.228710e-01 3.463601e+02
-1.344468e-01 1.278152e-01 -9.826430e-01 -2.029505e+02 -9.478252e-02 9.854409e-01 1.411474e-01 1.903613e+01 9.863774e-01 1.121142e-01 -1.203747e-01 3.462380e+02
-1.173688e-01 1.281237e-01 -9.847887e-01 -2.040209e+02 -9.588784e-02 9.855472e-01 1.396505e-01 1.917612e+01 9.884483e-01 1.108199e-01 -1.033870e-01 3.461005e+02
-1.156434e-01 1.269448e-01 -9.851455e-01 -2.051298e+02 -9.388393e-02 9.859626e-01 1.380709e-01 1.931877e+01 9.888440e-01 1.084563e-01 -1.021020e-01 3.459924e+02
-1.147309e-01 1.267937e-01 -9.852716e-01 -2.061765e+02 -9.726120e-02 9.856221e-01 1.381645e-01 1.945345e+01 9.886238e-01 1.116804e-01 -1.007492e-01 3.458671e+02
-1.127928e-01 1.286734e-01 -9.852517e-01 -2.072607e+02 -1.019239e-01 9.848504e-01 1.402894e-01 1.959544e+01 9.883771e-01 1.162444e-01 -9.796912e-02 3.457485e+02
-1.101350e-01 1.277176e-01 -9.856767e-01 -2.083209e+02 -1.100353e-01 9.840467e-01 1.398012e-01 1.973328e+01 9.878069e-01 1.238562e-01 -9.432450e-02 3.456259e+02
-1.063720e-01 1.249842e-01 -9.864400e-01 -2.093998e+02 -1.167362e-01 9.836382e-01 1.372173e-01 1.986579e+01 9.874501e-01 1.297494e-01 -9.004135e-02 3.454918e+02
-1.028293e-01 1.223816e-01 -9.871418e-01 -2.105309e+02 -1.219045e-01 9.833711e-01 1.346128e-01 2.001936e+01 9.872008e-01 1.341791e-01 -8.620047e-02 3.454015e+02
-9.894315e-02 1.226995e-01 -9.874994e-01 -2.116516e+02 -1.261499e-01 9.828157e-01 1.347572e-01 2.016898e+01 9.870646e-01 1.379062e-01 -8.176435e-02 3.453021e+02
-9.429502e-02 1.238511e-01 -9.878104e-01 -2.127680e+02 -1.276428e-01 9.825380e-01 1.353747e-01 2.031082e+01 9.873276e-01 1.388521e-01 -7.683974e-02 3.451963e+02
-9.044296e-02 1.260203e-01 -9.878962e-01 -2.138994e+02 -1.284558e-01 9.821992e-01 1.370538e-01 2.044361e+01 9.875825e-01 1.392966e-01 -7.264497e-02 3.450985e+02
-7.376034e-02 1.266710e-01 -9.891986e-01 -2.150026e+02 -1.300447e-01 9.822095e-01 1.354729e-01 2.058285e+01 9.887607e-01 1.386326e-01 -5.597521e-02 3.450158e+02
-7.094704e-02 1.280542e-01 -9.892263e-01 -2.161268e+02 -1.289068e-01 9.822320e-01 1.363940e-01 2.072783e+01 9.891155e-01 1.371948e-01 -5.317939e-02 3.449492e+02
-6.976935e-02 1.277630e-01 -9.893477e-01 -2.172653e+02 -1.285617e-01 9.823423e-01 1.359246e-01 2.087673e+01 9.892442e-01 1.366756e-01 -5.211195e-02 3.448927e+02
-6.874620e-02 1.267541e-01 -9.895491e-01 -2.183929e+02 -1.290903e-01 9.824266e-01 1.348100e-01 2.101677e+01 9.892470e-01 1.370088e-01 -5.117537e-02 3.448296e+02
-6.720373e-02 1.281659e-01 -9.894732e-01 -2.195093e+02 -1.294264e-01 9.822160e-01 1.360164e-01 2.115609e+01 9.893091e-01 1.372047e-01 -4.942053e-02 3.447613e+02
-6.570029e-02 1.302011e-01 -9.893084e-01 -2.206401e+02 -1.303765e-01 9.818311e-01 1.378754e-01 2.129637e+01 9.892853e-01 1.380410e-01 -4.753143e-02 3.446968e+02
-6.435696e-02 1.300362e-01 -9.894184e-01 -2.217716e+02 -1.308034e-01 9.818206e-01 1.375458e-01 2.143990e+01 9.893173e-01 1.382713e-01 -4.617781e-02 3.446402e+02
-6.346009e-02 1.278674e-01 -9.897589e-01 -2.229010e+02 -1.303104e-01 9.822055e-01 1.352466e-01 2.158389e+01 9.894403e-01 1.375587e-01 -4.566840e-02 3.445878e+02
-6.209969e-02 1.274495e-01 -9.898991e-01 -2.240331e+02 -1.283802e-01 9.825542e-01 1.345575e-01 2.172680e+01 9.897788e-01 1.354394e-01 -4.465432e-02 3.445368e+02
-6.104061e-02 1.270961e-01 -9.900104e-01 -2.251664e+02 -1.287378e-01 9.825729e-01 1.340788e-01 2.186717e+01 9.897983e-01 1.356360e-01 -4.361478e-02 3.444862e+02
-4.688267e-02 1.236930e-01 -9.912124e-01 -2.263017e+02 -1.295054e-01 9.831759e-01 1.288155e-01 2.200754e+01 9.904698e-01 1.344066e-01 -3.007501e-02 3.444464e+02
-4.435017e-02 1.215083e-01 -9.915991e-01 -2.274103e+02 -1.282376e-01 9.836719e-01 1.262725e-01 2.213218e+01 9.907513e-01 1.327605e-01 -2.804408e-02 3.444176e+02
-4.092250e-02 1.214780e-01 -9.917502e-01 -2.285375e+02 -1.298635e-01 9.835155e-01 1.258279e-01 2.226904e+01 9.906871e-01 1.339413e-01 -2.447236e-02 3.443759e+02
-3.736837e-02 1.244821e-01 -9.915179e-01 -2.296416e+02 -1.301775e-01 9.831497e-01 1.283377e-01 2.239351e+01 9.907863e-01 1.338691e-01 -2.053393e-02 3.443491e+02
-3.304331e-02 1.274865e-01 -9.912897e-01 -2.307455e+02 -1.306691e-01 9.827670e-01 1.307461e-01 2.251875e+01 9.908752e-01 1.338512e-01 -1.581534e-02 3.443229e+02
-2.790415e-02 1.289805e-01 -9.912544e-01 -2.318377e+02 -1.336064e-01 9.822618e-01 1.315715e-01 2.264541e+01 9.906416e-01 1.361093e-01 -1.017655e-02 3.443010e+02
-2.204071e-02 1.296868e-01 -9.913100e-01 -2.329201e+02 -1.370999e-01 9.817913e-01 1.314898e-01 2.277173e+01 9.903120e-01 1.388066e-01 -3.859340e-03 3.442847e+02
-1.565021e-02 1.282262e-01 -9.916215e-01 -2.339960e+02 -1.389496e-01 9.818412e-01 1.291545e-01 2.289328e+01 9.901758e-01 1.398067e-01 2.450964e-03 3.442802e+02
-9.042687e-03 1.261761e-01 -9.919666e-01 -2.350421e+02 -1.408864e-01 9.819511e-01 1.261864e-01 2.301217e+01 9.899845e-01 1.408957e-01 8.897017e-03 3.442834e+02
-2.519798e-03 1.255631e-01 -9.920824e-01 -2.360832e+02 -1.413837e-01 9.820752e-01 1.246556e-01 2.312933e+01 9.899517e-01 1.405784e-01 1.527795e-02 3.442950e+02
1.307213e-02 1.245780e-01 -9.921237e-01 -2.371079e+02 -1.416641e-01 9.824309e-01 1.214943e-01 2.324205e+01 9.898285e-01 1.389602e-01 3.049070e-02 3.443096e+02
1.627231e-02 1.238721e-01 -9.921648e-01 -2.381079e+02 -1.395487e-01 9.828655e-01 1.204223e-01 2.334723e+01 9.900815e-01 1.364958e-01 3.327968e-02 3.443461e+02
1.915548e-02 1.228917e-01 -9.922352e-01 -2.391003e+02 -1.378772e-01 9.832602e-01 1.191184e-01 2.345018e+01 9.902641e-01 1.345249e-01 3.577878e-02 3.443732e+02
2.162839e-02 1.245287e-01 -9.919803e-01 -2.400784e+02 -1.377261e-01 9.831236e-01 1.204140e-01 2.355494e+01 9.902342e-01 1.340172e-01 3.841423e-02 3.444048e+02
2.377324e-02 1.296789e-01 -9.912710e-01 -2.410539e+02 -1.342037e-01 9.829903e-01 1.253771e-01 2.366300e+01 9.906686e-01 1.300516e-01 4.077225e-02 3.444507e+02
2.541172e-02 1.315294e-01 -9.909865e-01 -2.420081e+02 -1.320080e-01 9.830672e-01 1.270933e-01 2.376528e+01 9.909229e-01 1.275884e-01 4.234436e-02 3.444938e+02
2.748381e-02 1.233363e-01 -9.919843e-01 -2.429262e+02 -1.314443e-01 9.841883e-01 1.187253e-01 2.386026e+01 9.909425e-01 1.271277e-01 4.326111e-02 3.445304e+02
2.947683e-02 1.127109e-01 -9.931905e-01 -2.438413e+02 -1.313426e-01 9.854438e-01 1.079337e-01 2.396278e+01 9.908987e-01 1.272667e-01 4.385150e-02 3.445835e+02
3.175121e-02 1.143505e-01 -9.929329e-01 -2.447307e+02 -1.365027e-01 9.846217e-01 1.090284e-01 2.405873e+01 9.901307e-01 1.320762e-01 4.687208e-02 3.446301e+02
3.645452e-02 1.262433e-01 -9.913293e-01 -2.456004e+02 -1.412304e-01 9.826832e-01 1.199487e-01 2.414219e+01 9.893053e-01 1.356332e-01 5.365264e-02 3.446689e+02
5.078753e-02 1.335602e-01 -9.897385e-01 -2.464604e+02 -1.481129e-01 9.810658e-01 1.247896e-01 2.422545e+01 9.876655e-01 1.402552e-01 6.960788e-02 3.447082e+02
5.868428e-02 1.309131e-01 -9.896555e-01 -2.473083e+02 -1.526848e-01 9.808768e-01 1.206980e-01 2.430656e+01 9.865310e-01 1.440223e-01 7.755049e-02 3.447564e+02
6.717881e-02 1.289517e-01 -9.893728e-01 -2.481008e+02 -1.560538e-01 9.807668e-01 1.172339e-01 2.438851e+01 9.854614e-01 1.465198e-01 8.601014e-02 3.448246e+02
7.726498e-02 1.287253e-01 -9.886657e-01 -2.488834e+02 -1.551548e-01 9.811015e-01 1.156149e-01 2.447618e+01 9.848640e-01 1.444632e-01 9.577713e-02 3.449072e+02
8.910687e-02 1.265311e-01 -9.879523e-01 -2.496805e+02 -1.553884e-01 9.815189e-01 1.116921e-01 2.455182e+01 9.838264e-01 1.435638e-01 1.071216e-01 3.450206e+02
1.039954e-01 1.174957e-01 -9.876131e-01 -2.504128e+02 -1.560187e-01 9.826307e-01 1.004742e-01 2.461202e+01 9.822643e-01 1.436373e-01 1.205206e-01 3.451257e+02
1.207590e-01 1.086536e-01 -9.867176e-01 -2.511238e+02 -1.564529e-01 9.836521e-01 8.916863e-02 2.469133e+01 9.802754e-01 1.436069e-01 1.357840e-01 3.452380e+02
1.369127e-01 1.049661e-01 -9.850061e-01 -2.518256e+02 -1.535729e-01 9.845965e-01 8.357635e-02 2.476518e+01 9.786063e-01 1.398276e-01 1.509237e-01 3.453709e+02
1.523570e-01 1.101612e-01 -9.821669e-01 -2.524975e+02 -1.485947e-01 9.850256e-01 8.743135e-02 2.481517e+01 9.770911e-01 1.326240e-01 1.664449e-01 3.455137e+02
1.664801e-01 1.144534e-01 -9.793798e-01 -2.531756e+02 -1.428597e-01 9.855606e-01 9.089172e-02 2.485657e+01 9.756411e-01 1.247823e-01 1.804270e-01 3.457031e+02
1.870297e-01 1.137634e-01 -9.757447e-01 -2.538034e+02 -1.380500e-01 9.864587e-01 8.855129e-02 2.490259e+01 9.726058e-01 1.181399e-01 2.002021e-01 3.458578e+02
1.969653e-01 1.119101e-01 -9.740025e-01 -2.544009e+02 -1.322051e-01 9.874219e-01 8.671706e-02 2.494754e+01 9.714559e-01 1.116878e-01 2.092829e-01 3.460130e+02
2.034598e-01 1.099045e-01 -9.728952e-01 -2.549737e+02 -1.281503e-01 9.881206e-01 8.482461e-02 2.498751e+01 9.706604e-01 1.074184e-01 2.151271e-01 3.461563e+02
2.070887e-01 1.068595e-01 -9.724687e-01 -2.555292e+02 -1.247835e-01 9.887831e-01 8.207934e-02 2.502679e+01 9.703316e-01 1.043503e-01 2.181001e-01 3.462928e+02
2.091985e-01 1.051565e-01 -9.722027e-01 -2.560573e+02 -1.211847e-01 9.893252e-01 8.093206e-02 2.506191e+01 9.703351e-01 1.008852e-01 2.197087e-01 3.464101e+02
2.091202e-01 1.056665e-01 -9.721642e-01 -2.565808e+02 -1.186828e-01 9.895384e-01 8.202535e-02 2.509714e+01 9.706612e-01 9.822597e-02 2.194733e-01 3.465309e+02
2.060057e-01 1.063153e-01 -9.727583e-01 -2.570970e+02 -1.168753e-01 9.896379e-01 8.340886e-02 2.513534e+01 9.715461e-01 9.650876e-02 2.162966e-01 3.466502e+02
2.002198e-01 1.075477e-01 -9.738303e-01 -2.575992e+02 -1.165836e-01 9.895102e-01 8.530970e-02 2.517331e+01 9.727899e-01 9.645198e-02 2.106579e-01 3.467608e+02
1.927130e-01 1.088615e-01 -9.751979e-01 -2.580752e+02 -1.177961e-01 9.892065e-01 8.714715e-02 2.520689e+01 9.741590e-01 9.808010e-02 2.034564e-01 3.468544e+02
1.838954e-01 1.091418e-01 -9.768677e-01 -2.585700e+02 -1.181904e-01 9.890612e-01 8.825479e-02 2.524971e+01 9.758143e-01 9.922675e-02 1.947834e-01 3.469504e+02
1.805207e-01 1.063998e-01 -9.777992e-01 -2.590400e+02 -1.183280e-01 9.892606e-01 8.580133e-02 2.529164e+01 9.764275e-01 1.002121e-01 1.911721e-01 3.470311e+02
1.688696e-01 1.050722e-01 -9.800219e-01 -2.594740e+02 -1.148485e-01 9.896262e-01 8.631215e-02 2.532340e+01 9.789244e-01 9.797850e-02 1.791852e-01 3.471091e+02
1.540041e-01 1.036936e-01 -9.826140e-01 -2.598818e+02 -1.115117e-01 9.899484e-01 8.699051e-02 2.535324e+01 9.817576e-01 9.617603e-02 1.640192e-01 3.471710e+02
1.346340e-01 1.022188e-01 -9.856089e-01 -2.602865e+02 -1.092362e-01 9.901336e-01 8.776637e-02 2.538537e+01 9.848559e-01 9.584785e-02 1.444717e-01 3.472153e+02
1.120279e-01 1.030745e-01 -9.883448e-01 -2.606980e+02 -1.088278e-01 9.898957e-01 9.090073e-02 2.541630e+01 9.877278e-01 9.737596e-02 1.221134e-01 3.472584e+02
9.009284e-02 1.039596e-01 -9.904926e-01 -2.611084e+02 -1.101568e-01 9.894750e-01 9.383317e-02 2.545315e+01 9.898226e-01 1.006558e-01 1.005965e-01 3.472847e+02
6.893159e-02 1.053699e-01 -9.920411e-01 -2.615219e+02 -1.111440e-01 9.890270e-01 9.732691e-02 2.549152e+01 9.914108e-01 1.035506e-01 7.988644e-02 3.472981e+02
4.756570e-02 1.060458e-01 -9.932229e-01 -2.619444e+02 -1.119050e-01 9.886544e-01 1.001988e-01 2.553386e+01 9.925799e-01 1.063806e-01 5.889309e-02 3.473110e+02
2.712695e-02 1.067261e-01 -9.939183e-01 -2.623452e+02 -1.118691e-01 9.883626e-01 1.030763e-01 2.557221e+01 9.933526e-01 1.083926e-01 3.875062e-02 3.473100e+02
7.447730e-03 1.064247e-01 -9.942929e-01 -2.627501e+02 -1.122429e-01 9.881258e-01 1.049239e-01 2.561929e+01 9.936529e-01 1.108209e-01 1.930472e-02 3.473117e+02
-4.628883e-03 1.054524e-01 -9.944136e-01 -2.631381e+02 -1.138078e-01 9.879076e-01 1.052923e-01 2.565812e+01 9.934920e-01 1.136594e-01 7.428398e-03 3.472972e+02
-2.019352e-02 1.047358e-01 -9.942950e-01 -2.635274e+02 -1.166757e-01 9.874558e-01 1.063850e-01 2.569896e+01 9.929648e-01 1.181584e-01 -7.720084e-03 3.472739e+02
-3.176247e-02 1.029979e-01 -9.941743e-01 -2.639232e+02 -1.201967e-01 9.870640e-01 1.061014e-01 2.574059e+01 9.922419e-01 1.228665e-01 -1.897158e-02 3.472477e+02
-3.970002e-02 1.014106e-01 -9.940522e-01 -2.643261e+02 -1.254766e-01 9.864555e-01 1.056468e-01 2.578394e+01 9.913019e-01 1.289245e-01 -2.643765e-02 3.472232e+02
-4.434073e-02 1.012893e-01 -9.938684e-01 -2.647494e+02 -1.298191e-01 9.858273e-01 1.062616e-01 2.583192e+01 9.905458e-01 1.337348e-01 -3.056302e-02 3.471989e+02
-4.647817e-02 1.017083e-01 -9.937279e-01 -2.651667e+02 -1.330788e-01 9.853050e-01 1.070705e-01 2.587709e+01 9.900151e-01 1.372206e-01 -3.225995e-02 3.471759e+02
-4.561581e-02 1.024492e-01 -9.936918e-01 -2.655900e+02 -1.359452e-01 9.848366e-01 1.077769e-01 2.591648e+01 9.896657e-01 1.400039e-01 -3.099664e-02 3.471584e+02
-4.267295e-02 1.029777e-01 -9.937679e-01 -2.660179e+02 -1.399212e-01 9.842550e-01 1.080003e-01 2.595557e+01 9.892427e-01 1.436579e-01 -2.759230e-02 3.471402e+02
-3.972685e-02 1.032380e-01 -9.938630e-01 -2.664513e+02 -1.424027e-01 9.839105e-01 1.078963e-01 2.598579e+01 9.890112e-01 1.458152e-01 -2.438629e-02 3.471309e+02
-3.611176e-02 1.034403e-01 -9.939799e-01 -2.668749e+02 -1.465944e-01 9.833209e-01 1.076569e-01 2.601657e+01 9.885373e-01 1.495995e-01 -2.034568e-02 3.471251e+02
-2.388625e-02 1.018122e-01 -9.945168e-01 -2.673065e+02 -1.526724e-01 9.827603e-01 1.042756e-01 2.606388e+01 9.879881e-01 1.543260e-01 -7.930539e-03 3.471167e+02
-1.437248e-02 1.012182e-01 -9.947604e-01 -2.677273e+02 -1.570990e-01 9.822787e-01 1.022179e-01 2.609753e+01 9.874783e-01 1.577450e-01 1.783495e-03 3.471242e+02
-4.367162e-03 1.015165e-01 -9.948243e-01 -2.681515e+02 -1.597312e-01 9.819896e-01 1.009080e-01 2.613109e+01 9.871509e-01 1.593452e-01 1.192685e-02 3.471451e+02
4.684834e-03 1.030358e-01 -9.946666e-01 -2.685707e+02 -1.614386e-01 9.817077e-01 1.009331e-01 2.615291e+01 9.868716e-01 1.601048e-01 2.123310e-02 3.471937e+02
1.429778e-02 1.046756e-01 -9.944036e-01 -2.689945e+02 -1.626931e-01 9.814960e-01 1.009776e-01 2.618406e+01 9.865731e-01 1.603389e-01 3.106321e-02 3.472281e+02
2.394497e-02 1.068200e-01 -9.939900e-01 -2.694157e+02 -1.666957e-01 9.807822e-01 1.013850e-01 2.621837e+01 9.857176e-01 1.632662e-01 4.129124e-02 3.472568e+02
3.449939e-02 1.116219e-01 -9.931517e-01 -2.698439e+02 -1.705881e-01 9.798176e-01 1.041975e-01 2.624318e+01 9.847383e-01 1.658251e-01 5.284449e-02 3.472954e+02
4.436495e-02 1.130765e-01 -9.925953e-01 -2.702596e+02 -1.730635e-01 9.794214e-01 1.038405e-01 2.627946e+01 9.839110e-01 1.671751e-01 6.302139e-02 3.473482e+02
5.397856e-02 1.115091e-01 -9.922963e-01 -2.706571e+02 -1.709098e-01 9.801125e-01 1.008428e-01 2.629810e+01 9.838070e-01 1.641499e-01 7.196307e-02 3.474165e+02
6.378237e-02 1.097293e-01 -9.919129e-01 -2.710497e+02 -1.684982e-01 9.808511e-01 9.767071e-02 2.631986e+01 9.836362e-01 1.609058e-01 8.105019e-02 3.474779e+02
7.595553e-02 1.067193e-01 -9.913838e-01 -2.714168e+02 -1.694380e-01 9.811772e-01 9.263904e-02 2.636698e+01 9.826096e-01 1.609416e-01 9.260814e-02 3.475536e+02
8.192845e-02 1.048228e-01 -9.911104e-01 -2.717635e+02 -1.719846e-01 9.810220e-01 8.953898e-02 2.638883e+01 9.816868e-01 1.631199e-01 9.840151e-02 3.476391e+02
8.834307e-02 1.024416e-01 -9.908084e-01 -2.721081e+02 -1.746127e-01 9.808877e-01 8.584692e-02 2.641665e+01 9.806661e-01 1.654237e-01 1.045422e-01 3.476975e+02
9.334151e-02 9.765254e-02 -9.908337e-01 -2.724327e+02 -1.750079e-01 9.812931e-01 8.022563e-02 2.645274e+01 9.801324e-01 1.659153e-01 1.086853e-01 3.477578e+02
9.757570e-02 9.414101e-02 -9.907656e-01 -2.727564e+02 -1.701897e-01 9.824305e-01 7.658787e-02 2.646681e+01 9.805684e-01 1.611450e-01 1.118832e-01 3.478162e+02
9.927314e-02 9.328887e-02 -9.906776e-01 -2.730729e+02 -1.633521e-01 9.836164e-01 7.625487e-02 2.647426e+01 9.815605e-01 1.542592e-01 1.128856e-01 3.478828e+02
9.771379e-02 9.366659e-02 -9.907969e-01 -2.733919e+02 -1.592873e-01 9.841987e-01 7.733368e-02 2.649064e+01 9.823846e-01 1.502648e-01 1.110897e-01 3.479396e+02
9.233618e-02 9.293666e-02 -9.913813e-01 -2.737141e+02 -1.581412e-01 9.843665e-01 7.754996e-02 2.652437e+01 9.830897e-01 1.496176e-01 1.055898e-01 3.479849e+02
8.214276e-02 9.162116e-02 -9.924002e-01 -2.740236e+02 -1.578053e-01 9.843990e-01 7.782064e-02 2.655916e+01 9.840478e-01 1.502136e-01 9.531956e-02 3.480147e+02
6.628667e-02 9.201778e-02 -9.935486e-01 -2.743354e+02 -1.588377e-01 9.840144e-01 8.053758e-02 2.658203e+01 9.850770e-01 1.524744e-01 7.984293e-02 3.480356e+02
4.796449e-02 9.068046e-02 -9.947243e-01 -2.746416e+02 -1.591190e-01 9.838468e-01 8.201631e-02 2.661316e+01 9.860936e-01 1.543457e-01 6.161869e-02 3.480690e+02
2.401635e-02 8.839337e-02 -9.957961e-01 -2.749497e+02 -1.579012e-01 9.839156e-01 8.353056e-02 2.664980e+01 9.871628e-01 1.552313e-01 3.758748e-02 3.480800e+02
-4.949848e-03 8.635480e-02 -9.962522e-01 -2.752590e+02 -1.539174e-01 9.843265e-01 8.608582e-02 2.666054e+01 9.880713e-01 1.537667e-01 8.419241e-03 3.480959e+02
-3.563291e-02 8.295769e-02 -9.959158e-01 -2.755779e+02 -1.512703e-01 9.846184e-01 8.742894e-02 2.668942e+01 9.878500e-01 1.537679e-01 -2.253578e-02 3.480836e+02
-6.914563e-02 7.726334e-02 -9.946101e-01 -2.758976e+02 -1.496574e-01 9.849105e-01 8.691409e-02 2.676762e+01 9.863172e-01 1.548605e-01 -5.653922e-02 3.480662e+02
-1.065116e-01 7.819849e-02 -9.912317e-01 -2.762432e+02 -1.496358e-01 9.842885e-01 9.372967e-02 2.680281e+01 9.829875e-01 1.583071e-01 -9.313681e-02 3.480233e+02
-1.468322e-01 7.990447e-02 -9.859288e-01 -2.765977e+02 -1.489239e-01 9.835850e-01 1.018934e-01 2.684888e+01 9.778865e-01 1.617896e-01 -1.325223e-01 3.479560e+02
-1.896940e-01 8.200646e-02 -9.784126e-01 -2.769596e+02 -1.433401e-01 9.835162e-01 1.102249e-01 2.689138e+01 9.713237e-01 1.611547e-01 -1.748123e-01 3.478809e+02
-2.348045e-01 8.304699e-02 -9.684885e-01 -2.773250e+02 -1.360959e-01 9.837211e-01 1.173488e-01 2.692237e+01 9.624681e-01 1.593613e-01 -2.196798e-01 3.477883e+02
-2.833390e-01 8.423096e-02 -9.553137e-01 -2.777147e+02 -1.288707e-01 9.837566e-01 1.249609e-01 2.696173e+01 9.503217e-01 1.585183e-01 -2.678817e-01 3.476819e+02
-3.340886e-01 8.734898e-02 -9.384855e-01 -2.781273e+02 -1.217995e-01 9.833470e-01 1.348835e-01 2.700210e+01 9.346388e-01 1.593701e-01 -3.178860e-01 3.475640e+02
-3.814758e-01 8.641843e-02 -9.203304e-01 -2.784932e+02 -1.166849e-01 9.831545e-01 1.406833e-01 2.706807e+01 9.169846e-01 1.610560e-01 -3.649660e-01 3.473798e+02
-4.330955e-01 8.215880e-02 -8.975958e-01 -2.788982e+02 -1.081354e-01 9.839085e-01 1.422352e-01 2.715254e+01 8.948380e-01 1.586633e-01 -4.172420e-01 3.472023e+02
-4.854017e-01 7.821010e-02 -8.707861e-01 -2.793034e+02 -9.809429e-02 9.848301e-01 1.431337e-01 2.723644e+01 8.687708e-01 1.548965e-01 -4.703662e-01 3.469982e+02
-5.348077e-01 7.775963e-02 -8.413882e-01 -2.796951e+02 -8.529901e-02 9.857016e-01 1.453150e-01 2.731387e+01 8.406574e-01 1.494852e-01 -5.205280e-01 3.467379e+02
-5.842351e-01 7.768466e-02 -8.078579e-01 -2.800728e+02 -7.483753e-02 9.860106e-01 1.489378e-01 2.740431e+01 8.081266e-01 1.474728e-01 -5.702483e-01 3.464470e+02
-6.321579e-01 8.065407e-02 -7.706304e-01 -2.804553e+02 -6.188756e-02 9.861346e-01 1.539759e-01 2.749145e+01 7.723641e-01 1.450295e-01 -6.184013e-01 3.461155e+02
-6.788724e-01 8.182098e-02 -7.296832e-01 -2.808171e+02 -5.211944e-02 9.858953e-01 1.590408e-01 2.758542e+01 7.324041e-01 1.459991e-01 -6.650327e-01 3.457459e+02
-7.239300e-01 8.244340e-02 -6.849295e-01 -2.811755e+02 -4.233076e-02 9.856543e-01 1.633821e-01 2.768112e+01 6.885735e-01 1.472708e-01 -7.100548e-01 3.453374e+02
-7.660710e-01 8.582971e-02 -6.369996e-01 -2.815161e+02 -2.895594e-02 9.854297e-01 1.676005e-01 2.777298e+01 6.421034e-01 1.468388e-01 -7.524238e-01 3.449024e+02
-8.054579e-01 9.005964e-02 -5.857704e-01 -2.818466e+02 -1.522016e-02 9.849173e-01 1.723551e-01 2.786766e+01 5.924576e-01 1.477403e-01 -7.919386e-01 3.444293e+02
-8.408240e-01 9.428374e-02 -5.330343e-01 -2.821556e+02 -5.931895e-04 9.845532e-01 1.750847e-01 2.796972e+01 5.413082e-01 1.475316e-01 -8.277801e-01 3.439241e+02
-8.718492e-01 9.741099e-02 -4.799897e-01 -2.824524e+02 1.227865e-02 9.840611e-01 1.774064e-01 2.807078e+01 4.896205e-01 1.487780e-01 -8.591489e-01 3.433724e+02
-8.976656e-01 9.948099e-02 -4.293018e-01 -2.826994e+02 2.318561e-02 9.834988e-01 1.794228e-01 2.818077e+01 4.400670e-01 1.511080e-01 -8.851595e-01 3.428300e+02
-9.191799e-01 1.008094e-01 -3.807175e-01 -2.829554e+02 3.272234e-02 9.828916e-01 1.812552e-01 2.829961e+01 3.924762e-01 1.541482e-01 -9.067529e-01 3.422010e+02
-9.358847e-01 1.020831e-01 -3.371928e-01 -2.831538e+02 4.146182e-02 9.823634e-01 1.823267e-01 2.840548e+01 3.498583e-01 1.566562e-01 -9.236114e-01 3.416987e+02
-9.493852e-01 1.010908e-01 -2.974028e-01 -2.833387e+02 4.769030e-02 9.822107e-01 1.816256e-01 2.853939e+01 3.104729e-01 1.582494e-01 -9.373173e-01 3.410372e+02
-9.604517e-01 1.024739e-01 -2.589048e-01 -2.835026e+02 5.576722e-02 9.817706e-01 1.817043e-01 2.866843e+01 2.728051e-01 1.600798e-01 -9.486579e-01 3.403687e+02
-9.693139e-01 1.035325e-01 -2.229610e-01 -2.836516e+02 6.328122e-02 9.815089e-01 1.806537e-01 2.879161e+01 2.375418e-01 1.610009e-01 -9.579419e-01 3.396728e+02
-9.758360e-01 1.060946e-01 -1.910184e-01 -2.837771e+02 7.204573e-02 9.815496e-01 1.771151e-01 2.891489e+01 2.062850e-01 1.590733e-01 -9.654751e-01 3.389686e+02
-9.809499e-01 1.118591e-01 -1.588230e-01 -2.838998e+02 8.413341e-02 9.815553e-01 1.716707e-01 2.903787e+01 1.750965e-01 1.550380e-01 -9.722677e-01 3.382455e+02
-9.846274e-01 1.142398e-01 -1.321293e-01 -2.839903e+02 9.196145e-02 9.821807e-01 1.639027e-01 2.917308e+01 1.484990e-01 1.492323e-01 -9.775877e-01 3.375067e+02
-9.873297e-01 1.183649e-01 -1.056872e-01 -2.840651e+02 1.005391e-01 9.819090e-01 1.604577e-01 2.929406e+01 1.227677e-01 1.477990e-01 -9.813682e-01 3.367244e+02
-9.889649e-01 1.248578e-01 -7.974271e-02 -2.841208e+02 1.109084e-01 9.808250e-01 1.602551e-01 2.942617e+01 9.822275e-02 1.496426e-01 -9.838493e-01 3.359309e+02
-9.900987e-01 1.291949e-01 -5.489314e-02 -2.841684e+02 1.188599e-01 9.796400e-01 1.617954e-01 2.955948e+01 7.467867e-02 1.536689e-01 -9.852964e-01 3.350948e+02
-9.909569e-01 1.300230e-01 -3.314282e-02 -2.841774e+02 1.230016e-01 9.789538e-01 1.628497e-01 2.969982e+01 5.361950e-02 1.573004e-01 -9.860941e-01 3.342420e+02
-9.913891e-01 1.300605e-01 -1.523123e-02 -2.841877e+02 1.259767e-01 9.790177e-01 1.601694e-01 2.983260e+01 3.574335e-02 1.568714e-01 -9.869720e-01 3.333761e+02
-9.923085e-01 1.237542e-01 -2.966862e-03 -2.841689e+02 1.217634e-01 9.801030e-01 1.567537e-01 2.996831e+01 2.230677e-02 1.551868e-01 -9.876333e-01 3.324780e+02
-9.931135e-01 1.170926e-01 3.855907e-03 -2.841564e+02 1.163151e-01 9.815136e-01 1.519930e-01 3.011975e+01 1.401263e-02 1.513948e-01 -9.883741e-01 3.315753e+02
-9.934366e-01 1.140980e-01 8.086633e-03 -2.841468e+02 1.140093e-01 9.819840e-01 1.506958e-01 3.026134e+01 9.253141e-03 1.506286e-01 -9.885471e-01 3.306368e+02
-9.930484e-01 1.167967e-01 1.460991e-02 -2.841301e+02 1.176525e-01 9.811390e-01 1.533757e-01 3.041157e+01 3.579423e-03 1.540284e-01 -9.880599e-01 3.296797e+02
-9.928191e-01 1.185828e-01 1.576059e-02 -2.841059e+02 1.195921e-01 9.807744e-01 1.542051e-01 3.056722e+01 2.828499e-03 1.549826e-01 -9.879131e-01 3.286679e+02
-9.925303e-01 1.208233e-01 1.689397e-02 -2.840830e+02 1.219804e-01 9.804247e-01 1.545580e-01 3.072604e+01 2.110934e-03 1.554642e-01 -9.878393e-01 3.276563e+02
-9.924561e-01 1.211874e-01 1.855918e-02 -2.840682e+02 1.225991e-01 9.803306e-01 1.546651e-01 3.087998e+01 5.493301e-04 1.557736e-01 -9.877926e-01 3.266433e+02
-9.925956e-01 1.198419e-01 1.979811e-02 -2.840435e+02 1.214640e-01 9.802928e-01 1.557962e-01 3.104605e+01 -7.370437e-04 1.570474e-01 -9.875908e-01 3.255990e+02
-9.927842e-01 1.180633e-01 2.099184e-02 -2.840153e+02 1.198967e-01 9.803639e-01 1.565613e-01 3.121274e+01 -2.095492e-03 1.579484e-01 -9.874451e-01 3.245329e+02
-9.929929e-01 1.159798e-01 2.266765e-02 -2.839914e+02 1.181062e-01 9.805005e-01 1.570658e-01 3.137600e+01 -4.009180e-03 1.586424e-01 -9.873280e-01 3.234972e+02
-9.931049e-01 1.146458e-01 2.447632e-02 -2.839627e+02 1.170907e-01 9.802223e-01 1.595433e-01 3.154494e+01 -5.701262e-03 1.613092e-01 -9.868874e-01 3.224052e+02
-9.931240e-01 1.140527e-01 2.639567e-02 -2.839254e+02 1.168222e-01 9.801076e-01 1.604421e-01 3.171288e+01 -7.571725e-03 1.624225e-01 -9.866922e-01 3.213058e+02
-9.931500e-01 1.133441e-01 2.839350e-02 -2.838926e+02 1.164271e-01 9.804924e-01 1.583647e-01 3.188573e+01 -9.889902e-03 1.605857e-01 -9.869723e-01 3.202088e+02
-9.926262e-01 1.148520e-01 3.875976e-02 -2.838534e+02 1.195957e-01 9.800471e-01 1.587592e-01 3.206132e+01 -1.975258e-02 1.622241e-01 -9.865562e-01 3.190784e+02
-9.923291e-01 1.162715e-01 4.199986e-02 -2.838073e+02 1.215007e-01 9.799759e-01 1.577495e-01 3.223681e+01 -2.281709e-02 1.616424e-01 -9.865856e-01 3.179443e+02
-9.921436e-01 1.168095e-01 4.479429e-02 -2.837498e+02 1.225090e-01 9.796984e-01 1.586904e-01 3.241308e+01 -2.534833e-02 1.629314e-01 -9.863117e-01 3.168048e+02
-9.919120e-01 1.172803e-01 4.853828e-02 -2.836992e+02 1.236522e-01 9.791824e-01 1.609721e-01 3.258570e+01 -2.864898e-02 1.656720e-01 -9.857647e-01 3.156553e+02
-9.915434e-01 1.185399e-01 5.282097e-02 -2.836635e+02 1.257438e-01 9.782253e-01 1.651172e-01 3.276298e+01 -3.209784e-02 1.703628e-01 -9.848585e-01 3.145161e+02
-9.912340e-01 1.191039e-01 5.717955e-02 -2.835989e+02 1.272641e-01 9.769970e-01 1.711160e-01 3.295570e+01 -3.548367e-02 1.768929e-01 -9.835903e-01 3.133465e+02
-9.906068e-01 1.219781e-01 6.180298e-02 -2.835445e+02 1.310219e-01 9.760435e-01 1.737017e-01 3.315313e+01 -3.913460e-02 1.801676e-01 -9.828571e-01 3.121411e+02
-9.904754e-01 1.218456e-01 6.412550e-02 -2.834620e+02 1.310195e-01 9.772383e-01 1.668510e-01 3.333705e+01 -4.233584e-02 1.736635e-01 -9.838946e-01 3.109766e+02
-9.906880e-01 1.200504e-01 6.422753e-02 -2.833499e+02 1.286654e-01 9.797685e-01 1.532938e-01 3.350537e+01 -4.452514e-02 1.601302e-01 -9.860912e-01 3.098250e+02
-9.909509e-01 1.176339e-01 6.464233e-02 -2.832490e+02 1.258235e-01 9.818119e-01 1.421756e-01 3.366183e+01 -4.674194e-02 1.490225e-01 -9.877284e-01 3.086693e+02
-9.901499e-01 1.155724e-01 7.903297e-02 -2.831910e+02 1.262445e-01 9.810442e-01 1.470193e-01 3.381047e+01 -6.054347e-02 1.555486e-01 -9.859712e-01 3.075416e+02
-9.899673e-01 1.137926e-01 8.376179e-02 -2.830965e+02 1.258892e-01 9.795155e-01 1.571665e-01 3.397071e+01 -6.416158e-02 1.661344e-01 -9.840135e-01 3.063660e+02
-9.897589e-01 1.112917e-01 8.939518e-02 -2.830141e+02 1.250315e-01 9.780477e-01 1.667031e-01 3.412709e+01 -6.888008e-02 1.761731e-01 -9.819463e-01 3.052533e+02
-9.894780e-01 1.094635e-01 9.461038e-02 -2.828860e+02 1.243117e-01 9.777746e-01 1.688297e-01 3.430981e+01 -7.402693e-02 1.788145e-01 -9.810940e-01 3.040767e+02
-9.889030e-01 1.097279e-01 1.001527e-01 -2.827656e+02 1.254091e-01 9.779829e-01 1.667994e-01 3.450033e+01 -7.964512e-02 1.775085e-01 -9.808911e-01 3.028967e+02
-9.883206e-01 1.100123e-01 1.054503e-01 -2.826343e+02 1.264878e-01 9.781437e-01 1.650324e-01 3.467175e+01 -8.498993e-02 1.764431e-01 -9.806348e-01 3.017458e+02
-9.876495e-01 1.098849e-01 1.116856e-01 -2.825162e+02 1.274304e-01 9.781026e-01 1.645505e-01 3.485826e+01 -9.115839e-02 1.767503e-01 -9.800252e-01 3.005873e+02
-9.868428e-01 1.110482e-01 1.175146e-01 -2.823845e+02 1.296452e-01 9.777806e-01 1.647338e-01 3.502691e+01 -9.661009e-02 1.778015e-01 -9.793126e-01 2.994546e+02
-9.859502e-01 1.122187e-01 1.237302e-01 -2.822502e+02 1.319387e-01 9.774551e-01 1.648446e-01 3.521015e+01 -1.024421e-01 1.788533e-01 -9.785280e-01 2.982857e+02
-9.851109e-01 1.134469e-01 1.291756e-01 -2.821023e+02 1.341580e-01 9.771351e-01 1.649504e-01 3.539354e+01 -1.075090e-01 1.798243e-01 -9.778062e-01 2.971517e+02
-9.818970e-01 1.159560e-01 1.497751e-01 -2.819688e+02 1.411819e-01 9.751772e-01 1.705787e-01 3.558972e+01 -1.262776e-01 1.886362e-01 -9.738944e-01 2.959292e+02
-9.807493e-01 1.176610e-01 1.558416e-01 -2.817948e+02 1.439076e-01 9.749584e-01 1.695484e-01 3.576840e+01 -1.319899e-01 1.887112e-01 -9.731222e-01 2.948059e+02
-9.795938e-01 1.195030e-01 1.616017e-01 -2.816171e+02 1.466107e-01 9.748537e-01 1.678259e-01 3.595724e+01 -1.374823e-01 1.880938e-01 -9.724810e-01 2.936635e+02
-9.790284e-01 1.181487e-01 1.659645e-01 -2.814000e+02 1.459802e-01 9.750935e-01 1.669801e-01 3.612749e+01 -1.421024e-01 1.877058e-01 -9.718917e-01 2.925912e+02
-9.784976e-01 1.186146e-01 1.687393e-01 -2.811576e+02 1.470839e-01 9.748068e-01 1.676843e-01 3.624826e+01 -1.445984e-01 1.888975e-01 -9.712925e-01 2.916036e+02
-9.773714e-01 1.209052e-01 1.735716e-01 -2.809897e+02 1.500219e-01 9.746761e-01 1.658314e-01 3.641627e+01 -1.491262e-01 1.881184e-01 -9.707589e-01 2.905384e+02
-9.764573e-01 1.231033e-01 1.771350e-01 -2.808021e+02 1.522639e-01 9.750141e-01 1.617506e-01 3.660499e+01 -1.527971e-01 1.849138e-01 -9.708038e-01 2.894877e+02
-9.757538e-01 1.239461e-01 1.803938e-01 -2.805714e+02 1.537553e-01 9.747506e-01 1.619280e-01 3.674340e+01 -1.557686e-01 1.857383e-01 -9.701739e-01 2.884434e+02
-9.746766e-01 1.255609e-01 1.850406e-01 -2.803470e+02 1.563728e-01 9.742211e-01 1.626066e-01 3.691389e+01 -1.598534e-01 1.874241e-01 -9.691848e-01 2.873570e+02
-9.732160e-01 1.282243e-01 1.908116e-01 -2.801678e+02 1.598001e-01 9.740117e-01 1.605149e-01 3.707656e+01 -1.652709e-01 1.867074e-01 -9.684141e-01 2.862835e+02
-9.686480e-01 1.305483e-01 2.113721e-01 -2.799626e+02 1.670050e-01 9.720579e-01 1.649628e-01 3.726788e+01 -1.839303e-01 1.950911e-01 -9.633842e-01 2.851616e+02
-9.677213e-01 1.308120e-01 2.154151e-01 -2.796957e+02 1.683245e-01 9.716285e-01 1.661472e-01 3.744701e+01 -1.875694e-01 1.970439e-01 -9.622845e-01 2.840665e+02
-9.662640e-01 1.314991e-01 2.214541e-01 -2.794808e+02 1.701127e-01 9.714435e-01 1.654060e-01 3.765214e+01 -1.933794e-01 1.974980e-01 -9.610405e-01 2.829034e+02
-9.651476e-01 1.326705e-01 2.255852e-01 -2.792370e+02 1.718398e-01 9.713933e-01 1.639092e-01 3.783203e+01 -1.973861e-01 1.969611e-01 -9.603359e-01 2.817958e+02
-9.646312e-01 1.310541e-01 2.287171e-01 -2.789793e+02 1.701678e-01 9.722391e-01 1.606054e-01 3.800194e+01 -2.013198e-01 1.938453e-01 -9.601533e-01 2.807348e+02
-9.638849e-01 1.300131e-01 2.324273e-01 -2.787225e+02 1.697309e-01 9.724262e-01 1.599336e-01 3.814030e+01 -2.052250e-01 1.936077e-01 -9.593742e-01 2.796441e+02
-9.631911e-01 1.291178e-01 2.357783e-01 -2.784578e+02 1.691531e-01 9.727956e-01 1.582909e-01 3.832168e+01 -2.089259e-01 1.923470e-01 -9.588287e-01 2.785450e+02
-9.623572e-01 1.293575e-01 2.390300e-01 -2.781938e+02 1.700356e-01 9.726564e-01 1.582003e-01 3.848294e+01 -2.120296e-01 1.928888e-01 -9.580383e-01 2.774686e+02
-9.613777e-01 1.302964e-01 2.424371e-01 -2.779192e+02 1.714158e-01 9.726048e-01 1.570241e-01 3.865030e+01 -2.153358e-01 1.925170e-01 -9.573754e-01 2.763819e+02
-9.604265e-01 1.316633e-01 2.454500e-01 -2.776306e+02 1.728484e-01 9.727484e-01 1.545443e-01 3.882235e+01 -2.184133e-01 1.908541e-01 -9.570112e-01 2.752932e+02
-9.553204e-01 1.306816e-01 2.651135e-01 -2.773453e+02 1.771995e-01 9.711080e-01 1.598422e-01 3.900351e+01 -2.365654e-01 1.996785e-01 -9.508761e-01 2.741850e+02
-9.551576e-01 1.265543e-01 2.676902e-01 -2.770208e+02 1.732100e-01 9.720493e-01 1.584883e-01 3.920016e+01 -2.401507e-01 1.977479e-01 -9.503807e-01 2.730848e+02
-9.545640e-01 1.245190e-01 2.707444e-01 -2.766976e+02 1.717657e-01 9.723179e-01 1.584122e-01 3.937120e+01 -2.435243e-01 1.977192e-01 -9.495278e-01 2.719661e+02
-9.536501e-01 1.233641e-01 2.744684e-01 -2.763816e+02 1.713098e-01 9.724422e-01 1.581426e-01 3.953954e+01 -2.473955e-01 1.978318e-01 -9.485031e-01 2.708717e+02
-9.526909e-01 1.226506e-01 2.780952e-01 -2.760624e+02 1.711054e-01 9.726309e-01 1.572009e-01 3.971015e+01 -2.512032e-01 1.973475e-01 -9.476027e-01 2.697681e+02
-9.516148e-01 1.230878e-01 2.815646e-01 -2.757378e+02 1.720160e-01 9.726356e-01 1.561748e-01 3.988458e+01 -2.546366e-01 1.970519e-01 -9.467475e-01 2.686605e+02
-9.502694e-01 1.249030e-01 2.852846e-01 -2.754108e+02 1.746109e-01 9.722058e-01 1.559706e-01 4.004119e+01 -2.578742e-01 1.980279e-01 -9.456669e-01 2.675537e+02
-9.489510e-01 1.269839e-01 2.887337e-01 -2.750617e+02 1.774893e-01 9.716806e-01 1.559946e-01 4.022403e+01 -2.607481e-01 1.992784e-01 -9.446156e-01 2.664388e+02
-9.478173e-01 1.259222e-01 2.928925e-01 -2.747216e+02 1.772647e-01 9.717431e-01 1.558610e-01 4.039642e+01 -2.649899e-01 1.996473e-01 -9.433564e-01 2.653130e+02
-9.468907e-01 1.241943e-01 2.966039e-01 -2.743722e+02 1.761882e-01 9.720009e-01 1.554734e-01 4.058270e+01 -2.689903e-01 1.994744e-01 -9.422601e-01 2.641610e+02
-9.403569e-01 1.217735e-01 3.176478e-01 -2.740748e+02 1.804321e-01 9.701140e-01 1.622439e-01 4.075015e+01 -2.883975e-01 2.098811e-01 -9.342252e-01 2.631527e+02
-9.391750e-01 1.213673e-01 3.212790e-01 -2.736958e+02 1.803779e-01 9.703786e-01 1.607144e-01 4.092997e+01 -2.922568e-01 2.088906e-01 -9.332474e-01 2.620361e+02
-9.383637e-01 1.191870e-01 3.244503e-01 -2.733084e+02 1.781671e-01 9.711448e-01 1.585381e-01 4.110801e+01 -2.961925e-01 2.065728e-01 -9.325222e-01 2.609372e+02
-9.367905e-01 1.186381e-01 3.291634e-01 -2.729670e+02 1.779815e-01 9.715305e-01 1.563686e-01 4.128382e+01 -3.012410e-01 2.050696e-01 -9.312359e-01 2.598684e+02
-9.354500e-01 1.179754e-01 3.331892e-01 -2.725826e+02 1.778104e-01 9.717597e-01 1.551340e-01 4.146494e+01 -3.054778e-01 2.043646e-01 -9.300099e-01 2.587749e+02
-9.343863e-01 1.152115e-01 3.371179e-01 -2.721916e+02 1.760068e-01 9.720057e-01 1.556490e-01 4.163808e+01 -3.097480e-01 2.047714e-01 -9.285068e-01 2.576854e+02
-9.328315e-01 1.146450e-01 3.415873e-01 -2.718053e+02 1.768024e-01 9.716921e-01 1.567015e-01 4.180253e+01 -3.139526e-01 2.065696e-01 -9.266945e-01 2.565965e+02
-9.314763e-01 1.143964e-01 3.453482e-01 -2.713981e+02 1.772396e-01 9.716967e-01 1.561784e-01 4.196324e+01 -3.177075e-01 2.066858e-01 -9.253880e-01 2.555221e+02
-9.300603e-01 1.141622e-01 3.492204e-01 -2.709593e+02 1.771956e-01 9.720279e-01 1.541540e-01 4.213929e+01 -3.218534e-01 2.052528e-01 -9.242736e-01 2.543876e+02
-9.279228e-01 1.163852e-01 3.541380e-01 -2.705476e+02 1.803021e-01 9.716207e-01 1.531158e-01 4.229852e+01 -3.262674e-01 2.059315e-01 -9.225735e-01 2.532824e+02
-9.194341e-01 1.148906e-01 3.760865e-01 -2.701147e+02 1.870076e-01 9.690504e-01 1.611502e-01 4.247196e+01 -3.459321e-01 2.184981e-01 -9.124635e-01 2.521718e+02
-9.174070e-01 1.132378e-01 3.814991e-01 -2.696533e+02 1.873284e-01 9.686879e-01 1.629475e-01 4.265818e+01 -3.511017e-01 2.209548e-01 -9.098937e-01 2.510599e+02
-9.153528e-01 1.113277e-01 3.869565e-01 -2.692022e+02 1.873321e-01 9.684210e-01 1.645220e-01 4.283145e+01 -3.564209e-01 2.230851e-01 -9.073021e-01 2.499762e+02
-9.132904e-01 1.090940e-01 3.924272e-01 -2.687197e+02 1.863472e-01 9.686307e-01 1.644059e-01 4.300747e+01 -3.621814e-01 2.232781e-01 -9.049705e-01 2.488744e+02
-9.111204e-01 1.078071e-01 3.977906e-01 -2.682431e+02 1.854636e-01 9.691833e-01 1.621328e-01 4.319602e+01 -3.680529e-01 2.214981e-01 -9.030369e-01 2.477804e+02
-9.089274e-01 1.080516e-01 4.027106e-01 -2.677677e+02 1.855368e-01 9.697595e-01 1.585641e-01 4.337080e+01 -3.733993e-01 2.188409e-01 -9.014886e-01 2.467284e+02
-9.062176e-01 1.107492e-01 4.080493e-01 -2.672582e+02 1.887738e-01 9.695352e-01 1.560961e-01 4.356280e+01 -3.783306e-01 2.184860e-01 -8.995164e-01 2.456184e+02
-9.044148e-01 1.085365e-01 4.126181e-01 -2.667936e+02 1.862728e-01 9.705114e-01 1.530033e-01 4.371428e+01 -3.838441e-01 2.152380e-01 -8.979623e-01 2.445702e+02
-9.022256e-01 1.071895e-01 4.177313e-01 -2.663414e+02 1.861874e-01 9.705127e-01 1.530991e-01 4.387119e+01 -3.890029e-01 2.159062e-01 -8.955787e-01 2.435555e+02
-9.004359e-01 1.029213e-01 4.226375e-01 -2.659150e+02 1.835139e-01 9.707885e-01 1.545713e-01 4.400293e+01 -3.943829e-01 2.167414e-01 -8.930203e-01 2.425709e+02
-8.906659e-01 9.888949e-02 4.437738e-01 -2.653790e+02 1.895330e-01 9.679625e-01 1.646994e-01 4.418486e+01 -4.132693e-01 2.308020e-01 -8.808740e-01 2.414913e+02
-8.886276e-01 9.588424e-02 4.484943e-01 -2.648059e+02 1.881065e-01 9.680627e-01 1.657427e-01 4.437735e+01 -4.182784e-01 2.316483e-01 -8.782837e-01 2.403794e+02
-8.863938e-01 9.447854e-02 4.531885e-01 -2.643102e+02 1.871577e-01 9.685177e-01 1.641509e-01 4.455645e+01 -4.234123e-01 2.303201e-01 -8.761704e-01 2.393361e+02
-8.838001e-01 9.667024e-02 4.577689e-01 -2.637436e+02 1.892862e-01 9.686508e-01 1.608922e-01 4.473922e+01 -4.278647e-01 2.288458e-01 -8.743920e-01 2.382477e+02
-8.805189e-01 1.010057e-01 4.631244e-01 -2.632441e+02 1.945678e-01 9.679464e-01 1.588180e-01 4.491066e+01 -4.322381e-01 2.299513e-01 -8.719476e-01 2.372333e+02
-8.774760e-01 1.026973e-01 4.684967e-01 -2.626455e+02 1.972269e-01 9.676591e-01 1.572815e-01 4.509830e+01 -4.371927e-01 2.304109e-01 -8.693523e-01 2.361406e+02
-8.744380e-01 1.043908e-01 4.737729e-01 -2.620229e+02 2.003639e-01 9.671059e-01 1.567181e-01 4.526276e+01 -4.418286e-01 2.319673e-01 -8.665902e-01 2.350389e+02
-8.713598e-01 1.059312e-01 4.790728e-01 -2.614557e+02 2.037898e-01 9.663461e-01 1.569867e-01 4.544812e+01 -4.463203e-01 2.344221e-01 -8.636229e-01 2.340123e+02
-8.688230e-01 1.051518e-01 4.838281e-01 -2.608690e+02 2.052879e-01 9.657402e-01 1.587539e-01 4.561158e+01 -4.505590e-01 2.372531e-01 -8.606437e-01 2.329701e+02
-8.664503e-01 1.058449e-01 4.879147e-01 -2.602940e+02 2.073947e-01 9.652662e-01 1.588980e-01 4.578941e+01 -4.541490e-01 2.388681e-01 -8.583069e-01 2.319480e+02
-8.558651e-01 1.059214e-01 5.062367e-01 -2.596982e+02 2.156867e-01 9.627253e-01 1.632152e-01 4.596602e+01 -4.700789e-01 2.488787e-01 -8.468088e-01 2.309335e+02
-8.537760e-01 1.094711e-01 5.090016e-01 -2.590610e+02 2.176562e-01 9.631620e-01 1.579391e-01 4.614987e+01 -4.729613e-01 2.456320e-01 -8.461516e-01 2.298877e+02
-8.518648e-01 1.118126e-01 5.116877e-01 -2.584322e+02 2.186196e-01 9.636804e-01 1.533802e-01 4.631723e+01 -4.759536e-01 2.425242e-01 -8.453699e-01 2.288839e+02
-8.497623e-01 1.129933e-01 5.149141e-01 -2.577925e+02 2.200773e-01 9.636086e-01 1.517381e-01 4.649657e+01 -4.790303e-01 2.422622e-01 -8.437055e-01 2.278386e+02
-8.479450e-01 1.110741e-01 5.183164e-01 -2.571544e+02 2.206755e-01 9.630094e-01 1.546453e-01 4.667711e+01 -4.819665e-01 2.455104e-01 -8.410903e-01 2.267933e+02
-8.460712e-01 1.090114e-01 5.218045e-01 -2.565053e+02 2.210889e-01 9.624666e-01 1.574097e-01 4.684661e+01 -4.850600e-01 2.485450e-01 -8.384165e-01 2.257317e+02
-8.441490e-01 1.082578e-01 5.250646e-01 -2.558449e+02 2.213047e-01 9.624251e-01 1.573599e-01 4.701747e+01 -4.882999e-01 2.490345e-01 -8.363881e-01 2.246914e+02
-8.426859e-01 1.064032e-01 5.277868e-01 -2.552201e+02 2.190615e-01 9.632285e-01 1.555731e-01 4.717069e+01 -4.918258e-01 2.467170e-01 -8.350078e-01 2.236964e+02
-8.403468e-01 1.071646e-01 5.313501e-01 -2.546362e+02 2.205999e-01 9.630245e-01 1.546594e-01 4.734101e+01 -4.951291e-01 2.471834e-01 -8.329151e-01 2.227097e+02
-8.379268e-01 1.100261e-01 5.345773e-01 -2.539568e+02 2.233621e-01 9.628200e-01 1.519439e-01 4.753406e+01 -4.979839e-01 2.467222e-01 -8.313484e-01 2.216954e+02
-8.269554e-01 1.091225e-01 5.515768e-01 -2.532831e+02 2.298767e-01 9.608702e-01 1.545482e-01 4.769273e+01 -5.131290e-01 2.545991e-01 -8.196816e-01 2.206931e+02
-8.237305e-01 1.120378e-01 5.558017e-01 -2.525970e+02 2.326161e-01 9.607623e-01 1.510813e-01 4.786513e+01 -5.170665e-01 2.537387e-01 -8.174710e-01 2.196808e+02
-8.206375e-01 1.121908e-01 5.603279e-01 -2.518954e+02 2.336094e-01 9.607255e-01 1.497768e-01 4.804568e+01 -5.215177e-01 2.538103e-01 -8.146162e-01 2.186417e+02
-8.179640e-01 1.105570e-01 5.645459e-01 -2.512040e+02 2.340730e-01 9.604110e-01 1.510650e-01 4.822495e+01 -5.254948e-01 2.557107e-01 -8.114600e-01 2.176688e+02
-8.144402e-01 1.101181e-01 5.697026e-01 -2.505430e+02 2.379459e-01 9.588590e-01 1.548265e-01 4.839153e+01 -5.292153e-01 2.616553e-01 -8.071355e-01 2.166836e+02
-8.110816e-01 1.108651e-01 5.743305e-01 -2.498391e+02 2.417454e-01 9.576290e-01 1.565434e-01 4.856277e+01 -5.326404e-01 2.658113e-01 -8.035164e-01 2.156738e+02
-8.082036e-01 1.124309e-01 5.780711e-01 -2.491278e+02 2.440449e-01 9.572947e-01 1.550128e-01 4.875016e+01 -5.359562e-01 2.663572e-01 -8.011272e-01 2.146824e+02
-8.056763e-01 1.145170e-01 5.811811e-01 -2.483981e+02 2.455051e-01 9.574554e-01 1.516787e-01 4.892904e+01 -5.390852e-01 2.648869e-01 -7.995137e-01 2.136836e+02
-8.034644e-01 1.178016e-01 5.835818e-01 -2.476750e+02 2.470558e-01 9.578174e-01 1.467970e-01 4.909325e+01 -5.416718e-01 2.621234e-01 -7.986757e-01 2.127292e+02
-8.015587e-01 1.176670e-01 5.862236e-01 -2.469728e+02 2.453236e-01 9.588396e-01 1.429788e-01 4.924710e+01 -5.452705e-01 2.584204e-01 -7.974327e-01 2.117573e+02
-7.920825e-01 1.148876e-01 5.995050e-01 -2.462325e+02 2.498989e-01 9.570852e-01 1.467599e-01 4.941551e+01 -5.569165e-01 2.660616e-01 -7.868007e-01 2.107557e+02
-7.908469e-01 1.110613e-01 6.018526e-01 -2.454801e+02 2.472396e-01 9.575573e-01 1.481777e-01 4.958216e+01 -5.598515e-01 2.659877e-01 -7.847400e-01 2.097864e+02
-7.893135e-01 1.082952e-01 6.043644e-01 -2.447384e+02 2.459072e-01 9.576864e-01 1.495538e-01 4.974795e+01 -5.625957e-01 2.666624e-01 -7.825454e-01 2.088136e+02
-7.880346e-01 1.073349e-01 6.062018e-01 -2.439934e+02 2.448220e-01 9.581108e-01 1.486130e-01 4.991523e+01 -5.648572e-01 2.655237e-01 -7.813025e-01 2.078606e+02
-7.856096e-01 1.091060e-01 6.090266e-01 -2.432947e+02 2.470035e-01 9.577946e-01 1.470332e-01 5.006688e+01 -5.672801e-01 2.659424e-01 -7.794023e-01 2.069024e+02
-7.848001e-01 1.084932e-01 6.101787e-01 -2.425291e+02 2.446723e-01 9.588218e-01 1.442088e-01 5.023399e+01 -5.694070e-01 2.624689e-01 -7.790287e-01 2.059848e+02
-7.831047e-01 1.088441e-01 6.122908e-01 -2.417816e+02 2.457595e-01 9.585877e-01 1.439166e-01 5.038871e+01 -5.712700e-01 2.631780e-01 -7.774239e-01 2.050202e+02
-7.811347e-01 1.071168e-01 6.151054e-01 -2.410806e+02 2.465294e-01 9.580388e-01 1.462361e-01 5.055005e+01 -5.736304e-01 2.658716e-01 -7.747647e-01 2.040792e+02
-7.795444e-01 1.046229e-01 6.175472e-01 -2.403335e+02 2.461810e-01 9.577807e-01 1.484959e-01 5.071134e+01 -5.759387e-01 2.677876e-01 -7.723888e-01 2.031349e+02
-7.772979e-01 1.063679e-01 6.200757e-01 -2.395842e+02 2.478128e-01 9.576880e-01 1.463646e-01 5.086894e+01 -5.782705e-01 2.674315e-01 -7.707682e-01 2.022033e+02
-7.683053e-01 1.081502e-01 6.308807e-01 -2.388327e+02 2.546402e-01 9.559146e-01 1.462385e-01 5.102653e+01 -5.872523e-01 2.730034e-01 -7.619737e-01 2.012826e+02
-7.656628e-01 1.083921e-01 6.340439e-01 -2.380701e+02 2.541011e-01 9.564980e-01 1.433323e-01 5.119052e+01 -5.909257e-01 2.708555e-01 -7.598975e-01 2.003549e+02
-7.632987e-01 1.076309e-01 6.370170e-01 -2.373084e+02 2.534891e-01 9.568486e-01 1.420706e-01 5.135005e+01 -5.942377e-01 2.699192e-01 -7.576445e-01 1.994191e+02
-7.609733e-01 1.074320e-01 6.398265e-01 -2.365498e+02 2.547234e-01 9.564787e-01 1.423531e-01 5.150549e+01 -5.966872e-01 2.713057e-01 -7.552202e-01 1.985208e+02
-7.579934e-01 1.057020e-01 6.436405e-01 -2.357645e+02 2.553714e-01 9.561005e-01 1.437263e-01 5.167571e+01 -6.001929e-01 2.733110e-01 -7.517111e-01 1.975789e+02
-7.553872e-01 1.027388e-01 6.471745e-01 -2.349985e+02 2.536406e-01 9.564885e-01 1.442089e-01 5.183111e+01 -6.041991e-01 2.730833e-01 -7.485779e-01 1.966723e+02
-7.525985e-01 1.005586e-01 6.507561e-01 -2.341815e+02 2.510322e-01 9.574520e-01 1.423674e-01 5.202298e+01 -6.087515e-01 2.705063e-01 -7.458204e-01 1.957338e+02
-7.500847e-01 9.850329e-02 6.539649e-01 -2.333860e+02 2.478196e-01 9.586597e-01 1.398463e-01 5.218515e+01 -6.131545e-01 2.669619e-01 -7.434870e-01 1.948305e+02
-7.478678e-01 9.666500e-02 6.567722e-01 -2.326002e+02 2.440937e-01 9.600764e-01 1.366441e-01 5.234409e+01 -6.173427e-01 2.625056e-01 -7.416055e-01 1.939474e+02
-7.450655e-01 9.594598e-02 6.600544e-01 -2.318746e+02 2.423075e-01 9.609242e-01 1.338346e-01 5.248949e+01 -6.214214e-01 2.596517e-01 -7.391999e-01 1.930943e+02
-7.368189e-01 9.847575e-02 6.688800e-01 -2.310724e+02 2.501204e-01 9.588469e-01 1.343593e-01 5.262927e+01 -6.281223e-01 2.662990e-01 -7.311273e-01 1.921915e+02
-7.332475e-01 9.710367e-02 6.729926e-01 -2.302830e+02 2.513276e-01 9.583634e-01 1.355509e-01 5.277210e+01 -6.318090e-01 2.685339e-01 -7.271224e-01 1.913261e+02
-7.293610e-01 9.395667e-02 6.776464e-01 -2.294543e+02 2.513223e-01 9.580634e-01 1.376650e-01 5.292629e+01 -6.362937e-01 2.707151e-01 -7.223875e-01 1.904296e+02
-7.254882e-01 9.247113e-02 6.819941e-01 -2.285960e+02 2.525384e-01 9.575788e-01 1.388066e-01 5.308730e+01 -6.402275e-01 2.729322e-01 -7.180646e-01 1.895404e+02
-7.216708e-01 9.254549e-02 6.860223e-01 -2.277705e+02 2.534722e-01 9.575246e-01 1.374721e-01 5.323331e+01 -6.441608e-01 2.730972e-01 -7.144752e-01 1.886816e+02
-7.180231e-01 9.354185e-02 6.897048e-01 -2.269280e+02 2.544342e-01 9.576208e-01 1.350027e-01 5.337509e+01 -6.478472e-01 2.724195e-01 -7.113941e-01 1.878202e+02
-7.148414e-01 9.279249e-02 6.931027e-01 -2.261155e+02 2.533745e-01 9.581761e-01 1.330409e-01 5.351835e+01 -6.517693e-01 2.707177e-01 -7.084552e-01 1.869946e+02
-7.114639e-01 9.282065e-02 6.965655e-01 -2.252591e+02 2.538119e-01 9.582666e-01 1.315469e-01 5.366557e+01 -6.552852e-01 2.703875e-01 -7.053311e-01 1.861355e+02
-7.082129e-01 9.317227e-02 6.998239e-01 -2.244179e+02 2.542566e-01 9.583997e-01 1.297062e-01 5.379635e+01 -6.586259e-01 2.697944e-01 -7.024407e-01 1.852894e+02
-7.055346e-01 9.177698e-02 7.027075e-01 -2.235616e+02 2.516816e-01 9.593890e-01 1.273933e-01 5.393899e+01 -6.624781e-01 2.667389e-01 -6.999808e-01 1.844503e+02
-6.998964e-01 9.556964e-02 7.078217e-01 -2.227262e+02 2.581236e-01 9.578731e-01 1.259020e-01 5.407627e+01 -6.659709e-01 2.708238e-01 -6.950807e-01 1.836186e+02
-6.967471e-01 9.383245e-02 7.111533e-01 -2.218717e+02 2.580069e-01 9.578391e-01 1.263991e-01 5.421856e+01 -6.693101e-01 2.715506e-01 -6.915810e-01 1.827688e+02
-6.936559e-01 9.218670e-02 7.143830e-01 -2.210152e+02 2.586836e-01 9.574947e-01 1.276194e-01 5.435104e+01 -6.722531e-01 2.733231e-01 -6.880191e-01 1.819368e+02
-6.892187e-01 9.502527e-02 7.182950e-01 -2.201472e+02 2.654728e-01 9.555414e-01 1.283153e-01 5.449268e+01 -6.741675e-01 2.791251e-01 -6.838036e-01 1.810622e+02
-6.859107e-01 9.695509e-02 7.211978e-01 -2.192882e+02 2.685352e-01 9.548573e-01 1.270288e-01 5.462383e+01 -6.763249e-01 2.807974e-01 -6.809827e-01 1.802446e+02
-6.828645e-01 9.787869e-02 7.239585e-01 -2.184218e+02 2.698941e-01 9.546760e-01 1.255025e-01 5.475304e+01 -6.788618e-01 2.810933e-01 -6.783312e-01 1.794401e+02
-6.796927e-01 9.820600e-02 7.268930e-01 -2.175343e+02 2.717235e-01 9.542015e-01 1.251631e-01 5.489123e+01 -6.813107e-01 2.825864e-01 -6.752486e-01 1.786187e+02
-6.766591e-01 9.768880e-02 7.297872e-01 -2.166702e+02 2.725552e-01 9.539839e-01 1.250137e-01 5.502910e+01 -6.839928e-01 2.834990e-01 -6.721475e-01 1.778142e+02
-6.749711e-01 9.973485e-02 7.310725e-01 -2.158802e+02 2.734769e-01 9.540675e-01 1.223343e-01 5.511123e+01 -6.852915e-01 2.825035e-01 -6.712431e-01 1.771574e+02
-6.721411e-01 1.017569e-01 7.333975e-01 -2.150489e+02 2.728964e-01 9.548258e-01 1.176235e-01 5.523594e+01 -6.882978e-01 2.792012e-01 -6.695467e-01 1.764082e+02
-6.695473e-01 1.083184e-01 7.348289e-01 -2.141876e+02 2.775974e-01 9.541121e-01 1.122937e-01 5.535737e+01 -6.889457e-01 2.791725e-01 -6.688920e-01 1.756293e+02
-6.667427e-01 1.052451e-01 7.378195e-01 -2.132824e+02 2.771531e-01 9.539942e-01 1.143730e-01 5.546864e+01 -6.918384e-01 2.807464e-01 -6.652376e-01 1.748202e+02
-6.648257e-01 1.034166e-01 7.398052e-01 -2.124491e+02 2.747471e-01 9.548024e-01 1.134306e-01 5.557835e+01 -6.946372e-01 2.786709e-01 -6.631906e-01 1.741129e+02
-6.619230e-01 1.036293e-01 7.423739e-01 -2.115673e+02 2.734370e-01 9.555310e-01 1.104203e-01 5.568998e+01 -6.979185e-01 2.760823e-01 -6.608240e-01 1.733135e+02
-6.586107e-01 1.032448e-01 7.453673e-01 -2.106976e+02 2.720605e-01 9.562066e-01 1.079450e-01 5.580778e+01 -7.015804e-01 2.738787e-01 -6.578567e-01 1.725350e+02
-6.553240e-01 1.047706e-01 7.480465e-01 -2.098132e+02 2.727836e-01 9.563252e-01 1.050294e-01 5.592775e+01 -7.043717e-01 2.728831e-01 -6.552826e-01 1.717617e+02
-6.516021e-01 1.088726e-01 7.507073e-01 -2.089176e+02 2.754712e-01 9.560465e-01 1.004523e-01 5.604018e+01 -7.067746e-01 2.722532e-01 -6.529531e-01 1.709644e+02
-6.473796e-01 1.111485e-01 7.540196e-01 -2.079890e+02 2.783951e-01 9.554351e-01 9.818335e-02 5.615257e+01 -7.095039e-01 2.734773e-01 -6.494724e-01 1.701393e+02
-6.427422e-01 1.118125e-01 7.578789e-01 -2.070874e+02 2.818371e-01 9.544226e-01 9.821120e-02 5.625388e+01 -7.123555e-01 2.767229e-01 -6.449606e-01 1.693376e+02
-6.379527e-01 1.115368e-01 7.619553e-01 -2.062529e+02 2.834808e-01 9.539882e-01 9.769939e-02 5.632584e+01 -7.159993e-01 2.783273e-01 -6.402179e-01 1.685460e+02
-6.373972e-01 1.233082e-01 7.606050e-01 -2.053068e+02 2.905908e-01 9.526928e-01 8.906972e-02 5.643564e+01 -7.136399e-01 2.777976e-01 -6.430759e-01 1.677544e+02
-6.336360e-01 1.234443e-01 7.637191e-01 -2.044252e+02 2.906080e-01 9.528705e-01 8.709126e-02 5.648438e+01 -7.169745e-01 2.771270e-01 -6.396469e-01 1.669774e+02
-6.299123e-01 1.206564e-01 7.672369e-01 -2.036044e+02 2.867953e-01 9.541771e-01 8.540813e-02 5.657160e+01 -7.217748e-01 2.738395e-01 -6.356516e-01 1.662026e+02
-6.254607e-01 1.166690e-01 7.714838e-01 -2.026497e+02 2.851833e-01 9.545296e-01 8.685460e-02 5.665398e+01 -7.262709e-01 2.743384e-01 -6.302928e-01 1.653651e+02
-6.229377e-01 1.130483e-01 7.740598e-01 -2.016816e+02 2.843457e-01 9.545421e-01 8.942501e-02 5.670491e+01 -7.287634e-01 2.758068e-01 -6.267651e-01 1.646087e+02
-6.193868e-01 1.109810e-01 7.772022e-01 -2.007832e+02 2.824021e-01 9.551901e-01 8.866184e-02 5.677566e+01 -7.325361e-01 2.743995e-01 -6.229734e-01 1.638574e+02
-6.158242e-01 1.094793e-01 7.802402e-01 -1.998689e+02 2.786452e-01 9.565621e-01 8.570778e-02 5.686913e+01 -7.369650e-01 2.701911e-01 -6.195800e-01 1.631122e+02
-6.145471e-01 1.064807e-01 7.816609e-01 -1.989003e+02 2.737137e-01 9.580760e-01 8.468297e-02 5.692295e+01 -7.398734e-01 2.659930e-01 -6.179281e-01 1.624150e+02
-6.123501e-01 1.027812e-01 7.838771e-01 -1.979567e+02 2.700569e-01 9.590663e-01 8.521164e-02 5.700088e+01 -7.430320e-01 2.638708e-01 -6.150412e-01 1.617007e+02
-6.084257e-01 1.042342e-01 7.867359e-01 -1.971104e+02 2.745757e-01 9.577611e-01 8.545110e-02 5.710244e+01 -7.445981e-01 2.680092e-01 -6.113466e-01 1.610008e+02
-6.126568e-01 1.170977e-01 7.816264e-01 -1.961565e+02 2.811674e-01 9.565581e-01 7.708084e-02 5.717148e+01 -7.386450e-01 2.669920e-01 -6.189659e-01 1.602484e+02
-6.094622e-01 1.171958e-01 7.841052e-01 -1.951903e+02 2.825440e-01 9.561832e-01 7.669782e-02 5.724733e+01 -7.407596e-01 2.682886e-01 -6.158705e-01 1.594944e+02
-6.051500e-01 1.132096e-01 7.880210e-01 -1.943087e+02 2.791528e-01 9.571656e-01 7.686207e-02 5.732617e+01 -7.455650e-01 2.664913e-01 -6.108315e-01 1.587424e+02
-6.025976e-01 1.107145e-01 7.903281e-01 -1.933227e+02 2.762393e-01 9.580464e-01 7.641320e-02 5.740288e+01 -7.487109e-01 2.643661e-01 -6.079001e-01 1.579932e+02
-6.001735e-01 1.094034e-01 7.923526e-01 -1.924308e+02 2.735037e-01 9.589613e-01 7.475970e-02 5.747821e+01 -7.516565e-01 2.615801e-01 -6.054654e-01 1.572899e+02
-5.963536e-01 1.087887e-01 7.953159e-01 -1.915567e+02 2.738250e-01 9.589165e-01 7.415575e-02 5.756250e+01 -7.545743e-01 2.620004e-01 -6.016423e-01 1.565774e+02
-5.928694e-01 1.083437e-01 7.979772e-01 -1.905818e+02 2.745160e-01 9.587476e-01 7.378389e-02 5.763331e+01 -7.570646e-01 2.628017e-01 -5.981541e-01 1.558371e+02
-5.889671e-01 1.126689e-01 8.002647e-01 -1.896291e+02 2.760098e-01 9.587354e-01 6.815375e-02 5.770278e+01 -7.595633e-01 2.610212e-01 -5.957613e-01 1.551057e+02
-5.861948e-01 1.150425e-01 8.019606e-01 -1.887105e+02 2.728933e-01 9.600605e-01 6.174972e-02 5.776158e+01 -7.628269e-01 2.550470e-01 -5.941769e-01 1.544098e+02
-5.845907e-01 1.122985e-01 8.035190e-01 -1.877885e+02 2.667614e-01 9.619153e-01 5.964337e-02 5.780923e+01 -7.662193e-01 2.492148e-01 -5.922836e-01 1.537189e+02
-5.948193e-01 1.251795e-01 7.940530e-01 -1.867983e+02 2.673603e-01 9.623721e-01 4.856332e-02 5.787468e+01 -7.580953e-01 2.411847e-01 -6.059055e-01 1.530120e+02
-5.926915e-01 1.219127e-01 7.961495e-01 -1.858715e+02 2.651766e-01 9.629045e-01 4.996245e-02 5.790054e+01 -7.605249e-01 2.407325e-01 -6.030337e-01 1.523083e+02
-5.881636e-01 1.240404e-01 7.991730e-01 -1.848764e+02 2.695754e-01 9.617253e-01 4.912785e-02 5.794983e+01 -7.624911e-01 2.443326e-01 -5.990901e-01 1.515645e+02
-5.834948e-01 1.253214e-01 8.023892e-01 -1.839295e+02 2.706303e-01 9.615538e-01 4.662086e-02 5.798739e+01 -7.656978e-01 2.443539e-01 -5.949774e-01 1.508495e+02
-5.789599e-01 1.253930e-01 8.056563e-01 -1.829846e+02 2.705359e-01 9.616699e-01 4.473720e-02 5.801816e+01 -7.691656e-01 2.438600e-01 -5.906916e-01 1.501450e+02
-5.753441e-01 1.217576e-01 8.087980e-01 -1.820240e+02 2.684315e-01 9.621950e-01 4.610037e-02 5.805368e+01 -7.726083e-01 2.436304e-01 -5.862769e-01 1.494440e+02
-5.715947e-01 1.195452e-01 8.117810e-01 -1.810575e+02 2.694931e-01 9.617993e-01 4.811929e-02 5.809628e+01 -7.750180e-01 2.462741e-01 -5.819761e-01 1.487525e+02
-5.672399e-01 1.188420e-01 8.149328e-01 -1.800989e+02 2.707869e-01 9.614280e-01 4.827773e-02 5.813558e+01 -7.777617e-01 2.480582e-01 -5.775412e-01 1.480708e+02
-5.619712e-01 1.228083e-01 8.179893e-01 -1.791045e+02 2.764905e-01 9.599230e-01 4.583579e-02 5.817769e+01 -7.795777e-01 2.519247e-01 -5.734044e-01 1.473674e+02
-5.568368e-01 1.246595e-01 8.212142e-01 -1.781090e+02 2.788403e-01 9.593544e-01 4.344290e-02 5.822118e+01 -7.824199e-01 2.531782e-01 -5.689639e-01 1.466635e+02
-5.687073e-01 1.441710e-01 8.098066e-01 -1.771181e+02 2.824894e-01 9.588711e-01 2.767620e-02 5.825938e+01 -7.725100e-01 2.445014e-01 -5.860438e-01 1.459862e+02
-5.648785e-01 1.407893e-01 8.130748e-01 -1.761561e+02 2.802751e-01 9.594943e-01 2.857655e-02 5.827400e+01 -7.761173e-01 2.440269e-01 -5.814574e-01 1.452982e+02
-5.613369e-01 1.388643e-01 8.158539e-01 -1.751716e+02 2.773130e-01 9.603907e-01 2.733583e-02 5.828405e+01 -7.797425e-01 2.415915e-01 -5.776116e-01 1.446005e+02
-5.569127e-01 1.417870e-01 8.183793e-01 -1.742156e+02 2.791578e-01 9.599539e-01 2.365347e-02 5.830644e+01 -7.822526e-01 2.416299e-01 -5.741914e-01 1.439077e+02
-5.528167e-01 1.454753e-01 8.205063e-01 -1.732146e+02 2.802822e-01 9.597359e-01 1.867970e-02 5.831761e+01 -7.847519e-01 2.402997e-01 -5.713322e-01 1.432097e+02
-5.487061e-01 1.485864e-01 8.227051e-01 -1.722115e+02 2.817196e-01 9.593854e-01 1.462207e-02 5.832860e+01 -7.871186e-01 2.397953e-01 -5.682803e-01 1.424943e+02
-5.449907e-01 1.489035e-01 8.251139e-01 -1.712589e+02 2.823844e-01 9.592076e-01 1.341323e-02 5.833828e+01 -7.894582e-01 2.403093e-01 -5.648072e-01 1.418188e+02
-5.419247e-01 1.479685e-01 8.272986e-01 -1.702254e+02 2.816499e-01 9.594306e-01 1.289433e-02 5.833695e+01 -7.918276e-01 2.399963e-01 -5.616144e-01 1.411187e+02
-5.390455e-01 1.470035e-01 8.293491e-01 -1.691989e+02 2.804965e-01 9.597776e-01 1.218995e-02 5.834002e+01 -7.941988e-01 2.392004e-01 -5.585978e-01 1.404328e+02
-5.359120e-01 1.455665e-01 8.316302e-01 -1.682056e+02 2.802766e-01 9.598365e-01 1.260593e-02 5.834028e+01 -7.963940e-01 2.398421e-01 -5.551868e-01 1.397564e+02
-5.527864e-01 1.692030e-01 8.159642e-01 -1.673046e+02 2.835045e-01 9.589469e-01 -6.788599e-03 5.832800e+01 -7.836150e-01 2.275768e-01 -5.780625e-01 1.391100e+02
-5.489292e-01 1.718170e-01 8.180194e-01 -1.663465e+02 2.855358e-01 9.583192e-01 -9.677745e-03 5.829847e+01 -7.855865e-01 2.282614e-01 -5.751092e-01 1.384138e+02
-5.449968e-01 1.753374e-01 8.198996e-01 -1.654192e+02 2.847015e-01 9.584871e-01 -1.573024e-02 5.825819e+01 -7.886213e-01 2.248537e-01 -5.722912e-01 1.377542e+02
-5.417855e-01 1.753136e-01 8.220302e-01 -1.643827e+02 2.818424e-01 9.592760e-01 -1.882652e-02 5.822578e+01 -7.918544e-01 2.214830e-01 -5.691326e-01 1.370410e+02
-5.382726e-01 1.741337e-01 8.245848e-01 -1.633645e+02 2.788521e-01 9.601104e-01 -2.072452e-02 5.819279e+01 -7.953013e-01 2.187818e-01 -5.653587e-01 1.363491e+02
-5.357488e-01 1.715210e-01 8.267731e-01 -1.623054e+02 2.738985e-01 9.615073e-01 -2.198657e-02 5.814323e+01 -7.987195e-01 2.146726e-01 -5.621058e-01 1.356647e+02
-5.330811e-01 1.712454e-01 8.285527e-01 -1.613360e+02 2.708508e-01 9.623063e-01 -2.462740e-02 5.809513e+01 -8.015387e-01 2.112857e-01 -5.593693e-01 1.350261e+02
-5.299205e-01 1.692948e-01 8.309775e-01 -1.603591e+02 2.685471e-01 9.629440e-01 -2.492576e-02 5.803983e+01 -8.044046e-01 2.099480e-01 -5.557474e-01 1.343745e+02
-5.263336e-01 1.677119e-01 8.335740e-01 -1.593578e+02 2.679385e-01 9.631220e-01 -2.459523e-02 5.799440e+01 -8.069584e-01 2.104013e-01 -5.518600e-01 1.337091e+02
-5.232656e-01 1.652371e-01 8.359963e-01 -1.583419e+02 2.666268e-01 9.635120e-01 -2.355421e-02 5.794965e+01 -8.093845e-01 2.105739e-01 -5.482293e-01 1.330453e+02
-5.453230e-01 1.917908e-01 8.159897e-01 -1.572884e+02 2.675312e-01 9.623822e-01 -4.740891e-02 5.789593e+01 -7.943865e-01 1.924495e-01 -5.761191e-01 1.323783e+02
-5.412352e-01 1.924753e-01 8.185461e-01 -1.562863e+02 2.679140e-01 9.621907e-01 -4.910348e-02 5.783471e+01 -7.970486e-01 1.927234e-01 -5.723383e-01 1.316528e+02
-5.378922e-01 1.893951e-01 8.214630e-01 -1.554062e+02 2.641065e-01 9.632406e-01 -4.914669e-02 5.774804e+01 -8.005746e-01 1.905181e-01 -5.681401e-01 1.309638e+02
-5.338397e-01 1.880357e-01 8.244136e-01 -1.543363e+02 2.639910e-01 9.632915e-01 -4.876715e-02 5.766581e+01 -8.033205e-01 1.916039e-01 -5.638830e-01 1.302261e+02
-5.300233e-01 1.892454e-01 8.265963e-01 -1.532981e+02 2.623066e-01 9.635604e-01 -5.240855e-02 5.758315e+01 -8.063935e-01 1.890440e-01 -5.603497e-01 1.295216e+02
-5.262759e-01 1.914956e-01 8.284704e-01 -1.522403e+02 2.628188e-01 9.632365e-01 -5.569349e-02 5.749213e+01 -8.086779e-01 1.884274e-01 -5.572568e-01 1.288178e+02
-5.225553e-01 1.922869e-01 8.306393e-01 -1.511613e+02 2.624084e-01 9.632185e-01 -5.789684e-02 5.740794e+01 -8.112199e-01 1.877124e-01 -5.537926e-01 1.281056e+02
-5.186940e-01 1.908950e-01 8.333760e-01 -1.500200e+02 2.629912e-01 9.631172e-01 -5.692789e-02 5.731561e+01 -8.135061e-01 1.896424e-01 -5.497668e-01 1.273770e+02
-5.151237e-01 1.872503e-01 8.364119e-01 -1.489437e+02 2.614664e-01 9.636609e-01 -5.470779e-02 5.722622e+01 -8.162615e-01 1.905124e-01 -5.453642e-01 1.266619e+02
-5.125929e-01 1.834738e-01 8.388002e-01 -1.479448e+02 2.567555e-01 9.649574e-01 -5.416476e-02 5.713532e+01 -8.193443e-01 1.876021e-01 -5.417383e-01 1.259833e+02
-5.405679e-01 2.107691e-01 8.144708e-01 -1.469011e+02 2.533888e-01 9.639443e-01 -8.127464e-02 5.704079e+01 -8.022346e-01 1.624433e-01 -5.744839e-01 1.253054e+02
-5.389123e-01 2.102923e-01 8.156903e-01 -1.458322e+02 2.486489e-01 9.649023e-01 -8.448248e-02 5.691742e+01 -8.048275e-01 1.572919e-01 -5.722867e-01 1.245674e+02
-5.372065e-01 2.088302e-01 8.171898e-01 -1.448070e+02 2.443026e-01 9.658582e-01 -8.622168e-02 5.678271e+01 -8.072951e-01 1.533227e-01 -5.698831e-01 1.238387e+02
-5.348278e-01 2.078837e-01 8.189894e-01 -1.437540e+02 2.433071e-01 9.660992e-01 -8.633672e-02 5.665199e+01 -8.091730e-01 1.530907e-01 -5.672763e-01 1.230952e+02
-5.336622e-01 2.065283e-01 8.200919e-01 -1.426626e+02 2.411733e-01 9.666204e-01 -8.648960e-02 5.650125e+01 -8.105801e-01 1.516280e-01 -5.656579e-01 1.223611e+02
-5.313969e-01 2.065789e-01 8.215488e-01 -1.416688e+02 2.425817e-01 9.663053e-01 -8.607055e-02 5.638107e+01 -8.116474e-01 1.535550e-01 -5.636039e-01 1.216404e+02
-5.301512e-01 2.060627e-01 8.224828e-01 -1.405066e+02 2.429657e-01 9.662617e-01 -8.547527e-02 5.622592e+01 -8.123469e-01 1.545203e-01 -5.623309e-01 1.209056e+02
-5.286075e-01 2.048961e-01 8.237668e-01 -1.394793e+02 2.417714e-01 9.665790e-01 -8.527427e-02 5.610638e+01 -8.137080e-01 1.540866e-01 -5.604789e-01 1.201793e+02
-5.281366e-01 2.020563e-01 8.247696e-01 -1.384354e+02 2.368897e-01 9.677759e-01 -8.539967e-02 5.598765e+01 -8.154477e-01 1.502768e-01 -5.589829e-01 1.194734e+02
-5.279795e-01 2.003875e-01 8.252772e-01 -1.373705e+02 2.333762e-01 9.685867e-01 -8.588006e-02 5.583589e+01 -8.165618e-01 1.472571e-01 -5.581596e-01 1.187496e+02
-5.614012e-01 2.297022e-01 7.950255e-01 -1.363991e+02 2.318165e-01 9.658933e-01 -1.153746e-01 5.572319e+01 -7.944116e-01 1.195286e-01 -5.955024e-01 1.180561e+02
-5.611671e-01 2.266728e-01 7.960596e-01 -1.353837e+02 2.276625e-01 9.669439e-01 -1.148446e-01 5.554768e+01 -7.957771e-01 1.167859e-01 -5.942220e-01 1.172725e+02
-5.606521e-01 2.230417e-01 7.974469e-01 -1.343113e+02 2.266742e-01 9.675943e-01 -1.112657e-01 5.538138e+01 -7.964220e-01 1.183793e-01 -5.930416e-01 1.165005e+02
-5.616223e-01 2.180383e-01 7.981477e-01 -1.332359e+02 2.230427e-01 9.688384e-01 -1.077221e-01 5.519907e+01 -7.967637e-01 1.175219e-01 -5.927531e-01 1.157228e+02
-5.629003e-01 2.138425e-01 7.983825e-01 -1.321866e+02 2.188601e-01 9.700349e-01 -1.055112e-01 5.504366e+01 -7.970217e-01 1.153418e-01 -5.928345e-01 1.149490e+02
-5.641996e-01 2.124823e-01 7.978284e-01 -1.311387e+02 2.169443e-01 9.705144e-01 -1.050567e-01 5.488651e+01 -7.966267e-01 1.138113e-01 -5.936606e-01 1.141628e+02
-5.644100e-01 2.176792e-01 7.962771e-01 -1.300709e+02 2.230029e-01 9.689480e-01 -1.068155e-01 5.473743e+01 -7.948025e-01 1.172844e-01 -5.954270e-01 1.133747e+02
-5.638872e-01 2.246011e-01 7.947236e-01 -1.290454e+02 2.300305e-01 9.669403e-01 -1.100567e-01 5.459360e+01 -7.931691e-01 1.207511e-01 -5.969103e-01 1.125903e+02
-5.623431e-01 2.305638e-01 7.941099e-01 -1.280221e+02 2.404205e-01 9.644425e-01 -1.097666e-01 5.443259e+01 -7.911815e-01 1.291939e-01 -5.977798e-01 1.118082e+02
-5.613859e-01 2.336805e-01 7.938761e-01 -1.269808e+02 2.476033e-01 9.627886e-01 -1.083089e-01 5.427229e+01 -7.896445e-01 1.357632e-01 -5.983560e-01 1.110108e+02
-5.960902e-01 2.671475e-01 7.571715e-01 -1.259386e+02 2.565976e-01 9.569551e-01 -1.356269e-01 5.410191e+01 -7.608115e-01 1.134425e-01 -6.389810e-01 1.102222e+02
-5.971230e-01 2.696652e-01 7.554633e-01 -1.249756e+02 2.589999e-01 9.561702e-01 -1.365930e-01 5.391448e+01 -7.591859e-01 1.141022e-01 -6.407944e-01 1.094091e+02
-5.993748e-01 2.666169e-01 7.547617e-01 -1.239899e+02 2.551066e-01 9.573579e-01 -1.355969e-01 5.371031e+01 -7.587295e-01 1.112714e-01 -6.418320e-01 1.085747e+02
-6.014525e-01 2.632450e-01 7.542923e-01 -1.230037e+02 2.527570e-01 9.583559e-01 -1.329208e-01 5.351617e+01 -7.578712e-01 1.107071e-01 -6.429426e-01 1.077476e+02
-6.031559e-01 2.629944e-01 7.530185e-01 -1.220335e+02 2.497118e-01 9.588807e-01 -1.348773e-01 5.332614e+01 -7.575269e-01 1.066856e-01 -6.440274e-01 1.069247e+02
-6.051920e-01 2.623518e-01 7.516077e-01 -1.210364e+02 2.466059e-01 9.594770e-01 -1.363432e-01 5.312407e+01 -7.569202e-01 1.028370e-01 -6.453653e-01 1.060839e+02
-6.061819e-01 2.619066e-01 7.509650e-01 -1.200490e+02 2.438019e-01 9.599570e-01 -1.379967e-01 5.291632e+01 -7.570364e-01 9.943560e-02 -6.457619e-01 1.052381e+02
-6.065968e-01 2.636605e-01 7.500157e-01 -1.190408e+02 2.450294e-01 9.594820e-01 -1.391218e-01 5.269613e+01 -7.563075e-01 9.938507e-02 -6.466233e-01 1.043933e+02
-6.066237e-01 2.665964e-01 7.489553e-01 -1.180747e+02 2.452043e-01 9.589079e-01 -1.427250e-01 5.249103e+01 -7.562291e-01 9.706669e-02 -6.470669e-01 1.035628e+02
-6.063059e-01 2.697501e-01 7.480829e-01 -1.171111e+02 2.480740e-01 9.579249e-01 -1.443578e-01 5.228841e+01 -7.555478e-01 9.805499e-02 -6.477135e-01 1.027442e+02
-6.382179e-01 3.013871e-01 7.084093e-01 -1.161375e+02 2.578590e-01 9.507194e-01 -1.721665e-01 5.208468e+01 -7.253872e-01 7.279000e-02 -6.844816e-01 1.018968e+02
-6.367912e-01 3.018146e-01 7.095104e-01 -1.152368e+02 2.613096e-01 9.502237e-01 -1.696828e-01 5.183908e+01 -7.254063e-01 7.734936e-02 -6.839611e-01 1.010317e+02
-6.350068e-01 3.024038e-01 7.108575e-01 -1.143202e+02 2.648234e-01 9.496516e-01 -1.674227e-01 5.160166e+01 -7.256962e-01 8.193712e-02 -6.831188e-01 1.001492e+02
-6.335518e-01 3.040494e-01 7.114535e-01 -1.134247e+02 2.666797e-01 9.490132e-01 -1.680945e-01 5.137067e+01 -7.262878e-01 8.323365e-02 -6.823329e-01 9.928122e+01
-6.335492e-01 3.035473e-01 7.116702e-01 -1.125163e+02 2.644857e-01 9.493800e-01 -1.694844e-01 5.110862e+01 -7.270920e-01 8.084987e-02 -6.817628e-01 9.840221e+01
-6.332595e-01 3.029197e-01 7.121953e-01 -1.115749e+02 2.634190e-01 9.496399e-01 -1.696894e-01 5.087882e+01 -7.277313e-01 8.014833e-02 -6.811633e-01 9.753147e+01
-6.341012e-01 2.990125e-01 7.130969e-01 -1.106790e+02 2.593502e-01 9.510305e-01 -1.681619e-01 5.064114e+01 -7.284594e-01 7.831013e-02 -6.805986e-01 9.666274e+01
-6.347657e-01 2.942923e-01 7.144680e-01 -1.097856e+02 2.556522e-01 9.525455e-01 -1.652243e-01 5.039798e+01 -7.291875e-01 7.777663e-02 -6.798797e-01 9.578003e+01
-6.350414e-01 2.931286e-01 7.147014e-01 -1.088610e+02 2.539281e-01 9.530037e-01 -1.652408e-01 5.016570e+01 -7.295498e-01 7.654805e-02 -6.796304e-01 9.491162e+01
-6.347085e-01 2.933689e-01 7.148985e-01 -1.080466e+02 2.528113e-01 9.530558e-01 -1.666467e-01 4.996775e+01 -7.302271e-01 7.496232e-02 -6.790796e-01 9.408438e+01
-6.659288e-01 3.235931e-01 6.721803e-01 -1.071347e+02 2.612125e-01 9.451295e-01 -1.962100e-01 4.973225e+01 -6.987896e-01 4.492001e-02 -7.139155e-01 9.321206e+01
-6.657819e-01 3.244804e-01 6.718980e-01 -1.062920e+02 2.611502e-01 9.448708e-01 -1.975344e-01 4.947172e+01 -6.989528e-01 4.395146e-02 -7.138160e-01 9.229821e+01
-6.656416e-01 3.255308e-01 6.715288e-01 -1.054375e+02 2.620036e-01 9.445050e-01 -1.981523e-01 4.920666e+01 -6.987671e-01 4.404451e-02 -7.139921e-01 9.140095e+01
-6.652308e-01 3.247210e-01 6.723275e-01 -1.045924e+02 2.625624e-01 9.446992e-01 -1.964803e-01 4.893649e+01 -6.989485e-01 4.582320e-02 -7.137025e-01 9.047943e+01
-6.653189e-01 3.237426e-01 6.727120e-01 -1.037216e+02 2.620894e-01 9.450172e-01 -1.955805e-01 4.866072e+01 -6.990421e-01 4.618726e-02 -7.135873e-01 8.956449e+01
-6.661230e-01 3.233160e-01 6.721212e-01 -1.028248e+02 2.599789e-01 9.452921e-01 -1.970629e-01 4.840452e+01 -6.990645e-01 4.346921e-02 -7.137362e-01 8.859673e+01
-6.666053e-01 3.241816e-01 6.712255e-01 -1.019686e+02 2.587220e-01 9.451208e-01 -1.995236e-01 4.813809e+01 -6.990710e-01 4.065734e-02 -7.138954e-01 8.767900e+01
-6.679392e-01 3.245729e-01 6.697086e-01 -1.011102e+02 2.557549e-01 9.451872e-01 -2.030038e-01 4.786130e+01 -6.988896e-01 3.568704e-02 -7.143387e-01 8.679408e+01
-6.674833e-01 3.261996e-01 6.693727e-01 -1.002364e+02 2.568305e-01 9.446306e-01 -2.042331e-01 4.759675e+01 -6.989307e-01 3.559314e-02 -7.143032e-01 8.585460e+01
-6.676871e-01 3.248905e-01 6.698060e-01 -9.938274e+01 2.557236e-01 9.450885e-01 -2.035021e-01 4.732559e+01 -6.991419e-01 3.540943e-02 -7.141056e-01 8.494425e+01
-6.959588e-01 3.495647e-01 6.272526e-01 -9.857959e+01 2.653992e-01 9.368777e-01 -2.276474e-01 4.707426e+01 -6.672365e-01 8.039152e-03 -7.448025e-01 8.407469e+01
-6.966418e-01 3.471729e-01 6.278226e-01 -9.777420e+01 2.642255e-01 9.377591e-01 -2.253726e-01 4.677805e+01 -6.669896e-01 8.882773e-03 -7.450141e-01 8.315019e+01
-6.980845e-01 3.434755e-01 6.282536e-01 -9.697459e+01 2.612867e-01 9.391240e-01 -2.231040e-01 4.647560e+01 -6.666388e-01 8.408850e-03 -7.453335e-01 8.222271e+01
-6.995074e-01 3.387883e-01 6.292153e-01 -9.615744e+01 2.575782e-01 9.408284e-01 -2.202168e-01 4.616794e+01 -6.665904e-01 8.028912e-03 -7.453809e-01 8.125863e+01
-7.013468e-01 3.348512e-01 6.292752e-01 -9.535504e+01 2.533902e-01 9.422528e-01 -2.189821e-01 4.586534e+01 -6.662627e-01 5.869791e-03 -7.456940e-01 8.032924e+01
-7.034421e-01 3.322727e-01 6.283026e-01 -9.460321e+01 2.480978e-01 9.431833e-01 -2.210266e-01 4.558863e+01 -6.660456e-01 4.010403e-04 -7.459109e-01 7.944402e+01
-7.035355e-01 3.325142e-01 6.280701e-01 -9.389737e+01 2.460235e-01 9.430939e-01 -2.237105e-01 4.535342e+01 -6.667160e-01 -2.868311e-03 -7.453064e-01 7.853930e+01
-7.044624e-01 3.320764e-01 6.272623e-01 -9.308767e+01 2.434446e-01 9.432303e-01 -2.259452e-01 4.506374e+01 -6.666839e-01 -6.466257e-03 -7.453125e-01 7.757116e+01
-7.051061e-01 3.310975e-01 6.270564e-01 -9.228248e+01 2.411904e-01 9.435553e-01 -2.270036e-01 4.475516e+01 -6.668227e-01 -8.821629e-03 -7.451642e-01 7.662743e+01
-7.062087e-01 3.290969e-01 6.268688e-01 -9.145357e+01 2.384038e-01 9.442326e-01 -2.271308e-01 4.443409e+01 -6.666580e-01 -1.095387e-02 -7.452832e-01 7.568133e+01
-7.320007e-01 3.490840e-01 5.850772e-01 -9.068132e+01 2.468320e-01 9.363020e-01 -2.498249e-01 4.413136e+01 -6.350188e-01 -3.845625e-02 -7.715389e-01 7.475815e+01
-7.328718e-01 3.454320e-01 5.861533e-01 -8.991580e+01 2.440516e-01 9.376622e-01 -2.474438e-01 4.378754e+01 -6.350887e-01 -3.829293e-02 -7.714894e-01 7.375205e+01
-7.317148e-01 3.459133e-01 5.873138e-01 -8.918542e+01 2.458677e-01 9.375936e-01 -2.459011e-01 4.343143e+01 -6.357221e-01 -3.552796e-02 -7.711000e-01 7.274842e+01
-7.312866e-01 3.474098e-01 5.869637e-01 -8.846210e+01 2.462012e-01 9.369936e-01 -2.478468e-01 4.310742e+01 -6.360856e-01 -3.673584e-02 -7.707435e-01 7.180037e+01
-7.309022e-01 3.498146e-01 5.860135e-01 -8.772000e+01 2.471773e-01 9.360391e-01 -2.504680e-01 4.278664e+01 -6.361489e-01 -3.821838e-02 -7.706192e-01 7.084450e+01
-7.298090e-01 3.522989e-01 5.858876e-01 -8.697388e+01 2.490163e-01 9.351120e-01 -2.521040e-01 4.245110e+01 -6.366864e-01 -3.809218e-02 -7.701814e-01 6.985020e+01
-7.279551e-01 3.562734e-01 5.857906e-01 -8.621662e+01 2.530351e-01 9.336784e-01 -2.534125e-01 4.209992e+01 -6.372242e-01 -3.624733e-02 -7.698256e-01 6.884897e+01
-7.268624e-01 3.582958e-01 5.859140e-01 -8.550209e+01 2.542449e-01 9.328968e-01 -2.550749e-01 4.176575e+01 -6.379895e-01 -3.643872e-02 -7.691825e-01 6.790634e+01
-7.262404e-01 3.576382e-01 5.870858e-01 -8.474066e+01 2.551135e-01 9.332443e-01 -2.529273e-01 4.142260e+01 -6.383510e-01 -3.391256e-02 -7.689980e-01 6.691516e+01
-7.272916e-01 3.521723e-01 5.890854e-01 -8.400196e+01 2.523930e-01 9.354083e-01 -2.476068e-01 4.109341e+01 -6.382356e-01 -3.140134e-02 -7.692004e-01 6.595670e+01
-7.497072e-01 3.662316e-01 5.511928e-01 -8.326674e+01 2.587079e-01 9.288209e-01 -2.652582e-01 4.076176e+01 -6.091053e-01 -5.626810e-02 -7.910908e-01 6.504112e+01
-7.492851e-01 3.670931e-01 5.511937e-01 -8.249239e+01 2.589228e-01 9.284443e-01 -2.663646e-01 4.038650e+01 -6.095333e-01 -5.686645e-02 -7.907183e-01 6.397071e+01
-7.474373e-01 3.720067e-01 5.504076e-01 -8.183696e+01 2.622901e-01 9.264518e-01 -2.699833e-01 4.005490e+01 -6.103617e-01 -5.742910e-02 -7.900383e-01 6.299348e+01
-7.466521e-01 3.736929e-01 5.503311e-01 -8.117836e+01 2.630616e-01 9.257315e-01 -2.716979e-01 3.970814e+01 -6.109904e-01 -5.809285e-02 -7.895036e-01 6.202434e+01
-7.468092e-01 3.729977e-01 5.505895e-01 -8.047212e+01 2.628325e-01 9.260451e-01 -2.708497e-01 3.934519e+01 -6.108970e-01 -5.756022e-02 -7.896149e-01 6.102527e+01
-7.452826e-01 3.731278e-01 5.525663e-01 -7.977840e+01 2.650404e-01 9.262493e-01 -2.679847e-01 3.898816e+01 -6.118067e-01 -5.327188e-02 -7.892114e-01 5.999906e+01
-7.439902e-01 3.733414e-01 5.541613e-01 -7.908894e+01 2.670075e-01 9.263640e-01 -2.656250e-01 3.863099e+01 -6.125239e-01 -4.965716e-02 -7.888907e-01 5.898848e+01
-7.421386e-01 3.761277e-01 5.547597e-01 -7.837496e+01 2.694425e-01 9.252924e-01 -2.668984e-01 3.826803e+01 -6.137027e-01 -4.859976e-02 -7.880400e-01 5.794272e+01
-7.412268e-01 3.799967e-01 5.533402e-01 -7.769139e+01 2.698859e-01 9.234817e-01 -2.726593e-01 3.791896e+01 -6.146092e-01 -5.276372e-02 -7.870652e-01 5.693098e+01
-7.414364e-01 3.827794e-01 5.511369e-01 -7.696846e+01 2.688831e-01 9.219926e-01 -2.786242e-01 3.753741e+01 -6.147958e-01 -5.839067e-02 -7.865219e-01 5.589422e+01
-7.598386e-01 3.930183e-01 5.178627e-01 -7.631661e+01 2.708750e-01 9.155302e-01 -2.973738e-01 3.717948e+01 -5.909923e-01 -8.568003e-02 -8.021141e-01 5.492913e+01
-7.603301e-01 3.907145e-01 5.188836e-01 -7.564192e+01 2.702101e-01 9.167096e-01 -2.943296e-01 3.678247e+01 -5.906645e-01 -8.358007e-02 -8.025770e-01 5.388432e+01
-7.605460e-01 3.887721e-01 5.200251e-01 -7.497090e+01 2.698892e-01 9.177429e-01 -2.913892e-01 3.638574e+01 -5.905333e-01 -8.126572e-02 -8.029111e-01 5.283961e+01
-7.589285e-01 3.927948e-01 5.193648e-01 -7.429325e+01 2.734612e-01 9.160940e-01 -2.932418e-01 3.599169e+01 -5.909709e-01 -8.052345e-02 -8.026640e-01 5.177961e+01
-7.570679e-01 3.971466e-01 5.187705e-01 -7.371159e+01 2.762064e-01 9.141412e-01 -2.967422e-01 3.563398e+01 -5.920796e-01 -8.136628e-02 -8.017614e-01 5.078288e+01
-7.562040e-01 3.994720e-01 5.182447e-01 -7.304651e+01 2.778796e-01 9.131052e-01 -2.983653e-01 3.524761e+01 -5.924005e-01 -8.161544e-02 -8.014989e-01 4.975590e+01
-7.567278e-01 3.986105e-01 5.181435e-01 -7.236693e+01 2.767819e-01 9.134075e-01 -2.984602e-01 3.484125e+01 -5.922455e-01 -8.244039e-02 -8.015291e-01 4.870104e+01
-7.571567e-01 3.977911e-01 5.181468e-01 -7.169737e+01 2.761682e-01 9.137592e-01 -2.979517e-01 3.444959e+01 -5.919839e-01 -8.250044e-02 -8.017161e-01 4.766534e+01
-7.578918e-01 3.945104e-01 5.195783e-01 -7.103598e+01 2.746285e-01 9.153623e-01 -2.944335e-01 3.406206e+01 -5.917595e-01 -8.045770e-02 -8.020893e-01 4.660713e+01
-7.583063e-01 3.917496e-01 5.210603e-01 -7.034141e+01 2.739166e-01 9.167882e-01 -2.906357e-01 3.366060e+01 -5.915583e-01 -7.766381e-02 -8.025130e-01 4.554378e+01
-7.695766e-01 4.018860e-01 4.962253e-01 -6.968458e+01 2.792427e-01 9.106701e-01 -3.044726e-01 3.327365e+01 -5.742608e-01 -9.574770e-02 -8.130541e-01 4.451260e+01
-7.701592e-01 4.028827e-01 4.945102e-01 -6.901456e+01 2.779020e-01 9.097635e-01 -3.083843e-01 3.285450e+01 -5.741300e-01 -1.000796e-01 -8.126247e-01 4.343969e+01
-7.706068e-01 4.028941e-01 4.938031e-01 -6.836691e+01 2.765852e-01 9.094744e-01 -3.104140e-01 3.243696e+01 -5.741652e-01 -1.026285e-01 -8.122818e-01 4.238454e+01
-7.711923e-01 4.015435e-01 4.939892e-01 -6.768554e+01 2.751553e-01 9.100005e-01 -3.101428e-01 3.200238e+01 -5.740662e-01 -1.032560e-01 -8.122722e-01 4.130813e+01
-7.713220e-01 4.001339e-01 4.949296e-01 -6.704897e+01 2.738829e-01 9.106405e-01 -3.093899e-01 3.157001e+01 -5.745003e-01 -1.030865e-01 -8.119868e-01 4.025400e+01
-7.704753e-01 4.003925e-01 4.960379e-01 -6.640577e+01 2.743543e-01 9.106573e-01 -3.089222e-01 3.116540e+01 -5.754107e-01 -1.019268e-01 -8.114884e-01 3.918192e+01
-7.715297e-01 3.978972e-01 4.964069e-01 -6.572466e+01 2.719840e-01 9.116706e-01 -3.080284e-01 3.072493e+01 -5.751231e-01 -1.026383e-01 -8.116026e-01 3.811104e+01
-7.720006e-01 3.973633e-01 4.961022e-01 -6.504642e+01 2.712759e-01 9.118228e-01 -3.082020e-01 3.028489e+01 -5.748255e-01 -1.033516e-01 -8.117229e-01 3.703827e+01
-7.725839e-01 3.963937e-01 4.959699e-01 -6.439613e+01 2.695488e-01 9.120471e-01 -3.090525e-01 2.986353e+01 -5.748545e-01 -1.050809e-01 -8.114804e-01 3.598460e+01
-7.736985e-01 3.936312e-01 4.964324e-01 -6.383467e+01 2.656454e-01 9.129185e-01 -3.098585e-01 2.948781e+01 -5.751723e-01 -1.078621e-01 -8.108900e-01 3.499263e+01
-7.815187e-01 3.974024e-01 4.809364e-01 -6.319244e+01 2.667936e-01 9.097187e-01 -3.181715e-01 2.906454e+01 -5.639590e-01 -1.203462e-01 -8.169866e-01 3.395060e+01
-7.829231e-01 3.941307e-01 4.813444e-01 -6.257444e+01 2.638814e-01 9.110557e-01 -3.167714e-01 2.863597e+01 -5.633809e-01 -1.209898e-01 -8.172903e-01 3.291397e+01
-7.836348e-01 3.920854e-01 4.818562e-01 -6.195854e+01 2.624609e-01 9.119929e-01 -3.152509e-01 2.820462e+01 -5.630548e-01 -1.205732e-01 -8.175766e-01 3.189694e+01
-7.838516e-01 3.904920e-01 4.827967e-01 -6.132800e+01 2.614523e-01 9.127866e-01 -3.137886e-01 2.776460e+01 -5.632223e-01 -1.197354e-01 -8.175843e-01 3.081543e+01
-7.844915e-01 3.885589e-01 4.833167e-01 -6.070884e+01 2.592718e-01 9.134879e-01 -3.135569e-01 2.734190e+01 -5.633393e-01 -1.206724e-01 -8.173659e-01 2.975962e+01
-7.849414e-01 3.876981e-01 4.832776e-01 -6.006310e+01 2.581917e-01 9.137516e-01 -3.136798e-01 2.690710e+01 -5.632087e-01 -1.214420e-01 -8.173419e-01 2.868154e+01
-7.856902e-01 3.867138e-01 4.828492e-01 -5.941389e+01 2.573586e-01 9.141052e-01 -3.133340e-01 2.647854e+01 -5.625456e-01 -1.219180e-01 -8.177276e-01 2.762921e+01
-7.861875e-01 3.862238e-01 4.824317e-01 -5.878263e+01 2.574341e-01 9.143695e-01 -3.124997e-01 2.605494e+01 -5.618157e-01 -1.214889e-01 -8.182931e-01 2.657093e+01
-7.859663e-01 3.875009e-01 4.817675e-01 -5.819476e+01 2.589607e-01 9.139019e-01 -3.126062e-01 2.564918e+01 -5.614235e-01 -1.209391e-01 -8.186437e-01 2.555192e+01
-7.854141e-01 3.903345e-01 4.803786e-01 -5.757892e+01 2.618554e-01 9.127579e-01 -3.135360e-01 2.522388e+01 -5.608533e-01 -1.204659e-01 -8.191041e-01 2.449931e+01
-7.867164e-01 3.958062e-01 4.737243e-01 -5.697531e+01 2.661580e-01 9.098880e-01 -3.182198e-01 2.480589e+01 -5.569894e-01 -1.242632e-01 -8.211708e-01 2.346196e+01
-7.861152e-01 3.989515e-01 4.720812e-01 -5.636230e+01 2.691823e-01 9.085322e-01 -3.195467e-01 2.437606e+01 -5.563846e-01 -1.241246e-01 -8.216016e-01 2.239650e+01
-7.853638e-01 4.019334e-01 4.708005e-01 -5.575845e+01 2.726374e-01 9.073904e-01 -3.198616e-01 2.394730e+01 -5.557630e-01 -1.228499e-01 -8.222137e-01 2.134000e+01
-7.846073e-01 4.037011e-01 4.705495e-01 -5.516144e+01 2.760731e-01 9.070542e-01 -3.178621e-01 2.352092e+01 -5.551352e-01 -1.194909e-01 -8.231323e-01 2.027538e+01
-7.855662e-01 4.023592e-01 4.700987e-01 -5.454113e+01 2.766824e-01 9.079491e-01 -3.147622e-01 2.307925e+01 -5.534732e-01 -1.171985e-01 -8.245799e-01 1.921297e+01
-7.855755e-01 4.037197e-01 4.689153e-01 -5.392833e+01 2.790765e-01 9.075413e-01 -3.138234e-01 2.265732e+01 -5.522567e-01 -1.156687e-01 -8.256108e-01 1.814920e+01
-7.859048e-01 4.057420e-01 4.666124e-01 -5.338230e+01 2.804642e-01 9.064265e-01 -3.158019e-01 2.224223e+01 -5.510839e-01 -1.173221e-01 -8.261610e-01 1.714167e+01
-7.855594e-01 4.102075e-01 4.632778e-01 -5.280618e+01 2.824952e-01 9.038587e-01 -3.213036e-01 2.184619e+01 -5.505388e-01 -1.215293e-01 -8.259163e-01 1.611516e+01
-7.850853e-01 4.133514e-01 4.612827e-01 -5.223691e+01 2.839494e-01 9.020593e-01 -3.250564e-01 2.143759e+01 -5.504669e-01 -1.242160e-01 -8.255644e-01 1.506549e+01
-7.851917e-01 4.140696e-01 4.604567e-01 -5.165020e+01 2.857026e-01 9.019305e-01 -3.238757e-01 2.101687e+01 -5.494070e-01 -1.227508e-01 -8.264891e-01 1.404444e+01
-7.823575e-01 4.114620e-01 4.675636e-01 -5.109070e+01 2.843106e-01 9.038635e-01 -3.196847e-01 2.060258e+01 -5.541518e-01 -1.171744e-01 -8.241274e-01 1.305331e+01
-7.825034e-01 4.109606e-01 4.677604e-01 -5.055022e+01 2.842460e-01 9.041711e-01 -3.188711e-01 2.019876e+01 -5.539789e-01 -1.165587e-01 -8.243309e-01 1.205346e+01
-7.826535e-01 4.108717e-01 4.675874e-01 -4.995489e+01 2.843875e-01 9.042400e-01 -3.185496e-01 1.977399e+01 -5.536942e-01 -1.163379e-01 -8.245533e-01 1.099814e+01
-7.827288e-01 4.102643e-01 4.679945e-01 -4.936457e+01 2.844721e-01 9.046598e-01 -3.172796e-01 1.936310e+01 -5.535443e-01 -1.152125e-01 -8.248120e-01 9.968936e+00
-7.850418e-01 4.068270e-01 4.671201e-01 -4.879034e+01 2.817394e-01 9.060863e-01 -3.156430e-01 1.896062e+01 -5.516632e-01 -1.161868e-01 -8.259348e-01 9.025135e+00
-7.856163e-01 4.058218e-01 4.670286e-01 -4.825977e+01 2.805082e-01 9.064233e-01 -3.157719e-01 1.857844e+01 -5.514728e-01 -1.170702e-01 -8.259373e-01 8.075456e+00
-7.863403e-01 4.046037e-01 4.668671e-01 -4.769831e+01 2.786569e-01 9.067473e-01 -3.164801e-01 1.818072e+01 -5.513795e-01 -1.187653e-01 -8.257575e-01 7.083974e+00
-7.870727e-01 4.029026e-01 4.671038e-01 -4.712615e+01 2.762698e-01 9.072755e-01 -3.170586e-01 1.777682e+01 -5.515356e-01 -1.205015e-01 -8.254016e-01 6.084356e+00
-7.868119e-01 4.010426e-01 4.691396e-01 -4.657955e+01 2.737545e-01 9.080240e-01 -3.170975e-01 1.740080e+01 -5.531596e-01 -1.210670e-01 -8.242313e-01 5.106785e+00
-7.870562e-01 3.986595e-01 4.707581e-01 -4.603102e+01 2.721133e-01 9.092338e-01 -3.150370e-01 1.701352e+01 -5.536216e-01 -1.198523e-01 -8.240986e-01 4.175758e+00
-7.804142e-01 3.895744e-01 4.890660e-01 -4.547303e+01 2.633877e-01 9.142195e-01 -3.079441e-01 1.662400e+01 -5.670808e-01 -1.115099e-01 -8.160790e-01 3.243260e+00
-7.809604e-01 3.878441e-01 4.895690e-01 -4.492875e+01 2.598427e-01 9.145362e-01 -3.100087e-01 1.624790e+01 -5.679637e-01 -1.148936e-01 -8.149949e-01 2.343065e+00
-7.811303e-01 3.877818e-01 4.893473e-01 -4.439324e+01 2.568869e-01 9.139437e-01 -3.141912e-01 1.588533e+01 -5.690735e-01 -1.197174e-01 -8.135251e-01 1.459834e+00
-7.816814e-01 3.878416e-01 4.884189e-01 -4.383271e+01 2.547955e-01 9.133816e-01 -3.175112e-01 1.552647e+01 -5.692569e-01 -1.237457e-01 -8.127937e-01 5.790540e-01
-7.805978e-01 3.890382e-01 4.891997e-01 -4.331225e+01 2.557404e-01 9.129610e-01 -3.179607e-01 1.517380e+01 -5.703191e-01 -1.230913e-01 -8.121482e-01 -2.750083e-01
-7.787051e-01 3.909145e-01 4.907181e-01 -4.277680e+01 2.576760e-01 9.124198e-01 -3.179514e-01 1.481419e+01 -5.720328e-01 -1.211441e-01 -8.112352e-01 -1.154799e+00
-7.760077e-01 3.941407e-01 4.924075e-01 -4.226500e+01 2.607237e-01 9.113347e-01 -3.185785e-01 1.445964e+01 -5.743128e-01 -1.188371e-01 -8.099645e-01 -2.011787e+00
-7.735127e-01 3.975588e-01 4.935840e-01 -4.174150e+01 2.643496e-01 9.101951e-01 -3.188481e-01 1.410110e+01 -5.760186e-01 -1.161544e-01 -8.091419e-01 -2.870029e+00
-7.713773e-01 4.000678e-01 4.948968e-01 -4.123957e+01 2.665487e-01 9.092903e-01 -3.195981e-01 1.377084e+01 -5.778658e-01 -1.146166e-01 -8.080434e-01 -3.694399e+00
-7.701305e-01 4.009878e-01 4.960925e-01 -4.073124e+01 2.654830e-01 9.086428e-01 -3.223152e-01 1.346756e+01 -5.800153e-01 -1.165206e-01 -8.062290e-01 -4.533974e+00
-7.562836e-01 3.909747e-01 5.245702e-01 -4.023819e+01 2.547834e-01 9.145035e-01 -3.142749e-01 1.315346e+01 -6.025949e-01 -1.040292e-01 -7.912379e-01 -5.373033e+00
-7.544746e-01 3.907911e-01 5.273048e-01 -3.972662e+01 2.533937e-01 9.145605e-01 -3.152314e-01 1.283848e+01 -6.054417e-01 -1.042184e-01 -7.890367e-01 -6.146204e+00
-7.528560e-01 3.890700e-01 5.308789e-01 -3.922696e+01 2.516377e-01 9.154486e-01 -3.140578e-01 1.252132e+01 -6.081828e-01 -1.028512e-01 -7.871057e-01 -6.887839e+00
-7.507507e-01 3.859603e-01 5.361045e-01 -3.874775e+01 2.488019e-01 9.170056e-01 -3.117666e-01 1.219415e+01 -6.119403e-01 -1.006751e-01 -7.844702e-01 -7.593857e+00
-7.483207e-01 3.838126e-01 5.410212e-01 -3.826708e+01 2.451513e-01 9.178813e-01 -3.120814e-01 1.189152e+01 -6.163740e-01 -1.009049e-01 -7.809618e-01 -8.288315e+00
-7.453510e-01 3.829638e-01 5.457019e-01 -3.780079e+01 2.412817e-01 9.180158e-01 -3.146905e-01 1.160131e+01 -6.214780e-01 -1.028870e-01 -7.766462e-01 -8.948807e+00
-7.406069e-01 3.834233e-01 5.518043e-01 -3.733209e+01 2.378109e-01 9.176289e-01 -3.184387e-01 1.131402e+01 -6.284484e-01 -1.046128e-01 -7.707845e-01 -9.611104e+00
-7.343330e-01 3.838340e-01 5.598451e-01 -3.685014e+01 2.326043e-01 9.171265e-01 -3.236884e-01 1.103367e+01 -6.376914e-01 -1.074727e-01 -7.627577e-01 -1.027845e+01
-7.271761e-01 3.830395e-01 5.696452e-01 -3.639449e+01 2.260413e-01 9.171739e-01 -3.281728e-01 1.075684e+01 -6.481668e-01 -1.098761e-01 -7.535297e-01 -1.087268e+01
-7.176254e-01 3.820072e-01 5.823095e-01 -3.592373e+01 2.199601e-01 9.176613e-01 -3.309310e-01 1.047773e+01 -6.607809e-01 -1.093997e-01 -7.425634e-01 -1.146434e+01
-6.861909e-01 3.657210e-01 6.288006e-01 -3.544557e+01 2.035674e-01 9.264306e-01 -3.166807e-01 1.020164e+01 -6.983569e-01 -8.930011e-02 -7.101571e-01 -1.206899e+01
-6.721966e-01 3.645256e-01 6.444166e-01 -3.494616e+01 1.950065e-01 9.268320e-01 -3.208659e-01 9.933233e+00 -7.142298e-01 -9.001958e-02 -6.940982e-01 -1.261645e+01
-6.570215e-01 3.625972e-01 6.609433e-01 -3.442128e+01 1.845372e-01 9.274148e-01 -3.253427e-01 9.661007e+00 -7.309369e-01 -9.178853e-02 -6.762441e-01 -1.312380e+01
-6.391580e-01 3.608056e-01 6.791881e-01 -3.387910e+01 1.729016e-01 9.279284e-01 -3.302331e-01 9.397147e+00 -7.493878e-01 -9.363841e-02 -6.554767e-01 -1.362958e+01
-6.179245e-01 3.591437e-01 6.994177e-01 -3.330808e+01 1.597917e-01 9.283755e-01 -3.355377e-01 9.126472e+00 -7.698285e-01 -9.557582e-02 -6.310541e-01 -1.414626e+01
-5.952228e-01 3.563339e-01 7.202333e-01 -3.275843e+01 1.450345e-01 9.292220e-01 -3.398697e-01 8.867019e+00 -7.903637e-01 -9.783952e-02 -6.047748e-01 -1.459635e+01
-5.696033e-01 3.538955e-01 7.418288e-01 -3.221299e+01 1.285662e-01 9.298094e-01 -3.448553e-01 8.603422e+00 -8.118022e-01 -1.010566e-01 -5.751215e-01 -1.500180e+01
-5.402362e-01 3.518619e-01 7.644201e-01 -3.166734e+01 1.095345e-01 9.300617e-01 -3.506956e-01 8.341716e+00 -8.343543e-01 -1.057281e-01 -5.409940e-01 -1.538057e+01
-5.068493e-01 3.498519e-01 7.878499e-01 -3.108169e+01 9.197621e-02 9.306728e-01 -3.541024e-01 8.077991e+00 -8.571139e-01 -1.070131e-01 -5.038889e-01 -1.573234e+01
-4.723793e-01 3.464152e-01 8.104655e-01 -3.049809e+01 7.005291e-02 9.313727e-01 -3.572639e-01 7.825415e+00 -8.786071e-01 -1.119886e-01 -4.642286e-01 -1.605637e+01
-4.029124e-01 3.233782e-01 8.562057e-01 -2.988176e+01 4.605590e-02 9.414785e-01 -3.339117e-01 7.546838e+00 -9.140790e-01 -9.510386e-02 -3.942269e-01 -1.634471e+01
-3.635680e-01 3.213601e-01 8.743832e-01 -2.923887e+01 2.563917e-02 9.417111e-01 -3.354442e-01 7.301023e+00 -9.312148e-01 -9.953834e-02 -3.506155e-01 -1.657109e+01
-3.198544e-01 3.211262e-01 8.913872e-01 -2.865701e+01 9.034725e-03 9.418021e-01 -3.360464e-01 7.066789e+00 -9.474236e-01 -9.943250e-02 -3.041408e-01 -1.674745e+01
-2.734387e-01 3.199473e-01 9.071191e-01 -2.798454e+01 -9.342958e-03 9.421317e-01 -3.351128e-01 6.822980e+00 -9.618441e-01 -1.001080e-01 -2.546260e-01 -1.692661e+01
-2.258698e-01 3.159489e-01 9.214983e-01 -2.733655e+01 -2.818263e-02 9.434286e-01 -3.303759e-01 6.576688e+00 -9.737497e-01 -1.005922e-01 -2.041878e-01 -1.705054e+01
-1.760913e-01 3.131752e-01 9.332273e-01 -2.680167e+01 -4.416846e-02 9.445730e-01 -3.253168e-01 6.364908e+00 -9.833824e-01 -9.850468e-02 -1.524986e-01 -1.711855e+01
-1.257431e-01 3.149263e-01 9.407497e-01 -2.613718e+01 -6.328581e-02 9.437986e-01 -3.244059e-01 6.124959e+00 -9.900422e-01 -1.003279e-01 -9.874582e-02 -1.717749e+01
-7.569044e-02 3.160707e-01 9.457115e-01 -2.556535e+01 -8.204353e-02 9.432423e-01 -3.218118e-01 5.918670e+00 -9.937504e-01 -1.019476e-01 -4.546287e-02 -1.718559e+01
-2.579970e-02 3.188221e-01 9.474634e-01 -2.498711e+01 -1.001519e-01 9.421860e-01 -3.197735e-01 5.717562e+00 -9.946376e-01 -1.031403e-01 7.622525e-03 -1.714741e+01
2.440756e-02 3.207031e-01 9.468652e-01 -2.439550e+01 -1.181618e-01 9.414335e-01 -3.158175e-01 5.513501e+00 -9.926943e-01 -1.041750e-01 6.087296e-02 -1.707102e+01
1.141283e-01 2.959052e-01 9.483749e-01 -2.380768e+01 -1.233885e-01 9.514429e-01 -2.820137e-01 5.318481e+00 -9.857738e-01 -8.483285e-02 1.450978e-01 -1.696599e+01
1.623278e-01 2.950048e-01 9.416060e-01 -2.321577e+01 -1.425479e-01 9.512633e-01 -2.734560e-01 5.139566e+00 -9.763861e-01 -8.983449e-02 1.964688e-01 -1.680065e+01
2.090473e-01 2.933109e-01 9.328815e-01 -2.262241e+01 -1.597433e-01 9.513874e-01 -2.633328e-01 4.966713e+00 -9.647701e-01 -9.397251e-02 2.457394e-01 -1.660209e+01
2.530510e-01 2.918456e-01 9.223835e-01 -2.203708e+01 -1.753291e-01 9.514612e-01 -2.529453e-01 4.798472e+00 -9.514331e-01 -9.771266e-02 2.919372e-01 -1.637274e+01
2.940866e-01 2.928117e-01 9.098211e-01 -2.144049e+01 -1.887905e-01 9.509574e-01 -2.450270e-01 4.628546e+00 -9.369478e-01 -9.970646e-02 3.349439e-01 -1.612941e+01
3.294753e-01 2.972375e-01 8.961562e-01 -2.085457e+01 -2.045622e-01 9.490807e-01 -2.395834e-01 4.472958e+00 -9.217377e-01 -1.043828e-01 3.735022e-01 -1.587381e+01
3.570880e-01 3.039125e-01 8.832471e-01 -2.031431e+01 -2.184811e-01 9.465341e-01 -2.373590e-01 4.330018e+00 -9.081598e-01 -1.082147e-01 4.043951e-01 -1.559364e+01
3.777028e-01 3.116196e-01 8.719139e-01 -1.975786e+01 -2.313005e-01 9.435658e-01 -2.370311e-01 4.200759e+00 -8.965716e-01 -1.121468e-01 4.284651e-01 -1.530811e+01
3.927198e-01 3.163624e-01 8.635311e-01 -1.920221e+01 -2.391485e-01 9.417973e-01 -2.362751e-01 4.055374e+00 -8.880198e-01 -1.137223e-01 4.455200e-01 -1.499533e+01
4.039536e-01 3.177900e-01 8.578059e-01 -1.864783e+01 -2.422831e-01 9.413988e-01 -2.346638e-01 3.915658e+00 -8.821113e-01 -1.130386e-01 4.572766e-01 -1.470223e+01
4.454433e-01 2.892467e-01 8.472996e-01 -1.810206e+01 -2.200275e-01 9.527183e-01 -2.095609e-01 3.763134e+00 -8.678526e-01 -9.308176e-02 4.880242e-01 -1.439751e+01
4.496657e-01 2.883650e-01 8.453676e-01 -1.755830e+01 -2.202142e-01 9.530274e-01 -2.079533e-01 3.623011e+00 -8.656249e-01 -9.265250e-02 4.920458e-01 -1.408738e+01
4.516079e-01 2.871097e-01 8.447593e-01 -1.702984e+01 -2.182547e-01 9.535940e-01 -2.074206e-01 3.497101e+00 -8.651099e-01 -9.069994e-02 4.933137e-01 -1.377600e+01
4.528482e-01 2.860257e-01 8.444630e-01 -1.650300e+01 -2.168003e-01 9.540430e-01 -2.068807e-01 3.363122e+00 -8.648272e-01 -8.939429e-02 4.940471e-01 -1.347597e+01
4.531218e-01 2.846371e-01 8.447854e-01 -1.598249e+01 -2.146318e-01 9.546117e-01 -2.065182e-01 3.221305e+00 -8.652247e-01 -8.773990e-02 4.936475e-01 -1.316289e+01
4.516889e-01 2.830430e-01 8.460873e-01 -1.547394e+01 -2.121313e-01 9.552170e-01 -2.063027e-01 3.084951e+00 -8.665895e-01 -8.629700e-02 4.915032e-01 -1.286316e+01
4.480702e-01 2.824089e-01 8.482207e-01 -1.494770e+01 -2.096631e-01 9.555281e-01 -2.073822e-01 2.956031e+00 -8.690653e-01 -8.491877e-02 4.873543e-01 -1.255156e+01
4.423766e-01 2.822136e-01 8.512687e-01 -1.442165e+01 -2.067948e-01 9.557183e-01 -2.093763e-01 2.856783e+00 -8.726619e-01 -8.341475e-02 4.811478e-01 -1.222548e+01
4.367142e-01 2.801738e-01 8.548587e-01 -1.390795e+01 -2.026769e-01 9.564768e-01 -2.099386e-01 2.709312e+00 -8.764718e-01 -8.157694e-02 4.744917e-01 -1.193122e+01
4.322278e-01 2.786204e-01 8.576420e-01 -1.341058e+01 -1.978945e-01 9.571940e-01 -2.112283e-01 2.560223e+00 -8.797823e-01 -7.842396e-02 4.688633e-01 -1.168645e+01
4.553503e-01 2.449510e-01 8.559528e-01 -1.292532e+01 -1.692864e-01 9.676889e-01 -1.868698e-01 2.415677e+00 -8.740699e-01 -5.980997e-02 4.821043e-01 -1.144141e+01
4.499847e-01 2.444906e-01 8.589168e-01 -1.244644e+01 -1.661607e-01 9.679208e-01 -1.884674e-01 2.295770e+00 -8.774420e-01 -5.791080e-02 4.761742e-01 -1.118005e+01
4.441263e-01 2.449483e-01 8.618307e-01 -1.198428e+01 -1.641882e-01 9.678646e-01 -1.904741e-01 2.181546e+00 -8.807917e-01 -5.690785e-02 4.700717e-01 -1.092502e+01
4.387061e-01 2.447340e-01 8.646631e-01 -1.153420e+01 -1.622920e-01 9.679567e-01 -1.916278e-01 2.059992e+00 -8.838542e-01 -5.625958e-02 4.643668e-01 -1.068040e+01
4.339304e-01 2.448910e-01 8.670252e-01 -1.107429e+01 -1.597126e-01 9.680167e-01 -1.934827e-01 1.960231e+00 -8.866771e-01 -5.451685e-02 4.591641e-01 -1.044820e+01
4.281769e-01 2.428335e-01 8.704576e-01 -1.065698e+01 -1.549491e-01 9.686838e-01 -1.940166e-01 1.857840e+00 -8.903119e-01 -5.180322e-02 4.523949e-01 -1.020580e+01
4.232320e-01 2.409247e-01 8.734014e-01 -1.023146e+01 -1.515847e-01 9.692381e-01 -1.939062e-01 1.753787e+00 -8.932507e-01 -5.032701e-02 4.467331e-01 -9.991902e+00
4.183293e-01 2.396146e-01 8.761195e-01 -9.815820e+00 -1.495118e-01 9.695837e-01 -1.937877e-01 1.653066e+00 -8.959056e-01 -4.992312e-02 4.414305e-01 -9.778927e+00
4.128517e-01 2.394111e-01 8.787695e-01 -9.420434e+00 -1.506099e-01 9.694969e-01 -1.933713e-01 1.560982e+00 -8.982595e-01 -5.251768e-02 4.363161e-01 -9.578053e+00
4.073805e-01 2.386384e-01 8.815287e-01 -9.043845e+00 -1.499014e-01 9.696375e-01 -1.932165e-01 1.468672e+00 -9.008722e-01 -5.342971e-02 4.307837e-01 -9.387921e+00
4.247066e-01 2.022268e-01 8.824560e-01 -8.684474e+00 -1.237010e-01 9.785537e-01 -1.647144e-01 1.383893e+00 -8.968402e-01 -3.920538e-02 4.406138e-01 -9.204273e+00
4.211874e-01 2.015372e-01 8.842986e-01 -8.331893e+00 -1.208416e-01 9.787762e-01 -1.655129e-01 1.313003e+00 -8.988874e-01 -3.714805e-02 4.366023e-01 -9.038226e+00
4.178593e-01 2.007411e-01 8.860568e-01 -7.995605e+00 -1.187657e-01 9.789842e-01 -1.657852e-01 1.244541e+00 -9.007155e-01 -3.595825e-02 4.329188e-01 -8.880899e+00
4.140781e-01 2.004620e-01 8.878932e-01 -7.689722e+00 -1.167564e-01 9.790874e-01 -1.666006e-01 1.180328e+00 -9.027221e-01 -3.468156e-02 4.288239e-01 -8.730890e+00
4.106712e-01 2.013709e-01 8.892688e-01 -7.408489e+00 -1.162834e-01 9.789099e-01 -1.679691e-01 1.120800e+00 -9.043381e-01 -3.442712e-02 4.254262e-01 -8.590209e+00
4.076737e-01 2.032254e-01 8.902256e-01 -7.151252e+00 -1.164654e-01 9.785291e-01 -1.700491e-01 1.063416e+00 -9.056699e-01 -3.435598e-02 4.225893e-01 -8.462968e+00
4.057052e-01 2.054910e-01 8.906047e-01 -6.909935e+00 -1.169936e-01 9.780591e-01 -1.723743e-01 1.013487e+00 -9.064854e-01 -3.426191e-02 4.208447e-01 -8.342067e+00
4.052790e-01 2.085607e-01 8.900850e-01 -6.673215e+00 -1.165658e-01 9.774713e-01 -1.759612e-01 9.636484e-01 -9.067311e-01 -3.244004e-02 4.204597e-01 -8.231000e+00
4.066497e-01 2.108061e-01 8.889302e-01 -6.445175e+00 -1.145255e-01 9.771011e-01 -1.793247e-01 9.109695e-01 -9.063774e-01 -2.888289e-02 4.214805e-01 -8.129456e+00
4.098437e-01 2.115826e-01 8.872773e-01 -6.211076e+00 -1.126938e-01 9.770185e-01 -1.809280e-01 8.622192e-01 -9.051675e-01 -2.583842e-02 4.242689e-01 -8.022263e+00
4.330340e-01 1.727452e-01 8.846698e-01 -5.985061e+00 -8.690199e-02 9.848932e-01 -1.497780e-01 8.143286e-01 -8.971787e-01 -1.202060e-02 4.415041e-01 -7.910570e+00
4.405003e-01 1.722277e-01 8.810772e-01 -5.766288e+00 -8.873020e-02 9.849726e-01 -1.481753e-01 7.760760e-01 -8.933568e-01 -1.290691e-02 4.491625e-01 -7.791412e+00
4.496621e-01 1.752030e-01 8.758470e-01 -5.555017e+00 -9.278052e-02 9.844309e-01 -1.492902e-01 7.396315e-01 -8.883669e-01 -1.413141e-02 4.589167e-01 -7.663449e+00
4.609898e-01 1.789989e-01 8.691650e-01 -5.351433e+00 -9.565253e-02 9.837617e-01 -1.518669e-01 6.927456e-01 -8.822353e-01 -1.312873e-02 4.706258e-01 -7.546732e+00
4.742681e-01 1.822273e-01 8.613147e-01 -5.150914e+00 -9.803071e-02 9.831905e-01 -1.540335e-01 6.550532e-01 -8.749056e-01 -1.138211e-02 4.841598e-01 -7.423996e+00
4.895933e-01 1.836286e-01 8.523960e-01 -4.952218e+00 -1.000403e-01 9.829475e-01 -1.542923e-01 6.202514e-01 -8.661930e-01 -9.733487e-03 4.996148e-01 -7.296413e+00
5.059904e-01 1.834476e-01 8.428053e-01 -4.766235e+00 -1.030729e-01 9.829794e-01 -1.520770e-01 5.829680e-01 -8.563584e-01 -9.920890e-03 5.162866e-01 -7.167049e+00
5.232796e-01 1.846758e-01 8.319094e-01 -4.568058e+00 -1.077230e-01 9.827389e-01 -1.503996e-01 5.545947e-01 -8.453249e-01 -1.091469e-02 5.341411e-01 -7.032791e+00
5.418728e-01 1.859318e-01 8.196360e-01 -4.381319e+00 -1.111706e-01 9.825100e-01 -1.493828e-01 5.218616e-01 -8.330756e-01 -1.017291e-02 5.530656e-01 -6.889448e+00
5.627001e-01 1.884695e-01 8.048900e-01 -4.187759e+00 -1.141216e-01 9.820515e-01 -1.501703e-01 4.868342e-01 -8.187459e-01 -7.354461e-03 5.741089e-01 -6.739516e+00
5.988010e-01 1.495471e-01 7.868119e-01 -3.989286e+00 -8.365060e-02 9.887173e-01 -1.242607e-01 4.479225e-01 -7.965174e-01 8.590118e-03 6.045546e-01 -6.577785e+00
6.202045e-01 1.489633e-01 7.701664e-01 -3.785609e+00 -8.586153e-02 9.887961e-01 -1.221069e-01 4.111473e-01 -7.797270e-01 9.603571e-03 6.260460e-01 -6.389100e+00
6.414592e-01 1.504877e-01 7.522523e-01 -3.571392e+00 -9.278304e-02 9.885917e-01 -1.186495e-01 3.941211e-01 -7.615257e-01 6.312530e-03 6.481040e-01 -6.179841e+00
6.627954e-01 1.497682e-01 7.336701e-01 -3.361485e+00 -1.006011e-01 9.887211e-01 -1.109505e-01 3.612794e-01 -7.420119e-01 -2.705552e-04 6.703866e-01 -5.947518e+00
6.848724e-01 1.459934e-01 7.138877e-01 -3.135673e+00 -1.052535e-01 9.892689e-01 -1.013345e-01 3.195562e-01 -7.210211e-01 -5.737969e-03 6.928893e-01 -5.703976e+00
7.069989e-01 1.408552e-01 6.930457e-01 -2.904864e+00 -1.048834e-01 9.900115e-01 -9.421575e-02 2.884088e-01 -6.993940e-01 -6.078533e-03 7.147105e-01 -5.443257e+00
7.290335e-01 1.387617e-01 6.702651e-01 -2.676955e+00 -1.065037e-01 9.903053e-01 -8.917620e-02 2.586049e-01 -6.761413e-01 -6.373273e-03 7.367444e-01 -5.175887e+00
7.504715e-01 1.384428e-01 6.462400e-01 -2.462964e+00 -1.096037e-01 9.903448e-01 -8.487814e-02 2.320418e-01 -6.517512e-01 -7.131661e-03 7.583993e-01 -4.880567e+00
7.721413e-01 1.385745e-01 6.201572e-01 -2.241058e+00 -1.148301e-01 9.902937e-01 -7.830979e-02 1.970408e-01 -6.249895e-01 -1.074646e-02 7.805592e-01 -4.572731e+00
7.928358e-01 1.366563e-01 5.939162e-01 -2.028323e+00 -1.166900e-01 9.905446e-01 -7.214497e-02 1.655418e-01 -5.981595e-01 -1.210498e-02 8.012857e-01 -4.251590e+00
8.221854e-01 9.323844e-02 5.615316e-01 -1.827195e+00 -7.720274e-02 9.956437e-01 -5.228076e-02 1.333436e-01 -5.639600e-01 -3.672925e-04 8.258021e-01 -3.934095e+00
8.426949e-01 9.030251e-02 5.307643e-01 -1.609352e+00 -7.393981e-02 9.959037e-01 -5.204551e-02 1.190576e-01 -5.332900e-01 4.613870e-03 8.459199e-01 -3.572973e+00
8.622517e-01 8.643302e-02 4.990504e-01 -1.414510e+00 -7.155331e-02 9.962367e-01 -4.891445e-02 9.526244e-02 -5.014001e-01 6.467866e-03 8.651913e-01 -3.209543e+00
8.804791e-01 8.414296e-02 4.665581e-01 -1.220169e+00 -7.223876e-02 9.964436e-01 -4.337934e-02 7.585246e-02 -4.685489e-01 4.491023e-03 8.834261e-01 -2.796979e+00
8.975539e-01 8.463564e-02 4.327052e-01 -1.036803e+00 -7.585697e-02 9.964116e-01 -3.754569e-02 5.787983e-02 -4.343302e-01 8.755743e-04 9.007533e-01 -2.371247e+00
9.137028e-01 8.444197e-02 3.975133e-01 -8.550945e-01 -7.805177e-02 9.964272e-01 -3.226095e-02 3.894204e-02 -3.988172e-01 -1.549690e-03 9.170291e-01 -1.898745e+00
9.290721e-01 7.887333e-02 3.613918e-01 -6.649369e-01 -7.472991e-02 9.968790e-01 -2.545074e-02 1.897786e-02 -3.622712e-01 -3.361199e-03 9.320667e-01 -1.406621e+00
9.431334e-01 7.146385e-02 3.246418e-01 -4.957642e-01 -6.895892e-02 9.974341e-01 -1.923049e-02 4.240086e-03 -3.251831e-01 -4.250032e-03 9.456415e-01 -8.988636e-01
9.561619e-01 6.209043e-02 2.861805e-01 -3.366103e-01 -6.051176e-02 9.980641e-01 -1.436572e-02 -1.023144e-02 -2.865184e-01 -3.581331e-03 9.580680e-01 -3.667203e-01
9.673993e-01 5.691055e-02 2.467790e-01 -2.025281e-01 -5.585265e-02 9.983752e-01 -1.129054e-02 -1.852635e-02 -2.470206e-01 -2.860795e-03 9.690060e-01 1.967887e-01
9.783083e-01 1.347872e-02 2.067152e-01 -1.021728e-01 -1.193684e-02 9.998909e-01 -8.704475e-03 -2.980184e-02 -2.068100e-01 6.048135e-03 9.783624e-01 7.695443e-01
9.855535e-01 1.463987e-02 1.687306e-01 -2.469556e-02 -1.337852e-02 9.998734e-01 -8.610021e-03 -3.124490e-02 -1.688353e-01 6.228270e-03 9.856246e-01 1.370377e+00
9.908195e-01 1.542035e-02 1.343088e-01 3.025538e-02 -1.426512e-02 9.998526e-01 -9.559422e-03 -3.384258e-02 -1.344364e-01 7.555731e-03 9.908934e-01 1.994029e+00
9.945408e-01 1.509293e-02 1.032514e-01 7.606760e-02 -1.414398e-02 9.998508e-01 -9.916770e-03 -3.683576e-02 -1.033856e-01 8.402248e-03 9.946059e-01 2.633108e+00
9.970651e-01 1.314275e-02 7.542236e-02 1.077507e-01 -1.248504e-02 9.998799e-01 -9.185229e-03 -4.427028e-02 -7.553402e-02 8.216619e-03 9.971094e-01 3.307020e+00
9.986814e-01 1.266625e-02 4.974917e-02 1.320170e-01 -1.223870e-02 9.998856e-01 -8.889322e-03 -5.464996e-02 -4.985607e-02 8.268735e-03 9.987222e-01 4.006964e+00
9.995668e-01 1.299066e-02 2.640909e-02 1.280256e-01 -1.275113e-02 9.998762e-01 -9.218231e-03 -7.052894e-02 -2.652557e-02 8.877491e-03 9.996087e-01 4.724832e+00
9.998711e-01 1.507082e-02 5.540138e-03 1.202720e-01 -1.502621e-02 9.998550e-01 -8.008059e-03 -7.744854e-02 -5.660023e-03 7.923779e-03 9.999526e-01 5.455868e+00
9.997707e-01 1.721011e-02 -1.274065e-02 9.477922e-02 -1.727647e-02 9.998377e-01 -5.117354e-03 -8.577510e-02 1.265051e-02 5.336294e-03 9.999057e-01 6.213271e+00
9.994677e-01 1.826436e-02 -2.703247e-02 7.150866e-02 -1.832482e-02 9.998301e-01 -1.990577e-03 -9.732027e-02 2.699152e-02 2.484882e-03 9.996326e-01 6.976079e+00
9.990881e-01 1.087169e-02 -4.128820e-02 1.587664e-02 -1.075566e-02 9.999376e-01 3.031314e-03 -9.889816e-02 4.131858e-02 -2.584468e-03 9.991427e-01 7.785737e+00
9.988275e-01 1.543399e-02 -4.588571e-02 -3.789259e-02 -1.542551e-02 9.998809e-01 5.387901e-04 -1.003115e-01 4.588856e-02 1.696522e-04 9.989466e-01 8.595982e+00
9.987445e-01 1.553329e-02 -4.762576e-02 -8.158839e-02 -1.557797e-02 9.998785e-01 -5.670818e-04 -1.037619e-01 4.761116e-02 1.308282e-03 9.988651e-01 9.418416e+00
9.987149e-01 1.380271e-02 -4.876478e-02 -1.264297e-01 -1.386314e-02 9.999035e-01 -9.012805e-04 -1.076538e-01 4.874764e-02 1.576155e-03 9.988099e-01 1.027746e+01
9.987467e-01 1.218314e-02 -4.854511e-02 -1.812189e-01 -1.214847e-02 9.999257e-01 1.009117e-03 -1.084520e-01 4.855379e-02 -4.181032e-04 9.988205e-01 1.114295e+01
9.986907e-01 1.438391e-02 -4.909094e-02 -2.430371e-01 -1.438004e-02 9.998965e-01 4.321348e-04 -1.159385e-01 4.909208e-02 2.743606e-04 9.987942e-01 1.202931e+01
9.986484e-01 1.583178e-02 -4.950547e-02 -3.225608e-01 -1.597322e-02 9.998694e-01 -2.462630e-03 -1.196907e-01 4.946002e-02 3.250063e-03 9.987708e-01 1.295258e+01
9.985831e-01 1.873978e-02 -4.980507e-02 -4.042567e-01 -1.898294e-02 9.998101e-01 -4.413519e-03 -1.244487e-01 4.971290e-02 5.352712e-03 9.987492e-01 1.389467e+01
9.984704e-01 2.197779e-02 -5.073321e-02 -4.511666e-01 -2.226723e-02 9.997388e-01 -5.147040e-03 -1.234357e-01 5.060683e-02 6.268856e-03 9.986990e-01 1.480966e+01
9.984089e-01 2.340091e-02 -5.130301e-02 -5.213410e-01 -2.359278e-02 9.997167e-01 -3.137335e-03 -1.458827e-01 5.121506e-02 4.342724e-03 9.986782e-01 1.576970e+01
9.981683e-01 1.805422e-02 -5.774176e-02 -5.858640e-01 -1.769667e-02 9.998210e-01 6.697665e-03 -1.576804e-01 5.785235e-02 -5.663560e-03 9.983091e-01 1.674858e+01
9.980000e-01 1.820327e-02 -6.053650e-02 -6.178387e-01 -1.773590e-02 9.998087e-01 8.249009e-03 -1.660106e-01 6.067508e-02 -7.158842e-03 9.981319e-01 1.764525e+01
9.977848e-01 1.619854e-02 -6.452138e-02 -6.598577e-01 -1.576322e-02 9.998495e-01 7.250357e-03 -1.635957e-01 6.462911e-02 -6.217232e-03 9.978900e-01 1.859004e+01
9.975115e-01 1.659617e-02 -6.852281e-02 -7.443219e-01 -1.624517e-02 9.998519e-01 5.676483e-03 -1.741913e-01 6.860687e-02 -4.549192e-03 9.976334e-01 1.958233e+01
9.972447e-01 1.514182e-02 -7.261989e-02 -8.220331e-01 -1.474268e-02 9.998731e-01 6.029204e-03 -1.729052e-01 7.270197e-02 -4.941980e-03 9.973415e-01 2.057089e+01
9.969305e-01 1.647371e-02 -7.653917e-02 -9.069147e-01 -1.587364e-02 9.998384e-01 8.441882e-03 -1.770756e-01 7.666587e-02 -7.201015e-03 9.970308e-01 2.157893e+01
9.966589e-01 1.574184e-02 -8.014477e-02 -1.011672e+00 -1.480619e-02 9.998153e-01 1.225538e-02 -1.767613e-01 8.032289e-02 -1.102779e-02 9.967079e-01 2.262371e+01
9.963250e-01 1.815626e-02 -8.370707e-02 -1.113562e+00 -1.684036e-02 9.997237e-01 1.639974e-02 -1.890556e-01 8.398170e-02 -1.492981e-02 9.963554e-01 2.366222e+01
9.960537e-01 1.875992e-02 -8.674687e-02 -1.215935e+00 -1.723736e-02 9.996845e-01 1.826771e-02 -1.850981e-01 8.706220e-02 -1.670033e-02 9.960629e-01 2.471245e+01
9.957948e-01 2.128034e-02 -8.910559e-02 -1.304539e+00 -2.005159e-02 9.996914e-01 1.466243e-02 -1.858667e-01 8.939011e-02 -1.281407e-02 9.959143e-01 2.573040e+01
9.966833e-01 1.734461e-02 -7.950864e-02 -1.443571e+00 -1.665192e-02 9.998175e-01 9.367056e-03 -1.724705e-01 7.965659e-02 -8.012016e-03 9.967902e-01 2.686018e+01
9.965808e-01 1.652947e-02 -8.095417e-02 -1.541287e+00 -1.599257e-02 9.998456e-01 7.276136e-03 -1.701042e-01 8.106194e-02 -5.956593e-03 9.966913e-01 2.792883e+01
9.964472e-01 1.780997e-02 -8.231542e-02 -1.635965e+00 -1.687977e-02 9.997857e-01 1.198259e-02 -1.784220e-01 8.251120e-02 -1.055055e-02 9.965343e-01 2.899758e+01
9.963408e-01 1.684098e-02 -8.379370e-02 -1.731277e+00 -1.538414e-02 9.997196e-01 1.800148e-02 -1.686493e-01 8.407336e-02 -1.664651e-02 9.963205e-01 3.009346e+01
9.962767e-01 1.161607e-02 -8.542692e-02 -1.819112e+00 -1.004875e-02 9.997736e-01 1.875409e-02 -1.662994e-01 8.562543e-02 -1.782583e-02 9.961679e-01 3.117855e+01
9.961977e-01 1.010688e-02 -8.653268e-02 -1.924737e+00 -8.773430e-03 9.998371e-01 1.577628e-02 -1.697418e-01 8.667803e-02 -1.495711e-02 9.961241e-01 3.228213e+01
9.961402e-01 1.204592e-02 -8.694641e-02 -2.061736e+00 -1.115775e-02 9.998806e-01 1.069390e-02 -1.721335e-01 8.706485e-02 -9.682496e-03 9.961556e-01 3.340807e+01
9.960976e-01 1.501020e-02 -8.697237e-02 -2.179045e+00 -1.424798e-02 9.998545e-01 9.378164e-03 -1.903361e-01 8.710048e-02 -8.102386e-03 9.961666e-01 3.451435e+01
9.961660e-01 1.987085e-02 -8.519612e-02 -2.294762e+00 -1.904157e-02 9.997632e-01 1.053541e-02 -1.907740e-01 8.538529e-02 -8.872749e-03 9.963085e-01 3.559392e+01
9.961789e-01 2.408576e-02 -8.394933e-02 -2.401954e+00 -2.314876e-02 9.996586e-01 1.211725e-02 -1.929802e-01 8.421252e-02 -1.012763e-02 9.963963e-01 3.670428e+01
9.956744e-01 2.348602e-02 -8.989387e-02 -2.493794e+00 -2.193415e-02 9.995935e-01 1.821260e-02 -1.994614e-01 9.028508e-02 -1.616207e-02 9.957848e-01 3.778094e+01
9.958145e-01 2.403656e-02 -8.818043e-02 -2.606272e+00 -2.230272e-02 9.995391e-01 2.059545e-02 -1.911823e-01 8.863483e-02 -1.854259e-02 9.958916e-01 3.889428e+01
9.957196e-01 3.214508e-02 -8.665558e-02 -2.724465e+00 -3.016759e-02 9.992559e-01 2.403430e-02 -1.914128e-01 8.736368e-02 -2.131723e-02 9.959484e-01 4.000831e+01
9.958361e-01 3.470260e-02 -8.429840e-02 -2.845292e+00 -3.279193e-02 9.991753e-01 2.394576e-02 -1.770957e-01 8.505985e-02 -2.108174e-02 9.961528e-01 4.114189e+01
9.959633e-01 3.643183e-02 -8.203511e-02 -2.950937e+00 -3.479725e-02 9.991681e-01 2.126825e-02 -1.643035e-01 8.274171e-02 -1.832780e-02 9.964025e-01 4.223971e+01
9.960265e-01 3.968722e-02 -7.972476e-02 -3.053968e+00 -3.839667e-02 9.991066e-01 1.765647e-02 -1.544177e-01 8.035427e-02 -1.452515e-02 9.966605e-01 4.335702e+01
9.961507e-01 4.035559e-02 -7.781508e-02 -3.154623e+00 -3.910608e-02 9.990815e-01 1.751563e-02 -1.546844e-01 7.845047e-02 -1.440516e-02 9.968139e-01 4.447858e+01
9.962570e-01 4.112632e-02 -7.603074e-02 -3.230522e+00 -3.976723e-02 9.990225e-01 1.930450e-02 -1.565299e-01 7.675034e-02 -1.620871e-02 9.969186e-01 4.559643e+01
9.964266e-01 4.123779e-02 -7.371229e-02 -3.332205e+00 -3.997075e-02 9.990280e-01 1.858287e-02 -1.460807e-01 7.440696e-02 -1.557014e-02 9.971064e-01 4.673724e+01
9.963911e-01 4.418861e-02 -7.247133e-02 -3.423716e+00 -4.329344e-02 9.989660e-01 1.387741e-02 -1.463805e-01 7.300961e-02 -1.068979e-02 9.972739e-01 4.786992e+01
9.964018e-01 4.167682e-02 -7.379983e-02 -3.497526e+00 -4.122090e-02 9.991205e-01 7.690924e-03 -1.458610e-01 7.405546e-02 -4.621155e-03 9.972434e-01 4.898631e+01
9.964563e-01 3.976290e-02 -7.412020e-02 -3.601061e+00 -3.920591e-02 9.991910e-01 8.955196e-03 -1.425942e-01 7.441633e-02 -6.017511e-03 9.972091e-01 5.015001e+01
9.965394e-01 3.771579e-02 -7.407218e-02 -3.691868e+00 -3.693822e-02 9.992474e-01 1.183993e-02 -1.470718e-01 7.446299e-02 -9.062858e-03 9.971826e-01 5.131489e+01
9.966653e-01 3.484748e-02 -7.378349e-02 -3.768410e+00 -3.396556e-02 9.993362e-01 1.317446e-02 -1.518071e-01 7.419361e-02 -1.062443e-02 9.971873e-01 5.244330e+01
9.968267e-01 3.085149e-02 -7.338058e-02 -3.849570e+00 -3.004777e-02 9.994760e-01 1.203183e-02 -1.584807e-01 7.371333e-02 -9.788730e-03 9.972314e-01 5.359664e+01
9.968587e-01 2.988688e-02 -7.334472e-02 -3.952198e+00 -2.910683e-02 9.995080e-01 1.168153e-02 -1.527937e-01 7.365776e-02 -9.510006e-03 9.972382e-01 5.477157e+01
9.970236e-01 2.657417e-02 -7.237182e-02 -4.045021e+00 -2.557523e-02 9.995649e-01 1.469487e-02 -1.570346e-01 7.273084e-02 -1.280020e-02 9.972695e-01 5.594745e+01
9.970492e-01 2.780389e-02 -7.155371e-02 -4.129250e+00 -2.638352e-02 9.994371e-01 2.071984e-02 -1.583146e-01 7.208953e-02 -1.877086e-02 9.972215e-01 5.711315e+01
9.971129e-01 2.816360e-02 -7.051704e-02 -4.216528e+00 -2.668849e-02 9.994066e-01 2.177418e-02 -1.540488e-01 7.108843e-02 -1.982932e-02 9.972729e-01 5.829704e+01
9.970024e-01 3.041226e-02 -7.114317e-02 -4.298618e+00 -2.937108e-02 9.994463e-01 1.563575e-02 -1.502292e-01 7.157929e-02 -1.349933e-02 9.973436e-01 5.946241e+01
9.981690e-01 3.242091e-02 -5.106411e-02 -4.380202e+00 -3.159965e-02 9.993593e-01 1.680915e-02 -1.556879e-01 5.157636e-02 -1.516476e-02 9.985539e-01 6.054766e+01
9.979745e-01 3.797521e-02 -5.103761e-02 -4.457624e+00 -3.735422e-02 9.992167e-01 1.306683e-02 -1.446380e-01 5.149385e-02 -1.113389e-02 9.986112e-01 6.172970e+01
9.979088e-01 4.071932e-02 -5.019869e-02 -4.540614e+00 -4.002832e-02 9.990905e-01 1.469491e-02 -1.458452e-01 5.075140e-02 -1.265481e-02 9.986311e-01 6.289988e+01
9.977969e-01 4.310713e-02 -5.042968e-02 -4.607300e+00 -4.234143e-02 9.989726e-01 1.615513e-02 -1.421483e-01 5.107426e-02 -1.398427e-02 9.985969e-01 6.406541e+01
9.977519e-01 4.355892e-02 -5.092828e-02 -4.661351e+00 -4.259045e-02 9.988934e-01 1.994989e-02 -1.400314e-01 5.174092e-02 -1.773598e-02 9.985030e-01 6.522560e+01
9.977391e-01 4.281489e-02 -5.180417e-02 -4.718749e+00 -4.172569e-02 9.988885e-01 2.192777e-02 -1.376834e-01 5.268542e-02 -1.971663e-02 9.984165e-01 6.640039e+01
9.977582e-01 4.227474e-02 -5.187908e-02 -4.781295e+00 -4.109911e-02 9.988781e-01 2.352281e-02 -1.261686e-01 5.281530e-02 -2.133789e-02 9.983763e-01 6.759297e+01
9.976438e-01 4.448642e-02 -5.222850e-02 -4.837536e+00 -4.311524e-02 9.987027e-01 2.709356e-02 -1.137527e-01 5.336604e-02 -2.477788e-02 9.982676e-01 6.877241e+01
9.975650e-01 4.630760e-02 -5.215146e-02 -4.914065e+00 -4.476741e-02 9.985371e-01 3.032436e-02 -1.019938e-01 5.347941e-02 -2.791583e-02 9.981787e-01 6.997931e+01
9.974564e-01 4.803756e-02 -5.266122e-02 -4.992121e+00 -4.675310e-02 9.985846e-01 2.535816e-02 -9.605450e-02 5.380483e-02 -2.283158e-02 9.982904e-01 7.117609e+01
9.980818e-01 4.717080e-02 -4.009594e-02 -5.072164e+00 -4.650263e-02 9.987660e-01 1.743725e-02 -8.201042e-02 4.086899e-02 -1.553924e-02 9.990437e-01 7.239071e+01
9.980488e-01 4.778074e-02 -4.019418e-02 -5.135718e+00 -4.728166e-02 9.987933e-01 1.327750e-02 -6.821417e-02 4.078008e-02 -1.135115e-02 9.991037e-01 7.356591e+01
9.982321e-01 4.399566e-02 -3.996435e-02 -5.204022e+00 -4.350691e-02 9.989683e-01 1.301855e-02 -6.747244e-02 4.049588e-02 -1.125681e-02 9.991163e-01 7.474868e+01
9.985277e-01 3.680197e-02 -3.984962e-02 -5.261657e+00 -3.644942e-02 9.992900e-01 9.537897e-03 -6.451600e-02 4.017234e-02 -8.071359e-03 9.991602e-01 7.592188e+01
9.984889e-01 3.815978e-02 -3.954492e-02 -5.322958e+00 -3.784946e-02 9.992467e-01 8.566845e-03 -6.640941e-02 3.984204e-02 -7.057146e-03 9.991811e-01 7.710685e+01
9.987364e-01 3.230313e-02 -3.849716e-02 -5.382780e+00 -3.178414e-02 9.993964e-01 1.401801e-02 -6.828037e-02 3.892675e-02 -1.277670e-02 9.991604e-01 7.828658e+01
9.988042e-01 3.102191e-02 -3.778569e-02 -5.437743e+00 -3.024329e-02 9.993218e-01 2.100646e-02 -6.453881e-02 3.841172e-02 -1.983858e-02 9.990650e-01 7.947221e+01
9.987579e-01 3.372159e-02 -3.668021e-02 -5.495266e+00 -3.281142e-02 9.991454e-01 2.513905e-02 -5.360070e-02 3.749659e-02 -2.390430e-02 9.990108e-01 8.064775e+01
9.986789e-01 3.606566e-02 -3.660239e-02 -5.533456e+00 -3.503857e-02 9.989845e-01 2.832477e-02 -4.304837e-02 3.758677e-02 -2.700486e-02 9.989284e-01 8.182435e+01
9.985397e-01 4.066076e-02 -3.557026e-02 -5.597996e+00 -3.959158e-02 9.987575e-01 3.026351e-02 -2.710326e-02 3.675660e-02 -2.881103e-02 9.989088e-01 8.298313e+01
9.982540e-01 4.438828e-02 -3.896837e-02 -5.653717e+00 -4.322232e-02 9.986068e-01 3.027017e-02 -9.815389e-03 4.025772e-02 -2.853302e-02 9.987818e-01 8.414429e+01
9.980777e-01 4.864767e-02 -3.839681e-02 -5.714372e+00 -4.775213e-02 9.985731e-01 2.390597e-02 5.634527e-03 3.950499e-02 -2.202648e-02 9.989766e-01 8.528251e+01
9.979177e-01 5.159307e-02 -3.870842e-02 -5.766217e+00 -5.090589e-02 9.985315e-01 1.853387e-02 1.840990e-02 3.960780e-02 -1.652480e-02 9.990787e-01 8.641271e+01
9.981213e-01 4.808357e-02 -3.797278e-02 -5.810576e+00 -4.739503e-02 9.986987e-01 1.882963e-02 2.222606e-02 3.882876e-02 -1.699453e-02 9.991014e-01 8.754426e+01
9.981854e-01 4.753299e-02 -3.696749e-02 -5.866940e+00 -4.667914e-02 9.986305e-01 2.362772e-02 3.465841e-02 3.803996e-02 -2.185923e-02 9.990371e-01 8.868655e+01
9.984391e-01 4.335917e-02 -3.520431e-02 -5.912941e+00 -4.233327e-02 9.986714e-01 2.938191e-02 4.917011e-02 3.643151e-02 -2.784574e-02 9.989481e-01 8.980810e+01
9.986316e-01 3.892305e-02 -3.492877e-02 -5.939092e+00 -3.777767e-02 9.987453e-01 3.287386e-02 5.299719e-02 3.616449e-02 -3.150935e-02 9.988490e-01 9.093934e+01
9.988371e-01 3.445776e-02 -3.372153e-02 -6.003294e+00 -3.339855e-02 9.989460e-01 3.148537e-02 7.487980e-02 3.477090e-02 -3.032250e-02 9.989352e-01 9.208953e+01
9.989464e-01 3.174366e-02 -3.314193e-02 -6.028906e+00 -3.079523e-02 9.991123e-01 2.874573e-02 8.756365e-02 3.402500e-02 -2.769483e-02 9.990372e-01 9.319837e+01
9.989913e-01 3.069894e-02 -3.277161e-02 -6.052919e+00 -2.991188e-02 9.992585e-01 2.424258e-02 9.285332e-02 3.349153e-02 -2.323787e-02 9.991688e-01 9.429223e+01
9.990600e-01 2.897306e-02 -3.224420e-02 -6.093561e+00 -2.833290e-02 9.993957e-01 2.013653e-02 1.060493e-01 3.280814e-02 -1.920403e-02 9.992772e-01 9.542490e+01
