1.000000e+00 0.000000e+00 0.000000e+00 0.000000e+00 0.000000e+00 1.000000e+00 0.000000e+00 0.000000e+00 0.000000e+00 0.000000e+00 1.000000e+00 0.000000e+00
9.990727e-01 -3.789937e-04 4.305241e-02 5.679810e-02 5.030366e-04 9.999958e-01 -2.870409e-03 -1.915047e-02 -4.305114e-02 2.889405e-03 9.990687e-01 1.039609e+00
9.961559e-01 -3.967389e-03 8.750779e-02 1.608537e-01 4.646839e-03 9.999606e-01 -7.562110e-03 -4.204542e-02 -8.747435e-02 7.939676e-03 9.961351e-01 2.052033e+00
9.911499e-01 -3.092668e-03 1.327111e-01 2.953935e-01 4.700854e-03 9.999193e-01 -1.180635e-02 -5.610211e-02 -1.326639e-01 1.232572e-02 9.910844e-01 3.085175e+00
9.840186e-01 -4.786774e-04 1.780648e-01 5.196832e-01 3.129460e-03 9.998884e-01 -1.460605e-02 -8.271624e-02 -1.780379e-01 1.492987e-02 9.839104e-01 4.199599e+00
9.746838e-01 -2.193046e-03 2.235770e-01 7.761693e-01 5.613369e-03 9.998767e-01 -1.466378e-02 -1.105513e-01 -2.235173e-01 1.554757e-02 9.745760e-01 5.264361e+00
9.632331e-01 -1.745778e-03 2.686614e-01 1.065796e+00 6.226823e-03 9.998553e-01 -1.582794e-02 -1.437263e-01 -2.685949e-01 1.691890e-02 9.631046e-01 6.328625e+00
9.500753e-01 -4.053006e-03 3.119943e-01 1.425093e+00 1.042612e-02 9.997696e-01 -1.876166e-02 -1.732654e-01 -3.118464e-01 2.107788e-02 9.498987e-01 7.356097e+00
9.350617e-01 -5.470537e-03 3.544428e-01 1.802222e+00 1.386384e-02 9.996803e-01 -2.114519e-02 -1.854551e-01 -3.542138e-01 2.468600e-02 9.348386e-01 8.411610e+00
9.180865e-01 -4.728382e-03 3.963518e-01 2.189114e+00 1.448493e-02 9.996612e-01 -2.162633e-02 -2.330226e-01 -3.961153e-01 2.559597e-02 9.178440e-01 9.280169e+00
8.985777e-01 -4.608298e-03 4.387902e-01 2.633446e+00 1.509915e-02 9.996774e-01 -2.042195e-02 -2.657309e-01 -4.385545e-01 2.497607e-02 8.983575e-01 1.022724e+01
8.768541e-01 -3.956415e-03 4.807402e-01 3.120892e+00 1.528625e-02 9.996900e-01 -1.965432e-02 -2.994434e-01 -4.805134e-01 2.458268e-02 8.766428e-01 1.112408e+01
8.531413e-01 -3.746049e-03 5.216665e-01 3.648734e+00 1.580389e-02 9.997008e-01 -1.866715e-02 -3.332868e-01 -5.214405e-01 2.417008e-02 8.529453e-01 1.199064e+01
8.276826e-01 -3.389772e-03 5.611863e-01 4.221645e+00 1.673543e-02 9.996861e-01 -1.864429e-02 -3.767320e-01 -5.609470e-01 2.482325e-02 8.274795e-01 1.283398e+01
8.003663e-01 -4.876611e-03 5.994914e-01 4.844490e+00 1.984311e-02 9.996345e-01 -1.836045e-02 -4.147989e-01 -5.991828e-01 2.659086e-02 8.001706e-01 1.368619e+01
7.718715e-01 -3.101581e-03 6.357710e-01 5.547989e+00 1.998566e-02 9.996123e-01 -1.938746e-02 -4.376075e-01 -6.354644e-01 2.767093e-02 7.716342e-01 1.452659e+01
7.413065e-01 -5.644592e-03 6.711430e-01 6.267000e+00 2.385427e-02 9.995544e-01 -1.794141e-02 -4.995768e-01 -6.707426e-01 2.930971e-02 7.411108e-01 1.531399e+01
7.091490e-01 -4.135321e-03 7.050465e-01 6.989184e+00 2.335192e-02 9.995719e-01 -1.762499e-02 -5.339421e-01 -7.046719e-01 2.896293e-02 7.089420e-01 1.604555e+01
6.749692e-01 -2.202431e-03 7.378426e-01 7.833984e+00 2.369657e-02 9.995444e-01 -1.869373e-02 -5.936538e-01 -7.374653e-01 3.010203e-02 6.747139e-01 1.683328e+01
6.394457e-01 -2.932730e-03 7.688306e-01 8.665387e+00 2.775225e-02 9.994291e-01 -1.926952e-02 -6.266490e-01 -7.683352e-01 3.365860e-02 6.391620e-01 1.752284e+01
6.028446e-01 -6.123464e-04 7.978584e-01 9.551545e+00 2.738626e-02 9.994263e-01 -1.992542e-02 -6.471499e-01 -7.973885e-01 3.386229e-02 6.025155e-01 1.820071e+01
5.647881e-01 9.408381e-04 8.252354e-01 1.042336e+01 2.993439e-02 9.993179e-01 -2.162629e-02 -6.740342e-01 -8.246929e-01 3.691719e-02 5.643747e-01 1.881647e+01
5.259395e-01 3.224349e-03 8.505159e-01 1.138753e+01 3.418096e-02 9.991048e-01 -2.492438e-02 -6.891666e-01 -8.498349e-01 4.218017e-02 5.253585e-01 1.943003e+01
4.869876e-01 4.786311e-03 8.733958e-01 1.239268e+01 3.550755e-02 9.990498e-01 -2.527319e-02 -7.039400e-01 -8.726868e-01 4.331987e-02 4.863549e-01 2.001067e+01
4.478325e-01 3.474861e-03 8.941107e-01 1.346793e+01 4.036769e-02 9.988942e-01 -2.410102e-02 -7.441620e-01 -8.932057e-01 4.688640e-02 4.471970e-01 2.063836e+01
4.108597e-01 3.313643e-03 9.116926e-01 1.457627e+01 4.447136e-02 9.987302e-01 -2.367128e-02 -7.506754e-01 -9.106133e-01 5.026978e-02 4.101906e-01 2.115701e+01
3.754922e-01 6.170425e-03 9.268050e-01 1.569274e+01 4.638357e-02 9.985997e-01 -2.544058e-02 -7.560662e-01 -9.256642e-01 5.254126e-02 3.746802e-01 2.165778e+01
3.423997e-01 5.356429e-03 9.395391e-01 1.680457e+01 4.676314e-02 9.986472e-01 -2.273547e-02 -8.064819e-01 -9.383899e-01 5.172042e-02 3.416860e-01 2.205747e+01
3.093030e-01 4.082286e-03 9.509548e-01 1.794757e+01 4.882387e-02 9.986038e-01 -2.016705e-02 -8.246536e-01 -9.497094e-01 5.266702e-02 3.086718e-01 2.243168e+01
2.762973e-01 4.106683e-03 9.610634e-01 1.905527e+01 4.935849e-02 9.986106e-01 -1.845726e-02 -8.666015e-01 -9.598039e-01 5.253633e-02 2.757107e-01 2.276708e+01
2.437320e-01 7.329895e-03 9.698149e-01 2.016634e+01 4.701224e-02 9.987066e-01 -1.936329e-02 -8.775980e-01 -9.687025e-01 5.031263e-02 2.430722e-01 2.309243e+01
2.128350e-01 9.167362e-03 9.770451e-01 2.138080e+01 4.687719e-02 9.987087e-01 -1.958214e-02 -9.013654e-01 -9.759630e-01 4.996890e-02 2.121305e-01 2.338205e+01
1.819482e-01 9.411517e-03 9.832631e-01 2.249674e+01 4.872395e-02 9.986396e-01 -1.857483e-02 -9.322581e-01 -9.821002e-01 5.128811e-02 1.812421e-01 2.363490e+01
1.519033e-01 9.431293e-03 9.883504e-01 2.365869e+01 4.999535e-02 9.986011e-01 -1.721308e-02 -9.491829e-01 -9.871301e-01 5.202765e-02 1.512193e-01 2.376992e+01
1.213715e-01 8.970614e-03 9.925666e-01 2.489354e+01 4.834635e-02 9.987189e-01 -1.493803e-02 -9.612432e-01 -9.914291e-01 4.980002e-02 1.207823e-01 2.394023e+01
9.198646e-02 8.579609e-03 9.957233e-01 2.611111e+01 4.895487e-02 9.987147e-01 -1.312791e-02 -9.938799e-01 -9.945561e-01 4.995310e-02 9.144822e-02 2.406643e+01
6.498274e-02 8.688401e-03 9.978486e-01 2.732765e+01 5.166420e-02 9.985917e-01 -1.205939e-02 -1.015528e+00 -9.965481e-01 5.233670e-02 6.444235e-02 2.415276e+01
4.135172e-02 9.151066e-03 9.991027e-01 2.873021e+01 5.570581e-02 9.983816e-01 -1.145006e-02 -1.036430e+00 -9.975905e-01 5.612931e-02 4.077503e-02 2.403576e+01
1.826856e-02 9.758677e-03 9.997855e-01 3.001629e+01 5.960171e-02 9.981635e-01 -1.083192e-02 -1.041779e+00 -9.980551e-01 5.978681e-02 1.765337e-02 2.408755e+01
-1.815972e-03 9.668618e-03 9.999516e-01 3.134214e+01 6.509890e-02 9.978333e-01 -9.529913e-03 -1.059104e+00 -9.978772e-01 6.507844e-02 -2.441454e-03 2.405977e+01
-1.959225e-02 8.906729e-03 9.997684e-01 3.264630e+01 6.893930e-02 9.975924e-01 -7.536354e-03 -1.073012e+00 -9.974285e-01 6.877568e-02 -2.015911e-02 2.403845e+01
-3.521494e-02 8.838674e-03 9.993407e-01 3.393140e+01 7.164844e-02 9.974101e-01 -6.296839e-03 -1.087756e+00 -9.968081e-01 7.137945e-02 -3.575701e-02 2.398870e+01
-4.988083e-02 8.091989e-03 9.987224e-01 3.518869e+01 7.342987e-02 9.972906e-01 -4.412960e-03 -1.097702e+00 -9.960522e-01 7.311594e-02 -5.033987e-02 2.393808e+01
-6.304204e-02 6.745233e-03 9.979881e-01 3.648593e+01 7.278067e-02 9.973457e-01 -2.143399e-03 -1.107565e+00 -9.953535e-01 7.249912e-02 -6.336563e-02 2.384858e+01
-7.519210e-02 6.669342e-03 9.971468e-01 3.775864e+01 7.263284e-02 9.973580e-01 -1.193712e-03 -1.130088e+00 -9.945203e-01 7.233584e-02 -7.547786e-02 2.375851e+01
-8.619929e-02 9.384949e-03 9.962337e-01 3.901328e+01 7.251289e-02 9.973626e-01 -3.121394e-03 -1.140720e+00 -9.936355e-01 7.197072e-02 -8.665248e-02 2.365333e+01
-9.653963e-02 1.280808e-02 9.952467e-01 4.030843e+01 7.202396e-02 9.973858e-01 -5.849236e-03 -1.136783e+00 -9.927198e-01 7.111692e-02 -9.720974e-02 2.353639e+01
-1.059076e-01 1.502593e-02 9.942624e-01 4.160303e+01 7.257996e-02 9.973356e-01 -7.341243e-03 -1.155514e+00 -9.917236e-01 7.138603e-02 -1.067160e-01 2.340760e+01
-1.130895e-01 1.579858e-02 9.934592e-01 4.287514e+01 7.230604e-02 9.973533e-01 -7.629620e-03 -1.173846e+00 -9.909504e-01 7.097027e-02 -1.139325e-01 2.326492e+01
-1.186628e-01 1.627303e-02 9.928013e-01 4.421083e+01 7.161424e-02 9.974020e-01 -7.788880e-03 -1.188209e+00 -9.903487e-01 7.017445e-02 -1.195199e-01 2.309082e+01
-1.234240e-01 1.755180e-02 9.921988e-01 4.560066e+01 7.199691e-02 9.973670e-01 -8.687216e-03 -1.202339e+00 -9.897388e-01 7.036303e-02 -1.243627e-01 2.287641e+01
-1.278011e-01 1.915842e-02 9.916148e-01 4.697951e+01 7.034331e-02 9.974706e-01 -1.020558e-02 -1.209046e+00 -9.893021e-01 6.844918e-02 -1.288255e-01 2.269180e+01
-1.315428e-01 2.003798e-02 9.911080e-01 4.842542e+01 6.961846e-02 9.975138e-01 -1.092752e-02 -1.209333e+00 -9.888629e-01 6.756197e-02 -1.326108e-01 2.245143e+01
-1.337143e-01 1.893632e-02 9.908390e-01 4.989540e+01 6.958460e-02 9.975291e-01 -9.673698e-03 -1.223332e+00 -9.885740e-01 6.765362e-02 -1.347016e-01 2.220025e+01
-1.359152e-01 1.691073e-02 9.905761e-01 5.129542e+01 7.039404e-02 9.974920e-01 -7.370157e-03 -1.243140e+00 -9.882164e-01 6.872894e-02 -1.367647e-01 2.200863e+01
-1.383537e-01 1.553128e-02 9.902611e-01 5.277387e+01 6.973208e-02 9.975483e-01 -5.903001e-03 -1.258650e+00 -9.879249e-01 6.823626e-02 -1.390976e-01 2.181394e+01
-1.402231e-01 1.622684e-02 9.899870e-01 5.424067e+01 7.291098e-02 9.973203e-01 -6.019830e-03 -1.275864e+00 -9.874318e-01 7.133681e-02 -1.410304e-01 2.160378e+01
-1.410145e-01 1.587401e-02 9.898803e-01 5.570212e+01 7.323605e-02 9.972991e-01 -5.560053e-03 -1.296546e+00 -9.872950e-01 7.171088e-02 -1.417962e-01 2.139511e+01
-1.417339e-01 1.709827e-02 9.897571e-01 5.719892e+01 7.487032e-02 9.971721e-01 -6.504878e-03 -1.313872e+00 -9.870694e-01 7.318147e-02 -1.426132e-01 2.118625e+01
-1.413122e-01 1.720468e-02 9.898156e-01 5.871816e+01 7.497044e-02 9.971637e-01 -6.629160e-03 -1.329691e+00 -9.871222e-01 7.327013e-02 -1.422012e-01 2.093933e+01
-1.405358e-01 1.835756e-02 9.899054e-01 6.026330e+01 7.481264e-02 9.971665e-01 -7.871154e-03 -1.358155e+00 -9.872450e-01 7.295126e-02 -1.415109e-01 2.070634e+01
-1.395390e-01 1.791162e-02 9.900546e-01 6.176023e+01 7.529039e-02 9.971340e-01 -7.428216e-03 -1.384249e+00 -9.873501e-01 7.350506e-02 -1.404877e-01 2.052243e+01
-1.380354e-01 1.673759e-02 9.902859e-01 6.332351e+01 7.426539e-02 9.972173e-01 -6.502934e-03 -1.403347e+00 -9.876390e-01 7.264633e-02 -1.388943e-01 2.028524e+01
-1.370686e-01 1.746431e-02 9.904076e-01 6.489116e+01 7.484198e-02 9.971692e-01 -7.225704e-03 -1.416987e+00 -9.877302e-01 7.313364e-02 -1.379877e-01 2.007982e+01
-1.356325e-01 1.807253e-02 9.905944e-01 6.650313e+01 7.515848e-02 9.971403e-01 -7.901231e-03 -1.438657e+00 -9.879044e-01 7.337990e-02 -1.366030e-01 1.984255e+01
-1.346395e-01 1.856193e-02 9.907208e-01 6.812221e+01 7.623190e-02 9.970554e-01 -8.320654e-03 -1.460498e+00 -9.879579e-01 7.440424e-02 -1.356580e-01 1.961904e+01
-1.331624e-01 1.846231e-02 9.909223e-01 6.987763e+01 7.606867e-02 9.970676e-01 -8.354525e-03 -1.476426e+00 -9.881707e-01 7.426563e-02 -1.341763e-01 1.936231e+01
-1.327045e-01 1.671143e-02 9.910148e-01 7.156961e+01 7.790100e-02 9.969407e-01 -6.379812e-03 -1.507893e+00 -9.880895e-01 7.635441e-02 -1.336004e-01 1.917153e+01
-1.318234e-01 1.466482e-02 9.911647e-01 7.321866e+01 8.038850e-02 9.967554e-01 -4.055992e-03 -1.537595e+00 -9.880082e-01 7.914357e-02 -1.325746e-01 1.895161e+01
-1.305342e-01 1.579872e-02 9.913179e-01 7.493699e+01 8.198708e-02 9.966204e-01 -5.087379e-03 -1.551944e+00 -9.880480e-01 8.061118e-02 -1.313884e-01 1.869387e+01
-1.295267e-01 1.762617e-02 9.914193e-01 7.663013e+01 8.387876e-02 9.964531e-01 -6.757093e-03 -1.564387e+00 -9.880219e-01 8.228380e-02 -1.305457e-01 1.845929e+01
-1.285992e-01 1.720257e-02 9.915474e-01 7.830219e+01 8.332629e-02 9.965012e-01 -6.481474e-03 -1.591406e+00 -9.881897e-01 8.178846e-02 -1.295827e-01 1.823346e+01
-1.284172e-01 1.691481e-02 9.915760e-01 8.004771e+01 8.444854e-02 9.964094e-01 -6.060483e-03 -1.637476e+00 -9.881181e-01 8.295887e-02 -1.293846e-01 1.802168e+01
-1.279710e-01 1.567329e-02 9.916541e-01 8.178101e+01 8.450563e-02 9.964112e-01 -4.843186e-03 -1.666400e+00 -9.881711e-01 8.318056e-02 -1.288363e-01 1.779373e+01
-1.273490e-01 1.572463e-02 9.917333e-01 8.356201e+01 8.630026e-02 9.962580e-01 -4.714512e-03 -1.699798e+00 -9.880964e-01 8.498646e-02 -1.282295e-01 1.754624e+01
-1.268603e-01 1.538066e-02 9.918013e-01 8.532267e+01 8.757516e-02 9.961489e-01 -4.246433e-03 -1.729546e+00 -9.880471e-01 8.631846e-02 -1.277187e-01 1.730987e+01
-1.262091e-01 1.627341e-02 9.918702e-01 8.719372e+01 8.809205e-02 9.960991e-01 -5.133643e-03 -1.757809e+00 -9.880845e-01 8.672797e-02 -1.271504e-01 1.702790e+01
-1.267793e-01 1.681809e-02 9.917884e-01 8.897304e+01 8.831504e-02 9.960768e-01 -5.601595e-03 -1.803227e+00 -9.879916e-01 8.687966e-02 -1.277672e-01 1.681971e+01
-1.270169e-01 1.711948e-02 9.917528e-01 9.082332e+01 8.814412e-02 9.960902e-01 -5.905458e-03 -1.849159e+00 -9.879764e-01 8.666709e-02 -1.280293e-01 1.652691e+01
-1.279560e-01 1.774058e-02 9.916212e-01 9.267306e+01 8.715484e-02 9.961731e-01 -6.575803e-03 -1.874482e+00 -9.879430e-01 8.558317e-02 -1.290125e-01 1.626894e+01
-1.286204e-01 1.687803e-02 9.915503e-01 9.451562e+01 8.583423e-02 9.962924e-01 -5.824635e-03 -1.895862e+00 -9.879723e-01 8.435978e-02 -1.295922e-01 1.601402e+01
-1.294924e-01 1.666699e-02 9.914403e-01 9.635721e+01 8.584286e-02 9.962933e-01 -5.536609e-03 -1.919466e+00 -9.878576e-01 8.439113e-02 -1.304431e-01 1.576917e+01
-1.295481e-01 1.567834e-02 9.914492e-01 9.822330e+01 8.364675e-02 9.964838e-01 -4.828224e-03 -1.947004e+00 -9.880387e-01 8.230602e-02 -1.304040e-01 1.552512e+01
-1.305440e-01 1.609387e-02 9.913119e-01 1.000085e+02 8.371637e-02 9.964763e-01 -5.153266e-03 -1.992895e+00 -9.879017e-01 8.231630e-02 -1.314313e-01 1.527166e+01
-1.328432e-01 1.684940e-02 9.909938e-01 1.017935e+02 8.265791e-02 9.965607e-01 -5.863715e-03 -2.014316e+00 -9.876843e-01 8.113453e-02 -1.337790e-01 1.502779e+01
-1.365865e-01 1.755524e-02 9.904726e-01 1.036870e+02 8.339702e-02 9.964974e-01 -6.161543e-03 -2.049559e+00 -9.871115e-01 8.176088e-02 -1.375722e-01 1.477550e+01
-1.405121e-01 1.639221e-02 9.899433e-01 1.055762e+02 8.085083e-02 9.967135e-01 -5.028388e-03 -2.069034e+00 -9.867723e-01 7.933118e-02 -1.413756e-01 1.448370e+01
-1.444434e-01 1.550670e-02 9.893916e-01 1.074892e+02 7.913491e-02 9.968556e-01 -4.070603e-03 -2.096638e+00 -9.863436e-01 7.770744e-02 -1.452164e-01 1.418198e+01
-1.484773e-01 1.614795e-02 9.887840e-01 1.094019e+02 7.781338e-02 9.969573e-01 -4.596857e-03 -2.122324e+00 -9.858497e-01 7.625810e-02 -1.492821e-01 1.389352e+01
-1.522801e-01 1.806017e-02 9.881724e-01 1.113013e+02 7.838765e-02 9.969040e-01 -6.139995e-03 -2.146509e+00 -9.852239e-01 7.652551e-02 -1.532243e-01 1.358883e+01
-1.563155e-01 1.974856e-02 9.875097e-01 1.132254e+02 7.823176e-02 9.969066e-01 -7.552971e-03 -2.180123e+00 -9.846041e-01 7.607398e-02 -1.573769e-01 1.328969e+01
-1.599456e-01 2.004771e-02 9.869222e-01 1.151790e+02 7.707562e-02 9.969950e-01 -7.761060e-03 -2.209772e+00 -9.841122e-01 7.482630e-02 -1.610102e-01 1.295715e+01
-1.644000e-01 1.966771e-02 9.861977e-01 1.171196e+02 7.497354e-02 9.971582e-01 -7.388136e-03 -2.238268e+00 -9.835403e-01 7.272412e-02 -1.654074e-01 1.262604e+01
-1.691458e-01 1.896099e-02 9.854086e-01 1.190971e+02 7.269310e-02 9.973318e-01 -6.712607e-03 -2.264551e+00 -9.829066e-01 7.049700e-02 -1.700728e-01 1.229123e+01
-1.733780e-01 1.875383e-02 9.846768e-01 1.210688e+02 7.189175e-02 9.973923e-01 -6.337592e-03 -2.284492e+00 -9.822279e-01 6.969134e-02 -1.742741e-01 1.190405e+01
-1.784788e-01 1.866485e-02 9.837667e-01 1.230595e+02 7.137719e-02 9.974315e-01 -5.974588e-03 -2.298390e+00 -9.813514e-01 6.915216e-02 -1.793526e-01 1.154686e+01
-1.824924e-01 2.019286e-02 9.829999e-01 1.250753e+02 7.133830e-02 9.974259e-01 -7.245349e-03 -2.317996e+00 -9.806158e-01 6.880332e-02 -1.834632e-01 1.113282e+01
-1.882225e-01 2.113053e-02 9.818991e-01 1.270240e+02 7.069477e-02 9.974666e-01 -7.913898e-03 -2.341757e+00 -9.795788e-01 6.792555e-02 -1.892395e-01 1.077370e+01
-1.938432e-01 2.153539e-02 9.807961e-01 1.289957e+02 7.083823e-02 9.974565e-01 -7.900832e-03 -2.353214e+00 -9.784717e-01 6.794634e-02 -1.948757e-01 1.039308e+01
-1.985639e-01 2.144544e-02 9.798533e-01 1.309718e+02 7.023246e-02 9.975017e-01 -7.599335e-03 -2.394571e+00 -9.775683e-01 6.730855e-02 -1.995740e-01 9.965756e+00
-2.032957e-01 2.227061e-02 9.788641e-01 1.329697e+02 6.967865e-02 9.975356e-01 -8.224185e-03 -2.424548e+00 -9.766349e-01 6.653399e-02 -2.043465e-01 9.532668e+00
-2.072090e-01 2.252280e-02 9.780374e-01 1.349798e+02 6.819382e-02 9.976357e-01 -8.526437e-03 -2.455122e+00 -9.759170e-01 6.492935e-02 -2.082550e-01 9.058420e+00
-2.103539e-01 2.202269e-02 9.773772e-01 1.370178e+02 6.915089e-02 9.975773e-01 -7.595002e-03 -2.484439e+00 -9.751766e-01 6.598887e-02 -2.113671e-01 8.553610e+00
-2.135651e-01 2.188908e-02 9.766836e-01 1.390619e+02 7.138721e-02 9.974259e-01 -6.744173e-03 -2.521957e+00 -9.743171e-01 6.828240e-02 -2.145780e-01 8.065207e+00
-2.165065e-01 2.245100e-02 9.760230e-01 1.411065e+02 7.182483e-02 9.973926e-01 -7.010001e-03 -2.548616e+00 -9.736355e-01 6.858497e-02 -2.175545e-01 7.595421e+00
-2.184768e-01 2.305404e-02 9.755698e-01 1.432231e+02 7.175616e-02 9.973940e-01 -7.500140e-03 -2.571694e+00 -9.732004e-01 6.836454e-02 -2.195617e-01 7.024639e+00
-2.214657e-01 2.313819e-02 9.748936e-01 1.452227e+02 7.069369e-02 9.974690e-01 -7.614575e-03 -2.595492e+00 -9.726024e-01 6.723246e-02 -2.225409e-01 6.563663e+00
-2.249978e-01 2.375096e-02 9.740697e-01 1.472354e+02 6.987500e-02 9.975222e-01 -8.182565e-03 -2.636360e+00 -9.718505e-01 6.622206e-02 -2.260999e-01 6.088226e+00
-2.290191e-01 2.464939e-02 9.731098e-01 1.492777e+02 6.883037e-02 9.975871e-01 -9.070342e-03 -2.669545e+00 -9.709854e-01 6.490222e-02 -2.301632e-01 5.600185e+00
-2.330042e-01 2.428448e-02 9.721725e-01 1.512621e+02 6.784083e-02 9.976586e-01 -8.661450e-03 -2.701608e+00 -9.701065e-01 6.393483e-02 -2.341061e-01 5.096062e+00
-2.372181e-01 2.493786e-02 9.711363e-01 1.533020e+02 6.792435e-02 9.976496e-01 -9.026915e-03 -2.739621e+00 -9.690789e-01 6.382245e-02 -2.383545e-01 4.585424e+00
-2.414613e-01 2.528574e-02 9.700810e-01 1.553592e+02 6.723797e-02 9.976939e-01 -9.269393e-03 -2.793360e+00 -9.680783e-01 6.298808e-02 -2.426046e-01 4.060595e+00
-2.451396e-01 2.537205e-02 9.691557e-01 1.573388e+02 6.641853e-02 9.977483e-01 -9.320595e-03 -2.828815e+00 -9.672100e-01 6.208505e-02 -2.462728e-01 3.517429e+00
-2.498353e-01 2.464421e-02 9.679747e-01 1.593354e+02 6.672446e-02 9.977379e-01 -8.180318e-03 -2.899348e+00 -9.659866e-01 6.254386e-02 -2.509145e-01 3.064476e+00
-2.536339e-01 2.499711e-02 9.669773e-01 1.614436e+02 6.753706e-02 9.976841e-01 -8.076236e-03 -2.942914e+00 -9.649397e-01 6.325839e-02 -2.547347e-01 2.500699e+00
-2.579241e-01 2.589813e-02 9.658180e-01 1.634603e+02 6.928988e-02 9.975625e-01 -8.245316e-03 -2.999595e+00 -9.636774e-01 6.479475e-02 -2.590899e-01 2.019266e+00
-2.617255e-01 2.734204e-02 9.647550e-01 1.654721e+02 6.994818e-02 9.975073e-01 -9.294236e-03 -3.041790e+00 -9.626043e-01 6.505032e-02 -2.629857e-01 1.521835e+00
-2.651953e-01 2.891264e-02 9.637611e-01 1.675170e+02 6.972786e-02 9.975083e-01 -1.073824e-02 -3.086022e+00 -9.616701e-01 6.435327e-02 -2.665505e-01 9.807731e-01
-2.685662e-01 3.029303e-02 9.627848e-01 1.695433e+02 7.077133e-02 9.974246e-01 -1.164146e-02 -3.123968e+00 -9.606579e-01 6.501105e-02 -2.700185e-01 4.323238e-01
-2.717454e-01 3.100478e-02 9.618696e-01 1.715149e+02 7.080929e-02 9.974159e-01 -1.214569e-02 -3.180693e+00 -9.597606e-01 6.480877e-02 -2.732386e-01 -1.143831e-01
-2.752962e-01 3.110671e-02 9.608561e-01 1.735621e+02 7.085503e-02 9.974146e-01 -1.198947e-02 -3.224930e+00 -9.587448e-01 6.478083e-02 -2.767886e-01 -6.716111e-01
-2.790687e-01 3.162766e-02 9.597502e-01 1.755807e+02 7.095070e-02 9.974047e-01 -1.223804e-02 -3.272461e+00 -9.576464e-01 6.467969e-02 -2.805884e-01 -1.242411e+00
-2.825799e-01 3.239370e-02 9.586966e-01 1.777185e+02 7.267987e-02 9.972798e-01 -1.227469e-02 -3.318036e+00 -9.564864e-01 6.620937e-02 -2.841656e-01 -1.865454e+00
-2.855699e-01 3.247580e-02 9.578075e-01 1.796849e+02 7.466108e-02 9.971421e-01 -1.154933e-02 -3.368015e+00 -9.554452e-01 6.821280e-02 -2.871784e-01 -2.451705e+00
-2.880394e-01 3.224101e-02 9.570757e-01 1.816530e+02 7.577865e-02 9.970664e-01 -1.078200e-02 -3.411648e+00 -9.546156e-01 6.942027e-02 -2.896376e-01 -3.033721e+00
-2.906736e-01 3.192621e-02 9.562895e-01 1.837735e+02 7.543452e-02 9.970969e-01 -1.035952e-02 -3.453753e+00 -9.538440e-01 6.912599e-02 -2.922381e-01 -3.670526e+00
-2.936402e-01 3.269541e-02 9.553567e-01 1.857821e+02 7.489915e-02 9.971293e-01 -1.110387e-02 -3.507574e+00 -9.529772e-01 6.829486e-02 -2.952461e-01 -4.246448e+00
-2.970308e-01 3.477622e-02 9.542344e-01 1.878263e+02 7.441891e-02 9.971400e-01 -1.317502e-02 -3.564146e+00 -9.519635e-01 6.709970e-02 -2.987693e-01 -4.820081e+00
-3.006118e-01 3.687928e-02 9.530333e-01 1.898947e+02 7.405173e-02 9.971381e-01 -1.522813e-02 -3.611673e+00 -9.508674e-01 6.599601e-02 -3.024824e-01 -5.411602e+00
-3.042788e-01 3.795394e-02 9.518266e-01 1.919179e+02 7.326790e-02 9.971784e-01 -1.634014e-02 -3.667755e+00 -9.497611e-01 6.476638e-02 -3.062011e-01 -5.995512e+00
-3.078128e-01 3.888473e-02 9.506520e-01 1.940475e+02 7.157580e-02 9.972796e-01 -1.761633e-02 -3.725939e+00 -9.487508e-01 6.262115e-02 -3.097587e-01 -6.648685e+00
-3.118624e-01 3.928287e-02 9.493149e-01 1.960530e+02 7.229461e-02 9.972295e-01 -1.751586e-02 -3.771942e+00 -9.473729e-01 6.316781e-02 -3.138383e-01 -7.272658e+00
-3.157924e-01 3.878722e-02 9.480352e-01 1.981321e+02 7.182272e-02 9.972746e-01 -1.687747e-02 -3.821357e+00 -9.461060e-01 6.276069e-02 -3.177176e-01 -7.912707e+00
-3.191154e-01 3.789175e-02 9.469580e-01 2.000558e+02 7.086752e-02 9.973570e-01 -1.602677e-02 -3.862532e+00 -9.450625e-01 6.199418e-02 -3.209573e-01 -8.601304e+00
-3.233097e-01 3.786368e-02 9.455354e-01 2.021830e+02 7.098389e-02 9.973544e-01 -1.566703e-02 -3.915471e+00 -9.436271e-01 6.205247e-02 -3.251421e-01 -9.267178e+00
-3.270531e-01 3.800517e-02 9.442414e-01 2.042422e+02 6.981469e-02 9.974322e-01 -1.596464e-02 -3.967941e+00 -9.424236e-01 6.070064e-02 -3.288666e-01 -9.967795e+00
-3.305741e-01 3.864392e-02 9.429885e-01 2.062975e+02 6.902232e-02 9.974757e-01 -1.668035e-02 -4.032017e+00 -9.412527e-01 5.957316e-02 -3.324069e-01 -1.067375e+01
-3.342816e-01 3.916385e-02 9.416592e-01 2.083873e+02 6.866781e-02 9.974929e-01 -1.710945e-02 -4.108083e+00 -9.399684e-01 5.894229e-02 -3.361328e-01 -1.135221e+01
-3.367346e-01 4.021581e-02 9.407404e-01 2.104922e+02 6.947941e-02 9.974251e-01 -1.776913e-02 -4.166888e+00 -9.390327e-01 5.937861e-02 -3.386617e-01 -1.209727e+01
-3.391400e-01 3.995812e-02 9.398869e-01 2.125154e+02 7.013297e-02 9.973911e-01 -1.709671e-02 -4.216853e+00 -9.381180e-01 6.011889e-02 -3.410576e-01 -1.283893e+01
-3.426528e-01 3.951516e-02 9.386307e-01 2.145924e+02 7.211164e-02 9.972736e-01 -1.565917e-02 -4.297313e+00 -9.366905e-01 6.232054e-02 -3.445681e-01 -1.344994e+01
-3.453927e-01 4.054435e-02 9.375820e-01 2.167694e+02 7.314781e-02 9.971899e-01 -1.617533e-02 -4.354428e+00 -9.356032e-01 6.299523e-02 -3.473879e-01 -1.419841e+01
-3.480718e-01 4.185138e-02 9.365332e-01 2.189384e+02 7.306851e-02 9.971750e-01 -1.740468e-02 -4.401536e+00 -9.346160e-01 6.237301e-02 -3.501466e-01 -1.494759e+01
-3.505434e-01 4.230800e-02 9.355904e-01 2.210436e+02 7.229382e-02 9.972208e-01 -1.800820e-02 -4.457326e+00 -9.337521e-01 6.132475e-02 -3.526277e-01 -1.572706e+01
-3.538037e-01 4.376030e-02 9.342954e-01 2.231436e+02 7.214430e-02 9.972058e-01 -1.938691e-02 -4.533543e+00 -9.325332e-01 6.054493e-02 -3.559722e-01 -1.644326e+01
-3.563000e-01 4.494053e-02 9.332902e-01 2.250742e+02 7.191368e-02 9.971989e-01 -2.056359e-02 -4.593755e+00 -9.316001e-01 5.978952e-02 -3.585338e-01 -1.722095e+01
-3.593685e-01 4.509222e-02 9.321057e-01 2.271544e+02 6.958127e-02 9.973463e-01 -2.142164e-02 -4.667913e+00 -9.305980e-01 5.715883e-02 -3.615524e-01 -1.792718e+01
-3.627636e-01 4.629023e-02 9.307308e-01 2.292873e+02 7.032480e-02 9.972773e-01 -2.219001e-02 -4.743700e+00 -9.292239e-01 5.740373e-02 -3.650313e-01 -1.866641e+01
-3.642643e-01 4.552057e-02 9.301825e-01 2.311125e+02 7.116892e-02 9.972446e-01 -2.093229e-02 -4.807006e+00 -9.285723e-01 5.857520e-02 -3.665002e-01 -1.950567e+01
-3.673519e-01 4.443613e-02 9.290199e-01 2.332257e+02 7.136880e-02 9.972598e-01 -1.947956e-02 -4.904743e+00 -9.273398e-01 5.914718e-02 -3.695166e-01 -2.026139e+01
-3.713042e-01 4.403415e-02 9.274666e-01 2.351318e+02 7.017804e-02 9.973486e-01 -1.925676e-02 -4.981327e+00 -9.258554e-01 5.793767e-02 -3.734099e-01 -2.091199e+01
-3.738078e-01 4.422348e-02 9.264513e-01 2.370537e+02 6.855821e-02 9.974476e-01 -1.995034e-02 -5.047037e+00 -9.249689e-01 5.605826e-02 -3.758855e-01 -2.171609e+01
-3.765918e-01 4.310261e-02 9.253760e-01 2.391109e+02 6.611049e-02 9.976205e-01 -1.956327e-02 -5.126263e+00 -9.240173e-01 5.380970e-02 -3.785453e-01 -2.263056e+01
-3.807181e-01 4.185960e-02 9.237432e-01 2.411277e+02 6.459760e-02 9.977382e-01 -1.858898e-02 -5.226046e+00 -9.224320e-01 5.259443e-02 -3.825611e-01 -2.339770e+01
-3.845533e-01 4.186821e-02 9.221528e-01 2.432105e+02 6.361249e-02 9.977980e-01 -1.877523e-02 -5.316685e+00 -9.209084e-01 5.144036e-02 -3.863698e-01 -2.420853e+01
-3.878037e-01 4.071163e-02 9.208425e-01 2.451992e+02 6.229744e-02 9.978974e-01 -1.788238e-02 -5.419033e+00 -9.196344e-01 5.043128e-02 -3.895245e-01 -2.510132e+01
-3.906901e-01 3.944952e-02 9.196766e-01 2.470639e+02 6.007027e-02 9.980444e-01 -1.729250e-02 -5.503569e+00 -9.185602e-01 4.848921e-02 -3.922958e-01 -2.601169e+01
-3.941382e-01 3.909972e-02 9.182191e-01 2.490948e+02 5.877776e-02 9.981217e-01 -1.727226e-02 -5.589157e+00 -9.171697e-01 4.716321e-02 -3.956961e-01 -2.690512e+01
-3.971353e-01 3.961138e-02 9.169048e-01 2.511157e+02 5.825525e-02 9.981414e-01 -1.788903e-02 -5.656348e+00 -9.159093e-01 4.631016e-02 -3.987048e-01 -2.784732e+01
-4.004060e-01 4.024399e-02 9.154537e-01 2.532081e+02 5.858299e-02 9.981156e-01 -1.825453e-02 -5.712096e+00 -9.144633e-01 4.632079e-02 -4.020091e-01 -2.874840e+01
-4.033908e-01 4.013446e-02 9.141472e-01 2.552646e+02 5.795451e-02 9.981524e-01 -1.824869e-02 -5.756102e+00 -9.131906e-01 4.561760e-02 -4.049715e-01 -2.972839e+01
-4.068580e-01 4.022999e-02 9.126051e-01 2.572816e+02 5.648933e-02 9.982258e-01 -1.882027e-02 -5.830883e+00 -9.117431e-01 4.389528e-02 -4.084087e-01 -3.061895e+01
-4.108911e-01 4.022158e-02 9.107968e-01 2.593898e+02 5.700690e-02 9.982049e-01 -1.836386e-02 -5.923695e+00 -9.099004e-01 4.437615e-02 -4.124464e-01 -3.150314e+01
-4.147649e-01 4.042171e-02 9.090303e-01 2.615201e+02 5.780871e-02 9.981652e-01 -1.800877e-02 -6.025348e+00 -9.080904e-01 4.508047e-02 -4.163407e-01 -3.237863e+01
-4.179929e-01 4.111594e-02 9.075194e-01 2.634968e+02 5.881613e-02 9.981042e-01 -1.812993e-02 -6.106937e+00 -9.065443e-01 4.579859e-02 -4.196188e-01 -3.329751e+01
-4.211932e-01 4.329865e-02 9.059368e-01 2.656110e+02 6.110031e-02 9.979452e-01 -1.928903e-02 -6.171554e+00 -9.049105e-01 4.722861e-02 -4.229733e-01 -3.425262e+01
-4.239599e-01 4.409800e-02 9.046068e-01 2.676446e+02 6.229006e-02 9.978685e-01 -1.945102e-02 -6.238429e+00 -9.035364e-01 4.810155e-02 -4.258031e-01 -3.518731e+01
-4.274960e-01 4.611864e-02 9.028401e-01 2.697246e+02 6.386829e-02 9.977431e-01 -2.072474e-02 -6.316380e+00 -9.017583e-01 4.880311e-02 -4.294767e-01 -3.607040e+01
-4.301493e-01 4.777322e-02 9.014928e-01 2.716711e+02 6.537979e-02 9.976251e-01 -2.167149e-02 -6.426179e+00 -9.003872e-01 4.961744e-02 -4.322512e-01 -3.698357e+01
-4.330911e-01 4.848747e-02 9.000450e-01 2.737423e+02 6.662383e-02 9.975426e-01 -2.168128e-02 -6.502890e+00 -8.988845e-01 5.057448e-02 -4.352572e-01 -3.793815e+01
-4.365890e-01 4.924684e-02 8.983122e-01 2.758607e+02 6.668271e-02 9.975255e-01 -2.227738e-02 -6.584116e+00 -8.971864e-01 5.017583e-02 -4.387926e-01 -3.891144e+01
-4.398344e-01 4.925207e-02 8.967274e-01 2.780780e+02 6.580225e-02 9.975786e-01 -2.251601e-02 -6.666911e+00 -8.956650e-01 4.910336e-02 -4.420102e-01 -3.996619e+01
-4.441452e-01 5.072749e-02 8.945176e-01 2.802842e+02 6.759773e-02 9.974475e-01 -2.300100e-02 -6.775190e+00 -8.934011e-01 5.025158e-02 -4.464406e-01 -4.093809e+01
-4.471082e-01 5.112777e-02 8.930175e-01 2.823940e+02 6.630374e-02 9.975129e-01 -2.391405e-02 -6.829792e+00 -8.920191e-01 4.851823e-02 -4.493862e-01 -4.199477e+01
-4.497094e-01 5.081352e-02 8.917283e-01 2.844252e+02 6.508212e-02 9.975907e-01 -2.402420e-02 -6.931821e+00 -8.908006e-01 4.723167e-02 -4.519330e-01 -4.300345e+01
-4.523518e-01 5.122898e-02 8.903670e-01 2.865235e+02 6.676135e-02 9.974928e-01 -2.347451e-02 -7.022822e+00 -8.893373e-01 4.882336e-02 -4.546378e-01 -4.404165e+01
-4.539164e-01 5.140903e-02 8.895600e-01 2.886487e+02 6.875090e-02 9.973788e-01 -2.255848e-02 -7.107327e+00 -8.883880e-01 5.091839e-02 -4.562610e-01 -4.513436e+01
-4.559643e-01 5.179219e-02 8.884898e-01 2.907971e+02 7.019040e-02 9.972885e-01 -2.211329e-02 -7.182438e+00 -8.872259e-01 5.228058e-02 -4.583633e-01 -4.621120e+01
-4.584979e-01 5.185775e-02 8.871812e-01 2.929324e+02 7.086789e-02 9.972504e-01 -2.166680e-02 -7.267994e+00 -8.858653e-01 5.293847e-02 -4.609123e-01 -4.722277e+01
-4.606144e-01 5.098546e-02 8.861348e-01 2.951124e+02 7.107757e-02 9.972615e-01 -2.043310e-02 -7.367635e+00 -8.847499e-01 5.357252e-02 -4.629769e-01 -4.833551e+01
-4.629989e-01 5.151875e-02 8.848603e-01 2.973025e+02 7.316885e-02 9.971236e-01 -1.976975e-02 -7.443213e+00 -8.833336e-01 5.559084e-02 -4.654367e-01 -4.944194e+01
-4.660032e-01 5.173124e-02 8.832695e-01 2.994650e+02 7.403476e-02 9.970682e-01 -1.933628e-02 -7.516346e+00 -8.816802e-01 5.638188e-02 -4.684668e-01 -5.048068e+01
-4.679952e-01 5.250377e-02 8.821700e-01 3.016949e+02 7.338413e-02 9.970948e-01 -2.041310e-02 -7.584857e+00 -8.806789e-01 5.518404e-02 -4.704885e-01 -5.165041e+01
-4.704979e-01 5.472407e-02 8.807025e-01 3.039042e+02 7.338939e-02 9.970439e-01 -2.274633e-02 -7.682312e+00 -8.793439e-01 5.393212e-02 -4.731233e-01 -5.278912e+01
-4.743962e-01 5.426901e-02 8.786371e-01 3.060917e+02 7.200311e-02 9.971458e-01 -2.271258e-02 -7.766817e+00 -8.773618e-01 5.248984e-02 -4.769497e-01 -5.390061e+01
-4.794644e-01 5.256234e-02 8.759858e-01 3.082767e+02 6.991756e-02 9.973195e-01 -2.157393e-02 -7.834895e+00 -8.747716e-01 5.090285e-02 -4.818542e-01 -5.502747e+01
-4.844345e-01 5.064234e-02 8.733605e-01 3.105051e+02 6.900301e-02 9.974246e-01 -1.956178e-02 -7.927291e+00 -8.721020e-01 5.078810e-02 -4.866813e-01 -5.621014e+01
-4.892430e-01 4.916313e-02 8.707607e-01 3.127926e+02 6.703735e-02 9.975760e-01 -1.865772e-02 -7.983799e+00 -8.695673e-01 4.924533e-02 -4.913529e-01 -5.747773e+01
-4.933593e-01 4.927617e-02 8.684287e-01 3.150732e+02 6.704126e-02 9.975783e-01 -1.851783e-02 -8.033397e+00 -8.672382e-01 4.908461e-02 -4.954681e-01 -5.878588e+01
-4.976470e-01 5.112229e-02 8.658718e-01 3.173837e+02 7.036987e-02 9.973505e-01 -1.844094e-02 -8.106455e+00 -8.645204e-01 5.175421e-02 -4.999260e-01 -6.006105e+01
-5.017087e-01 5.268413e-02 8.634308e-01 3.196475e+02 7.267406e-02 9.971820e-01 -1.861696e-02 -8.184110e+00 -8.619784e-01 5.340872e-02 -5.041237e-01 -6.132987e+01
-5.053457e-01 5.289563e-02 8.612943e-01 3.219625e+02 7.307228e-02 9.971575e-01 -1.836598e-02 -8.245618e+00 -8.598175e-01 5.365556e-02 -5.077744e-01 -6.269055e+01
-5.096237e-01 5.199902e-02 8.588247e-01 3.241975e+02 7.381843e-02 9.971340e-01 -1.656959e-02 -8.311860e+00 -8.572249e-01 5.495283e-02 -5.120016e-01 -6.396880e+01
-5.130159e-01 5.034015e-02 8.569017e-01 3.265200e+02 7.219281e-02 9.972723e-01 -1.536556e-02 -8.391006e+00 -8.553379e-01 5.397936e-02 -5.152508e-01 -6.538635e+01
-5.165674e-01 5.072476e-02 8.547427e-01 3.287542e+02 7.305607e-02 9.972146e-01 -1.502801e-02 -8.486029e+00 -8.531242e-01 5.468116e-02 -5.188343e-01 -6.671710e+01
-5.203385e-01 5.063058e-02 8.524579e-01 3.309774e+02 7.369791e-02 9.971789e-01 -1.424103e-02 -8.559014e+00 -8.507740e-01 5.541421e-02 -5.226019e-01 -6.806543e+01
-5.248722e-01 5.051466e-02 8.496808e-01 3.331330e+02 7.457165e-02 9.971281e-01 -1.321555e-02 -8.618708e+00 -8.479081e-01 5.642563e-02 -5.271318e-01 -6.933535e+01
-5.282169e-01 4.997507e-02 8.476375e-01 3.353509e+02 7.516574e-02 9.970995e-01 -1.194650e-02 -8.686781e+00 -8.457760e-01 5.740296e-02 -5.304412e-01 -7.074345e+01
-5.314372e-01 4.933383e-02 8.456599e-01 3.375396e+02 7.484763e-02 9.971328e-01 -1.113398e-02 -8.756325e+00 -8.437845e-01 5.737863e-02 -5.336060e-01 -7.211947e+01
-5.346838e-01 4.898303e-02 8.436314e-01 3.397771e+02 7.555214e-02 9.970916e-01 -1.000919e-02 -8.827835e+00 -8.416680e-01 5.838640e-02 -5.368295e-01 -7.351396e+01
-5.374319e-01 4.869440e-02 8.419001e-01 3.419854e+02 7.602981e-02 9.970637e-01 -9.134776e-03 -8.871767e+00 -8.398728e-01 5.910018e-02 -5.395561e-01 -7.490137e+01
-5.410021e-01 4.838345e-02 8.396284e-01 3.441344e+02 7.397613e-02 9.972119e-01 -9.798746e-03 -8.896657e+00 -8.377615e-01 5.681131e-02 -5.430729e-01 -7.618675e+01
-5.443197e-01 4.789753e-02 8.375093e-01 3.463207e+02 7.068023e-02 9.974372e-01 -1.110691e-02 -8.940087e+00 -8.358949e-01 5.314965e-02 -5.463101e-01 -7.751991e+01
-5.475825e-01 4.763686e-02 8.353946e-01 3.485169e+02 6.786163e-02 9.976176e-01 -1.240555e-02 -9.002258e+00 -8.339953e-01 4.989818e-02 -5.495106e-01 -7.891161e+01
-5.502018e-01 4.515201e-02 8.338101e-01 3.506385e+02 6.657877e-02 9.977301e-01 -1.009553e-02 -9.075253e+00 -8.323732e-01 4.995947e-02 -5.519591e-01 -8.029622e+01
-5.535780e-01 4.462305e-02 8.316010e-01 3.529553e+02 6.647360e-02 9.977450e-01 -9.288229e-03 -9.106687e+00 -8.301402e-01 5.013775e-02 -5.552959e-01 -8.180540e+01
-5.567054e-01 4.484265e-02 8.294988e-01 3.551811e+02 6.598266e-02 9.977740e-01 -9.656347e-03 -9.165322e+00 -8.280853e-01 4.935680e-02 -5.584251e-01 -8.326345e+01
-5.596751e-01 4.377720e-02 8.275551e-01 3.574174e+02 6.438108e-02 9.978825e-01 -9.246538e-03 -9.241004e+00 -8.262075e-01 4.810383e-02 -5.613084e-01 -8.475231e+01
-5.631088e-01 3.971161e-02 8.254281e-01 3.594518e+02 6.163462e-02 9.980809e-01 -5.970718e-03 -9.294911e+00 -8.240811e-01 4.751278e-02 -5.644758e-01 -8.613004e+01
-5.663764e-01 3.715949e-02 8.233085e-01 3.616653e+02 5.869048e-02 9.982653e-01 -4.681269e-03 -9.343135e+00 -8.220542e-01 4.566901e-02 -5.675748e-01 -8.760370e+01
-5.689981e-01 3.725188e-02 8.214947e-01 3.635606e+02 5.778383e-02 9.983153e-01 -5.246820e-03 -9.294101e+00 -8.203062e-01 4.448368e-02 -5.701921e-01 -8.903137e+01
-5.715961e-01 3.736276e-02 8.196840e-01 3.656683e+02 5.728407e-02 9.983424e-01 -5.560044e-03 -9.342305e+00 -8.185331e-01 4.377674e-02 -5.727889e-01 -9.050001e+01
-5.742389e-01 3.679008e-02 8.178607e-01 3.678483e+02 5.659833e-02 9.983836e-01 -5.171596e-03 -9.391172e+00 -8.167290e-01 4.331982e-02 -5.753930e-01 -9.201098e+01
-5.768851e-01 3.609704e-02 8.160273e-01 3.700202e+02 5.564893e-02 9.984387e-01 -4.825388e-03 -9.432069e+00 -8.149275e-01 4.262735e-02 -5.779932e-01 -9.354001e+01
-5.798090e-01 3.464494e-02 8.140155e-01 3.722733e+02 5.211119e-02 9.986268e-01 -5.384209e-03 -9.478974e+00 -8.130842e-01 3.929750e-02 -5.808182e-01 -9.509136e+01
-5.829304e-01 3.120264e-02 8.119228e-01 3.744754e+02 4.186985e-02 9.990883e-01 -8.334514e-03 -9.532983e+00 -8.114426e-01 2.913664e-02 -5.837054e-01 -9.664370e+01
-5.858884e-01 3.395369e-02 8.096802e-01 3.766316e+02 3.419874e-02 9.992678e-01 -1.715762e-02 -9.615742e+00 -8.096699e-01 1.763759e-02 -5.866205e-01 -9.820543e+01
-5.885795e-01 4.341112e-02 8.072730e-01 3.786503e+02 4.409422e-02 9.987947e-01 -2.156129e-02 -9.703474e+00 -8.072360e-01 2.290554e-02 -5.897842e-01 -9.967754e+01
-5.889519e-01 4.432250e-02 8.069518e-01 3.806535e+02 5.125080e-02 9.985335e-01 -1.744001e-02 -9.762971e+00 -8.065414e-01 3.108560e-02 -5.903598e-01 -1.011862e+02
-5.910547e-01 3.455970e-02 8.058908e-01 3.827429e+02 5.005365e-02 9.987278e-01 -6.119045e-03 -9.816571e+00 -8.050770e-01 3.672108e-02 -5.920326e-01 -1.027561e+02
-5.936823e-01 2.330341e-02 8.043620e-01 3.849236e+02 4.309794e-02 9.990667e-01 2.865405e-03 -9.853592e+00 -8.035446e-01 3.636749e-02 -5.941326e-01 -1.043600e+02
-5.961641e-01 1.769784e-02 8.026675e-01 3.870348e+02 3.716710e-02 9.992935e-01 5.571861e-03 -9.853224e+00 -8.020019e-01 3.315457e-02 -5.964007e-01 -1.059405e+02
-5.982673e-01 1.719063e-02 8.011122e-01 3.891769e+02 3.593443e-02 9.993396e-01 5.391394e-03 -9.876557e+00 -8.004905e-01 3.201300e-02 -5.984899e-01 -1.075150e+02
-5.989507e-01 2.215552e-02 8.004793e-01 3.913806e+02 4.081201e-02 9.991627e-01 2.882537e-03 -9.887893e+00 -7.997452e-01 3.439567e-02 -5.993534e-01 -1.093570e+02
-5.980300e-01 2.883466e-02 8.009548e-01 3.932540e+02 4.537650e-02 9.989678e-01 -2.082993e-03 -9.864151e+00 -8.001881e-01 3.509884e-02 -5.987212e-01 -1.113666e+02
-5.996751e-01 3.174548e-02 7.996136e-01 3.954432e+02 4.587560e-02 9.989333e-01 -5.253991e-03 -9.885911e+00 -7.989275e-01 3.353207e-02 -6.004918e-01 -1.130543e+02
-6.021887e-01 3.200232e-02 7.977121e-01 3.976032e+02 4.687729e-02 9.988897e-01 -4.685667e-03 -9.948449e+00 -7.969763e-01 3.457293e-02 -6.030203e-01 -1.146637e+02
-6.057705e-01 3.113404e-02 7.950301e-01 3.989835e+02 4.708986e-02 9.988854e-01 -3.237222e-03 -9.993474e+00 -7.942447e-01 3.547684e-02 -6.065614e-01 -1.156651e+02
-6.069274e-01 3.027379e-02 7.941805e-01 4.011916e+02 4.743956e-02 9.988724e-01 -1.822360e-03 -1.000548e+01 -7.933402e-01 3.656953e-02 -6.076793e-01 -1.174298e+02
-6.072619e-01 3.064820e-02 7.939104e-01 4.035167e+02 4.797204e-02 9.988469e-01 -1.865779e-03 -1.003846e+01 -7.930521e-01 3.695249e-02 -6.080320e-01 -1.192608e+02
-6.084402e-01 3.122789e-02 7.929851e-01 4.057971e+02 4.790007e-02 9.988488e-01 -2.582159e-03 -1.004404e+01 -7.921528e-01 3.641295e-02 -6.092356e-01 -1.209251e+02
-6.116820e-01 3.163298e-02 7.904710e-01 4.071305e+02 4.793451e-02 9.988463e-01 -2.879051e-03 -1.004258e+01 -7.896502e-01 3.612978e-02 -6.124926e-01 -1.218416e+02
-6.124380e-01 3.048514e-02 7.899306e-01 4.090433e+02 4.731491e-02 9.988783e-01 -1.865346e-03 -1.003637e+01 -7.891014e-01 3.623309e-02 -6.131934e-01 -1.233933e+02
-6.134662e-01 2.999131e-02 7.891513e-01 4.110598e+02 5.009399e-02 9.987440e-01 9.850192e-04 -1.010186e+01 -7.881306e-01 4.013601e-02 -6.141981e-01 -1.249023e+02
-6.155635e-01 2.914205e-02 7.875483e-01 4.128222e+02 5.129618e-02 9.986785e-01 3.139506e-03 -1.015019e+01 -7.864161e-01 4.233079e-02 -6.162449e-01 -1.261390e+02
-6.171145e-01 2.905867e-02 7.863366e-01 4.146315e+02 5.155629e-02 9.986638e-01 3.556112e-03 -1.028405e+01 -7.851825e-01 4.273513e-02 -6.177881e-01 -1.275163e+02
-6.188409e-01 2.972227e-02 7.849538e-01 4.165446e+02 4.752620e-02 9.988699e-01 -3.535511e-04 -1.029170e+01 -7.840773e-01 3.708708e-02 -6.195542e-01 -1.289444e+02
-6.208511e-01 2.915633e-02 7.833861e-01 4.184659e+02 4.458949e-02 9.990037e-01 -1.843081e-03 -1.034268e+01 -7.826593e-01 3.378651e-02 -6.215326e-01 -1.303854e+02
-6.231672e-01 2.891823e-02 7.815538e-01 4.203187e+02 4.493925e-02 9.989891e-01 -1.131502e-03 -1.038692e+01 -7.807964e-01 3.441733e-02 -6.238368e-01 -1.317476e+02
-6.243248e-01 2.759088e-02 7.806774e-01 4.224106e+02 4.177126e-02 9.991254e-01 -1.905934e-03 -1.041132e+01 -7.800472e-01 3.141996e-02 -6.249313e-01 -1.333722e+02
-6.255819e-01 2.662851e-02 7.797039e-01 4.244906e+02 3.838829e-02 9.992574e-01 -3.326537e-03 -1.044594e+01 -7.792134e-01 2.785048e-02 -6.261396e-01 -1.350190e+02
-6.264415e-01 2.605947e-02 7.790327e-01 4.265558e+02 3.735289e-02 9.992964e-01 -3.391046e-03 -1.049145e+01 -7.785730e-01 2.697484e-02 -6.269741e-01 -1.366321e+02
-6.267046e-01 2.427822e-02 7.788786e-01 4.286245e+02 3.784135e-02 9.992835e-01 -7.003335e-04 -1.053413e+01 -7.783376e-01 2.903492e-02 -6.271743e-01 -1.382845e+02
-6.268547e-01 2.242532e-02 7.788134e-01 4.307695e+02 4.041603e-02 9.991759e-01 3.759752e-03 -1.058184e+01 -7.780872e-01 3.383336e-02 -6.272444e-01 -1.400008e+02
-6.256187e-01 2.086867e-02 7.798498e-01 4.328436e+02 4.527731e-02 9.989284e-01 9.591619e-03 -1.061205e+01 -7.788140e-01 4.131020e-02 -6.258932e-01 -1.417181e+02
-6.244631e-01 1.927065e-02 7.808165e-01 4.349646e+02 4.818619e-02 9.987418e-01 1.388815e-02 -1.062076e+01 -7.795665e-01 4.629721e-02 -6.246060e-01 -1.434139e+02
-6.227814e-01 1.726633e-02 7.822053e-01 4.370541e+02 4.294079e-02 9.990039e-01 1.213696e-02 -1.063159e+01 -7.812166e-01 4.114719e-02 -6.229025e-01 -1.450689e+02
-6.220057e-01 1.672300e-02 7.828341e-01 4.391484e+02 3.604028e-02 9.993238e-01 7.288356e-03 -1.064264e+01 -7.821828e-01 3.274696e-02 -6.221878e-01 -1.467139e+02
-6.201615e-01 1.453893e-02 7.843395e-01 4.412461e+02 3.121191e-02 9.994939e-01 6.151481e-03 -1.066312e+01 -7.838530e-01 2.829564e-02 -6.203014e-01 -1.483509e+02
-6.165550e-01 1.466948e-02 7.871751e-01 4.433475e+02 3.045192e-02 9.995226e-01 5.224769e-03 -1.069144e+01 -7.867227e-01 2.719235e-02 -6.167074e-01 -1.500161e+02
-6.133284e-01 1.482848e-02 7.896888e-01 4.453755e+02 3.243462e-02 9.994532e-01 6.423675e-03 -1.072178e+01 -7.891617e-01 2.955308e-02 -6.134740e-01 -1.516226e+02
-6.086269e-01 1.438967e-02 7.933260e-01 4.474940e+02 3.292884e-02 9.994322e-01 7.134367e-03 -1.074934e+01 -7.927730e-01 3.046547e-02 -6.087552e-01 -1.532980e+02
-6.057977e-01 1.574636e-02 7.954629e-01 4.496046e+02 3.040448e-02 9.995320e-01 3.369074e-03 -1.075756e+01 -7.950376e-01 2.622662e-02 -6.059930e-01 -1.548943e+02
-6.031509e-01 1.160210e-02 7.975427e-01 4.517122e+02 2.277233e-02 9.997371e-01 2.678359e-03 -1.076542e+01 -7.973020e-01 1.977736e-02 -6.032565e-01 -1.565077e+02
-6.023016e-01 5.667457e-03 7.982485e-01 4.538224e+02 1.405296e-02 9.998951e-01 3.504248e-03 -1.078588e+01 -7.981449e-01 1.332837e-02 -6.023181e-01 -1.581008e+02
-6.021476e-01 2.708472e-03 7.983802e-01 4.559695e+02 7.333164e-03 9.999708e-01 2.138398e-03 -1.081211e+01 -7.983511e-01 7.142284e-03 -6.021499e-01 -1.596690e+02
-6.005830e-01 2.187836e-03 7.995594e-01 4.580631e+02 5.218716e-03 9.999857e-01 1.183736e-03 -1.083489e+01 -7.995454e-01 4.883606e-03 -6.005858e-01 -1.612449e+02
-6.004246e-01 2.662063e-03 7.996770e-01 4.601155e+02 7.682894e-03 9.999675e-01 2.439763e-03 -1.084927e+01 -7.996445e-01 7.608727e-03 -6.004255e-01 -1.627454e+02
-5.993538e-01 1.161418e-03 8.004834e-01 4.624756e+02 8.854105e-03 9.999474e-01 5.178601e-03 -1.088650e+01 -8.004353e-01 1.019138e-02 -5.993325e-01 -1.643205e+02
-5.981857e-01 -1.168156e-03 8.013567e-01 4.647105e+02 6.289811e-03 9.999613e-01 6.152799e-03 -1.090125e+01 -8.013328e-01 8.720898e-03 -5.981552e-01 -1.658786e+02
-5.967139e-01 -7.397752e-04 8.024537e-01 4.669321e+02 3.908948e-03 9.999850e-01 3.828617e-03 -1.088858e+01 -8.024445e-01 5.421339e-03 -5.967021e-01 -1.675111e+02
-5.953842e-01 -1.847568e-05 8.034411e-01 4.691306e+02 1.443338e-03 9.999984e-01 1.092571e-03 -1.090763e+01 -8.034398e-01 1.810136e-03 -5.953832e-01 -1.690815e+02
-5.935150e-01 1.059978e-03 8.048222e-01 4.712211e+02 1.054203e-03 9.999993e-01 -5.396126e-04 -1.094414e+01 -8.048222e-01 5.281781e-04 -5.935157e-01 -1.706202e+02
-5.896540e-01 2.437791e-03 8.076523e-01 4.726026e+02 4.513185e-03 9.999898e-01 2.766686e-04 -1.084778e+01 -8.076433e-01 3.808223e-03 -5.896590e-01 -1.723077e+02
-5.854161e-01 2.968001e-03 8.107275e-01 4.740241e+02 6.404349e-03 9.999790e-01 9.636651e-04 -1.075236e+01 -8.107077e-01 5.756327e-03 -5.854229e-01 -1.740458e+02
-5.833861e-01 2.677903e-03 8.121905e-01 4.755464e+02 6.612735e-03 9.999771e-01 1.452782e-03 -1.086116e+01 -8.121680e-01 6.218334e-03 -5.833904e-01 -1.752554e+02
-5.825262e-01 1.086618e-03 8.128112e-01 4.771692e+02 4.765820e-03 9.999865e-01 2.078726e-03 -1.093569e+01 -8.127980e-01 5.084625e-03 -5.825235e-01 -1.761963e+02
-5.799514e-01 4.833286e-04 8.146510e-01 4.787744e+02 5.179072e-03 9.999818e-01 3.093705e-03 -1.099339e+01 -8.146346e-01 6.013334e-03 -5.799433e-01 -1.775861e+02
-5.769603e-01 -4.671039e-04 8.167721e-01 4.804020e+02 4.732917e-03 9.999811e-01 3.915168e-03 -1.104738e+01 -8.167585e-01 6.124611e-03 -5.769472e-01 -1.791078e+02
-5.760812e-01 -5.473339e-04 8.173923e-01 4.821981e+02 2.991794e-03 9.999917e-01 2.778159e-03 -1.112083e+01 -8.173870e-01 4.045914e-03 -5.760748e-01 -1.801856e+02
-5.753549e-01 6.254132e-04 8.179037e-01 4.840858e+02 2.819735e-03 9.999953e-01 1.218894e-03 -1.117290e+01 -8.178990e-01 3.007568e-03 -5.753539e-01 -1.812976e+02
-5.737676e-01 -6.587652e-04 8.190179e-01 4.858688e+02 2.053081e-03 9.999954e-01 2.242629e-03 -1.126611e+01 -8.190156e-01 2.968258e-03 -5.737636e-01 -1.826472e+02
-5.682244e-01 -2.749509e-03 8.228690e-01 4.874729e+02 1.518725e-03 9.999892e-01 4.390074e-03 -1.152318e+01 -8.228722e-01 3.744259e-03 -5.682141e-01 -1.848989e+02
-5.680211e-01 -3.987409e-03 8.230043e-01 4.888967e+02 5.651080e-04 9.999861e-01 5.234902e-03 -1.156702e+01 -8.230138e-01 3.438621e-03 -5.680110e-01 -1.858935e+02
-5.673973e-01 -4.921093e-03 8.234295e-01 4.908029e+02 -3.528836e-04 9.999835e-01 5.733080e-03 -1.163170e+01 -8.234441e-01 2.962359e-03 -5.673897e-01 -1.872672e+02
-5.663731e-01 -4.647060e-03 8.241358e-01 4.925817e+02 -3.241631e-06 9.999841e-01 5.636389e-03 -1.170450e+01 -8.241489e-01 3.189628e-03 -5.663642e-01 -1.885315e+02
-5.628326e-01 -4.106713e-03 8.265607e-01 4.942292e+02 5.316413e-04 9.999857e-01 5.330376e-03 -1.170870e+01 -8.265707e-01 3.439543e-03 -5.628223e-01 -1.904407e+02
-5.633242e-01 -6.225802e-03 8.262125e-01 4.959869e+02 3.251811e-04 9.999699e-01 7.756839e-03 -1.189369e+01 -8.262359e-01 4.638284e-03 -5.633052e-01 -1.913926e+02
-5.623359e-01 -8.607242e-03 8.268641e-01 4.979437e+02 -1.446384e-03 9.999545e-01 9.425366e-03 -1.193210e+01 -8.269077e-01 4.104258e-03 -5.623228e-01 -1.928088e+02
-5.608543e-01 -8.246587e-03 8.278734e-01 4.996176e+02 -1.813955e-03 9.999602e-01 8.731884e-03 -1.185355e+01 -8.279125e-01 3.395590e-03 -5.608470e-01 -1.942653e+02
-5.584797e-01 -8.314322e-03 8.294765e-01 5.015207e+02 -2.717414e-03 9.999627e-01 8.193592e-03 -1.183680e+01 -8.295138e-01 2.321924e-03 -5.584814e-01 -1.959782e+02
-5.546643e-01 -6.875540e-03 8.320458e-01 5.033554e+02 -2.395826e-03 9.999749e-01 6.666086e-03 -1.170004e+01 -8.320708e-01 1.704003e-03 -5.546669e-01 -1.979448e+02
-5.504809e-01 -5.983520e-03 8.348263e-01 5.051745e+02 -1.725832e-03 9.999803e-01 6.029236e-03 -1.164734e+01 -8.348460e-01 1.878209e-03 -5.504804e-01 -1.999340e+02
-5.487440e-01 -7.343169e-03 8.359582e-01 5.070238e+02 -2.807093e-03 9.999720e-01 6.941241e-03 -1.173875e+01 -8.359857e-01 1.462352e-03 -5.487492e-01 -2.013420e+02
-5.521345e-01 -7.313007e-03 8.337230e-01 5.089448e+02 -2.681031e-03 9.999719e-01 6.995743e-03 -1.183726e+01 -8.337508e-01 1.627353e-03 -5.521386e-01 -2.016271e+02
-5.545685e-01 -7.082508e-03 8.321079e-01 5.116540e+02 -3.576891e-03 9.999748e-01 6.127448e-03 -1.184753e+01 -8.321304e-01 4.217303e-04 -5.545799e-01 -2.022418e+02
-5.531484e-01 -7.757285e-03 8.330466e-01 5.136211e+02 -3.755255e-03 9.999697e-01 6.818150e-03 -1.186846e+01 -8.330743e-01 6.431461e-04 -5.531608e-01 -2.036560e+02
-5.518085e-01 -9.080939e-03 8.339214e-01 5.156114e+02 -4.205389e-03 9.999583e-01 8.106268e-03 -1.189148e+01 -8.339603e-01 9.661433e-04 -5.518237e-01 -2.050294e+02
-5.499458e-01 -1.032665e-02 8.351365e-01 5.177962e+02 -4.141741e-03 9.999450e-01 9.637170e-03 -1.189993e+01 -8.351901e-01 1.841002e-03 -5.499583e-01 -2.065240e+02
-5.487593e-01 -9.320178e-03 8.359285e-01 5.197787e+02 -3.612284e-03 9.999550e-01 8.777646e-03 -1.192298e+01 -8.359726e-01 1.797203e-03 -5.487682e-01 -2.078909e+02
-5.518658e-01 -8.460275e-03 8.338900e-01 5.229110e+02 -2.683329e-03 9.999614e-01 8.369342e-03 -1.195014e+01 -8.339286e-01 2.381153e-03 -5.518672e-01 -2.083713e+02
-5.501880e-01 -8.909585e-03 8.349933e-01 5.251669e+02 -2.846969e-03 9.999573e-01 8.793887e-03 -1.194790e+01 -8.350360e-01 2.461092e-03 -5.501899e-01 -2.098651e+02
-5.494911e-01 -9.815527e-03 8.354419e-01 5.268592e+02 -3.689534e-03 9.999497e-01 9.321614e-03 -1.200106e+01 -8.354914e-01 2.039753e-03 -5.494997e-01 -2.111197e+02
-5.490528e-01 -1.081670e-02 8.357177e-01 5.285343e+02 -4.478606e-03 9.999400e-01 9.999862e-03 -1.208698e+01 -8.357757e-01 1.747602e-03 -5.490683e-01 -2.123049e+02
-5.489694e-01 -1.097643e-02 8.357704e-01 5.301271e+02 -3.884452e-03 9.999365e-01 1.058101e-02 -1.222232e+01 -8.358334e-01 2.562139e-03 -5.489771e-01 -2.134661e+02
-5.487280e-01 -1.234767e-02 8.359097e-01 5.317317e+02 -4.850056e-03 9.999211e-01 1.158658e-02 -1.222878e+01 -8.359869e-01 2.303671e-03 -5.487446e-01 -2.146607e+02
-5.481929e-01 -1.463453e-02 8.362239e-01 5.334787e+02 -5.990734e-03 9.998900e-01 1.357153e-02 -1.227757e+01 -8.363305e-01 2.430223e-03 -5.482202e-01 -2.158598e+02
-5.475078e-01 -1.522364e-02 8.366621e-01 5.357091e+02 -7.068536e-03 9.998830e-01 1.356794e-02 -1.226332e+01 -8.367708e-01 1.514576e-03 -5.475513e-01 -2.173515e+02
-5.517424e-01 -1.579503e-02 8.338650e-01 5.377031e+02 -8.536189e-03 9.998752e-01 1.329145e-02 -1.263926e+01 -8.339709e-01 2.154294e-04 -5.518084e-01 -2.176811e+02
-5.519032e-01 -1.398602e-02 8.337909e-01 5.392788e+02 -9.561591e-03 9.998998e-01 1.044332e-02 -1.267244e+01 -8.338534e-01 -2.208667e-03 -5.519816e-01 -2.188014e+02
-5.550093e-01 -1.393791e-02 8.317273e-01 5.411034e+02 -9.015971e-03 9.999017e-01 1.073980e-02 -1.274369e+01 -8.317953e-01 -1.538138e-03 -5.550804e-01 -2.192461e+02
-5.577870e-01 -1.525405e-02 8.298440e-01 5.429544e+02 -7.913809e-03 9.998834e-01 1.306034e-02 -1.263026e+01 -8.299464e-01 7.176637e-04 -5.578427e-01 -2.197948e+02
-5.623503e-01 -1.621811e-02 8.267401e-01 5.450975e+02 -8.058973e-03 9.998677e-01 1.413261e-02 -1.260207e+01 -8.268599e-01 1.284802e-03 -5.624065e-01 -2.200325e+02
-5.663008e-01 -1.498036e-02 8.240625e-01 5.471221e+02 -7.483972e-03 9.998871e-01 1.303359e-02 -1.252687e+01 -8.241647e-01 1.213672e-03 -5.663490e-01 -2.203481e+02
-5.700153e-01 -1.444240e-02 8.215071e-01 5.489297e+02 -7.223287e-03 9.998949e-01 1.256653e-02 -1.254430e+01 -8.216023e-01 1.229136e-03 -5.700598e-01 -2.207373e+02
-5.747726e-01 -1.417663e-02 8.181904e-01 5.509224e+02 -6.481539e-03 9.998974e-01 1.277181e-02 -1.266128e+01 -8.182875e-01 2.037751e-03 -5.748055e-01 -2.209565e+02
-5.778867e-01 -1.467533e-02 8.159850e-01 5.528129e+02 -5.224798e-03 9.998843e-01 1.428248e-02 -1.273029e+01 -8.161002e-01 3.990297e-03 -5.778966e-01 -2.214941e+02
-5.824911e-01 -1.574666e-02 8.126846e-01 5.548381e+02 -4.684644e-03 9.998608e-01 1.601569e-02 -1.278945e+01 -8.128236e-01 5.521858e-03 -5.824837e-01 -2.217584e+02
-5.859498e-01 -1.727454e-02 8.101632e-01 5.570395e+02 -5.547072e-03 9.998348e-01 1.730686e-02 -1.290130e+01 -8.103283e-01 5.646920e-03 -5.859489e-01 -2.222957e+02
-5.903814e-01 -1.810699e-02 8.069213e-01 5.590121e+02 -5.317611e-03 9.998139e-01 1.854481e-02 -1.309221e+01 -8.071069e-01 6.657617e-03 -5.903678e-01 -2.226342e+02
-5.967585e-01 -1.713459e-02 8.022379e-01 5.608171e+02 -4.865035e-03 9.998309e-01 1.773593e-02 -1.298402e+01 -8.024062e-01 6.681151e-03 -5.967409e-01 -2.224589e+02
-6.011204e-01 -1.922608e-02 7.989271e-01 5.634027e+02 -5.006634e-03 9.997815e-01 2.029258e-02 -1.324311e+01 -7.991428e-01 8.198348e-03 -6.010854e-01 -2.228238e+02
-6.013376e-01 -2.091685e-02 7.987212e-01 5.653105e+02 -7.426019e-03 9.997604e-01 2.059078e-02 -1.323521e+01 -7.989605e-01 6.450689e-03 -6.013489e-01 -2.241927e+02
-6.014944e-01 -2.269370e-02 7.985546e-01 5.671982e+02 -9.298936e-03 9.997276e-01 2.140650e-02 -1.323819e+01 -7.988229e-01 5.450183e-03 -6.015416e-01 -2.254539e+02
-6.056597e-01 -2.307153e-02 7.953892e-01 5.697228e+02 -9.569653e-03 9.997185e-01 2.171148e-02 -1.341857e+01 -7.956662e-01 5.538170e-03 -6.057100e-01 -2.258666e+02
-6.052291e-01 -2.180700e-02 7.957526e-01 5.718963e+02 -7.825591e-03 9.997394e-01 2.144516e-02 -1.340036e+01 -7.960129e-01 6.752000e-03 -6.052420e-01 -2.274555e+02
-6.075701e-01 -2.168269e-02 7.939701e-01 5.737213e+02 -6.713616e-03 9.997318e-01 2.216441e-02 -1.351406e+01 -7.942377e-01 8.136025e-03 -6.075527e-01 -2.282287e+02
-6.102264e-01 -2.179373e-02 7.919273e-01 5.758187e+02 -7.123701e-03 9.997321e-01 2.202326e-02 -1.340229e+01 -7.921951e-01 7.797719e-03 -6.102182e-01 -2.289745e+02
-6.152888e-01 -2.392624e-02 7.879386e-01 5.779692e+02 -7.528593e-03 9.996721e-01 2.447670e-02 -1.357945e+01 -7.882658e-01 9.128169e-03 -6.152672e-01 -2.291756e+02
-6.143676e-01 -2.313798e-02 7.886806e-01 5.798748e+02 -7.236978e-03 9.996931e-01 2.369111e-02 -1.358519e+01 -7.889867e-01 8.847385e-03 -6.143466e-01 -2.307418e+02
-6.159504e-01 -2.351474e-02 7.874339e-01 5.818394e+02 -8.334910e-03 9.996930e-01 2.333355e-02 -1.353048e+01 -7.877409e-01 7.809120e-03 -6.159573e-01 -2.317114e+02
-6.196510e-01 -2.420990e-02 7.845040e-01 5.843480e+02 -8.710979e-03 9.996747e-01 2.396961e-02 -1.363048e+01 -7.848291e-01 8.018996e-03 -6.196603e-01 -2.323058e+02
-6.191279e-01 -2.520612e-02 7.848855e-01 5.867250e+02 -9.917120e-03 9.996560e-01 2.428060e-02 -1.358323e+01 -7.852276e-01 7.248989e-03 -6.191649e-01 -2.340163e+02
-6.186368e-01 -2.553538e-02 7.852621e-01 5.889149e+02 -1.041054e-02 9.996504e-01 2.430540e-02 -1.355331e+01 -7.856082e-01 6.861213e-03 -6.186863e-01 -2.356601e+02
-6.184361e-01 -2.680610e-02 7.853778e-01 5.910702e+02 -1.237416e-02 9.996263e-01 2.437483e-02 -1.351593e+01 -7.857377e-01 5.355883e-03 -6.185367e-01 -2.373030e+02
-6.181671e-01 -2.781072e-02 7.855546e-01 5.931359e+02 -1.438205e-02 9.996068e-01 2.407124e-02 -1.349240e+01 -7.859152e-01 3.582163e-03 -6.183240e-01 -2.388988e+02
-6.183012e-01 -2.713430e-02 7.854727e-01 5.951625e+02 -1.546886e-02 9.996304e-01 2.235578e-02 -1.345414e+01 -7.857890e-01 1.672236e-03 -6.184924e-01 -2.405110e+02
-6.185983e-01 -2.711620e-02 7.852393e-01 5.970630e+02 -1.458285e-02 9.996284e-01 2.303145e-02 -1.346073e+01 -7.855721e-01 2.796194e-03 -6.187639e-01 -2.419523e+02
-6.141923e-01 -2.911563e-02 7.886191e-01 5.988595e+02 -1.415134e-02 9.995648e-01 2.588235e-02 -1.353335e+01 -7.890295e-01 4.736725e-03 -6.143371e-01 -2.444543e+02
-6.120268e-01 -3.100806e-02 7.902289e-01 6.005853e+02 -1.548469e-02 9.995093e-01 2.722729e-02 -1.360052e+01 -7.906854e-01 4.427383e-03 -6.122066e-01 -2.462058e+02
-6.113418e-01 -3.060046e-02 7.907748e-01 6.025520e+02 -1.633377e-02 9.995272e-01 2.605100e-02 -1.357884e+01 -7.911981e-01 3.009731e-03 -6.115526e-01 -2.477418e+02
-6.107344e-01 -2.862954e-02 7.913178e-01 6.045742e+02 -1.596328e-02 9.995882e-01 2.384430e-02 -1.351518e+01 -7.916746e-01 1.930505e-03 -6.109399e-01 -2.493243e+02
-6.092430e-01 -2.739961e-02 7.925101e-01 6.065211e+02 -1.557002e-02 9.996235e-01 2.259071e-02 -1.347991e+01 -7.928307e-01 1.423836e-03 -6.094403e-01 -2.509379e+02
-6.076829e-01 -2.679512e-02 7.937276e-01 6.086405e+02 -1.480183e-02 9.996392e-01 2.241403e-02 -1.344904e+01 -7.940418e-01 1.872000e-03 -6.078603e-01 -2.526237e+02
-6.063171e-01 -2.744742e-02 7.947491e-01 6.105408e+02 -1.455354e-02 9.996198e-01 2.341988e-02 -1.343021e+01 -7.950898e-01 2.633458e-03 -6.064860e-01 -2.542310e+02
-6.051376e-01 -2.844710e-02 7.956125e-01 6.126232e+02 -1.439569e-02 9.995890e-01 2.479101e-02 -1.341243e+01 -7.959908e-01 3.548586e-03 -6.052984e-01 -2.558387e+02
-6.022816e-01 -2.827060e-02 7.977830e-01 6.144402e+02 -1.354358e-02 9.995907e-01 2.519731e-02 -1.345184e+01 -7.981688e-01 4.371032e-03 -6.024180e-01 -2.575645e+02
-6.007530e-01 -2.787199e-02 7.989487e-01 6.165383e+02 -1.408708e-02 9.996059e-01 2.427961e-02 -1.341604e+01 -7.993106e-01 3.331197e-03 -6.009089e-01 -2.591727e+02
-5.991230e-01 -2.777330e-02 8.001751e-01 6.185920e+02 -1.429245e-02 9.996099e-01 2.399416e-02 -1.342820e+01 -8.005294e-01 2.938995e-03 -5.992863e-01 -2.608146e+02
-5.983822e-01 -2.765071e-02 8.007335e-01 6.207258e+02 -1.410938e-02 9.996130e-01 2.397452e-02 -1.339138e+01 -8.010865e-01 3.048071e-03 -5.985408e-01 -2.623781e+02
-5.971026e-01 -2.802654e-02 8.016751e-01 6.227458e+02 -1.422442e-02 9.996023e-01 2.435146e-02 -1.337930e+01 -8.020388e-01 3.136955e-03 -5.972638e-01 -2.639071e+02
-5.956340e-01 -2.856164e-02 8.027480e-01 6.250365e+02 -1.496655e-02 9.995888e-01 2.446012e-02 -1.332738e+01 -8.031165e-01 2.554906e-03 -5.958166e-01 -2.656805e+02
-5.938935e-01 -2.837986e-02 8.040430e-01 6.270590e+02 -1.515144e-02 9.995950e-01 2.409078e-02 -1.327254e+01 -8.044010e-01 2.124952e-03 -5.940829e-01 -2.673228e+02
-5.910168e-01 -2.766846e-02 8.061846e-01 6.292274e+02 -1.596178e-02 9.996170e-01 2.260547e-02 -1.322956e+01 -8.065013e-01 4.920706e-04 -5.912321e-01 -2.693609e+02
-5.895826e-01 -2.763246e-02 8.072353e-01 6.312283e+02 -1.573148e-02 9.996179e-01 2.272807e-02 -1.319410e+01 -8.075549e-01 7.010687e-04 -5.897920e-01 -2.708806e+02
-5.881493e-01 -2.814537e-02 8.082625e-01 6.334265e+02 -1.564162e-02 9.996032e-01 2.342629e-02 -1.316308e+01 -8.086011e-01 1.135627e-03 -5.883562e-01 -2.724762e+02
-5.862846e-01 -2.803998e-02 8.096197e-01 6.354992e+02 -1.565528e-02 9.996063e-01 2.328314e-02 -1.312266e+01 -8.099538e-01 9.757253e-04 -5.864928e-01 -2.740053e+02
-5.850933e-01 -2.751667e-02 8.104990e-01 6.377235e+02 -1.629773e-02 9.996213e-01 2.217222e-02 -1.308755e+01 -8.108022e-01 -2.364795e-04 -5.853202e-01 -2.755874e+02
-5.831722e-01 -2.593002e-02 8.119346e-01 6.397966e+02 -1.522432e-02 9.996638e-01 2.099048e-02 -1.309375e+01 -8.122059e-01 -1.200806e-04 -5.833709e-01 -2.772105e+02
-5.805824e-01 -2.588707e-02 8.137898e-01 6.417929e+02 -1.537619e-02 9.996648e-01 2.083001e-02 -1.304303e+01 -8.140563e-01 -4.194511e-04 -5.807859e-01 -2.789967e+02
-5.791599e-01 -2.668186e-02 8.147772e-01 6.436450e+02 -1.530025e-02 9.996440e-01 2.186005e-02 -1.301215e+01 -8.150704e-01 1.941651e-04 -5.793619e-01 -2.803396e+02
-5.775708e-01 -2.735298e-02 8.158822e-01 6.452972e+02 -1.507050e-02 9.996254e-01 2.284454e-02 -1.306010e+01 -8.162015e-01 8.985808e-04 -5.777667e-01 -2.816201e+02
-5.766634e-01 -2.794409e-02 8.165038e-01 6.473219e+02 -1.545923e-02 9.996092e-01 2.329248e-02 -1.305157e+01 -8.168356e-01 8.094050e-04 -5.768700e-01 -2.830922e+02
-5.757427e-01 -2.807051e-02 8.171490e-01 6.492647e+02 -1.572219e-02 9.996058e-01 2.326076e-02 -1.302382e+01 -8.174798e-01 5.448420e-04 -5.759570e-01 -2.845309e+02
-5.733582e-01 -2.760640e-02 8.188396e-01 6.513973e+02 -1.565567e-02 9.996188e-01 2.273897e-02 -1.301395e+01 -8.191552e-01 2.180979e-04 -5.735719e-01 -2.860988e+02
-5.715965e-01 -2.679411e-02 8.200973e-01 6.535555e+02 -1.596107e-02 9.996407e-01 2.153548e-02 -1.299021e+01 -8.203796e-01 -7.800241e-04 -5.718188e-01 -2.876831e+02
-5.715313e-01 -2.617995e-02 8.201625e-01 6.553033e+02 -1.600945e-02 9.996564e-01 2.075326e-02 -1.294395e+01 -8.204241e-01 -1.269214e-03 -5.717541e-01 -2.887411e+02
-5.703082e-01 -2.607943e-02 8.210167e-01 6.573124e+02 -1.574761e-02 9.996593e-01 2.081512e-02 -1.294498e+01 -8.212799e-01 -1.058018e-03 -5.705246e-01 -2.901817e+02
-5.694339e-01 -2.666370e-02 8.216045e-01 6.593389e+02 -1.679050e-02 9.996426e-01 2.080452e-02 -1.291513e+01 -8.218656e-01 -1.948352e-03 -5.696781e-01 -2.916364e+02
-5.696631e-01 -2.643453e-02 8.214531e-01 6.613153e+02 -1.738202e-02 9.996466e-01 2.011471e-02 -1.287547e+01 -8.216945e-01 -2.819903e-03 -5.699212e-01 -2.929715e+02
-5.700471e-01 -2.742591e-02 8.211541e-01 6.633702e+02 -1.823807e-02 9.996188e-01 2.072558e-02 -1.286508e+01 -8.214096e-01 -3.161707e-03 -5.703300e-01 -2.943732e+02
-5.709784e-01 -2.734547e-02 8.205095e-01 6.653108e+02 -1.750222e-02 9.996234e-01 2.113538e-02 -1.288513e+01 -8.207785e-01 -2.292898e-03 -5.712420e-01 -2.955583e+02
-5.719318e-01 -2.683940e-02 8.198620e-01 6.671535e+02 -1.693386e-02 9.996379e-01 2.091165e-02 -1.285880e+01 -8.201264e-01 -1.923392e-03 -5.721792e-01 -2.966900e+02
-5.714949e-01 -2.743757e-02 8.201468e-01 6.692894e+02 -1.730109e-02 9.996216e-01 2.138605e-02 -1.283848e+01 -8.204232e-01 -1.967408e-03 -5.717534e-01 -2.982008e+02
-5.719953e-01 -2.701164e-02 8.198120e-01 6.711727e+02 -1.576370e-02 9.996350e-01 2.193798e-02 -1.277018e+01 -8.201054e-01 -3.748492e-04 -5.722124e-01 -2.993320e+02
-5.721857e-01 -2.639727e-02 8.196992e-01 6.730544e+02 -1.548573e-02 9.996514e-01 2.138267e-02 -1.269020e+01 -8.199779e-01 -4.587862e-04 -5.723950e-01 -3.005353e+02
-5.712892e-01 -2.693995e-02 8.203066e-01 6.751866e+02 -1.610610e-02 9.996367e-01 2.161256e-02 -1.266401e+01 -8.205908e-01 -8.649209e-04 -5.715155e-01 -3.020245e+02
-5.722737e-01 -2.576060e-02 8.196580e-01 6.769980e+02 -1.636567e-02 9.996662e-01 1.999170e-02 -1.255592e+01 -8.198994e-01 -1.973530e-03 -5.725042e-01 -3.029841e+02
-5.736935e-01 -2.415846e-02 8.187137e-01 6.788599e+02 -1.681416e-02 9.997017e-01 1.771691e-02 -1.242908e+01 -8.188975e-01 -3.601907e-03 -5.739285e-01 -3.039050e+02
-5.726642e-01 -2.328601e-02 8.194593e-01 6.809985e+02 -1.546881e-02 9.997255e-01 1.759841e-02 -1.241289e+01 -8.196441e-01 -2.598082e-03 -5.728672e-01 -3.053898e+02
-5.717769e-01 -2.240228e-02 8.201033e-01 6.831399e+02 -1.472941e-02 9.997463e-01 1.704012e-02 -1.239559e+01 -8.202769e-01 -2.336487e-03 -5.719618e-01 -3.068684e+02
-5.659623e-01 -2.252781e-02 8.241233e-01 6.843631e+02 -1.416225e-02 9.997448e-01 1.760265e-02 -1.242403e+01 -8.243095e-01 -1.709006e-03 -5.661369e-01 -3.094110e+02
-5.663043e-01 -2.244047e-02 8.238907e-01 6.861712e+02 -1.382998e-02 9.997473e-01 1.772422e-02 -1.245834e+01 -8.240802e-01 -1.357095e-03 -5.664716e-01 -3.104936e+02
-5.655307e-01 -2.291520e-02 8.244088e-01 6.877894e+02 -1.433343e-02 9.997360e-01 1.795608e-02 -1.252785e+01 -8.246027e-01 -1.661892e-03 -5.657099e-01 -3.116948e+02
-5.653343e-01 -2.269649e-02 8.245496e-01 6.895284e+02 -1.501244e-02 9.997389e-01 1.722578e-02 -1.248014e+01 -8.247252e-01 -2.640178e-03 -5.655275e-01 -3.128869e+02
-5.645881e-01 -2.278116e-02 8.250583e-01 6.914290e+02 -1.525664e-02 9.997363e-01 1.716416e-02 -1.250475e+01 -8.252318e-01 -2.896933e-03 -5.647868e-01 -3.142455e+02
-5.663618e-01 -2.270581e-02 8.238439e-01 6.931875e+02 -1.508241e-02 9.997386e-01 1.718502e-02 -1.242096e+01 -8.240187e-01 -2.692608e-03 -5.665562e-01 -3.149368e+02
-5.657875e-01 -2.423750e-02 8.241948e-01 6.946200e+02 -1.406785e-02 9.997061e-01 1.974164e-02 -1.250622e+01 -8.244311e-01 -4.250734e-04 -5.659622e-01 -3.160381e+02
-5.645827e-01 -2.459405e-02 8.250100e-01 6.962223e+02 -1.279269e-02 9.996966e-01 2.104708e-02 -1.256960e+01 -8.252774e-01 1.328718e-03 -5.647260e-01 -3.172659e+02
-5.638068e-01 -2.435460e-02 8.255475e-01 6.980229e+02 -1.230530e-02 9.997019e-01 2.108846e-02 -1.260333e+01 -8.258150e-01 1.731202e-03 -5.639384e-01 -3.186119e+02
-5.631909e-01 -2.344383e-02 8.259942e-01 6.998442e+02 -1.175040e-02 9.997236e-01 2.036289e-02 -1.260626e+01 -8.262433e-01 1.762432e-03 -5.633107e-01 -3.198754e+02
-5.615720e-01 -2.286815e-02 8.271118e-01 7.017832e+02 -1.205648e-02 9.997380e-01 1.945514e-02 -1.262197e+01 -8.273400e-01 9.534053e-04 -5.617006e-01 -3.212696e+02
-5.607430e-01 -2.224036e-02 8.276911e-01 7.039003e+02 -1.255754e-02 9.997526e-01 1.835624e-02 -1.261400e+01 -8.278946e-01 -1.006329e-04 -5.608836e-01 -3.227268e+02
-5.599867e-01 -2.164262e-02 8.282189e-01 7.058736e+02 -1.214721e-02 9.997658e-01 1.791226e-02 -1.262618e+01 -8.284125e-01 -2.992199e-05 -5.601184e-01 -3.240192e+02
-5.601923e-01 -2.085598e-02 8.281000e-01 7.078315e+02 -1.169051e-02 9.997825e-01 1.727148e-02 -1.265398e+01 -8.282801e-01 -5.566866e-06 -5.603143e-01 -3.251282e+02
-5.629253e-01 -1.995762e-02 8.262668e-01 7.097439e+02 -1.136853e-02 9.998008e-01 1.640392e-02 -1.252711e+01 -8.264296e-01 -1.592539e-04 -5.630401e-01 -3.256639e+02
-5.650599e-01 -2.059344e-02 8.247928e-01 7.115504e+02 -1.251658e-02 9.997874e-01 1.638768e-02 -1.241845e+01 -8.249549e-01 -1.063568e-03 -5.651975e-01 -3.262711e+02
-5.645846e-01 -2.196643e-02 8.250828e-01 7.134613e+02 -1.473808e-02 9.997547e-01 1.653185e-02 -1.243707e+01 -8.252436e-01 -2.826513e-03 -5.647699e-01 -3.276621e+02
-5.643793e-01 -2.203865e-02 8.252214e-01 7.153508e+02 -1.468139e-02 9.997534e-01 1.665898e-02 -1.249190e+01 -8.253851e-01 -2.713409e-03 -5.645637e-01 -3.290288e+02
-5.641259e-01 -2.137506e-02 8.254121e-01 7.173899e+02 -1.380936e-02 9.997693e-01 1.645228e-02 -1.254169e+01 -8.255733e-01 -2.117256e-03 -5.642909e-01 -3.303201e+02
-5.658620e-01 -1.939944e-02 8.242717e-01 7.197253e+02 -1.261383e-02 9.998098e-01 1.487139e-02 -1.239516e+01 -8.244034e-01 -1.982064e-03 -5.659991e-01 -3.312214e+02
-5.686943e-01 -1.885432e-02 8.223328e-01 7.217834e+02 -1.242222e-02 9.998201e-01 1.433298e-02 -1.228926e+01 -8.224551e-01 -2.064111e-03 -5.688262e-01 -3.319442e+02
-5.695612e-01 -2.157224e-02 8.216658e-01 7.235939e+02 -1.391093e-02 9.997653e-01 1.660535e-02 -1.238747e+01 -8.218312e-01 -1.972377e-03 -5.697276e-01 -3.331320e+02
-5.707350e-01 -2.361801e-02 8.207946e-01 7.256301e+02 -1.636101e-02 9.997149e-01 1.738983e-02 -1.237004e+01 -8.209713e-01 -3.504040e-03 -5.709587e-01 -3.344888e+02
-5.768931e-01 -2.119354e-02 8.165446e-01 7.284625e+02 -1.729135e-02 9.997562e-01 1.373239e-02 -1.206561e+01 -8.166366e-01 -6.197042e-03 -5.771190e-01 -3.347010e+02
-5.770324e-01 -2.006965e-02 8.164746e-01 7.305904e+02 -1.776579e-02 9.997699e-01 1.201947e-02 -1.206713e+01 -8.165280e-01 -7.569697e-03 -5.772562e-01 -3.361998e+02
-5.805162e-01 -1.905093e-02 8.140258e-01 7.331888e+02 -1.564906e-02 9.998026e-01 1.223872e-02 -1.191672e+01 -8.140983e-01 -5.633964e-03 -5.806997e-01 -3.368420e+02
-5.801392e-01 -1.919114e-02 8.142913e-01 7.353626e+02 -1.370571e-02 9.998109e-01 1.379886e-02 -1.192891e+01 -8.144020e-01 -3.155182e-03 -5.802925e-01 -3.383674e+02
-5.846341e-01 -1.782240e-02 8.111013e-01 7.377239e+02 -1.090102e-02 9.998410e-01 1.411224e-02 -1.179449e+01 -8.112239e-01 -5.913397e-04 -5.847354e-01 -3.387281e+02
-5.854451e-01 -1.370907e-02 8.105961e-01 7.397440e+02 -9.389855e-03 9.999046e-01 1.012898e-02 -1.138609e+01 -8.106576e-01 -1.681417e-03 -5.855180e-01 -3.399946e+02
-5.856894e-01 -1.216564e-02 8.104443e-01 7.416882e+02 -9.813045e-03 9.999205e-01 7.918220e-03 -1.141972e+01 -8.104762e-01 -3.315308e-03 -5.857622e-01 -3.412611e+02
-5.876490e-01 -9.767028e-03 8.090570e-01 7.438730e+02 -9.849453e-03 9.999394e-01 4.917348e-03 -1.131223e+01 -8.090560e-01 -5.079094e-03 -5.877096e-01 -3.421413e+02
-5.898127e-01 -9.465185e-03 8.074846e-01 7.464031e+02 -9.013854e-03 9.999462e-01 5.137175e-03 -1.142353e+01 -8.074898e-01 -4.248578e-03 -5.898662e-01 -3.430726e+02
-5.919197e-01 -9.390413e-03 8.059422e-01 7.489201e+02 -8.194712e-03 9.999506e-01 5.632336e-03 -1.128486e+01 -8.059553e-01 -3.270574e-03 -5.919674e-01 -3.439897e+02
-5.913786e-01 -1.085748e-02 8.063210e-01 7.511776e+02 -9.457073e-03 9.999340e-01 6.528477e-03 -1.131234e+01 -8.063386e-01 -3.764635e-03 -5.914422e-01 -3.456534e+02
-5.904930e-01 -1.109178e-02 8.069665e-01 7.532253e+02 -1.055942e-02 9.999261e-01 6.017229e-03 -1.135140e+01 -8.069737e-01 -4.967966e-03 -5.905665e-01 -3.472042e+02
-5.844743e-01 -1.034953e-02 8.113462e-01 7.542965e+02 -1.125476e-02 9.999259e-01 4.647401e-03 -1.117925e+01 -8.113341e-01 -6.415218e-03 -5.845475e-01 -3.493203e+02
-5.839548e-01 -1.042998e-02 8.117191e-01 7.565761e+02 -1.163860e-02 9.999223e-01 4.475382e-03 -1.118746e+01 -8.117027e-01 -6.833851e-03 -5.840308e-01 -3.508415e+02
-5.790181e-01 -1.155920e-02 8.152327e-01 7.577976e+02 -1.232694e-02 9.999093e-01 5.422543e-03 -1.135193e+01 -8.152215e-01 -6.909573e-03 -5.791081e-01 -3.524700e+02
-5.778684e-01 -1.165024e-02 8.160468e-01 7.599836e+02 -1.289781e-02 9.999036e-01 5.141719e-03 -1.138742e+01 -8.160281e-01 -7.553982e-03 -5.779629e-01 -3.540100e+02
-5.774844e-01 -1.032782e-02 8.163364e-01 7.619462e+02 -1.169202e-02 9.999221e-01 4.379389e-03 -1.142512e+01 -8.163180e-01 -7.015591e-03 -5.775602e-01 -3.554385e+02
-5.747605e-01 -1.145616e-02 8.182415e-01 7.634836e+02 -1.182303e-02 9.999139e-01 5.694854e-03 -1.152225e+01 -8.182363e-01 -6.400914e-03 -5.748465e-01 -3.566647e+02
-5.708580e-01 -1.317670e-02 8.209431e-01 7.650910e+02 -1.334798e-02 9.998880e-01 6.767132e-03 -1.153090e+01 -8.209403e-01 -7.094857e-03 -5.709699e-01 -3.586285e+02
-5.707553e-01 -1.338211e-02 8.210111e-01 7.674252e+02 -1.410726e-02 9.998794e-01 6.490417e-03 -1.151399e+01 -8.209990e-01 -7.877781e-03 -5.708753e-01 -3.603094e+02
-5.704174e-01 -1.391034e-02 8.212371e-01 7.696380e+02 -1.626740e-02 9.998518e-01 5.636707e-03 -1.153276e+01 -8.211938e-01 -1.014412e-02 -5.705592e-01 -3.618470e+02
-5.680803e-01 -1.690822e-02 8.227995e-01 7.712624e+02 -1.970240e-02 9.997818e-01 6.942139e-03 -1.166957e+01 -8.227373e-01 -1.226744e-02 -5.682894e-01 -3.631068e+02
-5.679677e-01 -1.633902e-02 8.228887e-01 7.731894e+02 -1.884142e-02 9.997990e-01 6.847120e-03 -1.172334e+01 -8.228352e-01 -1.161545e-02 -5.681614e-01 -3.645011e+02
-5.683969e-01 -1.599840e-02 8.225989e-01 7.756815e+02 -1.842501e-02 9.998077e-01 6.713605e-03 -1.172352e+01 -8.225482e-01 -1.134040e-02 -5.685824e-01 -3.661756e+02
-5.700332e-01 -1.500374e-02 8.214847e-01 7.779088e+02 -1.726933e-02 9.998312e-01 6.277793e-03 -1.172742e+01 -8.214402e-01 -1.060794e-02 -5.701960e-01 -3.676557e+02
-5.634586e-01 -1.455907e-02 8.260160e-01 7.795408e+02 -1.682753e-02 9.998395e-01 6.144091e-03 -1.168944e+01 -8.259729e-01 -1.043787e-02 -5.636131e-01 -3.703825e+02
-5.635313e-01 -1.592214e-02 8.259413e-01 7.822487e+02 -1.827559e-02 9.998098e-01 6.804658e-03 -1.166094e+01 -8.258926e-01 -1.125992e-02 -5.637151e-01 -3.723857e+02
-5.637278e-01 -1.551416e-02 8.258149e-01 7.844435e+02 -1.851109e-02 9.998098e-01 6.146651e-03 -1.165280e+01 -8.257532e-01 -1.182169e-02 -5.639078e-01 -3.739002e+02
-5.519531e-01 -1.465980e-02 8.337463e-01 7.855704e+02 -2.075699e-02 9.997772e-01 3.837678e-03 -1.160503e+01 -8.336168e-01 -1.518785e-02 -5.521344e-01 -3.768469e+02
-5.528074e-01 -1.265993e-02 8.332129e-01 7.882755e+02 -2.163525e-02 9.997656e-01 8.363276e-04 -1.156595e+01 -8.330282e-01 -1.756444e-02 -5.529517e-01 -3.786933e+02
-5.537301e-01 -1.196561e-02 8.326103e-01 7.905768e+02 -2.195290e-02 9.997590e-01 -2.321057e-04 -1.158913e+01 -8.324068e-01 -1.840673e-02 -5.538593e-01 -3.801347e+02
-5.538891e-01 -1.249166e-02 8.324967e-01 7.930185e+02 -2.205553e-02 9.997567e-01 3.270885e-04 -1.161448e+01 -8.322983e-01 -1.817999e-02 -5.540299e-01 -3.817425e+02
-5.530705e-01 -1.317946e-02 8.330302e-01 7.954193e+02 -2.270105e-02 9.997420e-01 7.452099e-04 -1.161627e+01 -8.328251e-01 -1.849851e-02 -5.532270e-01 -3.832831e+02
-5.525578e-01 -1.337209e-02 8.333673e-01 7.976469e+02 -2.223221e-02 9.997520e-01 1.300973e-03 -1.164375e+01 -8.331780e-01 -1.780874e-02 -5.527180e-01 -3.847341e+02
-5.391605e-01 -2.157338e-02 8.419267e-01 8.013552e+02 -2.799418e-02 9.995785e-01 7.685860e-03 -1.201554e+01 -8.417377e-01 -1.942514e-02 -5.395371e-01 -3.944826e+02
-5.368971e-01 -2.608471e-02 8.432444e-01 8.021215e+02 -3.226920e-02 9.994254e-01 1.037005e-02 -1.217193e+01 -8.430304e-01 -2.164318e-02 -5.374303e-01 -3.948987e+02
-5.383551e-01 -2.722973e-02 8.422781e-01 8.043933e+02 -3.291429e-02 9.993946e-01 1.127142e-02 -1.216545e+01 -8.420751e-01 -2.165496e-02 -5.389254e-01 -3.962188e+02
-5.334433e-01 -2.683607e-02 8.454100e-01 8.046789e+02 -3.235503e-02 9.994125e-01 1.130899e-02 -1.218206e+01 -8.452168e-01 -2.132056e-02 -5.339982e-01 -3.966181e+02
-5.325863e-01 -2.702436e-02 8.459441e-01 8.065776e+02 -3.217421e-02 9.994141e-01 1.167096e-02 -1.218835e+01 -8.457639e-01 -2.100179e-02 -5.331438e-01 -3.977592e+02
-5.311821e-01 -2.589126e-02 8.468620e-01 8.088870e+02 -2.991647e-02 9.994828e-01 1.179268e-02 -1.216751e+01 -8.467293e-01 -1.907106e-02 -5.316820e-01 -3.992245e+02
-5.323037e-01 -2.583064e-02 8.461593e-01 8.102316e+02 -3.003046e-02 9.994814e-01 1.161947e-02 -1.206766e+01 -8.460207e-01 -1.922547e-02 -5.328034e-01 -3.995196e+02
-5.321425e-01 -2.674760e-02 8.462322e-01 8.117314e+02 -3.099591e-02 9.994463e-01 1.209899e-02 -1.201636e+01 -8.460872e-01 -1.979135e-02 -5.326769e-01 -4.000189e+02
-5.328640e-01 -3.050173e-02 8.456510e-01 8.140250e+02 -3.632489e-02 9.992535e-01 1.315286e-02 -1.206132e+01 -8.454209e-01 -2.370949e-02 -5.335741e-01 -4.013745e+02
-5.337753e-01 -3.115779e-02 8.450521e-01 8.163086e+02 -3.698357e-02 9.992249e-01 1.348168e-02 -1.206739e+01 -8.448172e-01 -2.405686e-02 -5.345140e-01 -4.027403e+02
-5.343876e-01 -3.074880e-02 8.446800e-01 8.184130e+02 -3.636825e-02 9.992491e-01 1.336716e-02 -1.204683e+01 -8.444568e-01 -2.357629e-02 -5.351046e-01 -4.038961e+02
-5.347303e-01 -3.152897e-02 8.444344e-01 8.206473e+02 -3.662132e-02 9.992295e-01 1.411851e-02 -1.203502e+01 -8.442289e-01 -2.337470e-02 -5.354729e-01 -4.052962e+02
-5.363637e-01 -3.117796e-02 8.434109e-01 8.229075e+02 -3.636022e-02 9.992432e-01 1.381540e-02 -1.202694e+01 -8.432034e-01 -2.325653e-02 -5.370914e-01 -4.066521e+02
-5.371873e-01 -3.260704e-02 8.428324e-01 8.251290e+02 -3.623133e-02 9.992222e-01 1.556497e-02 -1.201184e+01 -8.426844e-01 -2.217563e-02 -5.379509e-01 -4.080330e+02
-5.363644e-01 -3.472181e-02 8.432720e-01 8.263479e+02 -3.842886e-02 9.991218e-01 1.669622e-02 -1.202524e+01 -8.431112e-01 -2.345072e-02 -5.372277e-01 -4.088968e+02
-5.380656e-01 -3.458300e-02 8.421932e-01 8.286024e+02 -3.965930e-02 9.990901e-01 1.568789e-02 -1.201402e+01 -8.419695e-01 -2.495968e-02 -5.389475e-01 -4.103021e+02
-5.359325e-01 -3.544715e-02 8.435164e-01 8.293561e+02 -4.144685e-02 9.990182e-01 1.564834e-02 -1.221467e+01 -8.432429e-01 -2.657465e-02 -5.368755e-01 -4.111643e+02
-5.330429e-01 -3.652464e-02 8.452995e-01 8.303144e+02 -4.171191e-02 9.989874e-01 1.686198e-02 -1.236938e+01 -8.450594e-01 -2.627089e-02 -5.340266e-01 -4.121766e+02
-5.329599e-01 -3.860214e-02 8.452595e-01 8.322112e+02 -4.328527e-02 9.988947e-01 1.832592e-02 -1.238385e+01 -8.450326e-01 -2.682031e-02 -5.340417e-01 -4.134219e+02
-5.310469e-01 -3.859864e-02 8.464628e-01 8.332608e+02 -4.457196e-02 9.988514e-01 1.758436e-02 -1.250013e+01 -8.461693e-01 -2.839038e-02 -5.321574e-01 -4.143097e+02
-5.290606e-01 -3.744500e-02 8.477575e-01 8.343626e+02 -4.375599e-02 9.989007e-01 1.681409e-02 -1.254962e+01 -8.474552e-01 -2.819880e-02 -5.301175e-01 -4.152972e+02
-5.272704e-01 -3.940668e-02 8.487832e-01 8.355973e+02 -4.405257e-02 9.988484e-01 1.900801e-02 -1.269385e+01 -8.485548e-01 -2.736872e-02 -5.283992e-01 -4.162869e+02
-5.235998e-01 -4.095305e-02 8.509795e-01 8.363402e+02 -4.202268e-02 9.988697e-01 2.221404e-02 -1.281236e+01 -8.509273e-01 -2.412917e-02 -5.247289e-01 -4.174716e+02
-5.180083e-01 -4.434551e-02 8.542253e-01 8.367644e+02 -4.233546e-02 9.987605e-01 2.617626e-02 -1.302525e+01 -8.543273e-01 -2.260450e-02 -5.192436e-01 -4.188574e+02
-5.137998e-01 -4.505927e-02 8.567260e-01 8.373689e+02 -4.182102e-02 9.987480e-01 2.744778e-02 -1.309472e+01 -8.568902e-01 -2.172649e-02 -5.150409e-01 -4.198892e+02
-5.122506e-01 -4.535567e-02 8.576375e-01 8.388453e+02 -4.153048e-02 9.987445e-01 2.801266e-02 -1.312881e+01 -8.578313e-01 -2.126859e-02 -5.134911e-01 -4.209371e+02
-5.114882e-01 -4.464637e-02 8.581297e-01 8.411419e+02 -4.176739e-02 9.987606e-01 2.706761e-02 -1.310117e+01 -8.582746e-01 -2.199707e-02 -5.127190e-01 -4.222957e+02
-5.115606e-01 -4.254641e-02 8.581932e-01 8.434473e+02 -3.920964e-02 9.988888e-01 2.614916e-02 -1.307708e+01 -8.583521e-01 -2.027256e-02 -5.126603e-01 -4.236518e+02
-5.110801e-01 -4.149076e-02 8.585311e-01 8.456565e+02 -3.716129e-02 9.989669e-01 2.615572e-02 -1.304334e+01 -8.587294e-01 -1.853646e-02 -5.120939e-01 -4.249384e+02
-5.104975e-01 -4.149344e-02 8.588775e-01 8.470725e+02 -3.589484e-02 9.989927e-01 2.692750e-02 -1.308090e+01 -8.591297e-01 -1.708285e-02 -5.114727e-01 -4.254395e+02
-5.094367e-01 -4.131335e-02 8.595158e-01 8.491384e+02 -3.494485e-02 9.990161e-01 2.730667e-02 -1.304008e+01 -8.597983e-01 -1.612463e-02 -5.103792e-01 -4.267066e+02
-5.096732e-01 -4.144435e-02 8.593693e-01 8.514232e+02 -3.396632e-02 9.990297e-01 2.803500e-02 -1.299128e+01 -8.596973e-01 -1.490092e-02 -5.105864e-01 -4.280244e+02
-5.088779e-01 -4.309707e-02 8.597592e-01 8.536384e+02 -3.422414e-02 9.989693e-01 2.981851e-02 -1.296792e+01 -8.601581e-01 -1.425054e-02 -5.098283e-01 -4.293203e+02
-5.087030e-01 -4.256554e-02 8.598892e-01 8.558268e+02 -3.390944e-02 9.989927e-01 2.939080e-02 -1.293346e+01 -8.602740e-01 -1.420718e-02 -5.096339e-01 -4.306130e+02
-5.058108e-01 -4.316637e-02 8.615638e-01 8.568518e+02 -3.528111e-02 9.989467e-01 2.933658e-02 -1.301494e+01 -8.619227e-01 -1.555817e-02 -5.068010e-01 -4.314366e+02
-5.049218e-01 -4.381076e-02 8.620526e-01 8.565730e+02 -3.606926e-02 9.989097e-01 2.963953e-02 -1.301797e+01 -8.624112e-01 -1.612795e-02 -5.059514e-01 -4.312700e+02
-4.984763e-01 -4.329637e-02 8.658215e-01 8.563178e+02 -3.610491e-02 9.989223e-01 2.916568e-02 -1.301837e+01 -8.661512e-01 -1.672201e-02 -4.995023e-01 -4.311579e+02
-4.957131e-01 -4.340968e-02 8.674008e-01 8.560630e+02 -3.647237e-02 9.989095e-01 2.914744e-02 -1.302558e+01 -8.677202e-01 -1.718739e-02 -4.967558e-01 -4.309986e+02
-4.928146e-01 -4.204931e-02 8.691177e-01 8.556591e+02 -3.425548e-02 9.989949e-01 2.890914e-02 -1.304563e+01 -8.694598e-01 -1.552520e-02 -4.937597e-01 -4.308546e+02
-4.863890e-01 -3.992566e-02 8.728297e-01 8.553864e+02 -3.164146e-02 9.991051e-01 2.806948e-02 -1.303189e+01 -8.731693e-01 -1.396492e-02 -4.872170e-01 -4.307366e+02
-4.799254e-01 -4.093305e-02 8.763538e-01 8.551171e+02 -3.167538e-02 9.990681e-01 2.931816e-02 -1.304446e+01 -8.767373e-01 -1.368831e-02 -4.807748e-01 -4.306222e+02
-4.779880e-01 -4.064315e-02 8.774256e-01 8.548156e+02 -3.089277e-02 9.990888e-01 2.944949e-02 -1.304074e+01 -8.778230e-01 -1.302960e-02 -4.788080e-01 -4.304597e+02
-4.759311e-01 -4.241184e-02 8.784593e-01 8.546481e+02 -3.363975e-02 9.989835e-01 3.000540e-02 -1.304266e+01 -8.788390e-01 -1.527064e-02 -4.768741e-01 -4.302961e+02
-4.701413e-01 -4.442755e-02 8.814722e-01 8.544903e+02 -3.658042e-02 9.988549e-01 3.083331e-02 -1.305018e+01 -8.818327e-01 -1.774861e-02 -4.712282e-01 -4.301816e+02
-4.652220e-01 -4.258093e-02 8.841693e-01 8.541545e+02 -3.469262e-02 9.989520e-01 2.985462e-02 -1.302990e+01 -8.845139e-01 -1.678512e-02 -4.662117e-01 -4.300574e+02
-4.654210e-01 -4.346118e-02 8.840218e-01 8.540114e+02 -3.702368e-02 9.988755e-01 2.961545e-02 -1.302930e+01 -8.843148e-01 -1.894609e-02 -4.665067e-01 -4.298770e+02
-4.653437e-01 -4.278962e-02 8.840952e-01 8.538096e+02 -3.621335e-02 9.989149e-01 2.928592e-02 -1.304201e+01 -8.843890e-01 -1.838803e-02 -4.663883e-01 -4.297025e+02
-4.644148e-01 -4.068768e-02 8.846827e-01 8.535369e+02 -3.439835e-02 9.990190e-01 2.788871e-02 -1.304737e+01 -8.849495e-01 -1.747969e-02 -4.653588e-01 -4.295415e+02
-4.636633e-01 -4.206339e-02 8.850124e-01 8.533375e+02 -3.678586e-02 9.989251e-01 2.820516e-02 -1.304102e+01 -8.852475e-01 -1.947824e-02 -4.647123e-01 -4.293816e+02
-4.621473e-01 -4.667049e-02 8.855742e-01 8.529923e+02 -3.871988e-02 9.987238e-01 3.242714e-02 -1.305932e+01 -8.859575e-01 -1.930321e-02 -4.633646e-01 -4.292122e+02
-4.622055e-01 -4.909349e-02 8.854128e-01 8.528528e+02 -4.334832e-02 9.985235e-01 3.273634e-02 -1.305742e+01 -8.857127e-01 -2.325024e-02 -4.636512e-01 -4.290439e+02
-4.614025e-01 -4.497126e-02 8.860504e-01 8.527410e+02 -4.868042e-02 9.984932e-01 2.532839e-02 -1.306168e+01 -8.858543e-01 -3.144672e-02 -4.628965e-01 -4.288969e+02
-4.600147e-01 -3.936842e-02 8.870381e-01 8.525186e+02 -4.560938e-02 9.987454e-01 2.067334e-02 -1.306892e+01 -8.867391e-01 -3.094722e-02 -4.612332e-01 -4.287566e+02
-4.588293e-01 -4.493214e-02 8.873876e-01 8.524035e+02 -4.743067e-02 9.985352e-01 2.603569e-02 -1.310241e+01 -8.872576e-01 -3.014345e-02 -4.602883e-01 -4.286329e+02
-4.585520e-01 -5.121694e-02 8.871904e-01 8.523175e+02 -4.928429e-02 9.982670e-01 3.215631e-02 -1.312335e+01 -8.872999e-01 -2.897922e-02 -4.602815e-01 -4.285071e+02
-4.565313e-01 -5.373208e-02 8.880833e-01 8.520228e+02 -5.011900e-02 9.981428e-01 3.462670e-02 -1.314366e+01 -8.882946e-01 -2.870167e-02 -4.583764e-01 -4.283734e+02
-4.559622e-01 -5.396856e-02 8.883613e-01 8.519002e+02 -5.073238e-02 9.981129e-01 3.459704e-02 -1.314312e+01 -8.885520e-01 -2.929374e-02 -4.578397e-01 -4.282364e+02
-4.556944e-01 -5.267946e-02 8.885761e-01 8.522458e+02 -4.948056e-02 9.982029e-01 3.380326e-02 -1.308382e+01 -8.887600e-01 -2.856329e-02 -4.574821e-01 -4.281891e+02
-4.526855e-01 -5.535610e-02 8.899503e-01 8.523561e+02 -5.189430e-02 9.980149e-01 3.568112e-02 -1.305722e+01 -8.901589e-01 -3.003103e-02 -4.546595e-01 -4.281404e+02
-4.462449e-01 -5.351469e-02 8.933094e-01 8.525093e+02 -5.035625e-02 9.981304e-01 3.463909e-02 -1.296959e+01 -8.934930e-01 -2.952619e-02 -4.481055e-01 -4.281685e+02
-4.457501e-01 -5.386656e-02 8.935352e-01 8.523661e+02 -5.130605e-02 9.980843e-01 3.457468e-02 -1.296074e+01 -8.936859e-01 -3.043210e-02 -4.476599e-01 -4.280370e+02
-4.381494e-01 -5.247480e-02 8.973692e-01 8.522248e+02 -5.198151e-02 9.981032e-01 3.298486e-02 -1.295458e+01 -8.973979e-01 -3.219431e-02 -4.400460e-01 -4.280360e+02
-4.344748e-01 -5.158720e-02 8.992054e-01 8.525288e+02 -5.118677e-02 9.981591e-01 3.253191e-02 -1.291487e+01 -8.992283e-01 -3.189313e-02 -4.363156e-01 -4.280478e+02
-4.321049e-01 -5.226156e-02 9.003078e-01 8.524108e+02 -5.174980e-02 9.981113e-01 3.310147e-02 -1.291563e+01 -9.003374e-01 -3.228745e-02 -4.339933e-01 -4.279487e+02
-4.294770e-01 -5.249959e-02 9.015505e-01 8.522665e+02 -5.223409e-02 9.980816e-01 3.323777e-02 -1.292751e+01 -9.015659e-01 -3.281681e-02 -4.313953e-01 -4.278524e+02
-4.274457e-01 -5.120806e-02 9.025895e-01 8.524268e+02 -5.157839e-02 9.981496e-01 3.220328e-02 -1.292493e+01 -9.025685e-01 -3.278896e-02 -4.292960e-01 -4.278248e+02
-4.241418e-01 -5.083629e-02 9.041678e-01 8.522999e+02 -5.132121e-02 9.981679e-01 3.204680e-02 -1.294110e+01 -9.041404e-01 -3.281059e-02 -4.259737e-01 -4.277571e+02
-4.220718e-01 -5.185481e-02 9.050782e-01 8.524288e+02 -5.114487e-02 9.981347e-01 3.333555e-02 -1.291293e+01 -9.051186e-01 -3.222011e-02 -4.239366e-01 -4.277176e+02
-4.190283e-01 -5.263138e-02 9.064465e-01 8.523163e+02 -5.222426e-02 9.980629e-01 3.380893e-02 -1.292061e+01 -9.064700e-01 -3.317160e-02 -4.209653e-01 -4.276488e+02
-4.172236e-01 -5.549701e-02 9.071078e-01 8.522044e+02 -5.476737e-02 9.978550e-01 3.585873e-02 -1.292814e+01 -9.071522e-01 -3.471880e-02 -4.193681e-01 -4.275541e+02
-4.169099e-01 -6.021179e-02 9.069513e-01 8.545546e+02 -5.661121e-02 9.975864e-01 4.020578e-02 -1.285568e+01 -9.071832e-01 -3.458143e-02 -4.193123e-01 -4.285730e+02
-4.158038e-01 -6.403846e-02 9.071969e-01 8.550438e+02 -5.910415e-02 9.973119e-01 4.330988e-02 -1.280454e+01 -9.075318e-01 -3.561069e-02 -4.184710e-01 -4.286090e+02
-4.120888e-01 -6.456744e-02 9.088531e-01 8.550775e+02 -6.113731e-02 9.971974e-01 4.312301e-02 -1.277744e+01 -9.090903e-01 -3.779433e-02 -4.148813e-01 -4.286063e+02
-4.090206e-01 -6.036968e-02 9.105260e-01 8.551006e+02 -5.849918e-02 9.974915e-01 3.985704e-02 -1.270631e+01 -9.106481e-01 -3.696268e-02 -4.115261e-01 -4.286059e+02
-4.066136e-01 -5.721282e-02 9.118071e-01 8.554338e+02 -5.455884e-02 9.977766e-01 3.827702e-02 -1.262728e+01 -9.119697e-01 -3.418318e-02 -4.088310e-01 -4.286661e+02
-4.038171e-01 -5.582143e-02 9.131351e-01 8.553509e+02 -5.282841e-02 9.978940e-01 3.764049e-02 -1.261226e+01 -9.133131e-01 -3.303961e-02 -4.059156e-01 -4.286415e+02
-4.027917e-01 -5.586541e-02 9.135852e-01 8.562043e+02 -5.319389e-02 9.978773e-01 3.756712e-02 -1.250954e+01 -9.137446e-01 -3.346543e-02 -4.049084e-01 -4.287803e+02
-4.024041e-01 -5.683228e-02 9.136964e-01 8.572479e+02 -5.722673e-02 9.976808e-01 3.685273e-02 -1.240526e+01 -9.136717e-01 -3.745816e-02 -4.047231e-01 -4.289514e+02
-4.032881e-01 -5.622263e-02 9.133443e-01 8.587293e+02 -5.953749e-02 9.976080e-01 3.512081e-02 -1.226945e+01 -9.131342e-01 -4.021442e-02 -4.056708e-01 -4.291877e+02
-4.018503e-01 -5.501438e-02 9.140513e-01 8.591021e+02 -5.862842e-02 9.976914e-01 3.427326e-02 -1.220203e+01 -9.138266e-01 -3.981666e-02 -4.041480e-01 -4.292470e+02
-4.027441e-01 -5.380543e-02 9.137298e-01 8.609067e+02 -5.564151e-02 9.978637e-01 3.423463e-02 -1.203088e+01 -9.136198e-01 -3.705351e-02 -4.048776e-01 -4.296099e+02
-4.029347e-01 -5.279774e-02 9.137045e-01 8.620659e+02 -5.447526e-02 9.979482e-01 3.364264e-02 -1.191291e+01 -9.136061e-01 -3.621851e-02 -4.049842e-01 -4.298066e+02
-4.015588e-01 -5.113129e-02 9.144048e-01 8.627983e+02 -5.306819e-02 9.980617e-01 3.250441e-02 -1.182958e+01 -9.142944e-01 -3.547337e-02 -4.034939e-01 -4.299542e+02
-4.026847e-01 -5.033039e-02 9.139540e-01 8.646068e+02 -5.281538e-02 9.981012e-01 3.169403e-02 -1.167473e+01 -9.138138e-01 -3.550813e-02 -4.045783e-01 -4.303273e+02
-4.033849e-01 -5.095901e-02 9.136103e-01 8.664102e+02 -5.462617e-02 9.980084e-01 3.154753e-02 -1.152081e+01 -9.133984e-01 -3.718123e-02 -4.053652e-01 -4.306774e+02
-4.044628e-01 -5.050758e-02 9.131587e-01 8.681992e+02 -5.518628e-02 9.980022e-01 3.075685e-02 -1.137714e+01 -9.128879e-01 -3.795384e-02 -4.064421e-01 -4.309947e+02
-4.041081e-01 -4.901422e-02 9.133971e-01 8.695639e+02 -5.679780e-02 9.979810e-01 2.842445e-02 -1.123834e+01 -9.129461e-01 -4.039239e-02 -4.060761e-01 -4.312773e+02
-4.043185e-01 -4.839443e-02 9.133370e-01 8.708788e+02 -5.694809e-02 9.979936e-01 2.767014e-02 -1.110393e+01 -9.128436e-01 -4.082525e-02 -4.062633e-01 -4.315087e+02
-4.054913e-01 -4.841680e-02 9.128158e-01 8.729531e+02 -5.811106e-02 9.979417e-01 2.711787e-02 -1.093233e+01 -9.122499e-01 -4.204863e-02 -4.074703e-01 -4.319483e+02
-4.052853e-01 -4.984469e-02 9.128304e-01 8.740216e+02 -5.749464e-02 9.979256e-01 2.896437e-02 -1.083116e+01 -9.123805e-01 -4.074402e-02 -4.073103e-01 -4.321417e+02
-4.045354e-01 -5.369439e-02 9.129447e-01 8.752480e+02 -6.145406e-02 9.976145e-01 3.144326e-02 -1.076702e+01 -9.124552e-01 -4.338425e-02 -4.068701e-01 -4.324098e+02
-4.062290e-01 -5.340415e-02 9.122094e-01 8.768916e+02 -6.214979e-02 9.975938e-01 3.072605e-02 -1.060588e+01 -9.116553e-01 -4.421181e-02 -4.085706e-01 -4.327460e+02
-4.059826e-01 -5.101603e-02 9.124558e-01 8.784434e+02 -6.310725e-02 9.976223e-01 2.769919e-02 -1.046771e+01 -9.116993e-01 -4.633718e-02 -4.082367e-01 -4.331301e+02
-4.056305e-01 -4.928970e-02 9.127072e-01 8.793446e+02 -6.377924e-02 9.976374e-01 2.553112e-02 -1.038320e+01 -9.118092e-01 -4.785557e-02 -4.078158e-01 -4.333073e+02
-4.066493e-01 -4.884718e-02 9.122775e-01 8.814728e+02 -6.368530e-02 9.976561e-01 2.503087e-02 -1.024055e+01 -9.113619e-01 -4.791988e-02 -4.088070e-01 -4.338460e+02
-4.070815e-01 -4.734395e-02 9.121640e-01 8.832952e+02 -6.231432e-02 9.977685e-01 2.397738e-02 -1.006267e+01 -9.112637e-01 -4.708013e-02 -4.091233e-01 -4.343253e+02
-4.083491e-01 -4.563398e-02 9.116844e-01 8.851626e+02 -6.159120e-02 9.978510e-01 2.235992e-02 -9.913910e+00 -9.107456e-01 -4.702109e-02 -4.102822e-01 -4.347816e+02
-4.087289e-01 -4.513509e-02 9.115391e-01 8.864563e+02 -6.083978e-02 9.979022e-01 2.213117e-02 -9.798491e+00 -9.106257e-01 -4.641219e-02 -4.106174e-01 -4.350881e+02
-4.089969e-01 -4.308199e-02 9.115182e-01 8.879367e+02 -5.762021e-02 9.981109e-01 2.132060e-02 -9.671489e+00 -9.107148e-01 -4.380182e-02 -4.107066e-01 -4.354896e+02
-4.084292e-01 -4.039410e-02 9.118958e-01 8.887277e+02 -5.389414e-02 9.983446e-01 2.008485e-02 -9.590515e+00 -9.111976e-01 -4.094260e-02 -4.099301e-01 -4.356932e+02
-4.072313e-01 -3.925002e-02 9.124813e-01 8.898769e+02 -5.291259e-02 9.984120e-01 1.933194e-02 -9.478402e+00 -9.117911e-01 -4.040918e-02 -4.086614e-01 -4.360231e+02
-4.056253e-01 -3.968209e-02 9.131777e-01 8.907678e+02 -5.293938e-02 9.984000e-01 1.987023e-02 -9.418023e+00 -9.125051e-01 -4.028319e-02 -4.070771e-01 -4.363120e+02
-4.040626e-01 -4.071770e-02 9.138246e-01 8.915753e+02 -5.693206e-02 9.981914e-01 1.930342e-02 -9.364535e+00 -9.129579e-01 -4.422612e-02 -4.056500e-01 -4.365792e+02
-4.022570e-01 -4.208063e-02 9.145592e-01 8.928568e+02 -6.119507e-02 9.979449e-01 1.900151e-02 -9.291099e+00 -9.134793e-01 -4.832302e-02 -4.040055e-01 -4.371191e+02
-4.018545e-01 -4.198791e-02 9.147404e-01 8.948037e+02 -6.468302e-02 9.977545e-01 1.738248e-02 -9.277198e+00 -9.134161e-01 -5.218294e-02 -4.036680e-01 -4.377860e+02
-4.006319e-01 -4.139296e-02 9.153036e-01 8.964682e+02 -6.717778e-02 9.976173e-01 1.571147e-02 -9.244164e+00 -9.137731e-01 -5.519354e-02 -4.024580e-01 -4.383407e+02
-3.987545e-01 -4.039863e-02 9.161675e-01 8.975684e+02 -6.636987e-02 9.976807e-01 1.510603e-02 -9.199478e+00 -9.146529e-01 -5.478232e-02 -4.005109e-01 -4.386565e+02
-3.969780e-01 -3.935571e-02 9.169839e-01 8.992782e+02 -6.297011e-02 9.978940e-01 1.556743e-02 -9.057337e+00 -9.156654e-01 -5.156265e-02 -3.986202e-01 -4.394513e+02
-3.956448e-01 -3.902152e-02 9.175743e-01 9.012403e+02 -6.115584e-02 9.979988e-01 1.607220e-02 -8.994662e+00 -9.163652e-01 -4.975614e-02 -3.972394e-01 -4.401988e+02
-3.940212e-01 -3.853202e-02 9.182933e-01 9.030909e+02 -6.008011e-02 9.980637e-01 1.610006e-02 -8.915178e+00 -9.171356e-01 -4.882739e-02 -3.955733e-01 -4.408674e+02
-3.924575e-01 -3.632401e-02 9.190526e-01 9.046734e+02 -6.103773e-02 9.980458e-01 1.338151e-02 -8.837526e+00 -9.177426e-01 -5.084521e-02 -3.939077e-01 -4.414738e+02
-3.909693e-01 -3.452969e-02 9.197558e-01 9.067621e+02 -6.167623e-02 9.980328e-01 1.125109e-02 -8.852078e+00 -9.183349e-01 -5.232824e-02 -3.923299e-01 -4.424277e+02
-3.901704e-01 -3.328034e-02 9.201410e-01 9.090998e+02 -6.041383e-02 9.981184e-01 1.048321e-02 -8.818890e+00 -9.187585e-01 -5.149900e-02 -3.914468e-01 -4.434063e+02
-3.916492e-01 -3.537561e-02 9.194343e-01 9.111416e+02 -5.847157e-02 9.981978e-01 1.349908e-02 -8.863383e+00 -9.182548e-01 -4.847387e-02 -3.930119e-01 -4.436397e+02
-3.904044e-01 -3.758617e-02 9.198759e-01 9.132916e+02 -5.734718e-02 9.982188e-01 1.644855e-02 -8.853737e+00 -9.188556e-01 -4.633070e-02 -3.918645e-01 -4.446159e+02
-3.886462e-01 -3.951255e-02 9.205395e-01 9.152347e+02 -5.901838e-02 9.980960e-01 1.792433e-02 -8.817339e+00 -9.194950e-01 -4.736253e-02 -3.902381e-01 -4.455614e+02
-3.872583e-01 -4.128762e-02 9.210463e-01 9.167746e+02 -6.410218e-02 9.977850e-01 1.777551e-02 -8.740731e+00 -9.197402e-01 -5.215737e-02 -3.890471e-01 -4.462200e+02
-3.871475e-01 -4.028932e-02 9.211371e-01 9.191168e+02 -6.696165e-02 9.976353e-01 1.549174e-02 -8.693326e+00 -9.195830e-01 -5.568327e-02 -3.889299e-01 -4.471628e+02
-3.851851e-01 -3.954193e-02 9.219918e-01 9.210749e+02 -6.780426e-02 9.975939e-01 1.445739e-02 -8.683257e+00 -9.203450e-01 -5.694619e-02 -3.869395e-01 -4.482198e+02
-3.854052e-01 -3.749319e-02 9.219854e-01 9.232361e+02 -6.752999e-02 9.976409e-01 1.234111e-02 -8.587545e+00 -9.202731e-01 -5.750533e-02 -3.870279e-01 -4.489336e+02
-3.854582e-01 -3.497472e-02 9.220622e-01 9.254747e+02 -6.604612e-02 9.977641e-01 1.023629e-02 -8.494684e+00 -9.203586e-01 -5.695298e-02 -3.869063e-01 -4.497461e+02
-3.850354e-01 -3.425848e-02 9.222657e-01 9.276887e+02 -6.518469e-02 9.978246e-01 9.851325e-03 -8.505395e+00 -9.205969e-01 -5.632450e-02 -3.864309e-01 -4.506950e+02
-3.845046e-01 -3.293534e-02 9.225354e-01 9.297134e+02 -6.223978e-02 9.980142e-01 9.689011e-03 -8.500268e+00 -9.210225e-01 -5.369293e-02 -3.857909e-01 -4.515330e+02
-3.835103e-01 -3.223400e-02 9.229739e-01 9.316809e+02 -6.004441e-02 9.981465e-01 9.909935e-03 -8.424937e+00 -9.215826e-01 -5.161886e-02 -3.847349e-01 -4.523756e+02
-3.830374e-01 -3.453989e-02 9.230868e-01 9.339554e+02 -6.097560e-02 9.980666e-01 1.204347e-02 -8.415756e+00 -9.217181e-01 -5.167267e-02 -3.844030e-01 -4.532632e+02
-3.828355e-01 -3.423147e-02 9.231821e-01 9.362775e+02 -6.184402e-02 9.980212e-01 1.136033e-02 -8.385932e+00 -9.217442e-01 -5.274416e-02 -3.841949e-01 -4.542119e+02
-3.800065e-01 -3.078781e-02 9.244713e-01 9.376813e+02 -5.974400e-02 9.981760e-01 8.684468e-03 -8.395120e+00 -9.230524e-01 -5.193146e-02 -3.811527e-01 -4.548737e+02
-3.781168e-01 -2.594313e-02 9.253943e-01 9.397168e+02 -5.563504e-02 9.984373e-01 5.258353e-03 -8.364330e+00 -9.240846e-01 -4.949608e-02 -3.789693e-01 -4.556880e+02
-3.759511e-01 -2.477132e-02 9.263083e-01 9.420994e+02 -5.494719e-02 9.984796e-01 4.400482e-03 -8.369995e+00 -9.250090e-01 -4.924367e-02 -3.767406e-01 -4.566679e+02
-3.743341e-01 -2.525325e-02 9.269500e-01 9.440517e+02 -5.335218e-02 9.985597e-01 5.658710e-03 -8.364161e+00 -9.257578e-01 -4.733656e-02 -3.751422e-01 -4.575344e+02
-3.714480e-01 -2.418608e-02 9.281387e-01 9.459878e+02 -5.425218e-02 9.985180e-01 4.307947e-03 -8.344967e+00 -9.268674e-01 -4.875337e-02 -3.722096e-01 -4.585717e+02
-3.672014e-01 -2.943913e-02 9.296755e-01 9.476236e+02 -5.665963e-02 9.983508e-01 9.234496e-03 -8.411549e+00 -9.284142e-01 -4.928415e-02 -3.682638e-01 -4.596574e+02
-3.658803e-01 -3.359864e-02 9.300552e-01 9.498507e+02 -5.768519e-02 9.982453e-01 1.336890e-02 -8.376195e+00 -9.288724e-01 -4.875900e-02 -3.671764e-01 -4.606187e+02
-3.645277e-01 -3.360022e-02 9.305861e-01 9.522925e+02 -5.653551e-02 9.983038e-01 1.389927e-02 -8.336276e+00 -9.294747e-01 -4.754449e-02 -3.658090e-01 -4.616233e+02
-3.608380e-01 -3.042375e-02 9.321322e-01 9.542840e+02 -5.522996e-02 9.984108e-01 1.120693e-02 -8.320638e+00 -9.309917e-01 -4.743774e-02 -3.619448e-01 -4.626900e+02
-3.586409e-01 -2.713194e-02 9.330812e-01 9.564374e+02 -5.515926e-02 9.984469e-01 7.831501e-03 -8.321162e+00 -9.318445e-01 -4.865937e-02 -3.595805e-01 -4.635480e+02
-3.545933e-01 -2.628986e-02 9.346510e-01 9.585042e+02 -5.556960e-02 9.984303e-01 7.001533e-03 -8.350671e+00 -9.333679e-01 -4.945548e-02 -3.554976e-01 -4.647308e+02
-3.517186e-01 -2.681746e-02 9.357216e-01 9.603750e+02 -5.480767e-02 9.984648e-01 8.014577e-03 -8.372902e+00 -9.344999e-01 -4.846584e-02 -3.526484e-01 -4.655974e+02
-3.487963e-01 -2.699865e-02 9.368096e-01 9.623454e+02 -5.475445e-02 9.984646e-01 8.389157e-03 -8.348294e+00 -9.355977e-01 -4.836838e-02 -3.497391e-01 -4.664840e+02
-3.456230e-01 -2.752924e-02 9.379695e-01 9.645592e+02 -5.487565e-02 9.984519e-01 9.083806e-03 -8.333037e+00 -9.367675e-01 -4.833212e-02 -3.465986e-01 -4.675095e+02
-3.427586e-01 -2.878508e-02 9.389824e-01 9.665770e+02 -5.518823e-02 9.984212e-01 1.046174e-02 -8.345297e+00 -9.378010e-01 -4.823493e-02 -3.438061e-01 -4.684205e+02
-3.394800e-01 -2.755372e-02 9.402096e-01 9.687270e+02 -5.539384e-02 9.984217e-01 9.258714e-03 -8.294958e+00 -9.389807e-01 -4.893867e-02 -3.404705e-01 -4.694107e+02
-3.368082e-01 -2.551112e-02 9.412276e-01 9.709077e+02 -5.512648e-02 9.984524e-01 7.335725e-03 -8.275215e+00 -9.399581e-01 -4.941583e-02 -3.376933e-01 -4.702829e+02
-3.335285e-01 -2.476851e-02 9.424146e-01 9.729933e+02 -5.570838e-02 9.984258e-01 6.524933e-03 -8.290747e+00 -9.410926e-01 -5.032413e-02 -3.343833e-01 -4.711662e+02
-3.310240e-01 -2.519822e-02 9.432858e-01 9.753929e+02 -5.659814e-02 9.983738e-01 6.808018e-03 -8.272595e+00 -9.419235e-01 -5.113461e-02 -3.319118e-01 -4.720926e+02
-3.278421e-01 -2.502000e-02 9.444011e-01 9.774826e+02 -5.602813e-02 9.984046e-01 7.000946e-03 -8.303792e+00 -9.430697e-01 -5.061782e-02 -3.287209e-01 -4.730107e+02
-3.258593e-01 -2.287984e-02 9.451414e-01 9.797317e+02 -5.560113e-02 9.984405e-01 5.000326e-03 -8.303162e+00 -9.437819e-01 -5.092152e-02 -3.266233e-01 -4.737766e+02
-3.235109e-01 -2.166100e-02 9.459765e-01 9.820977e+02 -5.630656e-02 9.984070e-01 3.605481e-03 -8.331351e+00 -9.445476e-01 -5.209827e-02 -3.242153e-01 -4.746463e+02
-3.217576e-01 -2.120990e-02 9.465845e-01 9.843978e+02 -5.718434e-02 9.983593e-01 2.932231e-03 -8.338272e+00 -9.450936e-01 -5.318634e-02 -3.224426e-01 -4.754668e+02
-3.193339e-01 -1.999545e-02 9.474313e-01 9.865093e+02 -5.730404e-02 9.983552e-01 1.755734e-03 -8.372823e+00 -9.459081e-01 -5.373097e-02 -3.199545e-01 -4.762602e+02
-3.165521e-01 -1.971694e-02 9.483702e-01 9.888098e+02 -5.743519e-02 9.983480e-01 1.584970e-03 -8.454850e+00 -9.468347e-01 -5.396809e-02 -3.171616e-01 -4.771663e+02
-3.126438e-01 -1.944607e-02 9.496714e-01 9.909641e+02 -5.719425e-02 9.983618e-01 1.614016e-03 -8.476930e+00 -9.481470e-01 -5.381113e-02 -3.132438e-01 -4.781283e+02
-3.101667e-01 -1.976460e-02 9.504767e-01 9.934975e+02 -5.746078e-02 9.983457e-01 2.008974e-03 -8.531023e+00 -9.489441e-01 -5.399201e-02 -3.107893e-01 -4.791003e+02
-3.081239e-01 -2.000072e-02 9.511360e-01 9.958635e+02 -5.840418e-02 9.982909e-01 2.072060e-03 -8.536828e+00 -9.495518e-01 -5.491186e-02 -3.087654e-01 -4.799636e+02
-3.064078e-01 -2.108582e-02 9.516668e-01 9.983219e+02 -5.962621e-02 9.982165e-01 2.919382e-03 -8.563794e+00 -9.500310e-01 -5.584976e-02 -3.071186e-01 -4.807505e+02
-3.060045e-01 -2.076988e-02 9.518035e-01 1.000838e+03 -6.162406e-02 9.980975e-01 1.967973e-03 -8.563109e+00 -9.500335e-01 -5.805179e-02 -3.067023e-01 -4.815635e+02
-3.063413e-01 -2.088126e-02 9.516927e-01 1.003215e+03 -6.325972e-02 9.979959e-01 1.534478e-03 -8.583571e+00 -9.498175e-01 -5.973374e-02 -3.070483e-01 -4.822894e+02
-3.053199e-01 -2.146948e-02 9.520078e-01 1.005557e+03 -6.386929e-02 9.979562e-01 2.022082e-03 -8.606612e+00 -9.501055e-01 -6.018668e-02 -3.060671e-01 -4.830675e+02
-3.055567e-01 -2.123493e-02 9.519371e-01 1.008281e+03 -6.410719e-02 9.979416e-01 1.683765e-03 -8.609966e+00 -9.500133e-01 -6.051152e-02 -3.062891e-01 -4.839703e+02
-3.049394e-01 -2.033972e-02 9.521545e-01 1.010795e+03 -6.469796e-02 9.979047e-01 5.966995e-04 -8.642757e+00 -9.501716e-01 -6.142050e-02 -3.056164e-01 -4.848005e+02
-3.035423e-01 -2.088563e-02 9.525890e-01 1.013151e+03 -6.375666e-02 9.979642e-01 1.564439e-03 -8.670595e+00 -9.506825e-01 -6.025902e-02 -3.042560e-01 -4.856167e+02
-3.019105e-01 -2.102647e-02 9.531044e-01 1.015392e+03 -6.357495e-02 9.979753e-01 1.878023e-03 -8.712136e+00 -9.512141e-01 -6.002656e-02 -3.026360e-01 -4.864267e+02
-3.013777e-01 -1.868637e-02 9.533217e-01 1.017902e+03 -6.346387e-02 9.979840e-01 -5.012963e-04 -8.751026e+00 -9.513905e-01 -6.065256e-02 -3.019560e-01 -4.871913e+02
-3.013031e-01 -1.920232e-02 9.533351e-01 1.020276e+03 -6.443779e-02 9.979217e-01 -2.652756e-04 -8.785606e+00 -9.513486e-01 -6.151073e-02 -3.019142e-01 -4.879368e+02
-3.008952e-01 -2.169979e-02 9.534103e-01 1.022616e+03 -6.517118e-02 9.978718e-01 2.143792e-03 -8.808121e+00 -9.514278e-01 -6.148982e-02 -3.016690e-01 -4.887023e+02
-3.012671e-01 -2.136058e-02 9.533005e-01 1.024985e+03 -6.594063e-02 9.978224e-01 1.519273e-03 -8.817177e+00 -9.512570e-01 -6.240353e-02 -3.020196e-01 -4.894494e+02
-2.995642e-01 -1.920339e-02 9.538829e-01 1.027447e+03 -6.475595e-02 9.979011e-01 -2.468645e-04 -8.835723e+00 -9.518760e-01 -6.184354e-02 -3.001790e-01 -4.902249e+02
-2.975555e-01 -1.707980e-02 9.545517e-01 1.029840e+03 -6.478798e-02 9.978963e-01 -2.340521e-03 -8.870488e+00 -9.525037e-01 -6.253991e-02 -2.980361e-01 -4.910231e+02
-2.958203e-01 -1.666496e-02 9.550982e-01 1.032104e+03 -6.338172e-02 9.979869e-01 -2.217768e-03 -8.881036e+00 -9.531385e-01 -6.119183e-02 -2.962811e-01 -4.917728e+02
-2.946809e-01 -2.051615e-02 9.553755e-01 1.034494e+03 -6.586838e-02 9.978277e-01 1.111015e-03 -8.933952e+00 -9.533229e-01 -6.260164e-02 -2.953921e-01 -4.925282e+02
-2.933254e-01 -2.248557e-02 9.557482e-01 1.036958e+03 -6.521642e-02 9.978651e-01 3.461099e-03 -8.924784e+00 -9.537856e-01 -6.131525e-02 -2.941656e-01 -4.933229e+02
-2.920773e-01 -2.389968e-02 9.560961e-01 1.039385e+03 -6.519751e-02 9.978597e-01 5.026496e-03 -8.930585e+00 -9.541699e-01 -6.086696e-02 -2.930103e-01 -4.940993e+02
-2.910792e-01 -2.450645e-02 9.563850e-01 1.041879e+03 -6.691079e-02 9.977454e-01 5.201736e-03 -8.950742e+00 -9.543563e-01 -6.247836e-02 -2.920627e-01 -4.948470e+02
-2.883481e-01 -2.371879e-02 9.572319e-01 1.044347e+03 -6.917631e-02 9.975969e-01 3.880921e-03 -8.966112e+00 -9.550236e-01 -6.509871e-02 -2.892959e-01 -4.956062e+02
-2.876201e-01 -2.330288e-02 9.574611e-01 1.046884e+03 -7.051558e-02 9.975059e-01 3.094709e-03 -8.980278e+00 -9.551451e-01 -6.662582e-02 -2.885459e-01 -4.963631e+02
-2.867801e-01 -2.335177e-02 9.577118e-01 1.049416e+03 -7.054993e-02 9.975031e-01 3.196317e-03 -9.003323e+00 -9.553951e-01 -6.664986e-02 -2.877115e-01 -4.971041e+02
-2.852391e-01 -2.327607e-02 9.581737e-01 1.051953e+03 -7.144296e-02 9.974403e-01 2.962051e-03 -9.031672e+00 -9.557900e-01 -6.760988e-02 -2.861719e-01 -4.978699e+02
-2.838294e-01 -2.159413e-02 9.586316e-01 1.054498e+03 -7.038476e-02 9.975186e-01 1.630744e-03 -9.057926e+00 -9.562881e-01 -6.701020e-02 -2.846450e-01 -4.986413e+02
-2.821766e-01 -2.043840e-02 9.591447e-01 1.057167e+03 -7.064660e-02 9.975013e-01 4.717819e-04 -9.069224e+00 -9.567578e-01 -6.762719e-02 -2.829155e-01 -4.994857e+02
-2.801983e-01 -2.068540e-02 9.597193e-01 1.059819e+03 -7.155113e-02 9.974367e-01 6.083837e-04 -9.079099e+00 -9.572718e-01 -6.849853e-02 -2.809601e-01 -5.003816e+02
-2.794395e-01 -2.152951e-02 9.599219e-01 1.062295e+03 -7.189211e-02 9.974114e-01 1.442075e-03 -9.090969e+00 -9.574681e-01 -6.860784e-02 -2.802639e-01 -5.010986e+02
-2.777154e-01 -2.133721e-02 9.604264e-01 1.064840e+03 -7.071149e-02 9.974953e-01 1.713923e-03 -9.107175e+00 -9.580574e-01 -6.743720e-02 -2.785286e-01 -5.018471e+02
-2.771178e-01 -2.157255e-02 9.605937e-01 1.067490e+03 -7.043601e-02 9.975141e-01 2.081892e-03 -9.144692e+00 -9.582507e-01 -6.708346e-02 -2.779484e-01 -5.025847e+02
-2.762052e-01 -2.280256e-02 9.608281e-01 1.070037e+03 -7.106801e-02 9.974662e-01 3.242439e-03 -9.177988e+00 -9.584675e-01 -6.738857e-02 -2.771259e-01 -5.032789e+02
-2.750702e-01 -2.252367e-02 9.611603e-01 1.072437e+03 -7.133325e-02 9.974481e-01 2.959490e-03 -9.200865e+00 -9.587742e-01 -6.774861e-02 -2.759750e-01 -5.039676e+02
-2.720544e-01 -2.198880e-02 9.620306e-01 1.074807e+03 -7.109164e-02 9.974661e-01 2.694603e-03 -9.205116e+00 -9.596522e-01 -6.765926e-02 -2.729283e-01 -5.047687e+02
-2.692558e-01 -2.160662e-02 9.628263e-01 1.077176e+03 -7.114589e-02 9.974628e-01 2.487839e-03 -9.248046e+00 -9.604372e-01 -6.783127e-02 -2.701099e-01 -5.054693e+02
-2.664304e-01 -2.008458e-02 9.636449e-01 1.079740e+03 -7.129598e-02 9.974546e-01 1.077203e-03 -9.274885e+00 -9.612137e-01 -6.841700e-02 -2.671842e-01 -5.061797e+02
-2.628887e-01 -1.917003e-02 9.646357e-01 1.082282e+03 -7.212106e-02 9.973959e-01 1.661731e-04 -9.337007e+00 -9.621269e-01 -6.952686e-02 -2.635867e-01 -5.069010e+02
-2.611102e-01 -1.716647e-02 9.651563e-01 1.084926e+03 -7.210309e-02 9.973956e-01 -1.766645e-03 -9.379885e+00 -9.626124e-01 -7.005205e-02 -2.616680e-01 -5.075592e+02
-2.586014e-01 -1.648853e-02 9.658434e-01 1.087427e+03 -7.185123e-02 9.974129e-01 -2.210451e-03 -9.415114e+00 -9.633082e-01 -6.996866e-02 -2.591171e-01 -5.082526e+02
-2.568673e-01 -1.815413e-02 9.662762e-01 1.089882e+03 -7.305898e-02 9.973274e-01 -6.839188e-04 -9.460989e+00 -9.636813e-01 -7.077083e-02 -2.575071e-01 -5.089066e+02
-2.555922e-01 -1.916349e-02 9.665947e-01 1.092446e+03 -7.441206e-02 9.972276e-01 9.437483e-05 -9.488336e+00 -9.639167e-01 -7.190218e-02 -2.563096e-01 -5.095600e+02
-2.547346e-01 -1.804442e-02 9.668426e-01 1.094971e+03 -7.581330e-02 9.971211e-01 -1.365067e-03 -9.510652e+00 -9.640345e-01 -7.364726e-02 -2.553693e-01 -5.102104e+02
-2.537193e-01 -1.737761e-02 9.671218e-01 1.097583e+03 -7.825221e-02 9.969302e-01 -2.615838e-03 -9.538627e+00 -9.641074e-01 -7.634311e-02 -2.543002e-01 -5.109264e+02
-2.509820e-01 -1.577654e-02 9.678632e-01 1.100253e+03 -7.846284e-02 9.969086e-01 -4.096641e-03 -9.579904e+00 -9.648065e-01 -7.696948e-02 -2.514440e-01 -5.118469e+02
-2.495049e-01 -1.516053e-02 9.682548e-01 1.102587e+03 -7.820498e-02 9.969270e-01 -4.542801e-03 -9.636794e+00 -9.652105e-01 -7.685580e-02 -2.499238e-01 -5.124838e+02
-2.483224e-01 -1.561490e-02 9.685516e-01 1.105186e+03 -7.825524e-02 9.969254e-01 -3.991155e-03 -9.671668e+00 -9.655113e-01 -7.678533e-02 -2.487808e-01 -5.131447e+02
-2.472718e-01 -1.548363e-02 9.688224e-01 1.107804e+03 -7.835018e-02 9.969176e-01 -4.064607e-03 -9.706965e+00 -9.657732e-01 -7.691247e-02 -2.477228e-01 -5.137922e+02
-2.463743e-01 -1.579278e-02 9.690461e-01 1.110425e+03 -7.820869e-02 9.969304e-01 -3.636879e-03 -9.740653e+00 -9.660140e-01 -7.668386e-02 -2.468531e-01 -5.144529e+02
-2.444081e-01 -1.621721e-02 9.695368e-01 1.113081e+03 -7.831155e-02 9.969242e-01 -3.066053e-03 -9.761609e+00 -9.665050e-01 -7.667531e-02 -2.449263e-01 -5.151607e+02
-2.431333e-01 -1.685761e-02 9.698464e-01 1.116053e+03 -7.939874e-02 9.968396e-01 -2.577875e-03 -9.747209e+00 -9.667378e-01 -7.763135e-02 -2.437033e-01 -5.159731e+02
-2.419644e-01 -1.741157e-02 9.701289e-01 1.118712e+03 -7.941846e-02 9.968395e-01 -1.917169e-03 -9.769105e+00 -9.670294e-01 -7.751003e-02 -2.425825e-01 -5.166470e+02
-2.408324e-01 -1.853081e-02 9.703898e-01 1.121336e+03 -7.842471e-02 9.969199e-01 -4.260897e-04 -9.793907e+00 -9.673931e-01 -7.620516e-02 -2.415439e-01 -5.173169e+02
-2.397178e-01 -1.791842e-02 9.706772e-01 1.124243e+03 -7.919098e-02 9.968588e-01 -1.155232e-03 -9.786691e+00 -9.676074e-01 -7.714581e-02 -2.403838e-01 -5.180762e+02
-2.384673e-01 -1.453520e-02 9.710418e-01 1.126945e+03 -8.062873e-02 9.967323e-01 -4.880950e-03 -9.805412e+00 -9.677977e-01 -7.945781e-02 -2.388600e-01 -5.188208e+02
-2.373506e-01 -9.157399e-03 9.713809e-01 1.129778e+03 -8.132227e-02 9.966328e-01 -1.047511e-02 -9.833384e+00 -9.680141e-01 -8.148118e-02 -2.372961e-01 -5.195215e+02
-2.361627e-01 -2.922914e-03 9.717091e-01 1.132589e+03 -8.316173e-02 9.963874e-01 -1.721435e-02 -9.853904e+00 -9.681484e-01 -8.487440e-02 -2.355526e-01 -5.202301e+02
-2.352860e-01 -1.681400e-03 9.719247e-01 1.135221e+03 -8.274002e-02 9.964030e-01 -1.830616e-02 -9.928910e+00 -9.683980e-01 -8.472426e-02 -2.345788e-01 -5.208412e+02
-2.343149e-01 -4.130352e-03 9.721520e-01 1.137815e+03 -8.259478e-02 9.964599e-01 -1.567394e-02 -9.994235e+00 -9.686458e-01 -8.396731e-02 -2.338266e-01 -5.214562e+02
-2.335396e-01 -5.548331e-03 9.723315e-01 1.140546e+03 -8.325256e-02 9.964257e-01 -1.431022e-02 -1.005893e+01 -9.687767e-01 -8.429109e-02 -2.331668e-01 -5.221012e+02
-2.328101e-01 -8.471015e-03 9.724853e-01 1.143105e+03 -8.446442e-02 9.963597e-01 -1.154155e-02 -1.012666e+01 -9.688474e-01 -8.482740e-02 -2.326780e-01 -5.227272e+02
-2.308676e-01 -1.049839e-02 9.729285e-01 1.145578e+03 -8.590679e-02 9.962566e-01 -9.634834e-03 -1.018190e+01 -9.691853e-01 -8.580554e-02 -2.309053e-01 -5.233807e+02
-2.300492e-01 -1.060225e-02 9.731212e-01 1.148192e+03 -8.526246e-02 9.963151e-01 -9.301394e-03 -1.023738e+01 -9.694368e-01 -8.511049e-02 -2.301055e-01 -5.239816e+02
-2.300169e-01 -1.093099e-02 9.731252e-01 1.150916e+03 -8.560491e-02 9.962881e-01 -9.043188e-03 -1.029584e+01 -9.694143e-01 -8.538438e-02 -2.300989e-01 -5.245624e+02
-2.283547e-01 -9.924649e-03 9.735274e-01 1.153595e+03 -8.709806e-02 9.961468e-01 -1.027485e-02 -1.034371e+01 -9.696742e-01 -8.713866e-02 -2.283392e-01 -5.252411e+02
-2.274674e-01 -8.224044e-03 9.737510e-01 1.156187e+03 -8.598494e-02 9.962281e-01 -1.167213e-02 -1.042427e+01 -9.699820e-01 -8.638294e-02 -2.273166e-01 -5.258364e+02
-2.268105e-01 -6.733597e-03 9.739156e-01 1.158793e+03 -8.635625e-02 9.961766e-01 -1.322358e-02 -1.049784e+01 -9.701029e-01 -8.710295e-02 -2.265248e-01 -5.264263e+02
-2.263539e-01 -5.976351e-03 9.740268e-01 1.161496e+03 -8.726516e-02 9.960844e-01 -1.416784e-02 -1.056494e+01 -9.701282e-01 -8.820555e-02 -2.259891e-01 -5.270355e+02
-2.254735e-01 -6.698532e-03 9.742263e-01 1.164101e+03 -8.718014e-02 9.961034e-01 -1.332789e-02 -1.063227e+01 -9.703408e-01 -8.793827e-02 -2.251789e-01 -5.276231e+02
-2.242304e-01 -7.461877e-03 9.745076e-01 1.166641e+03 -8.821819e-02 9.960206e-01 -1.267206e-02 -1.069689e+01 -9.705350e-01 -8.881075e-02 -2.239964e-01 -5.282230e+02
-2.242932e-01 -7.283183e-03 9.744945e-01 1.169276e+03 -8.898414e-02 9.959477e-01 -1.303740e-02 -1.076657e+01 -9.704506e-01 -8.963875e-02 -2.240324e-01 -5.287894e+02
-2.239093e-01 -7.529258e-03 9.745809e-01 1.171962e+03 -8.911137e-02 9.959397e-01 -1.277900e-02 -1.082983e+01 -9.705276e-01 -8.970757e-02 -2.236711e-01 -5.293783e+02
-2.223327e-01 -6.111057e-03 9.749517e-01 1.174666e+03 -8.869368e-02 9.959608e-01 -1.398339e-02 -1.088575e+01 -9.709282e-01 -8.958102e-02 -2.219767e-01 -5.300714e+02
-2.212373e-01 -4.185481e-03 9.752110e-01 1.177342e+03 -8.812319e-02 9.959856e-01 -1.571706e-02 -1.096396e+01 -9.712303e-01 -8.941590e-02 -2.207180e-01 -5.306842e+02
-2.195193e-01 -2.882463e-03 9.756039e-01 1.179975e+03 -8.808885e-02 9.959696e-01 -1.687811e-02 -1.104743e+01 -9.716232e-01 -8.964489e-02 -2.188884e-01 -5.313247e+02
-2.181566e-01 -2.181224e-03 9.759113e-01 1.182706e+03 -8.874253e-02 9.958989e-01 -1.761173e-02 -1.113106e+01 -9.718706e-01 -9.044695e-02 -2.174555e-01 -5.319652e+02
-2.159053e-01 -2.280932e-03 9.764116e-01 1.185361e+03 -8.986741e-02 9.957992e-01 -1.754536e-02 -1.119867e+01 -9.722699e-01 -9.153572e-02 -2.152033e-01 -5.326422e+02
-2.149773e-01 -3.931074e-03 9.766111e-01 1.188022e+03 -9.024262e-02 9.957936e-01 -1.585644e-02 -1.128202e+01 -9.724408e-01 -9.154073e-02 -2.144277e-01 -5.332191e+02
-2.151465e-01 -3.176333e-03 9.765766e-01 1.190667e+03 -8.904568e-02 9.958929e-01 -1.637822e-02 -1.136175e+01 -9.725137e-01 -9.048365e-02 -2.145457e-01 -5.337230e+02
-2.142051e-01 -2.512517e-03 9.767855e-01 1.193287e+03 -8.951218e-02 9.958395e-01 -1.706813e-02 -1.143299e+01 -9.726787e-01 -9.109027e-02 -2.135388e-01 -5.342834e+02
-2.137689e-01 -2.550006e-03 9.768809e-01 1.195950e+03 -8.980381e-02 9.958135e-01 -1.705216e-02 -1.151284e+01 -9.727477e-01 -9.137286e-02 -2.131030e-01 -5.348331e+02
-2.129390e-01 -2.660211e-03 9.770619e-01 1.198590e+03 -9.053259e-02 9.957481e-01 -1.701941e-02 -1.160793e+01 -9.728622e-01 -9.208004e-02 -2.122744e-01 -5.353910e+02
-2.125660e-01 -1.578290e-03 9.771454e-01 1.201208e+03 -9.217109e-02 9.955724e-01 -1.844263e-02 -1.168343e+01 -9.727899e-01 -9.398483e-02 -2.117703e-01 -5.359338e+02
-2.116910e-01 1.259331e-03 9.773358e-01 1.203881e+03 -9.318697e-02 9.954172e-01 -2.146694e-02 -1.177273e+01 -9.728839e-01 -9.561932e-02 -2.106035e-01 -5.365028e+02
-2.113519e-01 2.837387e-03 9.774059e-01 1.206550e+03 -9.391543e-02 9.953099e-01 -2.319741e-02 -1.185958e+01 -9.728876e-01 -9.669631e-02 -2.100942e-01 -5.370480e+02
-2.107952e-01 1.963667e-03 9.775283e-01 1.209185e+03 -9.273474e-02 9.954478e-01 -2.199708e-02 -1.197817e+01 -9.731216e-01 -9.528771e-02 -2.096536e-01 -5.375754e+02
-2.103172e-01 5.416409e-04 9.776331e-01 1.211916e+03 -9.216107e-02 9.955356e-01 -2.037807e-02 -1.207998e+01 -9.732795e-01 -9.438556e-02 -2.093283e-01 -5.381217e+02
-2.095586e-01 -5.920893e-04 9.777959e-01 1.214591e+03 -9.324859e-02 9.954542e-01 -1.938201e-02 -1.217809e+01 -9.733395e-01 -9.523975e-02 -2.086612e-01 -5.386605e+02
-2.088722e-01 4.572934e-04 9.779428e-01 1.217276e+03 -9.396629e-02 9.953636e-01 -2.053507e-02 -1.227958e+01 -9.734181e-01 -9.618286e-02 -2.078608e-01 -5.392121e+02
-2.082150e-01 1.940032e-03 9.780812e-01 1.219945e+03 -9.435142e-02 9.952945e-01 -2.205981e-02 -1.237637e+01 -9.735216e-01 -9.687653e-02 -2.070522e-01 -5.397290e+02
-2.077287e-01 2.878833e-03 9.781822e-01 1.222554e+03 -9.460774e-02 9.952484e-01 -2.302014e-02 -1.247664e+01 -9.736006e-01 -9.732555e-02 -2.064693e-01 -5.402694e+02
-2.066411e-01 3.530209e-03 9.784104e-01 1.225193e+03 -9.430326e-02 9.952659e-01 -2.350796e-02 -1.258508e+01 -9.738616e-01 -9.712500e-02 -2.053300e-01 -5.408003e+02
-2.054545e-01 3.641496e-03 9.786599e-01 1.227839e+03 -9.359616e-02 9.953363e-01 -2.335261e-02 -1.268377e+01 -9.741808e-01 -9.639671e-02 -2.041554e-01 -5.413348e+02
-2.048608e-01 3.393939e-03 9.787852e-01 1.230459e+03 -9.170372e-02 9.955288e-01 -2.264569e-02 -1.278567e+01 -9.744857e-01 -9.439746e-02 -2.036336e-01 -5.418634e+02
-2.040882e-01 2.367657e-03 9.789496e-01 1.233190e+03 -9.305313e-02 9.954223e-01 -2.180691e-02 -1.287466e+01 -9.745199e-01 -9.554486e-02 -2.029337e-01 -5.424136e+02
-2.030897e-01 2.340403e-03 9.791573e-01 1.235873e+03 -9.471105e-02 9.952612e-01 -2.202317e-02 -1.297486e+01 -9.745688e-01 -9.720970e-02 -2.019056e-01 -5.429378e+02
-2.007637e-01 2.405167e-03 9.796367e-01 1.238585e+03 -9.531506e-02 9.952045e-01 -2.197696e-02 -1.306941e+01 -9.749918e-01 -9.778632e-02 -1.995717e-01 -5.435788e+02
-2.005095e-01 2.756773e-03 9.796879e-01 1.241148e+03 -9.595073e-02 9.951332e-01 -2.243816e-02 -1.317875e+01 -9.749817e-01 -9.850083e-02 -1.992692e-01 -5.440538e+02
-1.993711e-01 2.918202e-03 9.799197e-01 1.243876e+03 -9.704435e-02 9.950210e-01 -2.270748e-02 -1.326692e+01 -9.751070e-01 -9.962289e-02 -1.980952e-01 -5.446126e+02
-1.991010e-01 2.825047e-03 9.799749e-01 1.246500e+03 -9.731671e-02 9.949959e-01 -2.264014e-02 -1.336760e+01 -9.751350e-01 -9.987560e-02 -1.978298e-01 -5.451380e+02
-1.987296e-01 3.192465e-03 9.800492e-01 1.249239e+03 -9.797493e-02 9.949206e-01 -2.310778e-02 -1.344773e+01 -9.751448e-01 -1.006125e-01 -1.974073e-01 -5.456707e+02
-1.985332e-01 3.793215e-03 9.800868e-01 1.251986e+03 -9.824772e-02 9.948785e-01 -2.375220e-02 -1.359032e+01 -9.751574e-01 -1.010069e-01 -1.971437e-01 -5.461595e+02
-1.953551e-01 4.794647e-03 9.807209e-01 1.254777e+03 -9.839924e-02 9.948463e-01 -2.446438e-02 -1.368241e+01 -9.757838e-01 -1.012814e-01 -1.938765e-01 -5.468654e+02
-1.898109e-01 5.273884e-03 9.818065e-01 1.257598e+03 -9.869475e-02 9.948180e-01 -2.442426e-02 -1.383876e+01 -9.768476e-01 -1.015351e-01 -1.883068e-01 -5.477380e+02
-1.879853e-01 6.102691e-03 9.821529e-01 1.260209e+03 -9.996396e-02 9.946690e-01 -2.531369e-02 -1.394197e+01 -9.770715e-01 -1.029385e-01 -1.863731e-01 -5.482673e+02
-1.831694e-01 7.691296e-03 9.830513e-01 1.263112e+03 -1.006308e-01 9.945700e-01 -2.653170e-02 -1.404715e+01 -9.779174e-01 -1.037850e-01 -1.814009e-01 -5.490435e+02
-1.831941e-01 8.983653e-03 9.830357e-01 1.265795e+03 -1.019813e-01 9.943896e-01 -2.809219e-02 -1.414887e+01 -9.777728e-01 -1.053976e-01 -1.812501e-01 -5.494742e+02
-1.828669e-01 8.790268e-03 9.830984e-01 1.268353e+03 -1.031487e-01 9.942696e-01 -2.807692e-02 -1.425567e+01 -9.777116e-01 -1.065397e-01 -1.809123e-01 -5.498985e+02
-1.806049e-01 8.641731e-03 9.835178e-01 1.270669e+03 -1.033169e-01 9.942625e-01 -2.770837e-02 -1.439468e+01 -9.781143e-01 -1.066182e-01 -1.786758e-01 -5.503832e+02
-1.795295e-01 8.034914e-03 9.837198e-01 1.273291e+03 -1.037791e-01 9.942322e-01 -2.706053e-02 -1.449004e+01 -9.782633e-01 -1.069478e-01 -1.776601e-01 -5.508624e+02
-1.779213e-01 8.271912e-03 9.840100e-01 1.275764e+03 -1.032717e-01 9.942858e-01 -2.703110e-02 -1.457670e+01 -9.786107e-01 -1.064298e-01 -1.760503e-01 -5.513248e+02
-1.748456e-01 8.585280e-03 9.845584e-01 1.278588e+03 -1.029897e-01 9.943170e-01 -2.696009e-02 -1.466218e+01 -9.791946e-01 -1.061132e-01 -1.729677e-01 -5.519344e+02
-1.735810e-01 8.584814e-03 9.847822e-01 1.280900e+03 -1.024283e-01 9.943814e-01 -2.672286e-02 -1.473727e+01 -9.794785e-01 -1.055082e-01 -1.717264e-01 -5.523734e+02
-1.724762e-01 1.023173e-02 9.849605e-01 1.283336e+03 -1.003394e-01 9.945620e-01 -2.790187e-02 -1.482254e+01 -9.798898e-01 -1.036427e-01 -1.705116e-01 -5.527759e+02
-1.711665e-01 1.029934e-02 9.851883e-01 1.285948e+03 -9.915183e-02 9.946888e-01 -2.762529e-02 -1.493386e+01 -9.802402e-01 -1.024117e-01 -1.692362e-01 -5.532116e+02
-1.692881e-01 1.053845e-02 9.855103e-01 1.288717e+03 -9.654008e-02 9.949567e-01 -2.722284e-02 -1.506861e+01 -9.808270e-01 -9.974974e-02 -1.674170e-01 -5.537383e+02
-1.684109e-01 1.125468e-02 9.856526e-01 1.291333e+03 -9.548491e-02 9.950460e-01 -2.767671e-02 -1.521471e+01 -9.810812e-01 -9.877601e-02 -1.665019e-01 -5.541669e+02
-1.669180e-01 1.175706e-02 9.859007e-01 1.293878e+03 -9.623533e-02 9.949602e-01 -2.815823e-02 -1.533399e+01 -9.812630e-01 -9.957860e-02 -1.649453e-01 -5.546138e+02
-1.657378e-01 1.279545e-02 9.860868e-01 1.296475e+03 -1.024658e-01 9.942803e-01 -3.012384e-02 -1.538835e+01 -9.808322e-01 -1.060329e-01 -1.634787e-01 -5.550644e+02
-1.648103e-01 1.397318e-02 9.862263e-01 1.298993e+03 -1.017440e-01 9.943247e-01 -3.109058e-02 -1.550390e+01 -9.810636e-01 -1.054667e-01 -1.624533e-01 -5.554821e+02
-1.647916e-01 1.439994e-02 9.862233e-01 1.301651e+03 -1.015709e-01 9.943298e-01 -3.149015e-02 -1.561430e+01 -9.810847e-01 -1.053609e-01 -1.623946e-01 -5.558667e+02
-1.640674e-01 1.412998e-02 9.863479e-01 1.304187e+03 -1.025063e-01 9.942400e-01 -3.129376e-02 -1.573912e+01 -9.811087e-01 -1.062412e-01 -1.616739e-01 -5.562830e+02
-1.629679e-01 1.389082e-02 9.865336e-01 1.306807e+03 -1.031900e-01 9.941771e-01 -3.104466e-02 -1.584072e+01 -9.812203e-01 -1.068597e-01 -1.605855e-01 -5.567030e+02
-1.620268e-01 1.447666e-02 9.866802e-01 1.309441e+03 -1.031071e-01 9.941708e-01 -3.151820e-02 -1.595786e+01 -9.813849e-01 -1.068405e-01 -1.595897e-01 -5.571298e+02
-1.619471e-01 1.680755e-02 9.866563e-01 1.312085e+03 -1.034017e-01 9.940616e-01 -3.390579e-02 -1.606448e+01 -9.813670e-01 -1.075129e-01 -1.592475e-01 -5.575152e+02
-1.610966e-01 1.780919e-02 9.867779e-01 1.314676e+03 -1.034587e-01 9.940237e-01 -3.483013e-02 -1.619098e+01 -9.815010e-01 -1.077017e-01 -1.582913e-01 -5.579089e+02
-1.606671e-01 1.822827e-02 9.868403e-01 1.317287e+03 -1.020509e-01 9.941640e-01 -3.497841e-02 -1.631415e+01 -9.817188e-01 -1.063278e-01 -1.578692e-01 -5.582882e+02
-1.603092e-01 1.826265e-02 9.868979e-01 1.319851e+03 -1.016726e-01 9.942051e-01 -3.491331e-02 -1.643884e+01 -9.818165e-01 -1.059374e-01 -1.575234e-01 -5.586665e+02
-1.592680e-01 1.705064e-02 9.870881e-01 1.322449e+03 -1.025714e-01 9.941539e-01 -3.372271e-02 -1.655809e+01 -9.818925e-01 -1.066179e-01 -1.565880e-01 -5.590546e+02
-1.572941e-01 1.766676e-02 9.873938e-01 1.324840e+03 -1.025503e-01 9.941423e-01 -3.412400e-02 -1.665790e+01 -9.822128e-01 -1.066250e-01 -1.545610e-01 -5.594947e+02
-1.559173e-01 1.820063e-02 9.876024e-01 1.327247e+03 -1.021320e-01 9.941743e-01 -3.444579e-02 -1.676347e+01 -9.824759e-01 -1.062365e-01 -1.531501e-01 -5.599104e+02
-1.545661e-01 1.820506e-02 9.878147e-01 1.329753e+03 -1.017491e-01 9.942205e-01 -3.424407e-02 -1.686538e+01 -9.827291e-01 -1.058022e-01 -1.518205e-01 -5.603153e+02
-1.545830e-01 1.830273e-02 9.878103e-01 1.332391e+03 -1.025555e-01 9.941299e-01 -3.446879e-02 -1.700168e+01 -9.826426e-01 -1.066337e-01 -1.517985e-01 -5.606556e+02
-1.537050e-01 1.821197e-02 9.879489e-01 1.334920e+03 -1.051362e-01 9.938530e-01 -3.467789e-02 -1.713104e+01 -9.825076e-01 -1.091993e-01 -1.508455e-01 -5.610525e+02
-1.529504e-01 1.774286e-02 9.880746e-01 1.337400e+03 -1.044625e-01 9.939468e-01 -3.401873e-02 -1.723340e+01 -9.826972e-01 -1.084199e-01 -1.501712e-01 -5.614366e+02
-1.525665e-01 1.715553e-02 9.881443e-01 1.340018e+03 -1.043218e-01 9.939838e-01 -3.336389e-02 -1.735724e+01 -9.827718e-01 -1.081752e-01 -1.498590e-01 -5.617865e+02
-1.520945e-01 1.668443e-02 9.882251e-01 1.342490e+03 -1.056173e-01 9.938580e-01 -3.303474e-02 -1.747291e+01 -9.827066e-01 -1.093980e-01 -1.493982e-01 -5.621683e+02
-1.516581e-01 1.663381e-02 9.882930e-01 1.345015e+03 -1.054140e-01 9.938839e-01 -3.290418e-02 -1.758006e+01 -9.827959e-01 -1.091701e-01 -1.489771e-01 -5.625439e+02
-1.510685e-01 1.657697e-02 9.883843e-01 1.347555e+03 -1.056554e-01 9.938611e-01 -3.281760e-02 -1.769613e+01 -9.828608e-01 -1.093858e-01 -1.483896e-01 -5.629003e+02
-1.499154e-01 1.689601e-02 9.885545e-01 1.350005e+03 -1.050860e-01 9.939180e-01 -3.292409e-02 -1.779223e+01 -9.830983e-01 -1.088191e-01 -1.472280e-01 -5.632999e+02
-1.491683e-01 1.729557e-02 9.886605e-01 1.352577e+03 -1.052784e-01 9.938860e-01 -3.327131e-02 -1.790255e+01 -9.831914e-01 -1.090477e-01 -1.464354e-01 -5.636726e+02
-1.488002e-01 1.759942e-02 9.887107e-01 1.355106e+03 -1.046427e-01 9.939475e-01 -3.344129e-02 -1.803525e+01 -9.833150e-01 -1.084374e-01 -1.460580e-01 -5.639962e+02
-1.485556e-01 1.784003e-02 9.887431e-01 1.357695e+03 -1.045587e-01 9.939495e-01 -3.364359e-02 -1.816007e+01 -9.833609e-01 -1.083797e-01 -1.457914e-01 -5.643423e+02
-1.487154e-01 1.782377e-02 9.887194e-01 1.360339e+03 -1.048697e-01 9.939151e-01 -3.369112e-02 -1.828098e+01 -9.833037e-01 -1.086971e-01 -1.459413e-01 -5.646701e+02
-1.482864e-01 1.765291e-02 9.887869e-01 1.362894e+03 -1.048166e-01 9.939284e-01 -3.346383e-02 -1.839703e+01 -9.833741e-01 -1.086035e-01 -1.455357e-01 -5.650125e+02
-1.480785e-01 1.718462e-02 9.888263e-01 1.365464e+03 -1.053851e-01 9.938820e-01 -3.305409e-02 -1.851391e+01 -9.833447e-01 -1.091022e-01 -1.453615e-01 -5.653562e+02
-1.482228e-01 1.725766e-02 9.888034e-01 1.368034e+03 -1.051500e-01 9.939051e-01 -3.310882e-02 -1.861972e+01 -9.833481e-01 -1.088802e-01 -1.455048e-01 -5.656954e+02
-1.484172e-01 1.626789e-02 9.887910e-01 1.370572e+03 -1.067110e-01 9.937631e-01 -3.236697e-02 -1.873337e+01 -9.831506e-01 -1.103187e-01 -1.457555e-01 -5.660496e+02
-1.473502e-01 1.570021e-02 9.889598e-01 1.373048e+03 -1.070811e-01 9.937438e-01 -3.173072e-02 -1.883660e+01 -9.832708e-01 -1.105744e-01 -1.447472e-01 -5.664343e+02
-1.471881e-01 1.507907e-02 9.889936e-01 1.375568e+03 -1.071028e-01 9.937617e-01 -3.109147e-02 -1.895087e+01 -9.832928e-01 -1.105003e-01 -1.446549e-01 -5.667794e+02
-1.471635e-01 1.493058e-02 9.889995e-01 1.378095e+03 -1.077522e-01 9.936933e-01 -3.103500e-02 -1.906211e+01 -9.832255e-01 -1.111340e-01 -1.446266e-01 -5.671194e+02
-1.477896e-01 1.552107e-02 9.888970e-01 1.380639e+03 -1.080483e-01 9.936387e-01 -3.174318e-02 -1.917258e+01 -9.830991e-01 -1.115399e-01 -1.451724e-01 -5.674272e+02
-1.476208e-01 1.570597e-02 9.889193e-01 1.383113e+03 -1.079366e-01 9.936461e-01 -3.189326e-02 -1.927379e+01 -9.831367e-01 -1.114487e-01 -1.449875e-01 -5.677727e+02
-1.480549e-01 1.474313e-02 9.888692e-01 1.385626e+03 -1.080565e-01 9.936615e-01 -3.099296e-02 -1.938083e+01 -9.830583e-01 -1.114424e-01 -1.455234e-01 -5.680994e+02
-1.473131e-01 1.595140e-02 9.889613e-01 1.388081e+03 -1.079718e-01 9.936353e-01 -3.210998e-02 -1.948936e+01 -9.831790e-01 -1.115101e-01 -1.446532e-01 -5.684495e+02
-1.472535e-01 1.749061e-02 9.889441e-01 1.390578e+03 -1.079621e-01 9.935854e-01 -3.364823e-02 -1.960458e+01 -9.831890e-01 -1.117233e-01 -1.444206e-01 -5.687799e+02
-1.471590e-01 1.715830e-02 9.889640e-01 1.393055e+03 -1.079502e-01 9.935984e-01 -3.330181e-02 -1.971985e+01 -9.832045e-01 -1.116595e-01 -1.443647e-01 -5.691045e+02
-1.477039e-01 1.535491e-02 9.889124e-01 1.395599e+03 -1.081876e-01 9.936286e-01 -3.158702e-02 -1.983970e+01 -9.830966e-01 -1.116535e-01 -1.451016e-01 -5.694024e+02
-1.471285e-01 1.401137e-02 9.890181e-01 1.398056e+03 -1.068990e-01 9.938177e-01 -2.998190e-02 -1.994376e+01 -9.833239e-01 -1.101363e-01 -1.447211e-01 -5.697406e+02
-1.461702e-01 1.519659e-02 9.891427e-01 1.400529e+03 -1.069972e-01 9.937735e-01 -3.107920e-02 -2.004289e+01 -9.834561e-01 -1.103784e-01 -1.436340e-01 -5.700918e+02
-1.448360e-01 1.629469e-02 9.893215e-01 1.402958e+03 -1.057427e-01 9.938833e-01 -3.185049e-02 -2.013258e+01 -9.837891e-01 -1.092266e-01 -1.422271e-01 -5.704602e+02
-1.442069e-01 1.721444e-02 9.893978e-01 1.405458e+03 -1.057443e-01 9.938554e-01 -3.270446e-02 -2.024537e+01 -9.838814e-01 -1.093394e-01 -1.415004e-01 -5.707727e+02
-1.424296e-01 1.667334e-02 9.896645e-01 1.406868e+03 -1.080740e-01 9.936182e-01 -3.229364e-02 -2.027175e+01 -9.838871e-01 -1.115566e-01 -1.397187e-01 -5.711822e+02
-1.407300e-01 1.555714e-02 9.899258e-01 1.409270e+03 -1.071309e-01 9.937663e-01 -3.084746e-02 -2.036592e+01 -9.842347e-01 -1.103928e-01 -1.381861e-01 -5.715345e+02
-1.401780e-01 1.444338e-02 9.900210e-01 1.411760e+03 -1.083126e-01 9.936692e-01 -2.983268e-02 -2.047626e+01 -9.841842e-01 -1.114136e-01 -1.377261e-01 -5.718547e+02
-1.388453e-01 1.375006e-02 9.902186e-01 1.414149e+03 -1.096744e-01 9.935393e-01 -2.917436e-02 -2.057463e+01 -9.842223e-01 -1.126523e-01 -1.364402e-01 -5.721927e+02
-1.364005e-01 1.474349e-02 9.905441e-01 1.416552e+03 -1.102964e-01 9.934466e-01 -2.997479e-02 -2.066150e+01 -9.844946e-01 -1.133420e-01 -1.338805e-01 -5.725382e+02
-1.333669e-01 1.813138e-02 9.909009e-01 1.418978e+03 -1.102033e-01 9.933608e-01 -3.300883e-02 -2.076052e+01 -9.849206e-01 -1.136029e-01 -1.304833e-01 -5.729043e+02
-1.319876e-01 2.064928e-02 9.910363e-01 1.421414e+03 -1.095825e-01 9.933510e-01 -3.529186e-02 -2.088437e+01 -9.851756e-01 -1.132583e-01 -1.288472e-01 -5.732168e+02
-1.301122e-01 1.971229e-02 9.913033e-01 1.423876e+03 -1.099409e-01 9.933501e-01 -3.418314e-02 -2.100672e+01 -9.853851e-01 -1.134324e-01 -1.270798e-01 -5.735304e+02
-1.278414e-01 1.621944e-02 9.916620e-01 1.426363e+03 -1.104340e-01 9.934158e-01 -3.048488e-02 -2.113154e+01 -9.856272e-01 -1.134104e-01 -1.252085e-01 -5.738322e+02
-1.262596e-01 1.271694e-02 9.919157e-01 1.428843e+03 -1.116066e-01 9.933872e-01 -2.694206e-02 -2.124481e+01 -9.856990e-01 -1.141061e-01 -1.240054e-01 -5.741256e+02
-1.259296e-01 1.271515e-02 9.919577e-01 1.431276e+03 -1.100081e-01 9.935720e-01 -2.670144e-02 -2.131852e+01 -9.859209e-01 -1.124859e-01 -1.237214e-01 -5.743977e+02
-1.234818e-01 1.510714e-02 9.922318e-01 1.433557e+03 -1.104567e-01 9.934615e-01 -2.887204e-02 -2.138810e+01 -9.861803e-01 -1.131638e-01 -1.210058e-01 -5.747794e+02
-1.218049e-01 1.555403e-02 9.924322e-01 1.434684e+03 -1.106901e-01 9.934272e-01 -2.915504e-02 -2.156101e+01 -9.863626e-01 -1.134036e-01 -1.192826e-01 -5.750363e+02
-1.203109e-01 1.634532e-02 9.926017e-01 1.436028e+03 -1.097786e-01 9.935132e-01 -2.966634e-02 -2.163337e+01 -9.866478e-01 -1.125356e-01 -1.177362e-01 -5.752815e+02
-1.183477e-01 1.487144e-02 9.928608e-01 1.437133e+03 -1.090822e-01 9.936415e-01 -2.788559e-02 -2.179236e+01 -9.869625e-01 -1.116036e-01 -1.159730e-01 -5.755651e+02
-1.168153e-01 1.347835e-02 9.930622e-01 1.439460e+03 -1.113103e-01 9.934303e-01 -2.657693e-02 -2.189906e+01 -9.868962e-01 -1.136427e-01 -1.145476e-01 -5.758274e+02
-1.168377e-01 1.226899e-02 9.930752e-01 1.441893e+03 -1.134544e-01 9.932129e-01 -2.561887e-02 -2.199605e+01 -9.866494e-01 -1.156620e-01 -1.146527e-01 -5.760901e+02
-1.162963e-01 1.141860e-02 9.931489e-01 1.444348e+03 -1.152412e-01 9.930251e-01 -2.491175e-02 -2.209561e+01 -9.865063e-01 -1.173488e-01 -1.141693e-01 -5.763681e+02
-1.134531e-01 1.032275e-02 9.934897e-01 1.446972e+03 -1.153389e-01 9.930484e-01 -2.348947e-02 -2.219141e+01 -9.868259e-01 -1.172529e-01 -1.114738e-01 -5.768167e+02
-1.128775e-01 8.568648e-03 9.935720e-01 1.448457e+03 -1.130863e-01 9.933544e-01 -2.141425e-02 -2.238100e+01 -9.871526e-01 -1.147765e-01 -1.111584e-01 -5.771465e+02
-1.119149e-01 9.475933e-03 9.936726e-01 1.450989e+03 -1.120062e-01 9.934620e-01 -2.208891e-02 -2.246018e+01 -9.873853e-01 -1.137695e-01 -1.101219e-01 -5.774981e+02
-1.103336e-01 1.038793e-02 9.938403e-01 1.453497e+03 -1.116051e-01 9.934916e-01 -2.277440e-02 -2.256199e+01 -9.876086e-01 -1.134304e-01 -1.084562e-01 -5.778690e+02
-1.091839e-01 1.067013e-02 9.939643e-01 1.454818e+03 -1.126257e-01 9.933704e-01 -2.303533e-02 -2.258608e+01 -9.876205e-01 -1.144610e-01 -1.072583e-01 -5.782159e+02
-1.075378e-01 1.124442e-02 9.941374e-01 1.457154e+03 -1.129685e-01 9.933217e-01 -2.345522e-02 -2.266070e+01 -9.877620e-01 -1.148285e-01 -1.055494e-01 -5.785730e+02
-1.051884e-01 1.058238e-02 9.943960e-01 1.459670e+03 -1.122786e-01 9.934232e-01 -2.244899e-02 -2.275490e+01 -9.880936e-01 -1.140108e-01 -1.033084e-01 -5.789452e+02
-1.076804e-01 1.049595e-02 9.941302e-01 1.462049e+03 -1.105423e-01 9.936175e-01 -2.246406e-02 -2.284551e+01 -9.880209e-01 -1.123124e-01 -1.058329e-01 -5.790898e+02
-1.068299e-01 1.175163e-02 9.942079e-01 1.464222e+03 -1.104290e-01 9.936035e-01 -2.361034e-02 -2.293148e+01 -9.881259e-01 -1.123117e-01 -1.048489e-01 -5.794117e+02
-1.058488e-01 1.289012e-02 9.942987e-01 1.465710e+03 -1.108024e-01 9.935361e-01 -2.467578e-02 -2.292568e+01 -9.881897e-01 -1.127826e-01 -1.037363e-01 -5.797617e+02
-1.058279e-01 1.242395e-02 9.943068e-01 1.467595e+03 -1.101452e-01 9.936223e-01 -2.413858e-02 -2.301392e+01 -9.882654e-01 -1.120727e-01 -1.037845e-01 -5.800383e+02
-1.050117e-01 1.352399e-02 9.943790e-01 1.468891e+03 -1.103893e-01 9.935696e-01 -2.517068e-02 -2.298617e+01 -9.883252e-01 -1.124120e-01 -1.028435e-01 -5.804469e+02
-1.089667e-01 1.254245e-02 9.939663e-01 1.471222e+03 -1.121671e-01 9.933790e-01 -2.483171e-02 -2.306869e+01 -9.876967e-01 -1.141962e-01 -1.068383e-01 -5.806082e+02
-1.093833e-01 1.235649e-02 9.939228e-01 1.472964e+03 -1.141086e-01 9.931561e-01 -2.490485e-02 -2.309033e+01 -9.874282e-01 -1.161393e-01 -1.072248e-01 -5.809729e+02
-1.131003e-01 1.181228e-02 9.935134e-01 1.475309e+03 -1.162996e-01 9.928984e-01 -2.504437e-02 -2.316391e+01 -9.867536e-01 -1.183777e-01 -1.109234e-01 -5.811857e+02
-1.166577e-01 1.118256e-02 9.931092e-01 1.477681e+03 -1.166741e-01 9.928584e-01 -2.488511e-02 -2.325177e+01 -9.862952e-01 -1.187732e-01 -1.145198e-01 -5.814021e+02
-1.179748e-01 1.110193e-02 9.929545e-01 1.479918e+03 -1.167622e-01 9.928459e-01 -2.497345e-02 -2.334138e+01 -9.861281e-01 -1.188858e-01 -1.158345e-01 -5.817017e+02
-1.188273e-01 1.174490e-02 9.928455e-01 1.481861e+03 -1.168701e-01 9.928138e-01 -2.573196e-02 -2.338036e+01 -9.860129e-01 -1.190916e-01 -1.166008e-01 -5.820849e+02
-1.213029e-01 1.199149e-02 9.925431e-01 1.484108e+03 -1.176997e-01 9.926988e-01 -2.637794e-02 -2.345273e+01 -9.856127e-01 -1.200217e-01 -1.190059e-01 -5.823692e+02
-1.242007e-01 1.268402e-02 9.921760e-01 1.486391e+03 -1.183898e-01 9.925861e-01 -2.750931e-02 -2.354185e+01 -9.851690e-01 -1.208802e-01 -1.217782e-01 -5.826438e+02
-1.295153e-01 1.240482e-02 9.914998e-01 1.488736e+03 -1.194449e-01 9.924454e-01 -2.801922e-02 -2.363609e+01 -9.843570e-01 -1.220585e-01 -1.270552e-01 -5.828639e+02
-1.333171e-01 1.171347e-02 9.910042e-01 1.491077e+03 -1.191225e-01 9.924915e-01 -2.775627e-02 -2.373745e+01 -9.838884e-01 -1.217513e-01 -1.309207e-01 -5.831068e+02
-1.336155e-01 1.037604e-02 9.909789e-01 1.493390e+03 -1.188025e-01 9.925666e-01 -2.641103e-02 -2.383437e+01 -9.838866e-01 -1.212597e-01 -1.313896e-01 -5.834305e+02
-1.336195e-01 1.056831e-02 9.909764e-01 1.495407e+03 -1.182230e-01 9.926327e-01 -2.652671e-02 -2.386533e+01 -9.839559e-01 -1.207007e-01 -1.313857e-01 -5.838720e+02
-1.357298e-01 1.063323e-02 9.906888e-01 1.496180e+03 -1.186422e-01 9.925724e-01 -2.690808e-02 -2.389621e+01 -9.836165e-01 -1.211898e-01 -1.334601e-01 -5.840788e+02
-1.335359e-01 1.201450e-02 9.909711e-01 1.499007e+03 -1.197673e-01 9.924022e-01 -2.817079e-02 -2.397129e+01 -9.837804e-01 -1.224477e-01 -1.310824e-01 -5.846643e+02
-1.358947e-01 1.231473e-02 9.906467e-01 1.500440e+03 -1.203719e-01 9.923096e-01 -2.884775e-02 -2.399735e+01 -9.833836e-01 -1.231663e-01 -1.333673e-01 -5.848433e+02
-1.357915e-01 1.213303e-02 9.906631e-01 1.502770e+03 -1.196797e-01 9.924017e-01 -2.855897e-02 -2.408949e+01 -9.834823e-01 -1.224403e-01 -1.333076e-01 -5.851781e+02
-1.350296e-01 1.307143e-02 9.907553e-01 1.504984e+03 -1.187200e-01 9.924961e-01 -2.927470e-02 -2.419551e+01 -9.837035e-01 -1.215755e-01 -1.324645e-01 -5.855116e+02
-1.334688e-01 1.324747e-02 9.909645e-01 1.507342e+03 -1.169677e-01 9.927115e-01 -2.902470e-02 -2.430129e+01 -9.841263e-01 -1.197847e-01 -1.309465e-01 -5.858929e+02
-1.339337e-01 1.475646e-02 9.908804e-01 1.509591e+03 -1.159994e-01 9.927820e-01 -3.046400e-02 -2.439369e+01 -9.841778e-01 -1.190217e-01 -1.312552e-01 -5.861786e+02
-1.328132e-01 1.632963e-02 9.910066e-01 1.511847e+03 -1.166559e-01 9.926570e-01 -3.199088e-02 -2.449907e+01 -9.842520e-01 -1.198555e-01 -1.299331e-01 -5.864816e+02
-1.320097e-01 1.727600e-02 9.910979e-01 1.514121e+03 -1.177035e-01 9.925010e-01 -3.297803e-02 -2.460394e+01 -9.842354e-01 -1.210091e-01 -1.289863e-01 -5.867748e+02
-1.316491e-01 1.782117e-02 9.911362e-01 1.516380e+03 -1.188999e-01 9.923364e-01 -3.363580e-02 -2.470666e+01 -9.841399e-01 -1.222741e-01 -1.285213e-01 -5.870630e+02
-1.312457e-01 1.863112e-02 9.911748e-01 1.518639e+03 -1.188047e-01 9.923221e-01 -3.438413e-02 -2.480259e+01 -9.842053e-01 -1.222690e-01 -1.280245e-01 -5.873507e+02
-1.309951e-01 1.947112e-02 9.911918e-01 1.520918e+03 -1.186329e-01 9.923151e-01 -3.517161e-02 -2.491620e+01 -9.842594e-01 -1.221952e-01 -1.276785e-01 -5.876368e+02
-1.325128e-01 1.821593e-02 9.910139e-01 1.522641e+03 -1.194608e-01 9.922493e-01 -3.421227e-02 -2.499434e+01 -9.839560e-01 -1.229209e-01 -1.293097e-01 -5.875550e+02
-1.307692e-01 1.816511e-02 9.912464e-01 1.524884e+03 -1.211645e-01 9.920443e-01 -3.416424e-02 -2.508880e+01 -9.839810e-01 -1.245715e-01 -1.275279e-01 -5.878517e+02
-1.291008e-01 1.901796e-02 9.914491e-01 1.527155e+03 -1.205201e-01 9.921034e-01 -3.472394e-02 -2.519182e+01 -9.842804e-01 -1.239724e-01 -1.257893e-01 -5.881434e+02
-1.279771e-01 1.730399e-02 9.916262e-01 1.528438e+03 -1.212402e-01 9.920759e-01 -3.295884e-02 -2.537556e+01 -9.843387e-01 -1.244429e-01 -1.248651e-01 -5.883693e+02
-1.271076e-01 1.687324e-02 9.917454e-01 1.529492e+03 -1.223323e-01 9.919551e-01 -3.255559e-02 -2.539498e+01 -9.843162e-01 -1.254606e-01 -1.240209e-01 -5.884921e+02
-1.253110e-01 1.438792e-02 9.920132e-01 1.530764e+03 -1.218837e-01 9.920974e-01 -2.978547e-02 -2.553193e+01 -9.846022e-01 -1.246427e-01 -1.225670e-01 -5.887354e+02
-1.223652e-01 1.072373e-02 9.924272e-01 1.532773e+03 -1.213237e-01 9.922807e-01 -2.568122e-02 -2.565683e+01 -9.850418e-01 -1.235474e-01 -1.201195e-01 -5.890512e+02
-1.196231e-01 8.004102e-03 9.927871e-01 1.534042e+03 -1.212696e-01 9.923620e-01 -2.261272e-02 -2.573877e+01 -9.853852e-01 -1.230999e-01 -1.177388e-01 -5.893021e+02
-1.168508e-01 7.312105e-03 9.931226e-01 1.535616e+03 -1.224139e-01 9.922417e-01 -2.170884e-02 -2.586098e+01 -9.855763e-01 -1.241087e-01 -1.150491e-01 -5.895597e+02
-1.145256e-01 1.270706e-02 9.933390e-01 1.537104e+03 -1.241189e-01 9.919000e-01 -2.699876e-02 -2.588313e+01 -9.856360e-01 -1.263842e-01 -1.120208e-01 -5.897341e+02
-1.128520e-01 1.909715e-02 9.934283e-01 1.538208e+03 -1.233270e-01 9.918147e-01 -3.307590e-02 -2.591468e+01 -9.859284e-01 -1.262492e-01 -1.095731e-01 -5.897443e+02
-1.087377e-01 2.158030e-02 9.938362e-01 1.539716e+03 -1.211165e-01 9.920284e-01 -3.479266e-02 -2.598024e+01 -9.866645e-01 -1.241533e-01 -1.052572e-01 -5.899950e+02
-1.062831e-01 1.814426e-02 9.941704e-01 1.540897e+03 -1.191687e-01 9.923946e-01 -3.085174e-02 -2.602699e+01 -9.871690e-01 -1.217530e-01 -1.033125e-01 -5.900499e+02
-1.031848e-01 1.557873e-02 9.945402e-01 1.542210e+03 -1.189317e-01 9.925108e-01 -2.788625e-02 -2.613515e+01 -9.875263e-01 -1.211598e-01 -1.005592e-01 -5.901327e+02
-9.978903e-02 1.234399e-02 9.949320e-01 1.543662e+03 -1.197746e-01 9.925030e-01 -2.432692e-02 -2.628168e+01 -9.877734e-01 -1.215951e-01 -9.756241e-02 -5.903553e+02
-9.835034e-02 9.511614e-03 9.951064e-01 1.545148e+03 -1.206251e-01 9.924673e-01 -2.140825e-02 -2.636257e+01 -9.878142e-01 -1.221403e-01 -9.646215e-02 -5.903132e+02
-9.692428e-02 1.001429e-02 9.952414e-01 1.546578e+03 -1.201835e-01 9.925147e-01 -2.169125e-02 -2.646675e+01 -9.880089e-01 -1.217140e-01 -9.499522e-02 -5.903248e+02
-9.609625e-02 1.012914e-02 9.953205e-01 1.547898e+03 -1.191876e-01 9.926366e-01 -2.160915e-02 -2.652074e+01 -9.882104e-01 -1.207064e-01 -9.418138e-02 -5.902762e+02
-9.544687e-02 8.652568e-03 9.953969e-01 1.549040e+03 -1.192614e-01 9.926601e-01 -2.006454e-02 -2.654870e+01 -9.882644e-01 -1.206275e-01 -9.371439e-02 -5.902278e+02
-9.530337e-02 7.695323e-03 9.954185e-01 1.550354e+03 -1.215204e-01 9.924012e-01 -1.930660e-02 -2.660169e+01 -9.880031e-01 -1.228036e-01 -9.364404e-02 -5.901570e+02
-9.540664e-02 7.179888e-03 9.954125e-01 1.551981e+03 -1.238894e-01 9.921135e-01 -1.903043e-02 -2.665619e+01 -9.876988e-01 -1.251366e-01 -9.376471e-02 -5.901707e+02
-9.574129e-02 7.707658e-03 9.953764e-01 1.553520e+03 -1.260077e-01 9.918316e-01 -1.980039e-02 -2.674132e+01 -9.873984e-01 -1.273208e-01 -9.398802e-02 -5.901347e+02
-9.541049e-02 7.081219e-03 9.954128e-01 1.554685e+03 -1.280769e-01 9.915758e-01 -1.933011e-02 -2.679856e+01 -9.871642e-01 -1.293336e-01 -9.369980e-02 -5.901848e+02
-9.553577e-02 6.643082e-03 9.954038e-01 1.555790e+03 -1.292168e-01 9.914340e-01 -1.901842e-02 -2.682405e+01 -9.870035e-01 -1.304399e-01 -9.385901e-02 -5.902040e+02
-9.565640e-02 6.166974e-03 9.953953e-01 1.557068e+03 -1.298461e-01 9.913593e-01 -1.862003e-02 -2.683393e+01 -9.869092e-01 -1.310293e-01 -9.402911e-02 -5.902800e+02
-9.530268e-02 6.165147e-03 9.954292e-01 1.558449e+03 -1.290876e-01 9.914606e-01 -1.849945e-02 -2.687430e+01 -9.870430e-01 -1.302606e-01 -9.369301e-02 -5.903836e+02
-9.429542e-02 6.253159e-03 9.955246e-01 1.560128e+03 -1.292294e-01 9.914427e-01 -1.846805e-02 -2.698245e+01 -9.871211e-01 -1.303925e-01 -9.268042e-02 -5.906182e+02
-9.531275e-02 6.545054e-03 9.954259e-01 1.561536e+03 -1.299372e-01 9.913409e-01 -1.895978e-02 -2.695276e+01 -9.869305e-01 -1.311500e-01 -9.363698e-02 -5.906081e+02
-9.612566e-02 7.599390e-03 9.953402e-01 1.562804e+03 -1.298957e-01 9.913236e-01 -2.011349e-02 -2.695827e+01 -9.868571e-01 -1.312238e-01 -9.430451e-02 -5.905588e+02
-9.658478e-02 7.352422e-03 9.952976e-01 1.564286e+03 -1.289972e-01 9.914464e-01 -1.984201e-02 -2.698711e+01 -9.869301e-01 -1.303071e-01 -9.481019e-02 -5.905646e+02
-9.628245e-02 6.526597e-03 9.953327e-01 1.565673e+03 -1.287676e-01 9.914936e-01 -1.895762e-02 -2.701462e+01 -9.869897e-01 -1.299919e-01 -9.462302e-02 -5.906187e+02
-9.559440e-02 4.839849e-03 9.954086e-01 1.567084e+03 -1.281017e-01 9.916132e-01 -1.712369e-02 -2.703913e+01 -9.871432e-01 -1.291505e-01 -9.417268e-02 -5.907156e+02
-9.434929e-02 4.464531e-03 9.955291e-01 1.568525e+03 -1.285475e-01 9.915639e-01 -1.662958e-02 -2.715431e+01 -9.872050e-01 -1.295418e-01 -9.297944e-02 -5.908828e+02
-9.355525e-02 4.172296e-03 9.956053e-01 1.569999e+03 -1.283089e-01 9.916017e-01 -1.621248e-02 -2.721371e+01 -9.873116e-01 -1.292618e-01 -9.223421e-02 -5.910170e+02
-9.342286e-02 3.427311e-03 9.956206e-01 1.571367e+03 -1.303956e-01 9.913386e-01 -1.564808e-02 -2.722693e+01 -9.870507e-01 -1.312864e-01 -9.216677e-02 -5.909638e+02
-9.374726e-02 2.671006e-03 9.955924e-01 1.572597e+03 -1.298706e-01 9.914192e-01 -1.488872e-02 -2.722707e+01 -9.870892e-01 -1.306939e-01 -9.259594e-02 -5.908477e+02
-9.256881e-02 1.828144e-03 9.957046e-01 1.574198e+03 -1.292577e-01 9.915145e-01 -1.383730e-02 -2.726855e+01 -9.872808e-01 -1.299834e-01 -9.154701e-02 -5.909122e+02
-9.006606e-02 3.972977e-03 9.959279e-01 1.576084e+03 -1.279443e-01 9.916598e-01 -1.552651e-02 -2.728876e+01 -9.876833e-01 -1.288217e-01 -8.880657e-02 -5.910676e+02
-8.839330e-02 7.115031e-03 9.960602e-01 1.577637e+03 -1.272128e-01 9.917053e-01 -1.837316e-02 -2.734555e+01 -9.879289e-01 -1.283356e-01 -8.675498e-02 -5.911208e+02
-8.708559e-02 8.222095e-03 9.961669e-01 1.579182e+03 -1.274822e-01 9.916525e-01 -1.932941e-02 -2.727491e+01 -9.880103e-01 -1.286768e-01 -8.531048e-02 -5.910848e+02
-8.612737e-02 4.957681e-03 9.962718e-01 1.580729e+03 -1.287289e-01 9.915497e-01 -1.606276e-02 -2.726952e+01 -9.879327e-01 -1.296325e-01 -8.476137e-02 -5.910523e+02
-8.471169e-02 2.876339e-03 9.964014e-01 1.582148e+03 -1.305218e-01 9.913472e-01 -1.395841e-02 -2.731234e+01 -9.878198e-01 -1.312346e-01 -8.360327e-02 -5.911195e+02
-8.302315e-02 1.405678e-03 9.965466e-01 1.583805e+03 -1.323109e-01 9.911304e-01 -1.242097e-02 -2.741368e+01 -9.877252e-01 -1.328852e-01 -8.210079e-02 -5.912723e+02
-8.182304e-02 -7.187988e-04 9.966466e-01 1.585272e+03 -1.334840e-01 9.909980e-01 -1.024409e-02 -2.740526e+01 -9.876675e-01 -1.338746e-01 -8.118242e-02 -5.912942e+02
-7.975686e-02 -9.558470e-04 9.968139e-01 1.586851e+03 -1.341202e-01 9.909168e-01 -9.781003e-03 -2.747058e+01 -9.877503e-01 -1.344730e-01 -7.916061e-02 -5.914270e+02
-7.892508e-02 -9.841392e-05 9.968805e-01 1.588446e+03 -1.349874e-01 9.907907e-01 -1.058941e-02 -2.750503e+01 -9.876990e-01 -1.354020e-01 -7.821153e-02 -5.913009e+02
-7.830537e-02 -3.194647e-04 9.969294e-01 1.590057e+03 -1.350960e-01 9.907790e-01 -1.029384e-02 -2.750787e+01 -9.877334e-01 -1.354873e-01 -7.762648e-02 -5.912744e+02
-7.655435e-02 -1.743797e-03 9.970639e-01 1.591978e+03 -1.349181e-01 9.908192e-01 -8.626109e-03 -2.755032e+01 -9.878950e-01 -1.351824e-01 -7.608679e-02 -5.913335e+02
-7.687746e-02 3.664008e-04 9.970405e-01 1.593841e+03 -1.350141e-01 9.907851e-01 -1.077445e-02 -2.757847e+01 -9.878568e-01 -1.354428e-01 -7.611958e-02 -5.912640e+02
-7.626818e-02 6.282974e-04 9.970871e-01 1.595469e+03 -1.339849e-01 9.909237e-01 -1.087305e-02 -2.757952e+01 -9.880441e-01 -1.344239e-01 -7.549176e-02 -5.912880e+02
-7.599486e-02 4.632614e-04 9.971081e-01 1.597228e+03 -1.323100e-01 9.911523e-01 -1.054453e-02 -2.760090e+01 -9.882909e-01 -1.327287e-01 -7.526118e-02 -5.912977e+02
-7.639599e-02 1.554599e-03 9.970763e-01 1.599022e+03 -1.299637e-01 9.914520e-01 -1.150365e-02 -2.756742e+01 -9.885712e-01 -1.304626e-01 -7.554091e-02 -5.912899e+02
-7.645529e-02 -5.062422e-04 9.970729e-01 1.600657e+03 -1.275545e-01 9.917882e-01 -9.277283e-03 -2.760774e+01 -9.888804e-01 -1.278904e-01 -7.589202e-02 -5.913085e+02
-7.774942e-02 -2.103214e-03 9.969707e-01 1.602361e+03 -1.271846e-01 9.918482e-01 -7.826169e-03 -2.764798e+01 -9.888271e-01 -1.274078e-01 -7.738312e-02 -5.912162e+02
-7.884697e-02 -2.681976e-03 9.968831e-01 1.604090e+03 -1.294055e-01 9.915629e-01 -7.567468e-03 -2.765498e+01 -9.884520e-01 -1.295988e-01 -7.852879e-02 -5.911575e+02
-8.017077e-02 -1.829869e-03 9.967795e-01 1.605851e+03 -1.320376e-01 9.912056e-01 -8.800123e-03 -2.763824e+01 -9.879973e-01 -1.323179e-01 -7.970733e-02 -5.911070e+02
-8.153170e-02 -7.283946e-04 9.966705e-01 1.607421e+03 -1.350183e-01 9.907894e-01 -1.032095e-02 -2.762971e+01 -9.874830e-01 -1.354102e-01 -8.087909e-02 -5.910828e+02
-8.250444e-02 -2.257922e-04 9.965907e-01 1.609272e+03 -1.375896e-01 9.904264e-01 -1.116619e-02 -2.763896e+01 -9.870472e-01 -1.380418e-01 -8.174564e-02 -5.910754e+02
-8.323443e-02 -1.245819e-03 9.965292e-01 1.610941e+03 -1.391681e-01 9.902143e-01 -1.038600e-02 -2.769365e+01 -9.867645e-01 -1.395495e-01 -8.259330e-02 -5.911521e+02
-8.364149e-02 -2.700673e-03 9.964923e-01 1.612564e+03 -1.396493e-01 9.901598e-01 -9.038078e-03 -2.774778e+01 -9.866621e-01 -1.399154e-01 -8.319558e-02 -5.912598e+02
-8.457102e-02 -4.114824e-03 9.964090e-01 1.614125e+03 -1.415784e-01 9.898953e-01 -7.928654e-03 -2.779713e+01 -9.863079e-01 -1.417405e-01 -8.429902e-02 -5.912896e+02
-8.509053e-02 -5.402313e-03 9.963586e-01 1.615872e+03 -1.438571e-01 9.895743e-01 -6.920084e-03 -2.788525e+01 -9.859334e-01 -1.439221e-01 -8.498056e-02 -5.914805e+02
-8.632067e-02 -7.459566e-03 9.962395e-01 1.617556e+03 -1.451593e-01 9.893948e-01 -5.169227e-03 -2.793029e+01 -9.856356e-01 -1.450596e-01 -8.648805e-02 -5.916111e+02
-8.721834e-02 -8.399570e-03 9.961538e-01 1.619221e+03 -1.454607e-01 9.893543e-01 -4.393591e-03 -2.799437e+01 -9.855121e-01 -1.452845e-01 -8.751164e-02 -5.917811e+02
-8.817502e-02 -8.794995e-03 9.960662e-01 1.620918e+03 -1.437977e-01 9.895991e-01 -3.991546e-03 -2.804066e+01 -9.856710e-01 -1.435839e-01 -8.852262e-02 -5.918659e+02
-8.933839e-02 -9.732222e-03 9.959538e-01 1.622801e+03 -1.415889e-01 9.899209e-01 -3.027443e-03 -2.805502e+01 -9.858860e-01 -1.412864e-01 -8.981592e-02 -5.919753e+02
-9.058765e-02 -1.041012e-02 9.958341e-01 1.624607e+03 -1.385920e-01 9.903470e-01 -2.254489e-03 -2.807086e+01 -9.861978e-01 -1.382189e-01 -9.115597e-02 -5.920363e+02
-9.091809e-02 -9.959025e-03 9.958086e-01 1.626357e+03 -1.357976e-01 9.907335e-01 -2.490159e-03 -2.813004e+01 -9.865561e-01 -1.354548e-01 -9.142801e-02 -5.922281e+02
-9.186890e-02 -8.342952e-03 9.957362e-01 1.628132e+03 -1.325585e-01 9.911674e-01 -3.925484e-03 -2.815563e+01 -9.869085e-01 -1.323540e-01 -9.216339e-02 -5.923488e+02
-9.260957e-02 -8.025613e-03 9.956702e-01 1.629740e+03 -1.304135e-01 9.914511e-01 -4.138449e-03 -2.817613e+01 -9.871250e-01 -1.302320e-01 -9.286450e-02 -5.924449e+02
-9.359833e-02 -7.922066e-03 9.955785e-01 1.631405e+03 -1.274322e-01 9.918389e-01 -4.088103e-03 -2.822731e+01 -9.874211e-01 -1.272514e-01 -9.384399e-02 -5.925725e+02
-9.414763e-02 -6.833846e-03 9.955348e-01 1.633054e+03 -1.248436e-01 9.921639e-01 -4.995746e-03 -2.824617e+01 -9.876995e-01 -1.247565e-01 -9.426304e-02 -5.927316e+02
-9.489371e-02 -6.428630e-03 9.954667e-01 1.634629e+03 -1.224495e-01 9.924608e-01 -5.263382e-03 -2.832473e+01 -9.879278e-01 -1.223938e-01 -9.496547e-02 -5.929180e+02
-9.660114e-02 -6.127484e-03 9.953043e-01 1.636176e+03 -1.208090e-01 9.926599e-01 -5.614145e-03 -2.835033e+01 -9.879643e-01 -1.207841e-01 -9.663233e-02 -5.930253e+02
-9.847826e-02 -6.326307e-03 9.951191e-01 1.637783e+03 -1.185687e-01 9.929311e-01 -5.421310e-03 -2.838459e+01 -9.880504e-01 -1.185238e-01 -9.853223e-02 -5.931885e+02
-1.003801e-01 -6.376265e-03 9.949287e-01 1.639357e+03 -1.155081e-01 9.932925e-01 -5.288028e-03 -2.840528e+01 -9.882215e-01 -1.154531e-01 -1.004433e-01 -5.933099e+02
-1.019426e-01 -6.037117e-03 9.947720e-01 1.640950e+03 -1.126192e-01 9.936229e-01 -5.510886e-03 -2.844584e+01 -9.883950e-01 -1.125922e-01 -1.019724e-01 -5.934772e+02
-1.040330e-01 -6.012946e-03 9.945557e-01 1.642438e+03 -1.102369e-01 9.938900e-01 -5.522131e-03 -2.847842e+01 -9.884457e-01 -1.102113e-01 -1.040602e-01 -5.935962e+02
-1.069961e-01 -5.482635e-03 9.942443e-01 1.644098e+03 -1.085066e-01 9.940764e-01 -6.195283e-03 -2.851520e+01 -9.883209e-01 -1.085449e-01 -1.069572e-01 -5.937806e+02
-1.114562e-01 -5.434384e-03 9.937545e-01 1.645716e+03 -1.080145e-01 9.941269e-01 -6.678133e-03 -2.855083e+01 -9.878818e-01 -1.080842e-01 -1.113886e-01 -5.939478e+02
-1.171321e-01 -6.391199e-03 9.930958e-01 1.647265e+03 -1.069217e-01 9.942480e-01 -6.212418e-03 -2.859804e+01 -9.873438e-01 -1.069111e-01 -1.171418e-01 -5.941359e+02
-1.234788e-01 -6.066730e-03 9.923287e-01 1.648860e+03 -1.055788e-01 9.943859e-01 -7.058209e-03 -2.862160e+01 -9.867148e-01 -1.056404e-01 -1.234261e-01 -5.943296e+02
-1.306594e-01 -5.988519e-03 9.914092e-01 1.650379e+03 -1.058395e-01 9.943515e-01 -7.942465e-03 -2.864876e+01 -9.857617e-01 -1.059681e-01 -1.305551e-01 -5.945019e+02
-1.396141e-01 -5.487056e-03 9.901908e-01 1.651924e+03 -1.069233e-01 9.942212e-01 -9.566489e-03 -2.869972e+01 -9.844162e-01 -1.072101e-01 -1.393940e-01 -5.946941e+02
-1.509227e-01 -4.506992e-03 9.885353e-01 1.653537e+03 -1.078596e-01 9.940945e-01 -1.193492e-02 -2.874729e+01 -9.826437e-01 -1.084243e-01 -1.505175e-01 -5.949253e+02
-1.636881e-01 -3.434476e-03 9.865062e-01 1.655129e+03 -1.077599e-01 9.940724e-01 -1.441946e-02 -2.880161e+01 -9.806090e-01 -1.086661e-01 -1.630879e-01 -5.951833e+02
-1.777567e-01 -2.455717e-03 9.840714e-01 1.656716e+03 -1.064300e-01 9.941792e-01 -1.674392e-02 -2.886176e+01 -9.783022e-01 -1.077110e-01 -1.769834e-01 -5.954673e+02
-1.925802e-01 -1.937697e-03 9.812793e-01 1.658261e+03 -1.035376e-01 9.944561e-01 -1.835596e-02 -2.892492e+01 -9.758037e-01 -1.051343e-01 -1.917131e-01 -5.957648e+02
-2.077996e-01 -1.258393e-03 9.781706e-01 1.659788e+03 -1.001664e-01 9.947697e-01 -1.999930e-02 -2.898150e+01 -9.730293e-01 -1.021357e-01 -2.068388e-01 -5.960973e+02
-2.232998e-01 -3.306639e-04 9.747498e-01 1.661256e+03 -9.743803e-02 9.949988e-01 -2.198398e-02 -2.903273e+01 -9.698675e-01 -9.988672e-02 -2.222152e-01 -5.964402e+02
-2.395441e-01 4.202803e-04 9.708854e-01 1.662724e+03 -9.423366e-02 9.952684e-01 -2.368087e-02 -2.910352e+01 -9.663015e-01 -9.716270e-02 -2.383711e-01 -5.968175e+02
-2.569195e-01 6.586401e-04 9.664326e-01 1.664175e+03 -9.256599e-02 9.953854e-01 -2.528640e-02 -2.917750e+01 -9.619896e-01 -9.595536e-02 -2.556729e-01 -5.972028e+02
-2.750994e-01 3.253923e-03 9.614103e-01 1.665696e+03 -9.035482e-02 9.954808e-01 -2.922350e-02 -2.924798e+01 -9.571606e-01 -9.490742e-02 -2.735621e-01 -5.976076e+02
-2.941868e-01 5.365664e-03 9.557329e-01 1.667214e+03 -8.826474e-02 9.955583e-01 -3.275826e-02 -2.931008e+01 -9.516635e-01 -9.399456e-02 -2.924065e-01 -5.980329e+02
-3.139416e-01 4.710854e-03 9.494306e-01 1.668677e+03 -8.473991e-02 9.958578e-01 -3.296158e-02 -2.938080e+01 -9.456531e-01 -9.080268e-02 -3.122420e-01 -5.984935e+02
-3.347773e-01 3.732485e-03 9.422899e-01 1.670168e+03 -8.373307e-02 9.959184e-01 -3.369365e-02 -2.946060e+01 -9.385696e-01 -9.018069e-02 -3.330984e-01 -5.989900e+02
-3.561905e-01 4.765934e-03 9.344012e-01 1.671651e+03 -8.151713e-02 9.960160e-01 -3.615425e-02 -2.953650e+01 -9.308508e-01 -8.904751e-02 -3.543830e-01 -5.994924e+02
-3.772703e-01 5.545695e-03 9.260866e-01 1.673116e+03 -8.073277e-02 9.959782e-01 -3.885324e-02 -2.960066e+01 -9.225775e-01 -8.942371e-02 -3.753053e-01 -6.000737e+02
-3.993973e-01 6.709152e-03 9.167534e-01 1.674496e+03 -8.047386e-02 9.958567e-01 -4.234770e-02 -2.967700e+01 -9.132391e-01 -9.068824e-02 -3.972026e-01 -6.006212e+02
-4.215264e-01 8.314547e-03 9.067780e-01 1.675805e+03 -7.963582e-02 9.957551e-01 -4.615006e-02 -2.975363e+01 -9.033126e-01 -9.166548e-02 -4.190750e-01 -6.012372e+02
-4.442813e-01 9.019660e-03 8.958419e-01 1.677309e+03 -7.798752e-02 9.957640e-01 -4.870262e-02 -2.983456e+01 -8.924865e-01 -9.150215e-02 -4.416959e-01 -6.019804e+02
-4.676469e-01 9.264545e-03 8.838668e-01 1.678691e+03 -7.519562e-02 9.959032e-01 -5.022430e-02 -2.991516e+01 -8.807111e-01 -8.995015e-02 -4.650344e-01 -6.026587e+02
-4.908089e-01 6.967509e-03 8.712394e-01 1.679967e+03 -7.352201e-02 9.960701e-01 -4.938411e-02 -3.000671e+01 -8.681597e-01 -8.829343e-02 -4.883678e-01 -6.032940e+02
-5.136510e-01 5.468350e-03 8.579818e-01 1.681257e+03 -7.230358e-02 9.961468e-01 -4.963519e-02 -3.009911e+01 -8.549473e-01 -8.753032e-02 -5.112764e-01 -6.040305e+02
-5.362354e-01 7.925628e-03 8.440313e-01 1.682563e+03 -6.891350e-02 9.962065e-01 -5.313715e-02 -3.019806e+01 -8.412506e-01 -8.665917e-02 -5.336550e-01 -6.048254e+02
-5.582332e-01 1.174647e-02 8.296009e-01 1.683842e+03 -6.661137e-02 9.960375e-01 -5.892545e-02 -3.029953e+01 -8.270058e-01 -8.815499e-02 -5.552388e-01 -6.056438e+02
-5.802090e-01 1.418685e-02 8.143440e-01 1.685165e+03 -6.410489e-02 9.959510e-01 -6.302453e-02 -3.040434e+01 -8.119409e-01 -8.877083e-02 -5.769503e-01 -6.065352e+02
-6.021925e-01 1.537927e-02 7.982028e-01 1.686437e+03 -6.188715e-02 9.959066e-01 -6.587837e-02 -3.054436e+01 -7.959486e-01 -8.906996e-02 -5.987757e-01 -6.074060e+02
-6.238068e-01 1.636607e-02 7.814072e-01 1.687640e+03 -5.914635e-02 9.959254e-01 -6.807626e-02 -3.067804e+01 -7.793374e-01 -8.868382e-02 -6.202970e-01 -6.083209e+02
-6.453341e-01 1.673736e-02 7.637171e-01 1.688817e+03 -5.620671e-02 9.960096e-01 -6.932238e-02 -3.078639e+01 -7.618299e-01 -8.766212e-02 -6.418182e-01 -6.092704e+02
-6.667673e-01 1.863229e-02 7.450330e-01 1.689964e+03 -5.241380e-02 9.960397e-01 -7.181736e-02 -3.089880e+01 -7.434206e-01 -8.693548e-02 -6.631501e-01 -6.102511e+02
-6.877223e-01 2.052904e-02 7.256835e-01 1.691089e+03 -4.983409e-02 9.959073e-01 -7.540069e-02 -3.102565e+01 -7.242614e-01 -8.801852e-02 -6.838846e-01 -6.112843e+02
-7.084572e-01 2.332331e-02 7.053683e-01 1.692220e+03 -4.576826e-02 9.958316e-01 -7.889628e-02 -3.117825e+01 -7.042682e-01 -8.817812e-02 -7.044366e-01 -6.123588e+02
-7.281736e-01 2.517655e-02 6.849302e-01 1.693300e+03 -4.198231e-02 9.958103e-01 -8.123671e-02 -3.132935e+01 -6.841058e-01 -8.790938e-02 -7.240658e-01 -6.134780e+02
-7.470677e-01 2.605948e-02 6.642370e-01 1.694276e+03 -3.793656e-02 9.959314e-01 -8.173986e-02 -3.147067e+01 -6.636646e-01 -8.626407e-02 -7.430396e-01 -6.145698e+02
-7.659403e-01 2.565950e-02 6.423995e-01 1.695287e+03 -3.576046e-02 9.959559e-01 -8.241929e-02 -3.162051e+01 -6.419164e-01 -8.610076e-02 -7.619252e-01 -6.157243e+02
-7.840768e-01 2.634083e-02 6.201047e-01 1.696295e+03 -3.317848e-02 9.958917e-01 -8.425528e-02 -3.177458e+01 -6.197764e-01 -8.663674e-02 -7.799816e-01 -6.169586e+02
-8.012675e-01 2.801471e-02 5.976500e-01 1.697244e+03 -3.048027e-02 9.956948e-01 -8.753777e-02 -3.192829e+01 -5.975293e-01 -8.835771e-02 -7.969640e-01 -6.181641e+02
-8.172978e-01 2.858547e-02 5.755061e-01 1.698114e+03 -2.787509e-02 9.956379e-01 -8.903994e-02 -3.208925e+01 -5.755409e-01 -8.881442e-02 -8.129358e-01 -6.193563e+02
-8.326076e-01 3.023409e-02 5.530375e-01 1.698971e+03 -2.329169e-02 9.957144e-01 -8.950090e-02 -3.224734e+01 -5.533734e-01 -8.740031e-02 -8.283351e-01 -6.206077e+02
-8.473137e-01 3.118783e-02 5.301763e-01 1.699796e+03 -2.018039e-02 9.956626e-01 -9.082202e-02 -3.240466e+01 -5.307093e-01 -8.765391e-02 -8.430092e-01 -6.218801e+02
-8.614699e-01 3.345956e-02 5.067050e-01 1.700677e+03 -1.556637e-02 9.956180e-01 -9.220926e-02 -3.256437e+01 -5.075699e-01 -8.732306e-02 -8.571741e-01 -6.232423e+02
-8.748749e-01 3.390546e-02 4.831608e-01 1.701463e+03 -1.254114e-02 9.956266e-01 -9.257603e-02 -3.273771e+01 -4.841866e-01 -8.705183e-02 -8.706235e-01 -6.246000e+02
-8.877979e-01 3.424876e-02 4.589574e-01 1.702150e+03 -1.040240e-02 9.954793e-01 -9.440780e-02 -3.290257e+01 -4.601159e-01 -8.858931e-02 -8.834282e-01 -6.258883e+02
-8.998282e-01 3.597873e-02 4.347583e-01 1.702814e+03 -6.534396e-03 9.953698e-01 -9.589692e-02 -3.307835e+01 -4.361955e-01 -8.913163e-02 -8.954267e-01 -6.272363e+02
-9.109272e-01 3.698477e-02 4.109061e-01 1.703521e+03 -3.312499e-03 9.952860e-01 -9.692694e-02 -3.326246e+01 -4.125539e-01 -8.965451e-02 -9.065105e-01 -6.286375e+02
-9.210721e-01 3.911593e-02 3.874223e-01 1.704080e+03 1.057687e-03 9.951894e-01 -9.796428e-02 -3.343152e+01 -3.893906e-01 -8.982240e-02 -9.166826e-01 -6.299304e+02
-9.304371e-01 4.096911e-02 3.641543e-01 1.704664e+03 5.286665e-03 9.951281e-01 -9.844894e-02 -3.361923e+01 -3.664135e-01 -8.967538e-02 -9.261206e-01 -6.313631e+02
-9.393296e-01 4.126408e-02 3.405249e-01 1.705183e+03 8.308957e-03 9.951838e-01 -9.767421e-02 -3.379876e+01 -3.429152e-01 -8.891887e-02 -9.351484e-01 -6.327524e+02
-9.475955e-01 4.246654e-02 3.166376e-01 1.705655e+03 1.180925e-02 9.951046e-01 -9.811931e-02 -3.396717e+01 -3.192543e-01 -8.923816e-02 -9.434581e-01 -6.341156e+02
-9.553545e-01 4.375139e-02 2.922047e-01 1.706148e+03 1.520780e-02 9.949463e-01 -9.925045e-02 -3.415153e+01 -2.950703e-01 -9.037558e-02 -9.511918e-01 -6.356104e+02
-9.624976e-01 4.406966e-02 2.676869e-01 1.706567e+03 1.725689e-02 9.946650e-01 -1.017040e-01 -3.434258e+01 -2.707409e-01 -9.327043e-02 -9.581232e-01 -6.372297e+02
-9.692289e-01 4.580727e-02 2.418615e-01 1.706962e+03 2.073498e-02 9.942339e-01 -1.052098e-01 -3.452651e+01 -2.452862e-01 -9.695739e-02 -9.645900e-01 -6.386887e+02
-9.753723e-01 4.562504e-02 2.157943e-01 1.707304e+03 2.299469e-02 9.940744e-01 -1.062414e-01 -3.471636e+01 -2.193629e-01 -9.866282e-02 -9.706418e-01 -6.401250e+02
-9.809710e-01 4.484524e-02 1.889044e-01 1.707687e+03 2.495132e-02 9.940099e-01 -1.064035e-01 -3.492371e+01 -1.925445e-01 -9.966537e-02 -9.762138e-01 -6.416315e+02
-9.858428e-01 4.525566e-02 1.614497e-01 1.708009e+03 2.840227e-02 9.940444e-01 -1.052091e-01 -3.512133e+01 -1.652494e-01 -9.913409e-02 -9.812569e-01 -6.431821e+02
-9.899391e-01 4.472394e-02 1.342396e-01 1.708250e+03 3.099551e-02 9.942325e-01 -1.026695e-01 -3.531224e+01 -1.380571e-01 -9.747577e-02 -9.856159e-01 -6.446874e+02
-9.932866e-01 4.515684e-02 1.065012e-01 1.708436e+03 3.425010e-02 9.941841e-01 -1.021026e-01 -3.549468e+01 -1.104924e-01 -9.776947e-02 -9.890564e-01 -6.461927e+02
-9.959240e-01 4.536643e-02 7.795736e-02 1.708592e+03 3.718980e-02 9.939535e-01 -1.033117e-01 -3.577768e+01 -8.217288e-02 -9.999138e-02 -9.915893e-01 -6.477220e+02
-9.976877e-01 4.603625e-02 4.999958e-02 1.708710e+03 4.065048e-02 9.937617e-01 -1.038524e-01 -3.596430e+01 -5.446864e-02 -1.015797e-01 -9.933352e-01 -6.493386e+02
-9.986639e-01 4.678052e-02 2.195566e-02 1.708788e+03 4.428831e-02 9.937142e-01 -1.028132e-01 -3.615598e+01 -2.662731e-02 -1.017034e-01 -9.944583e-01 -6.509421e+02
-9.988516e-01 4.736400e-02 -7.225212e-03 1.708938e+03 4.785377e-02 9.936580e-01 -1.017540e-01 -3.635960e+01 2.359911e-03 -1.019829e-01 -9.947833e-01 -6.526496e+02
-9.982100e-01 4.753460e-02 -3.629341e-02 1.708938e+03 5.096861e-02 9.936369e-01 -1.004383e-01 -3.654399e+01 3.128818e-02 -1.021083e-01 -9.942811e-01 -6.542526e+02
-9.967086e-01 4.774045e-02 -6.551995e-02 1.708846e+03 5.416453e-02 9.935062e-01 -1.000584e-01 -3.673253e+01 6.031764e-02 -1.032779e-01 -9.928220e-01 -6.559052e+02
-9.942933e-01 4.856338e-02 -9.498621e-02 1.708705e+03 5.806991e-02 9.932889e-01 -1.000256e-01 -3.692720e+01 8.949116e-02 -1.049707e-01 -9.904406e-01 -6.575721e+02
-9.910479e-01 4.831413e-02 -1.244581e-01 1.708485e+03 6.083198e-02 9.932436e-01 -9.882603e-02 -3.712079e+01 1.188425e-01 -1.055124e-01 -9.872910e-01 -6.593211e+02
-9.868203e-01 4.892293e-02 -1.542476e-01 1.708276e+03 6.449232e-02 9.931334e-01 -9.760498e-02 -3.731235e+01 1.484133e-01 -1.062664e-01 -9.831993e-01 -6.608580e+02
-9.817057e-01 4.813958e-02 -1.842186e-01 1.708060e+03 6.689452e-02 9.930353e-01 -9.698497e-02 -3.742240e+01 1.782667e-01 -1.075339e-01 -9.780887e-01 -6.624797e+02
-9.756526e-01 4.966037e-02 -2.136256e-01 1.707728e+03 7.138793e-02 9.928928e-01 -9.522454e-02 -3.762977e+01 2.073784e-01 -1.081564e-01 -9.722635e-01 -6.640746e+02
-9.687122e-01 4.997818e-02 -2.431027e-01 1.707415e+03 7.445821e-02 9.929182e-01 -9.257127e-02 -3.783075e+01 2.367546e-01 -1.077759e-01 -9.655732e-01 -6.656647e+02
-9.609664e-01 5.061687e-02 -2.719956e-01 1.706974e+03 7.790967e-02 9.928449e-01 -9.049365e-02 -3.801694e+01 2.654689e-01 -1.081524e-01 -9.580341e-01 -6.672827e+02
-9.521059e-01 5.101951e-02 -3.014819e-01 1.706541e+03 8.146049e-02 9.926706e-01 -8.927051e-02 -3.820897e+01 2.947177e-01 -1.095538e-01 -9.492837e-01 -6.688770e+02
-9.423826e-01 5.099405e-02 -3.306277e-01 1.706072e+03 8.454873e-02 9.925342e-01 -8.790525e-02 -3.836269e+01 3.236767e-01 -1.107945e-01 -9.396584e-01 -6.704488e+02
-9.317153e-01 5.104808e-02 -3.595841e-01 1.705543e+03 8.802723e-02 9.922925e-01 -8.721657e-02 -3.852014e+01 3.523604e-01 -1.129142e-01 -9.290277e-01 -6.720063e+02
-9.203659e-01 5.185093e-02 -3.876056e-01 1.704927e+03 9.165504e-02 9.921641e-01 -8.490985e-02 -3.868390e+01 3.801657e-01 -1.136741e-01 -9.179064e-01 -6.736198e+02
-9.080977e-01 5.203784e-02 -4.155124e-01 1.704285e+03 9.428643e-02 9.921785e-01 -8.180374e-02 -3.883896e+01 4.080056e-01 -1.134630e-01 -9.059015e-01 -6.751859e+02
-8.950406e-01 5.235914e-02 -4.429005e-01 1.703604e+03 9.746763e-02 9.920431e-01 -7.969049e-02 -3.898890e+01 4.352038e-01 -1.144947e-01 -8.930222e-01 -6.766319e+02
-8.812852e-01 5.257914e-02 -4.696507e-01 1.702783e+03 1.009454e-01 9.917993e-01 -7.838536e-02 -3.916768e+01 4.616778e-01 -1.164889e-01 -8.793656e-01 -6.781522e+02
-8.665669e-01 5.248610e-02 -4.962932e-01 1.702028e+03 1.043649e-01 9.915251e-01 -7.736937e-02 -3.934547e+01 4.880263e-01 -1.188413e-01 -8.647005e-01 -6.796169e+02
-8.517233e-01 5.273008e-02 -5.213320e-01 1.701094e+03 1.078628e-01 9.912597e-01 -7.595931e-02 -3.953220e+01 5.127700e-01 -1.209286e-01 -8.499666e-01 -6.811208e+02
-8.363931e-01 5.274336e-02 -5.455867e-01 1.700154e+03 1.106105e-01 9.911235e-01 -7.375296e-02 -3.968695e+01 5.368538e-01 -1.220340e-01 -8.348028e-01 -6.825959e+02
-8.204770e-01 5.349667e-02 -5.691710e-01 1.699144e+03 1.133240e-01 9.910744e-01 -7.020835e-02 -3.984363e+01 5.603349e-01 -1.221051e-01 -8.192162e-01 -6.840720e+02
-8.047658e-01 5.375977e-02 -5.911530e-01 1.697872e+03 1.152115e-01 9.910983e-01 -6.671217e-02 -4.002204e+01 5.823043e-01 -1.217953e-01 -8.037958e-01 -6.856648e+02
-7.874985e-01 5.382480e-02 -6.139617e-01 1.696799e+03 1.178607e-01 9.909462e-01 -6.429986e-02 -4.017631e+01 6.049421e-01 -1.229980e-01 -7.867125e-01 -6.871222e+02
-7.704365e-01 5.316185e-02 -6.352963e-01 1.695784e+03 1.197884e-01 9.908393e-01 -6.235600e-02 -4.029159e+01 6.261616e-01 -1.241425e-01 -7.697469e-01 -6.883539e+02
-7.525474e-01 5.343968e-02 -6.563662e-01 1.694684e+03 1.221851e-01 9.907266e-01 -5.942716e-02 -4.043343e+01 6.471037e-01 -1.249199e-01 -7.520982e-01 -6.897333e+02
-7.352707e-01 5.398190e-02 -6.756205e-01 1.693512e+03 1.245758e-01 9.906044e-01 -5.642545e-02 -4.055542e+01 6.662266e-01 -1.256539e-01 -7.350872e-01 -6.910591e+02
-7.176380e-01 5.390141e-02 -6.943272e-01 1.692285e+03 1.271285e-01 9.903872e-01 -5.451169e-02 -4.067075e+01 6.847146e-01 -1.273884e-01 -7.175919e-01 -6.924125e+02
-6.994773e-01 5.369621e-02 -7.126347e-01 1.691061e+03 1.297440e-01 9.901438e-01 -5.274232e-02 -4.079301e+01 7.027788e-01 -1.293521e-01 -6.995499e-01 -6.937054e+02
-6.816310e-01 5.264837e-02 -7.297995e-01 1.689822e+03 1.301356e-01 9.902291e-01 -5.011031e-02 -4.092549e+01 7.200305e-01 -1.291296e-01 -6.818223e-01 -6.949296e+02
-6.631891e-01 5.350810e-02 -7.465367e-01 1.688625e+03 1.306049e-01 9.904111e-01 -4.503557e-02 -4.103336e+01 7.369685e-01 -1.273684e-01 -6.638183e-01 -6.960587e+02
-6.448794e-01 5.197770e-02 -7.625148e-01 1.687383e+03 1.290558e-01 9.907640e-01 -4.160940e-02 -4.112639e+01 7.533094e-01 -1.252400e-01 -6.456313e-01 -6.971750e+02
-6.276115e-01 5.115311e-02 -7.768444e-01 1.686034e+03 1.307581e-01 9.905903e-01 -4.041156e-02 -4.123302e+01 7.674674e-01 -1.269414e-01 -6.283946e-01 -6.982541e+02
-6.105653e-01 5.077652e-02 -7.903365e-01 1.684679e+03 1.317810e-01 9.905438e-01 -3.816669e-02 -4.131336e+01 7.809249e-01 -1.274546e-01 -6.114831e-01 -6.993714e+02
-5.942920e-01 5.142364e-02 -8.026036e-01 1.683307e+03 1.333169e-01 9.904462e-01 -3.525627e-02 -4.140773e+01 7.931227e-01 -1.279531e-01 -5.954699e-01 -7.004171e+02
-5.786773e-01 5.217988e-02 -8.138856e-01 1.681908e+03 1.351229e-01 9.902929e-01 -3.258346e-02 -4.149359e+01 8.042850e-01 -1.288299e-01 -5.801108e-01 -7.014635e+02
-5.641649e-01 5.288869e-02 -8.239665e-01 1.680510e+03 1.369392e-01 9.901188e-01 -3.020777e-02 -4.156431e+01 8.142270e-01 -1.298754e-01 -5.658328e-01 -7.024686e+02
-5.508730e-01 5.276956e-02 -8.329191e-01 1.679130e+03 1.388247e-01 9.898893e-01 -2.910097e-02 -4.165086e+01 8.229621e-01 -1.316607e-01 -5.526290e-01 -7.033900e+02
-5.377032e-01 5.207022e-02 -8.415248e-01 1.677678e+03 1.405973e-01 9.896537e-01 -2.860060e-02 -4.172125e+01 8.313289e-01 -1.336947e-01 -5.394609e-01 -7.043851e+02
-5.253487e-01 5.142800e-02 -8.493314e-01 1.676234e+03 1.420456e-01 9.894655e-01 -2.794816e-02 -4.178631e+01 8.389468e-01 -1.353263e-01 -5.271196e-01 -7.053297e+02
-5.135514e-01 5.244021e-02 -8.564549e-01 1.674746e+03 1.442785e-01 9.891969e-01 -2.594500e-02 -4.184992e+01 8.458420e-01 -1.368921e-01 -5.155695e-01 -7.062778e+02
-5.019910e-01 5.228325e-02 -8.632911e-01 1.673247e+03 1.454545e-01 9.890571e-01 -2.467964e-02 -4.190435e+01 8.525538e-01 -1.379585e-01 -5.041026e-01 -7.072310e+02
-4.910492e-01 5.246959e-02 -8.695502e-01 1.671623e+03 1.466579e-01 9.889164e-01 -2.314786e-02 -4.197013e+01 8.586979e-01 -1.388932e-01 -4.933017e-01 -7.082672e+02
-4.810965e-01 5.099247e-02 -8.751834e-01 1.670004e+03 1.449075e-01 9.892001e-01 -2.202133e-02 -4.205359e+01 8.646086e-01 -1.374150e-01 -4.832899e-01 -7.092364e+02
-4.707648e-01 5.101446e-02 -8.807826e-01 1.668430e+03 1.452995e-01 9.891780e-01 -2.036769e-02 -4.210245e+01 8.702118e-01 -1.375657e-01 -4.730826e-01 -7.102012e+02
-4.629505e-01 5.261403e-02 -8.848212e-01 1.666855e+03 1.461982e-01 9.890973e-01 -1.767830e-02 -4.215188e+01 8.742442e-01 -1.375434e-01 -4.655952e-01 -7.110635e+02
-4.569415e-01 5.368177e-02 -8.878754e-01 1.665278e+03 1.469405e-01 9.890187e-01 -1.582538e-02 -4.219961e+01 8.772758e-01 -1.376962e-01 -4.598118e-01 -7.118992e+02
-4.517192e-01 5.389640e-02 -8.905307e-01 1.663619e+03 1.480625e-01 9.888603e-01 -1.525681e-02 -4.225539e+01 8.797882e-01 -1.387460e-01 -4.546672e-01 -7.128066e+02
-4.466201e-01 5.467185e-02 -8.930518e-01 1.662044e+03 1.493186e-01 9.886879e-01 -1.414846e-02 -4.227993e+01 8.821759e-01 -1.396682e-01 -4.497315e-01 -7.136206e+02
-4.416115e-01 5.456610e-02 -8.955456e-01 1.660484e+03 1.484975e-01 9.888276e-01 -1.297724e-02 -4.231951e+01 8.848321e-01 -1.387171e-01 -4.447806e-01 -7.144073e+02
-4.372467e-01 5.422891e-02 -8.977051e-01 1.658837e+03 1.475166e-01 9.889855e-01 -1.210814e-02 -4.237942e+01 8.871607e-01 -1.377206e-01 -4.404303e-01 -7.152359e+02
-4.333443e-01 5.409453e-02 -8.996035e-01 1.657219e+03 1.464604e-01 9.891546e-01 -1.107146e-02 -4.243699e+01 8.892481e-01 -1.365540e-01 -4.365672e-01 -7.160544e+02
-4.305355e-01 5.394228e-02 -9.009603e-01 1.655588e+03 1.454820e-01 9.893074e-01 -1.028864e-02 -4.246522e+01 8.907717e-01 -1.355031e-01 -4.337796e-01 -7.168414e+02
-4.279094e-01 5.377787e-02 -9.022203e-01 1.653980e+03 1.456309e-01 9.892874e-01 -1.010294e-02 -4.247476e+01 8.920119e-01 -1.357143e-01 -4.311571e-01 -7.176210e+02
-4.256117e-01 5.380909e-02 -9.033046e-01 1.652446e+03 1.469789e-01 9.890857e-01 -1.033333e-02 -4.252558e+01 8.928896e-01 -1.371647e-01 -4.288752e-01 -7.183352e+02
-4.238241e-01 5.319381e-02 -9.041811e-01 1.650931e+03 1.472912e-01 9.890336e-01 -1.085526e-02 -4.252218e+01 8.936881e-01 -1.377787e-01 -4.270113e-01 -7.190484e+02
-4.230654e-01 5.337489e-02 -9.045257e-01 1.649035e+03 1.485806e-01 9.888375e-01 -1.114420e-02 -4.254820e+01 8.938341e-01 -1.391097e-01 -4.262734e-01 -7.198574e+02
-4.217142e-01 5.326892e-02 -9.051627e-01 1.647454e+03 1.480530e-01 9.889207e-01 -1.077960e-02 -4.259711e+01 8.945599e-01 -1.385579e-01 -4.249285e-01 -7.205918e+02
-4.206172e-01 5.308173e-02 -9.056840e-01 1.645865e+03 1.481892e-01 9.888994e-01 -1.086298e-02 -4.264035e+01 8.950537e-01 -1.387817e-01 -4.238142e-01 -7.213320e+02
-4.195166e-01 5.318096e-02 -9.061885e-01 1.644204e+03 1.481060e-01 9.889154e-01 -1.052923e-02 -4.268025e+01 8.955838e-01 -1.386292e-01 -4.227429e-01 -7.220954e+02
-4.184340e-01 5.438896e-02 -9.066173e-01 1.642642e+03 1.488621e-01 9.888134e-01 -9.384805e-03 -4.271970e+01 8.959649e-01 -1.388879e-01 -4.218496e-01 -7.228283e+02
-4.173936e-01 5.459520e-02 -9.070843e-01 1.640963e+03 1.483568e-01 9.888952e-01 -8.747004e-03 -4.275455e+01 8.965338e-01 -1.382231e-01 -4.208581e-01 -7.236113e+02
-4.164705e-01 5.549853e-02 -9.074537e-01 1.639323e+03 1.480803e-01 9.889471e-01 -7.478044e-03 -4.281312e+01 8.970087e-01 -1.374904e-01 -4.200855e-01 -7.243700e+02
-4.155142e-01 5.509927e-02 -9.079163e-01 1.637786e+03 1.477513e-01 9.889954e-01 -7.599622e-03 -4.281785e+01 8.975063e-01 -1.373035e-01 -4.190826e-01 -7.250781e+02
-4.142558e-01 5.404208e-02 -9.085547e-01 1.636148e+03 1.476241e-01 9.890072e-01 -8.481738e-03 -4.284417e+01 8.981087e-01 -1.376382e-01 -4.176798e-01 -7.258603e+02
-4.130636e-01 5.340995e-02 -9.091347e-01 1.634513e+03 1.473813e-01 9.890401e-01 -8.858139e-03 -4.288232e+01 8.986975e-01 -1.376484e-01 -4.164081e-01 -7.266316e+02
-4.118575e-01 5.404991e-02 -9.096439e-01 1.632912e+03 1.467762e-01 9.891399e-01 -7.682073e-03 -4.291476e+01 8.993498e-01 -1.366780e-01 -4.153179e-01 -7.273840e+02
-4.109471e-01 5.405960e-02 -9.100550e-01 1.631318e+03 1.457505e-01 9.892963e-01 -7.048769e-03 -4.294390e+01 8.999329e-01 -1.355376e-01 -4.144277e-01 -7.281153e+02
-4.100208e-01 5.369615e-02 -9.104942e-01 1.629753e+03 1.457558e-01 9.892937e-01 -7.294528e-03 -4.297023e+01 9.003545e-01 -1.357007e-01 -4.134575e-01 -7.288308e+02
-4.090070e-01 5.116942e-02 -9.110955e-01 1.628214e+03 1.442153e-01 9.895039e-01 -9.167786e-03 -4.301478e+01 9.010634e-01 -1.351436e-01 -4.120934e-01 -7.295213e+02
-4.075579e-01 4.915947e-02 -9.118552e-01 1.626675e+03 1.434574e-01 9.895979e-01 -1.076823e-02 -4.306055e+01 9.018407e-01 -1.352010e-01 -4.103707e-01 -7.302060e+02
-4.063995e-01 4.707149e-02 -9.124822e-01 1.625074e+03 1.427249e-01 9.896833e-01 -1.251252e-02 -4.310830e+01 9.024794e-01 -1.353190e-01 -4.089251e-01 -7.309421e+02
-4.049231e-01 4.674171e-02 -9.131552e-01 1.623518e+03 1.434358e-01 9.895749e-01 -1.295076e-02 -4.315336e+01 9.030301e-01 -1.362232e-01 -4.074062e-01 -7.316371e+02
-4.030303e-01 4.673766e-02 -9.139925e-01 1.621964e+03 1.442550e-01 9.894550e-01 -1.301360e-02 -4.320268e+01 9.037461e-01 -1.370929e-01 -4.055224e-01 -7.323283e+02
-3.998032e-01 4.806413e-02 -9.153400e-01 1.620403e+03 1.449016e-01 9.893811e-01 -1.133829e-02 -4.325235e+01 9.050751e-01 -1.371673e-01 -4.025223e-01 -7.329926e+02
-3.956840e-01 4.770423e-02 -9.171469e-01 1.618848e+03 1.446357e-01 9.894245e-01 -1.093639e-02 -4.328372e+01 9.069260e-01 -1.369795e-01 -3.983991e-01 -7.336670e+02
-3.897597e-01 4.728885e-02 -9.197017e-01 1.617268e+03 1.442443e-01 9.894890e-01 -1.025202e-02 -4.333276e+01 9.095499e-01 -1.366575e-01 -3.924840e-01 -7.343630e+02
-3.826970e-01 4.670141e-02 -9.226928e-01 1.615703e+03 1.436425e-01 9.895841e-01 -9.490237e-03 -4.337296e+01 9.126389e-01 -1.361698e-01 -3.854192e-01 -7.350304e+02
-3.743283e-01 4.548690e-02 -9.261799e-01 1.614155e+03 1.423069e-01 9.897825e-01 -8.904735e-03 -4.341659e+01 9.163116e-01 -1.351351e-01 -3.769767e-01 -7.356737e+02
-3.652713e-01 4.544633e-02 -9.297911e-01 1.612652e+03 1.434475e-01 9.896257e-01 -7.982877e-03 -4.345018e+01 9.197824e-01 -1.362921e-01 -3.680010e-01 -7.362512e+02
-3.547378e-01 4.606898e-02 -9.338301e-01 1.611115e+03 1.428449e-01 9.897301e-01 -5.436373e-03 -4.349232e+01 9.239894e-01 -1.353214e-01 -3.576754e-01 -7.368450e+02
-3.418385e-01 4.586719e-02 -9.386387e-01 1.609610e+03 1.419329e-01 9.898707e-01 -3.319205e-03 -4.352731e+01 9.289787e-01 -1.343583e-01 -3.448860e-01 -7.374191e+02
-3.274987e-01 4.553831e-02 -9.437536e-01 1.608120e+03 1.419068e-01 9.898789e-01 -1.480135e-03 -4.356230e+01 9.341344e-01 -1.344098e-01 -3.306463e-01 -7.379498e+02
-3.116137e-01 4.433355e-02 -9.491741e-01 1.606594e+03 1.414485e-01 9.899456e-01 -1.996205e-04 -4.358903e+01 9.396219e-01 -1.343214e-01 -3.147515e-01 -7.384767e+02
-2.941044e-01 4.181229e-02 -9.548583e-01 1.605097e+03 1.413724e-01 9.899565e-01 -1.946896e-04 -4.360953e+01 9.452600e-01 -1.350479e-01 -2.970616e-01 -7.389742e+02
-2.750220e-01 4.075202e-02 -9.605739e-01 1.603645e+03 1.421422e-01 9.898454e-01 1.297116e-03 -4.364260e+01 9.508725e-01 -1.361813e-01 -2.780218e-01 -7.394114e+02
-2.550857e-01 3.899395e-02 -9.661319e-01 1.602136e+03 1.429948e-01 9.897210e-01 2.191420e-03 -4.366283e+01 9.562864e-01 -1.375928e-01 -2.580396e-01 -7.398354e+02
-2.338966e-01 3.844115e-02 -9.715012e-01 1.600632e+03 1.439901e-01 9.895689e-01 4.489306e-03 -4.368688e+01 9.615400e-01 -1.388365e-01 -2.369920e-01 -7.402277e+02
-2.122345e-01 3.890561e-02 -9.764440e-01 1.599114e+03 1.456497e-01 9.893058e-01 7.760445e-03 -4.369143e+01 9.663036e-01 -1.405718e-01 -2.156314e-01 -7.405871e+02
-1.875470e-01 3.851780e-02 -9.815001e-01 1.597621e+03 1.464727e-01 9.891554e-01 1.082992e-02 -4.370740e+01 9.712733e-01 -1.417319e-01 -1.911550e-01 -7.409137e+02
-1.607865e-01 3.650808e-02 -9.863138e-01 1.596132e+03 1.457538e-01 9.892374e-01 1.285586e-02 -4.371746e+01 9.761678e-01 -1.416919e-01 -1.643772e-01 -7.412012e+02
-1.324640e-01 3.528972e-02 -9.905594e-01 1.594612e+03 1.468141e-01 9.890410e-01 1.560270e-02 -4.371719e+01 9.802545e-01 -1.433613e-01 -1.361933e-01 -7.414607e+02
-1.039573e-01 3.308484e-02 -9.940313e-01 1.593087e+03 1.483374e-01 9.887838e-01 1.739684e-02 -4.370458e+01 9.834576e-01 -1.456435e-01 -1.076990e-01 -7.416551e+02
-7.460491e-02 3.141331e-02 -9.967183e-01 1.591581e+03 1.522735e-01 9.881411e-01 1.974523e-02 -4.369876e+01 9.855186e-01 -1.503007e-01 -7.850359e-02 -7.417922e+02
-4.575030e-02 2.957046e-02 -9.985151e-01 1.590138e+03 1.532916e-01 9.879308e-01 2.223345e-02 -4.367910e+01 9.871214e-01 -1.520468e-01 -4.973103e-02 -7.418693e+02
-1.551366e-02 2.862657e-02 -9.994698e-01 1.588607e+03 1.560358e-01 9.874128e-01 2.585927e-02 -4.366424e+01 9.876296e-01 -1.555519e-01 -1.978516e-02 -7.419165e+02
1.596734e-02 2.859941e-02 -9.994634e-01 1.587093e+03 1.563703e-01 9.872198e-01 3.074722e-02 -4.363962e+01 9.875694e-01 -1.567773e-01 1.129118e-02 -7.419208e+02
4.906862e-02 2.954435e-02 -9.983584e-01 1.585597e+03 1.569428e-01 9.869174e-01 3.691941e-02 -4.361891e+01 9.863880e-01 -1.584968e-01 4.378990e-02 -7.418802e+02
8.289359e-02 2.917830e-02 -9.961312e-01 1.584124e+03 1.572456e-01 9.866666e-01 4.198634e-02 -4.358098e+01 9.840744e-01 -1.601176e-01 7.720018e-02 -7.417831e+02
1.178125e-01 2.791983e-02 -9.926433e-01 1.582629e+03 1.549386e-01 9.868458e-01 4.614576e-02 -4.353031e+01 9.808742e-01 -1.592353e-01 1.119369e-01 -7.416413e+02
1.508334e-01 2.423847e-02 -9.882620e-01 1.581184e+03 1.542268e-01 9.868813e-01 4.774346e-02 -4.346655e+01 9.764545e-01 -1.596178e-01 1.451164e-01 -7.413985e+02
1.843372e-01 2.100535e-02 -9.826386e-01 1.579748e+03 1.538033e-01 9.868383e-01 4.994773e-02 -4.340181e+01 9.707545e-01 -1.603403e-01 1.786803e-01 -7.411382e+02
2.169402e-01 1.996060e-02 -9.759808e-01 1.578318e+03 1.536321e-01 9.866335e-01 5.432768e-02 -4.333389e+01 9.640198e-01 -1.617278e-01 2.109739e-01 -7.408120e+02
2.504346e-01 1.914396e-02 -9.679442e-01 1.576869e+03 1.529549e-01 9.864653e-01 5.908404e-02 -4.326159e+01 9.559745e-01 -1.628485e-01 2.441169e-01 -7.404550e+02
2.837738e-01 1.742284e-02 -9.587329e-01 1.575424e+03 1.514562e-01 9.864698e-01 6.275617e-02 -4.319275e+01 9.468545e-01 -1.630146e-01 2.772955e-01 -7.400267e+02
3.178624e-01 1.794376e-02 -9.479670e-01 1.574014e+03 1.489861e-01 9.864549e-01 6.862875e-02 -4.311444e+01 9.363582e-01 -1.630484e-01 3.108836e-01 -7.395900e+02
3.515708e-01 1.746903e-02 -9.359983e-01 1.572612e+03 1.464248e-01 9.864942e-01 7.341017e-02 -4.302545e+01 9.246393e-01 -1.628623e-01 3.442646e-01 -7.391146e+02
3.848859e-01 1.591213e-02 -9.228270e-01 1.571249e+03 1.441308e-01 9.865486e-01 7.712388e-02 -4.294059e+01 9.116409e-01 -1.626917e-01 3.774152e-01 -7.385749e+02
4.169093e-01 1.350711e-02 -9.088477e-01 1.569887e+03 1.408701e-01 9.868481e-01 7.928668e-02 -4.285041e+01 8.979656e-01 -1.610848e-01 4.095235e-01 -7.379732e+02
4.477900e-01 1.120949e-02 -8.940685e-01 1.568574e+03 1.390243e-01 9.868879e-01 8.200289e-02 -4.276024e+01 8.832646e-01 -1.610173e-01 4.403602e-01 -7.373163e+02
4.777468e-01 9.788069e-03 -8.784431e-01 1.567303e+03 1.368214e-01 9.869070e-01 8.540780e-02 -4.266076e+01 8.677776e-01 -1.609931e-01 4.701524e-01 -7.366115e+02
5.087544e-01 5.830559e-03 -8.608920e-01 1.565985e+03 1.367877e-01 9.867267e-01 8.751913e-02 -4.254415e+01 8.499754e-01 -1.622852e-01 5.012039e-01 -7.358882e+02
5.374663e-01 3.402559e-03 -8.432783e-01 1.564697e+03 1.350691e-01 9.867340e-01 9.006814e-02 -4.239458e+01 8.323979e-01 -1.623094e-01 5.298768e-01 -7.350055e+02
5.650876e-01 -2.346814e-03 -8.250276e-01 1.563424e+03 1.374876e-01 9.862808e-01 9.136414e-02 -4.227196e+01 8.134944e-01 -1.650598e-01 5.576577e-01 -7.340482e+02
5.931653e-01 -5.600212e-03 -8.050612e-01 1.562166e+03 1.349214e-01 9.865248e-01 9.254694e-02 -4.214702e+01 7.936946e-01 -1.635156e-01 5.859279e-01 -7.331884e+02
6.179784e-01 -1.225010e-02 -7.860997e-01 1.561021e+03 1.356990e-01 9.865340e-01 9.130383e-02 -4.200201e+01 7.743956e-01 -1.630967e-01 6.113190e-01 -7.322407e+02
6.426007e-01 -1.473323e-02 -7.660596e-01 1.559851e+03 1.347016e-01 9.864154e-01 9.402173e-02 -4.186961e+01 7.542677e-01 -1.636079e-01 6.358558e-01 -7.313053e+02
6.651034e-01 -1.786599e-02 -7.465375e-01 1.558732e+03 1.363559e-01 9.858117e-01 9.788962e-02 -4.172527e+01 7.341965e-01 -1.669015e-01 6.581029e-01 -7.303257e+02
6.867722e-01 -1.979592e-02 -7.266031e-01 1.557642e+03 1.356646e-01 9.855546e-01 1.013768e-01 -4.159286e+01 7.141002e-01 -1.681971e-01 6.795371e-01 -7.293169e+02
7.082493e-01 -2.321701e-02 -7.055806e-01 1.556556e+03 1.352957e-01 9.853969e-01 1.033832e-01 -4.144209e+01 6.928766e-01 -1.686831e-01 7.010478e-01 -7.282661e+02
7.298791e-01 -2.750501e-02 -6.830227e-01 1.555447e+03 1.343485e-01 9.854742e-01 1.038804e-01 -4.129540e+01 6.702440e-01 -1.675832e-01 7.229723e-01 -7.271970e+02
7.505443e-01 -3.202613e-02 -6.600436e-01 1.554435e+03 1.331700e-01 9.856632e-01 1.036037e-01 -4.116170e+01 6.472627e-01 -1.656572e-01 7.440488e-01 -7.260998e+02
7.716573e-01 -2.875708e-02 -6.353881e-01 1.553451e+03 1.255559e-01 9.862071e-01 1.078486e-01 -4.102041e+01 6.235228e-01 -1.629989e-01 7.646245e-01 -7.250257e+02
7.925373e-01 -2.650015e-02 -6.092474e-01 1.552465e+03 1.213975e-01 9.859155e-01 1.150356e-01 -4.086605e+01 5.976181e-01 -1.651311e-01 7.845918e-01 -7.238480e+02
8.129751e-01 -2.179633e-02 -5.818904e-01 1.551591e+03 1.134272e-01 9.860849e-01 1.215357e-01 -4.071854e+01 5.711443e-01 -1.648077e-01 8.041347e-01 -7.226887e+02
8.330492e-01 -2.557471e-02 -5.526074e-01 1.550737e+03 1.081898e-01 9.871729e-01 1.174084e-01 -4.056485e+01 5.425164e-01 -1.575934e-01 8.251305e-01 -7.214832e+02
8.511793e-01 -2.935095e-02 -5.240537e-01 1.549945e+03 1.010490e-01 9.889211e-01 1.087389e-01 -4.040191e+01 5.150562e-01 -1.455114e-01 8.447151e-01 -7.201917e+02
8.674346e-01 -2.966012e-02 -4.966664e-01 1.549201e+03 9.592382e-02 9.894639e-01 1.084431e-01 -4.025103e+01 4.882170e-01 -1.417094e-01 8.611403e-01 -7.188547e+02
8.833075e-01 -2.846234e-02 -4.679293e-01 1.548468e+03 9.311037e-02 9.889208e-01 1.156117e-01 -4.008994e+01 4.594544e-01 -1.456897e-01 8.761713e-01 -7.175490e+02
8.982308e-01 -2.812253e-02 -4.386234e-01 1.547796e+03 9.169623e-02 9.879817e-01 1.244344e-01 -3.992281e+01 4.298525e-01 -1.519909e-01 8.900144e-01 -7.162079e+02
9.126201e-01 -2.885669e-02 -4.077890e-01 1.547172e+03 8.876003e-02 9.876970e-01 1.287493e-01 -3.974698e+01 3.990566e-01 -1.536945e-01 9.039534e-01 -7.148499e+02
9.264983e-01 -2.938367e-02 -3.751501e-01 1.546577e+03 8.297286e-02 9.883616e-01 1.275024e-01 -3.955534e+01 3.670374e-01 -1.492580e-01 9.181534e-01 -7.134680e+02
9.388727e-01 -3.040866e-02 -3.429188e-01 1.545859e+03 7.759518e-02 9.891515e-01 1.247328e-01 -3.938672e+01 3.354057e-01 -1.437171e-01 9.310469e-01 -7.118271e+02
9.500410e-01 -2.911174e-02 -3.107646e-01 1.545205e+03 7.048134e-02 9.899337e-01 1.227343e-01 -3.922934e+01 3.040633e-01 -1.385057e-01 9.425294e-01 -7.101833e+02
9.600012e-01 -3.032500e-02 -2.783488e-01 1.544716e+03 6.657155e-02 9.903311e-01 1.217069e-01 -3.905726e+01 2.719667e-01 -1.353689e-01 9.527378e-01 -7.086907e+02
9.689452e-01 -2.781171e-02 -2.457065e-01 1.544307e+03 5.940148e-02 9.907377e-01 1.221078e-01 -3.887195e+01 2.400346e-01 -1.329111e-01 9.616226e-01 -7.072120e+02
9.766988e-01 -2.434178e-02 -2.132299e-01 1.543946e+03 5.175836e-02 9.909369e-01 1.239562e-01 -3.869839e+01 2.082800e-01 -1.321043e-01 9.691067e-01 -7.057003e+02
9.833419e-01 -2.149159e-02 -1.804907e-01 1.543623e+03 4.467283e-02 9.911037e-01 1.253708e-01 -3.850576e+01 1.761906e-01 -1.313454e-01 9.755538e-01 -7.041967e+02
9.889551e-01 -2.108916e-02 -1.467073e-01 1.543172e+03 3.969760e-02 9.913502e-01 1.250953e-01 -3.825783e+01 1.428002e-01 -1.295376e-01 9.812381e-01 -7.026978e+02
9.930255e-01 -2.012789e-02 -1.161693e-01 1.543050e+03 3.482412e-02 9.914314e-01 1.259008e-01 -3.816476e+01 1.126398e-01 -1.290682e-01 9.852176e-01 -7.009439e+02
9.961410e-01 -1.774159e-02 -8.595517e-02 1.542712e+03 2.854245e-02 9.916058e-01 1.261081e-01 -3.787204e+01 8.299629e-02 -1.280748e-01 9.882856e-01 -6.989176e+02
9.981439e-01 -1.804930e-02 -5.816297e-02 1.542612e+03 2.534635e-02 9.915437e-01 1.272740e-01 -3.770571e+01 5.537392e-02 -1.285120e-01 9.901608e-01 -6.969990e+02
9.993499e-01 -1.714279e-02 -3.171733e-02 1.542490e+03 2.112984e-02 9.912915e-01 1.299795e-01 -3.748504e+01 2.921291e-02 -1.305652e-01 9.910092e-01 -6.948225e+02
9.998290e-01 -1.740108e-02 -6.259844e-03 1.542403e+03 1.807376e-02 9.911381e-01 1.315999e-01 -3.729021e+01 3.914390e-03 -1.316906e-01 9.912831e-01 -6.926315e+02
9.996592e-01 -1.762173e-02 1.926256e-02 1.542177e+03 1.494821e-02 9.912612e-01 1.310637e-01 -3.703457e+01 -2.140380e-02 -1.307311e-01 9.911868e-01 -6.907274e+02
9.989962e-01 -1.580088e-02 4.191641e-02 1.542025e+03 1.025833e-02 9.915537e-01 1.292903e-01 -3.675360e+01 -4.360527e-02 -1.287305e-01 9.907205e-01 -6.883624e+02
9.977873e-01 -1.882896e-02 6.376465e-02 1.541756e+03 1.047777e-02 9.916081e-01 1.288546e-01 -3.663050e+01 -6.565574e-02 -1.279014e-01 9.896113e-01 -6.861689e+02
9.963531e-01 -1.985418e-02 8.298415e-02 1.541639e+03 8.993778e-03 9.915710e-01 1.292518e-01 -3.647890e+01 -8.485086e-02 -1.280341e-01 9.881334e-01 -6.840904e+02
9.946605e-01 -2.065558e-02 1.011126e-01 1.541571e+03 7.277850e-03 9.913655e-01 1.309257e-01 -3.618096e+01 -1.029439e-01 -1.294907e-01 9.862224e-01 -6.820114e+02
9.928739e-01 -2.100768e-02 1.173031e-01 1.541738e+03 5.163837e-03 9.909990e-01 1.337693e-01 -3.598337e+01 -1.190574e-01 -1.322103e-01 9.840456e-01 -6.803997e+02
9.906829e-01 -2.085379e-02 1.345825e-01 1.541808e+03 2.663002e-03 9.909843e-01 1.339519e-01 -3.579324e+01 -1.361626e-01 -1.323455e-01 9.818067e-01 -6.784633e+02
9.885477e-01 -1.984630e-02 1.495983e-01 1.541892e+03 -1.175130e-04 9.912131e-01 1.322748e-01 -3.556788e+01 -1.509090e-01 -1.307775e-01 9.798590e-01 -6.764451e+02
9.866708e-01 -2.171186e-02 1.612740e-01 1.542138e+03 4.373701e-04 9.914094e-01 1.307948e-01 -3.529683e+01 -1.627283e-01 -1.289809e-01 9.782042e-01 -6.744673e+02
9.852949e-01 -2.257361e-02 1.693645e-01 1.542457e+03 -5.239516e-05 9.911943e-01 1.324153e-01 -3.508583e+01 -1.708622e-01 -1.304770e-01 9.766176e-01 -6.726637e+02
9.841889e-01 -2.188982e-02 1.757642e-01 1.542690e+03 -1.930308e-03 9.909494e-01 1.342223e-01 -3.491785e+01 -1.771116e-01 -1.324394e-01 9.752391e-01 -6.706060e+02
9.835184e-01 -2.052485e-02 1.796391e-01 1.543138e+03 -3.947963e-03 9.908613e-01 1.348269e-01 -3.464798e+01 -1.807647e-01 -1.333140e-01 9.744493e-01 -6.684454e+02
9.828964e-01 -1.867718e-02 1.832100e-01 1.543400e+03 -6.335064e-03 9.908260e-01 1.349956e-01 -3.444023e+01 -1.840506e-01 -1.338473e-01 9.737609e-01 -6.667088e+02
9.822756e-01 -1.781268e-02 1.865941e-01 1.543673e+03 -8.060860e-03 9.905392e-01 1.369933e-01 -3.424292e+01 -1.872690e-01 -1.360693e-01 9.728389e-01 -6.648687e+02
9.816500e-01 -1.827888e-02 1.898134e-01 1.543916e+03 -8.702406e-03 9.900640e-01 1.403482e-01 -3.398119e+01 -1.904929e-01 -1.394246e-01 9.717372e-01 -6.627658e+02
9.812226e-01 -1.741450e-02 1.920908e-01 1.544241e+03 -1.010877e-02 9.899039e-01 1.413791e-01 -3.371572e+01 -1.926135e-01 -1.406662e-01 9.711401e-01 -6.608643e+02
9.806898e-01 -1.725603e-02 1.948068e-01 1.544577e+03 -1.064070e-02 9.899162e-01 1.412540e-01 -3.346424e+01 -1.952799e-01 -1.405993e-01 9.706171e-01 -6.590044e+02
9.798980e-01 -1.731328e-02 1.987466e-01 1.544804e+03 -1.101604e-02 9.900115e-01 1.405556e-01 -3.317535e+01 -1.991949e-01 -1.399195e-01 9.699195e-01 -6.570377e+02
9.793617e-01 -1.555905e-02 2.015158e-01 1.545135e+03 -1.299361e-02 9.901233e-01 1.395961e-01 -3.294393e+01 -2.016975e-01 -1.393335e-01 9.694866e-01 -6.550394e+02
9.790338e-01 -1.295490e-02 2.032857e-01 1.545517e+03 -1.558164e-02 9.902887e-01 1.381506e-01 -3.269762e+01 -2.031012e-01 -1.384216e-01 9.693242e-01 -6.530976e+02
9.786311e-01 -1.342264e-02 2.051852e-01 1.545929e+03 -1.548215e-02 9.902246e-01 1.386198e-01 -3.246214e+01 -2.050401e-01 -1.388344e-01 9.688568e-01 -6.512039e+02
9.781963e-01 -1.553334e-02 2.071009e-01 1.546353e+03 -1.424358e-02 9.898333e-01 1.415177e-01 -3.219978e+01 -2.071936e-01 -1.413819e-01 9.680299e-01 -6.492812e+02
