1.000000e+00 0.000000e+00 0.000000e+00 0.000000e+00 0.000000e+00 1.000000e+00 0.000000e+00 0.000000e+00 0.000000e+00 0.000000e+00 1.000000e+00 0.000000e+00
9.999979e-01 -1.774826e-03 -9.786361e-04 -1.197399e-02 1.777676e-03 9.999942e-01 2.918865e-03 -2.135072e-02 9.734499e-04 -2.920599e-03 9.999953e-01 1.547845e+00
9.999954e-01 -1.847098e-03 -2.408516e-03 -1.025280e-02 1.855626e-03 9.999920e-01 3.543296e-03 -3.981948e-02 2.401952e-03 -3.547749e-03 9.999908e-01 3.054451e+00
9.999899e-01 -7.537017e-04 -4.439341e-03 5.972967e-03 7.689978e-04 9.999938e-01 3.444874e-03 -6.030620e-02 4.436717e-03 -3.448253e-03 9.999842e-01 4.524065e+00
9.999821e-01 -2.278707e-04 -5.982304e-03 -4.339654e-03 2.488067e-04 9.999938e-01 3.499146e-03 -8.036259e-02 5.981470e-03 -3.500571e-03 9.999760e-01 5.983659e+00
9.999758e-01 -6.534782e-04 -6.926596e-03 -4.332336e-02 6.775625e-04 9.999937e-01 3.475294e-03 -8.791438e-02 6.924282e-03 -3.479903e-03 9.999700e-01 7.523056e+00
9.999596e-01 -5.728019e-04 -8.966876e-03 -5.186282e-02 6.069029e-04 9.999926e-01 3.800736e-03 -1.104081e-01 8.964633e-03 -3.806024e-03 9.999526e-01 9.034532e+00
9.999389e-01 -2.923521e-03 -1.066461e-02 -7.406585e-02 2.953844e-03 9.999916e-01 2.828728e-03 -1.175252e-01 1.065625e-02 -2.860056e-03 9.999391e-01 1.053644e+01
9.999188e-01 -4.255750e-03 -1.200982e-02 -8.378628e-02 4.293510e-03 9.999859e-01 3.120048e-03 -1.344462e-01 1.199637e-02 -3.171359e-03 9.999230e-01 1.199311e+01
9.999037e-01 -3.448247e-03 -1.343971e-02 -1.025894e-01 3.490308e-03 9.999891e-01 3.107356e-03 -1.604333e-01 1.342884e-02 -3.153966e-03 9.999049e-01 1.349377e+01
9.998223e-01 -2.977493e-03 -1.861395e-02 -1.308117e-01 3.037614e-03 9.999903e-01 3.202410e-03 -1.733992e-01 1.860424e-02 -3.258383e-03 9.998216e-01 1.499579e+01
9.998110e-01 -1.373576e-03 -1.939218e-02 -1.564973e-01 1.440838e-03 9.999930e-01 3.454941e-03 -1.846582e-01 1.938730e-02 -3.482229e-03 9.998060e-01 1.648005e+01
9.997979e-01 -5.936636e-04 -2.009293e-02 -2.038808e-01 6.812681e-04 9.999903e-01 4.353404e-03 -2.155334e-01 2.009015e-02 -4.366213e-03 9.997886e-01 1.795068e+01
9.997730e-01 3.748040e-04 -2.130212e-02 -2.035898e-01 -2.689232e-04 9.999876e-01 4.973086e-03 -2.110251e-01 2.130372e-02 -4.966228e-03 9.997607e-01 1.936338e+01
9.997622e-01 3.737433e-04 -2.180560e-02 -2.411855e-01 -2.649771e-04 9.999875e-01 4.990670e-03 -2.267347e-01 2.180720e-02 -4.983705e-03 9.997498e-01 2.081110e+01
9.997462e-01 1.264610e-03 -2.249436e-02 -2.685723e-01 -1.156138e-03 9.999876e-01 4.834535e-03 -2.270609e-01 2.250020e-02 -4.807301e-03 9.997353e-01 2.228402e+01
9.997358e-01 1.954729e-03 -2.290197e-02 -3.029266e-01 -1.833250e-03 9.999841e-01 5.324115e-03 -2.411904e-01 2.291202e-02 -5.280724e-03 9.997235e-01 2.374830e+01
9.997317e-01 2.687292e-03 -2.300510e-02 -3.348199e-01 -2.538769e-03 9.999758e-01 6.482852e-03 -2.590301e-01 2.302197e-02 -6.422708e-03 9.997143e-01 2.520617e+01
9.997199e-01 1.943121e-03 -2.358886e-02 -3.538833e-01 -1.821361e-03 9.999849e-01 5.182161e-03 -2.871814e-01 2.359857e-02 -5.137745e-03 9.997083e-01 2.673918e+01
9.997029e-01 3.205338e-03 -2.416115e-02 -3.652572e-01 -3.135258e-03 9.999908e-01 2.937838e-03 -2.946722e-01 2.417035e-02 -2.861214e-03 9.997038e-01 2.818800e+01
9.995734e-01 1.833386e-03 -2.915015e-02 -3.855473e-01 -1.746186e-03 9.999939e-01 3.016589e-03 -3.103022e-01 2.915550e-02 -2.964400e-03 9.995705e-01 2.955475e+01
9.995547e-01 2.089397e-03 -2.976672e-02 -3.890438e-01 -1.919705e-03 9.999818e-01 5.728186e-03 -3.261037e-01 2.977815e-02 -5.668492e-03 9.995405e-01 3.101167e+01
9.995509e-01 4.020440e-04 -2.996314e-02 -4.279150e-01 -1.981464e-04 9.999768e-01 6.807607e-03 -3.454077e-01 2.996518e-02 -6.798613e-03 9.995278e-01 3.244125e+01
9.995455e-01 3.686549e-04 -3.014458e-02 -4.651832e-01 -1.793338e-04 9.999802e-01 6.282896e-03 -3.612269e-01 3.014630e-02 -6.274634e-03 9.995258e-01 3.383517e+01
9.995530e-01 7.550784e-04 -2.988535e-02 -5.046034e-01 -6.239069e-04 9.999901e-01 4.398236e-03 -3.787409e-01 2.988838e-02 -4.377624e-03 9.995437e-01 3.517437e+01
9.995562e-01 1.746778e-03 -2.973951e-02 -5.440006e-01 -1.634665e-03 9.999915e-01 3.793741e-03 -3.987408e-01 2.974588e-02 -3.743443e-03 9.995505e-01 3.654458e+01
9.995774e-01 2.496803e-03 -2.896087e-02 -5.865524e-01 -2.411420e-03 9.999926e-01 2.982763e-03 -4.187394e-01 2.896810e-02 -2.911666e-03 9.995761e-01 3.787796e+01
9.996104e-01 2.896220e-03 -2.775955e-02 -6.290361e-01 -2.792055e-03 9.999889e-01 3.790443e-03 -4.308779e-01 2.777022e-02 -3.711460e-03 9.996074e-01 3.921516e+01
9.996576e-01 3.698215e-03 -2.590371e-02 -6.894603e-01 -3.541735e-03 9.999752e-01 6.084117e-03 -4.554326e-01 2.592557e-02 -5.990290e-03 9.996459e-01 4.055629e+01
9.996784e-01 3.612313e-03 -2.510063e-02 -6.792634e-01 -3.443173e-03 9.999711e-01 6.778463e-03 -4.726566e-01 2.512439e-02 -6.689857e-03 9.996619e-01 4.183135e+01
9.995861e-01 3.584397e-03 -2.854597e-02 -7.043537e-01 -3.376674e-03 9.999675e-01 7.321665e-03 -4.781900e-01 2.857128e-02 -7.222243e-03 9.995657e-01 4.311778e+01
9.996763e-01 3.144517e-03 -2.524742e-02 -7.432949e-01 -2.979048e-03 9.999739e-01 6.588865e-03 -4.890773e-01 2.526748e-02 -6.511519e-03 9.996595e-01 4.439100e+01
9.997588e-01 2.212223e-03 -2.184898e-02 -7.682855e-01 -2.109789e-03 9.999867e-01 4.710221e-03 -5.001780e-01 2.185910e-02 -4.662988e-03 9.997502e-01 4.563549e+01
9.998288e-01 1.459554e-03 -1.844457e-02 -8.044535e-01 -1.404427e-03 9.999945e-01 3.001424e-03 -5.198070e-01 1.844885e-02 -2.975006e-03 9.998254e-01 4.683096e+01
9.998933e-01 1.480805e-03 -1.452990e-02 -8.117496e-01 -1.431404e-03 9.999932e-01 3.409762e-03 -5.295499e-01 1.453485e-02 -3.388600e-03 9.998886e-01 4.810056e+01
9.999552e-01 2.104785e-03 -9.232836e-03 -8.240159e-01 -2.075784e-03 9.999929e-01 3.149527e-03 -5.447665e-01 9.239399e-03 -3.130221e-03 9.999524e-01 4.934475e+01
9.999895e-01 3.576506e-03 -2.878676e-03 -8.397931e-01 -3.569950e-03 9.999910e-01 2.279590e-03 -5.677296e-01 2.886803e-03 -2.269289e-03 9.999933e-01 5.054781e+01
9.999767e-01 5.442048e-03 4.117064e-03 -8.274304e-01 -5.450376e-03 9.999831e-01 2.014191e-03 -5.716616e-01 -4.106033e-03 -2.036584e-03 9.999895e-01 5.186997e+01
9.998973e-01 7.074480e-03 1.246700e-02 -8.073359e-01 -7.105313e-03 9.999718e-01 2.430550e-03 -5.680723e-01 -1.244945e-02 -2.518882e-03 9.999193e-01 5.311481e+01
9.996852e-01 9.650869e-03 2.316044e-02 -7.838895e-01 -9.711536e-03 9.999497e-01 2.508377e-03 -5.681516e-01 -2.313507e-02 -2.732510e-03 9.997286e-01 5.435521e+01
9.994917e-01 1.200974e-02 2.953162e-02 -7.477825e-01 -1.208678e-02 9.999240e-01 2.431500e-03 -5.833217e-01 -2.950018e-02 -2.787207e-03 9.995609e-01 5.550307e+01
9.989316e-01 1.441281e-02 4.390840e-02 -6.986295e-01 -1.453935e-02 9.998910e-01 2.563720e-03 -5.890682e-01 -4.386666e-02 -3.199381e-03 9.990323e-01 5.666830e+01
9.980452e-01 1.713499e-02 6.010086e-02 -6.316380e-01 -1.737540e-02 9.998430e-01 3.479864e-03 -6.002784e-01 -6.003179e-02 -4.517338e-03 9.981862e-01 5.785752e+01
9.968258e-01 1.774243e-02 7.761203e-02 -5.425987e-01 -1.808669e-02 9.998294e-01 3.734936e-03 -6.019631e-01 -7.753252e-02 -5.126824e-03 9.969766e-01 5.902434e+01
9.951703e-01 1.785219e-02 9.652608e-02 -4.388552e-01 -1.819497e-02 9.998309e-01 2.672035e-03 -6.183192e-01 -9.646206e-02 -4.415419e-03 9.953269e-01 6.015014e+01
9.930007e-01 1.758922e-02 1.167917e-01 -3.112508e-01 -1.788145e-02 9.998391e-01 1.454702e-03 -6.302279e-01 -1.167473e-01 -3.532925e-03 9.931554e-01 6.126181e+01
9.903455e-01 1.529321e-02 1.377748e-01 -1.618553e-01 -1.557727e-02 9.998782e-01 9.837050e-04 -6.393404e-01 -1.377430e-01 -3.120363e-03 9.904631e-01 6.232334e+01
9.871534e-01 1.018941e-02 1.594504e-01 2.104924e-02 -1.075812e-02 9.999385e-01 2.703830e-03 -6.515965e-01 -1.594130e-01 -4.384481e-03 9.872022e-01 6.341406e+01
9.831732e-01 5.346531e-03 1.825974e-01 2.256814e-01 -6.137002e-03 9.999741e-01 3.764262e-03 -6.600163e-01 -1.825725e-01 -4.821522e-03 9.831806e-01 6.450874e+01
9.783689e-01 1.446705e-04 2.068679e-01 4.440841e-01 -7.676457e-04 9.999954e-01 2.931198e-03 -6.694996e-01 -2.068665e-01 -3.026594e-03 9.783645e-01 6.558548e+01
9.743086e-01 -5.379832e-03 2.251527e-01 6.943528e-01 5.315997e-03 9.999855e-01 8.897602e-04 -6.774210e-01 -2.251543e-01 3.300104e-04 9.743231e-01 6.658852e+01
9.677199e-01 -8.721842e-03 2.518773e-01 9.717452e-01 8.671788e-03 9.999615e-01 1.308754e-03 -6.935357e-01 -2.518791e-01 9.177196e-04 9.677583e-01 6.765039e+01
9.600200e-01 -1.086394e-02 2.797205e-01 1.257331e+00 1.042523e-02 9.999410e-01 3.056182e-03 -7.028955e-01 -2.797372e-01 -1.784612e-05 9.600766e-01 6.868934e+01
9.512587e-01 -1.438345e-02 3.080584e-01 1.584084e+00 1.336012e-02 9.998960e-01 5.430845e-03 -7.063357e-01 -3.081045e-01 -1.050440e-03 9.513519e-01 6.972325e+01
9.414746e-01 -1.726478e-02 3.366415e-01 1.927632e+00 1.666989e-02 9.998502e-01 4.657527e-03 -7.142191e-01 -3.366715e-01 1.226832e-03 9.416214e-01 7.065559e+01
9.302058e-01 -1.596356e-02 3.666910e-01 2.267676e+00 1.709424e-02 9.998539e-01 1.638092e-04 -7.177544e-01 -3.666400e-01 6.115926e-03 9.303428e-01 7.159101e+01
9.180086e-01 -1.705004e-02 3.961937e-01 2.641849e+00 2.090159e-02 9.997669e-01 -5.405891e-03 -7.324001e-01 -3.960092e-01 1.324373e-02 9.181510e-01 7.248453e+01
9.048477e-01 -1.871731e-02 4.253237e-01 3.059064e+00 2.438445e-02 9.996716e-01 -7.883536e-03 -7.500804e-01 -4.250364e-01 1.750469e-02 9.050070e-01 7.335143e+01
8.902226e-01 -1.851142e-02 4.551496e-01 3.509347e+00 2.351363e-02 9.997093e-01 -5.330836e-03 -7.537517e-01 -4.549186e-01 1.544785e-02 8.903991e-01 7.422572e+01
8.736861e-01 -1.678919e-02 4.862004e-01 3.990342e+00 1.929825e-02 9.998138e-01 -1.533145e-04 -7.645162e-01 -4.861072e-01 9.516763e-03 8.738474e-01 7.508548e+01
8.590067e-01 -1.625140e-02 5.117063e-01 4.498557e+00 1.716370e-02 9.998484e-01 2.941534e-03 -7.695220e-01 -5.116765e-01 6.255976e-03 8.591554e-01 7.591344e+01
8.392453e-01 -9.456438e-03 5.436707e-01 5.005163e+00 1.283382e-02 9.999147e-01 -2.418919e-03 -7.808761e-01 -5.436015e-01 9.007440e-03 8.392951e-01 7.669447e+01
8.186970e-01 -2.250273e-03 5.742214e-01 5.545259e+00 1.002237e-02 9.998960e-01 -1.037099e-02 -7.827053e-01 -5.741383e-01 1.424575e-02 8.186344e-01 7.745654e+01
7.971459e-01 7.557643e-04 6.037863e-01 6.105577e+00 9.079906e-03 9.998711e-01 -1.323925e-02 -7.886061e-01 -6.037185e-01 1.603594e-02 7.970363e-01 7.821765e+01
7.752130e-01 -1.455943e-03 6.316983e-01 6.697782e+00 1.023769e-02 9.998950e-01 -1.025901e-02 -8.138891e-01 -6.316170e-01 1.442005e-02 7.751465e-01 7.892335e+01
7.523012e-01 -1.775028e-03 6.588170e-01 7.309977e+00 1.095346e-02 9.998919e-01 -9.813755e-03 -8.430825e-01 -6.587283e-01 1.459923e-02 7.522393e-01 7.959639e+01
7.287238e-01 6.289671e-04 6.848075e-01 7.955581e+00 1.155273e-02 9.998460e-01 -1.321191e-02 -8.593078e-01 -6.847103e-01 1.753923e-02 7.286043e-01 8.023994e+01
7.036531e-01 3.303020e-03 7.105360e-01 8.605475e+00 1.153670e-02 9.998043e-01 -1.607266e-02 -8.799938e-01 -7.104500e-01 1.950682e-02 7.034773e-01 8.087708e+01
6.778469e-01 5.939213e-03 7.351791e-01 9.274807e+00 9.992176e-03 9.998006e-01 -1.728993e-02 -9.061562e-01 -7.351351e-01 1.906596e-02 6.776524e-01 8.149280e+01
6.508692e-01 7.752150e-03 7.591503e-01 9.969830e+00 1.040125e-02 9.997630e-01 -1.912686e-02 -9.243746e-01 -7.591186e-01 2.034520e-02 6.506343e-01 8.208827e+01
6.291064e-01 1.405703e-02 7.771921e-01 1.067545e+01 9.442711e-03 9.996245e-01 -2.572365e-02 -9.501309e-01 -7.772619e-01 2.352171e-02 6.287374e-01 8.264513e+01
6.003266e-01 2.336787e-02 7.994135e-01 1.140572e+01 8.529109e-03 9.993291e-01 -3.561667e-02 -9.828588e-01 -7.997094e-01 2.819992e-02 5.997246e-01 8.319211e+01
5.706255e-01 3.199303e-02 8.205870e-01 1.216795e+01 7.730529e-03 9.989873e-01 -4.432421e-02 -1.016342e+00 -8.211740e-01 3.163609e-02 5.698003e-01 8.372734e+01
5.399868e-01 3.722476e-02 8.408499e-01 1.295135e+01 6.157012e-03 9.988201e-01 -4.817214e-02 -1.047366e+00 -8.416509e-01 3.118944e-02 5.391205e-01 8.423180e+01
5.088158e-01 3.729199e-02 8.600673e-01 1.375321e+01 4.555452e-03 9.989307e-01 -4.600803e-02 -1.092025e+00 -8.608634e-01 2.732761e-02 5.081018e-01 8.469670e+01
4.768504e-01 3.659296e-02 8.782225e-01 1.457405e+01 5.935215e-04 9.991194e-01 -4.195265e-02 -1.134054e+00 -8.789843e-01 2.052638e-02 4.764088e-01 8.513699e+01
4.449097e-01 3.843279e-02 8.947504e-01 1.540543e+01 -3.459980e-03 9.991451e-01 -4.119647e-02 -1.181245e+00 -8.955688e-01 1.523289e-02 4.446623e-01 8.549847e+01
4.106550e-01 4.216032e-02 9.108155e-01 1.625566e+01 -9.727863e-03 9.990761e-01 -4.185982e-02 -1.217391e+00 -9.117389e-01 8.329656e-03 4.106858e-01 8.588502e+01
3.763385e-01 4.456615e-02 9.254097e-01 1.712921e+01 -1.492647e-02 9.990044e-01 -4.204016e-02 -1.268841e+00 -9.263620e-01 2.008227e-03 3.766290e-01 8.621879e+01
3.413553e-01 4.420464e-02 9.388943e-01 1.803086e+01 -1.687775e-02 9.990207e-01 -4.089921e-02 -1.314799e+00 -9.397828e-01 -1.885265e-03 3.417671e-01 8.653896e+01
3.127131e-01 4.420047e-02 9.488187e-01 1.894744e+01 -1.736212e-02 9.990158e-01 -4.081666e-02 -1.355368e+00 -9.496889e-01 -3.709598e-03 3.131727e-01 8.683940e+01
2.775739e-01 4.393031e-02 9.596994e-01 1.989585e+01 -1.557721e-02 9.990284e-01 -4.122520e-02 -1.396155e+00 -9.605780e-01 -3.506399e-03 2.779885e-01 8.711576e+01
2.427017e-01 4.269138e-02 9.691612e-01 2.084213e+01 -1.273094e-02 9.990854e-01 -4.082139e-02 -1.441271e+00 -9.700174e-01 -2.430918e-03 2.430232e-01 8.735448e+01
2.083136e-01 4.167168e-02 9.771739e-01 2.178280e+01 -4.028855e-03 9.991200e-01 -4.174870e-02 -1.484075e+00 -9.780538e-01 4.759931e-03 2.082982e-01 8.756451e+01
1.752395e-01 4.513642e-02 9.834906e-01 2.275933e+01 -1.295883e-03 9.989582e-01 -4.561539e-02 -1.534377e+00 -9.845250e-01 6.719132e-03 1.751155e-01 8.773058e+01
1.427012e-01 5.056355e-02 9.884734e-01 2.375001e+01 6.492643e-04 9.986892e-01 -5.117986e-02 -1.572428e+00 -9.897656e-01 7.945207e-03 1.424813e-01 8.788596e+01
1.138441e-01 5.438598e-02 9.920089e-01 2.470189e+01 7.934079e-03 9.984189e-01 -5.564793e-02 -1.617247e+00 -9.934669e-01 1.420587e-02 1.132326e-01 8.798707e+01
8.831685e-02 5.266591e-02 9.946992e-01 2.573430e+01 1.100526e-02 9.984887e-01 -5.384369e-02 -1.670992e+00 -9.960316e-01 1.570223e-02 8.760378e-02 8.809905e+01
6.618686e-02 4.957408e-02 9.965750e-01 2.671743e+01 1.267353e-02 9.986427e-01 -5.051864e-02 -1.734724e+00 -9.977268e-01 1.597380e-02 6.546874e-02 8.815301e+01
4.722879e-02 4.730736e-02 9.977632e-01 2.772609e+01 1.277323e-02 9.987676e-01 -4.795959e-02 -1.788646e+00 -9.988024e-01 1.500973e-02 4.656632e-02 8.820727e+01
3.796498e-02 5.045128e-02 9.980047e-01 2.872133e+01 1.416589e-02 9.985972e-01 -5.102012e-02 -1.847795e+00 -9.991787e-01 1.607460e-02 3.719703e-02 8.823643e+01
2.311061e-02 5.485495e-02 9.982268e-01 2.972634e+01 1.678147e-02 9.983316e-01 -5.524922e-02 -1.908489e+00 -9.995921e-01 1.802855e-02 2.215150e-02 8.826689e+01
1.167321e-02 5.985912e-02 9.981386e-01 3.073451e+01 2.176758e-02 9.979548e-01 -6.010267e-02 -1.962625e+00 -9.996949e-01 2.242865e-02 1.034635e-02 8.825523e+01
3.095000e-03 6.300705e-02 9.980083e-01 3.174441e+01 2.745426e-02 9.976315e-01 -6.306840e-02 -2.026416e+00 -9.996183e-01 2.759478e-02 1.357858e-03 8.824909e+01
-2.203495e-03 6.811327e-02 9.976752e-01 3.276196e+01 3.165367e-02 9.971824e-01 -6.800971e-02 -2.093163e+00 -9.994965e-01 3.143022e-02 -4.353321e-03 8.822925e+01
-5.982890e-03 7.282483e-02 9.973268e-01 3.374481e+01 3.373600e-02 9.967916e-01 -7.258337e-02 -2.169492e+00 -9.994129e-01 3.321156e-02 -8.420513e-03 8.822760e+01
-8.588790e-03 7.687570e-02 9.970037e-01 3.472144e+01 3.558058e-02 9.964326e-01 -7.652515e-02 -2.240721e+00 -9.993299e-01 3.481671e-02 -1.129343e-02 8.819592e+01
-1.159317e-02 7.987488e-02 9.967375e-01 3.571761e+01 3.592464e-02 9.961942e-01 -7.941351e-02 -2.321305e+00 -9.992873e-01 3.488678e-02 -1.441853e-02 8.819624e+01
-1.438735e-02 8.351197e-02 9.964029e-01 3.674767e+01 3.664017e-02 9.958808e-01 -8.293916e-02 -2.410596e+00 -9.992250e-01 3.531510e-02 -1.738798e-02 8.819688e+01
-1.666719e-02 8.733134e-02 9.960399e-01 3.772759e+01 3.774508e-02 9.955231e-01 -8.665442e-02 -2.498828e+00 -9.991484e-01 3.615132e-02 -1.988890e-02 8.818184e+01
-1.188008e-02 8.873243e-02 9.959846e-01 3.877225e+01 4.032146e-02 9.952873e-01 -8.818935e-02 -2.587821e+00 -9.991161e-01 3.911186e-02 -1.540192e-02 8.814928e+01
-1.382860e-02 8.777793e-02 9.960441e-01 3.977893e+01 3.971730e-02 9.954014e-01 -8.716988e-02 -2.678141e+00 -9.991153e-01 3.835474e-02 -1.725131e-02 8.811694e+01
-1.643755e-02 8.761495e-02 9.960188e-01 4.082345e+01 3.930737e-02 9.954399e-01 -8.691534e-02 -2.768552e+00 -9.990920e-01 3.772221e-02 -1.980651e-02 8.811493e+01
-1.860833e-02 8.887520e-02 9.958689e-01 4.183831e+01 3.962542e-02 9.953244e-01 -8.808618e-02 -2.868309e+00 -9.990413e-01 3.782259e-02 -2.204304e-02 8.809294e+01
-2.080554e-02 9.157177e-02 9.955811e-01 4.284510e+01 3.832403e-02 9.951378e-01 -9.073011e-02 -2.949681e+00 -9.990487e-01 3.626699e-02 -2.421378e-02 8.805551e+01
-2.342811e-02 9.402893e-02 9.952938e-01 4.386897e+01 3.652350e-02 9.949829e-01 -9.313984e-02 -3.046931e+00 -9.990581e-01 3.416952e-02 -2.674484e-02 8.802859e+01
-2.582894e-02 9.810687e-02 9.948406e-01 4.489630e+01 3.393450e-02 9.946852e-01 -9.721049e-02 -3.142382e+00 -9.990902e-01 3.124858e-02 -2.902087e-02 8.799537e+01
-2.816344e-02 1.023930e-01 9.943453e-01 4.593986e+01 3.070427e-02 9.943591e-01 -1.015248e-01 -3.250153e+00 -9.991317e-01 2.767136e-02 -3.114847e-02 8.797609e+01
-3.108610e-02 1.048385e-01 9.940033e-01 4.698387e+01 2.857909e-02 9.941705e-01 -1.039624e-01 -3.366071e+00 -9.991080e-01 2.517593e-02 -3.390108e-02 8.796002e+01
-3.438338e-02 1.035585e-01 9.940289e-01 4.801314e+01 2.650965e-02 9.943615e-01 -1.026762e-01 -3.476765e+00 -9.990571e-01 2.282101e-02 -3.693481e-02 8.794134e+01
-3.086652e-02 9.955930e-02 9.945528e-01 4.905478e+01 2.373162e-02 9.948194e-01 -9.884946e-02 -3.588234e+00 -9.992417e-01 2.055121e-02 -3.306932e-02 8.790060e+01
-3.300790e-02 9.800568e-02 9.946383e-01 5.008923e+01 2.442564e-02 9.949625e-01 -9.722704e-02 -3.694955e+00 -9.991566e-01 2.108542e-02 -3.523548e-02 8.786215e+01
-3.459646e-02 9.846493e-02 9.945390e-01 5.117706e+01 2.423072e-02 9.949248e-01 -9.766023e-02 -3.809344e+00 -9.991076e-01 2.071969e-02 -3.680675e-02 8.781379e+01
-3.515694e-02 1.010399e-01 9.942610e-01 5.221157e+01 2.465673e-02 9.946609e-01 -1.002087e-01 -3.927592e+00 -9.990776e-01 2.099219e-02 -3.746055e-02 8.773439e+01
-3.549667e-02 1.038474e-01 9.939596e-01 5.326623e+01 2.531220e-02 9.943608e-01 -1.029854e-01 -4.036092e+00 -9.990492e-01 2.150367e-02 -3.792510e-02 8.768779e+01
-3.592965e-02 1.042630e-01 9.939005e-01 5.428944e+01 2.467918e-02 9.943320e-01 -1.034161e-01 -4.161345e+00 -9.990495e-01 2.081294e-02 -3.829912e-02 8.765658e+01
-3.632707e-02 1.034579e-01 9.939702e-01 5.535105e+01 2.158936e-02 9.944758e-01 -1.027215e-01 -4.271439e+00 -9.991067e-01 1.772761e-02 -3.835998e-02 8.764655e+01
-3.648621e-02 1.032923e-01 9.939816e-01 5.640139e+01 1.726142e-02 9.945606e-01 -1.027188e-01 -4.383635e+00 -9.991851e-01 1.340971e-02 -3.807072e-02 8.761436e+01
-3.713571e-02 1.046637e-01 9.938141e-01 5.743579e+01 1.281293e-02 9.944682e-01 -1.042538e-01 -4.502255e+00 -9.992281e-01 8.862128e-03 -3.827133e-02 8.760105e+01
-3.755823e-02 1.054683e-01 9.937131e-01 5.850442e+01 8.336886e-03 9.944132e-01 -1.052275e-01 -4.615320e+00 -9.992597e-01 4.332314e-03 -3.822767e-02 8.756892e+01
-3.238736e-02 1.053676e-01 9.939058e-01 5.957812e+01 4.578600e-03 9.944327e-01 -1.052743e-01 -4.735757e+00 -9.994649e-01 1.141141e-03 -3.268948e-02 8.754708e+01
-3.293075e-02 9.999607e-02 9.944427e-01 6.064046e+01 5.260462e-03 9.949859e-01 -9.987649e-02 -4.856997e+00 -9.994438e-01 1.942221e-03 -3.329166e-02 8.752781e+01
-3.408117e-02 9.160770e-02 9.952118e-01 6.173030e+01 6.980992e-03 9.957878e-01 -9.142166e-02 -4.964646e+00 -9.993947e-01 3.831809e-03 -3.457712e-02 8.750648e+01
-3.386376e-02 8.584866e-02 9.957325e-01 6.283638e+01 1.213301e-02 9.962658e-01 -8.548201e-02 -5.073320e+00 -9.993528e-01 9.186487e-03 -3.477891e-02 8.747126e+01
-3.260145e-02 8.740572e-02 9.956392e-01 6.395286e+01 2.064157e-02 9.960151e-01 -8.676283e-02 -5.175844e+00 -9.992553e-01 1.772296e-02 -3.427573e-02 8.741565e+01
-3.150490e-02 9.288665e-02 9.951781e-01 6.504607e+01 2.628546e-02 9.954050e-01 -9.207569e-02 -5.268747e+00 -9.991579e-01 2.325788e-02 -3.380170e-02 8.737247e+01
-3.073653e-02 9.832067e-02 9.946800e-01 6.614563e+01 2.905112e-02 9.948176e-01 -9.743657e-02 -5.378365e+00 -9.991052e-01 2.590171e-02 -3.343357e-02 8.733792e+01
-3.022312e-02 1.024056e-01 9.942835e-01 6.726524e+01 2.946696e-02 9.943968e-01 -1.015215e-01 -5.498814e+00 -9.991087e-01 2.623022e-02 -3.307136e-02 8.730678e+01
-3.017996e-02 9.980033e-02 9.945497e-01 6.834690e+01 2.601051e-02 9.947444e-01 -9.903057e-02 -5.613147e+00 -9.992060e-01 2.288000e-02 -3.261720e-02 8.727790e+01
-2.988347e-02 9.538304e-02 9.949920e-01 6.951894e+01 2.606437e-02 9.951724e-01 -9.461753e-02 -5.732319e+00 -9.992135e-01 2.310634e-02 -3.222530e-02 8.724700e+01
-2.393753e-02 9.348523e-02 9.953329e-01 7.065950e+01 2.422327e-02 9.953801e-01 -9.290710e-02 -5.850829e+00 -9.994199e-01 2.188626e-02 -2.609146e-02 8.720919e+01
-2.422907e-02 9.453129e-02 9.952270e-01 7.180957e+01 2.238127e-02 9.953210e-01 -9.399535e-02 -5.962539e+00 -9.994559e-01 1.999702e-02 -2.623143e-02 8.719990e+01
-2.315141e-02 9.940540e-02 9.947777e-01 7.294655e+01 2.388077e-02 9.948154e-01 -9.885340e-02 -6.084614e+00 -9.994467e-01 2.146746e-02 -2.540526e-02 8.714350e+01
-2.196878e-02 1.025733e-01 9.944828e-01 7.411545e+01 2.249571e-02 9.945218e-01 -1.020804e-01 -6.195414e+00 -9.995055e-01 2.012902e-02 -2.415589e-02 8.710427e+01
-2.135943e-02 1.017070e-01 9.945851e-01 7.526213e+01 2.169661e-02 9.946249e-01 -1.012452e-01 -6.314136e+00 -9.995364e-01 1.941659e-02 -2.345132e-02 8.707001e+01
-2.027867e-02 9.479473e-02 9.952903e-01 7.641909e+01 2.349864e-02 9.952652e-01 -9.431357e-02 -6.432358e+00 -9.995182e-01 2.147541e-02 -2.241021e-02 8.703419e+01
-2.041203e-02 9.346622e-02 9.954132e-01 7.757655e+01 2.354500e-02 9.953894e-01 -9.298117e-02 -6.551332e+00 -9.995144e-01 2.153907e-02 -2.251858e-02 8.700925e+01
-1.992445e-02 9.690010e-02 9.950947e-01 7.870600e+01 2.183180e-02 9.950971e-01 -9.646320e-02 -6.662461e+00 -9.995631e-01 1.980273e-02 -2.194227e-02 8.698736e+01
-2.009009e-02 1.000811e-01 9.947764e-01 7.985743e+01 2.089305e-02 9.948020e-01 -9.966174e-02 -6.778929e+00 -9.995798e-01 1.878171e-02 -2.207666e-02 8.697908e+01
-1.987928e-02 9.975185e-02 9.948137e-01 8.105079e+01 1.970739e-02 9.948561e-01 -9.936229e-02 -6.899984e+00 -9.996081e-01 1.762993e-02 -2.174287e-02 8.695011e+01
-1.446230e-02 9.651302e-02 9.952266e-01 8.224488e+01 1.958471e-02 9.951671e-01 -9.622265e-02 -7.023813e+00 -9.997036e-01 1.809963e-02 -1.628258e-02 8.692742e+01
-1.387416e-02 9.527555e-02 9.953542e-01 8.342784e+01 1.991974e-02 9.952788e-01 -9.499067e-02 -7.146962e+00 -9.997053e-01 1.850928e-02 -1.570652e-02 8.692272e+01
-1.292423e-02 9.554944e-02 9.953408e-01 8.460398e+01 2.134621e-02 9.952234e-01 -9.526100e-02 -7.268912e+00 -9.996886e-01 2.001558e-02 -1.490212e-02 8.691000e+01
-1.170171e-02 9.586291e-02 9.953258e-01 8.581431e+01 2.291773e-02 9.951582e-01 -9.557734e-02 -7.382919e+00 -9.996689e-01 2.169219e-02 -1.384201e-02 8.688996e+01
-1.025140e-02 9.522864e-02 9.954026e-01 8.699404e+01 2.341819e-02 9.952048e-01 -9.496854e-02 -7.502647e+00 -9.996732e-01 2.233697e-02 -1.243232e-02 8.686766e+01
-8.299065e-03 9.604767e-02 9.953421e-01 8.820839e+01 2.485798e-02 9.950886e-01 -9.581594e-02 -7.621814e+00 -9.996565e-01 2.394701e-02 -1.064586e-02 8.684779e+01
-7.295238e-03 9.435711e-02 9.955117e-01 8.941577e+01 2.455661e-02 9.952549e-01 -9.415281e-02 -7.742091e+00 -9.996718e-01 2.375953e-02 -9.577712e-03 8.684304e+01
-5.991525e-03 9.385544e-02 9.955678e-01 9.062196e+01 2.316113e-02 9.953316e-01 -9.369378e-02 -7.863221e+00 -9.997138e-01 2.249711e-02 -8.137352e-03 8.683613e+01
-4.186887e-03 9.330772e-02 9.956285e-01 9.184504e+01 2.448804e-02 9.953482e-01 -9.317848e-02 -7.981392e+00 -9.996914e-01 2.399086e-02 -6.452334e-03 8.682471e+01
-2.899405e-03 9.448063e-02 9.955225e-01 9.307162e+01 2.207515e-02 9.952901e-01 -9.439429e-02 -8.104068e+00 -9.997521e-01 2.170263e-02 -4.971424e-03 8.684106e+01
3.429704e-03 9.753415e-02 9.952263e-01 9.428240e+01 2.316136e-02 9.949574e-01 -9.758761e-02 -8.219132e+00 -9.997259e-01 2.338549e-02 1.153385e-03 8.682903e+01
4.719025e-03 9.673187e-02 9.952993e-01 9.552054e+01 2.134713e-02 9.950738e-01 -9.681117e-02 -8.347464e+00 -9.997610e-01 2.170364e-02 2.630830e-03 8.683724e+01
5.070085e-03 9.589003e-02 9.953790e-01 9.675697e+01 1.730390e-02 9.952344e-01 -9.596423e-02 -8.467584e+00 -9.998374e-01 1.771048e-02 3.386651e-03 8.685250e+01
5.489788e-03 9.723435e-02 9.952464e-01 9.796899e+01 1.434089e-02 9.951514e-01 -9.730417e-02 -8.595773e+00 -9.998821e-01 1.480690e-02 4.068743e-03 8.685244e+01
5.183519e-03 9.674765e-02 9.952954e-01 9.918786e+01 1.152398e-02 9.952369e-01 -9.680198e-02 -8.724544e+00 -9.999202e-01 1.197154e-02 4.043911e-03 8.684917e+01
4.080836e-03 9.441319e-02 9.955247e-01 1.004344e+02 8.271135e-03 9.954958e-01 -9.444435e-02 -8.850096e+00 -9.999575e-01 8.619531e-03 3.281550e-03 8.686158e+01
2.388241e-03 9.340509e-02 9.956253e-01 1.016823e+02 5.564371e-03 9.956115e-01 -9.341715e-02 -8.976894e+00 -9.999817e-01 5.763131e-03 1.858019e-03 8.687084e+01
2.949163e-04 9.300245e-02 9.956658e-01 1.029551e+02 3.501761e-03 9.956597e-01 -9.300292e-02 -9.103049e+00 -9.999938e-01 3.514012e-03 -3.203607e-05 8.689041e+01
-1.581797e-03 9.321506e-02 9.956447e-01 1.041967e+02 3.516045e-03 9.956404e-01 -9.320906e-02 -9.227365e+00 -9.999926e-01 3.353294e-03 -1.902649e-03 8.689137e+01
-3.231373e-03 9.299175e-02 9.956616e-01 1.054992e+02 4.382116e-03 9.956586e-01 -9.297725e-02 -9.329892e+00 -9.999852e-01 4.062661e-03 -3.624845e-03 8.688412e+01
-1.815136e-03 8.865230e-02 9.960610e-01 1.067123e+02 2.005918e-03 9.960609e-01 -8.864864e-02 -9.460112e+00 -9.999963e-01 1.837107e-03 -1.985816e-03 8.685791e+01
-5.859959e-03 8.881581e-02 9.960308e-01 1.079720e+02 1.989720e-03 9.960470e-01 -8.880554e-02 -9.582804e+00 -9.999809e-01 1.461426e-03 -6.013513e-03 8.685128e+01
-1.136023e-02 9.525418e-02 9.953882e-01 1.092210e+02 -3.626201e-03 9.954419e-01 -9.530071e-02 -9.708916e+00 -9.999289e-01 -4.692115e-03 -1.096303e-02 8.685031e+01
-1.844446e-02 9.855267e-02 9.949609e-01 1.104384e+02 -2.503394e-03 9.951225e-01 -9.861509e-02 -9.830675e+00 -9.998268e-01 -4.309681e-03 -1.810778e-02 8.683518e+01
-2.728761e-02 9.434549e-02 9.951655e-01 1.116918e+02 -5.559897e-04 9.955346e-01 -9.439573e-02 -9.960543e+00 -9.996275e-01 -3.129136e-03 -2.711330e-02 8.679972e+01
-3.750086e-02 9.235711e-02 9.950195e-01 1.129525e+02 2.575443e-03 9.957255e-01 -9.232558e-02 -1.008956e+01 -9.992933e-01 -8.996730e-04 -3.757843e-02 8.673944e+01
-4.998458e-02 9.310707e-02 9.944006e-01 1.142069e+02 1.832419e-03 9.956521e-01 -9.313214e-02 -1.020866e+01 -9.987483e-01 -2.833012e-03 -4.993786e-02 8.667472e+01
-6.382528e-02 9.345589e-02 9.935755e-01 1.154511e+02 4.140678e-03 9.956217e-01 -9.338237e-02 -1.033250e+01 -9.979525e-01 -1.846080e-03 -6.393281e-02 8.658357e+01
-7.761401e-02 9.099262e-02 9.928224e-01 1.166051e+02 4.667356e-03 9.958486e-01 -9.090510e-02 -1.046007e+01 -9.969726e-01 -2.421654e-03 -7.771650e-02 8.647331e+01
-9.236202e-02 9.346385e-02 9.913293e-01 1.177894e+02 9.973670e-03 9.956218e-01 -9.293931e-02 -1.059394e+01 -9.956755e-01 1.303128e-03 -9.288982e-02 8.634935e+01
-1.026890e-01 9.911587e-02 9.897631e-01 1.189356e+02 1.431882e-02 9.950675e-01 -9.816147e-02 -1.068453e+01 -9.946104e-01 4.092137e-03 -1.036017e-01 8.619319e+01
-1.181374e-01 1.026074e-01 9.876818e-01 1.201554e+02 1.311186e-02 9.947215e-01 -1.017705e-01 -1.082937e+01 -9.929107e-01 9.274482e-04 -1.188592e-01 8.603191e+01
-1.335140e-01 1.015562e-01 9.858298e-01 1.214309e+02 9.670907e-03 9.948219e-01 -1.011727e-01 -1.094754e+01 -9.909997e-01 -3.974111e-03 -1.338048e-01 8.579695e+01
-1.492610e-01 9.728728e-02 9.840002e-01 1.226135e+02 5.112951e-03 9.952106e-01 -9.762007e-02 -1.105958e+01 -9.887846e-01 -9.539721e-03 -1.490435e-01 8.559830e+01
-1.655601e-01 9.371446e-02 9.817370e-01 1.237229e+02 1.642487e-03 9.954996e-01 -9.475123e-02 -1.118216e+01 -9.861983e-01 -1.407453e-02 -1.649690e-01 8.544790e+01
-1.809428e-01 9.577398e-02 9.788192e-01 1.249096e+02 9.328396e-04 9.952634e-01 -9.721054e-02 -1.131178e+01 -9.834932e-01 -1.667647e-02 -1.801751e-01 8.523738e+01
-1.958725e-01 9.809227e-02 9.757110e-01 1.261123e+02 1.811456e-03 9.950189e-01 -9.966973e-02 -1.144349e+01 -9.806277e-01 -1.775510e-02 -1.950745e-01 8.502063e+01
-2.097266e-01 1.003446e-01 9.725974e-01 1.272804e+02 3.657253e-03 9.947935e-01 -1.018460e-01 -1.157425e+01 -9.777532e-01 -1.780278e-02 -2.090017e-01 8.476235e+01
-2.235927e-01 1.010792e-01 9.694273e-01 1.285418e+02 7.085225e-03 9.947504e-01 -1.020854e-01 -1.169623e+01 -9.746569e-01 -1.595694e-02 -2.231351e-01 8.444952e+01
-2.379748e-01 9.910046e-02 9.662024e-01 1.297012e+02 7.710418e-03 9.949426e-01 -1.001492e-01 -1.183425e+01 -9.712407e-01 -1.638315e-02 -2.375353e-01 8.416634e+01
-2.493860e-01 9.879496e-02 9.633515e-01 1.308759e+02 7.636357e-03 9.949522e-01 -1.000589e-01 -1.195285e+01 -9.683740e-01 -1.759679e-02 -2.488816e-01 8.383478e+01
-2.645596e-01 1.006645e-01 9.591011e-01 1.320019e+02 6.911204e-03 9.947095e-01 -1.024954e-01 -1.208169e+01 -9.643446e-01 -2.048761e-02 -2.638557e-01 8.352917e+01
-2.792326e-01 1.030551e-01 9.546773e-01 1.331186e+02 7.915316e-03 9.944373e-01 -1.050319e-01 -1.220822e+01 -9.601909e-01 -2.177177e-02 -2.784951e-01 8.318151e+01
-2.949505e-01 1.053285e-01 9.496895e-01 1.342863e+02 9.966196e-03 9.941909e-01 -1.071688e-01 -1.232914e+01 -9.554606e-01 -2.214471e-02 -2.942868e-01 8.284570e+01
-3.095029e-01 1.078126e-01 9.447669e-01 1.353973e+02 1.366019e-02 9.939533e-01 -1.089505e-01 -1.247541e+01 -9.508004e-01 -2.081480e-02 -3.091041e-01 8.247218e+01
-3.251088e-01 1.114080e-01 9.390913e-01 1.365037e+02 1.376439e-02 9.934887e-01 -1.130962e-01 -1.261506e+01 -9.455764e-01 -2.384256e-02 -3.245254e-01 8.209373e+01
-3.407723e-01 1.137824e-01 9.332351e-01 1.376532e+02 1.487459e-02 9.931776e-01 -1.156593e-01 -1.275952e+01 -9.400282e-01 -2.553199e-02 -3.401399e-01 8.166979e+01
-3.570035e-01 1.118734e-01 9.273796e-01 1.387928e+02 1.418447e-02 9.933370e-01 -1.143697e-01 -1.289243e+01 -9.339953e-01 -2.767598e-02 -3.562116e-01 8.123928e+01
-3.738397e-01 1.075594e-01 9.212355e-01 1.399001e+02 1.154843e-02 9.937158e-01 -1.113355e-01 -1.303799e+01 -9.274214e-01 -3.098281e-02 -3.727326e-01 8.079328e+01
-3.909206e-01 1.080509e-01 9.140602e-01 1.410026e+02 1.148541e-02 9.935809e-01 -1.125391e-01 -1.317276e+01 -9.203527e-01 -3.349549e-02 -3.896523e-01 8.032646e+01
-4.061370e-01 1.076154e-01 9.074534e-01 1.420815e+02 1.087593e-02 9.935404e-01 -1.129569e-01 -1.331691e+01 -9.137475e-01 -3.600659e-02 -4.046839e-01 7.985343e+01
-4.230153e-01 1.067039e-01 8.998179e-01 1.431635e+02 1.060301e-02 9.935571e-01 -1.128352e-01 -1.345905e+01 -9.060605e-01 -3.819025e-02 -4.214213e-01 7.935201e+01
-4.396883e-01 1.064547e-01 8.918193e-01 1.442369e+02 9.717482e-03 9.934566e-01 -1.137960e-01 -1.360364e+01 -8.980979e-01 -4.136852e-02 -4.378457e-01 7.882186e+01
-4.563236e-01 1.063905e-01 8.834307e-01 1.453049e+02 1.058114e-02 9.934050e-01 -1.141691e-01 -1.374040e+01 -8.897510e-01 -4.275033e-02 -4.544398e-01 7.827751e+01
-4.729210e-01 1.039273e-01 8.749542e-01 1.464193e+02 1.052147e-02 9.936147e-01 -1.123349e-01 -1.388140e+01 -8.810420e-01 -4.391974e-02 -4.709948e-01 7.770009e+01
-4.893694e-01 1.005069e-01 8.662655e-01 1.475137e+02 1.155521e-02 9.939966e-01 -1.087989e-01 -1.402684e+01 -8.720000e-01 -4.323299e-02 -4.875929e-01 7.710344e+01
-5.056595e-01 9.892352e-02 8.570429e-01 1.486128e+02 1.266802e-02 9.941487e-01 -1.072747e-01 -1.416720e+01 -8.626401e-01 -4.338741e-02 -5.039540e-01 7.647919e+01
-5.214589e-01 9.819800e-02 8.476071e-01 1.496850e+02 1.344605e-02 9.941781e-01 -1.069065e-01 -1.430646e+01 -8.531704e-01 -4.435041e-02 -5.197435e-01 7.582705e+01
-5.377144e-01 9.959781e-02 8.372237e-01 1.507894e+02 1.232895e-02 9.938209e-01 -1.103086e-01 -1.445231e+01 -8.430369e-01 -4.899241e-02 -5.356198e-01 7.512709e+01
-5.544722e-01 9.939546e-02 8.262452e-01 1.518478e+02 1.030582e-02 9.935858e-01 -1.126102e-01 -1.459088e+01 -8.321384e-01 -5.392409e-02 -5.519401e-01 7.442513e+01
-5.708510e-01 9.692859e-02 8.153122e-01 1.529121e+02 9.582437e-03 9.937261e-01 -1.114301e-01 -1.473778e+01 -8.209978e-01 -5.579731e-02 -5.681983e-01 7.369812e+01
-5.891205e-01 8.936903e-02 8.030879e-01 1.539832e+02 6.117876e-03 9.943299e-01 -1.061629e-01 -1.488069e+01 -8.080220e-01 -5.762955e-02 -5.863269e-01 7.292544e+01
-6.078839e-01 8.679111e-02 7.892683e-01 1.549791e+02 4.960398e-03 9.944039e-01 -1.055282e-01 -1.500910e+01 -7.940104e-01 -6.023382e-02 -6.049127e-01 7.215596e+01
-6.272475e-01 8.401740e-02 7.742749e-01 1.560767e+02 2.581977e-03 9.943830e-01 -1.058099e-01 -1.514321e+01 -7.788157e-01 -6.436983e-02 -6.239412e-01 7.125225e+01
-6.465913e-01 8.023588e-02 7.586052e-01 1.570508e+02 -5.064759e-04 9.944077e-01 -1.056078e-01 -1.529327e+01 -7.628364e-01 -6.866932e-02 -6.429347e-01 7.041440e+01
-6.658096e-01 7.898199e-02 7.419295e-01 1.580187e+02 1.447417e-03 9.945162e-01 -1.045722e-01 -1.543159e+01 -7.461203e-01 -6.855127e-02 -6.622728e-01 6.958392e+01
-6.839162e-01 8.122102e-02 7.250253e-01 1.589380e+02 4.210970e-03 9.942066e-01 -1.074039e-01 -1.557746e+01 -7.295484e-01 -7.040218e-02 -6.802960e-01 6.872225e+01
-7.015558e-01 8.033306e-02 7.080720e-01 1.598706e+02 8.074777e-03 9.944580e-01 -1.048240e-01 -1.571409e+01 -7.125687e-01 -6.782237e-02 -6.983165e-01 6.783442e+01
-7.177865e-01 8.183712e-02 6.914371e-01 1.607642e+02 1.331471e-02 9.945002e-01 -1.038850e-01 -1.585307e+01 -6.961360e-01 -6.536094e-02 -7.149284e-01 6.689868e+01
-7.347412e-01 8.311294e-02 6.732366e-01 1.616391e+02 1.529807e-02 9.942435e-01 -1.060465e-01 -1.599578e+01 -6.781750e-01 -6.761751e-02 -7.317831e-01 6.595723e+01
-7.509047e-01 8.543523e-02 6.548611e-01 1.625145e+02 1.725407e-02 9.937963e-01 -1.098692e-01 -1.614411e+01 -6.601852e-01 -7.120227e-02 -7.477204e-01 6.501791e+01
-7.656286e-01 8.644846e-02 6.374476e-01 1.633627e+02 2.096265e-02 9.937556e-01 -1.095918e-01 -1.628931e+01 -6.429412e-01 -7.054403e-02 -7.626599e-01 6.394876e+01
-7.799697e-01 8.383583e-02 6.201765e-01 1.641709e+02 2.205471e-02 9.940531e-01 -1.066394e-01 -1.642915e+01 -6.254286e-01 -6.949770e-02 -7.771803e-01 6.297654e+01
-7.928734e-01 8.483701e-02 6.034521e-01 1.649711e+02 2.405910e-02 9.938478e-01 -1.081101e-01 -1.655581e+01 -6.089112e-01 -7.119910e-02 -7.900366e-01 6.194569e+01
-8.043893e-01 8.810718e-02 5.875329e-01 1.657314e+02 2.749235e-02 9.934029e-01 -1.113323e-01 -1.670055e+01 -5.934661e-01 -7.340183e-02 -8.015050e-01 6.092489e+01
-8.158482e-01 8.597082e-02 5.718398e-01 1.665044e+02 2.585148e-02 9.933206e-01 -1.124540e-01 -1.685039e+01 -5.776880e-01 -7.696253e-02 -8.126213e-01 5.986763e+01
-8.264270e-01 8.279929e-02 5.569226e-01 1.672620e+02 2.468423e-02 9.935051e-01 -1.110779e-01 -1.701751e+01 -5.625026e-01 -7.805060e-02 -8.231032e-01 5.877784e+01
-8.358571e-01 8.004421e-02 5.430799e-01 1.679976e+02 2.307918e-02 9.935614e-01 -1.109191e-01 -1.717743e+01 -5.484617e-01 -8.017869e-02 -8.323228e-01 5.767719e+01
-8.444810e-01 7.754558e-02 5.299421e-01 1.687170e+02 2.232394e-02 9.936994e-01 -1.098325e-01 -1.733944e+01 -5.351201e-01 -8.092103e-02 -8.408913e-01 5.657056e+01
-8.526016e-01 7.492972e-02 5.171615e-01 1.694113e+02 2.129241e-02 9.938259e-01 -1.088889e-01 -1.748812e+01 -5.221275e-01 -8.182726e-02 -8.489330e-01 5.545258e+01
-8.600651e-01 7.053021e-02 5.052856e-01 1.700619e+02 2.001730e-02 9.943006e-01 -1.047171e-01 -1.763997e+01 -5.097915e-01 -7.994909e-02 -8.565750e-01 5.434984e+01
-8.669344e-01 6.648718e-02 4.939679e-01 1.707027e+02 1.871178e-02 9.947058e-01 -1.010456e-01 -1.777793e+01 -4.980710e-01 -7.835690e-02 -8.635887e-01 5.327221e+01
-8.723993e-01 6.647335e-02 4.842528e-01 1.713268e+02 2.165525e-02 9.949930e-01 -9.756991e-02 -1.792036e+01 -4.883140e-01 -7.463330e-02 -8.694707e-01 5.214501e+01
-8.763480e-01 7.081116e-02 4.764452e-01 1.719269e+02 2.647828e-02 9.947215e-01 -9.913667e-02 -1.805760e+01 -4.809502e-01 -7.426277e-02 -8.735971e-01 5.102189e+01
-8.790833e-01 7.593820e-02 4.705805e-01 1.725298e+02 3.219765e-02 9.944336e-01 -1.003252e-01 -1.820278e+01 -4.755795e-01 -7.304263e-02 -8.766350e-01 4.988990e+01
-8.814247e-01 7.935815e-02 4.656101e-01 1.731344e+02 3.527451e-02 9.940913e-01 -1.026555e-01 -1.834172e+01 -4.710055e-01 -7.405890e-02 -8.790160e-01 4.874825e+01
-8.839607e-01 7.648896e-02 4.612624e-01 1.737296e+02 3.317536e-02 9.943023e-01 -1.013034e-01 -1.848254e+01 -4.663828e-01 -7.424566e-02 -8.814617e-01 4.761878e+01
-8.864593e-01 6.939973e-02 4.575735e-01 1.743227e+02 2.758326e-02 9.948579e-01 -9.745196e-02 -1.862016e+01 -4.619837e-01 -7.376583e-02 -8.838154e-01 4.647725e+01
-8.893325e-01 6.310880e-02 4.528852e-01 1.749230e+02 2.204606e-02 9.951961e-01 -9.538700e-02 -1.875839e+01 -4.567294e-01 -7.484642e-02 -8.864515e-01 4.534373e+01
-8.919153e-01 5.719052e-02 4.485715e-01 1.755230e+02 1.510019e-02 9.951838e-01 -9.685632e-02 -1.889363e+01 -4.519503e-01 -7.961412e-02 -8.884833e-01 4.419337e+01
-8.941905e-01 5.577596e-02 4.441985e-01 1.761156e+02 1.254448e-02 9.949407e-01 -9.967755e-02 -1.902556e+01 -4.475108e-01 -8.355849e-02 -8.903663e-01 4.302977e+01
-8.955623e-01 5.610371e-02 4.413848e-01 1.767056e+02 1.201125e-02 9.947052e-01 -1.020648e-01 -1.916385e+01 -4.447740e-01 -8.610377e-02 -8.914944e-01 4.189418e+01
-8.958436e-01 5.712688e-02 4.406822e-01 1.772745e+02 1.213578e-02 9.944774e-01 -1.042466e-01 -1.930087e+01 -4.442038e-01 -8.804065e-02 -8.915895e-01 4.074659e+01
-8.956629e-01 5.993928e-02 4.406760e-01 1.778431e+02 1.430945e-02 9.942471e-01 -1.061506e-01 -1.944348e+01 -4.445034e-01 -8.876931e-02 -8.913679e-01 3.960218e+01
-8.950644e-01 6.076937e-02 4.417769e-01 1.784166e+02 1.409664e-02 9.940319e-01 -1.081752e-01 -1.958736e+01 -4.457141e-01 -9.059616e-02 -8.905792e-01 3.844720e+01
-8.943687e-01 6.200912e-02 4.430118e-01 1.789936e+02 1.443850e-02 9.938312e-01 -1.099593e-01 -1.973886e+01 -4.470975e-01 -9.194771e-02 -8.897469e-01 3.729741e+01
-8.936953e-01 6.266883e-02 4.442762e-01 1.795772e+02 1.512029e-02 9.938416e-01 -1.097739e-01 -1.989100e+01 -4.484196e-01 -9.138687e-02 -8.891391e-01 3.616668e+01
-8.923807e-01 6.233751e-02 4.469572e-01 1.801527e+02 1.416767e-02 9.937953e-01 -1.103188e-01 -2.004224e+01 -4.510609e-01 -9.211401e-02 -8.877269e-01 3.501839e+01
-8.901604e-01 6.209865e-02 4.513958e-01 1.807197e+02 1.310862e-02 9.937496e-01 -1.108600e-01 -2.018006e+01 -4.554586e-01 -9.276601e-02 -8.854106e-01 3.387963e+01
-8.880063e-01 5.981017e-02 4.559250e-01 1.813040e+02 1.104614e-02 9.939933e-01 -1.088817e-01 -2.033166e+01 -4.596986e-01 -9.165140e-02 -8.833330e-01 3.275751e+01
-8.864323e-01 5.747452e-02 4.592760e-01 1.819212e+02 9.674060e-03 9.943444e-01 -1.057623e-01 -2.049110e+01 -4.627571e-01 -8.930803e-02 -8.819750e-01 3.162851e+01
-8.836836e-01 5.438809e-02 4.649142e-01 1.825377e+02 6.605068e-03 9.945767e-01 -1.037962e-01 -2.062598e+01 -4.680381e-01 -8.865223e-02 -8.792503e-01 3.052864e+01
-8.801279e-01 5.629790e-02 4.713868e-01 1.831361e+02 7.823746e-03 9.945288e-01 -1.041692e-01 -2.076308e+01 -4.746722e-01 -8.799421e-02 -8.757530e-01 2.943806e+01
-8.755875e-01 5.673167e-02 4.797167e-01 1.837292e+02 7.233906e-03 9.945083e-01 -1.044079e-01 -2.090624e+01 -4.830054e-01 -8.794801e-02 -8.711894e-01 2.835116e+01
-8.704958e-01 5.953213e-02 4.885622e-01 1.843364e+02 8.295342e-03 9.942914e-01 -1.063759e-01 -2.105834e+01 -4.921059e-01 -8.854695e-02 -8.660203e-01 2.727136e+01
-8.651813e-01 6.027090e-02 4.978241e-01 1.849445e+02 8.171256e-03 9.943134e-01 -1.061792e-01 -2.119412e+01 -5.013927e-01 -8.779639e-02 -8.607538e-01 2.623605e+01
-8.586215e-01 6.190467e-02 5.088585e-01 1.855873e+02 8.119946e-03 9.941992e-01 -1.072471e-01 -2.135084e+01 -5.125458e-01 -8.795280e-02 -8.541435e-01 2.514936e+01
-8.511859e-01 6.399601e-02 5.209483e-01 1.862497e+02 7.948267e-03 9.939967e-01 -1.091210e-01 -2.149246e+01 -5.248042e-01 -8.874158e-02 -8.465846e-01 2.406538e+01
-8.436017e-01 6.587789e-02 5.329130e-01 1.869214e+02 8.403177e-03 9.939438e-01 -1.095676e-01 -2.163808e+01 -5.369036e-01 -8.795324e-02 -8.390463e-01 2.302121e+01
-8.359508e-01 6.480290e-02 5.449650e-01 1.876131e+02 7.188678e-03 9.942118e-01 -1.071967e-01 -2.178035e+01 -5.487573e-01 -8.569357e-02 -8.315781e-01 2.198610e+01
-8.292366e-01 6.756083e-02 5.547992e-01 1.883291e+02 8.582897e-03 9.940892e-01 -1.082270e-01 -2.192383e+01 -5.588318e-01 -8.498398e-02 -8.249150e-01 2.092569e+01
-8.207464e-01 6.919581e-02 5.670867e-01 1.890422e+02 9.661523e-03 9.941769e-01 -1.073261e-01 -2.207635e+01 -5.712110e-01 -8.260862e-02 -8.166357e-01 1.989906e+01
-8.115639e-01 7.028486e-02 5.800207e-01 1.897712e+02 1.052170e-02 9.943352e-01 -1.057681e-01 -2.222024e+01 -5.841689e-01 -7.973476e-02 -8.077060e-01 1.888210e+01
-8.025131e-01 7.018210e-02 5.924923e-01 1.905084e+02 1.100330e-02 9.946295e-01 -1.029125e-01 -2.238050e+01 -5.965330e-01 -7.606929e-02 -7.989755e-01 1.790536e+01
-7.928527e-01 7.163686e-02 6.051883e-01 1.912687e+02 1.233665e-02 9.947501e-01 -1.015876e-01 -2.253256e+01 -6.092885e-01 -7.307801e-02 -7.895740e-01 1.691878e+01
-7.821020e-01 7.389544e-02 6.187535e-01 1.920852e+02 1.417289e-02 9.947966e-01 -1.008904e-01 -2.268397e+01 -6.229892e-01 -7.013706e-02 -7.790797e-01 1.593656e+01
-7.708497e-01 7.183429e-02 6.329539e-01 1.928854e+02 1.131031e-02 9.950083e-01 -9.914966e-02 -2.289114e+01 -6.369167e-01 -6.927058e-02 -7.678143e-01 1.500634e+01
-7.582630e-01 7.334728e-02 6.478097e-01 1.936880e+02 1.215411e-02 9.950689e-01 -9.843877e-02 -2.303672e+01 -6.518355e-01 -6.676893e-02 -7.554154e-01 1.407967e+01
-7.454893e-01 7.374461e-02 6.624254e-01 1.945058e+02 1.147057e-02 9.951327e-01 -9.787440e-02 -2.318264e+01 -6.664189e-01 -6.536592e-02 -7.427066e-01 1.316896e+01
-7.333416e-01 7.445392e-02 6.757712e-01 1.954221e+02 1.097494e-02 9.951522e-01 -9.773220e-02 -2.334212e+01 -6.797718e-01 -6.425453e-02 -7.306036e-01 1.228562e+01
-7.209657e-01 7.408948e-02 6.889988e-01 1.961862e+02 9.957287e-03 9.952730e-01 -9.660453e-02 -2.349967e+01 -6.928993e-01 -6.278799e-02 -7.182954e-01 1.141479e+01
-7.054196e-01 7.494357e-02 7.048167e-01 1.970741e+02 1.094981e-02 9.954280e-01 -9.488527e-02 -2.362157e+01 -7.087053e-01 -5.921632e-02 -7.030151e-01 1.054670e+01
-6.877828e-01 7.526502e-02 7.220042e-01 1.979221e+02 1.117041e-02 9.955900e-01 -9.314390e-02 -2.376045e+01 -7.258306e-01 -5.599769e-02 -6.855904e-01 9.704496e+00
-6.688162e-01 7.737536e-02 7.393903e-01 1.988024e+02 1.177120e-02 9.955465e-01 -9.353382e-02 -2.389247e+01 -7.433346e-01 -5.385342e-02 -6.667484e-01 8.895430e+00
-6.495387e-01 7.993324e-02 7.561152e-01 1.996871e+02 1.182740e-02 9.954004e-01 -9.506915e-02 -2.402184e+01 -7.602365e-01 -5.280821e-02 -6.474965e-01 8.135692e+00
-6.291926e-01 8.024862e-02 7.730956e-01 2.005986e+02 1.064564e-02 9.954522e-01 -9.466554e-02 -2.416018e+01 -7.771765e-01 -5.133276e-02 -6.271855e-01 7.373873e+00
-6.076810e-01 7.988135e-02 7.901537e-01 2.015381e+02 9.311500e-03 9.955769e-01 -9.348764e-02 -2.429883e+01 -7.941267e-01 -4.945314e-02 -6.057369e-01 6.639525e+00
-5.857900e-01 7.928628e-02 8.065754e-01 2.025001e+02 6.269482e-03 9.956168e-01 -9.331572e-02 -2.441755e+01 -8.104387e-01 -4.960660e-02 -5.837194e-01 5.951492e+00
-5.630389e-01 7.940697e-02 8.226067e-01 2.034635e+02 3.568318e-03 9.955975e-01 -9.366357e-02 -2.454808e+01 -8.264227e-01 -4.980091e-02 -5.608434e-01 5.287412e+00
-5.402492e-01 7.892673e-02 8.377956e-01 2.044268e+02 4.332329e-04 9.956177e-01 -9.351541e-02 -2.467063e+01 -8.415050e-01 -5.015866e-02 -5.379158e-01 4.665482e+00
-5.204566e-01 7.965166e-02 8.501650e-01 2.054405e+02 -3.900520e-04 9.956175e-01 -9.351784e-02 -2.478946e+01 -8.538880e-01 -4.900359e-02 -5.181447e-01 4.048107e+00
-4.951055e-01 7.911436e-02 8.652234e-01 2.064457e+02 -9.699914e-04 9.957946e-01 -9.160861e-02 -2.491830e+01 -8.688323e-01 -4.619519e-02 -4.929467e-01 3.447855e+00
-4.689314e-01 7.972198e-02 8.796293e-01 2.074753e+02 -2.653770e-03 9.957864e-01 -9.166418e-02 -2.503310e+01 -8.832306e-01 -4.531854e-02 -4.667439e-01 2.893417e+00
-4.409515e-01 8.268828e-02 8.937138e-01 2.085423e+02 -2.641146e-03 9.956233e-01 -9.342027e-02 -2.514847e+01 -8.975270e-01 -4.355424e-02 -4.388032e-01 2.351232e+00
-4.122844e-01 8.337333e-02 9.072323e-01 2.096094e+02 -4.718307e-03 9.955951e-01 -9.363794e-02 -2.525913e+01 -9.110430e-01 -4.288606e-02 -4.100749e-01 1.854466e+00
-3.834618e-01 8.217781e-02 9.198934e-01 2.106875e+02 -8.592602e-03 9.956729e-01 -9.252937e-02 -2.536931e+01 -9.235168e-01 -4.338576e-02 -3.810964e-01 1.404658e+00
-3.543750e-01 8.031679e-02 9.316478e-01 2.117575e+02 -1.194684e-02 9.958344e-01 -9.039455e-02 -2.547571e+01 -9.350271e-01 -4.316382e-02 -3.519393e-01 1.021166e+00
-3.224445e-01 8.109328e-02 9.431084e-01 2.128671e+02 -1.294878e-02 9.958526e-01 -9.005562e-02 -2.559876e+01 -9.464998e-01 -4.125004e-02 -3.200571e-01 6.218506e-01
-2.902794e-01 8.425911e-02 9.532252e-01 2.139997e+02 -1.494599e-02 9.955953e-01 -9.255577e-02 -2.569812e+01 -9.568252e-01 -4.111392e-02 -2.877414e-01 2.818414e-01
-2.572942e-01 8.605499e-02 9.624937e-01 2.151344e+02 -1.567537e-02 9.955241e-01 -9.319853e-02 -2.581360e+01 -9.662060e-01 -3.906689e-02 -2.547937e-01 -1.096322e-02
-2.320896e-01 8.694473e-02 9.688008e-01 2.159156e+02 -1.279105e-02 9.956382e-01 -9.241751e-02 -2.587021e+01 -9.726103e-01 -3.384111e-02 -2.299651e-01 -1.869745e-01
-1.978959e-01 8.691470e-02 9.763622e-01 2.170564e+02 -1.449119e-02 9.956929e-01 -9.157268e-02 -2.598338e+01 -9.801159e-01 -3.227050e-02 -1.957840e-01 -4.209592e-01
-1.642989e-01 8.599797e-02 9.826547e-01 2.181482e+02 -1.473320e-02 9.958673e-01 -8.961766e-02 -2.608225e+01 -9.863006e-01 -2.920172e-02 -1.623528e-01 -5.722854e-01
-1.287174e-01 8.373899e-02 9.881395e-01 2.193141e+02 -1.580009e-02 9.961288e-01 -8.647419e-02 -2.620406e+01 -9.915554e-01 -2.674342e-02 -1.268960e-01 -7.261271e-01
-9.373656e-02 8.199874e-02 9.922145e-01 2.203968e+02 -1.579147e-02 9.963547e-01 -8.383274e-02 -2.631366e+01 -9.954718e-01 -2.352672e-02 -9.209998e-02 -8.264383e-01
-5.898930e-02 8.024976e-02 9.950278e-01 2.214156e+02 -1.583590e-02 9.965629e-01 -8.131238e-02 -2.643968e+01 -9.981330e-01 -2.055372e-02 -5.751572e-02 -8.744749e-01
-2.352301e-02 7.877198e-02 9.966151e-01 2.224757e+02 -1.584720e-02 9.967363e-01 -7.915560e-02 -2.654826e+01 -9.995977e-01 -1.765553e-02 -2.219792e-02 -9.088146e-01
1.328006e-02 7.777190e-02 9.968827e-01 2.236087e+02 -1.603966e-02 9.968589e-01 -7.755637e-02 -2.666348e+01 -9.997832e-01 -1.495970e-02 1.448578e-02 -9.233681e-01
4.718821e-02 7.741428e-02 9.958817e-01 2.245509e+02 -1.754413e-02 9.969027e-01 -7.666235e-02 -2.675624e+01 -9.987319e-01 -1.385431e-02 4.840022e-02 -8.733457e-01
8.006795e-02 7.727918e-02 9.937892e-01 2.255085e+02 -1.891993e-02 9.969284e-01 -7.599894e-02 -2.681202e+01 -9.966098e-01 -1.271734e-02 8.128413e-02 -7.853789e-01
1.068209e-01 7.828840e-02 9.911913e-01 2.265346e+02 -2.139197e-02 9.968455e-01 -7.642957e-02 -2.688734e+01 -9.940481e-01 -1.303926e-02 1.081587e-01 -6.395200e-01
1.382736e-01 7.873417e-02 9.872595e-01 2.275204e+02 -2.347184e-02 9.968156e-01 -7.620885e-02 -2.696757e+01 -9.901159e-01 -1.263512e-02 1.396814e-01 -4.779677e-01
1.692062e-01 7.790043e-02 9.824972e-01 2.284910e+02 -2.311735e-02 9.969109e-01 -7.506198e-02 -2.705422e+01 -9.853095e-01 -1.001177e-02 1.704844e-01 -2.854239e-01
2.009915e-01 7.565887e-02 9.766668e-01 2.296287e+02 -2.266089e-02 9.971052e-01 -7.257870e-02 -2.714878e+01 -9.793308e-01 -7.544434e-03 2.021242e-01 -5.410045e-02
2.312322e-01 7.480413e-02 9.700186e-01 2.307192e+02 -2.271492e-02 9.971831e-01 -7.148419e-02 -2.723343e+01 -9.726334e-01 -5.504454e-03 2.322800e-01 2.157214e-01
2.613388e-01 7.416862e-02 9.623934e-01 2.318260e+02 -2.150783e-02 9.972434e-01 -7.101394e-02 -2.732705e+01 -9.650075e-01 -2.140293e-03 2.622136e-01 5.029903e-01
2.909754e-01 7.349377e-02 9.539035e-01 2.328905e+02 -1.988708e-02 9.972944e-01 -7.077054e-02 -2.740853e+01 -9.565238e-01 1.622127e-03 2.916497e-01 8.249517e-01
3.182022e-01 7.178455e-02 9.453012e-01 2.338516e+02 -1.772416e-02 9.974053e-01 -6.977503e-02 -2.750328e+01 -9.478572e-01 5.447903e-03 3.186489e-01 1.226308e+00
3.465527e-01 7.051396e-02 9.353764e-01 2.348467e+02 -1.618203e-02 9.974716e-01 -6.919968e-02 -2.756010e+01 -9.378909e-01 8.845045e-03 3.468175e-01 1.622502e+00
3.738399e-01 6.868005e-02 9.249469e-01 2.357599e+02 -1.522106e-02 9.975746e-01 -6.792091e-02 -2.765608e+01 -9.273684e-01 1.131287e-02 3.739785e-01 2.035965e+00
3.975764e-01 6.817589e-02 9.150328e-01 2.367755e+02 -1.143063e-02 9.975265e-01 -6.935567e-02 -2.773940e+01 -9.174979e-01 1.711477e-02 3.973723e-01 2.479214e+00
4.252604e-01 6.745034e-02 9.025542e-01 2.378456e+02 -1.161332e-02 9.975437e-01 -6.907727e-02 -2.783544e+01 -9.049966e-01 1.889418e-02 4.249991e-01 2.990030e+00
4.527621e-01 6.521379e-02 8.892433e-01 2.388913e+02 -1.120773e-02 9.976592e-01 -6.745814e-02 -2.792945e+01 -8.915609e-01 2.057610e-02 4.524332e-01 3.509694e+00
4.803030e-01 6.469063e-02 8.747138e-01 2.399149e+02 -1.234940e-02 9.976763e-01 -6.700347e-02 -2.801652e+01 -8.770157e-01 2.137978e-02 4.799858e-01 4.035215e+00
5.075106e-01 6.568633e-02 8.591381e-01 2.409160e+02 -1.170528e-02 9.975236e-01 -6.935219e-02 -2.810457e+01 -8.615660e-01 2.514052e-02 5.070227e-01 4.615853e+00
5.347181e-01 6.549991e-02 8.424882e-01 2.419054e+02 -1.041159e-02 9.974264e-01 -7.093759e-02 -2.821674e+01 -8.449664e-01 2.915998e-02 5.340239e-01 5.214953e+00
5.605020e-01 6.363267e-02 8.257048e-01 2.428211e+02 -9.781784e-03 9.974828e-01 -7.023065e-02 -2.830957e+01 -8.280953e-01 3.128755e-02 5.597135e-01 5.836190e+00
5.864711e-01 6.037869e-02 8.077166e-01 2.437977e+02 -8.728283e-03 9.976309e-01 -6.823775e-02 -2.840437e+01 -8.099231e-01 3.296949e-02 5.856087e-01 6.501610e+00
6.106221e-01 5.819367e-02 7.897811e-01 2.447518e+02 -9.415487e-03 9.977594e-01 -6.623858e-02 -2.849766e+01 -7.918662e-01 3.301056e-02 6.098018e-01 7.219299e+00
6.326949e-01 5.888500e-02 7.721592e-01 2.456866e+02 -1.178617e-02 9.977215e-01 -6.642904e-02 -2.858130e+01 -7.743115e-01 3.292852e-02 6.319473e-01 7.957220e+00
6.482658e-01 5.978042e-02 7.590637e-01 2.465826e+02 -1.284162e-02 9.976297e-01 -6.760162e-02 -2.867003e+01 -7.613058e-01 3.407621e-02 6.474970e-01 8.728326e+00
6.671269e-01 5.860250e-02 7.426355e-01 2.474889e+02 -1.374584e-02 9.976996e-01 -6.638178e-02 -2.875713e+01 -7.448173e-01 3.407692e-02 6.663978e-01 9.499860e+00
6.842294e-01 5.645804e-02 7.270782e-01 2.483478e+02 -1.454044e-02 9.978567e-01 -6.380063e-02 -2.885027e+01 -7.291219e-01 3.308222e-02 6.835838e-01 1.032234e+01
7.001801e-01 5.383580e-02 7.119337e-01 2.492148e+02 -1.371998e-02 9.979835e-01 -6.197317e-02 -2.892630e+01 -7.138345e-01 3.362466e-02 6.995068e-01 1.116720e+01
7.145295e-01 5.126268e-02 6.977246e-01 2.500425e+02 -1.289996e-02 9.981077e-01 -6.012153e-02 -2.901829e+01 -6.994863e-01 3.395800e-02 7.138387e-01 1.205430e+01
7.288898e-01 4.920739e-02 6.828603e-01 2.508642e+02 -1.158031e-02 9.981571e-01 -5.956699e-02 -2.910722e+01 -6.845330e-01 3.551004e-02 7.281164e-01 1.293266e+01
7.431040e-01 4.958407e-02 6.673364e-01 2.516979e+02 -1.297734e-02 9.981313e-01 -5.971186e-02 -2.919528e+01 -6.690501e-01 3.571187e-02 7.423588e-01 1.384715e+01
7.567657e-01 4.695965e-02 6.519973e-01 2.524797e+02 -1.125779e-02 9.982046e-01 -5.882820e-02 -2.927876e+01 -6.535892e-01 3.717912e-02 7.559357e-01 1.476504e+01
7.699984e-01 4.467073e-02 6.364801e-01 2.532432e+02 -1.160607e-02 9.983617e-01 -5.602829e-02 -2.935096e+01 -6.379402e-01 3.575466e-02 7.692554e-01 1.568827e+01
7.831222e-01 4.193076e-02 6.204526e-01 2.539997e+02 -1.112899e-02 9.985094e-01 -5.343342e-02 -2.943231e+01 -6.217682e-01 3.493989e-02 7.824215e-01 1.661540e+01
7.926447e-01 4.055439e-02 6.083335e-01 2.547295e+02 -1.004680e-02 9.985186e-01 -5.347523e-02 -2.950720e+01 -6.096010e-01 3.627506e-02 7.918780e-01 1.761867e+01
8.050058e-01 3.911457e-02 5.919761e-01 2.554530e+02 -8.011717e-03 9.984499e-01 -5.507733e-02 -2.956952e+01 -5.932128e-01 3.959482e-02 8.040714e-01 1.859834e+01
8.163137e-01 3.825385e-02 5.763406e-01 2.561602e+02 -7.849478e-03 9.984471e-01 -5.515281e-02 -2.965817e+01 -5.775554e-01 4.049802e-02 8.153463e-01 1.959600e+01
8.267321e-01 3.686137e-02 5.613869e-01 2.568581e+02 -7.571475e-03 9.984899e-01 -5.441189e-02 -2.973323e+01 -5.625448e-01 4.073353e-02 8.257628e-01 2.064182e+01
8.365850e-01 3.403297e-02 5.467790e-01 2.575472e+02 -6.637652e-03 9.986250e-01 -5.200130e-02 -2.980149e+01 -5.477969e-01 3.987418e-02 8.356606e-01 2.171037e+01
8.461184e-01 3.086288e-02 5.321006e-01 2.582092e+02 -4.561443e-03 9.987049e-01 -5.067348e-02 -2.987283e+01 -5.329754e-01 4.044862e-02 8.451634e-01 2.276070e+01
8.548457e-01 3.020210e-02 5.180025e-01 2.588757e+02 -4.483868e-03 9.986973e-01 -5.082937e-02 -2.994593e+01 -5.188629e-01 4.112861e-02 8.538675e-01 2.387323e+01
8.628931e-01 2.712796e-02 5.046578e-01 2.595122e+02 -5.163371e-04 9.986051e-01 -5.279732e-02 -3.002021e+01 -5.053861e-01 4.529787e-02 8.617035e-01 2.496944e+01
8.703535e-01 2.464742e-02 4.918103e-01 2.601370e+02 6.182574e-04 9.986911e-01 -5.114424e-02 -3.010127e+01 -4.924271e-01 4.481763e-02 8.691990e-01 2.607029e+01
8.771831e-01 2.125662e-02 4.796852e-01 2.607460e+02 3.516818e-03 9.987084e-01 -5.068753e-02 -3.016620e+01 -4.801431e-01 4.614922e-02 8.759754e-01 2.718931e+01
8.812859e-01 2.128272e-02 4.721039e-01 2.613578e+02 3.847322e-03 9.986292e-01 -5.220066e-02 -3.024179e+01 -4.725678e-01 4.782004e-02 8.799960e-01 2.829767e+01
8.861627e-01 1.952320e-02 4.629627e-01 2.619599e+02 4.797958e-03 9.986719e-01 -5.129795e-02 -3.031962e+01 -4.633493e-01 4.767961e-02 8.848921e-01 2.943640e+01
8.897589e-01 1.927857e-02 4.560236e-01 2.625595e+02 3.708237e-03 9.987693e-01 -4.945857e-02 -3.039955e+01 -4.564159e-01 4.569725e-02 8.885923e-01 3.058569e+01
8.922027e-01 1.923891e-02 4.512252e-01 2.631453e+02 2.827260e-03 9.988348e-01 -4.817768e-02 -3.046993e+01 -4.516263e-01 4.425999e-02 8.911087e-01 3.174671e+01
8.947248e-01 2.074858e-02 4.461356e-01 2.638097e+02 8.206559e-04 9.988422e-01 -4.809932e-02 -3.056428e+01 -4.466171e-01 4.340178e-02 8.936719e-01 3.298395e+01
8.971100e-01 2.122724e-02 4.412969e-01 2.644692e+02 -2.414426e-04 9.988685e-01 -4.755669e-02 -3.066110e+01 -4.418071e-01 4.255703e-02 8.961001e-01 3.423855e+01
8.992218e-01 2.050521e-02 4.370123e-01 2.650999e+02 -8.034247e-04 9.989767e-01 -4.522016e-02 -3.075335e+01 -4.374924e-01 4.031185e-02 8.983181e-01 3.545699e+01
9.015146e-01 2.136722e-02 4.322209e-01 2.657347e+02 -2.430418e-03 9.990145e-01 -4.431787e-02 -3.086511e+01 -4.327419e-01 3.890273e-02 9.006781e-01 3.658999e+01
9.037201e-01 2.134247e-02 4.275915e-01 2.663260e+02 -2.386446e-03 9.989923e-01 -4.481913e-02 -3.093848e+01 -4.281172e-01 3.948352e-02 9.028603e-01 3.775830e+01
9.056377e-01 2.106695e-02 4.235288e-01 2.668970e+02 -2.537190e-03 9.990165e-01 -4.426725e-02 -3.101478e+01 -4.240448e-01 3.901551e-02 9.048004e-01 3.895598e+01
9.061621e-01 2.587304e-02 4.221385e-01 2.675080e+02 -7.408448e-03 9.989449e-01 -4.532277e-02 -3.111987e+01 -4.228657e-01 3.794238e-02 9.053977e-01 4.008912e+01
9.087664e-01 2.566258e-02 4.165153e-01 2.681846e+02 -7.845409e-03 9.989816e-01 -4.443247e-02 -3.123095e+01 -4.172314e-01 3.711100e-02 9.080423e-01 4.139819e+01
9.111681e-01 2.641845e-02 4.111870e-01 2.688412e+02 -9.174758e-03 9.989958e-01 -4.385394e-02 -3.133352e+01 -4.119327e-01 3.618577e-02 9.104955e-01 4.270938e+01
9.121217e-01 2.736802e-02 4.090049e-01 2.693708e+02 -1.023757e-02 9.989784e-01 -4.401450e-02 -3.139328e+01 -4.097917e-01 3.595937e-02 9.114701e-01 4.393493e+01
9.127070e-01 2.919608e-02 4.075702e-01 2.699001e+02 -1.244973e-02 9.989680e-01 -4.368081e-02 -3.145614e+01 -4.084249e-01 3.479364e-02 9.121286e-01 4.513386e+01
9.130938e-01 2.902875e-02 4.067151e-01 2.704285e+02 -1.230963e-02 9.989704e-01 -4.366453e-02 -3.153305e+01 -4.075638e-01 3.486330e-02 9.125110e-01 4.636862e+01
9.132386e-01 3.170012e-02 4.061900e-01 2.709332e+02 -1.467918e-02 9.988813e-01 -4.495201e-02 -3.160017e+01 -4.071605e-01 3.508937e-02 9.126823e-01 4.760552e+01
9.137775e-01 3.242097e-02 4.049193e-01 2.714581e+02 -1.496151e-02 9.988197e-01 -4.620972e-02 -3.167757e+01 -4.059395e-01 3.616719e-02 9.131840e-01 4.878281e+01
9.138641e-01 3.388853e-02 4.046036e-01 2.719804e+02 -1.597251e-02 9.987399e-01 -4.757528e-02 -3.175405e+01 -4.057060e-01 3.701480e-02 9.132538e-01 5.004372e+01
9.139697e-01 3.563348e-02 4.042150e-01 2.725246e+02 -1.770592e-02 9.986902e-01 -4.800450e-02 -3.182765e+01 -4.053961e-01 3.671766e-02 9.134034e-01 5.121829e+01
9.126947e-01 3.742506e-02 4.069247e-01 2.730573e+02 -1.941930e-02 9.986446e-01 -4.829011e-02 -3.190688e+01 -4.081804e-01 3.617193e-02 9.121844e-01 5.243235e+01
9.125969e-01 3.655908e-02 4.072228e-01 2.735806e+02 -1.898205e-02 9.987088e-01 -4.712140e-02 -3.197773e+01 -4.084197e-01 3.527292e-02 9.121125e-01 5.367172e+01
9.126983e-01 3.378270e-02 4.072352e-01 2.741177e+02 -1.671365e-02 9.988290e-01 -4.540034e-02 -3.205899e+01 -4.082921e-01 3.463042e-02 9.121942e-01 5.488648e+01
9.127293e-01 3.227963e-02 4.072876e-01 2.746604e+02 -1.542045e-02 9.988855e-01 -4.460965e-02 -3.213429e+01 -4.082736e-01 3.443598e-02 9.122099e-01 5.610723e+01
9.127573e-01 3.158484e-02 4.072794e-01 2.752008e+02 -1.388712e-02 9.988293e-01 -4.633746e-02 -3.220571e+01 -4.082661e-01 3.663892e-02 9.121274e-01 5.736005e+01
9.126551e-01 3.106722e-02 4.075481e-01 2.757308e+02 -1.242344e-02 9.987549e-01 -4.831385e-02 -3.228005e+01 -4.085417e-01 3.903073e-02 9.119048e-01 5.860053e+01
9.126987e-01 3.138105e-02 4.074263e-01 2.762856e+02 -1.263685e-02 9.987376e-01 -4.861687e-02 -3.234974e+01 -4.084376e-01 3.922397e-02 9.119431e-01 5.985960e+01
9.126233e-01 3.188180e-02 4.075565e-01 2.768236e+02 -1.401149e-02 9.988080e-01 -4.675813e-02 -3.243506e+01 -4.085614e-01 3.696208e-02 9.119821e-01 6.107973e+01
9.125630e-01 3.145887e-02 4.077242e-01 2.773727e+02 -1.446230e-02 9.988956e-01 -4.470269e-02 -3.251071e+01 -4.086802e-01 3.489740e-02 9.120102e-01 6.231938e+01
9.123663e-01 3.123687e-02 4.081814e-01 2.779164e+02 -1.440702e-02 9.989170e-01 -4.424151e-02 -3.257183e+01 -4.091213e-01 3.448378e-02 9.118282e-01 6.357088e+01
9.110533e-01 3.238341e-02 4.110149e-01 2.784642e+02 -1.501803e-02 9.988555e-01 -4.540983e-02 -3.264236e+01 -4.120150e-01 3.519814e-02 9.104970e-01 6.481916e+01
9.108823e-01 3.332584e-02 4.113184e-01 2.790158e+02 -1.560674e-02 9.988027e-01 -4.636319e-02 -3.271028e+01 -4.123711e-01 3.581207e-02 9.103118e-01 6.609938e+01
9.109427e-01 3.371313e-02 4.111530e-01 2.795715e+02 -1.591217e-02 9.987849e-01 -4.664222e-02 -3.277626e+01 -4.122258e-01 3.594606e-02 9.103723e-01 6.734424e+01
9.107612e-01 3.519567e-02 4.114307e-01 2.801216e+02 -1.701275e-02 9.987133e-01 -4.777433e-02 -3.285103e+01 -4.125828e-01 3.651144e-02 9.101881e-01 6.859969e+01
9.107298e-01 3.684052e-02 4.113562e-01 2.806781e+02 -1.881798e-02 9.986807e-01 -4.777811e-02 -3.292342e+01 -4.125737e-01 3.577206e-02 9.102216e-01 6.986622e+01
9.108211e-01 3.557993e-02 4.112652e-01 2.812375e+02 -1.961071e-02 9.988832e-01 -4.298527e-02 -3.300564e+01 -4.123353e-01 3.108669e-02 9.105016e-01 7.110050e+01
9.109201e-01 3.503174e-02 4.110930e-01 2.817874e+02 -2.145212e-02 9.990625e-01 -3.760155e-02 -3.308527e+01 -4.120248e-01 2.543319e-02 9.108176e-01 7.230317e+01
9.110419e-01 3.407920e-02 4.109031e-01 2.823485e+02 -2.147408e-02 9.991476e-01 -3.525495e-02 -3.314887e+01 -4.117543e-01 2.329497e-02 9.109971e-01 7.355594e+01
9.112977e-01 3.516738e-02 4.102435e-01 2.829098e+02 -2.227776e-02 9.990977e-01 -3.615895e-02 -3.321221e+01 -4.111450e-01 2.381226e-02 9.112589e-01 7.480307e+01
9.113466e-01 3.541645e-02 4.101134e-01 2.834635e+02 -2.251777e-02 9.990894e-01 -3.624047e-02 -3.326991e+01 -4.110234e-01 2.379279e-02 9.113142e-01 7.607550e+01
9.106015e-01 3.546649e-02 4.117609e-01 2.840227e+02 -2.311182e-02 9.991219e-01 -3.494669e-02 -3.333482e+01 -4.126388e-01 2.230597e-02 9.106216e-01 7.733036e+01
9.113000e-01 3.393311e-02 4.103424e-01 2.845788e+02 -2.255228e-02 9.992158e-01 -3.254504e-02 -3.340411e+01 -4.111250e-01 2.040414e-02 9.113506e-01 7.854139e+01
9.119704e-01 3.344171e-02 4.088907e-01 2.851332e+02 -2.231758e-02 9.992403e-01 -3.194822e-02 -3.346371e+01 -4.096485e-01 2.001038e-02 9.120240e-01 7.978892e+01
9.127616e-01 3.383453e-02 4.070891e-01 2.856825e+02 -2.222317e-02 9.992010e-01 -3.321887e-02 -3.352335e+01 -4.078878e-01 2.127410e-02 9.127842e-01 8.105894e+01
9.138794e-01 3.422212e-02 4.045408e-01 2.862254e+02 -2.302486e-02 9.992061e-01 -3.251342e-02 -3.358522e+01 -4.053323e-01 2.039885e-02 9.139418e-01 8.228216e+01
9.149919e-01 3.471016e-02 4.019765e-01 2.867541e+02 -2.401452e-02 9.992115e-01 -3.161803e-02 -3.364471e+01 -4.027570e-01 1.927697e-02 9.151039e-01 8.352485e+01
9.162528e-01 3.394023e-02 3.991603e-01 2.872805e+02 -2.451419e-02 9.992875e-01 -2.869739e-02 -3.370246e+01 -3.998499e-01 1.650897e-02 9.164320e-01 8.473822e+01
9.174250e-01 3.275248e-02 3.965585e-01 2.878002e+02 -2.454323e-02 9.993668e-01 -2.575955e-02 -3.375986e+01 -3.971511e-01 1.389963e-02 9.176480e-01 8.594738e+01
9.185750e-01 3.091062e-02 3.940362e-01 2.883176e+02 -2.398545e-02 9.994593e-01 -2.248897e-02 -3.384555e+01 -3.945183e-01 1.120667e-02 9.188198e-01 8.717905e+01
9.197339e-01 3.035903e-02 3.913667e-01 2.888272e+02 -2.331773e-02 9.994696e-01 -2.273270e-02 -3.388836e+01 -3.918493e-01 1.178225e-02 9.199540e-01 8.841742e+01
9.203733e-01 3.081462e-02 3.898249e-01 2.893347e+02 -2.332474e-02 9.994414e-01 -2.393365e-02 -3.395145e+01 -3.903446e-01 1.293533e-02 9.205779e-01 8.957680e+01
9.214707e-01 3.205755e-02 3.871227e-01 2.898266e+02 -2.405120e-02 9.993852e-01 -2.550963e-02 -3.399911e+01 -3.877025e-01 1.419561e-02 9.216753e-01 9.079101e+01
9.222231e-01 3.232647e-02 3.853045e-01 2.903039e+02 -2.453955e-02 9.993834e-01 -2.511156e-02 -3.404936e+01 -3.858787e-01 1.370326e-02 9.224478e-01 9.199263e+01
9.227940e-01 3.316313e-02 3.838639e-01 2.907847e+02 -2.606758e-02 9.993798e-01 -2.367390e-02 -3.410899e+01 -3.844109e-01 1.183973e-02 9.230862e-01 9.320488e+01
9.232132e-01 3.478671e-02 3.827104e-01 2.912656e+02 -2.685915e-02 9.993000e-01 -2.603962e-02 -3.416062e+01 -3.833484e-01 1.376084e-02 9.235013e-01 9.437311e+01
9.231297e-01 3.565977e-02 3.828315e-01 2.917275e+02 -2.579055e-02 9.991902e-01 -3.088270e-02 -3.421590e+01 -3.836228e-01 1.863530e-02 9.233018e-01 9.555776e+01
9.230266e-01 4.042056e-02 3.826069e-01 2.921953e+02 -2.918652e-02 9.989567e-01 -3.512340e-02 -3.428209e+01 -3.836274e-01 2.125287e-02 9.232434e-01 9.668933e+01
9.221428e-01 4.373088e-02 3.843701e-01 2.926594e+02 -3.217007e-02 9.988172e-01 -3.645901e-02 -3.434805e+01 -3.855098e-01 2.125520e-02 9.224589e-01 9.784717e+01
9.205155e-01 4.747361e-02 3.878111e-01 2.931397e+02 -3.605225e-02 9.986766e-01 -3.667797e-02 -3.440335e+01 -3.890391e-01 1.978117e-02 9.210088e-01 9.898013e+01
9.179803e-01 5.359252e-02 3.929886e-01 2.936386e+02 -4.216394e-02 9.984006e-01 -3.766304e-02 -3.448310e+01 -3.943785e-01 1.800399e-02 9.187717e-01 1.001238e+02
9.140318e-01 5.856139e-02 4.013931e-01 2.941325e+02 -4.684738e-02 9.981425e-01 -3.894591e-02 -3.456241e+01 -4.029282e-01 1.679359e-02 9.150775e-01 1.012463e+02
9.104073e-01 5.979472e-02 4.093692e-01 2.946348e+02 -4.766424e-02 9.980709e-01 -3.978192e-02 -3.461509e+01 -4.109583e-01 1.670548e-02 9.115011e-01 1.023283e+02
9.060129e-01 6.149315e-02 4.187590e-01 2.951500e+02 -4.920213e-02 9.979836e-01 -4.009796e-02 -3.467725e+01 -4.203804e-01 1.572544e-02 9.072117e-01 1.034452e+02
9.014057e-01 6.132505e-02 4.286106e-01 2.957022e+02 -4.870134e-02 9.979973e-01 -4.036896e-02 -3.471734e+01 -4.302278e-01 1.551491e-02 9.025870e-01 1.045565e+02
8.959286e-01 5.992520e-02 4.401374e-01 2.962467e+02 -4.688364e-02 9.980808e-01 -4.045508e-02 -3.477855e+01 -4.417170e-01 1.560962e-02 8.970186e-01 1.056519e+02
8.894829e-01 6.139105e-02 4.528259e-01 2.967965e+02 -4.833775e-02 9.980155e-01 -4.035463e-02 -3.483997e+01 -4.544047e-01 1.400617e-02 8.906853e-01 1.067450e+02
8.823874e-01 6.210636e-02 4.664068e-01 2.973682e+02 -4.842835e-02 9.979737e-01 -4.126859e-02 -3.490426e+01 -4.680247e-01 1.382758e-02 8.836072e-01 1.078227e+02
8.742152e-01 6.449457e-02 4.812361e-01 2.979515e+02 -5.036077e-02 9.978373e-01 -4.224315e-02 -3.495843e+01 -4.829198e-01 1.269418e-02 8.755726e-01 1.088926e+02
8.646921e-01 6.937038e-02 4.974891e-01 2.985454e+02 -5.350748e-02 9.975032e-01 -4.609083e-02 -3.502026e+01 -4.994443e-01 1.323499e-02 8.662449e-01 1.099568e+02
8.542172e-01 7.235545e-02 5.148569e-01 2.991561e+02 -5.453772e-02 9.972757e-01 -4.966675e-02 -3.508414e+01 -5.170480e-01 1.434707e-02 8.558362e-01 1.109906e+02
8.419616e-01 7.659952e-02 5.340722e-01 2.997927e+02 -5.731474e-02 9.969677e-01 -5.263415e-02 -3.515801e+01 -5.364845e-01 1.370572e-02 8.437989e-01 1.120198e+02
8.292381e-01 7.781526e-02 5.534518e-01 3.004643e+02 -5.824567e-02 9.969000e-01 -5.289440e-02 -3.524122e+01 -5.558521e-01 1.162589e-02 8.311999e-01 1.130438e+02
8.155067e-01 8.024186e-02 5.731580e-01 3.011521e+02 -6.077939e-02 9.967397e-01 -5.306434e-02 -3.531570e+01 -5.755473e-01 8.438127e-03 8.177249e-01 1.140335e+02
8.001837e-01 8.293149e-02 5.939936e-01 3.018525e+02 -6.312471e-02 9.965384e-01 -5.409663e-02 -3.539149e+01 -5.964237e-01 5.791569e-03 8.026489e-01 1.150313e+02
7.841238e-01 8.581882e-02 6.146422e-01 3.025891e+02 -6.470110e-02 9.963002e-01 -5.656565e-02 -3.547963e+01 -6.172225e-01 4.586441e-03 7.867752e-01 1.160005e+02
7.673414e-01 8.949345e-02 6.349631e-01 3.033560e+02 -6.657795e-02 9.959805e-01 -5.991800e-02 -3.556103e+01 -6.377731e-01 3.703025e-03 7.702154e-01 1.169288e+02
7.488421e-01 9.277011e-02 6.562234e-01 3.041303e+02 -6.851163e-02 9.956857e-01 -6.257850e-02 -3.565443e+01 -6.591977e-01 1.902474e-03 7.519672e-01 1.178194e+02
7.284879e-01 9.567557e-02 6.783447e-01 3.049342e+02 -7.011636e-02 9.954126e-01 -6.509631e-02 -3.574506e+01 -6.814610e-01 -1.411884e-04 7.318544e-01 1.187075e+02
7.061617e-01 9.729565e-02 7.013338e-01 3.057430e+02 -7.057594e-02 9.952531e-01 -6.700913e-02 -3.583026e+01 -7.045244e-01 -2.178011e-03 7.096764e-01 1.195667e+02
6.827912e-01 9.857360e-02 7.239333e-01 3.065891e+02 -7.093357e-02 9.951195e-01 -6.859707e-02 -3.592026e+01 -7.271620e-01 -4.513691e-03 6.864511e-01 1.203729e+02
6.573328e-01 9.983995e-02 7.469576e-01 3.074470e+02 -7.050404e-02 9.949853e-01 -7.094736e-02 -3.601222e+01 -7.502951e-01 -6.027497e-03 6.610755e-01 1.211387e+02
6.312525e-01 1.011176e-01 7.689574e-01 3.083241e+02 -7.020680e-02 9.948440e-01 -7.318748e-02 -3.610301e+01 -7.723932e-01 -7.786258e-03 6.350969e-01 1.218754e+02
6.039692e-01 1.031826e-01 7.903003e-01 3.092225e+02 -6.931680e-02 9.946274e-01 -7.688598e-02 -3.619656e+01 -7.939876e-01 -8.344319e-03 6.078766e-01 1.225966e+02
5.760097e-01 1.060109e-01 8.105396e-01 3.101376e+02 -6.850813e-02 9.943272e-01 -8.136334e-02 -3.629193e+01 -8.145670e-01 -8.662486e-03 5.800048e-01 1.232680e+02
5.481912e-01 1.071931e-01 8.294553e-01 3.110796e+02 -6.787242e-02 9.941832e-01 -8.362421e-02 -3.639875e+01 -8.335945e-01 -1.045509e-02 5.522779e-01 1.238825e+02
5.197226e-01 1.072068e-01 8.475819e-01 3.120534e+02 -6.626769e-02 9.941651e-01 -8.511328e-02 -3.648261e+01 -8.517611e-01 -1.193200e-02 5.237944e-01 1.244713e+02
4.901277e-01 1.069470e-01 8.650648e-01 3.130361e+02 -6.414034e-02 9.941790e-01 -8.656865e-02 -3.658704e+01 -8.692875e-01 -1.305586e-02 4.941343e-01 1.250476e+02
4.590716e-01 1.095596e-01 8.816178e-01 3.140302e+02 -6.416774e-02 9.938638e-01 -9.009543e-02 -3.669684e+01 -8.860789e-01 -1.521117e-02 4.632849e-01 1.256027e+02
4.287228e-01 1.124590e-01 8.964094e-01 3.150511e+02 -6.153972e-02 9.935528e-01 -9.521375e-02 -3.680469e+01 -9.013377e-01 -1.434447e-02 4.328794e-01 1.260817e+02
3.971813e-01 1.151296e-01 9.104901e-01 3.160584e+02 -5.843719e-02 9.932595e-01 -1.001036e-01 -3.691335e+01 -9.158778e-01 -1.344719e-02 4.012320e-01 1.265242e+02
3.643360e-01 1.170963e-01 9.238765e-01 3.170650e+02 -5.705734e-02 9.930064e-01 -1.033573e-01 -3.703544e+01 -9.295180e-01 -1.505716e-02 3.684692e-01 1.269225e+02
3.308019e-01 1.163103e-01 9.365052e-01 3.181131e+02 -5.693273e-02 9.930279e-01 -1.032198e-01 -3.715730e+01 -9.419813e-01 -1.917249e-02 3.351174e-01 1.273170e+02
2.976763e-01 1.147029e-01 9.477511e-01 3.191591e+02 -5.449895e-02 9.931786e-01 -1.030835e-01 -3.727927e+01 -9.531100e-01 -2.096593e-02 3.018969e-01 1.276416e+02
2.633706e-01 1.147711e-01 9.578432e-01 3.202207e+02 -5.379759e-02 9.930999e-01 -1.042033e-01 -3.740221e+01 -9.631935e-01 -2.408556e-02 2.677277e-01 1.279644e+02
2.285755e-01 1.168669e-01 9.664861e-01 3.213181e+02 -5.118867e-02 9.928379e-01 -1.079472e-01 -3.753155e+01 -9.721795e-01 -2.479906e-02 2.329207e-01 1.282553e+02
1.929700e-01 1.225381e-01 9.735230e-01 3.224083e+02 -5.197072e-02 9.920549e-01 -1.145692e-01 -3.765643e+01 -9.798273e-01 -2.848627e-02 1.978052e-01 1.285086e+02
1.580996e-01 1.270456e-01 9.792160e-01 3.234734e+02 -5.028616e-02 9.914374e-01 -1.205122e-01 -3.778676e+01 -9.861419e-01 -3.018807e-02 1.631345e-01 1.286964e+02
1.231141e-01 1.289281e-01 9.839820e-01 3.245617e+02 -4.894105e-02 9.911073e-01 -1.237383e-01 -3.791906e+01 -9.911850e-01 -3.292319e-02 1.283291e-01 1.288524e+02
8.757656e-02 1.268115e-01 9.880532e-01 3.256605e+02 -4.773630e-02 9.912589e-01 -1.229918e-01 -3.805781e+01 -9.950134e-01 -3.639481e-02 9.286456e-02 1.289734e+02
5.222844e-02 1.220525e-01 9.911485e-01 3.267459e+02 -4.643689e-02 9.917263e-01 -1.196767e-01 -3.820906e+01 -9.975549e-01 -3.977533e-02 5.746406e-02 1.290446e+02
1.658651e-02 1.208046e-01 9.925377e-01 3.278178e+02 -4.562117e-02 9.917319e-01 -1.199441e-01 -3.835214e+01 -9.988211e-01 -4.329128e-02 2.196062e-02 1.290513e+02
-1.990413e-02 1.237042e-01 9.921195e-01 3.289151e+02 -4.154857e-02 9.913565e-01 -1.244426e-01 -3.848607e+01 -9.989382e-01 -4.369807e-02 -1.459236e-02 1.290578e+02
-5.697547e-02 1.268605e-01 9.902829e-01 3.300123e+02 -3.826320e-02 9.908879e-01 -1.291395e-01 -3.862729e+01 -9.976421e-01 -4.524917e-02 -5.160222e-02 1.290309e+02
-9.368191e-02 1.264724e-01 9.875365e-01 3.310846e+02 -3.736450e-02 9.907533e-01 -1.304290e-01 -3.877825e+01 -9.949008e-01 -4.911764e-02 -8.809009e-02 1.289444e+02
-1.295286e-01 1.244051e-01 9.837407e-01 3.321442e+02 -3.597009e-02 9.908559e-01 -1.300411e-01 -3.891885e+01 -9.909231e-01 -5.222927e-02 -1.238693e-01 1.288000e+02
-1.659775e-01 1.225829e-01 9.784809e-01 3.332162e+02 -3.360824e-02 9.909642e-01 -1.298477e-01 -3.906208e+01 -9.855567e-01 -5.443681e-02 -1.603580e-01 1.286362e+02
-2.021675e-01 1.197875e-01 9.719976e-01 3.342698e+02 -3.269935e-02 9.911126e-01 -1.289444e-01 -3.921882e+01 -9.788049e-01 -5.785206e-02 -1.964538e-01 1.284353e+02
-2.371044e-01 1.169324e-01 9.644212e-01 3.352965e+02 -2.964236e-02 9.913967e-01 -1.274907e-01 -3.936744e+01 -9.710318e-01 -5.881632e-02 -2.315984e-01 1.281845e+02
-2.711379e-01 1.132293e-01 9.558574e-01 3.362698e+02 -2.786649e-02 9.917171e-01 -1.253818e-01 -3.952176e+01 -9.621371e-01 -6.063213e-02 -2.657368e-01 1.278835e+02
-3.053174e-01 1.111802e-01 9.457379e-01 3.372834e+02 -2.452504e-02 9.919132e-01 -1.245261e-01 -3.965527e+01 -9.519348e-01 -6.121424e-02 -3.001216e-01 1.275465e+02
-3.403729e-01 1.111274e-01 9.337007e-01 3.382671e+02 -2.163440e-02 9.918033e-01 -1.259293e-01 -3.978875e+01 -9.400416e-01 -6.306297e-02 -3.351788e-01 1.271811e+02
-3.741941e-01 1.108123e-01 9.207059e-01 3.392553e+02 -1.955369e-02 9.916714e-01 -1.273004e-01 -3.992820e+01 -9.271442e-01 -6.563826e-02 -3.689108e-01 1.267789e+02
-4.065255e-01 1.117450e-01 9.067801e-01 3.402212e+02 -1.445110e-02 9.915817e-01 -1.286740e-01 -4.005907e+01 -9.135252e-01 -6.541322e-02 -4.014883e-01 1.263325e+02
-4.389140e-01 1.103141e-01 8.917316e-01 3.411861e+02 -1.160791e-02 9.916559e-01 -1.283890e-01 -4.020006e+01 -8.984541e-01 -6.670288e-02 -4.339712e-01 1.258584e+02
-4.720096e-01 1.093477e-01 8.747857e-01 3.421402e+02 -8.737890e-03 9.916489e-01 -1.286703e-01 -4.034456e+01 -8.815501e-01 -6.837737e-02 -4.671123e-01 1.253578e+02
-5.052063e-01 1.104097e-01 8.559067e-01 3.430535e+02 -5.887218e-03 9.913183e-01 -1.313525e-01 -4.048169e+01 -8.629785e-01 -7.139900e-02 -5.001702e-01 1.248405e+02
-5.381200e-01 1.094230e-01 8.357353e-01 3.439666e+02 -5.518044e-03 9.910587e-01 -1.333125e-01 -4.062492e+01 -8.428502e-01 -7.634973e-02 -5.327047e-01 1.242700e+02
-5.693141e-01 1.089554e-01 8.148682e-01 3.448611e+02 -2.687156e-03 9.909271e-01 -1.343735e-01 -4.076517e+01 -8.221157e-01 -7.869040e-02 -5.638560e-01 1.236471e+02
-5.997200e-01 1.079781e-01 7.928914e-01 3.457346e+02 3.131835e-04 9.908857e-01 -1.347046e-01 -4.090546e+01 -8.002099e-01 -8.053673e-02 -5.942878e-01 1.229770e+02
-6.292870e-01 1.069013e-01 7.697857e-01 3.465746e+02 2.262925e-03 9.907425e-01 -1.357360e-01 -4.105090e+01 -7.771697e-01 -8.367491e-02 -6.237032e-01 1.222676e+02
-6.594306e-01 1.075898e-01 7.440267e-01 3.474028e+02 7.123144e-03 9.905557e-01 -1.369258e-01 -4.120283e+01 -7.517317e-01 -8.499326e-02 -6.539691e-01 1.215260e+02
-6.881212e-01 1.047870e-01 7.179895e-01 3.481782e+02 8.006129e-03 9.905534e-01 -1.368933e-01 -4.136171e+01 -7.255516e-01 -8.845087e-02 -6.824597e-01 1.208147e+02
-7.155703e-01 1.038181e-01 6.907829e-01 3.489639e+02 1.083412e-02 9.904247e-01 -1.376285e-01 -4.152711e+01 -6.984567e-01 -9.099880e-02 -7.098432e-01 1.200227e+02
-7.415066e-01 1.020843e-01 6.631340e-01 3.496858e+02 1.466214e-02 9.905869e-01 -1.360981e-01 -4.168603e+01 -6.707853e-01 -9.119465e-02 -7.360235e-01 1.192356e+02
-7.658469e-01 1.004568e-01 6.351275e-01 3.503861e+02 1.897382e-02 9.908217e-01 -1.338372e-01 -4.184166e+01 -6.427429e-01 -9.044804e-02 -7.607238e-01 1.183799e+02
-7.893581e-01 1.003686e-01 6.056732e-01 3.510630e+02 2.467807e-02 9.909358e-01 -1.320498e-01 -4.199887e+01 -6.134369e-01 -8.928774e-02 -7.846801e-01 1.174900e+02
-8.119164e-01 9.950806e-02 5.752303e-01 3.517059e+02 2.885944e-02 9.910021e-01 -1.306976e-01 -4.215692e+01 -5.830600e-01 -8.951473e-02 -8.074826e-01 1.165989e+02
-8.332497e-01 9.716605e-02 5.442919e-01 3.523471e+02 3.212526e-02 9.912819e-01 -1.277818e-01 -4.230805e+01 -5.519627e-01 -8.898861e-02 -8.291069e-01 1.156471e+02
-8.525770e-01 9.730117e-02 5.134637e-01 3.528920e+02 3.946088e-02 9.916956e-01 -1.224034e-01 -4.245387e+01 -5.211097e-01 -8.409660e-02 -8.493365e-01 1.147431e+02
-8.705445e-01 9.190528e-02 4.834311e-01 3.534508e+02 3.969426e-02 9.923183e-01 -1.171701e-01 -4.260045e+01 -4.904861e-01 -8.281234e-02 -8.675053e-01 1.137607e+02
-8.878670e-01 9.085197e-02 4.510412e-01 3.539414e+02 4.304050e-02 9.924124e-01 -1.151744e-01 -4.273623e+01 -4.580827e-01 -8.284647e-02 -8.850405e-01 1.127893e+02
-9.024234e-01 9.699975e-02 4.197894e-01 3.544147e+02 5.220365e-02 9.917657e-01 -1.169425e-01 -4.287305e+01 -4.276761e-01 -8.361712e-02 -9.000563e-01 1.117624e+02
-9.158849e-01 9.363581e-02 3.903680e-01 3.548414e+02 5.007915e-02 9.914708e-01 -1.203235e-01 -4.301469e+01 -3.983051e-01 -9.065316e-02 -9.127623e-01 1.107959e+02
-9.265611e-01 9.376174e-02 3.642708e-01 3.552465e+02 5.269482e-02 9.912399e-01 -1.211061e-01 -4.315474e+01 -3.724349e-01 -9.301698e-02 -9.233851e-01 1.097933e+02
-9.352490e-01 9.664811e-02 3.405415e-01 3.556118e+02 5.907843e-02 9.911304e-01 -1.190393e-01 -4.329863e+01 -3.490260e-01 -9.121274e-02 -9.326634e-01 1.087772e+02
-9.423653e-01 9.988154e-02 3.193294e-01 3.559447e+02 6.591435e-02 9.911193e-01 -1.154893e-01 -4.343380e+01 -3.280288e-01 -8.778474e-02 -9.405801e-01 1.077635e+02
-9.482632e-01 1.011134e-01 3.009536e-01 3.562741e+02 6.989824e-02 9.911598e-01 -1.127671e-01 -4.356445e+01 -3.096954e-01 -8.589675e-02 -9.469480e-01 1.067347e+02
-9.525593e-01 1.021113e-01 2.867126e-01 3.565657e+02 7.269785e-02 9.911074e-01 -1.114504e-01 -4.368675e+01 -2.955433e-01 -8.531976e-02 -9.515118e-01 1.056990e+02
-9.557972e-01 1.027687e-01 2.754818e-01 3.568343e+02 7.462864e-02 9.910390e-01 -1.107804e-01 -4.381807e+01 -2.843980e-01 -8.532478e-02 -9.549018e-01 1.046800e+02
-9.584522e-01 1.025202e-01 2.661936e-01 3.571145e+02 7.502627e-02 9.909281e-01 -1.115016e-01 -4.394293e+01 -2.752099e-01 -8.689746e-02 -9.574489e-01 1.036353e+02
-9.616131e-01 1.026821e-01 2.544732e-01 3.574494e+02 7.646391e-02 9.908872e-01 -1.108867e-01 -4.407511e+01 -2.635403e-01 -8.717208e-02 -9.607016e-01 1.025429e+02
-9.638271e-01 1.014524e-01 2.464643e-01 3.577202e+02 7.622978e-02 9.910229e-01 -1.098304e-01 -4.420149e+01 -2.553944e-01 -8.706957e-02 -9.629084e-01 1.015114e+02
-9.658782e-01 1.012838e-01 2.383713e-01 3.579864e+02 7.708639e-02 9.910753e-01 -1.087541e-01 -4.433475e+01 -2.472589e-01 -8.666801e-02 -9.650656e-01 1.004482e+02
-9.678231e-01 1.011186e-01 2.304201e-01 3.582374e+02 7.763692e-02 9.910260e-01 -1.088114e-01 -4.445839e+01 -2.393552e-01 -8.742105e-02 -9.669885e-01 9.938827e+01
-9.695458e-01 1.025082e-01 2.224253e-01 3.584868e+02 7.990006e-02 9.908927e-01 -1.083865e-01 -4.458703e+01 -2.315101e-01 -8.731390e-02 -9.689063e-01 9.830972e+01
-9.713042e-01 1.023269e-01 2.147031e-01 3.586994e+02 8.066255e-02 9.909419e-01 -1.073675e-01 -4.471803e+01 -2.237449e-01 -8.696804e-02 -9.707599e-01 9.726967e+01
-9.731154e-01 1.012360e-01 2.068760e-01 3.589381e+02 8.046290e-02 9.910526e-01 -1.064914e-01 -4.484310e+01 -2.158057e-01 -8.698254e-02 -9.725543e-01 9.616913e+01
-9.745654e-01 1.014417e-01 1.998296e-01 3.591340e+02 8.175005e-02 9.911633e-01 -1.044617e-01 -4.498020e+01 -2.086605e-01 -8.546867e-02 -9.742463e-01 9.507070e+01
-9.760959e-01 1.007712e-01 1.925667e-01 3.593683e+02 8.188746e-02 9.912379e-01 -1.036432e-01 -4.509964e+01 -2.013236e-01 -8.539695e-02 -9.757951e-01 9.399858e+01
-9.769463e-01 1.024215e-01 1.873122e-01 3.595576e+02 8.409767e-02 9.910884e-01 -1.033026e-01 -4.522442e+01 -1.962233e-01 -8.516854e-02 -9.768535e-01 9.292400e+01
-9.779037e-01 1.048937e-01 1.808359e-01 3.597434e+02 8.747343e-02 9.909544e-01 -1.017736e-01 -4.535475e+01 -1.898756e-01 -8.370640e-02 -9.782334e-01 9.188901e+01
-9.780891e-01 1.072723e-01 1.784218e-01 3.599601e+02 9.043601e-02 9.908710e-01 -9.997963e-02 -4.548383e+01 -1.875180e-01 -8.165323e-02 -9.788614e-01 9.083534e+01
-9.779379e-01 1.092921e-01 1.780246e-01 3.601555e+02 9.290835e-02 9.908474e-01 -9.792597e-02 -4.560877e+01 -1.870978e-01 -7.922554e-02 -9.791413e-01 8.980308e+01
-9.774960e-01 1.113089e-01 1.791981e-01 3.603343e+02 9.488475e-02 9.906748e-01 -9.777720e-02 -4.571751e+01 -1.884105e-01 -7.857365e-02 -9.789421e-01 8.880518e+01
-9.764324e-01 1.158919e-01 1.820680e-01 3.605201e+02 9.920916e-02 9.902056e-01 -9.823674e-02 -4.584471e+01 -1.916696e-01 -7.785873e-02 -9.783664e-01 8.777621e+01
-9.756110e-01 1.173967e-01 1.854758e-01 3.607868e+02 1.000123e-01 9.898990e-01 -1.004864e-01 -4.598067e+01 -1.953990e-01 -7.948578e-02 -9.774974e-01 8.674944e+01
-9.740045e-01 1.185854e-01 1.930096e-01 3.609758e+02 1.000760e-01 9.896334e-01 -1.030078e-01 -4.609984e+01 -2.032240e-01 -8.101445e-02 -9.757749e-01 8.576016e+01
-9.718966e-01 1.197387e-01 2.026811e-01 3.612140e+02 1.001300e-01 9.894803e-01 -1.044157e-01 -4.622449e+01 -2.130516e-01 -8.118677e-02 -9.736620e-01 8.478494e+01
-9.693874e-01 1.190893e-01 2.147229e-01 3.614379e+02 9.876785e-02 9.897611e-01 -1.030428e-01 -4.633880e+01 -2.247956e-01 -7.868062e-02 -9.712241e-01 8.384383e+01
-9.665406e-01 1.170675e-01 2.282421e-01 3.616759e+02 9.619965e-02 9.902712e-01 -1.005410e-01 -4.645694e+01 -2.377917e-01 -7.522013e-02 -9.683992e-01 8.292053e+01
-9.636060e-01 1.164984e-01 2.406069e-01 3.619128e+02 9.439606e-02 9.903504e-01 -1.014667e-01 -4.655816e+01 -2.501058e-01 -7.506160e-02 -9.653045e-01 8.202581e+01
-9.582852e-01 1.180444e-01 2.602978e-01 3.621472e+02 9.369401e-02 9.901444e-01 -1.040939e-01 -4.666188e+01 -2.700202e-01 -7.536333e-02 -9.599008e-01 8.116248e+01
-9.510691e-01 1.215862e-01 2.840500e-01 3.623510e+02 9.501562e-02 9.898621e-01 -1.055699e-01 -4.677039e+01 -2.940062e-01 -7.341505e-02 -9.529799e-01 8.034420e+01
-9.427354e-01 1.219526e-01 3.104472e-01 3.625997e+02 9.276547e-02 9.899045e-01 -1.071619e-01 -4.687330e+01 -3.203817e-01 -7.222658e-02 -9.445310e-01 7.955282e+01
-9.326210e-01 1.232041e-01 3.391736e-01 3.628852e+02 9.095474e-02 9.898218e-01 -1.094537e-01 -4.698159e+01 -3.492066e-01 -7.122935e-02 -9.343346e-01 7.879976e+01
-9.194553e-01 1.262830e-01 3.723635e-01 3.631608e+02 9.005552e-02 9.894822e-01 -1.132033e-01 -4.707891e+01 -3.827428e-01 -7.055194e-02 -9.211571e-01 7.808531e+01
-9.036214e-01 1.263613e-01 4.092691e-01 3.634896e+02 8.559736e-02 9.894935e-01 -1.165153e-01 -4.720311e+01 -4.196921e-01 -7.025332e-02 -9.049436e-01 7.740044e+01
-8.836752e-01 1.262483e-01 4.507544e-01 3.638293e+02 8.141836e-02 9.897193e-01 -1.175874e-01 -4.732071e+01 -4.609655e-01 -6.720935e-02 -8.848693e-01 7.673314e+01
-8.596173e-01 1.241312e-01 4.956305e-01 3.641974e+02 7.454624e-02 9.901295e-01 -1.186867e-01 -4.742062e+01 -5.054710e-01 -6.507774e-02 -8.603859e-01 7.609694e+01
-8.324712e-01 1.187153e-01 5.412009e-01 3.646164e+02 6.413541e-02 9.908570e-01 -1.186972e-01 -4.752112e+01 -5.503439e-01 -6.410187e-02 -8.324738e-01 7.548692e+01
-8.033601e-01 1.135713e-01 5.845632e-01 3.650682e+02 5.422689e-02 9.915185e-01 -1.181127e-01 -4.761642e+01 -5.930194e-01 -6.318796e-02 -8.027050e-01 7.490630e+01
-7.680815e-01 1.067228e-01 6.313961e-01 3.655548e+02 4.231953e-02 9.923183e-01 -1.162473e-01 -4.770863e+01 -6.389521e-01 -6.256704e-02 -7.666978e-01 7.435245e+01
-7.275372e-01 1.002163e-01 6.787093e-01 3.660570e+02 3.040948e-02 9.930120e-01 -1.140281e-01 -4.779226e+01 -6.853940e-01 -6.232050e-02 -7.255007e-01 7.382449e+01
-6.836473e-01 9.279125e-02 7.238896e-01 3.665795e+02 1.880421e-02 9.937946e-01 -1.096300e-01 -4.788793e+01 -7.295702e-01 -6.133607e-02 -6.811499e-01 7.335893e+01
-6.366562e-01 8.713197e-02 7.662094e-01 3.671367e+02 9.251615e-03 9.943876e-01 -1.053927e-01 -4.796776e+01 -7.710923e-01 -6.001022e-02 -6.338892e-01 7.293598e+01
-5.860902e-01 8.149796e-02 8.061367e-01 3.677158e+02 -1.906196e-03 9.947871e-01 -1.019558e-01 -4.804681e+01 -8.102436e-01 -6.129196e-02 -5.828796e-01 7.253845e+01
-5.329007e-01 8.138460e-02 8.422549e-01 3.683446e+02 -9.289913e-03 9.947414e-01 -1.019967e-01 -4.811883e+01 -8.461268e-01 -6.217859e-02 -5.293423e-01 7.216977e+01
-4.762551e-01 8.270889e-02 8.754087e-01 3.689791e+02 -1.665510e-02 9.945393e-01 -1.030254e-01 -4.818999e+01 -8.791494e-01 -6.364638e-02 -4.722769e-01 7.184506e+01
-4.167969e-01 8.500110e-02 9.050167e-01 3.696410e+02 -2.391025e-02 9.942486e-01 -1.043936e-01 -4.826392e+01 -9.086851e-01 -6.515010e-02 -4.123673e-01 7.156068e+01
-3.557379e-01 8.421404e-02 9.307838e-01 3.703382e+02 -3.025982e-02 9.943719e-01 -1.015323e-01 -4.833174e+01 -9.340957e-01 -6.428425e-02 -3.511875e-01 7.131335e+01
-2.986492e-01 8.086237e-02 9.509311e-01 3.710836e+02 -3.532370e-02 9.947847e-01 -9.568521e-02 -4.839386e+01 -9.537090e-01 -6.216672e-02 -2.942353e-01 7.110498e+01
-2.380474e-01 7.190611e-02 9.685881e-01 3.718662e+02 -4.297949e-02 9.954989e-01 -8.446688e-02 -4.845802e+01 -9.703021e-01 -6.173654e-02 -2.338855e-01 7.093328e+01
-1.800066e-01 6.460363e-02 9.815416e-01 3.726591e+02 -4.612697e-02 9.961889e-01 -7.402700e-02 -4.852252e+01 -9.825833e-01 -5.860089e-02 -1.763406e-01 7.081268e+01
-1.239125e-01 6.062389e-02 9.904395e-01 3.734799e+02 -4.700442e-02 9.966529e-01 -6.688487e-02 -4.858317e+01 -9.911792e-01 -5.484291e-02 -1.206482e-01 7.071546e+01
-7.028995e-02 6.373869e-02 9.954882e-01 3.743373e+02 -4.904946e-02 9.965285e-01 -6.726861e-02 -4.863585e+01 -9.963200e-01 -5.355646e-02 -6.691959e-02 7.065398e+01
-1.987648e-02 7.248143e-02 9.971717e-01 3.751741e+02 -5.137597e-02 9.959770e-01 -7.341866e-02 -4.869524e+01 -9.984816e-01 -5.268996e-02 -1.607271e-02 7.064156e+01
2.603292e-02 8.330058e-02 9.961844e-01 3.760398e+02 -5.339590e-02 9.952154e-01 -8.182418e-02 -4.875741e+01 -9.982340e-01 -5.106204e-02 3.035628e-02 7.066827e+01
6.698518e-02 9.183623e-02 9.935185e-01 3.769197e+02 -5.426723e-02 9.946165e-01 -8.827890e-02 -4.882365e+01 -9.962771e-01 -4.800213e-02 7.160826e-02 7.073072e+01
1.043847e-01 9.499626e-02 9.899897e-01 3.778144e+02 -5.511318e-02 9.944506e-01 -8.961317e-02 -4.889894e+01 -9.930087e-01 -4.520724e-02 1.090410e-01 7.082968e+01
1.404005e-01 9.554140e-02 9.854743e-01 3.787181e+02 -5.713978e-02 9.944562e-01 -8.827149e-02 -4.898145e+01 -9.884446e-01 -4.391642e-02 1.450814e-01 7.096864e+01
1.710828e-01 9.741407e-02 9.804291e-01 3.796246e+02 -5.633045e-02 9.944396e-01 -8.897659e-02 -4.907094e+01 -9.836450e-01 -4.000565e-02 1.756189e-01 7.113221e+01
2.038914e-01 1.008403e-01 9.737862e-01 3.805360e+02 -5.919564e-02 9.941308e-01 -9.055267e-02 -4.915152e+01 -9.772022e-01 -3.918099e-02 2.086640e-01 7.133565e+01
2.346754e-01 1.034329e-01 9.665553e-01 3.814485e+02 -6.359653e-02 9.938263e-01 -9.091025e-02 -4.924186e+01 -9.699912e-01 -4.013517e-02 2.398045e-01 7.156986e+01
2.642623e-01 1.056579e-01 9.586458e-01 3.823523e+02 -6.702130e-02 9.935899e-01 -9.103407e-02 -4.932643e+01 -9.621193e-01 -4.019282e-02 2.696497e-01 7.183363e+01
2.936676e-01 1.073983e-01 9.498552e-01 3.832447e+02 -7.189811e-02 9.933354e-01 -9.008574e-02 -4.941221e+01 -9.531999e-01 -4.183752e-02 2.994322e-01 7.212973e+01
3.235375e-01 1.091944e-01 9.398936e-01 3.841462e+02 -7.606191e-02 9.931058e-01 -8.919384e-02 -4.950082e+01 -9.431533e-01 -4.263256e-02 3.296125e-01 7.245021e+01
3.530894e-01 1.102994e-01 9.290651e-01 3.850469e+02 -7.874594e-02 9.930063e-01 -8.796335e-02 -4.959375e+01 -9.322698e-01 -4.210118e-02 3.593056e-01 7.280315e+01
3.819321e-01 1.110148e-01 9.174985e-01 3.859610e+02 -8.124394e-02 9.929489e-01 -8.632426e-02 -4.968524e+01 -9.206124e-01 -4.157118e-02 3.882584e-01 7.317679e+01
4.088057e-01 1.124497e-01 9.056672e-01 3.868089e+02 -8.533163e-02 9.927422e-01 -8.474361e-02 -4.978044e+01 -9.086234e-01 -4.263839e-02 4.154342e-01 7.357235e+01
4.356650e-01 1.143592e-01 8.928147e-01 3.876561e+02 -8.988044e-02 9.924659e-01 -8.326455e-02 -4.986577e+01 -8.956101e-01 -4.397113e-02 4.426613e-01 7.400346e+01
4.607089e-01 1.147259e-01 8.801052e-01 3.885773e+02 -8.980699e-02 9.925470e-01 -8.237187e-02 -4.994266e+01 -8.829960e-01 -4.109014e-02 4.675785e-01 7.447054e+01
4.915369e-01 1.141377e-01 8.633447e-01 3.894250e+02 -9.082795e-02 9.926863e-01 -7.952521e-02 -5.002708e+01 -8.661073e-01 -3.932626e-02 4.983088e-01 7.493637e+01
5.222317e-01 1.157119e-01 8.449170e-01 3.902405e+02 -9.238163e-02 9.925978e-01 -7.883699e-02 -5.010609e+01 -8.477852e-01 -3.688363e-02 5.290557e-01 7.543891e+01
5.539636e-01 1.179614e-01 8.241417e-01 3.910499e+02 -9.336960e-02 9.924689e-01 -7.929427e-02 -5.018863e+01 -8.272886e-01 -3.302364e-02 5.608056e-01 7.597801e+01
5.861548e-01 1.182477e-01 8.015236e-01 3.918400e+02 -9.377330e-02 9.925450e-01 -7.785230e-02 -5.027060e+01 -8.047541e-01 -2.952801e-02 5.928735e-01 7.655640e+01
6.175082e-01 1.194390e-01 7.774432e-01 3.926183e+02 -9.699958e-02 9.924226e-01 -7.542147e-02 -5.034585e+01 -7.805605e-01 -2.883829e-02 6.244146e-01 7.717172e+01
6.474102e-01 1.187062e-01 7.528405e-01 3.933420e+02 -9.847940e-02 9.925445e-01 -7.181411e-02 -5.042782e+01 -7.557525e-01 -2.764610e-02 6.542736e-01 7.780453e+01
6.763283e-01 1.190162e-01 7.269217e-01 3.940387e+02 -1.015967e-01 9.925008e-01 -6.797297e-02 -5.050638e+01 -7.295603e-01 -2.788077e-02 6.833480e-01 7.847455e+01
7.041074e-01 1.192588e-01 7.000072e-01 3.946990e+02 -1.028609e-01 9.925281e-01 -6.563159e-02 -5.057045e+01 -7.026040e-01 -2.579170e-02 7.111135e-01 7.915603e+01
7.300012e-01 1.196298e-01 6.728944e-01 3.953123e+02 -1.040579e-01 9.925377e-01 -6.356816e-02 -5.064427e+01 -6.754777e-01 -2.361517e-02 7.370021e-01 7.986344e+01
7.502063e-01 1.221314e-01 6.498265e-01 3.959401e+02 -1.066735e-01 9.922745e-01 -6.334117e-02 -5.070953e+01 -6.525422e-01 -2.180034e-02 7.574387e-01 8.062363e+01
7.714237e-01 1.249278e-01 6.239379e-01 3.965729e+02 -1.103292e-01 9.919467e-01 -6.220351e-02 -5.076992e+01 -6.266840e-01 -2.085330e-02 7.789944e-01 8.141443e+01
7.897489e-01 1.266609e-01 6.002113e-01 3.971546e+02 -1.129540e-01 9.917467e-01 -6.066234e-02 -5.083430e+01 -6.029412e-01 -1.988827e-02 7.975377e-01 8.221508e+01
8.059581e-01 1.298388e-01 5.775582e-01 3.977646e+02 -1.159744e-01 9.913754e-01 -6.103021e-02 -5.089785e+01 -5.805011e-01 -1.779417e-02 8.140650e-01 8.304851e+01
8.191793e-01 1.325767e-01 5.580042e-01 3.982961e+02 -1.179512e-01 9.910626e-01 -6.230894e-02 -5.096618e+01 -5.612778e-01 -1.477508e-02 8.274956e-01 8.386929e+01
8.314705e-01 1.346015e-01 5.390170e-01 3.988385e+02 -1.192122e-01 9.908339e-01 -6.353474e-02 -5.102837e+01 -5.426282e-01 -1.143013e-02 8.398953e-01 8.470007e+01
8.425139e-01 1.332009e-01 5.219462e-01 3.993216e+02 -1.187270e-01 9.910350e-01 -6.126596e-02 -5.111572e+01 -5.254276e-01 -1.035169e-02 8.507753e-01 8.553853e+01
8.545021e-01 1.291640e-01 5.031330e-01 3.998662e+02 -1.164634e-01 9.915718e-01 -5.675873e-02 -5.119049e+01 -5.062237e-01 -1.009614e-02 8.623431e-01 8.637432e+01
8.655238e-01 1.257565e-01 4.848236e-01 4.003641e+02 -1.147697e-01 9.920080e-01 -5.242233e-02 -5.126388e+01 -4.875413e-01 -1.027027e-02 8.730395e-01 8.724615e+01
8.759507e-01 1.220620e-01 4.667025e-01 4.008126e+02 -1.114471e-01 9.924913e-01 -5.040314e-02 -5.132897e+01 -4.693505e-01 -7.861970e-03 8.829770e-01 8.809583e+01
8.839298e-01 1.207906e-01 4.517496e-01 4.012635e+02 -1.098829e-01 9.926650e-01 -5.041693e-02 -5.139035e+01 -4.545259e-01 -5.074533e-03 8.907191e-01 8.897279e+01
8.936612e-01 1.192961e-01 4.325945e-01 4.016908e+02 -1.092795e-01 9.928492e-01 -4.804547e-02 -5.147584e+01 -4.352328e-01 -4.337338e-03 9.003075e-01 8.984058e+01
9.030810e-01 1.168513e-01 4.132681e-01 4.021064e+02 -1.072800e-01 9.931464e-01 -4.638124e-02 -5.154030e+01 -4.158555e-01 -2.449377e-03 9.094274e-01 9.072490e+01
9.120431e-01 1.154097e-01 3.935200e-01 4.024972e+02 -1.064676e-01 9.933172e-01 -4.456043e-02 -5.159708e+01 -3.960329e-01 -1.256117e-03 9.182354e-01 9.162431e+01
9.205856e-01 1.136069e-01 3.736518e-01 4.028682e+02 -1.055695e-01 9.935255e-01 -4.197936e-02 -5.163303e+01 -3.760017e-01 -8.006293e-04 9.266186e-01 9.251961e+01
9.285953e-01 1.104960e-01 3.542617e-01 4.031964e+02 -1.036259e-01 9.938760e-01 -3.836929e-02 -5.167890e+01 -3.563318e-01 -1.081138e-03 9.343588e-01 9.342089e+01
9.363307e-01 1.075895e-01 3.342293e-01 4.035191e+02 -1.019008e-01 9.941940e-01 -3.456310e-02 -5.172697e+01 -3.360074e-01 -1.695751e-03 9.418578e-01 9.432741e+01
9.441088e-01 1.039535e-01 3.128135e-01 4.038300e+02 -9.881500e-02 9.945821e-01 -3.228175e-02 -5.176842e+01 -3.144745e-01 -4.331757e-04 9.492658e-01 9.524597e+01
9.517825e-01 1.018322e-01 2.893790e-01 4.041248e+02 -9.708264e-02 9.948009e-01 -3.075972e-02 -5.180352e+01 -2.910068e-01 1.182890e-03 9.567202e-01 9.618744e+01
9.595839e-01 9.946904e-02 2.632576e-01 4.043974e+02 -9.522518e-02 9.950372e-01 -2.886465e-02 -5.183063e+01 -2.648222e-01 2.629300e-03 9.642937e-01 9.711011e+01
9.655866e-01 9.836974e-02 2.407613e-01 4.046253e+02 -9.468749e-02 9.951450e-01 -2.684484e-02 -5.186234e+01 -2.422331e-01 3.123937e-03 9.702130e-01 9.803457e+01
9.722041e-01 9.680421e-02 2.131856e-01 4.048407e+02 -9.398519e-02 9.952999e-01 -2.334318e-02 -5.189118e+01 -2.144433e-01 2.658050e-03 9.767328e-01 9.899848e+01
9.781142e-01 9.477409e-02 1.852309e-01 4.050157e+02 -9.273286e-02 9.954967e-01 -1.967251e-02 -5.191753e+01 -1.862612e-01 2.064972e-03 9.824981e-01 9.996542e+01
9.832327e-01 9.384189e-02 1.563558e-01 4.051685e+02 -9.234395e-02 9.955849e-01 -1.683322e-02 -5.194510e+01 -1.572452e-01 2.112454e-03 9.875573e-01 1.009155e+02
9.876205e-01 9.140772e-02 1.274769e-01 4.052935e+02 -9.042828e-02 9.958120e-01 -1.346184e-02 -5.196762e+01 -1.281736e-01 1.767675e-03 9.917502e-01 1.018759e+02
9.913247e-01 8.710941e-02 9.842361e-02 4.053883e+02 -8.654615e-02 9.961978e-01 -9.986102e-03 -5.198523e+01 -9.891926e-02 1.381286e-03 9.950945e-01 1.028443e+02
9.941841e-01 8.258960e-02 6.911591e-02 4.054641e+02 -8.228541e-02 9.965825e-01 -7.241482e-03 -5.200082e+01 -6.947777e-02 1.512135e-03 9.975824e-01 1.038345e+02
9.960779e-01 7.899736e-02 3.985186e-02 4.055044e+02 -7.881979e-02 9.968708e-01 -6.009926e-03 -5.201463e+01 -4.020192e-02 2.845240e-03 9.991875e-01 1.048190e+02
9.969660e-01 7.687186e-02 1.222940e-02 4.055167e+02 -7.680614e-02 9.970294e-01 -5.756834e-03 -5.201236e+01 -1.263561e-02 4.800075e-03 9.999086e-01 1.058166e+02
9.970208e-01 7.620382e-02 -1.193826e-02 4.054848e+02 -7.626875e-02 9.970744e-01 -5.080345e-03 -5.201677e+01 1.151619e-02 5.975726e-03 9.999158e-01 1.068142e+02
9.966505e-01 7.621682e-02 -2.964389e-02 4.054419e+02 -7.637618e-02 9.970699e-01 -4.279306e-03 -5.202624e+01 2.923088e-02 6.529060e-03 9.995514e-01 1.078367e+02
9.959271e-01 7.640651e-02 -4.786795e-02 4.053823e+02 -7.650965e-02 9.970688e-01 -3.235505e-04 -5.203486e+01 4.770292e-02 3.984593e-03 9.988536e-01 1.088624e+02
9.949295e-01 7.831368e-02 -6.310462e-02 4.052991e+02 -7.846750e-02 9.969167e-01 4.089540e-05 -5.204290e+01 6.291325e-02 4.910973e-03 9.980069e-01 1.098992e+02
9.940946e-01 7.778353e-02 -7.566773e-02 4.052171e+02 -7.815661e-02 9.969391e-01 -1.977335e-03 -5.204309e+01 7.528232e-02 7.879592e-03 9.971311e-01 1.109632e+02
9.930229e-01 8.048254e-02 -8.618649e-02 4.051197e+02 -8.113279e-02 9.966950e-01 -4.062917e-03 -5.205216e+01 8.557465e-02 1.102712e-02 9.962707e-01 1.120189e+02
9.923433e-01 8.094499e-02 -9.328833e-02 4.050112e+02 -8.158429e-02 9.966618e-01 -3.053366e-03 -5.205444e+01 9.272975e-02 1.064085e-02 9.956345e-01 1.130890e+02
9.918585e-01 8.058134e-02 -9.860726e-02 4.048989e+02 -8.109617e-02 9.967055e-01 -1.217566e-03 -5.206159e+01 9.818429e-02 9.204324e-03 9.951257e-01 1.141528e+02
9.914308e-01 7.990869e-02 -1.033421e-01 4.047805e+02 -8.043245e-02 9.967597e-01 -9.042175e-04 -5.206886e+01 1.029350e-01 9.208528e-03 9.946455e-01 1.152348e+02
9.912316e-01 7.646278e-02 -1.077653e-01 4.046567e+02 -7.714802e-02 9.970172e-01 -2.197855e-03 -5.208541e+01 1.072758e-01 1.049246e-02 9.941739e-01 1.163243e+02
9.909653e-01 7.447859e-02 -1.115383e-01 4.045300e+02 -7.540500e-02 9.971445e-01 -4.104562e-03 -5.209162e+01 1.109141e-01 1.247802e-02 9.937517e-01 1.174303e+02
9.909552e-01 7.434973e-02 -1.117138e-01 4.043985e+02 -7.543102e-02 9.971360e-01 -5.477995e-03 -5.210299e+01 1.109865e-01 1.385513e-02 9.937253e-01 1.185416e+02
9.906534e-01 7.415533e-02 -1.144848e-01 4.042667e+02 -7.511141e-02 9.971669e-01 -4.054097e-03 -5.211492e+01 1.138599e-01 1.261532e-02 9.934167e-01 1.196596e+02
9.902882e-01 7.481807e-02 -1.171815e-01 4.041338e+02 -7.564042e-02 9.971318e-01 -2.580055e-03 -5.212093e+01 1.166524e-01 1.141866e-02 9.931072e-01 1.207904e+02
9.899651e-01 7.457099e-02 -1.200343e-01 4.039898e+02 -7.534736e-02 9.971555e-01 -1.936038e-03 -5.212744e+01 1.195485e-01 1.096088e-02 9.927679e-01 1.219365e+02
9.896399e-01 7.416335e-02 -1.229333e-01 4.038411e+02 -7.495243e-02 9.971855e-01 -1.800171e-03 -5.213576e+01 1.224538e-01 1.099567e-02 9.924133e-01 1.230769e+02
9.892951e-01 7.426893e-02 -1.256159e-01 4.036817e+02 -7.523483e-02 9.971615e-01 -2.956106e-03 -5.214807e+01 1.250398e-01 1.237515e-02 9.920745e-01 1.242170e+02
9.889997e-01 7.366409e-02 -1.282697e-01 4.035134e+02 -7.467007e-02 9.972036e-01 -3.044950e-03 -5.216344e+01 1.276867e-01 1.258936e-02 9.917346e-01 1.253791e+02
9.887748e-01 7.179389e-02 -1.310343e-01 4.033530e+02 -7.288482e-02 9.973341e-01 -3.542421e-03 -5.217064e+01 1.304307e-01 1.305307e-02 9.913715e-01 1.265516e+02
9.885484e-01 7.069854e-02 -1.333185e-01 4.032005e+02 -7.184880e-02 9.974082e-01 -3.830773e-03 -5.218423e+01 1.327022e-01 1.336568e-02 9.910658e-01 1.277264e+02
9.883708e-01 6.973596e-02 -1.351298e-01 4.030368e+02 -7.091828e-02 9.974743e-01 -3.949687e-03 -5.218456e+01 1.345131e-01 1.348693e-02 9.908200e-01 1.289087e+02
9.884478e-01 7.062896e-02 -1.340986e-01 4.028752e+02 -7.180783e-02 9.974106e-01 -3.968893e-03 -5.219106e+01 1.334711e-01 1.355237e-02 9.909600e-01 1.300872e+02
9.883500e-01 6.936503e-02 -1.354727e-01 4.027082e+02 -7.042737e-02 9.975122e-01 -3.059107e-03 -5.220058e+01 1.349234e-01 1.256445e-02 9.907764e-01 1.313086e+02
9.882559e-01 6.859989e-02 -1.365439e-01 4.025294e+02 -6.956330e-02 9.975749e-01 -2.290930e-03 -5.220498e+01 1.360556e-01 1.176247e-02 9.906314e-01 1.325312e+02
9.881847e-01 6.663587e-02 -1.380244e-01 4.023518e+02 -6.763382e-02 9.977070e-01 -2.547579e-03 -5.221648e+01 1.375381e-01 1.185259e-02 9.904256e-01 1.337416e+02
9.879150e-01 6.585727e-02 -1.403095e-01 4.021826e+02 -6.688018e-02 9.977577e-01 -2.582392e-03 -5.223041e+01 1.398249e-01 1.193511e-02 9.901043e-01 1.349616e+02
9.874838e-01 6.653800e-02 -1.429983e-01 4.020119e+02 -6.773720e-02 9.976970e-01 -3.528878e-03 -5.224013e+01 1.424342e-01 1.317101e-02 9.897166e-01 1.361975e+02
9.870531e-01 6.921373e-02 -1.446916e-01 4.018260e+02 -7.052868e-02 9.975018e-01 -3.972066e-03 -5.224953e+01 1.440552e-01 1.412555e-02 9.894688e-01 1.374163e+02
9.866974e-01 7.044201e-02 -1.465136e-01 4.016323e+02 -7.191331e-02 9.973995e-01 -4.763037e-03 -5.225906e+01 1.457971e-01 1.523595e-02 9.891972e-01 1.386505e+02
9.863350e-01 7.081225e-02 -1.487579e-01 4.014402e+02 -7.234323e-02 9.973678e-01 -4.899277e-03 -5.227586e+01 1.480194e-01 1.559396e-02 9.888615e-01 1.399028e+02
9.860173e-01 6.930362e-02 -1.515481e-01 4.012427e+02 -7.084023e-02 9.974763e-01 -4.757428e-03 -5.229341e+01 1.508360e-01 1.542661e-02 9.884384e-01 1.411561e+02
9.858113e-01 6.892315e-02 -1.530547e-01 4.010376e+02 -7.057164e-02 9.974923e-01 -5.357592e-03 -5.231405e+01 1.523016e-01 1.608289e-02 9.882032e-01 1.424212e+02
9.855044e-01 6.469908e-02 -1.568282e-01 4.008371e+02 -6.635786e-02 9.977815e-01 -5.358812e-03 -5.233367e+01 1.561336e-01 1.568792e-02 9.876114e-01 1.436830e+02
9.848501e-01 6.361041e-02 -1.613196e-01 4.006330e+02 -6.577195e-02 9.978019e-01 -8.089064e-03 -5.234744e+01 1.604504e-01 1.857682e-02 9.868691e-01 1.449406e+02
9.842752e-01 6.173523e-02 -1.655027e-01 4.004243e+02 -6.459850e-02 9.978396e-01 -1.196864e-02 -5.237190e+01 1.644062e-01 2.247166e-02 9.861367e-01 1.461860e+02
9.837062e-01 6.105774e-02 -1.690979e-01 4.001997e+02 -6.436194e-02 9.978267e-01 -1.412314e-02 -5.239738e+01 1.678681e-01 2.477649e-02 9.854981e-01 1.474202e+02
9.830409e-01 6.214230e-02 -1.725368e-01 3.999741e+02 -6.535028e-02 9.977781e-01 -1.296982e-02 -5.242185e+01 1.713475e-01 2.402520e-02 9.849177e-01 1.486592e+02
9.823029e-01 6.373766e-02 -1.761206e-01 3.997527e+02 -6.645602e-02 9.977434e-01 -9.573582e-03 -5.244925e+01 1.751130e-01 2.110843e-02 9.843220e-01 1.499041e+02
9.816118e-01 6.550597e-02 -1.792966e-01 3.995104e+02 -6.815784e-02 9.976369e-01 -8.663656e-03 -5.247081e+01 1.783054e-01 2.072482e-02 9.837569e-01 1.511687e+02
9.808734e-01 6.767644e-02 -1.825031e-01 3.992803e+02 -6.967188e-02 9.975596e-01 -4.536949e-03 -5.249920e+01 1.817507e-01 1.716550e-02 9.831948e-01 1.524183e+02
9.801771e-01 6.939886e-02 -1.855714e-01 3.990370e+02 -7.105685e-02 9.974696e-01 -2.290417e-03 -5.252127e+01 1.849429e-01 1.543113e-02 9.826281e-01 1.536709e+02
9.797340e-01 7.034839e-02 -1.875431e-01 3.988043e+02 -7.213981e-02 9.973908e-01 -2.735323e-03 -5.253795e+01 1.868613e-01 1.620921e-02 9.822526e-01 1.548972e+02
9.788799e-01 7.249512e-02 -1.911510e-01 3.985720e+02 -7.466638e-02 9.971998e-01 -4.171030e-03 -5.255600e+01 1.903133e-01 1.835549e-02 9.815518e-01 1.561020e+02
9.779735e-01 7.499838e-02 -1.947899e-01 3.983261e+02 -7.760314e-02 9.969677e-01 -5.764433e-03 -5.258039e+01 1.937669e-01 2.075377e-02 9.808281e-01 1.573243e+02
9.771063e-01 7.789895e-02 -1.979776e-01 3.980696e+02 -8.095017e-02 9.966910e-01 -7.353024e-03 -5.260020e+01 1.967497e-01 2.321101e-02 9.801790e-01 1.585479e+02
9.765432e-01 7.885834e-02 -2.003616e-01 3.978041e+02 -8.231253e-02 9.965663e-01 -8.954674e-03 -5.262374e+01 1.989675e-01 2.523690e-02 9.796811e-01 1.597546e+02
9.756530e-01 8.403222e-02 -2.025827e-01 3.975418e+02 -8.767259e-02 9.961083e-01 -9.047368e-03 -5.264234e+01 2.010341e-01 2.658805e-02 9.792234e-01 1.609886e+02
9.750579e-01 8.715584e-02 -2.041223e-01 3.972823e+02 -9.099919e-02 9.958057e-01 -9.500227e-03 -5.266161e+01 2.024382e-01 2.783824e-02 9.788993e-01 1.622071e+02
9.748871e-01 8.622294e-02 -2.053307e-01 3.970203e+02 -9.078311e-02 9.957875e-01 -1.287465e-02 -5.268242e+01 2.033557e-01 3.119190e-02 9.786080e-01 1.634259e+02
9.748296e-01 8.536249e-02 -2.059624e-01 3.967476e+02 -9.083600e-02 9.957165e-01 -1.724967e-02 -5.270440e+01 2.036076e-01 3.552429e-02 9.784079e-01 1.646731e+02
9.750950e-01 7.993703e-02 -2.068813e-01 3.964874e+02 -8.558775e-02 9.961590e-01 -1.849466e-02 -5.273636e+01 2.046083e-01 3.574055e-02 9.781912e-01 1.658759e+02
9.754468e-01 7.651927e-02 -2.065147e-01 3.962317e+02 -8.209736e-02 9.964514e-01 -1.856469e-02 -5.275876e+01 2.043613e-01 3.506318e-02 9.782674e-01 1.671120e+02
9.756724e-01 7.328804e-02 -2.066210e-01 3.959862e+02 -7.879255e-02 9.967189e-01 -1.852739e-02 -5.278919e+01 2.045852e-01 3.435685e-02 9.782456e-01 1.683293e+02
9.756608e-01 7.408520e-02 -2.063915e-01 3.957192e+02 -7.966702e-02 9.966432e-01 -1.885480e-02 -5.282599e+01 2.043018e-01 3.483848e-02 9.782878e-01 1.695653e+02
9.755178e-01 7.802467e-02 -2.056139e-01 3.954554e+02 -8.400686e-02 9.962540e-01 -2.051325e-02 -5.285611e+01 2.032432e-01 3.728402e-02 9.784182e-01 1.707751e+02
9.753207e-01 8.371172e-02 -2.043084e-01 3.951674e+02 -9.006452e-02 9.956934e-01 -2.197940e-02 -5.289287e+01 2.015886e-01 3.983791e-02 9.786598e-01 1.720165e+02
9.753728e-01 8.868005e-02 -2.019497e-01 3.948954e+02 -9.502452e-02 9.952335e-01 -2.192114e-02 -5.293269e+01 1.990431e-01 4.057146e-02 9.791505e-01 1.732068e+02
9.756132e-01 8.966721e-02 -2.003462e-01 3.946413e+02 -9.585165e-02 9.951663e-01 -2.136477e-02 -5.297777e+01 1.974621e-01 4.004727e-02 9.794922e-01 1.744142e+02
9.760035e-01 8.908938e-02 -1.986962e-01 3.943878e+02 -9.549758e-02 9.951666e-01 -2.288522e-02 -5.301251e+01 1.956970e-01 4.131106e-02 9.797939e-01 1.756234e+02
9.764453e-01 8.656980e-02 -1.976364e-01 3.941511e+02 -9.314029e-02 9.953594e-01 -2.417740e-02 -5.304793e+01 1.946263e-01 4.201583e-02 9.799772e-01 1.768627e+02
9.768158e-01 8.592028e-02 -1.960832e-01 3.938957e+02 -9.235437e-02 9.954395e-01 -2.389172e-02 -5.308863e+01 1.931362e-01 4.144695e-02 9.802962e-01 1.780731e+02
9.771844e-01 8.720747e-02 -1.936635e-01 3.936331e+02 -9.361199e-02 9.953158e-01 -2.415120e-02 -5.311591e+01 1.906501e-01 4.172940e-02 9.807707e-01 1.792844e+02
9.773069e-01 8.962753e-02 -1.919328e-01 3.933941e+02 -9.565303e-02 9.951640e-01 -2.234257e-02 -5.315423e+01 1.890021e-01 4.019450e-02 9.811537e-01 1.804902e+02
9.773904e-01 9.226224e-02 -1.902517e-01 3.931511e+02 -9.842693e-02 9.948740e-01 -2.319156e-02 -5.318765e+01 1.871368e-01 4.139310e-02 9.814614e-01 1.816918e+02
9.775611e-01 9.280611e-02 -1.891064e-01 3.929140e+02 -9.932994e-02 9.947329e-01 -2.529683e-02 -5.322919e+01 1.857627e-01 4.351313e-02 9.816307e-01 1.829208e+02
9.775902e-01 9.497089e-02 -1.878774e-01 3.926720e+02 -1.022074e-01 9.943348e-01 -2.918987e-02 -5.325961e+01 1.840408e-01 4.773819e-02 9.817587e-01 1.841299e+02
9.776994e-01 9.443382e-02 -1.875795e-01 3.924407e+02 -1.021452e-01 9.942593e-01 -3.185659e-02 -5.330442e+01 1.834943e-01 5.030653e-02 9.817327e-01 1.853490e+02
9.778671e-01 9.342920e-02 -1.872081e-01 3.922105e+02 -1.011601e-01 9.943504e-01 -3.215537e-02 -5.334547e+01 1.831462e-01 5.038166e-02 9.817938e-01 1.865566e+02
9.779490e-01 9.391762e-02 -1.865348e-01 3.919728e+02 -1.012674e-01 9.943992e-01 -3.025060e-02 -5.339040e+01 1.826490e-01 4.847344e-02 9.819825e-01 1.877668e+02
9.781793e-01 9.298797e-02 -1.857913e-01 3.917394e+02 -1.000882e-01 9.945503e-01 -2.918850e-02 -5.343259e+01 1.820647e-01 4.714710e-02 9.821556e-01 1.889960e+02
9.784009e-01 9.273707e-02 -1.847472e-01 3.914893e+02 -9.973733e-02 9.945927e-01 -2.894483e-02 -5.347089e+01 1.810639e-01 4.674583e-02 9.823597e-01 1.902136e+02
9.783393e-01 9.335839e-02 -1.847604e-01 3.912545e+02 -1.005348e-01 9.944859e-01 -2.984165e-02 -5.352134e+01 1.809557e-01 4.777012e-02 9.823304e-01 1.914405e+02
9.785061e-01 9.147125e-02 -1.848212e-01 3.910312e+02 -9.903547e-02 9.945660e-01 -3.209918e-02 -5.356347e+01 1.808808e-01 4.971310e-02 9.822478e-01 1.926873e+02
9.786666e-01 9.006626e-02 -1.846613e-01 3.907972e+02 -9.804981e-02 9.945816e-01 -3.454877e-02 -5.361162e+01 1.805491e-01 5.191773e-02 9.821948e-01 1.938697e+02
9.786102e-01 8.976291e-02 -1.851072e-01 3.905657e+02 -9.789287e-02 9.945728e-01 -3.524019e-02 -5.366003e+01 1.809394e-01 5.260709e-02 9.820863e-01 1.950739e+02
9.785553e-01 8.909723e-02 -1.857179e-01 3.903428e+02 -9.760530e-02 9.945310e-01 -3.716508e-02 -5.371756e+01 1.813909e-01 5.449514e-02 9.819000e-01 1.962913e+02
9.785736e-01 8.995315e-02 -1.852082e-01 3.900856e+02 -9.851399e-02 9.944276e-01 -3.753234e-02 -5.376439e+01 1.808000e-01 5.497377e-02 9.819823e-01 1.975309e+02
9.785769e-01 9.053882e-02 -1.849053e-01 3.898465e+02 -9.887897e-02 9.944345e-01 -3.637405e-02 -5.381636e+01 1.805829e-01 5.387805e-02 9.820830e-01 1.987618e+02
9.786767e-01 9.049430e-02 -1.843981e-01 3.896061e+02 -9.856170e-02 9.945137e-01 -3.504493e-02 -5.386978e+01 1.802151e-01 5.247225e-02 9.822266e-01 1.999831e+02
9.788158e-01 8.923426e-02 -1.842741e-01 3.893810e+02 -9.728569e-02 9.946372e-01 -3.510562e-02 -5.392092e+01 1.801532e-01 5.228916e-02 9.822478e-01 2.012034e+02
9.789834e-01 8.822537e-02 -1.838691e-01 3.891482e+02 -9.619421e-02 9.947519e-01 -3.486271e-02 -5.397493e+01 1.798284e-01 5.181716e-02 9.823323e-01 2.024242e+02
9.788991e-01 8.780371e-02 -1.845183e-01 3.889191e+02 -9.577246e-02 9.947979e-01 -3.470996e-02 -5.402235e+01 1.805108e-01 5.164932e-02 9.822160e-01 2.036478e+02
9.788538e-01 8.832682e-02 -1.845092e-01 3.886864e+02 -9.638804e-02 9.947223e-01 -3.516975e-02 -5.407605e+01 1.804290e-01 5.221052e-02 9.822013e-01 2.048759e+02
9.790593e-01 8.693580e-02 -1.840789e-01 3.884486e+02 -9.535494e-02 9.947415e-01 -3.737249e-02 -5.413287e+01 1.798620e-01 5.414272e-02 9.822007e-01 2.061078e+02
9.792414e-01 8.520926e-02 -1.839176e-01 3.882131e+02 -9.431646e-02 9.946838e-01 -4.133543e-02 -5.418991e+01 1.794177e-01 5.782382e-02 9.820722e-01 2.073397e+02
9.792912e-01 8.520897e-02 -1.836525e-01 3.879795e+02 -9.459436e-02 9.945890e-01 -4.294804e-02 -5.424614e+01 1.789992e-01 5.943112e-02 9.820526e-01 2.085690e+02
9.796579e-01 8.267648e-02 -1.828525e-01 3.877487e+02 -9.142646e-02 9.950107e-01 -3.993749e-02 -5.431284e+01 1.786383e-01 5.584263e-02 9.823289e-01 2.097716e+02
9.798822e-01 8.170995e-02 -1.820836e-01 3.875168e+02 -8.985432e-02 9.952702e-01 -3.692354e-02 -5.437275e+01 1.782053e-01 5.254172e-02 9.825896e-01 2.110051e+02
9.801750e-01 8.032855e-02 -1.811195e-01 3.872812e+02 -8.797902e-02 9.955214e-01 -3.459621e-02 -5.443042e+01 1.775292e-01 4.984506e-02 9.828524e-01 2.122258e+02
9.801398e-01 8.047620e-02 -1.812444e-01 3.870626e+02 -8.827154e-02 9.954690e-01 -3.534943e-02 -5.448022e+01 1.775784e-01 5.064610e-02 9.828026e-01 2.134512e+02
9.804130e-01 7.906806e-02 -1.803843e-01 3.868437e+02 -8.697414e-02 9.955477e-01 -3.633667e-02 -5.453003e+01 1.767081e-01 5.131372e-02 9.829248e-01 2.146964e+02
9.799375e-01 8.375384e-02 -1.808527e-01 3.866294e+02 -9.225999e-02 9.949658e-01 -3.913027e-02 -5.458613e+01 1.766650e-01 5.503069e-02 9.827315e-01 2.159046e+02
9.805130e-01 8.352230e-02 -1.778153e-01 3.863958e+02 -9.232367e-02 9.948514e-01 -4.179772e-02 -5.464170e+01 1.734088e-01 5.739977e-02 9.831758e-01 2.171165e+02
9.809085e-01 8.668183e-02 -1.740827e-01 3.861684e+02 -9.561379e-02 9.944641e-01 -4.357937e-02 -5.470038e+01 1.693414e-01 5.939208e-02 9.837663e-01 2.183446e+02
9.816604e-01 8.776428e-02 -1.692342e-01 3.859434e+02 -9.670492e-02 9.942809e-01 -4.531615e-02 -5.475483e+01 1.642892e-01 6.085086e-02 9.845335e-01 2.195759e+02
9.823451e-01 9.019789e-02 -1.638977e-01 3.857332e+02 -9.890233e-02 9.940457e-01 -4.573211e-02 -5.482857e+01 1.587969e-01 6.113457e-02 9.854167e-01 2.207895e+02
9.830931e-01 9.176283e-02 -1.584534e-01 3.855233e+02 -9.994172e-02 9.940009e-01 -4.442738e-02 -5.489466e+01 1.534261e-01 5.951236e-02 9.863664e-01 2.220330e+02
9.842822e-01 8.971065e-02 -1.521200e-01 3.853135e+02 -9.692857e-02 9.944588e-01 -4.070161e-02 -5.495617e+01 1.476257e-01 5.480664e-02 9.875236e-01 2.233009e+02
9.851175e-01 8.915078e-02 -1.469547e-01 3.851281e+02 -9.590769e-02 9.946046e-01 -3.953983e-02 -5.501507e+01 1.426368e-01 5.304547e-02 9.883526e-01 2.245430e+02
9.862569e-01 8.574832e-02 -1.412249e-01 3.849453e+02 -9.218542e-02 9.949511e-01 -3.967518e-02 -5.507197e+01 1.371098e-01 5.214879e-02 9.891822e-01 2.258120e+02
9.870051e-01 8.607209e-02 -1.356927e-01 3.847744e+02 -9.238627e-02 9.948816e-01 -4.093211e-02 -5.512765e+01 1.314750e-01 5.293634e-02 9.899051e-01 2.270508e+02
9.874479e-01 8.615233e-02 -1.323798e-01 3.846069e+02 -9.267149e-02 9.947290e-01 -4.388927e-02 -5.518596e+01 1.279009e-01 5.560621e-02 9.902269e-01 2.283074e+02
9.881106e-01 8.740830e-02 -1.264801e-01 3.844373e+02 -9.375960e-02 9.945704e-01 -4.515450e-02 -5.524833e+01 1.218465e-01 5.647637e-02 9.909409e-01 2.295374e+02
9.884933e-01 9.047550e-02 -1.212238e-01 3.842709e+02 -9.695097e-02 9.941010e-01 -4.861751e-02 -5.531565e+01 1.161100e-01 5.981085e-02 9.914339e-01 2.307877e+02
9.892838e-01 8.853824e-02 -1.160969e-01 3.841224e+02 -9.488043e-02 9.942181e-01 -5.028005e-02 -5.538591e+01 1.109739e-01 6.075656e-02 9.919644e-01 2.320399e+02
9.894787e-01 9.295537e-02 -1.108661e-01 3.839785e+02 -9.921913e-02 9.936862e-01 -5.237620e-02 -5.545897e+01 1.052974e-01 6.282517e-02 9.924543e-01 2.332662e+02
9.899242e-01 9.438679e-02 -1.055517e-01 3.838310e+02 -1.002803e-01 9.936002e-01 -5.198551e-02 -5.554221e+01 9.996943e-02 6.204647e-02 9.930541e-01 2.345415e+02
9.902862e-01 9.679577e-02 -9.981910e-02 3.836868e+02 -1.022179e-01 9.934689e-01 -5.070531e-02 -5.561294e+01 9.425911e-02 6.041606e-02 9.937128e-01 2.358180e+02
9.905668e-01 9.973980e-02 -9.396462e-02 3.835595e+02 -1.043659e-01 9.934901e-01 -4.566483e-02 -5.568489e+01 8.879831e-02 5.504077e-02 9.945277e-01 2.370731e+02
9.910202e-01 1.002232e-01 -8.851125e-02 3.834313e+02 -1.045804e-01 9.934505e-01 -4.603413e-02 -5.575238e+01 8.331786e-02 5.487729e-02 9.950109e-01 2.383367e+02
9.916991e-01 9.739149e-02 -8.395096e-02 3.833139e+02 -1.019738e-01 9.934200e-01 -5.213393e-02 -5.581095e+01 7.832117e-02 6.026197e-02 9.951052e-01 2.395921e+02
9.917807e-01 9.792164e-02 -8.235530e-02 3.831980e+02 -1.030468e-01 9.928370e-01 -6.046518e-02 -5.588794e+01 7.584453e-02 6.845466e-02 9.947671e-01 2.408691e+02
9.925825e-01 9.329747e-02 -7.794597e-02 3.831049e+02 -9.836913e-02 9.930915e-01 -6.397441e-02 -5.598326e+01 7.143883e-02 7.116736e-02 9.949029e-01 2.421425e+02
9.931306e-01 9.217745e-02 -7.207611e-02 3.830120e+02 -9.667369e-02 9.934082e-01 -6.159835e-02 -5.607968e+01 6.592302e-02 6.814307e-02 9.954952e-01 2.434113e+02
9.938592e-01 8.886285e-02 -6.593366e-02 3.829218e+02 -9.284112e-02 9.938747e-01 -5.994604e-02 -5.616328e+01 6.020282e-02 6.569928e-02 9.960217e-01 2.446874e+02
9.942621e-01 8.837675e-02 -6.027018e-02 3.828429e+02 -9.196272e-02 9.939789e-01 -5.957196e-02 -5.624500e+01 5.464251e-02 6.477275e-02 9.964029e-01 2.459599e+02
9.946117e-01 8.794828e-02 -5.488839e-02 3.827820e+02 -9.123370e-02 9.939880e-01 -6.053311e-02 -5.632962e+01 4.923461e-02 6.521461e-02 9.966559e-01 2.472239e+02
9.947341e-01 9.005810e-02 -4.892418e-02 3.826992e+02 -9.298923e-02 9.937744e-01 -6.136272e-02 -5.641496e+01 4.309339e-02 6.558901e-02 9.969158e-01 2.484929e+02
9.949513e-01 9.020801e-02 -4.398201e-02 3.826450e+02 -9.284486e-02 9.937400e-01 -6.213467e-02 -5.650279e+01 3.810164e-02 6.590448e-02 9.970982e-01 2.497539e+02
9.949611e-01 9.237340e-02 -3.898254e-02 3.825797e+02 -9.467607e-02 9.935716e-01 -6.206411e-02 -5.658768e+01 3.299887e-02 6.544209e-02 9.973106e-01 2.510457e+02
9.945862e-01 9.809367e-02 -3.429259e-02 3.825248e+02 -1.000939e-01 9.930121e-01 -6.251572e-02 -5.667115e+01 2.792056e-02 6.560975e-02 9.974547e-01 2.523236e+02
9.942383e-01 1.020565e-01 -3.278265e-02 3.824762e+02 -1.040431e-01 9.923777e-01 -6.604174e-02 -5.676220e+01 2.579278e-02 6.907204e-02 9.972782e-01 2.535945e+02
9.940135e-01 1.058523e-01 -2.706260e-02 3.824273e+02 -1.074668e-01 9.919136e-01 -6.751579e-02 -5.685214e+01 1.969706e-02 7.001994e-02 9.973511e-01 2.548723e+02
9.940669e-01 1.067733e-01 -2.074593e-02 3.824066e+02 -1.079064e-01 9.920576e-01 -6.463632e-02 -5.695419e+01 1.367973e-02 6.649145e-02 9.976932e-01 2.561430e+02
9.941463e-01 1.069874e-01 -1.505974e-02 3.823847e+02 -1.077319e-01 9.921700e-01 -6.318679e-02 -5.705385e+01 8.181639e-03 6.443933e-02 9.978881e-01 2.574378e+02
9.943479e-01 1.057534e-01 -9.407103e-03 3.823739e+02 -1.061402e-01 9.922838e-01 -6.408734e-02 -5.714670e+01 2.557058e-03 6.472359e-02 9.979000e-01 2.587242e+02
9.942525e-01 1.070105e-01 -3.273243e-03 3.823700e+02 -1.069952e-01 9.921129e-01 -6.529916e-02 -5.723994e+01 -3.740268e-03 6.527408e-02 9.978604e-01 2.600134e+02
9.939403e-01 1.098565e-01 3.780464e-03 3.823722e+02 -1.093883e-01 9.919173e-01 -6.429805e-02 -5.733753e+01 -1.081346e-02 6.349488e-02 9.979236e-01 2.612886e+02
9.934894e-01 1.133999e-01 1.092156e-02 3.823699e+02 -1.124971e-01 9.916509e-01 -6.303130e-02 -5.743312e+01 -1.797812e-02 6.139229e-02 9.979518e-01 2.625848e+02
9.931857e-01 1.151217e-01 1.814213e-02 3.823758e+02 -1.137808e-01 9.915177e-01 -6.282247e-02 -5.752792e+01 -2.522047e-02 6.033015e-02 9.978598e-01 2.638662e+02
9.928693e-01 1.166327e-01 2.464394e-02 3.824018e+02 -1.148649e-01 9.913234e-01 -6.390663e-02 -5.762007e+01 -3.188372e-02 6.062021e-02 9.976516e-01 2.651834e+02
9.926006e-01 1.183843e-01 2.700244e-02 3.824470e+02 -1.164487e-01 9.910964e-01 -6.455790e-02 -5.771613e+01 -3.440467e-02 6.093581e-02 9.975486e-01 2.664737e+02
9.923650e-01 1.188384e-01 3.300291e-02 3.824882e+02 -1.164866e-01 9.910082e-01 -6.583066e-02 -5.780551e+01 -4.052936e-02 6.148365e-02 9.972849e-01 2.677758e+02
9.920737e-01 1.196207e-01 3.848056e-02 3.825297e+02 -1.169089e-01 9.909245e-01 -6.633967e-02 -5.790475e+01 -4.606693e-02 6.131512e-02 9.970548e-01 2.690701e+02
9.917934e-01 1.203713e-01 4.308880e-02 3.825950e+02 -1.173300e-01 9.908125e-01 -6.726238e-02 -5.798723e+01 -5.078939e-02 6.165477e-02 9.968045e-01 2.703885e+02
9.918797e-01 1.176792e-01 4.823078e-02 3.826592e+02 -1.144165e-01 9.912648e-01 -6.559689e-02 -5.808073e+01 -5.552886e-02 5.954583e-02 9.966799e-01 2.717028e+02
9.914023e-01 1.194271e-01 5.346565e-02 3.827192e+02 -1.158625e-01 9.911072e-01 -6.543931e-02 -5.815882e+01 -6.080542e-02 5.868202e-02 9.964232e-01 2.730233e+02
9.909320e-01 1.209672e-01 5.848701e-02 3.827991e+02 -1.171412e-01 9.909896e-01 -6.494216e-02 -5.827948e+01 -6.581589e-02 5.750202e-02 9.961736e-01 2.743143e+02
9.903481e-01 1.231891e-01 6.352192e-02 3.828789e+02 -1.190431e-01 9.907338e-01 -6.538621e-02 -5.838982e+01 -7.098818e-02 5.719327e-02 9.958361e-01 2.756267e+02
9.893035e-01 1.284317e-01 6.916614e-02 3.829559e+02 -1.240813e-01 9.902117e-01 -6.391128e-02 -5.848792e+01 -7.669736e-02 5.464542e-02 9.955558e-01 2.769292e+02
9.886084e-01 1.304241e-01 7.511969e-02 3.830357e+02 -1.259277e-01 9.901134e-01 -6.178725e-02 -5.857755e+01 -8.243556e-02 5.162374e-02 9.952584e-01 2.782236e+02
9.881417e-01 1.330401e-01 7.665713e-02 3.831301e+02 -1.283878e-01 9.897375e-01 -6.273958e-02 -5.866999e+01 -8.421732e-02 5.215375e-02 9.950816e-01 2.795204e+02
9.878035e-01 1.325412e-01 8.171373e-02 3.832356e+02 -1.269640e-01 9.894301e-01 -7.005876e-02 -5.876259e+01 -9.013570e-02 5.882958e-02 9.941904e-01 2.808432e+02
9.875986e-01 1.304286e-01 8.739219e-02 3.833503e+02 -1.242691e-01 9.895905e-01 -7.258007e-02 -5.886012e+01 -9.594900e-02 6.081982e-02 9.935264e-01 2.821540e+02
9.873902e-01 1.271265e-01 9.433728e-02 3.834725e+02 -1.207386e-01 9.901702e-01 -7.060568e-02 -5.896237e+01 -1.023858e-01 5.832520e-02 9.930334e-01 2.834653e+02
9.868333e-01 1.260850e-01 1.013043e-01 3.836050e+02 -1.196380e-01 9.905272e-01 -6.739911e-02 -5.905571e+01 -1.088427e-01 5.439183e-02 9.925698e-01 2.847778e+02
9.859555e-01 1.268353e-01 1.086487e-01 3.837451e+02 -1.199329e-01 9.904578e-01 -6.789293e-02 -5.915525e+01 -1.162232e-01 5.390885e-02 9.917590e-01 2.860866e+02
9.846780e-01 1.295745e-01 1.167032e-01 3.838920e+02 -1.219164e-01 9.900294e-01 -7.055594e-02 -5.925190e+01 -1.246819e-01 5.524684e-02 9.906575e-01 2.874023e+02
9.832069e-01 1.328244e-01 1.251473e-01 3.840597e+02 -1.244499e-01 9.895702e-01 -7.254699e-02 -5.935979e+01 -1.334780e-01 5.575414e-02 9.894822e-01 2.887094e+02
9.817351e-01 1.338637e-01 1.351911e-01 3.842103e+02 -1.250096e-01 9.895379e-01 -7.202291e-02 -5.946666e+01 -1.434180e-01 5.380724e-02 9.881984e-01 2.900458e+02
9.802770e-01 1.347996e-01 1.445202e-01 3.843995e+02 -1.256383e-01 9.895474e-01 -7.078792e-02 -5.957804e+01 -1.525517e-01 5.123450e-02 9.869666e-01 2.913731e+02
9.794280e-01 1.360935e-01 1.489944e-01 3.846017e+02 -1.270137e-01 9.895056e-01 -6.889243e-02 -5.968350e+01 -1.568066e-01 4.855085e-02 9.864353e-01 2.926937e+02
9.785829e-01 1.323198e-01 1.576930e-01 3.848116e+02 -1.228518e-01 9.900658e-01 -6.838997e-02 -5.977111e+01 -1.651758e-01 4.755239e-02 9.851171e-01 2.940466e+02
9.774788e-01 1.306185e-01 1.657530e-01 3.850507e+02 -1.208748e-01 9.903624e-01 -6.761325e-02 -5.987080e+01 -1.729871e-01 4.605517e-02 9.838467e-01 2.953708e+02
9.758368e-01 1.309249e-01 1.749322e-01 3.852591e+02 -1.204076e-01 9.902897e-01 -6.948630e-02 -5.995424e+01 -1.823310e-01 4.674412e-02 9.821254e-01 2.966817e+02
9.744759e-01 1.297966e-01 1.831655e-01 3.854879e+02 -1.190217e-01 9.905128e-01 -6.868891e-02 -6.005623e+01 -1.903434e-01 4.513501e-02 9.806795e-01 2.980033e+02
9.730001e-01 1.305025e-01 1.903677e-01 3.857345e+02 -1.197280e-01 9.905371e-01 -6.709218e-02 -6.017074e+01 -1.973220e-01 4.248835e-02 9.794176e-01 2.993199e+02
9.714302e-01 1.318713e-01 1.973155e-01 3.859884e+02 -1.211998e-01 9.904799e-01 -6.526959e-02 -6.027465e+01 -2.040442e-01 3.949026e-02 9.781649e-01 3.006475e+02
9.697981e-01 1.338869e-01 2.038772e-01 3.862495e+02 -1.232018e-01 9.902971e-01 -6.428869e-02 -6.037573e+01 -2.105064e-01 3.722901e-02 9.768833e-01 3.019617e+02
9.681581e-01 1.349235e-01 2.108687e-01 3.865181e+02 -1.244017e-01 9.902645e-01 -6.245354e-02 -6.048295e+01 -2.172422e-01 3.423248e-02 9.755173e-01 3.032771e+02
9.666211e-01 1.356763e-01 2.173373e-01 3.868040e+02 -1.251716e-01 9.902297e-01 -6.145831e-02 -6.057997e+01 -2.235523e-01 3.220244e-02 9.741598e-01 3.045774e+02
9.663626e-01 1.356203e-01 2.185190e-01 3.870903e+02 -1.252378e-01 9.902651e-01 -6.074960e-02 -6.068166e+01 -2.246306e-01 3.133931e-02 9.739399e-01 3.058803e+02
9.649870e-01 1.363904e-01 2.240485e-01 3.873747e+02 -1.253465e-01 9.901193e-01 -6.286555e-02 -6.078446e+01 -2.304090e-01 3.258073e-02 9.725483e-01 3.071744e+02
9.637113e-01 1.358623e-01 2.297870e-01 3.876646e+02 -1.243464e-01 9.901763e-01 -6.394435e-02 -6.087749e+01 -2.362172e-01 3.305070e-02 9.711380e-01 3.084502e+02
9.622917e-01 1.363878e-01 2.353571e-01 3.879623e+02 -1.249273e-01 9.901631e-01 -6.300933e-02 -6.098361e+01 -2.416357e-01 3.123084e-02 9.698643e-01 3.097162e+02
9.607835e-01 1.374437e-01 2.408410e-01 3.882703e+02 -1.260684e-01 9.900762e-01 -6.209598e-02 -6.107822e+01 -2.469856e-01 2.929835e-02 9.685761e-01 3.109910e+02
9.591549e-01 1.394032e-01 2.461474e-01 3.885797e+02 -1.281390e-01 9.898610e-01 -6.128331e-02 -6.117204e+01 -2.521948e-01 2.723912e-02 9.672930e-01 3.122557e+02
9.572843e-01 1.423986e-01 2.516532e-01 3.888812e+02 -1.312270e-01 9.894910e-01 -6.072077e-02 -6.126437e+01 -2.576552e-01 2.510335e-02 9.659108e-01 3.135096e+02
9.561464e-01 1.435334e-01 2.553081e-01 3.892023e+02 -1.312706e-01 9.892440e-01 -6.453244e-02 -6.135698e+01 -2.618245e-01 2.818802e-02 9.647038e-01 3.147456e+02
9.558411e-01 1.404503e-01 2.581501e-01 3.895509e+02 -1.269901e-01 9.895578e-01 -6.818271e-02 -6.145622e+01 -2.650307e-01 3.238934e-02 9.636958e-01 3.159789e+02
9.551744e-01 1.392891e-01 2.612286e-01 3.898827e+02 -1.249262e-01 9.896303e-01 -7.088941e-02 -6.155515e+01 -2.683939e-01 3.507745e-02 9.626704e-01 3.172234e+02
9.562357e-01 1.372173e-01 2.584274e-01 3.902295e+02 -1.229737e-01 9.898971e-01 -7.057757e-02 -6.165421e+01 -2.655010e-01 3.570903e-02 9.634491e-01 3.184758e+02
9.554190e-01 1.374595e-01 2.613032e-01 3.905826e+02 -1.231694e-01 9.898867e-01 -7.038158e-02 -6.174981e+01 -2.683352e-01 3.505934e-02 9.626874e-01 3.197398e+02
9.542926e-01 1.371076e-01 2.655695e-01 3.909142e+02 -1.235821e-01 9.900651e-01 -6.707094e-02 -6.187393e+01 -2.721270e-01 3.118568e-02 9.617559e-01 3.210021e+02
9.535043e-01 1.356072e-01 2.691472e-01 3.912617e+02 -1.228300e-01 9.903722e-01 -6.384113e-02 -6.196518e+01 -2.752132e-01 2.781343e-02 9.609808e-01 3.222674e+02
9.527849e-01 1.345941e-01 2.721864e-01 3.916130e+02 -1.225901e-01 9.905983e-01 -6.071813e-02 -6.206047e+01 -2.777997e-01 2.448394e-02 9.603270e-01 3.235233e+02
9.526478e-01 1.325005e-01 2.736894e-01 3.919723e+02 -1.199618e-01 9.908325e-01 -6.213058e-02 -6.215401e+01 -2.794127e-01 2.635630e-02 9.598093e-01 3.247428e+02
9.522542e-01 1.339998e-01 2.743283e-01 3.923180e+02 -1.206700e-01 9.905634e-01 -6.498352e-02 -6.224526e+01 -2.804473e-01 2.877764e-02 9.594379e-01 3.259778e+02
9.518531e-01 1.348285e-01 2.753125e-01 3.926633e+02 -1.213081e-01 9.904420e-01 -6.564284e-02 -6.234392e+01 -2.815316e-01 2.908469e-02 9.591111e-01 3.271881e+02
9.515804e-01 1.344952e-01 2.764159e-01 3.930112e+02 -1.212182e-01 9.905181e-01 -6.465295e-02 -6.244566e+01 -2.824904e-01 2.801585e-02 9.588609e-01 3.283972e+02
9.512166e-01 1.343209e-01 2.777498e-01 3.933577e+02 -1.214883e-01 9.905922e-01 -6.299005e-02 -6.253820e+01 -2.835976e-01 2.617382e-02 9.585861e-01 3.296312e+02
9.526017e-01 1.341037e-01 2.730681e-01 3.936977e+02 -1.217282e-01 9.906346e-01 -6.185000e-02 -6.263892e+01 -2.788050e-01 2.567833e-02 9.600044e-01 3.308604e+02
9.524669e-01 1.327862e-01 2.741798e-01 3.940467e+02 -1.205197e-01 9.908234e-01 -6.118832e-02 -6.272876e+01 -2.797887e-01 2.523577e-02 9.597299e-01 3.320756e+02
9.522981e-01 1.316257e-01 2.753236e-01 3.943897e+02 -1.193624e-01 9.909806e-01 -6.090986e-02 -6.282349e+01 -2.808577e-01 2.514104e-02 9.594201e-01 3.332929e+02
9.518716e-01 1.318837e-01 2.766715e-01 3.947231e+02 -1.194524e-01 9.909400e-01 -6.139217e-02 -6.291257e+01 -2.822615e-01 2.538839e-02 9.590015e-01 3.344914e+02
9.512905e-01 1.333054e-01 2.779856e-01 3.950570e+02 -1.207044e-01 9.907478e-01 -6.204295e-02 -6.300577e+01 -2.836842e-01 2.546679e-02 9.585795e-01 3.356837e+02
9.504814e-01 1.364006e-01 2.792489e-01 3.953827e+02 -1.235731e-01 9.903258e-01 -6.312344e-02 -6.310382e+01 -2.851575e-01 2.549001e-02 9.581417e-01 3.368659e+02
9.495604e-01 1.408957e-01 2.801491e-01 3.957164e+02 -1.278798e-01 9.897027e-01 -6.430626e-02 -6.320140e+01 -2.863248e-01 2.523728e-02 9.578002e-01 3.380492e+02
9.487184e-01 1.444251e-01 2.812025e-01 3.960424e+02 -1.314320e-01 9.892158e-01 -6.463531e-02 -6.329250e+01 -2.875049e-01 2.436169e-02 9.574693e-01 3.392033e+02
9.480926e-01 1.463045e-01 2.823391e-01 3.963717e+02 -1.338310e-01 9.889945e-01 -6.308053e-02 -6.338799e+01 -2.884608e-01 2.202046e-02 9.572385e-01 3.403567e+02
9.475087e-01 1.478491e-01 2.834922e-01 3.966953e+02 -1.355500e-01 9.887886e-01 -6.263547e-02 -6.347857e+01 -2.895745e-01 2.092028e-02 9.569268e-01 3.415103e+02
9.489254e-01 1.504360e-01 2.773258e-01 3.970231e+02 -1.379662e-01 9.883631e-01 -6.406098e-02 -6.356836e+01 -2.837357e-01 2.252749e-02 9.586379e-01 3.426650e+02
9.485539e-01 1.518374e-01 2.778325e-01 3.973452e+02 -1.393638e-01 9.881560e-01 -6.422910e-02 -6.365524e+01 -2.842942e-01 2.220496e-02 9.584799e-01 3.437976e+02
9.482844e-01 1.523576e-01 2.784669e-01 3.976729e+02 -1.402860e-01 9.881111e-01 -6.289881e-02 -6.374262e+01 -2.847394e-01 2.058096e-02 9.583840e-01 3.449200e+02
9.481355e-01 1.515557e-01 2.794101e-01 3.979873e+02 -1.398313e-01 9.882605e-01 -6.154933e-02 -6.382883e+01 -2.854581e-01 1.928682e-02 9.581971e-01 3.460770e+02
9.484213e-01 1.522330e-01 2.780685e-01 3.983263e+02 -1.405118e-01 9.881528e-01 -6.172967e-02 -6.392159e+01 -2.841714e-01 1.947383e-02 9.585757e-01 3.471211e+02
9.492365e-01 1.507687e-01 2.760777e-01 3.986627e+02 -1.383657e-01 9.883121e-01 -6.398505e-02 -6.401047e+01 -2.824978e-01 2.253728e-02 9.590032e-01 3.482240e+02
9.496834e-01 1.512604e-01 2.742659e-01 3.989908e+02 -1.388710e-01 9.882300e-01 -6.415902e-02 -6.409766e+01 -2.807425e-01 2.284318e-02 9.595113e-01 3.493191e+02
9.500542e-01 1.505545e-01 2.733684e-01 3.993206e+02 -1.389826e-01 9.883938e-01 -6.133164e-02 -6.418228e+01 -2.794294e-01 2.027492e-02 9.599522e-01 3.504614e+02
9.499442e-01 1.515968e-01 2.731746e-01 3.996377e+02 -1.409155e-01 9.882961e-01 -5.842669e-02 -6.427254e+01 -2.788347e-01 1.700757e-02 9.601885e-01 3.516119e+02
9.500110e-01 1.523070e-01 2.725466e-01 3.999640e+02 -1.415196e-01 9.881798e-01 -5.893109e-02 -6.435657e+01 -2.783006e-01 1.741451e-02 9.603361e-01 3.527660e+02
9.513654e-01 1.550062e-01 2.662272e-01 4.002875e+02 -1.439611e-01 9.877237e-01 -6.063872e-02 -6.443737e+01 -2.723583e-01 1.936322e-02 9.620010e-01 3.539198e+02
9.508128e-01 1.553264e-01 2.680087e-01 4.006101e+02 -1.441497e-01 9.876731e-01 -6.101387e-02 -6.451532e+01 -2.741821e-01 1.937938e-02 9.614825e-01 3.550906e+02
9.494672e-01 1.570442e-01 2.717519e-01 4.009393e+02 -1.460374e-01 9.874337e-01 -6.039711e-02 -6.459847e+01 -2.778220e-01 1.765915e-02 9.604703e-01 3.562491e+02
9.474193e-01 1.594639e-01 2.774310e-01 4.012707e+02 -1.487221e-01 9.870883e-01 -5.948424e-02 -6.468066e+01 -2.833344e-01 1.509640e-02 9.589023e-01 3.574358e+02
9.445899e-01 1.643574e-01 2.841417e-01 4.016074e+02 -1.542127e-01 9.863412e-01 -5.787524e-02 -6.477680e+01 -2.897729e-01 1.085012e-02 9.570339e-01 3.585768e+02
9.421360e-01 1.655720e-01 2.914888e-01 4.019632e+02 -1.552403e-01 9.861494e-01 -5.839430e-02 -6.485779e+01 -2.971200e-01 9.764556e-03 9.547902e-01 3.597441e+02
9.394220e-01 1.672289e-01 2.992002e-01 4.023279e+02 -1.561897e-01 9.858652e-01 -6.061870e-02 -6.494579e+01 -3.051083e-01 1.021454e-02 9.522629e-01 3.609174e+02
9.369910e-01 1.655817e-01 3.076209e-01 4.027108e+02 -1.542209e-01 9.861476e-01 -6.106355e-02 -6.503206e+01 -3.134706e-01 9.774433e-03 9.495476e-01 3.621091e+02
9.339473e-01 1.648070e-01 3.171451e-01 4.030971e+02 -1.539681e-01 9.863051e-01 -5.912733e-02 -6.513222e+01 -3.225464e-01 6.391590e-03 9.465321e-01 3.633200e+02
9.318154e-01 1.598589e-01 3.258301e-01 4.035114e+02 -1.493829e-01 9.871295e-01 -5.709764e-02 -6.522008e+01 -3.307641e-01 4.531000e-03 9.437026e-01 3.644998e+02
9.314637e-01 1.625328e-01 3.255126e-01 4.039358e+02 -1.508993e-01 9.866741e-01 -6.085676e-02 -6.530509e+01 -3.310661e-01 7.566248e-03 9.435772e-01 3.656477e+02
9.284438e-01 1.666367e-01 3.320006e-01 4.043554e+02 -1.522096e-01 9.859230e-01 -6.919528e-02 -6.539730e+01 -3.388575e-01 1.371024e-02 9.407378e-01 3.668263e+02
9.250663e-01 1.716556e-01 3.388018e-01 4.047770e+02 -1.549204e-01 9.849949e-01 -7.605709e-02 -6.550022e+01 -3.467737e-01 1.787055e-02 9.377786e-01 3.680208e+02
9.215328e-01 1.751196e-01 3.465696e-01 4.052155e+02 -1.588383e-01 9.844456e-01 -7.508166e-02 -6.560274e+01 -3.543272e-01 1.414169e-02 9.350146e-01 3.691958e+02
9.193604e-01 1.697472e-01 3.549118e-01 4.056796e+02 -1.545112e-01 9.854317e-01 -7.106785e-02 -6.570849e+01 -3.618049e-01 1.049912e-02 9.321947e-01 3.704330e+02
9.173415e-01 1.665027e-01 3.616095e-01 4.061514e+02 -1.526538e-01 9.860225e-01 -6.675644e-02 -6.581390e+01 -3.676703e-01 6.037390e-03 9.299366e-01 3.716076e+02
9.158985e-01 1.634777e-01 3.666128e-01 4.066374e+02 -1.485746e-01 9.865107e-01 -6.871880e-02 -6.591861e+01 -3.729014e-01 8.470103e-03 9.278323e-01 3.728084e+02
9.137379e-01 1.647411e-01 3.714074e-01 4.071289e+02 -1.493151e-01 9.862991e-01 -7.013624e-02 -6.602519e+01 -3.778731e-01 8.629411e-03 9.258172e-01 3.740202e+02
9.113503e-01 1.640486e-01 3.775296e-01 4.076143e+02 -1.492158e-01 9.864338e-01 -6.843210e-02 -6.612818e+01 -3.836342e-01 6.032213e-03 9.234654e-01 3.752141e+02
9.092582e-01 1.626983e-01 3.831172e-01 4.081193e+02 -1.497042e-01 9.866757e-01 -6.371607e-02 -6.622656e+01 -3.883789e-01 5.801060e-04 9.214996e-01 3.764140e+02
9.103646e-01 1.625574e-01 3.805410e-01 4.086372e+02 -1.489412e-01 9.866955e-01 -6.518059e-02 -6.631648e+01 -3.860737e-01 2.659857e-03 9.224641e-01 3.776276e+02
9.090760e-01 1.588077e-01 3.851764e-01 4.091440e+02 -1.446459e-01 9.873015e-01 -6.567620e-02 -6.641371e+01 -3.907151e-01 3.990467e-03 9.205030e-01 3.788179e+02
9.072507e-01 1.566480e-01 3.903302e-01 4.096527e+02 -1.425639e-01 9.876489e-01 -6.500141e-02 -6.651626e+01 -3.956915e-01 3.325586e-03 9.183775e-01 3.800418e+02
9.056353e-01 1.546696e-01 3.948443e-01 4.101795e+02 -1.404910e-01 9.879611e-01 -6.476979e-02 -6.662106e+01 -4.001087e-01 3.185763e-03 9.164622e-01 3.812848e+02
9.046191e-01 1.509736e-01 3.985865e-01 4.107074e+02 -1.367220e-01 9.885315e-01 -6.412865e-02 -6.671702e+01 -4.036970e-01 3.516461e-03 9.148860e-01 3.824773e+02
9.037317e-01 1.458729e-01 4.024800e-01 4.112356e+02 -1.322820e-01 9.893005e-01 -6.153017e-02 -6.682133e+01 -4.071493e-01 2.365895e-03 9.133586e-01 3.836843e+02
9.033356e-01 1.417185e-01 4.048465e-01 4.117636e+02 -1.283442e-01 9.899042e-01 -6.014580e-02 -6.692189e+01 -4.092830e-01 2.372134e-03 9.124044e-01 3.849000e+02
9.034699e-01 1.375885e-01 4.059699e-01 4.122964e+02 -1.227665e-01 9.904675e-01 -6.247029e-02 -6.702165e+01 -4.106952e-01 6.600497e-03 9.117488e-01 3.860840e+02
9.028669e-01 1.372370e-01 4.074276e-01 4.128155e+02 -1.221445e-01 9.905129e-01 -6.296781e-02 -6.711496e+01 -4.122038e-01 7.086521e-03 9.110641e-01 3.872959e+02
9.020308e-01 1.371179e-01 4.093154e-01 4.133479e+02 -1.225157e-01 9.905388e-01 -6.182937e-02 -6.721595e+01 -4.139207e-01 5.624451e-03 9.102956e-01 3.885052e+02
9.040663e-01 1.405631e-01 4.036163e-01 4.138781e+02 -1.267407e-01 9.900640e-01 -6.091045e-02 -6.731990e+01 -4.081677e-01 3.912485e-03 9.128986e-01 3.896858e+02
9.031229e-01 1.416551e-01 4.053430e-01 4.143993e+02 -1.270955e-01 9.899026e-01 -6.276621e-02 -6.741586e+01 -4.101412e-01 5.168314e-03 9.120074e-01 3.908861e+02
9.026500e-01 1.407209e-01 4.067194e-01 4.149357e+02 -1.262051e-01 9.900365e-01 -6.245024e-02 -6.750428e+01 -4.114551e-01 5.040626e-03 9.114161e-01 3.921215e+02
9.024354e-01 1.376531e-01 4.082425e-01 4.154712e+02 -1.238639e-01 9.904735e-01 -6.016677e-02 -6.759856e+01 -4.126356e-01 3.730132e-03 9.108886e-01 3.933246e+02
9.020240e-01 1.365693e-01 4.095139e-01 4.160096e+02 -1.245269e-01 9.906304e-01 -5.607485e-02 -6.768681e+01 -4.133350e-01 -4.146552e-04 9.105789e-01 3.945414e+02
9.014117e-01 1.376405e-01 4.105022e-01 4.165301e+02 -1.265830e-01 9.904772e-01 -5.414425e-02 -6.777219e+01 -4.140455e-01 -3.156353e-03 9.102507e-01 3.957487e+02
9.007066e-01 1.440184e-01 4.098613e-01 4.170537e+02 -1.330955e-01 9.895633e-01 -5.522683e-02 -6.785931e+01 -4.135374e-01 -4.807518e-03 9.104745e-01 3.969619e+02
9.012323e-01 1.440383e-01 4.086971e-01 4.175855e+02 -1.303456e-01 9.895701e-01 -6.132722e-02 -6.794777e+01 -4.132679e-01 1.998196e-03 9.106073e-01 3.981635e+02
9.017442e-01 1.470873e-01 4.064760e-01 4.181193e+02 -1.322397e-01 9.891135e-01 -6.455403e-02 -6.803906e+01 -4.115460e-01 4.458950e-03 9.113781e-01 3.993607e+02
9.034096e-01 1.388252e-01 4.056829e-01 4.186634e+02 -1.268365e-01 9.903168e-01 -5.643725e-02 -6.813103e+01 -4.095895e-01 -4.694365e-04 9.122698e-01 4.005886e+02
9.081964e-01 1.303490e-01 3.977290e-01 4.192055e+02 -1.206013e-01 9.914637e-01 -4.954802e-02 -6.822110e+01 -4.007924e-01 -2.967298e-03 9.161641e-01 4.018176e+02
9.087502e-01 1.287540e-01 3.969829e-01 4.197260e+02 -1.183263e-01 9.916762e-01 -5.076604e-02 -6.830126e+01 -4.002148e-01 -8.398643e-04 9.164210e-01 4.030347e+02
9.089850e-01 1.308422e-01 3.957609e-01 4.202397e+02 -1.184702e-01 9.913963e-01 -5.566186e-02 -6.838421e+01 -3.996388e-01 3.709917e-03 9.166652e-01 4.042342e+02
9.089164e-01 1.339638e-01 3.948730e-01 4.207478e+02 -1.215249e-01 9.909806e-01 -5.647279e-02 -6.847369e+01 -3.988768e-01 3.342130e-03 9.169984e-01 4.054644e+02
9.088345e-01 1.351806e-01 3.946466e-01 4.212600e+02 -1.237639e-01 9.908208e-01 -5.437489e-02 -6.857427e+01 -3.983745e-01 5.747720e-04 9.172227e-01 4.066545e+02
9.088106e-01 1.334639e-01 3.952856e-01 4.217575e+02 -1.234674e-01 9.910500e-01 -5.075044e-02 -6.865335e+01 -3.985212e-01 -2.682361e-03 9.171552e-01 4.079341e+02
9.094083e-01 1.297145e-01 3.951591e-01 4.222785e+02 -1.213256e-01 9.915340e-01 -4.626448e-02 -6.873106e+01 -3.978148e-01 -5.869598e-03 9.174469e-01 4.091300e+02
9.099882e-01 1.263759e-01 3.949058e-01 4.227937e+02 -1.184854e-01 9.919620e-01 -4.441498e-02 -6.880492e+01 -3.973445e-01 -6.373471e-03 9.176474e-01 4.103762e+02
9.102811e-01 1.265742e-01 3.941667e-01 4.233085e+02 -1.186775e-01 9.919371e-01 -4.445780e-02 -6.888177e+01 -3.966157e-01 -6.309608e-03 9.179630e-01 4.115841e+02
9.102382e-01 1.279366e-01 3.938257e-01 4.238088e+02 -1.201114e-01 9.917595e-01 -4.456873e-02 -6.896238e+01 -3.962823e-01 -6.734786e-03 9.181040e-01 4.127976e+02
9.131542e-01 1.294726e-01 3.865051e-01 4.243208e+02 -1.229329e-01 9.915382e-01 -4.170803e-02 -6.903688e+01 -3.886346e-01 -9.428312e-03 9.213437e-01 4.140202e+02
9.131867e-01 1.304927e-01 3.860852e-01 4.248257e+02 -1.241765e-01 9.913972e-01 -4.137358e-02 -6.910984e+01 -3.881627e-01 -1.016091e-02 9.215348e-01 4.152366e+02
9.132962e-01 1.310839e-01 3.856255e-01 4.253266e+02 -1.247934e-01 9.913178e-01 -4.141962e-02 -6.918575e+01 -3.877069e-01 -1.029513e-02 9.217252e-01 4.164636e+02
9.134524e-01 1.319620e-01 3.849555e-01 4.258249e+02 -1.249460e-01 9.912180e-01 -4.330610e-02 -6.925929e+01 -3.872895e-01 -8.540585e-03 9.219186e-01 4.176530e+02
9.128178e-01 1.333138e-01 3.859936e-01 4.263185e+02 -1.270894e-01 9.910132e-01 -4.172677e-02 -6.933537e+01 -3.880875e-01 -1.096674e-02 9.215573e-01 4.188626e+02
9.120584e-01 1.355828e-01 3.869971e-01 4.268229e+02 -1.294131e-01 9.906970e-01 -4.209123e-02 -6.941035e+01 -3.891037e-01 -1.169282e-02 9.211198e-01 4.200800e+02
9.112600e-01 1.369270e-01 3.884020e-01 4.273282e+02 -1.307182e-01 9.905080e-01 -4.250505e-02 -6.949013e+01 -3.905354e-01 -1.203807e-02 9.205092e-01 4.212968e+02
9.107361e-01 1.358583e-01 3.900030e-01 4.278352e+02 -1.298085e-01 9.906506e-01 -4.196592e-02 -6.955818e+01 -3.920582e-01 -1.240582e-02 9.198568e-01 4.225000e+02
9.102847e-01 1.344835e-01 3.915304e-01 4.283432e+02 -1.290673e-01 9.908185e-01 -4.025414e-02 -6.963046e+01 -3.933491e-01 -1.389105e-02 9.192843e-01 4.236946e+02
9.097458e-01 1.329078e-01 3.933168e-01 4.288505e+02 -1.278654e-01 9.910194e-01 -3.912674e-02 -6.970025e+01 -3.949848e-01 -1.469623e-02 9.185701e-01 4.249053e+02
9.124607e-01 1.347272e-01 3.863471e-01 4.293622e+02 -1.291554e-01 9.907979e-01 -4.047704e-02 -6.977302e+01 -3.882453e-01 -1.296512e-02 9.214649e-01 4.260951e+02
9.115665e-01 1.350662e-01 3.883345e-01 4.298616e+02 -1.294641e-01 9.907489e-01 -4.069058e-02 -6.984234e+01 -3.902379e-01 -1.318322e-02 9.206197e-01 4.273243e+02
9.109544e-01 1.348126e-01 3.898559e-01 4.303681e+02 -1.287237e-01 9.907976e-01 -4.183756e-02 -6.991312e+01 -3.919085e-01 -1.207156e-02 9.199250e-01 4.285389e+02
9.103514e-01 1.341637e-01 3.914849e-01 4.308747e+02 -1.277982e-01 9.908933e-01 -4.240443e-02 -6.997643e+01 -3.936089e-01 -1.142813e-02 9.192070e-01 4.297579e+02
9.096464e-01 1.338619e-01 3.932232e-01 4.313725e+02 -1.268096e-01 9.909511e-01 -4.399209e-02 -7.004111e+01 -3.955538e-01 -9.847223e-03 9.183900e-01 4.310122e+02
9.080106e-01 1.360585e-01 3.962384e-01 4.318771e+02 -1.287463e-01 9.906500e-01 -4.513278e-02 -7.011932e+01 -3.986743e-01 -1.003318e-02 9.170377e-01 4.322227e+02
9.058039e-01 1.378797e-01 4.006351e-01 4.323806e+02 -1.306781e-01 9.903852e-01 -4.539108e-02 -7.018890e+01 -4.030416e-01 -1.123884e-02 9.151126e-01 4.334463e+02
9.036216e-01 1.423941e-01 4.039702e-01 4.329117e+02 -1.360670e-01 9.897000e-01 -4.449428e-02 -7.027370e+01 -4.061451e-01 -1.476105e-02 9.136894e-01 4.345760e+02
9.017307e-01 1.452993e-01 4.071485e-01 4.334387e+02 -1.378801e-01 9.893005e-01 -4.768271e-02 -7.035024e+01 -4.097204e-01 -1.314072e-02 9.121165e-01 4.357680e+02
8.999781e-01 1.488419e-01 4.097382e-01 4.339597e+02 -1.398017e-01 9.888066e-01 -5.212446e-02 -7.043057e+01 -4.129102e-01 -1.037122e-02 9.107127e-01 4.369208e+02
9.023818e-01 1.494047e-01 4.042094e-01 4.344958e+02 -1.406642e-01 9.887209e-01 -5.142570e-02 -7.051991e+01 -4.073335e-01 -1.045217e-02 9.132197e-01 4.380530e+02
9.012681e-01 1.467566e-01 4.076498e-01 4.350230e+02 -1.401520e-01 9.890513e-01 -4.620468e-02 -7.060606e+01 -4.099674e-01 -1.549012e-02 9.119686e-01 4.392443e+02
8.995882e-01 1.462260e-01 4.115326e-01 4.355282e+02 -1.415315e-01 9.890404e-01 -4.204629e-02 -7.067341e+01 -4.131706e-01 -2.042046e-02 9.104246e-01 4.403873e+02
8.974588e-01 1.505858e-01 4.145981e-01 4.360371e+02 -1.470912e-01 9.882912e-01 -4.055565e-02 -7.075626e+01 -4.158507e-01 -2.458671e-02 9.091005e-01 4.415474e+02
8.956009e-01 1.534653e-01 4.175492e-01 4.365529e+02 -1.498855e-01 9.878288e-01 -4.157569e-02 -7.083230e+01 -4.188476e-01 -2.534933e-02 9.077026e-01 4.426593e+02
8.939580e-01 1.594444e-01 4.188276e-01 4.370600e+02 -1.533908e-01 9.869828e-01 -4.833467e-02 -7.089950e+01 -4.210824e-01 -2.103515e-02 9.067785e-01 4.437786e+02
8.939421e-01 1.571513e-01 4.197273e-01 4.375590e+02 -1.472076e-01 9.875071e-01 -5.621006e-02 -7.097543e+01 -4.233172e-01 -1.153852e-02 9.059080e-01 4.448766e+02
8.938704e-01 1.543183e-01 4.209294e-01 4.380668e+02 -1.437759e-01 9.879739e-01 -5.688690e-02 -7.105723e+01 -4.246459e-01 -9.669988e-03 9.053079e-01 4.459754e+02
8.935826e-01 1.483173e-01 4.236888e-01 4.385650e+02 -1.391337e-01 9.888690e-01 -5.272491e-02 -7.114047e+01 -4.267927e-01 -1.183533e-02 9.042720e-01 4.470712e+02
8.924259e-01 1.488672e-01 4.259279e-01 4.390594e+02 -1.410691e-01 9.887363e-01 -5.000060e-02 -7.121297e+01 -4.285738e-01 -1.546343e-02 9.033745e-01 4.481539e+02
8.944264e-01 1.548140e-01 4.195640e-01 4.395504e+02 -1.474806e-01 9.877960e-01 -5.008537e-02 -7.128358e+01 -4.221976e-01 -1.707990e-02 9.063429e-01 4.492165e+02
8.929081e-01 1.573641e-01 4.218432e-01 4.400255e+02 -1.501258e-01 9.873732e-01 -5.056030e-02 -7.135779e+01 -4.244730e-01 -1.818384e-02 9.052580e-01 4.502839e+02
8.914071e-01 1.621914e-01 4.231871e-01 4.404998e+02 -1.544312e-01 9.865903e-01 -5.282622e-02 -7.143160e+01 -4.260803e-01 -1.826363e-02 9.045010e-01 4.513465e+02
8.903688e-01 1.661833e-01 4.238237e-01 4.409808e+02 -1.574387e-01 9.859483e-01 -5.584763e-02 -7.150805e+01 -4.271492e-01 -1.700129e-02 9.040213e-01 4.524197e+02
8.900688e-01 1.658128e-01 4.245983e-01 4.414597e+02 -1.559366e-01 9.860518e-01 -5.818602e-02 -7.158563e+01 -4.283239e-01 -1.442087e-02 9.035102e-01 4.534701e+02
8.891767e-01 1.654873e-01 4.265897e-01 4.419322e+02 -1.562948e-01 9.860787e-01 -5.675203e-02 -7.166624e+01 -4.300427e-01 -1.621116e-02 9.026630e-01 4.545145e+02
8.877720e-01 1.668299e-01 4.289857e-01 4.423885e+02 -1.584938e-01 9.858059e-01 -5.537621e-02 -7.174223e+01 -4.321350e-01 -1.883011e-02 9.016123e-01 4.555441e+02
8.862362e-01 1.705786e-01 4.306836e-01 4.428316e+02 -1.607742e-01 9.852038e-01 -5.937260e-02 -7.182303e+01 -4.344389e-01 -1.662467e-02 9.005479e-01 4.565439e+02
8.855494e-01 1.704018e-01 4.321638e-01 4.432933e+02 -1.594454e-01 9.852723e-01 -6.177155e-02 -7.190258e+01 -4.363250e-01 -1.420476e-02 8.996770e-01 4.575585e+02
8.856932e-01 1.675684e-01 4.329762e-01 4.437733e+02 -1.570730e-01 9.857509e-01 -6.019307e-02 -7.198193e+01 -4.368931e-01 -1.469627e-02 8.993934e-01 4.585579e+02
8.886704e-01 1.712156e-01 4.253823e-01 4.442379e+02 -1.609080e-01 9.851222e-01 -6.035543e-02 -7.207307e+01 -4.293874e-01 -1.481133e-02 9.029990e-01 4.595968e+02
8.891448e-01 1.705765e-01 4.246470e-01 4.446954e+02 -1.587177e-01 9.852832e-01 -6.344827e-02 -7.215142e+01 -4.292204e-01 -1.098432e-02 9.031330e-01 4.606035e+02
8.890904e-01 1.707695e-01 4.246835e-01 4.451555e+02 -1.592908e-01 9.852390e-01 -6.269332e-02 -7.225046e+01 -4.291209e-01 -1.190816e-02 9.031686e-01 4.616118e+02
8.895194e-01 1.688969e-01 4.245340e-01 4.456153e+02 -1.581174e-01 9.855473e-01 -6.078982e-02 -7.233198e+01 -4.286655e-01 -1.305249e-02 9.033690e-01 4.625922e+02
8.891330e-01 1.678402e-01 4.257608e-01 4.460510e+02 -1.576678e-01 9.857092e-01 -5.931490e-02 -7.242518e+01 -4.296317e-01 -1.438994e-02 9.028895e-01 4.635800e+02
8.892810e-01 1.660929e-01 4.261366e-01 4.465014e+02 -1.559014e-01 9.860108e-01 -5.896997e-02 -7.250742e+01 -4.299698e-01 -1.399440e-02 9.027348e-01 4.645562e+02
8.883136e-01 1.670737e-01 4.277679e-01 4.469339e+02 -1.564508e-01 9.858522e-01 -6.015537e-02 -7.260078e+01 -4.317663e-01 -1.348781e-02 9.018847e-01 4.655324e+02
8.869007e-01 1.682136e-01 4.302457e-01 4.473710e+02 -1.567953e-01 9.856734e-01 -6.215461e-02 -7.268920e+01 -4.345369e-01 -1.233553e-02 9.005695e-01 4.664822e+02
8.852119e-01 1.684265e-01 4.336271e-01 4.478084e+02 -1.561772e-01 9.856523e-01 -6.401816e-02 -7.277109e+01 -4.381878e-01 -1.105302e-02 8.988155e-01 4.674329e+02
8.835584e-01 1.671751e-01 4.374667e-01 4.482532e+02 -1.547261e-01 9.858667e-01 -6.423985e-02 -7.285281e+01 -4.420231e-01 -1.092786e-02 8.969371e-01 4.683924e+02
8.862840e-01 1.675078e-01 4.317891e-01 4.486987e+02 -1.549124e-01 9.858225e-01 -6.446799e-02 -7.292224e+01 -4.364663e-01 -9.752533e-03 8.996678e-01 4.692906e+02
8.851121e-01 1.663725e-01 4.346226e-01 4.491470e+02 -1.531590e-01 9.860258e-01 -6.553898e-02 -7.299903e+01 -4.394530e-01 -8.557019e-03 8.982248e-01 4.701757e+02
8.831973e-01 1.661825e-01 4.385726e-01 4.495731e+02 -1.527029e-01 9.860577e-01 -6.612092e-02 -7.307415e+01 -4.434460e-01 -8.573472e-03 8.962601e-01 4.710944e+02
8.814216e-01 1.661974e-01 4.421249e-01 4.500133e+02 -1.526910e-01 9.860504e-01 -6.625683e-02 -7.315427e+01 -4.469692e-01 -9.108314e-03 8.945030e-01 4.719484e+02
8.791850e-01 1.664010e-01 4.464800e-01 4.504361e+02 -1.529034e-01 9.860085e-01 -6.639149e-02 -7.323292e+01 -4.512807e-01 -9.897896e-03 8.923272e-01 4.728213e+02
8.771137e-01 1.654519e-01 4.508849e-01 4.508592e+02 -1.518249e-01 9.861661e-01 -6.652552e-02 -7.330536e+01 -4.556541e-01 -1.010512e-02 8.900995e-01 4.736647e+02
8.747047e-01 1.675848e-01 4.547605e-01 4.512705e+02 -1.537729e-01 9.857976e-01 -6.750560e-02 -7.338823e+01 -4.596147e-01 -1.088237e-02 8.880518e-01 4.745034e+02
8.723790e-01 1.696590e-01 4.584437e-01 4.516750e+02 -1.567803e-01 9.854033e-01 -6.633464e-02 -7.346967e+01 -4.630062e-01 -1.400601e-02 8.862444e-01 4.753274e+02
8.709933e-01 1.696956e-01 4.610576e-01 4.520825e+02 -1.567640e-01 9.853924e-01 -6.653482e-02 -7.354824e+01 -4.656133e-01 -1.432583e-02 8.848723e-01 4.761152e+02
8.706054e-01 1.689466e-01 4.620641e-01 4.524927e+02 -1.544929e-01 9.855629e-01 -6.926569e-02 -7.362326e+01 -4.670955e-01 -1.108255e-02 8.841374e-01 4.768616e+02
8.744552e-01 1.748303e-01 4.525069e-01 4.529050e+02 -1.573053e-01 9.845889e-01 -7.641769e-02 -7.369712e+01 -4.588934e-01 -4.357870e-03 8.884806e-01 4.775964e+02
8.743710e-01 1.772877e-01 4.517128e-01 4.532901e+02 -1.572324e-01 9.841589e-01 -8.191008e-02 -7.377106e+01 -4.590789e-01 5.958955e-04 8.883953e-01 4.783352e+02
8.752396e-01 1.739713e-01 4.513198e-01 4.536435e+02 -1.539973e-01 9.847498e-01 -8.094842e-02 -7.386203e+01 -4.585198e-01 1.347225e-03 8.886832e-01 4.790573e+02
8.762513e-01 1.720282e-01 4.501000e-01 4.540342e+02 -1.530365e-01 9.850920e-01 -7.857173e-02 -7.393500e+01 -4.569065e-01 -3.316485e-05 8.895147e-01 4.797861e+02
8.773820e-01 1.682017e-01 4.493428e-01 4.544079e+02 -1.503288e-01 9.857517e-01 -7.546440e-02 -7.401581e+01 -4.556337e-01 -1.338042e-03 8.901663e-01 4.804973e+02
8.785298e-01 1.654401e-01 4.481238e-01 4.547533e+02 -1.481962e-01 9.862182e-01 -7.356291e-02 -7.408222e+01 -4.541181e-01 -1.783042e-03 8.909397e-01 4.812027e+02
8.795591e-01 1.636718e-01 4.467519e-01 4.550943e+02 -1.473977e-01 9.865096e-01 -7.122250e-02 -7.415374e+01 -4.523822e-01 -3.205791e-03 8.918184e-01 4.818817e+02
8.808962e-01 1.599847e-01 4.454513e-01 4.554247e+02 -1.436732e-01 9.871175e-01 -7.040612e-02 -7.421138e+01 -4.509766e-01 -1.978923e-03 8.925336e-01 4.825464e+02
8.823185e-01 1.583794e-01 4.432043e-01 4.557506e+02 -1.420508e-01 9.873777e-01 -7.004945e-02 -7.427887e+01 -4.487044e-01 -1.151593e-03 8.936795e-01 4.831931e+02
8.829261e-01 1.590646e-01 4.417464e-01 4.560633e+02 -1.427097e-01 9.872677e-01 -7.026023e-02 -7.433858e+01 -4.472979e-01 -1.006925e-03 8.943845e-01 4.838140e+02
8.865828e-01 1.667063e-01 4.314857e-01 4.563568e+02 -1.502983e-01 9.860062e-01 -7.212651e-02 -7.439235e+01 -4.374715e-01 -9.054621e-04 8.992318e-01 4.844214e+02
8.861900e-01 1.727310e-01 4.299201e-01 4.566363e+02 -1.559556e-01 9.849683e-01 -7.426575e-02 -7.445465e+01 -4.362856e-01 -1.234860e-03 8.998074e-01 4.849906e+02
8.861895e-01 1.764605e-01 4.284038e-01 4.569045e+02 -1.587786e-01 9.843077e-01 -7.699143e-02 -7.451790e+01 -4.352671e-01 2.076216e-04 9.003013e-01 4.855642e+02
8.864673e-01 1.801671e-01 4.262812e-01 4.571884e+02 -1.616064e-01 9.836345e-01 -7.966522e-02 -7.456310e+01 -4.336579e-01 1.730854e-03 9.010759e-01 4.861287e+02
8.855730e-01 1.886567e-01 4.244634e-01 4.574475e+02 -1.695060e-01 9.820421e-01 -8.283140e-02 -7.464256e+01 -4.324676e-01 1.404138e-03 9.016484e-01 4.866824e+02
8.843800e-01 1.980150e-01 4.226844e-01 4.576982e+02 -1.776853e-01 9.801965e-01 -8.742275e-02 -7.469866e+01 -4.316248e-01 2.210116e-03 9.020505e-01 4.872317e+02
8.847903e-01 2.021671e-01 4.198507e-01 4.579481e+02 -1.808677e-01 9.793426e-01 -9.041514e-02 -7.475986e+01 -4.294566e-01 4.061017e-03 9.030784e-01 4.877642e+02
8.869938e-01 1.997472e-01 4.163449e-01 4.582001e+02 -1.780655e-01 9.798269e-01 -9.072936e-02 -7.481330e+01 -4.260689e-01 6.339708e-03 9.046685e-01 4.882981e+02
8.905212e-01 1.966085e-01 4.102647e-01 4.584425e+02 -1.752490e-01 9.804513e-01 -8.945964e-02 -7.486724e+01 -4.198331e-01 7.767219e-03 9.075681e-01 4.888066e+02
8.957063e-01 1.936724e-01 4.002515e-01 4.586795e+02 -1.739250e-01 9.810416e-01 -8.548349e-02 -7.492295e+01 -4.092192e-01 6.954332e-03 9.124096e-01 4.893342e+02
9.060289e-01 1.943404e-01 3.759567e-01 4.588983e+02 -1.773146e-01 9.809182e-01 -7.974301e-02 -7.498452e+01 -3.842800e-01 5.586872e-03 9.231997e-01 4.898537e+02
9.140897e-01 1.924582e-01 3.569313e-01 4.590949e+02 -1.766911e-01 9.812805e-01 -7.660852e-02 -7.504315e+01 -3.649936e-01 6.960474e-03 9.309840e-01 4.903779e+02
9.232648e-01 1.909559e-01 3.333437e-01 4.592834e+02 -1.763061e-01 9.815525e-01 -7.396581e-02 -7.509004e+01 -3.413185e-01 9.519508e-03 9.398995e-01 4.908958e+02
9.335922e-01 1.887517e-01 3.045954e-01 4.594525e+02 -1.759498e-01 9.819630e-01 -6.921247e-02 -7.512851e+01 -3.121654e-01 1.102273e-02 9.499638e-01 4.914134e+02
9.443846e-01 1.856208e-01 2.714454e-01 4.595885e+02 -1.750751e-01 9.825509e-01 -6.278855e-02 -7.516867e+01 -2.783638e-01 1.177322e-02 9.604036e-01 4.919338e+02
9.549648e-01 1.823915e-01 2.340417e-01 4.597023e+02 -1.746584e-01 9.831726e-01 -5.353615e-02 -7.520043e+01 -2.398679e-01 1.024780e-02 9.707514e-01 4.924574e+02
9.643841e-01 1.813550e-01 1.925452e-01 4.597974e+02 -1.765446e-01 9.833961e-01 -4.200056e-02 -7.522850e+01 -1.969652e-01 6.511853e-03 9.803888e-01 4.929899e+02
9.717609e-01 1.833244e-01 1.485695e-01 4.598628e+02 -1.807433e-01 9.830476e-01 -3.080923e-02 -7.524441e+01 -1.516990e-01 3.086262e-03 9.884219e-01 4.935071e+02
9.764688e-01 1.890199e-01 1.038277e-01 4.598938e+02 -1.880261e-01 9.819731e-01 -1.936713e-02 -7.526305e+01 -1.056168e-01 -6.109179e-04 9.944067e-01 4.940296e+02
9.793253e-01 1.940738e-01 5.707247e-02 4.599037e+02 -1.939477e-01 9.809809e-01 -7.793827e-03 -7.527733e+01 -5.749958e-02 -3.436380e-03 9.983396e-01 4.945580e+02
9.803066e-01 1.974760e-01 -1.450769e-03 4.598946e+02 -1.974699e-01 9.803024e-01 3.572670e-03 -7.527359e+01 2.127709e-03 -3.215829e-03 9.999926e-01 4.950961e+02
9.790995e-01 1.973548e-01 -4.914609e-02 4.598558e+02 -1.968430e-01 9.803188e-01 1.509414e-02 -7.526806e+01 5.115774e-02 -5.104605e-03 9.986775e-01 4.956408e+02
9.761290e-01 1.945822e-01 -9.648764e-02 4.597912e+02 -1.928158e-01 9.808525e-01 2.739592e-02 -7.525437e+01 9.997090e-02 -8.137614e-03 9.949571e-01 4.962005e+02
9.696753e-01 1.972996e-01 -1.442313e-01 4.596976e+02 -1.931465e-01 9.802537e-01 4.239191e-02 -7.522716e+01 1.497471e-01 -1.324863e-02 9.886356e-01 4.967701e+02
9.601692e-01 2.041595e-01 -1.907724e-01 4.595627e+02 -1.964291e-01 9.787536e-01 5.879571e-02 -7.519333e+01 1.987229e-01 -1.898057e-02 9.798719e-01 4.973387e+02
9.485418e-01 2.091654e-01 -2.377358e-01 4.593972e+02 -1.967486e-01 9.775746e-01 7.508530e-02 -7.515435e+01 2.481098e-01 -2.444734e-02 9.684234e-01 4.979091e+02
9.356389e-01 2.083110e-01 -2.849323e-01 4.592155e+02 -1.912439e-01 9.776977e-01 8.679218e-02 -7.510718e+01 2.966574e-01 -2.671456e-02 9.546102e-01 4.984805e+02
9.215997e-01 2.045775e-01 -3.298515e-01 4.590034e+02 -1.829811e-01 9.784569e-01 9.560340e-02 -7.504785e+01 3.423038e-01 -2.775147e-02 9.391794e-01 4.990523e+02
9.051757e-01 2.028548e-01 -3.735061e-01 4.587620e+02 -1.768799e-01 9.788331e-01 1.029532e-01 -7.498147e+01 3.864847e-01 -2.712506e-02 9.218968e-01 4.996139e+02
8.868296e-01 2.051616e-01 -4.140556e-01 4.584834e+02 -1.743258e-01 9.783662e-01 1.114003e-01 -7.490298e+01 4.279531e-01 -2.661253e-02 9.034091e-01 5.001642e+02
8.621926e-01 2.104875e-01 -4.607808e-01 4.581724e+02 -1.735028e-01 9.772756e-01 1.217747e-01 -7.482274e+01 4.759419e-01 -2.504644e-02 8.791200e-01 5.007152e+02
8.422692e-01 2.125522e-01 -4.953828e-01 4.578328e+02 -1.701091e-01 9.768263e-01 1.298974e-01 -7.474715e+01 5.115129e-01 -2.513947e-02 8.589078e-01 5.012352e+02
8.223074e-01 2.092759e-01 -5.291635e-01 4.574762e+02 -1.614811e-01 9.775083e-01 1.356515e-01 -7.467044e+01 5.456503e-01 -2.609729e-02 8.376065e-01 5.017637e+02
8.020059e-01 2.044031e-01 -5.612539e-01 4.570950e+02 -1.526399e-01 9.785618e-01 1.382672e-01 -7.457966e+01 5.774839e-01 -2.522138e-02 8.160124e-01 5.022760e+02
7.818826e-01 2.011716e-01 -5.900760e-01 4.566943e+02 -1.459410e-01 9.792688e-01 1.404775e-01 -7.448792e+01 6.061030e-01 -2.372062e-02 7.950323e-01 5.027712e+02
7.624011e-01 2.041207e-01 -6.140678e-01 4.562618e+02 -1.458333e-01 9.787322e-01 1.442772e-01 -7.439285e+01 6.304579e-01 -2.044555e-02 7.759541e-01 5.032559e+02
7.457128e-01 2.106959e-01 -6.320756e-01 4.558160e+02 -1.482196e-01 9.773696e-01 1.509289e-01 -7.429893e+01 6.495716e-01 -1.886367e-02 7.600663e-01 5.037426e+02
7.322306e-01 2.167615e-01 -6.456414e-01 4.553522e+02 -1.500813e-01 9.760509e-01 1.574808e-01 -7.419288e+01 6.643147e-01 -1.841354e-02 7.472262e-01 5.042305e+02
7.226295e-01 2.207106e-01 -6.550523e-01 4.548845e+02 -1.483302e-01 9.750911e-01 1.649108e-01 -7.407779e+01 6.751332e-01 -2.200535e-02 7.373676e-01 5.047265e+02
7.166489e-01 2.226224e-01 -6.609490e-01 4.543971e+02 -1.453726e-01 9.745527e-01 1.706276e-01 -7.397729e+01 6.821152e-01 -2.619620e-02 7.307754e-01 5.052314e+02
7.044341e-01 2.244339e-01 -6.733513e-01 4.539231e+02 -1.442547e-01 9.741612e-01 1.737828e-01 -7.386027e+01 6.949555e-01 -2.528445e-02 7.186081e-01 5.057495e+02
7.009886e-01 2.242639e-01 -6.769939e-01 4.534243e+02 -1.438862e-01 9.742235e-01 1.737395e-01 -7.374134e+01 6.985068e-01 -2.437930e-02 7.151880e-01 5.062699e+02
6.992670e-01 2.232714e-01 -6.790991e-01 4.529133e+02 -1.434195e-01 9.744761e-01 1.727055e-01 -7.360969e+01 7.003260e-01 -2.337121e-02 7.134404e-01 5.067793e+02
6.980785e-01 2.225152e-01 -6.805685e-01 4.524053e+02 -1.411359e-01 9.746001e-01 1.738832e-01 -7.349133e+01 7.019737e-01 -2.533151e-02 7.117522e-01 5.073120e+02
6.977319e-01 2.233443e-01 -6.806522e-01 4.518911e+02 -1.396126e-01 9.743320e-01 1.765944e-01 -7.336437e+01 7.026226e-01 -2.818792e-02 7.110042e-01 5.078446e+02
6.972003e-01 2.251467e-01 -6.806031e-01 4.513634e+02 -1.398281e-01 9.738758e-01 1.789248e-01 -7.323401e+01 7.031072e-01 -2.957901e-02 7.104684e-01 5.083854e+02
6.963976e-01 2.259444e-01 -6.811604e-01 4.508246e+02 -1.402474e-01 9.736923e-01 1.795940e-01 -7.310344e+01 7.038189e-01 -2.953787e-02 7.097651e-01 5.089392e+02
6.966561e-01 2.251306e-01 -6.811655e-01 4.502919e+02 -1.388490e-01 9.738442e-01 1.798565e-01 -7.297151e+01 7.038403e-01 -3.071899e-02 7.096937e-01 5.094901e+02
6.966975e-01 2.250489e-01 -6.811502e-01 4.497491e+02 -1.389090e-01 9.738679e-01 1.796819e-01 -7.283618e+01 7.037875e-01 -3.056607e-02 7.097526e-01 5.100509e+02
6.968638e-01 2.247396e-01 -6.810821e-01 4.492078e+02 -1.395950e-01 9.739766e-01 1.785576e-01 -7.269952e+01 7.034870e-01 -2.935464e-02 7.101016e-01 5.106134e+02
7.001780e-01 2.235171e-01 -6.780788e-01 4.486305e+02 -1.395010e-01 9.742563e-01 1.770994e-01 -7.255984e+01 7.002072e-01 -2.940844e-02 7.133337e-01 5.111979e+02
7.003179e-01 2.224307e-01 -6.782916e-01 4.480722e+02 -1.386871e-01 9.745036e-01 1.763761e-01 -7.242073e+01 7.002291e-01 -2.944901e-02 7.133106e-01 5.117821e+02
7.009389e-01 2.216346e-01 -6.779106e-01 4.475013e+02 -1.380538e-01 9.746768e-01 1.759153e-01 -7.228471e+01 6.997326e-01 -2.971771e-02 7.137864e-01 5.123704e+02
7.009694e-01 2.222041e-01 -6.776925e-01 4.469371e+02 -1.383032e-01 9.745391e-01 1.764817e-01 -7.213986e+01 6.996528e-01 -2.998122e-02 7.138537e-01 5.129635e+02
7.008706e-01 2.229687e-01 -6.775436e-01 4.463586e+02 -1.384035e-01 9.743449e-01 1.774727e-01 -7.197893e+01 6.997320e-01 -3.061103e-02 7.137494e-01 5.135752e+02
7.005650e-01 2.257229e-01 -6.769474e-01 4.457628e+02 -1.386755e-01 9.736317e-01 1.811363e-01 -7.183010e+01 6.999841e-01 -3.302171e-02 7.133946e-01 5.142041e+02
7.009289e-01 2.267412e-01 -6.762301e-01 4.451604e+02 -1.370019e-01 9.732686e-01 1.843330e-01 -7.168150e+01 6.999494e-01 -3.655954e-02 7.132561e-01 5.148376e+02
7.007654e-01 2.267855e-01 -6.763847e-01 4.445541e+02 -1.365849e-01 9.732370e-01 1.848091e-01 -7.151542e+01 7.001946e-01 -3.712393e-02 7.129862e-01 5.154814e+02
7.006485e-01 2.253278e-01 -6.769927e-01 4.439497e+02 -1.366649e-01 9.736385e-01 1.826220e-01 -7.135569e+01 7.002959e-01 -3.543275e-02 7.129727e-01 5.161122e+02
7.006903e-01 2.238054e-01 -6.774542e-01 4.433343e+02 -1.357283e-01 9.739999e-01 1.813893e-01 -7.120045e+01 7.004362e-01 -3.514798e-02 7.128490e-01 5.167553e+02
7.048753e-01 2.230344e-01 -6.733547e-01 4.426992e+02 -1.337913e-01 9.740458e-01 1.825776e-01 -7.104810e+01 6.965994e-01 -3.860542e-02 7.164209e-01 5.174152e+02
7.052657e-01 2.237780e-01 -6.726988e-01 4.420750e+02 -1.319124e-01 9.737273e-01 1.856187e-01 -7.089260e+01 6.965625e-01 -4.217325e-02 7.162556e-01 5.180895e+02
7.056640e-01 2.235846e-01 -6.723453e-01 4.414436e+02 -1.308880e-01 9.737110e-01 1.864278e-01 -7.073406e+01 6.963524e-01 -4.355341e-02 7.163773e-01 5.187593e+02
7.056733e-01 2.250435e-01 -6.718487e-01 4.408108e+02 -1.328179e-01 9.734251e-01 1.865553e-01 -7.056929e+01 6.959775e-01 -4.241353e-02 7.168099e-01 5.194140e+02
7.052156e-01 2.283958e-01 -6.711976e-01 4.401735e+02 -1.345204e-01 9.725991e-01 1.896188e-01 -7.040075e+01 6.961143e-01 -4.343241e-02 7.166160e-01 5.200926e+02
7.051268e-01 2.307127e-01 -6.704982e-01 4.395370e+02 -1.343263e-01 9.719272e-01 1.931681e-01 -7.023858e+01 6.962418e-01 -4.614247e-02 7.163228e-01 5.207733e+02
7.050841e-01 2.312230e-01 -6.703673e-01 4.389002e+02 -1.356118e-01 9.718652e-01 1.925809e-01 -7.007048e+01 6.960358e-01 -4.487600e-02 7.166033e-01 5.214437e+02
7.053155e-01 2.293307e-01 -6.707738e-01 4.382603e+02 -1.375960e-01 9.725192e-01 1.878128e-01 -6.989368e+01 6.954117e-01 -4.017149e-02 7.174879e-01 5.221142e+02
7.050794e-01 2.282925e-01 -6.713759e-01 4.376099e+02 -1.396291e-01 9.729221e-01 1.841908e-01 -6.971449e+01 6.952458e-01 -3.612553e-02 7.178636e-01 5.228049e+02
7.053234e-01 2.270231e-01 -6.715500e-01 4.369907e+02 -1.385603e-01 9.732105e-01 1.834733e-01 -6.954959e+01 6.952122e-01 -3.635786e-02 7.178845e-01 5.234824e+02
7.092859e-01 2.261584e-01 -6.676571e-01 4.364363e+02 -1.361396e-01 9.732542e-01 1.850466e-01 -6.939807e+01 6.916499e-01 -4.035642e-02 7.211045e-01 5.241426e+02
7.098353e-01 2.277454e-01 -6.665328e-01 4.357922e+02 -1.353619e-01 9.727538e-01 1.882211e-01 -6.923168e+01 6.912388e-01 -4.338286e-02 7.213230e-01 5.248295e+02
7.100451e-01 2.294607e-01 -6.657205e-01 4.351544e+02 -1.348121e-01 9.722257e-01 1.913189e-01 -6.906186e+01 6.911307e-01 -4.609785e-02 7.212581e-01 5.255133e+02
7.107091e-01 2.303201e-01 -6.647144e-01 4.345136e+02 -1.325407e-01 9.718039e-01 1.950133e-01 -6.888755e+01 6.908875e-01 -5.049599e-02 7.211966e-01 5.262114e+02
7.109655e-01 2.315668e-01 -6.640066e-01 4.338565e+02 -1.308387e-01 9.712996e-01 1.986410e-01 -6.870401e+01 6.909481e-01 -5.434917e-02 7.208585e-01 5.269223e+02
7.106182e-01 2.320798e-01 -6.641993e-01 4.332095e+02 -1.311615e-01 9.711796e-01 1.990146e-01 -6.852384e+01 6.912441e-01 -5.430599e-02 7.205778e-01 5.276251e+02
7.094886e-01 2.288132e-01 -6.665362e-01 4.325731e+02 -1.352276e-01 9.724487e-01 1.898871e-01 -6.836529e+01 6.916209e-01 -4.458860e-02 7.208831e-01 5.282820e+02
7.085190e-01 2.203447e-01 -6.704096e-01 4.319180e+02 -1.382320e-01 9.749340e-01 1.743435e-01 -6.819004e+01 6.920208e-01 -3.085364e-02 7.212179e-01 5.289905e+02
7.075613e-01 2.179352e-01 -6.722063e-01 4.312611e+02 -1.427470e-01 9.757251e-01 1.660837e-01 -6.802600e+01 6.920840e-01 -2.155897e-02 7.214949e-01 5.296812e+02
7.069376e-01 2.240724e-01 -6.708434e-01 4.305934e+02 -1.466109e-01 9.743130e-01 1.709369e-01 -6.786731e+01 6.919137e-01 -2.248878e-02 7.216299e-01 5.303780e+02
7.097805e-01 2.323752e-01 -6.649913e-01 4.299403e+02 -1.480162e-01 9.721462e-01 1.817221e-01 -6.770554e+01 6.886965e-01 -3.055333e-02 7.244057e-01 5.310708e+02
7.095193e-01 2.355355e-01 -6.641577e-01 4.292800e+02 -1.463737e-01 9.711910e-01 1.880502e-01 -6.754883e+01 6.893164e-01 -3.621000e-02 7.235549e-01 5.317831e+02
7.092000e-01 2.356501e-01 -6.644580e-01 4.286420e+02 -1.458477e-01 9.711353e-01 1.887447e-01 -6.737424e+01 6.897564e-01 -3.694806e-02 7.230982e-01 5.324658e+02
7.091983e-01 2.331194e-01 -6.653518e-01 4.279816e+02 -1.443900e-01 9.717723e-01 1.865748e-01 -6.720847e+01 6.900647e-01 -3.624835e-02 7.228394e-01 5.331660e+02
7.073311e-01 2.360647e-01 -6.663003e-01 4.273420e+02 -1.509242e-01 9.712889e-01 1.839016e-01 -6.702113e+01 6.905828e-01 -2.951847e-02 7.226507e-01 5.338474e+02
7.065583e-01 2.359710e-01 -6.671529e-01 4.266765e+02 -1.518996e-01 9.713639e-01 1.826983e-01 -6.685219e+01 6.911598e-01 -2.774673e-02 7.221691e-01 5.345655e+02
7.056477e-01 2.376697e-01 -6.675136e-01 4.260125e+02 -1.541249e-01 9.709951e-01 1.827951e-01 -6.668328e+01 6.915973e-01 -2.610846e-02 7.218113e-01 5.352525e+02
7.045051e-01 2.395057e-01 -6.680641e-01 4.253459e+02 -1.569185e-01 9.706048e-01 1.824908e-01 -6.650576e+01 6.921338e-01 -2.373408e-02 7.213789e-01 5.359702e+02
7.038428e-01 2.413637e-01 -6.680935e-01 4.246786e+02 -1.583743e-01 9.701515e-01 1.836402e-01 -6.633462e+01 6.924760e-01 -2.344500e-02 7.210599e-01 5.366597e+02
7.036896e-01 2.420092e-01 -6.680213e-01 4.240146e+02 -1.582114e-01 9.699693e-01 1.847394e-01 -6.616506e+01 6.926689e-01 -2.431058e-02 7.208459e-01 5.373387e+02
7.056270e-01 2.449893e-01 -6.648841e-01 4.233536e+02 -1.596408e-01 9.691692e-01 1.876857e-01 -6.599794e+01 6.903661e-01 -2.629349e-02 7.229822e-01 5.380370e+02
7.048616e-01 2.478120e-01 -6.646498e-01 4.227075e+02 -1.607802e-01 9.684189e-01 1.905636e-01 -6.582953e+01 6.908834e-01 -2.745845e-02 7.224446e-01 5.387220e+02
7.043097e-01 2.503442e-01 -6.642858e-01 4.220791e+02 -1.622484e-01 9.677539e-01 1.926858e-01 -6.566856e+01 6.911029e-01 -2.793119e-02 7.222164e-01 5.393796e+02
7.040502e-01 2.504678e-01 -6.645142e-01 4.214519e+02 -1.630354e-01 9.677523e-01 1.920286e-01 -6.550009e+01 6.911821e-01 -2.685844e-02 7.221813e-01 5.400485e+02
7.038064e-01 2.490459e-01 -6.653065e-01 4.208263e+02 -1.628897e-01 9.681580e-01 1.900973e-01 -6.533849e+01 6.914648e-01 -2.542015e-02 7.219628e-01 5.407210e+02
7.036735e-01 2.474850e-01 -6.660292e-01 4.202112e+02 -1.628929e-01 9.686026e-01 1.878163e-01 -6.517563e+01 6.915993e-01 -2.366997e-02 7.218935e-01 5.413781e+02
7.033551e-01 2.467330e-01 -6.666442e-01 4.196120e+02 -1.628847e-01 9.688166e-01 1.867162e-01 -6.502379e+01 6.919250e-01 -2.274169e-02 7.216111e-01 5.420263e+02
7.036068e-01 2.448450e-01 -6.670745e-01 4.189969e+02 -1.610915e-01 9.692820e-01 1.858545e-01 -6.486924e+01 6.920889e-01 -2.330842e-02 7.214359e-01 5.426766e+02
7.032884e-01 2.449501e-01 -6.673716e-01 4.184037e+02 -1.614526e-01 9.692678e-01 1.856154e-01 -6.470707e+01 6.923283e-01 -2.279230e-02 7.212226e-01 5.433180e+02
7.035969e-01 2.456730e-01 -6.667805e-01 4.178151e+02 -1.612284e-01 9.690554e-01 1.869145e-01 -6.455469e+01 6.920671e-01 -2.400848e-02 7.214338e-01 5.439290e+02
7.124614e-01 2.442604e-01 -6.578264e-01 4.171938e+02 -1.621041e-01 9.693943e-01 1.843826e-01 -6.439785e+01 6.827305e-01 -2.472917e-02 7.302517e-01 5.445906e+02
7.124029e-01 2.451867e-01 -6.575451e-01 4.166167e+02 -1.623939e-01 9.691451e-01 1.854346e-01 -6.425675e+01 6.827227e-01 -2.532289e-02 7.302386e-01 5.452151e+02
7.123122e-01 2.459949e-01 -6.573415e-01 4.160712e+02 -1.625053e-01 9.689217e-01 1.865016e-01 -6.410999e+01 6.827908e-01 -2.602585e-02 7.301502e-01 5.458199e+02
7.121169e-01 2.473468e-01 -6.570457e-01 4.155210e+02 -1.635111e-01 9.685775e-01 1.874080e-01 -6.397325e+01 6.827545e-01 -2.602213e-02 7.301843e-01 5.464114e+02
7.118950e-01 2.478350e-01 -6.571022e-01 4.149857e+02 -1.647935e-01 9.684885e-01 1.867436e-01 -6.383763e+01 6.826775e-01 -2.465568e-02 7.303037e-01 5.469920e+02
7.118889e-01 2.469589e-01 -6.574385e-01 4.144625e+02 -1.649836e-01 9.687431e-01 1.852489e-01 -6.370760e+01 6.826379e-01 -2.341004e-02 7.303817e-01 5.475638e+02
7.122631e-01 2.467832e-01 -6.570991e-01 4.139640e+02 -1.649606e-01 9.687882e-01 1.850335e-01 -6.357989e+01 6.822531e-01 -2.339708e-02 7.307416e-01 5.480996e+02
7.124072e-01 2.482491e-01 -6.563904e-01 4.134723e+02 -1.663220e-01 9.684195e-01 1.857435e-01 -6.345543e+01 6.817719e-01 -2.315285e-02 7.311983e-01 5.486396e+02
7.129694e-01 2.490213e-01 -6.554868e-01 4.129873e+02 -1.665788e-01 9.682037e-01 1.866365e-01 -6.333595e+01 6.811212e-01 -2.387594e-02 7.317813e-01 5.491660e+02
7.139528e-01 2.486680e-01 -6.545499e-01 4.125242e+02 -1.654992e-01 9.682553e-01 1.873280e-01 -6.322149e+01 6.803539e-01 -2.541586e-02 7.324429e-01 5.496750e+02
7.055684e-01 2.454229e-01 -6.647863e-01 4.121324e+02 -1.610341e-01 9.690992e-01 1.868548e-01 -6.312218e+01 6.901023e-01 -2.478558e-02 7.232872e-01 5.501128e+02
7.062470e-01 2.432034e-01 -6.648814e-01 4.116821e+02 -1.607108e-01 9.697004e-01 1.839922e-01 -6.300868e+01 6.894833e-01 -2.309033e-02 7.239335e-01 5.505942e+02
7.071821e-01 2.407729e-01 -6.647721e-01 4.112358e+02 -1.595458e-01 9.703219e-01 1.817154e-01 -6.289712e+01 6.887951e-01 -2.244426e-02 7.246086e-01 5.510722e+02
7.078168e-01 2.395080e-01 -6.645535e-01 4.107869e+02 -1.582554e-01 9.706189e-01 1.812572e-01 -6.278486e+01 6.884407e-01 -2.312770e-02 7.249238e-01 5.515650e+02
7.085542e-01 2.392899e-01 -6.638458e-01 4.103398e+02 -1.579455e-01 9.706611e-01 1.813018e-01 -6.266722e+01 6.877529e-01 -2.361074e-02 7.255608e-01 5.520379e+02
7.088554e-01 2.401129e-01 -6.632269e-01 4.099200e+02 -1.581391e-01 9.704394e-01 1.823167e-01 -6.256254e+01 6.873981e-01 -2.435407e-02 7.258724e-01 5.525215e+02
7.093196e-01 2.410721e-01 -6.623821e-01 4.094746e+02 -1.582542e-01 9.701742e-01 1.836238e-01 -6.245807e+01 6.868925e-01 -2.542321e-02 7.263142e-01 5.529919e+02
7.098051e-01 2.410757e-01 -6.618604e-01 4.090562e+02 -1.578899e-01 9.701544e-01 1.840413e-01 -6.235169e+01 6.864747e-01 -2.613239e-02 7.266839e-01 5.534595e+02
7.109362e-01 2.392129e-01 -6.613221e-01 4.086287e+02 -1.561780e-01 9.705930e-01 1.831873e-01 -6.224585e+01 6.856954e-01 -2.695053e-02 7.273895e-01 5.539249e+02
7.112326e-01 2.401294e-01 -6.606709e-01 4.082038e+02 -1.575465e-01 9.703889e-01 1.830968e-01 -6.214090e+01 6.850746e-01 -2.613798e-02 7.280038e-01 5.543715e+02
7.103615e-01 2.393049e-01 -6.619061e-01 4.078192e+02 -1.561826e-01 9.705740e-01 1.832842e-01 -6.205542e+01 6.862897e-01 -2.681984e-02 7.268337e-01 5.547688e+02
7.108491e-01 2.396977e-01 -6.612402e-01 4.074222e+02 -1.563786e-01 9.704674e-01 1.836809e-01 -6.195118e+01 6.857399e-01 -2.716554e-02 7.273395e-01 5.552035e+02
7.109776e-01 2.392993e-01 -6.612464e-01 4.070277e+02 -1.565114e-01 9.705817e-01 1.829627e-01 -6.186021e+01 6.855765e-01 -2.658973e-02 7.275149e-01 5.556228e+02
7.115910e-01 2.369627e-01 -6.614279e-01 4.066499e+02 -1.544738e-01 9.711395e-01 1.817306e-01 -6.177657e+01 6.854021e-01 -2.714453e-02 7.276587e-01 5.560356e+02
7.115531e-01 2.349941e-01 -6.621707e-01 4.062953e+02 -1.545473e-01 9.716788e-01 1.787608e-01 -6.168615e+01 6.854250e-01 -2.486113e-02 7.277187e-01 5.564340e+02
7.113245e-01 2.333471e-01 -6.629982e-01 4.059381e+02 -1.547321e-01 9.721284e-01 1.761372e-01 -6.159212e+01 6.856205e-01 -2.270360e-02 7.276050e-01 5.568024e+02
7.096925e-01 2.331910e-01 -6.647996e-01 4.056019e+02 -1.540794e-01 9.721626e-01 1.765202e-01 -6.150784e+01 6.874562e-01 -2.284320e-02 7.258665e-01 5.571748e+02
7.081851e-01 2.330915e-01 -6.664399e-01 4.052588e+02 -1.524733e-01 9.721477e-01 1.779907e-01 -6.142947e+01 6.893662e-01 -2.443605e-02 7.240008e-01 5.575285e+02
7.046418e-01 2.321494e-01 -6.705122e-01 4.049191e+02 -1.491992e-01 9.723139e-01 1.798477e-01 -6.134921e+01 6.936999e-01 -2.668836e-02 7.197695e-01 5.578815e+02
6.986106e-01 2.295666e-01 -6.776743e-01 4.045859e+02 -1.432699e-01 9.728318e-01 1.818570e-01 -6.127536e+01 7.010114e-01 -2.995687e-02 7.125206e-01 5.582235e+02
6.890584e-01 2.249489e-01 -6.889097e-01 4.042763e+02 -1.355071e-01 9.738329e-01 1.824482e-01 -6.120059e+01 7.119244e-01 -3.236532e-02 7.015099e-01 5.585412e+02
6.769465e-01 2.225621e-01 -7.015765e-01 4.039274e+02 -1.293328e-01 9.743248e-01 1.842940e-01 -6.111443e+01 7.245802e-01 -3.402030e-02 6.883503e-01 5.588683e+02
6.605904e-01 2.207737e-01 -7.175509e-01 4.035756e+02 -1.235099e-01 9.747192e-01 1.861928e-01 -6.103251e+01 7.405172e-01 -3.437253e-02 6.711579e-01 5.591777e+02
6.404272e-01 2.187056e-01 -7.362207e-01 4.032037e+02 -1.163867e-01 9.751631e-01 1.884440e-01 -6.094815e+01 7.591489e-01 -3.499838e-02 6.499754e-01 5.594746e+02
6.163351e-01 2.172497e-01 -7.569238e-01 4.028236e+02 -1.083933e-01 9.754479e-01 1.917090e-01 -6.085996e+01 7.799884e-01 -3.611157e-02 6.247512e-01 5.597560e+02
5.880587e-01 2.169262e-01 -7.791854e-01 4.024361e+02 -9.956708e-02 9.754510e-01 1.964226e-01 -6.076697e+01 8.026664e-01 -3.792679e-02 5.952211e-01 5.600227e+02
5.554487e-01 2.172575e-01 -8.026680e-01 4.020370e+02 -8.985225e-02 9.752956e-01 2.018044e-01 -6.067733e+01 8.266821e-01 -3.997049e-02 5.612478e-01 5.602680e+02
5.184685e-01 2.181120e-01 -8.268117e-01 4.016255e+02 -8.006902e-02 9.750568e-01 2.070100e-01 -6.058351e+01 8.513398e-01 -4.112617e-02 5.230002e-01 5.604871e+02
4.774826e-01 2.200729e-01 -8.506340e-01 4.012086e+02 -7.093401e-02 9.746195e-01 2.123329e-01 -6.048859e+01 8.757732e-01 -4.104638e-02 4.809745e-01 5.606742e+02
4.318298e-01 2.217808e-01 -8.742633e-01 4.008151e+02 -6.045544e-02 9.742353e-01 2.172803e-01 -6.040398e+01 8.999268e-01 -4.097413e-02 4.341117e-01 5.608616e+02
3.723747e-01 2.182378e-01 -9.020584e-01 4.004299e+02 -4.838537e-02 9.752026e-01 2.159601e-01 -6.031121e+01 9.268203e-01 -3.677163e-02 3.737003e-01 5.609778e+02
3.200829e-01 2.194852e-01 -9.216145e-01 4.000107e+02 -3.762452e-02 9.749711e-01 2.191250e-01 -6.021019e+01 9.466421e-01 -3.546285e-02 3.203296e-01 5.611063e+02
2.648383e-01 2.200299e-01 -9.388544e-01 3.995759e+02 -2.605726e-02 9.748970e-01 2.211265e-01 -6.011707e+01 9.639407e-01 -3.409878e-02 2.639234e-01 5.612041e+02
2.075122e-01 2.199605e-01 -9.531821e-01 3.991167e+02 -1.357382e-02 9.749459e-01 2.220277e-01 -6.000941e+01 9.781382e-01 -3.313514e-02 2.052989e-01 5.612718e+02
1.476700e-01 2.215547e-01 -9.639020e-01 3.986529e+02 5.203895e-04 9.745692e-01 2.240863e-01 -5.989792e+01 9.890366e-01 -3.359243e-02 1.437993e-01 5.613245e+02
8.550788e-02 2.248578e-01 -9.706325e-01 3.981595e+02 1.568589e-02 9.737759e-01 2.269679e-01 -5.977949e+01 9.962140e-01 -3.463277e-02 7.973842e-02 5.613539e+02
2.098425e-02 2.295373e-01 -9.730736e-01 3.976366e+02 3.022841e-02 9.726973e-01 2.301004e-01 -5.966473e+01 9.993227e-01 -3.424295e-02 1.347277e-02 5.613565e+02
-4.371795e-02 2.328661e-01 -9.715257e-01 3.971099e+02 4.631894e-02 9.718821e-01 2.308672e-01 -5.954679e+01 9.979696e-01 -3.490700e-02 -5.327480e-02 5.613210e+02
-1.084594e-01 2.354820e-01 -9.658078e-01 3.965746e+02 6.250694e-02 9.712320e-01 2.297851e-01 -5.942480e+01 9.921338e-01 -3.544735e-02 -1.200585e-01 5.612423e+02
-1.719051e-01 2.366344e-01 -9.562703e-01 3.960337e+02 7.922915e-02 9.708974e-01 2.260112e-01 -5.929909e+01 9.819223e-01 -3.691200e-02 -1.856505e-01 5.611286e+02
-2.319962e-01 2.409571e-01 -9.423998e-01 3.954869e+02 9.258679e-02 9.699041e-01 2.251969e-01 -5.916782e+01 9.683003e-01 -3.500894e-02 -2.473235e-01 5.609737e+02
-2.922229e-01 2.402167e-01 -9.256899e-01 3.949382e+02 1.061738e-01 9.701055e-01 2.182255e-01 -5.902762e+01 9.504383e-01 -3.451350e-02 -3.089917e-01 5.607806e+02
-3.508049e-01 2.378543e-01 -9.057379e-01 3.943743e+02 1.174918e-01 9.707417e-01 2.094186e-01 -5.885608e+01 9.290487e-01 -3.295170e-02 -3.684869e-01 5.605551e+02
-4.047333e-01 2.396424e-01 -8.824752e-01 3.938144e+02 1.299760e-01 9.703277e-01 2.038879e-01 -5.872754e+01 9.051504e-01 -3.218039e-02 -4.238717e-01 5.602832e+02
-4.542972e-01 2.408826e-01 -8.576652e-01 3.932671e+02 1.415599e-01 9.700363e-01 1.974600e-01 -5.858405e+01 8.795310e-01 -3.170547e-02 -4.747841e-01 5.599765e+02
-4.984197e-01 2.386982e-01 -8.334272e-01 3.927323e+02 1.497834e-01 9.706012e-01 1.884096e-01 -5.845116e+01 8.538985e-01 -3.092647e-02 -5.195198e-01 5.596285e+02
-5.376089e-01 2.345483e-01 -8.099159e-01 3.922052e+02 1.543773e-01 9.716765e-01 1.789203e-01 -5.833843e+01 8.289417e-01 -2.884347e-02 -5.585909e-01 5.592482e+02
-5.717326e-01 2.288069e-01 -7.878891e-01 3.916811e+02 1.568741e-01 9.730941e-01 1.687554e-01 -5.821437e+01 8.053027e-01 -2.711647e-02 -5.922435e-01 5.588320e+02
-6.005064e-01 2.259508e-01 -7.670321e-01 3.911679e+02 1.607511e-01 9.737749e-01 1.610014e-01 -5.809836e+01 7.832950e-01 -2.661887e-02 -6.210800e-01 5.583960e+02
-6.252866e-01 2.268303e-01 -7.467025e-01 3.906587e+02 1.662548e-01 9.735800e-01 1.565289e-01 -5.798442e+01 7.624801e-01 -2.626748e-02 -6.464782e-01 5.579438e+02
-6.464502e-01 2.306165e-01 -7.272676e-01 3.901456e+02 1.667738e-01 9.728839e-01 1.602603e-01 -5.788438e+01 7.445056e-01 -1.768892e-02 -6.673818e-01 5.574521e+02
-6.666115e-01 2.307095e-01 -7.088034e-01 3.896402e+02 1.671711e-01 9.729463e-01 1.594657e-01 -5.777665e+01 7.264179e-01 -1.218976e-02 -6.871451e-01 5.569412e+02
-6.839567e-01 2.317503e-01 -6.917334e-01 3.891406e+02 1.696901e-01 9.727314e-01 1.581102e-01 -5.766939e+01 7.095129e-01 -9.239720e-03 -7.046319e-01 5.564056e+02
-6.987106e-01 2.341247e-01 -6.760097e-01 3.886463e+02 1.734535e-01 9.721794e-01 1.574199e-01 -5.756792e+01 6.940586e-01 -7.265251e-03 -7.198818e-01 5.558582e+02
-7.117759e-01 2.346808e-01 -6.620423e-01 3.881182e+02 1.752486e-01 9.720603e-01 1.561624e-01 -5.744378e+01 6.801934e-01 -4.869380e-03 -7.330166e-01 5.552826e+02
-7.228342e-01 2.317598e-01 -6.509978e-01 3.876186e+02 1.721544e-01 9.727730e-01 1.551628e-01 -5.733151e+01 6.692336e-01 8.489513e-05 -7.430521e-01 5.546900e+02
-7.298688e-01 2.311593e-01 -6.433171e-01 3.871248e+02 1.714708e-01 9.729117e-01 1.550502e-01 -5.721902e+01 6.617321e-01 2.856222e-03 -7.497350e-01 5.540941e+02
-7.355966e-01 2.309874e-01 -6.368222e-01 3.865948e+02 1.716515e-01 9.729466e-01 1.546305e-01 -5.708840e+01 6.553117e-01 4.434150e-03 -7.553456e-01 5.534835e+02
-7.411781e-01 2.322324e-01 -6.298596e-01 3.860851e+02 1.733910e-01 9.726456e-01 1.545839e-01 -5.696602e+01 6.485296e-01 5.362175e-03 -7.611706e-01 5.528733e+02
-7.480675e-01 2.347896e-01 -6.207003e-01 3.855921e+02 1.768733e-01 9.720289e-01 1.545175e-01 -5.685045e+01 6.396177e-01 5.804223e-03 -7.686713e-01 5.522641e+02
-7.549303e-01 2.376841e-01 -6.112172e-01 3.850991e+02 1.777253e-01 9.712825e-01 1.581896e-01 -5.673712e+01 6.312637e-01 1.079340e-02 -7.754931e-01 5.516353e+02
-7.626828e-01 2.373983e-01 -6.016286e-01 3.846142e+02 1.792018e-01 9.713472e-01 1.561129e-01 -5.660738e+01 6.214512e-01 1.125171e-02 -7.833721e-01 5.510059e+02
-7.707606e-01 2.358914e-01 -5.918474e-01 3.841227e+02 1.792194e-01 9.716985e-01 1.538910e-01 -5.649261e+01 6.113988e-01 1.254261e-02 -7.912232e-01 5.503653e+02
-7.783742e-01 2.330585e-01 -5.829385e-01 3.836610e+02 1.782548e-01 9.723701e-01 1.507367e-01 -5.636585e+01 6.019625e-01 1.341800e-02 -7.984116e-01 5.497215e+02
-7.854531e-01 2.334953e-01 -5.731870e-01 3.832094e+02 1.802535e-01 9.722606e-01 1.490571e-01 -5.626970e+01 5.920913e-01 1.375841e-02 -8.057534e-01 5.490908e+02
-7.926025e-01 2.331682e-01 -5.633949e-01 3.827552e+02 1.812189e-01 9.723241e-01 1.474640e-01 -5.615105e+01 5.821864e-01 1.478253e-02 -8.129210e-01 5.484421e+02
-8.007114e-01 2.301789e-01 -5.530633e-01 3.822589e+02 1.801882e-01 9.730214e-01 1.440888e-01 -5.599894e+01 5.713086e-01 1.571805e-02 -8.205848e-01 5.477573e+02
-8.082893e-01 2.280440e-01 -5.428299e-01 3.818266e+02 1.794821e-01 9.735003e-01 1.417155e-01 -5.588665e+01 5.607624e-01 1.711890e-02 -8.277998e-01 5.470884e+02
-8.145108e-01 2.306928e-01 -5.323091e-01 3.813989e+02 1.841595e-01 9.728971e-01 1.398445e-01 -5.578320e+01 5.501431e-01 1.587510e-02 -8.349195e-01 5.464221e+02
-8.214136e-01 2.310425e-01 -5.214394e-01 3.809749e+02 1.865120e-01 9.728206e-01 1.372344e-01 -5.568352e+01 5.389739e-01 1.547150e-02 -8.421803e-01 5.457494e+02
-8.287347e-01 2.253280e-01 -5.122754e-01 3.805679e+02 1.809917e-01 9.740836e-01 1.356579e-01 -5.557810e+01 5.295666e-01 1.970683e-02 -8.480394e-01 5.450652e+02
-8.360969e-01 2.212481e-01 -5.019874e-01 3.801780e+02 1.793198e-01 9.750212e-01 1.310649e-01 -5.549525e+01 5.184462e-01 1.956668e-02 -8.548863e-01 5.443830e+02
-8.427043e-01 2.204750e-01 -4.911622e-01 3.797983e+02 1.812245e-01 9.752289e-01 1.268316e-01 -5.540417e+01 5.069588e-01 1.787091e-02 -8.617850e-01 5.437000e+02
-8.485098e-01 2.217890e-01 -4.804589e-01 3.794185e+02 1.833269e-01 9.749083e-01 1.262736e-01 -5.531649e+01 4.964095e-01 1.906332e-02 -8.678791e-01 5.430113e+02
-8.557588e-01 2.182492e-01 -4.690886e-01 3.790406e+02 1.795771e-01 9.756016e-01 1.263079e-01 -5.521399e+01 4.852102e-01 2.385154e-02 -8.740722e-01 5.423102e+02
-8.624097e-01 2.171908e-01 -4.572501e-01 3.786713e+02 1.788739e-01 9.757566e-01 1.261078e-01 -5.511418e+01 4.735542e-01 2.696647e-02 -8.803517e-01 5.416047e+02
-8.683609e-01 2.178735e-01 -4.455115e-01 3.783277e+02 1.801121e-01 9.755405e-01 1.260173e-01 -5.502284e+01 4.620704e-01 2.918650e-02 -8.863629e-01 5.409099e+02
-8.738086e-01 2.192204e-01 -4.340518e-01 3.780021e+02 1.827421e-01 9.752261e-01 1.246574e-01 -5.494183e+01 4.506260e-01 2.960715e-02 -8.922217e-01 5.402185e+02
-8.798712e-01 2.159679e-01 -4.233019e-01 3.777101e+02 1.812486e-01 9.759425e-01 1.211826e-01 -5.487066e+01 4.392899e-01 2.990224e-02 -8.978476e-01 5.395468e+02
-8.861311e-01 2.111192e-01 -4.125534e-01 3.774113e+02 1.790391e-01 9.770470e-01 1.154305e-01 -5.479776e+01 4.274536e-01 2.842333e-02 -9.035903e-01 5.388579e+02
-8.906021e-01 2.125238e-01 -4.020714e-01 3.770980e+02 1.805186e-01 9.766619e-01 1.163815e-01 -5.471938e+01 4.174217e-01 3.106821e-02 -9.081816e-01 5.381541e+02
-8.963155e-01 2.120113e-01 -3.894481e-01 3.768094e+02 1.799925e-01 9.766351e-01 1.174164e-01 -5.462824e+01 4.052423e-01 3.514440e-02 -9.135336e-01 5.374521e+02
-9.019350e-01 2.119180e-01 -3.763030e-01 3.765370e+02 1.779964e-01 9.762911e-01 1.231785e-01 -5.455442e+01 3.934850e-01 4.411838e-02 -9.182718e-01 5.367484e+02
-9.067688e-01 2.145085e-01 -3.629827e-01 3.762652e+02 1.796985e-01 9.754203e-01 1.275294e-01 -5.447933e+01 3.814168e-01 5.041223e-02 -9.230275e-01 5.360400e+02
-9.116032e-01 2.160830e-01 -3.496966e-01 3.759931e+02 1.823251e-01 9.749805e-01 1.271632e-01 -5.438741e+01 3.684252e-01 5.216391e-02 -9.281928e-01 5.353214e+02
-9.157765e-01 2.181240e-01 -3.373059e-01 3.757280e+02 1.864053e-01 9.745970e-01 1.241525e-01 -5.430345e+01 3.558179e-01 5.082032e-02 -9.331725e-01 5.346116e+02
-9.199174e-01 2.182536e-01 -3.257567e-01 3.755019e+02 1.885842e-01 9.746424e-01 1.204497e-01 -5.422500e+01 3.437849e-01 4.937124e-02 -9.377497e-01 5.339115e+02
-9.242544e-01 2.175439e-01 -3.137331e-01 3.752788e+02 1.897006e-01 9.748342e-01 1.170984e-01 -5.414475e+01 3.313118e-01 4.871337e-02 -9.422630e-01 5.332086e+02
-9.289701e-01 2.142171e-01 -3.018703e-01 3.750206e+02 1.881196e-01 9.755790e-01 1.133871e-01 -5.401908e+01 3.187877e-01 4.854552e-02 -9.465821e-01 5.324528e+02
-9.328138e-01 2.131078e-01 -2.905917e-01 3.748094e+02 1.881726e-01 9.757802e-01 1.115529e-01 -5.393915e+01 3.073264e-01 4.937666e-02 -9.503223e-01 5.317370e+02
-9.356807e-01 2.135852e-01 -2.808613e-01 3.745782e+02 1.889274e-01 9.755312e-01 1.124516e-01 -5.384810e+01 2.980069e-01 5.215641e-02 -9.531378e-01 5.309868e+02
-9.398430e-01 2.090128e-01 -2.702012e-01 3.743688e+02 1.858861e-01 9.765269e-01 1.088187e-01 -5.373087e+01 2.866032e-01 5.204587e-02 -9.566346e-01 5.302369e+02
-9.432812e-01 2.067790e-01 -2.597366e-01 3.741815e+02 1.850778e-01 9.770255e-01 1.056761e-01 -5.365643e+01 2.756209e-01 5.161079e-02 -9.598799e-01 5.294935e+02
-9.464552e-01 2.051922e-01 -2.492364e-01 3.739874e+02 1.846875e-01 9.773531e-01 1.033029e-01 -5.357279e+01 2.647889e-01 5.174068e-02 -9.629173e-01 5.287370e+02
-9.495236e-01 2.025183e-01 -2.395648e-01 3.738046e+02 1.832010e-01 9.779179e-01 1.005681e-01 -5.347225e+01 2.546415e-01 5.160328e-02 -9.656577e-01 5.279768e+02
-9.520370e-01 2.013231e-01 -2.304225e-01 3.736350e+02 1.829432e-01 9.781508e-01 9.875652e-02 -5.339968e+01 2.452699e-01 5.186563e-02 -9.680664e-01 5.272262e+02
-9.546601e-01 1.985137e-01 -2.218477e-01 3.734687e+02 1.812363e-01 9.787519e-01 9.590642e-02 -5.332014e+01 2.361726e-01 5.135119e-02 -9.703533e-01 5.264658e+02
-9.570833e-01 1.960384e-01 -2.134491e-01 3.733215e+02 1.797282e-01 9.792625e-01 9.350312e-02 -5.325216e+01 2.273529e-01 5.112746e-02 -9.724694e-01 5.257160e+02
-9.591339e-01 1.951445e-01 -2.048920e-01 3.731593e+02 1.797404e-01 9.794530e-01 9.146176e-02 -5.317818e+01 2.185303e-01 5.089671e-02 -9.745019e-01 5.249461e+02
-9.610217e-01 1.944748e-01 -1.965120e-01 3.730112e+02 1.797720e-01 9.795597e-01 9.024810e-02 -5.311625e+01 2.100462e-01 5.140302e-02 -9.763392e-01 5.241807e+02
-9.620685e-01 1.950582e-01 -1.907263e-01 3.728735e+02 1.804376e-01 9.793302e-01 9.140364e-02 -5.304900e+01 2.046131e-01 5.352237e-02 -9.773786e-01 5.234048e+02
-9.638603e-01 1.934993e-01 -1.831157e-01 3.727371e+02 1.796737e-01 9.796502e-01 8.945854e-02 -5.297822e+01 1.966995e-01 5.332445e-02 -9.790127e-01 5.226219e+02
-9.655249e-01 1.924580e-01 -1.752760e-01 3.726045e+02 1.793872e-01 9.798581e-01 8.774018e-02 -5.291470e+01 1.886319e-01 5.327305e-02 -9.806018e-01 5.218392e+02
-9.670694e-01 1.912940e-01 -1.678790e-01 3.724876e+02 1.787465e-01 9.800362e-01 8.705550e-02 -5.284824e+01 1.811807e-01 5.418093e-02 -9.819562e-01 5.210521e+02
-9.687502e-01 1.886596e-01 -1.610300e-01 3.723631e+02 1.765904e-01 9.804885e-01 8.636033e-02 -5.276980e+01 1.741808e-01 5.522523e-02 -9.831639e-01 5.202432e+02
-9.697804e-01 1.885715e-01 -1.548119e-01 3.722554e+02 1.767529e-01 9.804048e-01 8.697600e-02 -5.270769e+01 1.681795e-01 5.698417e-02 -9.841079e-01 5.194539e+02
-9.711650e-01 1.861326e-01 -1.489736e-01 3.721506e+02 1.746036e-01 9.807733e-01 8.716307e-02 -5.264468e+01 1.623332e-01 5.863840e-02 -9.849921e-01 5.186514e+02
-9.720232e-01 1.868744e-01 -1.422984e-01 3.720169e+02 1.756284e-01 9.805177e-01 8.797527e-02 -5.257995e+01 1.559665e-01 6.052236e-02 -9.859064e-01 5.178024e+02
-9.734107e-01 1.832818e-01 -1.374020e-01 3.719161e+02 1.725560e-01 9.812046e-01 8.638230e-02 -5.250538e+01 1.506518e-01 6.037591e-02 -9.867415e-01 5.169834e+02
-9.746732e-01 1.796999e-01 -1.331169e-01 3.718125e+02 1.696073e-01 9.819493e-01 8.371976e-02 -5.244534e+01 1.457585e-01 5.902181e-02 -9.875580e-01 5.161635e+02
-9.747081e-01 1.803383e-01 -1.319935e-01 3.717098e+02 1.704052e-01 9.818617e-01 8.312501e-02 -5.238180e+01 1.445899e-01 5.853025e-02 -9.877591e-01 5.153446e+02
-9.745842e-01 1.831218e-01 -1.290429e-01 3.716064e+02 1.737388e-01 9.814834e-01 8.065466e-02 -5.231671e+01 1.414230e-01 5.618501e-02 -9.883536e-01 5.145370e+02
-9.752971e-01 1.817260e-01 -1.255838e-01 3.714954e+02 1.727955e-01 9.818029e-01 7.877005e-02 -5.225293e+01 1.376131e-01 5.512389e-02 -9.889510e-01 5.137090e+02
-9.755685e-01 1.827077e-01 -1.219996e-01 3.714018e+02 1.738991e-01 9.815568e-01 7.940604e-02 -5.219514e+01 1.342576e-01 5.625041e-02 -9.893487e-01 5.128958e+02
-9.756711e-01 1.852436e-01 -1.172631e-01 3.713117e+02 1.762761e-01 9.808523e-01 8.279781e-02 -5.213315e+01 1.303555e-01 6.011275e-02 -9.896433e-01 5.120934e+02
-9.756475e-01 1.879834e-01 -1.130227e-01 3.712268e+02 1.791595e-01 9.802433e-01 8.381471e-02 -5.208327e+01 1.265456e-01 6.152452e-02 -9.900510e-01 5.112868e+02
-9.760867e-01 1.874902e-01 -1.100101e-01 3.711593e+02 1.790574e-01 9.804008e-01 8.217464e-02 -5.202627e+01 1.232609e-01 6.051145e-02 -9.905277e-01 5.104923e+02
-9.768136e-01 1.860782e-01 -1.058774e-01 3.710879e+02 1.783860e-01 9.808581e-01 7.807574e-02 -5.195669e+01 1.183789e-01 5.737840e-02 -9.913093e-01 5.096945e+02
-9.772278e-01 1.863382e-01 -1.015079e-01 3.710142e+02 1.788145e-01 9.807189e-01 7.883982e-02 -5.189983e+01 1.142416e-01 5.889339e-02 -9.917058e-01 5.088785e+02
-9.778592e-01 1.856352e-01 -9.659737e-02 3.709547e+02 1.780728e-01 9.806083e-01 8.183772e-02 -5.183560e+01 1.099161e-01 6.282440e-02 -9.919534e-01 5.080833e+02
-9.777090e-01 1.875441e-01 -9.440558e-02 3.709002e+02 1.799392e-01 9.801227e-01 8.355472e-02 -5.176168e+01 1.081992e-01 6.470493e-02 -9.920213e-01 5.072855e+02
-9.789272e-01 1.830974e-01 -9.042644e-02 3.708636e+02 1.757035e-01 9.808569e-01 8.395235e-02 -5.166863e+01 1.040669e-01 6.629500e-02 -9.923583e-01 5.064816e+02
-9.795363e-01 1.821612e-01 -8.559207e-02 3.708098e+02 1.747983e-01 9.807641e-01 8.687512e-02 -5.160447e+01 9.977090e-02 7.013598e-02 -9.925355e-01 5.056796e+02
-9.802166e-01 1.806389e-01 -8.090172e-02 3.707575e+02 1.733026e-01 9.807421e-01 9.006152e-02 -5.154505e+01 9.561234e-02 7.425932e-02 -9.926449e-01 5.048689e+02
-9.817471e-01 1.736526e-01 -7.757228e-02 3.707034e+02 1.667524e-01 9.820611e-01 8.803149e-02 -5.144768e+01 9.146762e-02 7.348930e-02 -9.930926e-01 5.040288e+02
-9.822175e-01 1.723259e-01 -7.451520e-02 3.706494e+02 1.659934e-01 9.825268e-01 8.418652e-02 -5.139228e+01 8.772069e-02 7.032044e-02 -9.936600e-01 5.032175e+02
-9.835702e-01 1.656187e-01 -7.183385e-02 3.705887e+02 1.598146e-01 9.838841e-01 8.019550e-02 -5.128672e+01 8.395806e-02 6.739781e-02 -9.941874e-01 5.023736e+02
-9.843363e-01 1.624569e-01 -6.848190e-02 3.705270e+02 1.569446e-01 9.844099e-01 7.940675e-02 -5.121664e+01 8.031444e-02 6.741508e-02 -9.944872e-01 5.015475e+02
-9.845416e-01 1.627457e-01 -6.474312e-02 3.704670e+02 1.574517e-01 9.842911e-01 7.987461e-02 -5.116369e+01 7.672532e-02 6.844596e-02 -9.947001e-01 5.007145e+02
-9.847484e-01 1.627938e-01 -6.139018e-02 3.704121e+02 1.576825e-01 9.842003e-01 8.053553e-02 -5.110720e+01 7.353093e-02 6.962708e-02 -9.948594e-01 4.998815e+02
-9.852484e-01 1.599197e-01 -6.092055e-02 3.703724e+02 1.547177e-01 9.845295e-01 8.224382e-02 -5.103794e+01 7.313049e-02 7.160510e-02 -9.947485e-01 4.990695e+02
-9.858283e-01 1.572293e-01 -5.849453e-02 3.703284e+02 1.521573e-01 9.848725e-01 8.291147e-02 -5.097378e+01 7.064577e-02 7.283610e-02 -9.948387e-01 4.982517e+02
-9.863846e-01 1.544501e-01 -5.648512e-02 3.702851e+02 1.495309e-01 9.852777e-01 8.287610e-02 -5.089459e+01 6.845375e-02 7.330144e-02 -9.949578e-01 4.974453e+02
-9.865309e-01 1.539103e-01 -5.539285e-02 3.702497e+02 1.491066e-01 9.853846e-01 8.236819e-02 -5.083146e+01 6.726057e-02 7.299933e-02 -9.950614e-01 4.966380e+02
-9.872697e-01 1.493465e-01 -5.471936e-02 3.702022e+02 1.445934e-01 9.860515e-01 8.243270e-02 -5.075650e+01 6.626714e-02 7.347125e-02 -9.950933e-01 4.958118e+02
-9.874475e-01 1.485216e-01 -5.374663e-02 3.701719e+02 1.437657e-01 9.860756e-01 8.358468e-02 -5.070669e+01 6.541237e-02 7.480856e-02 -9.950502e-01 4.950194e+02
-9.882544e-01 1.433723e-01 -5.289185e-02 3.701453e+02 1.385884e-01 9.866845e-01 8.512921e-02 -5.060674e+01 6.439274e-02 7.679913e-02 -9.949651e-01 4.942608e+02
-9.891639e-01 1.370733e-01 -5.258985e-02 3.700974e+02 1.322260e-01 9.874257e-01 8.664206e-02 -5.051601e+01 6.380488e-02 7.874945e-02 -9.948505e-01 4.934778e+02
-9.901564e-01 1.297494e-01 -5.249162e-02 3.700556e+02 1.248910e-01 9.883360e-01 8.714468e-02 -5.041522e+01 6.318633e-02 7.973113e-02 -9.948118e-01 4.927677e+02
-9.907840e-01 1.252095e-01 -5.166822e-02 3.700023e+02 1.204623e-01 9.889373e-01 8.655580e-02 -5.030532e+01 6.193424e-02 7.953403e-02 -9.949063e-01 4.921180e+02
-9.909321e-01 1.233041e-01 -5.338188e-02 3.699365e+02 1.183854e-01 9.891354e-01 8.715576e-02 -5.019346e+01 6.354857e-02 8.004581e-02 -9.947634e-01 4.914026e+02
-9.910861e-01 1.220121e-01 -5.349186e-02 3.698807e+02 1.170689e-01 9.892672e-01 8.743760e-02 -5.007970e+01 6.358619e-02 8.039596e-02 -9.947328e-01 4.907235e+02
-9.911944e-01 1.208327e-01 -5.415856e-02 3.698189e+02 1.157883e-01 9.893497e-01 8.820576e-02 -4.997859e+01 6.423989e-02 8.115813e-02 -9.946289e-01 4.900778e+02
-9.914084e-01 1.186342e-01 -5.509318e-02 3.697532e+02 1.135207e-01 9.896165e-01 8.816033e-02 -4.988249e+01 6.497996e-02 8.114868e-02 -9.945816e-01 4.894469e+02
-9.914704e-01 1.174594e-01 -5.647688e-02 3.696945e+02 1.122673e-01 9.898021e-01 8.768023e-02 -4.978577e+01 6.619980e-02 8.059185e-02 -9.945464e-01 4.888225e+02
-9.917429e-01 1.146612e-01 -5.743501e-02 3.696232e+02 1.095020e-01 9.902501e-01 8.610536e-02 -4.968400e+01 6.674796e-02 7.910514e-02 -9.946291e-01 4.882210e+02
-9.915988e-01 1.149241e-01 -5.936512e-02 3.695885e+02 1.096710e-01 9.903061e-01 8.524110e-02 -4.963414e+01 6.858590e-02 7.801434e-02 -9.945902e-01 4.876226e+02
-9.919691e-01 1.105376e-01 -6.147148e-02 3.695375e+02 1.053123e-01 9.910040e-01 8.258619e-02 -4.951098e+01 7.004736e-02 7.544925e-02 -9.946863e-01 4.869959e+02
-9.918351e-01 1.108417e-01 -6.306501e-02 3.694870e+02 1.055540e-01 9.910456e-01 8.177377e-02 -4.940601e+01 7.156425e-02 7.444933e-02 -9.946536e-01 4.863728e+02
-9.917412e-01 1.105722e-01 -6.498647e-02 3.694495e+02 1.052093e-01 9.911581e-01 8.084910e-02 -4.929930e+01 7.335153e-02 7.334420e-02 -9.946055e-01 4.857455e+02
-9.916676e-01 1.088290e-01 -6.893136e-02 3.694020e+02 1.032372e-01 9.914288e-01 8.006845e-02 -4.923648e+01 7.705431e-02 7.228502e-02 -9.944031e-01 4.851546e+02
-9.923008e-01 1.015981e-01 -7.083060e-02 3.693681e+02 9.614060e-02 9.924144e-01 7.662025e-02 -4.914232e+01 7.807779e-02 6.922064e-02 -9.945413e-01 4.845561e+02
-9.924869e-01 9.816755e-02 -7.302613e-02 3.693435e+02 9.288913e-02 9.930352e-01 7.247517e-02 -4.904982e+01 7.963223e-02 6.514733e-02 -9.946932e-01 4.839426e+02
-9.922611e-01 9.932373e-02 -7.451666e-02 3.693143e+02 9.425799e-02 9.931763e-01 6.867506e-02 -4.896250e+01 8.082925e-02 6.111979e-02 -9.948523e-01 4.833389e+02
-9.919526e-01 1.010035e-01 -7.634354e-02 3.692848e+02 9.588917e-02 9.930712e-01 6.793226e-02 -4.887996e+01 8.267597e-02 6.006507e-02 -9.947647e-01 4.827442e+02
-9.920956e-01 9.893971e-02 -7.718324e-02 3.692339e+02 9.365558e-02 9.931884e-01 6.932171e-02 -4.884092e+01 8.351616e-02 6.154512e-02 -9.946041e-01 4.821122e+02
-9.924317e-01 9.421237e-02 -7.876138e-02 3.692287e+02 8.877818e-02 9.935979e-01 6.986848e-02 -4.875167e+01 8.483962e-02 6.234740e-02 -9.944421e-01 4.815006e+02
-9.925361e-01 9.246717e-02 -7.951106e-02 3.692167e+02 8.667632e-02 9.935260e-01 7.343850e-02 -4.868495e+01 8.578696e-02 6.599863e-02 -9.941251e-01 4.809197e+02
-9.922552e-01 9.437400e-02 -8.076621e-02 3.692097e+02 8.829532e-02 9.932067e-01 7.579167e-02 -4.861566e+01 8.737030e-02 6.807340e-02 -9.938473e-01 4.803179e+02
-9.920074e-01 9.638274e-02 -8.143502e-02 3.691896e+02 9.007187e-02 9.928830e-01 7.791281e-02 -4.855810e+01 8.836489e-02 6.995508e-02 -9.936287e-01 4.797133e+02
-9.918431e-01 9.411572e-02 -8.596206e-02 3.691774e+02 8.752588e-02 9.931460e-01 7.746098e-02 -4.849476e+01 9.266317e-02 6.930524e-02 -9.932826e-01 4.791068e+02
-9.923652e-01 8.707453e-02 -8.734636e-02 3.691601e+02 8.075705e-02 9.940253e-01 7.342965e-02 -4.843014e+01 9.321835e-02 6.581520e-02 -9.934680e-01 4.784991e+02
-9.927950e-01 8.024064e-02 -8.899141e-02 3.691536e+02 7.405896e-02 9.947432e-01 7.071983e-02 -4.838261e+01 9.419820e-02 6.361969e-02 -9.935186e-01 4.778864e+02
-9.931044e-01 7.569238e-02 -8.952243e-02 3.691059e+02 6.950338e-02 9.950986e-01 7.034287e-02 -4.834012e+01 9.440806e-02 6.363570e-02 -9.934977e-01 4.772563e+02
-9.935673e-01 6.839404e-02 -9.025635e-02 3.690636e+02 6.179620e-02 9.953435e-01 7.397684e-02 -4.829177e+01 9.489564e-02 6.792347e-02 -9.931673e-01 4.765963e+02
-9.935574e-01 6.702390e-02 -9.138692e-02 3.690011e+02 6.009779e-02 9.952533e-01 7.654446e-02 -4.823865e+01 9.608345e-02 7.055916e-02 -9.928693e-01 4.759275e+02
-9.935179e-01 6.485535e-02 -9.335956e-02 3.689338e+02 5.824589e-02 9.957125e-01 7.186141e-02 -4.817660e+01 9.761988e-02 6.595778e-02 -9.930357e-01 4.752505e+02
-9.934372e-01 6.272281e-02 -9.564708e-02 3.688696e+02 5.669389e-02 9.963059e-01 6.450050e-02 -4.813664e+01 9.933941e-02 5.865459e-02 -9.933234e-01 4.745665e+02
-9.932860e-01 5.852260e-02 -9.979041e-02 3.688288e+02 5.301036e-02 9.969644e-01 5.702455e-02 -4.808876e+01 1.028247e-01 5.135176e-02 -9.933731e-01 4.739031e+02
-9.929650e-01 5.972310e-02 -1.022429e-01 3.687578e+02 5.419930e-02 9.969597e-01 5.597967e-02 -4.802557e+01 1.052754e-01 5.004436e-02 -9.931831e-01 4.732086e+02
-9.919157e-01 6.911722e-02 -1.064243e-01 3.686698e+02 6.244778e-02 9.959438e-01 6.477786e-02 -4.797871e+01 1.104698e-01 5.760822e-02 -9.922085e-01 4.724777e+02
-9.911548e-01 7.623069e-02 -1.086322e-01 3.685782e+02 6.824633e-02 9.948139e-01 7.541662e-02 -4.792328e+01 1.138179e-01 6.733580e-02 -9.912171e-01 4.717507e+02
-9.907684e-01 7.763033e-02 -1.111375e-01 3.685051e+02 6.872167e-02 9.942713e-01 8.186569e-02 -4.787355e+01 1.168561e-01 7.347238e-02 -9.904274e-01 4.710342e+02
-9.903469e-01 7.900488e-02 -1.138918e-01 3.684173e+02 6.990205e-02 9.941926e-01 8.182145e-02 -4.781582e+01 1.196947e-01 7.307034e-02 -9.901181e-01 4.703042e+02
-9.901449e-01 7.754872e-02 -1.166161e-01 3.683317e+02 6.871458e-02 9.945856e-01 7.796050e-02 -4.775737e+01 1.220304e-01 6.917896e-02 -9.901125e-01 4.695593e+02
-9.897750e-01 7.858665e-02 -1.190364e-01 3.682394e+02 7.008991e-02 9.947949e-01 7.396354e-02 -4.770270e+01 1.242294e-01 6.486401e-02 -9.901312e-01 4.688292e+02
-9.891556e-01 8.163171e-02 -1.220963e-01 3.681512e+02 7.320003e-02 9.947131e-01 7.202440e-02 -4.765339e+01 1.273303e-01 6.230588e-02 -9.899015e-01 4.680701e+02
-9.886354e-01 8.411079e-02 -1.246012e-01 3.680622e+02 7.562655e-02 9.945816e-01 7.133117e-02 -4.759966e+01 1.299258e-01 6.109735e-02 -9.896395e-01 4.673324e+02
-9.881930e-01 8.642730e-02 -1.265104e-01 3.679611e+02 7.785932e-02 9.944201e-01 7.117999e-02 -4.754107e+01 1.319564e-01 6.048956e-02 -9.894082e-01 4.665606e+02
-9.878259e-01 8.858072e-02 -1.278803e-01 3.678667e+02 7.989869e-02 9.942350e-01 7.150477e-02 -4.748500e+01 1.334770e-01 6.041680e-02 -9.892086e-01 4.658025e+02
-9.869593e-01 9.205986e-02 -1.320468e-01 3.677660e+02 8.319994e-02 9.939915e-01 7.112450e-02 -4.741933e+01 1.378011e-01 5.921070e-02 -9.886885e-01 4.650276e+02
-9.864614e-01 9.536367e-02 -1.334157e-01 3.676600e+02 8.621014e-02 9.936141e-01 7.279291e-02 -4.735988e+01 1.395055e-01 6.030561e-02 -9.883833e-01 4.642335e+02
-9.862540e-01 9.610643e-02 -1.344124e-01 3.675668e+02 8.650358e-02 9.933822e-01 7.555788e-02 -4.729323e+01 1.407844e-01 6.289211e-02 -9.880406e-01 4.634644e+02
-9.861144e-01 9.726251e-02 -1.346043e-01 3.674695e+02 8.714159e-02 9.930462e-01 7.915486e-02 -4.723760e+01 1.413671e-01 6.632611e-02 -9.877328e-01 4.626930e+02
-9.862091e-01 9.699905e-02 -1.341001e-01 3.673380e+02 8.669491e-02 9.929638e-01 8.066537e-02 -4.717085e+01 1.409810e-01 6.792713e-02 -9.876792e-01 4.618845e+02
-9.866082e-01 9.358786e-02 -1.335874e-01 3.672157e+02 8.330378e-02 9.932584e-01 8.061186e-02 -4.710209e+01 1.402311e-01 6.840399e-02 -9.877531e-01 4.611040e+02
-9.867704e-01 9.071451e-02 -1.343694e-01 3.671200e+02 8.038883e-02 9.935170e-01 8.038357e-02 -4.704767e+01 1.407902e-01 6.851833e-02 -9.876656e-01 4.603125e+02
-9.870485e-01 8.714823e-02 -1.346866e-01 3.669993e+02 7.690492e-02 9.938656e-01 7.947887e-02 -4.697979e+01 1.407869e-01 6.809143e-02 -9.876956e-01 4.595012e+02
-9.870181e-01 8.597227e-02 -1.356615e-01 3.668915e+02 7.581266e-02 9.940378e-01 7.836586e-02 -4.692213e+01 1.415899e-01 6.706367e-02 -9.876511e-01 4.586977e+02
-9.869199e-01 8.507618e-02 -1.369351e-01 3.667731e+02 7.510905e-02 9.942453e-01 7.638638e-02 -4.686229e+01 1.426457e-01 6.510217e-02 -9.876305e-01 4.578715e+02
-9.862882e-01 8.565420e-02 -1.410638e-01 3.666443e+02 7.565432e-02 9.943248e-01 7.479689e-02 -4.682136e+01 1.466700e-01 6.309920e-02 -9.871709e-01 4.570822e+02
-9.859472e-01 8.615964e-02 -1.431248e-01 3.665215e+02 7.621955e-02 9.943748e-01 7.354791e-02 -4.676518e+01 1.486566e-01 6.160545e-02 -9.869681e-01 4.562694e+02
-9.855412e-01 8.676223e-02 -1.455361e-01 3.663992e+02 7.657291e-02 9.942977e-01 7.422025e-02 -4.671342e+01 1.511458e-01 6.200299e-02 -9.865650e-01 4.554288e+02
-9.852319e-01 8.717333e-02 -1.473731e-01 3.662557e+02 7.645671e-02 9.941037e-01 7.689142e-02 -4.665255e+01 1.532070e-01 6.448822e-02 -9.860877e-01 4.545922e+02
-9.852237e-01 8.321795e-02 -1.496967e-01 3.661297e+02 7.140760e-02 9.940196e-01 8.261918e-02 -4.658467e+01 1.556769e-01 7.070889e-02 -9.852741e-01 4.537309e+02
-9.845760e-01 8.507496e-02 -1.528802e-01 3.659788e+02 7.236282e-02 9.935869e-01 8.688291e-02 -4.651278e+01 1.592913e-01 7.447998e-02 -9.844181e-01 4.528553e+02
-9.841870e-01 8.349256e-02 -1.562208e-01 3.658325e+02 7.020656e-02 9.935792e-01 8.872116e-02 -4.644992e+01 1.626253e-01 7.635048e-02 -9.837294e-01 4.519931e+02
-9.837515e-01 8.084720e-02 -1.603021e-01 3.656886e+02 6.732348e-02 9.938358e-01 8.807913e-02 -4.637456e+01 1.664349e-01 7.585587e-02 -9.831304e-01 4.511350e+02
-9.830120e-01 8.179857e-02 -1.643058e-01 3.655452e+02 6.771240e-02 9.936749e-01 8.958344e-02 -4.630198e+01 1.705944e-01 7.693606e-02 -9.823331e-01 4.502482e+02
-9.822421e-01 8.460716e-02 -1.674578e-01 3.653854e+02 6.964734e-02 9.932004e-01 9.328515e-02 -4.623501e+01 1.742117e-01 7.996561e-02 -9.814559e-01 4.493612e+02
-9.807202e-01 8.765252e-02 -1.746567e-01 3.652305e+02 7.181644e-02 9.928810e-01 9.502465e-02 -4.616852e+01 1.817425e-01 8.064937e-02 -9.800333e-01 4.484822e+02
-9.799475e-01 8.782513e-02 -1.788563e-01 3.650693e+02 7.203622e-02 9.930618e-01 9.294644e-02 -4.609708e+01 1.857784e-01 7.819850e-02 -9.794750e-01 4.475998e+02
-9.791814e-01 8.800176e-02 -1.829191e-01 3.648964e+02 7.255148e-02 9.933392e-01 8.951791e-02 -4.602659e+01 1.895785e-01 7.438322e-02 -9.790440e-01 4.467143e+02
-9.784866e-01 8.808702e-02 -1.865601e-01 3.647332e+02 7.273483e-02 9.934961e-01 8.760748e-02 -4.595092e+01 1.930638e-01 7.215333e-02 -9.785296e-01 4.458365e+02
-9.776337e-01 9.100863e-02 -1.896042e-01 3.645594e+02 7.510936e-02 9.931570e-01 8.943056e-02 -4.587907e+01 1.964457e-01 7.318928e-02 -9.777793e-01 4.449338e+02
-9.771152e-01 9.139657e-02 -1.920745e-01 3.643825e+02 7.485432e-02 9.929695e-01 9.169728e-02 -4.581072e+01 1.991050e-01 7.522120e-02 -9.770870e-01 4.440223e+02
-9.766010e-01 9.107657e-02 -1.948220e-01 3.642039e+02 7.420114e-02 9.929679e-01 9.224420e-02 -4.573449e+01 2.018533e-01 7.562976e-02 -9.764914e-01 4.430990e+02
-9.766371e-01 8.547762e-02 -1.971639e-01 3.640043e+02 6.927551e-02 9.937378e-01 8.766979e-02 -4.562643e+01 2.034231e-01 7.196294e-02 -9.764427e-01 4.421372e+02
-9.763878e-01 8.133940e-02 -2.001268e-01 3.638150e+02 6.590547e-02 9.943995e-01 8.262042e-02 -4.554148e+01 2.057263e-01 6.748012e-02 -9.762802e-01 4.412126e+02
-9.757682e-01 8.347978e-02 -2.022563e-01 3.635864e+02 6.773031e-02 9.941960e-01 8.358794e-02 -4.545604e+01 2.080603e-01 6.786357e-02 -9.757589e-01 4.402547e+02
-9.747443e-01 8.469559e-02 -2.066404e-01 3.633679e+02 6.725896e-02 9.936675e-01 9.000645e-02 -4.537229e+01 2.129550e-01 7.383486e-02 -9.742682e-01 4.392918e+02
-9.744973e-01 8.441540e-02 -2.079159e-01 3.631568e+02 6.564843e-02 9.932550e-01 9.557615e-02 -4.528974e+01 2.145816e-01 7.948936e-02 -9.734661e-01 4.383395e+02
-9.739053e-01 8.790689e-02 -2.092389e-01 3.629491e+02 6.975630e-02 9.932558e-01 9.261184e-02 -4.517007e+01 2.159690e-01 7.559942e-02 -9.734691e-01 4.374166e+02
-9.732175e-01 9.072815e-02 -2.112252e-01 3.627574e+02 7.353489e-02 9.934121e-01 8.789196e-02 -4.506147e+01 2.178080e-01 7.000556e-02 -9.734777e-01 4.365702e+02
-9.727824e-01 8.965914e-02 -2.136716e-01 3.625345e+02 7.288438e-02 9.936991e-01 8.514728e-02 -4.496380e+01 2.199595e-01 6.725645e-02 -9.731877e-01 4.356123e+02
-9.725274e-01 8.781337e-02 -2.155904e-01 3.623333e+02 7.091606e-02 9.938615e-01 8.491337e-02 -4.486726e+01 2.217236e-01 6.729176e-02 -9.727849e-01 4.347479e+02
-9.721970e-01 8.701292e-02 -2.173978e-01 3.621234e+02 6.932144e-02 9.937290e-01 8.773393e-02 -4.478861e+01 2.236685e-01 7.022433e-02 -9.721322e-01 4.338023e+02
-9.718282e-01 8.607475e-02 -2.194107e-01 3.619228e+02 6.798154e-02 9.937329e-01 8.873282e-02 -4.471175e+01 2.256733e-01 7.131718e-02 -9.715891e-01 4.328593e+02
-9.713766e-01 8.573166e-02 -2.215347e-01 3.617099e+02 6.799156e-02 9.939279e-01 8.651319e-02 -4.462757e+01 2.276065e-01 6.897440e-02 -9.713073e-01 4.319211e+02
-9.709711e-01 8.501223e-02 -2.235800e-01 3.614768e+02 6.784609e-02 9.942052e-01 8.338407e-02 -4.454018e+01 2.293731e-01 6.579449e-02 -9.711123e-01 4.309378e+02
-9.697884e-01 8.555034e-02 -2.284547e-01 3.612606e+02 6.833823e-02 9.942675e-01 8.223206e-02 -4.446211e+01 2.341801e-01 6.413550e-02 -9.700754e-01 4.299915e+02
-9.693703e-01 8.608326e-02 -2.300238e-01 3.610329e+02 6.826480e-02 9.940956e-01 8.434394e-02 -4.439368e+01 2.359263e-01 6.605798e-02 -9.695231e-01 4.290512e+02
-9.688698e-01 8.683285e-02 -2.318433e-01 3.608023e+02 6.859573e-02 9.939644e-01 8.561144e-02 -4.431325e+01 2.378778e-01 6.704288e-02 -9.689785e-01 4.280940e+02
-9.683376e-01 8.627942e-02 -2.342609e-01 3.605840e+02 6.766157e-02 9.939606e-01 8.639556e-02 -4.424955e+01 2.403002e-01 6.780961e-02 -9.683272e-01 4.271431e+02
-9.677197e-01 8.532657e-02 -2.371454e-01 3.603452e+02 6.674086e-02 9.941141e-01 8.533965e-02 -4.417267e+01 2.430313e-01 6.675758e-02 -9.677186e-01 4.261702e+02
-9.668939e-01 8.581746e-02 -2.403154e-01 3.601018e+02 6.739571e-02 9.941951e-01 8.386810e-02 -4.409319e+01 2.461178e-01 6.489532e-02 -9.670650e-01 4.252357e+02
-9.660010e-01 8.632680e-02 -2.437003e-01 3.598587e+02 6.816498e-02 9.942973e-01 8.201496e-02 -4.401712e+01 2.493906e-01 6.261470e-02 -9.663766e-01 4.242801e+02
-9.650271e-01 8.605081e-02 -2.476245e-01 3.596242e+02 6.789387e-02 9.944016e-01 8.096791e-02 -4.393922e+01 2.532055e-01 6.132405e-02 -9.654669e-01 4.233375e+02
-9.641349e-01 8.558724e-02 -2.512342e-01 3.593789e+02 6.727137e-02 9.944719e-01 8.062369e-02 -4.386085e+01 2.567458e-01 6.083125e-02 -9.645627e-01 4.223931e+02
-9.629003e-01 8.839933e-02 -2.549678e-01 3.591282e+02 6.952257e-02 9.941931e-01 8.213861e-02 -4.379158e+01 2.607482e-01 6.136528e-02 -9.634545e-01 4.214181e+02
-9.610005e-01 9.145709e-02 -2.609859e-01 3.588449e+02 7.176177e-02 9.938748e-01 8.404209e-02 -4.371869e+01 2.670735e-01 6.203568e-02 -9.616773e-01 4.204520e+02
-9.597855e-01 9.282348e-02 -2.649446e-01 3.585841e+02 7.250168e-02 9.936969e-01 8.549841e-02 -4.364797e+01 2.712109e-01 6.285120e-02 -9.604657e-01 4.194756e+02
-9.586308e-01 9.285263e-02 -2.690823e-01 3.583390e+02 7.216561e-02 9.936954e-01 8.579922e-02 -4.355321e+01 2.753525e-01 6.283129e-02 -9.592879e-01 4.185244e+02
-9.575269e-01 9.296786e-02 -2.729453e-01 3.580646e+02 7.186053e-02 9.936692e-01 8.635759e-02 -4.345641e+01 2.792459e-01 6.307572e-02 -9.581457e-01 4.175367e+02
-9.563754e-01 9.404554e-02 -2.765891e-01 3.577618e+02 7.221113e-02 9.934893e-01 8.811729e-02 -4.337004e+01 2.830753e-01 6.430039e-02 -9.569398e-01 4.165410e+02
-9.553927e-01 9.317085e-02 -2.802570e-01 3.574817e+02 7.089755e-02 9.935399e-01 8.861134e-02 -4.329086e+01 2.867025e-01 6.478909e-02 -9.558264e-01 4.155557e+02
-9.543332e-01 9.252887e-02 -2.840537e-01 3.572017e+02 7.035158e-02 9.936922e-01 8.732985e-02 -4.320878e+01 2.903424e-01 6.335815e-02 -9.548230e-01 4.145887e+02
-9.532493e-01 9.399001e-02 -2.871962e-01 3.569092e+02 7.180312e-02 9.936298e-01 8.685700e-02 -4.313072e+01 2.935304e-01 6.217480e-02 -9.539257e-01 4.136364e+02
-9.523816e-01 9.387618e-02 -2.900973e-01 3.566053e+02 7.117945e-02 9.935876e-01 8.784711e-02 -4.304787e+01 2.964839e-01 6.301501e-02 -9.529567e-01 4.126564e+02
-9.516875e-01 8.902977e-02 -2.938787e-01 3.563142e+02 6.672943e-02 9.941374e-01 8.507682e-02 -4.296771e+01 2.997301e-01 6.135619e-02 -9.520490e-01 4.116791e+02
-9.494708e-01 8.909398e-02 -3.009443e-01 3.560183e+02 6.855018e-02 9.945805e-01 7.816973e-02 -4.289306e+01 3.062778e-01 5.359009e-02 -9.504325e-01 4.107081e+02
-9.482881e-01 8.950549e-02 -3.045300e-01 3.557043e+02 7.021727e-02 9.948029e-01 7.373369e-02 -4.281647e+01 3.095469e-01 4.853751e-02 -9.496446e-01 4.097340e+02
-9.477019e-01 8.840376e-02 -3.066689e-01 3.553896e+02 6.841657e-02 9.948076e-01 7.534581e-02 -4.274885e+01 3.117374e-01 5.042414e-02 -9.488294e-01 4.087645e+02
-9.469291e-01 8.914011e-02 -3.088353e-01 3.550828e+02 6.985589e-02 9.948847e-01 7.296950e-02 -4.266875e+01 3.137601e-01 4.752298e-02 -9.483123e-01 4.078108e+02
-9.460106e-01 9.188777e-02 -3.108386e-01 3.547673e+02 7.239774e-02 9.946495e-01 7.369451e-02 -4.258639e+01 3.159471e-01 4.721176e-02 -9.476014e-01 4.068053e+02
-9.451805e-01 9.591112e-02 -3.121457e-01 3.544565e+02 7.576208e-02 9.942193e-01 7.607938e-02 -4.252252e+01 3.176382e-01 4.825993e-02 -9.469831e-01 4.058393e+02
-9.448617e-01 9.511269e-02 -3.133527e-01 3.541556e+02 7.365074e-02 9.940975e-01 7.965951e-02 -4.245637e+01 3.190798e-01 5.218857e-02 -9.462898e-01 4.048712e+02
-9.446589e-01 9.311335e-02 -3.145623e-01 3.538467e+02 7.053336e-02 9.940966e-01 8.244374e-02 -4.237930e+01 3.203819e-01 5.569408e-02 -9.456498e-01 4.038796e+02
-9.443255e-01 9.200153e-02 -3.158878e-01 3.535379e+02 6.849342e-02 9.940448e-01 8.475652e-02 -4.230550e+01 3.218044e-01 5.840150e-02 -9.450033e-01 4.029176e+02
-9.438351e-01 9.080340e-02 -3.176949e-01 3.532154e+02 6.552836e-02 9.938395e-01 8.938148e-02 -4.222162e+01 3.238539e-01 6.354336e-02 -9.439708e-01 4.019250e+02
-9.421478e-01 8.868285e-02 -3.232537e-01 3.528936e+02 6.309022e-02 9.940467e-01 8.882987e-02 -4.214098e+01 3.292069e-01 6.329672e-02 -9.421339e-01 4.009367e+02
-9.415902e-01 8.655036e-02 -3.254487e-01 3.525449e+02 6.049676e-02 9.941605e-01 8.935907e-02 -4.204848e+01 3.312823e-01 6.445103e-02 -9.413278e-01 3.999263e+02
-9.409514e-01 8.256238e-02 -3.283199e-01 3.522346e+02 5.671168e-02 9.945433e-01 8.756376e-02 -4.194902e+01 3.337578e-01 6.377366e-02 -9.404991e-01 3.989507e+02
-9.400547e-01 8.155951e-02 -3.311272e-01 3.518921e+02 5.526138e-02 9.945786e-01 8.808884e-02 -4.186783e+01 3.365165e-01 6.450978e-02 -9.394653e-01 3.979692e+02
-9.391390e-01 7.956341e-02 -3.341970e-01 3.515289e+02 5.305300e-02 9.947303e-01 8.773270e-02 -4.178293e+01 3.394161e-01 6.466305e-02 -9.384111e-01 3.969970e+02
-9.377984e-01 7.798151e-02 -3.383092e-01 3.512042e+02 5.136775e-02 9.948889e-01 8.693332e-02 -4.170636e+01 3.433592e-01 6.414775e-02 -9.370109e-01 3.960407e+02
-9.362747e-01 7.469041e-02 -3.432362e-01 3.509124e+02 4.887109e-02 9.953271e-01 8.327977e-02 -4.158312e+01 3.478525e-01 6.119841e-02 -9.355498e-01 3.951090e+02
-9.346136e-01 7.284836e-02 -3.481242e-01 3.506820e+02 4.819995e-02 9.957119e-01 7.895929e-02 -4.147335e+01 3.523835e-01 5.701686e-02 -9.341172e-01 3.943485e+02
-9.330151e-01 7.056816e-02 -3.528498e-01 3.503881e+02 4.685254e-02 9.960583e-01 7.531780e-02 -4.138663e+01 3.567740e-01 5.374073e-02 -9.326437e-01 3.934896e+02
-9.313781e-01 6.721018e-02 -3.577955e-01 3.501204e+02 4.330532e-02 9.962863e-01 7.441946e-02 -4.128559e+01 3.614685e-01 5.381820e-02 -9.308298e-01 3.926986e+02
-9.287329e-01 6.505677e-02 -3.649969e-01 3.498350e+02 4.047583e-02 9.963914e-01 7.460546e-02 -4.117879e+01 3.685334e-01 5.451499e-02 -9.280147e-01 3.918953e+02
-9.271980e-01 6.328943e-02 -3.691860e-01 3.495318e+02 3.783387e-02 9.964054e-01 7.579496e-02 -4.111249e+01 3.726560e-01 5.630919e-02 -9.262596e-01 3.910455e+02
-9.258014e-01 5.989272e-02 -3.732353e-01 3.492151e+02 3.513600e-02 9.967282e-01 7.279002e-02 -4.100989e+01 3.763737e-01 5.427511e-02 -9.248768e-01 3.901868e+02
-9.244413e-01 5.978483e-02 -3.766086e-01 3.489000e+02 3.549150e-02 9.968359e-01 7.112386e-02 -4.095438e+01 3.796691e-01 5.238343e-02 -9.236381e-01 3.893273e+02
-9.236327e-01 5.893032e-02 -3.787214e-01 3.485560e+02 3.463578e-02 9.968996e-01 7.065054e-02 -4.090289e+01 3.817107e-01 5.213783e-02 -9.228102e-01 3.884555e+02
-9.227107e-01 5.591363e-02 -3.814165e-01 3.482424e+02 3.148272e-02 9.970501e-01 7.000023e-02 -4.082677e+01 3.842053e-01 5.258194e-02 -9.217491e-01 3.876032e+02
-9.220899e-01 5.503284e-02 -3.830425e-01 3.478918e+02 3.061605e-02 9.971081e-01 6.955610e-02 -4.078484e+01 3.857627e-01 5.240973e-02 -9.211082e-01 3.867291e+02
-9.216508e-01 5.273021e-02 -3.844207e-01 3.475414e+02 2.829035e-02 9.972182e-01 6.896016e-02 -4.072916e+01 3.869876e-01 5.268179e-02 -9.205788e-01 3.858609e+02
-9.212918e-01 5.144619e-02 -3.854540e-01 3.472080e+02 2.683509e-02 9.972582e-01 6.896332e-02 -4.068058e+01 3.879450e-01 5.319165e-02 -9.201463e-01 3.850119e+02
-9.210662e-01 5.189649e-02 -3.859323e-01 3.468657e+02 2.717558e-02 9.972298e-01 6.924069e-02 -4.062333e+01 3.884565e-01 5.328733e-02 -9.199250e-01 3.841613e+02
-9.199581e-01 5.358320e-02 -3.883374e-01 3.465273e+02 2.920569e-02 9.972296e-01 6.841151e-02 -4.057764e+01 3.909273e-01 5.159406e-02 -9.189744e-01 3.833236e+02
-9.203300e-01 5.314579e-02 -3.875155e-01 3.461809e+02 2.924842e-02 9.973032e-01 6.731154e-02 -4.050997e+01 3.900478e-01 5.061461e-02 -9.194024e-01 3.824813e+02
-9.209231e-01 5.364596e-02 -3.860346e-01 3.458438e+02 3.033024e-02 9.973425e-01 6.624167e-02 -4.047334e+01 3.885623e-01 4.929496e-02 -9.201029e-01 3.816686e+02
-9.213626e-01 5.427318e-02 -3.848966e-01 3.455186e+02 3.119893e-02 9.973352e-01 6.594766e-02 -4.042304e+01 3.874502e-01 4.875334e-02 -9.206006e-01 3.808599e+02
-9.218083e-01 5.509171e-02 -3.837113e-01 3.451864e+02 3.108571e-02 9.971674e-01 6.849051e-02 -4.037621e+01 3.863977e-01 5.120718e-02 -9.209097e-01 3.800490e+02
-9.223545e-01 5.488872e-02 -3.824256e-01 3.448541e+02 2.972265e-02 9.970040e-01 7.141114e-02 -4.032885e+01 3.851995e-01 5.449968e-02 -9.212226e-01 3.792423e+02
-9.224462e-01 5.737521e-02 -3.818391e-01 3.445373e+02 3.146864e-02 9.967798e-01 7.375441e-02 -4.028861e+01 3.848412e-01 5.601852e-02 -9.212813e-01 3.784525e+02
-9.227137e-01 5.825406e-02 -3.810589e-01 3.442257e+02 3.272874e-02 9.967851e-01 7.313177e-02 -4.025363e+01 3.840941e-01 5.500811e-02 -9.216539e-01 3.776975e+02
-9.226113e-01 5.723005e-02 -3.814619e-01 3.439242e+02 3.119189e-02 9.967628e-01 7.410123e-02 -4.020366e+01 3.844678e-01 5.646811e-02 -9.214097e-01 3.769411e+02
-9.228093e-01 5.628475e-02 -3.811235e-01 3.436063e+02 3.010915e-02 9.967811e-01 7.430289e-02 -4.017037e+01 3.840788e-01 5.709209e-02 -9.215335e-01 3.762177e+02
-9.209618e-01 5.504032e-02 -3.857460e-01 3.433123e+02 2.924934e-02 9.969454e-01 7.241727e-02 -4.009699e+01 3.885536e-01 5.541072e-02 -9.197585e-01 3.754938e+02
-9.198463e-01 5.192908e-02 -3.888267e-01 3.430137e+02 2.551475e-02 9.970205e-01 7.279519e-02 -4.005413e+01 3.914484e-01 5.703957e-02 -9.184305e-01 3.747702e+02
-9.179013e-01 4.871392e-02 -3.938073e-01 3.427263e+02 2.204541e-02 9.971635e-01 7.196473e-02 -3.996808e+01 3.961960e-01 5.737487e-02 -9.163716e-01 3.740603e+02
-9.156038e-01 4.591572e-02 -3.994514e-01 3.424332e+02 1.924990e-02 9.973249e-01 7.051574e-02 -3.988664e+01 4.016206e-01 5.687508e-02 -9.140384e-01 3.733872e+02
-9.128316e-01 4.375222e-02 -4.059854e-01 3.421463e+02 1.664199e-02 9.974033e-01 7.006968e-02 -3.978459e+01 4.079969e-01 5.720541e-02 -9.111894e-01 3.727438e+02
-9.095597e-01 4.090439e-02 -4.135553e-01 3.418489e+02 1.391753e-02 9.975841e-01 6.806043e-02 -3.968840e+01 4.153401e-01 5.614936e-02 -9.079316e-01 3.721056e+02
-9.061881e-01 3.712866e-02 -4.212418e-01 3.415556e+02 1.029065e-02 9.977793e-01 6.580768e-02 -3.960149e+01 4.227497e-01 5.529928e-02 -9.045577e-01 3.714898e+02
-9.022723e-01 3.484982e-02 -4.297560e-01 3.412725e+02 8.366900e-03 9.979557e-01 6.336003e-02 -3.952220e+01 4.310855e-01 5.357227e-02 -9.007193e-01 3.708888e+02
-8.979703e-01 3.219924e-02 -4.388764e-01 3.409778e+02 5.853483e-03 9.981052e-01 6.125182e-02 -3.943884e+01 4.400171e-01 5.243336e-02 -8.964573e-01 3.703088e+02
-8.930908e-01 2.986039e-02 -4.488845e-01 3.406913e+02 2.972038e-03 9.981646e-01 6.048613e-02 -3.935743e+01 4.498667e-01 5.268550e-02 -8.915403e-01 3.697509e+02
-8.857255e-01 2.965846e-02 -4.632610e-01 3.403857e+02 2.119266e-03 9.982049e-01 5.985424e-02 -3.927792e+01 4.642046e-01 5.203265e-02 -8.841983e-01 3.692022e+02
-8.783762e-01 3.276434e-02 -4.768457e-01 3.400523e+02 2.107470e-03 9.979035e-01 6.468444e-02 -3.922992e+01 4.779654e-01 5.581233e-02 -8.766037e-01 3.686382e+02
-8.698015e-01 3.662082e-02 -4.920408e-01 3.397133e+02 2.104460e-03 9.975081e-01 7.052078e-02 -3.919590e+01 4.933973e-01 6.030360e-02 -8.677111e-01 3.681100e+02
-8.597217e-01 3.873057e-02 -5.092923e-01 3.393699e+02 7.896399e-04 9.972204e-01 7.450348e-02 -3.913484e+01 5.107622e-01 6.365009e-02 -8.573626e-01 3.675878e+02
-8.476837e-01 4.011050e-02 -5.289834e-01 3.390719e+02 -2.102015e-04 9.971121e-01 7.594350e-02 -3.908263e+01 5.305019e-01 6.448726e-02 -8.452273e-01 3.670990e+02
-8.344875e-01 3.928737e-02 -5.496245e-01 3.387641e+02 -2.572026e-03 9.971664e-01 7.518290e-02 -3.901689e+01 5.510209e-01 6.415284e-02 -8.320219e-01 3.666405e+02
-8.190754e-01 3.944617e-02 -5.723281e-01 3.384194e+02 -3.342592e-03 9.972882e-01 7.351907e-02 -3.898420e+01 5.736761e-01 6.213072e-02 -8.167224e-01 3.661914e+02
-8.007811e-01 4.043959e-02 -5.975904e-01 3.380610e+02 -3.960237e-03 9.973389e-01 7.279777e-02 -3.895445e+01 5.989441e-01 6.066168e-02 -7.984899e-01 3.657431e+02
-7.798259e-01 4.129460e-02 -6.246329e-01 3.376892e+02 -6.097585e-03 9.972734e-01 7.354250e-02 -3.892362e+01 6.259667e-01 6.115910e-02 -7.774479e-01 3.653081e+02
-7.554435e-01 4.353146e-02 -6.537661e-01 3.373431e+02 -9.072599e-03 9.969999e-01 7.686953e-02 -3.887890e+01 6.551510e-01 6.400195e-02 -7.527821e-01 3.648975e+02
-7.252978e-01 4.558517e-02 -6.869244e-01 3.369533e+02 -1.132842e-02 9.968800e-01 7.811548e-02 -3.884265e+01 6.883420e-01 6.443876e-02 -7.225184e-01 3.645083e+02
-6.937364e-01 4.809089e-02 -7.186216e-01 3.365506e+02 -1.458552e-02 9.966256e-01 8.077563e-02 -3.880581e+01 7.200813e-01 6.651847e-02 -6.906941e-01 3.641450e+02
-6.584565e-01 4.884483e-02 -7.510321e-01 3.361225e+02 -1.920777e-02 9.964761e-01 8.164789e-02 -3.877646e+01 7.523737e-01 6.818723e-02 -6.551980e-01 3.637863e+02
-6.190858e-01 4.804393e-02 -7.838524e-01 3.356989e+02 -2.514036e-02 9.964029e-01 8.092742e-02 -3.874105e+01 7.849208e-01 6.980735e-02 -6.156510e-01 3.634699e+02
-5.763861e-01 4.960702e-02 -8.156704e-01 3.352124e+02 -2.718506e-02 9.964392e-01 7.981101e-02 -3.869860e+01 8.167252e-01 6.817600e-02 -5.729852e-01 3.631633e+02
-5.309001e-01 5.451350e-02 -8.456792e-01 3.347403e+02 -2.516924e-02 9.964743e-01 8.003466e-02 -3.866493e+01 8.470605e-01 6.377551e-02 -5.276562e-01 3.629170e+02
-4.818457e-01 5.789181e-02 -8.743416e-01 3.342398e+02 -2.443450e-02 9.965395e-01 7.944850e-02 -3.863000e+01 8.759154e-01 5.964602e-02 -4.787637e-01 3.626889e+02
-4.285568e-01 5.831165e-02 -9.016312e-01 3.337196e+02 -2.981639e-02 9.964589e-01 7.861661e-02 -3.859421e+01 9.030227e-01 6.057507e-02 -4.253006e-01 3.624691e+02
-3.714796e-01 5.983919e-02 -9.265107e-01 3.331901e+02 -3.390725e-02 9.963808e-01 7.794672e-02 -3.855856e+01 9.278217e-01 6.037105e-02 -3.681062e-01 3.622948e+02
-3.122598e-01 6.258901e-02 -9.479327e-01 3.326360e+02 -3.419516e-02 9.964402e-01 7.705608e-02 -3.851933e+01 9.493811e-01 5.647622e-02 -3.090080e-01 3.621455e+02
-2.481352e-01 6.356778e-02 -9.666375e-01 3.320740e+02 -2.604895e-02 9.970460e-01 7.225424e-02 -3.848725e+01 9.683751e-01 4.310871e-02 -2.457463e-01 3.620418e+02
-1.852872e-01 5.987160e-02 -9.808588e-01 3.315090e+02 -2.526574e-02 9.975220e-01 6.566149e-02 -3.845953e+01 9.823596e-01 3.694835e-02 -1.833153e-01 3.619783e+02
-1.212253e-01 5.307136e-02 -9.912053e-01 3.309528e+02 -3.025654e-02 9.979081e-01 5.713065e-02 -3.843395e+01 9.921638e-01 3.691613e-02 -1.193660e-01 3.619413e+02
-5.677677e-02 4.529262e-02 -9.973590e-01 3.303900e+02 -3.777788e-02 9.981576e-01 4.747947e-02 -3.840938e+01 9.976719e-01 4.037384e-02 -5.496110e-02 3.619328e+02
7.031233e-03 3.962289e-02 -9.991900e-01 3.298399e+02 -3.887967e-02 9.984700e-01 3.932075e-02 -3.839299e+01 9.992192e-01 3.857170e-02 8.560999e-03 3.619670e+02
6.947667e-02 3.549629e-02 -9.969519e-01 3.292737e+02 -3.729262e-02 9.987606e-01 3.296180e-02 -3.837578e+01 9.968863e-01 3.488887e-02 7.071432e-02 3.620439e+02
1.283652e-01 3.114272e-02 -9.912379e-01 3.287086e+02 -3.118985e-02 9.991392e-01 2.735188e-02 -3.836909e+01 9.912364e-01 2.740554e-02 1.292260e-01 3.621625e+02
1.815890e-01 2.757208e-02 -9.829879e-01 3.281423e+02 -2.318950e-02 9.994489e-01 2.374996e-02 -3.835548e+01 9.831011e-01 1.848227e-02 1.821283e-01 3.623048e+02
2.295985e-01 2.567392e-02 -9.729467e-01 3.275639e+02 -2.072760e-02 9.995543e-01 2.148468e-02 -3.836461e+01 9.730647e-01 1.523401e-02 2.300283e-01 3.624700e+02
2.732877e-01 2.288935e-02 -9.616600e-01 3.269832e+02 -2.231015e-02 9.995988e-01 1.745220e-02 -3.836704e+01 9.616736e-01 1.668530e-02 2.736888e-01 3.626556e+02
3.142471e-01 1.782564e-02 -9.491738e-01 3.263958e+02 -2.027353e-02 9.997217e-01 1.206289e-02 -3.836814e+01 9.491247e-01 1.545237e-02 3.145211e-01 3.628705e+02
3.463172e-01 9.752429e-03 -9.380668e-01 3.257915e+02 -1.493540e-02 9.998765e-01 4.881142e-03 -3.836136e+01 9.379986e-01 1.231998e-02 3.464201e-01 3.631244e+02
3.730878e-01 1.786534e-03 -9.277943e-01 3.252086e+02 -7.764094e-03 9.999691e-01 -1.196612e-03 -3.835949e+01 9.277636e-01 7.649924e-03 3.730901e-01 3.633974e+02
3.940442e-01 -2.516595e-03 -9.190881e-01 3.246071e+02 -2.686484e-03 9.999888e-01 -3.889899e-03 -3.836407e+01 9.190876e-01 4.001908e-03 3.940330e-01 3.636758e+02
4.092865e-01 -5.016386e-03 -9.123921e-01 3.240146e+02 -1.475364e-03 9.999799e-01 -6.159776e-03 -3.837061e+01 9.124047e-01 3.867223e-03 4.092709e-01 3.639363e+02
4.205556e-01 -9.641273e-03 -9.072155e-01 3.233980e+02 -6.639211e-05 9.999432e-01 -1.065750e-02 -3.836995e+01 9.072668e-01 4.542302e-03 4.205311e-01 3.642424e+02
4.293657e-01 -1.624900e-02 -9.029845e-01 3.227758e+02 3.193930e-03 9.998592e-01 -1.647354e-02 -3.837597e+01 9.031251e-01 4.189104e-03 4.293571e-01 3.645486e+02
4.354356e-01 -2.172346e-02 -8.999577e-01 3.221599e+02 6.450361e-03 9.997584e-01 -2.101154e-02 -3.838851e+01 9.001968e-01 3.344121e-03 4.354705e-01 3.648543e+02
4.392272e-01 -2.544238e-02 -8.980157e-01 3.215299e+02 1.031100e-02 9.996758e-01 -2.327940e-02 -3.840166e+01 8.983168e-01 9.655107e-04 4.393472e-01 3.651729e+02
4.403094e-01 -2.722328e-02 -8.974333e-01 3.208811e+02 1.418411e-02 9.996264e-01 -2.336409e-02 -3.841739e+01 8.977341e-01 -2.441860e-03 4.405310e-01 3.655005e+02
4.407774e-01 -3.059246e-02 -8.970950e-01 3.202187e+02 2.160106e-02 9.994911e-01 -2.347092e-02 -3.842850e+01 8.973565e-01 -9.032752e-03 4.412139e-01 3.658444e+02
4.343541e-01 -2.947533e-02 -9.002598e-01 3.195384e+02 2.252552e-02 9.995073e-01 -2.185675e-02 -3.843833e+01 9.004605e-01 -1.078525e-02 4.348041e-01 3.661890e+02
4.231952e-01 -2.453612e-02 -9.057063e-01 3.188388e+02 2.756724e-02 9.995191e-01 -1.419665e-02 -3.847460e+01 9.056191e-01 -1.895987e-02 4.236681e-01 3.665430e+02
4.089440e-01 -1.820485e-02 -9.123779e-01 3.181352e+02 3.201586e-02 9.994717e-01 -5.592577e-03 -3.847903e+01 9.119977e-01 -2.692351e-02 4.093108e-01 3.668702e+02
3.917936e-01 -1.267264e-02 -9.199659e-01 3.174126e+02 3.343922e-02 9.994406e-01 4.736217e-04 -3.848651e+01 9.194453e-01 -3.094850e-02 3.919982e-01 3.671982e+02
3.731558e-01 -1.220879e-02 -9.276884e-01 3.166758e+02 3.050346e-02 9.995343e-01 -8.845211e-04 -3.849970e+01 9.272671e-01 -2.796764e-02 3.733544e-01 3.674956e+02
3.520615e-01 -1.788019e-02 -9.358061e-01 3.159291e+02 2.956051e-02 9.995312e-01 -7.976744e-03 -3.850345e+01 9.355100e-01 -2.485460e-02 3.524250e-01 3.677880e+02
3.303798e-01 -2.206150e-02 -9.435902e-01 3.151806e+02 3.034243e-02 9.994583e-01 -1.274390e-02 -3.849999e+01 9.433602e-01 -2.442049e-02 3.308703e-01 3.680734e+02
3.090177e-01 -2.386658e-02 -9.507568e-01 3.144215e+02 3.015890e-02 9.994282e-01 -1.528603e-02 -3.849867e+01 9.505780e-01 -2.395013e-02 3.095608e-01 3.683180e+02
2.864179e-01 -2.372043e-02 -9.578111e-01 3.136568e+02 2.674751e-02 9.995018e-01 -1.675450e-02 -3.850596e+01 9.577314e-01 -2.082027e-02 2.869097e-01 3.685304e+02
2.649116e-01 -2.408992e-02 -9.639717e-01 3.128754e+02 2.855414e-02 9.994455e-01 -1.712938e-02 -3.852945e+01 9.638498e-01 -2.298761e-02 2.654526e-01 3.687413e+02
2.392986e-01 -2.340582e-02 -9.706639e-01 3.120759e+02 2.827864e-02 9.994533e-01 -1.712846e-02 -3.855049e+01 9.705341e-01 -2.335024e-02 2.398296e-01 3.689445e+02
2.134620e-01 -2.152096e-02 -9.767143e-01 3.112761e+02 2.700864e-02 9.995052e-01 -1.612037e-02 -3.857157e+01 9.765779e-01 -2.293864e-02 2.139377e-01 3.691219e+02
1.873507e-01 -1.968239e-02 -9.820959e-01 3.104635e+02 2.461336e-02 9.995794e-01 -1.533738e-02 -3.858417e+01 9.819847e-01 -2.129921e-02 1.877563e-01 3.692872e+02
1.606976e-01 -1.773810e-02 -9.868443e-01 3.096471e+02 2.321875e-02 9.996297e-01 -1.418697e-02 -3.860359e+01 9.867305e-01 -2.063348e-02 1.610500e-01 3.694303e+02
1.346101e-01 -1.586684e-02 -9.907716e-01 3.088401e+02 2.269821e-02 9.996588e-01 -1.292530e-02 -3.862294e+01 9.906386e-01 -2.074887e-02 1.349243e-01 3.695277e+02
1.080401e-01 -1.433553e-02 -9.940432e-01 3.080139e+02 2.145068e-02 9.996969e-01 -1.208565e-02 -3.863884e+01 9.939151e-01 -2.001716e-02 1.083148e-01 3.696163e+02
8.127210e-02 -1.329698e-02 -9.966032e-01 3.071904e+02 1.957746e-02 9.997394e-01 -1.174230e-02 -3.866126e+01 9.964997e-01 -1.855664e-02 8.151124e-02 3.696799e+02
5.461506e-02 -1.219835e-02 -9.984330e-01 3.063616e+02 1.902354e-02 9.997566e-01 -1.117392e-02 -3.866187e+01 9.983262e-01 -1.838347e-02 5.483382e-02 3.697146e+02
2.778899e-02 -1.057456e-02 -9.995579e-01 3.055158e+02 1.659136e-02 9.998112e-01 -1.011598e-02 -3.867202e+01 9.994761e-01 -1.630291e-02 2.795919e-02 3.697338e+02
4.554119e-03 -9.208363e-03 -9.999472e-01 3.046690e+02 1.777558e-02 9.998004e-01 -9.126054e-03 -3.868624e+01 9.998316e-01 -1.773308e-02 4.716893e-03 3.697324e+02
-2.173599e-02 -9.304207e-03 -9.997205e-01 3.037762e+02 1.664630e-02 9.998147e-01 -9.667009e-03 -3.868749e+01 9.996252e-01 -1.685177e-02 -2.157708e-02 3.697228e+02
-4.680728e-02 -9.231713e-03 -9.988613e-01 3.029369e+02 1.607246e-02 9.998209e-01 -9.993748e-03 -3.869481e+01 9.987746e-01 -1.652194e-02 -4.665052e-02 3.696718e+02
-7.166157e-02 -8.878384e-03 -9.973895e-01 3.020818e+02 1.617238e-02 9.998186e-01 -1.006198e-02 -3.869923e+01 9.972979e-01 -1.685122e-02 -7.150499e-02 3.696076e+02
-9.625376e-02 -7.237412e-03 -9.953305e-01 3.012143e+02 1.554541e-02 9.998407e-01 -8.773531e-03 -3.871419e+01 9.952354e-01 -1.631731e-02 -9.612592e-02 3.695185e+02
-1.198982e-01 -7.620758e-03 -9.927569e-01 3.003612e+02 1.666597e-02 9.998142e-01 -9.687730e-03 -3.872999e+01 9.926463e-01 -1.770680e-02 -1.197489e-01 3.694097e+02
-1.435186e-01 -7.595035e-03 -9.896185e-01 2.994893e+02 1.697815e-02 9.998045e-01 -1.013545e-02 -3.874268e+01 9.895020e-01 -1.825651e-02 -1.433615e-01 3.692812e+02
-1.660110e-01 -6.681861e-03 -9.861013e-01 2.986360e+02 1.772388e-02 9.997953e-01 -9.758484e-03 -3.875835e+01 9.859646e-01 -1.909756e-02 -1.658586e-01 3.691301e+02
-1.870678e-01 -6.014343e-03 -9.823286e-01 2.977807e+02 1.753662e-02 9.998015e-01 -9.460872e-03 -3.878101e+01 9.821905e-01 -1.899655e-02 -1.869251e-01 3.689584e+02
-2.056299e-01 -8.129777e-03 -9.785961e-01 2.969435e+02 1.577918e-02 9.998080e-01 -1.162164e-02 -3.879579e+01 9.785026e-01 -1.783120e-02 -2.054622e-01 3.687508e+02
-2.203938e-01 -1.301687e-02 -9.753241e-01 2.961038e+02 1.626285e-02 9.997229e-01 -1.701741e-02 -3.881748e+01 9.752754e-01 -1.961208e-02 -2.201210e-01 3.685435e+02
-2.363269e-01 -1.664180e-02 -9.715311e-01 2.952518e+02 1.492177e-02 9.996733e-01 -2.075361e-02 -3.884271e+01 9.715590e-01 -1.940160e-02 -2.360013e-01 3.683190e+02
-2.504348e-01 -1.842152e-02 -9.679582e-01 2.944039e+02 1.340620e-02 9.996571e-01 -2.249330e-02 -3.887194e+01 9.680406e-01 -1.860974e-02 -2.501020e-01 3.680785e+02
-2.634496e-01 -1.871340e-02 -9.644916e-01 2.935338e+02 1.142515e-02 9.996812e-01 -2.251692e-02 -3.889766e+01 9.646055e-01 -1.695154e-02 -2.631518e-01 3.678344e+02
-2.747044e-01 -1.892989e-02 -9.613424e-01 2.926573e+02 9.073136e-03 9.997106e-01 -2.227806e-02 -3.892456e+01 9.614859e-01 -1.484227e-02 -2.744531e-01 3.675735e+02
-2.840395e-01 -1.818742e-02 -9.586401e-01 2.917944e+02 5.631113e-03 9.997712e-01 -2.063623e-02 -3.895074e+01 9.587961e-01 -1.125972e-02 -2.838721e-01 3.673003e+02
-2.917491e-01 -1.836087e-02 -9.563186e-01 2.909214e+02 2.694383e-03 9.997960e-01 -2.001760e-02 -3.897549e+01 9.564911e-01 -8.416807e-03 -2.916401e-01 3.670187e+02
-2.980683e-01 -1.940261e-02 -9.543473e-01 2.900384e+02 -1.096118e-03 9.997997e-01 -1.998435e-02 -3.900269e+01 9.545439e-01 -4.910623e-03 -2.980299e-01 3.667274e+02
-3.029031e-01 -2.093374e-02 -9.527914e-01 2.891581e+02 -2.578453e-03 9.997731e-01 -2.114626e-02 -3.903158e+01 9.530179e-01 -3.948538e-03 -3.028883e-01 3.664332e+02
-3.075453e-01 -2.304953e-02 -9.512542e-01 2.882924e+02 -4.616023e-03 9.997309e-01 -2.273177e-02 -3.905969e+01 9.515222e-01 -2.600038e-03 -3.075689e-01 3.661308e+02
-3.097835e-01 -2.500937e-02 -9.504781e-01 2.874018e+02 -1.254788e-03 9.996639e-01 -2.589460e-02 -3.909208e+01 9.508063e-01 -6.829074e-03 -3.097108e-01 3.658259e+02
-3.145516e-01 -2.827239e-02 -9.488193e-01 2.865211e+02 1.311520e-03 9.995425e-01 -3.021861e-02 -3.913011e+01 9.492395e-01 -1.074971e-02 -3.143706e-01 3.655291e+02
-3.190469e-01 -3.190658e-02 -9.472017e-01 2.856404e+02 3.875117e-03 9.993809e-01 -3.496951e-02 -3.916648e+01 9.477310e-01 -1.482743e-02 -3.187258e-01 3.652295e+02
-3.235041e-01 -3.268579e-02 -9.456621e-01 2.847621e+02 4.073829e-03 9.993458e-01 -3.593494e-02 -3.920902e+01 9.462180e-01 -1.547756e-02 -3.231593e-01 3.649230e+02
-3.278302e-01 -2.744824e-02 -9.443378e-01 2.838712e+02 5.936593e-03 9.994983e-01 -3.111245e-02 -3.924801e+01 9.447180e-01 -1.580575e-02 -3.275028e-01 3.646167e+02
-3.310799e-01 -2.232884e-02 -9.433385e-01 2.829848e+02 5.141490e-03 9.996625e-01 -2.546652e-02 -3.928572e+01 9.435887e-01 -1.328162e-02 -3.308533e-01 3.642981e+02
-3.331752e-01 -2.278414e-02 -9.425896e-01 2.820987e+02 1.535123e-03 9.996936e-01 -2.470707e-02 -3.931639e+01 9.428637e-01 -9.678774e-03 -3.330381e-01 3.639825e+02
-3.337254e-01 -2.796568e-02 -9.422554e-01 2.811993e+02 -2.502120e-03 9.995826e-01 -2.878093e-02 -3.933613e+01 9.426670e-01 -7.247290e-03 -3.336561e-01 3.636650e+02
-3.337683e-01 -3.113576e-02 -9.421408e-01 2.803412e+02 -2.239987e-03 9.994777e-01 -3.223707e-02 -3.936480e+01 9.426525e-01 -8.649330e-03 -3.336637e-01 3.633726e+02
-3.326158e-01 -3.431567e-02 -9.424379e-01 2.794636e+02 -1.546185e-03 9.993563e-01 -3.584246e-02 -3.940571e+01 9.430611e-01 -1.046459e-02 -3.324548e-01 3.630569e+02
-3.291474e-01 -3.686205e-02 -9.435588e-01 2.785966e+02 1.725449e-03 9.992126e-01 -3.963818e-02 -3.944569e+01 9.442770e-01 -1.467487e-02 -3.288246e-01 3.627514e+02
-3.273258e-01 -3.842461e-02 -9.441300e-01 2.777080e+02 4.189815e-03 9.991040e-01 -4.211456e-02 -3.948511e+01 9.449023e-01 -1.774091e-02 -3.268715e-01 3.624375e+02
-3.245240e-01 -3.826136e-02 -9.451033e-01 2.768367e+02 6.754072e-03 9.990623e-01 -4.276500e-02 -3.954313e+01 9.458534e-01 -2.026156e-02 -3.239612e-01 3.621380e+02
-3.204879e-01 -3.873165e-02 -9.464604e-01 2.759756e+02 8.807161e-03 9.989987e-01 -4.386391e-02 -3.959641e+01 9.472117e-01 -2.239348e-02 -3.198259e-01 3.618446e+02
-3.157582e-01 -4.002957e-02 -9.479949e-01 2.751345e+02 7.847040e-03 9.989654e-01 -4.479551e-02 -3.966517e+01 9.488072e-01 -2.158351e-02 -3.151174e-01 3.615725e+02
-3.106889e-01 -4.139124e-02 -9.496100e-01 2.742737e+02 1.044137e-02 9.988425e-01 -4.695333e-02 -3.971148e+01 9.504543e-01 -2.450311e-02 -3.098971e-01 3.613000e+02
-3.040212e-01 -4.274310e-02 -9.517059e-01 2.734088e+02 1.159459e-02 9.987530e-01 -4.855996e-02 -3.976061e+01 9.525947e-01 -2.579790e-02 -3.031465e-01 3.610234e+02
-2.960133e-01 -4.338783e-02 -9.541979e-01 2.725440e+02 1.229342e-02 9.987120e-01 -4.922560e-02 -3.981350e+01 9.551047e-01 -2.630178e-02 -2.950986e-01 3.607464e+02
-2.882929e-01 -4.478018e-02 -9.564946e-01 2.716849e+02 1.389818e-02 9.986050e-01 -5.094066e-02 -3.986480e+01 9.574414e-01 -2.797936e-02 -2.872684e-01 3.605036e+02
-2.793391e-01 -4.597153e-02 -9.590914e-01 2.708139e+02 1.551014e-02 9.985069e-01 -5.237820e-02 -3.992207e+01 9.600672e-01 -2.950692e-02 -2.782090e-01 3.602458e+02
-2.675525e-01 -4.825398e-02 -9.623342e-01 2.699399e+02 1.762307e-02 9.983331e-01 -5.495870e-02 -3.998129e+01 9.633821e-01 -3.166362e-02 -2.662561e-01 3.599939e+02
-2.575761e-01 -4.945413e-02 -9.649916e-01 2.690749e+02 1.921537e-02 9.982297e-01 -5.628650e-02 -4.003614e+01 9.660669e-01 -3.304073e-02 -2.561699e-01 3.597836e+02
-2.461582e-01 -4.983199e-02 -9.679478e-01 2.681851e+02 1.954744e-02 9.982191e-01 -5.636151e-02 -4.009878e+01 9.690325e-01 -3.279475e-02 -2.447457e-01 3.595702e+02
-2.321452e-01 -4.955221e-02 -9.714181e-01 2.673175e+02 1.947548e-02 9.982645e-01 -5.557582e-02 -4.015363e+01 9.724861e-01 -3.182050e-02 -2.307773e-01 3.593476e+02
-2.182758e-01 -4.849726e-02 -9.746813e-01 2.664224e+02 1.968190e-02 9.983425e-01 -5.408225e-02 -4.021730e+01 9.756886e-01 -3.098843e-02 -2.169595e-01 3.591608e+02
-2.033611e-01 -4.870944e-02 -9.778914e-01 2.655358e+02 2.099903e-02 9.983150e-01 -5.409369e-02 -4.027505e+01 9.788786e-01 -3.153533e-02 -2.019956e-01 3.589815e+02
-1.883780e-01 -4.956654e-02 -9.808450e-01 2.646461e+02 2.228730e-02 9.982526e-01 -5.472666e-02 -4.033522e+01 9.818437e-01 -3.216969e-02 -1.869442e-01 3.588128e+02
-1.738989e-01 -4.958172e-02 -9.835145e-01 2.637619e+02 2.315060e-02 9.982498e-01 -5.441792e-02 -4.039332e+01 9.844913e-01 -3.223217e-02 -1.724467e-01 3.586652e+02
-1.589686e-01 -4.891707e-02 -9.860710e-01 2.628674e+02 2.538711e-02 9.982390e-01 -5.361346e-02 -4.044634e+01 9.869572e-01 -3.355635e-02 -1.574468e-01 3.585267e+02
-1.443872e-01 -4.918251e-02 -9.882982e-01 2.619767e+02 2.791171e-02 9.981642e-01 -5.375130e-02 -4.050464e+01 9.891275e-01 -3.534610e-02 -1.427494e-01 3.584016e+02
-1.278373e-01 -5.237445e-02 -9.904113e-01 2.610878e+02 3.157429e-02 9.978836e-01 -5.684505e-02 -4.056041e+01 9.912924e-01 -3.853845e-02 -1.259131e-01 3.582916e+02
-1.129858e-01 -5.771670e-02 -9.919188e-01 2.602046e+02 3.215190e-02 9.975762e-01 -6.170819e-02 -4.062059e+01 9.930763e-01 -3.886423e-02 -1.108563e-01 3.581908e+02
-9.767326e-02 -6.225628e-02 -9.932694e-01 2.593253e+02 3.453858e-02 9.972282e-01 -6.590077e-02 -4.068184e+01 9.946190e-01 -4.074285e-02 -9.525229e-02 3.580976e+02
-8.292937e-02 -6.438004e-02 -9.944737e-01 2.584197e+02 3.618680e-02 9.970584e-01 -6.756499e-02 -4.073913e+01 9.958982e-01 -4.158994e-02 -8.035572e-02 3.580370e+02
-6.780808e-02 -6.317463e-02 -9.956963e-01 2.575195e+02 3.522385e-02 9.972195e-01 -6.567006e-02 -4.081012e+01 9.970764e-01 -3.952521e-02 -6.539429e-02 3.579847e+02
-5.204703e-02 -6.138898e-02 -9.967560e-01 2.565946e+02 3.420237e-02 9.974137e-01 -6.321541e-02 -4.087556e+01 9.980588e-01 -3.738159e-02 -4.981277e-02 3.579429e+02
-3.620175e-02 -6.223007e-02 -9.974051e-01 2.556855e+02 3.561007e-02 9.973451e-01 -6.351883e-02 -4.093834e+01 9.987098e-01 -3.781716e-02 -3.388962e-02 3.579155e+02
-1.951051e-02 -6.349497e-02 -9.977914e-01 2.547830e+02 3.695811e-02 9.972535e-01 -6.418341e-02 -4.100642e+01 9.991263e-01 -3.812874e-02 -1.711027e-02 3.578967e+02
-3.308275e-03 -6.365946e-02 -9.979662e-01 2.538741e+02 3.857463e-02 9.972208e-01 -6.373978e-02 -4.107294e+01 9.992502e-01 -3.870704e-02 -8.434413e-04 3.579060e+02
1.403597e-02 -6.507956e-02 -9.977814e-01 2.529504e+02 3.753643e-02 9.972106e-01 -6.451429e-02 -4.113798e+01 9.991967e-01 -3.654763e-02 1.643968e-02 3.579139e+02
3.323014e-02 -6.831073e-02 -9.971105e-01 2.520364e+02 3.843518e-02 9.970109e-01 -6.702299e-02 -4.120672e+01 9.987084e-01 -3.609694e-02 3.575635e-02 3.579477e+02
5.175304e-02 -7.397802e-02 -9.959161e-01 2.511266e+02 3.742111e-02 9.966958e-01 -7.209134e-02 -4.127543e+01 9.979586e-01 -3.353734e-02 5.435038e-02 3.579956e+02
7.071002e-02 -7.797611e-02 -9.944445e-01 2.502166e+02 3.740124e-02 9.964461e-01 -7.547364e-02 -4.134480e+01 9.967955e-01 -3.185672e-02 7.337513e-02 3.580638e+02
9.053298e-02 -7.694503e-02 -9.929165e-01 2.493122e+02 3.460166e-02 9.966519e-01 -7.407956e-02 -4.141417e+01 9.952922e-01 -2.764992e-02 9.289229e-02 3.581506e+02
1.110408e-01 -7.326421e-02 -9.911116e-01 2.483528e+02 3.345828e-02 9.969892e-01 -6.995014e-02 -4.149273e+01 9.932525e-01 -2.539357e-02 1.131578e-01 3.582446e+02
1.308815e-01 -7.155400e-02 -9.888124e-01 2.474226e+02 3.250606e-02 9.971655e-01 -6.785587e-02 -4.156119e+01 9.908650e-01 -2.326132e-02 1.328365e-01 3.583707e+02
1.508217e-01 -7.362639e-02 -9.858154e-01 2.465022e+02 3.514631e-02 9.969915e-01 -6.908400e-02 -4.163150e+01 9.879360e-01 -2.422841e-02 1.529557e-01 3.585146e+02
1.704066e-01 -7.474401e-02 -9.825349e-01 2.455656e+02 3.593004e-02 9.969272e-01 -6.960732e-02 -4.170711e+01 9.847185e-01 -2.344098e-02 1.725686e-01 3.586994e+02
1.902946e-01 -7.486754e-02 -9.788681e-01 2.446378e+02 3.440069e-02 9.969841e-01 -6.956552e-02 -4.177816e+01 9.811241e-01 -2.043580e-02 1.922962e-01 3.588833e+02
2.095694e-01 -7.475561e-02 -9.749319e-01 2.437028e+02 3.348590e-02 9.970370e-01 -6.925252e-02 -4.185020e+01 9.772202e-01 -1.813326e-02 2.114518e-01 3.591012e+02
2.304355e-01 -7.661433e-02 -9.700669e-01 2.427743e+02 3.622202e-02 9.968802e-01 -7.012760e-02 -4.192389e+01 9.724132e-01 -1.897789e-02 2.324917e-01 3.593199e+02
2.505349e-01 -7.718266e-02 -9.650260e-01 2.418532e+02 3.591653e-02 9.968717e-01 -7.040522e-02 -4.199594e+01 9.674411e-01 -1.702142e-02 2.525233e-01 3.595649e+02
2.701917e-01 -7.573180e-02 -9.598235e-01 2.409240e+02 3.568262e-02 9.970045e-01 -6.862073e-02 -4.206790e+01 9.621451e-01 -1.570827e-02 2.720847e-01 3.598385e+02
2.901046e-01 -7.337335e-02 -9.541780e-01 2.399994e+02 3.603978e-02 9.971868e-01 -6.572320e-02 -4.214335e+01 9.563161e-01 -1.532176e-02 2.919329e-01 3.601205e+02
3.098695e-01 -7.222566e-02 -9.480318e-01 2.390865e+02 3.642804e-02 9.972803e-01 -6.407094e-02 -4.221424e+01 9.500810e-01 -1.468132e-02 3.116577e-01 3.604223e+02
3.295845e-01 -7.137384e-02 -9.414244e-01 2.381769e+02 3.738511e-02 9.973430e-01 -6.252509e-02 -4.228292e+01 9.433856e-01 -1.458795e-02 3.313771e-01 3.607460e+02
3.492552e-01 -7.114392e-02 -9.343229e-01 2.372756e+02 3.837968e-02 9.973629e-01 -6.159755e-02 -4.235148e+01 9.362413e-01 -1.434575e-02 3.510647e-01 3.610804e+02
3.678273e-01 -7.179963e-02 -9.271180e-01 2.363823e+02 3.912054e-02 9.973268e-01 -6.171608e-02 -4.242256e+01 9.290708e-01 -1.356849e-02 3.696529e-01 3.614452e+02
3.864025e-01 -7.359995e-02 -9.193890e-01 2.355078e+02 4.082914e-02 9.971989e-01 -6.266913e-02 -4.249041e+01 9.214261e-01 -1.332235e-02 3.883252e-01 3.618205e+02
4.047083e-01 -7.689948e-02 -9.112067e-01 2.346353e+02 4.550819e-02 9.969168e-01 -6.392056e-02 -4.256140e+01 9.133128e-01 -1.559818e-02 4.069601e-01 3.622138e+02
4.221898e-01 -7.809808e-02 -9.031370e-01 2.338243e+02 5.315866e-02 9.967004e-01 -6.133880e-02 -4.263638e+01 9.049475e-01 -2.211294e-02 4.249483e-01 3.626326e+02
4.393311e-01 -7.729481e-02 -8.949937e-01 2.329618e+02 5.611001e-02 9.967072e-01 -5.853608e-02 -4.270824e+01 8.965712e-01 -2.450138e-02 4.422215e-01 3.630645e+02
4.565745e-01 -7.694770e-02 -8.863514e-01 2.321099e+02 5.982964e-02 9.966531e-01 -5.570419e-02 -4.277879e+01 8.876712e-01 -2.759697e-02 4.596501e-01 3.635056e+02
4.725726e-01 -7.936554e-02 -8.777108e-01 2.312998e+02 6.313734e-02 9.964265e-01 -5.610612e-02 -4.284951e+01 8.790272e-01 -2.890211e-02 4.758948e-01 3.639663e+02
4.888073e-01 -8.144965e-02 -8.685813e-01 2.304637e+02 6.354615e-02 9.963115e-01 -5.766576e-02 -4.290774e+01 8.700743e-01 -2.700756e-02 4.921801e-01 3.644423e+02
5.054849e-01 -8.148111e-02 -8.589795e-01 2.296336e+02 6.428167e-02 9.963208e-01 -5.668110e-02 -4.297185e+01 8.604376e-01 -2.656520e-02 5.088629e-01 3.649303e+02
5.217082e-01 -7.883229e-02 -8.494740e-01 2.288294e+02 6.367452e-02 9.965424e-01 -5.337445e-02 -4.303553e+01 8.507445e-01 -2.624396e-02 5.249239e-01 3.654285e+02
5.375337e-01 -7.789746e-02 -8.396366e-01 2.280229e+02 6.486802e-02 9.965933e-01 -5.093078e-02 -4.310310e+01 8.407435e-01 -2.708855e-02 5.407555e-01 3.659617e+02
5.532817e-01 -7.911225e-02 -8.292289e-01 2.272311e+02 6.638807e-02 9.965011e-01 -5.077506e-02 -4.315625e+01 8.303445e-01 -2.695800e-02 5.565979e-01 3.664952e+02
5.682221e-01 -8.049907e-02 -8.189283e-01 2.264830e+02 6.842088e-02 9.963792e-01 -5.046761e-02 -4.321630e+01 8.200258e-01 -2.735499e-02 5.716725e-01 3.670493e+02
5.837925e-01 -8.123987e-02 -8.078282e-01 2.257022e+02 7.050520e-02 9.962953e-01 -4.924128e-02 -4.326661e+01 8.088358e-01 -2.820940e-02 5.873576e-01 3.676144e+02
5.986791e-01 -7.932138e-02 -7.970517e-01 2.249661e+02 6.956092e-02 9.964737e-01 -4.691917e-02 -4.331066e+01 7.979628e-01 -2.735412e-02 6.020857e-01 3.682021e+02
6.142769e-01 -7.879076e-02 -7.851471e-01 2.241796e+02 6.946537e-02 9.965390e-01 -4.565654e-02 -4.335078e+01 7.860270e-01 -2.649477e-02 6.176241e-01 3.688015e+02
6.305914e-01 -7.392347e-02 -7.725865e-01 2.234300e+02 6.286868e-02 9.970476e-01 -4.408668e-02 -4.341235e+01 7.735645e-01 -2.077081e-02 6.333771e-01 3.694050e+02
6.466382e-01 -7.139534e-02 -7.594483e-01 2.227198e+02 5.921018e-02 9.973042e-01 -4.334108e-02 -4.346953e+01 7.604953e-01 -1.694107e-02 6.491224e-01 3.700275e+02
6.620808e-01 -6.877903e-02 -7.462697e-01 2.220124e+02 5.731537e-02 9.975104e-01 -4.108486e-02 -4.351814e+01 7.472376e-01 -1.557122e-02 6.643746e-01 3.706756e+02
6.775537e-01 -6.798690e-02 -7.323242e-01 2.212925e+02 5.873931e-02 9.975398e-01 -3.826257e-02 -4.356072e+01 7.331239e-01 -1.709127e-02 6.798803e-01 3.713376e+02
6.922901e-01 -6.718453e-02 -7.184849e-01 2.206091e+02 5.996265e-02 9.975690e-01 -3.550478e-02 -4.360424e+01 7.191237e-01 -1.850265e-02 6.946357e-01 3.720116e+02
7.069198e-01 -6.818333e-02 -7.039996e-01 2.199170e+02 6.226484e-02 9.974775e-01 -3.408395e-02 -4.363357e+01 7.045477e-01 -1.973980e-02 7.093820e-01 3.727028e+02
7.202086e-01 -6.821460e-02 -6.903958e-01 2.192977e+02 6.298333e-02 9.974737e-01 -3.285236e-02 -4.367965e+01 6.908926e-01 -1.982288e-02 7.226856e-01 3.733999e+02
7.340723e-01 -6.907276e-02 -6.755493e-01 2.186653e+02 6.548607e-02 9.973774e-01 -3.081951e-02 -4.371339e+01 6.759064e-01 -2.161532e-02 7.366704e-01 3.741021e+02
7.476866e-01 -6.878612e-02 -6.604795e-01 2.180494e+02 6.534223e-02 9.974146e-01 -2.990672e-02 -4.375299e+01 6.608291e-01 -2.079635e-02 7.502482e-01 3.748238e+02
7.613567e-01 -6.903567e-02 -6.446472e-01 2.174436e+02 6.550762e-02 9.974175e-01 -2.944667e-02 -4.377991e+01 6.450153e-01 -1.980988e-02 7.639129e-01 3.755588e+02
7.752180e-01 -6.911533e-02 -6.279014e-01 2.168323e+02 6.579601e-02 9.974244e-01 -2.855713e-02 -4.381428e+01 6.282579e-01 -1.917541e-02 7.777688e-01 3.763120e+02
7.882439e-01 -6.920489e-02 -6.114591e-01 2.162561e+02 6.648660e-02 9.974171e-01 -2.717840e-02 -4.384941e+01 6.117607e-01 -1.923064e-02 7.908091e-01 3.770929e+02
8.011350e-01 -6.799004e-02 -5.946092e-01 2.156633e+02 6.603652e-02 9.975018e-01 -2.508543e-02 -4.388026e+01 5.948293e-01 -1.916910e-02 8.036235e-01 3.779072e+02
8.131411e-01 -6.783200e-02 -5.781007e-01 2.151152e+02 6.685262e-02 9.974975e-01 -2.300921e-02 -4.391309e+01 5.782148e-01 -1.993782e-02 8.156409e-01 3.787287e+02
8.258108e-01 -6.720040e-02 -5.599291e-01 2.145439e+02 6.663369e-02 9.975470e-01 -2.144688e-02 -4.394111e+01 5.599968e-01 -1.959907e-02 8.282629e-01 3.795565e+02
8.377288e-01 -6.595246e-02 -5.420892e-01 2.140109e+02 6.623014e-02 9.976230e-01 -1.902417e-02 -4.398468e+01 5.420554e-01 -1.996555e-02 8.401056e-01 3.804025e+02
8.494480e-01 -6.395686e-02 -5.237821e-01 2.134803e+02 6.443061e-02 9.977715e-01 -1.734286e-02 -4.401446e+01 5.237240e-01 -1.901574e-02 8.516757e-01 3.812695e+02
8.606279e-01 -6.372124e-02 -5.052319e-01 2.129509e+02 6.536414e-02 9.977562e-01 -1.449642e-02 -4.403012e+01 5.050220e-01 -2.054803e-02 8.628618e-01 3.821585e+02
8.716922e-01 -6.347104e-02 -4.859261e-01 2.124317e+02 6.436271e-02 9.978157e-01 -1.487455e-02 -4.404165e+01 4.858088e-01 -1.830949e-02 8.738733e-01 3.830669e+02
8.822682e-01 -6.118253e-02 -4.667542e-01 2.119586e+02 6.152645e-02 9.979998e-01 -1.452011e-02 -4.407251e+01 4.667090e-01 -1.590709e-02 8.842679e-01 3.839679e+02
8.922765e-01 -6.069135e-02 -4.473916e-01 2.114964e+02 5.997291e-02 9.980752e-01 -1.578509e-02 -4.408657e+01 4.474885e-01 -1.274671e-02 8.941989e-01 3.848867e+02
9.017981e-01 -5.904136e-02 -4.281054e-01 2.110444e+02 5.729714e-02 9.982129e-01 -1.697103e-02 -4.410796e+01 4.283424e-01 -9.224772e-03 9.035694e-01 3.858362e+02
9.106694e-01 -5.584284e-02 -4.093443e-01 2.106073e+02 5.386865e-02 9.984140e-01 -1.636211e-02 -4.412799e+01 4.096088e-01 -7.150348e-03 9.122333e-01 3.868159e+02
9.190107e-01 -5.245838e-02 -3.907267e-01 2.101861e+02 5.121584e-02 9.985949e-01 -1.360735e-02 -4.414642e+01 3.908915e-01 -7.506097e-03 9.204061e-01 3.878076e+02
9.267221e-01 -4.841384e-02 -3.726153e-01 2.097802e+02 4.813304e-02 9.987902e-01 -1.006216e-02 -4.416480e+01 3.726517e-01 -8.610280e-03 9.279313e-01 3.888168e+02
9.339935e-01 -4.564219e-02 -3.543626e-01 2.093887e+02 4.576724e-02 9.989198e-01 -8.032962e-03 -4.418354e+01 3.543465e-01 -8.715465e-03 9.350736e-01 3.898454e+02
9.407051e-01 -4.175927e-02 -3.366452e-01 2.090163e+02 4.224554e-02 9.990899e-01 -5.883554e-03 -4.419570e+01 3.365845e-01 -8.687068e-03 9.416132e-01 3.908779e+02
9.468202e-01 -3.992588e-02 -3.192763e-01 2.086471e+02 4.132659e-02 9.991428e-01 -2.389164e-03 -4.419901e+01 3.190980e-01 -1.093249e-02 9.476587e-01 3.919343e+02
9.526731e-01 -3.901907e-02 -3.014820e-01 2.083164e+02 4.083364e-02 9.991659e-01 -2.833043e-04 -4.421421e+01 3.012416e-01 -1.204071e-02 9.534718e-01 3.929840e+02
9.581447e-01 -3.661362e-02 -2.839335e-01 2.079891e+02 3.802229e-02 9.992767e-01 -5.504344e-04 -4.422383e+01 2.837483e-01 -1.026840e-02 9.588438e-01 3.940526e+02
9.631877e-01 -3.651435e-02 -2.663386e-01 2.076548e+02 3.764919e-02 9.992907e-01 -8.456223e-04 -4.423652e+01 2.661805e-01 -9.212937e-03 9.638792e-01 3.951642e+02
9.676755e-01 -3.778744e-02 -2.493517e-01 2.073458e+02 3.929181e-02 9.992272e-01 1.056665e-03 -4.424829e+01 2.491191e-01 -1.081999e-02 9.684124e-01 3.963129e+02
9.718173e-01 -3.714845e-02 -2.327898e-01 2.070761e+02 3.923521e-02 9.992206e-01 4.338482e-03 -4.426317e+01 2.324472e-01 -1.334977e-02 9.725174e-01 3.974179e+02
9.755077e-01 -3.735703e-02 -2.167698e-01 2.068232e+02 3.951069e-02 9.992034e-01 5.608286e-03 -4.427200e+01 2.163876e-01 -1.403565e-02 9.762066e-01 3.985339e+02
9.786435e-01 -3.885714e-02 -2.018590e-01 2.065948e+02 4.082856e-02 9.991504e-01 5.610227e-03 -4.428057e+01 2.014695e-01 -1.373202e-02 9.793985e-01 3.996529e+02
9.814610e-01 -4.190174e-02 -1.870256e-01 2.063836e+02 4.389431e-02 9.990149e-01 6.523687e-03 -4.428300e+01 1.865680e-01 -1.461210e-02 9.823334e-01 4.007645e+02
9.836075e-01 -4.836904e-02 -1.737143e-01 2.061887e+02 5.026271e-02 9.987148e-01 6.515892e-03 -4.428943e+01 1.731759e-01 -1.514043e-02 9.847745e-01 4.018946e+02
9.851188e-01 -5.338305e-02 -1.633742e-01 2.060126e+02 5.532552e-02 9.984412e-01 7.359664e-03 -4.428871e+01 1.627266e-01 -1.628891e-02 9.865367e-01 4.030196e+02
9.863295e-01 -5.853641e-02 -1.540379e-01 2.058345e+02 6.083614e-02 9.980951e-01 1.025441e-02 -4.428501e+01 1.531442e-01 -1.948529e-02 9.880117e-01 4.041627e+02
9.873639e-01 -6.132504e-02 -1.461224e-01 2.056671e+02 6.421201e-02 9.978218e-01 1.511855e-02 -4.427941e+01 1.448770e-01 -2.431032e-02 9.891510e-01 4.053043e+02
9.885375e-01 -6.208591e-02 -1.376188e-01 2.055049e+02 6.503523e-02 9.977376e-01 1.703488e-02 -4.426681e+01 1.362498e-01 -2.578968e-02 9.903388e-01 4.064283e+02
9.896944e-01 -6.220653e-02 -1.289783e-01 2.053411e+02 6.482724e-02 9.977647e-01 1.621733e-02 -4.425818e+01 1.276811e-01 -2.441150e-02 9.915148e-01 4.075712e+02
9.907846e-01 -6.076002e-02 -1.210542e-01 2.051982e+02 6.307402e-02 9.978905e-01 1.537261e-02 -4.424811e+01 1.198648e-01 -2.286632e-02 9.925269e-01 4.087117e+02
9.916142e-01 -6.156498e-02 -1.136269e-01 2.050779e+02 6.368637e-02 9.978552e-01 1.513174e-02 -4.424050e+01 1.124516e-01 -2.224133e-02 9.934083e-01 4.098516e+02
9.923661e-01 -6.213429e-02 -1.065311e-01 2.049508e+02 6.417868e-02 9.978123e-01 1.586754e-02 -4.423211e+01 1.053121e-01 -2.258344e-02 9.941828e-01 4.110051e+02
9.927597e-01 -6.642508e-02 -1.000790e-01 2.048425e+02 6.862202e-02 9.974681e-01 1.866811e-02 -4.422482e+01 9.858555e-02 -2.540057e-02 9.948044e-01 4.121555e+02
9.930639e-01 -6.848309e-02 -9.557288e-02 2.047439e+02 7.077080e-02 9.972767e-01 2.075199e-02 -4.422031e+01 9.389145e-02 -2.737182e-02 9.952061e-01 4.132983e+02
9.930398e-01 -7.226183e-02 -9.300667e-02 2.046552e+02 7.465565e-02 9.969551e-01 2.251692e-02 -4.421954e+01 9.109636e-02 -2.930367e-02 9.954108e-01 4.144264e+02
9.931064e-01 -7.459913e-02 -9.041396e-02 2.045401e+02 7.689963e-02 9.967910e-01 2.222862e-02 -4.420320e+01 8.846558e-02 -2.902819e-02 9.956562e-01 4.156022e+02
9.933129e-01 -7.408435e-02 -8.854954e-02 2.044525e+02 7.641345e-02 9.968062e-01 2.320419e-02 -4.418814e+01 8.654766e-02 -2.981540e-02 9.958015e-01 4.167257e+02
9.935327e-01 -7.347226e-02 -8.657119e-02 2.043487e+02 7.586439e-02 9.968129e-01 2.466933e-02 -4.417638e+01 8.448277e-02 -3.107746e-02 9.959402e-01 4.178938e+02
9.937649e-01 -7.222293e-02 -8.494271e-02 2.042512e+02 7.448126e-02 9.969403e-01 2.372086e-02 -4.416590e+01 8.296961e-02 -2.989960e-02 9.961034e-01 4.190536e+02
9.940210e-01 -7.086282e-02 -8.307055e-02 2.041534e+02 7.293608e-02 9.970897e-01 2.219085e-02 -4.415398e+01 8.125628e-02 -2.811701e-02 9.962966e-01 4.202183e+02
9.941783e-01 -7.044247e-02 -8.153162e-02 2.040572e+02 7.246300e-02 9.971264e-01 2.209078e-02 -4.413698e+01 7.974120e-02 -2.787020e-02 9.964259e-01 4.213871e+02
9.943581e-01 -6.972857e-02 -7.993650e-02 2.039606e+02 7.180986e-02 9.971424e-01 2.346116e-02 -4.412507e+01 7.807216e-02 -2.906903e-02 9.965238e-01 4.225653e+02
9.944928e-01 -6.910237e-02 -7.879739e-02 2.038648e+02 7.120804e-02 9.971671e-01 2.422999e-02 -4.411199e+01 7.689982e-02 -2.970756e-02 9.965961e-01 4.237535e+02
9.945147e-01 -6.942442e-02 -7.823590e-02 2.037676e+02 7.153062e-02 9.971388e-01 2.444484e-02 -4.409853e+01 7.631498e-02 -2.990702e-02 9.966351e-01 4.249488e+02
9.945150e-01 -6.957405e-02 -7.809873e-02 2.036675e+02 7.173758e-02 9.971040e-01 2.524406e-02 -4.408459e+01 7.611623e-02 -3.070820e-02 9.966260e-01 4.261409e+02
9.944314e-01 -7.101627e-02 -7.786489e-02 2.035654e+02 7.314396e-02 9.970125e-01 2.481911e-02 -4.406705e+01 7.586971e-02 -3.037625e-02 9.966549e-01 4.273567e+02
9.943864e-01 -7.169674e-02 -7.781537e-02 2.034681e+02 7.386849e-02 9.969446e-01 2.539536e-02 -4.404850e+01 7.575684e-02 -3.100090e-02 9.966443e-01 4.285667e+02
9.943981e-01 -7.079378e-02 -7.848974e-02 2.033677e+02 7.298796e-02 9.970082e-01 2.544415e-02 -4.402870e+01 7.645363e-02 -3.103042e-02 9.965902e-01 4.297734e+02
9.943246e-01 -7.119679e-02 -7.905500e-02 2.032872e+02 7.329507e-02 9.970224e-01 2.396165e-02 -4.401321e+01 7.711362e-02 -2.962000e-02 9.965822e-01 4.309669e+02
9.944369e-01 -6.923938e-02 -7.937974e-02 2.032151e+02 7.130871e-02 9.971766e-01 2.353400e-02 -4.401478e+01 7.752614e-02 -2.906355e-02 9.965666e-01 4.321406e+02
9.945228e-01 -6.792701e-02 -7.943734e-02 2.031304e+02 7.003327e-02 9.972551e-01 2.403315e-02 -4.400104e+01 7.758679e-02 -2.946477e-02 9.965501e-01 4.333437e+02
9.946240e-01 -6.632281e-02 -7.952558e-02 2.030411e+02 6.863109e-02 9.972861e-01 2.664951e-02 -4.398998e+01 7.754229e-02 -3.196417e-02 9.964765e-01 4.345486e+02
9.945756e-01 -6.669667e-02 -7.981872e-02 2.029752e+02 6.914590e-02 9.972045e-01 2.832180e-02 -4.396802e+01 7.770662e-02 -3.368731e-02 9.964070e-01 4.357342e+02
9.946165e-01 -6.646041e-02 -7.950554e-02 2.028771e+02 6.889545e-02 9.972229e-01 2.828373e-02 -4.394985e+01 7.740499e-02 -3.360903e-02 9.964331e-01 4.369668e+02
9.946125e-01 -6.650329e-02 -7.951861e-02 2.027766e+02 6.891766e-02 9.972290e-01 2.801050e-02 -4.393646e+01 7.743548e-02 -3.333983e-02 9.964398e-01 4.381963e+02
9.948614e-01 -6.316514e-02 -7.912684e-02 2.026950e+02 6.562297e-02 9.974272e-01 2.885403e-02 -4.392224e+01 7.710069e-02 -3.389830e-02 9.964469e-01 4.394024e+02
9.949857e-01 -6.301434e-02 -7.767017e-02 2.025872e+02 6.564722e-02 9.973354e-01 3.182199e-02 -4.389941e+01 7.545797e-02 -3.676125e-02 9.964711e-01 4.406562e+02
9.955275e-01 -5.515834e-02 -7.669805e-02 2.025045e+02 5.779329e-02 9.977972e-01 3.256884e-02 -4.387222e+01 7.473265e-02 -3.685580e-02 9.965223e-01 4.418862e+02
9.956719e-01 -5.552547e-02 -7.452757e-02 2.024142e+02 5.800644e-02 9.978177e-01 3.154658e-02 -4.384279e+01 7.261329e-02 -3.573312e-02 9.967198e-01 4.431202e+02
9.957940e-01 -5.520861e-02 -7.311857e-02 2.023423e+02 5.751979e-02 9.978969e-01 2.988784e-02 -4.382236e+01 7.131473e-02 -3.396790e-02 9.968753e-01 4.443248e+02
9.959075e-01 -5.587261e-02 -7.103854e-02 2.022660e+02 5.790538e-02 9.979600e-01 2.688364e-02 -4.380660e+01 6.939156e-02 -3.088714e-02 9.971112e-01 4.455396e+02
9.957546e-01 -6.059312e-02 -6.929043e-02 2.021809e+02 6.248030e-02 9.977230e-01 2.539901e-02 -4.379059e+01 6.759364e-02 -2.962047e-02 9.972731e-01 4.467896e+02
9.957664e-01 -6.231982e-02 -6.756838e-02 2.020863e+02 6.423481e-02 9.975816e-01 2.654728e-02 -4.377650e+01 6.575055e-02 -3.077513e-02 9.973614e-01 4.480571e+02
9.957786e-01 -6.435780e-02 -6.544575e-02 2.019932e+02 6.635193e-02 9.973816e-01 2.876501e-02 -4.375662e+01 6.342313e-02 -3.298603e-02 9.974414e-01 4.493047e+02
9.957959e-01 -6.479921e-02 -6.474317e-02 2.019123e+02 6.697523e-02 9.972406e-01 3.202271e-02 -4.373466e+01 6.248947e-02 -3.622427e-02 9.973880e-01 4.505333e+02
9.959648e-01 -6.463062e-02 -6.226561e-02 2.018167e+02 6.666577e-02 9.972881e-01 3.117960e-02 -4.370938e+01 6.008159e-02 -3.520477e-02 9.975725e-01 4.517671e+02
9.960486e-01 -6.444969e-02 -6.110189e-02 2.017538e+02 6.641739e-02 9.973184e-01 3.073699e-02 -4.369147e+01 5.895704e-02 -3.467376e-02 9.976582e-01 4.529928e+02
9.961326e-01 -6.419735e-02 -5.998835e-02 2.016810e+02 6.615051e-02 9.973230e-01 3.115902e-02 -4.367276e+01 5.782744e-02 -3.500677e-02 9.977126e-01 4.542445e+02
9.961563e-01 -6.480776e-02 -5.892814e-02 2.015990e+02 6.684230e-02 9.972099e-01 3.323435e-02 -4.364648e+01 5.660988e-02 -3.704550e-02 9.977089e-01 4.554992e+02
9.962281e-01 -6.432126e-02 -5.824446e-02 2.015303e+02 6.641063e-02 9.971897e-01 3.467517e-02 -4.362777e+01 5.585042e-02 -3.841243e-02 9.977000e-01 4.567447e+02
9.963167e-01 -6.353859e-02 -5.758395e-02 2.014455e+02 6.571692e-02 9.971610e-01 3.675771e-02 -4.360509e+01 5.508494e-02 -4.040656e-02 9.976638e-01 4.580111e+02
9.962182e-01 -6.527517e-02 -5.734490e-02 2.013754e+02 6.748920e-02 9.970128e-01 3.755856e-02 -4.357735e+01 5.472196e-02 -4.128668e-02 9.976477e-01 4.592370e+02
9.962967e-01 -6.355297e-02 -5.791363e-02 2.012973e+02 6.567575e-02 9.972087e-01 3.551768e-02 -4.355170e+01 5.549473e-02 -3.918967e-02 9.976896e-01 4.604762e+02
9.963405e-01 -6.235509e-02 -5.845859e-02 2.012097e+02 6.436389e-02 9.973763e-01 3.313214e-02 -4.351807e+01 5.623925e-02 -3.677352e-02 9.977399e-01 4.617319e+02
9.962415e-01 -6.305900e-02 -5.938437e-02 2.011318e+02 6.503138e-02 9.973736e-01 3.188674e-02 -4.349162e+01 5.721765e-02 -3.562874e-02 9.977258e-01 4.629719e+02
9.965299e-01 -5.786255e-02 -5.983319e-02 2.010445e+02 5.979348e-02 9.977293e-01 3.100007e-02 -4.347246e+01 5.790358e-02 -3.447013e-02 9.977269e-01 4.642081e+02
9.965938e-01 -5.610246e-02 -6.044241e-02 2.009688e+02 5.789298e-02 9.979219e-01 2.829008e-02 -4.345480e+01 5.872966e-02 -3.169291e-02 9.977707e-01 4.654598e+02
9.966859e-01 -5.434973e-02 -6.052518e-02 2.008767e+02 5.610714e-02 9.980398e-01 2.772403e-02 -4.343917e+01 5.889974e-02 -3.102804e-02 9.977816e-01 4.667140e+02
9.967807e-01 -5.243142e-02 -6.065679e-02 2.008007e+02 5.420610e-02 9.981374e-01 2.799083e-02 -4.342646e+01 5.907621e-02 -3.118869e-02 9.977661e-01 4.679422e+02
9.967679e-01 -5.230018e-02 -6.097982e-02 2.007173e+02 5.421878e-02 9.980710e-01 3.024347e-02 -4.341152e+01 5.928045e-02 -3.345197e-02 9.976807e-01 4.691779e+02
9.967280e-01 -5.259480e-02 -6.137668e-02 2.006452e+02 5.459302e-02 9.980166e-01 3.134581e-02 -4.339378e+01 5.960631e-02 -3.459398e-02 9.976223e-01 4.704228e+02
9.967267e-01 -5.294359e-02 -6.109784e-02 2.005672e+02 5.493644e-02 9.979957e-01 3.141097e-02 -4.337477e+01 5.931237e-02 -3.466465e-02 9.976374e-01 4.716439e+02
9.967242e-01 -5.365858e-02 -6.051096e-02 2.004920e+02 5.564651e-02 9.979485e-01 3.165916e-02 -4.335580e+01 5.868804e-02 -3.492267e-02 9.976653e-01 4.728747e+02
9.967496e-01 -5.367176e-02 -6.007983e-02 2.004175e+02 5.562577e-02 9.979598e-01 3.133658e-02 -4.333062e+01 5.827536e-02 -3.457671e-02 9.977016e-01 4.741149e+02
9.968031e-01 -5.327422e-02 -5.954368e-02 2.003350e+02 5.526035e-02 9.979519e-01 3.222125e-02 -4.331480e+01 5.770517e-02 -3.540865e-02 9.977055e-01 4.753620e+02
9.969636e-01 -5.096802e-02 -5.887147e-02 2.002626e+02 5.290634e-02 9.980915e-01 3.184821e-02 -4.330123e+01 5.713587e-02 -3.486618e-02 9.977574e-01 4.765842e+02
9.971555e-01 -4.856718e-02 -5.763856e-02 2.001804e+02 5.048659e-02 9.982015e-01 3.232462e-02 -4.327691e+01 5.596498e-02 -3.514265e-02 9.978141e-01 4.778244e+02
9.972176e-01 -4.861237e-02 -5.651450e-02 2.001121e+02 5.064391e-02 9.981002e-01 3.508812e-02 -4.325119e+01 5.470142e-02 -3.785260e-02 9.977850e-01 4.790368e+02
9.972351e-01 -4.938525e-02 -5.552667e-02 2.000419e+02 5.124151e-02 9.981567e-01 3.251789e-02 -4.323472e+01 5.381842e-02 -3.527325e-02 9.979275e-01 4.802689e+02
9.972738e-01 -4.972840e-02 -5.451599e-02 1.999700e+02 5.123347e-02 9.983333e-01 2.656606e-02 -4.321462e+01 5.310404e-02 -2.928668e-02 9.981594e-01 4.815117e+02
9.972581e-01 -5.111130e-02 -5.351510e-02 1.998965e+02 5.259898e-02 9.982569e-01 2.676913e-02 -4.320249e+01 5.205361e-02 -2.951057e-02 9.982082e-01 4.827396e+02
9.974067e-01 -4.907658e-02 -5.264286e-02 1.998250e+02 5.078303e-02 9.982102e-01 3.158261e-02 -4.317710e+01 5.099868e-02 -3.417407e-02 9.981139e-01 4.839630e+02
9.976247e-01 -4.623614e-02 -5.105992e-02 1.997524e+02 4.807605e-02 9.982157e-01 3.541353e-02 -4.315966e+01 4.933143e-02 -3.778418e-02 9.980675e-01 4.851756e+02
9.978836e-01 -4.177812e-02 -4.982795e-02 1.996778e+02 4.355529e-02 9.984332e-01 3.512978e-02 -4.313501e+01 4.828223e-02 -3.722570e-02 9.981398e-01 4.864078e+02
9.979512e-01 -4.096249e-02 -4.914762e-02 1.996175e+02 4.255837e-02 9.985853e-01 3.187614e-02 -4.311386e+01 4.777236e-02 -3.390247e-02 9.982827e-01 4.876101e+02
9.980030e-01 -4.092342e-02 -4.811641e-02 1.995531e+02 4.234205e-02 9.986868e-01 2.884297e-02 -4.309250e+01 4.687287e-02 -3.082272e-02 9.984252e-01 4.888313e+02
9.979955e-01 -4.155300e-02 -4.773148e-02 1.994939e+02 4.295704e-02 9.986624e-01 2.877585e-02 -4.307138e+01 4.647192e-02 -3.076857e-02 9.984456e-01 4.900554e+02
9.979071e-01 -4.368123e-02 -4.768062e-02 1.994345e+02 4.515108e-02 9.985237e-01 3.019752e-02 -4.305019e+01 4.629117e-02 -3.228715e-02 9.984061e-01 4.912830e+02
9.978537e-01 -4.482923e-02 -4.773157e-02 1.993743e+02 4.631117e-02 9.984642e-01 3.040749e-02 -4.303195e+01 4.629511e-02 -3.255273e-02 9.983973e-01 4.924930e+02
9.977180e-01 -4.769161e-02 -4.779455e-02 1.993063e+02 4.924807e-02 9.982759e-01 3.193459e-02 -4.300526e+01 4.618914e-02 -3.421551e-02 9.983466e-01 4.937260e+02
9.976540e-01 -4.841333e-02 -4.840105e-02 1.992685e+02 5.002102e-02 9.982168e-01 3.257518e-02 -4.298247e+01 4.673767e-02 -3.491983e-02 9.982966e-01 4.948961e+02
9.976541e-01 -4.885885e-02 -4.794958e-02 1.992023e+02 5.045922e-02 9.981889e-01 3.275286e-02 -4.296224e+01 4.626247e-02 -3.509552e-02 9.983126e-01 4.961218e+02
9.976821e-01 -4.726416e-02 -4.895485e-02 1.991568e+02 4.890043e-02 9.982655e-01 3.278333e-02 -4.292802e+01 4.732046e-02 -3.510125e-02 9.982628e-01 4.973175e+02
9.976852e-01 -4.674621e-02 -4.938700e-02 1.991147e+02 4.842674e-02 9.982682e-01 3.339716e-02 -4.289343e+01 4.774028e-02 -3.571150e-02 9.982212e-01 4.984924e+02
9.977905e-01 -4.373026e-02 -5.001712e-02 1.990387e+02 4.544927e-02 9.983959e-01 3.376309e-02 -4.287195e+01 4.846042e-02 -3.596173e-02 9.981775e-01 4.996867e+02
9.978605e-01 -4.202830e-02 -5.007961e-02 1.989727e+02 4.370016e-02 9.985071e-01 3.277017e-02 -4.284995e+01 4.862757e-02 -3.488855e-02 9.982075e-01 5.008854e+02
9.979138e-01 -3.993704e-02 -5.072471e-02 1.989042e+02 4.164407e-02 9.985856e-01 3.305387e-02 -4.282252e+01 4.933289e-02 -3.509730e-02 9.981655e-01 5.020929e+02
9.978971e-01 -4.013915e-02 -5.089364e-02 1.988221e+02 4.192702e-02 9.985227e-01 3.456220e-02 -4.279206e+01 4.943116e-02 -3.662334e-02 9.981059e-01 5.033024e+02
9.977429e-01 -4.272855e-02 -5.180180e-02 1.987512e+02 4.460940e-02 9.983660e-01 3.571264e-02 -4.278195e+01 5.019120e-02 -3.794288e-02 9.980186e-01 5.045392e+02
9.976706e-01 -4.263597e-02 -5.324963e-02 1.986794e+02 4.443907e-02 9.984620e-01 3.314871e-02 -4.275333e+01 5.175441e-02 -3.543786e-02 9.980309e-01 5.057224e+02
9.975756e-01 -4.304418e-02 -5.468202e-02 1.986091e+02 4.478042e-02 9.985178e-01 3.093295e-02 -4.273973e+01 5.326948e-02 -3.330664e-02 9.980246e-01 5.068839e+02
9.975122e-01 -4.115007e-02 -5.723638e-02 1.985563e+02 4.293667e-02 9.986169e-01 3.034257e-02 -4.271427e+01 5.590862e-02 -3.272462e-02 9.978995e-01 5.080825e+02
9.975412e-01 -3.801436e-02 -5.887709e-02 1.984786e+02 3.992813e-02 9.987003e-01 3.167626e-02 -4.268984e+01 5.759642e-02 -3.394922e-02 9.977625e-01 5.092637e+02
9.975685e-01 -3.521551e-02 -6.014147e-02 1.983791e+02 3.735124e-02 9.986973e-01 3.476443e-02 -4.267438e+01 5.883888e-02 -3.692626e-02 9.975843e-01 5.104446e+02
9.974415e-01 -3.477005e-02 -6.246157e-02 1.982906e+02 3.699958e-02 9.987057e-01 3.489952e-02 -4.265590e+01 6.116727e-02 -3.712129e-02 9.974370e-01 5.116087e+02
9.973319e-01 -3.301501e-02 -6.510784e-02 1.982135e+02 3.523764e-02 9.988244e-01 3.328986e-02 -4.262596e+01 6.393223e-02 -3.549528e-02 9.973228e-01 5.127946e+02
9.973205e-01 -3.010751e-02 -6.667348e-02 1.981102e+02 3.230037e-02 9.989639e-01 3.205923e-02 -4.258716e+01 6.563918e-02 -3.412690e-02 9.972597e-01 5.139589e+02
9.971974e-01 -2.961307e-02 -6.870476e-02 1.980256e+02 3.181152e-02 9.990090e-01 3.112800e-02 -4.256587e+01 6.771489e-02 -3.322636e-02 9.971513e-01 5.151332e+02
9.971444e-01 -2.867979e-02 -6.986106e-02 1.979254e+02 3.073126e-02 9.991222e-01 2.846930e-02 -4.254615e+01 6.898324e-02 -3.053492e-02 9.971504e-01 5.163002e+02
9.969951e-01 -2.987381e-02 -7.147258e-02 1.978434e+02 3.169951e-02 9.991960e-01 2.454733e-02 -4.252347e+01 7.068179e-02 -2.673922e-02 9.971405e-01 5.174606e+02
9.968467e-01 -3.189827e-02 -7.265799e-02 1.977483e+02 3.364469e-02 9.991705e-01 2.294017e-02 -4.251361e+01 7.186597e-02 -2.531239e-02 9.970931e-01 5.185980e+02
9.967334e-01 -3.316596e-02 -7.363843e-02 1.976497e+02 3.508463e-02 9.990737e-01 2.491606e-02 -4.249686e+01 7.274385e-02 -2.741825e-02 9.969737e-01 5.197577e+02
9.966239e-01 -3.471598e-02 -7.440191e-02 1.975349e+02 3.685794e-02 9.989390e-01 2.761162e-02 -4.248599e+01 7.336440e-02 -3.026070e-02 9.968460e-01 5.209355e+02
9.965821e-01 -3.377098e-02 -7.538953e-02 1.974520e+02 3.597342e-02 9.989590e-01 2.804951e-02 -4.246913e+01 7.436379e-02 -3.066566e-02 9.967596e-01 5.220752e+02
9.965922e-01 -3.210370e-02 -7.598185e-02 1.973578e+02 3.432856e-02 9.990138e-01 2.815852e-02 -4.245482e+01 7.500293e-02 -3.067091e-02 9.967115e-01 5.232146e+02
9.966452e-01 -3.166267e-02 -7.547053e-02 1.972616e+02 3.387540e-02 9.990275e-01 2.822134e-02 -4.243380e+01 7.450358e-02 -3.068325e-02 9.967486e-01 5.243617e+02
9.967658e-01 -2.973179e-02 -7.465843e-02 1.971691e+02 3.193205e-02 9.990850e-01 2.845210e-02 -4.241835e+01 7.374418e-02 -3.074408e-02 9.968032e-01 5.255164e+02
9.969026e-01 -3.028472e-02 -7.258150e-02 1.970748e+02 3.238696e-02 9.990841e-01 2.796378e-02 -4.240244e+01 7.166814e-02 -3.022786e-02 9.969704e-01 5.266668e+02
9.970462e-01 -3.027968e-02 -7.058342e-02 1.969963e+02 3.223357e-02 9.991234e-01 2.670917e-02 -4.239270e+01 6.971280e-02 -2.890544e-02 9.971482e-01 5.277998e+02
9.971731e-01 -3.148730e-02 -6.822248e-02 1.969174e+02 3.322225e-02 9.991490e-01 2.444703e-02 -4.236975e+01 6.739464e-02 -2.664442e-02 9.973706e-01 5.289330e+02
9.972659e-01 -3.289788e-02 -6.616955e-02 1.968418e+02 3.456385e-02 9.991097e-01 2.419175e-02 -4.235323e+01 6.531478e-02 -2.641268e-02 9.975151e-01 5.300761e+02
9.973839e-01 -3.386319e-02 -6.386385e-02 1.967612e+02 3.559401e-02 9.990239e-01 2.616122e-02 -4.234036e+01 6.291561e-02 -2.836595e-02 9.976157e-01 5.312258e+02
9.975217e-01 -3.331396e-02 -6.197272e-02 1.966908e+02 3.514939e-02 9.989680e-01 2.876603e-02 -4.232760e+01 6.095045e-02 -3.087304e-02 9.976632e-01 5.323575e+02
9.976612e-01 -3.327722e-02 -5.970616e-02 1.966185e+02 3.509972e-02 9.989412e-01 2.973966e-02 -4.231123e+01 5.865329e-02 -3.176577e-02 9.977729e-01 5.334923e+02
9.977529e-01 -3.513186e-02 -5.705190e-02 1.965445e+02 3.674248e-02 9.989482e-01 2.743137e-02 -4.229704e+01 5.602817e-02 -2.946596e-02 9.979943e-01 5.346282e+02
9.978593e-01 -3.638783e-02 -5.433917e-02 1.964811e+02 3.781657e-02 9.989593e-01 2.550018e-02 -4.228386e+01 5.335472e-02 -2.750051e-02 9.981969e-01 5.357489e+02
9.979230e-01 -3.812461e-02 -5.192532e-02 1.964275e+02 3.957044e-02 9.988490e-01 2.710658e-02 -4.227164e+01 5.083212e-02 -2.910499e-02 9.982830e-01 5.368714e+02
9.980170e-01 -3.834366e-02 -4.991790e-02 1.963704e+02 3.985641e-02 9.987648e-01 2.967036e-02 -4.225590e+01 4.871857e-02 -3.160108e-02 9.983125e-01 5.379902e+02
9.981291e-01 -3.896898e-02 -4.711485e-02 1.963089e+02 4.040653e-02 9.987342e-01 2.995386e-02 -4.224327e+01 4.588795e-02 -3.180157e-02 9.984403e-01 5.391194e+02
9.982916e-01 -3.805965e-02 -4.433151e-02 1.962558e+02 3.942371e-02 9.987627e-01 3.031253e-02 -4.222097e+01 4.312297e-02 -3.200846e-02 9.985569e-01 5.402192e+02
9.984445e-01 -3.833023e-02 -4.048938e-02 1.961996e+02 3.969924e-02 9.986477e-01 3.356668e-02 -4.219945e+01 3.914801e-02 -3.512187e-02 9.986160e-01 5.413362e+02
9.987241e-01 -3.451246e-02 -3.686518e-02 1.961529e+02 3.572100e-02 9.988285e-01 3.264332e-02 -4.218292e+01 3.569539e-02 -3.391854e-02 9.987870e-01 5.424353e+02
9.989084e-01 -3.353074e-02 -3.252341e-02 1.961071e+02 3.436417e-02 9.990862e-01 2.541425e-02 -4.216130e+01 3.164153e-02 -2.650415e-02 9.991478e-01 5.435380e+02
9.990203e-01 -3.405894e-02 -2.825670e-02 1.960761e+02 3.464090e-02 9.991923e-01 2.036776e-02 -4.214677e+01 2.754017e-02 -2.132665e-02 9.993932e-01 5.446291e+02
9.991634e-01 -3.362755e-02 -2.327361e-02 1.960367e+02 3.415612e-02 9.991587e-01 2.269912e-02 -4.213449e+01 2.249072e-02 -2.347506e-02 9.994714e-01 5.457165e+02
9.993136e-01 -3.195137e-02 -1.874502e-02 1.960070e+02 3.246866e-02 9.990812e-01 2.797368e-02 -4.212256e+01 1.783400e-02 -2.856310e-02 9.994329e-01 5.468148e+02
9.994222e-01 -3.104178e-02 -1.384212e-02 1.959697e+02 3.141981e-02 9.991144e-01 2.798493e-02 -4.211025e+01 1.296116e-02 -2.840368e-02 9.995125e-01 5.479015e+02
9.995507e-01 -2.846499e-02 -9.392641e-03 1.959508e+02 2.868433e-02 9.992978e-01 2.410797e-02 -4.209402e+01 8.699812e-03 -2.436656e-02 9.996652e-01 5.489713e+02
9.996400e-01 -2.657901e-02 -3.664907e-03 1.959401e+02 2.665237e-02 9.994097e-01 2.167838e-02 -4.207762e+01 3.086554e-03 -2.176825e-02 9.997583e-01 5.500416e+02
9.997083e-01 -2.392604e-02 3.299920e-03 1.959335e+02 2.382935e-02 9.993580e-01 2.675355e-02 -4.206147e+01 -3.937908e-03 -2.666711e-02 9.996366e-01 5.511096e+02
9.997447e-01 -2.015717e-02 1.021333e-02 1.959382e+02 1.980034e-02 9.992287e-01 3.391063e-02 -4.204844e+01 -1.088900e-02 -3.369974e-02 9.993727e-01 5.521713e+02
9.996877e-01 -1.819455e-02 1.712813e-02 1.959447e+02 1.761210e-02 9.992814e-01 3.356285e-02 -4.203905e+01 -1.772648e-02 -3.325071e-02 9.992898e-01 5.532486e+02
9.995527e-01 -1.800835e-02 2.387662e-02 1.959725e+02 1.735014e-02 9.994714e-01 2.749349e-02 -4.201515e+01 -2.435911e-02 -2.706693e-02 9.993368e-01 5.542856e+02
9.993432e-01 -1.862679e-02 3.108310e-02 1.959945e+02 1.787642e-02 9.995462e-01 2.424653e-02 -4.199664e+01 -3.152062e-02 -2.367495e-02 9.992227e-01 5.553534e+02
9.991102e-01 -1.867272e-02 3.781775e-02 1.960299e+02 1.784289e-02 9.995951e-01 2.216285e-02 -4.198657e+01 -3.821628e-02 -2.146835e-02 9.990389e-01 5.564119e+02
9.988851e-01 -1.769984e-02 4.376313e-02 1.960824e+02 1.671884e-02 9.996029e-01 2.268146e-02 -4.197753e+01 -4.414721e-02 -2.192450e-02 9.987844e-01 5.574723e+02
9.985735e-01 -1.820421e-02 5.019532e-02 1.961397e+02 1.701046e-02 9.995646e-01 2.410773e-02 -4.195570e+01 -5.061233e-02 -2.321949e-02 9.984484e-01 5.585320e+02
9.982471e-01 -1.830095e-02 5.628401e-02 1.962136e+02 1.679118e-02 9.994895e-01 2.718102e-02 -4.193356e+01 -5.675271e-02 -2.618829e-02 9.980447e-01 5.595526e+02
9.978401e-01 -1.988747e-02 6.260689e-02 1.962799e+02 1.810570e-02 9.994183e-01 2.889957e-02 -4.191879e+01 -6.314521e-02 -2.770361e-02 9.976198e-01 5.605906e+02
9.974658e-01 -2.085548e-02 6.802201e-02 1.963668e+02 1.888985e-02 9.993888e-01 2.941331e-02 -4.190396e+01 -6.859387e-02 -2.805385e-02 9.972502e-01 5.616176e+02
9.970063e-01 -2.267775e-02 7.392052e-02 1.964300e+02 2.058111e-02 9.993674e-01 2.900290e-02 -4.189417e+01 -7.453148e-02 -2.739471e-02 9.968423e-01 5.626776e+02
9.965865e-01 -2.468808e-02 7.877691e-02 1.965208e+02 2.244512e-02 9.993206e-01 2.923195e-02 -4.188292e+01 -7.944507e-02 -2.736401e-02 9.964636e-01 5.636966e+02
9.961086e-01 -2.777981e-02 8.364157e-02 1.966044e+02 2.537888e-02 9.992386e-01 2.963292e-02 -4.186996e+01 -8.440109e-02 -2.739488e-02 9.960552e-01 5.647309e+02
9.956992e-01 -3.014758e-02 8.760291e-02 1.966913e+02 2.772365e-02 9.992019e-01 2.875595e-02 -4.185941e+01 -8.839992e-02 -2.620360e-02 9.957403e-01 5.657605e+02
9.952184e-01 -3.448266e-02 9.138572e-02 1.967724e+02 3.235014e-02 9.991710e-01 2.471526e-02 -4.183848e+01 -9.216221e-02 -2.164074e-02 9.955088e-01 5.668028e+02
9.948914e-01 -3.820353e-02 9.344306e-02 1.968688e+02 3.613743e-02 9.990657e-01 2.370441e-02 -4.182842e+01 -9.426134e-02 -2.020652e-02 9.953424e-01 5.678384e+02
9.946710e-01 -4.049508e-02 9.481394e-02 1.969643e+02 3.831788e-02 9.989610e-01 2.467276e-02 -4.180989e+01 -9.571455e-02 -2.090821e-02 9.951892e-01 5.688744e+02
9.945784e-01 -4.246713e-02 9.492324e-02 1.970730e+02 4.006136e-02 9.988294e-01 2.710884e-02 -4.180038e+01 -9.596336e-02 -2.315911e-02 9.951154e-01 5.698856e+02
9.945284e-01 -4.342754e-02 9.501205e-02 1.971625e+02 4.090620e-02 9.987614e-01 2.832670e-02 -4.178396e+01 -9.612452e-02 -2.428513e-02 9.950730e-01 5.709168e+02
9.945465e-01 -4.516309e-02 9.400849e-02 1.972589e+02 4.253511e-02 9.986512e-01 2.977427e-02 -4.176827e+01 -9.522639e-02 -2.561324e-02 9.951261e-01 5.719499e+02
9.945405e-01 -4.796095e-02 9.267666e-02 1.973470e+02 4.520013e-02 9.984760e-01 3.166385e-02 -4.175135e+01 -9.405405e-02 -2.730199e-02 9.951927e-01 5.729841e+02
9.946637e-01 -4.928998e-02 9.063505e-02 1.974262e+02 4.628891e-02 9.983175e-01 3.492194e-02 -4.173171e+01 -9.220385e-02 -3.054019e-02 9.952717e-01 5.740167e+02
9.949445e-01 -4.834536e-02 8.802318e-02 1.975077e+02 4.570893e-02 9.984509e-01 3.172589e-02 -4.171215e+01 -8.942062e-02 -2.754206e-02 9.956131e-01 5.750462e+02
9.951780e-01 -4.869850e-02 8.514268e-02 1.975877e+02 4.694212e-02 9.986439e-01 2.251168e-02 -4.169643e+01 -8.612351e-02 -1.840635e-02 9.961144e-01 5.760801e+02
9.954546e-01 -4.759979e-02 8.248882e-02 1.976593e+02 4.660467e-02 9.988160e-01 1.394854e-02 -4.167783e+01 -8.305510e-02 -1.004077e-02 9.964944e-01 5.771051e+02
9.958322e-01 -4.591687e-02 7.880240e-02 1.977288e+02 4.444353e-02 9.988046e-01 2.035079e-02 -4.166966e+01 -7.964264e-02 -1.676372e-02 9.966825e-01 5.781354e+02
9.960737e-01 -4.718834e-02 7.490246e-02 1.978036e+02 4.504800e-02 9.985339e-01 3.001279e-02 -4.165929e+01 -7.620890e-02 -2.652074e-02 9.967391e-01 5.791830e+02
9.962732e-01 -4.879346e-02 7.112654e-02 1.978791e+02 4.649636e-02 9.983531e-01 3.360258e-02 -4.164708e+01 -7.264899e-02 -3.017023e-02 9.969011e-01 5.802138e+02
9.965136e-01 -4.802233e-02 6.822446e-02 1.979300e+02 4.641012e-02 9.986090e-01 2.502349e-02 -4.163366e+01 -6.933125e-02 -2.176994e-02 9.973561e-01 5.812580e+02
9.966027e-01 -5.043050e-02 6.511459e-02 1.980015e+02 4.958494e-02 9.986641e-01 1.453822e-02 -4.162500e+01 -6.576077e-02 -1.126013e-02 9.977719e-01 5.822688e+02
9.967989e-01 -5.057343e-02 6.192125e-02 1.980733e+02 4.986357e-02 9.986720e-01 1.295697e-02 -4.163036e+01 -6.249430e-02 -9.827882e-03 9.979969e-01 5.832811e+02
9.969546e-01 -4.993450e-02 5.990099e-02 1.981313e+02 4.891336e-02 9.986336e-01 1.839503e-02 -4.162606e+01 -6.073769e-02 -1.540905e-02 9.980348e-01 5.843151e+02
9.971055e-01 -4.855472e-02 5.850706e-02 1.981907e+02 4.721168e-02 9.985936e-01 2.412377e-02 -4.162427e+01 -5.959609e-02 -2.129172e-02 9.979955e-01 5.853509e+02
9.971440e-01 -4.898341e-02 5.748429e-02 1.982652e+02 4.749585e-02 9.985074e-01 2.696555e-02 -4.161884e+01 -5.871935e-02 -2.415827e-02 9.979822e-01 5.863675e+02
9.970234e-01 -5.159843e-02 5.728781e-02 1.983344e+02 5.023280e-02 9.984239e-01 2.502851e-02 -4.160136e+01 -5.848895e-02 -2.207628e-02 9.980439e-01 5.873842e+02
9.970591e-01 -5.105142e-02 5.715613e-02 1.983956e+02 4.970585e-02 9.984579e-01 2.472212e-02 -4.158715e+01 -5.833009e-02 -2.180843e-02 9.980591e-01 5.883926e+02
9.969280e-01 -5.147142e-02 5.903681e-02 1.984610e+02 5.003916e-02 9.984220e-01 2.548839e-02 -4.157323e+01 -6.025557e-02 -2.245594e-02 9.979304e-01 5.893981e+02
9.967262e-01 -5.088713e-02 6.282806e-02 1.985210e+02 4.925047e-02 9.984125e-01 2.733023e-02 -4.156320e+01 -6.411907e-02 -2.414645e-02 9.976501e-01 5.904208e+02
9.964898e-01 -4.914069e-02 6.777380e-02 1.986100e+02 4.732627e-02 9.984835e-01 2.812334e-02 -4.155157e+01 -6.905303e-02 -2.481714e-02 9.973043e-01 5.914023e+02
9.960157e-01 -4.852893e-02 7.481706e-02 1.986997e+02 4.654635e-02 9.985231e-01 2.801980e-02 -4.153967e+01 -7.606633e-02 -2.442570e-02 9.968035e-01 5.923928e+02
9.953861e-01 -4.739314e-02 8.342960e-02 1.988060e+02 4.523663e-02 9.985963e-01 2.755265e-02 -4.153265e+01 -8.461829e-02 -2.365145e-02 9.961327e-01 5.933804e+02
9.944910e-01 -4.468876e-02 9.481887e-02 1.989015e+02 4.220610e-02 9.987157e-01 2.803007e-02 -4.152581e+01 -9.594972e-02 -2.387372e-02 9.950998e-01 5.943972e+02
9.933107e-01 -4.194350e-02 1.075848e-01 1.990175e+02 3.899565e-02 9.988079e-01 2.936016e-02 -4.151134e+01 -1.086881e-01 -2.496843e-02 9.937623e-01 5.953972e+02
9.918594e-01 -3.943458e-02 1.210779e-01 1.991530e+02 3.587505e-02 9.988616e-01 3.143992e-02 -4.149216e+01 -1.221798e-01 -2.684031e-02 9.921450e-01 5.964031e+02
9.899255e-01 -3.913636e-02 1.360732e-01 1.993049e+02 3.524140e-02 9.989005e-01 3.091695e-02 -4.148342e+01 -1.371335e-01 -2.581007e-02 9.902163e-01 5.973947e+02
9.876461e-01 -4.015723e-02 1.514681e-01 1.994674e+02 3.569064e-02 9.988474e-01 3.209408e-02 -4.146794e+01 -1.525823e-01 -2.629160e-02 9.879410e-01 5.983832e+02
9.851600e-01 -3.714058e-02 1.675721e-01 1.996322e+02 3.221035e-02 9.989673e-01 3.204515e-02 -4.146371e+01 -1.685892e-01 -2.617205e-02 9.853389e-01 5.993843e+02
9.823203e-01 -3.525178e-02 1.838591e-01 1.998203e+02 3.001271e-02 9.990624e-01 3.120124e-02 -4.144965e+01 -1.847866e-01 -2.513150e-02 9.824573e-01 6.003825e+02
9.791341e-01 -3.550503e-02 2.000893e-01 2.000287e+02 2.995573e-02 9.990798e-01 3.069472e-02 -4.142348e+01 -2.009950e-01 -2.406043e-02 9.792967e-01 6.013899e+02
9.754401e-01 -3.545761e-02 2.173924e-01 2.002599e+02 2.942781e-02 9.990888e-01 3.091292e-02 -4.140033e+01 -2.182904e-01 -2.375632e-02 9.755947e-01 6.023927e+02
9.713817e-01 -3.522241e-02 2.348978e-01 2.005065e+02 2.876961e-02 9.991101e-01 3.084233e-02 -4.138347e+01 -2.357751e-01 -2.320176e-02 9.715306e-01 6.033932e+02
9.669856e-01 -3.524474e-02 2.523819e-01 2.007692e+02 2.850623e-02 9.991340e-01 3.030769e-02 -4.137687e+01 -2.532315e-01 -2.211265e-02 9.671530e-01 6.043349e+02
9.622995e-01 -3.460953e-02 2.697812e-01 2.010532e+02 2.747537e-02 9.991669e-01 3.017690e-02 -4.136664e+01 -2.706008e-01 -2.162688e-02 9.624487e-01 6.052936e+02
9.570997e-01 -3.536043e-02 2.875932e-01 2.013528e+02 2.759551e-02 9.991381e-01 3.101009e-02 -4.134740e+01 -2.884419e-01 -2.174346e-02 9.572505e-01 6.062608e+02
9.512261e-01 -3.544375e-02 3.064518e-01 2.016677e+02 2.724559e-02 9.991483e-01 3.098971e-02 -4.131834e+01 -3.072892e-01 -2.112876e-02 9.513816e-01 6.072473e+02
9.452918e-01 -3.494000e-02 3.243495e-01 2.020053e+02 2.538921e-02 9.991117e-01 3.363270e-02 -4.129049e+01 -3.252365e-01 -2.355774e-02 9.453392e-01 6.082287e+02
9.391188e-01 -3.544075e-02 3.417598e-01 2.023616e+02 2.430047e-02 9.990262e-01 3.682470e-02 -4.126729e+01 -3.427321e-01 -2.627785e-02 9.390656e-01 6.091932e+02
9.328037e-01 -3.417195e-02 3.587612e-01 2.027193e+02 2.208048e-02 9.990433e-01 3.774798e-02 -4.125880e+01 -3.597079e-01 -2.728983e-02 9.326658e-01 6.101513e+02
9.265073e-01 -3.411859e-02 3.747267e-01 2.031092e+02 2.200643e-02 9.990893e-01 3.655570e-02 -4.123998e+01 -3.756327e-01 -2.562273e-02 9.264144e-01 6.111111e+02
9.202502e-01 -3.421710e-02 3.898317e-01 2.035181e+02 2.209206e-02 9.991238e-01 3.554585e-02 -4.122235e+01 -3.907064e-01 -2.409889e-02 9.201998e-01 6.120591e+02
9.137667e-01 -3.631577e-02 4.046128e-01 2.039422e+02 2.372370e-02 9.990668e-01 3.609366e-02 -4.117632e+01 -4.055460e-01 -2.338228e-02 9.137755e-01 6.130020e+02
9.070233e-01 -3.784585e-02 4.193762e-01 2.043817e+02 2.375259e-02 9.989655e-01 3.877794e-02 -4.115691e+01 -4.204100e-01 -2.521123e-02 9.069839e-01 6.139527e+02
8.999075e-01 -4.023860e-02 4.342205e-01 2.048369e+02 2.568284e-02 9.988958e-01 3.933943e-02 -4.110860e+01 -4.353240e-01 -2.424983e-02 8.999472e-01 6.148764e+02
8.921994e-01 -4.160857e-02 4.497211e-01 2.053017e+02 2.632262e-02 9.988452e-01 4.019268e-02 -4.108519e+01 -4.508741e-01 -2.402204e-02 8.922643e-01 6.158166e+02
8.836999e-01 -4.481395e-02 4.659036e-01 2.058046e+02 3.015513e-02 9.987890e-01 3.887411e-02 -4.103934e+01 -4.670815e-01 -2.030366e-02 8.839811e-01 6.167244e+02
8.755452e-01 -4.621356e-02 4.809208e-01 2.063145e+02 3.100181e-02 9.987373e-01 3.953190e-02 -4.100234e+01 -4.821405e-01 -1.970255e-02 8.758724e-01 6.176168e+02
8.665975e-01 -4.754855e-02 4.967373e-01 2.068315e+02 3.168885e-02 9.986845e-01 4.031209e-02 -4.097276e+01 -4.980006e-01 -1.919332e-02 8.669642e-01 6.185297e+02
8.571779e-01 -5.034989e-02 5.125533e-01 2.073630e+02 3.405236e-02 9.985727e-01 4.114518e-02 -4.091652e+01 -5.138934e-01 -1.781510e-02 8.576690e-01 6.194177e+02
8.464469e-01 -5.171736e-02 5.299556e-01 2.078851e+02 3.477988e-02 9.985166e-01 4.189279e-02 -4.088186e+01 -5.313360e-01 -1.702823e-02 8.469900e-01 6.203181e+02
8.361015e-01 -5.131929e-02 5.461690e-01 2.084566e+02 3.409181e-02 9.985510e-01 4.163677e-02 -4.085876e+01 -5.475144e-01 -1.619267e-02 8.366396e-01 6.211822e+02
8.249266e-01 -4.945681e-02 5.630720e-01 2.090301e+02 3.325998e-02 9.986859e-01 3.899107e-02 -4.082782e+01 -5.642605e-01 -1.343700e-02 8.254875e-01 6.220328e+02
8.131603e-01 -4.795822e-02 5.800607e-01 2.096261e+02 3.192755e-02 9.987744e-01 3.781885e-02 -4.080555e+01 -5.811635e-01 -1.223287e-02 8.136949e-01 6.228664e+02
8.007012e-01 -4.602907e-02 5.972929e-01 2.102252e+02 3.018685e-02 9.988773e-01 3.650930e-02 -4.078265e+01 -5.983028e-01 -1.120265e-02 8.011917e-01 6.236821e+02
7.877824e-01 -4.616267e-02 6.142213e-01 2.108513e+02 2.950708e-02 9.988711e-01 3.722664e-02 -4.075898e+01 -6.152464e-01 -1.120262e-02 7.882553e-01 6.244924e+02
7.732124e-01 -4.792496e-02 6.323336e-01 2.115023e+02 3.227349e-02 9.988219e-01 3.623758e-02 -4.073318e+01 -6.333254e-01 -7.611736e-03 7.738482e-01 6.253112e+02
7.601923e-01 -4.997314e-02 6.477734e-01 2.121798e+02 3.452176e-02 9.987359e-01 3.653560e-02 -4.070132e+01 -6.487803e-01 -5.411810e-03 7.609565e-01 6.261014e+02
7.468776e-01 -5.550691e-02 6.626408e-01 2.128721e+02 3.934392e-02 9.984529e-01 3.929120e-02 -4.068278e+01 -6.637966e-01 -3.274831e-03 7.479060e-01 6.268783e+02
7.347935e-01 -5.734247e-02 6.758627e-01 2.135754e+02 4.015371e-02 9.983500e-01 4.104853e-02 -4.065258e+01 -6.771013e-01 -3.023803e-03 7.358836e-01 6.276434e+02
7.234376e-01 -5.800553e-02 6.879487e-01 2.142946e+02 3.917062e-02 9.983076e-01 4.298266e-02 -4.062214e+01 -6.892777e-01 -4.147895e-03 7.244854e-01 6.284053e+02
7.125220e-01 -5.767318e-02 6.992755e-01 2.150155e+02 3.871079e-02 9.983294e-01 4.289374e-02 -4.058627e+01 -7.005811e-01 -3.493228e-03 7.135642e-01 6.291216e+02
7.013168e-01 -5.515558e-02 7.107128e-01 2.157639e+02 3.343079e-02 9.984500e-01 4.449690e-02 -4.054786e+01 -7.120654e-01 -7.446734e-03 7.020736e-01 6.298793e+02
6.902722e-01 -5.381057e-02 7.215460e-01 2.165257e+02 2.997079e-02 9.985012e-01 4.579322e-02 -4.050441e+01 -7.229288e-01 -9.984486e-03 6.908504e-01 6.306117e+02
6.788758e-01 -5.370842e-02 7.322862e-01 2.173052e+02 2.861713e-02 9.984988e-01 4.670348e-02 -4.045728e+01 -7.336952e-01 -1.074993e-02 6.793937e-01 6.313604e+02
6.682805e-01 -5.105607e-02 7.421553e-01 2.181053e+02 2.718684e-02 9.986518e-01 4.422094e-02 -4.041652e+01 -7.434124e-01 -9.375138e-03 6.687676e-01 6.320955e+02
6.563099e-01 -4.880826e-02 7.529110e-01 2.189251e+02 3.113135e-02 9.988074e-01 3.761167e-02 -4.037457e+01 -7.538489e-01 -1.245777e-03 6.570467e-01 6.328361e+02
6.476901e-01 -4.750453e-02 7.604215e-01 2.197536e+02 3.249486e-02 9.988686e-01 3.472309e-02 -4.034513e+01 -7.612107e-01 2.219990e-03 6.485009e-01 6.335509e+02
6.406321e-01 -5.064478e-02 7.661760e-01 2.205858e+02 3.390034e-02 9.987150e-01 3.767027e-02 -4.031218e+01 -7.670993e-01 1.840848e-03 6.415258e-01 6.342445e+02
6.346681e-01 -5.464693e-02 7.708502e-01 2.214368e+02 3.477821e-02 9.985057e-01 4.215170e-02 -4.027549e+01 -7.720018e-01 5.644588e-05 6.356203e-01 6.349568e+02
6.291714e-01 -5.532591e-02 7.752950e-01 2.222955e+02 3.446174e-02 9.984682e-01 4.328523e-02 -4.024048e+01 -7.765022e-01 -5.158183e-04 6.301143e-01 6.356448e+02
6.234741e-01 -5.494484e-02 7.799110e-01 2.231760e+02 3.569348e-02 9.984878e-01 4.180964e-02 -4.020691e+01 -7.810288e-01 1.770509e-03 6.244924e-01 6.363436e+02
6.178256e-01 -5.500501e-02 7.843889e-01 2.240682e+02 3.617928e-02 9.984824e-01 4.152155e-02 -4.016697e+01 -7.854824e-01 2.725549e-03 6.188780e-01 6.370545e+02
6.122574e-01 -5.541806e-02 7.887140e-01 2.249832e+02 3.488730e-02 9.984626e-01 4.307372e-02 -4.013581e+01 -7.898885e-01 1.143897e-03 6.132495e-01 6.378179e+02
6.082895e-01 -5.662731e-02 7.916927e-01 2.258733e+02 3.300309e-02 9.983936e-01 4.605438e-02 -4.012204e+01 -7.930288e-01 -1.886092e-03 6.091812e-01 6.384596e+02
6.043171e-01 -5.768882e-02 7.946527e-01 2.267863e+02 3.185885e-02 9.983272e-01 4.824683e-02 -4.008537e+01 -7.961067e-01 -3.839660e-03 6.051441e-01 6.391895e+02
5.986134e-01 -5.923682e-02 7.988448e-01 2.276836e+02 3.394434e-02 9.982420e-01 4.858659e-02 -4.004024e+01 -8.003185e-01 -1.968324e-03 5.995718e-01 6.398880e+02
5.963625e-01 -5.987335e-02 8.004792e-01 2.285856e+02 3.192922e-02 9.981945e-01 5.087435e-02 -4.002256e+01 -8.020799e-01 -4.780879e-03 5.971975e-01 6.405643e+02
5.941919e-01 -6.044065e-02 8.020492e-01 2.295159e+02 3.233531e-02 9.981615e-01 5.126388e-02 -3.998135e+01 -8.036731e-01 -4.526069e-03 5.950539e-01 6.412450e+02
5.918860e-01 -5.815073e-02 8.039213e-01 2.304393e+02 3.140794e-02 9.983006e-01 4.908688e-02 -3.995177e+01 -8.054095e-01 -3.804328e-03 5.927066e-01 6.419502e+02
5.892626e-01 -5.441539e-02 8.061070e-01 2.313631e+02 2.904030e-02 9.985112e-01 4.617502e-02 -3.991830e+01 -8.074195e-01 -3.799626e-03 5.899655e-01 6.426719e+02
5.869390e-01 -5.470423e-02 8.077809e-01 2.322825e+02 3.001805e-02 9.984991e-01 4.580866e-02 -3.987944e+01 -8.090745e-01 -2.638884e-03 5.877002e-01 6.433533e+02
5.843958e-01 -5.522774e-02 8.095872e-01 2.332181e+02 2.886443e-02 9.984647e-01 4.727681e-02 -3.983991e+01 -8.109553e-01 -4.260096e-03 5.850926e-01 6.440571e+02
5.820044e-01 -5.582194e-02 8.112674e-01 2.341612e+02 2.910679e-02 9.984318e-01 4.781915e-02 -3.980218e+01 -8.126645e-01 -4.217565e-03 5.827166e-01 6.447462e+02
5.803013e-01 -5.557812e-02 8.125032e-01 2.351161e+02 2.981555e-02 9.984497e-01 4.700284e-02 -3.976453e+01 -8.138559e-01 -3.050579e-03 5.810588e-01 6.454391e+02
5.783358e-01 -5.527144e-02 8.139243e-01 2.360605e+02 3.105859e-02 9.984707e-01 4.573475e-02 -3.972611e+01 -8.152074e-01 -1.170703e-03 5.791680e-01 6.461295e+02
5.736475e-01 -5.696558e-02 8.171190e-01 2.369991e+02 3.604933e-02 9.983679e-01 4.429343e-02 -3.968113e+01 -8.183086e-01 4.047775e-03 5.747648e-01 6.467799e+02
5.725188e-01 -5.897824e-02 8.177676e-01 2.379588e+02 3.826119e-02 9.982446e-01 4.520779e-02 -3.964532e+01 -8.189984e-01 5.406449e-03 5.737704e-01 6.474569e+02
5.717073e-01 -6.115103e-02 8.181756e-01 2.389197e+02 4.023676e-02 9.981084e-01 4.648354e-02 -3.961092e+01 -8.194704e-01 6.345755e-03 5.730864e-01 6.481297e+02
5.717828e-01 -6.254038e-02 8.180178e-01 2.398716e+02 4.016351e-02 9.980285e-01 4.822911e-02 -3.957331e+01 -8.194214e-01 5.277890e-03 5.731673e-01 6.488041e+02
5.720937e-01 -6.230641e-02 8.178183e-01 2.408400e+02 3.948587e-02 9.980465e-01 4.841549e-02 -3.953971e+01 -8.192373e-01 4.594068e-03 5.734363e-01 6.495384e+02
5.740933e-01 -6.163170e-02 8.164670e-01 2.417816e+02 3.892900e-02 9.980899e-01 4.796899e-02 -3.949624e+01 -8.178639e-01 4.245561e-03 5.753960e-01 6.502091e+02
5.776398e-01 -5.965428e-02 8.141091e-01 2.427508e+02 3.861565e-02 9.982065e-01 4.574492e-02 -3.944597e+01 -8.153779e-01 5.013258e-03 5.789074e-01 6.509356e+02
5.822193e-01 -5.886847e-02 8.108978e-01 2.436832e+02 3.931218e-02 9.982470e-01 4.424350e-02 -3.942261e+01 -8.120808e-01 6.118740e-03 5.835129e-01 6.516094e+02
5.881667e-01 -6.089100e-02 8.064442e-01 2.446072e+02 4.164129e-02 9.981190e-01 4.499313e-02 -3.938884e+01 -8.076669e-01 7.117913e-03 5.895960e-01 6.522462e+02
5.931387e-01 -6.220410e-02 8.026937e-01 2.455672e+02 4.180325e-02 9.980454e-01 4.645283e-02 -3.934883e+01 -8.040143e-01 6.002240e-03 5.945796e-01 6.530467e+02
5.958718e-01 -6.422476e-02 8.005073e-01 2.464888e+02 4.615146e-02 9.978882e-01 4.570698e-02 -3.931069e+01 -8.017523e-01 9.709084e-03 5.975775e-01 6.537306e+02
6.021148e-01 -6.291895e-02 7.959265e-01 2.474211e+02 4.468018e-02 9.979832e-01 4.509143e-02 -3.927768e+01 -7.971584e-01 8.411925e-03 6.037116e-01 6.544698e+02
6.074811e-01 -6.174158e-02 7.919310e-01 2.483496e+02 4.376601e-02 9.980618e-01 4.423982e-02 -3.924424e+01 -7.931275e-01 7.784811e-03 6.090058e-01 6.552327e+02
6.127444e-01 -5.886199e-02 7.880860e-01 2.492596e+02 4.006567e-02 9.982537e-01 4.340793e-02 -3.921618e+01 -7.892649e-01 4.977232e-03 6.140327e-01 6.559883e+02
6.185864e-01 -5.538976e-02 7.837620e-01 2.501712e+02 3.771886e-02 9.984554e-01 4.079279e-02 -3.918296e+01 -7.848109e-01 4.328749e-03 6.197202e-01 6.567184e+02
6.241505e-01 -5.175129e-02 7.795883e-01 2.510639e+02 3.417521e-02 9.986573e-01 3.893250e-02 -3.915998e+01 -7.805563e-01 2.342853e-03 6.250811e-01 6.574328e+02
6.283972e-01 -4.720331e-02 7.764591e-01 2.519485e+02 2.883174e-02 9.988847e-01 3.739139e-02 -3.914335e+01 -7.773581e-01 -1.109978e-03 6.290573e-01 6.581864e+02
6.324800e-01 -4.583592e-02 7.732193e-01 2.528262e+02 2.656685e-02 9.989440e-01 3.748550e-02 -3.911007e+01 -7.741210e-01 -3.166828e-03 6.330298e-01 6.589064e+02
6.360069e-01 -4.592780e-02 7.703154e-01 2.536996e+02 2.490070e-02 9.989289e-01 3.899908e-02 -3.909078e+01 -7.712815e-01 -5.622290e-03 6.364694e-01 6.596540e+02
6.395277e-01 -4.655198e-02 7.673573e-01 2.545581e+02 2.450357e-02 9.988921e-01 4.017646e-02 -3.906327e+01 -7.683774e-01 -6.890964e-03 6.399599e-01 6.603849e+02
6.389607e-01 -4.917729e-02 7.676658e-01 2.553875e+02 2.771658e-02 9.987782e-01 4.091286e-02 -3.904146e+01 -7.687399e-01 -4.864645e-03 6.395431e-01 6.610820e+02
6.422872e-01 -5.186869e-02 7.647070e-01 2.562101e+02 2.945705e-02 9.986409e-01 4.299464e-02 -3.902220e+01 -7.658978e-01 -5.088894e-03 6.429422e-01 6.617799e+02
6.462759e-01 -5.102815e-02 7.613958e-01 2.570210e+02 2.859135e-02 9.986804e-01 4.266232e-02 -3.898885e+01 -7.625680e-01 -5.802296e-03 6.468820e-01 6.624325e+02
6.490837e-01 -4.819944e-02 7.591885e-01 2.578238e+02 2.948320e-02 9.988348e-01 3.820687e-02 -3.895964e+01 -7.601454e-01 -2.416151e-03 6.497485e-01 6.631359e+02
6.527250e-01 -4.137388e-02 7.564644e-01 2.585897e+02 2.470983e-02 9.991390e-01 3.332548e-02 -3.893808e+01 -7.571919e-01 -3.060265e-03 6.531853e-01 6.637814e+02
6.561573e-01 -3.783062e-02 7.536753e-01 2.593556e+02 1.843493e-02 9.992481e-01 3.410748e-02 -3.895240e+01 -7.543990e-01 -8.485923e-03 6.563613e-01 6.644013e+02
6.581301e-01 -3.818232e-02 7.519354e-01 2.601307e+02 1.764101e-02 9.992211e-01 3.529892e-02 -3.891562e+01 -7.526975e-01 -9.966381e-03 6.582911e-01 6.651195e+02
6.597910e-01 -3.744477e-02 7.505157e-01 2.608763e+02 1.633060e-02 9.992363e-01 3.549745e-02 -3.888196e+01 -7.512717e-01 -1.116453e-02 6.598986e-01 6.658040e+02
6.621525e-01 -3.335396e-02 7.486264e-01 2.616077e+02 1.374708e-02 9.993815e-01 3.236683e-02 -3.885617e+01 -7.492430e-01 -1.114035e-02 6.622015e-01 6.664373e+02
6.637383e-01 -3.185344e-02 7.472863e-01 2.623267e+02 1.493859e-02 9.994580e-01 2.933395e-02 -3.880437e+01 -7.478157e-01 -8.306668e-03 6.638545e-01 6.670779e+02
6.600603e-01 -3.220537e-02 7.505220e-01 2.630415e+02 1.426464e-02 9.994378e-01 3.034121e-02 -3.881809e+01 -7.510772e-01 -9.321101e-03 6.601486e-01 6.677633e+02
6.604711e-01 -3.235916e-02 7.501539e-01 2.637394e+02 1.231546e-02 9.994034e-01 3.226784e-02 -3.879963e+01 -7.507505e-01 -1.207348e-02 6.604755e-01 6.684158e+02
6.611128e-01 -3.201409e-02 7.496032e-01 2.644201e+02 8.644899e-03 9.993480e-01 3.505583e-02 -3.880694e+01 -7.502367e-01 -1.669562e-02 6.609585e-01 6.690514e+02
6.619915e-01 -3.030684e-02 7.488983e-01 2.650969e+02 6.557178e-03 9.993781e-01 3.464715e-02 -3.880393e+01 -7.494826e-01 -1.802546e-02 6.617786e-01 6.696780e+02
6.625124e-01 -2.759796e-02 7.485423e-01 2.657479e+02 4.819725e-03 9.994574e-01 3.258314e-02 -3.879480e+01 -7.490354e-01 -1.797896e-02 6.622860e-01 6.702737e+02
6.638627e-01 -2.472338e-02 7.474457e-01 2.663928e+02 4.375278e-03 9.995647e-01 2.917674e-02 -3.877804e+01 -7.478416e-01 -1.609907e-02 6.636819e-01 6.708215e+02
6.653119e-01 -2.200280e-02 7.462412e-01 2.670339e+02 3.698876e-03 9.996505e-01 2.617679e-02 -3.876323e+01 -7.465564e-01 -1.465548e-02 6.651607e-01 6.713596e+02
6.653327e-01 -2.006558e-02 7.462773e-01 2.676582e+02 2.853067e-03 9.996998e-01 2.433588e-02 -3.874558e+01 -7.465415e-01 -1.406228e-02 6.651902e-01 6.719228e+02
6.646615e-01 -1.715274e-02 7.469477e-01 2.682783e+02 2.615767e-04 9.997417e-01 2.272508e-02 -3.874836e+01 -7.471446e-01 -1.490910e-02 6.644943e-01 6.724833e+02
6.634933e-01 -1.463293e-02 7.480391e-01 2.688908e+02 -1.053496e-03 9.997895e-01 2.049202e-02 -3.873039e+01 -7.481815e-01 -1.438437e-02 6.633382e-01 6.730337e+02
6.574617e-01 -1.363217e-02 7.533647e-01 2.694874e+02 9.678886e-04 9.998508e-01 1.724768e-02 -3.874054e+01 -7.534874e-01 -1.061051e-02 6.573768e-01 6.735506e+02
6.550200e-01 -1.040995e-02 7.555398e-01 2.700761e+02 -6.889767e-04 9.998965e-01 1.437404e-02 -3.874598e+01 -7.556112e-01 -9.935835e-03 6.549450e-01 6.740786e+02
6.526518e-01 -7.379684e-03 7.576220e-01 2.706612e+02 -2.629880e-03 9.999245e-01 1.200536e-02 -3.874218e+01 -7.576534e-01 -9.827773e-03 6.525831e-01 6.745717e+02
6.510978e-01 -6.930192e-03 7.589622e-01 2.712588e+02 -1.829764e-03 9.999411e-01 1.070032e-02 -3.873949e+01 -7.589916e-01 -8.355678e-03 6.510468e-01 6.750328e+02
6.480007e-01 -7.614793e-03 7.616017e-01 2.718010e+02 1.976249e-05 9.999502e-01 9.981080e-03 -3.872226e+01 -7.616397e-01 -6.452696e-03 6.479686e-01 6.755095e+02
6.450740e-01 -5.285276e-03 7.641018e-01 2.723318e+02 -5.337951e-04 9.999727e-01 7.367434e-03 -3.873257e+01 -7.641199e-01 -5.160414e-03 6.450536e-01 6.759674e+02
6.421681e-01 3.130678e-03 7.665575e-01 2.728428e+02 -5.973819e-03 9.999817e-01 9.204458e-04 -3.874717e+01 -7.665406e-01 -5.170356e-03 6.421751e-01 6.763969e+02
6.392032e-01 1.215858e-02 7.689417e-01 2.733303e+02 -1.029300e-02 9.999207e-01 -7.254504e-03 -3.876212e+01 -7.689690e-01 -3.277618e-03 6.392777e-01 6.768057e+02
6.362348e-01 2.048251e-02 7.712235e-01 2.738114e+02 -1.303876e-02 9.997902e-01 -1.579633e-02 -3.876943e+01 -7.713853e-01 -5.625938e-06 6.363684e-01 6.772020e+02
6.329704e-01 2.576566e-02 7.737471e-01 2.742784e+02 -1.573678e-02 9.996677e-01 -2.041518e-02 -3.877991e+01 -7.740160e-01 7.459143e-04 6.331656e-01 6.775672e+02
6.260722e-01 2.607940e-02 7.793288e-01 2.747249e+02 -1.874105e-02 9.996551e-01 -1.839679e-02 -3.882219e+01 -7.795398e-01 -3.087724e-03 6.263450e-01 6.778866e+02
6.234253e-01 2.861082e-02 7.813593e-01 2.751648e+02 -2.485034e-02 9.995505e-01 -1.677286e-02 -3.883284e+01 -7.814879e-01 -8.960418e-03 6.238560e-01 6.782215e+02
6.216773e-01 3.432974e-02 7.825208e-01 2.755655e+02 -3.231588e-02 9.993126e-01 -1.816704e-02 -3.884517e+01 -7.826065e-01 -1.399381e-02 6.223594e-01 6.785047e+02
6.204846e-01 4.064125e-02 7.831648e-01 2.759465e+02 -3.791899e-02 9.990430e-01 -2.180155e-02 -3.883923e+01 -7.833014e-01 -1.616929e-02 6.214318e-01 6.787651e+02
6.184864e-01 4.724600e-02 7.843739e-01 2.763108e+02 -4.384137e-02 9.987108e-01 -2.558702e-02 -3.884313e+01 -7.845716e-01 -1.856280e-02 6.197604e-01 6.790556e+02
6.184753e-01 5.367788e-02 7.839687e-01 2.766607e+02 -4.670489e-02 9.984115e-01 -3.151501e-02 -3.883819e+01 -7.844150e-01 -1.712392e-02 6.199999e-01 6.792922e+02
6.186720e-01 5.889800e-02 7.834385e-01 2.769752e+02 -5.025842e-02 9.981105e-01 -3.534832e-02 -3.885285e+01 -7.840402e-01 -1.750537e-02 6.204632e-01 6.795140e+02
6.190302e-01 6.348654e-02 7.827969e-01 2.772811e+02 -5.303163e-02 9.978314e-01 -3.898927e-02 -3.882322e+01 -7.835746e-01 -1.737745e-02 6.210546e-01 6.797258e+02
6.199509e-01 6.402579e-02 7.820240e-01 2.775662e+02 -5.654422e-02 9.977195e-01 -3.685965e-02 -3.883133e+01 -7.826005e-01 -2.136777e-02 6.221574e-01 6.799280e+02
6.221556e-01 6.476056e-02 7.802105e-01 2.778398e+02 -5.976258e-02 9.975936e-01 -3.514833e-02 -3.883132e+01 -7.806093e-01 -2.475966e-02 6.245287e-01 6.801002e+02
6.196680e-01 6.356676e-02 7.822856e-01 2.780832e+02 -5.824927e-02 9.976908e-01 -3.492940e-02 -3.883335e+01 -7.826995e-01 -2.392294e-02 6.219398e-01 6.802729e+02
6.232352e-01 6.368782e-02 7.794369e-01 2.783205e+02 -5.884792e-02 9.976718e-01 -3.446521e-02 -3.883040e+01 -7.798172e-01 -2.438830e-02 6.255320e-01 6.804263e+02
6.268059e-01 6.561610e-02 7.764077e-01 2.785407e+02 -5.862808e-02 9.975948e-01 -3.697781e-02 -3.879726e+01 -7.769666e-01 -2.234139e-02 6.291452e-01 6.806017e+02
6.343173e-01 6.497740e-02 7.703373e-01 2.787618e+02 -5.925727e-02 9.976165e-01 -3.535414e-02 -3.880674e+01 -7.707984e-01 -2.322235e-02 6.366557e-01 6.807597e+02
6.451440e-01 6.543769e-02 7.612536e-01 2.789805e+02 -6.006301e-02 9.975860e-01 -3.485097e-02 -3.878752e+01 -7.616965e-01 -2.323929e-02 6.475171e-01 6.809105e+02
6.579738e-01 6.411676e-02 7.503063e-01 2.791855e+02 -6.181927e-02 9.976047e-01 -3.103762e-02 -3.880773e+01 -7.504991e-01 -2.596145e-02 6.603614e-01 6.810779e+02
6.739875e-01 6.398110e-02 7.359669e-01 2.793892e+02 -6.321790e-02 9.975832e-01 -2.883064e-02 -3.881663e+01 -7.360329e-01 -2.709479e-02 6.764033e-01 6.812445e+02
6.919567e-01 6.395795e-02 7.191004e-01 2.795785e+02 -6.420716e-02 9.975728e-01 -2.694220e-02 -3.882597e+01 -7.190782e-01 -2.752856e-02 6.943837e-01 6.814229e+02
7.120575e-01 6.217600e-02 6.993627e-01 2.797616e+02 -6.458831e-02 9.976484e-01 -2.293402e-02 -3.885717e+01 -6.991441e-01 -2.884032e-02 7.143989e-01 6.816062e+02
7.333004e-01 6.095888e-02 6.771665e-01 2.799365e+02 -6.496939e-02 9.976975e-01 -1.945820e-02 -3.887708e+01 -6.767935e-01 -2.972639e-02 7.355725e-01 6.818021e+02
7.528704e-01 5.577215e-02 6.558015e-01 2.801123e+02 -6.158328e-02 9.980013e-01 -1.417570e-02 -3.892729e+01 -6.552814e-01 -2.971394e-02 7.548002e-01 6.819937e+02
7.781807e-01 5.816161e-02 6.253416e-01 2.803006e+02 -6.214594e-02 9.979470e-01 -1.548183e-02 -3.890811e+01 -6.249582e-01 -2.681478e-02 7.801976e-01 6.821952e+02
8.042201e-01 5.918328e-02 5.913775e-01 2.804816e+02 -6.192603e-02 9.979579e-01 -1.565881e-02 -3.891016e+01 -5.910966e-01 -2.402853e-02 8.062428e-01 6.824188e+02
8.312610e-01 6.012784e-02 5.526208e-01 2.806691e+02 -6.212390e-02 9.979537e-01 -1.513446e-02 -3.891370e+01 -5.524000e-01 -2.175028e-02 8.332954e-01 6.826728e+02
8.576821e-01 5.889073e-02 5.107967e-01 2.808279e+02 -6.218223e-02 9.980080e-01 -1.065166e-02 -3.893299e+01 -5.104065e-01 -2.262674e-02 8.596355e-01 6.829618e+02
8.829623e-01 5.928139e-02 4.656858e-01 2.809703e+02 -6.271162e-02 9.979985e-01 -8.140117e-03 -3.892205e+01 -4.652362e-01 -2.201649e-02 8.849127e-01 6.832839e+02
9.074400e-01 5.819476e-02 4.161321e-01 2.811102e+02 -6.136610e-02 9.980987e-01 -5.762720e-03 -3.891829e+01 -4.156763e-01 -2.030709e-02 9.092859e-01 6.836262e+02
9.302090e-01 5.622173e-02 3.626986e-01 2.812397e+02 -5.855837e-02 9.982736e-01 -4.557890e-03 -3.891022e+01 -3.623286e-01 -1.699925e-02 9.318954e-01 6.839901e+02
9.504436e-01 5.517316e-02 3.059622e-01 2.813439e+02 -5.685311e-02 9.983767e-01 -3.425013e-03 -3.889137e+01 -3.056545e-01 -1.413962e-02 9.520375e-01 6.843824e+02
9.673207e-01 5.850640e-02 2.467136e-01 2.814179e+02 -5.999018e-02 9.981978e-01 -1.504632e-03 -3.885908e+01 -2.463570e-01 -1.334493e-02 9.690873e-01 6.848024e+02
9.797237e-01 5.907563e-02 1.914460e-01 2.814618e+02 -6.036018e-02 9.981763e-01 8.796943e-04 -3.884843e+01 -1.910449e-01 -1.241757e-02 9.815028e-01 6.852435e+02
9.900595e-01 5.927161e-02 1.275500e-01 2.814864e+02 -6.052014e-02 9.981493e-01 5.931959e-03 -3.883849e+01 -1.269623e-01 -1.359233e-02 9.918144e-01 6.857080e+02
9.964547e-01 5.756720e-02 6.135105e-02 2.814863e+02 -5.848459e-02 9.982002e-01 1.326222e-02 -3.883581e+01 -6.047716e-02 -1.680329e-02 9.980281e-01 6.861896e+02
9.984648e-01 5.519691e-02 -4.621777e-03 2.814509e+02 -5.508485e-02 9.982477e-01 2.161671e-02 -3.883641e+01 5.806854e-03 -2.132893e-02 9.997556e-01 6.866818e+02
9.959771e-01 5.500785e-02 -7.073791e-02 2.813849e+02 -5.307217e-02 9.981707e-01 2.895984e-02 -3.882609e+01 7.220152e-02 -2.508912e-02 9.970745e-01 6.871974e+02
9.890106e-01 5.671628e-02 -1.365331e-01 2.812840e+02 -5.226756e-02 9.979857e-01 3.595368e-02 -3.880978e+01 1.382972e-01 -2.842232e-02 9.899829e-01 6.877106e+02
9.777395e-01 6.216691e-02 -2.004016e-01 2.811403e+02 -5.498433e-02 9.976362e-01 4.121526e-02 -3.878595e+01 2.024902e-01 -2.927884e-02 9.788465e-01 6.882451e+02
9.629551e-01 6.755381e-02 -2.610632e-01 2.809684e+02 -5.738473e-02 9.972738e-01 4.639001e-02 -3.874744e+01 2.634853e-01 -2.969046e-02 9.642064e-01 6.887830e+02
9.456750e-01 7.140529e-02 -3.171750e-01 2.807775e+02 -5.720375e-02 9.969077e-01 5.387666e-02 -3.872030e+01 3.200413e-01 -3.280621e-02 9.468354e-01 6.893059e+02
9.271242e-01 7.174743e-02 -3.678221e-01 2.805577e+02 -5.262220e-02 9.967017e-01 6.177842e-02 -3.869410e+01 3.710414e-01 -3.792066e-02 9.278418e-01 6.898316e+02
9.101680e-01 7.091158e-02 -4.081247e-01 2.803143e+02 -4.775057e-02 9.966315e-01 6.667491e-02 -3.866501e+01 4.114780e-01 -4.119718e-02 9.104882e-01 6.903476e+02
8.908028e-01 7.226178e-02 -4.486075e-01 2.800247e+02 -4.400700e-02 9.963527e-01 7.310770e-02 -3.863083e+01 4.522542e-01 -4.538267e-02 8.907337e-01 6.908892e+02
8.722697e-01 7.149119e-02 -4.837713e-01 2.796958e+02 -3.984109e-02 9.963568e-01 7.540457e-02 -3.858715e+01 4.873996e-01 -4.649914e-02 8.719401e-01 6.914505e+02
8.553042e-01 6.756922e-02 -5.137014e-01 2.793418e+02 -3.329351e-02 9.965784e-01 7.565085e-02 -3.854383e+01 5.170553e-01 -4.760157e-02 8.546273e-01 6.920291e+02
8.395960e-01 6.267696e-02 -5.395834e-01 2.789511e+02 -2.562928e-02 9.967856e-01 7.590532e-02 -3.849733e+01 5.426064e-01 -4.990067e-02 8.385035e-01 6.926345e+02
8.253315e-01 5.849075e-02 -5.616108e-01 2.785706e+02 -1.866003e-02 9.969024e-01 7.640319e-02 -3.845064e+01 5.643401e-01 -5.257829e-02 8.238664e-01 6.931828e+02
8.119555e-01 5.410231e-02 -5.812066e-01 2.781434e+02 -1.093852e-02 9.969309e-01 7.751920e-02 -3.839752e+01 5.836168e-01 -5.658460e-02 8.100553e-01 6.937763e+02
7.988623e-01 5.126410e-02 -5.993254e-01 2.777051e+02 -4.784897e-03 9.968718e-01 7.889080e-02 -3.835705e+01 6.014949e-01 -6.015518e-02 7.966086e-01 6.943529e+02
7.854267e-01 4.874951e-02 -6.170319e-01 2.772374e+02 -6.453774e-04 9.969575e-01 7.794458e-02 -3.830688e+01 6.189544e-01 -6.082154e-02 7.830685e-01 6.949418e+02
7.713297e-01 4.660380e-02 -6.347272e-01 2.767443e+02 2.814960e-03 9.970558e-01 7.662797e-02 -3.825734e+01 6.364295e-01 -6.089216e-02 7.689276e-01 6.955303e+02
7.607177e-01 4.522052e-02 -6.475057e-01 2.762212e+02 4.563202e-03 9.971730e-01 7.500163e-02 -3.819828e+01 6.490668e-01 -6.000977e-02 7.583608e-01 6.961242e+02
7.470359e-01 4.649143e-02 -6.631560e-01 2.756850e+02 6.200264e-03 9.970209e-01 7.688198e-02 -3.814430e+01 6.647547e-01 -6.154535e-02 7.445222e-01 6.967238e+02
7.358500e-01 5.047542e-02 -6.752607e-01 2.751181e+02 3.170757e-03 9.969501e-01 7.797681e-02 -3.808980e+01 6.771371e-01 -5.952033e-02 7.334457e-01 6.973052e+02
7.267713e-01 5.302011e-02 -6.848301e-01 2.745403e+02 -2.192655e-04 9.970343e-01 7.695851e-02 -3.803365e+01 6.868794e-01 -5.578108e-02 7.246276e-01 6.978936e+02
7.196488e-01 5.633111e-02 -6.920495e-01 2.739401e+02 -4.740827e-03 9.970790e-01 7.622986e-02 -3.797313e+01 6.943221e-01 -5.157784e-02 7.178137e-01 6.985024e+02
7.147718e-01 5.932482e-02 -6.968371e-01 2.733347e+02 -5.564010e-03 9.968465e-01 7.915874e-02 -3.791181e+01 6.993357e-01 -5.270322e-02 7.128478e-01 6.991145e+02
7.118956e-01 6.149194e-02 -6.995880e-01 2.727090e+02 -4.469325e-03 9.965358e-01 8.304490e-02 -3.784796e+01 7.022711e-01 -5.599261e-02 7.097043e-01 6.997392e+02
7.099321e-01 6.203420e-02 -7.015328e-01 2.720815e+02 -5.097055e-03 9.965396e-01 8.296259e-02 -3.778461e+01 7.042517e-01 -5.532205e-02 7.077916e-01 7.003615e+02
7.082019e-01 5.848111e-02 -7.035837e-01 2.714403e+02 -5.300474e-03 9.969758e-01 7.753227e-02 -3.772510e+01 7.059901e-01 -5.117917e-02 7.063701e-01 7.009955e+02
7.070577e-01 5.439075e-02 -7.050610e-01 2.707872e+02 -6.993055e-03 9.975267e-01 6.993967e-02 -3.765860e+01 7.071213e-01 -4.452085e-02 7.056893e-01 7.016285e+02
6.979943e-01 4.454474e-02 -7.147165e-01 2.700891e+02 -3.365077e-03 9.982564e-01 5.893004e-02 -3.758692e+01 7.160954e-01 -3.872775e-02 6.969272e-01 7.023108e+02
6.974731e-01 4.694214e-02 -7.150718e-01 2.693984e+02 -4.086844e-03 9.980965e-01 6.153553e-02 -3.754120e+01 7.165993e-01 -3.999699e-02 6.963373e-01 7.029624e+02
6.968603e-01 5.268660e-02 -7.152690e-01 2.686830e+02 -7.001949e-03 9.977504e-01 6.667238e-02 -3.747996e+01 7.171727e-01 -4.145306e-02 6.956616e-01 7.036559e+02
6.963845e-01 5.859172e-02 -7.152731e-01 2.679722e+02 -1.020524e-02 9.973694e-01 7.176395e-02 -3.741316e+01 7.175963e-01 -4.267577e-02 6.951506e-01 7.043341e+02
6.959210e-01 6.104979e-02 -7.155186e-01 2.672431e+02 -1.001015e-02 9.971077e-01 7.533967e-02 -3.734917e+01 7.180486e-01 -4.526801e-02 6.945193e-01 7.050205e+02
6.952385e-01 5.993245e-02 -7.162762e-01 2.665130e+02 -7.634221e-03 9.970772e-01 7.601771e-02 -3.728396e+01 7.187386e-01 -4.738223e-02 6.936640e-01 7.057179e+02
6.946113e-01 5.735350e-02 -7.170954e-01 2.657558e+02 -8.303240e-03 9.973896e-01 7.172862e-02 -3.720877e+01 7.193374e-01 -4.386929e-02 6.932743e-01 7.064575e+02
6.942011e-01 5.415143e-02 -7.177412e-01 2.649986e+02 -8.414636e-03 9.977084e-01 6.713547e-02 -3.714273e+01 7.197319e-01 -4.056599e-02 6.930660e-01 7.071789e+02
6.936106e-01 5.538647e-02 -7.182178e-01 2.642258e+02 -1.054201e-02 9.977134e-01 6.675939e-02 -3.707281e+01 7.202731e-01 -3.873356e-02 6.926084e-01 7.079144e+02
6.934779e-01 6.090119e-02 -7.178993e-01 2.634494e+02 -1.243919e-02 9.972846e-01 7.258610e-02 -3.700464e+01 7.203705e-01 -4.140677e-02 6.923524e-01 7.086462e+02
6.869692e-01 5.762132e-02 -7.243984e-01 2.626400e+02 -6.168488e-03 9.972778e-01 7.347739e-02 -3.693287e+01 7.266603e-01 -4.600826e-02 6.854546e-01 7.094194e+02
6.866608e-01 5.906355e-02 -7.245747e-01 2.618440e+02 -8.378688e-03 9.972709e-01 7.335205e-02 -3.686300e+01 7.269297e-01 -4.429699e-02 6.852817e-01 7.101623e+02
6.863624e-01 5.942280e-02 -7.248279e-01 2.610346e+02 -8.868699e-03 9.972661e-01 7.335976e-02 -3.678949e+01 7.272056e-01 -4.392310e-02 6.850130e-01 7.109110e+02
6.860643e-01 5.924886e-02 -7.251244e-01 2.602145e+02 -8.282216e-03 9.972499e-01 7.364776e-02 -3.671546e+01 7.274938e-01 -4.452146e-02 6.846682e-01 7.116772e+02
6.858221e-01 5.704889e-02 -7.255298e-01 2.593868e+02 -9.207778e-03 9.975233e-01 6.973208e-02 -3.664402e+01 7.277110e-01 -4.114328e-02 6.846487e-01 7.124571e+02
6.857889e-01 5.292897e-02 -7.258733e-01 2.585723e+02 -9.307788e-03 9.979083e-01 6.397133e-02 -3.658211e+01 7.277410e-01 -3.711455e-02 6.848471e-01 7.132233e+02
6.854498e-01 5.149529e-02 -7.262966e-01 2.577340e+02 -8.207981e-03 9.979790e-01 6.301152e-02 -3.651854e+01 7.280736e-01 -3.722981e-02 6.844872e-01 7.140184e+02
6.851152e-01 5.298521e-02 -7.265051e-01 2.568950e+02 -6.408873e-03 9.977509e-01 6.672385e-02 -3.645908e+01 7.284065e-01 -4.105745e-02 6.839139e-01 7.148063e+02
6.850860e-01 5.242515e-02 -7.265733e-01 2.560387e+02 -2.852313e-03 9.975924e-01 6.929080e-02 -3.639699e+01 7.284566e-01 -4.539774e-02 6.835861e-01 7.156061e+02
6.850163e-01 4.896336e-02 -7.268805e-01 2.551737e+02 -7.584796e-04 9.977863e-01 6.649704e-02 -3.633387e+01 7.285274e-01 -4.500023e-02 6.835370e-01 7.164122e+02
6.746501e-01 3.671814e-02 -7.372239e-01 2.542750e+02 3.448454e-03 9.985943e-01 5.289169e-02 -3.626435e+01 7.381297e-01 -3.822567e-02 6.735751e-01 7.172445e+02
6.739989e-01 3.872413e-02 -7.377167e-01 2.533830e+02 -2.248661e-03 9.987281e-01 5.037066e-02 -3.621218e+01 7.387289e-01 -3.229090e-02 6.732287e-01 7.180425e+02
6.736108e-01 4.251725e-02 -7.378623e-01 2.524849e+02 -5.872431e-03 9.986203e-01 5.218163e-02 -3.616132e+01 7.390629e-01 -3.081706e-02 6.729311e-01 7.188495e+02
6.735632e-01 4.781969e-02 -7.375811e-01 2.515987e+02 -8.818362e-03 9.983538e-01 5.667343e-02 -3.610422e+01 7.390770e-01 -3.166888e-02 6.728761e-01 7.196579e+02
6.741801e-01 4.979222e-02 -7.368866e-01 2.506929e+02 -1.030834e-02 9.982621e-01 5.802250e-02 -3.604711e+01 7.384950e-01 -3.152154e-02 6.735217e-01 7.204690e+02
6.744091e-01 4.691879e-02 -7.368657e-01 2.497690e+02 -7.076718e-03 9.983439e-01 5.709112e-02 -3.599601e+01 7.383240e-01 -3.328818e-02 6.736242e-01 7.213077e+02
6.737972e-01 4.259691e-02 -7.376875e-01 2.488433e+02 -1.541058e-03 9.984158e-01 5.624477e-02 -3.594155e+01 7.389147e-01 -3.676075e-02 6.727954e-01 7.221604e+02
6.740598e-01 4.217880e-02 -7.374716e-01 2.479331e+02 1.555409e-03 9.982852e-01 5.851739e-02 -3.588429e+01 7.386752e-01 -4.059128e-02 6.728383e-01 7.229979e+02
6.746860e-01 4.647212e-02 -7.366405e-01 2.469900e+02 -1.759568e-03 9.981144e-01 6.135603e-02 -3.583092e+01 7.381028e-01 -4.009988e-02 6.734955e-01 7.238412e+02
6.754232e-01 5.029057e-02 -7.357135e-01 2.460636e+02 -3.627396e-03 9.978864e-01 6.488157e-02 -3.576927e+01 7.374214e-01 -4.115380e-02 6.741781e-01 7.246853e+02
6.734523e-01 5.786569e-02 -7.369624e-01 2.451199e+02 -6.546581e-03 9.973593e-01 7.232943e-02 -3.570944e+01 7.392017e-01 -4.388584e-02 6.720528e-01 7.255423e+02
6.743747e-01 5.693868e-02 -7.361907e-01 2.441799e+02 -7.585432e-03 9.975040e-01 7.020075e-02 -3.563736e+01 7.383503e-01 -4.175729e-02 6.731234e-01 7.263770e+02
6.743582e-01 5.695094e-02 -7.362049e-01 2.432304e+02 -6.087850e-03 9.974162e-01 7.158116e-02 -3.555947e+01 7.383793e-01 -4.378944e-02 6.729625e-01 7.272407e+02
6.748481e-01 5.823127e-02 -7.356556e-01 2.422600e+02 -4.869282e-03 9.972115e-01 7.446809e-02 -3.548867e+01 7.379406e-01 -4.667253e-02 6.732498e-01 7.281180e+02
6.751331e-01 6.028930e-02 -7.352282e-01 2.412888e+02 -5.413823e-03 9.970329e-01 7.678618e-02 -3.540756e+01 7.376761e-01 -4.786050e-02 6.734563e-01 7.289896e+02
6.759154e-01 6.230082e-02 -7.343412e-01 2.403206e+02 -3.942046e-03 9.967119e-01 8.093169e-02 -3.532465e+01 7.369687e-01 -5.180817e-02 6.739385e-01 7.298772e+02
6.763123e-01 6.356696e-02 -7.338671e-01 2.393421e+02 -2.824587e-03 9.964860e-01 8.371172e-02 -3.523780e+01 7.366096e-01 -5.454239e-02 6.741152e-01 7.307647e+02
6.766988e-01 6.229746e-02 -7.336197e-01 2.383964e+02 -4.518295e-04 9.964488e-01 8.419960e-02 -3.513149e+01 7.362598e-01 -5.664629e-02 6.743238e-01 7.316420e+02
6.769141e-01 6.335613e-02 -7.333303e-01 2.374486e+02 -2.797797e-04 9.963108e-01 8.581809e-02 -3.503360e+01 7.360620e-01 -5.788630e-02 6.744345e-01 7.325243e+02
6.771378e-01 6.549618e-02 -7.329356e-01 2.364658e+02 -3.222410e-03 9.962854e-01 8.605241e-02 -3.494108e+01 7.358491e-01 -5.590753e-02 6.748336e-01 7.334343e+02
6.888093e-01 6.653473e-02 -7.218829e-01 2.354074e+02 -2.607422e-03 9.960003e-01 8.931170e-02 -3.482133e+01 7.249379e-01 -5.963647e-02 6.862277e-01 7.343648e+02
6.892135e-01 7.005204e-02 -7.211639e-01 2.343938e+02 -7.156392e-03 9.959249e-01 8.990229e-02 -3.471832e+01 7.245230e-01 -5.680094e-02 6.869062e-01 7.353062e+02
6.898166e-01 7.185714e-02 -7.204093e-01 2.333727e+02 -8.495838e-03 9.957972e-01 9.119061e-02 -3.460980e+01 7.239343e-01 -5.678431e-02 6.875279e-01 7.362596e+02
6.901384e-01 7.111321e-02 -7.201750e-01 2.324153e+02 -8.411023e-03 9.958811e-01 9.027742e-02 -3.450606e+01 7.236286e-01 -5.624650e-02 6.878939e-01 7.371740e+02
6.905545e-01 6.955149e-02 -7.199285e-01 2.314369e+02 -8.789223e-03 9.960992e-01 8.780142e-02 -3.441226e+01 7.232269e-01 -5.430406e-02 6.884722e-01 7.380967e+02
6.906652e-01 7.010983e-02 -7.197681e-01 2.304692e+02 -9.618447e-03 9.960920e-01 8.779594e-02 -3.432308e+01 7.231106e-01 -5.371455e-02 6.886405e-01 7.390338e+02
6.911437e-01 7.149072e-02 -7.191728e-01 2.294800e+02 -7.869357e-03 9.957809e-01 9.142481e-02 -3.421959e+01 7.226745e-01 -5.752825e-02 6.887903e-01 7.399780e+02
6.912974e-01 7.230792e-02 -7.189433e-01 2.285066e+02 -7.090256e-03 9.956113e-01 9.331627e-02 -3.411495e+01 7.225355e-01 -5.941180e-02 6.887762e-01 7.409164e+02
6.913056e-01 7.160799e-02 -7.190055e-01 2.275265e+02 -6.648826e-03 9.956655e-01 9.276875e-02 -3.400811e+01 7.225319e-01 -5.935101e-02 6.887852e-01 7.418558e+02
6.909733e-01 7.254661e-02 -7.192308e-01 2.265514e+02 -7.534964e-03 9.956202e-01 9.318624e-02 -3.389888e+01 7.228410e-01 -5.896982e-02 6.884936e-01 7.427916e+02
7.095858e-01 7.414380e-02 -7.007073e-01 2.254349e+02 -1.018210e-02 9.954235e-01 9.501743e-02 -3.378332e+01 7.045455e-01 -6.028835e-02 7.070934e-01 7.438213e+02
7.093815e-01 7.550603e-02 -7.007686e-01 2.244699e+02 -1.266053e-02 9.954499e-01 9.444105e-02 -3.367089e+01 7.047110e-01 -5.812263e-02 7.071098e-01 7.447877e+02
7.090257e-01 7.778938e-02 -7.008790e-01 2.235222e+02 -1.624210e-02 9.954349e-01 9.405075e-02 -3.356761e+01 7.049956e-01 -5.530065e-02 7.070524e-01 7.457284e+02
7.088143e-01 7.907471e-02 -7.009489e-01 2.225653e+02 -1.836002e-02 9.954284e-01 9.372917e-02 -3.346285e+01 7.051561e-01 -5.356714e-02 7.070258e-01 7.466623e+02
7.083629e-01 7.869321e-02 -7.014481e-01 2.216249e+02 -1.893894e-02 9.955270e-01 9.255935e-02 -3.335993e+01 7.055943e-01 -5.228093e-02 7.066848e-01 7.476002e+02
7.079380e-01 7.833120e-02 -7.019173e-01 2.207058e+02 -1.732409e-02 9.954576e-01 9.361644e-02 -3.325992e+01 7.060620e-01 -5.411456e-02 7.060793e-01 7.485441e+02
7.069845e-01 8.195452e-02 -7.024645e-01 2.197385e+02 -2.081930e-02 9.952443e-01 9.515904e-02 -3.315775e+01 7.069226e-01 -5.265115e-02 7.053285e-01 7.494986e+02
7.061841e-01 8.104131e-02 -7.033749e-01 2.188137e+02 -2.071950e-02 9.953677e-01 9.388183e-02 -3.306078e+01 7.077250e-01 -5.172428e-02 7.045920e-01 7.504401e+02
7.058922e-01 7.743256e-02 -7.040741e-01 2.178212e+02 -2.097823e-02 9.958562e-01 8.848972e-02 -3.296507e+01 7.080085e-01 -4.769398e-02 7.045915e-01 7.514059e+02
7.056674e-01 7.127929e-02 -7.049488e-01 2.168879e+02 -1.981847e-02 9.965233e-01 8.092252e-02 -3.286524e+01 7.082660e-01 -4.313338e-02 7.046267e-01 7.523217e+02
7.315457e-01 8.698041e-02 -6.762213e-01 2.161712e+02 -1.579964e-02 9.937252e-01 1.107277e-01 -3.281703e+01 6.816093e-01 -7.031835e-02 7.283296e-01 7.530193e+02
7.310148e-01 8.975319e-02 -6.764331e-01 2.152315e+02 -1.523541e-02 9.932115e-01 1.153205e-01 -3.269363e+01 6.821915e-01 -7.399525e-02 7.274197e-01 7.540020e+02
7.308009e-01 9.888810e-02 -6.753896e-01 2.143172e+02 -1.900803e-02 9.920150e-01 1.246797e-01 -3.255575e+01 6.823260e-01 -7.827823e-02 7.268451e-01 7.549650e+02
7.303756e-01 1.099361e-01 -6.741406e-01 2.134224e+02 -2.663355e-02 9.907957e-01 1.327197e-01 -3.241053e+01 6.825263e-01 -7.898049e-02 7.265810e-01 7.558925e+02
7.299111e-01 1.159963e-01 -6.736280e-01 2.125750e+02 -3.445988e-02 9.904873e-01 1.332193e-01 -3.227131e+01 6.826729e-01 -7.402508e-02 7.269649e-01 7.568150e+02
7.301298e-01 1.145303e-01 -6.736418e-01 2.116395e+02 -3.840752e-02 9.911732e-01 1.268878e-01 -3.210920e+01 6.822282e-01 -6.677165e-02 7.280839e-01 7.577820e+02
7.297524e-01 1.136019e-01 -6.742077e-01 2.107552e+02 -4.134769e-02 9.916276e-01 1.223320e-01 -3.197180e+01 6.824601e-01 -6.139512e-02 7.283398e-01 7.587317e+02
7.297078e-01 1.129313e-01 -6.743686e-01 2.098540e+02 -4.039884e-02 9.916642e-01 1.223523e-01 -3.183999e+01 6.825646e-01 -6.203772e-02 7.281874e-01 7.596984e+02
7.295265e-01 1.132386e-01 -6.745133e-01 2.089501e+02 -4.017286e-02 9.915907e-01 1.230208e-01 -3.170026e+01 6.827718e-01 -6.264977e-02 7.279407e-01 7.606527e+02
7.291179e-01 1.129274e-01 -6.750071e-01 2.080639e+02 -3.846256e-02 9.914952e-01 1.243294e-01 -3.155801e+01 6.833065e-01 -6.468830e-02 7.272604e-01 7.616048e+02
7.368429e-01 1.108794e-01 -6.669095e-01 2.072439e+02 -3.157843e-02 9.910271e-01 1.298770e-01 -3.143122e+01 6.753261e-01 -7.463895e-02 7.337327e-01 7.624793e+02
7.357273e-01 1.100779e-01 -6.682725e-01 2.063610e+02 -3.082564e-02 9.911236e-01 1.293208e-01 -3.127993e+01 6.765760e-01 -7.454493e-02 7.325899e-01 7.634368e+02
7.346275e-01 1.099177e-01 -6.695076e-01 2.054833e+02 -3.000479e-02 9.910874e-01 1.297905e-01 -3.112845e+01 6.778068e-01 -7.525921e-02 7.313781e-01 7.643905e+02
7.331496e-01 1.096751e-01 -6.711654e-01 2.045901e+02 -3.016172e-02 9.911829e-01 1.290218e-01 -3.097562e+01 6.793982e-01 -7.434880e-02 7.299934e-01 7.653541e+02
7.312033e-01 1.098765e-01 -6.732524e-01 2.036965e+02 -3.048743e-02 9.912203e-01 1.286580e-01 -3.082285e+01 6.814780e-01 -7.354939e-02 7.281334e-01 7.663055e+02
7.287864e-01 1.119385e-01 -6.755295e-01 2.027952e+02 -3.155232e-02 9.909893e-01 1.301719e-01 -3.067011e+01 6.840137e-01 -7.355298e-02 7.257515e-01 7.672716e+02
7.261113e-01 1.142726e-01 -6.780148e-01 2.018848e+02 -3.036475e-02 9.904600e-01 1.344133e-01 -3.051982e+01 6.869063e-01 -7.701126e-02 7.226541e-01 7.682388e+02
7.232450e-01 1.156344e-01 -6.808416e-01 2.009573e+02 -2.833405e-02 9.900203e-01 1.380468e-01 -3.036357e+01 6.900100e-01 -8.055063e-02 7.193037e-01 7.692073e+02
7.200575e-01 1.124702e-01 -6.847391e-01 2.000231e+02 -2.453977e-02 9.902875e-01 1.368518e-01 -3.021066e+01 6.934804e-01 -8.173784e-02 7.158239e-01 7.701721e+02
7.155460e-01 1.096008e-01 -6.899142e-01 1.990908e+02 -2.340514e-02 9.908223e-01 1.331288e-01 -3.004812e+01 6.981734e-01 -7.911226e-02 7.115442e-01 7.711322e+02
7.013689e-01 9.864335e-02 -7.059399e-01 1.981693e+02 -1.696925e-02 9.924080e-01 1.218131e-01 -2.988748e+01 7.125964e-01 -7.345668e-02 6.977180e-01 7.720730e+02
6.952333e-01 9.983429e-02 -7.118172e-01 1.972001e+02 -1.786025e-02 9.924010e-01 1.217428e-01 -2.973527e+01 7.185622e-01 -7.192640e-02 6.917333e-01 7.730404e+02
6.901361e-01 1.023603e-01 -7.164039e-01 1.962350e+02 -1.912226e-02 9.921799e-01 1.233422e-01 -2.959406e+01 7.234269e-01 -7.142367e-02 6.866966e-01 7.739245e+02
6.833010e-01 1.044269e-01 -7.226304e-01 1.952391e+02 -2.079703e-02 9.921014e-01 1.237028e-01 -2.943754e+01 7.298405e-01 -6.949769e-02 6.800757e-01 7.748663e+02
6.760297e-01 1.083390e-01 -7.288666e-01 1.942545e+02 -2.340579e-02 9.917907e-01 1.257111e-01 -2.928607e+01 7.365025e-01 -6.792476e-02 6.730158e-01 7.757558e+02
6.683635e-01 1.111701e-01 -7.354805e-01 1.932341e+02 -2.452965e-02 9.915248e-01 1.275809e-01 -2.912778e+01 7.434303e-01 -6.722931e-02 6.654259e-01 7.766789e+02
6.599921e-01 1.130150e-01 -7.427234e-01 1.922121e+02 -2.460384e-02 9.913416e-01 1.289822e-01 -2.897364e+01 7.508695e-01 -6.685339e-02 6.570583e-01 7.775823e+02
6.513783e-01 1.114224e-01 -7.505274e-01 1.911564e+02 -2.430228e-02 9.917151e-01 1.261371e-01 -2.880573e+01 7.583639e-01 -6.392342e-02 6.486895e-01 7.784961e+02
6.420288e-01 1.096450e-01 -7.587997e-01 1.900999e+02 -2.336310e-02 9.920592e-01 1.235827e-01 -2.864660e+01 7.663245e-01 -6.161576e-02 6.394922e-01 7.793909e+02
6.321683e-01 1.121172e-01 -7.666766e-01 1.890417e+02 -2.344626e-02 9.917906e-01 1.257047e-01 -2.849291e+01 7.744763e-01 -6.149081e-02 6.296073e-01 7.802563e+02
6.089904e-01 1.095345e-01 -7.855781e-01 1.879955e+02 -1.665410e-02 9.919663e-01 1.254011e-01 -2.835243e+01 7.930027e-01 -6.328498e-02 6.059221e-01 7.810884e+02
5.987805e-01 1.140014e-01 -7.927582e-01 1.868888e+02 -1.801325e-02 9.914844e-01 1.289733e-01 -2.819572e+01 8.007106e-01 -6.294654e-02 5.957351e-01 7.819163e+02
5.893489e-01 1.144180e-01 -7.997352e-01 1.858096e+02 -1.631932e-02 9.914041e-01 1.298139e-01 -2.805267e+01 8.077138e-01 -6.345454e-02 5.861501e-01 7.827011e+02
5.802069e-01 1.147950e-01 -8.063387e-01 1.847074e+02 -1.768886e-02 9.915600e-01 1.284360e-01 -2.789716e+01 8.142770e-01 -6.025625e-02 5.773405e-01 7.834862e+02
5.715133e-01 1.150451e-01 -8.124883e-01 1.835793e+02 -1.917965e-02 9.917258e-01 1.269333e-01 -2.773788e+01 8.203687e-01 -5.696081e-02 5.689910e-01 7.842774e+02
5.639289e-01 1.162318e-01 -8.176028e-01 1.824428e+02 -2.063353e-02 9.917197e-01 1.267529e-01 -2.758564e+01 8.255655e-01 -5.460958e-02 5.616577e-01 7.850514e+02
5.572195e-01 1.188421e-01 -8.218169e-01 1.812980e+02 -2.450423e-02 9.916277e-01 1.267835e-01 -2.742405e+01 8.300036e-01 -5.050826e-02 5.554665e-01 7.858091e+02
5.516466e-01 1.200675e-01 -8.253907e-01 1.801791e+02 -2.585090e-02 9.915704e-01 1.269639e-01 -2.727931e+01 8.336772e-01 -4.870211e-02 5.501003e-01 7.865415e+02
5.467546e-01 1.188438e-01 -8.288157e-01 1.790320e+02 -2.706920e-02 9.918670e-01 1.243666e-01 -2.712575e+01 8.368552e-01 -4.556264e-02 5.455249e-01 7.872985e+02
5.421442e-01 1.164944e-01 -8.321711e-01 1.778527e+02 -2.740099e-02 9.922676e-01 1.210548e-01 -2.696915e+01 8.398386e-01 -4.282686e-02 5.411441e-01 7.880585e+02
5.429662e-01 1.094143e-01 -8.325961e-01 1.767162e+02 -2.354588e-02 9.930693e-01 1.151475e-01 -2.682101e+01 8.394244e-01 -4.291699e-02 5.417793e-01 7.887775e+02
5.378134e-01 1.099224e-01 -8.358671e-01 1.755041e+02 -2.338473e-02 9.930271e-01 1.155438e-01 -2.666852e+01 8.427395e-01 -4.259450e-02 5.366338e-01 7.895519e+02
5.320231e-01 1.132700e-01 -8.391194e-01 1.742980e+02 -2.421787e-02 9.926421e-01 1.186388e-01 -2.652566e+01 8.463834e-01 -4.279690e-02 5.308517e-01 7.903274e+02
5.260474e-01 1.128856e-01 -8.429300e-01 1.731222e+02 -2.423184e-02 9.927386e-01 1.178257e-01 -2.638238e+01 8.501100e-01 -4.155615e-02 5.249629e-01 7.910548e+02
5.193003e-01 1.083034e-01 -8.477013e-01 1.719341e+02 -2.338937e-02 9.933667e-01 1.125855e-01 -2.624042e+01 8.542717e-01 -3.863846e-02 5.183888e-01 7.917744e+02
5.121849e-01 1.051428e-01 -8.524152e-01 1.707413e+02 -2.103258e-02 9.937163e-01 1.099341e-01 -2.610601e+01 8.586176e-01 -3.837811e-02 5.111779e-01 7.924761e+02
5.043253e-01 1.059795e-01 -8.569856e-01 1.695384e+02 -1.836121e-02 9.935318e-01 1.120602e-01 -2.597108e+01 8.633185e-01 -4.077951e-02 5.030091e-01 7.931740e+02
4.956345e-01 1.087728e-01 -8.616930e-01 1.683340e+02 -1.761980e-02 9.931818e-01 1.152361e-01 -2.582454e+01 8.683524e-01 -4.193213e-02 4.941718e-01 7.938707e+02
4.871763e-01 1.129985e-01 -8.659622e-01 1.671408e+02 -1.800393e-02 9.926823e-01 1.194054e-01 -2.568161e+01 8.731180e-01 -4.258076e-02 4.856458e-01 7.945196e+02
4.780281e-01 1.154941e-01 -8.707182e-01 1.659300e+02 -1.751799e-02 9.923738e-01 1.220134e-01 -2.555221e+01 8.781698e-01 -4.307260e-02 4.764058e-01 7.951788e+02
4.490819e-01 1.082958e-01 -8.869033e-01 1.646990e+02 -1.259641e-02 9.932962e-01 1.149088e-01 -2.542618e+01 8.934018e-01 -4.043168e-02 4.474355e-01 7.958455e+02
4.402708e-01 1.054921e-01 -8.916462e-01 1.634959e+02 -1.261788e-02 9.937027e-01 1.113362e-01 -2.530173e+01 8.977764e-01 -3.776739e-02 4.388294e-01 7.964021e+02
4.309306e-01 1.051618e-01 -8.962365e-01 1.622055e+02 -1.322020e-02 9.938154e-01 1.102548e-01 -2.515863e+01 9.022882e-01 -3.566374e-02 4.296557e-01 7.970257e+02
4.214917e-01 1.072009e-01 -9.004736e-01 1.610280e+02 -1.282518e-02 9.935934e-01 1.122835e-01 -2.502979e+01 9.067416e-01 -3.577784e-02 4.201662e-01 7.975531e+02
4.113390e-01 1.088062e-01 -9.049649e-01 1.597589e+02 -1.266512e-02 9.934359e-01 1.136866e-01 -2.488812e+01 9.113944e-01 -3.530223e-02 4.100170e-01 7.981395e+02
4.012550e-01 1.099952e-01 -9.093379e-01 1.585246e+02 -1.162421e-02 9.932950e-01 1.150215e-01 -2.474646e+01 9.158926e-01 -3.558262e-02 3.998432e-01 7.986716e+02
3.910305e-01 1.125771e-01 -9.134668e-01 1.572706e+02 -9.605845e-03 9.929363e-01 1.182590e-01 -2.461638e+01 9.203276e-01 -3.746827e-02 3.893498e-01 7.992071e+02
3.812311e-01 1.121502e-01 -9.176520e-01 1.560373e+02 -6.697873e-03 9.929235e-01 1.185669e-01 -2.449020e+01 9.244555e-01 -3.905508e-02 3.792845e-01 7.997092e+02
3.717601e-01 1.087614e-01 -9.219357e-01 1.547932e+02 -3.989385e-03 9.932913e-01 1.155706e-01 -2.436101e+01 9.283203e-01 -3.928657e-02 3.696999e-01 8.001986e+02
3.619065e-01 1.086905e-01 -9.258564e-01 1.535254e+02 -6.030437e-03 9.934319e-01 1.142663e-01 -2.421394e+01 9.321949e-01 -3.577039e-02 3.601849e-01 8.006913e+02
3.223360e-01 1.045377e-01 -9.408355e-01 1.522615e+02 -1.871703e-03 9.939521e-01 1.097983e-01 -2.408698e+01 9.466235e-01 -3.363099e-02 3.205822e-01 8.011686e+02
3.126554e-01 1.057657e-01 -9.439598e-01 1.510288e+02 -5.090926e-03 9.939538e-01 1.096811e-01 -2.395802e+01 9.498530e-01 -2.948676e-02 3.113035e-01 8.015525e+02
3.030484e-01 1.088959e-01 -9.467330e-01 1.497847e+02 -7.036698e-03 9.936784e-01 1.120433e-01 -2.383932e+01 9.529492e-01 -2.729265e-02 3.018989e-01 8.019328e+02
2.932189e-01 1.100418e-01 -9.496913e-01 1.484773e+02 -7.643332e-03 9.935919e-01 1.127687e-01 -2.370530e+01 9.560148e-01 -2.580712e-02 2.921810e-01 8.023498e+02
2.840560e-01 1.131341e-01 -9.521097e-01 1.472416e+02 -8.654307e-03 9.932763e-01 1.154438e-01 -2.358248e+01 9.587686e-01 -2.455265e-02 2.831252e-01 8.026996e+02
2.761062e-01 1.161137e-01 -9.540875e-01 1.459484e+02 -1.020445e-02 9.929739e-01 1.178931e-01 -2.345243e+01 9.610730e-01 -2.281509e-02 2.753511e-01 8.030750e+02
2.696972e-01 1.162883e-01 -9.558977e-01 1.447000e+02 -1.523192e-02 9.930723e-01 1.165132e-01 -2.330432e+01 9.628247e-01 -1.686313e-02 2.696001e-01 8.034185e+02
2.638266e-01 1.133655e-01 -9.578851e-01 1.434598e+02 -1.536210e-02 9.934373e-01 1.133420e-01 -2.318312e+01 9.644478e-01 -1.518750e-02 2.638367e-01 8.037630e+02
2.586477e-01 1.123312e-01 -9.594181e-01 1.422173e+02 -1.801178e-02 9.936037e-01 1.114780e-01 -2.305668e+01 9.658038e-01 -1.155271e-02 2.590166e-01 8.040848e+02
2.536111e-01 1.141087e-01 -9.605523e-01 1.409820e+02 -1.578918e-02 9.933737e-01 1.138390e-01 -2.294725e+01 9.671774e-01 -1.370449e-02 2.537322e-01 8.044042e+02
2.248979e-01 1.148819e-01 -9.675862e-01 1.397429e+02 -1.199702e-02 9.932764e-01 1.151436e-01 -2.282278e+01 9.743085e-01 -1.428741e-02 2.247640e-01 8.047223e+02
2.205679e-01 1.164436e-01 -9.683959e-01 1.385201e+02 -8.194109e-03 9.930344e-01 1.175399e-01 -2.271167e+01 9.753372e-01 -1.799038e-02 2.199856e-01 8.049865e+02
2.161313e-01 1.157917e-01 -9.694738e-01 1.372985e+02 -5.325498e-03 9.930678e-01 1.174224e-01 -2.259777e+01 9.763498e-01 -2.021573e-02 2.152497e-01 8.052513e+02
2.107127e-01 1.166260e-01 -9.705661e-01 1.360803e+02 -1.010563e-02 9.930645e-01 1.171355e-01 -2.244883e+01 9.774958e-01 -1.487375e-02 2.104299e-01 8.055156e+02
2.058588e-01 1.163113e-01 -9.716449e-01 1.348473e+02 -5.723395e-03 9.930375e-01 1.176595e-01 -2.233351e+01 9.785650e-01 -1.866014e-02 2.050912e-01 8.057811e+02
2.001306e-01 1.150105e-01 -9.729955e-01 1.336403e+02 -8.068163e-03 9.932462e-01 1.157447e-01 -2.220428e+01 9.797360e-01 -1.531377e-02 1.997069e-01 8.060233e+02
1.948886e-01 1.136706e-01 -9.742163e-01 1.324220e+02 -5.435527e-03 9.933716e-01 1.148182e-01 -2.209731e+01 9.808103e-01 -1.708138e-02 1.942147e-01 8.062695e+02
1.899020e-01 1.122692e-01 -9.753629e-01 1.311831e+02 -5.496299e-03 9.935465e-01 1.132921e-01 -2.196432e+01 9.817877e-01 -1.615351e-02 1.892935e-01 8.065127e+02
1.851261e-01 1.142789e-01 -9.760475e-01 1.300095e+02 -3.149484e-03 9.932793e-01 1.156991e-01 -2.185181e+01 9.827097e-01 -1.834488e-02 1.842418e-01 8.067403e+02
1.809322e-01 1.183700e-01 -9.763463e-01 1.288333e+02 -7.007229e-05 9.927323e-01 1.203436e-01 -2.173433e+01 9.834956e-01 -2.170561e-02 1.796255e-01 8.069561e+02
1.677883e-01 1.181413e-01 -9.787184e-01 1.276780e+02 5.287451e-03 9.926711e-01 1.207319e-01 -2.162968e+01 9.858089e-01 -2.543234e-02 1.659339e-01 8.071654e+02
1.633502e-01 1.165483e-01 -9.796597e-01 1.265135e+02 4.484680e-03 9.928996e-01 1.188712e-01 -2.150488e+01 9.865579e-01 -2.381110e-02 1.616677e-01 8.073690e+02
1.591812e-01 1.126221e-01 -9.808046e-01 1.253685e+02 5.559463e-03 9.933539e-01 1.149654e-01 -2.139336e+01 9.872337e-01 -2.375307e-02 1.574971e-01 8.075535e+02
1.550116e-01 1.093923e-01 -9.818374e-01 1.242429e+02 4.848619e-03 9.937542e-01 1.114855e-01 -2.128641e+01 9.879007e-01 -2.204211e-02 1.535131e-01 8.077266e+02
1.513079e-01 1.089883e-01 -9.824599e-01 1.231417e+02 4.821139e-03 9.938098e-01 1.109899e-01 -2.117581e+01 9.884749e-01 -2.153022e-02 1.498458e-01 8.078874e+02
1.483945e-01 1.112241e-01 -9.826537e-01 1.220372e+02 4.423894e-03 9.935706e-01 1.131278e-01 -2.106478e+01 9.889184e-01 -2.113470e-02 1.469483e-01 8.080469e+02
1.462432e-01 1.142817e-01 -9.826254e-01 1.209582e+02 6.009610e-03 9.931838e-01 1.164041e-01 -2.096211e+01 9.892304e-01 -2.292850e-02 1.445596e-01 8.081939e+02
1.442663e-01 1.168261e-01 -9.826184e-01 1.198737e+02 7.086661e-03 9.928589e-01 1.190840e-01 -2.086375e+01 9.895135e-01 -2.414329e-02 1.424081e-01 8.083538e+02
1.426447e-01 1.177172e-01 -9.827488e-01 1.186912e+02 7.338013e-03 9.927492e-01 1.199802e-01 -2.073120e+01 9.897468e-01 -2.432596e-02 1.407466e-01 8.085578e+02
1.414511e-01 1.148334e-01 -9.832624e-01 1.176379e+02 1.027101e-02 9.930255e-01 1.174512e-01 -2.063410e+01 9.898920e-01 -2.671270e-02 1.392851e-01 8.087217e+02
1.509762e-01 1.101690e-01 -9.823792e-01 1.166315e+02 1.006860e-02 9.935475e-01 1.129689e-01 -2.053349e+01 9.884861e-01 -2.694679e-02 1.488928e-01 8.088520e+02
1.505734e-01 1.096500e-01 -9.824991e-01 1.156630e+02 7.224497e-03 9.936814e-01 1.120052e-01 -2.043974e+01 9.885724e-01 -2.396307e-02 1.488299e-01 8.089777e+02
1.503422e-01 1.128785e-01 -9.821689e-01 1.146611e+02 5.874427e-03 9.933410e-01 1.150617e-01 -2.034686e+01 9.886166e-01 -2.306832e-02 1.486780e-01 8.091324e+02
1.504454e-01 1.144324e-01 -9.819732e-01 1.136754e+02 5.817032e-03 9.931587e-01 1.166271e-01 -2.026292e+01 9.886012e-01 -2.325819e-02 1.487505e-01 8.092788e+02
1.505729e-01 1.126695e-01 -9.821575e-01 1.127229e+02 2.536386e-03 9.934370e-01 1.143523e-01 -2.016741e+01 9.885957e-01 -1.970949e-02 1.492989e-01 8.094158e+02
1.511957e-01 1.090533e-01 -9.824700e-01 1.118269e+02 2.951834e-03 9.938417e-01 1.107698e-01 -2.008530e+01 9.884994e-01 -1.964801e-02 1.499426e-01 8.095369e+02
1.514938e-01 1.076594e-01 -9.825778e-01 1.109331e+02 2.738813e-03 9.940014e-01 1.093333e-01 -2.000500e+01 9.884544e-01 -1.925442e-02 1.502902e-01 8.096705e+02
1.525157e-01 1.101688e-01 -9.821414e-01 1.100451e+02 2.177104e-03 9.937276e-01 1.118066e-01 -1.992403e+01 9.882986e-01 -1.919049e-02 1.513193e-01 8.098034e+02
1.544540e-01 1.143156e-01 -9.813643e-01 1.091653e+02 3.494379e-03 9.932143e-01 1.162459e-01 -1.984438e+01 9.879938e-01 -2.138390e-02 1.530065e-01 8.099411e+02
1.571022e-01 1.134353e-01 -9.810460e-01 1.083263e+02 7.092500e-03 9.932263e-01 1.159795e-01 -1.976966e+01 9.875569e-01 -2.517870e-02 1.552335e-01 8.100778e+02
1.554182e-01 1.036362e-01 -9.823974e-01 1.075082e+02 1.213718e-02 9.942062e-01 1.068021e-01 -1.969670e+01 9.877742e-01 -2.852252e-02 1.532599e-01 8.102037e+02
1.568758e-01 9.950750e-02 -9.825926e-01 1.067127e+02 1.126634e-02 9.946662e-01 1.025289e-01 -1.961860e+01 9.875541e-01 -2.715454e-02 1.549180e-01 8.103316e+02
1.582274e-01 9.836454e-02 -9.824910e-01 1.059464e+02 1.394409e-02 9.947038e-01 1.018329e-01 -1.954804e+01 9.873042e-01 -2.981270e-02 1.560178e-01 8.104519e+02
1.584900e-01 1.007535e-01 -9.822065e-01 1.052165e+02 1.668770e-02 9.943645e-01 1.046934e-01 -1.948299e+01 9.872196e-01 -3.298363e-02 1.559154e-01 8.105490e+02
1.562289e-01 1.020356e-01 -9.824364e-01 1.044859e+02 1.851015e-02 9.941727e-01 1.061981e-01 -1.942504e+01 9.875474e-01 -3.477625e-02 1.534298e-01 8.106618e+02
1.507094e-01 9.980137e-02 -9.835275e-01 1.038031e+02 1.952490e-02 9.943965e-01 1.038961e-01 -1.937709e+01 9.883853e-01 -3.486140e-02 1.479162e-01 8.107584e+02
1.418656e-01 9.609684e-02 -9.852104e-01 1.030977e+02 2.039735e-02 9.947816e-01 9.996754e-02 -1.931872e+01 9.896758e-01 -3.427764e-02 1.391652e-01 8.108624e+02
1.308255e-01 9.270244e-02 -9.870618e-01 1.024273e+02 2.263267e-02 9.950800e-01 9.645523e-02 -1.925496e+01 9.911470e-01 -3.495865e-02 1.280837e-01 8.109421e+02
1.157295e-01 9.119330e-02 -9.890857e-01 1.017701e+02 2.407818e-02 9.952263e-01 9.457677e-02 -1.920943e+01 9.929889e-01 -3.476070e-02 1.129812e-01 8.110094e+02
9.723660e-02 9.178089e-02 -9.910203e-01 1.011434e+02 2.643656e-02 9.951493e-01 9.475718e-02 -1.915625e+01 9.949101e-01 -3.541304e-02 9.433857e-02 8.110615e+02
7.797693e-02 9.564756e-02 -9.923564e-01 1.005065e+02 3.013759e-02 9.947061e-01 9.824217e-02 -1.911489e+01 9.964995e-01 -3.756786e-02 7.468154e-02 8.110842e+02
5.211641e-02 9.841432e-02 -9.937799e-01 9.989885e+01 2.906099e-02 9.945614e-01 1.000157e-01 -1.907176e+01 9.982181e-01 -3.409269e-02 4.897295e-02 8.110932e+02
2.460507e-02 9.898449e-02 -9.947847e-01 9.924239e+01 2.637649e-02 9.946753e-01 9.962599e-02 -1.901187e+01 9.993492e-01 -2.869024e-02 2.186319e-02 8.111018e+02
-4.856441e-03 9.802623e-02 -9.951720e-01 9.863185e+01 2.674073e-02 9.948406e-01 9.786309e-02 -1.896875e+01 9.996306e-01 -2.613636e-02 -7.452678e-03 8.110785e+02
-3.791784e-02 9.676850e-02 -9.945844e-01 9.804452e+01 2.957885e-02 9.949727e-01 9.567861e-02 -1.893395e+01 9.988430e-01 -2.579073e-02 -4.058952e-02 8.110334e+02
-7.491928e-02 9.503339e-02 -9.926509e-01 9.748167e+01 3.278179e-02 9.951452e-01 9.279801e-02 -1.888958e+01 9.966506e-01 -2.558851e-02 -7.767093e-02 8.109603e+02
-1.161082e-01 9.082756e-02 -9.890749e-01 9.691981e+01 3.416719e-02 9.955859e-01 8.741456e-02 -1.884820e+01 9.926487e-01 -2.364437e-02 -1.186990e-01 8.108543e+02
-1.611349e-01 8.798156e-02 -9.830029e-01 9.635382e+01 3.685516e-02 9.958602e-01 8.309099e-02 -1.880587e+01 9.862440e-01 -2.283987e-02 -1.637104e-01 8.107182e+02
-2.106220e-01 8.953539e-02 -9.734587e-01 9.579655e+01 4.203322e-02 9.957053e-01 8.248707e-02 -1.876444e+01 9.766635e-01 -2.354401e-02 -2.134809e-01 8.105657e+02
-2.637666e-01 9.382016e-02 -9.600130e-01 9.523535e+01 4.868826e-02 9.952848e-01 8.388996e-02 -1.871886e+01 9.633570e-01 -2.461399e-02 -2.670909e-01 8.103855e+02
-3.272924e-01 9.615795e-02 -9.400177e-01 9.470072e+01 5.610491e-02 9.950312e-01 8.225105e-02 -1.867631e+01 9.432560e-01 -2.581947e-02 -3.310611e-01 8.101766e+02
-3.851131e-01 9.761426e-02 -9.176924e-01 9.418485e+01 5.745546e-02 9.949974e-01 8.172573e-02 -1.863528e+01 9.210792e-01 -2.125280e-02 -3.887950e-01 8.099294e+02
-4.428943e-01 9.829145e-02 -8.911697e-01 9.367295e+01 6.128528e-02 9.949666e-01 7.928211e-02 -1.859759e+01 8.944768e-01 -1.950199e-02 -4.466888e-01 8.096438e+02
-5.001288e-01 9.822827e-02 -8.603618e-01 9.317816e+01 6.772797e-02 9.949391e-01 7.422278e-02 -1.856213e+01 8.632984e-01 -2.114961e-02 -5.042505e-01 8.093280e+02
-5.556828e-01 9.823528e-02 -8.255704e-01 9.269564e+01 7.084458e-02 9.949781e-01 7.070850e-02 -1.851955e+01 8.283705e-01 -1.919569e-02 -5.598517e-01 8.089749e+02
-6.088839e-01 9.753004e-02 -7.872409e-01 9.222718e+01 7.372563e-02 9.950752e-01 6.625593e-02 -1.847887e+01 7.898259e-01 -1.769767e-02 -6.130757e-01 8.085936e+02
-6.596979e-01 9.621667e-02 -7.453463e-01 9.177827e+01 7.575460e-02 9.952327e-01 6.142492e-02 -1.844321e+01 7.477031e-01 -1.594152e-02 -6.638418e-01 8.081790e+02
-7.071811e-01 9.647714e-02 -7.004192e-01 9.134246e+01 8.077115e-02 9.951847e-01 5.552781e-02 -1.841610e+01 7.024037e-01 -1.730545e-02 -7.115684e-01 8.077302e+02
-7.512606e-01 9.460700e-02 -6.531899e-01 9.095260e+01 8.346889e-02 9.953458e-01 4.816332e-02 -1.839299e+01 6.547064e-01 -1.833783e-02 -7.556608e-01 8.072662e+02
-7.921032e-01 8.862183e-02 -6.039195e-01 9.060082e+01 8.108942e-02 9.959124e-01 3.978740e-02 -1.836816e+01 6.049769e-01 -1.745575e-02 -7.960516e-01 8.067658e+02
-8.321712e-01 8.752955e-02 -5.475671e-01 9.025600e+01 8.478677e-02 9.959369e-01 3.034660e-02 -1.834585e+01 5.479985e-01 -2.117288e-02 -8.362113e-01 8.062278e+02
-8.640560e-01 8.422466e-02 -4.962998e-01 8.993532e+01 8.414438e-02 9.961980e-01 2.256497e-02 -1.832697e+01 4.963134e-01 -2.226344e-02 -8.678579e-01 8.056574e+02
-8.910009e-01 7.674584e-02 -4.474679e-01 8.965464e+01 7.952665e-02 9.967531e-01 1.260054e-02 -1.829980e+01 4.469821e-01 -2.435854e-02 -8.942112e-01 8.050706e+02
-9.131432e-01 7.094804e-02 -4.014174e-01 8.939670e+01 7.627700e-02 9.970830e-01 2.713534e-03 -1.830076e+01 4.004389e-01 -2.814107e-02 -9.158912e-01 8.044623e+02
-9.312555e-01 6.527281e-02 -3.584727e-01 8.917333e+01 7.263825e-02 9.973331e-01 -7.102457e-03 -1.830925e+01 3.570531e-01 -3.265303e-02 -9.335132e-01 8.038455e+02
-9.463635e-01 5.661887e-02 -3.181044e-01 8.898668e+01 6.537677e-02 9.977173e-01 -1.691448e-02 -1.831324e+01 3.164206e-01 -3.680388e-02 -9.479048e-01 8.032135e+02
-9.589073e-01 4.987985e-02 -2.793004e-01 8.880189e+01 5.836807e-02 9.980493e-01 -2.215187e-02 -1.833327e+01 2.776507e-01 -3.754382e-02 -9.599482e-01 8.025455e+02
-9.692160e-01 4.461369e-02 -2.421362e-01 8.866326e+01 5.201016e-02 9.983524e-01 -2.423799e-02 -1.835858e+01 2.406559e-01 -3.608539e-02 -9.699395e-01 8.018843e+02
-9.779336e-01 3.935936e-02 -2.051747e-01 8.854827e+01 4.592670e-02 9.985705e-01 -2.734339e-02 -1.838166e+01 2.038052e-01 -3.616301e-02 -9.783433e-01 8.012101e+02
-9.850820e-01 3.341821e-02 -1.688094e-01 8.845269e+01 3.969729e-02 9.986345e-01 -3.395844e-02 -1.840644e+01 1.674441e-01 -4.015313e-02 -9.850636e-01 8.005073e+02
-9.915397e-01 2.699549e-02 -1.269657e-01 8.837629e+01 3.264463e-02 9.985577e-01 -4.262486e-02 -1.843569e+01 1.256319e-01 -4.640898e-02 -9.909908e-01 7.997947e+02
-9.954901e-01 2.138754e-02 -9.242283e-02 8.832659e+01 2.607406e-02 9.984188e-01 -4.980102e-02 -1.846444e+01 9.121156e-02 -5.198626e-02 -9.944737e-01 7.990722e+02
-9.979999e-01 1.337687e-02 -6.178352e-02 8.830043e+01 1.665571e-02 9.984628e-01 -5.286351e-02 -1.849553e+01 6.098140e-02 -5.378683e-02 -9.966886e-01 7.983319e+02
-9.993698e-01 2.856253e-03 -3.538025e-02 8.829320e+01 4.631607e-03 9.987285e-01 -5.019941e-02 -1.852327e+01 3.519188e-02 -5.033164e-02 -9.981123e-01 7.975615e+02
-9.999174e-01 -3.512232e-03 -1.236065e-02 8.830077e+01 -2.938691e-03 9.989317e-01 -4.611661e-02 -1.856259e+01 1.250942e-02 -4.607648e-02 -9.988596e-01 7.967804e+02
-9.999538e-01 -4.382933e-03 8.553492e-03 8.831416e+01 -4.764058e-03 9.989730e-01 -4.505833e-02 -1.860986e+01 -8.347220e-03 -4.509700e-02 -9.989477e-01 7.960208e+02
-9.995896e-01 -8.069815e-03 2.748569e-02 8.833745e+01 -9.438316e-03 9.987031e-01 -5.002942e-02 -1.864538e+01 -2.704631e-02 -5.026831e-02 -9.983695e-01 7.952418e+02
-9.989637e-01 -1.177412e-02 4.396544e-02 8.838584e+01 -1.455340e-02 9.978795e-01 -6.344004e-02 -1.869611e+01 -4.312527e-02 -6.401414e-02 -9.970168e-01 7.944625e+02
-9.981654e-01 -1.396645e-02 5.891339e-02 8.844455e+01 -1.864663e-02 9.966480e-01 -7.965580e-02 -1.875404e+01 -5.760340e-02 -8.060820e-02 -9.950800e-01 7.936704e+02
-9.972484e-01 -1.313922e-02 7.295819e-02 8.850142e+01 -1.981570e-02 9.956028e-01 -9.155572e-02 -1.881877e+01 -7.143440e-02 -9.274951e-02 -9.931237e-01 7.928689e+02
-9.959992e-01 -1.412605e-02 8.823915e-02 8.856768e+01 -2.214031e-02 9.956488e-01 -9.051699e-02 -1.888928e+01 -8.657655e-02 -9.210849e-02 -9.919781e-01 7.920382e+02
-9.950707e-01 -1.625585e-02 9.782641e-02 8.865433e+01 -2.428087e-02 9.963848e-01 -8.141053e-02 -1.896497e+01 -9.614935e-02 -8.338454e-02 -9.918681e-01 7.911866e+02
-9.942390e-01 -1.793647e-02 1.056742e-01 8.874831e+01 -2.583810e-02 9.969319e-01 -7.388566e-02 -1.904203e+01 -1.040247e-01 -7.619043e-02 -9.916521e-01 7.903266e+02
-9.936925e-01 -1.890704e-02 1.105338e-01 8.885452e+01 -2.700633e-02 9.970214e-01 -7.224278e-02 -1.911084e+01 -1.088387e-01 -7.477222e-02 -9.912433e-01 7.894558e+02
-9.933530e-01 -2.093984e-02 1.131871e-01 8.896683e+01 -2.936396e-02 9.968791e-01 -7.327942e-02 -1.918774e+01 -1.112994e-01 -7.611596e-02 -9.908677e-01 7.885577e+02
-9.930886e-01 -2.297689e-02 1.150959e-01 8.907074e+01 -3.190835e-02 9.965689e-01 -7.636906e-02 -1.924768e+01 -1.129463e-01 -7.951377e-02 -9.904144e-01 7.876548e+02
-9.929739e-01 -2.331489e-02 1.160142e-01 8.918473e+01 -3.273245e-02 9.962617e-01 -7.994482e-02 -1.931932e+01 -1.137166e-01 -8.318054e-02 -9.900250e-01 7.867643e+02
-9.928722e-01 -2.415758e-02 1.167099e-01 8.930507e+01 -3.386482e-02 9.960633e-01 -8.192072e-02 -1.939007e+01 -1.142715e-01 -8.528917e-02 -9.897817e-01 7.858394e+02
-9.927835e-01 -2.609882e-02 1.170461e-01 8.942496e+01 -3.583655e-02 9.959978e-01 -8.187853e-02 -1.945900e+01 -1.144407e-01 -8.548218e-02 -9.897455e-01 7.849166e+02
-9.926999e-01 -2.895502e-02 1.170830e-01 8.953745e+01 -3.841206e-02 9.961073e-01 -7.933985e-02 -1.954173e+01 -1.143299e-01 -8.325806e-02 -9.899479e-01 7.839682e+02
-9.925129e-01 -3.001380e-02 1.183951e-01 8.965188e+01 -3.936881e-02 9.962159e-01 -7.748477e-02 -1.962495e+01 -1.156215e-01 -8.156570e-02 -9.899387e-01 7.830288e+02
-9.924823e-01 -3.062181e-02 1.184956e-01 8.977382e+01 -4.000387e-02 9.961797e-01 -7.762572e-02 -1.970072e+01 -1.156659e-01 -8.178243e-02 -9.899157e-01 7.820562e+02
-9.924701e-01 -3.071509e-02 1.185733e-01 8.989645e+01 -3.999728e-02 9.962506e-01 -7.671354e-02 -1.977963e+01 -1.157725e-01 -8.087851e-02 -9.899775e-01 7.810871e+02
-9.924718e-01 -3.123878e-02 1.184228e-01 9.002060e+01 -4.026909e-02 9.963967e-01 -7.464540e-02 -1.985834e+01 -1.156642e-01 -7.885223e-02 -9.901536e-01 7.801086e+02
-9.924870e-01 -3.102285e-02 1.183516e-01 9.014408e+01 -3.988202e-02 9.965169e-01 -7.323597e-02 -1.993679e+01 -1.156673e-01 -7.740585e-02 -9.902673e-01 7.790994e+02
-9.924196e-01 -3.245137e-02 1.185333e-01 9.026938e+01 -4.132818e-02 9.964595e-01 -7.321507e-02 -2.001559e+01 -1.157377e-01 -7.755884e-02 -9.902471e-01 7.780963e+02
-9.923553e-01 -3.359182e-02 1.187541e-01 9.039807e+01 -4.260708e-02 9.963320e-01 -7.421014e-02 -2.009490e+01 -1.158256e-01 -7.870259e-02 -9.901466e-01 7.771052e+02
-9.923425e-01 -3.474552e-02 1.185292e-01 9.053046e+01 -4.378191e-02 9.962590e-01 -7.450573e-02 -2.017060e+01 -1.154971e-01 -7.912463e-02 -9.901514e-01 7.760768e+02
-9.922752e-01 -3.592670e-02 1.187404e-01 9.065628e+01 -4.508220e-02 9.961382e-01 -7.534076e-02 -2.025704e+01 -1.155751e-01 -8.011184e-02 -9.900629e-01 7.750347e+02
-9.921865e-01 -3.906840e-02 1.184887e-01 9.079414e+01 -4.834871e-02 9.958977e-01 -7.648669e-02 -2.034105e+01 -1.150144e-01 -8.161784e-02 -9.900052e-01 7.740169e+02
-9.921262e-01 -4.172618e-02 1.180874e-01 9.093397e+01 -5.092661e-02 9.958066e-01 -7.599811e-02 -2.041894e+01 -1.144211e-01 -8.141350e-02 -9.900907e-01 7.729467e+02
-9.920515e-01 -4.377537e-02 1.179729e-01 9.106182e+01 -5.274496e-02 9.958615e-01 -7.401288e-02 -2.049993e+01 -1.142447e-01 -7.964706e-02 -9.902548e-01 7.718910e+02
-9.919556e-01 -4.585972e-02 1.179874e-01 9.118803e+01 -5.479579e-02 9.957782e-01 -7.364250e-02 -2.058305e+01 -1.141120e-01 -7.951530e-02 -9.902806e-01 7.708120e+02
-9.918057e-01 -4.828949e-02 1.182775e-01 9.131746e+01 -5.744786e-02 9.955058e-01 -7.528607e-02 -2.066053e+01 -1.141104e-01 -8.146394e-02 -9.901224e-01 7.697799e+02
-9.917470e-01 -4.886060e-02 1.185348e-01 9.145088e+01 -5.823486e-02 9.953325e-01 -7.695386e-02 -2.074389e+01 -1.142215e-01 -8.322161e-02 -9.899634e-01 7.686994e+02
-9.915682e-01 -5.239279e-02 1.185222e-01 9.159751e+01 -6.177826e-02 9.951192e-01 -7.695006e-02 -2.083638e+01 -1.139121e-01 -8.362333e-02 -9.899652e-01 7.675968e+02
-9.914420e-01 -5.500327e-02 1.183948e-01 9.173702e+01 -6.439129e-02 9.949508e-01 -7.698550e-02 -2.092853e+01 -1.135626e-01 -8.395025e-02 -9.899777e-01 7.665254e+02
-9.913339e-01 -5.644872e-02 1.186197e-01 9.188578e+01 -6.572776e-02 9.949525e-01 -7.582518e-02 -2.100242e+01 -1.137407e-01 -8.296468e-02 -9.900404e-01 7.653962e+02
-9.911876e-01 -5.858366e-02 1.188070e-01 9.199580e+01 -6.740278e-02 9.951518e-01 -7.162171e-02 -2.109672e+01 -1.140352e-01 -7.899847e-02 -9.903309e-01 7.643286e+02
-9.911465e-01 -5.932008e-02 1.187844e-01 9.211343e+01 -6.756707e-02 9.954863e-01 -6.664625e-02 -2.118786e+01 -1.142948e-01 -7.408211e-02 -9.906808e-01 7.632113e+02
-9.913986e-01 -5.825726e-02 1.171960e-01 9.225716e+01 -6.606766e-02 9.957670e-01 -6.389920e-02 -2.127538e+01 -1.129773e-01 -7.109244e-02 -9.910510e-01 7.620890e+02
-9.913667e-01 -5.706795e-02 1.180476e-01 9.237973e+01 -6.494325e-02 9.958360e-01 -6.397640e-02 -2.134755e+01 -1.139050e-01 -7.109046e-02 -9.909449e-01 7.609909e+02
-9.912596e-01 -5.722634e-02 1.188674e-01 9.251341e+01 -6.529496e-02 9.957383e-01 -6.512971e-02 -2.142254e+01 -1.146337e-01 -7.232190e-02 -9.907717e-01 7.598975e+02
-9.911709e-01 -5.876694e-02 1.188557e-01 9.265372e+01 -6.662282e-02 9.957723e-01 -6.323727e-02 -2.150994e+01 -1.146370e-01 -7.059745e-02 -9.908957e-01 7.587753e+02
-9.911437e-01 -5.905272e-02 1.189408e-01 9.279698e+01 -6.656123e-02 9.959662e-01 -6.017468e-02 -2.158533e+01 -1.149076e-01 -6.755860e-02 -9.910762e-01 7.576380e+02
-9.910071e-01 -6.112340e-02 1.190327e-01 9.293267e+01 -6.838366e-02 9.959780e-01 -5.789288e-02 -2.166388e+01 -1.150153e-01 -6.551215e-02 -9.912011e-01 7.565135e+02
-9.909249e-01 -6.084035e-02 1.198598e-01 9.307153e+01 -6.824257e-02 9.959434e-01 -5.864946e-02 -2.174525e+01 -1.158053e-01 -6.629675e-02 -9.910569e-01 7.553622e+02
-9.908546e-01 -6.020853e-02 1.207562e-01 9.321312e+01 -6.789745e-02 9.958502e-01 -6.059995e-02 -2.182476e+01 -1.166065e-01 -6.824478e-02 -9.908308e-01 7.542138e+02
-9.908045e-01 -6.053726e-02 1.210026e-01 9.337015e+01 -6.826987e-02 9.958118e-01 -6.081169e-02 -2.190379e+01 -1.168145e-01 -6.851334e-02 -9.907877e-01 7.530877e+02
-9.907502e-01 -6.096774e-02 1.212315e-01 9.351782e+01 -6.851826e-02 9.958968e-01 -5.911745e-02 -2.197830e+01 -1.171298e-01 -6.687719e-02 -9.908623e-01 7.519337e+02
-9.908622e-01 -6.236529e-02 1.195938e-01 9.365836e+01 -6.937208e-02 9.960544e-01 -5.534532e-02 -2.205516e+01 -1.156703e-01 -6.313605e-02 -9.912791e-01 7.507948e+02
-9.908599e-01 -6.294327e-02 1.193094e-01 9.382099e+01 -6.980935e-02 9.960832e-01 -5.426695e-02 -2.213492e+01 -1.154264e-01 -6.209986e-02 -9.913730e-01 7.496560e+02
-9.909296e-01 -6.409123e-02 1.181133e-01 9.397659e+01 -7.078034e-02 9.960651e-01 -5.333263e-02 -2.219926e+01 -1.142304e-01 -6.120899e-02 -9.915669e-01 7.485016e+02
-9.910937e-01 -6.385589e-02 1.168579e-01 9.411356e+01 -7.039813e-02 9.961239e-01 -5.273715e-02 -2.230083e+01 -1.130374e-01 -6.049403e-02 -9.917475e-01 7.473040e+02
-9.912689e-01 -6.409923e-02 1.152272e-01 9.423869e+01 -7.059034e-02 9.960878e-01 -5.316056e-02 -2.238210e+01 -1.113688e-01 -6.083034e-02 -9.919156e-01 7.461507e+02
-9.915851e-01 -6.303042e-02 1.130760e-01 9.437517e+01 -6.961581e-02 9.960419e-01 -5.526424e-02 -2.246853e+01 -1.091451e-01 -6.267107e-02 -9.920482e-01 7.449493e+02
-9.918298e-01 -6.396162e-02 1.103747e-01 9.450367e+01 -7.043965e-02 9.959529e-01 -5.582250e-02 -2.251139e+01 -1.063575e-01 -6.314118e-02 -9.923212e-01 7.438119e+02
-9.921770e-01 -6.451703e-02 1.068752e-01 9.462840e+01 -7.049717e-02 9.960949e-01 -5.315163e-02 -2.257734e+01 -1.030286e-01 -6.027022e-02 -9.928507e-01 7.426579e+02
-9.926174e-01 -6.464560e-02 1.026240e-01 9.475389e+01 -7.005198e-02 9.962905e-01 -4.997870e-02 -2.265190e+01 -9.901243e-02 -5.679874e-02 -9.934639e-01 7.414836e+02
-9.930458e-01 -6.486274e-02 9.824870e-02 9.486605e+01 -7.001833e-02 9.962936e-01 -4.996592e-02 -2.273350e+01 -9.464362e-02 -5.649766e-02 -9.939067e-01 7.402599e+02
-9.936025e-01 -6.629616e-02 9.142652e-02 9.497378e+01 -7.103650e-02 9.962395e-01 -4.960473e-02 -2.279187e+01 -8.779411e-02 -5.578200e-02 -9.945756e-01 7.390145e+02
-9.939881e-01 -6.737780e-02 8.630115e-02 9.509654e+01 -7.186496e-02 9.961611e-01 -4.998507e-02 -2.285691e+01 -8.260196e-02 -5.588659e-02 -9.950144e-01 7.378109e+02
-9.943534e-01 -6.797854e-02 8.148721e-02 9.520334e+01 -7.212578e-02 9.961874e-01 -4.907712e-02 -2.293989e+01 -7.784034e-02 -5.467733e-02 -9.954654e-01 7.365779e+02
-9.947434e-01 -6.813327e-02 7.644264e-02 9.529909e+01 -7.186836e-02 9.962957e-01 -4.722104e-02 -2.300421e+01 -7.294215e-02 -5.246662e-02 -9.959552e-01 7.353589e+02
-9.950599e-01 -6.900216e-02 7.137594e-02 9.538903e+01 -7.229783e-02 9.963824e-01 -4.466680e-02 -2.307049e+01 -6.803562e-02 -4.960647e-02 -9.964489e-01 7.341357e+02
-9.953283e-01 -7.010005e-02 6.638894e-02 9.547059e+01 -7.307370e-02 9.963786e-01 -4.347304e-02 -2.313533e+01 -6.310106e-02 -4.812124e-02 -9.968463e-01 7.328972e+02
-9.957572e-01 -6.822394e-02 6.175090e-02 9.555395e+01 -7.091139e-02 9.965799e-01 -4.242725e-02 -2.319751e+01 -5.864515e-02 -4.662608e-02 -9.971894e-01 7.316529e+02
-9.962140e-01 -6.478889e-02 5.796534e-02 9.564345e+01 -6.724527e-02 9.968739e-01 -4.147876e-02 -2.326348e+01 -5.509677e-02 -4.521962e-02 -9.974565e-01 7.305016e+02
-9.965234e-01 -6.195305e-02 5.570358e-02 9.572200e+01 -6.431158e-02 9.970627e-01 -4.159388e-02 -2.332807e+01 -5.296309e-02 -4.503166e-02 -9.975806e-01 7.292717e+02
-9.966243e-01 -6.092164e-02 5.503146e-02 9.579361e+01 -6.332765e-02 9.970622e-01 -4.308828e-02 -2.337488e+01 -5.224478e-02 -4.642784e-02 -9.975545e-01 7.280382e+02
-9.969000e-01 -5.827821e-02 5.285798e-02 9.588267e+01 -6.052100e-02 9.972883e-01 -4.187083e-02 -2.343555e+01 -5.027449e-02 -4.494005e-02 -9.977238e-01 7.267856e+02
-9.971130e-01 -5.439890e-02 5.297550e-02 9.594880e+01 -5.656603e-02 9.975850e-01 -4.030544e-02 -2.349463e+01 -5.065499e-02 -4.318569e-02 -9.977821e-01 7.255158e+02
-9.972363e-01 -5.108339e-02 5.394653e-02 9.602012e+01 -5.317261e-02 9.978609e-01 -3.802909e-02 -2.355532e+01 -5.188848e-02 -4.079247e-02 -9.978194e-01 7.242363e+02
-9.974329e-01 -4.390070e-02 5.657217e-02 9.608324e+01 -4.599219e-02 9.982852e-01 -3.621394e-02 -2.361439e+01 -5.488534e-02 -3.872285e-02 -9.977415e-01 7.229566e+02
-9.974386e-01 -3.757802e-02 6.086171e-02 9.616086e+01 -3.977353e-02 9.985859e-01 -3.527305e-02 -2.367886e+01 -5.945015e-02 -3.760338e-02 -9.975228e-01 7.217382e+02
-9.972860e-01 -3.233770e-02 6.614239e-02 9.624056e+01 -3.472874e-02 9.987723e-01 -3.532519e-02 -2.373547e+01 -6.491885e-02 -3.752636e-02 -9.971847e-01 7.204326e+02
-9.969584e-01 -2.906109e-02 7.231451e-02 9.633993e+01 -3.169348e-02 9.988661e-01 -3.552462e-02 -2.379236e+01 -7.120013e-02 -3.770846e-02 -9.967490e-01 7.191821e+02
-9.965195e-01 -2.701837e-02 7.885981e-02 9.643656e+01 -2.968804e-02 9.990183e-01 -3.287952e-02 -2.384871e+01 -7.789405e-02 -3.510627e-02 -9.963433e-01 7.178983e+02
-9.960511e-01 -2.337669e-02 8.564861e-02 9.654073e+01 -2.594091e-02 9.992442e-01 -2.894907e-02 -2.391098e+01 -8.490715e-02 -3.105655e-02 -9.959047e-01 7.166039e+02
-9.955347e-01 -2.050804e-02 9.214137e-02 9.666208e+01 -2.311957e-02 9.993581e-01 -2.736513e-02 -2.396892e+01 -9.152102e-02 -2.937320e-02 -9.953698e-01 7.153162e+02
-9.951876e-01 -1.737914e-02 9.643460e-02 9.677818e+01 -1.980587e-02 9.995094e-01 -2.426458e-02 -2.401676e+01 -9.596558e-02 -2.605778e-02 -9.950435e-01 7.139808e+02
-9.946316e-01 -1.504110e-02 1.023803e-01 9.690673e+01 -1.740821e-02 9.996005e-01 -2.226667e-02 -2.405368e+01 -1.020045e-01 -2.392939e-02 -9.944961e-01 7.126733e+02
-9.938961e-01 -1.701339e-02 1.090002e-01 9.703391e+01 -1.950374e-02 9.995716e-01 -2.182190e-02 -2.408873e+01 -1.085822e-01 -2.381462e-02 -9.938022e-01 7.114188e+02
-9.932520e-01 -1.778164e-02 1.146052e-01 9.719853e+01 -2.081016e-02 9.994637e-01 -2.528358e-02 -2.413116e+01 -1.140941e-01 -2.749792e-02 -9.930893e-01 7.101371e+02
-9.926221e-01 -1.639080e-02 1.201363e-01 9.735783e+01 -1.966949e-02 9.994643e-01 -2.615652e-02 -2.417502e+01 -1.196432e-01 -2.832656e-02 -9.924128e-01 7.088792e+02
-9.918701e-01 -1.747180e-02 1.260496e-01 9.752665e+01 -2.053125e-02 9.995243e-01 -2.301351e-02 -2.422280e+01 -1.255875e-01 -2.541437e-02 -9.917570e-01 7.075976e+02
-9.910106e-01 -1.496874e-02 1.329436e-01 9.768171e+01 -1.792357e-02 9.996176e-01 -2.105723e-02 -2.426191e+01 -1.325775e-01 -2.325076e-02 -9.908999e-01 7.062750e+02
-9.902362e-01 -1.205032e-02 1.388781e-01 9.785729e+01 -1.486451e-02 9.997043e-01 -1.924431e-02 -2.430549e+01 -1.386051e-01 -2.112077e-02 -9.901225e-01 7.050317e+02
-9.894850e-01 -1.136848e-02 1.441883e-01 9.804839e+01 -1.427792e-02 9.997145e-01 -1.915935e-02 -2.433493e+01 -1.439293e-01 -2.101660e-02 -9.893648e-01 7.037184e+02
-9.888473e-01 -1.118585e-02 1.485121e-01 9.825413e+01 -1.393893e-02 9.997495e-01 -1.750986e-02 -2.437693e+01 -1.482790e-01 -1.938467e-02 -9.887556e-01 7.024281e+02
-9.887344e-01 -1.053598e-02 1.493092e-01 9.845362e+01 -1.317762e-02 9.997735e-01 -1.671410e-02 -2.441731e+01 -1.490993e-01 -1.849335e-02 -9.886493e-01 7.011523e+02
-9.882561e-01 -1.026963e-02 1.524611e-01 9.866081e+01 -1.300451e-02 9.997717e-01 -1.695183e-02 -2.444584e+01 -1.522522e-01 -1.873544e-02 -9.881641e-01 6.998809e+02
-9.878224e-01 -1.010070e-02 1.552576e-01 9.887468e+01 -1.274355e-02 9.997902e-01 -1.603643e-02 -2.447546e+01 -1.550630e-01 -1.781967e-02 -9.877439e-01 6.985487e+02
-9.873630e-01 -1.007786e-02 1.581540e-01 9.907657e+01 -1.268887e-02 9.997992e-01 -1.550820e-02 -2.451979e+01 -1.579659e-01 -1.731902e-02 -9.872927e-01 6.972170e+02
-9.869562e-01 -9.060146e-03 1.607336e-01 9.928798e+01 -1.227201e-02 9.997441e-01 -1.900106e-02 -2.455169e+01 -1.605203e-01 -2.072574e-02 -9.868149e-01 6.959380e+02
-9.865130e-01 -1.058992e-02 1.633399e-01 9.951652e+01 -1.446046e-02 9.996417e-01 -2.252544e-02 -2.459166e+01 -1.630428e-01 -2.458361e-02 -9.863127e-01 6.946295e+02
-9.860829e-01 -1.171642e-02 1.658408e-01 9.973065e+01 -1.610298e-02 9.995545e-01 -2.513061e-02 -2.463429e+01 -1.654725e-01 -2.745140e-02 -9.858323e-01 6.933836e+02
-9.857013e-01 -1.317553e-02 1.679864e-01 9.995889e+01 -1.752951e-02 9.995471e-01 -2.446207e-02 -2.468260e+01 -1.675880e-01 -2.705701e-02 -9.854858e-01 6.920819e+02
-9.853271e-01 -1.263079e-02 1.702083e-01 1.001857e+02 -1.681700e-02 9.995900e-01 -2.317537e-02 -2.473742e+01 -1.698458e-01 -2.569772e-02 -9.851355e-01 6.908095e+02
-9.848319e-01 -1.278600e-02 1.730397e-01 1.004051e+02 -1.706119e-02 9.995843e-01 -2.324161e-02 -2.478133e+01 -1.726706e-01 -2.584134e-02 -9.846406e-01 6.895336e+02
-9.849579e-01 -1.154386e-02 1.724083e-01 1.006331e+02 -1.619167e-02 9.995417e-01 -2.557618e-02 -2.482913e+01 -1.720341e-01 -2.798304e-02 -9.846935e-01 6.882337e+02
-9.845939e-01 -1.222341e-02 1.744289e-01 1.008814e+02 -1.706897e-02 9.995082e-01 -2.630646e-02 -2.487927e+01 -1.740216e-01 -2.887850e-02 -9.843183e-01 6.869186e+02
-9.842952e-01 -1.357630e-02 1.760076e-01 1.011198e+02 -1.851320e-02 9.994790e-01 -2.643762e-02 -2.494250e+01 -1.755570e-01 -2.928089e-02 -9.840337e-01 6.856086e+02
-9.841134e-01 -1.673342e-02 1.767506e-01 1.013562e+02 -2.144561e-02 9.994628e-01 -2.478344e-02 -2.499525e+01 -1.762410e-01 -2.818025e-02 -9.839436e-01 6.843183e+02
-9.839956e-01 -1.711115e-02 1.773690e-01 1.015990e+02 -2.185683e-02 9.994526e-01 -2.483659e-02 -2.503271e+01 -1.768470e-01 -2.831582e-02 -9.838310e-01 6.829940e+02
-9.837800e-01 -1.627143e-02 1.786395e-01 1.018297e+02 -2.087820e-02 9.994954e-01 -2.393833e-02 -2.507585e+01 -1.781599e-01 -2.727972e-02 -9.836233e-01 6.817014e+02
-9.835768e-01 -1.692239e-02 1.796950e-01 1.020668e+02 -2.174147e-02 9.994539e-01 -2.488252e-02 -2.511564e+01 -1.791758e-01 -2.838070e-02 -9.834076e-01 6.803629e+02
-9.832071e-01 -1.665426e-02 1.817317e-01 1.023030e+02 -2.148486e-02 9.994654e-01 -2.464463e-02 -2.515463e+01 -1.812241e-01 -2.813525e-02 -9.830393e-01 6.790047e+02
-9.826667e-01 -1.717845e-02 1.845835e-01 1.025435e+02 -2.189888e-02 9.994824e-01 -2.356518e-02 -2.519882e+01 -1.840831e-01 -2.719889e-02 -9.825343e-01 6.777307e+02
-9.821022e-01 -1.857817e-02 1.874301e-01 1.028018e+02 -2.323636e-02 9.994726e-01 -2.268635e-02 -2.523449e+01 -1.869098e-01 -2.663551e-02 -9.820159e-01 6.764475e+02
-9.821205e-01 -1.958226e-02 1.872321e-01 1.030518e+02 -2.428385e-02 9.994439e-01 -2.285023e-02 -2.527439e+01 -1.866805e-01 -2.698840e-02 -9.820499e-01 6.750965e+02
-9.815665e-01 -2.099671e-02 1.899641e-01 1.033047e+02 -2.605552e-02 9.993682e-01 -2.417185e-02 -2.531449e+01 -1.893366e-01 -2.867589e-02 -9.814934e-01 6.737532e+02
-9.810877e-01 -2.181250e-02 1.923309e-01 1.035711e+02 -2.725974e-02 9.992974e-01 -2.572135e-02 -2.535709e+01 -1.916347e-01 -3.047779e-02 -9.809930e-01 6.724372e+02
-9.805764e-01 -2.405752e-02 1.946564e-01 1.038364e+02 -2.982993e-02 9.991963e-01 -2.677714e-02 -2.539704e+01 -1.938558e-01 -3.206362e-02 -9.805059e-01 6.711335e+02
-9.801271e-01 -2.612925e-02 1.966421e-01 1.041117e+02 -3.193247e-02 9.991413e-01 -2.639854e-02 -2.543985e+01 -1.957835e-01 -3.215319e-02 -9.801199e-01 6.698081e+02
-9.796830e-01 -2.705017e-02 1.987196e-01 1.043845e+02 -3.252854e-02 9.991740e-01 -2.435509e-02 -2.547917e+01 -1.978966e-01 -3.032432e-02 -9.797537e-01 6.684531e+02
-9.793188e-01 -2.871193e-02 2.002758e-01 1.046650e+02 -3.324841e-02 9.992603e-01 -1.932383e-02 -2.551317e+01 -1.995728e-01 -2.558304e-02 -9.795490e-01 6.671199e+02
-9.788767e-01 -2.707894e-02 2.026502e-01 1.049337e+02 -3.166630e-02 9.993097e-01 -1.942836e-02 -2.554620e+01 -2.019842e-01 -2.543515e-02 -9.790585e-01 6.657775e+02
-9.784510e-01 -2.408467e-02 2.050698e-01 1.052023e+02 -3.065680e-02 9.991112e-01 -2.893119e-02 -2.558344e+01 -2.041907e-01 -3.459454e-02 -9.783197e-01 6.644608e+02
-9.782217e-01 -1.994256e-02 2.066024e-01 1.054936e+02 -2.760122e-02 9.990320e-01 -3.425348e-02 -2.563690e+01 -2.057193e-01 -3.920998e-02 -9.778252e-01 6.631318e+02
-9.784245e-01 -2.024365e-02 2.056107e-01 1.057698e+02 -2.693571e-02 9.991929e-01 -2.980022e-02 -2.569825e+01 -2.048415e-01 -3.469554e-02 -9.781800e-01 6.618266e+02
-9.780149e-01 -1.894628e-02 2.076725e-01 1.060350e+02 -2.471018e-02 9.993771e-01 -2.519567e-02 -2.575775e+01 -2.070658e-01 -2.977337e-02 -9.778739e-01 6.604670e+02
-9.776267e-01 -1.773677e-02 2.095985e-01 1.063068e+02 -2.328732e-02 9.994396e-01 -2.404347e-02 -2.579737e+01 -2.090546e-01 -2.838652e-02 -9.774919e-01 6.591533e+02
-9.772356e-01 -1.833802e-02 2.113628e-01 1.065927e+02 -2.404726e-02 9.994112e-01 -2.447270e-02 -2.584163e+01 -2.107895e-01 -2.899829e-02 -9.771013e-01 6.578361e+02
-9.768884e-01 -2.131535e-02 2.126845e-01 1.068890e+02 -2.681531e-02 9.993756e-01 -2.300839e-02 -2.588712e+01 -2.120613e-01 -2.817983e-02 -9.768500e-01 6.565622e+02
-9.765757e-01 -2.429717e-02 2.137979e-01 1.071876e+02 -2.974965e-02 9.993081e-01 -2.232213e-02 -2.592942e+01 -2.131076e-01 -2.815966e-02 -9.766228e-01 6.553130e+02
-9.763091e-01 -2.609503e-02 2.148011e-01 1.074780e+02 -3.153110e-02 9.992624e-01 -2.191943e-02 -2.596697e+01 -2.140707e-01 -2.817306e-02 -9.764118e-01 6.540050e+02
-9.758821e-01 -3.022234e-02 2.161961e-01 1.077680e+02 -3.547091e-02 9.991617e-01 -2.043713e-02 -2.600502e+01 -2.153972e-01 -2.761290e-02 -9.761360e-01 6.527243e+02
-9.754214e-01 -3.451991e-02 2.176269e-01 1.080562e+02 -3.880699e-02 9.991272e-01 -1.545482e-02 -2.604233e+01 -2.169034e-01 -2.352041e-02 -9.759097e-01 6.514624e+02
-9.750323e-01 -3.590862e-02 2.191408e-01 1.083360e+02 -4.048349e-02 9.990453e-01 -1.642037e-02 -2.608923e+01 -2.183419e-01 -2.488198e-02 -9.755551e-01 6.501895e+02
-9.754461e-01 -3.835530e-02 2.168726e-01 1.086277e+02 -4.343467e-02 9.988812e-01 -1.870129e-02 -2.612237e+01 -2.159126e-01 -2.766189e-02 -9.760208e-01 6.489393e+02
-9.753729e-01 -3.741310e-02 2.173658e-01 1.089362e+02 -4.332152e-02 9.988083e-01 -2.247881e-02 -2.615834e+01 -2.162657e-01 -3.134184e-02 -9.758313e-01 6.477200e+02
-9.752251e-01 -3.781453e-02 2.179588e-01 1.092105e+02 -4.367674e-02 9.988004e-01 -2.213944e-02 -2.620033e+01 -2.168601e-01 -3.111067e-02 -9.757068e-01 6.464404e+02
-9.751762e-01 -3.673911e-02 2.183612e-01 1.094881e+02 -4.283055e-02 9.988123e-01 -2.322690e-02 -2.624269e+01 -2.172485e-01 -3.200285e-02 -9.755916e-01 6.451910e+02
-9.752414e-01 -3.572753e-02 2.182380e-01 1.097765e+02 -4.141759e-02 9.989094e-01 -2.155252e-02 -2.628629e+01 -2.172300e-01 -3.005780e-02 -9.756576e-01 6.439617e+02
-9.750885e-01 -3.612092e-02 2.188552e-01 1.100079e+02 -4.161869e-02 9.989220e-01 -2.056120e-02 -2.630916e+01 -2.178766e-01 -2.915745e-02 -9.755407e-01 6.428456e+02
-9.751623e-01 -3.459991e-02 2.187724e-01 1.102786e+02 -3.947901e-02 9.990588e-01 -1.796889e-02 -2.633558e+01 -2.179448e-01 -2.615950e-02 -9.756104e-01 6.414956e+02
-9.751734e-01 -3.396307e-02 2.188226e-01 1.105478e+02 -3.888047e-02 9.990780e-01 -1.820398e-02 -2.636676e+01 -2.180026e-01 -2.625996e-02 -9.755948e-01 6.401989e+02
-9.753074e-01 -3.282029e-02 2.183992e-01 1.108339e+02 -3.802434e-02 9.990833e-01 -1.966682e-02 -2.640302e+01 -2.175535e-01 -2.748568e-02 -9.756613e-01 6.389698e+02
-9.753580e-01 -3.301427e-02 2.181442e-01 1.111084e+02 -3.845026e-02 9.990457e-01 -2.072026e-02 -2.644650e+01 -2.172519e-01 -2.859737e-02 -9.756966e-01 6.377866e+02
-9.759318e-01 -3.660388e-02 2.149820e-01 1.113879e+02 -4.161458e-02 9.989564e-01 -1.882629e-02 -2.648123e+01 -2.140685e-01 -2.731956e-02 -9.764365e-01 6.365536e+02
-9.760134e-01 -3.993327e-02 2.140168e-01 1.116738e+02 -4.452848e-02 9.988687e-01 -1.669168e-02 -2.651474e+01 -2.131082e-01 -2.582115e-02 -9.766873e-01 6.353636e+02
-9.760008e-01 -4.234272e-02 2.136107e-01 1.119306e+02 -4.660214e-02 9.988018e-01 -1.494187e-02 -2.655022e+01 -2.127221e-01 -2.453799e-02 -9.768046e-01 6.341023e+02
-9.759862e-01 -4.421540e-02 2.132978e-01 1.121884e+02 -4.818968e-02 9.987474e-01 -1.346684e-02 -2.658162e+01 -2.124352e-01 -2.342220e-02 -9.768944e-01 6.328591e+02
-9.759468e-01 -4.571400e-02 2.131622e-01 1.124702e+02 -4.972442e-02 9.986719e-01 -1.348786e-02 -2.661698e+01 -2.122625e-01 -2.376280e-02 -9.769237e-01 6.316339e+02
-9.759402e-01 -4.767707e-02 2.127619e-01 1.127260e+02 -5.179164e-02 9.985625e-01 -1.380420e-02 -2.665510e+01 -2.117979e-01 -2.449136e-02 -9.770066e-01 6.305066e+02
-9.758847e-01 -4.943754e-02 2.126145e-01 1.129855e+02 -5.372428e-02 9.984516e-01 -1.442855e-02 -2.667933e+01 -2.115720e-01 -2.550316e-02 -9.770296e-01 6.293119e+02
-9.759322e-01 -5.119152e-02 2.119808e-01 1.132570e+02 -5.552254e-02 9.983518e-01 -1.452532e-02 -2.670506e+01 -2.108878e-01 -2.594543e-02 -9.771659e-01 6.281398e+02
-9.760296e-01 -4.913113e-02 2.120197e-01 1.135167e+02 -5.363599e-02 9.984395e-01 -1.554504e-02 -2.674105e+01 -2.109251e-01 -2.654431e-02 -9.771418e-01 6.269245e+02
-9.760599e-01 -4.811174e-02 2.121139e-01 1.137735e+02 -5.255181e-02 9.985003e-01 -1.534142e-02 -2.677792e+01 -2.110577e-01 -2.612111e-02 -9.771245e-01 6.257504e+02
-9.767332e-01 -4.533875e-02 2.096105e-01 1.140346e+02 -4.978593e-02 9.986320e-01 -1.598610e-02 -2.681492e+01 -2.085989e-01 -2.604981e-02 -9.776543e-01 6.245402e+02
-9.767274e-01 -4.484800e-02 2.097434e-01 1.142939e+02 -4.939394e-02 9.986433e-01 -1.648327e-02 -2.685219e+01 -2.087196e-01 -2.645972e-02 -9.776175e-01 6.232979e+02
-9.766535e-01 -4.706999e-02 2.096004e-01 1.145612e+02 -5.159885e-02 9.985367e-01 -1.618835e-02 -2.688801e+01 -2.085317e-01 -2.662555e-02 -9.776531e-01 6.220892e+02
-9.765953e-01 -5.049188e-02 2.090747e-01 1.148360e+02 -5.469678e-02 9.983995e-01 -1.437549e-02 -2.692026e+01 -2.080142e-01 -2.547475e-02 -9.777940e-01 6.208994e+02
-9.768084e-01 -4.640950e-02 2.090250e-01 1.151016e+02 -5.094414e-02 9.985675e-01 -1.636001e-02 -2.695630e+01 -2.079663e-01 -2.662919e-02 -9.777734e-01 6.196761e+02
-9.769210e-01 -4.239965e-02 2.093507e-01 1.153606e+02 -4.776152e-02 9.986459e-01 -2.062083e-02 -2.699161e+01 -2.081929e-01 -3.014383e-02 -9.776232e-01 6.184557e+02
-9.770482e-01 -3.645289e-02 2.098760e-01 1.156103e+02 -4.187994e-02 9.988919e-01 -2.147087e-02 -2.703282e+01 -2.088607e-01 -2.976766e-02 -9.774922e-01 6.172415e+02
-9.770198e-01 -3.276262e-02 2.106157e-01 1.158768e+02 -3.839065e-02 9.990052e-01 -2.268774e-02 -2.707550e+01 -2.096629e-01 -3.025205e-02 -9.773056e-01 6.159322e+02
-9.770760e-01 -3.163052e-02 2.105281e-01 1.161369e+02 -3.747864e-02 9.990129e-01 -2.384564e-02 -2.711995e+01 -2.095661e-01 -3.118931e-02 -9.772969e-01 6.147093e+02
-9.772053e-01 -3.044438e-02 2.101024e-01 1.164079e+02 -3.557712e-02 9.991527e-01 -2.069256e-02 -2.715888e+01 -2.092944e-01 -2.769572e-02 -9.774604e-01 6.134693e+02
-9.776722e-01 -3.202540e-02 2.076810e-01 1.166685e+02 -3.621087e-02 9.992099e-01 -1.638218e-02 -2.719410e+01 -2.069923e-01 -2.353671e-02 -9.780594e-01 6.121608e+02
-9.776365e-01 -2.886360e-02 2.083115e-01 1.169322e+02 -3.260410e-02 9.993625e-01 -1.454437e-02 -2.722407e+01 -2.077589e-01 -2.101092e-02 -9.779544e-01 6.109551e+02
-9.773729e-01 -2.845444e-02 2.096007e-01 1.171966e+02 -3.190835e-02 9.994048e-01 -1.311474e-02 -2.725734e+01 -2.091028e-01 -1.950601e-02 -9.776991e-01 6.097383e+02
-9.770046e-01 -2.868224e-02 2.112801e-01 1.174572e+02 -3.226203e-02 9.993881e-01 -1.351505e-02 -2.729481e+01 -2.107632e-01 -2.002059e-02 -9.773321e-01 6.085270e+02
-9.766648e-01 -3.043937e-02 2.126011e-01 1.177323e+02 -3.412002e-02 9.993243e-01 -1.366418e-02 -2.732762e+01 -2.120415e-01 -2.059928e-02 -9.770435e-01 6.073448e+02
-9.762422e-01 -3.277956e-02 2.141882e-01 1.179963e+02 -3.662826e-02 9.992306e-01 -1.402374e-02 -2.736289e+01 -2.135637e-01 -2.153591e-02 -9.766917e-01 6.061153e+02
-9.759677e-01 -3.330493e-02 2.153550e-01 1.182626e+02 -3.715504e-02 9.992135e-01 -1.385335e-02 -2.738879e+01 -2.147242e-01 -2.152194e-02 -9.764376e-01 6.049103e+02
-9.757820e-01 -3.252236e-02 2.163140e-01 1.185203e+02 -3.633360e-02 9.992463e-01 -1.366453e-02 -2.741127e+01 -2.157066e-01 -2.119307e-02 -9.762282e-01 6.037202e+02
-9.758142e-01 -3.173279e-02 2.162860e-01 1.188412e+02 -3.514376e-02 9.993109e-01 -1.194189e-02 -2.745151e+01 -2.157580e-01 -1.925417e-02 -9.762570e-01 6.024664e+02
-9.758412e-01 -3.126191e-02 2.162329e-01 1.191365e+02 -3.427644e-02 9.993603e-01 -1.020405e-02 -2.748587e+01 -2.157756e-01 -1.736922e-02 -9.762885e-01 6.012340e+02
-9.766203e-01 -3.101055e-02 2.127233e-01 1.194096e+02 -3.400363e-02 9.993673e-01 -1.042531e-02 -2.750668e+01 -2.122655e-01 -1.741493e-02 -9.770569e-01 5.999990e+02
-9.767638e-01 -3.148572e-02 2.119931e-01 1.196781e+02 -3.484800e-02 9.993189e-01 -1.214184e-02 -2.753249e+01 -2.114664e-01 -1.924724e-02 -9.771957e-01 5.987860e+02
-9.771785e-01 -3.051705e-02 2.102162e-01 1.199652e+02 -3.381138e-02 9.993551e-01 -1.209415e-02 -2.755999e+01 -2.097115e-01 -1.892584e-02 -9.775801e-01 5.975631e+02
-9.773757e-01 -3.238241e-02 2.090171e-01 1.202432e+02 -3.526459e-02 9.993272e-01 -1.007637e-02 -2.758684e+01 -2.085502e-01 -1.721930e-02 -9.778601e-01 5.963267e+02
-9.775228e-01 -3.221952e-02 2.083533e-01 1.205066e+02 -3.483789e-02 9.993533e-01 -8.908696e-03 -2.761078e+01 -2.079315e-01 -1.596704e-02 -9.780131e-01 5.950588e+02
-9.776804e-01 -3.498119e-02 2.071651e-01 1.207754e+02 -3.768101e-02 9.992484e-01 -9.099459e-03 -2.763483e+01 -2.066911e-01 -1.670255e-02 -9.782637e-01 5.938296e+02
-9.778766e-01 -3.843144e-02 2.056219e-01 1.210535e+02 -4.181694e-02 9.990515e-01 -1.214276e-02 -2.766089e+01 -2.049602e-01 -2.047260e-02 -9.785562e-01 5.926059e+02
-9.779655e-01 -4.178897e-02 2.045412e-01 1.213149e+02 -4.570597e-02 9.988503e-01 -1.446134e-02 -2.770214e+01 -2.037017e-01 -2.349145e-02 -9.787511e-01 5.913647e+02
-9.781037e-01 -4.287527e-02 2.036537e-01 1.215750e+02 -4.701833e-02 9.987730e-01 -1.554668e-02 -2.773826e+01 -2.027372e-01 -2.478173e-02 -9.789195e-01 5.901238e+02
-9.783162e-01 -4.319018e-02 2.025634e-01 1.218400e+02 -4.697669e-02 9.987990e-01 -1.392033e-02 -2.777077e+01 -2.017189e-01 -2.313424e-02 -9.791702e-01 5.888774e+02
-9.792804e-01 -4.120586e-02 1.982724e-01 1.220809e+02 -4.436947e-02 9.989486e-01 -1.153773e-02 -2.780072e+01 -1.975885e-01 -2.009592e-02 -9.800790e-01 5.876524e+02
-9.794104e-01 -4.030518e-02 1.978149e-01 1.223383e+02 -4.313468e-02 9.990191e-01 -1.001397e-02 -2.783537e+01 -1.972172e-01 -1.834046e-02 -9.801882e-01 5.863981e+02
-9.794002e-01 -3.946018e-02 1.980359e-01 1.225899e+02 -4.210420e-02 9.990713e-01 -9.156547e-03 -2.785342e+01 -1.974906e-01 -1.730606e-02 -9.801520e-01 5.851371e+02
-9.794802e-01 -3.901224e-02 1.977284e-01 1.228605e+02 -4.129778e-02 9.991191e-01 -7.446987e-03 -2.787107e+01 -1.972637e-01 -1.545992e-02 -9.802286e-01 5.838657e+02
-9.794044e-01 -3.956757e-02 1.979934e-01 1.230925e+02 -4.129072e-02 9.991367e-01 -4.580488e-03 -2.790294e+01 -1.976413e-01 -1.266144e-02 -9.801926e-01 5.826170e+02
-9.794749e-01 -3.790049e-02 1.979707e-01 1.233519e+02 -3.954680e-02 9.992082e-01 -4.367397e-03 -2.792830e+01 -1.976484e-01 -1.210686e-02 -9.801982e-01 5.813545e+02
-9.794882e-01 -3.626378e-02 1.982115e-01 1.236075e+02 -3.812955e-02 9.992571e-01 -5.603109e-03 -2.795490e+01 -1.978611e-01 -1.304590e-02 -9.801432e-01 5.800923e+02
-9.795371e-01 -3.345711e-02 1.984635e-01 1.238707e+02 -3.558946e-02 9.993407e-01 -7.185902e-03 -2.797838e+01 -1.980922e-01 -1.410206e-02 -9.800819e-01 5.788326e+02
-9.795587e-01 -3.058405e-02 1.988201e-01 1.241433e+02 -3.266323e-02 9.994406e-01 -7.185446e-03 -2.800293e+01 -1.984891e-01 -1.353267e-02 -9.800097e-01 5.775371e+02
-9.795763e-01 -2.696929e-02 1.992559e-01 1.244032e+02 -2.896733e-02 9.995550e-01 -7.118582e-03 -2.801978e+01 -1.989753e-01 -1.274511e-02 -9.799216e-01 5.762649e+02
-9.803181e-01 -2.434979e-02 1.959172e-01 1.246661e+02 -2.607034e-02 9.996408e-01 -6.207612e-03 -2.804110e+01 -1.956957e-01 -1.119306e-02 -9.806008e-01 5.749791e+02
-9.802956e-01 -2.244364e-02 1.962568e-01 1.249301e+02 -2.411572e-02 9.996904e-01 -6.134012e-03 -2.806477e+01 -1.960584e-01 -1.074602e-02 -9.805333e-01 5.736825e+02
-9.802396e-01 -2.104263e-02 1.966917e-01 1.251879e+02 -2.293697e-02 9.997098e-01 -7.357704e-03 -2.809507e+01 -1.964798e-01 -1.172383e-02 -9.804378e-01 5.724061e+02
-9.801567e-01 -1.957071e-02 1.972556e-01 1.254394e+02 -2.185472e-02 9.997169e-01 -9.408513e-03 -2.811059e+01 -1.970156e-01 -1.353278e-02 -9.803070e-01 5.711391e+02
-9.801410e-01 -1.872626e-02 1.974157e-01 1.256971e+02 -2.113916e-02 9.997253e-01 -1.012199e-02 -2.813094e+01 -1.971720e-01 -1.409418e-02 -9.802676e-01 5.698717e+02
-9.801939e-01 -1.974114e-02 1.970539e-01 1.259513e+02 -2.196001e-02 9.997176e-01 -9.081246e-03 -2.815290e+01 -1.968190e-01 -1.322869e-02 -9.803506e-01 5.686234e+02
-9.802967e-01 -1.970042e-02 1.965460e-01 1.262085e+02 -2.174149e-02 9.997297e-01 -8.232278e-03 -2.817618e+01 -1.963307e-01 -1.234328e-02 -9.804600e-01 5.673669e+02
-9.803364e-01 -2.120254e-02 1.961912e-01 1.264649e+02 -2.329438e-02 9.996937e-01 -8.360629e-03 -2.819988e+01 -1.959538e-01 -1.276638e-02 -9.805300e-01 5.660970e+02
-9.803270e-01 -2.202784e-02 1.961475e-01 1.267277e+02 -2.411346e-02 9.996752e-01 -8.250897e-03 -2.821740e+01 -1.959020e-01 -1.281837e-02 -9.805397e-01 5.647978e+02
-9.803779e-01 -2.376565e-02 1.956897e-01 1.269948e+02 -2.546163e-02 9.996569e-01 -6.155278e-03 -2.824559e+01 -1.954763e-01 -1.101708e-02 -9.806465e-01 5.635141e+02
-9.811540e-01 -2.547821e-02 1.915401e-01 1.272521e+02 -2.715070e-02 9.996127e-01 -6.111898e-03 -2.825802e+01 -1.913102e-01 -1.119716e-02 -9.814658e-01 5.622123e+02
-9.811146e-01 -2.815410e-02 1.913672e-01 1.275038e+02 -3.057490e-02 9.994853e-01 -9.708419e-03 -2.828192e+01 -1.909954e-01 -1.537610e-02 -9.814705e-01 5.609385e+02
-9.810914e-01 -3.103976e-02 1.910396e-01 1.277657e+02 -3.368252e-02 9.993764e-01 -1.060107e-02 -2.831993e+01 -1.905914e-01 -1.683531e-02 -9.815251e-01 5.596393e+02
-9.811131e-01 -2.913782e-02 1.912276e-01 1.280214e+02 -3.185830e-02 9.994300e-01 -1.116672e-02 -2.834922e+01 -1.907932e-01 -1.704800e-02 -9.814822e-01 5.583575e+02
-9.812362e-01 -2.621052e-02 1.910198e-01 1.282837e+02 -2.953433e-02 9.994575e-01 -1.457363e-02 -2.838947e+01 -1.905341e-01 -1.994181e-02 -9.814780e-01 5.571019e+02
-9.810938e-01 -2.525701e-02 1.918778e-01 1.285208e+02 -2.901779e-02 9.994375e-01 -1.681472e-02 -2.841589e+01 -1.913452e-01 -2.206469e-02 -9.812748e-01 5.558249e+02
-9.809467e-01 -2.553503e-02 1.925918e-01 1.287744e+02 -2.867880e-02 9.994968e-01 -1.355297e-02 -2.844070e+01 -1.921489e-01 -1.881804e-02 -9.811854e-01 5.544863e+02
-9.807881e-01 -2.697877e-02 1.932016e-01 1.290159e+02 -2.957956e-02 9.995063e-01 -1.058908e-02 -2.844876e+01 -1.928206e-01 -1.610046e-02 -9.811019e-01 5.532515e+02
-9.806773e-01 -2.838230e-02 1.935628e-01 1.292634e+02 -3.099378e-02 9.994647e-01 -1.047613e-02 -2.846984e+01 -1.931618e-01 -1.627295e-02 -9.810320e-01 5.519572e+02
-9.804151e-01 -3.104286e-02 1.944802e-01 1.295140e+02 -3.375968e-02 9.993730e-01 -1.066999e-02 -2.848613e+01 -1.940270e-01 -1.702661e-02 -9.808484e-01 5.506198e+02
-9.811442e-01 -3.063170e-02 1.908343e-01 1.297919e+02 -3.316776e-02 9.993987e-01 -1.010864e-02 -2.851971e+01 -1.904099e-01 -1.624758e-02 -9.815702e-01 5.492796e+02
-9.810114e-01 -3.218088e-02 1.912618e-01 1.300481e+02 -3.476559e-02 9.993437e-01 -1.017284e-02 -2.854730e+01 -1.908089e-01 -1.662900e-02 -9.814863e-01 5.479975e+02
-9.810286e-01 -3.172449e-02 1.912496e-01 1.303111e+02 -3.436020e-02 9.993546e-01 -1.048016e-02 -2.857566e+01 -1.907937e-01 -1.685271e-02 -9.814855e-01 5.466639e+02
-9.809980e-01 -3.118931e-02 1.914948e-01 1.305727e+02 -3.461407e-02 9.992946e-01 -1.456445e-02 -2.861360e+01 -1.909054e-01 -2.091611e-02 -9.813856e-01 5.453550e+02
-9.809929e-01 -2.872404e-02 1.919061e-01 1.308275e+02 -3.250320e-02 9.993342e-01 -1.657315e-02 -2.866376e+01 -1.913023e-01 -2.249571e-02 -9.812733e-01 5.440493e+02
-9.809352e-01 -2.957609e-02 1.920711e-01 1.310768e+02 -3.338311e-02 9.993045e-01 -1.661442e-02 -2.869793e+01 -1.914461e-01 -2.270960e-02 -9.812404e-01 5.427500e+02
-9.808203e-01 -2.852058e-02 1.928164e-01 1.312154e+02 -3.188424e-02 9.993884e-01 -1.436379e-02 -2.874521e+01 -1.922888e-01 -2.023610e-02 -9.811297e-01 5.416767e+02
-9.809022e-01 -2.480926e-02 1.929130e-01 1.315027e+02 -2.804484e-02 9.995078e-01 -1.405916e-02 -2.873132e+01 -1.924693e-01 -1.920088e-02 -9.811151e-01 5.402792e+02
-9.809077e-01 -2.448245e-02 1.929266e-01 1.317775e+02 -2.769070e-02 9.995192e-01 -1.395006e-02 -2.876168e+01 -1.924923e-01 -1.902599e-02 -9.811140e-01 5.389167e+02
-9.808657e-01 -2.548791e-02 1.930097e-01 1.320370e+02 -2.866754e-02 9.994951e-01 -1.369861e-02 -2.879503e+01 -1.925631e-01 -1.896961e-02 -9.811012e-01 5.376273e+02
-9.816754e-01 -2.621450e-02 1.887493e-01 1.323120e+02 -2.926382e-02 9.994821e-01 -1.338625e-02 -2.882338e+01 -1.883006e-01 -1.866448e-02 -9.819341e-01 5.363010e+02
-9.816342e-01 -2.690305e-02 1.888666e-01 1.325651e+02 -2.970166e-02 9.994867e-01 -1.200278e-02 -2.885821e+01 -1.884467e-01 -1.739199e-02 -9.819294e-01 5.349927e+02
-9.815962e-01 -2.796441e-02 1.889096e-01 1.328406e+02 -3.059253e-02 9.994713e-01 -1.100998e-02 -2.888311e+01 -1.885018e-01 -1.658658e-02 -9.819328e-01 5.336533e+02
-9.814178e-01 -2.909600e-02 1.896644e-01 1.330867e+02 -3.170811e-02 9.994393e-01 -1.075169e-02 -2.891354e+01 -1.892453e-01 -1.656580e-02 -9.817901e-01 5.323165e+02
-9.813591e-01 -2.948083e-02 1.899083e-01 1.333432e+02 -3.206803e-02 9.994299e-01 -1.056418e-02 -2.894506e+01 -1.894886e-01 -1.645723e-02 -9.817450e-01 5.310273e+02
-9.812311e-01 -3.040128e-02 1.904239e-01 1.336046e+02 -3.315227e-02 9.993867e-01 -1.127695e-02 -2.897211e+01 -1.899643e-01 -1.737828e-02 -9.816372e-01 5.297089e+02
-9.811377e-01 -3.264839e-02 1.905330e-01 1.338694e+02 -3.548431e-02 9.993042e-01 -1.149051e-02 -2.900774e+01 -1.900253e-01 -1.803471e-02 -9.816135e-01 5.284196e+02
-9.809807e-01 -3.557402e-02 1.908174e-01 1.341365e+02 -3.844625e-02 9.991960e-01 -1.137012e-02 -2.904185e+01 -1.902595e-01 -1.849008e-02 -9.815597e-01 5.271097e+02
-9.809151e-01 -3.810329e-02 1.906662e-01 1.343981e+02 -4.099515e-02 9.990961e-01 -1.124432e-02 -2.907147e+01 -1.900654e-01 -1.884612e-02 -9.815905e-01 5.258053e+02
-9.809386e-01 -3.918508e-02 1.903261e-01 1.346596e+02 -4.216771e-02 9.990427e-01 -1.164515e-02 -2.910673e+01 -1.896875e-01 -1.944879e-02 -9.816519e-01 5.245040e+02
-9.817883e-01 -3.999992e-02 1.857196e-01 1.349332e+02 -4.292668e-02 9.990090e-01 -1.176310e-02 -2.913799e+01 -1.850650e-01 -1.952120e-02 -9.825324e-01 5.232020e+02
-9.818597e-01 -3.963788e-02 1.854193e-01 1.351894e+02 -4.221191e-02 9.990591e-01 -9.953614e-03 -2.916462e+01 -1.848503e-01 -1.759996e-02 -9.826091e-01 5.218758e+02
-9.820426e-01 -3.719107e-02 1.849573e-01 1.354394e+02 -3.923132e-02 9.992029e-01 -7.382268e-03 -2.920102e+01 -1.845353e-01 -1.450582e-02 -9.827188e-01 5.205442e+02
-9.822092e-01 -3.393345e-02 1.846989e-01 1.356881e+02 -3.576012e-02 9.993388e-01 -6.566880e-03 -2.922520e+01 -1.843540e-01 -1.305491e-02 -9.827732e-01 5.191987e+02
-9.823287e-01 -3.070070e-02 1.846286e-01 1.359131e+02 -3.251063e-02 9.994484e-01 -6.783125e-03 -2.926936e+01 -1.843185e-01 -1.266565e-02 -9.827850e-01 5.179118e+02
-9.824985e-01 -2.746307e-02 1.842347e-01 1.361610e+02 -2.959863e-02 9.995227e-01 -8.850940e-03 -2.930363e+01 -1.839036e-01 -1.414913e-02 -9.828424e-01 5.166062e+02
-9.825240e-01 -2.769137e-02 1.840645e-01 1.364157e+02 -2.996469e-02 9.995050e-01 -9.580154e-03 -2.933363e+01 -1.837081e-01 -1.492817e-02 -9.828675e-01 5.152913e+02
-9.826209e-01 -2.831722e-02 1.834511e-01 1.366541e+02 -3.054493e-02 9.994899e-01 -9.328460e-03 -2.935822e+01 -1.830934e-01 -1.476984e-02 -9.829846e-01 5.139834e+02
-9.825965e-01 -3.125856e-02 1.831038e-01 1.368967e+02 -3.386833e-02 9.993642e-01 -1.114243e-02 -2.939083e+01 -1.826390e-01 -1.714993e-02 -9.830304e-01 5.126974e+02
-9.826069e-01 -3.299050e-02 1.827438e-01 1.371483e+02 -3.592742e-02 9.992726e-01 -1.278307e-02 -2.942299e+01 -1.821891e-01 -1.912625e-02 -9.830775e-01 5.113613e+02
-9.833037e-01 -3.659877e-02 1.782539e-01 1.373986e+02 -3.949596e-02 9.991386e-01 -1.273061e-02 -2.945822e+01 -1.776344e-01 -1.955837e-02 -9.839022e-01 5.100408e+02
-9.832625e-01 -4.019986e-02 1.777042e-01 1.376316e+02 -4.297122e-02 9.990069e-01 -1.177265e-02 -2.947987e+01 -1.770545e-01 -1.921177e-02 -9.840135e-01 5.087241e+02
-9.833116e-01 -4.225146e-02 1.769549e-01 1.378745e+02 -4.478016e-02 9.989436e-01 -1.031918e-02 -2.952064e+01 -1.763320e-01 -1.807104e-02 -9.841649e-01 5.074361e+02
-9.833020e-01 -4.232286e-02 1.769914e-01 1.381056e+02 -4.480076e-02 9.989456e-01 -1.002556e-02 -2.954158e+01 -1.763805e-01 -1.778750e-02 -9.841613e-01 5.061256e+02
-9.832901e-01 -4.169393e-02 1.772067e-01 1.383482e+02 -4.443087e-02 9.989462e-01 -1.150317e-02 -2.955245e+01 -1.765404e-01 -1.918440e-02 -9.841064e-01 5.048129e+02
-9.831949e-01 -3.996676e-02 1.781304e-01 1.385881e+02 -4.283329e-02 9.990068e-01 -1.227419e-02 -2.958401e+01 -1.774629e-01 -1.969783e-02 -9.839303e-01 5.034848e+02
-9.829665e-01 -4.101308e-02 1.791504e-01 1.388052e+02 -4.369346e-02 9.989840e-01 -1.103986e-02 -2.963496e+01 -1.785156e-01 -1.867951e-02 -9.837598e-01 5.022087e+02
-9.828118e-01 -4.147142e-02 1.798919e-01 1.390539e+02 -4.411039e-02 9.989694e-01 -1.069266e-02 -2.966557e+01 -1.792631e-01 -1.844397e-02 -9.836283e-01 5.008859e+02
-9.826657e-01 -4.137858e-02 1.807096e-01 1.393123e+02 -4.401871e-02 9.989742e-01 -1.062227e-02 -2.967245e+01 -1.800847e-01 -1.839275e-02 -9.834791e-01 4.995026e+02
-9.824786e-01 -4.175111e-02 1.816389e-01 1.395469e+02 -4.450402e-02 9.989475e-01 -1.110487e-02 -2.969929e+01 -1.809841e-01 -1.899396e-02 -9.833026e-01 4.981610e+02
-9.831396e-01 -4.164107e-02 1.780523e-01 1.398157e+02 -4.460005e-02 9.989249e-01 -1.264671e-02 -2.972190e+01 -1.773342e-01 -2.037462e-02 -9.839398e-01 4.968885e+02
-9.830452e-01 -3.911924e-02 1.791418e-01 1.400430e+02 -4.189707e-02 9.990529e-01 -1.174784e-02 -2.976365e+01 -1.785126e-01 -1.905417e-02 -9.837531e-01 4.955673e+02
-9.827906e-01 -3.651074e-02 1.810791e-01 1.402476e+02 -3.928934e-02 9.991584e-01 -1.178038e-02 -2.981312e+01 -1.804966e-01 -1.869212e-02 -9.833980e-01 4.942827e+02
-9.828662e-01 -3.413702e-02 1.811317e-01 1.405323e+02 -3.658360e-02 9.992787e-01 -1.018256e-02 -2.984608e+01 -1.806535e-01 -1.663454e-02 -9.834061e-01 4.929494e+02
-9.828471e-01 -3.295893e-02 1.814530e-01 1.408078e+02 -3.573830e-02 9.992883e-01 -1.206816e-02 -2.988090e+01 -1.809261e-01 -1.834598e-02 -9.833256e-01 4.915797e+02
-9.825797e-01 -3.370725e-02 1.827593e-01 1.410397e+02 -3.705188e-02 9.992020e-01 -1.491620e-02 -2.991022e+01 -1.821107e-01 -2.142793e-02 -9.830445e-01 4.902341e+02
-9.824926e-01 -3.669038e-02 1.826532e-01 1.412989e+02 -4.036826e-02 9.990493e-01 -1.645748e-02 -2.992779e+01 -1.818757e-01 -2.354274e-02 -9.830397e-01 4.889589e+02
-9.824481e-01 -3.684823e-02 1.828603e-01 1.415538e+02 -4.038056e-02 9.990621e-01 -1.563018e-02 -2.996213e+01 -1.821128e-01 -2.273984e-02 -9.830147e-01 4.876580e+02
-9.822852e-01 -3.703995e-02 1.836951e-01 1.417965e+02 -4.046630e-02 9.990692e-01 -1.493766e-02 -2.999142e+01 -1.829709e-01 -2.210651e-02 -9.828698e-01 4.863547e+02
-9.820757e-01 -3.771220e-02 1.846759e-01 1.420466e+02 -4.115122e-02 9.990430e-01 -1.482327e-02 -3.002825e+01 -1.839402e-01 -2.215721e-02 -9.826877e-01 4.850330e+02
-9.826194e-01 -3.883080e-02 1.815250e-01 1.423028e+02 -4.212361e-02 9.990098e-01 -1.431829e-02 -3.006702e+01 -1.807893e-01 -2.171592e-02 -9.832821e-01 4.836632e+02
-9.823785e-01 -4.181979e-02 1.821635e-01 1.425561e+02 -4.499008e-02 9.988988e-01 -1.330423e-02 -3.009852e+01 -1.814065e-01 -2.126534e-02 -9.831782e-01 4.823526e+02
-9.821251e-01 -4.546700e-02 1.826554e-01 1.428090e+02 -4.868569e-02 9.987273e-01 -1.317404e-02 -3.011876e+01 -1.818239e-01 -2.183126e-02 -9.830887e-01 4.809974e+02
-9.819793e-01 -4.913003e-02 1.824906e-01 1.430781e+02 -5.248871e-02 9.985287e-01 -1.361758e-02 -3.015160e+01 -1.815531e-01 -2.295088e-02 -9.831133e-01 4.796824e+02
-9.818320e-01 -5.114967e-02 1.827281e-01 1.433340e+02 -5.517940e-02 9.983311e-01 -1.703406e-02 -3.018830e+01 -1.815519e-01 -2.680742e-02 -9.830159e-01 4.783647e+02
-9.819480e-01 -5.263756e-02 1.816795e-01 1.435883e+02 -5.681429e-02 9.982250e-01 -1.785865e-02 -3.022207e+01 -1.804170e-01 -2.785826e-02 -9.831956e-01 4.770471e+02
-9.818633e-01 -5.623536e-02 1.810579e-01 1.438332e+02 -5.992103e-02 9.980912e-01 -1.494686e-02 -3.024769e+01 -1.798718e-01 -2.552495e-02 -9.833588e-01 4.757048e+02
-9.823614e-01 -5.345116e-02 1.791901e-01 1.440789e+02 -5.679888e-02 9.982930e-01 -1.360068e-02 -3.027551e+01 -1.781573e-01 -2.353858e-02 -9.837204e-01 4.743771e+02
-9.824821e-01 -5.328106e-02 1.785777e-01 1.443273e+02 -5.708043e-02 9.982381e-01 -1.620203e-02 -3.030871e+01 -1.773999e-01 -2.611150e-02 -9.837924e-01 4.731066e+02
-9.828310e-01 -5.081438e-02 1.773731e-01 1.445770e+02 -5.526953e-02 9.982658e-01 -2.026436e-02 -3.032698e+01 -1.760358e-01 -2.971977e-02 -9.839350e-01 4.718190e+02
-9.834162e-01 -5.239758e-02 1.736292e-01 1.447848e+02 -5.646829e-02 9.982314e-01 -1.858513e-02 -3.035580e+01 -1.723483e-01 -2.808146e-02 -9.846357e-01 4.705088e+02
-9.836545e-01 -5.128432e-02 1.726085e-01 1.450128e+02 -5.475751e-02 9.983806e-01 -1.541754e-02 -3.042991e+01 -1.715383e-01 -2.461715e-02 -9.848698e-01 4.691927e+02
-9.837573e-01 -5.273020e-02 1.715838e-01 1.452543e+02 -5.626137e-02 9.982914e-01 -1.577905e-02 -3.048017e+01 -1.704586e-01 -2.517630e-02 -9.850432e-01 4.678692e+02
-9.838484e-01 -5.408067e-02 1.706387e-01 1.454893e+02 -5.773806e-02 9.981947e-01 -1.654056e-02 -3.051733e+01 -1.694361e-01 -2.612575e-02 -9.851948e-01 4.665706e+02
-9.840003e-01 -5.475792e-02 1.695432e-01 1.457215e+02 -5.837087e-02 9.981603e-01 -1.639568e-02 -3.053665e+01 -1.683335e-01 -2.602974e-02 -9.853864e-01 4.652748e+02
-9.840334e-01 -5.722911e-02 1.685325e-01 1.459596e+02 -6.046596e-02 9.980702e-01 -1.413294e-02 -3.058163e+01 -1.673984e-01 -2.409776e-02 -9.855948e-01 4.639324e+02
-9.840371e-01 -6.176941e-02 1.668995e-01 1.462055e+02 -6.480852e-02 9.978154e-01 -1.281921e-02 -3.060873e+01 -1.657430e-01 -2.343109e-02 -9.858906e-01 4.626117e+02
-9.840148e-01 -6.456260e-02 1.659714e-01 1.464349e+02 -6.781129e-02 9.976003e-01 -1.397617e-02 -3.064464e+01 -1.646708e-01 -2.500750e-02 -9.860315e-01 4.612936e+02
-9.837521e-01 -6.928239e-02 1.656255e-01 1.466609e+02 -7.346071e-02 9.971127e-01 -1.922870e-02 -3.067872e+01 -1.638151e-01 -3.108325e-02 -9.860012e-01 4.599898e+02
-9.836943e-01 -7.138071e-02 1.650768e-01 1.468920e+02 -7.624211e-02 9.968172e-01 -2.329470e-02 -3.072440e+01 -1.628886e-01 -3.550067e-02 -9.860056e-01 4.586802e+02
-9.840660e-01 -7.570501e-02 1.608815e-01 1.471239e+02 -8.042257e-02 9.964953e-01 -2.300720e-02 -3.076137e+01 -1.585758e-01 -3.557911e-02 -9.867055e-01 4.573669e+02
-9.840680e-01 -7.727666e-02 1.601205e-01 1.473493e+02 -8.211377e-02 9.963386e-01 -2.380588e-02 -3.081155e+01 -1.576946e-01 -3.657471e-02 -9.868104e-01 4.560401e+02
-9.842132e-01 -7.535566e-02 1.601435e-01 1.475590e+02 -8.035056e-02 9.964547e-01 -2.493755e-02 -3.086426e+01 -1.576965e-01 -3.741148e-02 -9.867787e-01 4.547016e+02
-9.845128e-01 -7.211047e-02 1.597954e-01 1.477910e+02 -7.727344e-02 9.966623e-01 -2.632686e-02 -3.091735e+01 -1.573636e-01 -3.826707e-02 -9.867990e-01 4.533774e+02
-9.847736e-01 -6.746784e-02 1.602159e-01 1.480017e+02 -7.269952e-02 9.969880e-01 -2.701316e-02 -3.097237e+01 -1.579108e-01 -3.824946e-02 -9.867123e-01 4.520701e+02
-9.850970e-01 -6.233173e-02 1.603077e-01 1.482149e+02 -6.704939e-02 9.974565e-01 -2.418454e-02 -3.102109e+01 -1.583925e-01 -3.457265e-02 -9.867708e-01 4.507589e+02
-9.851915e-01 -5.996744e-02 1.606288e-01 1.484300e+02 -6.420592e-02 9.977088e-01 -2.132293e-02 -3.107829e+01 -1.589821e-01 -3.132049e-02 -9.867845e-01 4.494198e+02
-9.852087e-01 -5.835306e-02 1.611172e-01 1.486442e+02 -6.282894e-02 9.977633e-01 -2.282240e-02 -3.112950e+01 -1.594251e-01 -3.260765e-02 -9.866714e-01 4.480825e+02
-9.851688e-01 -5.986243e-02 1.608074e-01 1.488705e+02 -6.516407e-02 9.974846e-01 -2.789521e-02 -3.117408e+01 -1.587330e-01 -3.796036e-02 -9.865915e-01 4.467763e+02
-9.849244e-01 -6.406736e-02 1.606841e-01 1.491004e+02 -6.996509e-02 9.970579e-01 -3.131269e-02 -3.121792e+01 -1.582052e-01 -4.208291e-02 -9.865091e-01 4.454286e+02
-9.853343e-01 -6.588070e-02 1.574040e-01 1.493343e+02 -7.183042e-02 9.968902e-01 -3.240805e-02 -3.127316e+01 -1.547794e-01 -4.323916e-02 -9.870024e-01 4.441048e+02
-9.852674e-01 -6.652240e-02 1.575527e-01 1.495616e+02 -7.250358e-02 9.968379e-01 -3.251844e-02 -3.132237e+01 -1.548913e-01 -4.346249e-02 -9.869750e-01 4.427979e+02
-9.851320e-01 -6.653519e-02 1.583922e-01 1.497775e+02 -7.260313e-02 9.968204e-01 -3.283011e-02 -3.137734e+01 -1.557042e-01 -4.384175e-02 -9.868303e-01 4.414634e+02
-9.849337e-01 -6.654179e-02 1.596177e-01 1.499977e+02 -7.261196e-02 9.968307e-01 -3.249679e-02 -3.143258e+01 -1.569494e-01 -4.359733e-02 -9.866439e-01 4.401549e+02
-9.845397e-01 -6.994620e-02 1.605899e-01 1.502226e+02 -7.608976e-02 9.965737e-01 -3.242326e-02 -3.147529e+01 -1.577718e-01 -4.414123e-02 -9.864885e-01 4.388059e+02
-9.842696e-01 -7.104404e-02 1.617593e-01 1.504425e+02 -7.723804e-02 9.964886e-01 -3.232261e-02 -3.152838e+01 -1.588950e-01 -4.430813e-02 -9.863008e-01 4.375167e+02
-9.840841e-01 -7.146610e-02 1.626995e-01 1.506859e+02 -7.783457e-02 9.964166e-01 -3.310248e-02 -3.159539e+01 -1.597508e-01 -4.523927e-02 -9.861202e-01 4.361812e+02
-9.838520e-01 -7.280670e-02 1.635066e-01 1.509083e+02 -7.939493e-02 9.962592e-01 -3.411797e-02 -3.165782e+01 -1.604109e-01 -4.654863e-02 -9.859521e-01 4.348656e+02
-9.835898e-01 -7.452427e-02 1.643081e-01 1.511405e+02 -8.139464e-02 9.960504e-01 -3.547611e-02 -3.171873e+01 -1.610153e-01 -4.826774e-02 -9.857709e-01 4.335390e+02
-9.833554e-01 -7.700382e-02 1.645676e-01 1.513896e+02 -8.396082e-02 9.958281e-01 -3.573466e-02 -3.177588e+01 -1.611293e-01 -4.895710e-02 -9.857183e-01 4.322132e+02
-9.836767e-01 -7.881440e-02 1.617669e-01 1.516294e+02 -8.552489e-02 9.957233e-01 -3.493610e-02 -3.183891e+01 -1.583216e-01 -4.820093e-02 -9.862104e-01 4.309319e+02
-9.834398e-01 -8.151714e-02 1.618673e-01 1.518583e+02 -8.812495e-02 9.955270e-01 -3.405920e-02 -3.189926e+01 -1.583669e-01 -4.775973e-02 -9.862246e-01 4.295975e+02
-9.832442e-01 -8.320450e-02 1.621970e-01 1.520890e+02 -9.001614e-02 9.953217e-01 -3.509685e-02 -3.195849e+01 -1.585180e-01 -4.910912e-02 -9.861340e-01 4.282766e+02
-9.830220e-01 -8.536126e-02 1.624228e-01 1.523112e+02 -9.241782e-02 9.950554e-01 -3.638389e-02 -3.201833e+01 -1.585139e-01 -5.077693e-02 -9.860502e-01 4.269807e+02
-9.830138e-01 -8.491380e-02 1.627069e-01 1.525376e+02 -9.197209e-02 9.950984e-01 -3.633676e-02 -3.207852e+01 -1.588239e-01 -5.068403e-02 -9.860051e-01 4.257260e+02
-9.828018e-01 -8.608383e-02 1.633712e-01 1.527556e+02 -9.352941e-02 9.948746e-01 -3.842944e-02 -3.215023e+01 -1.592257e-01 -5.304854e-02 -9.858159e-01 4.244336e+02
-9.825196e-01 -8.843661e-02 1.638116e-01 1.529782e+02 -9.634965e-02 9.945031e-01 -4.099181e-02 -3.221858e+01 -1.592860e-01 -5.605844e-02 -9.856396e-01 4.231302e+02
-9.821949e-01 -9.085170e-02 1.644359e-01 1.531971e+02 -9.895654e-02 9.942147e-01 -4.177020e-02 -3.229782e+01 -1.596897e-01 -5.729849e-02 -9.855030e-01 4.218562e+02
-9.818908e-01 -9.280831e-02 1.651577e-01 1.533995e+02 -1.008225e-01 9.940674e-01 -4.080305e-02 -3.236487e+01 -1.603911e-01 -5.671575e-02 -9.854228e-01 4.205817e+02
-9.817649e-01 -9.321114e-02 1.656785e-01 1.536347e+02 -1.013303e-01 9.939981e-01 -4.122958e-02 -3.245288e+01 -1.608410e-01 -5.726601e-02 -9.853176e-01 4.192791e+02
-9.819298e-01 -9.495179e-02 1.637008e-01 1.538443e+02 -1.030474e-01 9.938031e-01 -4.167300e-02 -3.252714e+01 -1.587295e-01 -5.778890e-02 -9.856294e-01 4.180028e+02
-9.815725e-01 -9.736272e-02 1.644262e-01 1.540503e+02 -1.056058e-01 9.935149e-01 -4.213685e-02 -3.260279e+01 -1.592574e-01 -5.872473e-02 -9.854890e-01 4.167444e+02
-9.815639e-01 -9.676232e-02 1.648314e-01 1.542983e+02 -1.051251e-01 9.935389e-01 -4.277002e-02 -3.267549e+01 -1.596279e-01 -5.930942e-02 -9.853940e-01 4.154280e+02
-9.814083e-01 -9.723732e-02 1.654772e-01 1.545139e+02 -1.056082e-01 9.934974e-01 -4.254191e-02 -3.274481e+01 -1.602645e-01 -5.922673e-02 -9.852956e-01 4.142022e+02
-9.812461e-01 -9.782556e-02 1.660913e-01 1.547327e+02 -1.060516e-01 9.934992e-01 -4.138135e-02 -3.281357e+01 -1.609634e-01 -5.821953e-02 -9.852417e-01 4.129261e+02
-9.812350e-01 -9.646871e-02 1.669484e-01 1.549564e+02 -1.047839e-01 9.936197e-01 -4.171578e-02 -3.288069e+01 -1.618589e-01 -5.842648e-02 -9.850828e-01 4.116580e+02
-9.810823e-01 -9.597766e-02 1.681243e-01 1.552029e+02 -1.049318e-01 9.934521e-01 -4.519013e-02 -3.294775e+01 -1.626862e-01 -6.197682e-02 -9.847294e-01 4.103619e+02
-9.807383e-01 -9.492241e-02 1.707109e-01 1.553755e+02 -1.043843e-01 9.934110e-01 -4.731237e-02 -3.302519e+01 -1.650950e-01 -6.422059e-02 -9.841846e-01 4.091554e+02
-9.806521e-01 -9.394184e-02 1.717451e-01 1.556271e+02 -1.033139e-01 9.935635e-01 -4.645167e-02 -3.309408e+01 -1.662759e-01 -6.329660e-02 -9.840457e-01 4.078469e+02
-9.804651e-01 -9.362147e-02 1.729831e-01 1.558613e+02 -1.026188e-01 9.937558e-01 -4.380366e-02 -3.316484e+01 -1.678020e-01 -6.069928e-02 -9.839502e-01 4.065848e+02
-9.806847e-01 -9.301848e-02 1.720612e-01 1.560977e+02 -1.020788e-01 9.937777e-01 -4.456241e-02 -3.323161e+01 -1.668454e-01 -6.126547e-02 -9.840778e-01 4.053117e+02
-9.804509e-01 -9.109888e-02 1.744047e-01 1.563114e+02 -1.005708e-01 9.938545e-01 -4.624720e-02 -3.330379e+01 -1.691199e-01 -6.288314e-02 -9.835874e-01 4.040393e+02
-9.800813e-01 -9.073155e-02 1.766590e-01 1.565319e+02 -1.004009e-01 9.938566e-01 -4.656914e-02 -3.336711e+01 -1.713484e-01 -6.337825e-02 -9.831698e-01 4.027944e+02
-9.796894e-01 -9.162021e-02 1.783660e-01 1.567759e+02 -1.013643e-01 9.937720e-01 -4.628636e-02 -3.343978e+01 -1.730144e-01 -6.342620e-02 -9.828749e-01 4.015309e+02
-9.793481e-01 -9.279152e-02 1.796304e-01 1.570482e+02 -1.024286e-01 9.937166e-01 -4.511903e-02 -3.350824e+01 -1.743151e-01 -6.258653e-02 -9.826989e-01 4.002446e+02
-9.786778e-01 -9.622281e-02 1.814689e-01 1.572924e+02 -1.055324e-01 9.935141e-01 -4.234063e-02 -3.357573e+01 -1.762178e-01 -6.058869e-02 -9.824848e-01 3.990072e+02
-9.781740e-01 -9.890886e-02 1.827367e-01 1.575628e+02 -1.077429e-01 9.934120e-01 -3.903991e-02 -3.363177e+01 -1.776714e-01 -5.787640e-02 -9.823865e-01 3.977289e+02
-9.775310e-01 -1.007455e-01 1.851582e-01 1.577969e+02 -1.097327e-01 9.931988e-01 -3.892233e-02 -3.370292e+01 -1.799776e-01 -5.836569e-02 -9.819376e-01 3.964616e+02
-9.769182e-01 -1.016166e-01 1.878960e-01 1.580457e+02 -1.112267e-01 9.929364e-01 -4.130265e-02 -3.376247e+01 -1.823718e-01 -6.124836e-02 -9.813201e-01 3.952073e+02
-9.764357e-01 -1.017930e-01 1.902934e-01 1.583091e+02 -1.120260e-01 9.927401e-01 -4.378629e-02 -3.381628e+01 -1.844548e-01 -6.407231e-02 -9.807503e-01 3.939722e+02
-9.765875e-01 -1.011525e-01 1.898554e-01 1.585949e+02 -1.112395e-01 9.928534e-01 -4.321974e-02 -3.388308e+01 -1.841268e-01 -6.332727e-02 -9.808603e-01 3.927376e+02
-9.760196e-01 -1.009675e-01 1.928506e-01 1.588306e+02 -1.112830e-01 9.928406e-01 -4.340024e-02 -3.394064e+01 -1.870879e-01 -6.382047e-02 -9.802679e-01 3.914308e+02
-9.755145e-01 -9.964259e-02 1.960684e-01 1.590751e+02 -1.103425e-01 9.929014e-01 -4.440023e-02 -3.401610e+01 -1.902524e-01 -6.494774e-02 -9.795845e-01 3.901486e+02
-9.747943e-01 -9.999192e-02 1.994436e-01 1.593305e+02 -1.113531e-01 9.926898e-01 -4.655666e-02 -3.409402e+01 -1.933304e-01 -6.759184e-02 -9.788027e-01 3.888511e+02
-9.737379e-01 -1.018524e-01 2.036187e-01 1.595926e+02 -1.137005e-01 9.923870e-01 -4.733102e-02 -3.416845e+01 -1.972478e-01 -6.923956e-02 -9.779055e-01 3.876092e+02
-9.722760e-01 -1.056414e-01 2.086126e-01 1.598625e+02 -1.183894e-01 9.917296e-01 -4.956266e-02 -3.426573e+01 -2.016514e-01 -7.288609e-02 -9.767417e-01 3.863173e+02
-9.710308e-01 -1.080297e-01 2.131402e-01 1.601336e+02 -1.206349e-01 9.915832e-01 -4.701028e-02 -3.433614e+01 -2.062678e-01 -7.136059e-02 -9.758900e-01 3.850770e+02
-9.695824e-01 -1.134687e-01 2.168751e-01 1.604178e+02 -1.245553e-01 9.914806e-01 -3.810793e-02 -3.442776e+01 -2.107034e-01 -6.396173e-02 -9.754553e-01 3.837824e+02
-9.683057e-01 -1.161154e-01 2.211362e-01 1.606931e+02 -1.272961e-01 9.911763e-01 -3.694861e-02 -3.449615e+01 -2.148946e-01 -6.392732e-02 -9.745428e-01 3.825659e+02
-9.674556e-01 -1.143000e-01 2.257547e-01 1.609602e+02 -1.262755e-01 9.912168e-01 -3.928964e-02 -3.455943e+01 -2.192810e-01 -6.651826e-02 -9.733916e-01 3.813443e+02
-9.669450e-01 -1.132475e-01 2.284567e-01 1.612373e+02 -1.266950e-01 9.909190e-01 -4.503242e-02 -3.462237e+01 -2.212823e-01 -7.248818e-02 -9.725120e-01 3.801331e+02
-9.659311e-01 -1.119912e-01 2.333132e-01 1.615124e+02 -1.265137e-01 9.907936e-01 -4.819030e-02 -3.469381e+01 -2.257684e-01 -7.606584e-02 -9.712068e-01 3.789146e+02
-9.650151e-01 -1.116136e-01 2.372516e-01 1.618161e+02 -1.260951e-01 9.909175e-01 -4.671725e-02 -3.477384e+01 -2.298825e-01 -7.499910e-02 -9.703243e-01 3.776869e+02
-9.640271e-01 -1.128556e-01 2.406563e-01 1.621127e+02 -1.263566e-01 9.911216e-01 -4.137680e-02 -3.484300e+01 -2.338501e-01 -7.029687e-02 -9.697281e-01 3.764465e+02
-9.633750e-01 -1.138846e-01 2.427734e-01 1.624573e+02 -1.266986e-01 9.912213e-01 -3.778566e-02 -3.487979e+01 -2.363390e-01 -6.716080e-02 -9.693468e-01 3.753043e+02
-9.627616e-01 -1.129406e-01 2.456309e-01 1.627968e+02 -1.258850e-01 9.913320e-01 -3.759967e-02 -3.493128e+01 -2.392552e-01 -6.712076e-02 -9.686340e-01 3.740848e+02
-9.619351e-01 -1.128527e-01 2.488877e-01 1.631409e+02 -1.263653e-01 9.912189e-01 -3.894741e-02 -3.498208e+01 -2.423069e-01 -6.891566e-02 -9.677489e-01 3.728795e+02
-9.609189e-01 -1.123933e-01 2.529873e-01 1.634573e+02 -1.263028e-01 9.912100e-01 -3.937514e-02 -3.505735e+01 -2.463380e-01 -6.978933e-02 -9.666680e-01 3.716386e+02
-9.599401e-01 -1.132243e-01 2.563109e-01 1.637979e+02 -1.273818e-01 9.910761e-01 -3.926869e-02 -3.510910e+01 -2.495774e-01 -7.034493e-02 -9.657964e-01 3.704245e+02
-9.590145e-01 -1.134592e-01 2.596502e-01 1.641517e+02 -1.280239e-01 9.909710e-01 -3.983037e-02 -3.518329e+01 -2.527867e-01 -7.143932e-02 -9.648810e-01 3.692372e+02
-9.585543e-01 -1.150881e-01 2.606306e-01 1.645143e+02 -1.298066e-01 9.907353e-01 -3.992204e-02 -3.526733e+01 -2.536214e-01 -7.209903e-02 -9.646128e-01 3.680224e+02
-9.572160e-01 -1.184412e-01 2.640250e-01 1.648677e+02 -1.337313e-01 9.901838e-01 -4.064450e-02 -3.532687e+01 -2.566193e-01 -7.421398e-02 -9.636591e-01 3.667615e+02
-9.558901e-01 -1.217218e-01 2.673162e-01 1.652136e+02 -1.370099e-01 9.897925e-01 -3.923097e-02 -3.539211e+01 -2.598124e-01 -7.412546e-02 -9.628099e-01 3.655416e+02
-9.541639e-01 -1.278322e-01 2.706106e-01 1.655557e+02 -1.434833e-01 9.888926e-01 -3.877999e-02 -3.545633e+01 -2.626475e-01 -7.583057e-02 -9.619075e-01 3.642884e+02
-9.528238e-01 -1.317729e-01 2.734277e-01 1.659197e+02 -1.479410e-01 9.882156e-01 -3.928540e-02 -3.552011e+01 -2.650288e-01 -7.788324e-02 -9.610900e-01 3.630671e+02
-9.520204e-01 -1.312446e-01 2.764635e-01 1.662780e+02 -1.484162e-01 9.880312e-01 -4.203613e-02 -3.559242e+01 -2.676376e-01 -8.105091e-02 -9.601046e-01 3.618765e+02
-9.511294e-01 -1.296059e-01 2.802770e-01 1.666210e+02 -1.479170e-01 9.879708e-01 -4.510313e-02 -3.566415e+01 -2.710599e-01 -8.435666e-02 -9.588590e-01 3.606285e+02
-9.504900e-01 -1.273123e-01 2.834790e-01 1.669730e+02 -1.458439e-01 9.882761e-01 -4.516547e-02 -3.573096e+01 -2.744054e-01 -8.427301e-02 -9.579143e-01 3.594562e+02
-9.497914e-01 -1.239776e-01 2.872733e-01 1.673227e+02 -1.423301e-01 9.888487e-01 -4.382177e-02 -3.579718e+01 -2.786369e-01 -8.250916e-02 -9.568457e-01 3.582475e+02
-9.489117e-01 -1.230016e-01 2.905808e-01 1.676809e+02 -1.415546e-01 9.889685e-01 -4.363015e-02 -3.586277e+01 -2.820086e-01 -8.253421e-02 -9.558552e-01 3.570270e+02
-9.485404e-01 -1.234499e-01 2.916013e-01 1.680486e+02 -1.422449e-01 9.888498e-01 -4.407275e-02 -3.593161e+01 -2.829091e-01 -8.328359e-02 -9.555241e-01 3.558365e+02
-9.475741e-01 -1.256830e-01 2.937808e-01 1.684250e+02 -1.447103e-01 9.885014e-01 -4.386228e-02 -3.599049e+01 -2.848900e-01 -8.407586e-02 -9.548659e-01 3.546636e+02
-9.466360e-01 -1.269593e-01 2.962459e-01 1.687928e+02 -1.455420e-01 9.884836e-01 -4.144542e-02 -3.605893e+01 -2.875723e-01 -8.234994e-02 -9.542121e-01 3.535336e+02
-9.456864e-01 -1.284615e-01 2.986217e-01 1.691587e+02 -1.468089e-01 9.883661e-01 -3.974322e-02 -3.611415e+01 -2.900421e-01 -8.142493e-02 -9.535437e-01 3.523658e+02
-9.453164e-01 -1.261758e-01 3.007599e-01 1.695163e+02 -1.443864e-01 9.887519e-01 -3.901540e-02 -3.617912e+01 -2.924542e-01 -8.030756e-02 -9.529015e-01 3.512577e+02
-9.444980e-01 -1.268964e-01 3.030196e-01 1.698797e+02 -1.456317e-01 9.885317e-01 -3.995673e-02 -3.623240e+01 -2.944741e-01 -8.186831e-02 -9.521463e-01 3.501291e+02
-9.438358e-01 -1.256012e-01 3.056114e-01 1.702476e+02 -1.449961e-01 9.885608e-01 -4.151692e-02 -3.629072e+01 -2.969009e-01 -8.349760e-02 -9.512508e-01 3.490122e+02
-9.431824e-01 -1.251853e-01 3.077915e-01 1.706155e+02 -1.449541e-01 9.885410e-01 -4.213036e-02 -3.635419e+01 -2.989905e-01 -8.435226e-02 -9.505206e-01 3.479055e+02
-9.425723e-01 -1.259600e-01 3.093406e-01 1.709947e+02 -1.457679e-01 9.884405e-01 -4.167843e-02 -3.642085e+01 -3.005150e-01 -8.437687e-02 -9.500375e-01 3.468274e+02
-9.417189e-01 -1.261792e-01 3.118404e-01 1.713606e+02 -1.462850e-01 9.883570e-01 -4.184590e-02 -3.647759e+01 -3.029295e-01 -8.502464e-02 -9.492126e-01 3.457462e+02
-9.415301e-01 -1.265967e-01 3.122408e-01 1.717364e+02 -1.465080e-01 9.883572e-01 -4.105474e-02 -3.654233e+01 -3.034080e-01 -8.440005e-02 -9.491155e-01 3.446454e+02
-9.407300e-01 -1.267239e-01 3.145921e-01 1.721029e+02 -1.461653e-01 9.884952e-01 -3.889523e-02 -3.658548e+01 -3.060438e-01 -8.257236e-02 -9.484298e-01 3.435356e+02
-9.400893e-01 -1.251693e-01 3.171193e-01 1.724497e+02 -1.445265e-01 9.887644e-01 -3.817148e-02 -3.664948e+01 -3.087784e-01 -8.171676e-02 -9.476172e-01 3.424637e+02
-9.391350e-01 -1.230289e-01 3.207636e-01 1.727931e+02 -1.435205e-01 9.887999e-01 -4.094633e-02 -3.670734e+01 -3.121334e-01 -8.449027e-02 -9.462738e-01 3.413881e+02
-9.386871e-01 -1.191209e-01 3.235378e-01 1.731493e+02 -1.403559e-01 9.891659e-01 -4.302424e-02 -3.677547e+01 -3.149075e-01 -8.579676e-02 -9.452366e-01 3.403534e+02
-9.377034e-01 -1.188077e-01 3.264921e-01 1.735078e+02 -1.397032e-01 9.893349e-01 -4.122486e-02 -3.684491e+01 -3.181122e-01 -8.426868e-02 -9.443005e-01 3.392312e+02
-9.367046e-01 -1.193959e-01 3.291338e-01 1.738501e+02 -1.390040e-01 9.896149e-01 -3.661019e-02 -3.691199e+01 -3.213446e-01 -8.004384e-02 -9.435733e-01 3.382348e+02
-9.352862e-01 -1.193649e-01 3.331543e-01 1.741919e+02 -1.386198e-01 9.897430e-01 -3.454426e-02 -3.696633e+01 -3.256138e-01 -7.849055e-02 -9.422393e-01 3.372086e+02
-9.338758e-01 -1.196783e-01 3.369764e-01 1.745664e+02 -1.395693e-01 9.895815e-01 -3.534054e-02 -3.703281e+01 -3.292361e-01 -8.003523e-02 -9.408496e-01 3.361838e+02
-9.322563e-01 -1.201814e-01 3.412546e-01 1.749171e+02 -1.412698e-01 9.892593e-01 -3.753521e-02 -3.710301e+01 -3.330783e-01 -8.320139e-02 -9.392212e-01 3.351576e+02
-9.313158e-01 -1.215433e-01 3.433338e-01 1.752932e+02 -1.434037e-01 9.888990e-01 -3.891270e-02 -3.716767e+01 -3.347929e-01 -8.547535e-02 -9.384070e-01 3.341717e+02
-9.295981e-01 -1.222445e-01 3.477121e-01 1.756615e+02 -1.443068e-01 9.887965e-01 -3.817049e-02 -3.722634e+01 -3.391504e-01 -8.566043e-02 -9.368240e-01 3.331816e+02
-9.277049e-01 -1.220769e-01 3.527900e-01 1.760280e+02 -1.442302e-01 9.888486e-01 -3.709702e-02 -3.727920e+01 -3.443272e-01 -8.529805e-02 -9.349669e-01 3.322085e+02
-9.258786e-01 -1.211035e-01 3.578864e-01 1.764103e+02 -1.428633e-01 9.891272e-01 -3.489170e-02 -3.732094e+01 -3.497697e-01 -8.343431e-02 -9.331130e-01 3.312590e+02
-9.233706e-01 -1.192231e-01 3.649281e-01 1.767681e+02 -1.400170e-01 9.896651e-01 -3.095564e-02 -3.737429e+01 -3.574660e-01 -7.967965e-02 -9.305209e-01 3.302872e+02
-9.202593e-01 -1.188953e-01 3.728093e-01 1.771506e+02 -1.388541e-01 9.899435e-01 -2.704379e-02 -3.742662e+01 -3.658448e-01 -7.665340e-02 -9.275138e-01 3.293448e+02
-9.166729e-01 -1.175988e-01 3.819442e-01 1.775443e+02 -1.378107e-01 9.901200e-01 -2.589494e-02 -3.746929e+01 -3.751253e-01 -7.637318e-02 -9.238226e-01 3.284227e+02
-9.123547e-01 -1.163610e-01 3.925163e-01 1.779388e+02 -1.371220e-01 9.902344e-01 -2.516895e-02 -3.752023e+01 -3.857544e-01 -7.678564e-02 -9.194006e-01 3.275084e+02
-9.074127e-01 -1.153461e-01 4.041007e-01 1.783484e+02 -1.370211e-01 9.902519e-01 -2.502599e-02 -3.756151e+01 -3.972749e-01 -7.807925e-02 -9.143721e-01 3.265925e+02
-9.015857e-01 -1.152907e-01 4.169547e-01 1.787579e+02 -1.381524e-01 9.900964e-01 -2.496033e-02 -3.758424e+01 -4.099477e-01 -8.010717e-02 -9.085845e-01 3.256652e+02
-8.960245e-01 -1.144775e-01 4.289929e-01 1.791981e+02 -1.382518e-01 9.900927e-01 -2.455453e-02 -3.762906e+01 -4.219318e-01 -8.131050e-02 -9.029741e-01 3.247501e+02
-8.886703e-01 -1.134589e-01 4.442884e-01 1.795736e+02 -1.375758e-01 9.902402e-01 -2.230079e-02 -3.767845e+01 -4.374220e-01 -8.094140e-02 -8.956062e-01 3.239472e+02
-8.813093e-01 -1.125256e-01 4.589464e-01 1.800245e+02 -1.371055e-01 9.903450e-01 -2.046693e-02 -3.770899e+01 -4.522122e-01 -8.096177e-02 -8.882282e-01 3.230915e+02
-8.730070e-01 -1.131263e-01 4.744061e-01 1.804539e+02 -1.382825e-01 9.902230e-01 -1.834164e-02 -3.774784e+01 -4.676929e-01 -8.161447e-02 -8.801150e-01 3.222130e+02
-8.652068e-01 -1.132672e-01 4.884545e-01 1.809008e+02 -1.390279e-01 9.901483e-01 -1.665791e-02 -3.777622e+01 -4.817556e-01 -8.232135e-02 -8.724304e-01 3.213856e+02
-8.575817e-01 -1.150174e-01 5.013228e-01 1.813944e+02 -1.421823e-01 9.897086e-01 -1.615557e-02 -3.779728e+01 -4.943053e-01 -8.513393e-02 -8.651095e-01 3.205844e+02
-8.504112e-01 -1.160801e-01 5.131532e-01 1.818992e+02 -1.441133e-01 9.894474e-01 -1.500606e-02 -3.782307e+01 -5.059962e-01 -8.671353e-02 -8.581659e-01 3.197574e+02
-8.439191e-01 -1.186060e-01 5.231951e-01 1.824245e+02 -1.474004e-01 9.889839e-01 -1.356012e-02 -3.785988e+01 -5.158232e-01 -8.856283e-02 -8.521051e-01 3.189814e+02
-8.379050e-01 -1.213971e-01 5.321447e-01 1.829781e+02 -1.510539e-01 9.884483e-01 -1.235387e-02 -3.788659e+01 -5.244978e-01 -9.073391e-02 -8.465633e-01 3.181809e+02
-8.319150e-01 -1.243672e-01 5.407866e-01 1.835160e+02 -1.547309e-01 9.878972e-01 -1.083777e-02 -3.791129e+01 -5.328937e-01 -9.269249e-02 -8.410900e-01 3.173865e+02
-8.273588e-01 -1.267671e-01 5.471814e-01 1.840476e+02 -1.573105e-01 9.875074e-01 -9.080757e-03 -3.792897e+01 -5.391946e-01 -9.359045e-02 -8.369648e-01 3.166030e+02
-8.216850e-01 -1.295871e-01 5.550143e-01 1.845822e+02 -1.604637e-01 9.870161e-01 -7.109839e-03 -3.794506e+01 -5.468867e-01 -9.490171e-02 -8.318104e-01 3.158172e+02
-8.161984e-01 -1.314693e-01 5.626153e-01 1.851341e+02 -1.624999e-01 9.866950e-01 -5.175941e-03 -3.795470e+01 -5.544492e-01 -9.564955e-02 -8.267026e-01 3.150287e+02
-8.097208e-01 -1.334887e-01 5.714307e-01 1.856631e+02 -1.647281e-01 9.863344e-01 -3.008622e-03 -3.795731e+01 -5.632201e-01 -9.656682e-02 -8.206448e-01 3.142472e+02
-8.028915e-01 -1.347671e-01 5.806918e-01 1.862085e+02 -1.656737e-01 9.861806e-01 -1.951259e-04 -3.797561e+01 -5.726407e-01 -9.636201e-02 -8.141234e-01 3.134732e+02
-7.960522e-01 -1.360322e-01 5.897424e-01 1.867805e+02 -1.669909e-01 9.859564e-01 2.014978e-03 -3.797704e+01 -5.817344e-01 -9.687761e-02 -8.075889e-01 3.127361e+02
-7.889537e-01 -1.370382e-01 5.989763e-01 1.873438e+02 -1.679271e-01 9.857898e-01 4.347732e-03 -3.798284e+01 -5.910605e-01 -9.715419e-02 -8.007550e-01 3.119916e+02
-7.828442e-01 -1.387266e-01 6.065557e-01 1.879490e+02 -1.690028e-01 9.855886e-01 7.294398e-03 -3.797368e+01 -5.988263e-01 -9.679922e-02 -7.950075e-01 3.112699e+02
-7.756464e-01 -1.388425e-01 6.157072e-01 1.885288e+02 -1.677706e-01 9.857654e-01 1.093933e-02 -3.797554e+01 -6.084617e-01 -9.481252e-02 -7.878991e-01 3.105241e+02
-7.685670e-01 -1.391441e-01 6.244547e-01 1.891090e+02 -1.667258e-01 9.858970e-01 1.447941e-02 -3.797031e+01 -6.176627e-01 -9.298433e-02 -7.809268e-01 3.098139e+02
-7.615198e-01 -1.392875e-01 6.329981e-01 1.897089e+02 -1.655815e-01 9.860360e-01 1.777084e-02 -3.796497e+01 -6.266342e-01 -9.127993e-02 -7.739493e-01 3.091017e+02
-7.531082e-01 -1.396761e-01 6.428986e-01 1.903038e+02 -1.641863e-01 9.861856e-01 2.192640e-02 -3.795588e+01 -6.370800e-01 -8.904222e-02 -7.656374e-01 3.084112e+02
-7.435516e-01 -1.388432e-01 6.541052e-01 1.909081e+02 -1.623207e-01 9.864247e-01 2.486532e-02 -3.794350e+01 -6.486779e-01 -8.768616e-02 -7.559948e-01 3.077222e+02
-7.334505e-01 -1.362408e-01 6.659496e-01 1.915181e+02 -1.607077e-01 9.866889e-01 2.486093e-02 -3.792869e+01 -6.604721e-01 -8.878898e-02 -7.455824e-01 3.070520e+02
-7.227339e-01 -1.320285e-01 6.783982e-01 1.921218e+02 -1.567875e-01 9.873130e-01 2.511471e-02 -3.791830e+01 -6.731072e-01 -8.821313e-02 -7.342650e-01 3.063958e+02
-7.114466e-01 -1.284610e-01 6.908991e-01 1.927439e+02 -1.526586e-01 9.879239e-01 2.648904e-02 -3.789837e+01 -6.859585e-01 -8.662615e-02 -7.224658e-01 3.057465e+02
-6.983568e-01 -1.266003e-01 7.044645e-01 1.933854e+02 -1.491703e-01 9.883641e-01 2.974335e-02 -3.786542e+01 -7.000329e-01 -8.431368e-02 -7.091158e-01 3.050635e+02
-6.849031e-01 -1.238890e-01 7.180246e-01 1.940324e+02 -1.440961e-01 9.890068e-01 3.319560e-02 -3.784378e+01 -7.142437e-01 -8.072876e-02 -6.952257e-01 3.044453e+02
-6.699787e-01 -1.217659e-01 7.323262e-01 1.946927e+02 -1.399269e-01 9.894885e-01 3.651092e-02 -3.782546e+01 -7.290741e-01 -7.801061e-02 -6.799745e-01 3.038396e+02
-6.543257e-01 -1.182403e-01 7.469117e-01 1.953448e+02 -1.339777e-01 9.902014e-01 3.938433e-02 -3.780926e+01 -7.442499e-01 -7.429933e-02 -6.637558e-01 3.032457e+02
-6.385006e-01 -1.151316e-01 7.609610e-01 1.960175e+02 -1.292471e-01 9.907457e-01 4.145002e-02 -3.777345e+01 -7.586911e-01 -7.188612e-02 -6.474722e-01 3.026512e+02
-6.224292e-01 -1.138022e-01 7.743584e-01 1.966945e+02 -1.250304e-01 9.911246e-01 4.515944e-02 -3.774312e+01 -7.726249e-01 -6.870974e-02 -6.311337e-01 3.020966e+02
-6.051200e-01 -1.155683e-01 7.877016e-01 1.974179e+02 -1.224907e-01 9.911420e-01 5.131761e-02 -3.771186e+01 -7.866548e-01 -6.543283e-02 -6.139159e-01 3.015313e+02
-5.882715e-01 -1.154734e-01 8.003765e-01 1.981385e+02 -1.188749e-01 9.913483e-01 5.565333e-02 -3.767309e+01 -7.998783e-01 -6.240538e-02 -5.969089e-01 3.010010e+02
-5.702188e-01 -1.137758e-01 8.135758e-01 1.988808e+02 -1.150568e-01 9.916619e-01 5.803954e-02 -3.762494e+01 -8.133956e-01 -6.051222e-02 -5.785549e-01 3.004636e+02
-5.520883e-01 -1.121138e-01 8.262136e-01 1.996317e+02 -1.125890e-01 9.918671e-01 5.935871e-02 -3.757307e+01 -8.261490e-01 -6.025128e-02 -5.602210e-01 2.999553e+02
-5.327617e-01 -1.111232e-01 8.389378e-01 2.004107e+02 -1.083655e-01 9.921382e-01 6.259896e-02 -3.752755e+01 -8.392985e-01 -5.756158e-02 -5.406152e-01 2.994422e+02
-5.126811e-01 -1.101008e-01 8.514904e-01 2.012039e+02 -1.037773e-01 9.924190e-01 6.583928e-02 -3.747580e+01 -8.522842e-01 -5.461082e-02 -5.202204e-01 2.989521e+02
-4.910774e-01 -1.101506e-01 8.641237e-01 2.020077e+02 -9.948215e-02 9.925748e-01 6.998911e-02 -3.742471e+01 -8.654168e-01 -5.159482e-02 -4.983891e-01 2.984782e+02
-4.697881e-01 -1.095632e-01 8.759538e-01 2.028414e+02 -9.388495e-02 9.928417e-01 7.383138e-02 -3.734504e+01 -8.777726e-01 -4.755378e-02 -4.767115e-01 2.980158e+02
-4.489363e-01 -1.114630e-01 8.865846e-01 2.036842e+02 -9.037377e-02 9.927657e-01 7.905006e-02 -3.728560e+01 -8.889819e-01 -4.463555e-02 -4.557619e-01 2.975817e+02
-4.278730e-01 -1.121801e-01 8.968502e-01 2.045535e+02 -8.854829e-02 9.926972e-01 8.192388e-02 -3.721976e+01 -8.994909e-01 -4.436154e-02 -4.346816e-01 2.971624e+02
-4.074830e-01 -1.091136e-01 9.066707e-01 2.054133e+02 -8.417503e-02 9.930973e-01 8.168408e-02 -3.715222e+01 -9.093251e-01 -4.303416e-02 -4.138550e-01 2.967806e+02
-3.861283e-01 -1.097150e-01 9.158971e-01 2.063035e+02 -8.302320e-02 9.930053e-01 8.395045e-02 -3.708129e+01 -9.187013e-01 -4.362507e-02 -3.925363e-01 2.963959e+02
-3.641739e-01 -1.109228e-01 9.247019e-01 2.071980e+02 -8.153482e-02 9.928671e-01 8.698884e-02 -3.699119e+01 -9.277551e-01 -4.371633e-02 -3.706203e-01 2.960465e+02
-3.413041e-01 -1.144076e-01 9.329643e-01 2.081059e+02 -7.988442e-02 9.925044e-01 9.248494e-02 -3.690484e+01 -9.365522e-01 -4.296382e-02 -3.478852e-01 2.957107e+02
-3.170703e-01 -1.162275e-01 9.412532e-01 2.090154e+02 -7.804287e-02 9.922938e-01 9.624063e-02 -3.682275e+01 -9.451855e-01 -4.294305e-02 -3.236977e-01 2.953977e+02
-2.919804e-01 -1.183430e-01 9.490745e-01 2.099407e+02 -7.727551e-02 9.919901e-01 9.992068e-02 -3.674307e+01 -9.532974e-01 -4.416534e-02 -2.987867e-01 2.951127e+02
-2.654152e-01 -1.182576e-01 9.568542e-01 2.108711e+02 -7.681559e-02 9.918880e-01 1.012801e-01 -3.665476e+01 -9.610693e-01 -4.662005e-02 -2.723461e-01 2.948571e+02
-2.374975e-01 -1.212233e-01 9.637945e-01 2.118468e+02 -7.204316e-02 9.916483e-01 1.069738e-01 -3.655112e+01 -9.687129e-01 -4.402879e-02 -2.442473e-01 2.945941e+02
-2.083108e-01 -1.283863e-01 9.695997e-01 2.128054e+02 -6.901653e-02 9.908055e-01 1.163665e-01 -3.644806e+01 -9.756246e-01 -4.267801e-02 -2.152563e-01 2.943924e+02
-1.781469e-01 -1.349729e-01 9.747030e-01 2.137832e+02 -6.442894e-02 9.900223e-01 1.253186e-01 -3.634233e+01 -9.818923e-01 -4.047396e-02 -1.850656e-01 2.942157e+02
-1.476925e-01 -1.348735e-01 9.797939e-01 2.147527e+02 -5.863740e-02 9.901096e-01 1.274546e-01 -3.621926e+01 -9.872936e-01 -3.862849e-02 -1.541404e-01 2.940747e+02
-1.177164e-01 -1.345865e-01 9.838848e-01 2.157245e+02 -5.369828e-02 9.901865e-01 1.290238e-01 -3.609819e+01 -9.915943e-01 -3.764471e-02 -1.237883e-01 2.939656e+02
-8.941122e-02 -1.362566e-01 9.866305e-01 2.167004e+02 -5.099736e-02 9.899250e-01 1.320900e-01 -3.597038e+01 -9.946883e-01 -3.850522e-02 -9.545913e-02 2.938920e+02
-6.230056e-02 -1.395109e-01 9.882587e-01 2.176910e+02 -4.719695e-02 9.894863e-01 1.367089e-01 -3.584661e+01 -9.969409e-01 -3.812576e-02 -6.823004e-02 2.938252e+02
-3.580775e-02 -1.434537e-01 9.890090e-01 2.186925e+02 -4.480505e-02 9.888790e-01 1.418126e-01 -3.572920e+01 -9.983538e-01 -3.923461e-02 -4.183698e-02 2.938098e+02
-9.893080e-03 -1.458166e-01 9.892622e-01 2.196932e+02 -4.185063e-02 9.885041e-01 1.452864e-01 -3.559424e+01 -9.990749e-01 -3.996392e-02 -1.588187e-02 2.937837e+02
1.392206e-02 -1.471998e-01 9.890088e-01 2.207203e+02 -3.985020e-02 9.882371e-01 1.476459e-01 -3.545422e+01 -9.991087e-01 -4.146773e-02 7.892358e-03 2.938059e+02
3.485564e-02 -1.474869e-01 9.884496e-01 2.217336e+02 -3.809462e-02 9.881358e-01 1.487834e-01 -3.532478e+01 -9.986661e-01 -4.284056e-02 2.882365e-02 2.938613e+02
5.371370e-02 -1.478199e-01 9.875546e-01 2.227453e+02 -3.623883e-02 9.880423e-01 1.498639e-01 -3.518174e+01 -9.978986e-01 -4.383757e-02 4.771459e-02 2.939089e+02
6.992261e-02 -1.479061e-01 9.865265e-01 2.237852e+02 -3.484505e-02 9.879814e-01 1.505940e-01 -3.502995e+01 -9.969437e-01 -4.490549e-02 6.392844e-02 2.940078e+02
8.464683e-02 -1.489336e-01 9.852176e-01 2.248182e+02 -3.341076e-02 9.877860e-01 1.521924e-01 -3.489065e+01 -9.958507e-01 -4.579947e-02 7.863697e-02 2.940755e+02
9.697582e-02 -1.499157e-01 9.839314e-01 2.258755e+02 -3.275402e-02 9.875747e-01 1.536990e-01 -3.474315e+01 -9.947476e-01 -4.713280e-02 9.086052e-02 2.941892e+02
1.074201e-01 -1.505144e-01 9.827545e-01 2.269271e+02 -3.220978e-02 9.874283e-01 1.547509e-01 -3.458812e+01 -9.936918e-01 -4.827767e-02 1.012217e-01 2.943259e+02
1.169227e-01 -1.522940e-01 9.813947e-01 2.280072e+02 -3.084910e-02 9.871388e-01 1.568608e-01 -3.443273e+01 -9.926618e-01 -4.861573e-02 1.107208e-01 2.944607e+02
1.253787e-01 -1.531612e-01 9.802152e-01 2.290661e+02 -2.978539e-02 9.869852e-01 1.580289e-01 -3.428752e+01 -9.916617e-01 -4.900955e-02 1.191850e-01 2.945880e+02
1.327363e-01 -1.539598e-01 9.791208e-01 2.301287e+02 -2.790460e-02 9.868899e-01 1.589643e-01 -3.412807e+01 -9.907585e-01 -4.842230e-02 1.266999e-01 2.947151e+02
1.388529e-01 -1.551203e-01 9.780887e-01 2.312017e+02 -2.598227e-02 9.867455e-01 1.601818e-01 -3.396608e+01 -9.899721e-01 -4.765467e-02 1.329821e-01 2.948456e+02
1.437018e-01 -1.562182e-01 9.772132e-01 2.322766e+02 -2.495015e-02 9.865762e-01 1.613840e-01 -3.379817e+01 -9.893065e-01 -4.757279e-02 1.378751e-01 2.949912e+02
1.492754e-01 -1.567509e-01 9.762920e-01 2.333618e+02 -2.478057e-02 9.864515e-01 1.621710e-01 -3.362182e+01 -9.884851e-01 -4.840122e-02 1.433686e-01 2.951272e+02
1.531870e-01 -1.579549e-01 9.754917e-01 2.344526e+02 -2.388411e-02 9.862625e-01 1.634496e-01 -3.344970e+01 -9.879085e-01 -4.833712e-02 1.473100e-01 2.952820e+02
1.561595e-01 -1.602578e-01 9.746444e-01 2.355556e+02 -2.527211e-02 9.857787e-01 1.661377e-01 -3.328448e+01 -9.874085e-01 -5.057529e-02 1.498886e-01 2.954474e+02
1.574075e-01 -1.636846e-01 9.738738e-01 2.366895e+02 -2.696809e-02 9.850874e-01 1.699282e-01 -3.309801e+01 -9.871654e-01 -5.301149e-02 1.506459e-01 2.956270e+02
1.570999e-01 -1.681151e-01 9.731685e-01 2.378520e+02 -2.894745e-02 9.841973e-01 1.746934e-01 -3.291018e+01 -9.871584e-01 -5.561505e-02 1.497508e-01 2.958534e+02
1.577697e-01 -1.718438e-01 9.724086e-01 2.390064e+02 -2.926217e-02 9.834955e-01 1.785507e-01 -3.271231e+01 -9.870423e-01 -5.662469e-02 1.501373e-01 2.960128e+02
1.575800e-01 -1.756536e-01 9.717584e-01 2.401437e+02 -2.821830e-02 9.828501e-01 1.822344e-01 -3.250304e+01 -9.871030e-01 -5.613786e-02 1.499209e-01 2.961824e+02
1.573400e-01 -1.766131e-01 9.716233e-01 2.412968e+02 -2.879825e-02 9.826390e-01 1.832789e-01 -3.229339e+01 -9.871245e-01 -5.681816e-02 1.495223e-01 2.963567e+02
1.562045e-01 -1.743529e-01 9.722146e-01 2.424423e+02 -2.935973e-02 9.830426e-01 1.810120e-01 -3.208127e+01 -9.872883e-01 -5.681883e-02 1.484367e-01 2.965380e+02
1.550328e-01 -1.726291e-01 9.727096e-01 2.435787e+02 -3.001990e-02 9.833364e-01 1.792997e-01 -3.188104e+01 -9.874531e-01 -5.699796e-02 1.472670e-01 2.967100e+02
1.533252e-01 -1.745866e-01 9.726309e-01 2.447932e+02 -2.958381e-02 9.830170e-01 1.811145e-01 -3.166351e+01 -9.877329e-01 -5.654354e-02 1.455563e-01 2.968997e+02
1.515015e-01 -1.793666e-01 9.720468e-01 2.459070e+02 -2.969979e-02 9.821281e-01 1.858558e-01 -3.147349e+01 -9.880107e-01 -5.702703e-02 1.434667e-01 2.970344e+02
1.479320e-01 -1.854442e-01 9.714559e-01 2.471286e+02 -2.986330e-02 9.809777e-01 1.918094e-01 -3.125780e+01 -9.885466e-01 -5.738563e-02 1.395800e-01 2.972427e+02
1.444608e-01 -1.915693e-01 9.707895e-01 2.482732e+02 -2.982885e-02 9.797916e-01 1.977845e-01 -3.105163e+01 -9.890608e-01 -5.752963e-02 1.358272e-01 2.973879e+02
1.389730e-01 -1.970971e-01 9.704840e-01 2.494530e+02 -2.865722e-02 9.787829e-01 2.028862e-01 -3.083910e+01 -9.898814e-01 -5.600707e-02 1.303761e-01 2.975651e+02
1.340401e-01 -2.002977e-01 9.705226e-01 2.506128e+02 -2.719948e-02 9.782478e-01 2.056487e-01 -3.061274e+01 -9.906026e-01 -5.396288e-02 1.256765e-01 2.977097e+02
1.280697e-01 -2.013614e-01 9.711085e-01 2.517884e+02 -2.699665e-02 9.781012e-01 2.063717e-01 -3.037818e+01 -9.913977e-01 -5.264663e-02 1.198290e-01 2.978754e+02
1.224829e-01 -2.021931e-01 9.716563e-01 2.529500e+02 -2.496405e-02 9.780903e-01 2.066788e-01 -3.014613e+01 -9.921566e-01 -4.957109e-02 1.147518e-01 2.980036e+02
1.165446e-01 -2.034318e-01 9.721280e-01 2.541133e+02 -2.489451e-02 9.778922e-01 2.076226e-01 -2.991353e+01 -9.928734e-01 -4.839795e-02 1.089037e-01 2.981319e+02
1.100506e-01 -2.066828e-01 9.721991e-01 2.553137e+02 -2.652747e-02 9.771811e-01 2.107448e-01 -2.966526e+01 -9.935719e-01 -4.898258e-02 1.020566e-01 2.982792e+02
1.041710e-01 -2.109760e-01 9.719247e-01 2.565343e+02 -2.687180e-02 9.762876e-01 2.148032e-01 -2.940375e+01 -9.941963e-01 -4.849363e-02 9.603154e-02 2.984164e+02
9.748049e-02 -2.149762e-01 9.717421e-01 2.576937e+02 -2.869786e-02 9.753791e-01 2.186596e-01 -2.916622e+01 -9.948236e-01 -4.920196e-02 8.891108e-02 2.985112e+02
8.927002e-02 -2.158209e-01 9.723437e-01 2.588564e+02 -3.045948e-02 9.751932e-01 2.192498e-01 -2.892509e+01 -9.955416e-01 -4.918951e-02 8.048173e-02 2.986174e+02
8.117474e-02 -2.185556e-01 9.724423e-01 2.600560e+02 -3.180208e-02 9.745974e-01 2.216947e-01 -2.866567e+01 -9.961924e-01 -4.892170e-02 7.216216e-02 2.987029e+02
7.221059e-02 -2.203612e-01 9.727418e-01 2.612583e+02 -3.271208e-02 9.742399e-01 2.231289e-01 -2.840877e+01 -9.968528e-01 -4.793268e-02 6.314196e-02 2.987815e+02
6.327576e-02 -2.227423e-01 9.728217e-01 2.624519e+02 -3.418208e-02 9.737194e-01 2.251711e-01 -2.814985e+01 -9.974105e-01 -4.750095e-02 5.399905e-02 2.988524e+02
5.407153e-02 -2.229820e-01 9.733218e-01 2.636523e+02 -3.549226e-02 9.737026e-01 2.250410e-01 -2.789494e+01 -9.979061e-01 -4.671370e-02 4.473545e-02 2.989083e+02
4.429857e-02 -2.234337e-01 9.737120e-01 2.648772e+02 -3.694119e-02 9.736358e-01 2.250969e-01 -2.763589e+01 -9.983351e-01 -4.594155e-02 3.487677e-02 2.989780e+02
3.519061e-02 -2.194046e-01 9.749991e-01 2.660326e+02 -4.034264e-02 9.744963e-01 2.207475e-01 -2.739623e+01 -9.985660e-01 -4.710228e-02 2.544176e-02 2.990088e+02
2.468915e-02 -2.141396e-01 9.764910e-01 2.672263e+02 -4.029866e-02 9.757816e-01 2.150029e-01 -2.716075e+01 -9.988826e-01 -4.465952e-02 1.546168e-02 2.990369e+02
1.661816e-02 -2.101893e-01 9.775195e-01 2.683833e+02 -4.177774e-02 9.766547e-01 2.107136e-01 -2.693308e+01 -9.989887e-01 -4.434023e-02 7.448970e-03 2.990288e+02
5.100983e-03 -2.112016e-01 9.774292e-01 2.695087e+02 -4.180292e-02 9.765425e-01 2.112281e-01 -2.672638e+01 -9.991129e-01 -4.193687e-02 -3.847516e-03 2.990114e+02
-5.986248e-03 -2.139711e-01 9.768217e-01 2.706487e+02 -4.402447e-02 9.759484e-01 2.135100e-01 -2.650270e+01 -9.990125e-01 -4.172593e-02 -1.526223e-02 2.989861e+02
-1.893689e-02 -2.138873e-01 9.766748e-01 2.718037e+02 -4.639391e-02 9.759857e-01 2.128368e-01 -2.627166e+01 -9.987437e-01 -4.128129e-02 -2.840520e-02 2.989501e+02
-3.366847e-02 -2.116961e-01 9.767554e-01 2.729177e+02 -4.733859e-02 9.765504e-01 2.100199e-01 -2.603170e+01 -9.983113e-01 -3.916718e-02 -4.290035e-02 2.988811e+02
-4.947999e-02 -2.105700e-01 9.763258e-01 2.740717e+02 -5.102498e-02 9.767796e-01 2.080820e-01 -2.579071e+01 -9.974709e-01 -3.952111e-02 -5.907537e-02 2.988257e+02
-6.499772e-02 -2.095873e-01 9.756272e-01 2.751648e+02 -5.231198e-02 9.770659e-01 2.064113e-01 -2.556979e+01 -9.965133e-01 -3.762073e-02 -7.447098e-02 2.987352e+02
-8.068971e-02 -2.083891e-01 9.747118e-01 2.762556e+02 -5.473156e-02 9.773515e-01 2.044226e-01 -2.536105e+01 -9.952355e-01 -3.685270e-02 -9.026767e-02 2.986373e+02
-9.574909e-02 -2.074494e-01 9.735486e-01 2.773378e+02 -5.757225e-02 9.775591e-01 2.026417e-01 -2.516290e+01 -9.937392e-01 -3.664662e-02 -1.055437e-01 2.985065e+02
-1.114391e-01 -2.074730e-01 9.718726e-01 2.784626e+02 -6.255722e-02 9.774890e-01 2.014989e-01 -2.494500e+01 -9.918003e-01 -3.834280e-02 -1.219094e-01 2.983820e+02
-1.254977e-01 -2.074723e-01 9.701575e-01 2.795363e+02 -6.760532e-02 9.774041e-01 2.002767e-01 -2.474016e+01 -9.897878e-01 -4.045353e-02 -1.366882e-01 2.982266e+02
-1.413799e-01 -2.069458e-01 9.680832e-01 2.806214e+02 -7.141261e-02 9.774902e-01 1.985276e-01 -2.453211e+01 -9.873763e-01 -4.106554e-02 -1.529760e-01 2.980624e+02
-1.569784e-01 -2.057148e-01 9.659396e-01 2.816783e+02 -7.515766e-02 9.777176e-01 1.960090e-01 -2.432909e+01 -9.847381e-01 -4.182858e-02 -1.689416e-01 2.978780e+02
-1.727671e-01 -2.043246e-01 9.635367e-01 2.827327e+02 -7.713171e-02 9.780494e-01 1.935720e-01 -2.413834e+01 -9.819380e-01 -4.087636e-02 -1.847347e-01 2.976745e+02
-1.884114e-01 -2.032983e-01 9.608179e-01 2.837851e+02 -7.805980e-02 9.783445e-01 1.916996e-01 -2.395334e+01 -9.789831e-01 -3.888285e-02 -2.002007e-01 2.974495e+02
-2.038275e-01 -2.009534e-01 9.581608e-01 2.848379e+02 -7.835461e-02 9.789158e-01 1.886381e-01 -2.375815e+01 -9.758662e-01 -3.662668e-02 -2.152756e-01 2.972094e+02
-2.194730e-01 -1.983710e-01 9.552385e-01 2.858822e+02 -7.770631e-02 9.795543e-01 1.855670e-01 -2.357125e+01 -9.725191e-01 -3.350110e-02 -2.304004e-01 2.969513e+02
-2.346937e-01 -1.956467e-01 9.521771e-01 2.869091e+02 -7.743740e-02 9.801861e-01 1.823150e-01 -2.339427e+01 -9.689800e-01 -3.094594e-02 -2.451939e-01 2.966901e+02
-2.493158e-01 -1.937482e-01 9.488431e-01 2.879237e+02 -7.700639e-02 9.806463e-01 1.800081e-01 -2.321687e+01 -9.653557e-01 -2.818810e-02 -2.594105e-01 2.964122e+02
-2.632082e-01 -1.925695e-01 9.453245e-01 2.889282e+02 -7.774573e-02 9.809228e-01 1.781742e-01 -2.304513e+01 -9.616013e-01 -2.659803e-02 -2.731584e-01 2.961172e+02
-2.754582e-01 -1.893735e-01 9.424757e-01 2.899204e+02 -7.905980e-02 9.815461e-01 1.741171e-01 -2.288050e+01 -9.580565e-01 -2.654997e-02 -2.853467e-01 2.958176e+02
-2.891021e-01 -1.859362e-01 9.390675e-01 2.909005e+02 -8.088039e-02 9.821928e-01 1.695752e-01 -2.272368e+01 -9.538754e-01 -2.692761e-02 -2.989926e-01 2.955083e+02
-3.024657e-01 -1.820616e-01 9.356111e-01 2.918699e+02 -8.351257e-02 9.828754e-01 1.642608e-01 -2.256213e+01 -9.494947e-01 -2.845202e-02 -3.124906e-01 2.951925e+02
-3.158913e-01 -1.768764e-01 9.321628e-01 2.928123e+02 -8.367716e-02 9.838351e-01 1.583246e-01 -2.241202e+01 -9.450983e-01 -2.798737e-02 -3.255854e-01 2.948546e+02
-3.294347e-01 -1.723922e-01 9.283069e-01 2.937445e+02 -8.291674e-02 9.846739e-01 1.534347e-01 -2.227483e+01 -9.405305e-01 -2.642548e-02 -3.386799e-01 2.945086e+02
-3.429357e-01 -1.738458e-01 9.231320e-01 2.946638e+02 -8.461326e-02 9.844476e-01 1.539598e-01 -2.213634e+01 -9.355403e-01 -2.531092e-02 -3.523118e-01 2.941529e+02
-3.556892e-01 -1.771121e-01 9.176691e-01 2.955787e+02 -8.742595e-02 9.838797e-01 1.560045e-01 -2.200611e+01 -9.305062e-01 -2.473897e-02 -3.654396e-01 2.937804e+02
-3.687815e-01 -1.779985e-01 9.123139e-01 2.964536e+02 -9.108855e-02 9.836898e-01 1.551040e-01 -2.187648e+01 -9.250422e-01 -2.590185e-02 -3.789802e-01 2.934137e+02
-3.827779e-01 -1.717935e-01 9.077269e-01 2.973338e+02 -9.371799e-02 9.847101e-01 1.468433e-01 -2.174689e+01 -9.190746e-01 -2.886198e-02 -3.930254e-01 2.930488e+02
-3.962298e-01 -1.690353e-01 9.024572e-01 2.981720e+02 -9.782820e-02 9.850840e-01 1.415597e-01 -2.162532e+01 -9.129247e-01 -3.219561e-02 -4.068560e-01 2.926682e+02
-4.069165e-01 -1.695433e-01 8.975935e-01 2.989836e+02 -1.027938e-01 9.848820e-01 1.394302e-01 -2.151271e+01 -9.076631e-01 -3.553065e-02 -4.181928e-01 2.922866e+02
-4.195345e-01 -1.721701e-01 8.912622e-01 2.997827e+02 -1.045882e-01 9.844774e-01 1.409454e-01 -2.140413e+01 -9.016940e-01 -3.408402e-02 -4.310292e-01 2.918998e+02
-4.312927e-01 -1.709771e-01 8.858631e-01 3.005602e+02 -1.054195e-01 9.847035e-01 1.387292e-01 -2.129301e+01 -8.960320e-01 -3.355434e-02 -4.427197e-01 2.914867e+02
-4.438901e-01 -1.695828e-01 8.798882e-01 3.013010e+02 -1.072789e-01 9.849239e-01 1.357060e-01 -2.118948e+01 -8.896364e-01 -3.415490e-02 -4.553906e-01 2.910934e+02
-4.564183e-01 -1.683974e-01 8.736845e-01 3.020325e+02 -1.101125e-01 9.850689e-01 1.323426e-01 -2.108469e+01 -8.829256e-01 -3.580001e-02 -4.681461e-01 2.906776e+02
-4.694461e-01 -1.677571e-01 8.668783e-01 3.027233e+02 -1.122237e-01 9.851592e-01 1.298734e-01 -2.099143e+01 -8.758003e-01 -3.631572e-02 -4.813055e-01 2.902828e+02
-4.843608e-01 -1.682194e-01 8.585434e-01 3.033973e+02 -1.122800e-01 9.851774e-01 1.296870e-01 -2.090149e+01 -8.676334e-01 -3.358195e-02 -4.960690e-01 2.898879e+02
-5.001893e-01 -1.669332e-01 8.496729e-01 3.040356e+02 -1.092216e-01 9.855674e-01 1.293350e-01 -2.081369e+01 -8.590002e-01 -2.811064e-02 -5.112030e-01 2.894849e+02
-5.170074e-01 -1.656659e-01 8.397965e-01 3.046453e+02 -1.055747e-01 9.859430e-01 1.295007e-01 -2.073496e+01 -8.494453e-01 -2.170841e-02 -5.272300e-01 2.890865e+02
-5.334609e-01 -1.632394e-01 8.299231e-01 3.052337e+02 -1.020151e-01 9.864545e-01 1.284543e-01 -2.065674e+01 -8.396501e-01 -1.613932e-02 -5.428878e-01 2.886696e+02
-5.489585e-01 -1.593906e-01 8.205115e-01 3.057978e+02 -1.011166e-01 9.871040e-01 1.241010e-01 -2.058962e+01 -8.297108e-01 -1.484101e-02 -5.579962e-01 2.882757e+02
-5.669990e-01 -1.511907e-01 8.097243e-01 3.063358e+02 -9.815096e-02 9.884083e-01 1.158253e-01 -2.051689e+01 -8.178499e-01 -1.380236e-02 -5.752660e-01 2.878644e+02
-5.870529e-01 -1.420914e-01 7.969812e-01 3.068402e+02 -9.446582e-02 9.897741e-01 1.068808e-01 -2.045670e+01 -8.040181e-01 -1.254282e-02 -5.944725e-01 2.874659e+02
-6.080897e-01 -1.345062e-01 7.823906e-01 3.073308e+02 -9.201151e-02 9.908414e-01 9.882929e-02 -2.039579e+01 -7.885181e-01 -1.189187e-02 -6.148965e-01 2.870423e+02
-6.307795e-01 -1.307355e-01 7.648695e-01 3.078034e+02 -9.145604e-02 9.913602e-01 9.402562e-02 -2.034362e+01 -7.705537e-01 -1.064251e-02 -6.372863e-01 2.866314e+02
-6.544140e-01 -1.264174e-01 7.454938e-01 3.082256e+02 -8.726293e-02 9.919640e-01 9.161102e-02 -2.030986e+01 -7.510842e-01 -5.102438e-03 -6.601867e-01 2.862302e+02
-6.783562e-01 -1.213899e-01 7.246360e-01 3.086250e+02 -8.336543e-02 9.926048e-01 8.823837e-02 -2.027437e+01 -7.299884e-01 -5.525451e-04 -6.834593e-01 2.858099e+02
-7.037770e-01 -1.149509e-01 7.010594e-01 3.090060e+02 -8.043016e-02 9.933702e-01 8.213839e-02 -2.023995e+01 -7.058533e-01 1.420796e-03 -7.083566e-01 2.853815e+02
-7.302791e-01 -1.090588e-01 6.743876e-01 3.093720e+02 -8.025909e-02 9.940353e-01 7.383997e-02 -2.020561e+01 -6.784180e-01 -2.019471e-04 -7.346761e-01 2.849456e+02
-7.573827e-01 -1.015779e-01 6.450220e-01 3.097122e+02 -7.912085e-02 9.948238e-01 6.376114e-02 -2.017558e+01 -6.481600e-01 -2.743106e-03 -7.614993e-01 2.845071e+02
-7.834876e-01 -9.424574e-02 6.142190e-01 3.100324e+02 -7.741420e-02 9.955352e-01 5.400662e-02 -2.015173e+01 -6.165665e-01 -5.235762e-03 -7.872854e-01 2.840500e+02
-8.108361e-01 -8.660946e-02 5.788295e-01 3.103259e+02 -7.387618e-02 9.962254e-01 4.557657e-02 -2.013368e+01 -5.805921e-01 -5.806588e-03 -8.141739e-01 2.835767e+02
-8.366838e-01 -8.083481e-02 5.416881e-01 3.106018e+02 -7.264966e-02 9.966887e-01 3.651980e-02 -2.012160e+01 -5.428465e-01 -8.797932e-03 -8.397859e-01 2.830984e+02
-8.615288e-01 -7.955974e-02 5.014363e-01 3.108698e+02 -7.597400e-02 9.967274e-01 2.761185e-02 -2.011663e+01 -5.019921e-01 -1.430773e-02 -8.647538e-01 2.826172e+02
-8.858332e-01 -7.950317e-02 4.571419e-01 3.111009e+02 -7.953384e-02 9.966470e-01 1.921258e-02 -2.011152e+01 -4.571366e-01 -1.933911e-02 -8.891862e-01 2.821303e+02
-9.087414e-01 -7.968857e-02 4.096812e-01 3.113157e+02 -8.277092e-02 9.965160e-01 1.023619e-02 -2.010658e+01 -4.090696e-01 -2.460764e-02 -9.121713e-01 2.815941e+02
-9.302934e-01 -7.703737e-02 3.586354e-01 3.114894e+02 -8.185572e-02 9.966426e-01 1.753580e-03 -2.010217e+01 -3.575665e-01 -2.772502e-02 -9.334761e-01 2.810655e+02
-9.495495e-01 -7.853579e-02 3.036245e-01 3.116489e+02 -8.360865e-02 9.964917e-01 -3.722639e-03 -2.009645e+01 -3.022670e-01 -2.892047e-02 -9.527845e-01 2.805222e+02
-9.658528e-01 -8.072113e-02 2.461959e-01 3.117906e+02 -8.515434e-02 9.963403e-01 -7.395915e-03 -2.010505e+01 -2.446979e-01 -2.810802e-02 -9.691919e-01 2.799505e+02
-9.788216e-01 -8.004012e-02 1.884193e-01 3.118725e+02 -8.369545e-02 9.964249e-01 -1.151126e-02 -2.010791e+01 -1.868244e-01 -2.703731e-02 -9.820212e-01 2.793595e+02
-9.882197e-01 -8.137462e-02 1.296149e-01 3.119243e+02 -8.379100e-02 9.963947e-01 -1.329070e-02 -2.013473e+01 -1.280661e-01 -2.399470e-02 -9.914753e-01 2.787557e+02
-9.942260e-01 -8.470494e-02 6.587650e-02 3.119341e+02 -8.580324e-02 9.962134e-01 -1.402044e-02 -2.016738e+01 -6.443946e-02 -1.959191e-02 -9.977293e-01 2.781611e+02
-9.962679e-01 -8.631157e-02 8.119454e-04 3.119138e+02 -8.631470e-02 9.961785e-01 -1.334997e-02 -2.018032e+01 3.434141e-04 -1.337023e-02 -9.999106e-01 2.775498e+02
-9.935401e-01 -9.309658e-02 -6.489256e-02 3.118573e+02 -9.232685e-02 9.956192e-01 -1.476765e-02 -2.018920e+01 6.598310e-02 -8.680923e-03 -9.977830e-01 2.769244e+02
-9.866295e-01 -9.759426e-02 -1.305282e-01 3.117592e+02 -9.623000e-02 9.952184e-01 -1.673395e-02 -2.020292e+01 1.315372e-01 -3.949488e-03 -9.913034e-01 2.762976e+02
-9.761413e-01 -9.887061e-02 -1.933205e-01 3.116167e+02 -9.703644e-02 9.951003e-01 -1.895757e-02 -2.022877e+01 1.942476e-01 2.538611e-04 -9.809525e-01 2.756650e+02
-9.622521e-01 -9.890027e-02 -2.535540e-01 3.114296e+02 -9.673556e-02 9.950881e-01 -2.102306e-02 -2.025357e+01 2.543877e-01 4.298208e-03 -9.670928e-01 2.750338e+02
-9.456423e-01 -9.965440e-02 -3.095636e-01 3.111933e+02 -9.620244e-02 9.950106e-01 -2.643750e-02 -2.027879e+01 3.106537e-01 4.780361e-03 -9.505111e-01 2.743977e+02
-9.271744e-01 -1.045444e-01 -3.597474e-01 3.109042e+02 -9.877041e-02 9.945137e-01 -3.445048e-02 -2.030411e+01 3.613753e-01 3.590797e-03 -9.324135e-01 2.737451e+02
-9.084836e-01 -1.071316e-01 -4.039559e-01 3.106009e+02 -9.933417e-02 9.942386e-01 -4.027884e-02 -2.033964e+01 4.059437e-01 3.533961e-03 -9.138913e-01 2.731037e+02
-8.914465e-01 -1.035311e-01 -4.411399e-01 3.102603e+02 -9.379112e-02 9.946237e-01 -4.389702e-02 -2.036989e+01 4.433129e-01 2.243163e-03 -8.963641e-01 2.724574e+02
-8.743822e-01 -9.928110e-02 -4.749727e-01 3.099103e+02 -8.857280e-02 9.950556e-01 -4.493676e-02 -2.041221e+01 4.770856e-01 2.777767e-03 -8.788524e-01 2.718183e+02
-8.587290e-01 -9.676981e-02 -5.032098e-01 3.095169e+02 -8.465871e-02 9.953041e-01 -4.693171e-02 -2.045275e+01 5.053884e-01 2.299470e-03 -8.628889e-01 2.711611e+02
-8.456224e-01 -9.451445e-02 -5.253472e-01 3.090937e+02 -8.102529e-02 9.955225e-01 -4.868105e-02 -2.049455e+01 5.275961e-01 1.400623e-03 -8.494942e-01 2.704909e+02
-8.367187e-01 -8.830566e-02 -5.404664e-01 3.086283e+02 -7.164349e-02 9.960826e-01 -5.183353e-02 -2.053566e+01 5.429264e-01 -4.649184e-03 -8.397674e-01 2.698095e+02
-8.313543e-01 -8.073044e-02 -5.498478e-01 3.081561e+02 -6.174638e-02 9.966849e-01 -5.297772e-02 -2.058618e+01 5.523019e-01 -1.009215e-02 -8.335831e-01 2.691289e+02
-8.284387e-01 -7.692270e-02 -5.547723e-01 3.076741e+02 -5.651160e-02 9.969489e-01 -5.384480e-02 -2.063196e+01 5.572215e-01 -1.325605e-02 -8.302581e-01 2.684297e+02
-8.276571e-01 -7.334772e-02 -5.564205e-01 3.071954e+02 -5.299691e-02 9.972073e-01 -5.262136e-02 -2.068534e+01 5.587262e-01 -1.406388e-02 -8.292329e-01 2.677205e+02
-8.279057e-01 -7.170628e-02 -5.562647e-01 3.066918e+02 -5.090732e-02 9.973071e-01 -5.279272e-02 -2.073527e+01 5.585523e-01 -1.538945e-02 -8.293265e-01 2.669836e+02
-8.295022e-01 -6.952031e-02 -5.541598e-01 3.061832e+02 -4.868576e-02 9.974463e-01 -5.225538e-02 -2.078536e+01 5.563774e-01 -1.636626e-02 -8.307685e-01 2.662299e+02
-8.330342e-01 -6.718713e-02 -5.491265e-01 3.056809e+02 -4.662357e-02 9.975929e-01 -5.132948e-02 -2.083561e+01 5.512533e-01 -1.715698e-02 -8.341615e-01 2.654763e+02
-8.364955e-01 -6.463699e-02 -5.441482e-01 3.051583e+02 -4.531336e-02 9.977771e-01 -4.886332e-02 -2.089275e+01 5.460970e-01 -1.621676e-02 -8.375650e-01 2.646735e+02
-8.405522e-01 -6.260984e-02 -5.381003e-01 3.046466e+02 -4.334897e-02 9.978872e-01 -4.839335e-02 -2.094316e+01 5.399933e-01 -1.735105e-02 -8.414904e-01 2.638846e+02
-8.445272e-01 -6.164985e-02 -5.319521e-01 3.041392e+02 -4.262042e-02 9.979381e-01 -4.799045e-02 -2.099483e+01 5.338139e-01 -1.785722e-02 -8.454134e-01 2.630632e+02
-8.486167e-01 -5.989595e-02 -5.256064e-01 3.036302e+02 -4.133861e-02 9.980396e-01 -4.698934e-02 -2.104073e+01 5.273905e-01 -1.814810e-02 -8.494292e-01 2.622307e+02
-8.529031e-01 -5.537292e-02 -5.191244e-01 3.031090e+02 -3.840623e-02 9.983199e-01 -4.338671e-02 -2.110085e+01 5.206546e-01 -1.706705e-02 -8.535968e-01 2.613765e+02
-8.573128e-01 -5.372992e-02 -5.119843e-01 3.025722e+02 -3.722414e-02 9.984051e-01 -4.244563e-02 -2.114924e+01 5.134483e-01 -1.733100e-02 -8.579455e-01 2.604923e+02
-8.618436e-01 -5.253638e-02 -5.044458e-01 3.020441e+02 -3.541159e-02 9.984264e-01 -4.348228e-02 -2.120368e+01 5.059364e-01 -1.961169e-02 -8.623478e-01 2.596015e+02
-8.663282e-01 -5.079398e-02 -4.968858e-01 3.015298e+02 -3.277948e-02 9.984529e-01 -4.491497e-02 -2.125833e+01 4.983985e-01 -2.262345e-02 -8.666528e-01 2.586997e+02
-8.710979e-01 -5.256215e-02 -4.882885e-01 3.009699e+02 -3.505253e-02 9.983746e-01 -4.493765e-02 -2.131486e+01 4.898569e-01 -2.202935e-02 -8.715245e-01 2.577519e+02
-8.762029e-01 -5.355239e-02 -4.789578e-01 3.004496e+02 -3.670344e-02 9.983358e-01 -4.447908e-02 -2.137399e+01 4.805427e-01 -2.139330e-02 -8.767103e-01 2.568081e+02
-8.802476e-01 -5.495496e-02 -4.713217e-01 2.999780e+02 -3.884659e-02 9.982827e-01 -4.384685e-02 -2.143980e+01 4.729219e-01 -2.028684e-02 -8.808708e-01 2.558856e+02
-8.842646e-01 -5.891586e-02 -4.632548e-01 2.994590e+02 -4.347270e-02 9.980873e-01 -4.395378e-02 -2.149569e+01 4.649583e-01 -1.872784e-02 -8.851345e-01 2.549070e+02
-8.882486e-01 -6.083223e-02 -4.553173e-01 2.989646e+02 -4.608894e-02 9.979931e-01 -4.342401e-02 -2.156050e+01 4.570451e-01 -1.758622e-02 -8.892696e-01 2.539288e+02
-8.925007e-01 -5.890375e-02 -4.471833e-01 2.984595e+02 -4.456270e-02 9.981008e-01 -4.253209e-02 -2.162386e+01 4.488393e-01 -1.803223e-02 -8.934305e-01 2.529278e+02
-8.967105e-01 -5.437088e-02 -4.392655e-01 2.979802e+02 -4.109692e-02 9.983669e-01 -3.967999e-02 -2.169047e+01 4.407056e-01 -1.752900e-02 -8.974806e-01 2.519488e+02
-9.005246e-01 -5.247721e-02 -4.316266e-01 2.975092e+02 -3.974170e-02 9.984688e-01 -3.847883e-02 -2.175062e+01 4.329850e-01 -1.749756e-02 -9.012313e-01 2.509450e+02
-9.042433e-01 -5.328637e-02 -4.236799e-01 2.970306e+02 -3.902959e-02 9.983439e-01 -4.226276e-02 -2.181034e+01 4.252303e-01 -2.167977e-02 -9.048255e-01 2.499203e+02
-9.077721e-01 -5.240799e-02 -4.161770e-01 2.965886e+02 -3.689299e-02 9.982946e-01 -4.524084e-02 -2.186098e+01 4.178382e-01 -2.571436e-02 -9.081575e-01 2.489351e+02
-9.107276e-01 -5.211508e-02 -4.097064e-01 2.961315e+02 -3.713796e-02 9.983218e-01 -4.443439e-02 -2.192396e+01 4.113345e-01 -2.525196e-02 -9.111346e-01 2.479008e+02
-9.141025e-01 -5.086391e-02 -4.022805e-01 2.956939e+02 -3.772711e-02 9.984663e-01 -4.051764e-02 -2.198747e+01 4.037244e-01 -2.186039e-02 -9.146195e-01 2.468811e+02
-9.169611e-01 -4.897947e-02 -3.959587e-01 2.952465e+02 -3.651365e-02 9.985733e-01 -3.896365e-02 -2.205538e+01 3.973022e-01 -2.127025e-02 -9.174413e-01 2.458355e+02
-9.194319e-01 -4.729672e-02 -3.903947e-01 2.948202e+02 -3.474940e-02 9.986291e-01 -3.914544e-02 -2.211580e+01 3.917110e-01 -2.242559e-02 -9.198150e-01 2.448126e+02
-9.214664e-01 -4.925017e-02 -3.853235e-01 2.943727e+02 -3.750106e-02 9.985756e-01 -3.795268e-02 -2.217482e+01 3.866438e-01 -2.052208e-02 -9.220008e-01 2.437358e+02
-9.232742e-01 -5.140753e-02 -3.806861e-01 2.939682e+02 -4.027374e-02 9.984974e-01 -3.716074e-02 -2.224440e+01 3.820245e-01 -1.897790e-02 -9.239573e-01 2.426918e+02
-9.249566e-01 -5.421036e-02 -3.761868e-01 2.935639e+02 -4.344879e-02 9.983688e-01 -3.703928e-02 -2.231275e+01 3.775811e-01 -1.791486e-02 -9.258032e-01 2.416346e+02
-9.268071e-01 -5.745710e-02 -3.711162e-01 2.931337e+02 -4.713830e-02 9.982094e-01 -3.682431e-02 -2.238278e+01 3.725675e-01 -1.663525e-02 -9.278560e-01 2.405414e+02
-9.283827e-01 -5.997820e-02 -3.667536e-01 2.927290e+02 -5.012331e-02 9.980815e-01 -3.634462e-02 -2.244772e+01 3.682299e-01 -1.535881e-02 -9.296079e-01 2.394654e+02
-9.303124e-01 -6.159417e-02 -3.615590e-01 2.923013e+02 -5.244213e-02 9.980076e-01 -3.508110e-02 -2.250803e+01 3.629994e-01 -1.367546e-02 -9.316890e-01 2.384277e+02
-9.321816e-01 -6.167130e-02 -3.566988e-01 2.919325e+02 -5.358591e-02 9.980337e-01 -3.251547e-02 -2.257029e+01 3.580027e-01 -1.119630e-02 -9.336534e-01 2.374240e+02
-9.351310e-01 -5.694457e-02 -3.496960e-01 2.915188e+02 -4.982727e-02 9.983273e-01 -2.932346e-02 -2.263958e+01 3.507809e-01 -9.996881e-03 -9.364042e-01 2.363786e+02
-9.375607e-01 -5.539200e-02 -3.433828e-01 2.911582e+02 -4.936937e-02 9.984352e-01 -2.626383e-02 -2.269788e+01 3.443003e-01 -7.671343e-03 -9.388282e-01 2.353925e+02
-9.401088e-01 -5.327514e-02 -3.366855e-01 2.908190e+02 -4.769832e-02 9.985534e-01 -2.481978e-02 -2.274680e+01 3.375207e-01 -7.273962e-03 -9.412900e-01 2.344028e+02
-9.428101e-01 -5.251591e-02 -3.291674e-01 2.904901e+02 -4.737306e-02 9.985977e-01 -2.363074e-02 -2.279320e+01 3.299468e-01 -6.685635e-03 -9.439758e-01 2.334536e+02
-9.454085e-01 -5.122280e-02 -3.218370e-01 2.901226e+02 -4.648520e-02 9.986679e-01 -2.239355e-02 -2.283403e+01 3.225554e-01 -6.210391e-03 -9.465302e-01 2.324320e+02
-9.474760e-01 -5.337833e-02 -3.153410e-01 2.898082e+02 -4.933544e-02 9.985658e-01 -2.079536e-02 -2.286824e+01 3.159987e-01 -4.145622e-03 -9.487506e-01 2.314554e+02
-9.493963e-01 -5.659343e-02 -3.089400e-01 2.894889e+02 -5.285390e-02 9.983925e-01 -2.046726e-02 -2.291358e+01 3.096017e-01 -3.102860e-03 -9.508613e-01 2.304842e+02
-9.508777e-01 -6.047533e-02 -3.036023e-01 2.892154e+02 -5.662959e-02 9.981645e-01 -2.146400e-02 -2.295522e+01 3.043431e-01 -3.216768e-03 -9.525570e-01 2.295768e+02
-9.520092e-01 -6.460706e-02 -2.991729e-01 2.889156e+02 -6.006855e-02 9.978972e-01 -2.435175e-02 -2.298077e+01 3.001171e-01 -5.212210e-03 -9.538881e-01 2.286626e+02
-9.524316e-01 -6.993440e-02 -2.966197e-01 2.886251e+02 -6.528571e-02 9.975392e-01 -2.556178e-02 -2.301135e+01 2.976774e-01 -4.980817e-03 -9.546535e-01 2.277656e+02
-9.524341e-01 -7.423516e-02 -2.955645e-01 2.883563e+02 -6.988411e-02 9.972349e-01 -2.527326e-02 -2.305247e+01 2.966234e-01 -3.415851e-03 -9.549884e-01 2.269062e+02
-9.516673e-01 -7.630567e-02 -2.975009e-01 2.881002e+02 -7.207079e-02 9.970812e-01 -2.519498e-02 -2.308268e+01 2.985551e-01 -2.536113e-03 -9.543890e-01 2.260218e+02
-9.501586e-01 -7.951101e-02 -3.014574e-01 2.878393e+02 -7.477265e-02 9.968284e-01 -2.724415e-02 -2.312470e+01 3.026675e-01 -3.345501e-03 -9.530903e-01 2.251764e+02
-9.471859e-01 -8.437177e-02 -3.093870e-01 2.875848e+02 -7.917343e-02 9.964289e-01 -2.934357e-02 -2.316740e+01 3.107579e-01 -3.298586e-03 -9.504834e-01 2.243780e+02
-9.428348e-01 -8.676171e-02 -3.217685e-01 2.873406e+02 -8.139278e-02 9.962266e-01 -3.012843e-02 -2.319661e+01 3.231683e-01 -2.216497e-03 -9.463389e-01 2.235928e+02
-9.374892e-01 -8.786529e-02 -3.367398e-01 2.870578e+02 -8.253150e-02 9.961323e-01 -3.015107e-02 -2.322967e+01 3.380866e-01 -4.746648e-04 -9.411149e-01 2.228217e+02
-9.308938e-01 -8.895475e-02 -3.542935e-01 2.867667e+02 -8.358882e-02 9.960349e-01 -3.045418e-02 -2.327353e+01 3.555977e-01 1.265367e-03 -9.346383e-01 2.220822e+02
-9.228038e-01 -8.782215e-02 -3.751273e-01 2.864803e+02 -8.157078e-02 9.961360e-01 -3.254623e-02 -2.331602e+01 3.765361e-01 5.656401e-04 -9.264018e-01 2.213768e+02
-9.127220e-01 -8.790191e-02 -3.990135e-01 2.861494e+02 -8.066221e-02 9.961291e-01 -3.493484e-02 -2.336863e+01 4.005398e-01 2.995170e-04 -9.162793e-01 2.206898e+02
-8.999278e-01 -8.879850e-02 -4.269014e-01 2.858245e+02 -7.936564e-02 9.960476e-01 -3.987849e-02 -2.340398e+01 4.287552e-01 -2.006458e-03 -9.034185e-01 2.200399e+02
-8.850033e-01 -9.419553e-02 -4.559565e-01 2.854973e+02 -8.145594e-02 9.955414e-01 -4.756325e-02 -2.345008e+01 4.584038e-01 -4.953269e-03 -8.887302e-01 2.194413e+02
-8.672079e-01 -9.676481e-02 -4.884536e-01 2.851438e+02 -7.995125e-02 9.952681e-01 -5.522031e-02 -2.349793e+01 4.914857e-01 -8.835008e-03 -8.708408e-01 2.188401e+02
-8.461565e-01 -1.002582e-01 -5.234191e-01 2.847731e+02 -7.954527e-02 9.949028e-01 -6.197600e-02 -2.355001e+01 5.269647e-01 -1.080588e-02 -8.498185e-01 2.182730e+02
-8.207787e-01 -1.009960e-01 -5.622474e-01 2.843809e+02 -7.800551e-02 9.948429e-01 -6.482886e-02 -2.358197e+01 5.658953e-01 -9.351745e-03 -8.244241e-01 2.177275e+02
-7.912811e-01 -1.068504e-01 -6.020443e-01 2.839612e+02 -8.290068e-02 9.942689e-01 -6.750379e-02 -2.364185e+01 6.058067e-01 -3.504586e-03 -7.956041e-01 2.172049e+02
-7.582274e-01 -1.085969e-01 -6.428825e-01 2.835336e+02 -8.349100e-02 9.940854e-01 -6.945191e-02 -2.368657e+01 6.466223e-01 1.014560e-03 -7.628096e-01 2.167034e+02
-7.227990e-01 -1.094235e-01 -6.823402e-01 2.830936e+02 -8.281130e-02 9.939841e-01 -7.167881e-02 -2.375151e+01 6.860787e-01 4.696104e-03 -7.275122e-01 2.162244e+02
-6.854256e-01 -1.072075e-01 -7.202071e-01 2.826003e+02 -8.061324e-02 9.941940e-01 -7.127210e-02 -2.380447e+01 7.236665e-01 9.206513e-03 -6.900884e-01 2.157585e+02
-6.456943e-01 -1.055629e-01 -7.562641e-01 2.820848e+02 -7.857546e-02 9.943260e-01 -7.170541e-02 -2.387075e+01 7.595425e-01 1.312403e-02 -6.503253e-01 2.153296e+02
-6.025595e-01 -1.048498e-01 -7.911565e-01 2.815535e+02 -7.794951e-02 9.943244e-01 -7.240727e-02 -2.393650e+01 7.942581e-01 1.804057e-02 -6.073126e-01 2.149270e+02
-5.580038e-01 -1.049727e-01 -8.231722e-01 2.809960e+02 -7.678824e-02 9.942425e-01 -7.473550e-02 -2.400366e+01 8.262780e-01 2.150725e-02 -5.628518e-01 2.145668e+02
-5.107763e-01 -1.018566e-01 -8.536585e-01 2.803989e+02 -7.051589e-02 9.945746e-01 -7.647802e-02 -2.406330e+01 8.568168e-01 2.113333e-02 -5.151876e-01 2.142294e+02
-4.620690e-01 -9.839954e-02 -8.813681e-01 2.797945e+02 -6.695250e-02 9.948598e-01 -7.596947e-02 -2.412881e+01 8.843130e-01 2.390666e-02 -4.662820e-01 2.139345e+02
-4.119281e-01 -9.244977e-02 -9.065144e-01 2.791656e+02 -5.644470e-02 9.955182e-01 -7.587775e-02 -2.419118e+01 9.094665e-01 1.991175e-02 -4.153002e-01 2.136700e+02
-3.601783e-01 -8.831741e-02 -9.286935e-01 2.785233e+02 -4.896242e-02 9.959261e-01 -7.572187e-02 -2.425669e+01 9.315977e-01 1.819770e-02 -3.630352e-01 2.134417e+02
-3.073073e-01 -8.442056e-02 -9.478583e-01 2.778570e+02 -4.131534e-02 9.963016e-01 -7.534020e-02 -2.432259e+01 9.507130e-01 1.600849e-02 -3.096586e-01 2.132480e+02
-2.530103e-01 -8.394434e-02 -9.638149e-01 2.772005e+02 -3.613508e-02 9.963534e-01 -7.729252e-02 -2.439109e+01 9.667885e-01 1.527172e-02 -2.551210e-01 2.130980e+02
-1.976580e-01 -8.563083e-02 -9.765238e-01 2.765177e+02 -2.743314e-02 9.962703e-01 -8.180966e-02 -2.445504e+01 9.798871e-01 1.061878e-02 -1.992699e-01 2.129777e+02
-1.419743e-01 -8.969826e-02 -9.857979e-01 2.758395e+02 -1.871773e-02 9.959511e-01 -8.792638e-02 -2.452387e+01 9.896934e-01 5.968610e-03 -1.430784e-01 2.129071e+02
-8.698636e-02 -9.365932e-02 -9.917970e-01 2.751421e+02 -5.448866e-03 9.956006e-01 -9.354060e-02 -2.459044e+01 9.961946e-01 -2.732587e-03 -8.711400e-02 2.128730e+02
-3.498657e-02 -9.489006e-02 -9.948728e-01 2.744325e+02 7.885398e-03 9.954250e-01 -9.522004e-02 -2.465852e+01 9.993567e-01 -1.117639e-02 -3.407826e-02 2.128782e+02
1.274320e-02 -9.421819e-02 -9.954700e-01 2.737000e+02 2.456552e-02 9.952799e-01 -9.388572e-02 -2.473318e+01 9.996170e-01 -2.325783e-02 1.499757e-02 2.129271e+02
5.478307e-02 -9.393460e-02 -9.940700e-01 2.729667e+02 4.278525e-02 9.948715e-01 -9.165245e-02 -2.480840e+01 9.975812e-01 -3.751053e-02 5.852113e-02 2.130064e+02
9.130007e-02 -9.461053e-02 -9.913189e-01 2.722304e+02 6.069958e-02 9.941543e-01 -8.929073e-02 -2.488343e+01 9.939718e-01 -5.202039e-02 9.650917e-02 2.131132e+02
1.229997e-01 -9.781892e-02 -9.875741e-01 2.714883e+02 7.918158e-02 9.929251e-01 -8.848709e-02 -2.495398e+01 9.892428e-01 -6.731379e-02 1.298750e-01 2.132411e+02
1.485349e-01 -1.035899e-01 -9.834666e-01 2.707314e+02 9.449512e-02 9.914345e-01 -9.015739e-02 -2.500879e+01 9.843821e-01 -7.954127e-02 1.570514e-01 2.133975e+02
1.679674e-01 -1.111229e-01 -9.795094e-01 2.699798e+02 1.082939e-01 9.896925e-01 -9.370779e-02 -2.507234e+01 9.798262e-01 -9.033503e-02 1.782700e-01 2.135522e+02
1.799123e-01 -1.183822e-01 -9.765333e-01 2.692056e+02 1.212815e-01 9.878272e-01 -9.740699e-02 -2.515214e+01 9.761774e-01 -1.009107e-01 1.920799e-01 2.137447e+02
1.864522e-01 -1.251092e-01 -9.744656e-01 2.684232e+02 1.318459e-01 9.860732e-01 -1.013724e-01 -2.523920e+01 9.735770e-01 -1.095782e-01 2.003507e-01 2.139365e+02
1.900153e-01 -1.300635e-01 -9.731278e-01 2.676431e+02 1.362739e-01 9.850855e-01 -1.050526e-01 -2.531729e+01 9.722775e-01 -1.126504e-01 2.049056e-01 2.141131e+02
1.900451e-01 -1.342365e-01 -9.725551e-01 2.668583e+02 1.383648e-01 9.843835e-01 -1.088315e-01 -2.540863e+01 9.719764e-01 -1.138845e-01 2.056508e-01 2.142779e+02
1.876977e-01 -1.380027e-01 -9.724838e-01 2.660456e+02 1.381188e-01 9.839515e-01 -1.129720e-01 -2.550673e+01 9.724674e-01 -1.131137e-01 2.037462e-01 2.144475e+02
1.824273e-01 -1.416553e-01 -9.729615e-01 2.652134e+02 1.381721e-01 9.834405e-01 -1.172741e-01 -2.560567e+01 9.734622e-01 -1.130422e-01 1.989792e-01 2.146208e+02
1.741131e-01 -1.438074e-01 -9.741684e-01 2.643650e+02 1.382752e-01 9.830477e-01 -1.204043e-01 -2.571190e+01 9.749690e-01 -1.137394e-01 1.910465e-01 2.147950e+02
1.639766e-01 -1.437742e-01 -9.759307e-01 2.634962e+02 1.380980e-01 9.829253e-01 -1.216013e-01 -2.582411e+01 9.767500e-01 -1.148343e-01 1.810317e-01 2.149642e+02
1.525175e-01 -1.430577e-01 -9.778921e-01 2.626129e+02 1.371881e-01 9.829534e-01 -1.224015e-01 -2.593730e+01 9.787328e-01 -1.154868e-01 1.695434e-01 2.151241e+02
1.402624e-01 -1.426182e-01 -9.797890e-01 2.617240e+02 1.364417e-01 9.829147e-01 -1.235407e-01 -2.605598e+01 9.806682e-01 -1.163560e-01 1.573250e-01 2.152702e+02
1.274238e-01 -1.429877e-01 -9.814875e-01 2.608194e+02 1.344477e-01 9.829106e-01 -1.257401e-01 -2.617631e+01 9.826937e-01 -1.159365e-01 1.444706e-01 2.153958e+02
1.131228e-01 -1.428822e-01 -9.832537e-01 2.599022e+02 1.340512e-01 9.827527e-01 -1.273869e-01 -2.629648e+01 9.844966e-01 -1.173960e-01 1.303253e-01 2.155162e+02
9.835356e-02 -1.411077e-01 -9.850965e-01 2.589684e+02 1.319154e-01 9.830091e-01 -1.276380e-01 -2.642279e+01 9.863696e-01 -1.173957e-01 1.152967e-01 2.156254e+02
8.318910e-02 -1.380768e-01 -9.869217e-01 2.580138e+02 1.280048e-01 9.836309e-01 -1.268267e-01 -2.654186e+01 9.882785e-01 -1.157802e-01 9.950187e-02 2.157234e+02
6.751309e-02 -1.353827e-01 -9.884905e-01 2.570438e+02 1.295184e-01 9.835568e-01 -1.258610e-01 -2.666668e+01 9.892760e-01 -1.195305e-01 8.393752e-02 2.158123e+02
5.157250e-02 -1.352113e-01 -9.894737e-01 2.560608e+02 1.314903e-01 9.830859e-01 -1.274850e-01 -2.680167e+01 9.899750e-01 -1.235315e-01 6.847918e-02 2.158886e+02
3.626216e-02 -1.382244e-01 -9.897369e-01 2.550671e+02 1.292887e-01 9.827138e-01 -1.325067e-01 -2.693745e+01 9.909437e-01 -1.231568e-01 5.350618e-02 2.159319e+02
2.042547e-02 -1.425407e-01 -9.895782e-01 2.540759e+02 1.279974e-01 9.820126e-01 -1.388090e-01 -2.708269e+01 9.915641e-01 -1.238282e-01 3.830291e-02 2.159625e+02
4.594808e-03 -1.437581e-01 -9.896022e-01 2.530738e+02 1.254630e-01 9.818757e-01 -1.420532e-01 -2.723022e+01 9.920877e-01 -1.235057e-01 2.254785e-02 2.159792e+02
-8.807880e-03 -1.372648e-01 -9.904952e-01 2.520676e+02 1.162955e-01 9.836714e-01 -1.373533e-01 -2.737440e+01 9.931756e-01 -1.163999e-01 7.299215e-03 2.159643e+02
-2.184236e-02 -1.280548e-01 -9.915265e-01 2.510290e+02 1.064082e-01 9.858320e-01 -1.296634e-01 -2.752416e+01 9.940826e-01 -1.083387e-01 -7.906819e-03 2.159442e+02
-3.430996e-02 -1.250104e-01 -9.915620e-01 2.499904e+02 1.005587e-01 9.866793e-01 -1.278744e-01 -2.768193e+01 9.943394e-01 -1.040975e-01 -2.128204e-02 2.159097e+02
-4.716071e-02 -1.305980e-01 -9.903131e-01 2.489504e+02 9.944419e-02 9.858771e-01 -1.347487e-01 -2.783022e+01 9.939249e-01 -1.048357e-01 -3.350745e-02 2.158734e+02
-6.055492e-02 -1.341168e-01 -9.891136e-01 2.479171e+02 1.021717e-01 9.848944e-01 -1.397998e-01 -2.798252e+01 9.929220e-01 -1.095250e-01 -4.593725e-02 2.158228e+02
-7.381433e-02 -1.301971e-01 -9.887367e-01 2.468604e+02 1.074338e-01 9.846334e-01 -1.376772e-01 -2.814265e+01 9.914683e-01 -1.163862e-01 -5.869250e-02 2.157619e+02
-8.688851e-02 -1.272189e-01 -9.880616e-01 2.457929e+02 1.110648e-01 9.843926e-01 -1.365133e-01 -2.830846e+01 9.900076e-01 -1.216003e-01 -7.140286e-02 2.156894e+02
-9.871612e-02 -1.298343e-01 -9.866094e-01 2.447352e+02 1.108177e-01 9.838509e-01 -1.405592e-01 -2.846993e+01 9.889260e-01 -1.232092e-01 -8.273401e-02 2.155976e+02
-1.089671e-01 -1.310861e-01 -9.853642e-01 2.436677e+02 1.094145e-01 9.836621e-01 -1.429594e-01 -2.863584e+01 9.880054e-01 -1.233910e-01 -9.284407e-02 2.154911e+02
-1.166404e-01 -1.278037e-01 -9.849169e-01 2.426194e+02 1.025609e-01 9.848342e-01 -1.399389e-01 -2.880096e+01 9.878645e-01 -1.173365e-01 -1.017638e-01 2.153524e+02
-1.228613e-01 -1.229498e-01 -9.847784e-01 2.415391e+02 9.680120e-02 9.860798e-01 -1.351893e-01 -2.896737e+01 9.876916e-01 -1.119373e-01 -1.092494e-01 2.152137e+02
-1.281670e-01 -1.203397e-01 -9.844245e-01 2.404877e+02 9.566931e-02 9.864816e-01 -1.330468e-01 -2.912360e+01 9.871274e-01 -1.112314e-01 -1.149216e-01 2.150735e+02
-1.331566e-01 -1.203512e-01 -9.837606e-01 2.393925e+02 9.679275e-02 9.862755e-01 -1.337603e-01 -2.928766e+01 9.863572e-01 -1.130319e-01 -1.196799e-01 2.149422e+02
-1.371610e-01 -1.210664e-01 -9.831225e-01 2.383113e+02 9.753232e-02 9.860294e-01 -1.350316e-01 -2.944769e+01 9.857354e-01 -1.144073e-01 -1.234369e-01 2.147991e+02
-1.425290e-01 -1.221785e-01 -9.822209e-01 2.371837e+02 1.009846e-01 9.853788e-01 -1.372251e-01 -2.961315e+01 9.846256e-01 -1.187477e-01 -1.281069e-01 2.146686e+02
-1.474087e-01 -1.262588e-01 -9.809839e-01 2.361038e+02 1.024587e-01 9.845336e-01 -1.421117e-01 -2.978209e+01 9.837545e-01 -1.214588e-01 -1.321926e-01 2.145368e+02
-1.517521e-01 -1.290949e-01 -9.799519e-01 2.350441e+02 1.039505e-01 9.838516e-01 -1.457061e-01 -2.994688e+01 9.829372e-01 -1.239777e-01 -1.358821e-01 2.143829e+02
-1.558184e-01 -1.281234e-01 -9.794412e-01 2.339777e+02 1.027297e-01 9.840735e-01 -1.450726e-01 -3.011006e+01 9.824293e-01 -1.232226e-01 -1.401747e-01 2.142314e+02
-1.595763e-01 -1.233916e-01 -9.794437e-01 2.328943e+02 1.023344e-01 9.847447e-01 -1.407323e-01 -3.027829e+01 9.818671e-01 -1.226883e-01 -1.445148e-01 2.140623e+02
-1.631118e-01 -1.190503e-01 -9.793986e-01 2.318079e+02 1.012464e-01 9.854325e-01 -1.366456e-01 -3.044559e+01 9.813988e-01 -1.214491e-01 -1.486822e-01 2.138872e+02
-1.666055e-01 -1.170696e-01 -9.790492e-01 2.307234e+02 9.889086e-02 9.859365e-01 -1.347215e-01 -3.060583e+01 9.810521e-01 -1.192644e-01 -1.526854e-01 2.137197e+02
-1.695194e-01 -1.161620e-01 -9.786570e-01 2.296268e+02 9.542178e-02 9.864290e-01 -1.336131e-01 -3.076468e+01 9.808964e-01 -1.160352e-01 -1.561345e-01 2.135326e+02
-1.719689e-01 -1.151067e-01 -9.783543e-01 2.285418e+02 9.093829e-02 9.870542e-01 -1.321148e-01 -3.092622e+01 9.808960e-01 -1.116895e-01 -1.592750e-01 2.133416e+02
-1.744622e-01 -1.125858e-01 -9.782062e-01 2.274488e+02 8.773981e-02 9.877125e-01 -1.293283e-01 -3.108656e+01 9.807470e-01 -1.083905e-01 -1.624402e-01 2.131453e+02
-1.776597e-01 -1.102680e-01 -9.778947e-01 2.263852e+02 8.652755e-02 9.881036e-01 -1.271391e-01 -3.123529e+01 9.802806e-01 -1.072023e-01 -1.660050e-01 2.129741e+02
-1.807943e-01 -1.109851e-01 -9.772388e-01 2.253009e+02 8.676235e-02 9.879391e-01 -1.282519e-01 -3.139279e+01 9.796865e-01 -1.079747e-01 -1.689845e-01 2.127861e+02
-1.837442e-01 -1.158432e-01 -9.761242e-01 2.242201e+02 8.410143e-02 9.875375e-01 -1.330288e-01 -3.155269e+01 9.793697e-01 -1.065367e-01 -1.717117e-01 2.125883e+02
-1.863740e-01 -1.197702e-01 -9.751512e-01 2.231490e+02 8.375870e-02 9.869912e-01 -1.372327e-01 -3.171450e+01 9.789021e-01 -1.072540e-01 -1.739177e-01 2.123975e+02
-1.878831e-01 -1.194597e-01 -9.748997e-01 2.220634e+02 8.301023e-02 9.870935e-01 -1.369517e-01 -3.188750e+01 9.786773e-01 -1.066575e-01 -1.755418e-01 2.121903e+02
-1.883656e-01 -1.174406e-01 -9.750518e-01 2.209789e+02 8.021381e-02 9.876676e-01 -1.344562e-01 -3.205658e+01 9.788177e-01 -1.035396e-01 -1.766223e-01 2.119758e+02
-1.895372e-01 -1.169045e-01 -9.748892e-01 2.198800e+02 7.976880e-02 9.877714e-01 -1.339578e-01 -3.221743e+01 9.786279e-01 -1.031557e-01 -1.778941e-01 2.117711e+02
-1.904192e-01 -1.172542e-01 -9.746753e-01 2.188070e+02 8.110200e-02 9.875687e-01 -1.346499e-01 -3.238237e+01 9.783471e-01 -1.046881e-01 -1.785425e-01 2.115606e+02
-1.914749e-01 -1.175075e-01 -9.744380e-01 2.177287e+02 8.238328e-02 9.873797e-01 -1.352563e-01 -3.254504e+01 9.780339e-01 -1.061756e-01 -1.793777e-01 2.113610e+02
-1.920234e-01 -1.179270e-01 -9.742793e-01 2.166869e+02 8.233429e-02 9.873184e-01 -1.357327e-01 -3.271004e+01 9.779305e-01 -1.062805e-01 -1.798788e-01 2.111852e+02
-1.921356e-01 -1.181808e-01 -9.742265e-01 2.156513e+02 8.370671e-02 9.871311e-01 -1.362547e-01 -3.286225e+01 9.777919e-01 -1.077287e-01 -1.797705e-01 2.110098e+02
-1.911115e-01 -1.182685e-01 -9.744172e-01 2.145684e+02 8.415278e-02 9.870854e-01 -1.363109e-01 -3.301883e+01 9.779544e-01 -1.080505e-01 -1.786907e-01 2.108101e+02
-1.890304e-01 -1.172665e-01 -9.749441e-01 2.135196e+02 8.580449e-02 9.870738e-01 -1.353620e-01 -3.316087e+01 9.782153e-01 -1.092421e-01 -1.765250e-01 2.106168e+02
-1.861492e-01 -1.171360e-01 -9.755140e-01 2.124501e+02 8.403352e-02 9.873317e-01 -1.345904e-01 -3.332282e+01 9.789213e-01 -1.070298e-01 -1.739477e-01 2.104103e+02
-1.826312e-01 -1.164914e-01 -9.762559e-01 2.114168e+02 8.262934e-02 9.876244e-01 -1.333057e-01 -3.347828e+01 9.797031e-01 -1.050132e-01 -1.707454e-01 2.102230e+02
-1.789149e-01 -1.151338e-01 -9.771047e-01 2.103816e+02 8.015665e-02 9.881221e-01 -1.311092e-01 -3.363357e+01 9.805939e-01 -1.017788e-01 -1.675610e-01 2.100450e+02
-1.744752e-01 -1.140903e-01 -9.780296e-01 2.093263e+02 7.818228e-02 9.885236e-01 -1.292617e-01 -3.378916e+01 9.815528e-01 -9.901755e-02 -1.635530e-01 2.098609e+02
-1.697094e-01 -1.130865e-01 -9.789842e-01 2.082808e+02 7.675470e-02 9.888600e-01 -1.275330e-01 -3.394020e+01 9.825006e-01 -9.678518e-02 -1.591389e-01 2.096854e+02
-1.652416e-01 -1.114170e-01 -9.799395e-01 2.072361e+02 7.621525e-02 9.891846e-01 -1.253199e-01 -3.408969e+01 9.833038e-01 -9.539440e-02 -1.549628e-01 2.095196e+02
-1.604785e-01 -1.082578e-01 -9.810846e-01 2.061989e+02 7.556397e-02 9.897025e-01 -1.215689e-01 -3.423842e+01 9.841426e-01 -9.364385e-02 -1.506456e-01 2.093455e+02
-1.562082e-01 -1.077413e-01 -9.818303e-01 2.051456e+02 7.916774e-02 9.894691e-01 -1.211750e-01 -3.438735e+01 9.845463e-01 -9.665783e-02 -1.460336e-01 2.091886e+02
-1.516947e-01 -1.092155e-01 -9.823750e-01 2.041057e+02 8.251479e-02 9.890083e-01 -1.226945e-01 -3.453224e+01 9.849772e-01 -9.967258e-02 -1.410154e-01 2.090399e+02
-1.458076e-01 -1.128198e-01 -9.828590e-01 2.030744e+02 8.446960e-02 9.884287e-01 -1.259902e-01 -3.467463e+01 9.857003e-01 -1.013920e-01 -1.345905e-01 2.088998e+02
-1.390221e-01 -1.126375e-01 -9.838626e-01 2.020247e+02 8.716798e-02 9.882621e-01 -1.254582e-01 -3.482333e+01 9.864454e-01 -1.032028e-01 -1.275719e-01 2.087550e+02
-1.322794e-01 -1.118108e-01 -9.848860e-01 2.010011e+02 9.069400e-02 9.880842e-01 -1.243549e-01 -3.497117e+01 9.870546e-01 -1.057729e-01 -1.205627e-01 2.086387e+02
-1.231464e-01 -1.089816e-01 -9.863863e-01 1.999590e+02 9.397573e-02 9.882045e-01 -1.209149e-01 -3.511712e+01 9.879289e-01 -1.075866e-01 -1.114522e-01 2.085222e+02
-1.139287e-01 -1.079346e-01 -9.876084e-01 1.989201e+02 9.752827e-02 9.880644e-01 -1.192351e-01 -3.526102e+01 9.886903e-01 -1.099040e-01 -1.020422e-01 2.084241e+02
-1.040300e-01 -1.075689e-01 -9.887399e-01 1.979086e+02 1.008610e-01 9.878678e-01 -1.180861e-01 -3.540846e+01 9.894467e-01 -1.120098e-01 -9.191840e-02 2.083318e+02
-9.418632e-02 -1.083116e-01 -9.896452e-01 1.969185e+02 1.031192e-01 9.876559e-01 -1.179079e-01 -3.554076e+01 9.901997e-01 -1.131568e-01 -8.185467e-02 2.082704e+02
-8.273128e-02 -1.082620e-01 -9.906739e-01 1.959066e+02 1.045573e-01 9.876525e-01 -1.166634e-01 -3.567505e+01 9.910718e-01 -1.132339e-01 -7.039017e-02 2.082059e+02
-6.955928e-02 -1.074202e-01 -9.917774e-01 1.948858e+02 1.057750e-01 9.877868e-01 -1.144066e-01 -3.580616e+01 9.919542e-01 -1.128633e-01 -5.734737e-02 2.081521e+02
-5.470629e-02 -1.076683e-01 -9.926806e-01 1.938647e+02 1.040626e-01 9.881407e-01 -1.129108e-01 -3.594608e+01 9.930651e-01 -1.094778e-01 -4.285327e-02 2.080990e+02
-3.959401e-02 -1.084058e-01 -9.933179e-01 1.928465e+02 1.045874e-01 9.881873e-01 -1.120148e-01 -3.607401e+01 9.937272e-01 -1.083237e-01 -2.778842e-02 2.080791e+02
-2.328509e-02 -1.101263e-01 -9.936448e-01 1.918220e+02 1.051259e-01 9.881342e-01 -1.119791e-01 -3.620344e+01 9.941863e-01 -1.070652e-01 -1.143167e-02 2.080592e+02
-6.398214e-03 -1.150509e-01 -9.933390e-01 1.907976e+02 1.019656e-01 9.881066e-01 -1.151016e-01 -3.633557e+01 9.947673e-01 -1.020229e-01 5.409122e-03 2.080659e+02
1.135944e-02 -1.212011e-01 -9.925630e-01 1.897536e+02 1.025215e-01 9.875371e-01 -1.194141e-01 -3.646701e+01 9.946659e-01 -1.004026e-01 2.364359e-02 2.080793e+02
3.032714e-02 -1.223504e-01 -9.920235e-01 1.887238e+02 1.026110e-01 9.876175e-01 -1.186701e-01 -3.659121e+01 9.942591e-01 -9.819361e-02 4.250611e-02 2.081182e+02
5.004541e-02 -1.159254e-01 -9.919963e-01 1.876734e+02 1.025327e-01 9.885894e-01 -1.103546e-01 -3.671507e+01 9.934699e-01 -9.618936e-02 6.136051e-02 2.082000e+02
6.963208e-02 -1.087659e-01 -9.916256e-01 1.866344e+02 1.052532e-01 9.892910e-01 -1.011189e-01 -3.683632e+01 9.920046e-01 -9.733066e-02 8.033434e-02 2.082899e+02
8.835065e-02 -1.061961e-01 -9.904123e-01 1.856139e+02 1.103453e-01 9.892243e-01 -9.622524e-02 -3.694942e+01 9.899586e-01 -1.007858e-01 9.911684e-02 2.084200e+02
1.072366e-01 -1.077988e-01 -9.883723e-01 1.845850e+02 1.168159e-01 9.885853e-01 -9.514770e-02 -3.705844e+01 9.873471e-01 -1.052543e-01 1.186051e-01 2.085585e+02
1.269192e-01 -1.101981e-01 -9.857727e-01 1.835294e+02 1.227425e-01 9.879163e-01 -9.463449e-02 -3.718464e+01 9.842895e-01 -1.089852e-01 1.389115e-01 2.086958e+02
1.462570e-01 -1.103780e-01 -9.830695e-01 1.825324e+02 1.263994e-01 9.876954e-01 -9.209224e-02 -3.729189e+01 9.811382e-01 -1.107902e-01 1.584090e-01 2.088820e+02
1.659074e-01 -1.075511e-01 -9.802589e-01 1.815056e+02 1.291918e-01 9.878382e-01 -8.651717e-02 -3.740144e+01 9.776422e-01 -1.122876e-01 1.777844e-01 2.090791e+02
1.850265e-01 -1.039433e-01 -9.772211e-01 1.805100e+02 1.319606e-01 9.880129e-01 -8.010586e-02 -3.752162e+01 9.738335e-01 -1.141330e-01 1.965250e-01 2.093108e+02
2.045422e-01 -9.924729e-02 -9.738134e-01 1.794824e+02 1.325992e-01 9.884859e-01 -7.289120e-02 -3.761777e+01 9.698350e-01 -1.142175e-01 2.153472e-01 2.095406e+02
2.241053e-01 -9.803948e-02 -9.696211e-01 1.784509e+02 1.348339e-01 9.884780e-01 -6.878241e-02 -3.771160e+01 9.651925e-01 -1.153233e-01 2.347422e-01 2.097838e+02
2.427770e-01 -1.009604e-01 -9.648141e-01 1.774333e+02 1.376363e-01 9.880931e-01 -6.876286e-02 -3.780633e+01 9.602685e-01 -1.160994e-01 2.537821e-01 2.100555e+02
2.619133e-01 -1.129015e-01 -9.584648e-01 1.764100e+02 1.372405e-01 9.873979e-01 -7.880682e-02 -3.789179e+01 9.552835e-01 -1.108996e-01 2.741073e-01 2.103534e+02
2.806220e-01 -1.157145e-01 -9.528176e-01 1.753985e+02 1.392146e-01 9.871157e-01 -7.887858e-02 -3.797822e+01 9.496687e-01 -1.105110e-01 2.931156e-01 2.106652e+02
2.998176e-01 -1.093352e-01 -9.477105e-01 1.744040e+02 1.427465e-01 9.873686e-01 -6.875125e-02 -3.806397e+01 9.432565e-01 -1.146695e-01 3.116377e-01 2.109955e+02
3.183348e-01 -1.026475e-01 -9.424046e-01 1.733714e+02 1.421344e-01 9.880510e-01 -5.960776e-02 -3.815255e+01 9.372624e-01 -1.149729e-01 3.291207e-01 2.113534e+02
3.359825e-01 -1.032895e-01 -9.361875e-01 1.723872e+02 1.430717e-01 9.880311e-01 -5.766324e-02 -3.822299e+01 9.309384e-01 -1.145681e-01 3.467389e-01 2.117174e+02
3.528712e-01 -1.108548e-01 -9.290819e-01 1.713991e+02 1.424857e-01 9.877426e-01 -6.373702e-02 -3.829675e+01 9.247593e-01 -1.098899e-01 3.643412e-01 2.121105e+02
3.698645e-01 -1.128095e-01 -9.222116e-01 1.703954e+02 1.388627e-01 9.881640e-01 -6.518450e-02 -3.838032e+01 9.186498e-01 -1.039514e-01 3.811518e-01 2.125239e+02
3.857963e-01 -1.082172e-01 -9.162152e-01 1.694573e+02 1.363284e-01 9.888816e-01 -5.939545e-02 -3.845533e+01 9.124559e-01 -1.019916e-01 3.962599e-01 2.129500e+02
4.020539e-01 -1.026402e-01 -9.098449e-01 1.684690e+02 1.349900e-01 9.894829e-01 -5.197306e-02 -3.852397e+01 9.056105e-01 -1.019240e-01 4.116808e-01 2.134090e+02
4.174443e-01 -9.930412e-02 -9.032602e-01 1.675970e+02 1.335229e-01 9.899247e-01 -4.712400e-02 -3.856495e+01 8.988392e-01 -1.009343e-01 4.264978e-01 2.138635e+02
4.331234e-01 -9.857827e-02 -8.959277e-01 1.666068e+02 1.324244e-01 9.901743e-01 -4.492947e-02 -3.862642e+01 8.915537e-01 -9.918270e-02 4.419218e-01 2.143673e+02
4.472877e-01 -9.937909e-02 -8.888518e-01 1.657458e+02 1.340223e-01 9.900341e-01 -4.324923e-02 -3.869120e+01 8.842916e-01 -9.978111e-02 4.561491e-01 2.148937e+02
4.630168e-01 -1.005082e-01 -8.806325e-01 1.648021e+02 1.355717e-01 9.898897e-01 -4.169738e-02 -3.874877e+01 8.759200e-01 -1.000822e-01 4.719616e-01 2.154013e+02
4.783082e-01 -1.013973e-01 -8.723186e-01 1.638415e+02 1.382900e-01 9.896155e-01 -3.920478e-02 -3.880694e+01 8.672353e-01 -1.018810e-01 4.873635e-01 2.159330e+02
4.930638e-01 -1.030057e-01 -8.638738e-01 1.629093e+02 1.411649e-01 9.892799e-01 -3.738758e-02 -3.886203e+01 8.584641e-01 -1.035142e-01 5.023189e-01 2.164986e+02
5.063800e-01 -1.036922e-01 -8.560533e-01 1.621076e+02 1.427273e-01 9.891294e-01 -3.538426e-02 -3.890739e+01 8.504165e-01 -1.042643e-01 5.156751e-01 2.171020e+02
5.207819e-01 -1.044090e-01 -8.472809e-01 1.611657e+02 1.455452e-01 9.888212e-01 -3.239123e-02 -3.895831e+01 8.411913e-01 -1.064489e-01 5.301564e-01 2.177075e+02
5.353968e-01 -1.068463e-01 -8.378151e-01 1.602376e+02 1.488705e-01 9.883734e-01 -3.091283e-02 -3.901179e+01 8.313771e-01 -1.081753e-01 5.450782e-01 2.183066e+02
5.503357e-01 -1.128708e-01 -8.272791e-01 1.592976e+02 1.521444e-01 9.877884e-01 -3.355821e-02 -3.905549e+01 8.209645e-01 -1.073976e-01 5.607879e-01 2.189191e+02
5.646559e-01 -1.174341e-01 -8.169290e-01 1.583612e+02 1.547490e-01 9.873348e-01 -3.496856e-02 -3.909333e+01 8.106889e-01 -1.066737e-01 5.756772e-01 2.195940e+02
5.790818e-01 -1.180508e-01 -8.066773e-01 1.574223e+02 1.564342e-01 9.871645e-01 -3.216578e-02 -3.914008e+01 8.001204e-01 -1.075653e-01 5.901161e-01 2.202864e+02
5.933635e-01 -1.155917e-01 -7.965917e-01 1.565617e+02 1.580618e-01 9.870999e-01 -2.549921e-02 -3.918888e+01 7.892631e-01 -1.107804e-01 6.039797e-01 2.209652e+02
6.074979e-01 -1.142532e-01 -7.860614e-01 1.556591e+02 1.592645e-01 9.870256e-01 -2.037756e-02 -3.922962e+01 7.781909e-01 -1.128123e-01 6.178125e-01 2.216739e+02
6.204693e-01 -1.161103e-01 -7.755876e-01 1.547454e+02 1.604738e-01 9.868502e-01 -1.935876e-02 -3.926834e+01 7.676366e-01 -1.124500e-01 6.309430e-01 2.224206e+02
6.334459e-01 -1.223060e-01 -7.640599e-01 1.538688e+02 1.611245e-01 9.866336e-01 -2.435362e-02 -3.930102e+01 7.568258e-01 -1.076820e-01 6.446854e-01 2.231754e+02
6.463141e-01 -1.228119e-01 -7.531238e-01 1.529896e+02 1.571964e-01 9.872228e-01 -2.608393e-02 -3.933924e+01 7.467044e-01 -1.015299e-01 6.573616e-01 2.239410e+02
6.592625e-01 -1.152996e-01 -7.430202e-01 1.521221e+02 1.507568e-01 9.883764e-01 -1.961073e-02 -3.936761e+01 7.366447e-01 -9.908669e-02 6.689817e-01 2.247134e+02
6.723423e-01 -1.048395e-01 -7.327787e-01 1.512505e+02 1.433562e-01 9.896201e-01 -1.005335e-02 -3.939886e+01 7.262265e-01 -9.828908e-02 6.803928e-01 2.255052e+02
6.855434e-01 -8.955349e-02 -7.225029e-01 1.503875e+02 1.293987e-01 9.915926e-01 -1.275919e-04 -3.941573e+01 7.164400e-01 -9.340344e-02 6.913679e-01 2.262923e+02
6.970014e-01 -8.998399e-02 -7.114014e-01 1.495367e+02 1.281828e-01 9.917506e-01 1.432262e-04 -3.943581e+01 7.055198e-01 -9.128921e-02 7.027860e-01 2.271238e+02
7.061624e-01 -1.091735e-01 -6.995827e-01 1.487623e+02 1.362483e-01 9.905280e-01 -1.704720e-02 -3.945264e+01 6.948173e-01 -8.327888e-02 7.143483e-01 2.279438e+02
7.137691e-01 -1.314123e-01 -6.879422e-01 1.479819e+02 1.468076e-01 9.884912e-01 -3.650477e-02 -3.948435e+01 6.848221e-01 -7.493917e-02 7.248468e-01 2.287806e+02
7.206707e-01 -1.424473e-01 -6.784855e-01 1.472085e+02 1.615941e-01 9.862216e-01 -3.541488e-02 -3.952291e+01 6.741818e-01 -8.411678e-02 7.337596e-01 2.296593e+02
7.281156e-01 -1.394183e-01 -6.711260e-01 1.464371e+02 1.699802e-01 9.852392e-01 -2.025723e-02 -3.956168e+01 6.640439e-01 -9.932853e-02 7.410665e-01 2.305462e+02
7.368097e-01 -1.307751e-01 -6.633320e-01 1.456533e+02 1.707560e-01 9.853027e-01 -4.580450e-03 -3.959666e+01 6.541818e-01 -1.098930e-01 7.483113e-01 2.314342e+02
7.454314e-01 -1.254295e-01 -6.546751e-01 1.449058e+02 1.683941e-01 9.857155e-01 2.884673e-03 -3.959586e+01 6.449616e-01 -1.123938e-01 7.559049e-01 2.323143e+02
7.540455e-01 -1.218589e-01 -6.454191e-01 1.441377e+02 1.634271e-01 9.865444e-01 4.667157e-03 -3.960899e+01 6.361659e-01 -1.089982e-01 7.638144e-01 2.332165e+02
7.622121e-01 -1.228457e-01 -6.355640e-01 1.433709e+02 1.627257e-01 9.866613e-01 4.443826e-03 -3.962058e+01 6.265405e-01 -1.068097e-01 7.720354e-01 2.341294e+02
7.695742e-01 -1.229993e-01 -6.265993e-01 1.426748e+02 1.630672e-01 9.865928e-01 6.610445e-03 -3.962500e+01 6.173853e-01 -1.072650e-01 7.793135e-01 2.350495e+02
7.775019e-01 -1.203535e-01 -6.172567e-01 1.419623e+02 1.622639e-01 9.866744e-01 1.200598e-02 -3.962839e+01 6.075864e-01 -1.094931e-01 7.866702e-01 2.359898e+02
7.858741e-01 -1.189078e-01 -6.068466e-01 1.412084e+02 1.632521e-01 9.864178e-01 1.813113e-02 -3.964031e+01 5.964483e-01 -1.133178e-01 7.946122e-01 2.369527e+02
7.939391e-01 -1.177547e-01 -5.964852e-01 1.405280e+02 1.632933e-01 9.863179e-01 2.263491e-02 -3.963846e+01 5.856587e-01 -1.153728e-01 8.023048e-01 2.378997e+02
8.022538e-01 -1.194677e-01 -5.849072e-01 1.398231e+02 1.641637e-01 9.861473e-01 2.374431e-02 -3.963534e+01 5.739679e-01 -1.150695e-01 8.107526e-01 2.388707e+02
8.100836e-01 -1.218460e-01 -5.735138e-01 1.391352e+02 1.645391e-01 9.861045e-01 2.290713e-02 -3.962268e+01 5.627534e-01 -1.129221e-01 8.188756e-01 2.398554e+02
8.177762e-01 -1.223506e-01 -5.623810e-01 1.384583e+02 1.650219e-01 9.859612e-01 2.545978e-02 -3.960424e+01 5.513709e-01 -1.136256e-01 8.264862e-01 2.408442e+02
8.260600e-01 -1.189319e-01 -5.508902e-01 1.377820e+02 1.620333e-01 9.863282e-01 3.003012e-02 -3.960404e+01 5.397871e-01 -1.140692e-01 8.340373e-01 2.418454e+02
8.338874e-01 -1.186280e-01 -5.390355e-01 1.371255e+02 1.613348e-01 9.863641e-01 3.251101e-02 -3.958507e+01 5.278285e-01 -1.140757e-01 8.416554e-01 2.428583e+02
8.416546e-01 -1.174033e-01 -5.270996e-01 1.364747e+02 1.586753e-01 9.867596e-01 3.358166e-02 -3.956659e+01 5.161780e-01 -1.119018e-01 8.491397e-01 2.438881e+02
8.487719e-01 -1.188920e-01 -5.152193e-01 1.358436e+02 1.589097e-01 9.867042e-01 3.409603e-02 -3.953866e+01 5.043153e-01 -1.108131e-01 8.563799e-01 2.449214e+02
8.555203e-01 -1.191895e-01 -5.038640e-01 1.352299e+02 1.583281e-01 9.867514e-01 3.541129e-02 -3.951297e+01 4.929678e-01 -1.100709e-01 8.630569e-01 2.459653e+02
8.621607e-01 -1.183034e-01 -4.926289e-01 1.346287e+02 1.565372e-01 9.869811e-01 3.693863e-02 -3.948889e+01 4.818454e-01 -1.089618e-01 8.694552e-01 2.470247e+02
8.685928e-01 -1.185446e-01 -4.811380e-01 1.340272e+02 1.560176e-01 9.870047e-01 3.847483e-02 -3.946435e+01 4.703245e-01 -1.084850e-01 8.758001e-01 2.480970e+02
8.749474e-01 -1.184400e-01 -4.695093e-01 1.334544e+02 1.551247e-01 9.870817e-01 4.007592e-02 -3.942786e+01 4.586975e-01 -1.078968e-01 8.820175e-01 2.491756e+02
8.803965e-01 -1.198118e-01 -4.588541e-01 1.328955e+02 1.558661e-01 9.869117e-01 4.136449e-02 -3.939087e+01 4.478925e-01 -1.079369e-01 8.875483e-01 2.502633e+02
8.850878e-01 -1.219866e-01 -4.491535e-01 1.323477e+02 1.574870e-01 9.866111e-01 4.238318e-02 -3.935491e+01 4.379696e-01 -1.082487e-01 8.924488e-01 2.513415e+02
8.889310e-01 -1.250947e-01 -4.406279e-01 1.318156e+02 1.598918e-01 9.862157e-01 4.258102e-02 -3.931956e+01 4.292275e-01 -1.083044e-01 8.966794e-01 2.524231e+02
8.919895e-01 -1.283345e-01 -4.334571e-01 1.313062e+02 1.627737e-01 9.857208e-01 4.311956e-02 -3.927597e+01 4.217340e-01 -1.090176e-01 9.001420e-01 2.535167e+02
8.951471e-01 -1.302797e-01 -4.263083e-01 1.307934e+02 1.644630e-01 9.853925e-01 4.419794e-02 -3.924080e+01 4.143230e-01 -1.096756e-01 9.034975e-01 2.545967e+02
8.980726e-01 -1.323103e-01 -4.194753e-01 1.302796e+02 1.663138e-01 9.850285e-01 4.537221e-02 -3.920744e+01 4.071919e-01 -1.105121e-01 9.066321e-01 2.556972e+02
9.010085e-01 -1.329290e-01 -4.129328e-01 1.297735e+02 1.662779e-01 9.850183e-01 4.572244e-02 -3.916862e+01 4.006686e-01 -1.098579e-01 9.096131e-01 2.568062e+02
9.036912e-01 -1.344629e-01 -4.065241e-01 1.292782e+02 1.672313e-01 9.848440e-01 4.600073e-02 -3.912963e+01 3.941774e-01 -1.095540e-01 9.124813e-01 2.579088e+02
9.062333e-01 -1.354430e-01 -4.004952e-01 1.287871e+02 1.678719e-01 9.846952e-01 4.684443e-02 -3.908987e+01 3.880210e-01 -1.096839e-01 9.151006e-01 2.590300e+02
9.090320e-01 -1.344744e-01 -3.944331e-01 1.283092e+02 1.660889e-01 9.849918e-01 4.696337e-02 -3.904695e+01 3.821980e-01 -1.082022e-01 9.177238e-01 2.601589e+02
9.113864e-01 -1.346352e-01 -3.889064e-01 1.278308e+02 1.658242e-01 9.850057e-01 4.760394e-02 -3.900899e+01 3.766659e-01 -1.078757e-01 9.200466e-01 2.612641e+02
9.135881e-01 -1.330065e-01 -3.842735e-01 1.273688e+02 1.641012e-01 9.852192e-01 4.913250e-02 -3.896797e+01 3.720586e-01 -1.079466e-01 9.219110e-01 2.623659e+02
9.154527e-01 -1.325205e-01 -3.799798e-01 1.269110e+02 1.635035e-01 9.852597e-01 5.029897e-02 -3.892781e+01 3.677132e-01 -1.081744e-01 9.236262e-01 2.634827e+02
9.172312e-01 -1.322410e-01 -3.757649e-01 1.264598e+02 1.627115e-01 9.853860e-01 5.039211e-02 -3.888877e+01 3.636096e-01 -1.073625e-01 9.253439e-01 2.645798e+02
9.189555e-01 -1.318268e-01 -3.716752e-01 1.260084e+02 1.615495e-01 9.856048e-01 4.984905e-02 -3.884452e+01 3.597534e-01 -1.058530e-01 9.270235e-01 2.656937e+02
9.204930e-01 -1.306944e-01 -3.682547e-01 1.255703e+02 1.599092e-01 9.858736e-01 4.982196e-02 -3.879920e+01 3.565412e-01 -1.047481e-01 9.283891e-01 2.668037e+02
9.220552e-01 -1.294680e-01 -3.647632e-01 1.251294e+02 1.580811e-01 9.861812e-01 4.956807e-02 -3.875557e+01 3.533051e-01 -1.033667e-01 9.297800e-01 2.679177e+02
9.234119e-01 -1.280171e-01 -3.618315e-01 1.246955e+02 1.560401e-01 9.865253e-01 4.918615e-02 -3.871189e+01 3.506593e-01 -1.018793e-01 9.309450e-01 2.690337e+02
9.244236e-01 -1.269627e-01 -3.596129e-01 1.242626e+02 1.542228e-01 9.868681e-01 4.802874e-02 -3.866894e+01 3.487926e-01 -9.985941e-02 9.318647e-01 2.701699e+02
9.253168e-01 -1.264760e-01 -3.574810e-01 1.238299e+02 1.526735e-01 9.872096e-01 4.591288e-02 -3.862353e+01 3.471018e-01 -9.706183e-02 9.327912e-01 2.713075e+02
9.257735e-01 -1.276017e-01 -3.558950e-01 1.233965e+02 1.532439e-01 9.871775e-01 4.468624e-02 -3.858211e+01 3.456295e-01 -9.590809e-02 9.334569e-01 2.724089e+02
9.257046e-01 -1.298140e-01 -3.552737e-01 1.229709e+02 1.554539e-01 9.868418e-01 4.446844e-02 -3.854087e+01 3.448263e-01 -9.639331e-02 9.337040e-01 2.735350e+02
9.249059e-01 -1.348786e-01 -3.554671e-01 1.225474e+02 1.616809e-01 9.857396e-01 4.665533e-02 -3.849767e+01 3.441052e-01 -1.006240e-01 9.335237e-01 2.746672e+02
9.230275e-01 -1.443101e-01 -3.566438e-01 1.221535e+02 1.716346e-01 9.840856e-01 4.601203e-02 -3.845275e+01 3.443280e-01 -1.036828e-01 9.331067e-01 2.757886e+02
9.201627e-01 -1.564523e-01 -3.589197e-01 1.217542e+02 1.839399e-01 9.819733e-01 4.352698e-02 -3.840801e+01 3.456397e-01 -1.060716e-01 9.323530e-01 2.769074e+02
9.172307e-01 -1.679966e-01 -3.611993e-01 1.213401e+02 1.959087e-01 9.797304e-01 4.181104e-02 -3.836619e+01 3.468538e-01 -1.091125e-01 9.315508e-01 2.780202e+02
9.151986e-01 -1.733448e-01 -3.638174e-01 1.209151e+02 2.022563e-01 9.784051e-01 4.261289e-02 -3.832771e+01 3.485741e-01 -1.125836e-01 9.304950e-01 2.791440e+02
9.140287e-01 -1.756287e-01 -3.656584e-01 1.204806e+02 2.050045e-01 9.778253e-01 4.278806e-02 -3.828687e+01 3.500352e-01 -1.140712e-01 9.297651e-01 2.802683e+02
9.142086e-01 -1.716456e-01 -3.670973e-01 1.200313e+02 2.013045e-01 9.785500e-01 4.377740e-02 -3.824737e+01 3.517089e-01 -1.139200e-01 9.291518e-01 2.813808e+02
9.147165e-01 -1.673856e-01 -3.677987e-01 1.195856e+02 1.969456e-01 9.794235e-01 4.406749e-02 -3.821397e+01 3.528544e-01 -1.127456e-01 9.288607e-01 2.824887e+02
9.154339e-01 -1.628831e-01 -3.680352e-01 1.191435e+02 1.912653e-01 9.806507e-01 4.173341e-02 -3.817675e+01 3.541163e-01 -1.085965e-01 9.288748e-01 2.836054e+02
9.167013e-01 -1.585258e-01 -3.667809e-01 1.186797e+02 1.851217e-01 9.819705e-01 3.826182e-02 -3.814904e+01 3.541025e-01 -1.029738e-01 9.295202e-01 2.846960e+02
9.173185e-01 -1.556569e-01 -3.664665e-01 1.182229e+02 1.818970e-01 9.825846e-01 3.796079e-02 -3.813267e+01 3.541754e-01 -1.014813e-01 9.296566e-01 2.857977e+02
9.176099e-01 -1.532357e-01 -3.667573e-01 1.177910e+02 1.797906e-01 9.829256e-01 3.914944e-02 -3.810771e+01 3.544960e-01 -1.018634e-01 9.294926e-01 2.868871e+02
9.178820e-01 -1.501214e-01 -3.673638e-01 1.173546e+02 1.768346e-01 9.834291e-01 3.995911e-02 -3.807663e+01 3.552775e-01 -1.016404e-01 9.292185e-01 2.879826e+02
9.178246e-01 -1.490080e-01 -3.679600e-01 1.169157e+02 1.754613e-01 9.837013e-01 3.930668e-02 -3.804645e+01 3.561057e-01 -1.006394e-01 9.290105e-01 2.890904e+02
9.179454e-01 -1.453587e-01 -3.691166e-01 1.164727e+02 1.714331e-01 9.844370e-01 3.865899e-02 -3.801517e+01 3.577526e-01 -9.876563e-02 9.285787e-01 2.901823e+02
9.181931e-01 -1.411024e-01 -3.701508e-01 1.160184e+02 1.670738e-01 9.851771e-01 3.889003e-02 -3.798670e+01 3.591766e-01 -9.755105e-02 9.281573e-01 2.912842e+02
9.183968e-01 -1.355072e-01 -3.717326e-01 1.155685e+02 1.610020e-01 9.862120e-01 3.826657e-02 -3.795771e+01 3.614217e-01 -9.499358e-02 9.275508e-01 2.923762e+02
9.182053e-01 -1.334509e-01 -3.729475e-01 1.151148e+02 1.584385e-01 9.866746e-01 3.701964e-02 -3.793302e+01 3.630375e-01 -9.308085e-02 9.271136e-01 2.934833e+02
9.176257e-01 -1.328155e-01 -3.745973e-01 1.146643e+02 1.567800e-01 9.870450e-01 3.409117e-02 -3.790590e+01 3.652166e-01 -9.001230e-02 9.265606e-01 2.945894e+02
9.165814e-01 -1.316646e-01 -3.775486e-01 1.142134e+02 1.550770e-01 9.873791e-01 3.214926e-02 -3.787876e+01 3.685507e-01 -8.801654e-02 9.254315e-01 2.956929e+02
9.145649e-01 -1.321191e-01 -3.822506e-01 1.137597e+02 1.563573e-01 9.871524e-01 3.290291e-02 -3.785403e+01 3.729925e-01 -8.985951e-02 9.234727e-01 2.967984e+02
9.125128e-01 -1.317323e-01 -3.872557e-01 1.132941e+02 1.565507e-01 9.871150e-01 3.310361e-02 -3.783362e+01 3.779051e-01 -9.083261e-02 9.213779e-01 2.978988e+02
9.100887e-01 -1.326803e-01 -3.925997e-01 1.128295e+02 1.573568e-01 9.870490e-01 3.119379e-02 -3.781833e+01 3.833764e-01 -9.016734e-02 9.191803e-01 2.989775e+02
9.076011e-01 -1.321997e-01 -3.984764e-01 1.123575e+02 1.569537e-01 9.871505e-01 2.998989e-02 -3.779565e+01 3.893915e-01 -8.976118e-02 9.166881e-01 3.000673e+02
9.052003e-01 -1.319430e-01 -4.039844e-01 1.118744e+02 1.577426e-01 9.869906e-01 3.109549e-02 -3.777951e+01 3.946260e-01 -9.187318e-02 9.142372e-01 3.011550e+02
9.022783e-01 -1.332219e-01 -4.100558e-01 1.113853e+02 1.605472e-01 9.864841e-01 3.276859e-02 -3.776560e+01 4.001480e-01 -9.539968e-02 9.114716e-01 3.022607e+02
8.994634e-01 -1.337044e-01 -4.160394e-01 1.108915e+02 1.625752e-01 9.860901e-01 3.457832e-02 -3.774844e+01 4.056290e-01 -9.873963e-02 9.086889e-01 3.033553e+02
8.968420e-01 -1.321837e-01 -4.221398e-01 1.103882e+02 1.624753e-01 9.860401e-01 3.642455e-02 -3.772753e+01 4.114320e-01 -1.012544e-01 9.057987e-01 3.044333e+02
8.944283e-01 -1.317762e-01 -4.273559e-01 1.098761e+02 1.614588e-01 9.863007e-01 3.379462e-02 -3.770419e+01 4.170480e-01 -9.922722e-02 9.034517e-01 3.055012e+02
8.920943e-01 -1.334747e-01 -4.316854e-01 1.093630e+02 1.615888e-01 9.864340e-01 2.892967e-02 -3.768583e+01 4.219678e-01 -9.556352e-02 9.015602e-01 3.065586e+02
8.898457e-01 -1.324118e-01 -4.366253e-01 1.088355e+02 1.603260e-01 9.866803e-01 2.752306e-02 -3.766311e+01 4.271653e-01 -9.449368e-02 8.992223e-01 3.076411e+02
8.872589e-01 -1.333772e-01 -4.415678e-01 1.083143e+02 1.616101e-01 9.864919e-01 2.675573e-02 -3.763958e+01 4.320344e-01 -9.510108e-02 8.968289e-01 3.086979e+02
8.845878e-01 -1.359062e-01 -4.461321e-01 1.077843e+02 1.665479e-01 9.855771e-01 2.999165e-02 -3.762009e+01 4.356216e-01 -1.008326e-01 8.944644e-01 3.097859e+02
8.829730e-01 -1.337680e-01 -4.499609e-01 1.072568e+02 1.634338e-01 9.861700e-01 2.753485e-02 -3.760199e+01 4.400546e-01 -9.785132e-02 8.926237e-01 3.108269e+02
8.812991e-01 -1.328418e-01 -4.535029e-01 1.067108e+02 1.605246e-01 9.867661e-01 2.290264e-02 -3.758393e+01 4.444588e-01 -9.298245e-02 8.909605e-01 3.118753e+02
8.795514e-01 -1.303031e-01 -4.576139e-01 1.061660e+02 1.573425e-01 9.873147e-01 2.128560e-02 -3.757048e+01 4.490354e-01 -9.072389e-02 8.888962e-01 3.129294e+02
8.790703e-01 -1.184077e-01 -4.617522e-01 1.055730e+02 1.449822e-01 9.891817e-01 2.235567e-02 -3.756226e+01 4.541097e-01 -8.659803e-02 8.867272e-01 3.139835e+02
8.767401e-01 -1.191161e-01 -4.659808e-01 1.050147e+02 1.473656e-01 9.887783e-01 2.451165e-02 -3.755077e+01 4.578319e-01 -9.015989e-02 8.844553e-01 3.150353e+02
8.730376e-01 -1.207171e-01 -4.724752e-01 1.044595e+02 1.527656e-01 9.878102e-01 2.989460e-02 -3.753251e+01 4.631070e-01 -9.827704e-02 8.808368e-01 3.160900e+02
8.689496e-01 -1.222999e-01 -4.795512e-01 1.038827e+02 1.573128e-01 9.869859e-01 3.334083e-02 -3.751375e+01 4.692326e-01 -1.044110e-01 8.768803e-01 3.171417e+02
8.641233e-01 -1.303800e-01 -4.860987e-01 1.033237e+02 1.640679e-01 9.860746e-01 2.717667e-02 -3.749852e+01 4.757862e-01 -1.032372e-01 8.734813e-01 3.181607e+02
8.609899e-01 -1.332664e-01 -4.908528e-01 1.027411e+02 1.635057e-01 9.863593e-01 1.900401e-02 -3.748266e+01 4.816246e-01 -9.661949e-02 8.710352e-01 3.191929e+02
8.592557e-01 -1.316183e-01 -4.943240e-01 1.021432e+02 1.578739e-01 9.873921e-01 1.152104e-02 -3.748332e+01 4.865752e-01 -8.794036e-02 8.692014e-01 3.202011e+02
8.576279e-01 -1.263807e-01 -4.985000e-01 1.015371e+02 1.521635e-01 9.882915e-01 1.123115e-02 -3.749016e+01 4.912440e-01 -8.548565e-02 8.668169e-01 3.212160e+02
8.553378e-01 -1.235297e-01 -5.031279e-01 1.009306e+02 1.504390e-01 9.885332e-01 1.304427e-02 -3.749244e+01 4.957473e-01 -8.684731e-02 8.641135e-01 3.222456e+02
8.523854e-01 -1.225617e-01 -5.083482e-01 1.003262e+02 1.520106e-01 9.882390e-01 1.662521e-02 -3.748675e+01 5.003319e-01 -9.144539e-02 8.609911e-01 3.232795e+02
8.495987e-01 -1.217723e-01 -5.131799e-01 9.970345e+01 1.532427e-01 9.880009e-01 1.925966e-02 -3.748175e+01 5.046769e-01 -9.500404e-02 8.580649e-01 3.243076e+02
8.470596e-01 -1.194240e-01 -5.179073e-01 9.908186e+01 1.515389e-01 9.882496e-01 1.996836e-02 -3.747743e+01 5.094369e-01 -9.539749e-02 8.552037e-01 3.253246e+02
8.446392e-01 -1.182712e-01 -5.221078e-01 9.845378e+01 1.494244e-01 9.886132e-01 1.778399e-02 -3.747386e+01 5.140594e-01 -9.303668e-02 8.526941e-01 3.263350e+02
8.420414e-01 -1.177160e-01 -5.264117e-01 9.782792e+01 1.472095e-01 9.890018e-01 1.431415e-02 -3.747126e+01 5.189371e-01 -8.954588e-02 8.501093e-01 3.273468e+02
8.391357e-01 -1.168354e-01 -5.312257e-01 9.722564e+01 1.460330e-01 9.891927e-01 1.311828e-02 -3.747002e+01 5.239519e-01 -8.858452e-02 8.471288e-01 3.283374e+02
8.360509e-01 -1.148963e-01 -5.364864e-01 9.658896e+01 1.460127e-01 9.891581e-01 1.570115e-02 -3.747497e+01 5.288659e-01 -9.146081e-02 8.437629e-01 3.293390e+02
8.333148e-01 -1.118920e-01 -5.413562e-01 9.592024e+01 1.446936e-01 9.893082e-01 1.824995e-02 -3.747703e+01 5.335261e-01 -9.353875e-02 8.405953e-01 3.303665e+02
8.312475e-01 -1.096582e-01 -5.449795e-01 9.525409e+01 1.418342e-01 9.897412e-01 1.718615e-02 -3.747357e+01 5.375041e-01 -9.158271e-02 8.382732e-01 3.313586e+02
8.293909e-01 -1.095462e-01 -5.478232e-01 9.460189e+01 1.395607e-01 9.901242e-01 1.329998e-02 -3.747284e+01 5.409561e-01 -8.748548e-02 8.364884e-01 3.323460e+02
8.281584e-01 -1.096319e-01 -5.496676e-01 9.393261e+01 1.377188e-01 9.904213e-01 9.953626e-03 -3.747297e+01 5.433113e-01 -8.394276e-02 8.353241e-01 3.333395e+02
8.269890e-01 -1.120483e-01 -5.509395e-01 9.327249e+01 1.392110e-01 9.902338e-01 7.572438e-03 -3.747739e+01 5.447104e-01 -8.295917e-02 8.345108e-01 3.343302e+02
8.253740e-01 -1.167058e-01 -5.523925e-01 9.262436e+01 1.437825e-01 9.895925e-01 5.762449e-03 -3.748420e+01 5.459710e-01 -8.418055e-02 8.335642e-01 3.353095e+02
8.232023e-01 -1.246322e-01 -5.538996e-01 9.197465e+01 1.532135e-01 9.881786e-01 5.356296e-03 -3.748884e+01 5.466842e-01 -8.927424e-02 8.325662e-01 3.363027e+02
8.213744e-01 -1.284014e-01 -5.557492e-01 9.132865e+01 1.575331e-01 9.875026e-01 4.672916e-03 -3.749208e+01 5.482038e-01 -9.138712e-02 8.313369e-01 3.372984e+02
8.210465e-01 -1.300981e-01 -5.558392e-01 9.065671e+01 1.581750e-01 9.874078e-01 2.535128e-03 -3.750906e+01 5.485102e-01 -9.000130e-02 8.312860e-01 3.382920e+02
8.214239e-01 -1.288690e-01 -5.555678e-01 8.997087e+01 1.561278e-01 9.877354e-01 1.725445e-03 -3.752053e+01 5.485316e-01 -8.815689e-02 8.314694e-01 3.392966e+02
8.221785e-01 -1.251057e-01 -5.553116e-01 8.931275e+01 1.533708e-01 9.881587e-01 4.455025e-03 -3.752850e+01 5.481787e-01 -8.883142e-02 8.316304e-01 3.402764e+02
8.233725e-01 -1.197796e-01 -5.547166e-01 8.863122e+01 1.494119e-01 9.887404e-01 8.275790e-03 -3.754044e+01 5.474794e-01 -8.969533e-02 8.319982e-01 3.412660e+02
8.235532e-01 -1.185339e-01 -5.547160e-01 8.797061e+01 1.483508e-01 9.888944e-01 8.936646e-03 -3.754430e+01 5.474963e-01 -8.965238e-02 8.319917e-01 3.422497e+02
8.235071e-01 -1.194727e-01 -5.545830e-01 8.731006e+01 1.500265e-01 9.886334e-01 9.796896e-03 -3.754751e+01 5.471089e-01 -9.126996e-02 8.320707e-01 3.432485e+02
8.240991e-01 -1.176081e-01 -5.541020e-01 8.664334e+01 1.501035e-01 9.885792e-01 1.341858e-02 -3.754979e+01 5.461956e-01 -9.423088e-02 8.323406e-01 3.442418e+02
8.245322e-01 -1.167879e-01 -5.536309e-01 8.602063e+01 1.489679e-01 9.887528e-01 1.328409e-02 -3.755842e+01 5.458527e-01 -9.342638e-02 8.326562e-01 3.452130e+02
8.250100e-01 -1.198554e-01 -5.522618e-01 8.535771e+01 1.478675e-01 9.889874e-01 6.259104e-03 -3.756429e+01 5.454298e-01 -8.682540e-02 8.336472e-01 3.461987e+02
8.251149e-01 -1.245677e-01 -5.510611e-01 8.469501e+01 1.495642e-01 9.887519e-01 4.375801e-04 -3.757021e+01 5.448082e-01 -8.278006e-02 8.344648e-01 3.471909e+02
8.253321e-01 -1.255820e-01 -5.505053e-01 8.403589e+01 1.528385e-01 9.882443e-01 3.699939e-03 -3.757959e+01 5.435691e-01 -8.719208e-02 8.348234e-01 3.481865e+02
8.257885e-01 -1.234559e-01 -5.503018e-01 8.337677e+01 1.548947e-01 9.878718e-01 1.081540e-02 -3.759088e+01 5.422924e-01 -9.417009e-02 8.348958e-01 3.491930e+02
8.264636e-01 -1.209456e-01 -5.498455e-01 8.274721e+01 1.545743e-01 9.878666e-01 1.504409e-02 -3.758801e+01 5.413545e-01 -9.742535e-02 8.351309e-01 3.501782e+02
8.285933e-01 -1.200941e-01 -5.468186e-01 8.208887e+01 1.517779e-01 9.883301e-01 1.292840e-02 -3.758197e+01 5.388846e-01 -9.370735e-02 8.371513e-01 3.511739e+02
8.314049e-01 -1.212268e-01 -5.422821e-01 8.145962e+01 1.464688e-01 9.892094e-01 3.422989e-03 -3.759311e+01 5.360156e-01 -8.227329e-02 8.401895e-01 3.521524e+02
8.348786e-01 -1.221363e-01 -5.367126e-01 8.080685e+01 1.391963e-01 9.902256e-01 -8.813837e-03 -3.760913e+01 5.325431e-01 -6.734992e-02 8.437191e-01 3.531482e+02
8.379840e-01 -1.187886e-01 -5.326087e-01 8.016451e+01 1.360842e-01 9.906736e-01 -6.842371e-03 -3.762992e+01 5.284542e-01 -6.674585e-02 8.463339e-01 3.541540e+02
8.402992e-01 -1.162409e-01 -5.295142e-01 7.949333e+01 1.394115e-01 9.902270e-01 3.857257e-03 -3.764823e+01 5.238909e-01 -7.706163e-02 8.482923e-01 3.552131e+02
8.422874e-01 -1.151834e-01 -5.265783e-01 7.886895e+01 1.431779e-01 9.896174e-01 1.255172e-02 -3.765380e+01 5.196653e-01 -8.596654e-02 8.500340e-01 3.562437e+02
8.439698e-01 -1.193855e-01 -5.229359e-01 7.824410e+01 1.479292e-01 9.889128e-01 1.297662e-02 -3.764890e+01 5.155888e-01 -8.830935e-02 8.522732e-01 3.572902e+02
8.465947e-01 -1.200720e-01 -5.185172e-01 7.761651e+01 1.463845e-01 9.891778e-01 9.943184e-03 -3.764835e+01 5.117118e-01 -8.432070e-02 8.550094e-01 3.583181e+02
8.497699e-01 -1.203123e-01 -5.132407e-01 7.699580e+01 1.442432e-01 9.895185e-01 6.862830e-03 -3.765389e+01 5.070355e-01 -7.986329e-02 8.582173e-01 3.593562e+02
8.540655e-01 -1.153955e-01 -5.072041e-01 7.637511e+01 1.380346e-01 9.904019e-01 7.102972e-03 -3.766634e+01 5.015162e-01 -7.607813e-02 8.617967e-01 3.603869e+02
8.584675e-01 -1.141142e-01 -5.000115e-01 7.576633e+01 1.377130e-01 9.904175e-01 1.040259e-02 -3.767243e+01 4.940330e-01 -7.778836e-02 8.659563e-01 3.614142e+02
8.623002e-01 -1.117614e-01 -4.939106e-01 7.518085e+01 1.376804e-01 9.903429e-01 1.627777e-02 -3.767859e+01 4.873217e-01 -8.203817e-02 8.693603e-01 3.624620e+02
8.661659e-01 -1.109295e-01 -4.872897e-01 7.459760e+01 1.367070e-01 9.904565e-01 1.752579e-02 -3.768716e+01 4.806952e-01 -8.179618e-02 8.730645e-01 3.635140e+02
8.701437e-01 -1.102993e-01 -4.802958e-01 7.402529e+01 1.345928e-01 9.907667e-01 1.631112e-02 -3.768391e+01 4.740620e-01 -7.883737e-02 8.769549e-01 3.645406e+02
8.746232e-01 -1.057183e-01 -4.731362e-01 7.344396e+01 1.291370e-01 9.914779e-01 1.718083e-02 -3.768086e+01 4.672877e-01 -7.612614e-02 8.808218e-01 3.656001e+02
8.792564e-01 -1.007247e-01 -4.655778e-01 7.286899e+01 1.237469e-01 9.921308e-01 1.905836e-02 -3.767858e+01 4.599944e-01 -7.437101e-02 8.848017e-01 3.666591e+02
8.835559e-01 -9.504131e-02 -4.585805e-01 7.231568e+01 1.168936e-01 9.929544e-01 1.943018e-02 -3.767995e+01 4.535029e-01 -7.077276e-02 8.884404e-01 3.677117e+02
8.872933e-01 -9.353105e-02 -4.516221e-01 7.176285e+01 1.145789e-01 9.932244e-01 1.941396e-02 -3.767388e+01 4.467463e-01 -6.897224e-02 8.919981e-01 3.687782e+02
8.905807e-01 -9.181428e-02 -4.454618e-01 7.121965e+01 1.125885e-01 9.934336e-01 2.033334e-02 -3.766094e+01 4.406699e-01 -6.826234e-02 8.950700e-01 3.698433e+02
8.938824e-01 -9.169353e-02 -4.388240e-01 7.068608e+01 1.121214e-01 9.934768e-01 2.080103e-02 -3.765967e+01 4.340541e-01 -6.779525e-02 8.983322e-01 3.709161e+02
8.967265e-01 -8.992452e-02 -4.333534e-01 7.017023e+01 1.090653e-01 9.938442e-01 1.945482e-02 -3.765088e+01 4.289363e-01 -6.470949e-02 9.010141e-01 3.719798e+02
8.991365e-01 -9.000219e-02 -4.283144e-01 6.964980e+01 1.087035e-01 9.938859e-01 1.934888e-02 -3.764332e+01 4.239542e-01 -6.395656e-02 9.034226e-01 3.730512e+02
9.012018e-01 -8.766149e-02 -4.244417e-01 6.912528e+01 1.066511e-01 9.940718e-01 2.113918e-02 -3.763813e+01 4.200724e-01 -6.431784e-02 9.052085e-01 3.741322e+02
9.028524e-01 -8.742775e-02 -4.209679e-01 6.861831e+01 1.068508e-01 9.940154e-01 2.272371e-02 -3.762905e+01 4.164618e-01 -6.549690e-02 9.067909e-01 3.752118e+02
9.043037e-01 -8.624923e-02 -4.180860e-01 6.811517e+01 1.057715e-01 9.941080e-01 2.369966e-02 -3.761599e+01 4.135786e-01 -6.565327e-02 9.080982e-01 3.762955e+02
9.057103e-01 -8.578545e-02 -4.151260e-01 6.761754e+01 1.052273e-01 9.941551e-01 2.414062e-02 -3.760311e+01 4.106288e-01 -6.554700e-02 9.094436e-01 3.773795e+02
9.067242e-01 -8.521794e-02 -4.130243e-01 6.712037e+01 1.042341e-01 9.942708e-01 2.368353e-02 -3.759187e+01 4.086397e-01 -6.452565e-02 9.104120e-01 3.784677e+02
9.078604e-01 -8.379464e-02 -4.108138e-01 6.662085e+01 1.015732e-01 9.945936e-01 2.159782e-02 -3.758434e+01 4.067830e-01 -6.133549e-02 9.114634e-01 3.795491e+02
9.088169e-01 -8.255514e-02 -4.089455e-01 6.612584e+01 9.940783e-02 9.948440e-01 2.008588e-02 -3.756779e+01 4.051788e-01 -5.890677e-02 9.123377e-01 3.806551e+02
9.097949e-01 -8.254879e-02 -4.067665e-01 6.563193e+01 9.886170e-02 9.949157e-01 1.921198e-02 -3.755251e+01 4.031124e-01 -5.769259e-02 9.133301e-01 3.817804e+02
9.107880e-01 -8.379157e-02 -4.042823e-01 6.513668e+01 9.947102e-02 9.948795e-01 1.789468e-02 -3.754955e+01 4.007127e-01 -5.651263e-02 9.144592e-01 3.828795e+02
9.113383e-01 -8.638352e-02 -4.024928e-01 6.468749e+01 1.014827e-01 9.947038e-01 1.629612e-02 -3.755745e+01 3.989534e-01 -5.569735e-02 9.152781e-01 3.839498e+02
9.119780e-01 -8.692950e-02 -4.009231e-01 6.420579e+01 1.021750e-01 9.946253e-01 1.675911e-02 -3.755749e+01 3.973113e-01 -5.624827e-02 9.159584e-01 3.850368e+02
9.127635e-01 -8.713243e-02 -3.990874e-01 6.372277e+01 1.028131e-01 9.945376e-01 1.801006e-02 -3.755476e+01 3.953382e-01 -5.747035e-02 9.167360e-01 3.861512e+02
9.142170e-01 -8.403761e-02 -3.964151e-01 6.323492e+01 9.953795e-02 9.948589e-01 1.865146e-02 -3.755037e+01 3.928097e-01 -5.650984e-02 9.178819e-01 3.872098e+02
9.159141e-01 -8.282625e-02 -3.927356e-01 6.276676e+01 9.728106e-02 9.951116e-01 1.700821e-02 -3.754549e+01 3.894070e-01 -5.378379e-02 9.194941e-01 3.882973e+02
9.177362e-01 -8.107198e-02 -3.888285e-01 6.228721e+01 9.450904e-02 9.954030e-01 1.552119e-02 -3.755278e+01 3.857827e-01 -5.099216e-02 9.211794e-01 3.893886e+02
9.191035e-01 -8.454987e-02 -3.848378e-01 6.182558e+01 9.738223e-02 9.951494e-01 1.393987e-02 -3.755606e+01 3.817925e-01 -5.028854e-02 9.228789e-01 3.904524e+02
9.200038e-01 -8.759874e-02 -3.819940e-01 6.141299e+01 1.010239e-01 9.947681e-01 1.518854e-02 -3.754698e+01 3.786649e-01 -5.256402e-02 9.240400e-01 3.915130e+02
9.209048e-01 -9.016601e-02 -3.792155e-01 6.094837e+01 1.033599e-01 9.945378e-01 1.453307e-02 -3.754838e+01 3.758338e-01 -5.257927e-02 9.251942e-01 3.926135e+02
9.217160e-01 -9.225971e-02 -3.767330e-01 6.055207e+01 1.060623e-01 9.942306e-01 1.601112e-02 -3.755143e+01 3.730823e-01 -5.471488e-02 9.261835e-01 3.936524e+02
9.234269e-01 -8.699547e-02 -3.737841e-01 6.014072e+01 1.008316e-01 9.947481e-01 1.758243e-02 -3.755293e+01 3.702914e-01 -5.392533e-02 9.273491e-01 3.946749e+02
9.250081e-01 -8.805297e-02 -3.696033e-01 5.969433e+01 9.868161e-02 9.950697e-01 9.909143e-03 -3.755003e+01 3.669085e-01 -4.563909e-02 9.291368e-01 3.958069e+02
9.264625e-01 -9.072322e-02 -3.652898e-01 5.923985e+01 9.936026e-02 9.950396e-01 4.873813e-03 -3.755665e+01 3.630356e-01 -4.081069e-02 9.308811e-01 3.968935e+02
9.276831e-01 -9.029709e-02 -3.622850e-01 5.878797e+01 9.879933e-02 9.950950e-01 4.969270e-03 -3.756195e+01 3.600593e-01 -4.040342e-02 9.320541e-01 3.979758e+02
9.282390e-01 -9.181186e-02 -3.604760e-01 5.836699e+01 1.023540e-01 9.946955e-01 1.022020e-02 -3.756672e+01 3.576255e-01 -4.638296e-02 9.327125e-01 3.991119e+02
9.288576e-01 -9.401680e-02 -3.583076e-01 5.792122e+01 1.061497e-01 9.942474e-01 1.429490e-02 -3.756875e+01 3.549024e-01 -5.131216e-02 9.334942e-01 4.002497e+02
9.295330e-01 -9.616534e-02 -3.559783e-01 5.749134e+01 1.081256e-01 9.940414e-01 1.380408e-02 -3.757313e+01 3.525297e-01 -5.132171e-02 9.343923e-01 4.013714e+02
9.303374e-01 -9.316224e-02 -3.546732e-01 5.706300e+01 1.042972e-01 9.944693e-01 1.236247e-02 -3.756620e+01 3.515599e-01 -4.849270e-02 9.349086e-01 4.024972e+02
9.306426e-01 -9.352045e-02 -3.537771e-01 5.661357e+01 1.042575e-01 9.944854e-01 1.136795e-02 -3.756057e+01 3.507630e-01 -4.746340e-02 9.352607e-01 4.036600e+02
9.303114e-01 -1.001413e-01 -3.528347e-01 5.618809e+01 1.100151e-01 9.938978e-01 7.987070e-03 -3.756422e+01 3.498818e-01 -4.624760e-02 9.356516e-01 4.047920e+02
9.300501e-01 -1.031705e-01 -3.526508e-01 5.576221e+01 1.116116e-01 9.937453e-01 3.627358e-03 -3.757144e+01 3.500709e-01 -4.273355e-02 9.357480e-01 4.059047e+02
9.285517e-01 -1.138194e-01 -3.533226e-01 5.534241e+01 1.216791e-01 9.925695e-01 3.291948e-05 -3.758129e+01 3.506935e-01 -4.302254e-02 9.355015e-01 4.070364e+02
9.272662e-01 -1.171341e-01 -3.556079e-01 5.491953e+01 1.245087e-01 9.922162e-01 -2.164175e-03 -3.759303e+01 3.530934e-01 -4.226951e-02 9.346327e-01 4.081671e+02
9.262610e-01 -1.214137e-01 -3.567902e-01 5.449481e+01 1.300883e-01 9.915024e-01 3.187930e-04 -3.760528e+01 3.537196e-01 -4.670951e-02 9.341845e-01 4.093041e+02
9.261746e-01 -1.196808e-01 -3.575991e-01 5.406074e+01 1.286600e-01 9.916879e-01 1.330029e-03 -3.762117e+01 3.544675e-01 -4.724054e-02 9.338742e-01 4.104277e+02
9.259764e-01 -1.220234e-01 -3.573205e-01 5.362019e+01 1.313437e-01 9.913352e-01 1.833420e-03 -3.763422e+01 3.540006e-01 -4.862951e-02 9.339801e-01 4.115573e+02
9.261937e-01 -1.176628e-01 -3.582187e-01 5.317519e+01 1.286003e-01 9.916734e-01 6.771624e-03 -3.764293e+01 3.544392e-01 -5.233888e-02 9.336132e-01 4.126937e+02
9.266122e-01 -1.126554e-01 -3.587458e-01 5.273382e+01 1.253744e-01 9.920331e-01 1.230840e-02 -3.764799e+01 3.545011e-01 -5.638267e-02 9.333541e-01 4.138339e+02
9.271859e-01 -1.087674e-01 -3.584635e-01 5.228357e+01 1.207427e-01 9.926215e-01 1.112000e-02 -3.765320e+01 3.546091e-01 -5.359217e-02 9.334775e-01 4.149683e+02
9.282133e-01 -1.080642e-01 -3.560087e-01 5.183578e+01 1.184590e-01 9.929309e-01 7.457556e-03 -3.765524e+01 3.526861e-01 -4.909465e-02 9.344529e-01 4.161167e+02
9.295428e-01 -1.037624e-01 -3.538129e-01 5.140243e+01 1.130841e-01 9.935690e-01 5.713237e-03 -3.765790e+01 3.509447e-01 -4.532131e-02 9.352988e-01 4.172444e+02
9.309938e-01 -9.679708e-02 -3.519673e-01 5.096577e+01 1.044226e-01 9.945294e-01 2.696944e-03 -3.766510e+01 3.497807e-01 -3.926417e-02 9.360084e-01 4.183680e+02
9.318521e-01 -9.598952e-02 -3.499109e-01 5.053621e+01 1.035403e-01 9.946211e-01 2.889423e-03 -3.767393e+01 3.477514e-01 -3.892238e-02 9.367785e-01 4.195082e+02
9.335917e-01 -9.193809e-02 -3.463438e-01 5.009114e+01 9.900534e-02 9.950832e-01 2.727109e-03 -3.768843e+01 3.443901e-01 -3.683589e-02 9.381037e-01 4.206786e+02
9.359527e-01 -8.258168e-02 -3.423051e-01 4.963836e+01 8.964015e-02 9.959625e-01 4.822237e-03 -3.769418e+01 3.405248e-01 -3.519766e-02 9.395765e-01 4.218426e+02
9.374811e-01 -8.257897e-02 -3.380975e-01 4.920907e+01 8.941111e-02 9.959839e-01 4.655136e-03 -3.770347e+01 3.363553e-01 -3.459378e-02 9.410996e-01 4.230162e+02
9.394281e-01 -8.045959e-02 -3.331683e-01 4.878133e+01 8.755910e-02 9.961393e-01 6.322691e-03 -3.770787e+01 3.313733e-01 -3.511163e-02 9.428462e-01 4.242032e+02
9.407559e-01 -8.450873e-02 -3.283849e-01 4.837428e+01 9.175730e-02 9.957595e-01 6.610702e-03 -3.771208e+01 3.264337e-01 -3.635077e-02 9.445209e-01 4.253692e+02
9.415545e-01 -9.060102e-02 -3.244480e-01 4.797877e+01 9.748596e-02 9.952244e-01 4.993109e-03 -3.771837e+01 3.224462e-01 -3.633041e-02 9.458903e-01 4.265611e+02
9.419080e-01 -1.001351e-01 -3.205968e-01 4.758253e+01 1.071938e-01 9.942284e-01 4.396709e-03 -3.772499e+01 3.183062e-01 -3.850729e-02 9.472056e-01 4.277633e+02
9.426060e-01 -1.027704e-01 -3.176983e-01 4.718099e+01 1.114594e-01 9.937260e-01 9.243663e-03 -3.772913e+01 3.147551e-01 -4.412361e-02 9.481468e-01 4.289550e+02
9.432634e-01 -1.036054e-01 -3.154680e-01 4.679133e+01 1.149651e-01 9.932143e-01 1.756111e-02 -3.772737e+01 3.115079e-01 -5.283255e-02 9.487737e-01 4.301762e+02
9.435885e-01 -1.067011e-01 -3.134574e-01 4.640003e+01 1.187302e-01 9.927354e-01 1.948105e-02 -3.771977e+01 3.091016e-01 -5.559896e-02 9.494024e-01 4.313811e+02
9.440600e-01 -1.064266e-01 -3.121283e-01 4.603601e+01 1.169055e-01 9.930298e-01 1.499719e-02 -3.771199e+01 3.083566e-01 -5.064778e-02 9.499216e-01 4.325408e+02
9.439682e-01 -1.087231e-01 -3.116139e-01 4.565756e+01 1.177670e-01 9.929879e-01 1.029334e-02 -3.770325e+01 3.083097e-01 -4.641442e-02 9.501531e-01 4.337230e+02
9.436698e-01 -1.106997e-01 -3.118220e-01 4.526207e+01 1.205923e-01 9.926227e-01 1.255946e-02 -3.770328e+01 3.081313e-01 -4.945531e-02 9.500575e-01 4.349287e+02
9.428403e-01 -1.154782e-01 -3.125971e-01 4.488643e+01 1.267426e-01 9.918084e-01 1.588555e-02 -3.769129e+01 3.082020e-01 -5.459691e-02 9.497530e-01 4.361338e+02
9.416166e-01 -1.229035e-01 -3.134533e-01 4.450085e+01 1.328781e-01 9.910760e-01 1.057078e-02 -3.768529e+01 3.093569e-01 -5.160469e-02 9.495448e-01 4.373194e+02
9.400205e-01 -1.309149e-01 -3.149964e-01 4.409487e+01 1.383946e-01 9.903762e-01 1.392832e-03 -3.768823e+01 3.117826e-01 -4.490308e-02 9.490918e-01 4.385398e+02
9.385221e-01 -1.359150e-01 -3.173381e-01 4.372077e+01 1.434547e-01 9.896568e-01 3.977205e-04 -3.769516e+01 3.140017e-01 -4.589691e-02 9.483124e-01 4.397227e+02
9.379483e-01 -1.324226e-01 -3.204953e-01 4.332577e+01 1.421078e-01 9.898271e-01 6.908915e-03 -3.769952e+01 3.163200e-01 -5.202509e-02 9.472249e-01 4.409083e+02
9.376736e-01 -1.278274e-01 -3.231538e-01 4.292517e+01 1.396033e-01 9.901165e-01 1.342487e-02 -3.770277e+01 3.182438e-01 -5.770149e-02 9.462512e-01 4.420972e+02
9.374179e-01 -1.252801e-01 -3.248885e-01 4.246773e+01 1.380437e-01 9.902897e-01 1.643968e-02 -3.770099e+01 3.196742e-01 -6.025966e-02 9.456094e-01 4.433463e+02
9.364363e-01 -1.261474e-01 -3.273744e-01 4.205719e+01 1.400241e-01 9.899645e-01 1.906760e-02 -3.769457e+01 3.216837e-01 -6.369589e-02 9.447023e-01 4.445286e+02
9.349441e-01 -1.324491e-01 -3.291455e-01 4.163931e+01 1.461864e-01 9.891071e-01 1.722568e-02 -3.768883e+01 3.232786e-01 -6.422163e-02 9.441221e-01 4.457363e+02
9.328336e-01 -1.436929e-01 -3.304146e-01 4.122823e+01 1.567498e-01 9.875519e-01 1.306625e-02 -3.768233e+01 3.244241e-01 -6.398105e-02 9.437454e-01 4.469250e+02
9.306509e-01 -1.540590e-01 -3.318955e-01 4.082266e+01 1.662001e-01 9.860569e-01 8.325862e-03 -3.768345e+01 3.259852e-01 -6.290955e-02 9.432794e-01 4.480979e+02
9.291944e-01 -1.572191e-01 -3.344844e-01 4.041432e+01 1.693081e-01 9.855376e-01 7.099703e-03 -3.768841e+01 3.285308e-01 -6.322791e-02 9.423745e-01 4.492793e+02
9.277311e-01 -1.630053e-01 -3.357741e-01 3.998392e+01 1.758797e-01 9.843786e-01 8.071355e-03 -3.769201e+01 3.292132e-01 -6.654391e-02 9.419080e-01 4.504845e+02
9.273930e-01 -1.601453e-01 -3.380766e-01 3.956346e+01 1.748901e-01 9.844968e-01 1.339714e-02 -3.768989e+01 3.306898e-01 -7.155065e-02 9.410232e-01 4.516625e+02
9.272138e-01 -1.552114e-01 -3.408578e-01 3.912868e+01 1.717522e-01 9.849627e-01 1.869858e-02 -3.768850e+01 3.328300e-01 -7.588068e-02 9.399289e-01 4.528474e+02
9.270411e-01 -1.533949e-01 -3.421473e-01 3.869478e+01 1.696571e-01 9.853401e-01 1.792502e-02 -3.768566e+01 3.343818e-01 -7.466496e-02 9.394753e-01 4.540067e+02
9.274602e-01 -1.505229e-01 -3.422869e-01 3.826748e+01 1.640522e-01 9.863932e-01 1.074304e-02 -3.768071e+01 3.360124e-01 -6.611668e-02 9.395341e-01 4.551792e+02
9.284189e-01 -1.446394e-01 -3.422247e-01 3.781018e+01 1.554490e-01 9.878349e-01 4.213437e-03 -3.769804e+01 3.374521e-01 -5.711031e-02 9.396087e-01 4.563720e+02
9.277933e-01 -1.465468e-01 -3.431089e-01 3.740860e+01 1.552628e-01 9.878710e-01 -2.091278e-03 -3.770889e+01 3.392538e-01 -5.133177e-02 9.392933e-01 4.575004e+02
9.272651e-01 -1.463763e-01 -3.446062e-01 3.698305e+01 1.553183e-01 9.878631e-01 -1.678656e-03 -3.771329e+01 3.406694e-01 -5.196708e-02 9.387458e-01 4.586626e+02
9.258136e-01 -1.506936e-01 -3.466418e-01 3.657502e+01 1.624205e-01 9.867097e-01 4.847209e-03 -3.773118e+01 3.413044e-01 -6.078934e-02 9.379851e-01 4.598079e+02
9.247510e-01 -1.517029e-01 -3.490297e-01 3.619624e+01 1.665774e-01 9.859451e-01 1.281231e-02 -3.774549e+01 3.421805e-01 -6.998867e-02 9.370241e-01 4.609356e+02
9.263173e-01 -1.408321e-01 -3.494317e-01 3.577213e+01 1.550151e-01 9.878291e-01 1.280675e-02 -3.775708e+01 3.433751e-01 -6.603030e-02 9.368743e-01 4.620737e+02
9.277763e-01 -1.353312e-01 -3.477306e-01 3.536953e+01 1.458272e-01 9.893017e-01 4.059614e-03 -3.778091e+01 3.434611e-01 -5.447499e-02 9.375857e-01 4.631736e+02
9.297785e-01 -1.275893e-01 -3.453011e-01 3.495147e+01 1.358447e-01 9.907301e-01 -2.926609e-04 -3.780015e+01 3.421376e-01 -4.663522e-02 9.384919e-01 4.642971e+02
9.315712e-01 -1.182697e-01 -3.437840e-01 3.453856e+01 1.251627e-01 9.921339e-01 -2.156740e-03 -3.782281e+01 3.413348e-01 -4.101977e-02 9.390463e-01 4.654049e+02
9.318097e-01 -1.167902e-01 -3.436433e-01 3.413920e+01 1.246343e-01 9.922025e-01 7.449603e-04 -3.784559e+01 3.408767e-01 -4.352391e-02 9.391000e-01 4.665270e+02
9.319665e-01 -1.184853e-01 -3.426365e-01 3.372901e+01 1.252767e-01 9.921191e-01 -2.328692e-03 -3.786652e+01 3.402121e-01 -4.075409e-02 9.394652e-01 4.676578e+02
9.324947e-01 -1.180403e-01 -3.413504e-01 3.331822e+01 1.256841e-01 9.920703e-01 2.797867e-04 -3.788383e+01 3.386106e-01 -4.316321e-02 9.399361e-01 4.688013e+02
9.335829e-01 -1.139771e-01 -3.397532e-01 3.288189e+01 1.225156e-01 9.924597e-01 3.710731e-03 -3.790656e+01 3.367684e-01 -4.508934e-02 9.405073e-01 4.699655e+02
9.347424e-01 -1.101665e-01 -3.378165e-01 3.244309e+01 1.203664e-01 9.926857e-01 9.327109e-03 -3.790632e+01 3.343181e-01 -4.938020e-02 9.411658e-01 4.711545e+02
9.354498e-01 -1.093490e-01 -3.361199e-01 3.204394e+01 1.202656e-01 9.926720e-01 1.176593e-02 -3.791658e+01 3.323702e-01 -5.143010e-02 9.417457e-01 4.722916e+02
9.353352e-01 -1.157484e-01 -3.342907e-01 3.165173e+01 1.268894e-01 9.918490e-01 1.160430e-02 -3.791458e+01 3.302227e-01 -5.327187e-02 9.423986e-01 4.734372e+02
9.351302e-01 -1.224362e-01 -3.324768e-01 3.125952e+01 1.317042e-01 9.912744e-01 5.392030e-03 -3.792080e+01 3.289156e-01 -4.883084e-02 9.430960e-01 4.745798e+02
9.344415e-01 -1.322992e-01 -3.306296e-01 3.087199e+01 1.395520e-01 9.902131e-01 -1.818333e-03 -3.793325e+01 3.276343e-01 -4.444090e-02 9.437588e-01 4.757183e+02
9.344887e-01 -1.349109e-01 -3.294387e-01 3.046730e+01 1.424092e-01 9.898069e-01 -1.383892e-03 -3.794974e+01 3.262674e-01 -4.562187e-02 9.441760e-01 4.768712e+02
9.345651e-01 -1.371999e-01 -3.282747e-01 3.005663e+01 1.465502e-01 9.891960e-01 3.786892e-03 -3.796124e+01 3.242084e-01 -5.164783e-02 9.445747e-01 4.780394e+02
9.347159e-01 -1.362142e-01 -3.282558e-01 2.967079e+01 1.469905e-01 9.891046e-01 8.116261e-03 -3.797452e+01 3.235738e-01 -5.583687e-02 9.445540e-01 4.791915e+02
9.345096e-01 -1.369514e-01 -3.285364e-01 2.928619e+01 1.484126e-01 9.888756e-01 9.938234e-03 -3.797646e+01 3.235206e-01 -5.804631e-02 9.444390e-01 4.803236e+02
9.339187e-01 -1.376935e-01 -3.299035e-01 2.886816e+01 1.503990e-01 9.885376e-01 1.317111e-02 -3.797974e+01 3.243084e-01 -6.191789e-02 9.439228e-01 4.815011e+02
9.334184e-01 -1.379211e-01 -3.312219e-01 2.846261e+01 1.516517e-01 9.883071e-01 1.583869e-02 -3.798139e+01 3.251644e-01 -6.501448e-02 9.434199e-01 4.826683e+02
9.332104e-01 -1.359215e-01 -3.326315e-01 2.806442e+01 1.501438e-01 9.885127e-01 1.730328e-02 -3.797200e+01 3.264585e-01 -6.609015e-02 9.428981e-01 4.838159e+02
9.332621e-01 -1.341793e-01 -3.331934e-01 2.765896e+01 1.475740e-01 9.889358e-01 1.509792e-02 -3.797168e+01 3.274811e-01 -6.326099e-02 9.427376e-01 4.849447e+02
9.335144e-01 -1.342928e-01 -3.324401e-01 2.724764e+01 1.459474e-01 9.892396e-01 1.021628e-02 -3.797566e+01 3.274909e-01 -5.805583e-02 9.430690e-01 4.860959e+02
9.339073e-01 -1.306030e-01 -3.328062e-01 2.687329e+01 1.404575e-01 9.900708e-01 5.613002e-03 -3.798898e+01 3.287686e-01 -5.198716e-02 9.429785e-01 4.872138e+02
9.334893e-01 -1.353375e-01 -3.320865e-01 2.648147e+01 1.435213e-01 9.896472e-01 1.182056e-04 -3.800197e+01 3.286325e-01 -4.777183e-02 9.432489e-01 4.883554e+02
9.337678e-01 -1.367889e-01 -3.307059e-01 2.603355e+01 1.414892e-01 9.898899e-01 -9.942082e-03 -3.801300e+01 3.287224e-01 -3.750771e-02 9.436815e-01 4.895264e+02
9.334590e-01 -1.367358e-01 -3.315985e-01 2.564343e+01 1.418364e-01 9.898502e-01 -8.894692e-03 -3.803927e+01 3.294491e-01 -3.872991e-02 9.433787e-01 4.906664e+02
9.332192e-01 -1.332339e-01 -3.336924e-01 2.524601e+01 1.398789e-01 9.901599e-01 -4.150993e-03 -3.806199e+01 3.309619e-01 -4.280276e-02 9.426729e-01 4.917990e+02
9.327112e-01 -1.329933e-01 -3.352053e-01 2.483644e+01 1.420680e-01 9.898535e-01 2.579057e-03 -3.807655e+01 3.314611e-01 -5.002747e-02 9.421416e-01 4.929586e+02
9.328737e-01 -1.282550e-01 -3.365966e-01 2.439731e+01 1.388086e-01 9.902918e-01 7.370853e-03 -3.809605e+01 3.323835e-01 -5.359856e-02 9.416201e-01 4.941358e+02
9.315349e-01 -1.328874e-01 -3.385021e-01 2.401621e+01 1.435064e-01 9.896286e-01 6.416559e-03 -3.810177e+01 3.341386e-01 -5.455446e-02 9.409438e-01 4.952468e+02
9.304681e-01 -1.357678e-01 -3.402884e-01 2.359344e+01 1.455212e-01 9.893500e-01 3.176813e-03 -3.811206e+01 3.362330e-01 -5.247511e-02 9.403157e-01 4.963855e+02
9.287688e-01 -1.387716e-01 -3.437017e-01 2.321002e+01 1.494418e-01 9.887598e-01 4.611897e-03 -3.812818e+01 3.391984e-01 -5.564681e-02 9.390675e-01 4.975213e+02
9.276147e-01 -1.378888e-01 -3.471566e-01 2.284401e+01 1.491804e-01 9.887926e-01 5.872251e-03 -3.815629e+01 3.424561e-01 -5.723616e-02 9.377888e-01 4.986192e+02
9.269682e-01 -1.379601e-01 -3.488509e-01 2.238509e+01 1.487743e-01 9.888620e-01 4.258622e-03 -3.817662e+01 3.443779e-01 -5.584767e-02 9.371685e-01 4.997856e+02
9.273516e-01 -1.325092e-01 -3.499432e-01 2.194728e+01 1.428976e-01 9.897298e-01 3.909271e-03 -3.819723e+01 3.458312e-01 -5.363130e-02 9.367628e-01 5.009175e+02
9.281023e-01 -1.274993e-01 -3.498143e-01 2.151274e+01 1.366663e-01 9.906160e-01 1.536338e-03 -3.821205e+01 3.463357e-01 -4.923370e-02 9.368178e-01 5.020181e+02
9.293663e-01 -1.183684e-01 -3.496673e-01 2.107754e+01 1.271976e-01 9.918747e-01 2.306562e-03 -3.823071e+01 3.465531e-01 -4.662047e-02 9.368711e-01 5.031301e+02
9.303970e-01 -1.105158e-01 -3.494962e-01 2.067449e+01 1.190245e-01 9.928871e-01 2.890804e-03 -3.826440e+01 3.466908e-01 -4.428822e-02 9.369333e-01 5.042327e+02
9.312535e-01 -1.046733e-01 -3.490135e-01 2.024199e+01 1.131093e-01 9.935752e-01 3.818364e-03 -3.827980e+01 3.463715e-01 -4.303254e-02 9.371099e-01 5.053636e+02
9.317201e-01 -1.032562e-01 -3.481894e-01 1.981663e+01 1.095857e-01 9.939762e-01 -1.525003e-03 -3.829953e+01 3.462495e-01 -3.673570e-02 9.374230e-01 5.064710e+02
9.319021e-01 -1.055452e-01 -3.470139e-01 1.937068e+01 1.102998e-01 9.938798e-01 -6.082200e-03 -3.830563e+01 3.455320e-01 -3.260754e-02 9.378403e-01 5.076140e+02
9.323191e-01 -1.047062e-01 -3.461470e-01 1.897533e+01 1.099159e-01 9.939302e-01 -4.604787e-03 -3.832339e+01 3.445281e-01 -3.375394e-02 9.381690e-01 5.087066e+02
9.324019e-01 -1.012148e-01 -3.469614e-01 1.862173e+01 1.089578e-01 9.940424e-01 2.826287e-03 -3.833436e+01 3.446082e-01 -4.043937e-02 9.378752e-01 5.097770e+02
9.329151e-01 -9.953775e-02 -3.460660e-01 1.814510e+01 1.086346e-01 9.940575e-01 6.936799e-03 -3.834845e+01 3.433190e-01 -4.406617e-02 9.381845e-01 5.109342e+02
9.330043e-01 -9.875209e-02 -3.460505e-01 1.773845e+01 1.089858e-01 9.939911e-01 1.018800e-02 -3.835712e+01 3.429651e-01 -4.722006e-02 9.381606e-01 5.120665e+02
9.334324e-01 -9.851728e-02 -3.449612e-01 1.733457e+01 1.071045e-01 9.942304e-01 5.872825e-03 -3.836173e+01 3.423923e-01 -4.242876e-02 9.385986e-01 5.131724e+02
9.332428e-01 -1.055805e-01 -3.433812e-01 1.694707e+01 1.102356e-01 9.938874e-01 -5.995048e-03 -3.837550e+01 3.419153e-01 -3.225800e-02 9.391770e-01 5.142802e+02
9.337380e-01 -1.070606e-01 -3.415719e-01 1.650318e+01 1.085474e-01 9.939808e-01 -1.481782e-02 -3.839692e+01 3.411023e-01 -2.324079e-02 9.397388e-01 5.154166e+02
9.342711e-01 -1.044825e-01 -3.409118e-01 1.607117e+01 1.069182e-01 9.941991e-01 -1.169143e-02 -3.843598e+01 3.401557e-01 -2.552672e-02 9.400226e-01 5.165397e+02
9.351083e-01 -9.656355e-02 -3.409515e-01 1.563864e+01 1.024986e-01 9.947330e-01 -6.090760e-04 -3.846877e+01 3.392145e-01 -3.437750e-02 9.400807e-01 5.176674e+02
9.363810e-01 -8.660150e-02 -3.401335e-01 1.519776e+01 9.494204e-02 9.954513e-01 7.921441e-03 -3.848461e+01 3.379003e-01 -3.971046e-02 9.403438e-01 5.187838e+02
9.380783e-01 -7.821174e-02 -3.374790e-01 1.475275e+01 8.547550e-02 9.963178e-01 6.693639e-03 -3.849348e+01 3.357128e-01 -3.512534e-02 9.413093e-01 5.199165e+02
9.391360e-01 -7.511128e-02 -3.352340e-01 1.441850e+01 8.011174e-02 9.967853e-01 1.091791e-03 -3.851121e+01 3.340743e-01 -2.788152e-02 9.421343e-01 5.209575e+02
9.396861e-01 -7.842096e-02 -3.329267e-01 1.409827e+01 8.221423e-02 9.966110e-01 -2.702176e-03 -3.852714e+01 3.320103e-01 -2.483212e-02 9.429488e-01 5.220278e+02
9.403777e-01 -8.368357e-02 -3.296769e-01 1.370249e+01 8.705795e-02 9.961929e-01 -4.542718e-03 -3.854490e+01 3.288020e-01 -2.442913e-02 9.440829e-01 5.231504e+02
9.413833e-01 -8.586027e-02 -3.262291e-01 1.329735e+01 9.028797e-02 9.959145e-01 -1.575247e-03 -3.857289e+01 3.250315e-01 -2.797165e-02 9.452894e-01 5.242727e+02
9.424396e-01 -8.377888e-02 -3.237108e-01 1.295148e+01 8.866707e-02 9.960613e-01 3.535799e-04 -3.859084e+01 3.224061e-01 -2.903571e-02 9.461560e-01 5.253659e+02
9.437132e-01 -8.425281e-02 -3.198546e-01 1.254354e+01 8.975858e-02 9.959605e-01 2.482019e-03 -3.861288e+01 3.183534e-01 -3.105200e-02 9.474634e-01 5.264983e+02
9.452782e-01 -8.146950e-02 -3.159302e-01 1.216671e+01 8.702795e-02 9.961997e-01 3.499933e-03 -3.862999e+01 3.144445e-01 -3.080317e-02 9.487760e-01 5.275941e+02
9.470597e-01 -8.094017e-02 -3.106872e-01 1.175783e+01 8.607835e-02 9.962843e-01 2.838603e-03 -3.865011e+01 3.093030e-01 -2.943177e-02 9.505080e-01 5.287288e+02
9.479814e-01 -8.293136e-02 -3.073332e-01 1.140726e+01 8.781506e-02 9.961346e-01 2.070213e-03 -3.865880e+01 3.059735e-01 -2.895101e-02 9.515997e-01 5.298389e+02
9.484504e-01 -9.154729e-02 -3.034155e-01 1.107335e+01 9.723304e-02 9.952549e-01 3.651182e-03 -3.866396e+01 3.016415e-01 -3.296498e-02 9.528513e-01 5.309331e+02
9.499215e-01 -8.718871e-02 -3.000787e-01 1.072557e+01 9.360726e-02 9.955842e-01 7.050959e-03 -3.866912e+01 2.981389e-01 -3.478740e-02 9.538884e-01 5.320462e+02
9.525225e-01 -7.425759e-02 -2.952739e-01 1.034246e+01 8.089020e-02 9.966699e-01 1.029363e-02 -3.867672e+01 2.935262e-01 -3.368967e-02 9.553572e-01 5.331866e+02
9.546701e-01 -6.724568e-02 -2.899708e-01 9.996046e+00 7.421722e-02 9.971561e-01 1.309968e-02 -3.868494e+01 2.882652e-01 -3.402670e-02 9.569458e-01 5.343002e+02
9.571276e-01 -5.625454e-02 -2.841518e-01 9.645761e+00 6.218046e-02 9.979943e-01 1.187014e-02 -3.869464e+01 2.829142e-01 -2.902993e-02 9.587058e-01 5.354085e+02
9.589854e-01 -5.549153e-02 -2.779706e-01 9.311416e+00 5.976607e-02 9.981884e-01 6.920825e-03 -3.870122e+01 2.770830e-01 -2.325018e-02 9.605646e-01 5.365255e+02
9.599416e-01 -6.049341e-02 -2.735921e-01 8.977928e+00 6.500231e-02 9.978574e-01 7.436709e-03 -3.870765e+01 2.725560e-01 -2.492292e-02 9.618171e-01 5.376565e+02
9.600403e-01 -6.849292e-02 -2.713509e-01 8.683218e+00 7.339984e-02 9.972708e-01 7.963167e-03 -3.871509e+01 2.700649e-01 -2.756207e-02 9.624476e-01 5.387613e+02
9.599557e-01 -7.557418e-02 -2.697657e-01 8.374862e+00 8.154929e-02 9.966087e-01 1.099407e-02 -3.871767e+01 2.680199e-01 -3.255301e-02 9.628632e-01 5.398960e+02
9.602551e-01 -7.773881e-02 -2.680797e-01 8.073233e+00 8.253570e-02 9.965659e-01 6.652799e-03 -3.872416e+01 2.666419e-01 -2.851453e-02 9.633738e-01 5.410149e+02
9.613523e-01 -7.446039e-02 -2.650611e-01 7.757331e+00 7.740478e-02 9.969995e-01 6.650949e-04 -3.872768e+01 2.642162e-01 -2.115638e-02 9.642314e-01 5.421243e+02
9.621358e-01 -7.166294e-02 -2.629812e-01 7.458692e+00 7.373928e-02 9.972756e-01 -1.979235e-03 -3.873506e+01 2.624066e-01 -1.748775e-02 9.647989e-01 5.432169e+02
9.629749e-01 -6.609123e-02 -2.613645e-01 7.132972e+00 6.909976e-02 9.976070e-01 2.327222e-03 -3.875547e+01 2.605852e-01 -2.030128e-02 9.652374e-01 5.443144e+02
9.636885e-01 -6.453202e-02 -2.591142e-01 6.835921e+00 6.859635e-02 9.976222e-01 6.664744e-03 -3.877506e+01 2.580680e-01 -2.419702e-02 9.658237e-01 5.453883e+02
9.641036e-01 -6.470413e-02 -2.575220e-01 6.536439e+00 6.997502e-02 9.974842e-01 1.134590e-02 -3.877850e+01 2.561400e-01 -2.895873e-02 9.662058e-01 5.464854e+02
9.641956e-01 -6.834572e-02 -2.562339e-01 6.249534e+00 7.494694e-02 9.970580e-01 1.607461e-02 -3.878528e+01 2.543814e-01 -3.470301e-02 9.664812e-01 5.475704e+02
9.631839e-01 -8.112527e-02 -2.563112e-01 5.990994e+00 8.693684e-02 9.961485e-01 1.140543e-02 -3.878589e+01 2.543988e-01 -3.326841e-02 9.665270e-01 5.486481e+02
9.622432e-01 -8.766585e-02 -2.576871e-01 5.694722e+00 9.140717e-02 9.958103e-01 2.551055e-03 -3.879099e+01 2.563839e-01 -2.600919e-02 9.662250e-01 5.497452e+02
9.604487e-01 -9.783075e-02 -2.607056e-01 5.427061e+00 1.002520e-01 9.949539e-01 -4.028385e-03 -3.879510e+01 2.597841e-01 -2.226719e-02 9.654100e-01 5.507923e+02
9.596953e-01 -9.619897e-02 -2.640656e-01 5.122267e+00 9.990913e-02 9.949964e-01 6.237219e-04 -3.881195e+01 2.626843e-01 -2.698115e-02 9.645045e-01 5.518700e+02
9.592100e-01 -9.089658e-02 -2.676827e-01 4.798077e+00 9.779967e-02 9.951271e-01 1.254012e-02 -3.881847e+01 2.652385e-01 -3.820789e-02 9.634255e-01 5.529584e+02
9.586779e-01 -8.182133e-02 -2.724736e-01 4.486288e+00 9.081820e-02 9.956554e-01 2.055082e-02 -3.881486e+01 2.696083e-01 -4.444718e-02 9.619438e-01 5.540368e+02
9.578852e-01 -8.505538e-02 -2.742653e-01 4.148922e+00 9.328183e-02 9.954934e-01 1.706821e-02 -3.881603e+01 2.715775e-01 -4.193336e-02 9.615026e-01 5.551243e+02
9.574737e-01 -8.152443e-02 -2.767632e-01 3.849155e+00 8.637651e-02 9.962481e-01 5.364437e-03 -3.881476e+01 2.752875e-01 -2.904215e-02 9.609232e-01 5.561627e+02
9.571547e-01 -8.232992e-02 -2.776270e-01 3.536631e+00 8.413336e-02 9.964397e-01 -5.432352e-03 -3.882369e+01 2.770858e-01 -1.815809e-02 9.606736e-01 5.572017e+02
9.569229e-01 -7.829455e-02 -2.795865e-01 3.199574e+00 7.897400e-02 9.968374e-01 -8.852003e-03 -3.883988e+01 2.793953e-01 -1.360938e-02 9.600797e-01 5.582767e+02
9.564070e-01 -7.751288e-02 -2.815624e-01 2.893374e+00 7.935421e-02 9.968346e-01 -4.874908e-03 -3.886178e+01 2.810490e-01 -1.768077e-02 9.595305e-01 5.593048e+02
9.558951e-01 -7.468982e-02 -2.840527e-01 2.561480e+00 7.835855e-02 9.969240e-01 1.557721e-03 -3.887965e+01 2.830626e-01 -2.374698e-02 9.588074e-01 5.603777e+02
9.546906e-01 -8.142855e-02 -2.862432e-01 2.256583e+00 8.594748e-02 9.962944e-01 3.236550e-03 -3.889437e+01 2.849189e-01 -2.769178e-02 9.581515e-01 5.614377e+02
9.533246e-01 -8.791232e-02 -2.888661e-01 1.957054e+00 9.200774e-02 9.957581e-01 6.018060e-04 -3.890269e+01 2.875878e-01 -2.715163e-02 9.573693e-01 5.624747e+02
9.526613e-01 -8.374288e-02 -2.922731e-01 1.660264e+00 8.733208e-02 9.961790e-01 -7.698174e-04 -3.891856e+01 2.912208e-01 -2.479144e-02 9.563346e-01 5.634888e+02
9.515761e-01 -8.390191e-02 -2.957420e-01 1.334868e+00 8.809302e-02 9.961119e-01 8.505078e-04 -3.893478e+01 2.945208e-01 -2.686213e-02 9.552675e-01 5.645354e+02
9.505045e-01 -8.467613e-02 -2.989502e-01 1.003462e+00 8.953051e-02 9.959808e-01 2.553424e-03 -3.894586e+01 2.975325e-01 -2.919221e-02 9.542653e-01 5.655758e+02
9.498877e-01 -7.985638e-02 -3.022189e-01 6.601532e-01 8.458483e-02 9.964130e-01 2.568225e-03 -3.896623e+01 3.009297e-01 -2.800266e-02 9.532351e-01 5.666143e+02
9.485709e-01 -8.053684e-02 -3.061486e-01 3.349398e-01 8.375389e-02 9.964830e-01 -2.636245e-03 -3.897060e+01 3.052842e-01 -2.314047e-02 9.519801e-01 5.676165e+02
9.475140e-01 -8.320132e-02 -3.086985e-01 1.734940e-02 8.466867e-02 9.963715e-01 -8.664362e-03 -3.899788e+01 3.082993e-01 -1.792749e-02 9.511205e-01 5.686100e+02
9.470256e-01 -8.267391e-02 -3.103347e-01 -3.126043e-01 8.387116e-02 9.964312e-01 -9.508234e-03 -3.902051e+01 3.100133e-01 -1.702359e-02 9.505798e-01 5.696266e+02
9.470015e-01 -8.050048e-02 -3.109789e-01 -6.455437e-01 8.266964e-02 9.965576e-01 -6.222558e-03 -3.904426e+01 3.104093e-01 -1.981575e-02 9.503964e-01 5.706306e+02
9.470960e-01 -7.676548e-02 -3.116348e-01 -1.003154e+00 7.975914e-02 9.968092e-01 -3.147816e-03 -3.906868e+01 3.108821e-01 -2.187444e-02 9.501967e-01 5.716649e+02
9.468096e-01 -7.770137e-02 -3.122725e-01 -1.325861e+00 8.173407e-02 9.966542e-01 -1.754576e-04 -3.909661e+01 3.112413e-01 -2.535717e-02 9.499926e-01 5.726669e+02
9.470653e-01 -7.459025e-02 -3.122556e-01 -1.670110e+00 7.941875e-02 9.968375e-01 2.755394e-03 -3.911892e+01 3.110626e-01 -2.740849e-02 9.499941e-01 5.736837e+02
9.478713e-01 -7.199205e-02 -3.104144e-01 -2.019903e+00 7.726915e-02 9.969991e-01 4.720162e-03 -3.912964e+01 3.091431e-01 -2.845957e-02 9.505896e-01 5.747189e+02
9.487488e-01 -6.923823e-02 -3.083535e-01 -2.329371e+00 7.453418e-02 9.972038e-01 5.414515e-03 -3.914260e+01 3.071163e-01 -2.811989e-02 9.512564e-01 5.757172e+02
9.497889e-01 -7.154364e-02 -3.046023e-01 -2.676032e+00 7.446993e-02 9.972212e-01 -2.016149e-03 -3.915384e+01 3.039001e-01 -2.076879e-02 9.524775e-01 5.767453e+02
9.511203e-01 -7.443003e-02 -2.997171e-01 -2.997989e+00 7.568825e-02 9.971039e-01 -7.426472e-03 -3.916884e+01 2.994018e-01 -1.562159e-02 9.539992e-01 5.777593e+02
9.531102e-01 -6.815567e-02 -2.948488e-01 -3.311161e+00 6.972343e-02 9.975528e-01 -5.205282e-03 -3.917866e+01 2.944820e-01 -1.559666e-02 9.555297e-01 5.787541e+02
9.546402e-01 -6.619459e-02 -2.903109e-01 -3.602781e+00 7.082215e-02 9.974741e-01 5.450304e-03 -3.919584e+01 2.892168e-01 -2.576352e-02 9.569169e-01 5.797353e+02
9.566109e-01 -5.823041e-02 -2.854904e-01 -3.896393e+00 6.398698e-02 9.978915e-01 1.086905e-02 -3.921697e+01 2.842555e-01 -2.866512e-02 9.583199e-01 5.807391e+02
9.584949e-01 -5.926832e-02 -2.788812e-01 -4.183970e+00 6.307836e-02 9.979975e-01 4.699691e-03 -3.923268e+01 2.780442e-01 -2.209600e-02 9.603141e-01 5.817337e+02
9.598064e-01 -6.566437e-02 -2.728733e-01 -4.453634e+00 6.677183e-02 9.977545e-01 -5.236455e-03 -3.923809e+01 2.726044e-01 -1.319427e-02 9.620357e-01 5.827320e+02
9.611675e-01 -6.496699e-02 -2.682096e-01 -4.737394e+00 6.556985e-02 9.978254e-01 -6.719040e-03 -3.924285e+01 2.680629e-01 -1.112834e-02 9.633372e-01 5.837719e+02
9.621822e-01 -6.672408e-02 -2.641084e-01 -5.012893e+00 6.991170e-02 9.975496e-01 2.677745e-03 -3.926821e+01 2.632826e-01 -2.104075e-02 9.644893e-01 5.848143e+02
9.628161e-01 -7.114631e-02 -2.606210e-01 -5.268596e+00 7.642585e-02 9.970234e-01 1.016612e-02 -3.926769e+01 2.591220e-01 -2.970628e-02 9.653877e-01 5.858783e+02
9.634422e-01 -7.697608e-02 -2.566199e-01 -5.549494e+00 8.166194e-02 9.966308e-01 7.637108e-03 -3.927355e+01 2.551674e-01 -2.831399e-02 9.664822e-01 5.869388e+02
9.638970e-01 -8.072139e-02 -2.537453e-01 -5.829478e+00 8.383924e-02 9.964782e-01 1.478971e-03 -3.927802e+01 2.527323e-01 -2.269939e-02 9.672699e-01 5.880067e+02
9.645642e-01 -8.185361e-02 -2.508302e-01 -6.112546e+00 8.437476e-02 9.964338e-01 -7.049677e-04 -3.928224e+01 2.499934e-01 -2.048375e-02 9.680308e-01 5.890621e+02
9.655185e-01 -7.691403e-02 -2.487131e-01 -6.408791e+00 8.055779e-02 9.967398e-01 4.490160e-03 -3.928795e+01 2.475569e-01 -2.437111e-02 9.685668e-01 5.901321e+02
9.662920e-01 -7.733384e-02 -2.455592e-01 -6.690582e+00 8.173545e-02 9.966238e-01 7.768242e-03 -3.929075e+01 2.441294e-01 -2.757728e-02 9.693505e-01 5.912000e+02
9.672833e-01 -7.457951e-02 -2.424889e-01 -6.969060e+00 7.840654e-02 9.969025e-01 6.156354e-03 -3.929999e+01 2.412787e-01 -2.496766e-02 9.701346e-01 5.922828e+02
9.680410e-01 -7.483591e-02 -2.393663e-01 -7.261123e+00 7.761987e-02 9.969806e-01 2.211153e-03 -3.930772e+01 2.384780e-01 -2.072007e-02 9.709268e-01 5.933746e+02
9.681844e-01 -7.791687e-02 -2.377981e-01 -7.511743e+00 8.063473e-02 9.967423e-01 1.708382e-03 -3.931811e+01 2.368903e-01 -2.082881e-02 9.713131e-01 5.944464e+02
9.686579e-01 -7.992040e-02 -2.351905e-01 -7.786109e+00 8.274633e-02 9.965683e-01 2.154638e-03 -3.932849e+01 2.342112e-01 -2.154826e-02 9.719469e-01 5.955536e+02
9.688244e-01 -8.627499e-02 -2.322409e-01 -8.050956e+00 8.854702e-02 9.960718e-01 -6.440475e-04 -3.933998e+01 2.313842e-01 -1.994027e-02 9.726581e-01 5.966526e+02
9.693088e-01 -8.800108e-02 -2.295568e-01 -8.298864e+00 8.873460e-02 9.960297e-01 -7.146225e-03 -3.934721e+01 2.292743e-01 -1.344273e-02 9.732690e-01 5.977491e+02
9.695974e-01 -9.012553e-02 -2.275045e-01 -8.553301e+00 9.104311e-02 9.958259e-01 -6.479726e-03 -3.936839e+01 2.271388e-01 -1.442999e-02 9.737555e-01 5.988558e+02
9.693254e-01 -9.447941e-02 -2.268964e-01 -8.813872e+00 9.775408e-02 9.952054e-01 3.213307e-03 -3.938652e+01 2.255049e-01 -2.529479e-02 9.739136e-01 6.000081e+02
9.693530e-01 -9.595149e-02 -2.261593e-01 -9.070795e+00 1.006642e-01 9.948763e-01 9.370864e-03 -3.939745e+01 2.241013e-01 -3.184982e-02 9.740453e-01 6.011455e+02
9.693340e-01 -9.941276e-02 -2.247414e-01 -9.322246e+00 1.039307e-01 9.945496e-01 8.332277e-03 -3.940992e+01 2.226881e-01 -3.143428e-02 9.743828e-01 6.022743e+02
9.694196e-01 -1.002221e-01 -2.240117e-01 -9.583883e+00 1.033927e-01 9.946376e-01 2.438508e-03 -3.941380e+01 2.225661e-01 -2.552511e-02 9.745834e-01 6.034013e+02
9.696014e-01 -9.822297e-02 -2.241101e-01 -9.848640e+00 1.010063e-01 9.948853e-01 9.605451e-04 -3.942196e+01 2.228695e-01 -2.356788e-02 9.745634e-01 6.045318e+02
9.695246e-01 -9.641463e-02 -2.252247e-01 -1.011118e+01 9.942646e-02 9.950428e-01 2.041153e-03 -3.943211e+01 2.239115e-01 -2.437225e-02 9.743047e-01 6.056653e+02
9.698588e-01 -9.079711e-02 -2.261189e-01 -1.041365e+01 9.451887e-02 9.955070e-01 5.664292e-03 -3.943968e+01 2.245887e-01 -2.686607e-02 9.740832e-01 6.068529e+02
9.698823e-01 -8.697466e-02 -2.275166e-01 -1.069524e+01 9.136711e-02 9.957782e-01 8.825144e-03 -3.944396e+01 2.257885e-01 -2.934689e-02 9.737342e-01 6.080190e+02
9.698139e-01 -8.319006e-02 -2.292169e-01 -1.097066e+01 8.835853e-02 9.960121e-01 1.235962e-02 -3.944326e+01 2.272746e-01 -3.223980e-02 9.732969e-01 6.092116e+02
9.697041e-01 -8.236175e-02 -2.299795e-01 -1.125636e+01 8.766730e-02 9.960659e-01 1.292988e-02 -3.943679e+01 2.280098e-01 -3.269984e-02 9.731096e-01 6.103838e+02
9.697834e-01 -7.939585e-02 -2.306870e-01 -1.154426e+01 8.423070e-02 9.963837e-01 1.117016e-02 -3.943278e+01 2.289658e-01 -3.026356e-02 9.729639e-01 6.115654e+02
9.692678e-01 -8.433823e-02 -2.310997e-01 -1.183162e+01 8.823246e-02 9.960784e-01 6.548644e-03 -3.943341e+01 2.296412e-01 -2.673789e-02 9.729080e-01 6.127409e+02
9.685791e-01 -8.867789e-02 -2.323589e-01 -1.208843e+01 9.111593e-02 9.958403e-01 -2.411188e-04 -3.943052e+01 2.314138e-01 -2.093806e-02 9.726301e-01 6.139096e+02
9.681999e-01 -8.973690e-02 -2.335298e-01 -1.234638e+01 9.160559e-02 9.957913e-01 -2.854872e-03 -3.944670e+01 2.328031e-01 -1.862855e-02 9.723455e-01 6.150806e+02
9.681540e-01 -8.793152e-02 -2.344053e-01 -1.262789e+01 8.997683e-02 9.959419e-01 -1.976299e-03 -3.945783e+01 2.336278e-01 -1.917769e-02 9.721369e-01 6.162567e+02
9.686398e-01 -8.492281e-02 -2.335059e-01 -1.293335e+01 8.596555e-02 9.962816e-01 -5.727425e-03 -3.947304e+01 2.331241e-01 -1.452565e-02 9.723385e-01 6.174668e+02
9.691891e-01 -8.219983e-02 -2.321975e-01 -1.323738e+01 8.244202e-02 9.965581e-01 -8.677941e-03 -3.949146e+01 2.321116e-01 -1.073226e-02 9.726300e-01 6.186793e+02
9.694816e-01 -8.179040e-02 -2.311184e-01 -1.354079e+01 8.238152e-02 9.965755e-01 -7.108627e-03 -3.951234e+01 2.309084e-01 -1.214820e-02 9.728997e-01 6.199041e+02
9.694934e-01 -8.313649e-02 -2.305880e-01 -1.383649e+01 8.447035e-02 9.964176e-01 -4.099157e-03 -3.953496e+01 2.301027e-01 -1.550374e-02 9.730428e-01 6.211445e+02
9.693959e-01 -8.650489e-02 -2.297574e-01 -1.412146e+01 8.806027e-02 9.961090e-01 -3.495151e-03 -3.955035e+01 2.291658e-01 -1.684431e-02 9.732417e-01 6.223571e+02
9.695789e-01 -8.620650e-02 -2.290966e-01 -1.441098e+01 8.862043e-02 9.960654e-01 2.495691e-04 -3.956654e+01 2.281737e-01 -2.054462e-02 9.734037e-01 6.235710e+02
9.700578e-01 -8.628294e-02 -2.270311e-01 -1.471120e+01 9.030074e-02 9.958874e-01 7.350735e-03 -3.957776e+01 2.254632e-01 -2.763172e-02 9.738598e-01 6.247898e+02
9.707899e-01 -8.388142e-02 -2.247908e-01 -1.499845e+01 8.809827e-02 9.960731e-01 8.776539e-03 -3.958155e+01 2.231719e-01 -2.832385e-02 9.743675e-01 6.260141e+02
9.714761e-01 -8.523035e-02 -2.212915e-01 -1.528290e+01 8.849217e-02 9.960651e-01 4.849032e-03 -3.958792e+01 2.200075e-01 -2.429329e-02 9.751956e-01 6.272237e+02
9.721025e-01 -8.694437e-02 -2.178470e-01 -1.556378e+01 8.874807e-02 9.960530e-01 -1.510102e-03 -3.959465e+01 2.171184e-01 -1.786553e-02 9.759818e-01 6.284575e+02
9.726660e-01 -8.913845e-02 -2.144184e-01 -1.583454e+01 9.091896e-02 9.958571e-01 -1.564124e-03 -3.960753e+01 2.136695e-01 -1.797332e-02 9.767407e-01 6.296936e+02
9.734270e-01 -8.900680e-02 -2.109923e-01 -1.611760e+01 9.110806e-02 9.958410e-01 2.389886e-04 -3.962901e+01 2.100935e-01 -1.945574e-02 9.774877e-01 6.309412e+02
9.740751e-01 -9.040666e-02 -2.073747e-01 -1.637883e+01 9.225652e-02 9.957350e-01 -7.536671e-04 -3.964445e+01 2.065584e-01 -1.839754e-02 9.782613e-01 6.321694e+02
9.745447e-01 -9.309262e-02 -2.039521e-01 -1.664502e+01 9.500601e-02 9.954766e-01 -4.115008e-04 -3.965374e+01 2.030678e-01 -1.897565e-02 9.789808e-01 6.334042e+02
9.752498e-01 -9.321605e-02 -2.004958e-01 -1.688300e+01 9.586940e-02 9.953876e-01 3.543808e-03 -3.966779e+01 1.992407e-01 -2.267751e-02 9.796882e-01 6.346424e+02
9.762939e-01 -8.952330e-02 -1.970681e-01 -1.713529e+01 9.233391e-02 9.957150e-01 5.101465e-03 -3.967457e+01 1.957670e-01 -2.317660e-02 9.803765e-01 6.358549e+02
9.774768e-01 -8.644425e-02 -1.925267e-01 -1.740443e+01 8.874088e-02 9.960492e-01 3.321227e-03 -3.968376e+01 1.914790e-01 -2.033141e-02 9.812861e-01 6.371098e+02
9.783491e-01 -8.568769e-02 -1.883898e-01 -1.764415e+01 8.754017e-02 9.961598e-01 1.519206e-03 -3.969077e+01 1.875362e-01 -1.797799e-02 9.820932e-01 6.383411e+02
9.792477e-01 -8.527249e-02 -1.838549e-01 -1.789396e+01 8.735647e-02 9.961718e-01 3.250232e-03 -3.969780e+01 1.828739e-01 -1.924370e-02 9.829480e-01 6.395926e+02
9.797668e-01 -8.631316e-02 -1.805741e-01 -1.812792e+01 8.928654e-02 9.959707e-01 8.387775e-03 -3.970799e+01 1.791225e-01 -2.434090e-02 9.835256e-01 6.408336e+02
9.800288e-01 -8.866028e-02 -1.779969e-01 -1.834769e+01 9.240855e-02 9.956381e-01 1.286252e-02 -3.970870e+01 1.760801e-01 -2.905407e-02 9.839470e-01 6.420799e+02
9.802351e-01 -9.232777e-02 -1.749704e-01 -1.856956e+01 9.622571e-02 9.952624e-01 1.390789e-02 -3.970640e+01 1.728574e-01 -3.046966e-02 9.844755e-01 6.433311e+02
9.809264e-01 -9.114795e-02 -1.716843e-01 -1.879399e+01 9.476610e-02 9.954149e-01 1.298043e-02 -3.970712e+01 1.697140e-01 -2.900270e-02 9.850665e-01 6.445638e+02
9.815942e-01 -8.951884e-02 -1.686983e-01 -1.900784e+01 9.294032e-02 9.955935e-01 1.247975e-02 -3.970561e+01 1.668377e-01 -2.792892e-02 9.855887e-01 6.457998e+02
9.820245e-01 -9.113352e-02 -1.652952e-01 -1.921863e+01 9.457083e-02 9.954329e-01 1.302863e-02 -3.970318e+01 1.633530e-01 -2.842655e-02 9.861581e-01 6.470316e+02
9.824454e-01 -9.099686e-02 -1.628512e-01 -1.942046e+01 9.471429e-02 9.953885e-01 1.519421e-02 -3.970178e+01 1.607176e-01 -3.035182e-02 9.865336e-01 6.482641e+02
9.825202e-01 -9.382274e-02 -1.607838e-01 -1.961667e+01 9.741265e-02 9.951374e-01 1.457471e-02 -3.969580e+01 1.586345e-01 -2.998232e-02 9.868820e-01 6.494987e+02
9.825888e-01 -9.706113e-02 -1.584250e-01 -1.982099e+01 1.004776e-01 9.948453e-01 1.368050e-02 -3.969492e+01 1.562805e-01 -2.936046e-02 9.872762e-01 6.507560e+02
9.829916e-01 -9.735260e-02 -1.557241e-01 -2.002309e+01 1.007815e-01 9.948064e-01 1.425857e-02 -3.969846e+01 1.535272e-01 -2.971017e-02 9.876977e-01 6.519849e+02
9.838224e-01 -9.231174e-02 -1.535318e-01 -2.023165e+01 9.610748e-02 9.952176e-01 1.747141e-02 -3.969824e+01 1.511848e-01 -3.194432e-02 9.879892e-01 6.532291e+02
9.843171e-01 -9.130324e-02 -1.509424e-01 -2.042854e+01 9.558109e-02 9.951934e-01 2.131752e-02 -3.970019e+01 1.482705e-01 -3.541044e-02 9.883127e-01 6.544667e+02
9.850906e-01 -8.591326e-02 -1.490483e-01 -2.060687e+01 9.055520e-02 9.955868e-01 2.462937e-02 -3.969114e+01 1.462745e-01 -3.775926e-02 9.885231e-01 6.556847e+02
9.858979e-01 -8.038392e-02 -1.467777e-01 -2.080870e+01 8.522993e-02 9.959948e-01 2.702074e-02 -3.967308e+01 1.440178e-01 -3.914954e-02 9.888004e-01 6.568898e+02
9.864011e-01 -7.620762e-02 -1.456206e-01 -2.100167e+01 8.137339e-02 9.962368e-01 2.984442e-02 -3.966277e+01 1.427982e-01 -4.128820e-02 9.888903e-01 6.581182e+02
9.867233e-01 -7.799448e-02 -1.424567e-01 -2.118620e+01 8.272001e-02 9.961920e-01 2.754717e-02 -3.965187e+01 1.397657e-01 -3.896546e-02 9.894176e-01 6.593201e+02
9.878226e-01 -6.952567e-02 -1.391860e-01 -2.140243e+01 7.254954e-02 9.972239e-01 1.676477e-02 -3.966348e+01 1.376340e-01 -2.665850e-02 9.901243e-01 6.605787e+02
9.878058e-01 -7.548232e-02 -1.361695e-01 -2.157308e+01 7.648583e-02 9.970684e-01 2.145225e-03 -3.965300e+01 1.356084e-01 -1.253411e-02 9.906832e-01 6.618136e+02
9.881888e-01 -7.383277e-02 -1.342816e-01 -2.173571e+01 7.392384e-02 9.972546e-01 -4.314468e-03 -3.966136e+01 1.342315e-01 -5.663101e-03 9.909338e-01 6.630395e+02
9.885630e-01 -7.312762e-02 -1.318923e-01 -2.191104e+01 7.452702e-02 9.972027e-01 5.698599e-03 -3.967886e+01 1.311066e-01 -1.546296e-02 9.912477e-01 6.642874e+02
9.888606e-01 -7.015841e-02 -1.312723e-01 -2.207060e+01 7.358898e-02 9.970577e-01 2.146121e-02 -3.967805e+01 1.293804e-01 -3.088234e-02 9.911140e-01 6.655297e+02
9.889616e-01 -7.226137e-02 -1.293573e-01 -2.225073e+01 7.684072e-02 9.965688e-01 3.076054e-02 -3.967181e+01 1.266906e-01 -4.036090e-02 9.911208e-01 6.667943e+02
9.892610e-01 -7.429649e-02 -1.258680e-01 -2.241862e+01 7.734373e-02 9.968139e-01 1.949150e-02 -3.968001e+01 1.240188e-01 -2.901728e-02 9.918555e-01 6.680516e+02
9.894309e-01 -7.796752e-02 -1.222604e-01 -2.256904e+01 7.849188e-02 9.969146e-01 -5.290108e-04 -3.967670e+01 1.219244e-01 -9.073028e-03 9.924979e-01 6.692509e+02
9.898570e-01 -7.590063e-02 -1.200923e-01 -2.272969e+01 7.669795e-02 9.970523e-01 2.024257e-03 -3.967994e+01 1.195847e-01 -1.121456e-02 9.927607e-01 6.704836e+02
9.902435e-01 -7.424668e-02 -1.179203e-01 -2.286907e+01 7.570004e-02 9.970994e-01 7.887984e-03 -3.967670e+01 1.169927e-01 -1.673760e-02 9.929917e-01 6.717054e+02
9.907923e-01 -7.118039e-02 -1.151690e-01 -2.302138e+01 7.321796e-02 9.972239e-01 1.355411e-02 -3.966970e+01 1.138845e-01 -2.186174e-02 9.932534e-01 6.729600e+02
9.910711e-01 -7.140256e-02 -1.126044e-01 -2.316984e+01 7.319990e-02 9.972463e-01 1.190338e-02 -3.966947e+01 1.114444e-01 -2.003973e-02 9.935686e-01 6.741987e+02
9.913123e-01 -7.191458e-02 -1.101283e-01 -2.332036e+01 7.303683e-02 9.973101e-01 6.185228e-03 -3.967906e+01 1.093873e-01 -1.417492e-02 9.938981e-01 6.754413e+02
9.913701e-01 -7.454063e-02 -1.078377e-01 -2.344932e+01 7.481659e-02 9.971962e-01 -1.490181e-03 -3.969688e+01 1.076464e-01 -6.590729e-03 9.941674e-01 6.766597e+02
9.917176e-01 -7.361709e-02 -1.052457e-01 -2.358491e+01 7.349809e-02 9.972828e-01 -5.014012e-03 -3.971265e+01 1.053289e-01 -2.762876e-03 9.944336e-01 6.778834e+02
9.917929e-01 -7.606541e-02 -1.027666e-01 -2.371435e+01 7.637344e-02 9.970788e-01 -9.398281e-04 -3.973198e+01 1.025379e-01 -6.916525e-03 9.947051e-01 6.791157e+02
9.919780e-01 -7.602350e-02 -1.009951e-01 -2.384144e+01 7.725852e-02 9.969760e-01 8.368281e-03 -3.973873e+01 1.000535e-01 -1.610389e-02 9.948517e-01 6.803419e+02
9.918642e-01 -7.884362e-02 -9.994520e-02 -2.395331e+01 8.095532e-02 9.965685e-01 1.724564e-02 -3.973796e+01 9.824253e-02 -2.519643e-02 9.948435e-01 6.815918e+02
9.917641e-01 -8.234629e-02 -9.809690e-02 -2.406842e+01 8.428110e-02 9.963177e-01 1.573859e-02 -3.973667e+01 9.643967e-02 -2.387668e-02 9.950524e-01 6.828271e+02
9.920338e-01 -8.390592e-02 -9.396089e-02 -2.419780e+01 8.521873e-02 9.963117e-01 1.004050e-02 -3.973816e+01 9.277187e-02 -1.796775e-02 9.955253e-01 6.840633e+02
9.926257e-01 -7.994943e-02 -9.111687e-02 -2.430622e+01 8.040473e-02 9.967614e-01 1.331212e-03 -3.974746e+01 9.071535e-02 -8.647622e-03 9.958393e-01 6.852757e+02
9.931064e-01 -7.731585e-02 -8.810238e-02 -2.442580e+01 7.720685e-02 9.970043e-01 -4.649329e-03 -3.976455e+01 8.819791e-02 -2.184829e-03 9.961006e-01 6.864816e+02
9.936687e-01 -7.316645e-02 -8.526001e-02 -2.455188e+01 7.324217e-02 9.973117e-01 -2.243799e-03 -3.980000e+01 8.519498e-02 -4.015035e-03 9.963562e-01 6.877185e+02
9.941289e-01 -6.875898e-02 -8.354643e-02 -2.464716e+01 6.936001e-02 9.975824e-01 4.309514e-03 -3.982688e+01 8.304813e-02 -1.007899e-02 9.964946e-01 6.889340e+02
9.942639e-01 -6.913846e-02 -8.160349e-02 -2.476188e+01 6.986260e-02 9.975383e-01 6.048758e-03 -3.982604e+01 8.098440e-02 -1.171509e-02 9.966465e-01 6.901597e+02
9.941398e-01 -7.314898e-02 -7.959441e-02 -2.485684e+01 7.396482e-02 9.972338e-01 7.346413e-03 -3.983407e+01 7.883685e-02 -1.319055e-02 9.968003e-01 6.913693e+02
9.943801e-01 -7.144234e-02 -7.813006e-02 -2.494836e+01 7.228501e-02 9.973519e-01 8.007399e-03 -3.984330e+01 7.735110e-02 -1.361003e-02 9.969110e-01 6.925827e+02
9.943121e-01 -7.393536e-02 -7.666184e-02 -2.503082e+01 7.480706e-02 9.971613e-01 8.558073e-03 -3.985699e+01 7.581148e-02 -1.424424e-02 9.970204e-01 6.937836e+02
9.943855e-01 -7.524989e-02 -7.439669e-02 -2.511728e+01 7.560746e-02 9.971357e-01 1.997590e-03 -3.987118e+01 7.403327e-02 -7.611320e-03 9.972267e-01 6.949965e+02
9.947679e-01 -7.307925e-02 -7.138796e-02 -2.520446e+01 7.289815e-02 9.973261e-01 -5.142470e-03 -3.988235e+01 7.157288e-02 -8.848577e-05 9.974354e-01 6.961842e+02
9.952446e-01 -6.834113e-02 -6.941005e-02 -2.530378e+01 6.814246e-02 9.976619e-01 -5.228827e-03 -3.990231e+01 6.960510e-02 4.741909e-04 9.975745e-01 6.974100e+02
9.955859e-01 -6.574617e-02 -6.697890e-02 -2.538766e+01 6.581993e-02 9.978309e-01 -1.107238e-03 -3.992311e+01 6.690641e-02 -3.306196e-03 9.977538e-01 6.986117e+02
9.958249e-01 -6.534209e-02 -6.374357e-02 -2.547539e+01 6.576867e-02 9.978242e-01 4.614708e-03 -3.994511e+01 6.330334e-02 -8.787771e-03 9.979556e-01 6.998297e+02
9.960129e-01 -6.513221e-02 -6.095994e-02 -2.556749e+01 6.554292e-02 9.978384e-01 4.760089e-03 -3.995123e+01 6.051813e-02 -8.736602e-03 9.981289e-01 7.010762e+02
9.958263e-01 -6.996120e-02 -5.861292e-02 -2.563868e+01 7.034417e-02 9.975127e-01 4.493800e-03 -3.995984e+01 5.815273e-02 -8.598121e-03 9.982707e-01 7.022908e+02
9.958380e-01 -7.105367e-02 -5.707998e-02 -2.565795e+01 7.130703e-02 9.974515e-01 2.411573e-03 -3.997276e+01 5.676316e-02 -6.471740e-03 9.983667e-01 7.034296e+02
9.959207e-01 -7.235621e-02 -5.391295e-02 -2.573447e+01 7.245316e-02 9.973718e-01 -1.565941e-04 -3.998914e+01 5.378258e-02 -3.750208e-03 9.985456e-01 7.046433e+02
9.962273e-01 -6.948331e-02 -5.199278e-02 -2.577266e+01 6.960923e-02 9.975741e-01 6.128766e-04 -4.001079e+01 5.182406e-02 -4.229741e-03 9.986473e-01 7.057833e+02
9.962518e-01 -7.047765e-02 -5.015225e-02 -2.580615e+01 7.081273e-02 9.974774e-01 4.933916e-03 -4.001616e+01 4.967801e-02 -8.466841e-03 9.987294e-01 7.069528e+02
9.965808e-01 -6.799729e-02 -4.693702e-02 -2.586562e+01 6.818140e-02 9.976702e-01 2.331005e-03 -4.004581e+01 4.666916e-02 -5.523267e-03 9.988951e-01 7.081578e+02
9.966604e-01 -6.888712e-02 -4.384671e-02 -2.592521e+01 6.877289e-02 9.976239e-01 -4.110234e-03 -4.006149e+01 4.402566e-02 1.081043e-03 9.990298e-01 7.093307e+02
9.966429e-01 -7.088067e-02 -4.097348e-02 -2.596551e+01 7.070821e-02 9.974811e-01 -5.644787e-03 -4.009544e+01 4.127038e-02 2.728675e-03 9.991443e-01 7.104845e+02
9.969376e-01 -6.745231e-02 -3.956832e-02 -2.599799e+01 6.730425e-02 9.977196e-01 -5.063526e-03 -4.013857e+01 3.981964e-02 2.384903e-03 9.992040e-01 7.116791e+02
9.970471e-01 -6.729517e-02 -3.699127e-02 -2.607309e+01 6.724610e-02 9.977331e-01 -2.570740e-03 -4.016382e+01 3.708041e-02 7.563006e-05 9.993123e-01 7.129222e+02
9.974451e-01 -6.228686e-02 -3.497892e-02 -2.608209e+01 6.218874e-02 9.980568e-01 -3.887075e-03 -4.019056e+01 3.515306e-02 1.701849e-03 9.993805e-01 7.140036e+02
9.976331e-01 -6.051525e-02 -3.265027e-02 -2.610843e+01 6.046303e-02 9.981671e-01 -2.585082e-03 -4.019803e+01 3.274686e-02 6.048289e-04 9.994635e-01 7.151420e+02
9.978030e-01 -5.855116e-02 -3.099987e-02 -2.613265e+01 5.853065e-02 9.982844e-01 -1.569252e-03 -4.021099e+01 3.103857e-02 -2.486377e-04 9.995182e-01 7.162796e+02
9.978811e-01 -5.812460e-02 -2.923614e-02 -2.616849e+01 5.816664e-02 9.983067e-01 5.888761e-04 -4.022674e+01 2.915240e-02 -2.288196e-03 9.995724e-01 7.174578e+02
9.978828e-01 -5.897052e-02 -2.743116e-02 -2.620678e+01 5.900161e-02 9.982578e-01 3.246415e-04 -4.024459e+01 2.736423e-02 -1.942437e-03 9.996236e-01 7.186617e+02
9.980096e-01 -5.814213e-02 -2.441943e-02 -2.623261e+01 5.812863e-02 9.983083e-01 -1.262875e-03 -4.025824e+01 2.445155e-02 -1.591070e-04 9.997010e-01 7.198410e+02
9.980737e-01 -5.800691e-02 -2.200017e-02 -2.625429e+01 5.788412e-02 9.983042e-01 -6.178465e-03 -4.027852e+01 2.232125e-02 4.893103e-03 9.997389e-01 7.209958e+02
9.982692e-01 -5.541969e-02 -1.968131e-02 -2.629744e+01 5.528761e-02 9.984446e-01 -7.193240e-03 -4.028466e+01 2.004935e-02 6.092657e-03 9.997804e-01 7.221970e+02
9.981508e-01 -5.811498e-02 -1.782205e-02 -2.631664e+01 5.798269e-02 9.982867e-01 -7.852145e-03 -4.031335e+01 1.824784e-02 6.804255e-03 9.998103e-01 7.233607e+02
9.980677e-01 -5.973697e-02 -1.709614e-02 -2.633315e+01 5.972099e-02 9.982141e-01 -1.444296e-03 -4.032946e+01 1.715188e-02 4.205068e-04 9.998528e-01 7.245306e+02
9.980718e-01 -5.992902e-02 -1.616168e-02 -2.636814e+01 6.004005e-02 9.981750e-01 6.474355e-03 -4.034247e+01 1.574418e-02 -7.432219e-03 9.998484e-01 7.257310e+02
9.982314e-01 -5.721115e-02 -1.615185e-02 -2.639463e+01 5.740065e-02 9.982847e-01 1.152314e-02 -4.035346e+01 1.546489e-02 -1.242989e-02 9.998031e-01 7.269167e+02
9.983098e-01 -5.612791e-02 -1.507241e-02 -2.642281e+01 5.624681e-02 9.983881e-01 7.584133e-03 -4.035898e+01 1.462244e-02 -8.419090e-03 9.998576e-01 7.280715e+02
9.985625e-01 -5.175710e-02 -1.393559e-02 -2.645448e+01 5.177270e-02 9.986586e-01 7.613744e-04 -4.037006e+01 1.387749e-02 -1.481763e-03 9.999026e-01 7.292325e+02
9.988111e-01 -4.696876e-02 -1.304864e-02 -2.648046e+01 4.698938e-02 9.988946e-01 1.277403e-03 -4.038171e+01 1.297422e-02 -1.889032e-03 9.999140e-01 7.303745e+02
9.990768e-01 -4.128987e-02 -1.186251e-02 -2.650636e+01 4.136729e-02 9.991238e-01 6.356923e-03 -4.038998e+01 1.158964e-02 -6.841774e-03 9.999094e-01 7.315350e+02
9.991998e-01 -3.863015e-02 -1.037117e-02 -2.651811e+01 3.876656e-02 9.991599e-01 1.329076e-02 -4.039184e+01 9.849030e-03 -1.368218e-02 9.998579e-01 7.327040e+02
9.992675e-01 -3.753783e-02 -7.438677e-03 -2.653273e+01 3.767037e-02 9.991178e-01 1.856035e-02 -4.038905e+01 6.735399e-03 -1.882697e-02 9.998001e-01 7.338331e+02
9.992085e-01 -3.957511e-02 -4.019134e-03 -2.654371e+01 3.965877e-02 9.989377e-01 2.346557e-02 -4.037966e+01 3.086211e-03 -2.360639e-02 9.997166e-01 7.349615e+02
9.991751e-01 -4.053670e-02 -2.415291e-03 -2.653448e+01 4.059098e-02 9.987250e-01 3.001274e-02 -4.039458e+01 1.195594e-03 -3.008602e-02 9.995466e-01 7.360565e+02
9.989665e-01 -4.544680e-02 -7.841244e-04 -2.651452e+01 4.544646e-02 9.983568e-01 3.490534e-02 -4.038581e+01 -8.035002e-04 -3.490490e-02 9.993903e-01 7.371570e+02
9.989586e-01 -4.558365e-02 1.984954e-03 -2.652013e+01 4.547717e-02 9.982598e-01 3.753868e-02 -4.036794e+01 -3.692650e-03 -3.740932e-02 9.992932e-01 7.382674e+02
9.989968e-01 -4.446501e-02 5.319632e-03 -2.649881e+01 4.421880e-02 9.982283e-01 3.981230e-02 -4.034942e+01 -7.080461e-03 -3.953713e-02 9.991930e-01 7.393370e+02
9.992658e-01 -3.683303e-02 1.054035e-02 -2.650744e+01 3.639719e-02 9.985792e-01 3.891975e-02 -4.032802e+01 -1.195891e-02 -3.850754e-02 9.991867e-01 7.404281e+02
9.995561e-01 -2.438741e-02 1.711313e-02 -2.651138e+01 2.374817e-02 9.990473e-01 3.661175e-02 -4.030713e+01 -1.798969e-02 -3.618909e-02 9.991830e-01 7.415059e+02
9.994058e-01 -2.259627e-02 2.602716e-02 -2.648518e+01 2.180520e-02 9.993034e-01 3.028669e-02 -4.027414e+01 -2.669340e-02 -2.970117e-02 9.992023e-01 7.425711e+02
9.992766e-01 -1.553134e-02 3.471481e-02 -2.646042e+01 1.444547e-02 9.994052e-01 3.131451e-02 -4.024573e+01 -3.518052e-02 -3.079039e-02 9.989065e-01 7.436401e+02
9.988391e-01 -1.560259e-02 4.557315e-02 -2.644858e+01 1.400038e-02 9.992799e-01 3.526682e-02 -4.021856e+01 -4.609059e-02 -3.458784e-02 9.983383e-01 7.447608e+02
9.982857e-01 -1.857242e-02 5.550390e-02 -2.640195e+01 1.616949e-02 9.989255e-01 4.343285e-02 -4.018045e+01 -5.625091e-02 -4.246093e-02 9.975134e-01 7.458337e+02
9.976592e-01 -2.373204e-02 6.413216e-02 -2.628079e+01 2.044856e-02 9.984699e-01 5.137875e-02 -4.011702e+01 -6.525335e-02 -4.994707e-02 9.966179e-01 7.468672e+02
9.968419e-01 -3.280303e-02 7.231946e-02 -2.616653e+01 2.850647e-02 9.978115e-01 5.966297e-02 -4.007354e+01 -7.411831e-02 -5.741298e-02 9.955954e-01 7.479603e+02
9.957758e-01 -4.029682e-02 8.250330e-02 -2.609983e+01 3.493969e-02 9.972487e-01 6.537748e-02 -4.004180e+01 -8.491082e-02 -6.221867e-02 9.944441e-01 7.490787e+02
9.944072e-01 -5.003912e-02 9.300795e-02 -2.599195e+01 4.377687e-02 9.967112e-01 6.819332e-02 -3.998142e+01 -9.611440e-02 -6.374033e-02 9.933273e-01 7.501407e+02
9.932312e-01 -5.136823e-02 1.041781e-01 -2.589776e+01 4.382132e-02 9.963333e-01 7.348162e-02 -3.991134e+01 -1.075708e-01 -6.841902e-02 9.918404e-01 7.512360e+02
9.914866e-01 -6.085208e-02 1.151144e-01 -2.576752e+01 5.142696e-02 9.952094e-01 8.314703e-02 -3.983709e+01 -1.196226e-01 -7.651918e-02 9.898663e-01 7.523489e+02
9.894368e-01 -7.204308e-02 1.257962e-01 -2.559800e+01 6.036595e-02 9.937125e-01 9.429397e-02 -3.976028e+01 -1.317985e-01 -8.570411e-02 9.875647e-01 7.533971e+02
9.880274e-01 -7.119814e-02 1.368677e-01 -2.544346e+01 5.802093e-02 9.934966e-01 9.796939e-02 -3.967519e+01 -1.429528e-01 -8.885524e-02 9.857328e-01 7.544921e+02
9.862306e-01 -7.213935e-02 1.488124e-01 -2.528154e+01 5.964123e-02 9.944382e-01 8.680808e-02 -3.959344e+01 -1.542470e-01 -7.673743e-02 9.850478e-01 7.555463e+02
9.847297e-01 -6.730497e-02 1.605536e-01 -2.509186e+01 5.609125e-02 9.957249e-01 7.338684e-02 -3.950762e+01 -1.648065e-01 -6.326056e-02 9.842951e-01 7.565593e+02
9.830653e-01 -6.333574e-02 1.719630e-01 -2.490069e+01 5.103521e-02 9.958740e-01 7.503635e-02 -3.942150e+01 -1.760060e-01 -6.498946e-02 9.822414e-01 7.575788e+02
9.813765e-01 -6.025180e-02 1.824005e-01 -2.470949e+01 4.478874e-02 9.951359e-01 8.774158e-02 -3.935104e+01 -1.867998e-01 -7.793804e-02 9.793015e-01 7.586421e+02
9.792148e-01 -6.167666e-02 1.932213e-01 -2.450314e+01 4.406275e-02 9.945806e-01 9.416930e-02 -3.928260e+01 -1.979822e-01 -8.369811e-02 9.766257e-01 7.597230e+02
9.769105e-01 -6.605737e-02 2.031804e-01 -2.426552e+01 4.810521e-02 9.945904e-01 9.206373e-02 -3.920025e+01 -2.081627e-01 -8.016399e-02 9.748036e-01 7.607679e+02
9.747741e-01 -6.749102e-02 2.127450e-01 -2.403329e+01 4.952864e-02 9.948294e-01 8.866398e-02 -3.912412e+01 -2.176290e-01 -7.589038e-02 9.730767e-01 7.618054e+02
9.724170e-01 -7.229559e-02 2.217625e-01 -2.379755e+01 5.414464e-02 9.947471e-01 8.687068e-02 -3.904748e+01 -2.268780e-01 -7.246727e-02 9.712234e-01 7.628394e+02
9.699496e-01 -7.435105e-02 2.316673e-01 -2.356137e+01 5.554309e-02 9.946863e-01 8.668454e-02 -3.896968e+01 -2.368813e-01 -7.121212e-02 9.689252e-01 7.638716e+02
9.671428e-01 -8.225328e-02 2.405601e-01 -2.330408e+01 6.178409e-02 9.938921e-01 9.144011e-02 -3.888980e+01 -2.466120e-01 -7.357286e-02 9.663175e-01 7.649027e+02
9.649518e-01 -8.161137e-02 2.494144e-01 -2.306415e+01 5.923452e-02 9.936217e-01 9.595425e-02 -3.881684e+01 -2.556545e-01 -7.781728e-02 9.636313e-01 7.659539e+02
9.631632e-01 -7.983708e-02 2.567931e-01 -2.281010e+01 5.599126e-02 9.935231e-01 9.887827e-02 -3.873696e+01 -2.630240e-01 -8.085773e-02 9.613950e-01 7.669873e+02
9.613227e-01 -8.191076e-02 2.629626e-01 -2.251635e+01 5.887059e-02 9.937974e-01 9.434449e-02 -3.865761e+01 -2.690594e-01 -7.521474e-02 9.601822e-01 7.679889e+02
9.596512e-01 -8.117508e-02 2.692214e-01 -2.223116e+01 5.976142e-02 9.944302e-01 8.681642e-02 -3.857425e+01 -2.747692e-01 -6.722443e-02 9.591573e-01 7.689631e+02
9.583618e-01 -8.029321e-02 2.740358e-01 -2.194558e+01 5.947915e-02 9.947354e-01 8.344878e-02 -3.849853e+01 -2.792935e-01 -6.367471e-02 9.580922e-01 7.699450e+02
9.569433e-01 -8.231591e-02 2.783586e-01 -2.165867e+01 6.063654e-02 9.944801e-01 8.562985e-02 -3.843032e+01 -2.838708e-01 -6.506421e-02 9.566525e-01 7.709199e+02
9.555001e-01 -8.495662e-02 2.824924e-01 -2.136909e+01 6.235688e-02 9.941608e-01 8.806798e-02 -3.835349e+01 -2.883249e-01 -6.653362e-02 9.552183e-01 7.718686e+02
9.534091e-01 -8.902476e-02 2.882459e-01 -2.108875e+01 6.563244e-02 9.937909e-01 8.984493e-02 -3.828052e+01 -2.944545e-01 -6.674070e-02 9.533322e-01 7.728075e+02
9.510283e-01 -9.123840e-02 2.953314e-01 -2.080309e+01 6.685606e-02 9.935444e-01 9.165090e-02 -3.820895e+01 -3.017870e-01 -6.741791e-02 9.509887e-01 7.737325e+02
9.488759e-01 -9.554142e-02 3.008427e-01 -2.050946e+01 6.940628e-02 9.929180e-01 9.641864e-02 -3.813640e+01 -3.079242e-01 -7.060895e-02 9.487872e-01 7.746540e+02
9.467668e-01 -1.013838e-01 3.055387e-01 -2.021101e+01 7.559272e-02 9.925912e-01 9.512362e-02 -3.807116e+01 -3.129190e-01 -6.696339e-02 9.474163e-01 7.755447e+02
9.448384e-01 -1.017678e-01 3.113257e-01 -1.991536e+01 7.796791e-02 9.930649e-01 8.799451e-02 -3.800225e+01 -3.181217e-01 -5.886718e-02 9.462205e-01 7.764051e+02
9.430204e-01 -1.007546e-01 3.171135e-01 -1.962384e+01 7.813129e-02 9.934568e-01 8.330135e-02 -3.793305e+01 -3.234315e-01 -5.377840e-02 9.447222e-01 7.772699e+02
9.410939e-01 -1.032192e-01 3.220062e-01 -1.932714e+01 7.989457e-02 9.931841e-01 8.486584e-02 -3.786985e+01 -3.285713e-01 -5.414018e-02 9.429262e-01 7.781226e+02
9.396608e-01 -1.035416e-01 3.260624e-01 -1.903473e+01 7.869181e-02 9.929595e-01 8.853826e-02 -3.780953e+01 -3.329342e-01 -5.753749e-02 9.411930e-01 7.789706e+02
9.385225e-01 -1.027016e-01 3.295875e-01 -1.874127e+01 7.644109e-02 9.928477e-01 9.170678e-02 -3.775115e+01 -3.366486e-01 -6.087485e-02 9.396606e-01 7.798052e+02
9.372853e-01 -1.060845e-01 3.320275e-01 -1.845000e+01 7.892047e-02 9.924112e-01 9.429478e-02 -3.768328e+01 -3.395110e-01 -6.217734e-02 9.385447e-01 7.806271e+02
9.364427e-01 -1.094383e-01 3.333142e-01 -1.815579e+01 8.242519e-02 9.921373e-01 9.417938e-02 -3.761812e+01 -3.410003e-01 -6.072010e-02 9.381001e-01 7.814314e+02
9.358659e-01 -1.078079e-01 3.354586e-01 -1.786884e+01 8.283775e-02 9.926772e-01 8.791971e-02 -3.756065e+01 -3.424805e-01 -5.449242e-02 9.379433e-01 7.822150e+02
9.361571e-01 -1.031770e-01 3.361019e-01 -1.758772e+01 8.068707e-02 9.935040e-01 8.024633e-02 -3.750332e+01 -3.421981e-01 -4.800410e-02 9.384008e-01 7.829978e+02
9.366251e-01 -1.015785e-01 3.352837e-01 -1.729712e+01 8.329134e-02 9.941668e-01 6.851883e-02 -3.744838e+01 -3.402880e-01 -3.625023e-02 9.396223e-01 7.837730e+02
9.368096e-01 -1.002922e-01 3.351555e-01 -1.702284e+01 8.654931e-02 9.946874e-01 5.573293e-02 -3.740859e+01 -3.389646e-01 -2.320367e-02 9.405130e-01 7.845254e+02
9.375617e-01 -9.687825e-02 3.340548e-01 -1.675097e+01 8.588179e-02 9.951691e-01 4.756931e-02 -3.736171e+01 -3.370495e-01 -1.590994e-02 9.413525e-01 7.852854e+02
9.384958e-01 -9.223304e-02 3.327442e-01 -1.650117e+01 8.151476e-02 9.956072e-01 4.606127e-02 -3.733288e+01 -3.355309e-01 -1.610474e-02 9.418915e-01 7.860297e+02
9.390156e-01 -9.122497e-02 3.315536e-01 -1.624008e+01 7.945634e-02 9.956377e-01 4.891000e-02 -3.730498e+01 -3.345691e-01 -1.958322e-02 9.421677e-01 7.867858e+02
9.394152e-01 -8.890426e-02 3.310515e-01 -1.598015e+01 7.721354e-02 9.958426e-01 4.832803e-02 -3.728321e+01 -3.339718e-01 -1.983843e-02 9.423743e-01 7.875127e+02
9.397897e-01 -8.180908e-02 3.318172e-01 -1.572668e+01 7.138609e-02 9.964997e-01 4.350231e-02 -3.725566e+01 -3.342147e-01 -1.719588e-02 9.423401e-01 7.882153e+02
9.397079e-01 -7.718552e-02 3.331537e-01 -1.547910e+01 6.725247e-02 9.968823e-01 4.126384e-02 -3.723378e+01 -3.353000e-01 -1.637055e-02 9.419692e-01 7.889018e+02
9.388674e-01 -7.321609e-02 3.364035e-01 -1.523601e+01 6.423695e-02 9.972200e-01 3.775991e-02 -3.721844e+01 -3.382330e-01 -1.384201e-02 9.409606e-01 7.895751e+02
9.376560e-01 -7.036286e-02 3.403679e-01 -1.499511e+01 6.145730e-02 9.974278e-01 3.688969e-02 -3.720377e+01 -3.420880e-01 -1.367174e-02 9.395684e-01 7.902306e+02
9.354918e-01 -6.542589e-02 3.472386e-01 -1.478171e+01 5.640431e-02 9.977574e-01 3.603690e-02 -3.719379e+01 -3.488176e-01 -1.412647e-02 9.370842e-01 7.908670e+02
9.327317e-01 -5.979856e-02 3.555780e-01 -1.455656e+01 5.095662e-02 9.981155e-01 3.418944e-02 -3.718128e+01 -3.569524e-01 -1.377052e-02 9.340211e-01 7.914837e+02
9.293686e-01 -5.519342e-02 3.650037e-01 -1.431555e+01 4.703151e-02 9.984054e-01 3.122105e-02 -3.714698e+01 -3.661448e-01 -1.184919e-02 9.304824e-01 7.920699e+02
9.251672e-01 -5.091793e-02 3.761290e-01 -1.408609e+01 4.269736e-02 9.986326e-01 3.016547e-02 -3.713754e+01 -3.771506e-01 -1.184839e-02 9.260761e-01 7.926265e+02
9.196511e-01 -5.199830e-02 3.892788e-01 -1.385670e+01 4.276346e-02 9.985611e-01 3.235733e-02 -3.715731e+01 -3.904012e-01 -1.311055e-02 9.205515e-01 7.931583e+02
9.138332e-01 -5.102545e-02 4.028713e-01 -1.362183e+01 4.217274e-02 9.986348e-01 3.082112e-02 -3.714623e+01 -4.038940e-01 -1.117518e-02 9.147376e-01 7.936645e+02
9.071127e-01 -4.969051e-02 4.179442e-01 -1.339824e+01 4.273005e-02 9.987482e-01 2.600189e-02 -3.714701e+01 -4.187131e-01 -5.727872e-03 9.081005e-01 7.941195e+02
9.001899e-01 -4.769664e-02 4.328778e-01 -1.316905e+01 4.157801e-02 9.988566e-01 2.359556e-02 -3.716407e+01 -4.335083e-01 -3.242289e-03 9.011438e-01 7.945417e+02
8.915332e-01 -4.620693e-02 4.505923e-01 -1.295137e+01 4.197257e-02 9.989306e-01 1.939133e-02 -3.715362e+01 -4.510065e-01 1.624504e-03 8.925192e-01 7.949474e+02
8.834546e-01 -4.583310e-02 4.662696e-01 -1.273252e+01 4.365148e-02 9.989268e-01 1.548422e-02 -3.713875e+01 -4.664789e-01 6.673754e-03 8.845072e-01 7.953101e+02
8.747596e-01 -4.359163e-02 4.825924e-01 -1.252348e+01 4.497076e-02 9.989503e-01 8.718052e-03 -3.714253e+01 -4.824659e-01 1.407635e-02 8.758017e-01 7.956543e+02
8.647725e-01 -3.858691e-02 5.006791e-01 -1.230964e+01 4.403262e-02 9.990297e-01 9.412648e-04 -3.714310e+01 -5.002296e-01 2.123223e-02 8.656325e-01 7.959853e+02
8.532062e-01 -2.949725e-02 5.207390e-01 -1.209397e+01 3.789612e-02 9.992666e-01 -5.487554e-03 -3.712395e+01 -5.201952e-01 2.441600e-02 8.536983e-01 7.963115e+02
8.391589e-01 -2.119857e-02 5.434731e-01 -1.187188e+01 3.121468e-02 9.994702e-01 -9.212485e-03 -3.713119e+01 -5.429899e-01 2.469508e-02 8.393760e-01 7.966315e+02
8.219661e-01 -1.809746e-02 5.692488e-01 -1.163318e+01 3.114767e-02 9.994276e-01 -1.320200e-02 -3.713731e+01 -5.686841e-01 2.858237e-02 8.220593e-01 7.969446e+02
8.025003e-01 -1.734307e-02 5.963996e-01 -1.138231e+01 3.527060e-02 9.992084e-01 -1.840265e-02 -3.713378e+01 -5.956083e-01 3.580350e-02 8.024767e-01 7.972418e+02
7.806337e-01 -1.619262e-02 6.247790e-01 -1.112644e+01 3.989428e-02 9.989167e-01 -2.395687e-02 -3.712815e+01 -6.237142e-01 4.362665e-02 7.804340e-01 7.975331e+02
7.573643e-01 -1.137760e-02 6.528935e-01 -1.085742e+01 4.333354e-02 9.985199e-01 -3.286679e-02 -3.708380e+01 -6.515532e-01 5.318432e-02 7.567363e-01 7.977904e+02
7.315179e-01 -5.333534e-03 6.818013e-01 -1.058115e+01 4.562909e-02 9.981106e-01 -4.114841e-02 -3.705501e+01 -6.802937e-01 6.121077e-02 7.303792e-01 7.980383e+02
7.060873e-01 3.190172e-03 7.081176e-01 -1.029704e+01 4.584060e-02 9.976864e-01 -5.020388e-02 -3.700620e+01 -7.066395e-01 6.790886e-02 7.043075e-01 7.982841e+02
6.784746e-01 1.030479e-02 7.345516e-01 -9.996753e+00 4.431666e-02 9.975064e-01 -5.492715e-02 -3.702877e+01 -7.332860e-01 6.981955e-02 6.763260e-01 7.985459e+02
6.500270e-01 1.489964e-02 7.597650e-01 -9.681913e+00 4.660529e-02 9.971440e-01 -5.942862e-02 -3.703606e+01 -7.584806e-01 7.403928e-02 6.474762e-01 7.987723e+02
6.190120e-01 1.795431e-02 7.851763e-01 -9.348360e+00 4.945444e-02 9.968636e-01 -6.178344e-02 -3.706199e+01 -7.838230e-01 7.707514e-02 6.161826e-01 7.990104e+02
5.870627e-01 2.137664e-02 8.092592e-01 -8.997363e+00 5.385177e-02 9.964059e-01 -6.538595e-02 -3.707141e+01 -8.077483e-01 8.196569e-02 5.838016e-01 7.992272e+02
5.533489e-01 2.464065e-02 8.325850e-01 -8.623871e+00 6.041506e-02 9.957423e-01 -6.962214e-02 -3.708734e+01 -8.307557e-01 8.882601e-02 5.495043e-01 7.994448e+02
5.183581e-01 3.164478e-02 8.545780e-01 -8.239141e+00 6.462593e-02 9.950079e-01 -7.604477e-02 -3.709100e+01 -8.527182e-01 9.464632e-02 5.137253e-01 7.996484e+02
4.808443e-01 4.141339e-02 8.758274e-01 -7.833404e+00 6.357296e-02 9.946082e-01 -8.193257e-02 -3.711133e+01 -8.744983e-01 9.507575e-02 4.756190e-01 7.998518e+02
4.414995e-01 5.225550e-02 8.957386e-01 -7.411108e+00 6.372907e-02 9.939552e-01 -8.939660e-02 -3.710762e+01 -8.949954e-01 9.655314e-02 4.355005e-01 8.000357e+02
3.981600e-01 6.093557e-02 9.152898e-01 -6.972643e+00 6.381653e-02 9.935337e-01 -9.390548e-02 -3.714322e+01 -9.150935e-01 9.580002e-02 3.916967e-01 8.002128e+02
3.555302e-01 6.612249e-02 9.323230e-01 -6.508353e+00 6.683148e-02 9.931428e-01 -9.592136e-02 -3.718052e+01 -9.322724e-01 9.641146e-02 3.486732e-01 8.003603e+02
3.122830e-01 6.700876e-02 9.476229e-01 -6.031087e+00 7.563529e-02 9.925889e-01 -9.511353e-02 -3.721692e+01 -9.469734e-01 1.013761e-01 3.049004e-01 8.004742e+02
2.701393e-01 6.777418e-02 9.604329e-01 -5.530725e+00 8.075512e-02 9.924097e-01 -9.274452e-02 -3.727009e+01 -9.594287e-01 1.026138e-01 2.626158e-01 8.005681e+02
2.310142e-01 7.027095e-02 9.704094e-01 -5.016307e+00 8.132918e-02 9.925030e-01 -9.123193e-02 -3.731130e+01 -9.695453e-01 9.999847e-02 2.235672e-01 8.006551e+02
1.921331e-01 7.154815e-02 9.787572e-01 -4.474922e+00 8.208033e-02 9.926727e-01 -8.867800e-02 -3.736259e+01 -9.779303e-01 9.737470e-02 1.848526e-01 8.007475e+02
1.540227e-01 7.347925e-02 9.853313e-01 -3.920271e+00 8.079039e-02 9.929552e-01 -8.667659e-02 -3.742358e+01 -9.847588e-01 9.295546e-02 1.470012e-01 8.008198e+02
1.178880e-01 7.418324e-02 9.902521e-01 -3.358988e+00 8.198936e-02 9.930738e-01 -8.415534e-02 -3.747115e+01 -9.896364e-01 9.111105e-02 1.109893e-01 8.008570e+02
8.399829e-02 7.450303e-02 9.936768e-01 -2.767716e+00 8.203910e-02 9.932986e-01 -8.140966e-02 -3.751791e+01 -9.930830e-01 8.835863e-02 7.732322e-02 8.008915e+02
5.266977e-02 7.567156e-02 9.957408e-01 -2.164250e+00 8.364723e-02 9.932863e-01 -7.990955e-02 -3.756215e+01 -9.951025e-01 8.749977e-02 4.598644e-02 8.008997e+02
2.235362e-02 7.497805e-02 9.969346e-01 -1.549542e+00 9.060032e-02 9.929287e-01 -7.670825e-02 -3.760093e+01 -9.956364e-01 9.203730e-02 1.540251e-02 8.008887e+02
-2.489928e-03 7.328873e-02 9.973077e-01 -9.052792e-01 9.742268e-02 9.925844e-01 -7.269840e-02 -3.764444e+01 -9.952400e-01 9.697938e-02 -9.611448e-03 8.008641e+02
-2.454505e-02 7.251837e-02 9.970650e-01 -2.343759e-01 9.995787e-02 9.925454e-01 -6.972896e-02 -3.769373e+01 -9.946889e-01 9.795299e-02 -3.161085e-02 8.008425e+02
-4.266989e-02 7.304790e-02 9.964152e-01 4.346858e-01 1.006041e-01 9.925686e-01 -6.845769e-02 -3.774193e+01 -9.940111e-01 9.732236e-02 -4.970171e-02 8.008021e+02
-5.795907e-02 7.368932e-02 9.955956e-01 1.109759e+00 1.011061e-01 9.925777e-01 -6.758001e-02 -3.778706e+01 -9.931859e-01 9.674388e-02 -6.497932e-02 8.007490e+02
-6.982501e-02 7.557690e-02 9.946922e-01 1.819617e+00 1.056849e-01 9.920747e-01 -6.795920e-02 -3.783106e+01 -9.919451e-01 1.003787e-01 -7.725896e-02 8.006910e+02
-7.769983e-02 7.556153e-02 9.941092e-01 2.506634e+00 1.073587e-01 9.919598e-01 -6.700697e-02 -3.787821e+01 -9.911795e-01 1.015198e-01 -8.518729e-02 8.006137e+02
-8.290096e-02 7.252284e-02 9.939154e-01 3.212450e+00 1.075742e-01 9.921720e-01 -6.342303e-02 -3.792935e+01 -9.907347e-01 1.016619e-01 -9.005360e-02 8.005348e+02
-8.593816e-02 6.970346e-02 9.938592e-01 3.952080e+00 1.088185e-01 9.922383e-01 -6.018033e-02 -3.797681e+01 -9.903399e-01 1.029785e-01 -9.285616e-02 8.004643e+02
-8.833504e-02 6.905293e-02 9.936944e-01 4.700680e+00 1.098442e-01 9.921853e-01 -5.918339e-02 -3.802309e+01 -9.900157e-01 1.039236e-01 -9.522979e-02 8.003969e+02
-9.218923e-02 6.978980e-02 9.932928e-01 5.466552e+00 1.124521e-01 9.918888e-01 -5.925429e-02 -3.806773e+01 -9.893714e-01 1.062352e-01 -9.928948e-02 8.003243e+02
-9.243681e-02 7.262208e-02 9.930667e-01 6.242462e+00 1.111463e-01 9.918564e-01 -6.218783e-02 -3.810041e+01 -9.894958e-01 1.046273e-01 -9.975573e-02 8.002559e+02
-9.189837e-02 7.423066e-02 9.929977e-01 7.031215e+00 1.108866e-01 9.917781e-01 -6.387733e-02 -3.815325e+01 -9.895751e-01 1.042399e-01 -9.937397e-02 8.001803e+02
-9.114740e-02 7.363214e-02 9.931115e-01 7.828037e+00 1.110913e-01 9.917898e-01 -6.333823e-02 -3.820027e+01 -9.896216e-01 1.045529e-01 -9.857895e-02 8.001004e+02
-9.089017e-02 7.055643e-02 9.933583e-01 8.645508e+00 1.097656e-01 9.921191e-01 -6.042508e-02 -3.825109e+01 -9.897932e-01 1.035446e-01 -9.791855e-02 8.000190e+02
-9.040436e-02 6.910364e-02 9.935048e-01 9.483497e+00 1.084841e-01 9.923368e-01 -5.915084e-02 -3.830761e+01 -9.899789e-01 1.024320e-01 -9.720823e-02 7.999386e+02
-8.877831e-02 6.910344e-02 9.936514e-01 1.032516e+01 1.075245e-01 9.924257e-01 -5.941136e-02 -3.835906e+01 -9.902307e-01 1.015674e-01 -9.553619e-02 7.998586e+02
-8.786937e-02 7.204932e-02 9.935230e-01 1.120745e+01 1.070383e-01 9.922890e-01 -6.249312e-02 -3.841466e+01 -9.903645e-01 1.008538e-01 -9.490384e-02 7.998015e+02
-8.560549e-02 7.549700e-02 9.934646e-01 1.205030e+01 1.068968e-01 9.920652e-01 -6.617950e-02 -3.846860e+01 -9.905780e-01 1.005329e-01 -9.299662e-02 7.997155e+02
-8.348635e-02 7.662770e-02 9.935584e-01 1.294223e+01 1.072208e-01 9.919417e-01 -6.749350e-02 -3.853884e+01 -9.907238e-01 1.008953e-01 -9.102967e-02 7.996436e+02
-8.313601e-02 7.778718e-02 9.934976e-01 1.383435e+01 1.097020e-01 9.916042e-01 -6.845906e-02 -3.860212e+01 -9.904816e-01 1.032972e-01 -9.097142e-02 7.995611e+02
-8.123917e-02 7.653589e-02 9.937517e-01 1.475638e+01 1.089864e-01 9.917507e-01 -6.747215e-02 -3.867789e+01 -9.907180e-01 1.028240e-01 -8.891038e-02 7.994914e+02
-7.884834e-02 7.511601e-02 9.940526e-01 1.567824e+01 1.100223e-01 9.917212e-01 -6.621286e-02 -3.873791e+01 -9.907967e-01 1.041472e-01 -8.646000e-02 7.994160e+02
-7.725621e-02 7.307906e-02 9.943294e-01 1.659604e+01 1.108255e-01 9.917590e-01 -6.427936e-02 -3.880840e+01 -9.908326e-01 1.052310e-01 -8.471856e-02 7.993316e+02
-7.649589e-02 7.645693e-02 9.941342e-01 1.754724e+01 1.105509e-01 9.915584e-01 -6.775225e-02 -3.887734e+01 -9.909222e-01 1.047196e-01 -8.430253e-02 7.992572e+02
-7.669418e-02 8.120456e-02 9.937423e-01 1.850455e+01 1.093681e-01 9.913488e-01 -7.256826e-02 -3.895108e+01 -9.910382e-01 1.031181e-01 -8.491187e-02 7.991820e+02
-7.763083e-02 8.244380e-02 9.935675e-01 1.946907e+01 1.086115e-01 9.913431e-01 -7.377303e-02 -3.902099e+01 -9.910484e-01 1.021858e-01 -8.591312e-02 7.991104e+02
-7.950017e-02 7.667635e-02 9.938815e-01 2.042313e+01 1.069344e-01 9.919399e-01 -6.797292e-02 -3.909851e+01 -9.910826e-01 1.008763e-01 -8.705873e-02 7.990259e+02
-8.163635e-02 7.168330e-02 9.940810e-01 2.137108e+01 1.050113e-01 9.924771e-01 -6.294386e-02 -3.917162e+01 -9.911146e-01 9.925124e-02 -8.854976e-02 7.989409e+02
-8.432610e-02 7.133639e-02 9.938814e-01 2.233536e+01 1.016058e-01 9.928506e-01 -6.264163e-02 -3.924346e+01 -9.912444e-01 9.570181e-02 -9.097141e-02 7.988568e+02
-8.962824e-02 7.331118e-02 9.932735e-01 2.329555e+01 1.018220e-01 9.927364e-01 -6.408361e-02 -3.931297e+01 -9.907568e-01 9.539338e-02 -9.644191e-02 7.987728e+02
-9.234751e-02 7.355813e-02 9.930061e-01 2.424620e+01 9.797720e-02 9.930993e-01 -6.445335e-02 -3.938050e+01 -9.908948e-01 9.133985e-02 -9.891726e-02 7.986781e+02
-9.540943e-02 7.186832e-02 9.928404e-01 2.518932e+01 9.473453e-02 9.935189e-01 -6.281369e-02 -3.944803e+01 -9.909200e-01 8.806324e-02 -1.015995e-01 7.985746e+02
-9.879430e-02 7.221369e-02 9.924842e-01 2.615191e+01 9.296134e-02 9.936716e-01 -6.304649e-02 -3.952556e+01 -9.907562e-01 8.603403e-02 -1.048822e-01 7.984807e+02
-1.015180e-01 7.478280e-02 9.920190e-01 2.711055e+01 9.294531e-02 9.935220e-01 -6.538457e-02 -3.959630e+01 -9.904823e-01 8.556580e-02 -1.078111e-01 7.983760e+02
-1.041448e-01 7.901368e-02 9.914185e-01 2.809059e+01 9.563105e-02 9.930159e-01 -6.909530e-02 -3.967253e+01 -9.899538e-01 8.761448e-02 -1.109736e-01 7.982828e+02
-1.057542e-01 7.911682e-02 9.912399e-01 2.903669e+01 9.738673e-02 9.928618e-01 -6.885620e-02 -3.974442e+01 -9.896120e-01 8.925178e-02 -1.127043e-01 7.981683e+02
-1.083852e-01 7.722941e-02 9.911046e-01 3.002970e+01 9.880499e-02 9.928781e-01 -6.656250e-02 -3.982056e+01 -9.891866e-01 9.071169e-02 -1.152440e-01 7.980919e+02
-1.101681e-01 7.705442e-02 9.909216e-01 3.096579e+01 9.993872e-02 9.927963e-01 -6.608927e-02 -3.989720e+01 -9.888758e-01 9.175051e-02 -1.170752e-01 7.979781e+02
-1.118206e-01 8.094755e-02 9.904260e-01 3.185481e+01 1.008515e-01 9.924551e-01 -6.972710e-02 -3.997970e+01 -9.885976e-01 9.208903e-02 -1.191406e-01 7.978549e+02
-1.157699e-01 8.629476e-02 9.895204e-01 3.276365e+01 1.020050e-01 9.919846e-01 -7.457549e-02 -4.005868e+01 -9.880245e-01 9.230242e-02 -1.236444e-01 7.977435e+02
-1.165431e-01 8.765993e-02 9.893096e-01 3.363008e+01 1.007670e-01 9.920009e-01 -7.602781e-02 -4.012067e+01 -9.880606e-01 9.082922e-02 -1.244441e-01 7.976038e+02
-1.171202e-01 8.637221e-02 9.893547e-01 3.449751e+01 1.026041e-01 9.919322e-01 -7.445092e-02 -4.019570e+01 -9.878032e-01 9.279211e-02 -1.250375e-01 7.974905e+02
-1.168083e-01 8.642694e-02 9.893868e-01 3.535832e+01 1.045457e-01 9.917415e-01 -7.428983e-02 -4.027519e+01 -9.876366e-01 9.475850e-02 -1.248792e-01 7.973620e+02
-1.167405e-01 8.918225e-02 9.891502e-01 3.619845e+01 1.064142e-01 9.913498e-01 -7.682146e-02 -4.035084e+01 -9.874450e-01 9.629144e-02 -1.252209e-01 7.972650e+02
-1.150243e-01 9.005267e-02 9.892724e-01 3.704009e+01 1.057059e-01 9.913375e-01 -7.795006e-02 -4.042388e+01 -9.877225e-01 9.560575e-02 -1.235470e-01 7.971580e+02
-1.121332e-01 8.913839e-02 9.896871e-01 3.785608e+01 1.065961e-01 9.913004e-01 -7.720618e-02 -4.049866e+01 -9.879592e-01 9.683939e-02 -1.206595e-01 7.970568e+02
-1.067593e-01 8.831604e-02 9.903548e-01 3.867638e+01 1.087045e-01 9.911134e-01 -7.666544e-02 -4.056670e+01 -9.883247e-01 9.947126e-02 -1.154110e-01 7.969564e+02
-9.886246e-02 8.804152e-02 9.911987e-01 3.947943e+01 1.117639e-01 9.907584e-01 -7.685503e-02 -4.063733e+01 -9.888049e-01 1.031822e-01 -1.077887e-01 7.968615e+02
-8.982141e-02 8.959565e-02 9.919197e-01 4.025935e+01 1.129189e-01 9.904397e-01 -7.923682e-02 -4.071025e+01 -9.895360e-01 1.048893e-01 -9.907974e-02 7.967866e+02
-8.241591e-02 9.316462e-02 9.922338e-01 4.103495e+01 1.179098e-01 9.895396e-01 -8.311795e-02 -4.077862e+01 -9.895983e-01 1.101439e-01 -9.253884e-02 7.967120e+02
-7.261206e-02 9.541439e-02 9.927858e-01 4.177616e+01 1.181939e-01 9.892222e-01 -8.642724e-02 -4.085613e+01 -9.903321e-01 1.110655e-01 -8.310685e-02 7.966696e+02
-6.074199e-02 9.804121e-02 9.933269e-01 4.251583e+01 1.193499e-01 9.887382e-01 -9.029006e-02 -4.092741e+01 -9.909924e-01 1.130691e-01 -7.175914e-02 7.966167e+02
-4.660399e-02 9.839049e-02 9.940560e-01 4.325722e+01 1.215854e-01 9.882969e-01 -9.212022e-02 -4.099723e+01 -9.914863e-01 1.165695e-01 -5.802143e-02 7.965703e+02
-2.945134e-02 9.615399e-02 9.949307e-01 4.395352e+01 1.230074e-01 9.881455e-01 -9.185705e-02 -4.109160e+01 -9.919686e-01 1.196786e-01 -4.092987e-02 7.965387e+02
-9.064316e-03 9.447668e-02 9.954858e-01 4.469119e+01 1.238490e-01 9.879677e-01 -9.263547e-02 -4.117398e+01 -9.922597e-01 1.224502e-01 -2.065609e-02 7.965367e+02
1.497969e-02 9.222530e-02 9.956255e-01 4.533722e+01 1.219285e-01 9.881377e-01 -9.336618e-02 -4.125706e+01 -9.924258e-01 1.227938e-01 3.557101e-03 7.965368e+02
4.309000e-02 9.145298e-02 9.948767e-01 4.599244e+01 1.177115e-01 9.884010e-01 -9.595602e-02 -4.133527e+01 -9.921125e-01 1.212431e-01 3.182514e-02 7.965620e+02
7.447083e-02 9.373622e-02 9.928079e-01 4.661049e+01 1.130197e-01 9.883645e-01 -1.017943e-01 -4.141162e+01 -9.907980e-01 1.197876e-01 6.301028e-02 7.966016e+02
1.100239e-01 9.707290e-02 9.891772e-01 4.725969e+01 1.095694e-01 9.879690e-01 -1.091415e-01 -4.149131e+01 -9.878711e-01 1.203917e-01 9.806402e-02 7.966851e+02
1.479547e-01 1.001965e-01 9.839055e-01 4.785010e+01 1.062398e-01 9.874878e-01 -1.165371e-01 -4.156738e+01 -9.832713e-01 1.217721e-01 1.354586e-01 7.967762e+02
1.924554e-01 1.008810e-01 9.761065e-01 4.842696e+01 9.895376e-02 9.876364e-01 -1.215830e-01 -4.164945e+01 -9.763038e-01 1.199887e-01 1.800935e-01 7.969018e+02
2.406001e-01 9.736307e-02 9.657288e-01 4.902310e+01 9.053317e-02 9.883677e-01 -1.222008e-01 -4.172560e+01 -9.663930e-01 1.168320e-01 2.289867e-01 7.970660e+02
2.926567e-01 8.933607e-02 9.520352e-01 4.960153e+01 8.398499e-02 9.893771e-01 -1.186572e-01 -4.180214e+01 -9.525222e-01 1.146825e-01 2.820450e-01 7.972453e+02
3.452143e-01 8.264177e-02 9.348783e-01 5.017600e+01 7.507306e-02 9.904921e-01 -1.152795e-01 -4.188519e+01 -9.355165e-01 1.099803e-01 3.357279e-01 7.974682e+02
3.972830e-01 8.114910e-02 9.141012e-01 5.071808e+01 6.457683e-02 9.911414e-01 -1.160544e-01 -4.196737e+01 -9.154212e-01 1.051362e-01 3.885233e-01 7.977148e+02
4.496392e-01 8.140567e-02 8.894929e-01 5.123837e+01 5.684735e-02 9.912113e-01 -1.194512e-01 -4.204857e+01 -8.913994e-01 1.042753e-01 4.410598e-01 7.979910e+02
5.035362e-01 8.148663e-02 8.601228e-01 5.175614e+01 5.488198e-02 9.905149e-01 -1.259690e-01 -4.211299e+01 -8.622292e-01 1.106352e-01 4.942880e-01 7.982951e+02
5.564465e-01 8.052775e-02 8.269719e-01 5.226390e+01 5.161527e-02 9.900199e-01 -1.311353e-01 -4.218539e+01 -8.292787e-01 1.156542e-01 5.467366e-01 7.986339e+02
6.066786e-01 7.975521e-02 7.909362e-01 5.275075e+01 4.224230e-02 9.903144e-01 -1.322613e-01 -4.227753e+01 -7.938241e-01 1.136510e-01 5.974335e-01 7.990155e+02
6.520347e-01 8.226198e-02 7.537132e-01 5.321199e+01 3.151547e-02 9.902969e-01 -1.353472e-01 -4.236384e+01 -7.575338e-01 1.120047e-01 6.431154e-01 7.994455e+02
6.985991e-01 8.013645e-02 7.110116e-01 5.365134e+01 2.476090e-02 9.904056e-01 -1.359549e-01 -4.245319e+01 -7.150847e-01 1.125833e-01 6.899122e-01 7.998970e+02
7.426399e-01 7.757252e-02 6.651830e-01 5.407852e+01 1.760170e-02 9.906646e-01 -1.351810e-01 -4.253151e+01 -6.694596e-01 1.120991e-01 7.343416e-01 8.003892e+02
7.834783e-01 7.311838e-02 6.171025e-01 5.446122e+01 1.102675e-02 9.912614e-01 -1.314508e-01 -4.262018e+01 -6.213213e-01 1.097935e-01 7.758255e-01 8.008946e+02
8.201745e-01 7.150060e-02 5.676279e-01 5.482172e+01 1.568164e-03 9.918750e-01 -1.272063e-01 -4.271247e+01 -5.721113e-01 1.052215e-01 8.133985e-01 8.014467e+02
8.527332e-01 6.905679e-02 5.177617e-01 5.515097e+01 -5.294719e-03 9.923142e-01 -1.236303e-01 -4.279723e+01 -5.223198e-01 1.026823e-01 8.465450e-01 8.020215e+02
8.808589e-01 6.843427e-02 4.684061e-01 5.543540e+01 -1.307395e-02 9.926348e-01 -1.204381e-01 -4.288186e+01 -4.731983e-01 9.996501e-02 8.752659e-01 8.026005e+02
9.049588e-01 6.745912e-02 4.201177e-01 5.572450e+01 -1.909316e-02 9.927958e-01 -1.182874e-01 -4.296466e+01 -4.250707e-01 9.902382e-02 8.997273e-01 8.032610e+02
9.249205e-01 6.876290e-02 3.738900e-01 5.596556e+01 -2.627404e-02 9.927162e-01 -1.175764e-01 -4.304896e+01 -3.792516e-01 9.892524e-02 9.199902e-01 8.039199e+02
9.412916e-01 7.006860e-02 3.302432e-01 5.618618e+01 -3.280057e-02 9.925776e-01 -1.171065e-01 -4.313919e+01 -3.359975e-01 9.939916e-02 9.366032e-01 8.045909e+02
9.531130e-01 7.487926e-02 2.932042e-01 5.637497e+01 -4.106919e-02 9.919455e-01 -1.198229e-01 -4.322239e+01 -2.998149e-01 1.021631e-01 9.485113e-01 8.052803e+02
9.632982e-01 7.588386e-02 2.574843e-01 5.654677e+01 -4.611837e-02 9.917337e-01 -1.197387e-01 -4.330997e+01 -2.644421e-01 1.034694e-01 9.588350e-01 8.060193e+02
9.714290e-01 7.292995e-02 2.258473e-01 5.668941e+01 -4.749061e-02 9.921019e-01 -1.160969e-01 -4.340482e+01 -2.325305e-01 1.020543e-01 9.672200e-01 8.067532e+02
9.783664e-01 6.281904e-02 1.971113e-01 5.683484e+01 -4.135869e-02 9.929411e-01 -1.111639e-01 -4.349499e+01 -2.027031e-01 1.006067e-01 9.740584e-01 8.075435e+02
9.843028e-01 5.311235e-02 1.683065e-01 5.697886e+01 -3.488046e-02 9.933759e-01 -1.094883e-01 -4.359499e+01 -1.730068e-01 1.018991e-01 9.796353e-01 8.083220e+02
9.892913e-01 4.076096e-02 1.401475e-01 5.710033e+01 -2.539076e-02 9.936337e-01 -1.097602e-01 -4.368355e+01 -1.437292e-01 1.050263e-01 9.840281e-01 8.091026e+02
9.931831e-01 3.013865e-02 1.126009e-01 5.717495e+01 -1.717578e-02 9.932902e-01 -1.143662e-01 -4.377557e+01 -1.152922e-01 1.116526e-01 9.870367e-01 8.099429e+02
9.961394e-01 2.012193e-02 8.544863e-02 5.725448e+01 -9.939395e-03 9.929687e-01 -1.179589e-01 -4.387549e+01 -8.722137e-02 1.166542e-01 9.893352e-01 8.107583e+02
9.980283e-01 8.339823e-03 6.220967e-02 5.730717e+01 -7.625242e-04 9.926712e-01 -1.208443e-01 -4.397573e+01 -6.276157e-02 1.205586e-01 9.907203e-01 8.116140e+02
9.990986e-01 4.203084e-03 4.224088e-02 5.734202e+01 9.831191e-04 9.925281e-01 -1.220124e-01 -4.408073e+01 -4.243809e-02 1.219440e-01 9.916293e-01 8.124643e+02
9.995587e-01 4.275725e-03 2.939436e-02 5.735728e+01 -5.374186e-04 9.920268e-01 -1.260259e-01 -4.418865e+01 -2.969885e-02 1.259545e-01 9.915914e-01 8.133302e+02
9.998365e-01 5.258295e-03 1.730236e-02 5.736860e+01 -2.971780e-03 9.915601e-01 -1.296136e-01 -4.430061e+01 -1.783788e-02 1.295410e-01 9.914136e-01 8.142016e+02
9.999216e-01 7.587373e-03 9.962611e-03 5.736471e+01 -6.206112e-03 9.912286e-01 -1.320130e-01 -4.441907e+01 -1.087686e-02 1.319409e-01 9.911979e-01 8.150983e+02
9.999403e-01 9.204805e-03 5.893291e-03 5.737488e+01 -8.345738e-03 9.911999e-01 -1.321100e-01 -4.453416e+01 -7.057476e-03 1.320530e-01 9.912175e-01 8.160032e+02
9.999357e-01 1.044635e-02 4.414422e-03 5.736530e+01 -9.795356e-03 9.917226e-01 -1.280246e-01 -4.465832e+01 -5.715272e-03 1.279731e-01 9.917612e-01 8.169361e+02
9.999495e-01 9.309440e-03 3.789932e-03 5.735886e+01 -8.762540e-03 9.921124e-01 -1.250452e-01 -4.478368e+01 -4.924139e-03 1.250057e-01 9.921438e-01 8.178823e+02
9.999554e-01 9.071127e-03 2.613817e-03 5.735798e+01 -8.676720e-03 9.922334e-01 -1.240874e-01 -4.490551e+01 -3.719129e-03 1.240592e-01 9.922678e-01 8.188369e+02
9.999739e-01 7.085018e-03 1.413143e-03 5.735936e+01 -6.853023e-03 9.921444e-01 -1.249103e-01 -4.502854e+01 -2.287033e-03 1.248974e-01 9.921670e-01 8.198099e+02
9.999859e-01 5.288309e-03 -4.116412e-04 5.736248e+01 -5.298312e-03 9.921554e-01 -1.248980e-01 -4.515181e+01 -2.520873e-04 1.248984e-01 9.921695e-01 8.207779e+02
9.999937e-01 2.913931e-03 -2.026708e-03 5.735344e+01 -3.144691e-03 9.921312e-01 -1.251633e-01 -4.528342e+01 1.646043e-03 1.251689e-01 9.921341e-01 8.217637e+02
9.999983e-01 1.716842e-03 -6.380004e-04 5.734097e+01 -1.783815e-03 9.919475e-01 -1.266370e-01 -4.541017e+01 4.154472e-04 1.266379e-01 9.919489e-01 8.227647e+02
9.999940e-01 -6.080335e-04 -3.401154e-03 5.732923e+01 1.810095e-04 9.922610e-01 -1.241695e-01 -4.554298e+01 3.450332e-03 1.241681e-01 9.922552e-01 8.237653e+02
9.999712e-01 -3.027452e-03 -6.965347e-03 5.732375e+01 2.154904e-03 9.925241e-01 -1.220294e-01 -4.567692e+01 7.282713e-03 1.220108e-01 9.925020e-01 8.247690e+02
9.999275e-01 -6.347932e-03 -1.023273e-02 5.730296e+01 5.046763e-03 9.924542e-01 -1.225122e-01 -4.580713e+01 1.093322e-02 1.224517e-01 9.924143e-01 8.258017e+02
9.998756e-01 -7.168076e-03 -1.405160e-02 5.728300e+01 5.399247e-03 9.925026e-01 -1.221042e-01 -4.593679e+01 1.482151e-02 1.220131e-01 9.924178e-01 8.268283e+02
9.998032e-01 -8.931354e-03 -1.771200e-02 5.725282e+01 6.746228e-03 9.927749e-01 -1.198015e-01 -4.607073e+01 1.865402e-02 1.196584e-01 9.926399e-01 8.278463e+02
9.996972e-01 -1.200407e-02 -2.148065e-02 5.721256e+01 9.447440e-03 9.932748e-01 -1.153949e-01 -4.620527e+01 2.272140e-02 1.151570e-01 9.930874e-01 8.288992e+02
9.995917e-01 -1.316876e-02 -2.535731e-02 5.718694e+01 1.025991e-02 9.936994e-01 -1.116076e-01 -4.633018e+01 2.666728e-02 1.113019e-01 9.934288e-01 8.299155e+02
9.994290e-01 -1.568388e-02 -2.992910e-02 5.717553e+01 1.232454e-02 9.939325e-01 -1.092990e-01 -4.644786e+01 3.146174e-02 1.088677e-01 9.935582e-01 8.309181e+02
9.992901e-01 -1.593473e-02 -3.413794e-02 5.714885e+01 1.216343e-02 9.940806e-01 -1.079621e-01 -4.656484e+01 3.565621e-02 1.074702e-01 9.935687e-01 8.319182e+02
9.993279e-01 -1.228774e-02 -3.453665e-02 5.710401e+01 8.472907e-03 9.940594e-01 -1.085089e-01 -4.668266e+01 3.566481e-02 1.081433e-01 9.934954e-01 8.329420e+02
9.992626e-01 -1.051624e-02 -3.692886e-02 5.704241e+01 6.494012e-03 9.941952e-01 -1.073948e-01 -4.679524e+01 3.784389e-02 1.070758e-01 9.935304e-01 8.339824e+02
9.992262e-01 -7.659313e-03 -3.857902e-02 5.697586e+01 3.444363e-03 9.941277e-01 -1.081582e-01 -4.691433e+01 3.918089e-02 1.079416e-01 9.933849e-01 8.350169e+02
9.992018e-01 -5.047703e-03 -3.962642e-02 5.691866e+01 5.779250e-04 9.937071e-01 -1.120080e-01 -4.704157e+01 3.994244e-02 1.118957e-01 9.929169e-01 8.360483e+02
9.991774e-01 -3.107115e-03 -4.043392e-02 5.686447e+01 -1.502474e-03 9.935396e-01 -1.134760e-01 -4.716455e+01 4.052529e-02 1.134434e-01 9.927176e-01 8.370607e+02
9.991478e-01 -3.790321e-03 -4.110024e-02 5.682150e+01 -9.472108e-04 9.934066e-01 -1.146401e-01 -4.729776e+01 4.126377e-02 1.145813e-01 9.925565e-01 8.380755e+02
9.991283e-01 -3.369118e-03 -4.160949e-02 5.677890e+01 -1.406019e-03 9.934566e-01 -1.142015e-01 -4.743007e+01 4.172198e-02 1.141605e-01 9.925858e-01 8.390778e+02
9.991394e-01 -4.055195e-03 -4.128078e-02 5.674378e+01 -7.166801e-04 9.933734e-01 -1.149297e-01 -4.755811e+01 4.147329e-02 1.148603e-01 9.925155e-01 8.400553e+02
9.991687e-01 -7.409036e-03 -4.008668e-02 5.669520e+01 2.787892e-03 9.934621e-01 -1.141282e-01 -4.768084e+01 4.067018e-02 1.139216e-01 9.926569e-01 8.410682e+02
9.992541e-01 -1.096436e-02 -3.702816e-02 5.665154e+01 6.719474e-03 9.935864e-01 -1.128757e-01 -4.780628e+01 3.802829e-02 1.125427e-01 9.929189e-01 8.420639e+02
9.994831e-01 -1.163152e-02 -2.996962e-02 5.662663e+01 8.210566e-03 9.936922e-01 -1.118409e-01 -4.793615e+01 3.108146e-02 1.115371e-01 9.932741e-01 8.430549e+02
9.995650e-01 -1.425783e-02 -2.581729e-02 5.663019e+01 1.136311e-02 9.939780e-01 -1.089892e-01 -4.806358e+01 2.721577e-02 1.086484e-01 9.937076e-01 8.440251e+02
9.996989e-01 -1.359743e-02 -2.042763e-02 5.663751e+01 1.138513e-02 9.944322e-01 -1.047612e-01 -4.818710e+01 2.173838e-02 1.044971e-01 9.942876e-01 8.449835e+02
9.998491e-01 -1.106730e-02 -1.339260e-02 5.663658e+01 9.633904e-03 9.946629e-01 -1.027270e-01 -4.830636e+01 1.445803e-02 1.025825e-01 9.946194e-01 8.459405e+02
9.999578e-01 -8.351887e-03 -3.831914e-03 5.662259e+01 7.918931e-03 9.947832e-01 -1.017037e-01 -4.841360e+01 4.661342e-03 1.016691e-01 9.948074e-01 8.469123e+02
9.999595e-01 -4.189389e-03 7.964698e-03 5.662576e+01 4.989859e-03 9.946380e-01 -1.032973e-01 -4.853178e+01 -7.489238e-03 1.033328e-01 9.946186e-01 8.478837e+02
9.997750e-01 3.819664e-03 2.086719e-02 5.665517e+01 -1.647850e-03 9.946676e-01 -1.031196e-01 -4.864561e+01 -2.114980e-02 1.030620e-01 9.944501e-01 8.488519e+02
9.993095e-01 8.116054e-03 3.625845e-02 5.669001e+01 -4.233865e-03 9.943688e-01 -1.058901e-01 -4.874748e+01 -3.691369e-02 1.056634e-01 9.937166e-01 8.498154e+02
9.985433e-01 1.058823e-02 5.290639e-02 5.675521e+01 -4.985322e-03 9.944669e-01 -1.049321e-01 -4.886784e+01 -5.372469e-02 1.045155e-01 9.930711e-01 8.507451e+02
9.973484e-01 1.191741e-02 7.179190e-02 5.682943e+01 -4.168145e-03 9.942355e-01 -1.071377e-01 -4.899148e+01 -7.265486e-02 1.065543e-01 9.916489e-01 8.516761e+02
9.953949e-01 1.157534e-02 9.515727e-02 5.692776e+01 -8.960309e-04 9.937626e-01 -1.115126e-01 -4.910400e+01 -9.585454e-02 1.109138e-01 9.891967e-01 8.526151e+02
9.932693e-01 1.037337e-02 1.153623e-01 5.707825e+01 3.110755e-03 9.932332e-01 -1.160950e-01 -4.920849e+01 -1.157860e-01 1.156725e-01 9.865158e-01 8.535610e+02
9.905165e-01 7.956394e-03 1.371631e-01 5.722668e+01 8.422982e-03 9.929275e-01 -1.184227e-01 -4.933327e+01 -1.371353e-01 1.184550e-01 9.834441e-01 8.544564e+02
9.870508e-01 5.790373e-03 1.603033e-01 5.737726e+01 1.387477e-02 9.925209e-01 -1.212836e-01 -4.945566e+01 -1.598067e-01 1.219373e-01 9.795882e-01 8.553482e+02
9.828323e-01 2.115292e-03 1.844892e-01 5.755743e+01 2.076943e-02 9.923100e-01 -1.220228e-01 -4.957880e+01 -1.833286e-01 1.237597e-01 9.752303e-01 8.562452e+02
9.776710e-01 1.208320e-03 2.101379e-01 5.775044e+01 2.494206e-02 9.922475e-01 -1.217490e-01 -4.970470e+01 -2.086559e-01 1.242718e-01 9.700615e-01 8.571414e+02
9.715069e-01 3.762613e-04 2.370109e-01 5.796074e+01 2.889753e-02 9.923501e-01 -1.200263e-01 -4.982219e+01 -2.352429e-01 1.234554e-01 9.640641e-01 8.580246e+02
9.646671e-01 -1.069845e-03 2.634697e-01 5.821303e+01 3.360857e-02 9.923223e-01 -1.190249e-01 -4.993952e+01 -2.613195e-01 1.236742e-01 9.572966e-01 8.588972e+02
9.569931e-01 -1.049073e-03 2.901088e-01 5.847487e+01 3.785410e-02 9.918958e-01 -1.212839e-01 -5.005474e+01 -2.876305e-01 1.270497e-01 9.492771e-01 8.597576e+02
9.485942e-01 3.913703e-04 3.164946e-01 5.875734e+01 4.104453e-02 9.914024e-01 -1.242442e-01 -5.017542e+01 -3.138221e-01 1.308477e-01 9.404226e-01 8.606045e+02
9.384245e-01 4.186535e-03 3.454591e-01 5.906668e+01 4.392764e-02 9.903650e-01 -1.313295e-01 -5.029272e+01 -3.426804e-01 1.384180e-01 9.291989e-01 8.614133e+02
9.280227e-01 7.120133e-03 3.724555e-01 5.938925e+01 4.586060e-02 9.900284e-01 -1.331939e-01 -5.041723e+01 -3.696899e-01 1.406880e-01 9.184423e-01 8.622185e+02
9.166724e-01 9.133971e-03 3.995350e-01 5.973534e+01 4.809160e-02 9.899525e-01 -1.329707e-01 -5.054696e+01 -3.967352e-01 1.411049e-01 9.070229e-01 8.630213e+02
9.045296e-01 9.398700e-03 4.263072e-01 6.010683e+01 5.155315e-02 9.900131e-01 -1.312110e-01 -5.067388e+01 -4.232830e-01 1.406617e-01 8.950116e-01 8.638073e+02
8.918020e-01 1.050152e-02 4.523040e-01 6.050421e+01 5.456012e-02 9.899381e-01 -1.305597e-01 -5.079455e+01 -4.491240e-01 1.411112e-01 8.822558e-01 8.645874e+02
8.782733e-01 1.382876e-02 4.779589e-01 6.092057e+01 5.625843e-02 9.896505e-01 -1.320112e-01 -5.092017e+01 -4.748378e-01 1.428311e-01 8.684056e-01 8.653329e+02
8.635148e-01 1.735499e-02 5.040248e-01 6.135748e+01 5.863767e-02 9.891743e-01 -1.345204e-01 -5.104620e+01 -5.009030e-01 1.457152e-01 8.531490e-01 8.660729e+02
8.473583e-01 2.027756e-02 5.306343e-01 6.182281e+01 6.114895e-02 9.888972e-01 -1.354370e-01 -5.117447e+01 -5.274891e-01 1.472114e-01 8.367103e-01 8.667964e+02
8.294562e-01 2.461688e-02 5.580291e-01 6.230235e+01 6.066567e-02 9.891485e-01 -1.338089e-01 -5.129249e+01 -5.552676e-01 1.448418e-01 8.189620e-01 8.675054e+02
8.104165e-01 2.742781e-02 5.852117e-01 6.280274e+01 6.155614e-02 9.893878e-01 -1.316154e-01 -5.141558e+01 -5.826112e-01 1.426866e-01 8.001279e-01 8.681779e+02
7.879952e-01 3.238623e-02 6.148290e-01 6.333938e+01 6.313350e-02 9.891010e-01 -1.330161e-01 -5.154184e+01 -6.124359e-01 1.436323e-01 7.773622e-01 8.688614e+02
7.663992e-01 3.599250e-02 6.413554e-01 6.390510e+01 6.412663e-02 9.891546e-01 -1.321401e-01 -5.167481e+01 -6.391557e-01 1.424000e-01 7.557792e-01 8.695450e+02
7.446017e-01 3.736095e-02 6.664627e-01 6.448111e+01 6.762792e-02 9.890726e-01 -1.310029e-01 -5.179645e+01 -6.640744e-01 1.426165e-01 7.339385e-01 8.701686e+02
7.218595e-01 3.834203e-02 6.909767e-01 6.509122e+01 7.016491e-02 9.892639e-01 -1.281948e-01 -5.192155e+01 -6.884735e-01 1.410209e-01 7.114193e-01 8.707859e+02
6.985099e-01 4.046047e-02 7.144557e-01 6.572037e+01 7.051387e-02 9.896497e-01 -1.249851e-01 -5.204061e+01 -7.121178e-01 1.376824e-01 6.884270e-01 8.713808e+02
6.746948e-01 4.353509e-02 7.368118e-01 6.637682e+01 7.115256e-02 9.897735e-01 -1.236356e-01 -5.215787e+01 -7.346593e-01 1.358423e-01 6.646974e-01 8.719637e+02
6.495625e-01 4.731835e-02 7.588343e-01 6.705843e+01 7.049736e-02 9.900135e-01 -1.220797e-01 -5.227477e+01 -7.570328e-01 1.327942e-01 6.397398e-01 8.725511e+02
6.231228e-01 5.377396e-02 7.802733e-01 6.773412e+01 6.555730e-02 9.905319e-01 -1.206181e-01 -5.240485e+01 -7.793717e-01 1.263125e-01 6.136977e-01 8.731004e+02
5.957333e-01 5.932598e-02 8.009883e-01 6.846259e+01 6.189514e-02 9.909118e-01 -1.194272e-01 -5.251844e+01 -8.007939e-01 1.207241e-01 5.866471e-01 8.736559e+02
5.683356e-01 6.248708e-02 8.204207e-01 6.920693e+01 6.258254e-02 9.909406e-01 -1.188279e-01 -5.263326e+01 -8.204134e-01 1.188781e-01 5.592762e-01 8.741717e+02
5.389990e-01 6.765528e-02 8.395849e-01 6.997062e+01 6.808877e-02 9.900073e-01 -1.234884e-01 -5.275474e+01 -8.395498e-01 1.237264e-01 5.290064e-01 8.746591e+02
5.132610e-01 7.148079e-02 8.552506e-01 7.077688e+01 7.381045e-02 9.891567e-01 -1.269683e-01 -5.287749e+01 -8.550527e-01 1.282943e-01 5.024195e-01 8.751589e+02
4.913820e-01 7.020995e-02 8.681096e-01 7.158725e+01 8.445350e-02 9.882072e-01 -1.277268e-01 -5.299841e+01 -8.668398e-01 1.360776e-01 4.796578e-01 8.755535e+02
4.698650e-01 6.721084e-02 8.801759e-01 7.243341e+01 9.245351e-02 9.878665e-01 -1.247887e-01 -5.311453e+01 -8.778834e-01 1.400092e-01 4.579500e-01 8.759721e+02
4.489601e-01 6.203045e-02 8.913961e-01 7.330702e+01 9.844726e-02 9.880806e-01 -1.183424e-01 -5.323637e+01 -8.881120e-01 1.408865e-01 4.375020e-01 8.763952e+02
4.293993e-01 5.748372e-02 9.012835e-01 7.418331e+01 1.006020e-01 9.887166e-01 -1.109901e-01 -5.335873e+01 -8.974940e-01 1.383300e-01 4.187712e-01 8.767776e+02
4.099756e-01 5.477817e-02 9.104501e-01 7.505986e+01 1.001501e-01 9.894558e-01 -1.046292e-01 -5.347131e+01 -9.065815e-01 1.340771e-01 4.001667e-01 8.771530e+02
3.909080e-01 5.798152e-02 9.186017e-01 7.596847e+01 9.867800e-02 9.896219e-01 -1.044564e-01 -5.357549e+01 -9.151249e-01 1.314786e-01 3.811296e-01 8.775331e+02
3.745177e-01 6.383407e-02 9.250198e-01 7.689578e+01 9.939005e-02 9.891157e-01 -1.084978e-01 -5.368889e+01 -9.218775e-01 1.325721e-01 3.640969e-01 8.778943e+02
3.598697e-01 6.920867e-02 9.304321e-01 7.784428e+01 1.003289e-01 9.885919e-01 -1.123397e-01 -5.380183e+01 -9.275925e-01 1.337769e-01 3.488207e-01 8.782550e+02
3.430737e-01 6.986723e-02 9.367065e-01 7.879663e+01 1.050846e-01 9.881147e-01 -1.121895e-01 -5.391876e+01 -9.334118e-01 1.369227e-01 3.316542e-01 8.785786e+02
3.299087e-01 6.787596e-02 9.415695e-01 7.975856e+01 1.054134e-01 9.885250e-01 -1.081958e-01 -5.404697e+01 -9.381089e-01 1.349488e-01 3.189680e-01 8.788922e+02
3.189838e-01 6.865450e-02 9.452703e-01 8.076313e+01 1.083004e-01 9.881994e-01 -1.083187e-01 -5.416970e+01 -9.415521e-01 1.369251e-01 3.077843e-01 8.792185e+02
3.102906e-01 7.019926e-02 9.480463e-01 8.177383e+01 1.106472e-01 9.878248e-01 -1.093590e-01 -5.428768e+01 -9.441806e-01 1.388317e-01 2.987454e-01 8.795392e+02
3.029217e-01 7.007046e-02 9.504360e-01 8.278187e+01 1.125864e-01 9.876785e-01 -1.086995e-01 -5.440134e+01 -9.463418e-01 1.399336e-01 2.913002e-01 8.798500e+02
2.963716e-01 6.717343e-02 9.527075e-01 8.378429e+01 1.127699e-01 9.880843e-01 -1.047486e-01 -5.452387e+01 -9.483917e-01 1.384813e-01 2.852650e-01 8.801468e+02
2.900132e-01 6.583968e-02 9.547552e-01 8.481471e+01 1.122472e-01 9.884049e-01 -1.022560e-01 -5.464110e+01 -9.504172e-01 1.368241e-01 2.792601e-01 8.804473e+02
2.834705e-01 6.794751e-02 9.565708e-01 8.585004e+01 1.092136e-01 9.887096e-01 -1.025948e-01 -5.475394e+01 -9.527418e-01 1.335532e-01 2.728492e-01 8.807417e+02
2.766736e-01 6.980285e-02 9.584254e-01 8.689610e+01 1.079676e-01 9.887854e-01 -1.031816e-01 -5.486980e+01 -9.548794e-01 1.320265e-01 2.660344e-01 8.810381e+02
2.697597e-01 6.930323e-02 9.604305e-01 8.794865e+01 1.063759e-01 9.891571e-01 -1.012543e-01 -5.498442e+01 -9.570339e-01 1.294810e-01 2.594625e-01 8.813211e+02
2.580927e-01 6.738463e-02 9.637673e-01 8.901053e+01 1.066988e-01 9.894742e-01 -9.775548e-02 -5.510908e+01 -9.602102e-01 1.280628e-01 2.481862e-01 8.816072e+02
2.506173e-01 6.616460e-02 9.658226e-01 9.008994e+01 1.055835e-01 9.898422e-01 -9.520754e-02 -5.522821e+01 -9.623113e-01 1.258356e-01 2.410857e-01 8.818834e+02
2.437286e-01 6.740268e-02 9.674985e-01 9.115877e+01 1.034623e-01 9.900823e-01 -9.503986e-02 -5.535294e+01 -9.643091e-01 1.232635e-01 2.343377e-01 8.821355e+02
2.366748e-01 7.005682e-02 9.690599e-01 9.224209e+01 1.008644e-01 9.902362e-01 -9.622199e-02 -5.547064e+01 -9.663392e-01 1.205170e-01 2.272977e-01 8.823851e+02
2.290918e-01 7.194580e-02 9.707424e-01 9.335160e+01 9.915414e-02 9.903526e-01 -9.679923e-02 -5.559486e+01 -9.683416e-01 1.184290e-01 2.197479e-01 8.826501e+02
2.222708e-01 7.395073e-02 9.721764e-01 9.447008e+01 9.615165e-02 9.905961e-01 -9.733524e-02 -5.571044e+01 -9.702322e-01 1.151112e-01 2.130701e-01 8.829003e+02
2.159849e-01 7.446287e-02 9.735532e-01 9.559906e+01 9.344925e-02 9.909341e-01 -9.652418e-02 -5.582179e+01 -9.719145e-01 1.118256e-01 2.070683e-01 8.831422e+02
2.101711e-01 7.385659e-02 9.748709e-01 9.670742e+01 9.119389e-02 9.913141e-01 -9.476271e-02 -5.594625e+01 -9.734022e-01 1.088187e-01 2.016103e-01 8.833721e+02
2.037424e-01 7.644731e-02 9.760353e-01 9.783764e+01 8.874567e-02 9.914002e-01 -9.617597e-02 -5.606569e+01 -9.749940e-01 1.062140e-01 1.952059e-01 8.836093e+02
1.977584e-01 8.059310e-02 9.769321e-01 9.896007e+01 8.626666e-02 9.913168e-01 -9.924257e-02 -5.617666e+01 -9.764475e-01 1.039027e-01 1.890888e-01 8.838309e+02
1.878669e-01 8.392638e-02 9.786023e-01 1.001324e+02 8.836137e-02 9.908584e-01 -1.019406e-01 -5.630254e+01 -9.782118e-01 1.056219e-01 1.787336e-01 8.840490e+02
1.818704e-01 8.383395e-02 9.797423e-01 1.013168e+02 8.634245e-02 9.911492e-01 -1.008378e-01 -5.642840e+01 -9.795244e-01 1.029328e-01 1.730222e-01 8.842639e+02
1.758911e-01 8.348946e-02 9.808628e-01 1.024835e+02 8.535521e-02 9.913510e-01 -9.968833e-02 -5.654510e+01 -9.807022e-01 1.012560e-01 1.672435e-01 8.844570e+02
1.699607e-01 8.279330e-02 9.819667e-01 1.036522e+02 8.905603e-02 9.910966e-01 -9.897707e-02 -5.667243e+01 -9.814185e-01 1.042723e-01 1.610743e-01 8.846409e+02
1.632446e-01 8.326804e-02 9.830654e-01 1.048297e+02 9.021553e-02 9.909974e-01 -9.892079e-02 -5.680133e+01 -9.824522e-01 1.048360e-01 1.542629e-01 8.848289e+02
1.571670e-01 8.271301e-02 9.841022e-01 1.060052e+02 9.398409e-02 9.907110e-01 -9.827829e-02 -5.692564e+01 -9.830898e-01 1.079360e-01 1.479333e-01 8.850061e+02
1.510759e-01 7.902453e-02 9.853584e-01 1.072053e+02 9.623441e-02 9.908890e-01 -9.422281e-02 -5.706677e+01 -9.838267e-01 1.090602e-01 1.420945e-01 8.851797e+02
1.441916e-01 7.699091e-02 9.865501e-01 1.083634e+02 9.626493e-02 9.911486e-01 -9.141961e-02 -5.719086e+01 -9.848563e-01 1.081521e-01 1.355038e-01 8.853280e+02
1.359319e-01 7.465878e-02 9.879011e-01 1.095183e+02 9.395864e-02 9.916905e-01 -8.787356e-02 -5.731362e+01 -9.862526e-01 1.047667e-01 1.277876e-01 8.854811e+02
1.281388e-01 7.230313e-02 9.891171e-01 1.107055e+02 9.530424e-02 9.918256e-01 -8.484765e-02 -5.742154e+01 -9.871664e-01 1.051393e-01 1.202005e-01 8.856288e+02
1.162261e-01 7.239726e-02 9.905807e-01 1.118993e+02 1.030045e-01 9.910835e-01 -8.451966e-02 -5.753729e+01 -9.878672e-01 1.118577e-01 1.077325e-01 8.857638e+02
1.086893e-01 7.501699e-02 9.912412e-01 1.130667e+02 1.019327e-01 9.910514e-01 -8.617951e-02 -5.765022e+01 -9.888359e-01 1.104067e-01 1.000700e-01 8.858856e+02
1.018318e-01 7.779704e-02 9.917550e-01 1.142770e+02 1.087386e-01 9.900933e-01 -8.883179e-02 -5.776477e+01 -9.888408e-01 1.168879e-01 9.236345e-02 8.859981e+02
9.392760e-02 7.705521e-02 9.925926e-01 1.154292e+02 1.092826e-01 9.901777e-01 -8.720900e-02 -5.786935e+01 -9.895630e-01 1.166645e-01 8.458423e-02 8.861066e+02
8.588804e-02 7.473935e-02 9.934975e-01 1.165878e+02 1.074621e-01 9.906698e-01 -8.381674e-02 -5.799683e+01 -9.904924e-01 1.139621e-01 7.705504e-02 8.861958e+02
7.842548e-02 7.376908e-02 9.941869e-01 1.177656e+02 1.078936e-01 9.907727e-01 -8.202683e-02 -5.810664e+01 -9.910643e-01 1.136994e-01 6.974262e-02 8.862835e+02
7.126973e-02 7.562440e-02 9.945861e-01 1.189403e+02 1.097985e-01 9.904673e-01 -8.317912e-02 -5.820474e+01 -9.913954e-01 1.151322e-01 6.228689e-02 8.863616e+02
6.387842e-02 7.929861e-02 9.948021e-01 1.200633e+02 1.091422e-01 9.903034e-01 -8.594826e-02 -5.831571e+01 -9.919715e-01 1.140651e-01 5.460420e-02 8.864166e+02
5.715500e-02 8.460305e-02 9.947742e-01 1.212558e+02 1.087672e-01 9.899445e-01 -9.044154e-02 -5.843064e+01 -9.924228e-01 1.133680e-01 4.737823e-02 8.864884e+02
5.202037e-02 8.970847e-02 9.946086e-01 1.223847e+02 1.114702e-01 9.892116e-01 -9.505184e-02 -5.854849e+01 -9.924053e-01 1.158138e-01 4.145933e-02 8.865194e+02
4.402154e-02 9.475454e-02 9.945269e-01 1.235547e+02 1.191427e-01 9.878894e-01 -9.939585e-02 -5.867294e+01 -9.919008e-01 1.228662e-01 3.219911e-02 8.865642e+02
4.196574e-02 9.506263e-02 9.945863e-01 1.247230e+02 1.237608e-01 9.873021e-01 -9.958838e-02 -5.880389e+01 -9.914243e-01 1.272701e-01 2.966784e-02 8.865793e+02
3.960046e-02 9.423857e-02 9.947617e-01 1.259050e+02 1.246542e-01 9.872995e-01 -9.849400e-02 -5.893715e+01 -9.914097e-01 1.279016e-01 2.735028e-02 8.866195e+02
3.771003e-02 9.333973e-02 9.949199e-01 1.270694e+02 1.273621e-01 9.870595e-01 -9.742964e-02 -5.906739e+01 -9.911392e-01 1.303891e-01 2.533411e-02 8.866501e+02
3.525325e-02 9.232833e-02 9.951044e-01 1.282709e+02 1.249134e-01 9.875076e-01 -9.604875e-02 -5.919069e+01 -9.915412e-01 1.276879e-01 2.327981e-02 8.866911e+02
3.381019e-02 9.082358e-02 9.952929e-01 1.294082e+02 1.219879e-01 9.880412e-01 -9.430577e-02 -5.930348e+01 -9.919556e-01 1.246021e-01 2.232649e-02 8.866928e+02
3.197502e-02 8.767761e-02 9.956356e-01 1.306202e+02 1.193710e-01 9.886799e-01 -9.089870e-02 -5.942860e+01 -9.923347e-01 1.217565e-01 2.114690e-02 8.867393e+02
3.046231e-02 8.636375e-02 9.957978e-01 1.317916e+02 1.154808e-01 9.892846e-01 -8.933153e-02 -5.955303e+01 -9.928425e-01 1.177168e-01 2.016254e-02 8.867626e+02
2.909262e-02 9.127226e-02 9.954009e-01 1.329582e+02 1.144086e-01 9.889740e-01 -9.402678e-02 -5.967216e+01 -9.930077e-01 1.166179e-01 1.832951e-02 8.867822e+02
2.828347e-02 9.768753e-02 9.948152e-01 1.341103e+02 1.148797e-01 9.883014e-01 -1.003140e-01 -5.978505e+01 -9.929767e-01 1.171213e-01 1.673028e-02 8.867896e+02
2.300580e-02 1.001489e-01 9.947065e-01 1.353110e+02 1.185503e-01 9.876763e-01 -1.021829e-01 -5.992042e+01 -9.926815e-01 1.202736e-01 1.084960e-02 8.868156e+02
2.265042e-02 9.712423e-02 9.950145e-01 1.364997e+02 1.193742e-01 9.878866e-01 -9.914589e-02 -6.005404e+01 -9.925909e-01 1.210248e-01 1.078191e-02 8.868174e+02
2.187402e-02 9.364057e-02 9.953657e-01 1.376964e+02 1.198506e-01 9.881785e-01 -9.559824e-02 -6.018191e+01 -9.925509e-01 1.213863e-01 1.039257e-02 8.868314e+02
2.096442e-02 9.265316e-02 9.954777e-01 1.389430e+02 1.204714e-01 9.882074e-01 -9.451357e-02 -6.030510e+01 -9.924954e-01 1.219080e-01 9.555138e-03 8.868661e+02
1.992061e-02 9.405581e-02 9.953676e-01 1.401862e+02 1.193231e-01 9.882258e-01 -9.576901e-02 -6.043868e+01 -9.926556e-01 1.206781e-01 8.463032e-03 8.868975e+02
1.950886e-02 9.709889e-02 9.950835e-01 1.413629e+02 1.198369e-01 9.878708e-01 -9.874451e-02 -6.056026e+01 -9.926019e-01 1.211741e-01 7.636196e-03 8.868944e+02
1.907441e-02 9.972439e-02 9.948323e-01 1.425741e+02 1.202605e-01 9.875604e-01 -1.013013e-01 -6.068871e+01 -9.925591e-01 1.215713e-01 6.844230e-03 8.869106e+02
1.862122e-02 1.013392e-01 9.946776e-01 1.438336e+02 1.212410e-01 9.872798e-01 -1.028552e-01 -6.082071e+01 -9.924484e-01 1.225110e-01 6.097901e-03 8.869338e+02
1.798190e-02 1.020460e-01 9.946171e-01 1.450622e+02 1.203938e-01 9.873189e-01 -1.034738e-01 -6.095836e+01 -9.925633e-01 1.216064e-01 5.468168e-03 8.869428e+02
1.722117e-02 1.025020e-01 9.945837e-01 1.462939e+02 1.199067e-01 9.873406e-01 -1.038317e-01 -6.109628e+01 -9.926358e-01 1.210454e-01 4.712480e-03 8.869418e+02
1.213154e-02 1.072557e-01 9.941575e-01 1.475182e+02 1.240997e-01 9.863823e-01 -1.079313e-01 -6.123065e+01 -9.921956e-01 1.246840e-01 -1.344059e-03 8.869440e+02
1.131340e-02 1.088832e-01 9.939902e-01 1.487712e+02 1.252221e-01 9.860740e-01 -1.094413e-01 -6.137515e+01 -9.920642e-01 1.257077e-01 -2.478732e-03 8.869369e+02
1.094934e-02 1.098471e-01 9.938882e-01 1.500316e+02 1.272895e-01 9.857085e-01 -1.103453e-01 -6.152133e+01 -9.918052e-01 1.277197e-01 -3.189523e-03 8.869153e+02
1.037865e-02 1.094509e-01 9.939380e-01 1.512465e+02 1.285998e-01 9.855910e-01 -1.098746e-01 -6.166751e+01 -9.916423e-01 1.289606e-01 -3.846259e-03 8.868951e+02
8.905799e-03 1.089586e-01 9.940064e-01 1.525431e+02 1.288902e-01 9.856286e-01 -1.091950e-01 -6.182075e+01 -9.916189e-01 1.290902e-01 -5.265883e-03 8.869010e+02
6.582228e-03 1.064790e-01 9.942932e-01 1.538581e+02 1.276088e-01 9.860960e-01 -1.064460e-01 -6.196765e+01 -9.918027e-01 1.275812e-01 -7.096948e-03 8.868989e+02
4.138681e-03 1.061444e-01 9.943421e-01 1.551258e+02 1.231750e-01 9.867244e-01 -1.058439e-01 -6.210957e+01 -9.923763e-01 1.229161e-01 -8.990593e-03 8.868769e+02
2.061310e-03 1.068184e-01 9.942764e-01 1.563931e+02 1.259008e-01 9.863391e-01 -1.062267e-01 -6.225774e+01 -9.920407e-01 1.253991e-01 -1.141537e-02 8.868338e+02
2.553985e-04 1.078858e-01 9.941633e-01 1.576233e+02 1.258843e-01 9.862512e-01 -1.070595e-01 -6.239968e+01 -9.920449e-01 1.251768e-01 -1.332923e-02 8.867846e+02
-1.261881e-03 1.058698e-01 9.943792e-01 1.588836e+02 1.276517e-01 9.862621e-01 -1.048436e-01 -6.253373e+01 -9.918183e-01 1.268019e-01 -1.475901e-02 8.867468e+02
-6.882402e-03 1.036708e-01 9.945879e-01 1.601296e+02 1.330515e-01 9.858630e-01 -1.018407e-01 -6.267988e+01 -9.910852e-01 1.316305e-01 -2.057866e-02 8.866953e+02
-9.749602e-03 9.994097e-02 9.949456e-01 1.614025e+02 1.304845e-01 9.866124e-01 -9.782528e-02 -6.282177e+01 -9.914024e-01 1.288712e-01 -2.265982e-02 8.866655e+02
-1.250563e-02 9.844766e-02 9.950636e-01 1.625676e+02 1.261080e-01 9.873508e-01 -9.609970e-02 -6.296273e+01 -9.919377e-01 1.242837e-01 -2.476248e-02 8.865931e+02
-1.514951e-02 9.522163e-02 9.953408e-01 1.638113e+02 1.204827e-01 9.883758e-01 -9.272150e-02 -6.312049e+01 -9.925998e-01 1.185167e-01 -2.644598e-02 8.865580e+02
-1.720474e-02 9.472283e-02 9.953550e-01 1.650968e+02 1.197457e-01 9.885324e-01 -9.200375e-02 -6.325460e+01 -9.926555e-01 1.176065e-01 -2.835009e-02 8.865084e+02
-1.937505e-02 9.423258e-02 9.953617e-01 1.663534e+02 1.173201e-01 9.888851e-01 -9.133576e-02 -6.339962e+01 -9.929051e-01 1.150063e-01 -3.021508e-02 8.864614e+02
-2.148793e-02 9.389326e-02 9.953504e-01 1.676011e+02 1.166271e-01 9.890184e-01 -9.077818e-02 -6.353595e+01 -9.929433e-01 1.141342e-01 -3.220245e-02 8.864119e+02
-2.293407e-02 9.133524e-02 9.955561e-01 1.688648e+02 1.159480e-01 9.893409e-01 -8.809402e-02 -6.366841e+01 -9.929905e-01 1.134124e-01 -3.327975e-02 8.863639e+02
-2.448315e-02 8.958179e-02 9.956785e-01 1.701080e+02 1.148743e-01 9.896319e-01 -8.621308e-02 -6.379782e+01 -9.930783e-01 1.122671e-01 -3.451995e-02 8.863012e+02
-2.592335e-02 8.998386e-02 9.956058e-01 1.713340e+02 1.136212e-01 9.897518e-01 -8.649632e-02 -6.392840e+01 -9.931859e-01 1.108797e-01 -3.588176e-02 8.862318e+02
-3.233501e-02 9.291129e-02 9.951492e-01 1.725564e+02 1.158031e-01 9.893124e-01 -8.860360e-02 -6.405761e+01 -9.927457e-01 1.123764e-01 -4.274884e-02 8.861867e+02
-3.453989e-02 9.272907e-02 9.950921e-01 1.738133e+02 1.147335e-01 9.894710e-01 -8.822284e-02 -6.419061e+01 -9.927957e-01 1.111232e-01 -4.481536e-02 8.861407e+02
-3.606379e-02 8.927625e-02 9.953538e-01 1.750366e+02 1.141150e-01 9.898547e-01 -8.464839e-02 -6.431480e+01 -9.928128e-01 1.105321e-01 -4.588567e-02 8.860829e+02
-3.782245e-02 8.461826e-02 9.956953e-01 1.762604e+02 1.120851e-01 9.904798e-01 -7.991736e-02 -6.443814e+01 -9.929785e-01 1.085799e-01 -4.694682e-02 8.860193e+02
-3.963753e-02 8.012328e-02 9.959965e-01 1.774741e+02 1.084293e-01 9.912387e-01 -7.542538e-02 -6.455156e+01 -9.933136e-01 1.050055e-01 -4.797796e-02 8.859687e+02
-4.151715e-02 7.916167e-02 9.959969e-01 1.787236e+02 1.023664e-01 9.919476e-01 -7.457279e-02 -6.466407e+01 -9.938800e-01 9.886059e-02 -4.928634e-02 8.859246e+02
-4.334642e-02 7.890920e-02 9.959390e-01 1.799498e+02 9.521517e-02 9.926646e-01 -7.450570e-02 -6.477832e+01 -9.945125e-01 9.159894e-02 -5.054181e-02 8.858791e+02
-4.482541e-02 8.207071e-02 9.956179e-01 1.811355e+02 9.221824e-02 9.927043e-01 -7.767862e-02 -6.488058e+01 -9.947293e-01 8.833216e-02 -5.206679e-02 8.858196e+02
-4.533444e-02 8.282227e-02 9.955327e-01 1.823406e+02 9.049979e-02 9.927999e-01 -7.847376e-02 -6.498829e+01 -9.948641e-01 8.653794e-02 -5.250343e-02 8.857662e+02
-4.513318e-02 8.344245e-02 9.954900e-01 1.835286e+02 9.287297e-02 9.925402e-01 -7.898455e-02 -6.509828e+01 -9.946545e-01 8.888929e-02 -5.254604e-02 8.857086e+02
-4.867276e-02 8.320961e-02 9.953427e-01 1.846859e+02 9.927426e-02 9.919924e-01 -7.807497e-02 -6.520972e+01 -9.938690e-01 9.501179e-02 -5.654358e-02 8.856365e+02
-4.821791e-02 8.320418e-02 9.953653e-01 1.857752e+02 9.946525e-02 9.919711e-01 -7.810212e-02 -6.531708e+01 -9.938721e-01 9.523833e-02 -5.610670e-02 8.855462e+02
-4.782875e-02 8.235513e-02 9.954547e-01 1.868884e+02 9.903039e-02 9.920761e-01 -7.731749e-02 -6.541264e+01 -9.939343e-01 9.488227e-02 -5.560542e-02 8.854787e+02
-4.758035e-02 8.234237e-02 9.954677e-01 1.879512e+02 9.860075e-02 9.921162e-01 -7.735233e-02 -6.551830e+01 -9.939889e-01 9.447340e-02 -5.532425e-02 8.854091e+02
-4.753469e-02 8.205872e-02 9.954933e-01 1.890616e+02 9.821199e-02 9.921747e-01 -7.709556e-02 -6.562002e+01 -9.940296e-01 9.410466e-02 -5.522186e-02 8.853557e+02
-4.751589e-02 8.185177e-02 9.955112e-01 1.901239e+02 9.748459e-02 9.922592e-01 -7.693144e-02 -6.570664e+01 -9.941021e-01 9.339154e-02 -5.512736e-02 8.853092e+02
-4.728172e-02 8.170868e-02 9.955341e-01 1.911673e+02 9.812825e-02 9.922078e-01 -7.677519e-02 -6.580460e+01 -9.940499e-01 9.405996e-02 -5.493122e-02 8.852619e+02
-4.686065e-02 8.171284e-02 9.955537e-01 1.921384e+02 9.803109e-02 9.922136e-01 -7.682438e-02 -6.590161e+01 -9.940795e-01 9.399517e-02 -5.450617e-02 8.851995e+02
-4.674488e-02 8.113166e-02 9.956066e-01 1.931324e+02 9.858275e-02 9.922051e-01 -7.622590e-02 -6.600186e+01 -9.940304e-01 9.458647e-02 -5.437870e-02 8.851555e+02
-4.652385e-02 7.911725e-02 9.957791e-01 1.940826e+02 9.687780e-02 9.925167e-01 -7.433181e-02 -6.609293e+01 -9.942083e-01 9.301069e-02 -5.384041e-02 8.851122e+02
-5.069955e-02 7.953413e-02 9.955420e-01 1.949965e+02 9.973351e-02 9.922443e-01 -7.419159e-02 -6.617992e+01 -9.937217e-01 9.552742e-02 -5.823856e-02 8.850620e+02
-5.054273e-02 7.959373e-02 9.955452e-01 1.959030e+02 9.822007e-02 9.923831e-01 -7.435440e-02 -6.626886e+01 -9.938804e-01 9.402445e-02 -5.797545e-02 8.850228e+02
-5.089459e-02 8.285626e-02 9.952611e-01 1.967924e+02 9.650637e-02 9.922969e-01 -7.767446e-02 -6.635648e+01 -9.940303e-01 9.209583e-02 -5.849870e-02 8.849953e+02
-5.063118e-02 8.700611e-02 9.949203e-01 1.976292e+02 9.629713e-02 9.919817e-01 -8.184859e-02 -6.644075e+01 -9.940641e-01 9.166388e-02 -5.860365e-02 8.849464e+02
-5.006566e-02 9.002368e-02 9.946804e-01 1.984559e+02 9.765829e-02 9.915981e-01 -8.482924e-02 -6.651675e+01 -9.939599e-01 9.289176e-02 -5.843657e-02 8.849073e+02
-4.934369e-02 9.060074e-02 9.946641e-01 1.992667e+02 9.853271e-02 9.914608e-01 -8.542091e-02 -6.660235e+01 -9.939097e-01 9.379197e-02 -5.784948e-02 8.848643e+02
-4.889701e-02 9.021507e-02 9.947212e-01 2.000803e+02 1.001065e-01 9.913404e-01 -8.498757e-02 -6.668549e+01 -9.937745e-01 9.542237e-02 -5.750469e-02 8.848399e+02
-4.830627e-02 8.886803e-02 9.948713e-01 2.008400e+02 1.009174e-01 9.913715e-01 -8.365533e-02 -6.676457e+01 -9.937214e-01 9.635876e-02 -5.685779e-02 8.847978e+02
-4.781910e-02 8.930384e-02 9.948558e-01 2.015810e+02 1.004873e-01 9.913724e-01 -8.416109e-02 -6.684173e+01 -9.937885e-01 9.594585e-02 -5.638043e-02 8.847575e+02
-4.796010e-02 8.997973e-02 9.947882e-01 2.023140e+02 9.877553e-02 9.914798e-01 -8.491839e-02 -6.692816e+01 -9.939533e-01 9.418803e-02 -5.643927e-02 8.847179e+02
-5.230476e-02 9.263683e-02 9.943252e-01 2.030526e+02 1.011513e-01 9.910587e-01 -8.701162e-02 -6.700470e+01 -9.934952e-01 9.602614e-02 -6.120742e-02 8.846909e+02
-5.201536e-02 9.253428e-02 9.943499e-01 2.037824e+02 1.003935e-01 9.911382e-01 -8.698372e-02 -6.707400e+01 -9.935872e-01 9.530182e-02 -6.084426e-02 8.846476e+02
-5.183074e-02 9.264829e-02 9.943490e-01 2.045001e+02 9.911193e-02 9.912488e-01 -8.719320e-02 -6.715827e+01 -9.937255e-01 9.403256e-02 -6.055971e-02 8.846050e+02
-5.145714e-02 9.379221e-02 9.942611e-01 2.051987e+02 9.748867e-02 9.912969e-01 -8.846714e-02 -6.724115e+01 -9.939055e-01 9.237693e-02 -6.015298e-02 8.845544e+02
-5.123504e-02 9.511344e-02 9.941471e-01 2.058914e+02 9.655163e-02 9.912632e-01 -8.986158e-02 -6.731565e+01 -9.940084e-01 9.138246e-02 -5.997077e-02 8.845117e+02
-5.085481e-02 9.525884e-02 9.941527e-01 2.065745e+02 9.605859e-02 9.912921e-01 -9.007097e-02 -6.738717e+01 -9.940757e-01 9.091637e-02 -5.956240e-02 8.844637e+02
-5.037920e-02 9.633832e-02 9.940729e-01 2.072622e+02 9.471037e-02 9.913120e-01 -9.127088e-02 -6.746180e+01 -9.942293e-01 8.955086e-02 -5.906575e-02 8.844161e+02
-5.059671e-02 9.819744e-02 9.938799e-01 2.079521e+02 9.310385e-02 9.912846e-01 -9.320127e-02 -6.753868e+01 -9.943700e-01 8.781837e-02 -5.929830e-02 8.843784e+02
-5.065652e-02 9.931637e-02 9.937657e-01 2.086542e+02 9.099416e-02 9.913635e-01 -9.443793e-02 -6.761231e+01 -9.945622e-01 8.564298e-02 -5.925623e-02 8.843344e+02
-5.099820e-02 9.912824e-02 9.937670e-01 2.093711e+02 8.872571e-02 9.915768e-01 -9.435654e-02 -6.767855e+01 -9.947497e-01 8.336066e-02 -5.936386e-02 8.842907e+02
-5.643339e-02 1.017102e-01 9.932121e-01 2.101026e+02 9.091831e-02 9.911877e-01 -9.633704e-02 -6.775977e+01 -9.942581e-01 8.486454e-02 -6.518341e-02 8.842519e+02
-5.759972e-02 1.047692e-01 9.928271e-01 2.108337e+02 9.069831e-02 9.909148e-01 -9.930550e-02 -6.783301e+01 -9.942113e-01 8.432777e-02 -6.657881e-02 8.842160e+02
-5.813570e-02 1.081772e-01 9.924303e-01 2.115713e+02 9.045405e-02 9.905934e-01 -1.026783e-01 -6.790645e+01 -9.942023e-01 8.380007e-02 -6.737390e-02 8.841640e+02
-5.900000e-02 1.113407e-01 9.920294e-01 2.123269e+02 9.124827e-02 9.902017e-01 -1.057087e-01 -6.798378e+01 -9.940788e-01 8.428415e-02 -6.858155e-02 8.841198e+02
-5.916998e-02 1.103815e-01 9.921264e-01 2.131104e+02 9.246115e-02 9.902013e-01 -1.046530e-01 -6.806736e+01 -9.939567e-01 8.554084e-02 -6.879619e-02 8.840690e+02
-6.005378e-02 1.085044e-01 9.922804e-01 2.139220e+02 9.646668e-02 9.900524e-01 -1.024225e-01 -6.815361e+01 -9.935229e-01 8.957113e-02 -6.992346e-02 8.840268e+02
-6.005939e-02 1.071761e-01 9.924244e-01 2.147125e+02 9.796577e-02 9.900523e-01 -1.009912e-01 -6.824161e+01 -9.933758e-01 9.115815e-02 -6.996152e-02 8.839656e+02
-5.996060e-02 1.049412e-01 9.926692e-01 2.155228e+02 9.619733e-02 9.904372e-01 -9.889458e-02 -6.832689e+01 -9.935546e-01 8.956235e-02 -6.948228e-02 8.839086e+02
-5.980460e-02 1.024554e-01 9.929382e-01 2.163509e+02 9.484126e-02 9.908019e-01 -9.652270e-02 -6.841314e+01 -9.936944e-01 8.839901e-02 -6.897151e-02 8.838550e+02
-5.918840e-02 1.006628e-01 9.931585e-01 2.171899e+02 9.527530e-02 9.909306e-01 -9.475895e-02 -6.850874e+01 -9.936898e-01 8.901484e-02 -6.824227e-02 8.838055e+02
-6.277257e-02 1.031450e-01 9.926836e-01 2.180429e+02 9.745913e-02 9.905249e-01 -9.675781e-02 -6.859282e+01 -9.932579e-01 9.067234e-02 -7.223022e-02 8.837514e+02
-6.235728e-02 1.049987e-01 9.925154e-01 2.189161e+02 9.564303e-02 9.905027e-01 -9.877673e-02 -6.868425e+01 -9.934606e-01 8.876773e-02 -7.180744e-02 8.837073e+02
-6.114035e-02 1.066327e-01 9.924169e-01 2.198088e+02 9.490337e-02 9.903935e-01 -1.005686e-01 -6.877057e+01 -9.936072e-01 8.803491e-02 -7.067281e-02 8.836517e+02
-5.886948e-02 1.072371e-01 9.924891e-01 2.206782e+02 9.512523e-02 9.902918e-01 -1.013573e-01 -6.886884e+01 -9.937231e-01 8.844390e-02 -6.849892e-02 8.835773e+02
-5.690340e-02 1.077377e-01 9.925495e-01 2.215900e+02 9.647678e-02 9.901012e-01 -1.019409e-01 -6.896716e+01 -9.937073e-01 8.995720e-02 -6.673431e-02 8.835170e+02
-5.539634e-02 1.072746e-01 9.926850e-01 2.225136e+02 9.549973e-02 9.902228e-01 -1.016792e-01 -6.905940e+01 -9.938868e-01 8.916849e-02 -6.509941e-02 8.834673e+02
-5.385903e-02 1.074829e-01 9.927470e-01 2.234369e+02 9.621216e-02 9.901230e-01 -1.019791e-01 -6.916096e+01 -9.939026e-01 9.002184e-02 -6.366823e-02 8.834076e+02
-5.240510e-02 1.090180e-01 9.926574e-01 2.243305e+02 9.555980e-02 9.900092e-01 -1.036823e-01 -6.926526e+01 -9.940433e-01 8.942466e-02 -6.229927e-02 8.833337e+02
-5.187408e-02 1.124712e-01 9.923000e-01 2.253050e+02 9.494235e-02 9.896926e-01 -1.072124e-01 -6.936027e+01 -9.941303e-01 8.864975e-02 -6.201767e-02 8.832859e+02
-5.119198e-02 1.123712e-01 9.923468e-01 2.262788e+02 9.609578e-02 9.895932e-01 -1.071021e-01 -6.946919e+01 -9.940548e-01 8.987757e-02 -6.145763e-02 8.832339e+02
-5.468619e-02 1.105778e-01 9.923618e-01 2.272482e+02 9.971085e-02 9.894860e-01 -1.047625e-01 -6.957520e+01 -9.935125e-01 9.322018e-02 -6.513702e-02 8.831843e+02
-5.404402e-02 1.073177e-01 9.927548e-01 2.282359e+02 1.013587e-01 9.896621e-01 -1.014656e-01 -6.967790e+01 -9.933809e-01 9.514078e-02 -6.436291e-02 8.831234e+02
-5.325816e-02 1.081704e-01 9.927048e-01 2.292386e+02 1.010074e-01 9.896005e-01 -1.024131e-01 -6.979305e+01 -9.934591e-01 9.481617e-02 -6.363030e-02 8.830630e+02
-5.302148e-02 1.085792e-01 9.926728e-01 2.302623e+02 1.018389e-01 9.894761e-01 -1.027900e-01 -6.988990e+01 -9.933869e-01 9.564264e-02 -6.352108e-02 8.830084e+02
-5.323309e-02 1.068789e-01 9.928460e-01 2.313041e+02 1.024419e-01 9.895945e-01 -1.010363e-01 -6.999898e+01 -9.933136e-01 9.633053e-02 -6.362804e-02 8.829531e+02
-5.309941e-02 1.034557e-01 9.932157e-01 2.323628e+02 1.033341e-01 9.898485e-01 -9.758054e-02 -7.010971e+01 -9.932283e-01 9.745156e-02 -6.325087e-02 8.828837e+02
-5.365609e-02 1.055590e-01 9.929644e-01 2.334263e+02 1.051673e-01 9.894639e-01 -9.950406e-02 -7.021896e+01 -9.930060e-01 9.908838e-02 -6.419213e-02 8.828181e+02
-5.460260e-02 1.112388e-01 9.922925e-01 2.344776e+02 1.047045e-01 9.889342e-01 -1.051007e-01 -7.032438e+01 -9.930033e-01 9.815875e-02 -6.564558e-02 8.827425e+02
-5.671241e-02 1.153153e-01 9.917087e-01 2.355774e+02 1.028079e-01 9.887015e-01 -1.090864e-01 -7.044157e+01 -9.930832e-01 9.576896e-02 -6.792697e-02 8.826812e+02
-5.889517e-02 1.148054e-01 9.916406e-01 2.366608e+02 9.811984e-02 9.892206e-01 -1.086977e-01 -7.056231e+01 -9.934303e-01 9.089785e-02 -6.952499e-02 8.826094e+02
-6.524123e-02 1.149651e-01 9.912248e-01 2.377429e+02 9.838287e-02 9.892425e-01 -1.082597e-01 -7.068778e+01 -9.930078e-01 9.045654e-02 -7.584999e-02 8.825307e+02
-6.773289e-02 1.120959e-01 9.913863e-01 2.388668e+02 9.669672e-02 9.897279e-01 -1.053020e-01 -7.080919e+01 -9.930065e-01 8.873140e-02 -7.787643e-02 8.824515e+02
-7.102609e-02 1.105204e-01 9.913327e-01 2.399856e+02 9.345660e-02 9.902082e-01 -1.036991e-01 -7.092483e+01 -9.930867e-01 8.528124e-02 -8.065948e-02 8.823681e+02
-7.531578e-02 1.116715e-01 9.908870e-01 2.411490e+02 9.064513e-02 9.903619e-01 -1.047226e-01 -7.104623e+01 -9.930312e-01 8.193182e-02 -8.471236e-02 8.823005e+02
-7.950903e-02 1.141184e-01 9.902804e-01 2.423061e+02 8.933911e-02 9.902435e-01 -1.069411e-01 -7.117662e+01 -9.928227e-01 7.996799e-02 -8.892853e-02 8.822176e+02
-8.380600e-02 1.143572e-01 9.898985e-01 2.434892e+02 8.767017e-02 9.903872e-01 -1.069914e-01 -7.130342e+01 -9.926180e-01 7.781804e-02 -9.302610e-02 8.821224e+02
-8.854555e-02 1.152740e-01 9.893794e-01 2.446797e+02 8.618837e-02 9.904421e-01 -1.076843e-01 -7.143911e+01 -9.923363e-01 7.573803e-02 -9.763453e-02 8.820264e+02
-9.288575e-02 1.171850e-01 9.887568e-01 2.458691e+02 8.646971e-02 9.902474e-01 -1.092385e-01 -7.156473e+01 -9.919149e-01 7.535081e-02 -1.021128e-01 8.819110e+02
-9.691592e-02 1.171671e-01 9.883720e-01 2.470623e+02 8.933180e-02 9.900627e-01 -1.086080e-01 -7.169633e+01 -9.912755e-01 7.776720e-02 -1.064196e-01 8.817845e+02
-1.011242e-01 1.132456e-01 9.884075e-01 2.482156e+02 9.088811e-02 9.903974e-01 -1.041748e-01 -7.183434e+01 -9.907135e-01 7.929989e-02 -1.104458e-01 8.816505e+02
-1.095615e-01 1.100963e-01 9.878639e-01 2.494293e+02 9.777309e-02 9.902208e-01 -9.951522e-02 -7.196925e+01 -9.891596e-01 8.568347e-02 -1.192545e-01 8.815083e+02
-1.141046e-01 1.051819e-01 9.878851e-01 2.506563e+02 1.001777e-01 9.905295e-01 -9.389255e-02 -7.211215e+01 -9.884051e-01 8.825045e-02 -1.235608e-01 8.813418e+02
-1.190098e-01 1.033519e-01 9.874994e-01 2.518677e+02 1.042307e-01 9.903728e-01 -9.109112e-02 -7.223746e+01 -9.874070e-01 9.208698e-02 -1.286365e-01 8.811743e+02
-1.243719e-01 1.054568e-01 9.866157e-01 2.530648e+02 1.047383e-01 9.901761e-01 -9.263410e-02 -7.236536e+01 -9.866922e-01 9.181541e-02 -1.341955e-01 8.810176e+02
-1.297278e-01 1.110359e-01 9.853130e-01 2.542639e+02 1.074457e-01 9.894330e-01 -9.735375e-02 -7.247852e+01 -9.857110e-01 9.323814e-02 -1.402873e-01 8.808636e+02
-1.351535e-01 1.135340e-01 9.842985e-01 2.554404e+02 1.065465e-01 9.893184e-01 -9.948321e-02 -7.261745e+01 -9.850794e-01 9.142805e-02 -1.458065e-01 8.806851e+02
-1.405795e-01 1.082601e-01 9.841327e-01 2.566292e+02 1.071105e-01 9.898327e-01 -9.358679e-02 -7.274844e+01 -9.842585e-01 9.225454e-02 -1.507460e-01 8.805019e+02
-1.469719e-01 1.020034e-01 9.838672e-01 2.578556e+02 1.056758e-01 9.905950e-01 -8.691483e-02 -7.288576e+01 -9.834795e-01 9.119690e-02 -1.563689e-01 8.803331e+02
-1.524691e-01 1.036422e-01 9.828588e-01 2.590439e+02 1.096679e-01 9.901187e-01 -8.739519e-02 -7.301704e+01 -9.822047e-01 9.446302e-02 -1.623287e-01 8.801371e+02
-1.571109e-01 1.086063e-01 9.815910e-01 2.602194e+02 1.108546e-01 9.895926e-01 -9.174852e-02 -7.313521e+01 -9.813396e-01 9.439914e-02 -1.675153e-01 8.799401e+02
-1.647705e-01 1.127288e-01 9.798688e-01 2.613784e+02 1.197661e-01 9.883830e-01 -9.356894e-02 -7.325748e+01 -9.790336e-01 1.019376e-01 -1.763575e-01 8.797271e+02
-1.695221e-01 1.116340e-01 9.791834e-01 2.625573e+02 1.228179e-01 9.882114e-01 -9.140030e-02 -7.338361e+01 -9.778436e-01 1.047669e-01 -1.812343e-01 8.795169e+02
-1.744020e-01 1.106050e-01 9.784429e-01 2.637083e+02 1.247570e-01 9.881456e-01 -8.946459e-02 -7.351210e+01 -9.767393e-01 1.064648e-01 -1.861333e-01 8.792968e+02
-1.782613e-01 1.115673e-01 9.776378e-01 2.648492e+02 1.265089e-01 9.879041e-01 -8.967141e-02 -7.362962e+01 -9.758168e-01 1.076950e-01 -1.902193e-01 8.790799e+02
-1.804552e-01 1.122648e-01 9.771553e-01 2.659575e+02 1.292802e-01 9.875531e-01 -8.958466e-02 -7.374301e+01 -9.750500e-01 1.101608e-01 -1.927227e-01 8.788576e+02
-1.808824e-01 1.117507e-01 9.771353e-01 2.670838e+02 1.325411e-01 9.872303e-01 -8.836983e-02 -7.386216e+01 -9.745329e-01 1.135261e-01 -1.933841e-01 8.786259e+02
-1.804194e-01 1.119414e-01 9.771990e-01 2.681953e+02 1.358658e-01 9.868150e-01 -8.795816e-02 -7.397276e+01 -9.741608e-01 1.168986e-01 -1.932496e-01 8.784115e+02
-1.792977e-01 1.127096e-01 9.773172e-01 2.693103e+02 1.380937e-01 9.864635e-01 -8.842982e-02 -7.408429e+01 -9.740547e-01 1.191061e-01 -1.924351e-01 8.781885e+02
-1.776176e-01 1.151395e-01 9.773407e-01 2.704277e+02 1.419589e-01 9.857424e-01 -9.033027e-02 -7.419913e+01 -9.738068e-01 1.226979e-01 -1.914303e-01 8.779650e+02
-1.753438e-01 1.147108e-01 9.778016e-01 2.715299e+02 1.422631e-01 9.857171e-01 -9.012816e-02 -7.431041e+01 -9.741744e-01 1.233017e-01 -1.891585e-01 8.777470e+02
-1.748625e-01 1.169310e-01 9.776248e-01 2.726337e+02 1.505936e-01 9.844164e-01 -9.080749e-02 -7.442720e+01 -9.730080e-01 1.313452e-01 -1.897466e-01 8.775336e+02
-1.711792e-01 1.177528e-01 9.781779e-01 2.737338e+02 1.523579e-01 9.840530e-01 -9.179772e-02 -7.453907e+01 -9.733883e-01 1.333192e-01 -1.863899e-01 8.773127e+02
-1.666766e-01 1.182353e-01 9.788970e-01 2.748024e+02 1.548170e-01 9.836086e-01 -9.244370e-02 -7.465637e+01 -9.737816e-01 1.361417e-01 -1.822494e-01 8.771044e+02
-1.614217e-01 1.184758e-01 9.797482e-01 2.758687e+02 1.590986e-01 9.829062e-01 -9.264484e-02 -7.477483e+01 -9.739767e-01 1.409217e-01 -1.775118e-01 8.769070e+02
-1.564579e-01 1.185775e-01 9.805408e-01 2.769387e+02 1.634857e-01 9.821818e-01 -9.268970e-02 -7.490336e+01 -9.740602e-01 1.458023e-01 -1.730558e-01 8.767198e+02
-1.520469e-01 1.163075e-01 9.815061e-01 2.779719e+02 1.617943e-01 9.825853e-01 -9.137158e-02 -7.501583e+01 -9.750407e-01 1.449093e-01 -1.682169e-01 8.765462e+02
-1.479091e-01 1.156496e-01 9.822159e-01 2.789968e+02 1.614233e-01 9.826444e-01 -9.139177e-02 -7.513007e+01 -9.757384e-01 1.450348e-01 -1.640106e-01 8.763766e+02
-1.436443e-01 1.169555e-01 9.826941e-01 2.799952e+02 1.595217e-01 9.827430e-01 -9.364339e-02 -7.524605e+01 -9.766878e-01 1.433097e-01 -1.598224e-01 8.762178e+02
-1.404193e-01 1.198048e-01 9.828170e-01 2.809516e+02 1.551821e-01 9.830467e-01 -9.766130e-02 -7.535717e+01 -9.778553e-01 1.388021e-01 -1.566303e-01 8.760688e+02
-1.374379e-01 1.213494e-01 9.830489e-01 2.818796e+02 1.515272e-01 9.833610e-01 -1.002032e-01 -7.547555e+01 -9.788515e-01 1.351869e-01 -1.535388e-01 8.759373e+02
-1.366087e-01 1.262380e-01 9.825487e-01 2.827960e+02 1.545353e-01 9.824201e-01 -1.047357e-01 -7.558970e+01 -9.784973e-01 1.375306e-01 -1.537154e-01 8.757947e+02
-1.337115e-01 1.284974e-01 9.826544e-01 2.836939e+02 1.551149e-01 9.820507e-01 -1.073117e-01 -7.570280e+01 -9.788057e-01 1.380756e-01 -1.512434e-01 8.756595e+02
-1.300243e-01 1.333260e-01 9.825059e-01 2.845635e+02 1.567943e-01 9.812144e-01 -1.124006e-01 -7.580863e+01 -9.790349e-01 1.394365e-01 -1.484865e-01 8.755218e+02
-1.283466e-01 1.365291e-01 9.822866e-01 2.854675e+02 1.543083e-01 9.811646e-01 -1.162111e-01 -7.593666e+01 -9.796510e-01 1.366597e-01 -1.469967e-01 8.753976e+02
-1.259704e-01 1.403979e-01 9.820488e-01 2.863539e+02 1.545040e-01 9.806314e-01 -1.203766e-01 -7.604892e+01 -9.799286e-01 1.365666e-01 -1.452225e-01 8.752706e+02
-1.235988e-01 1.426934e-01 9.820193e-01 2.871896e+02 1.548845e-01 9.802530e-01 -1.229426e-01 -7.615965e+01 -9.801705e-01 1.369040e-01 -1.432591e-01 8.751372e+02
-1.221854e-01 1.461864e-01 9.816824e-01 2.880398e+02 1.547441e-01 9.798035e-01 -1.266463e-01 -7.626911e+01 -9.803698e-01 1.364352e-01 -1.423391e-01 8.750144e+02
-1.211641e-01 1.487522e-01 9.814235e-01 2.888964e+02 1.546878e-01 9.794582e-01 -1.293569e-01 -7.639347e+01 -9.805055e-01 1.361408e-01 -1.416853e-01 8.748964e+02
-1.195058e-01 1.509835e-01 9.812861e-01 2.897378e+02 1.558702e-01 9.789660e-01 -1.316439e-01 -7.651190e+01 -9.805217e-01 1.372210e-01 -1.405260e-01 8.747740e+02
-1.183837e-01 1.523978e-01 9.812035e-01 2.905745e+02 1.561692e-01 9.787120e-01 -1.331687e-01 -7.664191e+01 -9.806103e-01 1.374687e-01 -1.396634e-01 8.746604e+02
-1.186140e-01 1.552991e-01 9.807206e-01 2.914319e+02 1.611011e-01 9.776165e-01 -1.353231e-01 -7.674931e+01 -9.797842e-01 1.419439e-01 -1.409779e-01 8.745518e+02
-1.177855e-01 1.555466e-01 9.807812e-01 2.922716e+02 1.595682e-01 9.777867e-01 -1.359085e-01 -7.687284e+01 -9.801350e-01 1.404934e-01 -1.399894e-01 8.744445e+02
-1.172253e-01 1.586632e-01 9.803490e-01 2.931177e+02 1.605065e-01 9.772038e-01 -1.389615e-01 -7.700532e+01 -9.800489e-01 1.410626e-01 -1.400195e-01 8.743359e+02
-1.173200e-01 1.639578e-01 9.794661e-01 2.939205e+02 1.575491e-01 9.768595e-01 -1.446503e-01 -7.712552e+01 -9.805174e-01 1.373437e-01 -1.404365e-01 8.742212e+02
-1.184314e-01 1.668331e-01 9.788466e-01 2.947473e+02 1.503919e-01 9.774258e-01 -1.483949e-01 -7.725151e+01 -9.815071e-01 1.296360e-01 -1.408483e-01 8.741177e+02
-1.191085e-01 1.665088e-01 9.788197e-01 2.955598e+02 1.468379e-01 9.779512e-01 -1.484929e-01 -7.737568e+01 -9.819632e-01 1.260410e-01 -1.409321e-01 8.740043e+02
-1.195648e-01 1.663845e-01 9.787852e-01 2.963922e+02 1.460221e-01 9.780832e-01 -1.484277e-01 -7.751330e+01 -9.820294e-01 1.251775e-01 -1.412401e-01 8.738858e+02
-1.206634e-01 1.689796e-01 9.782056e-01 2.972227e+02 1.434970e-01 9.780249e-01 -1.512477e-01 -7.764209e+01 -9.822673e-01 1.221195e-01 -1.422599e-01 8.737588e+02
-1.218431e-01 1.703558e-01 9.778206e-01 2.980924e+02 1.401012e-01 9.782489e-01 -1.529729e-01 -7.777468e+01 -9.826118e-01 1.183552e-01 -1.430600e-01 8.736405e+02
-1.223820e-01 1.703884e-01 9.777476e-01 2.989766e+02 1.448579e-01 9.776698e-01 -1.522433e-01 -7.791442e+01 -9.818548e-01 1.230026e-01 -1.443313e-01 8.735165e+02
-1.250895e-01 1.751287e-01 9.765667e-01 2.998212e+02 1.493774e-01 9.764022e-01 -1.559653e-01 -7.805556e+01 -9.808359e-01 1.263674e-01 -1.482980e-01 8.733822e+02
-1.275222e-01 1.828170e-01 9.748415e-01 3.006930e+02 1.408700e-01 9.762405e-01 -1.646517e-01 -7.820457e+01 -9.817809e-01 1.163291e-01 -1.502458e-01 8.732593e+02
-1.283888e-01 1.907198e-01 9.732123e-01 3.015526e+02 1.363414e-01 9.754103e-01 -1.731640e-01 -7.835180e+01 -9.823071e-01 1.104569e-01 -1.512348e-01 8.731286e+02
-1.290115e-01 1.908275e-01 9.731089e-01 3.024441e+02 1.337207e-01 9.756944e-01 -1.736063e-01 -7.850436e+01 -9.825858e-01 1.077276e-01 -1.513934e-01 8.729883e+02
-1.307218e-01 1.861064e-01 9.737948e-01 3.033611e+02 1.294385e-01 9.770196e-01 -1.693470e-01 -7.866306e+01 -9.829331e-01 1.039092e-01 -1.518071e-01 8.728587e+02
-1.321313e-01 1.818218e-01 9.744137e-01 3.042788e+02 1.253141e-01 9.782095e-01 -1.655374e-01 -7.882493e+01 -9.832791e-01 1.002351e-01 -1.520369e-01 8.727251e+02
-1.316346e-01 1.811814e-01 9.746002e-01 3.051699e+02 1.256501e-01 9.782751e-01 -1.648936e-01 -7.898180e+01 -9.833028e-01 1.007529e-01 -1.515403e-01 8.725705e+02
-1.296469e-01 1.823898e-01 9.746413e-01 3.061059e+02 1.259680e-01 9.780025e-01 -1.662625e-01 -7.914729e+01 -9.835262e-01 1.012182e-01 -1.497702e-01 8.724238e+02
-1.273221e-01 1.896914e-01 9.735534e-01 3.069725e+02 1.290127e-01 9.763705e-01 -1.733679e-01 -7.929957e+01 -9.834352e-01 1.035272e-01 -1.487861e-01 8.722536e+02
-1.265507e-01 1.971479e-01 9.721716e-01 3.078648e+02 1.304624e-01 9.748458e-01 -1.807076e-01 -7.946567e+01 -9.833435e-01 1.039631e-01 -1.490878e-01 8.721091e+02
-1.282307e-01 2.068147e-01 9.699405e-01 3.088260e+02 1.332632e-01 9.727381e-01 -1.897932e-01 -7.964187e+01 -9.827501e-01 1.049201e-01 -1.522957e-01 8.719665e+02
-1.279793e-01 2.113528e-01 9.689950e-01 3.097407e+02 1.309011e-01 9.720814e-01 -1.947373e-01 -7.982632e+01 -9.831003e-01 1.019201e-01 -1.520726e-01 8.718139e+02
-1.264197e-01 2.151616e-01 9.683613e-01 3.107182e+02 1.337840e-01 9.709729e-01 -1.982763e-01 -8.002467e+01 -9.829140e-01 1.044852e-01 -1.515353e-01 8.716672e+02
-1.245296e-01 2.175343e-01 9.680760e-01 3.116884e+02 1.375035e-01 9.700400e-01 -2.002876e-01 -8.023061e+01 -9.826419e-01 1.081721e-01 -1.507104e-01 8.715083e+02
-1.227854e-01 2.205115e-01 9.676251e-01 3.126312e+02 1.417399e-01 9.689040e-01 -2.028171e-01 -8.043896e+01 -9.822594e-01 1.122481e-01 -1.502225e-01 8.713373e+02
-1.209011e-01 2.234332e-01 9.671921e-01 3.136297e+02 1.441122e-01 9.679675e-01 -2.055980e-01 -8.064610e+01 -9.821479e-01 1.145272e-01 -1.492278e-01 8.711770e+02
-1.199687e-01 2.264676e-01 9.666023e-01 3.146920e+02 1.470906e-01 9.669431e-01 -2.082915e-01 -8.087461e+01 -9.818207e-01 1.171896e-01 -1.493142e-01 8.710497e+02
-1.192895e-01 2.282989e-01 9.662555e-01 3.156585e+02 1.481764e-01 9.663990e-01 -2.100397e-01 -8.108503e+01 -9.817402e-01 1.181207e-01 -1.491098e-01 8.709016e+02
-1.189370e-01 2.301622e-01 9.658568e-01 3.166703e+02 1.493351e-01 9.658430e-01 -2.117696e-01 -8.129799e+01 -9.816074e-01 1.190491e-01 -1.492458e-01 8.707611e+02
-1.184148e-01 2.316125e-01 9.655742e-01 3.176557e+02 1.519245e-01 9.651927e-01 -2.128895e-01 -8.152457e+01 -9.812731e-01 1.214851e-01 -1.494807e-01 8.706011e+02
-1.192085e-01 2.375588e-01 9.640307e-01 3.186584e+02 1.562440e-01 9.633450e-01 -2.180693e-01 -8.174028e+01 -9.804984e-01 1.246283e-01 -1.519560e-01 8.704413e+02
-1.192965e-01 2.392287e-01 9.636067e-01 3.196555e+02 1.571457e-01 9.628535e-01 -2.195868e-01 -8.196807e+01 -9.803436e-01 1.252307e-01 -1.524588e-01 8.702761e+02
-1.193358e-01 2.390164e-01 9.636546e-01 3.206610e+02 1.594303e-01 9.626084e-01 -2.190136e-01 -8.220933e+01 -9.799699e-01 1.274996e-01 -1.529801e-01 8.701315e+02
-1.209215e-01 2.365914e-01 9.640552e-01 3.216630e+02 1.558289e-01 9.636649e-01 -2.169500e-01 -8.243822e+01 -9.803547e-01 1.239937e-01 -1.533956e-01 8.699825e+02
-1.212546e-01 2.359463e-01 9.641715e-01 3.227321e+02 1.545759e-01 9.639770e-01 -2.164592e-01 -8.269226e+01 -9.805119e-01 1.227910e-01 -1.533582e-01 8.697878e+02
-1.220014e-01 2.364069e-01 9.639644e-01 3.237878e+02 1.520957e-01 9.642014e-01 -2.172154e-01 -8.292549e+01 -9.808071e-01 1.201143e-01 -1.535904e-01 8.696094e+02
-1.223967e-01 2.374510e-01 9.636577e-01 3.248244e+02 1.516373e-01 9.640324e-01 -2.182835e-01 -8.317061e+01 -9.808288e-01 1.194093e-01 -1.540008e-01 8.694393e+02
-1.235649e-01 2.383223e-01 9.632934e-01 3.257947e+02 1.499935e-01 9.640650e-01 -2.192731e-01 -8.339600e+01 -9.809351e-01 1.173933e-01 -1.548713e-01 8.693386e+02
-1.229606e-01 2.378382e-01 9.634903e-01 3.267870e+02 1.507229e-01 9.640709e-01 -2.187463e-01 -8.363472e+01 -9.808992e-01 1.183229e-01 -1.543904e-01 8.691725e+02
-1.222993e-01 2.376008e-01 9.636331e-01 3.277669e+02 1.527131e-01 9.638642e-01 -2.182762e-01 -8.387086e+01 -9.806741e-01 1.204644e-01 -1.541647e-01 8.690430e+02
-1.213972e-01 2.411026e-01 9.628771e-01 3.288013e+02 1.582680e-01 9.623428e-01 -2.210148e-01 -8.411757e+01 -9.799051e-01 1.255620e-01 -1.549846e-01 8.688995e+02
-1.200718e-01 2.407566e-01 9.631298e-01 3.298385e+02 1.591714e-01 9.622667e-01 -2.206972e-01 -8.435541e+01 -9.799221e-01 1.268032e-01 -1.538626e-01 8.687464e+02
-1.195808e-01 2.398111e-01 9.634267e-01 3.308816e+02 1.575659e-01 9.626752e-01 -2.200669e-01 -8.463413e+01 -9.802415e-01 1.254875e-01 -1.529035e-01 8.686262e+02
-1.183594e-01 2.413574e-01 9.631914e-01 3.319477e+02 1.581836e-01 9.622054e-01 -2.216724e-01 -8.488626e+01 -9.802903e-01 1.261241e-01 -1.520648e-01 8.684749e+02
-1.168584e-01 2.434750e-01 9.628416e-01 3.329770e+02 1.593078e-01 9.615255e-01 -2.238073e-01 -8.513657e+01 -9.802883e-01 1.272344e-01 -1.511498e-01 8.683046e+02
-1.160841e-01 2.443537e-01 9.627127e-01 3.339743e+02 1.595609e-01 9.612645e-01 -2.247463e-01 -8.540888e+01 -9.803391e-01 1.275218e-01 -1.505768e-01 8.681534e+02
-1.148356e-01 2.421649e-01 9.634153e-01 3.349655e+02 1.610848e-01 9.615348e-01 -2.224915e-01 -8.564992e+01 -9.802369e-01 1.296416e-01 -1.494276e-01 8.680141e+02
-1.139219e-01 2.405157e-01 9.639367e-01 3.360150e+02 1.623181e-01 9.617220e-01 -2.207796e-01 -8.589437e+01 -9.801401e-01 1.313128e-01 -1.486013e-01 8.678627e+02
-1.145215e-01 2.423855e-01 9.633972e-01 3.371215e+02 1.597967e-01 9.616438e-01 -2.229489e-01 -8.615100e+01 -9.804845e-01 1.284153e-01 -1.488613e-01 8.677552e+02
-1.142949e-01 2.448117e-01 9.628104e-01 3.381723e+02 1.600853e-01 9.610344e-01 -2.253564e-01 -8.643462e+01 -9.804639e-01 1.283748e-01 -1.490321e-01 8.675668e+02
-1.138661e-01 2.465131e-01 9.624271e-01 3.392633e+02 1.639373e-01 9.601101e-01 -2.265240e-01 -8.669496e+01 -9.798771e-01 1.319843e-01 -1.497366e-01 8.674132e+02
-1.133011e-01 2.446310e-01 9.629738e-01 3.402941e+02 1.655066e-01 9.603201e-01 -2.244837e-01 -8.696109e+01 -9.796787e-01 1.339443e-01 -1.492933e-01 8.672236e+02
-1.125271e-01 2.425276e-01 9.635964e-01 3.413444e+02 1.645821e-01 9.609099e-01 -2.226319e-01 -8.720620e+01 -9.799237e-01 1.335386e-01 -1.480441e-01 8.670678e+02
-1.116649e-01 2.388750e-01 9.646086e-01 3.424039e+02 1.660083e-01 9.615232e-01 -2.188935e-01 -8.745374e+01 -9.797817e-01 1.356903e-01 -1.470236e-01 8.669212e+02
-1.115644e-01 2.341892e-01 9.657685e-01 3.434802e+02 1.639880e-01 9.628507e-01 -2.145380e-01 -8.771712e+01 -9.801333e-01 1.344396e-01 -1.458241e-01 8.667506e+02
-1.128762e-01 2.360339e-01 9.651668e-01 3.445436e+02 1.598858e-01 9.630310e-01 -2.168130e-01 -8.795705e+01 -9.806607e-01 1.298434e-01 -1.464417e-01 8.666100e+02
-1.135441e-01 2.405584e-01 9.639706e-01 3.455903e+02 1.549167e-01 9.626647e-01 -2.219852e-01 -8.820774e+01 -9.813809e-01 1.241300e-01 -1.465714e-01 8.664358e+02
-1.135124e-01 2.419227e-01 9.636329e-01 3.466681e+02 1.547545e-01 9.623691e-01 -2.233759e-01 -8.847397e+01 -9.814102e-01 1.237706e-01 -1.466795e-01 8.662889e+02
-1.130395e-01 2.398239e-01 9.642129e-01 3.477034e+02 1.556826e-01 9.627216e-01 -2.212016e-01 -8.872332e+01 -9.813180e-01 1.251067e-01 -1.461620e-01 8.661241e+02
-1.126903e-01 2.389827e-01 9.644626e-01 3.487409e+02 1.549515e-01 9.629970e-01 -2.205146e-01 -8.897402e+01 -9.814739e-01 1.245951e-01 -1.455511e-01 8.659673e+02
-1.108888e-01 2.431999e-01 9.636169e-01 3.497989e+02 1.587519e-01 9.614811e-01 -2.243924e-01 -8.922050e+01 -9.810716e-01 1.280934e-01 -1.452259e-01 8.658205e+02
-1.101097e-01 2.412612e-01 9.641934e-01 3.508695e+02 1.578132e-01 9.620295e-01 -2.226977e-01 -8.947152e+01 -9.813108e-01 1.276413e-01 -1.440030e-01 8.656617e+02
-1.095684e-01 2.369087e-01 9.653336e-01 3.519091e+02 1.558136e-01 9.632680e-01 -2.187164e-01 -8.974062e+01 -9.816908e-01 1.264477e-01 -1.424573e-01 8.654986e+02
-1.085980e-01 2.356370e-01 9.657545e-01 3.529566e+02 1.538426e-01 9.637797e-01 -2.178557e-01 -8.998712e+01 -9.821094e-01 1.249155e-01 -1.409155e-01 8.653365e+02
-1.068511e-01 2.365738e-01 9.657203e-01 3.539498e+02 1.535278e-01 9.635576e-01 -2.190571e-01 -9.022196e+01 -9.823503e-01 1.248584e-01 -1.392778e-01 8.651947e+02
-1.046532e-01 2.365103e-01 9.659765e-01 3.549380e+02 1.536015e-01 9.634991e-01 -2.192626e-01 -9.045875e+01 -9.825753e-01 1.254289e-01 -1.371616e-01 8.650609e+02
-1.021357e-01 2.352474e-01 9.665542e-01 3.559402e+02 1.540721e-01 9.636515e-01 -2.182601e-01 -9.068957e+01 -9.827665e-01 1.266269e-01 -1.346683e-01 8.649224e+02
-9.966078e-02 2.331511e-01 9.673202e-01 3.568851e+02 1.537740e-01 9.640895e-01 -2.165294e-01 -9.092002e+01 -9.830673e-01 1.271692e-01 -1.319345e-01 8.647689e+02
-9.745299e-02 2.332528e-01 9.675206e-01 3.578499e+02 1.541698e-01 9.639512e-01 -2.168636e-01 -9.115360e+01 -9.832266e-01 1.280284e-01 -1.299005e-01 8.646457e+02
-9.572182e-02 2.337566e-01 9.675718e-01 3.587905e+02 1.532940e-01 9.639013e-01 -2.177045e-01 -9.137483e+01 -9.835336e-01 1.274839e-01 -1.280999e-01 8.645245e+02
-9.243147e-02 2.367446e-01 9.671652e-01 3.596939e+02 1.547525e-01 9.629362e-01 -2.209198e-01 -9.158713e+01 -9.836199e-01 1.292513e-01 -1.256424e-01 8.644049e+02
-9.172605e-02 2.355339e-01 9.675278e-01 3.605954e+02 1.513848e-01 9.636287e-01 -2.202327e-01 -9.180454e+01 -9.842098e-01 1.262680e-01 -1.240461e-01 8.642961e+02
-9.028793e-02 2.331468e-01 9.682410e-01 3.614874e+02 1.516622e-01 9.640914e-01 -2.180051e-01 -9.201302e+01 -9.843001e-01 1.271624e-01 -1.224054e-01 8.641746e+02
-9.017014e-02 2.292465e-01 9.691828e-01 3.623856e+02 1.493188e-01 9.652592e-01 -2.144262e-01 -9.221476e+01 -9.846691e-01 1.253824e-01 -1.212684e-01 8.640532e+02
-9.230185e-02 2.257599e-01 9.698004e-01 3.631666e+02 1.429901e-01 9.668687e-01 -2.114682e-01 -9.239184e+01 -9.854107e-01 1.191529e-01 -1.215252e-01 8.639411e+02
-9.554095e-02 2.236535e-01 9.699748e-01 3.640229e+02 1.373428e-01 9.680745e-01 -2.096873e-01 -9.258001e+01 -9.859051e-01 1.131853e-01 -1.232079e-01 8.638299e+02
-9.961026e-02 2.222822e-01 9.698806e-01 3.648739e+02 1.344709e-01 9.687936e-01 -2.082224e-01 -9.277313e+01 -9.858983e-01 1.096796e-01 -1.263923e-01 8.637184e+02
-1.054330e-01 2.217959e-01 9.693763e-01 3.656736e+02 1.314079e-01 9.693684e-01 -2.075017e-01 -9.294410e+01 -9.857058e-01 1.055062e-01 -1.313491e-01 8.636118e+02
-1.133944e-01 2.220922e-01 9.684094e-01 3.665645e+02 1.299787e-01 9.696354e-01 -2.071537e-01 -9.312788e+01 -9.850113e-01 1.023826e-01 -1.388184e-01 8.635053e+02
-1.231877e-01 2.222310e-01 9.671805e-01 3.674260e+02 1.284461e-01 9.699762e-01 -2.065134e-01 -9.330382e+01 -9.840358e-01 9.879069e-02 -1.480339e-01 8.633777e+02
-1.327101e-01 2.240315e-01 9.655040e-01 3.682126e+02 1.302078e-01 9.696185e-01 -2.070889e-01 -9.347160e+01 -9.825650e-01 9.823341e-02 -1.578488e-01 8.632326e+02
-1.457045e-01 2.213977e-01 9.642371e-01 3.690217e+02 1.322655e-01 9.702481e-01 -2.027915e-01 -9.364253e+01 -9.804469e-01 9.798763e-02 -1.706528e-01 8.630843e+02
-1.600635e-01 2.165685e-01 9.630565e-01 3.698530e+02 1.329405e-01 9.714767e-01 -1.963668e-01 -9.381210e+01 -9.781137e-01 9.659808e-02 -1.842887e-01 8.629221e+02
-1.751772e-01 2.112906e-01 9.615972e-01 3.706295e+02 1.343408e-01 9.726946e-01 -1.892557e-01 -9.397707e+01 -9.753284e-01 9.602844e-02 -1.987788e-01 8.627432e+02
-1.913230e-01 2.083592e-01 9.591569e-01 3.714428e+02 1.367837e-01 9.733331e-01 -1.841545e-01 -9.414021e+01 -9.719495e-01 9.596400e-02 -2.147211e-01 8.625621e+02
-2.081637e-01 2.067748e-01 9.559875e-01 3.722479e+02 1.381950e-01 9.738111e-01 -1.805383e-01 -9.428072e+01 -9.682820e-01 9.453119e-02 -2.312874e-01 8.623625e+02
-2.265212e-01 2.002007e-01 9.532092e-01 3.730657e+02 1.364050e-01 9.755240e-01 -1.724721e-01 -9.442963e+01 -9.644075e-01 9.095390e-02 -2.482853e-01 8.621589e+02
-2.461487e-01 1.905728e-01 9.503120e-01 3.738758e+02 1.356708e-01 9.776008e-01 -1.609039e-01 -9.457421e+01 -9.596897e-01 8.932335e-02 -2.664903e-01 8.619203e+02
-2.672384e-01 1.818176e-01 9.463224e-01 3.747010e+02 1.359413e-01 9.793308e-01 -1.497701e-01 -9.471374e+01 -9.539935e-01 8.862001e-02 -2.864313e-01 8.616346e+02
-2.926503e-01 1.776587e-01 9.395708e-01 3.754607e+02 1.312205e-01 9.807545e-01 -1.445743e-01 -9.484369e+01 -9.471732e-01 8.098123e-02 -3.103305e-01 8.613949e+02
-3.198662e-01 1.807235e-01 9.300670e-01 3.762083e+02 1.289548e-01 9.808091e-01 -1.462335e-01 -9.498004e+01 -9.386460e-01 7.316146e-02 -3.370328e-01 8.611849e+02
-3.497351e-01 1.820488e-01 9.189905e-01 3.769802e+02 1.281623e-01 9.810129e-01 -1.455612e-01 -9.510728e+01 -9.280408e-01 6.687203e-02 -3.664264e-01 8.608580e+02
-3.812666e-01 1.800984e-01 9.067526e-01 3.776971e+02 1.282047e-01 9.816633e-01 -1.410702e-01 -9.522420e+01 -9.155323e-01 6.246463e-02 -3.973649e-01 8.605672e+02
-4.151945e-01 1.734577e-01 8.930431e-01 3.784300e+02 1.247198e-01 9.832386e-01 -1.329917e-01 -9.534737e+01 -9.011429e-01 5.616274e-02 -4.298689e-01 8.602393e+02
-4.476879e-01 1.717968e-01 8.775314e-01 3.791392e+02 1.282332e-01 9.835614e-01 -1.271342e-01 -9.546189e+01 -8.849473e-01 5.561225e-02 -4.623587e-01 8.598658e+02
-4.783340e-01 1.741689e-01 8.607333e-01 3.798471e+02 1.348180e-01 9.830805e-01 -1.240036e-01 -9.554936e+01 -8.677676e-01 5.672726e-02 -4.937220e-01 8.594089e+02
-5.101380e-01 1.738098e-01 8.423475e-01 3.805557e+02 1.350172e-01 9.834091e-01 -1.211481e-01 -9.564748e+01 -8.494290e-01 5.192919e-02 -5.251417e-01 8.589603e+02
-5.407742e-01 1.720637e-01 8.233816e-01 3.812820e+02 1.369589e-01 9.838041e-01 -1.156367e-01 -9.574408e+01 -8.299431e-01 5.023606e-02 -5.555815e-01 8.584628e+02
-5.704331e-01 1.681229e-01 8.039532e-01 3.818848e+02 1.395610e-01 9.844327e-01 -1.068414e-01 -9.583269e+01 -8.094003e-01 5.125463e-02 -5.850164e-01 8.580220e+02
-6.002846e-01 1.638355e-01 7.828258e-01 3.825294e+02 1.398182e-01 9.852178e-01 -9.897855e-02 -9.592848e+01 -7.874702e-01 5.003799e-02 -6.143183e-01 8.575055e+02
-6.275372e-01 1.657883e-01 7.607308e-01 3.832011e+02 1.442519e-01 9.849075e-01 -9.564845e-02 -9.601511e+01 -7.651069e-01 4.971389e-02 -6.419813e-01 8.569062e+02
-6.574128e-01 1.641771e-01 7.354280e-01 3.838824e+02 1.438629e-01 9.853703e-01 -9.137253e-02 -9.608652e+01 -7.396701e-01 4.573131e-02 -6.714140e-01 8.562967e+02
-6.858216e-01 1.611503e-01 7.097037e-01 3.845212e+02 1.451012e-01 9.858751e-01 -8.364130e-02 -9.615049e+01 -7.131580e-01 4.561584e-02 -6.995176e-01 8.556275e+02
-7.130681e-01 1.560519e-01 6.835069e-01 3.851153e+02 1.461955e-01 9.865787e-01 -7.272807e-02 -9.621158e+01 -6.856827e-01 4.806558e-02 -7.263119e-01 8.549900e+02
-7.386251e-01 1.530813e-01 6.565053e-01 3.856834e+02 1.498243e-01 9.867961e-01 -6.153194e-02 -9.628010e+01 -6.572562e-01 5.291138e-02 -7.518076e-01 8.543280e+02
-7.623103e-01 1.525579e-01 6.289747e-01 3.862515e+02 1.541416e-01 9.866533e-01 -5.249494e-02 -9.633698e+01 -6.285884e-01 5.693373e-02 -7.756514e-01 8.536224e+02
-7.836250e-01 1.554883e-01 6.014610e-01 3.867879e+02 1.596229e-01 9.860611e-01 -4.694647e-02 -9.638001e+01 -6.003769e-01 5.921851e-02 -7.975216e-01 8.528863e+02
-8.030554e-01 1.584309e-01 5.744578e-01 3.873402e+02 1.649857e-01 9.854377e-01 -4.113642e-02 -9.642494e+01 -5.726096e-01 6.174249e-02 -8.174999e-01 8.520907e+02
-8.191855e-01 1.630131e-01 5.498744e-01 3.878426e+02 1.719253e-01 9.844622e-01 -3.571997e-02 -9.646554e+01 -5.471534e-01 6.527605e-02 -8.344832e-01 8.512996e+02
-8.320472e-01 1.661884e-01 5.292248e-01 3.883419e+02 1.761690e-01 9.838405e-01 -3.197498e-02 -9.649774e+01 -5.259866e-01 6.662832e-02 -8.478789e-01 8.504582e+02
-8.389472e-01 1.742423e-01 5.155650e-01 3.888292e+02 1.851422e-01 9.822324e-01 -3.068840e-02 -9.653737e+01 -5.117518e-01 6.970688e-02 -8.563008e-01 8.496194e+02
-8.456089e-01 1.776877e-01 5.033613e-01 3.893304e+02 1.875425e-01 9.817512e-01 -3.150332e-02 -9.657229e+01 -4.997733e-01 6.776212e-02 -8.635016e-01 8.487445e+02
-8.501330e-01 1.814508e-01 4.943172e-01 3.898185e+02 1.909503e-01 9.810867e-01 -3.173232e-02 -9.661545e+01 -4.907259e-01 6.741331e-02 -8.687022e-01 8.479133e+02
-8.536759e-01 1.824812e-01 4.877889e-01 3.902882e+02 1.919241e-01 9.809177e-01 -3.107498e-02 -9.665088e+01 -4.841514e-01 6.709049e-02 -8.724083e-01 8.470142e+02
-8.560684e-01 1.854443e-01 4.824493e-01 3.907693e+02 1.949380e-01 9.803282e-01 -3.091737e-02 -9.669561e+01 -4.786921e-01 6.758030e-02 -8.753781e-01 8.461224e+02
-8.576937e-01 1.880830e-01 4.785251e-01 3.912530e+02 1.968753e-01 9.798972e-01 -3.227259e-02 -9.673829e+01 -4.749753e-01 6.652978e-02 -8.774806e-01 8.452464e+02
-8.581771e-01 1.914238e-01 4.763287e-01 3.917341e+02 2.002635e-01 9.791959e-01 -3.270818e-02 -9.677791e+01 -4.726802e-01 6.732186e-02 -8.786587e-01 8.443503e+02
-8.577868e-01 1.958452e-01 4.752330e-01 3.922166e+02 2.053889e-01 9.781448e-01 -3.237384e-02 -9.682289e+01 -4.711870e-01 6.983772e-02 -8.792642e-01 8.434175e+02
-8.579083e-01 1.978755e-01 4.741715e-01 3.927160e+02 2.077713e-01 9.776517e-01 -3.206573e-02 -9.685657e+01 -4.699196e-01 7.100975e-02 -8.798484e-01 8.424702e+02
-8.575947e-01 2.006115e-01 4.735888e-01 3.932098e+02 2.111787e-01 9.769423e-01 -3.142007e-02 -9.689175e+01 -4.689722e-01 7.306616e-02 -8.801855e-01 8.415244e+02
-8.542696e-01 2.080251e-01 4.763917e-01 3.937156e+02 2.215225e-01 9.747415e-01 -2.840256e-02 -9.692630e+01 -4.702672e-01 8.126804e-02 -8.787743e-01 8.405594e+02
-8.534226e-01 2.097589e-01 4.771489e-01 3.941969e+02 2.252534e-01 9.739722e-01 -2.528126e-02 -9.696508e+01 -4.700327e-01 8.590383e-02 -8.784587e-01 8.396305e+02
-8.531716e-01 2.108966e-01 4.770963e-01 3.947314e+02 2.268843e-01 9.736098e-01 -2.464860e-02 -9.699364e+01 -4.697039e-01 8.721616e-02 -8.785053e-01 8.386523e+02
-8.526802e-01 2.107625e-01 4.780332e-01 3.952201e+02 2.266024e-01 9.736642e-01 -2.508724e-02 -9.702120e+01 -4.707312e-01 8.693205e-02 -8.779834e-01 8.377181e+02
-8.528953e-01 2.073565e-01 4.791377e-01 3.957691e+02 2.233969e-01 9.744310e-01 -2.404406e-02 -9.705729e+01 -4.718723e-01 8.653082e-02 -8.774103e-01 8.367343e+02
-8.529400e-01 2.036179e-01 4.806591e-01 3.962767e+02 2.204873e-01 9.751454e-01 -2.183373e-02 -9.709551e+01 -4.731582e-01 8.735637e-02 -8.766357e-01 8.357874e+02
-8.527507e-01 2.022926e-01 4.815536e-01 3.967807e+02 2.184310e-01 9.755808e-01 -2.302042e-02 -9.713434e+01 -4.744514e-01 8.555556e-02 -8.761142e-01 8.348866e+02
-8.519633e-01 2.044484e-01 4.820367e-01 3.973205e+02 2.184840e-01 9.754510e-01 -2.756848e-02 -9.716074e+01 -4.758396e-01 8.182997e-02 -8.757172e-01 8.338983e+02
-8.513676e-01 2.060968e-01 4.823870e-01 3.978431e+02 2.188500e-01 9.752838e-01 -3.043414e-02 -9.718772e+01 -4.767366e-01 7.965978e-02 -8.754293e-01 8.329775e+02
-8.505130e-01 2.065198e-01 4.837120e-01 3.983842e+02 2.193469e-01 9.751649e-01 -3.066596e-02 -9.722275e+01 -4.780321e-01 8.001892e-02 -8.746898e-01 8.319836e+02
-8.468078e-01 2.107518e-01 4.883648e-01 3.989440e+02 2.253895e-01 9.738241e-01 -2.943221e-02 -9.727671e+01 -4.817843e-01 8.514887e-02 -8.721431e-01 8.309916e+02
-8.457209e-01 2.110239e-01 4.901277e-01 3.995241e+02 2.257214e-01 9.737373e-01 -2.975659e-02 -9.732135e+01 -4.835350e-01 8.546656e-02 -8.711426e-01 8.299663e+02
-8.456431e-01 2.070259e-01 4.919634e-01 4.001021e+02 2.217054e-01 9.746803e-01 -2.906801e-02 -9.736923e+01 -4.855249e-01 8.448980e-02 -8.701305e-01 8.289676e+02
-8.452561e-01 2.052644e-01 4.933647e-01 4.006931e+02 2.197911e-01 9.751117e-01 -2.913872e-02 -9.741457e+01 -4.870668e-01 8.380747e-02 -8.693344e-01 8.279161e+02
-8.459301e-01 2.018893e-01 4.936020e-01 4.012669e+02 2.149256e-01 9.761410e-01 -3.091621e-02 -9.746802e+01 -4.880668e-01 7.993477e-02 -8.691382e-01 8.269301e+02
-8.459084e-01 2.023563e-01 4.934480e-01 4.018317e+02 2.129825e-01 9.764180e-01 -3.530393e-02 -9.751587e+01 -4.889554e-01 7.523190e-02 -8.690585e-01 8.259137e+02
-8.450981e-01 2.060106e-01 4.933243e-01 4.024232e+02 2.155943e-01 9.757380e-01 -3.813733e-02 -9.757117e+01 -4.892120e-01 7.412813e-02 -8.690090e-01 8.249132e+02
-8.440721e-01 2.082139e-01 4.941551e-01 4.030402e+02 2.184735e-01 9.751147e-01 -3.769071e-02 -9.762771e+01 -4.897057e-01 7.614611e-02 -8.685564e-01 8.238507e+02
-8.433609e-01 2.075903e-01 4.956295e-01 4.036826e+02 2.199479e-01 9.749164e-01 -3.407336e-02 -9.768891e+01 -4.902706e-01 8.027651e-02 -8.678654e-01 8.227250e+02
-8.429228e-01 2.057272e-01 4.971494e-01 4.042865e+02 2.196950e-01 9.750758e-01 -3.100401e-02 -9.772596e+01 -4.911368e-01 8.308728e-02 -8.671108e-01 8.216292e+02
-8.406849e-01 2.064546e-01 5.006250e-01 4.048486e+02 2.218878e-01 9.746312e-01 -2.932198e-02 -9.775539e+01 -4.939784e-01 8.643204e-02 -8.651675e-01 8.206073e+02
-8.410207e-01 2.050638e-01 5.006326e-01 4.054724e+02 2.205233e-01 9.749538e-01 -2.888951e-02 -9.779853e+01 -4.940178e-01 8.610446e-02 -8.651777e-01 8.195509e+02
-8.407122e-01 2.040765e-01 5.015533e-01 4.061150e+02 2.199265e-01 9.751111e-01 -2.811731e-02 -9.784104e+01 -4.948083e-01 8.666632e-02 -8.646697e-01 8.184348e+02
-8.400017e-01 2.051686e-01 5.022978e-01 4.067501e+02 2.226536e-01 9.745583e-01 -2.572041e-02 -9.789287e+01 -4.947955e-01 9.023325e-02 -8.643121e-01 8.173362e+02
-8.396001e-01 2.048589e-01 5.030949e-01 4.073922e+02 2.237880e-01 9.743597e-01 -2.328358e-02 -9.794010e+01 -4.949652e-01 9.303769e-02 -8.639175e-01 8.162376e+02
-8.396395e-01 2.044298e-01 5.032037e-01 4.080169e+02 2.235760e-01 9.744196e-01 -2.280813e-02 -9.797136e+01 -4.949942e-01 9.335367e-02 -8.638668e-01 8.151590e+02
-8.399943e-01 2.042294e-01 5.026928e-01 4.086585e+02 2.226007e-01 9.746144e-01 -2.399383e-02 -9.800550e+01 -4.948318e-01 9.174510e-02 -8.641321e-01 8.140314e+02
-8.401713e-01 2.047912e-01 5.021681e-01 4.092921e+02 2.230328e-01 9.745089e-01 -2.426490e-02 -9.805056e+01 -4.943365e-01 9.161327e-02 -8.644296e-01 8.129335e+02
-8.403217e-01 2.048959e-01 5.018736e-01 4.099297e+02 2.222027e-01 9.746573e-01 -2.586622e-02 -9.810058e+01 -4.944547e-01 8.978172e-02 -8.645541e-01 8.118130e+02
-8.406640e-01 2.058797e-01 5.008968e-01 4.105712e+02 2.217480e-01 9.746887e-01 -2.845519e-02 -9.814582e+01 -4.940768e-01 8.715159e-02 -8.650391e-01 8.107229e+02
-8.382493e-01 2.088744e-01 5.036960e-01 4.112064e+02 2.246608e-01 9.739748e-01 -3.001156e-02 -9.819250e+01 -4.968558e-01 8.800356e-02 -8.633595e-01 8.096144e+02
-8.379595e-01 2.092084e-01 5.040394e-01 4.118432e+02 2.253484e-01 9.738297e-01 -2.956226e-02 -9.823763e+01 -4.970332e-01 8.881248e-02 -8.631746e-01 8.085363e+02
-8.375604e-01 2.091590e-01 5.047227e-01 4.124895e+02 2.250543e-01 9.738807e-01 -3.011414e-02 -9.828697e+01 -4.978384e-01 8.836763e-02 -8.627561e-01 8.074297e+02
-8.371451e-01 2.095799e-01 5.052369e-01 4.131422e+02 2.249411e-01 9.738707e-01 -3.126329e-02 -9.835531e+01 -4.985875e-01 8.747661e-02 -8.624142e-01 8.063021e+02
-8.369747e-01 2.082652e-01 5.060622e-01 4.137769e+02 2.235171e-01 9.741990e-01 -3.124835e-02 -9.841047e+01 -4.995132e-01 8.695947e-02 -8.619307e-01 8.052040e+02
-8.370918e-01 2.060304e-01 5.067828e-01 4.144138e+02 2.218887e-01 9.746191e-01 -2.971661e-02 -9.846195e+01 -5.000427e-01 8.757387e-02 -8.615614e-01 8.041304e+02
-8.373964e-01 2.030318e-01 5.074893e-01 4.150766e+02 2.194210e-01 9.752256e-01 -2.809798e-02 -9.852244e+01 -5.006214e-01 8.782467e-02 -8.611998e-01 8.030217e+02
-8.380065e-01 1.988431e-01 5.081402e-01 4.157377e+02 2.152361e-01 9.761877e-01 -2.703765e-02 -9.857622e+01 -5.014165e-01 8.671237e-02 -8.608499e-01 8.019103e+02
-8.388973e-01 1.922063e-01 5.092231e-01 4.164234e+02 2.084879e-01 9.776908e-01 -2.556515e-02 -9.862923e+01 -5.027765e-01 8.472031e-02 -8.602548e-01 8.007699e+02
-8.401628e-01 1.842221e-01 5.100870e-01 4.170949e+02 2.006733e-01 9.793839e-01 -2.318412e-02 -9.867626e+01 -5.038420e-01 8.288239e-02 -8.598103e-01 7.996694e+02
-8.381942e-01 1.845422e-01 5.132004e-01 4.177608e+02 2.011560e-01 9.792750e-01 -2.359667e-02 -9.873631e+01 -5.069189e-01 8.345473e-02 -8.579444e-01 7.985098e+02
-8.384420e-01 1.866044e-01 5.120487e-01 4.184094e+02 2.008305e-01 9.792255e-01 -2.801116e-02 -9.877909e+01 -5.066381e-01 7.934925e-02 -8.584996e-01 7.974429e+02
-8.367894e-01 1.958582e-01 5.112955e-01 4.190527e+02 2.074019e-01 9.776274e-01 -3.505733e-02 -9.883097e+01 -5.067228e-01 7.670808e-02 -8.586896e-01 7.963619e+02
-8.346784e-01 2.056761e-01 5.108907e-01 4.196888e+02 2.156084e-01 9.756388e-01 -4.052118e-02 -9.887499e+01 -5.067790e-01 7.633018e-02 -8.586901e-01 7.953091e+02
-8.335970e-01 2.096762e-01 5.110303e-01 4.203494e+02 2.209297e-01 9.744914e-01 -3.945228e-02 -9.893869e+01 -5.062668e-01 8.001447e-02 -8.586569e-01 7.941671e+02
-8.337957e-01 2.071655e-01 5.117296e-01 4.209739e+02 2.213869e-01 9.745991e-01 -3.383012e-02 -9.899312e+01 -5.057396e-01 8.508284e-02 -8.584802e-01 7.930814e+02
-8.343767e-01 2.024557e-01 5.126668e-01 4.216400e+02 2.194432e-01 9.752241e-01 -2.797418e-02 -9.905153e+01 -5.056286e-01 8.916024e-02 -8.581318e-01 7.919602e+02
-8.355640e-01 1.963520e-01 5.131068e-01 4.222882e+02 2.159968e-01 9.761505e-01 -2.180830e-02 -9.907481e+01 -5.051516e-01 9.260720e-02 -8.580476e-01 7.909515e+02
-8.371128e-01 1.916919e-01 5.123440e-01 4.229412e+02 2.122215e-01 9.770405e-01 -1.881047e-02 -9.911479e+01 -5.041867e-01 9.298395e-02 -8.585743e-01 7.898862e+02
-8.390666e-01 1.854153e-01 5.114572e-01 4.236056e+02 2.049412e-01 9.785985e-01 -1.855057e-02 -9.915215e+01 -5.039508e-01 8.925348e-02 -8.591085e-01 7.887916e+02
-8.371571e-01 1.884131e-01 5.134867e-01 4.242566e+02 2.060802e-01 9.782654e-01 -2.297328e-02 -9.920336e+01 -5.066547e-01 8.658721e-02 -8.577900e-01 7.877041e+02
-8.374418e-01 1.890672e-01 5.127814e-01 4.249185e+02 2.058360e-01 9.782787e-01 -2.454212e-02 -9.925171e+01 -5.062833e-01 8.499629e-02 -8.581683e-01 7.865917e+02
-8.374848e-01 1.910847e-01 5.119627e-01 4.255584e+02 2.064132e-01 9.780812e-01 -2.740139e-02 -9.930161e+01 -5.059770e-01 8.272758e-02 -8.585706e-01 7.855037e+02
-8.370023e-01 1.949948e-01 5.112770e-01 4.262047e+02 2.091414e-01 9.774130e-01 -3.039173e-02 -9.934726e+01 -5.056550e-01 8.149124e-02 -8.588785e-01 7.843937e+02
-8.367232e-01 1.972989e-01 5.108497e-01 4.268382e+02 2.113442e-01 9.769155e-01 -3.113982e-02 -9.939332e+01 -5.052008e-01 8.190972e-02 -8.591059e-01 7.833347e+02
-8.367708e-01 1.958060e-01 5.113459e-01 4.274929e+02 2.112355e-01 9.770209e-01 -2.845597e-02 -9.945025e+01 -5.051675e-01 8.420330e-02 -8.589037e-01 7.822345e+02
-8.373708e-01 1.939237e-01 5.110809e-01 4.281535e+02 2.091989e-01 9.774684e-01 -2.813091e-02 -9.950060e+01 -5.050207e-01 8.336158e-02 -8.590722e-01 7.811250e+02
-8.380358e-01 1.923568e-01 5.105828e-01 4.288080e+02 2.069649e-01 9.779266e-01 -2.872581e-02 -9.954822e+01 -5.048381e-01 8.159944e-02 -8.593486e-01 7.800245e+02
-8.389313e-01 1.902882e-01 5.098869e-01 4.294642e+02 2.041609e-01 9.784999e-01 -2.926144e-02 -9.959781e+01 -5.044924e-01 7.955063e-02 -8.597436e-01 7.789295e+02
-8.396156e-01 1.872787e-01 5.098749e-01 4.301247e+02 2.015830e-01 9.790805e-01 -2.767091e-02 -9.965100e+01 -5.043907e-01 7.954919e-02 -8.598034e-01 7.777826e+02
-8.371373e-01 1.888772e-01 5.133484e-01 4.307744e+02 2.049616e-01 9.784311e-01 -2.575712e-02 -9.970467e+01 -5.071409e-01 8.365444e-02 -8.577937e-01 7.766679e+02
-8.378111e-01 1.883219e-01 5.124524e-01 4.314365e+02 2.050612e-01 9.784471e-01 -2.431544e-02 -9.975020e+01 -5.059866e-01 8.471234e-02 -8.583713e-01 7.755681e+02
-8.393453e-01 1.870911e-01 5.103885e-01 4.320594e+02 2.038173e-01 9.787248e-01 -2.358527e-02 -9.979452e+01 -5.039425e-01 8.422980e-02 -8.596204e-01 7.745291e+02
-8.410218e-01 1.831141e-01 5.090692e-01 4.326218e+02 2.006412e-01 9.794432e-01 -2.083454e-02 -9.982141e+01 -5.024195e-01 8.461796e-02 -8.604734e-01 7.734449e+02
-8.437073e-01 1.798679e-01 5.057722e-01 4.332774e+02 1.992069e-01 9.798244e-01 -1.614682e-02 -9.985536e+01 -4.984722e-01 8.713014e-02 -8.625160e-01 7.723325e+02
-8.466584e-01 1.780263e-01 5.014741e-01 4.339389e+02 1.985271e-01 9.800127e-01 -1.272922e-02 -9.988848e+01 -4.937171e-01 8.877892e-02 -8.650790e-01 7.712180e+02
-8.488642e-01 1.827190e-01 4.960276e-01 4.344898e+02 2.006970e-01 9.794996e-01 -1.735533e-02 -9.991599e+01 -4.890300e-01 8.481892e-02 -8.681333e-01 7.701823e+02
-8.501123e-01 1.907360e-01 4.908450e-01 4.350735e+02 2.052682e-01 9.783945e-01 -2.468002e-02 -9.995462e+01 -4.849474e-01 7.977408e-02 -8.708973e-01 7.690359e+02
-8.517332e-01 1.976298e-01 4.852762e-01 4.357261e+02 2.109285e-01 9.771084e-01 -2.771803e-02 -1.000798e+02 -4.796454e-01 7.875023e-02 -8.739214e-01 7.678533e+02
-8.534655e-01 1.995035e-01 4.814508e-01 4.363452e+02 2.138328e-01 9.765349e-01 -2.559595e-02 -1.001380e+02 -4.752600e-01 8.110473e-02 -8.760993e-01 7.666852e+02
-8.523734e-01 2.067563e-01 4.803243e-01 4.369654e+02 2.216478e-01 9.747731e-01 -2.626087e-02 -1.001217e+02 -4.736368e-01 8.407877e-02 -8.766977e-01 7.655968e+02
-8.539318e-01 2.067673e-01 4.775435e-01 4.375839e+02 2.229065e-01 9.745597e-01 -2.336983e-02 -1.001657e+02 -4.702268e-01 8.649129e-02 -8.782972e-01 7.644134e+02
-8.549767e-01 2.093740e-01 4.745287e-01 4.381969e+02 2.256452e-01 9.739340e-01 -2.317056e-02 -1.002099e+02 -4.670109e-01 8.726482e-02 -8.799350e-01 7.632905e+02
-8.557467e-01 2.120136e-01 4.719617e-01 4.388049e+02 2.275548e-01 9.734521e-01 -2.469664e-02 -1.002582e+02 -4.646681e-01 8.626307e-02 -8.812731e-01 7.621354e+02
-8.566862e-01 2.146176e-01 4.690714e-01 4.394097e+02 2.297158e-01 9.729208e-01 -2.560715e-02 -1.002971e+02 -4.618651e-01 8.581582e-02 -8.827889e-01 7.609731e+02
-8.582146e-01 2.146070e-01 4.662741e-01 4.400164e+02 2.297287e-01 9.729344e-01 -2.496828e-02 -1.003360e+02 -4.590125e-01 8.568839e-02 -8.842879e-01 7.598260e+02
-8.597138e-01 2.137512e-01 4.638994e-01 4.406137e+02 2.288533e-01 9.731580e-01 -2.428399e-02 -1.003765e+02 -4.566382e-01 8.528764e-02 -8.855550e-01 7.586550e+02
-8.608236e-01 2.151348e-01 4.611938e-01 4.412074e+02 2.295961e-01 9.729567e-01 -2.531498e-02 -1.004154e+02 -4.541677e-01 8.409658e-02 -8.869382e-01 7.574965e+02
-8.625048e-01 2.149976e-01 4.581063e-01 4.418506e+02 2.295215e-01 9.729949e-01 -2.451013e-02 -1.004616e+02 -4.510048e-01 8.400513e-02 -8.885594e-01 7.562956e+02
-8.640958e-01 2.136464e-01 4.557342e-01 4.424585e+02 2.289682e-01 9.731833e-01 -2.208894e-02 -1.005132e+02 -4.482321e-01 8.526168e-02 -8.898418e-01 7.551254e+02
-8.625324e-01 2.151605e-01 4.579780e-01 4.430479e+02 2.319810e-01 9.725149e-01 -1.999150e-02 -1.005552e+02 -4.496918e-01 8.899890e-02 -8.887387e-01 7.539535e+02
-8.642565e-01 2.124983e-01 4.559662e-01 4.436535e+02 2.297638e-01 9.730801e-01 -1.799041e-02 -1.006073e+02 -4.475146e-01 8.921621e-02 -8.898152e-01 7.527841e+02
-8.664308e-01 2.087503e-01 4.535647e-01 4.442646e+02 2.269211e-01 9.738021e-01 -1.470595e-02 -1.006700e+02 -4.447521e-01 9.018170e-02 -8.911020e-01 7.516071e+02
-8.681846e-01 2.065577e-01 4.512089e-01 4.448658e+02 2.255185e-01 9.741646e-01 -1.203322e-02 -1.007021e+02 -4.420373e-01 9.130889e-02 -8.923372e-01 7.504138e+02
-8.687233e-01 2.077016e-01 4.496441e-01 4.454117e+02 2.273109e-01 9.737642e-01 -1.063514e-02 -1.007254e+02 -4.400562e-01 9.297003e-02 -8.931445e-01 7.492791e+02
-8.694926e-01 2.093102e-01 4.474058e-01 4.459896e+02 2.287572e-01 9.734233e-01 -1.082840e-02 -1.007478e+02 -4.377817e-01 9.293208e-02 -8.942655e-01 7.481089e+02
-8.707928e-01 2.100552e-01 4.445185e-01 4.465917e+02 2.293679e-01 9.732821e-01 -1.059806e-02 -1.007879e+02 -4.348681e-01 9.272955e-02 -8.957070e-01 7.469186e+02
-8.721191e-01 2.098802e-01 4.419938e-01 4.471634e+02 2.290500e-01 9.733607e-01 -1.024959e-02 -1.008181e+02 -4.323706e-01 9.229980e-02 -8.969595e-01 7.457531e+02
-8.732305e-01 2.089540e-01 4.402348e-01 4.477420e+02 2.287095e-01 9.734586e-01 -8.386125e-03 -1.008414e+02 -4.303027e-01 9.336289e-02 -8.978435e-01 7.445528e+02
-8.749319e-01 2.064816e-01 4.380177e-01 4.483356e+02 2.270913e-01 9.738581e-01 -5.466466e-03 -1.008749e+02 -4.276958e-01 9.468720e-02 -8.989497e-01 7.433407e+02
-8.733628e-01 2.090632e-01 4.399205e-01 4.489142e+02 2.306274e-01 9.730315e-01 -4.554549e-03 -1.008922e+02 -4.290086e-01 9.747995e-02 -8.980252e-01 7.421397e+02
-8.750009e-01 2.075389e-01 4.373798e-01 4.494921e+02 2.291321e-01 9.733891e-01 -3.487304e-03 -1.008905e+02 -4.264645e-01 9.716637e-02 -8.992701e-01 7.409606e+02
-8.765279e-01 2.074322e-01 4.343624e-01 4.500667e+02 2.290841e-01 9.734032e-01 -2.570631e-03 -1.009058e+02 -4.233430e-01 9.725230e-02 -9.007345e-01 7.397826e+02
-8.785245e-01 2.073206e-01 4.303637e-01 4.506514e+02 2.279333e-01 9.736695e-01 -3.756757e-03 -1.009208e+02 -4.198108e-01 9.479381e-02 -9.026478e-01 7.385895e+02
-8.802106e-01 2.074328e-01 4.268501e-01 4.512114e+02 2.275667e-01 9.737545e-01 -3.940509e-03 -1.009484e+02 -4.164646e-01 9.366840e-02 -9.043138e-01 7.374114e+02
-8.820239e-01 2.056246e-01 4.239721e-01 4.517667e+02 2.264780e-01 9.740155e-01 -1.232447e-03 -1.009585e+02 -4.132088e-01 9.493330e-02 -9.056744e-01 7.362314e+02
-8.840451e-01 2.033272e-01 4.208590e-01 4.523332e+02 2.253054e-01 9.742848e-01 2.569809e-03 -1.009676e+02 -4.095140e-01 9.709361e-02 -9.071224e-01 7.350275e+02
-8.866145e-01 1.987971e-01 4.176055e-01 4.528716e+02 2.212637e-01 9.751983e-01 5.529148e-03 -1.009749e+02 -4.061490e-01 9.730318e-02 -9.086116e-01 7.338500e+02
-8.884692e-01 1.966904e-01 4.146508e-01 4.534189e+02 2.201407e-01 9.754266e-01 8.998511e-03 -1.009923e+02 -4.026915e-01 9.927643e-02 -9.099361e-01 7.326537e+02
-8.904486e-01 1.934928e-01 4.119003e-01 4.539625e+02 2.180544e-01 9.758503e-01 1.297935e-02 -1.010037e+02 -3.994417e-01 1.013741e-01 -9.111365e-01 7.314420e+02
-8.897011e-01 1.950638e-01 4.127736e-01 4.544850e+02 2.206529e-01 9.752411e-01 1.473169e-02 -1.010008e+02 -3.996801e-01 1.041865e-01 -9.107145e-01 7.302768e+02
-8.914358e-01 1.934709e-01 4.097698e-01 4.550480e+02 2.195757e-01 9.754451e-01 1.712535e-02 -1.010005e+02 -3.963947e-01 1.052416e-01 -9.120282e-01 7.290447e+02
-8.925908e-01 1.952855e-01 4.063807e-01 4.555751e+02 2.215137e-01 9.749909e-01 1.801162e-02 -1.009940e+02 -3.927000e-01 1.060959e-01 -9.135263e-01 7.278729e+02
-8.937395e-01 1.970147e-01 4.030074e-01 4.560951e+02 2.224423e-01 9.748017e-01 1.676213e-02 -1.009808e+02 -3.895499e-01 1.046269e-01 -9.150432e-01 7.266995e+02
-8.946947e-01 1.998562e-01 3.994733e-01 4.566013e+02 2.238896e-01 9.745155e-01 1.389291e-02 -1.009711e+02 -3.865164e-01 1.018678e-01 -9.166395e-01 7.255276e+02
-8.953628e-01 2.037325e-01 3.960033e-01 4.571162e+02 2.269300e-01 9.738362e-01 1.207729e-02 -1.009590e+02 -3.831818e-01 1.006786e-01 -9.181697e-01 7.243505e+02
-8.958542e-01 2.066215e-01 3.933862e-01 4.576246e+02 2.310490e-01 9.728233e-01 1.520147e-02 -1.009538e+02 -3.795544e-01 1.045098e-01 -9.192476e-01 7.231565e+02
-8.962726e-01 2.083478e-01 3.915184e-01 4.581298e+02 2.345535e-01 9.719027e-01 1.974401e-02 -1.009435e+02 -3.764042e-01 1.095280e-01 -9.199584e-01 7.219539e+02
-8.968876e-01 2.092366e-01 3.896314e-01 4.586202e+02 2.360252e-01 9.715070e-01 2.159283e-02 -1.009256e+02 -3.740116e-01 1.113292e-01 -9.207177e-01 7.207650e+02
-8.982291e-01 2.078338e-01 3.872850e-01 4.591053e+02 2.344520e-01 9.718739e-01 2.221449e-02 -1.009167e+02 -3.717752e-01 1.107534e-01 -9.216924e-01 7.195961e+02
-8.978270e-01 2.077275e-01 3.882730e-01 4.596010e+02 2.342283e-01 9.719410e-01 2.162823e-02 -1.009007e+02 -3.728857e-01 1.103630e-01 -9.212905e-01 7.184371e+02
-9.001865e-01 2.023369e-01 3.856477e-01 4.601012e+02 2.285225e-01 9.732721e-01 2.277726e-02 -1.008844e+02 -3.707314e-01 1.086330e-01 -9.223649e-01 7.172641e+02
-9.019100e-01 1.988492e-01 3.834285e-01 4.606080e+02 2.257370e-01 9.738428e-01 2.594129e-02 -1.008625e+02 -3.682406e-01 1.099507e-01 -9.232062e-01 7.160584e+02
-9.039541e-01 1.930199e-01 3.815891e-01 4.611173e+02 2.202634e-01 9.750214e-01 2.858960e-02 -1.008305e+02 -3.665392e-01 1.098938e-01 -9.238898e-01 7.148296e+02
-9.059243e-01 1.882531e-01 3.792913e-01 4.616164e+02 2.152103e-01 9.761207e-01 2.954598e-02 -1.008075e+02 -3.646720e-01 1.083938e-01 -9.248055e-01 7.136380e+02
-9.076685e-01 1.835558e-01 3.774190e-01 4.621001e+02 2.102923e-01 9.771626e-01 3.050164e-02 -1.007941e+02 -3.632010e-01 1.070537e-01 -9.255401e-01 7.124612e+02
-9.089529e-01 1.826005e-01 3.747823e-01 4.625841e+02 2.077024e-01 9.778102e-01 2.733062e-02 -1.007681e+02 -3.614753e-01 1.026854e-01 -9.267099e-01 7.112651e+02
-9.090742e-01 1.885974e-01 3.715040e-01 4.630687e+02 2.110728e-01 9.772578e-01 2.038368e-02 -1.007461e+02 -3.592108e-01 9.694468e-02 -9.282076e-01 7.100677e+02
-9.078498e-01 1.976238e-01 3.698020e-01 4.635189e+02 2.181692e-01 9.758088e-01 1.412049e-02 -1.007303e+02 -3.580655e-01 9.349868e-02 -9.290033e-01 7.088404e+02
-9.062871e-01 2.046971e-01 3.697874e-01 4.639801e+02 2.261325e-01 9.739801e-01 1.506287e-02 -1.007138e+02 -3.570822e-01 9.727224e-02 -9.289943e-01 7.076661e+02
-9.025261e-01 2.126902e-01 3.744456e-01 4.644529e+02 2.365310e-01 9.714514e-01 1.831286e-02 -1.007095e+02 -3.598608e-01 1.050958e-01 -9.270680e-01 7.064722e+02
-9.027976e-01 2.105880e-01 3.749789e-01 4.649456e+02 2.362746e-01 9.714066e-01 2.331206e-02 -1.006996e+02 -3.593478e-01 1.096441e-01 -9.267402e-01 7.052668e+02
-9.033568e-01 2.076567e-01 3.752669e-01 4.654404e+02 2.339683e-01 9.719123e-01 2.540254e-02 -1.006822e+02 -3.594515e-01 1.107481e-01 -9.265687e-01 7.040528e+02
-9.036669e-01 2.047775e-01 3.761014e-01 4.659512e+02 2.319683e-01 9.723217e-01 2.795112e-02 -1.006628e+02 -3.599678e-01 1.125021e-01 -9.261568e-01 7.028066e+02
-9.037395e-01 2.042899e-01 3.761922e-01 4.664766e+02 2.319239e-01 9.722969e-01 2.915610e-02 -1.006473e+02 -3.598142e-01 1.135975e-01 -9.260828e-01 7.015896e+02
-9.033582e-01 2.038429e-01 3.773488e-01 4.669759e+02 2.319068e-01 9.722767e-01 2.995432e-02 -1.006249e+02 -3.607814e-01 1.145692e-01 -9.255867e-01 7.003842e+02
-9.023608e-01 2.052311e-01 3.789793e-01 4.674674e+02 2.335984e-01 9.718733e-01 2.989980e-02 -1.006016e+02 -3.621835e-01 1.155093e-01 -9.249220e-01 6.991496e+02
-9.017166e-01 2.048701e-01 3.807038e-01 4.679609e+02 2.342245e-01 9.716594e-01 3.188857e-02 -1.005818e+02 -3.633814e-01 1.179246e-01 -9.241470e-01 6.979780e+02
-9.011326e-01 2.034581e-01 3.828378e-01 4.684539e+02 2.340290e-01 9.716173e-01 3.449948e-02 -1.005595e+02 -3.649527e-01 1.206838e-01 -9.231712e-01 6.967714e+02
-9.007352e-01 2.016663e-01 3.847164e-01 4.689552e+02 2.327326e-01 9.718950e-01 3.543392e-02 -1.005292e+02 -3.667582e-01 1.214527e-01 -9.223544e-01 6.955596e+02
-8.976002e-01 2.045121e-01 3.904979e-01 4.694706e+02 2.359905e-01 9.711664e-01 3.382835e-02 -1.004944e+02 -3.723201e-01 1.225181e-01 -9.199821e-01 6.943041e+02
-8.974068e-01 2.021575e-01 3.921650e-01 4.699707e+02 2.342733e-01 9.715303e-01 3.528180e-02 -1.004748e+02 -3.738677e-01 1.235359e-01 -9.192180e-01 6.931251e+02
-8.973411e-01 2.000857e-01 3.933760e-01 4.704668e+02 2.321190e-01 9.720550e-01 3.506964e-02 -1.004441e+02 -3.753661e-01 1.227795e-01 -9.187086e-01 6.919513e+02
-8.969063e-01 2.001707e-01 3.943231e-01 4.709892e+02 2.319976e-01 9.721145e-01 3.421375e-02 -1.004150e+02 -3.764786e-01 1.221686e-01 -9.183347e-01 6.907443e+02
-8.967990e-01 1.992222e-01 3.950468e-01 4.715239e+02 2.310097e-01 9.723552e-01 3.405809e-02 -1.003842e+02 -3.773407e-01 1.218029e-01 -9.180295e-01 6.895261e+02
-8.964221e-01 1.994897e-01 3.957667e-01 4.720404e+02 2.309485e-01 9.724078e-01 3.295385e-02 -1.003557e+02 -3.782727e-01 1.209423e-01 -9.177596e-01 6.883349e+02
-8.957961e-01 2.007238e-01 3.965593e-01 4.725591e+02 2.316198e-01 9.723103e-01 3.106291e-02 -1.003293e+02 -3.793436e-01 1.196770e-01 -9.174834e-01 6.871318e+02
-8.952806e-01 2.033376e-01 3.963917e-01 4.730671e+02 2.332622e-01 9.720040e-01 2.823010e-02 -1.003068e+02 -3.795541e-01 1.177371e-01 -9.176474e-01 6.859450e+02
-8.953745e-01 2.021648e-01 3.967793e-01 4.736009e+02 2.322231e-01 9.722400e-01 2.866561e-02 -1.002850e+02 -3.799695e-01 1.178078e-01 -9.174663e-01 6.847237e+02
-8.947627e-01 2.024421e-01 3.980162e-01 4.741200e+02 2.338526e-01 9.717633e-01 3.144791e-02 -1.002578e+02 -3.804112e-01 1.212156e-01 -9.168392e-01 6.834986e+02
-8.926644e-01 2.029169e-01 4.024613e-01 4.746505e+02 2.350149e-01 9.714827e-01 3.145415e-02 -1.002355e+02 -3.846016e-01 1.226624e-01 -9.148965e-01 6.822704e+02
-8.927466e-01 2.033750e-01 4.020473e-01 4.751944e+02 2.345410e-01 9.716651e-01 2.928349e-02 -1.002005e+02 -3.846998e-01 1.204393e-01 -9.151505e-01 6.810446e+02
-8.934348e-01 2.004608e-01 4.019822e-01 4.757193e+02 2.304414e-01 9.727087e-01 2.710181e-02 -1.001659e+02 -3.855787e-01 1.168470e-01 -9.152463e-01 6.798234e+02
-8.938801e-01 1.990447e-01 4.016960e-01 4.762426e+02 2.281444e-01 9.732959e-01 2.540312e-02 -1.001484e+02 -3.859127e-01 1.143520e-01 -9.154207e-01 6.786392e+02
-8.939883e-01 1.979751e-01 4.019835e-01 4.767747e+02 2.272902e-01 9.734787e-01 2.604641e-02 -1.001257e+02 -3.861658e-01 1.146521e-01 -9.152764e-01 6.774263e+02
-8.942439e-01 1.958716e-01 4.024452e-01 4.773002e+02 2.262428e-01 9.736439e-01 2.884130e-02 -1.001035e+02 -3.861892e-01 1.168415e-01 -9.149896e-01 6.762493e+02
-8.941637e-01 1.951338e-01 4.029815e-01 4.778313e+02 2.270858e-01 9.733302e-01 3.256297e-02 -1.000840e+02 -3.858799e-01 1.206280e-01 -9.146287e-01 6.750673e+02
-8.935213e-01 1.963975e-01 4.037917e-01 4.783577e+02 2.290988e-01 9.728164e-01 3.379438e-02 -1.000485e+02 -3.861780e-01 1.227042e-01 -9.142266e-01 6.738583e+02
-8.931093e-01 1.980996e-01 4.038717e-01 4.788851e+02 2.306481e-01 9.724759e-01 3.304717e-02 -1.000133e+02 -3.862088e-01 1.226669e-01 -9.142186e-01 6.726641e+02
-8.928420e-01 1.991881e-01 4.039273e-01 4.793901e+02 2.311487e-01 9.724113e-01 3.140781e-02 -9.999170e+01 -3.865275e-01 1.214095e-01 -9.142517e-01 6.714976e+02
-8.906042e-01 2.020124e-01 4.074497e-01 4.799013e+02 2.334418e-01 9.719570e-01 2.836392e-02 -9.995823e+01 -3.902937e-01 1.203768e-01 -9.127871e-01 6.703238e+02
-8.908153e-01 2.009192e-01 4.075285e-01 4.804260e+02 2.324607e-01 9.721783e-01 2.883301e-02 -9.994206e+01 -3.903973e-01 1.204192e-01 -9.127372e-01 6.691417e+02
-8.914603e-01 1.979905e-01 4.075515e-01 4.809842e+02 2.301064e-01 9.726782e-01 3.079303e-02 -9.993307e+01 -3.903197e-01 1.212310e-01 -9.126629e-01 6.679509e+02
-8.913835e-01 1.980258e-01 4.077023e-01 4.815284e+02 2.308814e-01 9.724402e-01 3.246383e-02 -9.990855e+01 -3.900374e-01 1.230686e-01 -9.125376e-01 6.667581e+02
-8.909238e-01 1.988630e-01 4.082993e-01 4.820276e+02 2.322212e-01 9.720944e-01 3.325453e-02 -9.987905e+01 -3.902924e-01 1.244430e-01 -9.122422e-01 6.656185e+02
-8.908694e-01 1.997467e-01 4.079866e-01 4.825847e+02 2.320230e-01 9.722274e-01 3.064544e-02 -9.985984e+01 -3.905344e-01 1.219633e-01 -9.124735e-01 6.644092e+02
-8.904732e-01 2.026262e-01 4.074310e-01 4.831008e+02 2.333456e-01 9.720305e-01 2.657914e-02 -9.983826e+01 -3.906498e-01 1.187402e-01 -9.128491e-01 6.632424e+02
-8.902466e-01 2.032447e-01 4.076181e-01 4.836253e+02 2.330930e-01 9.721495e-01 2.435122e-02 -9.981969e+01 -3.913165e-01 1.166915e-01 -9.128277e-01 6.620681e+02
-8.893024e-01 2.041657e-01 4.092158e-01 4.841580e+02 2.347595e-01 9.717225e-01 2.536510e-02 -9.980756e+01 -3.924655e-01 1.186245e-01 -9.120850e-01 6.608801e+02
-8.875824e-01 2.044126e-01 4.128111e-01 4.846658e+02 2.366670e-01 9.711887e-01 2.795037e-02 -9.978838e+01 -3.952041e-01 1.225070e-01 -9.103877e-01 6.597119e+02
-8.821955e-01 2.120364e-01 4.204423e-01 4.851927e+02 2.450832e-01 9.691672e-01 2.547938e-02 -9.976428e+01 -4.020764e-01 1.255211e-01 -9.069614e-01 6.585413e+02
-8.792060e-01 2.142266e-01 4.255630e-01 4.857492e+02 2.471983e-01 9.686902e-01 2.307299e-02 -9.975474e+01 -4.072958e-01 1.254843e-01 -9.046346e-01 6.573672e+02
-8.756803e-01 2.162840e-01 4.317468e-01 4.863103e+02 2.493035e-01 9.682059e-01 2.062027e-02 -9.974690e+01 -4.135600e-01 1.256927e-01 -9.017591e-01 6.562051e+02
-8.722522e-01 2.141515e-01 4.396763e-01 4.868688e+02 2.479185e-01 9.685729e-01 2.007416e-02 -9.973577e+01 -4.215596e-01 1.265136e-01 -8.979320e-01 6.550620e+02
-8.682139e-01 2.133482e-01 4.479812e-01 4.874400e+02 2.474830e-01 9.687196e-01 1.829007e-02 -9.973356e+01 -4.300660e-01 1.267474e-01 -8.938559e-01 6.539104e+02
-8.643137e-01 2.119881e-01 4.560952e-01 4.880091e+02 2.461539e-01 9.690980e-01 1.604260e-02 -9.973159e+01 -4.386001e-01 1.261354e-01 -8.897864e-01 6.528124e+02
-8.602851e-01 2.103324e-01 4.644026e-01 4.885991e+02 2.446054e-01 9.695214e-01 1.401500e-02 -9.973525e+01 -4.473005e-01 1.256523e-01 -8.855133e-01 6.516883e+02
-8.559214e-01 2.083903e-01 4.732569e-01 4.892136e+02 2.430472e-01 9.699342e-01 1.247623e-02 -9.973756e+01 -4.564282e-01 1.257025e-01 -8.808361e-01 6.505704e+02
-8.509218e-01 2.085725e-01 4.821095e-01 4.898112e+02 2.427264e-01 9.700554e-01 8.741427e-03 -9.972314e+01 -4.658497e-01 1.244590e-01 -8.760674e-01 6.494866e+02
-8.453228e-01 2.104642e-01 4.910541e-01 4.904223e+02 2.438066e-01 9.698155e-01 4.039858e-03 -9.971585e+01 -4.753816e-01 1.231372e-01 -8.711197e-01 6.483952e+02
-8.374329e-01 2.132189e-01 5.032334e-01 4.910278e+02 2.458659e-01 9.693026e-01 -1.544956e-03 -9.973213e+01 -4.881148e-01 1.224341e-01 -8.641492e-01 6.473313e+02
-8.321225e-01 2.113702e-01 5.127327e-01 4.916755e+02 2.454631e-01 9.694051e-01 -1.263848e-03 -9.975006e+01 -4.973129e-01 1.248053e-01 -8.585473e-01 6.462517e+02
-8.266258e-01 2.085316e-01 5.226895e-01 4.922826e+02 2.445483e-01 9.696371e-01 -9.561939e-05 -9.976402e+01 -5.068391e-01 1.277438e-01 -8.525231e-01 6.451978e+02
-8.226360e-01 2.043818e-01 5.305639e-01 4.929558e+02 2.413573e-01 9.704362e-01 3.952614e-04 -9.978064e+01 -5.147976e-01 1.283806e-01 -8.476449e-01 6.441108e+02
-8.190761e-01 2.018442e-01 5.370040e-01 4.936360e+02 2.391232e-01 9.709892e-01 -2.390783e-04 -9.978674e+01 -5.214733e-01 1.282143e-01 -8.435797e-01 6.430438e+02
-8.157374e-01 1.998512e-01 5.428001e-01 4.943204e+02 2.375470e-01 9.713758e-01 -6.533616e-04 -9.980024e+01 -5.273935e-01 1.284075e-01 -8.398617e-01 6.419818e+02
-8.129415e-01 1.959521e-01 5.483875e-01 4.950095e+02 2.332834e-01 9.724074e-01 -1.640358e-03 -9.981089e+01 -5.335775e-01 1.265962e-01 -8.362227e-01 6.408952e+02
-8.113082e-01 1.921572e-01 5.521364e-01 4.956635e+02 2.288599e-01 9.734562e-01 -2.500603e-03 -9.984588e+01 -5.379611e-01 1.243331e-01 -8.337500e-01 6.398995e+02
-8.102700e-01 1.884513e-01 5.549312e-01 4.963829e+02 2.240914e-01 9.745609e-01 -3.753180e-03 -9.984234e+01 -5.415215e-01 1.213142e-01 -8.318878e-01 6.387881e+02
-8.092845e-01 1.875547e-01 5.566702e-01 4.970743e+02 2.220074e-01 9.750280e-01 -5.755522e-03 -9.985033e+01 -5.438485e-01 1.189271e-01 -8.307136e-01 6.377305e+02
-8.055736e-01 1.919541e-01 5.605397e-01 4.977860e+02 2.239497e-01 9.745284e-01 -1.187570e-02 -9.987250e+01 -5.485414e-01 1.159659e-01 -8.280424e-01 6.366805e+02
-8.040218e-01 1.956177e-01 5.615003e-01 4.985108e+02 2.271557e-01 9.737582e-01 -1.397363e-02 -9.988827e+01 -5.494991e-01 1.163129e-01 -8.273585e-01 6.356347e+02
-8.026805e-01 1.965781e-01 5.630818e-01 4.991976e+02 2.272137e-01 9.737128e-01 -1.603773e-02 -9.992002e+01 -5.514327e-01 1.150668e-01 -8.262455e-01 6.346080e+02
-8.014853e-01 1.982024e-01 5.642138e-01 4.998937e+02 2.273920e-01 9.736179e-01 -1.900354e-02 -9.995159e+01 -5.530951e-01 1.130666e-01 -8.254100e-01 6.335640e+02
-8.009232e-01 1.974326e-01 5.652808e-01 5.005872e+02 2.248647e-01 9.741498e-01 -2.163462e-02 -9.998445e+01 -5.549395e-01 1.097840e-01 -8.246148e-01 6.325500e+02
-8.006843e-01 1.957168e-01 5.662151e-01 5.013137e+02 2.222041e-01 9.747357e-01 -2.270670e-02 -1.000176e+02 -5.563542e-01 1.076344e-01 -8.239447e-01 6.315014e+02
-8.002148e-01 1.948794e-01 5.671669e-01 5.020285e+02 2.205178e-01 9.750897e-01 -2.391415e-02 -1.000563e+02 -5.576990e-01 1.059339e-01 -8.232556e-01 6.304770e+02
-7.996204e-01 1.945859e-01 5.681053e-01 5.027381e+02 2.193709e-01 9.753136e-01 -2.529260e-02 -1.000941e+02 -5.590024e-01 1.044013e-01 -8.225671e-01 6.294515e+02
-7.991362e-01 1.944802e-01 5.688223e-01 5.034500e+02 2.184865e-01 9.754783e-01 -2.656500e-02 -1.001350e+02 -5.600402e-01 1.030510e-01 -8.220313e-01 6.284359e+02
-7.988866e-01 1.924813e-01 5.698518e-01 5.041407e+02 2.172800e-01 9.757894e-01 -2.498733e-02 -1.001883e+02 -5.608650e-01 1.038554e-01 -8.213675e-01 6.274378e+02
-7.963470e-01 1.945385e-01 5.727008e-01 5.048415e+02 2.196433e-01 9.752375e-01 -2.585795e-02 -1.002326e+02 -5.635497e-01 1.051980e-01 -8.193565e-01 6.264373e+02
-7.968786e-01 1.922989e-01 5.727177e-01 5.055220e+02 2.185291e-01 9.755476e-01 -2.349430e-02 -1.002780e+02 -5.632313e-01 1.064334e-01 -8.194159e-01 6.254524e+02
-7.983779e-01 1.910383e-01 5.710491e-01 5.062497e+02 2.167946e-01 9.759370e-01 -2.339074e-02 -1.003226e+02 -5.617764e-01 1.051257e-01 -8.205826e-01 6.244408e+02
-8.000790e-01 1.882166e-01 5.696035e-01 5.069221e+02 2.136439e-01 9.766495e-01 -2.262910e-02 -1.003722e+02 -5.605621e-01 1.035873e-01 -8.216081e-01 6.234475e+02
-8.030586e-01 1.847218e-01 5.665463e-01 5.076406e+02 2.096013e-01 9.775477e-01 -2.162609e-02 -1.004207e+02 -5.578209e-01 1.013818e-01 -8.237461e-01 6.224271e+02
-8.065036e-01 1.826879e-01 5.622963e-01 5.083274e+02 2.060096e-01 9.782944e-01 -2.236377e-02 -1.004659e+02 -5.541769e-01 9.780198e-02 -8.266334e-01 6.214307e+02
-8.098234e-01 1.853037e-01 5.566405e-01 5.090186e+02 2.059773e-01 9.782119e-01 -2.597910e-02 -1.005133e+02 -5.493264e-01 9.361683e-02 -8.303472e-01 6.204221e+02
-8.131191e-01 1.876472e-01 5.510225e-01 5.097051e+02 2.057226e-01 9.781646e-01 -2.953215e-02 -1.005601e+02 -5.445324e-01 8.934465e-02 -8.339677e-01 6.194090e+02
-8.153065e-01 1.906084e-01 5.467574e-01 5.103567e+02 2.096286e-01 9.773761e-01 -2.813788e-02 -1.006070e+02 -5.397510e-01 9.167498e-02 -8.368181e-01 6.184017e+02
-8.172762e-01 1.920421e-01 5.433041e-01 5.109893e+02 2.137319e-01 9.766050e-01 -2.369063e-02 -1.006575e+02 -5.351432e-01 9.675965e-02 -8.392016e-01 6.174021e+02
-8.170316e-01 1.971198e-01 5.418516e-01 5.116236e+02 2.199289e-01 9.752409e-01 -2.316211e-02 -1.007017e+02 -5.330016e-01 1.002447e-01 -8.401550e-01 6.164110e+02
-8.195846e-01 1.969270e-01 5.380528e-01 5.122732e+02 2.202864e-01 9.752010e-01 -2.137345e-02 -1.007384e+02 -5.289187e-01 1.010084e-01 -8.426401e-01 6.153929e+02
-8.219614e-01 1.955517e-01 5.349196e-01 5.128954e+02 2.195965e-01 9.754029e-01 -1.914647e-02 -1.007759e+02 -5.255062e-01 1.017288e-01 -8.446860e-01 6.144111e+02
-8.231480e-01 1.980205e-01 5.321797e-01 5.135160e+02 2.224662e-01 9.747629e-01 -1.860360e-02 -1.008184e+02 -5.224329e-01 1.030785e-01 -8.464270e-01 6.134234e+02
-8.240303e-01 1.986915e-01 5.305618e-01 5.141331e+02 2.240106e-01 9.744384e-01 -1.700287e-02 -1.008495e+02 -5.203781e-01 1.048406e-01 -8.474757e-01 6.124551e+02
-8.235451e-01 2.000797e-01 5.307934e-01 5.147290e+02 2.279601e-01 9.735797e-01 -1.329724e-02 -1.008871e+02 -5.194302e-01 1.100489e-01 -8.473969e-01 6.114926e+02
-8.223588e-01 2.008653e-01 5.323336e-01 5.153107e+02 2.318729e-01 9.727060e-01 -8.829325e-03 -1.009216e+02 -5.195776e-01 1.161729e-01 -8.464886e-01 6.105546e+02
-8.206916e-01 2.030973e-01 5.340570e-01 5.158748e+02 2.366478e-01 9.715780e-01 -5.823412e-03 -1.009519e+02 -5.200607e-01 1.216042e-01 -8.454284e-01 6.096391e+02
-8.195299e-01 2.037959e-01 5.355726e-01 5.164370e+02 2.382931e-01 9.711808e-01 -4.918781e-03 -1.009800e+02 -5.211402e-01 1.235922e-01 -8.444749e-01 6.087457e+02
-8.176402e-01 2.073703e-01 5.370867e-01 5.169866e+02 2.403809e-01 9.706386e-01 -8.818886e-03 -1.010077e+02 -5.231459e-01 1.218947e-01 -8.434809e-01 6.078756e+02
-8.120118e-01 2.160470e-01 5.421813e-01 5.175136e+02 2.460332e-01 9.691000e-01 -1.768645e-02 -1.010307e+02 -5.292490e-01 1.190330e-01 -8.400754e-01 6.070269e+02
-8.089014e-01 2.180764e-01 5.460047e-01 5.180526e+02 2.499301e-01 9.681249e-01 -1.640346e-02 -1.010577e+02 -5.321780e-01 1.231942e-01 -8.376215e-01 6.061930e+02
-8.056307e-01 2.175570e-01 5.510247e-01 5.185856e+02 2.522118e-01 9.675810e-01 -1.327429e-02 -1.010889e+02 -5.360489e-01 1.282808e-01 -8.343834e-01 6.053744e+02
-8.025210e-01 2.182348e-01 5.552780e-01 5.191091e+02 2.530247e-01 9.673511e-01 -1.450105e-02 -1.011174e+02 -5.403134e-01 1.288616e-01 -8.315384e-01 6.045864e+02
-7.994662e-01 2.208096e-01 5.586564e-01 5.196225e+02 2.537930e-01 9.670710e-01 -1.904514e-02 -1.011467e+02 -5.444657e-01 1.265571e-01 -8.291805e-01 6.038158e+02
-7.966137e-01 2.230902e-01 5.618162e-01 5.201399e+02 2.547201e-01 9.667481e-01 -2.270933e-02 -1.011739e+02 -5.482010e-01 1.250153e-01 -8.269504e-01 6.030515e+02
-7.941855e-01 2.235440e-01 5.650642e-01 5.206529e+02 2.548003e-01 9.666880e-01 -2.431334e-02 -1.012019e+02 -5.516758e-01 1.246692e-01 -8.246886e-01 6.023082e+02
-7.922406e-01 2.223063e-01 5.682735e-01 5.211618e+02 2.544116e-01 9.668097e-01 -2.353214e-02 -1.012382e+02 -5.546437e-01 1.259323e-01 -8.225032e-01 6.015812e+02
-7.912560e-01 2.208255e-01 5.702193e-01 5.216604e+02 2.531664e-01 9.671436e-01 -2.323761e-02 -1.012753e+02 -5.566154e-01 1.259735e-01 -8.211638e-01 6.008770e+02
-7.905437e-01 2.206775e-01 5.712635e-01 5.221454e+02 2.528528e-01 9.672139e-01 -2.372137e-02 -1.013091e+02 -5.577688e-01 1.256928e-01 -8.204238e-01 6.001701e+02
-7.875445e-01 2.264438e-01 5.731465e-01 5.226041e+02 2.559416e-01 9.662247e-01 -3.006249e-02 -1.013472e+02 -5.605958e-01 1.230165e-01 -8.189013e-01 5.995121e+02
-7.888288e-01 2.265655e-01 5.713293e-01 5.230757e+02 2.551110e-01 9.664144e-01 -3.101063e-02 -1.013753e+02 -5.591668e-01 1.212903e-01 -8.201349e-01 5.988360e+02
-7.920887e-01 2.249571e-01 5.674414e-01 5.235315e+02 2.524256e-01 9.671181e-01 -3.104566e-02 -1.014116e+02 -5.557668e-01 1.186458e-01 -8.228283e-01 5.981862e+02
-7.972816e-01 2.215096e-01 5.614940e-01 5.239710e+02 2.481472e-01 9.682691e-01 -2.963110e-02 -1.014532e+02 -5.502409e-01 1.157088e-01 -8.269501e-01 5.975471e+02
-8.037879e-01 2.183253e-01 5.534068e-01 5.243802e+02 2.456553e-01 9.690220e-01 -2.549165e-02 -1.014832e+02 -5.418288e-01 1.154574e-01 -8.325209e-01 5.969278e+02
-8.122836e-01 2.156743e-01 5.419224e-01 5.247740e+02 2.438549e-01 9.695978e-01 -2.036810e-02 -1.015116e+02 -5.298397e-01 1.156058e-01 -8.401817e-01 5.963184e+02
-8.227300e-01 2.119086e-01 5.274562e-01 5.251459e+02 2.402616e-01 9.705895e-01 -1.517836e-02 -1.015412e+02 -5.151599e-01 1.142398e-01 -8.494466e-01 5.957207e+02
-8.347380e-01 2.097812e-01 5.091211e-01 5.255023e+02 2.372867e-01 9.713750e-01 -1.120362e-02 -1.015613e+02 -4.968979e-01 1.114556e-01 -8.606220e-01 5.951276e+02
-8.478343e-01 2.076537e-01 4.879109e-01 5.258353e+02 2.341117e-01 9.721849e-01 -6.947593e-03 -1.015693e+02 -4.757823e-01 1.083352e-01 -8.728658e-01 5.945234e+02
-8.613730e-01 2.063935e-01 4.641533e-01 5.261481e+02 2.327554e-01 9.725352e-01 -5.079006e-04 -1.015831e+02 -4.515103e-01 1.075967e-01 -8.857547e-01 5.939080e+02
-8.724215e-01 2.115531e-01 4.405974e-01 5.264417e+02 2.363696e-01 9.716621e-01 1.488444e-03 -1.015744e+02 -4.277969e-01 1.054424e-01 -8.977036e-01 5.932792e+02
-8.860762e-01 2.107965e-01 4.128363e-01 5.267035e+02 2.354484e-01 9.718441e-01 9.117113e-03 -1.015669e+02 -3.992907e-01 1.052801e-01 -9.107596e-01 5.926486e+02
-8.999827e-01 2.106973e-01 3.816253e-01 5.269627e+02 2.343489e-01 9.720208e-01 1.600459e-02 -1.015572e+02 -3.675756e-01 1.038373e-01 -9.241786e-01 5.920210e+02
-9.128034e-01 2.118666e-01 3.491453e-01 5.271724e+02 2.345274e-01 9.718272e-01 2.342775e-02 -1.015390e+02 -3.343453e-01 1.032691e-01 -9.367757e-01 5.913826e+02
-9.246413e-01 2.128202e-01 3.158261e-01 5.273611e+02 2.350296e-01 9.714105e-01 3.350660e-02 -1.015103e+02 -2.996659e-01 1.052101e-01 -9.482253e-01 5.907367e+02
-9.348157e-01 2.138010e-01 2.835643e-01 5.275088e+02 2.362073e-01 9.705698e-01 4.690832e-02 -1.014706e+02 -2.651899e-01 1.108306e-01 -9.578053e-01 5.900981e+02
-9.443008e-01 2.120004e-01 2.516980e-01 5.276236e+02 2.343151e-01 9.701871e-01 6.191499e-02 -1.014239e+02 -2.310681e-01 1.174430e-01 -9.658233e-01 5.894881e+02
-9.528445e-01 2.124182e-01 2.167162e-01 5.277403e+02 2.330145e-01 9.696470e-01 7.408734e-02 -1.013661e+02 -1.944007e-01 1.210917e-01 -9.734193e-01 5.888485e+02
-9.601009e-01 2.151332e-01 1.786730e-01 5.278237e+02 2.323035e-01 9.692432e-01 8.125656e-02 -1.013084e+02 -1.556966e-01 1.195209e-01 -9.805475e-01 5.882206e+02
-9.668300e-01 2.148284e-01 1.381609e-01 5.278521e+02 2.277731e-01 9.699297e-01 8.576580e-02 -1.012503e+02 -1.155815e-01 1.143903e-01 -9.866893e-01 5.876332e+02
-9.709243e-01 2.190014e-01 9.666657e-02 5.278871e+02 2.272573e-01 9.701454e-01 8.468743e-02 -1.011695e+02 -7.523397e-02 1.041933e-01 -9.917074e-01 5.870214e+02
-9.742124e-01 2.196150e-01 5.176336e-02 5.279061e+02 2.236598e-01 9.702101e-01 9.310519e-02 -1.010947e+02 -2.977403e-02 1.022816e-01 -9.943098e-01 5.863618e+02
-9.757348e-01 2.187531e-01 9.413022e-03 5.278454e+02 2.184622e-01 9.697521e-01 1.088816e-01 -1.010584e+02 1.468990e-02 1.082960e-01 -9.940102e-01 5.857721e+02
-9.745907e-01 2.213109e-01 -3.456141e-02 5.277772e+02 2.155634e-01 9.686118e-01 1.237884e-01 -1.009863e+02 6.087231e-02 1.131929e-01 -9.917066e-01 5.851174e+02
-9.716649e-01 2.222625e-01 -8.041583e-02 5.276942e+02 2.100162e-01 9.679512e-01 1.377083e-01 -1.008936e+02 1.084460e-01 1.169177e-01 -9.872030e-01 5.844260e+02
-9.662295e-01 2.239046e-01 -1.275432e-01 5.275922e+02 2.042615e-01 9.672596e-01 1.506188e-01 -1.007931e+02 1.570916e-01 1.194801e-01 -9.803299e-01 5.837400e+02
-9.589997e-01 2.232275e-01 -1.746112e-01 5.274581e+02 1.950714e-01 9.668629e-01 1.646915e-01 -1.006904e+02 2.055888e-01 1.238774e-01 -9.707665e-01 5.830919e+02
-9.493734e-01 2.222428e-01 -2.220322e-01 5.272740e+02 1.842786e-01 9.663731e-01 1.793446e-01 -1.005642e+02 2.544240e-01 1.293492e-01 -9.584035e-01 5.823824e+02
-9.373501e-01 2.207253e-01 -2.695462e-01 5.270707e+02 1.716319e-01 9.658574e-01 1.940668e-01 -1.004342e+02 3.031787e-01 1.356458e-01 -9.432300e-01 5.817027e+02
-9.225779e-01 2.197916e-01 -3.170830e-01 5.268128e+02 1.584950e-01 9.652223e-01 2.079070e-01 -1.002893e+02 3.517518e-01 1.415543e-01 -9.253286e-01 5.809934e+02
-9.051100e-01 2.234476e-01 -3.617278e-01 5.265281e+02 1.510456e-01 9.642573e-01 2.176997e-01 -1.001333e+02 3.974431e-01 1.424048e-01 -9.065097e-01 5.803336e+02
-8.863874e-01 2.208714e-01 -4.068576e-01 5.261951e+02 1.368798e-01 9.645933e-01 2.254413e-01 -9.996305e+01 4.422457e-01 1.441377e-01 -8.852362e-01 5.796621e+02
-8.672552e-01 2.162217e-01 -4.484603e-01 5.257719e+02 1.207553e-01 9.652264e-01 2.318538e-01 -9.976491e+01 4.829975e-01 1.469225e-01 -8.632075e-01 5.789793e+02
-8.465834e-01 2.156283e-01 -4.866219e-01 5.253715e+02 1.100397e-01 9.654168e-01 2.363506e-01 -9.958118e+01 5.207569e-01 1.465427e-01 -8.410336e-01 5.783111e+02
-8.260027e-01 2.159072e-01 -5.206761e-01 5.249482e+02 1.004476e-01 9.653282e-01 2.409393e-01 -9.938888e+01 5.546438e-01 1.467159e-01 -8.190511e-01 5.776725e+02
-8.063831e-01 2.163228e-01 -5.504097e-01 5.244982e+02 9.173096e-02 9.651870e-01 2.449478e-01 -9.919711e+01 5.842360e-01 1.470321e-01 -7.981540e-01 5.770339e+02
-7.880060e-01 2.177382e-01 -5.758790e-01 5.240022e+02 8.427610e-02 9.647169e-01 2.494372e-01 -9.896908e+01 6.098721e-01 1.480252e-01 -7.785528e-01 5.763776e+02
-7.705915e-01 2.223555e-01 -5.972828e-01 5.234978e+02 8.056172e-02 9.636317e-01 2.548015e-01 -9.876494e+01 6.322172e-01 1.482298e-01 -7.604797e-01 5.757404e+02
-7.562923e-01 2.260560e-01 -6.139386e-01 5.229561e+02 7.727472e-02 9.627054e-01 2.592817e-01 -9.855500e+01 6.496542e-01 1.486508e-01 -7.455551e-01 5.751149e+02
-7.438230e-01 2.294285e-01 -6.277658e-01 5.224098e+02 7.690626e-02 9.623801e-01 2.605953e-01 -9.833447e+01 6.639373e-01 1.455577e-01 -7.334850e-01 5.744797e+02
-7.335083e-01 2.372218e-01 -6.369390e-01 5.218453e+02 8.582617e-02 9.619415e-01 2.594272e-01 -9.810475e+01 6.742399e-01 1.356260e-01 -7.259519e-01 5.738499e+02
-7.266991e-01 2.402012e-01 -6.435928e-01 5.212580e+02 9.098493e-02 9.622772e-01 2.564067e-01 -9.787115e+01 6.809039e-01 1.277733e-01 -7.211407e-01 5.732139e+02
-7.227330e-01 2.434488e-01 -6.468305e-01 5.206750e+02 9.499843e-02 9.620162e-01 2.559298e-01 -9.764445e+01 6.845673e-01 1.235210e-01 -7.184081e-01 5.725738e+02
-7.205950e-01 2.465611e-01 -6.480358e-01 5.201077e+02 9.730841e-02 9.613487e-01 2.575649e-01 -9.741812e+01 6.864939e-01 1.225407e-01 -7.167356e-01 5.719263e+02
-7.196984e-01 2.492040e-01 -6.480213e-01 5.195144e+02 9.864305e-02 9.605963e-01 2.598544e-01 -9.720091e+01 6.872436e-01 1.230940e-01 -7.159218e-01 5.712688e+02
-7.196307e-01 2.504852e-01 -6.476024e-01 5.189124e+02 9.900157e-02 9.601502e-01 2.613624e-01 -9.697769e+01 6.872630e-01 1.239707e-01 -7.157520e-01 5.705896e+02
-7.203384e-01 2.507109e-01 -6.467276e-01 5.182936e+02 1.002671e-01 9.602353e-01 2.605660e-01 -9.673020e+01 6.863374e-01 1.228502e-01 -7.168325e-01 5.699007e+02
-7.222281e-01 2.494897e-01 -6.450902e-01 5.176486e+02 9.961368e-02 9.604731e-01 2.599394e-01 -9.647113e+01 6.844440e-01 1.234757e-01 -7.185333e-01 5.691907e+02
-7.249258e-01 2.487163e-01 -6.423572e-01 5.170038e+02 9.966195e-02 9.605967e-01 2.594639e-01 -9.622792e+01 6.815791e-01 1.240735e-01 -7.211488e-01 5.684847e+02
-7.277672e-01 2.478614e-01 -6.394683e-01 5.163690e+02 9.947792e-02 9.606984e-01 2.591578e-01 -9.597530e+01 6.785714e-01 1.249936e-01 -7.238215e-01 5.677523e+02
-7.287175e-01 2.519049e-01 -6.368004e-01 5.157175e+02 1.050111e-01 9.599939e-01 2.595849e-01 -9.572164e+01 6.767153e-01 1.222930e-01 -7.260171e-01 5.670068e+02
-7.334276e-01 2.491152e-01 -6.324757e-01 5.150551e+02 1.025245e-01 9.603242e-01 2.593571e-01 -9.546096e+01 6.719915e-01 1.253754e-01 -7.298688e-01 5.662472e+02
-7.379596e-01 2.463707e-01 -6.282651e-01 5.143965e+02 1.009549e-01 9.608042e-01 2.581926e-01 -9.520631e+01 6.672508e-01 1.271093e-01 -7.339070e-01 5.654804e+02
-7.423159e-01 2.429326e-01 -6.244605e-01 5.137665e+02 9.972371e-02 9.616366e-01 2.555588e-01 -9.496025e+01 6.625876e-01 1.274318e-01 -7.380642e-01 5.647204e+02
-7.461232e-01 2.419909e-01 -6.202746e-01 5.131172e+02 9.973021e-02 9.617214e-01 2.552367e-01 -9.469707e+01 6.582963e-01 1.285779e-01 -7.416965e-01 5.639287e+02
-7.501642e-01 2.437584e-01 -6.146833e-01 5.124618e+02 1.004481e-01 9.607949e-01 2.584247e-01 -9.444142e+01 6.535778e-01 1.321172e-01 -7.452390e-01 5.631311e+02
-7.542607e-01 2.451154e-01 -6.091053e-01 5.117912e+02 1.017374e-01 9.601281e-01 2.603912e-01 -9.416885e+01 6.486450e-01 1.344341e-01 -7.491242e-01 5.623241e+02
-7.573168e-01 2.471495e-01 -6.044736e-01 5.111616e+02 1.048029e-01 9.596183e-01 2.610538e-01 -9.391019e+01 6.445832e-01 1.343498e-01 -7.526371e-01 5.615273e+02
-7.608864e-01 2.469728e-01 -6.000469e-01 5.105008e+02 1.059516e-01 9.596116e-01 2.606143e-01 -9.362754e+01 6.401767e-01 1.347219e-01 -7.563226e-01 5.606990e+02
-7.643276e-01 2.462847e-01 -5.959423e-01 5.098540e+02 1.063312e-01 9.596743e-01 2.602285e-01 -9.335626e+01 6.360008e-01 1.355325e-01 -7.596933e-01 5.598734e+02
-7.645383e-01 2.476832e-01 -5.950918e-01 5.092181e+02 1.094293e-01 9.596993e-01 2.588482e-01 -9.309412e+01 6.352216e-01 1.327789e-01 -7.608307e-01 5.590518e+02
-7.662334e-01 2.470511e-01 -5.931712e-01 5.085856e+02 1.102163e-01 9.599845e-01 2.574531e-01 -9.283366e+01 6.330393e-01 1.318920e-01 -7.628013e-01 5.582198e+02
-7.674015e-01 2.454508e-01 -5.923250e-01 5.079499e+02 1.096285e-01 9.604498e-01 2.559644e-01 -9.258030e+01 6.317251e-01 1.314918e-01 -7.639590e-01 5.573829e+02
-7.680914e-01 2.438908e-01 -5.920751e-01 5.073240e+02 1.091657e-01 9.609640e-01 2.542262e-01 -9.231869e+01 6.309663e-01 1.306346e-01 -7.647327e-01 5.565594e+02
-7.695101e-01 2.420975e-01 -5.909678e-01 5.066846e+02 1.073054e-01 9.612197e-01 2.540517e-01 -9.205251e+01 6.295552e-01 1.320813e-01 -7.656467e-01 5.557220e+02
-7.707316e-01 2.425753e-01 -5.891774e-01 5.060384e+02 1.064470e-01 9.607189e-01 2.562973e-01 -9.178827e+01 6.282053e-01 1.348202e-01 -7.662778e-01 5.548698e+02
-7.701589e-01 2.464372e-01 -5.883231e-01 5.053865e+02 1.102273e-01 9.598941e-01 2.577853e-01 -9.151900e+01 6.282557e-01 1.336863e-01 -7.664350e-01 5.540199e+02
-7.704677e-01 2.427964e-01 -5.894314e-01 5.047376e+02 1.108490e-01 9.615693e-01 2.511913e-01 -9.125041e+01 6.277675e-01 1.281969e-01 -7.677718e-01 5.531695e+02
-7.703021e-01 2.413027e-01 -5.902607e-01 5.040856e+02 1.146038e-01 9.629539e-01 2.441020e-01 -9.098768e+01 6.272963e-01 1.203861e-01 -7.694196e-01 5.523173e+02
-7.695035e-01 2.448883e-01 -5.898255e-01 5.034244e+02 1.216329e-01 9.628533e-01 2.410789e-01 -9.072755e+01 6.269528e-01 1.137689e-01 -7.707054e-01 5.514665e+02
-7.641961e-01 2.526347e-01 -5.934476e-01 5.027566e+02 1.288188e-01 9.613419e-01 2.433669e-01 -9.045866e+01 6.319890e-01 1.095328e-01 -7.671978e-01 5.506017e+02
-7.627298e-01 2.592709e-01 -5.924709e-01 5.020820e+02 1.335744e-01 9.595234e-01 2.479368e-01 -9.020683e+01 6.327725e-01 1.099698e-01 -7.664891e-01 5.497227e+02
-7.623044e-01 2.627765e-01 -5.914731e-01 5.013848e+02 1.367724e-01 9.586356e-01 2.496221e-01 -8.992045e+01 6.326020e-01 1.093908e-01 -7.667127e-01 5.488484e+02
-7.613400e-01 2.669048e-01 -5.908665e-01 5.006676e+02 1.423343e-01 9.579083e-01 2.493042e-01 -8.963837e+01 6.325364e-01 1.057047e-01 -7.672836e-01 5.479721e+02
-7.609999e-01 2.690246e-01 -5.903430e-01 5.000080e+02 1.463774e-01 9.577043e-01 2.477421e-01 -8.937850e+01 6.320227e-01 1.021188e-01 -7.681920e-01 5.471168e+02
-7.604350e-01 2.713882e-01 -5.899890e-01 4.992859e+02 1.514916e-01 9.575607e-01 2.452099e-01 -8.910324e+01 6.314973e-01 9.708783e-02 -7.692757e-01 5.462309e+02
-7.612413e-01 2.708188e-01 -5.892104e-01 4.986348e+02 1.504609e-01 9.575861e-01 2.457445e-01 -8.884056e+01 6.307719e-01 9.841770e-02 -7.697017e-01 5.453641e+02
-7.622841e-01 2.717821e-01 -5.874159e-01 4.979371e+02 1.485776e-01 9.568089e-01 2.498828e-01 -8.855437e+01 6.299584e-01 1.032049e-01 -7.697409e-01 5.444721e+02
-7.636987e-01 2.693525e-01 -5.866972e-01 4.972624e+02 1.438359e-01 9.569504e-01 2.521056e-01 -8.828532e+01 6.293453e-01 1.081446e-01 -7.695643e-01 5.435837e+02
-7.652193e-01 2.661435e-01 -5.861801e-01 4.965740e+02 1.408788e-01 9.577022e-01 2.509178e-01 -8.801006e+01 6.281660e-01 1.094268e-01 -7.703462e-01 5.427011e+02
-7.598157e-01 2.670022e-01 -5.927815e-01 4.958577e+02 1.424285e-01 9.579895e-01 2.489382e-01 -8.773681e+01 6.343455e-01 1.047182e-01 -7.659242e-01 5.417839e+02
-7.605269e-01 2.661109e-01 -5.922701e-01 4.951663e+02 1.420391e-01 9.582499e-01 2.481573e-01 -8.746744e+01 6.335801e-01 1.046048e-01 -7.665729e-01 5.408860e+02
-7.616893e-01 2.648706e-01 -5.913315e-01 4.944699e+02 1.406966e-01 9.584658e-01 2.480881e-01 -8.719166e+01 6.324823e-01 1.057678e-01 -7.673196e-01 5.399878e+02
-7.628665e-01 2.630057e-01 -5.906461e-01 4.937623e+02 1.390840e-01 9.588938e-01 2.473426e-01 -8.691727e+01 6.314194e-01 1.065400e-01 -7.680878e-01 5.390867e+02
-7.640611e-01 2.598329e-01 -5.905061e-01 4.930750e+02 1.361436e-01 9.596355e-01 2.460988e-01 -8.664923e+01 6.306152e-01 1.076409e-01 -7.685948e-01 5.381984e+02
-7.640395e-01 2.605171e-01 -5.902326e-01 4.924032e+02 1.365477e-01 9.594206e-01 2.467122e-01 -8.638370e+01 6.305540e-01 1.079029e-01 -7.686082e-01 5.373059e+02
-7.641117e-01 2.633075e-01 -5.888993e-01 4.917337e+02 1.381788e-01 9.585223e-01 2.492821e-01 -8.612643e+01 6.301110e-01 1.091060e-01 -7.688017e-01 5.364289e+02
-7.639983e-01 2.655333e-01 -5.880465e-01 4.910889e+02 1.397069e-01 9.578498e-01 2.510094e-01 -8.586616e+01 6.299116e-01 1.096166e-01 -7.688924e-01 5.355396e+02
-7.635109e-01 2.691882e-01 -5.870169e-01 4.904157e+02 1.441556e-01 9.570893e-01 2.513945e-01 -8.561996e+01 6.295001e-01 1.073207e-01 -7.695531e-01 5.346512e+02
-7.629117e-01 2.722071e-01 -5.864034e-01 4.897598e+02 1.475519e-01 9.564125e-01 2.519993e-01 -8.538207e+01 6.294395e-01 1.057282e-01 -7.698230e-01 5.337658e+02
-7.547374e-01 2.734239e-01 -5.963311e-01 4.891291e+02 1.478651e-01 9.565143e-01 2.514284e-01 -8.512263e+01 6.391458e-01 1.015858e-01 -7.623470e-01 5.328725e+02
-7.552083e-01 2.717957e-01 -5.964793e-01 4.884486e+02 1.470621e-01 9.570400e-01 2.498945e-01 -8.487325e+01 6.387748e-01 1.010029e-01 -7.627353e-01 5.319849e+02
-7.563841e-01 2.689152e-01 -5.962950e-01 4.877610e+02 1.445958e-01 9.577739e-01 2.485180e-01 -8.458574e+01 6.379461e-01 1.017533e-01 -7.633289e-01 5.311112e+02
-7.566241e-01 2.703475e-01 -5.953420e-01 4.870635e+02 1.466126e-01 9.574809e-01 2.484655e-01 -8.431736e+01 6.372007e-01 1.007103e-01 -7.640895e-01 5.302345e+02
-7.566268e-01 2.721202e-01 -5.945305e-01 4.863982e+02 1.483454e-01 9.570127e-01 2.492394e-01 -8.406753e+01 6.367963e-01 1.003854e-01 -7.644692e-01 5.293753e+02
-7.572469e-01 2.719653e-01 -5.938114e-01 4.857197e+02 1.498448e-01 9.572712e-01 2.473428e-01 -8.379915e+01 6.357072e-01 9.832003e-02 -7.656432e-01 5.285201e+02
-7.577996e-01 2.725555e-01 -5.928350e-01 4.850549e+02 1.507885e-01 9.571354e-01 2.472948e-01 -8.354947e+01 6.348249e-01 9.800714e-02 -7.664150e-01 5.276645e+02
-7.585960e-01 2.711916e-01 -5.924417e-01 4.843693e+02 1.505081e-01 9.576085e-01 2.456285e-01 -8.328350e+01 6.339396e-01 9.716547e-02 -7.672545e-01 5.267961e+02
-7.589680e-01 2.707648e-01 -5.921604e-01 4.837107e+02 1.515140e-01 9.579143e-01 2.438109e-01 -8.302422e+01 6.332543e-01 9.532404e-02 -7.680510e-01 5.259453e+02
-7.591211e-01 2.715918e-01 -5.915853e-01 4.830990e+02 1.530322e-01 9.577918e-01 2.433436e-01 -8.280211e+01 6.327056e-01 9.419564e-02 -7.686422e-01 5.251281e+02
-7.498077e-01 2.755508e-01 -6.015481e-01 4.824652e+02 1.574282e-01 9.573434e-01 2.423013e-01 -8.255549e+01 6.426544e-01 8.697871e-02 -7.612030e-01 5.242922e+02
-7.502160e-01 2.798044e-01 -5.990705e-01 4.818161e+02 1.617818e-01 9.561853e-01 2.440007e-01 -8.231985e+01 6.410948e-01 8.613454e-02 -7.626128e-01 5.234789e+02
-7.514062e-01 2.814495e-01 -5.968039e-01 4.811873e+02 1.634170e-01 9.556676e-01 2.449375e-01 -8.207397e+01 6.392837e-01 8.651966e-02 -7.640882e-01 5.226808e+02
-7.534551e-01 2.816829e-01 -5.941045e-01 4.805114e+02 1.637007e-01 9.554950e-01 2.454207e-01 -8.181049e+01 6.367947e-01 8.765818e-02 -7.660343e-01 5.218495e+02
-7.556544e-01 2.816412e-01 -5.913245e-01 4.798739e+02 1.634268e-01 9.553472e-01 2.461777e-01 -8.157318e+01 6.342539e-01 8.938703e-02 -7.679400e-01 5.210318e+02
-7.576427e-01 2.810080e-01 -5.890773e-01 4.792953e+02 1.627142e-01 9.553919e-01 2.464761e-01 -8.135072e+01 6.320614e-01 9.088962e-02 -7.695697e-01 5.202365e+02
-7.603240e-01 2.801710e-01 -5.860133e-01 4.786985e+02 1.624089e-01 9.555355e-01 2.461205e-01 -8.112155e+01 6.289124e-01 9.195754e-02 -7.720188e-01 5.194635e+02
-7.630854e-01 2.791194e-01 -5.829178e-01 4.781171e+02 1.616228e-01 9.556901e-01 2.460375e-01 -8.089512e+01 6.257626e-01 9.353481e-02 -7.743852e-01 5.186920e+02
-7.662198e-01 2.776962e-01 -5.794756e-01 4.775293e+02 1.597996e-01 9.558137e-01 2.467475e-01 -8.066633e+01 6.223915e-01 9.646284e-02 -7.767391e-01 5.179200e+02
-7.691537e-01 2.761657e-01 -5.763116e-01 4.769652e+02 1.585911e-01 9.560810e-01 2.464914e-01 -8.044111e+01 6.190731e-01 9.819182e-02 -7.791707e-01 5.171672e+02
-7.608498e-01 2.767053e-01 -5.869768e-01 4.764351e+02 1.603625e-01 9.566516e-01 2.431081e-01 -8.023639e+01 6.288016e-01 9.083967e-02 -7.722413e-01 5.164390e+02
-7.639500e-01 2.734705e-01 -5.844606e-01 4.758916e+02 1.591922e-01 9.576319e-01 2.399977e-01 -8.001883e+01 6.253305e-01 9.030472e-02 -7.751173e-01 5.157139e+02
-7.665971e-01 2.718917e-01 -5.817248e-01 4.753561e+02 1.605641e-01 9.583183e-01 2.363160e-01 -7.981446e+01 6.217298e-01 8.775505e-02 -7.783001e-01 5.150085e+02
-7.686861e-01 2.704286e-01 -5.796465e-01 4.748870e+02 1.611358e-01 9.588720e-01 2.336658e-01 -7.964597e+01 6.189967e-01 8.621386e-02 -7.806473e-01 5.143370e+02
-7.701526e-01 2.704025e-01 -5.777089e-01 4.743926e+02 1.638569e-01 9.591744e-01 2.305111e-01 -7.946784e+01 6.164543e-01 8.286710e-02 -7.830180e-01 5.136662e+02
-7.717450e-01 2.689451e-01 -5.762623e-01 4.738881e+02 1.644243e-01 9.597445e-01 2.277174e-01 -7.927707e+01 6.143080e-01 8.098821e-02 -7.848991e-01 5.129932e+02
-7.727583e-01 2.676171e-01 -5.755221e-01 4.733975e+02 1.645090e-01 9.602261e-01 2.256163e-01 -7.909749e+01 6.130101e-01 7.966825e-02 -7.860481e-01 5.123269e+02
-7.734132e-01 2.673169e-01 -5.747814e-01 4.729006e+02 1.634278e-01 9.601681e-01 2.266462e-01 -7.893131e+01 6.124731e-01 8.135595e-02 -7.862938e-01 5.116668e+02
-7.731483e-01 2.674817e-01 -5.750611e-01 4.724197e+02 1.610094e-01 9.597885e-01 2.299610e-01 -7.877140e+01 6.134474e-01 8.520370e-02 -7.851259e-01 5.110228e+02
-7.718956e-01 2.640115e-01 -5.783383e-01 4.719581e+02 1.552863e-01 9.604378e-01 2.311827e-01 -7.861087e+01 6.164928e-01 8.864093e-02 -7.823550e-01 5.104027e+02
-7.557101e-01 2.602025e-01 -6.009966e-01 4.715119e+02 1.512032e-01 9.622118e-01 2.264641e-01 -7.845488e+01 6.372126e-01 8.026861e-02 -7.664966e-01 5.098247e+02
-7.498913e-01 2.535828e-01 -6.110309e-01 4.710581e+02 1.447460e-01 9.641319e-01 2.224823e-01 -7.830310e+01 6.455321e-01 7.839323e-02 -7.596992e-01 5.092606e+02
-7.418067e-01 2.476045e-01 -6.232293e-01 4.706041e+02 1.362683e-01 9.656076e-01 2.214339e-01 -7.815893e+01 6.566230e-01 7.933477e-02 -7.500349e-01 5.087159e+02
-7.301877e-01 2.478734e-01 -6.366983e-01 4.701263e+02 1.318846e-01 9.654800e-01 2.246217e-01 -7.801069e+01 6.703972e-01 8.004534e-02 -7.376722e-01 5.081853e+02
-7.157103e-01 2.500178e-01 -6.521119e-01 4.696298e+02 1.286646e-01 9.649463e-01 2.287447e-01 -7.786080e+01 6.864432e-01 7.981123e-02 -7.227904e-01 5.076802e+02
-6.974420e-01 2.492478e-01 -6.719004e-01 4.691805e+02 1.236936e-01 9.653655e-01 2.297158e-01 -7.771436e+01 7.058856e-01 7.710369e-02 -7.041168e-01 5.072160e+02
-6.771195e-01 2.461619e-01 -6.934793e-01 4.687280e+02 1.164912e-01 9.663637e-01 2.292836e-01 -7.756343e+01 7.265941e-01 7.446815e-02 -6.830194e-01 5.067789e+02
-6.540031e-01 2.445736e-01 -7.158657e-01 4.682560e+02 1.102557e-01 9.670085e-01 2.296480e-01 -7.741815e+01 7.484141e-01 7.126220e-02 -6.593922e-01 5.063670e+02
-6.273324e-01 2.431436e-01 -7.398211e-01 4.677669e+02 1.040730e-01 9.676632e-01 2.297755e-01 -7.727347e+01 7.717661e-01 6.715021e-02 -6.323511e-01 5.059724e+02
-5.958630e-01 2.457722e-01 -7.645544e-01 4.672742e+02 1.017313e-01 9.674510e-01 2.317097e-01 -7.713089e+01 7.966166e-01 6.028809e-02 -6.014709e-01 5.056038e+02
-5.434846e-01 2.492214e-01 -8.015692e-01 4.667569e+02 9.949434e-02 9.673035e-01 2.332913e-01 -7.699218e+01 8.335018e-01 4.703864e-02 -5.505107e-01 5.052574e+02
-5.048401e-01 2.518003e-01 -8.256713e-01 4.662163e+02 9.302571e-02 9.668090e-01 2.379636e-01 -7.685666e+01 8.581857e-01 4.332490e-02 -5.115079e-01 5.049328e+02
-4.657536e-01 2.527059e-01 -8.480644e-01 4.656588e+02 8.216422e-02 9.665671e-01 2.428931e-01 -7.669491e+01 8.810917e-01 4.344778e-02 -4.709455e-01 5.046559e+02
-4.240011e-01 2.553182e-01 -8.689279e-01 4.650811e+02 7.327598e-02 9.659655e-01 2.480752e-01 -7.652877e+01 9.026925e-01 4.151262e-02 -4.282791e-01 5.044016e+02
-3.813964e-01 2.585384e-01 -8.875217e-01 4.644862e+02 6.538937e-02 9.652340e-01 2.530764e-01 -7.636756e+01 9.220960e-01 3.848793e-02 -3.850424e-01 5.041763e+02
-3.382878e-01 2.590364e-01 -9.046886e-01 4.638994e+02 5.354101e-02 9.651091e-01 2.563159e-01 -7.622168e+01 9.395183e-01 3.827061e-02 -3.403537e-01 5.039844e+02
-2.930025e-01 2.544803e-01 -9.216232e-01 4.633079e+02 3.737571e-02 9.662402e-01 2.549175e-01 -7.605997e+01 9.553809e-01 4.024515e-02 -2.926222e-01 5.038161e+02
-2.449054e-01 2.473888e-01 -9.374541e-01 4.627197e+02 2.258411e-02 9.680923e-01 2.495741e-01 -7.590987e+01 9.692839e-01 3.995048e-02 -2.426781e-01 5.036833e+02
-1.932421e-01 2.408885e-01 -9.511205e-01 4.621170e+02 1.104179e-02 9.698650e-01 2.433925e-01 -7.575219e+01 9.810890e-01 3.653160e-02 -1.900786e-01 5.035802e+02
-1.400425e-01 2.363572e-01 -9.615214e-01 4.615104e+02 1.921309e-04 9.710975e-01 2.386832e-01 -7.559690e+01 9.901455e-01 3.324106e-02 -1.360403e-01 5.035151e+02
-6.403613e-02 2.320579e-01 -9.705918e-01 4.608782e+02 -1.258848e-02 9.723228e-01 2.333023e-01 -7.544105e+01 9.978682e-01 2.715805e-02 -5.934254e-02 5.034827e+02
-9.669146e-03 2.324539e-01 -9.725593e-01 4.602445e+02 -2.770899e-02 9.721690e-01 2.326361e-01 -7.529666e+01 9.995693e-01 2.919803e-02 -2.958981e-03 5.034915e+02
4.508480e-02 2.325897e-01 -9.715294e-01 4.595813e+02 -3.723541e-02 9.722338e-01 2.310303e-01 -7.513838e+01 9.982890e-01 2.575934e-02 5.249354e-02 5.035494e+02
1.003453e-01 2.313000e-01 -9.676937e-01 4.589417e+02 -4.562241e-02 9.726494e-01 2.277537e-01 -7.498803e+01 9.939061e-01 2.129450e-02 1.081533e-01 5.036453e+02
1.560331e-01 2.293440e-01 -9.607575e-01 4.582951e+02 -5.914394e-02 9.730950e-01 2.226838e-01 -7.484321e+01 9.859796e-01 2.207696e-02 1.653993e-01 5.037781e+02
2.116849e-01 2.278744e-01 -9.504014e-01 4.576446e+02 -7.297933e-02 9.734094e-01 2.171362e-01 -7.469364e+01 9.746094e-01 2.339520e-02 2.226862e-01 5.039512e+02
2.667607e-01 2.273678e-01 -9.365589e-01 4.570109e+02 -8.482523e-02 9.735410e-01 2.121851e-01 -7.454911e+01 9.600226e-01 2.284117e-02 2.789891e-01 5.041559e+02
3.206005e-01 2.298235e-01 -9.189105e-01 4.563686e+02 -9.722403e-02 9.729791e-01 2.094256e-01 -7.441014e+01 9.422117e-01 2.219822e-02 3.342819e-01 5.044144e+02
3.733090e-01 2.348064e-01 -8.975001e-01 4.557653e+02 -1.093147e-01 9.718329e-01 2.087848e-01 -7.428549e+01 9.212441e-01 2.016867e-02 3.884617e-01 5.046991e+02
4.235358e-01 2.416934e-01 -8.730417e-01 4.551140e+02 -1.216415e-01 9.701960e-01 2.095781e-01 -7.414152e+01 8.976752e-01 1.743425e-02 4.403127e-01 5.050352e+02
4.912359e-01 2.437406e-01 -8.362283e-01 4.544786e+02 -1.291609e-01 9.698192e-01 2.068045e-01 -7.400173e+01 8.613970e-01 6.418229e-03 5.078918e-01 5.054280e+02
5.327514e-01 2.438711e-01 -8.103721e-01 4.538655e+02 -1.388453e-01 9.697911e-01 2.005671e-01 -7.385562e+01 8.348041e-01 5.663979e-03 5.505179e-01 5.058682e+02
5.700449e-01 2.411951e-01 -7.854131e-01 4.532294e+02 -1.458326e-01 9.704638e-01 1.921791e-01 -7.369408e+01 8.085676e-01 4.988140e-03 5.883821e-01 5.063651e+02
6.025148e-01 2.383003e-01 -7.617013e-01 4.526126e+02 -1.504527e-01 9.711861e-01 1.848283e-01 -7.355574e+01 7.837984e-01 3.238251e-03 6.210069e-01 5.068968e+02
6.308777e-01 2.359322e-01 -7.391409e-01 4.520044e+02 -1.521080e-01 9.717686e-01 1.803579e-01 -7.340098e+01 7.608261e-01 -1.354533e-03 6.489543e-01 5.074601e+02
6.543815e-01 2.352708e-01 -7.186324e-01 4.513861e+02 -1.535601e-01 9.719090e-01 1.783596e-01 -7.325147e+01 7.404081e-01 -6.361900e-03 6.721275e-01 5.080531e+02
6.729414e-01 2.347267e-01 -7.014651e-01 4.507515e+02 -1.545971e-01 9.720033e-01 1.769444e-01 -7.310350e+01 7.233600e-01 -1.062870e-02 6.903893e-01 5.086700e+02
6.871646e-01 2.319914e-01 -6.884656e-01 4.501401e+02 -1.530383e-01 9.726040e-01 1.749881e-01 -7.294730e+01 7.102001e-01 -1.488401e-02 7.038425e-01 5.093139e+02
6.969032e-01 2.294818e-01 -6.794586e-01 4.495237e+02 -1.515323e-01 9.731506e-01 1.732511e-01 -7.279551e+01 7.009735e-01 -1.777925e-02 7.129657e-01 5.099715e+02
7.028550e-01 2.267353e-01 -6.742298e-01 4.489026e+02 -1.503359e-01 9.737778e-01 1.707511e-01 -7.264143e+01 6.952654e-01 -1.865227e-02 7.185111e-01 5.106424e+02
7.154079e-01 2.235924e-01 -6.619652e-01 4.482895e+02 -1.465908e-01 9.743603e-01 1.706846e-01 -7.249271e+01 6.831564e-01 -2.507108e-02 7.298416e-01 5.113072e+02
7.168490e-01 2.216817e-01 -6.610482e-01 4.476483e+02 -1.444757e-01 9.747586e-01 1.702129e-01 -7.233824e+01 6.820955e-01 -2.651151e-02 7.307824e-01 5.120176e+02
7.166337e-01 2.211380e-01 -6.614636e-01 4.469949e+02 -1.437887e-01 9.748739e-01 1.701346e-01 -7.217273e+01 6.824668e-01 -2.681317e-02 7.304246e-01 5.127398e+02
7.160074e-01 2.215690e-01 -6.619974e-01 4.463297e+02 -1.430145e-01 9.747379e-01 1.715600e-01 -7.200243e+01 6.832863e-01 -2.816297e-02 7.296072e-01 5.134723e+02
7.150361e-01 2.238999e-01 -6.622630e-01 4.456454e+02 -1.429816e-01 9.741375e-01 1.749641e-01 -7.182580e+01 6.843096e-01 -3.041424e-02 7.285570e-01 5.142221e+02
7.147494e-01 2.255478e-01 -6.620132e-01 4.449405e+02 -1.412905e-01 9.736202e-01 1.791666e-01 -7.164075e+01 6.849601e-01 -3.452300e-02 7.277622e-01 5.149911e+02
7.144072e-01 2.253913e-01 -6.624357e-01 4.442317e+02 -1.405829e-01 9.736313e-01 1.796622e-01 -7.145615e+01 6.854624e-01 -3.522482e-02 7.272554e-01 5.157436e+02
7.141400e-01 2.228383e-01 -6.635866e-01 4.435179e+02 -1.385794e-01 9.742209e-01 1.780154e-01 -7.126931e+01 6.861485e-01 -3.516848e-02 7.266109e-01 5.165118e+02
7.131656e-01 2.218495e-01 -6.649644e-01 4.427933e+02 -1.375397e-01 9.744456e-01 1.775910e-01 -7.108268e+01 6.873701e-01 -3.519278e-02 7.254542e-01 5.173037e+02
7.125450e-01 2.219906e-01 -6.655823e-01 4.420453e+02 -1.355511e-01 9.743109e-01 1.798449e-01 -7.088543e+01 6.884080e-01 -3.792713e-02 7.243314e-01 5.181164e+02
7.154304e-01 2.191551e-01 -6.634232e-01 4.412883e+02 -1.321207e-01 9.748365e-01 1.795494e-01 -7.068343e+01 6.860783e-01 -4.080320e-02 7.263826e-01 5.189327e+02
7.135064e-01 2.211560e-01 -6.648297e-01 4.405115e+02 -1.331560e-01 9.743855e-01 1.812246e-01 -7.047974e+01 6.878794e-01 -4.077881e-02 7.246786e-01 5.198005e+02
7.123359e-01 2.242990e-01 -6.650320e-01 4.397295e+02 -1.332318e-01 9.735429e-01 1.856436e-01 -7.027108e+01 6.890769e-01 -4.363717e-02 7.233733e-01 5.206362e+02
7.111647e-01 2.272567e-01 -6.652813e-01 4.389373e+02 -1.354321e-01 9.728726e-01 1.875556e-01 -7.005792e+01 6.898572e-01 -4.328252e-02 7.226505e-01 5.214533e+02
7.104566e-01 2.256353e-01 -6.665885e-01 4.381387e+02 -1.365386e-01 9.734032e-01 1.839656e-01 -6.984523e+01 6.903685e-01 -3.968445e-02 7.223687e-01 5.223025e+02
7.092431e-01 2.252468e-01 -6.680106e-01 4.373295e+02 -1.402584e-01 9.737238e-01 1.794146e-01 -6.962194e+01 6.908704e-01 -3.355449e-02 7.221996e-01 5.231704e+02
7.086279e-01 2.249648e-01 -6.687580e-01 4.365102e+02 -1.400054e-01 9.737952e-01 1.792246e-01 -6.940879e+01 6.915526e-01 -3.337381e-02 7.215547e-01 5.240475e+02
7.079340e-01 2.272367e-01 -6.687248e-01 4.356908e+02 -1.392064e-01 9.731484e-01 1.833132e-01 -6.919624e+01 6.924240e-01 -3.668289e-02 7.205577e-01 5.249270e+02
7.074597e-01 2.297350e-01 -6.683731e-01 4.348597e+02 -1.377277e-01 9.723780e-01 1.884464e-01 -6.897552e+01 6.932041e-01 -4.126477e-02 7.195591e-01 5.258327e+02
7.076091e-01 2.318910e-01 -6.674698e-01 4.340148e+02 -1.354153e-01 9.716111e-01 1.939965e-01 -6.875500e+01 6.935071e-01 -4.688805e-02 7.189224e-01 5.267192e+02
7.124548e-01 2.313202e-01 -6.624946e-01 4.332041e+02 -1.322914e-01 9.714514e-01 1.969293e-01 -6.854324e+01 6.891351e-01 -5.266089e-02 7.227169e-01 5.275810e+02
7.106910e-01 2.293054e-01 -6.650845e-01 4.323729e+02 -1.370945e-01 9.724053e-01 1.887670e-01 -6.831831e+01 6.900170e-01 -4.297558e-02 7.225162e-01 5.284445e+02
7.096074e-01 2.214802e-01 -6.688826e-01 4.315247e+02 -1.417907e-01 9.747783e-01 1.723447e-01 -6.809838e+01 6.901832e-01 -2.745570e-02 7.231137e-01 5.293306e+02
7.079405e-01 2.213329e-01 -6.706952e-01 4.306868e+02 -1.481950e-01 9.750384e-01 1.653432e-01 -6.789289e+01 6.905494e-01 -1.765947e-02 7.230696e-01 5.302145e+02
7.067030e-01 2.293919e-01 -6.692908e-01 4.298340e+02 -1.506202e-01 9.730743e-01 1.744706e-01 -6.769188e+01 6.912918e-01 -2.249022e-02 7.222256e-01 5.311156e+02
7.055086e-01 2.378200e-01 -6.676071e-01 4.289863e+02 -1.516609e-01 9.708558e-01 1.855745e-01 -6.748090e+01 6.922836e-01 -2.967446e-02 7.210151e-01 5.320097e+02
7.050451e-01 2.400763e-01 -6.672891e-01 4.281464e+02 -1.500879e-01 9.701538e-01 1.904605e-01 -6.725939e+01 6.930982e-01 -3.413125e-02 7.200347e-01 5.329055e+02
7.040324e-01 2.400699e-01 -6.683598e-01 4.272875e+02 -1.514770e-01 9.702353e-01 1.889396e-01 -6.702893e+01 6.938250e-01 -3.177845e-02 7.194422e-01 5.338116e+02
7.030077e-01 2.388477e-01 -6.698746e-01 4.264260e+02 -1.530394e-01 9.706567e-01 1.854845e-01 -6.680121e+01 6.945208e-01 -2.787983e-02 7.189322e-01 5.347432e+02
7.011961e-01 2.397525e-01 -6.714483e-01 4.255694e+02 -1.575207e-01 9.705871e-01 1.820659e-01 -6.657207e+01 6.953498e-01 -2.189684e-02 7.183378e-01 5.356372e+02
7.063832e-01 2.375511e-01 -6.667776e-01 4.247055e+02 -1.572785e-01 9.711298e-01 1.793612e-01 -6.634972e+01 6.901350e-01 -2.182795e-02 7.233514e-01 5.365440e+02
7.053420e-01 2.399813e-01 -6.670095e-01 4.238377e+02 -1.588193e-01 9.705305e-01 1.812376e-01 -6.613378e+01 6.908467e-01 -2.190053e-02 7.226695e-01 5.374658e+02
7.047424e-01 2.418549e-01 -6.669665e-01 4.229736e+02 -1.594268e-01 9.700434e-01 1.833000e-01 -6.591187e+01 6.913185e-01 -2.284695e-02 7.221889e-01 5.383799e+02
7.035818e-01 2.451516e-01 -6.669883e-01 4.221108e+02 -1.617553e-01 9.692190e-01 1.856067e-01 -6.568997e+01 6.919595e-01 -2.270060e-02 7.215793e-01 5.392939e+02
7.027309e-01 2.458374e-01 -6.676326e-01 4.212397e+02 -1.623606e-01 9.690554e-01 1.859319e-01 -6.546313e+01 6.926819e-01 -2.226283e-02 7.208995e-01 5.402172e+02
7.024348e-01 2.438741e-01 -6.686634e-01 4.203820e+02 -1.609089e-01 9.695559e-01 1.845796e-01 -6.524021e+01 6.933208e-01 -2.206128e-02 7.202913e-01 5.411340e+02
7.016761e-01 2.430316e-01 -6.697659e-01 4.195080e+02 -1.611985e-01 9.698026e-01 1.830245e-01 -6.501756e+01 6.940214e-01 -2.045866e-02 7.196636e-01 5.420612e+02
7.013501e-01 2.407750e-01 -6.709213e-01 4.186358e+02 -1.599035e-01 9.703806e-01 1.810868e-01 -6.479471e+01 6.946502e-01 -1.972255e-02 7.190773e-01 5.429887e+02
7.008717e-01 2.401814e-01 -6.716336e-01 4.177754e+02 -1.599207e-01 9.705443e-01 1.801917e-01 -6.458576e+01 6.951289e-01 -1.888311e-02 7.186371e-01 5.438885e+02
7.005228e-01 2.413896e-01 -6.715644e-01 4.169258e+02 -1.609002e-01 9.702485e-01 1.809114e-01 -6.437351e+01 6.952545e-01 -1.867769e-02 7.185209e-01 5.447920e+02
7.005950e-01 2.415889e-01 -6.714175e-01 4.160449e+02 -1.584129e-01 9.701204e-01 1.837709e-01 -6.414853e+01 6.957528e-01 -2.238776e-02 7.179323e-01 5.457081e+02
7.006487e-01 2.447104e-01 -6.702299e-01 4.151630e+02 -1.613651e-01 9.693548e-01 1.852363e-01 -6.394486e+01 6.950199e-01 -2.163387e-02 7.186650e-01 5.466224e+02
7.014624e-01 2.442927e-01 -6.695309e-01 4.142731e+02 -1.622452e-01 9.694897e-01 1.837560e-01 -6.371836e+01 6.939935e-01 -2.026974e-02 7.196958e-01 5.475573e+02
7.020395e-01 2.448023e-01 -6.687394e-01 4.133891e+02 -1.644037e-01 9.694055e-01 1.822755e-01 -6.349099e+01 6.929011e-01 -1.802130e-02 7.208074e-01 5.484913e+02
7.036707e-01 2.450709e-01 -6.669241e-01 4.125031e+02 -1.641599e-01 9.693135e-01 1.829834e-01 -6.326850e+01 6.913024e-01 -1.927782e-02 7.223084e-01 5.494192e+02
7.051943e-01 2.452510e-01 -6.652466e-01 4.116170e+02 -1.641432e-01 9.692515e-01 1.833261e-01 -6.304219e+01 6.897522e-01 -2.008483e-02 7.237669e-01 5.503479e+02
7.071914e-01 2.433274e-01 -6.638314e-01 4.107322e+02 -1.615741e-01 9.696860e-01 1.833106e-01 -6.281456e+01 6.883125e-01 -2.237776e-02 7.250690e-01 5.512964e+02
7.083995e-01 2.424640e-01 -6.628585e-01 4.098395e+02 -1.606552e-01 9.698830e-01 1.830761e-01 -6.259164e+01 6.872845e-01 -2.319937e-02 7.260178e-01 5.522397e+02
7.094859e-01 2.416142e-01 -6.620063e-01 4.089636e+02 -1.586874e-01 9.700380e-01 1.839687e-01 -6.237323e+01 6.866208e-01 -2.547113e-02 7.265694e-01 5.531957e+02
7.103008e-01 2.419491e-01 -6.610094e-01 4.080651e+02 -1.586451e-01 9.699346e-01 1.845497e-01 -6.214881e+01 6.857875e-01 -2.621984e-02 7.273293e-01 5.541484e+02
7.066265e-01 2.355406e-01 -6.672328e-01 4.071318e+02 -1.543902e-01 9.715729e-01 1.794706e-01 -6.190345e+01 6.905379e-01 -2.380450e-02 7.229044e-01 5.551637e+02
7.067901e-01 2.351704e-01 -6.671902e-01 4.062449e+02 -1.556177e-01 9.717111e-01 1.776534e-01 -6.168813e+01 6.900949e-01 -2.173705e-02 7.233924e-01 5.561011e+02
7.072069e-01 2.301390e-01 -6.685016e-01 4.053506e+02 -1.550101e-01 9.730041e-01 1.709823e-01 -6.146332e+01 6.898045e-01 -1.729538e-02 7.237891e-01 5.570625e+02
7.075205e-01 2.279015e-01 -6.689362e-01 4.044533e+02 -1.529309e-01 9.735193e-01 1.699188e-01 -6.124750e+01 6.899470e-01 -1.792003e-02 7.236380e-01 5.580256e+02
7.077022e-01 2.271572e-01 -6.689972e-01 4.035511e+02 -1.485458e-01 9.735778e-01 1.734372e-01 -6.103483e+01 6.907183e-01 -2.336514e-02 7.227464e-01 5.589937e+02
7.074327e-01 2.240282e-01 -6.703359e-01 4.026484e+02 -1.444175e-01 9.742435e-01 1.731854e-01 -6.081944e+01 6.918689e-01 -2.570880e-02 7.215653e-01 5.599530e+02
7.070357e-01 2.193933e-01 -6.722849e-01 4.017485e+02 -1.397458e-01 9.752583e-01 1.712963e-01 -6.060882e+01 6.932327e-01 -2.716360e-02 7.202017e-01 5.609053e+02
7.059275e-01 2.170973e-01 -6.741923e-01 4.008547e+02 -1.375980e-01 9.757672e-01 1.701328e-01 -6.039525e+01 6.947901e-01 -2.733393e-02 7.186930e-01 5.618585e+02
7.052709e-01 2.177678e-01 -6.746630e-01 3.999383e+02 -1.375329e-01 9.756016e-01 1.711322e-01 -6.018463e+01 6.954694e-01 -2.790621e-02 7.180136e-01 5.628112e+02
7.049570e-01 2.195921e-01 -6.743997e-01 3.990380e+02 -1.385733e-01 9.751819e-01 1.726781e-01 -5.997237e+01 6.955811e-01 -2.827688e-02 7.178909e-01 5.637644e+02
7.138146e-01 2.114691e-01 -6.676447e-01 3.981274e+02 -1.321157e-01 9.768663e-01 1.681597e-01 -5.975944e+01 6.877602e-01 -3.182851e-02 7.252399e-01 5.647094e+02
7.148660e-01 2.099632e-01 -6.669948e-01 3.972315e+02 -1.322240e-01 9.772362e-01 1.659102e-01 -5.955511e+01 6.866465e-01 -3.041084e-02 7.263551e-01 5.656687e+02
7.151557e-01 2.123300e-01 -6.659342e-01 3.963356e+02 -1.344467e-01 9.767396e-01 1.670447e-01 -5.934532e+01 6.859128e-01 -2.993026e-02 7.270679e-01 5.666380e+02
7.159153e-01 2.166473e-01 -6.637238e-01 3.954301e+02 -1.358550e-01 9.756946e-01 1.719403e-01 -5.913431e+01 6.848421e-01 -3.292453e-02 7.279473e-01 5.676148e+02
7.164580e-01 2.180892e-01 -6.626651e-01 3.945285e+02 -1.388990e-01 9.754562e-01 1.708572e-01 -5.892041e+01 6.836629e-01 -3.036846e-02 7.291658e-01 5.685876e+02
7.166581e-01 2.177861e-01 -6.625484e-01 3.936227e+02 -1.433600e-01 9.757079e-01 1.656565e-01 -5.870617e+01 6.825313e-01 -2.373612e-02 7.304708e-01 5.695794e+02
7.173326e-01 2.170045e-01 -6.620747e-01 3.927302e+02 -1.438733e-01 9.759140e-01 1.639887e-01 -5.850314e+01 6.817143e-01 -2.237957e-02 7.312761e-01 5.705531e+02
7.177580e-01 2.192064e-01 -6.608873e-01 3.918366e+02 -1.435043e-01 9.753454e-01 1.676542e-01 -5.829167e+01 6.813443e-01 -2.549495e-02 7.315190e-01 5.715269e+02
7.186084e-01 2.214758e-01 -6.592044e-01 3.909330e+02 -1.413007e-01 9.746576e-01 1.734260e-01 -5.808053e+01 6.809083e-01 -3.147936e-02 7.316918e-01 5.725196e+02
7.190243e-01 2.219860e-01 -6.585790e-01 3.900348e+02 -1.392876e-01 9.744184e-01 1.763739e-01 -5.786199e+01 6.808840e-01 -3.508522e-02 7.315504e-01 5.735186e+02
7.266994e-01 2.101875e-01 -6.540101e-01 3.891370e+02 -1.300435e-01 9.769183e-01 1.694675e-01 -5.764294e+01 6.745344e-01 -3.810218e-02 7.372595e-01 5.745015e+02
7.266553e-01 2.081917e-01 -6.546971e-01 3.882461e+02 -1.316038e-01 9.775116e-01 1.647773e-01 -5.742878e+01 6.742792e-01 -3.357566e-02 7.377128e-01 5.754736e+02
7.261414e-01 2.082175e-01 -6.552589e-01 3.873587e+02 -1.327011e-01 9.775646e-01 1.635786e-01 -5.721941e+01 6.746178e-01 -3.182761e-02 7.374808e-01 5.764652e+02
7.258966e-01 2.099922e-01 -6.549637e-01 3.864593e+02 -1.336369e-01 9.771667e-01 1.651860e-01 -5.701463e+01 6.746965e-01 -3.238064e-02 7.373847e-01 5.774591e+02
7.259405e-01 2.112297e-01 -6.545169e-01 3.855590e+02 -1.327501e-01 9.768069e-01 1.680048e-01 -5.680230e+01 6.748243e-01 -3.507434e-02 7.371445e-01 5.784624e+02
7.260747e-01 2.106390e-01 -6.545584e-01 3.846705e+02 -1.305231e-01 9.768374e-01 1.695655e-01 -5.659173e+01 6.751143e-01 -3.768226e-02 7.367501e-01 5.794648e+02
7.267600e-01 2.073303e-01 -6.548542e-01 3.837897e+02 -1.264251e-01 9.774469e-01 1.691577e-01 -5.638281e+01 6.751567e-01 -4.014702e-02 7.365811e-01 5.804441e+02
7.271611e-01 2.034001e-01 -6.556410e-01 3.828849e+02 -1.223379e-01 9.782031e-01 1.677857e-01 -5.618268e+01 6.754777e-01 -4.179750e-02 7.361948e-01 5.814411e+02
7.270261e-01 2.011971e-01 -6.564699e-01 3.819923e+02 -1.195691e-01 9.785939e-01 1.675026e-01 -5.596897e+01 6.761186e-01 -4.328530e-02 7.355203e-01 5.824425e+02
7.265278e-01 2.008748e-01 -6.571199e-01 3.810852e+02 -1.185712e-01 9.786200e-01 1.680588e-01 -5.575249e+01 6.768295e-01 -4.418386e-02 7.348126e-01 5.834482e+02
7.326695e-01 1.884273e-01 -6.539805e-01 3.801887e+02 -1.054705e-01 9.807367e-01 1.644124e-01 -5.554607e+01 6.723625e-01 -5.148432e-02 7.384294e-01 5.844450e+02
7.322145e-01 1.859637e-01 -6.551942e-01 3.792938e+02 -1.021306e-01 9.811039e-01 1.643302e-01 -5.534873e+01 6.733731e-01 -5.340961e-02 7.373711e-01 5.854640e+02
7.317526e-01 1.823409e-01 -6.567266e-01 3.784105e+02 -9.953828e-02 9.818087e-01 1.616905e-01 -5.515329e+01 6.742627e-01 -5.294803e-02 7.365910e-01 5.864440e+02
7.310947e-01 1.806224e-01 -6.579332e-01 3.775006e+02 -9.903791e-02 9.822024e-01 1.595931e-01 -5.496448e+01 6.750496e-01 -5.151736e-02 7.359714e-01 5.874574e+02
7.304602e-01 1.822012e-01 -6.582026e-01 3.766030e+02 -1.029474e-01 9.821194e-01 1.576177e-01 -5.475355e+01 6.751516e-01 -4.737320e-02 7.361563e-01 5.884247e+02
7.297772e-01 1.841691e-01 -6.584125e-01 3.756879e+02 -1.043480e-01 9.817559e-01 1.589556e-01 -5.455422e+01 6.756750e-01 -4.729810e-02 7.356807e-01 5.894454e+02
7.292186e-01 1.855873e-01 -6.586332e-01 3.747651e+02 -1.046534e-01 9.814429e-01 1.606783e-01 -5.435651e+01 6.762307e-01 -4.824138e-02 7.351087e-01 5.904730e+02
7.284604e-01 1.874079e-01 -6.589565e-01 3.738547e+02 -1.064403e-01 9.811373e-01 1.613693e-01 -5.415065e+01 6.767687e-01 -4.741166e-02 7.346675e-01 5.914858e+02
7.282618e-01 1.893265e-01 -6.586275e-01 3.729513e+02 -1.051146e-01 9.805680e-01 1.656423e-01 -5.394873e+01 6.771895e-01 -5.139964e-02 7.340112e-01 5.925023e+02
7.283934e-01 1.908859e-01 -6.580316e-01 3.720320e+02 -1.043323e-01 9.801082e-01 1.688276e-01 -5.373815e+01 6.771689e-01 -5.431893e-02 7.338199e-01 5.935166e+02
7.338071e-01 1.770341e-01 -6.558857e-01 3.711114e+02 -9.329189e-02 9.825625e-01 1.608341e-01 -5.352020e+01 6.729218e-01 -5.683241e-02 7.375271e-01 5.945248e+02
7.331877e-01 1.729311e-01 -6.576706e-01 3.701932e+02 -9.382354e-02 9.836006e-01 1.540359e-01 -5.331255e+01 6.735228e-01 -5.123225e-02 7.373888e-01 5.955665e+02
7.331309e-01 1.705326e-01 -6.583599e-01 3.692901e+02 -9.318277e-02 9.841099e-01 1.511447e-01 -5.312057e+01 6.736736e-01 -4.946103e-02 7.373720e-01 5.965637e+02
7.335519e-01 1.735928e-01 -6.570899e-01 3.683715e+02 -9.171549e-02 9.832705e-01 1.573767e-01 -5.292821e+01 6.734166e-01 -5.517865e-02 7.372011e-01 5.975768e+02
7.339386e-01 1.764238e-01 -6.559030e-01 3.674470e+02 -9.252110e-02 9.826440e-01 1.607813e-01 -5.272597e+01 6.728848e-01 -5.731873e-02 7.375233e-01 5.985796e+02
7.338081e-01 1.707794e-01 -6.575410e-01 3.665327e+02 -9.088876e-02 9.838656e-01 1.541030e-01 -5.252681e+01 6.732495e-01 -5.331894e-02 7.374904e-01 5.996021e+02
7.329883e-01 1.666675e-01 -6.595074e-01 3.656072e+02 -9.367502e-02 9.850144e-01 1.448159e-01 -5.232803e+01 6.737604e-01 -4.436900e-02 7.376166e-01 6.006350e+02
7.325348e-01 1.682332e-01 -6.596138e-01 3.646903e+02 -9.708284e-02 9.848945e-01 1.433799e-01 -5.214830e+01 6.737712e-01 -4.099357e-02 7.378020e-01 6.016535e+02
7.314008e-01 1.762193e-01 -6.587865e-01 3.637692e+02 -1.009625e-01 9.833718e-01 1.509518e-01 -5.196934e+01 6.744327e-01 -4.389353e-02 7.370305e-01 6.026978e+02
7.312346e-01 1.812991e-01 -6.575915e-01 3.628415e+02 -1.018924e-01 9.822476e-01 1.575042e-01 -5.177432e+01 6.744730e-01 -4.816899e-02 7.367265e-01 6.037349e+02
7.353224e-01 1.690853e-01 -6.562858e-01 3.619280e+02 -9.040229e-02 9.841945e-01 1.522782e-01 -5.157104e+01 6.716609e-01 -5.264381e-02 7.389860e-01 6.047521e+02
7.360770e-01 1.637347e-01 -6.567965e-01 3.610266e+02 -8.447865e-02 9.849385e-01 1.508623e-01 -5.138674e+01 6.716056e-01 -5.556098e-02 7.388227e-01 6.057707e+02
7.364726e-01 1.589378e-01 -6.575310e-01 3.601271e+02 -8.060186e-02 9.856998e-01 1.479837e-01 -5.119921e+01 6.716484e-01 -5.598771e-02 7.387516e-01 6.067768e+02
7.363413e-01 1.574455e-01 -6.580368e-01 3.592091e+02 -8.021531e-02 9.860040e-01 1.461561e-01 -5.100808e+01 6.718385e-01 -5.483616e-02 7.386650e-01 6.078084e+02
7.356781e-01 1.592632e-01 -6.583410e-01 3.582799e+02 -8.322203e-02 9.858526e-01 1.454951e-01 -5.081856e+01 6.721992e-01 -5.224907e-02 7.385244e-01 6.088485e+02
7.348966e-01 1.639755e-01 -6.580570e-01 3.573573e+02 -8.969113e-02 9.853057e-01 1.453556e-01 -5.063530e+01 6.722221e-01 -4.779945e-02 7.388049e-01 6.098615e+02
7.344136e-01 1.678021e-01 -6.576315e-01 3.564306e+02 -9.484297e-02 9.848207e-01 1.453717e-01 -5.045352e+01 6.720428e-01 -4.439124e-02 7.391806e-01 6.108828e+02
7.342327e-01 1.706050e-01 -6.571121e-01 3.555016e+02 -9.678699e-02 9.843280e-01 1.474133e-01 -5.026924e+01 6.719633e-01 -4.463578e-02 7.392381e-01 6.119165e+02
7.343478e-01 1.718422e-01 -6.566610e-01 3.545751e+02 -9.493643e-02 9.839162e-01 1.513140e-01 -5.008227e+01 6.721015e-01 -4.877603e-02 7.388508e-01 6.129525e+02
7.348874e-01 1.700946e-01 -6.565122e-01 3.536576e+02 -9.169690e-02 9.840687e-01 1.523168e-01 -4.988881e+01 6.719614e-01 -5.173558e-02 7.387769e-01 6.139797e+02
7.378944e-01 1.548291e-01 -6.569168e-01 3.527401e+02 -7.963288e-02 9.865051e-01 1.430607e-01 -4.969560e+01 6.702018e-01 -5.325153e-02 7.402661e-01 6.149992e+02
7.386180e-01 1.519916e-01 -6.567664e-01 3.518147e+02 -7.682066e-02 9.868822e-01 1.419937e-01 -4.951490e+01 6.697329e-01 -5.442586e-02 7.406050e-01 6.160380e+02
7.387255e-01 1.535623e-01 -6.562799e-01 3.508641e+02 -7.778152e-02 9.866173e-01 1.433048e-01 -4.932858e+01 6.695033e-01 -5.481650e-02 7.407837e-01 6.170937e+02
7.386719e-01 1.527187e-01 -6.565370e-01 3.499428e+02 -7.843352e-02 9.868536e-01 1.413087e-01 -4.915135e+01 6.694864e-01 -5.288623e-02 7.409393e-01 6.181339e+02
7.387601e-01 1.508352e-01 -6.568731e-01 3.490223e+02 -7.891203e-02 9.872895e-01 1.379581e-01 -4.896239e+01 6.693328e-01 -5.008273e-02 7.412728e-01 6.191610e+02
7.392780e-01 1.512313e-01 -6.561990e-01 3.481178e+02 -7.964197e-02 9.872525e-01 1.378026e-01 -4.879208e+01 6.686742e-01 -4.961348e-02 7.418985e-01 6.201679e+02
7.394794e-01 1.544742e-01 -6.552160e-01 3.471183e+02 -8.048574e-02 9.866221e-01 1.417703e-01 -4.860892e+01 6.683504e-01 -5.210066e-02 7.420197e-01 6.212456e+02
7.397726e-01 1.540701e-01 -6.549800e-01 3.462186e+02 -7.806035e-02 9.865102e-01 1.438896e-01 -4.843121e+01 6.683136e-01 -5.531763e-02 7.418200e-01 6.222635e+02
7.405293e-01 1.510423e-01 -6.548302e-01 3.452705e+02 -7.564073e-02 9.869565e-01 1.421101e-01 -4.825303e+01 6.677536e-01 -5.570483e-02 7.422952e-01 6.232811e+02
7.398637e-01 1.495219e-01 -6.559305e-01 3.443433e+02 -7.850585e-02 9.875166e-01 1.365567e-01 -4.806912e+01 6.681605e-01 -4.953895e-02 7.423661e-01 6.243154e+02
7.406062e-01 1.367380e-01 -6.578794e-01 3.434397e+02 -7.088162e-02 9.895111e-01 1.258716e-01 -4.788813e+01 6.681903e-01 -4.658975e-02 7.425302e-01 6.253461e+02
7.402046e-01 1.419681e-01 -6.572231e-01 3.425486e+02 -7.490648e-02 9.887821e-01 1.292246e-01 -4.772098e+01 6.681962e-01 -4.642238e-02 7.425354e-01 6.263455e+02
7.403024e-01 1.457651e-01 -6.562811e-01 3.416093e+02 -7.241968e-02 9.878213e-01 1.377114e-01 -4.756040e+01 6.683619e-01 -5.442045e-02 7.418428e-01 6.274108e+02
7.407901e-01 1.459312e-01 -6.556936e-01 3.406801e+02 -6.759219e-02 9.873566e-01 1.433817e-01 -4.738242e+01 6.683273e-01 -6.189599e-02 7.412878e-01 6.284564e+02
7.407263e-01 1.414758e-01 -6.567413e-01 3.397598e+02 -6.214502e-02 9.878126e-01 1.427033e-01 -4.719907e+01 6.689264e-01 -6.489086e-02 7.404908e-01 6.295129e+02
7.407561e-01 1.367850e-01 -6.577007e-01 3.388165e+02 -6.005860e-02 9.886147e-01 1.379638e-01 -4.701437e+01 6.690839e-01 -6.269696e-02 7.405375e-01 6.305611e+02
7.403205e-01 1.347670e-01 -6.586072e-01 3.378794e+02 -6.247092e-02 9.892521e-01 1.322033e-01 -4.683651e+01 6.693452e-01 -5.672899e-02 7.407826e-01 6.316085e+02
7.395739e-01 1.367318e-01 -6.590408e-01 3.369285e+02 -6.791305e-02 9.893109e-01 1.290414e-01 -4.666881e+01 6.696404e-01 -5.067816e-02 7.409545e-01 6.326789e+02
7.396609e-01 1.410825e-01 -6.580255e-01 3.359749e+02 -7.196835e-02 9.887541e-01 1.310949e-01 -4.649859e+01 6.691206e-01 -4.960872e-02 7.414962e-01 6.337182e+02
7.393197e-01 1.458614e-01 -6.573666e-01 3.350331e+02 -7.436754e-02 9.879715e-01 1.355796e-01 -4.632174e+01 6.692353e-01 -5.134991e-02 7.412741e-01 6.347686e+02
7.387784e-01 1.347093e-01 -6.603484e-01 3.340876e+02 -6.619123e-02 9.895861e-01 1.278201e-01 -4.614285e+01 6.706901e-01 -5.072147e-02 7.400014e-01 6.358203e+02
7.386331e-01 1.342184e-01 -6.606107e-01 3.331393e+02 -6.860446e-02 9.898569e-01 1.244053e-01 -4.597195e+01 6.706076e-01 -4.656903e-02 7.403491e-01 6.368787e+02
7.386638e-01 1.357123e-01 -6.602712e-01 3.321983e+02 -7.413962e-02 9.899373e-01 1.205299e-01 -4.581341e+01 6.699845e-01 -4.007882e-02 7.412925e-01 6.379121e+02
7.388264e-01 1.390872e-01 -6.593864e-01 3.312648e+02 -7.677368e-02 9.894710e-01 1.226903e-01 -4.566603e+01 6.695083e-01 -4.002333e-02 7.417255e-01 6.389241e+02
7.394047e-01 1.395449e-01 -6.586410e-01 3.303334e+02 -7.460978e-02 9.892422e-01 1.258302e-01 -4.551382e+01 6.691144e-01 -4.389836e-02 7.418617e-01 6.399512e+02
7.395143e-01 1.384114e-01 -6.587571e-01 3.294023e+02 -7.273784e-02 9.893327e-01 1.262139e-01 -4.535498e+01 6.691994e-01 -4.542040e-02 7.416935e-01 6.409832e+02
7.397589e-01 1.368726e-01 -6.588039e-01 3.284839e+02 -7.066242e-02 9.894813e-01 1.262284e-01 -4.520023e+01 6.691514e-01 -4.682589e-02 7.416494e-01 6.420008e+02
7.395982e-01 1.383633e-01 -6.586730e-01 3.275732e+02 -7.223615e-02 9.893066e-01 1.267062e-01 -4.504348e+01 6.691610e-01 -4.613170e-02 7.416842e-01 6.430129e+02
7.393146e-01 1.430301e-01 -6.579941e-01 3.266595e+02 -7.468889e-02 9.885691e-01 1.309686e-01 -4.488883e+01 6.692051e-01 -4.768218e-02 7.415463e-01 6.440363e+02
7.392868e-01 1.480352e-01 -6.569175e-01 3.257412e+02 -7.726856e-02 9.877421e-01 1.356288e-01 -4.472427e+01 6.689429e-01 -4.950953e-02 7.416631e-01 6.450592e+02
7.378907e-01 1.355389e-01 -6.611705e-01 3.248470e+02 -6.850418e-02 9.896092e-01 1.264150e-01 -4.456550e+01 6.714346e-01 -4.798755e-02 7.395085e-01 6.460406e+02
7.380623e-01 1.288224e-01 -6.623208e-01 3.239449e+02 -6.782042e-02 9.907975e-01 1.171354e-01 -4.441934e+01 6.713155e-01 -4.153436e-02 7.400071e-01 6.470296e+02
7.379514e-01 1.236599e-01 -6.634275e-01 3.230641e+02 -6.827628e-02 9.917048e-01 1.089034e-01 -4.428894e+01 6.713912e-01 -3.506905e-02 7.402730e-01 6.480042e+02
7.378887e-01 1.217190e-01 -6.638560e-01 3.221694e+02 -6.683414e-02 9.919466e-01 1.075875e-01 -4.416075e+01 6.716052e-01 -3.501937e-02 7.400812e-01 6.490057e+02
7.377094e-01 1.244338e-01 -6.635519e-01 3.212833e+02 -6.826097e-02 9.915784e-01 1.100579e-01 -4.403421e+01 6.716586e-01 -3.589602e-02 7.399907e-01 6.499815e+02
7.380169e-01 1.252474e-01 -6.630566e-01 3.204151e+02 -6.717888e-02 9.913791e-01 1.124919e-01 -4.390737e+01 6.714298e-01 -3.847751e-02 7.400685e-01 6.509506e+02
7.376195e-01 1.307294e-01 -6.624405e-01 3.195317e+02 -6.932197e-02 9.905561e-01 1.182922e-01 -4.376160e+01 6.716487e-01 -4.133295e-02 7.397159e-01 6.519336e+02
7.375684e-01 1.362840e-01 -6.613770e-01 3.186402e+02 -7.047289e-02 9.896092e-01 1.253284e-01 -4.361580e+01 6.715850e-01 -4.582909e-02 7.395088e-01 6.529219e+02
7.376162e-01 1.427294e-01 -6.599626e-01 3.177458e+02 -7.252987e-02 9.884966e-01 1.327171e-01 -4.346340e+01 6.713135e-01 -5.002728e-02 7.394832e-01 6.539058e+02
7.373089e-01 1.447979e-01 -6.598554e-01 3.168676e+02 -7.569793e-02 9.883161e-01 1.322916e-01 -4.331456e+01 6.713012e-01 -4.759009e-02 7.396552e-01 6.548591e+02
7.334873e-01 1.270698e-01 -6.677198e-01 3.160284e+02 -6.631289e-02 9.910613e-01 1.157585e-01 -4.317803e+01 6.764607e-01 -4.062899e-02 7.353572e-01 6.558217e+02
7.331366e-01 1.223919e-01 -6.689776e-01 3.151535e+02 -6.921776e-02 9.919933e-01 1.056326e-01 -4.305177e+01 6.765498e-01 -3.113802e-02 7.357382e-01 6.567672e+02
7.320926e-01 1.234033e-01 -6.699344e-01 3.143187e+02 -7.319884e-02 9.920113e-01 1.027401e-01 -4.292419e+01 6.772610e-01 -2.617686e-02 7.352771e-01 6.577154e+02
7.316003e-01 1.285758e-01 -6.694992e-01 3.134363e+02 -7.503490e-02 9.912740e-01 1.083769e-01 -4.279837e+01 6.775918e-01 -2.905280e-02 7.348641e-01 6.586777e+02
7.317495e-01 1.338726e-01 -6.682970e-01 3.125465e+02 -7.479632e-02 9.903712e-01 1.164922e-01 -4.267313e+01 6.774572e-01 -3.525698e-02 7.347168e-01 6.596432e+02
7.314849e-01 1.372086e-01 -6.679100e-01 3.116516e+02 -7.700076e-02 9.899010e-01 1.190250e-01 -4.253632e+01 6.774960e-01 -3.563542e-02 7.346627e-01 6.606121e+02
7.307871e-01 1.373219e-01 -6.686501e-01 3.107735e+02 -7.984777e-02 9.900280e-01 1.160559e-01 -4.239890e+01 6.779193e-01 -3.142190e-02 7.344645e-01 6.615660e+02
7.307325e-01 1.354209e-01 -6.690973e-01 3.099121e+02 -8.058323e-02 9.903854e-01 1.124413e-01 -4.226573e+01 6.778911e-01 -2.824646e-02 7.346194e-01 6.624877e+02
7.305452e-01 1.364759e-01 -6.690875e-01 3.090276e+02 -8.119703e-02 9.902344e-01 1.133260e-01 -4.213477e+01 6.780198e-01 -2.846187e-02 7.344924e-01 6.634413e+02
7.304785e-01 1.359190e-01 -6.692736e-01 3.081483e+02 -7.758486e-02 9.901666e-01 1.164073e-01 -4.200216e+01 6.785144e-01 -3.310756e-02 7.338407e-01 6.644008e+02
7.254117e-01 1.192096e-01 -6.779137e-01 3.072786e+02 -6.190013e-02 9.921960e-01 1.082383e-01 -4.186721e+01 6.855263e-01 -3.655439e-02 7.271296e-01 6.653690e+02
7.253875e-01 1.156322e-01 -6.785589e-01 3.063983e+02 -5.562446e-02 9.924124e-01 1.096524e-01 -4.175143e+01 6.860896e-01 -4.179598e-02 7.263155e-01 6.663081e+02
7.250012e-01 1.133957e-01 -6.793487e-01 3.055178e+02 -5.257801e-02 9.925875e-01 1.095697e-01 -4.163553e+01 6.867378e-01 -4.371939e-02 7.255892e-01 6.672440e+02
7.239353e-01 1.121368e-01 -6.806930e-01 3.046238e+02 -5.081882e-02 9.926882e-01 1.094874e-01 -4.150740e+01 6.879936e-01 -4.466981e-02 7.243407e-01 6.682242e+02
7.234165e-01 1.121104e-01 -6.812487e-01 3.037465e+02 -4.953145e-02 9.926129e-01 1.107530e-01 -4.138420e+01 6.886328e-01 -4.637732e-02 7.236256e-01 6.691478e+02
7.228543e-01 1.121330e-01 -6.818415e-01 3.028716e+02 -4.953399e-02 9.926156e-01 1.107282e-01 -4.126064e+01 6.892228e-01 -4.626601e-02 7.230708e-01 6.700572e+02
7.223007e-01 1.092258e-01 -6.828993e-01 3.019967e+02 -4.761394e-02 9.929602e-01 1.084572e-01 -4.113926e+01 6.899381e-01 -4.582316e-02 7.224165e-01 6.709733e+02
7.216519e-01 1.055633e-01 -6.841601e-01 3.011159e+02 -4.664348e-02 9.934736e-01 1.040896e-01 -4.101869e+01 6.906830e-01 -4.320487e-02 7.218659e-01 6.719049e+02
7.205108e-01 1.049706e-01 -6.854526e-01 3.002262e+02 -5.072903e-02 9.938066e-01 9.886843e-02 -4.090012e+01 6.915856e-01 -3.646343e-02 7.213735e-01 6.728267e+02
7.191830e-01 1.079476e-01 -6.863841e-01 2.993328e+02 -5.657157e-02 9.936753e-01 9.700038e-02 -4.078649e+01 6.925139e-01 -3.093119e-02 7.207411e-01 6.737447e+02
7.124426e-01 9.730576e-02 -6.949512e-01 2.984526e+02 -4.830975e-02 9.947908e-01 8.976307e-02 -4.066992e+01 7.000655e-01 -3.037811e-02 7.134322e-01 6.746451e+02
7.125800e-01 1.012452e-01 -6.942472e-01 2.975545e+02 -4.988494e-02 9.943399e-01 9.380685e-02 -4.057122e+01 6.998151e-01 -3.221241e-02 7.135973e-01 6.755303e+02
7.127816e-01 9.851391e-02 -6.944331e-01 2.966804e+02 -4.745937e-02 9.945920e-01 9.238180e-02 -4.046970e+01 6.997785e-01 -3.289069e-02 7.136023e-01 6.764171e+02
7.125693e-01 9.376153e-02 -6.953084e-01 2.957904e+02 -4.320326e-02 9.950132e-01 8.990061e-02 -4.036966e+01 7.002703e-01 -3.402083e-02 7.130667e-01 6.773274e+02
7.128877e-01 9.125517e-02 -6.953155e-01 2.948871e+02 -3.937948e-02 9.951421e-01 9.023056e-02 -4.027732e+01 7.001717e-01 -3.694309e-02 7.130181e-01 6.782377e+02
7.127849e-01 9.241172e-02 -6.952681e-01 2.939932e+02 -3.933921e-02 9.949891e-01 9.191887e-02 -4.017966e+01 7.002786e-01 -3.816708e-02 7.128486e-01 6.791449e+02
7.127083e-01 9.235194e-02 -6.953545e-01 2.930901e+02 -3.926953e-02 9.949938e-01 9.189827e-02 -4.007542e+01 7.003604e-01 -3.819041e-02 7.127670e-01 6.800632e+02
7.125139e-01 9.454474e-02 -6.952591e-01 2.921713e+02 -4.098289e-02 9.947963e-01 9.327729e-02 -3.996729e+01 7.004601e-01 -3.796764e-02 7.126809e-01 6.809877e+02
7.125799e-01 9.766813e-02 -6.947596e-01 2.912496e+02 -3.992556e-02 9.943033e-01 9.882784e-02 -3.985645e+01 7.004540e-01 -4.268407e-02 7.124200e-01 6.819180e+02
7.128981e-01 1.010976e-01 -6.939421e-01 2.903305e+02 -3.758055e-02 9.936395e-01 1.061522e-01 -3.974509e+01 7.002600e-01 -4.959697e-02 7.121630e-01 6.828448e+02
7.049662e-01 8.329820e-02 -7.043323e-01 2.894163e+02 -2.058381e-02 9.950638e-01 9.707936e-02 -3.962788e+01 7.089421e-01 -5.393983e-02 7.032010e-01 6.837844e+02
7.051897e-01 7.755704e-02 -7.047641e-01 2.884992e+02 -1.286438e-02 9.952353e-01 9.665033e-02 -3.952374e+01 7.089020e-01 -5.909047e-02 7.028274e-01 6.847168e+02
7.050397e-01 7.397119e-02 -7.052994e-01 2.875801e+02 -8.312679e-03 9.953388e-01 9.608066e-02 -3.942964e+01 7.091191e-01 -6.187776e-02 7.023683e-01 6.856467e+02
7.049512e-01 7.152756e-02 -7.056398e-01 2.866396e+02 -6.647235e-03 9.955244e-01 9.427112e-02 -3.932213e+01 7.092246e-01 -6.176599e-02 7.022716e-01 6.865799e+02
7.052089e-01 6.891415e-02 -7.056424e-01 2.856988e+02 -7.216382e-03 9.959111e-01 9.005029e-02 -3.921680e+01 7.089628e-01 -5.841208e-02 7.028227e-01 6.875095e+02
7.061139e-01 6.646007e-02 -7.049725e-01 2.847384e+02 -7.117774e-03 9.962016e-01 8.678589e-02 -3.910346e+01 7.080625e-01 -5.626289e-02 7.039048e-01 6.884538e+02
7.065460e-01 6.760718e-02 -7.044303e-01 2.838053e+02 -8.462078e-03 9.961620e-01 8.711842e-02 -3.900284e+01 7.076166e-01 -5.559222e-02 7.044064e-01 6.893928e+02
7.074449e-01 6.671293e-02 -7.036129e-01 2.828661e+02 -3.594210e-03 9.958619e-01 9.080867e-02 -3.889835e+01 7.067594e-01 -6.171320e-02 7.047572e-01 6.903447e+02
7.079447e-01 7.069465e-02 -7.027209e-01 2.819248e+02 -4.688645e-04 9.950246e-01 9.962844e-02 -3.878788e+01 7.062678e-01 -7.020194e-02 7.044555e-01 6.913103e+02
7.092260e-01 7.352327e-02 -7.011368e-01 2.809884e+02 1.525021e-03 9.943845e-01 1.058167e-01 -3.867091e+01 7.049795e-01 -7.611721e-02 7.051312e-01 6.922417e+02
6.994413e-01 5.684444e-02 -7.124259e-01 2.800347e+02 1.448655e-02 9.954995e-01 9.365340e-02 -3.855032e+01 7.145433e-01 -7.582564e-02 6.954699e-01 6.931912e+02
7.004902e-01 5.504605e-02 -7.115360e-01 2.790679e+02 1.402381e-02 9.957667e-01 9.084090e-02 -3.844646e+01 7.135243e-01 -7.361160e-02 6.967528e-01 6.941188e+02
7.009180e-01 5.584666e-02 -7.110521e-01 2.780893e+02 8.649313e-03 9.961910e-01 8.676775e-02 -3.834553e+01 7.131894e-01 -6.696719e-02 6.977652e-01 6.950677e+02
7.015210e-01 5.628943e-02 -7.104222e-01 2.771234e+02 2.301643e-03 9.966915e-01 8.124443e-02 -3.824377e+01 7.126450e-01 -5.862981e-02 6.990705e-01 6.959987e+02
7.020704e-01 5.763745e-02 -7.097712e-01 2.761339e+02 -1.229630e-03 9.968157e-01 7.973081e-02 -3.815710e+01 7.121065e-01 -5.510388e-02 6.999056e-01 6.969689e+02
7.028869e-01 6.200157e-02 -7.085942e-01 2.751610e+02 -5.106353e-03 9.966079e-01 8.213737e-02 -3.806648e+01 7.112833e-01 -5.411495e-02 7.008193e-01 6.979187e+02
7.034333e-01 6.526351e-02 -7.077586e-01 2.741804e+02 -8.364381e-03 9.964666e-01 8.357246e-02 -3.797211e+01 7.107120e-01 -5.286769e-02 7.014937e-01 6.988718e+02
7.036859e-01 6.676933e-02 -7.073669e-01 2.731981e+02 -6.929595e-03 9.961723e-01 8.713652e-02 -3.787486e+01 7.104774e-01 -5.641498e-02 7.014551e-01 6.998437e+02
7.037246e-01 6.816341e-02 -7.071954e-01 2.722363e+02 -3.550564e-03 9.957120e-01 9.243910e-02 -3.777649e+01 7.104639e-01 -6.254073e-02 7.009491e-01 7.007992e+02
7.034223e-01 6.498293e-02 -7.077954e-01 2.712625e+02 -3.644342e-03 9.961285e-01 8.783307e-02 -3.767244e+01 7.107628e-01 -5.920429e-02 7.009358e-01 7.017489e+02
6.915000e-01 4.863704e-02 -7.207373e-01 2.703298e+02 1.098147e-03 9.976589e-01 6.837795e-02 -3.758048e+01 7.223756e-01 -4.807483e-02 6.898277e-01 7.026501e+02
6.915579e-01 4.744102e-02 -7.207614e-01 2.693437e+02 -1.782605e-03 9.979499e-01 6.397539e-02 -3.750489e+01 7.223188e-01 -4.295786e-02 6.902247e-01 7.035683e+02
6.915204e-01 5.613655e-02 -7.201723e-01 2.683482e+02 -7.278559e-03 9.974666e-01 7.076232e-02 -3.743958e+01 7.223202e-01 -4.369178e-02 6.901772e-01 7.044933e+02
6.915727e-01 6.508439e-02 -7.193686e-01 2.673558e+02 -9.193702e-03 9.966446e-01 8.133229e-02 -3.736018e+01 7.222484e-01 -4.963353e-02 6.898506e-01 7.054218e+02
6.911464e-01 6.711567e-02 -7.195917e-01 2.663634e+02 -5.915388e-03 9.961706e-01 8.723039e-02 -3.727689e+01 7.226906e-01 -5.603231e-02 6.888967e-01 7.063703e+02
6.907708e-01 6.300674e-02 -7.203234e-01 2.653909e+02 -3.453022e-03 9.964724e-01 8.385015e-02 -3.718635e+01 7.230655e-01 -5.543395e-02 6.885516e-01 7.072953e+02
6.902522e-01 5.880886e-02 -7.211750e-01 2.644217e+02 -4.727780e-03 9.970369e-01 7.677921e-02 -3.709994e+01 7.235534e-01 -4.958746e-02 6.884850e-01 7.082106e+02
6.901518e-01 5.949516e-02 -7.212148e-01 2.634444e+02 -6.511392e-03 9.970849e-01 7.602156e-02 -3.701929e+01 7.236353e-01 -4.777031e-02 6.885274e-01 7.091249e+02
6.902414e-01 6.339964e-02 -7.207963e-01 2.624658e+02 -7.695059e-03 9.967409e-01 8.030224e-02 -3.694284e+01 7.235383e-01 -4.988136e-02 6.884796e-01 7.100297e+02
6.896714e-01 6.672566e-02 -7.210417e-01 2.614773e+02 -9.455457e-03 9.964904e-01 8.317178e-02 -3.684458e+01 7.240608e-01 -5.054341e-02 6.878818e-01 7.109752e+02
6.836163e-01 5.606552e-02 -7.276849e-01 2.605186e+02 -4.178970e-03 9.973294e-01 7.291477e-02 -3.675486e+01 7.298296e-01 -4.680475e-02 6.820250e-01 7.118634e+02
6.832109e-01 5.379718e-02 -7.282367e-01 2.595285e+02 -2.966878e-03 9.974788e-01 7.090351e-02 -3.667842e+01 7.302151e-01 -4.628146e-02 6.816480e-01 7.127844e+02
6.831112e-01 4.763264e-02 -7.287594e-01 2.585588e+02 -3.764033e-04 9.978936e-01 6.487077e-02 -3.660922e+01 7.303143e-01 -4.403964e-02 6.816902e-01 7.136854e+02
6.825846e-01 4.395128e-02 -7.294838e-01 2.575749e+02 2.481304e-03 9.980448e-01 6.245382e-02 -3.653966e+01 7.308024e-01 -4.444008e-02 6.811409e-01 7.146011e+02
6.819658e-01 4.362301e-02 -7.300820e-01 2.565973e+02 4.793222e-03 9.979317e-01 6.410458e-02 -3.647108e+01 7.313684e-01 -4.721657e-02 6.803461e-01 7.155118e+02
6.819596e-01 4.143212e-02 -7.302154e-01 2.556125e+02 8.208924e-03 9.978977e-01 6.428674e-02 -3.640251e+01 7.313438e-01 -4.983524e-02 6.801858e-01 7.164203e+02
6.816107e-01 3.996309e-02 -7.306229e-01 2.546427e+02 8.090961e-03 9.980348e-01 6.213799e-02 -3.633766e+01 7.316703e-01 -4.826536e-02 6.799478e-01 7.173243e+02
6.810036e-01 4.118028e-02 -7.311212e-01 2.536485e+02 2.105207e-03 9.983033e-01 5.819017e-02 -3.627443e+01 7.322770e-01 -4.116687e-02 6.797615e-01 7.182311e+02
6.808647e-01 4.235070e-02 -7.311837e-01 2.526589e+02 -5.364049e-04 9.983554e-01 5.732600e-02 -3.621748e+01 7.324090e-01 -3.863904e-02 6.797677e-01 7.191329e+02
6.810872e-01 4.780744e-02 -7.306399e-01 2.516863e+02 -5.145430e-03 9.981540e-01 6.051504e-02 -3.616354e+01 7.321842e-01 -3.745656e-02 6.800759e-01 7.200216e+02
6.663910e-01 5.205260e-02 -7.437833e-01 2.507208e+02 -2.041556e-03 9.976838e-01 6.799233e-02 -3.610415e+01 7.455997e-01 -4.379100e-02 6.649537e-01 7.209113e+02
6.664353e-01 4.921493e-02 -7.439368e-01 2.497315e+02 2.199050e-03 9.976848e-01 6.797152e-02 -3.603774e+01 7.455596e-01 -4.693457e-02 6.647842e-01 7.217946e+02
6.663743e-01 4.823852e-02 -7.440553e-01 2.487421e+02 3.955251e-03 9.976623e-01 6.822266e-02 -3.596671e+01 7.456069e-01 -4.840476e-02 6.646258e-01 7.226751e+02
6.663648e-01 4.935569e-02 -7.439906e-01 2.477510e+02 3.496814e-03 9.975890e-01 6.931116e-02 -3.590232e+01 7.456177e-01 -4.878811e-02 6.645856e-01 7.235598e+02
6.664437e-01 5.443015e-02 -7.435658e-01 2.467804e+02 5.168380e-04 9.972975e-01 7.346693e-02 -3.582957e+01 7.455552e-01 -4.934588e-02 6.646145e-01 7.244346e+02
6.671206e-01 5.673817e-02 -7.427859e-01 2.457748e+02 2.354534e-04 9.970792e-01 7.637399e-02 -3.575471e+01 7.449497e-01 -5.112556e-02 6.651588e-01 7.253237e+02
6.671257e-01 5.430503e-02 -7.429632e-01 2.447712e+02 -1.839923e-04 9.973514e-01 7.273369e-02 -3.567716e+01 7.449452e-01 -4.838581e-02 6.653687e-01 7.262146e+02
6.671375e-01 5.256833e-02 -7.430774e-01 2.438114e+02 9.667195e-04 9.974451e-01 7.143125e-02 -3.560266e+01 7.449339e-01 -4.837282e-02 6.653822e-01 7.270750e+02
6.677905e-01 5.339705e-02 -7.424315e-01 2.428256e+02 1.943126e-03 9.972952e-01 7.347509e-02 -3.552887e+01 7.443467e-01 -5.050861e-02 6.658805e-01 7.279536e+02
6.687588e-01 5.711712e-02 -7.412822e-01 2.418136e+02 -1.114337e-04 9.970524e-01 7.672413e-02 -3.545560e+01 7.434795e-01 -5.122733e-02 6.667939e-01 7.288494e+02
6.783054e-01 6.302623e-02 -7.320721e-01 2.409002e+02 5.765901e-04 9.962685e-01 8.630591e-02 -3.537753e+01 7.347799e-01 -5.896387e-02 6.757379e-01 7.296537e+02
6.793093e-01 6.661923e-02 -7.308220e-01 2.399223e+02 2.725934e-04 9.958480e-01 9.103148e-02 -3.528284e+01 7.338520e-01 -6.203775e-02 6.764706e-01 7.305362e+02
6.806787e-01 6.511736e-02 -7.296823e-01 2.389376e+02 3.780978e-03 9.957161e-01 9.238546e-02 -3.518470e+01 7.325723e-01 -6.564373e-02 6.775166e-01 7.314446e+02
6.815008e-01 6.630511e-02 -7.288075e-01 2.379780e+02 1.825882e-03 9.957299e-01 9.229641e-02 -3.508983e+01 7.318151e-01 -6.423079e-02 6.784696e-01 7.323426e+02
6.829406e-01 6.582448e-02 -7.275021e-01 2.369893e+02 2.316832e-03 9.957314e-01 9.226882e-02 -3.498902e+01 7.304703e-01 -6.469963e-02 6.798729e-01 7.332667e+02
6.835457e-01 6.910993e-02 -7.266286e-01 2.360127e+02 -2.741244e-03 9.957435e-01 9.212685e-02 -3.489397e+01 7.299026e-01 -6.098104e-02 6.808256e-01 7.341839e+02
6.844130e-01 7.166563e-02 -7.255639e-01 2.350332e+02 -7.008282e-03 9.957581e-01 9.174254e-02 -3.478464e+01 7.290609e-01 -5.770483e-02 6.820120e-01 7.350821e+02
6.856152e-01 7.381415e-02 -7.242121e-01 2.340395e+02 -9.562875e-03 9.956733e-01 9.242917e-02 -3.468377e+01 7.279013e-01 -5.644530e-02 6.833547e-01 7.359944e+02
6.864057e-01 7.516542e-02 -7.233239e-01 2.330452e+02 -1.064393e-02 9.955759e-01 9.335628e-02 -3.457065e+01 7.271409e-01 -5.638127e-02 6.841690e-01 7.369095e+02
6.871380e-01 7.418741e-02 -7.227293e-01 2.320353e+02 -1.078750e-02 9.957050e-01 9.195182e-02 -3.447148e+01 7.264468e-01 -5.538715e-02 6.849871e-01 7.378454e+02
6.984183e-01 6.468292e-02 -7.127609e-01 2.310270e+02 -4.349299e-03 9.962727e-01 8.614979e-02 -3.436478e+01 7.156766e-01 -5.706858e-02 6.960964e-01 7.387986e+02
6.988985e-01 6.538283e-02 -7.122261e-01 2.300351e+02 -2.761012e-03 9.960520e-01 8.872888e-02 -3.426362e+01 7.152156e-01 -6.004602e-02 6.963197e-01 7.397676e+02
6.992943e-01 6.695015e-02 -7.116918e-01 2.290496e+02 -2.522944e-03 9.958294e-01 9.120049e-02 -3.417424e+01 7.148295e-01 -6.198042e-02 6.965467e-01 7.407393e+02
6.992364e-01 6.678134e-02 -7.117645e-01 2.280449e+02 -3.116739e-03 9.959026e-01 9.037873e-02 -3.407181e+01 7.148837e-01 -6.097772e-02 6.965795e-01 7.417147e+02
6.992624e-01 6.634849e-02 -7.117795e-01 2.270237e+02 -3.412708e-03 9.959821e-01 8.948772e-02 -3.396742e+01 7.148570e-01 -6.014630e-02 6.966792e-01 7.426900e+02
6.992423e-01 6.586395e-02 -7.118442e-01 2.259969e+02 -3.272798e-03 9.960313e-01 8.894373e-02 -3.384365e+01 7.148773e-01 -5.986349e-02 6.966827e-01 7.436672e+02
6.990179e-01 6.747038e-02 -7.119141e-01 2.249819e+02 -6.422647e-03 9.960912e-01 8.809646e-02 -3.374372e+01 7.150753e-01 -5.700863e-02 6.967190e-01 7.446528e+02
6.989140e-01 7.017849e-02 -7.117543e-01 2.239665e+02 -1.048916e-02 9.960730e-01 8.791219e-02 -3.364345e+01 7.151288e-01 -5.397736e-02 6.969055e-01 7.456335e+02
6.984621e-01 7.438682e-02 -7.117706e-01 2.230141e+02 -1.643114e-02 9.959879e-01 8.796633e-02 -3.356149e+01 7.154584e-01 -4.974594e-02 6.968821e-01 7.465906e+02
6.982637e-01 7.547439e-02 -7.118507e-01 2.220136e+02 -1.830721e-02 9.959838e-01 8.764198e-02 -3.346689e+01 7.156065e-01 -4.816521e-02 6.968410e-01 7.475567e+02
7.263090e-01 8.085972e-02 -6.825957e-01 2.209787e+02 -7.031421e-03 9.938788e-01 1.102523e-01 -3.336581e+01 6.873324e-01 -7.527765e-02 7.224317e-01 7.485737e+02
7.244782e-01 8.463114e-02 -6.840825e-01 2.200009e+02 -8.899234e-03 9.934998e-01 1.134859e-01 -3.322176e+01 6.892403e-01 -7.613025e-02 7.205221e-01 7.495888e+02
7.235042e-01 8.234855e-02 -6.853907e-01 2.190528e+02 -7.605836e-03 9.937501e-01 1.113686e-01 -3.310109e+01 6.902780e-01 -7.536271e-02 7.196087e-01 7.505885e+02
7.223491e-01 8.039998e-02 -6.868389e-01 2.180813e+02 -1.053130e-02 9.943821e-01 1.053246e-01 -3.296868e+01 6.914484e-01 -6.884782e-02 7.191377e-01 7.515909e+02
7.210935e-01 7.622199e-02 -6.886322e-01 2.171324e+02 -1.037929e-02 9.950069e-01 9.926484e-02 -3.284625e+01 6.927600e-01 -6.443171e-02 7.182842e-01 7.525767e+02
7.195119e-01 7.436015e-02 -6.904877e-01 2.161492e+02 -7.972877e-03 9.950701e-01 9.885330e-02 -3.272822e+01 6.944344e-01 -6.562095e-02 7.165576e-01 7.535865e+02
7.174615e-01 7.762001e-02 -6.922602e-01 2.152217e+02 -6.459400e-03 9.944712e-01 1.048110e-01 -3.260800e+01 6.965683e-01 -7.072628e-02 7.139961e-01 7.545776e+02
7.160476e-01 8.607031e-02 -6.927248e-01 2.142242e+02 -9.635685e-03 9.934935e-01 1.134804e-01 -3.248370e+01 6.979849e-01 -7.458249e-02 7.122180e-01 7.555796e+02
7.144484e-01 9.547179e-02 -6.931440e-01 2.132519e+02 -1.712612e-02 9.927364e-01 1.190843e-01 -3.235087e+01 6.994785e-01 -7.320874e-02 7.108940e-01 7.565553e+02
7.131715e-01 9.867218e-02 -6.940102e-01 2.122776e+02 -2.465258e-02 9.929616e-01 1.158429e-01 -3.222112e+01 7.005559e-01 -6.550673e-02 7.105844e-01 7.575152e+02
7.321226e-01 1.058353e-01 -6.729007e-01 2.113133e+02 -2.740830e-02 9.916330e-01 1.261457e-01 -3.208242e+01 6.806212e-01 -7.391107e-02 7.288978e-01 7.584613e+02
7.306814e-01 1.045719e-01 -6.746624e-01 2.103770e+02 -2.791858e-02 9.919500e-01 1.235144e-01 -3.193395e+01 6.821475e-01 -7.141408e-02 7.277189e-01 7.594536e+02
7.290346e-01 1.051792e-01 -6.763475e-01 2.094586e+02 -2.808966e-02 9.918882e-01 1.239712e-01 -3.178277e+01 6.839002e-01 -7.138094e-02 7.260752e-01 7.604491e+02
7.276338e-01 1.065247e-01 -6.776441e-01 2.085055e+02 -2.757466e-02 9.916124e-01 1.262712e-01 -3.164576e+01 6.854113e-01 -7.319340e-02 7.244681e-01 7.614560e+02
7.262929e-01 1.070750e-01 -6.789945e-01 2.075558e+02 -2.649959e-02 9.914203e-01 1.279979e-01 -3.148663e+01 6.868743e-01 -7.497091e-02 7.228990e-01 7.624595e+02
7.249040e-01 1.069455e-01 -6.804975e-01 2.066073e+02 -2.569141e-02 9.913850e-01 1.284359e-01 -3.133657e+01 6.883706e-01 -7.562080e-02 7.214065e-01 7.634477e+02
7.235422e-01 1.068985e-01 -6.819526e-01 2.056479e+02 -2.513902e-02 9.913614e-01 1.287272e-01 -3.117702e+01 6.898222e-01 -7.599594e-02 7.199791e-01 7.644484e+02
7.220207e-01 1.072101e-01 -6.835146e-01 2.046904e+02 -2.621503e-02 9.914511e-01 1.278185e-01 -3.101633e+01 6.913747e-01 -7.436922e-02 7.186587e-01 7.654471e+02
7.201833e-01 1.076617e-01 -6.853794e-01 2.037288e+02 -2.723488e-02 9.915118e-01 1.271321e-01 -3.085755e+01 6.932491e-01 -7.289217e-02 7.170024e-01 7.664377e+02
7.178682e-01 1.092365e-01 -6.875556e-01 2.027649e+02 -2.730992e-02 9.912716e-01 1.289759e-01 -3.069945e+01 6.956432e-01 -7.381064e-02 7.145856e-01 7.674345e+02
7.062208e-01 1.094012e-01 -6.994880e-01 2.017618e+02 -2.089977e-02 9.907800e-01 1.338589e-01 -3.053269e+01 7.076831e-01 -7.991478e-02 7.019959e-01 7.684645e+02
7.025951e-01 1.114902e-01 -7.028016e-01 2.007871e+02 -1.934279e-02 9.902771e-01 1.377573e-01 -3.037272e+01 7.113270e-01 -8.319347e-02 6.979203e-01 7.694311e+02
6.986017e-01 1.105595e-01 -7.069175e-01 1.998230e+02 -1.890965e-02 9.904977e-01 1.362233e-01 -3.020864e+01 7.152609e-01 -8.179823e-02 6.940540e-01 7.703726e+02
6.946160e-01 1.083638e-01 -7.111722e-01 1.988641e+02 -1.958002e-02 9.910711e-01 1.318888e-01 -3.004963e+01 7.191142e-01 -7.768729e-02 6.905356e-01 7.712862e+02
6.907127e-01 1.060381e-01 -7.153125e-01 1.978971e+02 -1.769608e-02 9.913726e-01 1.298738e-01 -2.990698e+01 7.229128e-01 -7.704726e-02 6.866301e-01 7.721930e+02
6.862555e-01 1.072485e-01 -7.194103e-01 1.969058e+02 -2.031001e-02 9.915095e-01 1.284386e-01 -2.974582e+01 7.270770e-01 -7.353048e-02 6.826070e-01 7.731265e+02
6.815279e-01 1.091368e-01 -7.236082e-01 1.959167e+02 -2.180012e-02 9.914057e-01 1.289944e-01 -2.959407e+01 7.314673e-01 -7.213854e-02 6.780499e-01 7.740442e+02
6.759901e-01 1.105993e-01 -7.285638e-01 1.949089e+02 -2.233050e-02 9.912935e-01 1.297638e-01 -2.943486e+01 7.365723e-01 -7.144983e-02 6.725743e-01 7.749791e+02
6.699376e-01 1.145295e-01 -7.335302e-01 1.938980e+02 -2.438268e-02 9.908906e-01 1.324435e-01 -2.928236e+01 7.420169e-01 -7.084344e-02 6.666274e-01 7.758913e+02
6.642612e-01 1.177047e-01 -7.381752e-01 1.928868e+02 -2.550969e-02 9.905190e-01 1.349864e-01 -2.911832e+01 7.470651e-01 -7.083561e-02 6.609660e-01 7.767839e+02
6.484022e-01 1.135604e-01 -7.527806e-01 1.918536e+02 -2.365104e-02 9.913395e-01 1.291765e-01 -2.894884e+01 7.609305e-01 -6.595424e-02 6.454725e-01 7.776700e+02
6.425147e-01 1.113369e-01 -7.581417e-01 1.907895e+02 -2.260510e-02 9.917115e-01 1.264803e-01 -2.879574e+01 7.659398e-01 -6.412757e-02 6.397061e-01 7.785692e+02
6.362856e-01 1.111692e-01 -7.634016e-01 1.897299e+02 -2.439680e-02 9.919673e-01 1.241193e-01 -2.863796e+01 7.710677e-01 -6.035079e-02 6.338867e-01 7.794479e+02
6.299197e-01 1.134697e-01 -7.683266e-01 1.886646e+02 -2.418425e-02 9.916559e-01 1.266242e-01 -2.848645e+01 7.762836e-01 -6.118166e-02 6.274078e-01 7.803183e+02
6.235173e-01 1.181630e-01 -7.728284e-01 1.875967e+02 -2.489258e-02 9.910116e-01 1.314393e-01 -2.833055e+01 7.814132e-01 -6.271696e-02 6.208543e-01 7.811753e+02
6.168838e-01 1.215513e-01 -7.776115e-01 1.865196e+02 -2.571571e-02 9.905877e-01 1.344420e-01 -2.816739e+01 7.866340e-01 -6.293828e-02 6.142033e-01 7.820296e+02
6.104893e-01 1.216814e-01 -7.826215e-01 1.854454e+02 -2.552073e-02 9.906370e-01 1.341159e-01 -2.800404e+01 7.916132e-01 -6.190323e-02 6.078787e-01 7.828483e+02
6.038163e-01 1.207419e-01 -7.879259e-01 1.843428e+02 -2.461744e-02 9.908147e-01 1.329673e-01 -2.784600e+01 7.967433e-01 -6.089112e-02 6.012424e-01 7.836883e+02
5.967362e-01 1.195585e-01 -7.934807e-01 1.832519e+02 -2.381418e-02 9.910411e-01 1.314167e-01 -2.768316e+01 8.020840e-01 -5.952502e-02 5.942373e-01 7.844946e+02
5.893141e-01 1.198437e-01 -7.989658e-01 1.821532e+02 -2.265064e-02 9.909987e-01 1.319414e-01 -2.752779e+01 8.075864e-01 -5.965781e-02 5.867240e-01 7.852874e+02
5.623113e-01 1.125508e-01 -8.192303e-01 1.810171e+02 -1.814944e-02 9.921352e-01 1.238480e-01 -2.736275e+01 8.267264e-01 -5.477255e-02 5.599316e-01 7.861065e+02
5.537277e-01 1.124685e-01 -8.250675e-01 1.798556e+02 -1.735370e-02 9.921802e-01 1.236018e-01 -2.720736e+01 8.325169e-01 -5.412374e-02 5.513494e-01 7.868846e+02
5.454258e-01 1.106528e-01 -8.308229e-01 1.787006e+02 -1.690533e-02 9.924979e-01 1.210873e-01 -2.705099e+01 8.379886e-01 -5.199879e-02 5.432046e-01 7.876295e+02
5.370539e-01 1.075287e-01 -8.366664e-01 1.775632e+02 -1.523804e-02 9.929170e-01 1.178289e-01 -2.690782e+01 8.434103e-01 -5.053129e-02 5.348884e-01 7.883526e+02
5.289324e-01 1.059210e-01 -8.420281e-01 1.764252e+02 -1.527476e-02 9.932082e-01 1.153433e-01 -2.676213e+01 8.485265e-01 -4.814704e-02 5.269579e-01 7.890462e+02
5.207388e-01 1.074177e-01 -8.469313e-01 1.752288e+02 -1.463622e-02 9.930301e-01 1.169485e-01 -2.661847e+01 8.535906e-01 -4.850374e-02 5.186815e-01 7.897707e+02
5.125020e-01 1.113459e-01 -8.514363e-01 1.740416e+02 -1.740346e-02 9.927004e-01 1.193441e-01 -2.647293e+01 8.585096e-01 -4.634613e-02 5.106988e-01 7.904568e+02
5.046222e-01 1.102148e-01 -8.562763e-01 1.728492e+02 -1.653866e-02 9.928700e-01 1.180497e-01 -2.633400e+01 8.631819e-01 -4.540883e-02 5.028470e-01 7.911446e+02
4.962549e-01 1.066207e-01 -8.616049e-01 1.716316e+02 -1.713405e-02 9.934397e-01 1.130661e-01 -2.617795e+01 8.680078e-01 -4.134685e-02 4.948262e-01 7.918380e+02
4.878589e-01 1.063062e-01 -8.664252e-01 1.703999e+02 -1.608421e-02 9.934831e-01 1.128391e-01 -2.602604e+01 8.727743e-01 -4.111379e-02 4.863895e-01 7.925305e+02
4.651266e-01 1.027181e-01 -8.792646e-01 1.691733e+02 -9.459086e-03 9.937653e-01 1.110906e-01 -2.588594e+01 8.851937e-01 -4.335415e-02 4.631982e-01 7.931846e+02
4.567881e-01 1.064572e-01 -8.831826e-01 1.679369e+02 -1.113819e-02 9.934201e-01 1.139843e-01 -2.574124e+01 8.895058e-01 -4.222959e-02 4.549682e-01 7.937994e+02
4.483770e-01 1.111146e-01 -8.869113e-01 1.667230e+02 -1.351005e-02 9.929724e-01 1.175723e-01 -2.560009e+01 8.937424e-01 -4.073448e-02 4.467271e-01 7.944011e+02
4.398258e-01 1.122589e-01 -8.910394e-01 1.655298e+02 -1.613922e-02 9.929847e-01 1.171361e-01 -2.545895e+01 8.979381e-01 -3.713880e-02 4.385521e-01 7.949798e+02
4.311682e-01 1.105776e-01 -8.954700e-01 1.643054e+02 -1.679641e-02 9.932735e-01 1.145674e-01 -2.533083e+01 9.021152e-01 -3.435716e-02 4.301252e-01 7.955585e+02
4.224563e-01 1.086482e-01 -8.998479e-01 1.629725e+02 -1.985409e-02 9.936606e-01 1.106542e-01 -2.517673e+01 9.061658e-01 -2.888091e-02 4.219353e-01 7.961947e+02
4.137531e-01 1.093518e-01 -9.037978e-01 1.617179e+02 -1.916370e-02 9.935861e-01 1.114424e-01 -2.504607e+01 9.101874e-01 -2.878954e-02 4.131950e-01 7.967737e+02
4.048556e-01 1.106280e-01 -9.076637e-01 1.604719e+02 -1.659816e-02 9.933797e-01 1.136718e-01 -2.492057e+01 9.142300e-01 -3.095511e-02 4.040116e-01 7.973281e+02
3.956281e-01 1.102465e-01 -9.117698e-01 1.592139e+02 -1.325707e-02 9.933511e-01 1.143585e-01 -2.480525e+01 9.183151e-01 -3.315606e-02 3.944592e-01 7.978776e+02
3.862513e-01 1.093465e-01 -9.158893e-01 1.579861e+02 -7.688071e-03 9.932957e-01 1.153457e-01 -2.469321e+01 9.223615e-01 -3.751099e-02 3.845024e-01 7.983880e+02
3.727510e-01 1.048256e-01 -9.219915e-01 1.567504e+02 -2.142019e-03 9.936933e-01 1.121117e-01 -2.456372e+01 9.279289e-01 -3.981484e-02 3.706247e-01 7.988802e+02
3.631199e-01 1.041665e-01 -9.259013e-01 1.554973e+02 -1.490644e-03 9.937947e-01 1.112201e-01 -2.442088e+01 9.317412e-01 -3.900603e-02 3.610219e-01 7.993728e+02
3.526706e-01 1.014310e-01 -9.302339e-01 1.541813e+02 5.858336e-04 9.940837e-01 1.086152e-01 -2.429338e+01 9.357473e-01 -3.885034e-02 3.505247e-01 7.998947e+02
3.426777e-01 1.016170e-01 -9.339411e-01 1.529279e+02 5.011660e-04 9.941129e-01 1.083478e-01 -2.416445e+01 9.394529e-01 -3.759645e-02 3.406094e-01 8.003393e+02
3.328050e-01 1.023460e-01 -9.374253e-01 1.516609e+02 -6.180299e-04 9.941163e-01 1.083160e-01 -2.404112e+01 9.429955e-01 -3.546875e-02 3.309101e-01 8.007809e+02
3.227732e-01 1.045674e-01 -9.406823e-01 1.503890e+02 -6.151881e-03 9.940890e-01 1.083933e-01 -2.391252e+01 9.464564e-01 -2.919950e-02 3.215086e-01 8.012086e+02
3.138666e-01 1.069577e-01 -9.434235e-01 1.490927e+02 -9.472440e-03 9.939380e-01 1.095333e-01 -2.378080e+01 9.494198e-01 -2.544231e-02 3.129771e-01 8.016332e+02
3.054287e-01 1.104723e-01 -9.457849e-01 1.477934e+02 -1.054233e-02 9.935788e-01 1.126503e-01 -2.365776e+01 9.521566e-01 -2.443587e-02 3.046321e-01 8.020476e+02
2.972655e-01 1.124810e-01 -9.481462e-01 1.465164e+02 -8.751416e-03 9.933158e-01 1.150959e-01 -2.353009e+01 9.547548e-01 -2.591641e-02 2.962629e-01 8.024359e+02
2.885292e-01 1.144613e-01 -9.506048e-01 1.452222e+02 -8.179015e-03 9.930871e-01 1.170941e-01 -2.339265e+01 9.574362e-01 -2.601004e-02 2.874708e-01 8.028329e+02
2.773095e-01 1.079865e-01 -9.546928e-01 1.439287e+02 -5.864841e-03 9.938354e-01 1.107104e-01 -2.324911e+01 9.607627e-01 -2.510193e-02 2.762333e-01 8.032069e+02
2.694277e-01 1.052643e-01 -9.572503e-01 1.426557e+02 -4.384035e-03 9.941319e-01 1.080861e-01 -2.313336e+01 9.630106e-01 -2.492478e-02 2.683082e-01 8.035582e+02
2.614207e-01 1.050498e-01 -9.594914e-01 1.413770e+02 -7.358507e-03 9.942479e-01 1.068502e-01 -2.300670e+01 9.651969e-01 -2.087244e-02 2.606900e-01 8.038938e+02
2.534874e-01 1.092232e-01 -9.611527e-01 1.400858e+02 -1.002019e-02 9.938483e-01 1.102960e-01 -2.288049e+01 9.672868e-01 -1.832770e-02 2.530224e-01 8.042254e+02
2.461445e-01 1.138561e-01 -9.625226e-01 1.387776e+02 -5.255814e-03 9.932186e-01 1.161430e-01 -2.277140e+01 9.692189e-01 -2.352912e-02 2.450737e-01 8.045560e+02
2.391660e-01 1.166665e-01 -9.639443e-01 1.374882e+02 -7.541965e-03 9.929486e-01 1.183057e-01 -2.263482e+01 9.709494e-01 -2.102466e-02 2.383594e-01 8.048580e+02
2.321261e-01 1.158721e-01 -9.657593e-01 1.362007e+02 -7.581158e-03 9.930645e-01 1.173260e-01 -2.249761e+01 9.726561e-01 -1.991286e-02 2.313947e-01 8.051565e+02
2.259281e-01 1.156072e-01 -9.672598e-01 1.349254e+02 -6.807248e-03 9.930962e-01 1.171051e-01 -2.236537e+01 9.741202e-01 -1.987296e-02 2.251553e-01 8.054342e+02
2.207061e-01 1.143463e-01 -9.686143e-01 1.336509e+02 -3.890426e-03 9.931992e-01 1.163621e-01 -2.224896e+01 9.753326e-01 -2.191351e-02 2.196500e-01 8.057039e+02
2.160680e-01 1.134559e-01 -9.697641e-01 1.323578e+02 -7.364735e-03 9.933869e-01 1.145787e-01 -2.210663e+01 9.763506e-01 -1.761473e-02 2.154746e-01 8.059998e+02
2.016310e-01 1.082075e-01 -9.734660e-01 1.311195e+02 -4.452146e-03 9.939697e-01 1.095645e-01 -2.197145e+01 9.794514e-01 -1.775758e-02 2.008968e-01 8.062424e+02
1.987810e-01 1.088780e-01 -9.739773e-01 1.298812e+02 -4.335299e-03 9.938978e-01 1.102200e-01 -2.184426e+01 9.800343e-01 -1.768716e-02 1.980400e-01 8.064677e+02
1.961237e-01 1.127173e-01 -9.740792e-01 1.285677e+02 -1.481899e-03 9.934042e-01 1.146552e-01 -2.171160e+01 9.805780e-01 -2.104311e-02 1.949971e-01 8.067395e+02
1.927097e-01 1.160977e-01 -9.743635e-01 1.272764e+02 -6.586316e-04 9.929911e-01 1.181869e-01 -2.157331e+01 9.812556e-01 -2.213402e-02 1.914355e-01 8.070057e+02
1.905980e-01 1.155292e-01 -9.748463e-01 1.260157e+02 5.939818e-04 9.930370e-01 1.178011e-01 -2.144697e+01 9.816680e-01 -2.303170e-02 1.892023e-01 8.072318e+02
1.882379e-01 1.113907e-01 -9.757861e-01 1.247686e+02 -1.077079e-04 9.935497e-01 1.133977e-01 -2.132360e+01 9.821235e-01 -2.124065e-02 1.870357e-01 8.074528e+02
1.855836e-01 1.078876e-01 -9.766878e-01 1.235288e+02 4.222499e-04 9.939454e-01 1.098741e-01 -2.120935e+01 9.826284e-01 -2.080324e-02 1.844144e-01 8.076729e+02
1.839596e-01 1.075554e-01 -9.770316e-01 1.223086e+02 2.066906e-04 9.939910e-01 1.094612e-01 -2.108400e+01 9.829338e-01 -2.033839e-02 1.828320e-01 8.078739e+02
1.819282e-01 1.096088e-01 -9.771837e-01 1.210099e+02 8.987723e-04 9.937490e-01 1.116343e-01 -2.096512e+01 9.833114e-01 -2.118769e-02 1.806925e-01 8.081285e+02
1.803812e-01 1.118072e-01 -9.772215e-01 1.197625e+02 1.505571e-03 9.934858e-01 1.139460e-01 -2.083770e+01 9.835956e-01 -2.202499e-02 1.790378e-01 8.083474e+02
1.544445e-01 1.098241e-01 -9.818786e-01 1.185323e+02 8.699887e-03 9.936131e-01 1.125051e-01 -2.071813e+01 9.879632e-01 -2.591802e-02 1.525026e-01 8.085513e+02
1.535802e-01 1.081286e-01 -9.822023e-01 1.172948e+02 1.016358e-02 9.937694e-01 1.109912e-01 -2.060726e+01 9.880839e-01 -2.702874e-02 1.515243e-01 8.087293e+02
1.527532e-01 1.040042e-01 -9.827765e-01 1.160211e+02 8.390095e-03 9.942746e-01 1.065250e-01 -2.048079e+01 9.882288e-01 -2.451763e-02 1.510060e-01 8.089161e+02
1.518543e-01 1.043732e-01 -9.828766e-01 1.147561e+02 5.599432e-03 9.943021e-01 1.064516e-01 -2.036251e+01 9.883870e-01 -2.166869e-02 1.504046e-01 8.091022e+02
1.518840e-01 1.059131e-01 -9.827073e-01 1.134970e+02 4.610403e-03 9.941555e-01 1.078595e-01 -2.025546e+01 9.883876e-01 -2.091281e-02 1.505080e-01 8.092862e+02
1.517762e-01 1.050555e-01 -9.828160e-01 1.121840e+02 2.814909e-03 9.942855e-01 1.067162e-01 -2.014205e+01 9.884109e-01 -1.896352e-02 1.506131e-01 8.094875e+02
1.525169e-01 1.012084e-01 -9.831050e-01 1.109292e+02 2.489182e-03 9.947001e-01 1.027883e-01 -2.002640e+01 9.882977e-01 -1.812408e-02 1.514567e-01 8.096650e+02
1.526672e-01 1.025112e-01 -9.829467e-01 1.096449e+02 1.987031e-03 9.945719e-01 1.040322e-01 -1.990290e+01 9.882757e-01 -1.783544e-02 1.516348e-01 8.098581e+02
1.533065e-01 1.054026e-01 -9.825413e-01 1.083824e+02 7.105769e-03 9.941519e-01 1.077568e-01 -1.979048e+01 9.881531e-01 -2.350153e-02 1.516609e-01 8.100430e+02
1.532995e-01 1.030465e-01 -9.827923e-01 1.071334e+02 1.166463e-02 9.942901e-01 1.060716e-01 -1.967788e+01 9.881109e-01 -2.772463e-02 1.512222e-01 8.102272e+02
1.462604e-01 1.006524e-01 -9.841123e-01 1.058483e+02 1.584680e-02 9.944443e-01 1.040643e-01 -1.955781e+01 9.891192e-01 -3.081551e-02 1.438528e-01 8.104305e+02
1.459861e-01 9.969004e-02 -9.842510e-01 1.046091e+02 1.859833e-02 9.944574e-01 1.034823e-01 -1.944980e+01 9.891118e-01 -3.341240e-02 1.433228e-01 8.105921e+02
1.452665e-01 9.895491e-02 -9.844316e-01 1.033343e+02 1.606504e-02 9.946188e-01 1.023495e-01 -1.933597e+01 9.892621e-01 -3.068289e-02 1.428951e-01 8.107737e+02
1.447101e-01 9.546114e-02 -9.848585e-01 1.020830e+02 1.349604e-02 9.950522e-01 9.843225e-02 -1.923577e+01 9.893821e-01 -2.753582e-02 1.427057e-01 8.109368e+02
1.437860e-01 9.317355e-02 -9.852128e-01 1.008425e+02 1.094822e-02 9.953471e-01 9.572980e-02 -1.913530e+01 9.895482e-01 -2.455093e-02 1.420969e-01 8.110979e+02
1.423670e-01 9.339929e-02 -9.853975e-01 9.958678e+01 6.737444e-03 9.954236e-01 9.532300e-02 -1.903737e+01 9.897910e-01 -2.020991e-02 1.410861e-01 8.112705e+02
1.413720e-01 9.350814e-02 -9.855304e-01 9.835723e+01 2.035958e-03 9.954994e-01 9.474607e-02 -1.894647e+01 9.899544e-01 -1.540094e-02 1.405454e-01 8.114327e+02
1.403718e-01 8.902955e-02 -9.860880e-01 9.708402e+01 -3.256461e-03 9.959851e-01 8.945956e-02 -1.884727e+01 9.900935e-01 -9.346442e-03 1.400982e-01 8.115968e+02
1.387837e-01 8.268086e-02 -9.868652e-01 9.583510e+01 -9.394541e-03 9.965738e-01 8.217310e-02 -1.876037e+01 9.902782e-01 -2.133137e-03 1.390849e-01 8.117571e+02
1.370312e-01 7.862923e-02 -9.874411e-01 9.459669e+01 -1.244629e-02 9.969026e-01 7.765542e-02 -1.868015e+01 9.904885e-01 1.648762e-03 1.375854e-01 8.119151e+02
1.392288e-01 7.707553e-02 -9.872562e-01 9.343006e+01 -1.551433e-02 9.970138e-01 7.564939e-02 -1.860164e+01 9.901387e-01 4.784045e-03 1.400088e-01 8.120551e+02
1.366389e-01 7.594636e-02 -9.877054e-01 9.216675e+01 -1.854269e-02 9.970783e-01 7.410187e-02 -1.852344e+01 9.904474e-01 8.189518e-03 1.376480e-01 8.122308e+02
1.343477e-01 7.642031e-02 -9.879831e-01 9.090382e+01 -1.441309e-02 9.970671e-01 7.516304e-02 -1.846847e+01 9.908294e-01 4.141913e-03 1.350551e-01 8.124046e+02
1.313045e-01 7.914158e-02 -9.881780e-01 8.964371e+01 -1.324125e-02 9.968594e-01 7.807742e-02 -1.839179e+01 9.912536e-01 2.832790e-03 1.319401e-01 8.125770e+02
1.278671e-01 8.543352e-02 -9.881048e-01 8.838873e+01 -1.638650e-02 9.963290e-01 8.402408e-02 -1.830734e+01 9.916559e-01 5.447663e-03 1.287977e-01 8.127296e+02
1.243979e-01 9.139703e-02 -9.880140e-01 8.714951e+01 -1.918516e-02 9.957840e-01 8.970025e-02 -1.821977e+01 9.920469e-01 7.796686e-03 1.256269e-01 8.128767e+02
1.221268e-01 9.366506e-02 -9.880850e-01 8.591613e+01 -1.914984e-02 9.955741e-01 9.200808e-02 -1.813081e+01 9.923297e-01 7.685012e-03 1.233800e-01 8.130122e+02
1.200973e-01 9.506663e-02 -9.881999e-01 8.467207e+01 -1.837083e-02 9.954469e-01 9.353118e-02 -1.803210e+01 9.925921e-01 6.921204e-03 1.212970e-01 8.131579e+02
1.176243e-01 1.022326e-01 -9.877819e-01 8.342045e+01 -1.613024e-02 9.947523e-01 1.010333e-01 -1.792269e+01 9.929272e-01 4.049186e-03 1.186561e-01 8.133089e+02
1.162313e-01 1.093347e-01 -9.871860e-01 8.216587e+01 -7.970422e-03 9.939933e-01 1.091502e-01 -1.781107e+01 9.931902e-01 -4.818375e-03 1.164045e-01 8.134584e+02
1.153454e-01 1.126163e-01 -9.869210e-01 8.090157e+01 -2.040967e-03 9.935773e-01 1.131373e-01 -1.768292e+01 9.933233e-01 -1.103559e-02 1.148344e-01 8.136151e+02
1.153415e-01 1.173369e-01 -9.863713e-01 7.962542e+01 2.098556e-03 9.929677e-01 1.183669e-01 -1.754662e+01 9.933237e-01 -1.572258e-02 1.142841e-01 8.137607e+02
1.154313e-01 1.218149e-01 -9.858178e-01 7.830667e+01 8.395856e-03 9.922968e-01 1.235986e-01 -1.740980e+01 9.932800e-01 -2.254393e-02 1.135194e-01 8.139225e+02
1.157349e-01 1.192948e-01 -9.860904e-01 7.703400e+01 1.277080e-02 9.925008e-01 1.215692e-01 -1.727450e+01 9.931980e-01 -2.666296e-02 1.133435e-01 8.140746e+02
1.168682e-01 1.114105e-01 -9.868787e-01 7.577801e+01 1.653942e-02 9.933319e-01 1.140977e-01 -1.714451e+01 9.930097e-01 -2.965678e-02 1.142462e-01 8.142086e+02
1.182598e-01 1.060666e-01 -9.873016e-01 7.449892e+01 2.000231e-02 9.938226e-01 1.091631e-01 -1.700993e+01 9.927812e-01 -3.265791e-02 1.154077e-01 8.143557e+02
1.200802e-01 1.077924e-01 -9.868949e-01 7.324519e+01 1.841392e-02 9.936751e-01 1.107735e-01 -1.687596e+01 9.925934e-01 -3.147431e-02 1.173359e-01 8.144651e+02
1.224995e-01 1.068842e-01 -9.866963e-01 7.197000e+01 1.987143e-02 9.937205e-01 1.101122e-01 -1.674390e+01 9.922696e-01 -3.309575e-02 1.196063e-01 8.146156e+02
1.249146e-01 1.015544e-01 -9.869565e-01 7.072887e+01 1.807916e-02 9.943497e-01 1.046033e-01 -1.662624e+01 9.920028e-01 -3.090983e-02 1.223728e-01 8.147188e+02
1.270366e-01 9.637796e-02 -9.872046e-01 6.944219e+01 1.781816e-02 9.948859e-01 9.942076e-02 -1.650830e+01 9.917380e-01 -3.022025e-02 1.246697e-01 8.148782e+02
1.284748e-01 9.861721e-02 -9.867973e-01 6.812255e+01 1.708073e-02 9.946758e-01 1.016284e-01 -1.637818e+01 9.915657e-01 -2.991190e-02 1.261063e-01 8.150572e+02
1.316202e-01 1.029004e-01 -9.859450e-01 6.683952e+01 1.868577e-02 9.941636e-01 1.062526e-01 -1.626281e+01 9.911241e-01 -3.240813e-02 1.289292e-01 8.152021e+02
1.345201e-01 9.978862e-02 -9.858735e-01 6.554362e+01 2.215060e-02 9.943650e-01 1.036705e-01 -1.614542e+01 9.906633e-01 -3.578346e-02 1.315517e-01 8.153785e+02
1.366616e-01 9.250830e-02 -9.862889e-01 6.428004e+01 1.963124e-02 9.951817e-01 9.606253e-02 -1.603739e+01 9.904232e-01 -3.249014e-02 1.341871e-01 8.155334e+02
1.395966e-01 8.737844e-02 -9.863457e-01 6.300227e+01 1.729801e-02 9.957318e-01 9.065812e-02 -1.593212e+01 9.900574e-01 -2.971738e-02 1.374893e-01 8.156853e+02
1.429896e-01 8.271230e-02 -9.862620e-01 6.174548e+01 1.822709e-02 9.961127e-01 8.618102e-02 -1.583725e+01 9.895563e-01 -3.029968e-02 1.409261e-01 8.158463e+02
1.460057e-01 8.122081e-02 -9.859440e-01 6.046075e+01 1.703123e-02 9.962700e-01 8.459356e-02 -1.573715e+01 9.891371e-01 -2.914298e-02 1.440778e-01 8.160153e+02
1.478206e-01 8.316711e-02 -9.855112e-01 5.918216e+01 2.053872e-02 9.959851e-01 8.713168e-02 -1.564830e+01 9.888009e-01 -3.312100e-02 1.455190e-01 8.161922e+02
1.483835e-01 8.312879e-02 -9.854298e-01 5.786007e+01 2.354591e-02 9.958813e-01 8.755593e-02 -1.554477e+01 9.886495e-01 -3.619470e-02 1.458150e-01 8.164085e+02
1.504469e-01 7.715070e-02 -9.856031e-01 5.660645e+01 2.736265e-02 9.962434e-01 8.216035e-02 -1.545501e+01 9.882394e-01 -3.932949e-02 1.477707e-01 8.165607e+02
1.505026e-01 6.983764e-02 -9.861398e-01 5.532170e+01 2.594622e-02 9.968791e-01 7.455805e-02 -1.536393e+01 9.882691e-01 -3.680778e-02 1.482209e-01 8.167496e+02
1.508762e-01 6.641712e-02 -9.863190e-01 5.404012e+01 2.608856e-02 9.971254e-01 7.113555e-02 -1.529242e+01 9.882084e-01 -3.646430e-02 1.487098e-01 8.169305e+02
1.512116e-01 6.953119e-02 -9.860530e-01 5.274592e+01 2.506299e-02 9.969327e-01 7.414179e-02 -1.521173e+01 9.881836e-01 -3.592453e-02 1.490051e-01 8.171242e+02
1.519008e-01 7.511520e-02 -9.855373e-01 5.145094e+01 2.455832e-02 9.965134e-01 7.973694e-02 -1.513460e+01 9.880906e-01 -3.631525e-02 1.495265e-01 8.173131e+02
1.525037e-01 7.769270e-02 -9.852444e-01 5.016856e+01 2.129846e-02 9.964154e-01 8.187034e-02 -1.504405e+01 9.880734e-01 -3.346971e-02 1.503023e-01 8.174887e+02
1.534817e-01 7.618229e-02 -9.852104e-01 4.889860e+01 1.845787e-02 9.966287e-01 7.994069e-02 -1.495877e+01 9.879791e-01 -3.045432e-02 1.515582e-01 8.176597e+02
1.548599e-01 7.314151e-02 -9.852252e-01 4.761897e+01 1.613943e-02 9.969353e-01 7.654768e-02 -1.487460e+01 9.878046e-01 -2.775514e-02 1.532049e-01 8.178501e+02
1.569923e-01 7.254086e-02 -9.849321e-01 4.634869e+01 1.121448e-02 9.971035e-01 7.522482e-02 -1.479586e+01 9.875361e-01 -2.285522e-02 1.557241e-01 8.180236e+02
1.597710e-01 7.473258e-02 -9.843212e-01 4.508176e+01 9.895251e-03 9.969589e-01 7.729823e-02 -1.472313e+01 9.871045e-01 -2.209012e-02 1.585457e-01 8.182019e+02
1.624798e-01 7.559652e-02 -9.838117e-01 4.378731e+01 8.632945e-03 9.969137e-01 7.802905e-02 -1.463602e+01 9.866741e-01 -2.117134e-02 1.613258e-01 8.184137e+02
1.667599e-01 7.358287e-02 -9.832480e-01 4.251520e+01 1.105006e-02 9.970094e-01 7.648682e-02 -1.454643e+01 9.859356e-01 -2.361988e-02 1.654481e-01 8.186182e+02
1.707575e-01 7.061711e-02 -9.827793e-01 4.122464e+01 1.326366e-02 9.971733e-01 7.395594e-02 -1.446518e+01 9.852238e-01 -2.566379e-02 1.693382e-01 8.188337e+02
1.764751e-01 6.853324e-02 -9.819164e-01 3.994308e+01 1.654107e-02 9.972258e-01 7.257462e-02 -1.439734e+01 9.841661e-01 -2.904956e-02 1.748520e-01 8.190288e+02
1.840827e-01 6.973873e-02 -9.804336e-01 3.868682e+01 1.731051e-02 9.970951e-01 7.417403e-02 -1.432744e+01 9.827583e-01 -3.062596e-02 1.823407e-01 8.192187e+02
1.938146e-01 7.074265e-02 -9.784842e-01 3.746377e+01 1.477432e-02 9.970731e-01 7.501304e-02 -1.428040e+01 9.809269e-01 -2.899506e-02 1.922021e-01 8.194093e+02
2.047633e-01 6.765834e-02 -9.764703e-01 3.622938e+01 1.251330e-02 9.973457e-01 7.172877e-02 -1.420232e+01 9.787315e-01 -2.690629e-02 2.033732e-01 8.196199e+02
2.149196e-01 6.660009e-02 -9.743582e-01 3.495359e+01 9.504688e-03 9.974822e-01 7.027718e-02 -1.412527e+01 9.765855e-01 -2.436492e-02 2.137455e-01 8.198799e+02
2.263421e-01 7.050501e-02 -9.714928e-01 3.369074e+01 7.207362e-03 9.972283e-01 7.405193e-02 -1.404500e+01 9.740212e-01 -2.376297e-02 2.252066e-01 8.201441e+02
2.376884e-01 7.249666e-02 -9.686323e-01 3.241473e+01 7.109213e-03 9.970543e-01 7.636839e-02 -1.396716e+01 9.713155e-01 -2.503809e-02 2.364728e-01 8.204462e+02
2.500375e-01 6.968502e-02 -9.657252e-01 3.113094e+01 5.711850e-03 9.972832e-01 7.344105e-02 -1.388245e+01 9.682193e-01 -2.387909e-02 2.489602e-01 8.207533e+02
2.606200e-01 6.787517e-02 -9.630525e-01 2.985827e+01 4.566486e-03 9.974277e-01 7.153369e-02 -1.380141e+01 9.654307e-01 -2.304087e-02 2.596396e-01 8.211074e+02
2.715075e-01 6.994567e-02 -9.598913e-01 2.856790e+01 4.422833e-03 9.972544e-01 7.391927e-02 -1.372126e+01 9.624262e-01 -2.431507e-02 2.704527e-01 8.214717e+02
2.829190e-01 6.981884e-02 -9.565993e-01 2.727987e+01 3.311796e-03 9.972700e-01 7.376674e-02 -1.364638e+01 9.591381e-01 -2.403808e-02 2.819154e-01 8.218448e+02
2.943303e-01 6.177219e-02 -9.537053e-01 2.601047e+01 1.324262e-03 9.978816e-01 6.504221e-02 -1.357513e+01 9.557028e-01 -2.040685e-02 2.936250e-01 8.222321e+02
3.055726e-01 5.227187e-02 -9.507329e-01 2.475365e+01 -2.205175e-03 9.985282e-01 5.419092e-02 -1.350614e+01 9.521662e-01 -1.446273e-02 3.052381e-01 8.226293e+02
3.181438e-01 5.078666e-02 -9.466812e-01 2.348477e+01 -1.995651e-03 9.985978e-01 5.290117e-02 -1.345234e+01 9.480404e-01 -1.494093e-02 3.177990e-01 8.230343e+02
3.301648e-01 5.220850e-02 -9.424784e-01 2.221901e+01 1.454420e-03 9.984399e-01 5.581799e-02 -1.340318e+01 9.439222e-01 -1.979989e-02 3.295737e-01 8.234790e+02
3.422930e-01 4.904385e-02 -9.383124e-01 2.096921e+01 4.277025e-03 9.985451e-01 5.375234e-02 -1.334631e+01 9.395835e-01 -2.241223e-02 3.415852e-01 8.239173e+02
3.541083e-01 4.845602e-02 -9.339482e-01 1.972791e+01 9.764294e-03 9.984108e-01 5.550268e-02 -1.329213e+01 9.351534e-01 -2.877331e-02 3.530724e-01 8.243818e+02
3.647838e-01 5.882499e-02 -9.292322e-01 1.847753e+01 3.724284e-03 9.979021e-01 6.463416e-02 -1.322945e+01 9.310848e-01 -2.703822e-02 3.637994e-01 8.248551e+02
3.757840e-01 6.573861e-02 -9.243727e-01 1.725924e+01 -2.167825e-05 9.974814e-01 7.092907e-02 -1.316259e+01 9.267073e-01 -2.663397e-02 3.748390e-01 8.253286e+02
3.856466e-01 6.246514e-02 -9.205296e-01 1.602666e+01 -5.479764e-03 9.978430e-01 6.541577e-02 -1.309216e+01 9.226303e-01 -2.018308e-02 3.851571e-01 8.258141e+02
3.929330e-01 5.583942e-02 -9.178702e-01 1.480271e+01 -5.332310e-03 9.982762e-01 5.844827e-02 -1.303177e+01 9.195517e-01 -1.807188e-02 3.925534e-01 8.263259e+02
3.989304e-01 5.398507e-02 -9.153907e-01 1.358941e+01 -1.679956e-03 9.983069e-01 5.814291e-02 -1.296757e+01 9.169797e-01 -2.165716e-02 3.983456e-01 8.268491e+02
4.032511e-01 5.716710e-02 -9.133019e-01 1.234198e+01 3.634272e-03 9.979388e-01 6.406949e-02 -1.292046e+01 9.150821e-01 -2.915528e-02 4.022122e-01 8.273882e+02
4.055811e-01 6.391781e-02 -9.118215e-01 1.112607e+01 3.741140e-04 9.975404e-01 7.009303e-02 -1.283672e+01 9.140590e-01 -2.876953e-02 4.045596e-01 8.279116e+02
4.079949e-01 7.015748e-02 -9.102846e-01 9.892495e+00 7.038005e-04 9.970187e-01 7.715770e-02 -1.277297e+01 9.129840e-01 -3.212060e-02 4.067291e-01 8.284461e+02
4.100511e-01 7.732359e-02 -9.087789e-01 8.690956e+00 -1.011116e-02 9.967240e-01 8.024414e-02 -1.267217e+01 9.120065e-01 -2.371539e-02 4.094896e-01 8.289581e+02
4.111554e-01 7.502358e-02 -9.084727e-01 7.439874e+00 -5.752996e-03 9.968012e-01 7.971424e-02 -1.259380e+01 9.115471e-01 -2.754850e-02 4.102718e-01 8.295385e+02
4.120078e-01 7.170184e-02 -9.083548e-01 6.189645e+00 8.926997e-04 9.968668e-01 7.909353e-02 -1.251480e+01 9.111799e-01 -3.339804e-02 4.106529e-01 8.301090e+02
4.113967e-01 6.649610e-02 -9.090275e-01 4.956388e+00 1.084465e-02 9.969075e-01 7.783254e-02 -1.244186e+01 9.113919e-01 -4.187814e-02 4.094033e-01 8.306765e+02
4.094006e-01 6.100255e-02 -9.103131e-01 3.728776e+00 1.612598e-02 9.971225e-01 7.407232e-02 -1.235114e+01 9.122122e-01 -4.500494e-02 4.072388e-01 8.312337e+02
4.067752e-01 5.886030e-02 -9.116301e-01 2.478216e+00 1.653592e-02 9.972842e-01 7.176907e-02 -1.226649e+01 9.133786e-01 -4.426852e-02 4.046972e-01 8.317987e+02
4.045916e-01 5.747378e-02 -9.126897e-01 1.269294e+00 1.972132e-02 9.972427e-01 7.154062e-02 -1.219980e+01 9.142848e-01 -4.694418e-02 4.023425e-01 8.323225e+02
4.022323e-01 5.715345e-02 -9.137520e-01 1.437686e-02 1.960460e-02 9.972831e-01 7.100808e-02 -1.213016e+01 9.153277e-01 -4.647548e-02 4.000190e-01 8.328785e+02
3.998913e-01 5.784069e-02 -9.147357e-01 -1.207031e+00 1.834165e-02 9.973020e-01 7.107987e-02 -1.205143e+01 9.163791e-01 -4.520198e-02 3.977514e-01 8.334019e+02
3.978177e-01 5.922490e-02 -9.155509e-01 -2.453873e+00 1.748024e-02 9.972439e-01 7.210480e-02 -1.196733e+01 9.172980e-01 -4.468862e-02 3.956860e-01 8.339363e+02
3.955452e-01 5.706939e-02 -9.166717e-01 -3.665027e+00 2.099931e-02 9.972448e-01 7.114688e-02 -1.190611e+01 9.182064e-01 -4.739128e-02 3.932570e-01 8.344369e+02
3.933785e-01 5.456960e-02 -9.177557e-01 -4.904881e+00 2.738364e-02 9.970986e-01 7.102479e-02 -1.184199e+01 9.189687e-01 -5.307112e-02 3.907428e-01 8.349702e+02
3.913780e-01 5.122059e-02 -9.188034e-01 -6.126519e+00 3.394278e-02 9.969668e-01 7.003640e-02 -1.177627e+01 9.196038e-01 -5.859745e-02 3.884523e-01 8.354837e+02
3.893522e-01 4.747668e-02 -9.198646e-01 -7.365014e+00 3.668744e-02 9.970789e-01 6.699066e-02 -1.170760e+01 9.203580e-01 -5.983044e-02 3.864731e-01 8.360011e+02
3.887427e-01 4.565617e-02 -9.202145e-01 -8.595050e+00 3.718211e-02 9.971804e-01 6.518232e-02 -1.163298e+01 9.205958e-01 -5.955467e-02 3.859490e-01 8.365086e+02
3.886211e-01 4.804179e-02 -9.201444e-01 -9.818111e+00 3.628838e-02 9.970670e-01 6.738432e-02 -1.156305e+01 9.206828e-01 -5.957751e-02 3.857379e-01 8.369974e+02
3.884691e-01 5.154339e-02 -9.200190e-01 -1.105617e+01 3.384782e-02 9.969623e-01 7.014600e-02 -1.150334e+01 9.208399e-01 -5.839020e-02 3.855445e-01 8.374993e+02
3.890290e-01 5.733788e-02 -9.194394e-01 -1.231386e+01 3.004949e-02 9.967402e-01 7.487291e-02 -1.141625e+01 9.207353e-01 -5.675642e-02 3.860379e-01 8.380277e+02
3.914364e-01 5.903556e-02 -9.183095e-01 -1.353189e+01 2.909988e-02 9.966467e-01 7.647568e-02 -1.134863e+01 9.197449e-01 -5.665806e-02 3.884059e-01 8.385104e+02
3.940557e-01 5.057288e-02 -9.176941e-01 -1.473554e+01 3.246563e-02 9.970959e-01 6.888928e-02 -1.127997e+01 9.185130e-01 -5.693973e-02 3.912695e-01 8.389975e+02
3.964353e-01 4.046495e-02 -9.171704e-01 -1.595532e+01 3.718641e-02 9.975005e-01 6.008242e-02 -1.120432e+01 9.173092e-01 -5.792507e-02 3.939397e-01 8.395228e+02
3.989767e-01 3.881180e-02 -9.161393e-01 -1.720299e+01 4.183826e-02 9.972928e-01 6.047030e-02 -1.112986e+01 9.160061e-01 -6.245592e-02 3.962727e-01 8.400789e+02
4.024661e-01 4.194231e-02 -9.144735e-01 -1.841834e+01 5.183372e-02 9.963031e-01 6.850781e-02 -1.106450e+01 9.139662e-01 -7.497264e-02 3.988043e-01 8.406109e+02
4.053186e-01 4.448365e-02 -9.130926e-01 -1.965006e+01 5.181172e-02 9.960921e-01 7.152623e-02 -1.098931e+01 9.127061e-01 -7.629980e-02 4.014299e-01 8.411513e+02
