1.000000e+00 0.000000e+00 0.000000e+00 0.000000e+00 0.000000e+00 1.000000e+00 0.000000e+00 0.000000e+00 0.000000e+00 0.000000e+00 1.000000e+00 0.000000e+00
9.999993e-01 6.372331e-04 1.015259e-03 7.749344e-04 -6.323847e-04 9.999884e-01 -4.768731e-03 -1.000216e-03 -1.018286e-03 4.768085e-03 9.999881e-01 9.641207e-01
9.999976e-01 -1.532547e-03 1.559080e-03 6.006169e-03 1.541566e-03 9.999820e-01 -5.799633e-03 2.422584e-03 -1.550163e-03 5.802023e-03 9.999820e-01 1.924548e+00
9.999945e-01 -2.582324e-03 2.066041e-03 -8.211203e-03 2.585686e-03 9.999953e-01 -1.626071e-03 -1.198182e-03 -2.061833e-03 1.631405e-03 9.999965e-01 2.860199e+00
9.999879e-01 -4.712100e-03 1.377357e-03 -4.475540e-03 4.706510e-03 9.999808e-01 4.033718e-03 5.535103e-04 -1.396337e-03 -4.027187e-03 9.999909e-01 3.816153e+00
9.999721e-01 -7.464837e-03 1.489389e-04 -5.995989e-03 7.464213e-03 9.999648e-01 3.821711e-03 6.521176e-03 -1.774621e-04 -3.820493e-03 9.999927e-01 4.762967e+00
9.999520e-01 -9.767150e-03 -8.058999e-04 -6.428780e-03 9.767683e-03 9.999521e-01 6.603144e-04 1.209610e-02 7.994119e-04 -6.681544e-04 9.999995e-01 5.689931e+00
9.999471e-01 -1.009904e-02 -1.947777e-03 -8.656486e-03 1.009294e-02 9.999442e-01 -3.116226e-03 1.954929e-02 1.979140e-03 3.096403e-03 9.999932e-01 6.627105e+00
9.999526e-01 -9.297326e-03 -2.881988e-03 -1.357052e-02 9.285475e-03 9.999485e-01 -4.098415e-03 2.491506e-02 2.919944e-03 4.071460e-03 9.999874e-01 7.554018e+00
9.999543e-01 -8.737256e-03 -3.886720e-03 -2.428876e-02 8.726736e-03 9.999582e-01 -2.715399e-03 3.129863e-02 3.910283e-03 2.681356e-03 9.999888e-01 8.500035e+00
9.999554e-01 -8.585467e-03 -3.939902e-03 -5.398463e-02 8.587167e-03 9.999630e-01 4.148920e-04 1.883659e-02 3.936194e-03 -4.487061e-04 9.999922e-01 9.458852e+00
9.999532e-01 -8.047060e-03 -5.363907e-03 -4.365103e-02 8.054344e-03 9.999667e-01 1.337717e-03 2.874770e-02 5.352964e-03 -1.380858e-03 9.999847e-01 1.039392e+01
9.999378e-01 -9.327761e-03 -6.116711e-03 -4.946119e-02 9.339290e-03 9.999547e-01 1.858917e-03 3.147870e-02 6.099094e-03 -1.915927e-03 9.999796e-01 1.130846e+01
9.999350e-01 -8.876632e-03 -7.151554e-03 -5.203356e-02 8.888657e-03 9.999591e-01 1.651354e-03 3.393143e-02 7.136603e-03 -1.714814e-03 9.999731e-01 1.219818e+01
9.999294e-01 -9.168348e-03 -7.555679e-03 -7.174808e-02 9.170266e-03 9.999579e-01 2.191647e-04 3.189639e-02 7.553352e-03 -2.884368e-04 9.999714e-01 1.311394e+01
9.999137e-01 -9.419995e-03 -9.157009e-03 -7.990570e-02 9.403747e-03 9.999541e-01 -1.815822e-03 2.989314e-02 9.173694e-03 1.729555e-03 9.999564e-01 1.400456e+01
9.998798e-01 -1.089951e-02 -1.102734e-02 -8.657602e-02 1.086243e-02 9.999352e-01 -3.416961e-03 3.169062e-02 1.106387e-02 3.296766e-03 9.999334e-01 1.491680e+01
9.998644e-01 -1.026228e-02 -1.287534e-02 -9.751715e-02 1.020792e-02 9.999387e-01 -4.280308e-03 3.045102e-02 1.291848e-02 4.148297e-03 9.999079e-01 1.581811e+01
9.998585e-01 -8.512527e-03 -1.451170e-02 -1.173497e-01 8.438413e-03 9.999511e-01 -5.160782e-03 2.344813e-02 1.455492e-02 5.037596e-03 9.998814e-01 1.672351e+01
9.998418e-01 -7.185803e-03 -1.626963e-02 -1.359381e-01 7.106961e-03 9.999627e-01 -4.898568e-03 1.462983e-02 1.630423e-02 4.782165e-03 9.998556e-01 1.761007e+01
9.998109e-01 -7.721567e-03 -1.784835e-02 -1.572807e-01 7.646865e-03 9.999617e-01 -4.249865e-03 1.054315e-02 1.788048e-02 4.112577e-03 9.998317e-01 1.851128e+01
9.997929e-01 -6.712825e-03 -1.921010e-02 -1.813538e-01 6.653559e-03 9.999729e-01 -3.147417e-03 7.696506e-03 1.923070e-02 3.018950e-03 9.998105e-01 1.940127e+01
9.997718e-01 -6.139737e-03 -2.046341e-02 -2.052628e-01 6.084191e-03 9.999776e-01 -2.775551e-03 5.175309e-03 2.047999e-02 2.650414e-03 9.997867e-01 2.028076e+01
9.997379e-01 -6.847125e-03 -2.184583e-02 -2.289599e-01 6.781553e-03 9.999723e-01 -3.074261e-03 2.681710e-03 2.186628e-02 2.925307e-03 9.997566e-01 2.114867e+01
9.996990e-01 -6.677174e-03 -2.360824e-02 -2.476250e-01 6.600204e-03 9.999727e-01 -3.336685e-03 -4.692207e-03 2.362987e-02 3.179861e-03 9.997157e-01 2.200864e+01
9.996708e-01 -6.513244e-03 -2.481862e-02 -2.705432e-01 6.436142e-03 9.999742e-01 -3.185246e-03 -5.180267e-03 2.483872e-02 3.024461e-03 9.996869e-01 2.287127e+01
9.996382e-01 -6.896444e-03 -2.599761e-02 -2.952313e-01 6.861607e-03 9.999754e-01 -1.428996e-03 -5.260963e-03 2.600682e-02 1.250093e-03 9.996610e-01 2.372598e+01
9.996054e-01 -8.057117e-03 -2.690984e-02 -3.172626e-01 8.094658e-03 9.999664e-01 1.286393e-03 -5.698679e-03 2.689857e-02 -1.503712e-03 9.996370e-01 2.457052e+01
9.995854e-01 -8.081676e-03 -2.763415e-02 -3.448152e-01 8.162411e-03 9.999627e-01 2.809987e-03 -8.273301e-03 2.761041e-02 -3.034383e-03 9.996142e-01 2.541293e+01
9.995692e-01 -7.455016e-03 -2.838838e-02 -3.732642e-01 7.497203e-03 9.999709e-01 1.379906e-03 -6.677142e-03 2.837727e-02 -1.592145e-03 9.995960e-01 2.624035e+01
9.995597e-01 -4.849486e-03 -2.927213e-02 -3.995660e-01 4.811688e-03 9.999875e-01 -1.361541e-03 -4.204301e-03 2.927836e-02 1.220093e-03 9.995706e-01 2.705619e+01
9.995417e-01 -5.322630e-03 -2.979885e-02 -4.351181e-01 5.231332e-03 9.999814e-01 -3.140946e-03 -8.540295e-03 2.981502e-02 2.983619e-03 9.995510e-01 2.786029e+01
9.995135e-01 -4.416797e-03 -3.087618e-02 -4.651931e-01 4.310355e-03 9.999845e-01 -3.513095e-03 -1.145192e-02 3.089122e-02 3.378298e-03 9.995170e-01 2.864802e+01
9.994436e-01 -4.406125e-03 -3.306244e-02 -4.689804e-01 4.269244e-03 9.999820e-01 -4.209547e-03 -2.273487e-02 3.308039e-02 4.066053e-03 9.994444e-01 2.948190e+01
9.993483e-01 -4.609717e-03 -3.580156e-02 -4.881846e-01 4.441408e-03 9.999787e-01 -4.779271e-03 -3.704552e-02 3.582283e-02 4.617147e-03 9.993475e-01 3.024633e+01
9.992820e-01 -4.527898e-03 -3.761654e-02 -5.254737e-01 4.341476e-03 9.999779e-01 -5.036066e-03 -4.026632e-02 3.763851e-02 4.869139e-03 9.992796e-01 3.102246e+01
9.992036e-01 -3.584410e-03 -3.974161e-02 -5.548511e-01 3.412313e-03 9.999845e-01 -4.397367e-03 -3.523851e-02 3.975676e-02 4.258254e-03 9.992003e-01 3.178344e+01
9.991245e-01 -3.646487e-03 -4.167643e-02 -5.899679e-01 3.557489e-03 9.999912e-01 -2.209414e-03 -3.756162e-02 4.168412e-02 2.059216e-03 9.991287e-01 3.250387e+01
9.990451e-01 -2.073163e-03 -4.364235e-02 -6.298463e-01 2.033528e-03 9.999975e-01 -9.525555e-04 -3.759456e-02 4.364421e-02 8.628979e-04 9.990468e-01 3.323337e+01
9.989606e-01 -7.672764e-05 -4.558145e-02 -6.664182e-01 3.432022e-05 9.999996e-01 -9.311476e-04 -3.751258e-02 4.558150e-02 9.286154e-04 9.989602e-01 3.396099e+01
9.988636e-01 2.492112e-03 -4.759572e-02 -7.058844e-01 -2.564729e-03 9.999956e-01 -1.464692e-03 -4.605180e-02 4.759186e-02 1.585098e-03 9.988656e-01 3.467750e+01
9.987587e-01 4.333330e-03 -4.962075e-02 -7.446507e-01 -4.434596e-03 9.999883e-01 -1.930880e-03 -5.281360e-02 4.961180e-02 2.148531e-03 9.987663e-01 3.538356e+01
9.986632e-01 4.711969e-03 -5.147388e-02 -7.812426e-01 -4.768876e-03 9.999881e-01 -9.827896e-04 -5.446259e-02 5.146864e-02 1.226948e-03 9.986739e-01 3.608263e+01
9.985796e-01 6.184769e-03 -5.291924e-02 -8.183614e-01 -6.163760e-03 9.999808e-01 5.602074e-04 -4.990566e-02 5.292169e-02 -2.332302e-04 9.985986e-01 3.678089e+01
9.985371e-01 9.129180e-03 -5.329482e-02 -8.565161e-01 -9.082271e-03 9.999581e-01 1.122307e-03 -5.718759e-02 5.330284e-02 -6.366273e-04 9.985782e-01 3.747419e+01
9.985506e-01 1.240177e-02 -5.237267e-02 -8.955419e-01 -1.247390e-02 9.999216e-01 -1.050511e-03 -6.046860e-02 5.235553e-02 1.702280e-03 9.986271e-01 3.813553e+01
9.985870e-01 1.447274e-02 -5.113306e-02 -9.227789e-01 -1.471163e-02 9.998825e-01 -4.298691e-03 -6.086535e-02 5.106484e-02 5.044867e-03 9.986826e-01 3.879300e+01
9.986713e-01 1.491885e-02 -4.932567e-02 -9.471441e-01 -1.527164e-02 9.998604e-01 -6.783123e-03 -5.297861e-02 4.921758e-02 7.527394e-03 9.987597e-01 3.944549e+01
9.987740e-01 1.661774e-02 -4.662994e-02 -9.755796e-01 -1.692742e-02 9.998372e-01 -6.254051e-03 -4.847158e-02 4.651842e-02 7.035708e-03 9.988927e-01 4.009838e+01
9.988001e-01 2.145221e-02 -4.402437e-02 -9.961119e-01 -2.163063e-02 9.997596e-01 -3.580224e-03 -5.083241e-02 4.393698e-02 4.528203e-03 9.990240e-01 4.074912e+01
9.988411e-01 2.573705e-02 -4.066948e-02 -1.021425e+00 -2.577122e-02 9.996678e-01 -3.160505e-04 -5.178635e-02 4.064784e-02 1.363787e-03 9.991726e-01 4.138031e+01
9.988531e-01 3.054032e-02 -3.687397e-02 -1.033263e+00 -3.054398e-02 9.995333e-01 4.640054e-04 -5.149904e-02 3.687093e-02 6.628045e-04 9.993198e-01 4.200100e+01
9.989209e-01 3.399647e-02 -3.164417e-02 -1.064363e+00 -3.399425e-02 9.994218e-01 6.083169e-04 -5.352291e-02 3.164656e-02 4.680594e-04 9.994990e-01 4.258178e+01
9.989362e-01 3.793422e-02 -2.622082e-02 -1.076484e+00 -3.788515e-02 9.992793e-01 2.366194e-03 -5.326900e-02 2.629168e-02 -1.370297e-03 9.996534e-01 4.317102e+01
9.988698e-01 4.303510e-02 -2.017478e-02 -1.077623e+00 -4.296613e-02 9.990692e-01 3.839857e-03 -6.613082e-02 2.032124e-02 -2.968685e-03 9.997891e-01 4.372466e+01
9.988535e-01 4.598685e-02 -1.330102e-02 -1.085279e+00 -4.594620e-02 9.989383e-01 3.346174e-03 -6.657277e-02 1.344078e-02 -2.731206e-03 9.999059e-01 4.426389e+01
9.987793e-01 4.899580e-02 -6.273291e-03 -1.084248e+00 -4.897548e-02 9.987944e-01 3.351749e-03 -7.245088e-02 6.429950e-03 -3.040420e-03 9.999747e-01 4.477306e+01
9.985729e-01 5.340130e-02 6.548539e-04 -1.068777e+00 -5.340295e-02 9.985690e-01 2.845769e-03 -7.661336e-02 -5.019490e-04 -2.876679e-03 9.999957e-01 4.524812e+01
9.982861e-01 5.794945e-02 8.172883e-03 -1.072878e+00 -5.795073e-02 9.983194e-01 -8.071505e-05 -7.261408e-02 -8.163825e-03 -3.930478e-04 9.999666e-01 4.572363e+01
9.980849e-01 5.987635e-02 1.553540e-02 -1.052536e+00 -5.982745e-02 9.982023e-01 -3.593941e-03 -6.721516e-02 -1.572267e-02 2.657615e-03 9.998729e-01 4.617342e+01
9.978929e-01 6.080412e-02 2.263998e-02 -1.014749e+00 -6.073588e-02 9.981471e-01 -3.690101e-03 -7.653009e-02 -2.282241e-02 2.307266e-03 9.997369e-01 4.656742e+01
9.977600e-01 5.976130e-02 3.005952e-02 -9.860082e-01 -5.971127e-02 9.982124e-01 -2.560159e-03 -7.420282e-02 -3.015878e-02 7.595325e-04 9.995448e-01 4.696958e+01
9.973733e-01 6.161203e-02 3.808418e-02 -9.760677e-01 -6.156695e-02 9.981002e-01 -2.356404e-03 -6.895495e-02 -3.815701e-02 5.487475e-06 9.992718e-01 4.736246e+01
9.968225e-01 6.469244e-02 4.647455e-02 -9.514883e-01 -6.465429e-02 9.979050e-01 -2.325375e-03 -7.207770e-02 -4.652762e-02 -6.867927e-04 9.989168e-01 4.771920e+01
9.960082e-01 6.998420e-02 5.540681e-02 -9.434381e-01 -6.995231e-02 9.975472e-01 -2.517214e-03 -8.955004e-02 -5.544707e-02 -1.368668e-03 9.984607e-01 4.806926e+01
9.952162e-01 7.367899e-02 6.415647e-02 -9.128634e-01 -7.367566e-02 9.972793e-01 -2.421042e-03 -9.914772e-02 -6.416030e-02 -2.317310e-03 9.979369e-01 4.836597e+01
9.946165e-01 7.376156e-02 7.278174e-02 -8.587378e-01 -7.381699e-02 9.972699e-01 -1.931590e-03 -1.055401e-01 -7.272552e-02 -3.451338e-03 9.973460e-01 4.863152e+01
9.938769e-01 7.276689e-02 8.314917e-02 -8.186457e-01 -7.272094e-02 9.973459e-01 -3.585061e-03 -1.159036e-01 -8.318936e-02 -2.483577e-03 9.965307e-01 4.888836e+01
9.929194e-01 7.174865e-02 9.467429e-02 -7.723420e-01 -7.131290e-02 9.974221e-01 -7.982355e-03 -1.298066e-01 -9.500295e-02 1.174336e-03 9.954763e-01 4.913434e+01
9.915146e-01 7.335508e-02 1.073208e-01 -7.159958e-01 -7.247927e-02 9.972972e-01 -1.204388e-02 -1.398768e-01 -1.079142e-01 4.163150e-03 9.941515e-01 4.938328e+01
9.895309e-01 7.568651e-02 1.228824e-01 -6.796802e-01 -7.448979e-02 9.971191e-01 -1.431051e-02 -1.504055e-01 -1.236115e-01 5.007202e-03 9.923181e-01 4.964383e+01
9.872545e-01 7.736280e-02 1.390807e-01 -6.328936e-01 -7.590126e-02 9.969903e-01 -1.579011e-02 -1.569330e-01 -1.398837e-01 5.032457e-03 9.901551e-01 4.989876e+01
9.847312e-01 7.833510e-02 1.554607e-01 -5.616508e-01 -7.664884e-02 9.969162e-01 -1.682114e-02 -1.772148e-01 -1.562990e-01 4.648415e-03 9.876988e-01 5.014314e+01
9.816981e-01 7.799141e-02 1.737414e-01 -5.065095e-01 -7.595253e-02 9.969423e-01 -1.836342e-02 -1.813085e-01 -1.746424e-01 4.831232e-03 9.846201e-01 5.039854e+01
9.782371e-01 7.709326e-02 1.926363e-01 -4.280191e-01 -7.470142e-02 9.970121e-01 -1.965993e-02 -1.761820e-01 -1.935764e-01 4.841867e-03 9.810733e-01 5.065306e+01
9.740101e-01 7.731934e-02 2.128991e-01 -3.637379e-01 -7.450611e-02 9.969948e-01 -2.121794e-02 -1.837998e-01 -2.138998e-01 4.804205e-03 9.768438e-01 5.091529e+01
9.689870e-01 7.942653e-02 2.339991e-01 -2.903890e-01 -7.599535e-02 9.968275e-01 -2.365835e-02 -1.936258e-01 -2.351359e-01 5.141792e-03 9.719489e-01 5.116473e+01
9.630245e-01 8.023879e-02 2.571877e-01 -2.222285e-01 -7.607308e-02 9.967600e-01 -2.612321e-02 -1.964525e-01 -2.584505e-01 5.592234e-03 9.660083e-01 5.142685e+01
9.561629e-01 8.127107e-02 2.813317e-01 -1.237762e-01 -7.648471e-02 9.966783e-01 -2.797151e-02 -2.001825e-01 -2.826705e-01 5.227739e-03 9.592028e-01 5.169043e+01
9.479682e-01 8.403958e-02 3.070726e-01 -2.541418e-02 -7.875092e-02 9.964549e-01 -2.959651e-02 -2.036411e-01 -3.084713e-01 3.874305e-03 9.512258e-01 5.197080e+01
9.384488e-01 8.654949e-02 3.343995e-01 8.123505e-02 -8.070751e-02 9.962446e-01 -3.135350e-02 -2.068614e-01 -3.358573e-01 2.435106e-03 9.419097e-01 5.221864e+01
9.277629e-01 8.763049e-02 3.627354e-01 2.120512e-01 -8.106841e-02 9.961519e-01 -3.330532e-02 -2.159732e-01 -3.642581e-01 1.493059e-03 9.312968e-01 5.244930e+01
9.155608e-01 8.634217e-02 3.928020e-01 3.510080e-01 -7.862367e-02 9.962639e-01 -3.573004e-02 -2.388644e-01 -3.944194e-01 1.829495e-03 9.189287e-01 5.270576e+01
9.012638e-01 8.418231e-02 4.250140e-01 5.080268e-01 -7.478685e-02 9.964454e-01 -3.877613e-02 -2.549409e-01 -4.267675e-01 3.162064e-03 9.043559e-01 5.292876e+01
8.845670e-01 8.369834e-02 4.588417e-01 6.659652e-01 -7.154812e-02 9.964734e-01 -4.383661e-02 -2.572832e-01 -4.608926e-01 5.947157e-03 8.874360e-01 5.314617e+01
8.656517e-01 8.563303e-02 4.932688e-01 8.312084e-01 -7.039809e-02 9.962942e-01 -4.941619e-02 -2.700149e-01 -4.956725e-01 8.052023e-03 8.684722e-01 5.336269e+01
8.445538e-01 8.801121e-02 5.281883e-01 1.023970e+00 -6.975049e-02 9.960775e-01 -5.444638e-02 -2.849765e-01 -5.309083e-01 9.141509e-03 8.473799e-01 5.358238e+01
8.206883e-01 9.095666e-02 5.640901e-01 1.228101e+00 -7.010047e-02 9.958183e-01 -5.858225e-02 -2.982608e-01 -5.670596e-01 8.534795e-03 8.236325e-01 5.380247e+01
7.942915e-01 9.501830e-02 6.000605e-01 1.469380e+00 -7.227003e-02 9.954583e-01 -6.196590e-02 -3.215642e-01 -6.032231e-01 5.852602e-03 7.975510e-01 5.403551e+01
7.651340e-01 9.943199e-02 6.361472e-01 1.711085e+00 -7.501813e-02 9.950418e-01 -6.529946e-02 -3.416432e-01 -6.394859e-01 2.240263e-03 7.687996e-01 5.426253e+01
7.328842e-01 1.009514e-01 6.728221e-01 1.978842e+00 -7.408408e-02 9.948913e-01 -6.857772e-02 -3.613726e-01 -6.763079e-01 4.141195e-04 7.366189e-01 5.450688e+01
6.970853e-01 9.885223e-02 7.101410e-01 2.277340e+00 -6.972585e-02 9.951019e-01 -7.007506e-02 -3.868830e-01 -7.135897e-01 -6.668859e-04 7.005635e-01 5.475027e+01
6.586912e-01 9.781013e-02 7.460289e-01 2.603021e+00 -6.605066e-02 9.952036e-01 -7.216076e-02 -4.143239e-01 -7.495087e-01 -1.744043e-03 6.619922e-01 5.498816e+01
6.168230e-01 9.742596e-02 7.810490e-01 2.942462e+00 -6.294489e-02 9.952375e-01 -7.443337e-02 -4.404728e-01 -7.845810e-01 -3.250832e-03 6.200178e-01 5.522514e+01
5.714388e-01 9.730303e-02 8.148557e-01 3.323121e+00 -5.834919e-02 9.952502e-01 -7.792530e-02 -4.747076e-01 -8.185677e-01 -3.016624e-03 5.744022e-01 5.545217e+01
5.237137e-01 9.627061e-02 8.464372e-01 3.699238e+00 -5.398663e-02 9.953475e-01 -7.980413e-02 -5.056677e-01 -8.501820e-01 -3.901779e-03 5.264745e-01 5.565413e+01
4.754466e-01 9.441135e-02 8.746640e-01 4.096534e+00 -5.071344e-02 9.955129e-01 -7.988917e-02 -5.346054e-01 -8.782817e-01 -6.374185e-03 4.781011e-01 5.584544e+01
4.263476e-01 9.236555e-02 8.998313e-01 4.532929e+00 -4.874166e-02 9.956736e-01 -7.910933e-02 -5.634456e-01 -9.032453e-01 -1.013120e-02 4.290051e-01 5.602745e+01
3.765468e-01 9.236708e-02 9.217813e-01 4.967851e+00 -5.019849e-02 9.955895e-01 -7.925699e-02 -5.879334e-01 -9.250366e-01 -1.642807e-02 3.795227e-01 5.618379e+01
3.279029e-01 9.289244e-02 9.401333e-01 5.421504e+00 -4.653853e-02 9.955341e-01 -8.213459e-02 -6.108335e-01 -9.435644e-01 -1.682025e-02 3.307616e-01 5.631443e+01
2.816086e-01 8.962886e-02 9.553341e-01 5.893078e+00 -3.400167e-02 9.959346e-01 -8.341514e-02 -6.448775e-01 -9.589267e-01 -8.992530e-03 2.835113e-01 5.640641e+01
2.382502e-01 8.392558e-02 9.675708e-01 6.390616e+00 -1.953970e-02 9.964719e-01 -8.162104e-02 -6.758948e-01 -9.710072e-01 5.401900e-04 2.390495e-01 5.647958e+01
1.962870e-01 8.324638e-02 9.770064e-01 6.907105e+00 -1.005864e-02 9.965082e-01 -8.288719e-02 -7.115607e-01 -9.804949e-01 6.442316e-03 1.964389e-01 5.654772e+01
1.576944e-01 8.495013e-02 9.838272e-01 7.438781e+00 -5.936181e-03 9.963564e-01 -8.508049e-02 -7.456826e-01 -9.874701e-01 7.576540e-03 1.576241e-01 5.661606e+01
1.254262e-01 8.597908e-02 9.883703e-01 7.980025e+00 3.945754e-03 9.961865e-01 -8.715975e-02 -7.804195e-01 -9.920951e-01 1.483198e-02 1.246086e-01 5.665695e+01
9.702735e-02 8.447753e-02 9.916901e-01 8.512448e+00 1.151745e-02 9.962293e-01 -8.599108e-02 -8.202671e-01 -9.952151e-01 1.976523e-02 9.568852e-02 5.666595e+01
7.220705e-02 8.267988e-02 9.939568e-01 9.101533e+00 1.856055e-02 9.962742e-01 -8.422100e-02 -8.693479e-01 -9.972170e-01 2.452973e-02 7.040344e-02 5.669677e+01
5.275099e-02 8.203878e-02 9.952321e-01 9.652950e+00 2.347496e-02 9.962424e-01 -8.336633e-02 -9.009960e-01 -9.983317e-01 2.776069e-02 5.062692e-02 5.668983e+01
3.693080e-02 8.408936e-02 9.957736e-01 1.023273e+01 2.645841e-02 9.960218e-01 -8.509159e-02 -9.380655e-01 -9.989675e-01 2.948909e-02 3.455901e-02 5.669932e+01
2.344796e-02 8.439920e-02 9.961561e-01 1.083556e+01 2.745291e-02 9.959999e-01 -8.503217e-02 -9.692117e-01 -9.993481e-01 2.934122e-02 2.103716e-02 5.670668e+01
1.164543e-02 8.530907e-02 9.962865e-01 1.144401e+01 2.849145e-02 9.959212e-01 -8.561083e-02 -1.017241e+00 -9.995262e-01 2.938262e-02 9.167355e-03 5.671055e+01
2.571911e-03 8.838543e-02 9.960830e-01 1.206731e+01 3.337440e-02 9.955238e-01 -8.842198e-02 -1.063466e+00 -9.994396e-01 3.347108e-02 -3.894123e-04 5.669969e+01
-3.757401e-03 9.073990e-02 9.958675e-01 1.270975e+01 3.748810e-02 9.951873e-01 -9.053648e-02 -1.101152e+00 -9.992900e-01 3.699300e-02 -7.140984e-03 5.667991e+01
-8.196580e-03 9.042198e-02 9.958698e-01 1.336036e+01 3.803391e-02 9.952108e-01 -9.004911e-02 -1.145048e+00 -9.992428e-01 3.713873e-02 -1.159643e-02 5.667133e+01
-1.169104e-02 8.793666e-02 9.960575e-01 1.402683e+01 3.565422e-02 9.955288e-01 -8.747150e-02 -1.192677e+00 -9.992958e-01 3.449102e-02 -1.477408e-02 5.666376e+01
-1.410392e-02 8.145886e-02 9.965769e-01 1.470923e+01 3.329920e-02 9.961615e-01 -8.095364e-02 -1.239534e+00 -9.993459e-01 3.204345e-02 -1.676230e-02 5.665468e+01
-1.495879e-02 7.625342e-02 9.969763e-01 1.539120e+01 3.467711e-02 9.965276e-01 -7.569880e-02 -1.279083e+00 -9.992866e-01 3.343989e-02 -1.755109e-02 5.663590e+01
-1.531607e-02 7.391501e-02 9.971469e-01 1.608747e+01 3.703201e-02 9.966216e-01 -7.330726e-02 -1.325217e+00 -9.991967e-01 3.580357e-02 -1.800155e-02 5.661613e+01
-1.497097e-02 7.619440e-02 9.969806e-01 1.678059e+01 4.022878e-02 9.963309e-01 -7.554066e-02 -1.377651e+00 -9.990783e-01 3.897640e-02 -1.798125e-02 5.660257e+01
-1.389869e-02 8.393595e-02 9.963742e-01 1.748393e+01 4.121377e-02 9.956717e-01 -8.330187e-02 -1.424212e+00 -9.990537e-01 3.990655e-02 -1.729785e-02 5.658786e+01
-1.181109e-02 9.223289e-02 9.956674e-01 1.819744e+01 4.135861e-02 9.949298e-01 -9.167395e-02 -1.471786e+00 -9.990746e-01 4.009665e-02 -1.556583e-02 5.658054e+01
-9.774666e-03 9.311938e-02 9.956070e-01 1.891743e+01 4.169500e-02 9.948266e-01 -9.263703e-02 -1.525092e+00 -9.990826e-01 4.060633e-02 -1.360671e-02 5.658044e+01
-7.541103e-03 8.901501e-02 9.960017e-01 1.965376e+01 4.065360e-02 9.952339e-01 -8.863858e-02 -1.585430e+00 -9.991448e-01 3.982263e-02 -1.112394e-02 5.657745e+01
-4.394484e-03 8.266661e-02 9.965676e-01 2.037119e+01 3.983530e-02 9.958006e-01 -8.242734e-02 -1.641846e+00 -9.991966e-01 3.933635e-02 -7.669080e-03 5.654679e+01
-1.560824e-03 8.124145e-02 9.966932e-01 2.110622e+01 3.815255e-02 9.959736e-01 -8.112305e-02 -1.700977e+00 -9.992707e-01 3.789977e-02 -4.654108e-03 5.654973e+01
2.005520e-03 8.651539e-02 9.962485e-01 2.184359e+01 4.597671e-02 9.951890e-01 -8.651594e-02 -1.760422e+00 -9.989405e-01 4.597773e-02 -1.981821e-03 5.654380e+01
5.872362e-03 9.234900e-02 9.957094e-01 2.256237e+01 4.750556e-02 9.945765e-01 -9.252411e-02 -1.810431e+00 -9.988537e-01 4.784507e-02 1.453423e-03 5.652874e+01
8.736612e-03 9.329980e-02 9.955997e-01 2.327109e+01 4.118916e-02 9.947592e-01 -9.358247e-02 -1.864686e+00 -9.991132e-01 4.182551e-02 4.847884e-03 5.652070e+01
1.159403e-02 8.979737e-02 9.958926e-01 2.404295e+01 3.650685e-02 9.952575e-01 -9.016511e-02 -1.937106e+00 -9.992661e-01 3.740228e-02 8.260830e-03 5.655741e+01
1.661339e-02 8.608737e-02 9.961491e-01 2.478212e+01 4.032119e-02 9.954184e-01 -8.669669e-02 -2.006505e+00 -9.990486e-01 4.160624e-02 1.306613e-02 5.655686e+01
2.022111e-02 8.691231e-02 9.960107e-01 2.552713e+01 4.511662e-02 9.951203e-01 -8.775057e-02 -2.075175e+00 -9.987771e-01 4.671105e-02 1.620124e-02 5.657006e+01
2.350246e-02 9.151234e-02 9.955266e-01 2.625543e+01 4.467834e-02 9.947105e-01 -9.249210e-02 -2.138778e+00 -9.987249e-01 4.665227e-02 1.928952e-02 5.657350e+01
2.710528e-02 9.216899e-02 9.953744e-01 2.699093e+01 4.112596e-02 9.947944e-01 -9.323520e-02 -2.204645e+00 -9.987862e-01 4.346290e-02 2.317364e-02 5.660029e+01
3.099981e-02 9.199779e-02 9.952766e-01 2.773978e+01 4.008130e-02 9.948398e-01 -9.320582e-02 -2.270699e+00 -9.987154e-01 4.278134e-02 2.715245e-02 5.662037e+01
3.467786e-02 8.887698e-02 9.954388e-01 2.848486e+01 4.460804e-02 9.949075e-01 -9.038355e-02 -2.331962e+00 -9.984025e-01 4.753888e-02 3.053664e-02 5.664531e+01
3.887648e-02 8.947107e-02 9.952304e-01 2.923043e+01 4.938068e-02 9.945944e-01 -9.134284e-02 -2.395028e+00 -9.980231e-01 5.269624e-02 3.424819e-02 5.665592e+01
4.259725e-02 9.031253e-02 9.950021e-01 2.998470e+01 5.188142e-02 9.943624e-01 -9.247558e-02 -2.462984e+00 -9.977444e-01 5.556132e-02 3.767156e-02 5.668109e+01
4.517946e-02 9.035367e-02 9.948844e-01 3.072790e+01 5.216219e-02 9.943294e-01 -9.267205e-02 -2.528321e+00 -9.976161e-01 5.608222e-02 4.021022e-02 5.671782e+01
4.873728e-02 8.880866e-02 9.948556e-01 3.148101e+01 5.355365e-02 9.943742e-01 -9.138924e-02 -2.597530e+00 -9.973749e-01 5.773221e-02 4.370706e-02 5.675274e+01
5.296580e-02 8.776660e-02 9.947319e-01 3.223174e+01 5.561966e-02 9.943246e-01 -9.069219e-02 -2.669850e+00 -9.970462e-01 6.013024e-02 4.778365e-02 5.677766e+01
5.518952e-02 8.826867e-02 9.945666e-01 3.298289e+01 5.378724e-02 9.943756e-01 -9.123643e-02 -2.733721e+00 -9.970261e-01 5.853029e-02 5.013138e-02 5.683537e+01
5.819058e-02 8.996072e-02 9.942439e-01 3.372262e+01 5.087929e-02 9.943700e-01 -9.294996e-02 -2.801760e+00 -9.970081e-01 5.599523e-02 5.328582e-02 5.687956e+01
6.079583e-02 9.006636e-02 9.940784e-01 3.447167e+01 5.240424e-02 9.942591e-01 -9.328767e-02 -2.868443e+00 -9.967736e-01 5.776543e-02 5.572695e-02 5.692693e+01
6.338407e-02 8.995689e-02 9.939267e-01 3.522912e+01 5.022625e-02 9.943797e-01 -9.320089e-02 -2.934855e+00 -9.967245e-01 5.582867e-02 5.850964e-02 5.698024e+01
6.560178e-02 9.047618e-02 9.937356e-01 3.598203e+01 4.859721e-02 9.944094e-01 -9.374568e-02 -3.000219e+00 -9.966618e-01 5.444266e-02 6.083813e-02 5.703455e+01
6.832466e-02 9.078164e-02 9.935242e-01 3.673775e+01 4.557638e-02 9.945277e-01 -9.400762e-02 -3.068770e+00 -9.966216e-01 5.170427e-02 6.381327e-02 5.709074e+01
7.093020e-02 9.260229e-02 9.931736e-01 3.749113e+01 4.435151e-02 9.944039e-01 -9.588449e-02 -3.139250e+00 -9.964948e-01 5.084986e-02 6.642621e-02 5.715661e+01
7.365255e-02 9.620746e-02 9.926326e-01 3.824496e+01 4.322112e-02 9.940928e-01 -9.955596e-02 -3.210990e+00 -9.963469e-01 5.023525e-02 6.905928e-02 5.722493e+01
7.734959e-02 9.801973e-02 9.921740e-01 3.901450e+01 4.362534e-02 9.938695e-01 -1.015883e-01 -3.288043e+00 -9.960491e-01 5.114173e-02 7.259925e-02 5.728433e+01
7.979794e-02 1.002015e-01 9.917620e-01 3.977780e+01 3.763310e-02 9.939227e-01 -1.034478e-01 -3.360917e+00 -9.961004e-01 4.557800e-02 7.554209e-02 5.735595e+01
8.255286e-02 9.953089e-02 9.916041e-01 4.055738e+01 3.378287e-02 9.941490e-01 -1.025988e-01 -3.436308e+00 -9.960139e-01 4.196905e-02 7.870740e-02 5.743208e+01
8.609873e-02 1.000808e-01 9.912471e-01 4.132188e+01 3.620996e-02 9.939700e-01 -1.035009e-01 -3.511086e+00 -9.956284e-01 4.480432e-02 8.195563e-02 5.750094e+01
8.983019e-02 1.010907e-01 9.908134e-01 4.209546e+01 3.567899e-02 9.938702e-01 -1.046373e-01 -3.591429e+00 -9.953178e-01 4.475081e-02 8.567274e-02 5.756920e+01
9.340548e-02 1.021965e-01 9.903693e-01 4.287321e+01 3.127749e-02 9.939259e-01 -1.055134e-01 -3.669404e+00 -9.951367e-01 4.083179e-02 8.964167e-02 5.764432e+01
9.759532e-02 1.006610e-01 9.901225e-01 4.366461e+01 3.022906e-02 9.941130e-01 -1.040464e-01 -3.740996e+00 -9.947670e-01 4.008491e-02 9.397788e-02 5.771954e+01
1.024175e-01 1.004703e-01 9.896547e-01 4.447097e+01 3.056176e-02 9.940988e-01 -1.040842e-01 -3.823607e+00 -9.942719e-01 4.090564e-02 9.874259e-02 5.779759e+01
1.074425e-01 1.041325e-01 9.887429e-01 4.524409e+01 2.705092e-02 9.938254e-01 -1.076073e-01 -3.904218e+00 -9.938432e-01 3.830801e-02 1.039622e-01 5.787462e+01
1.135582e-01 1.125833e-01 9.871320e-01 4.603054e+01 2.560626e-02 9.928973e-01 -1.161866e-01 -3.988899e+00 -9.932013e-01 3.847069e-02 1.098688e-01 5.796246e+01
1.210629e-01 1.174963e-01 9.856665e-01 4.680582e+01 2.463308e-02 9.923085e-01 -1.213136e-01 -4.063661e+00 -9.923392e-01 3.896657e-02 1.172374e-01 5.805094e+01
1.282036e-01 1.203733e-01 9.844156e-01 4.758033e+01 1.992840e-02 9.920936e-01 -1.239075e-01 -4.160190e+00 -9.915476e-01 3.550322e-02 1.247911e-01 5.815112e+01
1.348856e-01 1.186362e-01 9.837334e-01 4.837768e+01 1.536314e-02 9.924367e-01 -1.217923e-01 -4.260316e+00 -9.907421e-01 3.154126e-02 1.320428e-01 5.827334e+01
1.423812e-01 1.169724e-01 9.828759e-01 4.918972e+01 1.430885e-02 9.926456e-01 -1.202079e-01 -4.361066e+00 -9.897085e-01 3.117917e-02 1.396603e-01 5.838483e+01
1.494650e-01 1.137136e-01 9.822064e-01 5.000109e+01 1.326322e-02 9.930449e-01 -1.169867e-01 -4.457421e+00 -9.886781e-01 3.051265e-02 1.469173e-01 5.851514e+01
1.565170e-01 1.086728e-01 9.816785e-01 5.081375e+01 1.097961e-02 9.936755e-01 -1.117515e-01 -4.543404e+00 -9.876142e-01 2.826944e-02 1.543339e-01 5.865703e+01
1.633979e-01 1.016294e-01 9.813117e-01 5.163615e+01 7.961744e-03 9.945117e-01 -1.043222e-01 -4.623489e+00 -9.865281e-01 2.485898e-02 1.616920e-01 5.880511e+01
1.706121e-01 9.898562e-02 9.803537e-01 5.243499e+01 7.431817e-03 9.947837e-01 -1.017360e-01 -4.714504e+00 -9.853103e-01 2.464319e-02 1.689864e-01 5.895282e+01
1.775049e-01 1.012035e-01 9.789024e-01 5.322104e+01 6.470814e-03 9.945567e-01 -1.039953e-01 -4.790834e+00 -9.840986e-01 2.479397e-02 1.758838e-01 5.909778e+01
1.831624e-01 1.077793e-01 9.771567e-01 5.401014e+01 7.174182e-03 9.937990e-01 -1.109597e-01 -4.874755e+00 -9.830565e-01 2.733394e-02 1.812534e-01 5.925155e+01
1.878614e-01 1.115912e-01 9.758358e-01 5.478030e+01 5.378651e-03 9.933932e-01 -1.146344e-01 -4.957287e+00 -9.821808e-01 2.678406e-02 1.860200e-01 5.940689e+01
1.928579e-01 1.144942e-01 9.745239e-01 5.554228e+01 3.912425e-03 9.930714e-01 -1.174475e-01 -5.050917e+00 -9.812189e-01 2.646344e-02 1.910737e-01 5.955933e+01
1.981603e-01 1.139965e-01 9.735180e-01 5.630864e+01 1.517518e-03 9.931769e-01 -1.166074e-01 -5.143020e+00 -9.801684e-01 2.458430e-02 1.966353e-01 5.971736e+01
2.038297e-01 1.112045e-01 9.726700e-01 5.707084e+01 5.657770e-03 9.933774e-01 -1.147576e-01 -5.225715e+00 -9.789900e-01 2.889415e-02 2.018506e-01 5.986817e+01
2.082584e-01 1.046570e-01 9.724584e-01 5.782613e+01 6.505119e-03 9.940885e-01 -1.083779e-01 -5.307364e+00 -9.780522e-01 2.889658e-02 2.063465e-01 6.003119e+01
2.111627e-01 9.849145e-02 9.724761e-01 5.857256e+01 4.776989e-03 9.947945e-01 -1.017891e-01 -5.393793e+00 -9.774393e-01 2.613957e-02 2.095930e-01 6.020715e+01
2.140711e-01 9.524242e-02 9.721638e-01 5.930743e+01 1.216997e-03 9.952085e-01 -9.776808e-02 -5.472218e+00 -9.768173e-01 2.211244e-02 2.129295e-01 6.037937e+01
2.174249e-01 9.514293e-02 9.714290e-01 6.002305e+01 -7.550275e-05 9.952396e-01 -9.745808e-02 -5.549679e+00 -9.760770e-01 2.111647e-02 2.163971e-01 6.054009e+01
2.192339e-01 9.714873e-02 9.708237e-01 6.073718e+01 -1.715163e-03 9.950673e-01 -9.918742e-02 -5.625221e+00 -9.756708e-01 2.008012e-02 2.183191e-01 6.071633e+01
2.205661e-01 1.015757e-01 9.700685e-01 6.142415e+01 -5.830972e-03 9.946821e-01 -1.028272e-01 -5.700440e+00 -9.753546e-01 1.702376e-02 2.199855e-01 6.087878e+01
2.221781e-01 1.057865e-01 9.692503e-01 6.211264e+01 -6.893073e-03 9.942422e-01 -1.069341e-01 -5.772822e+00 -9.749817e-01 1.707729e-02 2.216280e-01 6.105073e+01
2.239248e-01 1.113292e-01 9.682270e-01 6.279431e+01 -7.804932e-03 9.936273e-01 -1.124448e-01 -5.848498e+00 -9.745752e-01 1.762222e-02 2.233667e-01 6.121969e+01
2.254584e-01 1.132961e-01 9.676428e-01 6.346678e+01 -7.033581e-03 9.933787e-01 -1.146706e-01 -5.924113e+00 -9.742274e-01 1.904744e-02 2.247624e-01 6.137861e+01
2.265443e-01 1.135155e-01 9.673634e-01 6.413284e+01 -9.655198e-03 9.933983e-01 -1.143095e-01 -5.999725e+00 -9.739530e-01 1.655608e-02 2.261448e-01 6.154168e+01
2.271669e-01 1.105497e-01 9.675608e-01 6.479705e+01 -9.480948e-03 9.937400e-01 -1.113149e-01 -6.077552e+00 -9.738097e-01 1.611367e-02 2.267930e-01 6.170278e+01
2.279549e-01 1.079883e-01 9.676648e-01 6.546207e+01 -9.056173e-03 9.940228e-01 -1.087964e-01 -6.152322e+00 -9.736296e-01 1.603732e-02 2.275703e-01 6.186687e+01
2.276768e-01 1.065446e-01 9.678902e-01 6.610277e+01 -7.880176e-03 9.941649e-01 -1.075832e-01 -6.226329e+00 -9.737049e-01 1.686706e-02 2.271879e-01 6.202022e+01
2.264819e-01 1.060188e-01 9.682283e-01 6.671809e+01 -7.864029e-03 9.942251e-01 -1.070259e-01 -6.292305e+00 -9.739836e-01 1.662524e-02 2.260077e-01 6.215396e+01
2.247628e-01 1.068712e-01 9.685351e-01 6.732496e+01 -8.693102e-03 9.941476e-01 -1.076800e-01 -6.360432e+00 -9.743747e-01 1.578289e-02 2.243764e-01 6.229466e+01
2.226671e-01 1.098175e-01 9.686896e-01 6.792598e+01 -9.248794e-03 9.938285e-01 -1.105414e-01 -6.430565e+00 -9.748507e-01 1.565473e-02 2.223086e-01 6.243396e+01
2.204198e-01 1.137402e-01 9.687509e-01 6.852256e+01 -7.732476e-03 9.933505e-01 -1.148691e-01 -6.500841e+00 -9.753745e-01 1.782858e-02 2.198336e-01 6.256858e+01
2.189678e-01 1.143550e-01 9.690078e-01 6.910621e+01 -5.528723e-03 9.932379e-01 -1.159651e-01 -6.564599e+00 -9.757164e-01 2.003525e-02 2.181193e-01 6.269342e+01
2.163075e-01 1.137074e-01 9.696812e-01 6.970800e+01 -6.709244e-03 9.933445e-01 -1.149856e-01 -6.630348e+00 -9.763022e-01 1.836641e-02 2.156308e-01 6.283399e+01
2.137008e-01 1.108716e-01 9.705872e-01 7.029205e+01 -6.955872e-03 9.936863e-01 -1.119787e-01 -6.696909e+00 -9.768744e-01 1.717866e-02 2.131228e-01 6.296861e+01
2.115645e-01 1.068426e-01 9.715066e-01 7.085947e+01 -6.241818e-03 9.941344e-01 -1.079718e-01 -6.764934e+00 -9.773441e-01 1.677904e-02 2.109904e-01 6.308928e+01
2.099623e-01 1.063558e-01 9.719075e-01 7.145464e+01 -3.419423e-03 9.941396e-01 -1.080500e-01 -6.824625e+00 -9.777035e-01 1.936306e-02 2.090956e-01 6.319422e+01
2.080997e-01 1.079346e-01 9.721341e-01 7.202014e+01 6.221367e-04 9.938779e-01 -1.104820e-01 -6.883982e+00 -9.781074e-01 2.359606e-02 2.067585e-01 6.333394e+01
2.060694e-01 1.102375e-01 9.723081e-01 7.257009e+01 4.223349e-03 9.935247e-01 -1.135381e-01 -6.946345e+00 -9.785283e-01 2.750312e-02 2.042695e-01 6.343426e+01
2.044413e-01 1.122040e-01 9.724269e-01 7.309559e+01 3.391007e-03 9.933217e-01 -1.153279e-01 -7.006425e+00 -9.788729e-01 2.687530e-02 2.026955e-01 6.353128e+01
2.032934e-01 1.150272e-01 9.723377e-01 7.361846e+01 3.086301e-03 9.929950e-01 -1.181162e-01 -7.061208e+00 -9.791130e-01 2.701316e-02 2.015143e-01 6.362565e+01
2.021008e-01 1.138747e-01 9.727219e-01 7.413111e+01 3.957224e-03 9.931141e-01 -1.170842e-01 -7.126033e+00 -9.793567e-01 2.751209e-02 2.002586e-01 6.370624e+01
2.029221e-01 1.118681e-01 9.727837e-01 7.468524e+01 1.059713e-02 9.931435e-01 -1.164200e-01 -7.191847e+00 -9.791375e-01 3.393291e-02 2.003452e-01 6.382404e+01
2.052091e-01 1.102537e-01 9.724882e-01 7.522366e+01 1.478825e-02 9.931719e-01 -1.157192e-01 -7.254052e+00 -9.786064e-01 3.812803e-02 2.021774e-01 6.392203e+01
2.071046e-01 1.099150e-01 9.721247e-01 7.576989e+01 1.649015e-02 9.931352e-01 -1.158037e-01 -7.324810e+00 -9.781798e-01 4.001395e-02 2.038703e-01 6.403554e+01
2.102905e-01 1.102481e-01 9.714027e-01 7.630627e+01 1.302278e-02 9.932171e-01 -1.155431e-01 -7.391378e+00 -9.775522e-01 3.694798e-02 2.074284e-01 6.414604e+01
2.155178e-01 1.110550e-01 9.701643e-01 7.684094e+01 1.122596e-02 9.931645e-01 -1.161816e-01 -7.456643e+00 -9.764354e-01 3.593023e-02 2.127980e-01 6.426320e+01
2.219712e-01 1.102035e-01 9.688054e-01 7.743013e+01 1.244613e-02 9.931912e-01 -1.158291e-01 -7.516637e+00 -9.749738e-01 3.776859e-02 2.190882e-01 6.442290e+01
2.296915e-01 1.105487e-01 9.669647e-01 7.799864e+01 1.119800e-02 9.931623e-01 -1.162037e-01 -7.570305e+00 -9.731991e-01 3.751909e-02 2.268830e-01 6.456723e+01
2.380899e-01 1.085439e-01 9.651587e-01 7.856702e+01 1.108075e-02 9.933672e-01 -1.144498e-01 -7.636631e+00 -9.711799e-01 3.794403e-02 2.353080e-01 6.471366e+01
2.470344e-01 1.084992e-01 9.629133e-01 7.915170e+01 7.346632e-03 9.934734e-01 -1.138274e-01 -7.703379e+00 -9.689789e-01 3.519345e-02 2.446250e-01 6.487658e+01
2.561639e-01 1.085645e-01 9.605175e-01 7.972660e+01 5.541704e-03 9.934917e-01 -1.137694e-01 -7.771312e+00 -9.666175e-01 3.446651e-02 2.538951e-01 6.504860e+01
2.653267e-01 1.126384e-01 9.575564e-01 8.032302e+01 -7.029675e-06 9.931527e-01 -1.168236e-01 -7.837885e+00 -9.641586e-01 3.098970e-02 2.635108e-01 6.524684e+01
2.745029e-01 1.147878e-01 9.547104e-01 8.091835e+01 -3.754276e-03 9.929698e-01 -1.183084e-01 -7.909800e+00 -9.615790e-01 2.889174e-02 2.730040e-01 6.543662e+01
2.851956e-01 1.180898e-01 9.511668e-01 8.150990e+01 -9.440823e-03 9.926790e-01 -1.204129e-01 -7.982347e+00 -9.584228e-01 2.536143e-02 2.842225e-01 6.561071e+01
2.952501e-01 1.200764e-01 9.478444e-01 8.212096e+01 -1.162188e-02 9.924489e-01 -1.221069e-01 -8.058166e+00 -9.553493e-01 2.503633e-02 2.944162e-01 6.581084e+01
3.050308e-01 1.211307e-01 9.446076e-01 8.274054e+01 -1.508000e-02 9.923681e-01 -1.223856e-01 -8.127348e+00 -9.522231e-01 2.308669e-02 3.045295e-01 6.602260e+01
3.154351e-01 1.216195e-01 9.411213e-01 8.337520e+01 -1.601121e-02 9.922941e-01 -1.228660e-01 -8.195638e+00 -9.488121e-01 2.368777e-02 3.149517e-01 6.624514e+01
3.253112e-01 1.224626e-01 9.376436e-01 8.402616e+01 -1.940740e-02 9.922343e-01 -1.228592e-01 -8.260811e+00 -9.454078e-01 2.177023e-02 3.251616e-01 6.650719e+01
3.355559e-01 1.177600e-01 9.346308e-01 8.468136e+01 -1.960499e-02 9.928138e-01 -1.180522e-01 -8.339336e+00 -9.418163e-01 2.128967e-02 3.354532e-01 6.675945e+01
3.465460e-01 1.111137e-01 9.314288e-01 8.531385e+01 -1.680451e-02 9.935356e-01 -1.122704e-01 -8.412671e+00 -9.378824e-01 2.325466e-02 3.461730e-01 6.698287e+01
3.575740e-01 1.062938e-01 9.278160e-01 8.597271e+01 -1.460225e-02 9.940164e-01 -1.082503e-01 -8.483473e+00 -9.337706e-01 2.515931e-02 3.569866e-01 6.724174e+01
3.676716e-01 1.033647e-01 9.241934e-01 8.664244e+01 -1.596610e-02 9.943588e-01 -1.048604e-01 -8.557288e+00 -9.298186e-01 2.379843e-02 3.672478e-01 6.751556e+01
3.772783e-01 1.009579e-01 9.205806e-01 8.733266e+01 -1.010058e-02 9.944297e-01 -1.049173e-01 -8.627363e+00 -9.260448e-01 3.028463e-02 3.761965e-01 6.780244e+01
3.860055e-01 9.565132e-02 9.175241e-01 8.802160e+01 -4.007152e-03 9.947744e-01 -1.020188e-01 -8.689690e+00 -9.224878e-01 3.570316e-02 3.843717e-01 6.808866e+01
3.932555e-01 8.591098e-02 9.154067e-01 8.873066e+01 5.650550e-03 9.953803e-01 -9.584397e-02 -8.760194e+00 -9.194119e-01 4.286372e-02 3.909533e-01 6.838451e+01
4.003654e-01 8.207423e-02 9.126727e-01 8.946475e+01 1.013085e-02 9.955236e-01 -9.396894e-02 -8.831514e+00 -9.162996e-01 4.686806e-02 3.977417e-01 6.870429e+01
4.076064e-01 8.224795e-02 9.094461e-01 9.015830e+01 1.160862e-02 9.953883e-01 -9.522322e-02 -8.906924e+00 -9.130839e-01 4.937101e-02 4.047719e-01 6.901121e+01
4.153239e-01 8.881134e-02 9.053279e-01 9.086085e+01 1.299555e-02 9.945420e-01 -1.035249e-01 -8.978926e+00 -9.095808e-01 5.476159e-02 4.119029e-01 6.931432e+01
4.228063e-01 9.290130e-02 9.014456e-01 9.154023e+01 1.686848e-02 9.937523e-01 -1.103261e-01 -9.041016e+00 -9.060630e-01 6.185259e-02 4.185977e-01 6.961452e+01
4.279632e-01 9.516999e-02 8.987715e-01 9.223667e+01 1.447014e-02 9.935915e-01 -1.121006e-01 -9.128247e+00 -9.036803e-01 6.098027e-02 4.238435e-01 6.995017e+01
4.321527e-01 9.694547e-02 8.965744e-01 9.291921e+01 6.869682e-03 9.938221e-01 -1.107720e-01 -9.219649e+00 -9.017743e-01 5.402958e-02 4.288169e-01 7.028673e+01
4.365189e-01 1.008654e-01 8.940231e-01 9.356969e+01 -7.948484e-05 9.937000e-01 -1.120723e-01 -9.293963e+00 -8.996951e-01 4.885063e-02 4.337769e-01 7.057921e+01
4.404164e-01 1.039841e-01 8.917515e-01 9.424997e+01 -7.351807e-04 9.933114e-01 -1.154636e-01 -9.374846e+00 -8.977933e-01 5.019645e-02 4.375471e-01 7.092838e+01
4.442128e-01 1.085513e-01 8.893209e-01 9.492120e+01 -4.953837e-03 9.929152e-01 -1.187217e-01 -9.467440e+00 -8.959076e-01 4.833217e-02 4.416034e-01 7.127332e+01
4.474282e-01 1.117662e-01 8.873084e-01 9.559214e+01 -8.978498e-03 9.926715e-01 -1.205104e-01 -9.570092e+00 -8.942748e-01 4.595308e-02 4.451527e-01 7.162963e+01
4.516323e-01 1.107603e-01 8.853025e-01 9.622130e+01 -1.145231e-02 9.929023e-01 -1.183798e-01 -9.656676e+00 -8.921307e-01 4.332538e-02 4.496952e-01 7.192682e+01
4.554259e-01 1.080060e-01 8.836979e-01 9.684811e+01 -1.124416e-02 9.932324e-01 -1.155986e-01 -9.741836e+00 -8.902027e-01 4.271016e-02 4.535582e-01 7.225120e+01
4.589214e-01 1.057321e-01 8.821632e-01 9.747316e+01 -1.252276e-02 9.935649e-01 -1.125696e-01 -9.826730e+00 -8.883886e-01 4.061348e-02 4.572922e-01 7.257259e+01
4.625586e-01 1.052277e-01 8.803219e-01 9.807695e+01 -1.443081e-02 9.936936e-01 -1.111968e-01 -9.907086e+00 -8.864713e-01 3.873127e-02 4.611600e-01 7.288103e+01
4.661693e-01 1.067798e-01 8.782279e-01 9.868122e+01 -1.593536e-02 9.935418e-01 -1.123417e-01 -9.979257e+00 -8.845520e-01 3.837539e-02 4.648603e-01 7.320273e+01
4.685533e-01 1.075107e-01 8.768690e-01 9.929408e+01 -1.571045e-02 9.934245e-01 -1.134064e-01 -1.006401e+01 -8.832955e-01 3.936092e-02 4.671614e-01 7.355298e+01
4.707845e-01 1.062750e-01 8.758239e-01 9.988636e+01 -1.442339e-02 9.935127e-01 -1.128026e-01 -1.013579e+01 -8.821303e-01 4.047338e-02 4.692632e-01 7.386361e+01
4.725779e-01 1.051474e-01 8.749938e-01 1.004691e+02 -1.216031e-02 9.935404e-01 -1.128254e-01 -1.020657e+01 -8.812050e-01 4.267858e-02 4.708038e-01 7.417913e+01
4.740308e-01 1.051363e-01 8.742089e-01 1.010462e+02 -1.351168e-02 9.935974e-01 -1.121680e-01 -1.028492e+01 -8.804046e-01 4.135904e-02 4.724163e-01 7.451241e+01
4.761108e-01 1.045503e-01 8.731482e-01 1.016156e+02 -1.220452e-02 9.935974e-01 -1.123179e-01 -1.035774e+01 -8.793006e-01 4.281941e-02 4.743384e-01 7.482476e+01
4.781395e-01 1.065920e-01 8.717917e-01 1.021826e+02 -1.352671e-02 9.933841e-01 -1.140401e-01 -1.043686e+01 -8.781797e-01 4.273459e-02 4.764180e-01 7.516053e+01
4.810189e-01 1.065516e-01 8.702112e-01 1.027380e+02 -1.080258e-02 9.932321e-01 -1.156434e-01 -1.051127e+01 -8.766437e-01 4.622614e-02 4.789144e-01 7.547050e+01
4.839453e-01 1.060856e-01 8.686442e-01 1.032884e+02 -9.314733e-03 9.931930e-01 -1.161070e-01 -1.058543e+01 -8.750486e-01 4.809825e-02 4.816393e-01 7.578927e+01
4.871210e-01 1.045301e-01 8.670563e-01 1.038220e+02 -6.781178e-03 9.932340e-01 -1.159321e-01 -1.065628e+01 -8.733082e-01 5.059328e-02 4.845340e-01 7.609491e+01
4.903807e-01 1.037611e-01 8.653094e-01 1.043449e+02 -5.852916e-03 9.932569e-01 -1.157866e-01 -1.072864e+01 -8.714887e-01 5.171495e-02 4.876813e-01 7.639877e+01
4.935249e-01 1.035712e-01 8.635428e-01 1.048635e+02 -5.202294e-03 9.932180e-01 -1.161509e-01 -1.079788e+01 -8.697161e-01 5.283097e-02 4.907166e-01 7.670574e+01
4.970319e-01 1.027872e-01 8.616229e-01 1.053658e+02 -4.413719e-03 9.932461e-01 -1.159431e-01 -1.086170e+01 -8.677210e-01 5.382444e-02 4.941287e-01 7.699365e+01
5.002835e-01 1.023779e-01 8.597879e-01 1.058720e+02 -3.345098e-03 9.932064e-01 -1.163181e-01 -1.093290e+01 -8.658552e-01 5.531595e-02 4.972272e-01 7.729646e+01
5.045938e-01 1.037472e-01 8.571007e-01 1.063610e+02 -4.193842e-03 9.930365e-01 -1.177325e-01 -1.099810e+01 -8.633467e-01 5.581254e-02 5.015151e-01 7.757217e+01
5.090641e-01 1.037798e-01 8.544492e-01 1.068549e+02 -1.890303e-03 9.928370e-01 -1.194619e-01 -1.106159e+01 -8.607265e-01 5.919861e-02 5.056138e-01 7.786630e+01
5.137253e-01 1.073601e-01 8.512110e-01 1.073391e+02 -4.430761e-03 9.924585e-01 -1.225010e-01 -1.112988e+01 -8.579433e-01 5.916035e-02 5.103267e-01 7.816327e+01
5.190815e-01 1.129877e-01 8.472238e-01 1.078158e+02 -7.381825e-03 9.917798e-01 -1.277432e-01 -1.119325e+01 -8.546929e-01 6.005509e-02 5.156486e-01 7.846301e+01
5.243533e-01 1.202875e-01 8.429617e-01 1.082878e+02 -1.339515e-02 9.910145e-01 -1.330818e-01 -1.126625e+01 -8.513954e-01 5.849029e-02 5.212530e-01 7.877684e+01
5.302123e-01 1.266217e-01 8.383566e-01 1.087504e+02 -1.867852e-02 9.902901e-01 -1.377560e-01 -1.133428e+01 -8.476591e-01 5.738064e-02 5.274291e-01 7.907901e+01
5.362709e-01 1.315234e-01 8.337356e-01 1.092112e+02 -2.327627e-02 9.897135e-01 -1.411576e-01 -1.140459e+01 -8.437249e-01 5.629245e-02 5.338159e-01 7.938658e+01
5.416598e-01 1.321302e-01 8.301484e-01 1.096895e+02 -2.821257e-02 9.898702e-01 -1.391440e-01 -1.148496e+01 -8.401242e-01 5.194808e-02 5.399006e-01 7.970695e+01
5.470145e-01 1.313613e-01 8.267523e-01 1.101718e+02 -3.475111e-02 9.903233e-01 -1.343580e-01 -1.156106e+01 -8.364015e-01 4.476522e-02 5.462862e-01 8.002688e+01
5.529305e-01 1.292716e-01 8.231383e-01 1.106520e+02 -4.130732e-02 9.909297e-01 -1.278752e-01 -1.163084e+01 -8.322028e-01 3.670447e-02 5.532551e-01 8.034968e+01
5.581833e-01 1.279825e-01 8.197877e-01 1.111402e+02 -4.788474e-02 9.913543e-01 -1.221628e-01 -1.170042e+01 -8.283347e-01 2.893390e-02 5.594858e-01 8.071422e+01
5.639366e-01 1.263823e-01 8.160901e-01 1.116379e+02 -5.108025e-02 9.916662e-01 -1.182750e-01 -1.177441e+01 -8.242368e-01 2.501351e-02 5.656925e-01 8.107982e+01
5.702434e-01 1.299193e-01 8.111372e-01 1.121409e+02 -5.631107e-02 9.912740e-01 -1.191840e-01 -1.184985e+01 -8.195435e-01 2.228789e-02 5.725833e-01 8.143805e+01
5.762157e-01 1.339836e-01 8.062405e-01 1.126416e+02 -6.053906e-02 9.907582e-01 -1.213804e-01 -1.191891e+01 -8.150524e-01 2.113223e-02 5.790017e-01 8.180703e+01
5.819144e-01 1.371000e-01 8.016104e-01 1.131286e+02 -6.334292e-02 9.903340e-01 -1.233950e-01 -1.199330e+01 -8.107794e-01 2.102896e-02 5.849740e-01 8.219688e+01
5.888327e-01 1.392703e-01 7.961658e-01 1.136558e+02 -6.629351e-02 9.900458e-01 -1.241552e-01 -1.207471e+01 -8.055317e-01 2.032605e-02 5.922040e-01 8.256632e+01
5.949322e-01 1.410710e-01 7.912993e-01 1.142076e+02 -7.006740e-02 9.898322e-01 -1.237854e-01 -1.213684e+01 -8.007161e-01 1.819961e-02 5.987675e-01 8.298890e+01
6.006367e-01 1.444510e-01 7.863647e-01 1.147497e+02 -7.750039e-02 9.894309e-01 -1.225572e-01 -1.219689e+01 -7.957570e-01 1.266882e-02 6.054835e-01 8.342503e+01
6.075855e-01 1.420812e-01 7.814428e-01 1.152980e+02 -7.802509e-02 9.897881e-01 -1.192965e-01 -1.228771e+01 -7.904125e-01 1.151070e-02 6.124668e-01 8.387189e+01
6.151221e-01 1.397898e-01 7.759405e-01 1.158585e+02 -7.823037e-02 9.901215e-01 -1.163590e-01 -1.237413e+01 -7.845411e-01 1.087288e-02 6.199814e-01 8.432969e+01
6.223081e-01 1.394196e-01 7.702563e-01 1.164025e+02 -7.863958e-02 9.901675e-01 -1.156896e-01 -1.245936e+01 -7.788122e-01 1.142197e-02 6.271532e-01 8.480221e+01
6.292066e-01 1.419425e-01 7.641671e-01 1.169740e+02 -8.353306e-02 9.898378e-01 -1.150801e-01 -1.253768e+01 -7.727362e-01 8.575957e-03 6.346693e-01 8.530582e+01
6.369152e-01 1.426061e-01 7.576295e-01 1.175526e+02 -8.461020e-02 9.897363e-01 -1.151657e-01 -1.261559e+01 -7.662768e-01 9.247617e-03 6.424441e-01 8.580521e+01
6.434365e-01 1.437401e-01 7.518831e-01 1.181273e+02 -8.733331e-02 9.895833e-01 -1.144452e-01 -1.269149e+01 -7.605014e-01 7.973763e-03 6.492874e-01 8.631765e+01
6.485317e-01 1.426120e-01 7.477088e-01 1.187137e+02 -8.697992e-02 9.897425e-01 -1.133328e-01 -1.277130e+01 -7.562018e-01 8.464291e-03 6.542838e-01 8.684390e+01
6.525321e-01 1.414958e-01 7.444332e-01 1.193095e+02 -8.634912e-02 9.898970e-01 -1.124623e-01 -1.285316e+01 -7.528252e-01 9.104131e-03 6.581576e-01 8.737468e+01
6.563543e-01 1.393910e-01 7.414642e-01 1.199220e+02 -8.353086e-02 9.901682e-01 -1.122032e-01 -1.292948e+01 -7.498144e-01 1.170993e-02 6.615446e-01 8.792024e+01
6.598299e-01 1.359377e-01 7.390165e-01 1.205337e+02 -7.874918e-02 9.905939e-01 -1.119028e-01 -1.301194e+01 -7.472771e-01 1.563987e-02 6.643285e-01 8.848165e+01
6.640079e-01 1.296550e-01 7.363987e-01 1.211556e+02 -7.100825e-02 9.913348e-01 -1.105128e-01 -1.309097e+01 -7.443463e-01 2.109098e-02 6.674607e-01 8.903628e+01
6.678729e-01 1.242713e-01 7.338273e-01 1.217789e+02 -6.588139e-02 9.919628e-01 -1.080255e-01 -1.317386e+01 -7.413538e-01 2.380175e-02 6.706922e-01 8.960631e+01
6.712553e-01 1.190994e-01 7.315953e-01 1.224089e+02 -6.066252e-02 9.925228e-01 -1.059176e-01 -1.325285e+01 -7.387398e-01 2.671733e-02 6.734610e-01 9.018624e+01
6.745687e-01 1.177480e-01 7.287609e-01 1.230317e+02 -6.037336e-02 9.926899e-01 -1.045079e-01 -1.333626e+01 -7.357392e-01 2.650000e-02 6.767464e-01 9.077802e+01
6.773998e-01 1.198686e-01 7.257830e-01 1.236588e+02 -6.192995e-02 9.924245e-01 -1.061050e-01 -1.341831e+01 -7.330035e-01 2.692781e-02 6.796916e-01 9.137222e+01
6.803886e-01 1.252200e-01 7.220743e-01 1.242771e+02 -6.849499e-02 9.918469e-01 -1.074624e-01 -1.350347e+01 -7.296436e-01 2.365775e-02 6.834183e-01 9.196101e+01
6.824886e-01 1.298589e-01 7.192676e-01 1.248957e+02 -7.624133e-02 9.913701e-01 -1.066424e-01 -1.359264e+01 -7.269089e-01 1.794430e-02 6.864994e-01 9.257532e+01
6.850909e-01 1.276624e-01 7.171839e-01 1.255289e+02 -7.797086e-02 9.917190e-01 -1.020493e-01 -1.368632e+01 -7.242727e-01 1.399359e-02 6.893716e-01 9.319578e+01
6.880193e-01 1.255517e-01 7.147491e-01 1.261636e+02 -8.178434e-02 9.920604e-01 -9.553791e-02 -1.377029e+01 -7.210692e-01 7.276638e-03 6.928248e-01 9.383776e+01
6.914638e-01 1.198705e-01 7.123966e-01 1.268109e+02 -8.071829e-02 9.927821e-01 -8.870273e-02 -1.384778e+01 -7.178874e-01 3.831293e-03 6.961487e-01 9.449793e+01
6.962294e-01 1.159657e-01 7.083901e-01 1.274601e+02 -7.897300e-02 9.932480e-01 -8.498058e-02 -1.392647e+01 -7.134619e-01 3.222282e-03 7.006866e-01 9.513555e+01
7.014556e-01 1.124859e-01 7.037805e-01 1.280953e+02 -7.298784e-02 9.936125e-01 -8.606327e-02 -1.399845e+01 -7.089660e-01 9.002145e-03 7.051852e-01 9.574148e+01
7.070828e-01 1.091766e-01 6.986518e-01 1.287287e+02 -6.274972e-02 9.937992e-01 -9.179159e-02 -1.407241e+01 -7.043411e-01 2.106405e-02 7.095491e-01 9.637234e+01
7.126955e-01 1.109159e-01 6.926491e-01 1.293558e+02 -5.776980e-02 9.933465e-01 -9.962575e-02 -1.415391e+01 -6.990907e-01 3.098862e-02 7.143612e-01 9.700438e+01
7.183976e-01 1.111389e-01 6.866972e-01 1.299771e+02 -5.463414e-02 9.931199e-01 -1.035758e-01 -1.422661e+01 -6.934840e-01 3.689153e-02 7.195269e-01 9.764680e+01
7.239091e-01 1.075164e-01 6.814660e-01 1.306102e+02 -5.348683e-02 9.935551e-01 -9.993725e-02 -1.432202e+01 -6.878189e-01 3.589602e-02 7.249942e-01 9.834544e+01
7.298867e-01 1.019223e-01 6.759270e-01 1.312406e+02 -4.894122e-02 9.940757e-01 -9.704736e-02 -1.440765e+01 -6.818139e-01 3.775289e-02 7.305509e-01 9.902875e+01
7.353582e-01 9.842734e-02 6.704927e-01 1.318613e+02 -4.435923e-02 9.942655e-01 -9.730603e-02 -1.449441e+01 -6.762253e-01 4.181225e-02 7.355074e-01 9.971091e+01
7.398750e-01 1.004891e-01 6.651969e-01 1.324712e+02 -4.242506e-02 9.937825e-01 -1.029395e-01 -1.457870e+01 -6.714053e-01 4.794132e-02 7.395381e-01 1.003959e+02
7.430512e-01 1.025672e-01 6.613281e-01 1.330832e+02 -4.443529e-02 9.935665e-01 -1.041686e-01 -1.467665e+01 -6.677577e-01 4.801628e-02 7.428284e-01 1.011140e+02
7.463486e-01 9.914578e-02 6.581291e-01 1.336965e+02 -4.127069e-02 9.938335e-01 -1.029161e-01 -1.476193e+01 -6.642745e-01 4.964984e-02 7.458380e-01 1.018088e+02
7.488601e-01 9.378808e-02 6.560582e-01 1.343144e+02 -3.817829e-02 9.943968e-01 -9.857717e-02 -1.485387e+01 -6.616275e-01 4.877333e-02 7.482447e-01 1.025144e+02
7.504097e-01 8.990943e-02 6.548295e-01 1.349402e+02 -3.532701e-02 9.947449e-01 -9.609710e-02 -1.494123e+01 -6.600283e-01 4.897903e-02 7.496424e-01 1.032291e+02
7.510326e-01 8.529072e-02 6.547331e-01 1.355589e+02 -3.161087e-02 9.951292e-01 -9.337316e-02 -1.502515e+01 -6.595079e-01 4.942960e-02 7.500707e-01 1.039559e+02
7.515981e-01 8.407435e-02 6.542414e-01 1.361775e+02 -3.072604e-02 9.952296e-01 -9.259526e-02 -1.510115e+01 -6.589053e-01 4.949218e-02 7.505960e-01 1.046645e+02
7.511701e-01 8.457678e-02 6.546680e-01 1.367929e+02 -3.183453e-02 9.952455e-01 -9.204896e-02 -1.518407e+01 -6.593406e-01 4.830338e-02 7.502911e-01 1.054017e+02
7.504861e-01 8.706060e-02 6.551268e-01 1.374038e+02 -3.369163e-02 9.950363e-01 -9.363585e-02 -1.526860e+01 -6.600269e-01 4.820012e-02 7.496941e-01 1.061080e+02
7.489352e-01 9.112133e-02 6.563482e-01 1.380195e+02 -3.768388e-02 9.947539e-01 -9.510276e-02 -1.535119e+01 -6.615708e-01 4.649206e-02 7.484401e-01 1.068360e+02
7.467619e-01 9.546669e-02 6.582042e-01 1.386422e+02 -4.181821e-02 9.944261e-01 -9.678808e-02 -1.544485e+01 -6.637754e-01 4.475274e-02 7.465918e-01 1.075649e+02
7.446033e-01 9.871163e-02 6.601681e-01 1.392593e+02 -4.629708e-02 9.942607e-01 -9.644837e-02 -1.553316e+01 -6.658998e-01 4.125192e-02 7.448998e-01 1.082794e+02
7.421305e-01 1.000821e-01 6.627412e-01 1.398819e+02 -4.800278e-02 9.941863e-01 -9.638138e-02 -1.561882e+01 -6.685343e-01 3.971414e-02 7.426202e-01 1.090084e+02
7.400076e-01 9.929108e-02 6.652294e-01 1.405118e+02 -4.818800e-02 9.943287e-01 -9.480712e-02 -1.570374e+01 -6.708701e-01 3.810191e-02 7.405954e-01 1.097166e+02
7.375923e-01 9.798675e-02 6.680990e-01 1.411386e+02 -4.892145e-02 9.945696e-01 -9.185848e-02 -1.578817e+01 -6.734719e-01 3.506974e-02 7.383805e-01 1.104224e+02
7.350970e-01 9.414886e-02 6.713929e-01 1.417686e+02 -4.491875e-02 9.948981e-01 -9.033293e-02 -1.587802e+01 -6.764723e-01 3.624534e-02 7.355757e-01 1.111173e+02
7.323658e-01 9.876660e-02 6.737102e-01 1.423931e+02 -4.603527e-02 9.943424e-01 -9.572834e-02 -1.596758e+01 -6.793534e-01 3.909373e-02 7.327692e-01 1.117952e+02
7.283749e-01 1.092845e-01 6.764073e-01 1.430013e+02 -5.134595e-02 9.931283e-01 -1.051650e-01 -1.604628e+01 -6.832522e-01 4.186880e-02 7.289811e-01 1.124871e+02
7.248876e-01 1.160170e-01 6.790273e-01 1.436170e+02 -5.373399e-02 9.922354e-01 -1.121679e-01 -1.613377e+01 -6.867683e-01 4.482224e-02 7.254931e-01 1.131521e+02
7.213056e-01 1.147618e-01 6.830432e-01 1.442392e+02 -5.518987e-02 9.925649e-01 -1.084848e-01 -1.622600e+01 -6.904146e-01 4.055365e-02 7.222763e-01 1.138208e+02
7.175067e-01 1.134387e-01 6.872524e-01 1.448697e+02 -5.785324e-02 9.929458e-01 -1.034968e-01 -1.631974e+01 -6.941449e-01 3.449986e-02 7.190080e-01 1.144928e+02
7.139216e-01 1.120876e-01 6.911962e-01 1.454884e+02 -5.973627e-02 9.932558e-01 -9.937073e-02 -1.640343e+01 -6.976729e-01 2.965343e-02 7.158025e-01 1.151421e+02
7.107139e-01 1.123916e-01 6.944450e-01 1.461162e+02 -5.921551e-02 9.932095e-01 -1.001420e-01 -1.648903e+01 -7.009845e-01 3.005039e-02 7.125431e-01 1.157947e+02
7.076956e-01 1.112678e-01 6.977008e-01 1.467558e+02 -5.745968e-02 9.933140e-01 -1.001287e-01 -1.657455e+01 -7.041770e-01 3.077099e-02 7.093574e-01 1.164485e+02
7.052175e-01 1.102954e-01 7.003593e-01 1.473945e+02 -5.335994e-02 9.932806e-01 -1.026957e-01 -1.666528e+01 -7.069802e-01 3.505168e-02 7.063642e-01 1.170827e+02
7.020231e-01 1.097159e-01 7.036519e-01 1.480317e+02 -4.974356e-02 9.932025e-01 -1.052352e-01 -1.675382e+01 -7.104148e-01 3.887540e-02 7.027087e-01 1.177157e+02
6.985327e-01 1.106894e-01 7.069653e-01 1.486716e+02 -4.688045e-02 9.929203e-01 -1.091401e-01 -1.684077e+01 -7.140408e-01 4.309508e-02 6.987765e-01 1.183455e+02
6.947202e-01 1.111118e-01 7.106462e-01 1.493127e+02 -4.701810e-02 9.928985e-01 -1.092784e-01 -1.693214e+01 -7.177417e-01 4.250470e-02 6.950109e-01 1.189695e+02
6.907373e-01 1.129074e-01 7.142366e-01 1.499585e+02 -4.885705e-02 9.927646e-01 -1.096878e-01 -1.702510e+01 -7.214534e-01 4.086997e-02 6.912558e-01 1.195896e+02
6.860865e-01 1.127597e-01 7.187284e-01 1.506102e+02 -4.800148e-02 9.927792e-01 -1.099335e-01 -1.712192e+01 -7.259347e-01 4.092388e-02 6.865450e-01 1.202050e+02
6.803818e-01 1.158221e-01 7.236476e-01 1.512586e+02 -5.064191e-02 9.925025e-01 -1.112391e-01 -1.721964e+01 -7.311061e-01 3.903813e-02 6.811461e-01 1.208182e+02
6.737593e-01 1.233188e-01 7.285883e-01 1.519042e+02 -5.451445e-02 9.915849e-01 -1.174209e-01 -1.732072e+01 -7.369373e-01 3.939480e-02 6.748122e-01 1.214439e+02
6.677365e-01 1.284029e-01 7.332399e-01 1.525681e+02 -5.561380e-02 9.908631e-01 -1.228715e-01 -1.740879e+01 -7.423174e-01 4.126756e-02 6.687764e-01 1.220655e+02
6.619534e-01 1.312622e-01 7.379620e-01 1.532377e+02 -5.589793e-02 9.904501e-01 -1.260320e-01 -1.750910e+01 -7.474578e-01 4.217676e-02 6.629691e-01 1.226321e+02
6.556033e-01 1.262168e-01 7.444822e-01 1.539319e+02 -5.664134e-02 9.913737e-01 -1.181946e-01 -1.761841e+01 -7.529782e-01 3.532031e-02 6.570969e-01 1.232360e+02
6.481783e-01 1.224115e-01 7.515852e-01 1.546249e+02 -6.178944e-02 9.921949e-01 -1.083117e-01 -1.772756e+01 -7.589776e-01 2.376524e-02 6.506829e-01 1.238660e+02
6.409834e-01 1.179157e-01 7.584432e-01 1.553234e+02 -6.138787e-02 9.928394e-01 -1.024767e-01 -1.783703e+01 -7.650959e-01 1.912667e-02 6.436322e-01 1.244748e+02
6.333319e-01 1.189636e-01 7.646818e-01 1.560469e+02 -6.528915e-02 9.928048e-01 -1.003790e-01 -1.793174e+01 -7.711212e-01 1.364777e-02 6.365420e-01 1.251109e+02
6.256937e-01 1.206028e-01 7.706895e-01 1.567736e+02 -6.349012e-02 9.925718e-01 -1.037793e-01 -1.801735e+01 -7.774808e-01 1.600286e-02 6.287031e-01 1.257057e+02
6.197538e-01 1.210506e-01 7.754044e-01 1.575001e+02 -5.880986e-02 9.924181e-01 -1.079245e-01 -1.812724e+01 -7.825897e-01 2.128520e-02 6.221739e-01 1.262570e+02
6.131012e-01 1.295219e-01 7.793144e-01 1.582333e+02 -5.728187e-02 9.911604e-01 -1.196659e-01 -1.822170e+01 -7.879249e-01 2.872672e-02 6.151009e-01 1.268325e+02
6.064087e-01 1.308149e-01 7.843188e-01 1.589961e+02 -5.291141e-02 9.908268e-01 -1.243487e-01 -1.831594e+01 -7.933908e-01 3.390671e-02 6.077676e-01 1.274127e+02
5.999612e-01 1.266795e-01 7.899360e-01 1.597452e+02 -4.951270e-02 9.913707e-01 -1.213777e-01 -1.842214e+01 -7.984955e-01 3.371006e-02 6.010562e-01 1.279741e+02
5.936127e-01 1.209484e-01 7.956101e-01 1.605110e+02 -4.498618e-02 9.920828e-01 -1.172515e-01 -1.853053e+01 -8.034925e-01 3.381054e-02 5.943540e-01 1.285222e+02
5.868477e-01 1.205305e-01 8.006761e-01 1.612695e+02 -4.386272e-02 9.921388e-01 -1.172038e-01 -1.862812e+01 -8.085084e-01 3.366094e-02 5.875211e-01 1.290870e+02
5.798620e-01 1.224743e-01 8.054564e-01 1.620000e+02 -4.575364e-02 9.919713e-01 -1.178961e-01 -1.874182e+01 -8.134289e-01 3.151092e-02 5.808101e-01 1.296113e+02
5.732554e-01 1.201370e-01 8.105216e-01 1.627405e+02 -4.134736e-02 9.921740e-01 -1.178182e-01 -1.886888e+01 -8.183328e-01 3.402699e-02 5.737365e-01 1.301765e+02
5.691346e-01 1.143331e-01 8.142565e-01 1.634842e+02 -3.665414e-02 9.928287e-01 -1.137873e-01 -1.898138e+01 -8.214270e-01 3.491442e-02 5.692440e-01 1.306579e+02
5.644079e-01 1.120677e-01 8.178536e-01 1.642262e+02 -3.617643e-02 9.931481e-01 -1.111221e-01 -1.908661e+01 -8.247029e-01 3.313114e-02 5.645949e-01 1.311732e+02
5.602683e-01 1.113378e-01 8.207943e-01 1.649633e+02 -3.799577e-02 9.933365e-01 -1.088069e-01 -1.919014e+01 -8.274393e-01 2.977434e-02 5.607653e-01 1.316709e+02
5.551224e-01 1.138623e-01 8.239384e-01 1.656973e+02 -3.884350e-02 9.930540e-01 -1.110623e-01 -1.929957e+01 -8.308612e-01 2.964853e-02 5.556894e-01 1.321885e+02
5.517452e-01 1.166792e-01 8.258106e-01 1.664246e+02 -3.787016e-02 9.926492e-01 -1.149499e-01 -1.940249e+01 -8.331525e-01 3.214947e-02 5.521081e-01 1.326771e+02
5.488601e-01 1.228877e-01 8.268321e-01 1.671336e+02 -3.844342e-02 9.917992e-01 -1.218867e-01 -1.949282e+01 -8.350298e-01 3.511251e-02 5.490832e-01 1.331370e+02
5.453879e-01 1.259129e-01 8.286724e-01 1.678427e+02 -4.179753e-02 9.915079e-01 -1.231461e-01 -1.960981e+01 -8.371409e-01 3.252591e-02 5.460193e-01 1.336070e+02
5.424519e-01 1.216185e-01 8.312370e-01 1.685558e+02 -4.150636e-02 9.921370e-01 -1.180734e-01 -1.971046e+01 -8.390609e-01 2.954753e-02 5.432345e-01 1.340895e+02
5.406070e-01 1.134605e-01 8.335891e-01 1.692720e+02 -3.748124e-02 9.931281e-01 -1.108678e-01 -1.980657e+01 -8.404399e-01 2.869195e-02 5.411447e-01 1.345587e+02
5.382342e-01 1.077927e-01 8.358736e-01 1.699730e+02 -3.218575e-02 9.936926e-01 -1.074198e-01 -1.990200e+01 -8.421805e-01 3.091379e-02 5.383088e-01 1.350066e+02
5.357031e-01 1.062241e-01 8.376984e-01 1.706675e+02 -2.648013e-02 9.936814e-01 -1.090696e-01 -1.998880e+01 -8.439911e-01 3.624655e-02 5.351310e-01 1.354582e+02
5.336481e-01 1.087332e-01 8.386875e-01 1.713602e+02 -2.493735e-02 9.932923e-01 -1.129098e-01 -2.008026e+01 -8.453389e-01 3.933944e-02 5.327800e-01 1.359009e+02
5.311135e-01 1.160693e-01 8.393130e-01 1.720351e+02 -2.820154e-02 9.924456e-01 -1.194003e-01 -2.018669e+01 -8.468312e-01 3.974519e-02 5.303746e-01 1.363432e+02
5.290377e-01 1.243242e-01 8.394418e-01 1.726987e+02 -2.998526e-02 9.913308e-01 -1.279220e-01 -2.028941e+01 -8.480684e-01 4.250467e-02 5.281793e-01 1.367705e+02
5.272510e-01 1.257323e-01 8.403558e-01 1.733726e+02 -2.547676e-02 9.908863e-01 -1.322699e-01 -2.037465e+01 -8.493276e-01 4.832989e-02 5.256490e-01 1.371914e+02
5.249019e-01 1.196305e-01 8.427138e-01 1.740416e+02 -2.561653e-02 9.918455e-01 -1.248452e-01 -2.046887e+01 -8.507772e-01 4.394409e-02 5.236861e-01 1.376036e+02
5.212579e-01 1.124132e-01 8.459631e-01 1.747062e+02 -3.268464e-02 9.931888e-01 -1.118375e-01 -2.056689e+01 -8.527731e-01 3.064617e-02 5.213817e-01 1.380267e+02
5.181528e-01 1.086871e-01 8.483542e-01 1.753574e+02 -3.904540e-02 9.938647e-01 -1.034814e-01 -2.065468e+01 -8.543964e-01 2.049482e-02 5.192175e-01 1.384371e+02
5.160947e-01 1.109876e-01 8.493103e-01 1.760011e+02 -4.028429e-02 9.936172e-01 -1.053663e-01 -2.073877e+01 -8.555837e-01 2.016511e-02 5.172716e-01 1.388451e+02
5.139008e-01 1.132069e-01 8.503471e-01 1.766283e+02 -3.708737e-02 9.932594e-01 -1.098193e-01 -2.081610e+01 -8.570476e-01 2.489911e-02 5.146353e-01 1.392221e+02
5.117329e-01 1.150286e-01 8.514093e-01 1.772680e+02 -3.526440e-02 9.929736e-01 -1.129591e-01 -2.089409e+01 -8.584206e-01 2.778045e-02 5.121937e-01 1.396061e+02
5.088742e-01 1.147630e-01 8.531568e-01 1.778959e+02 -3.628571e-02 9.930525e-01 -1.119382e-01 -2.097304e+01 -8.600758e-01 2.600507e-02 5.095030e-01 1.399953e+02
5.062584e-01 1.142244e-01 8.547837e-01 1.785271e+02 -3.660450e-02 9.931423e-01 -1.110337e-01 -2.105584e+01 -8.616047e-01 2.492281e-02 5.069677e-01 1.403858e+02
5.039823e-01 1.136530e-01 8.562037e-01 1.791428e+02 -3.620097e-02 9.932132e-01 -1.105310e-01 -2.113446e+01 -8.629550e-01 2.471025e-02 5.046762e-01 1.407559e+02
5.009788e-01 1.141457e-01 8.578992e-01 1.797504e+02 -3.469921e-02 9.931164e-01 -1.118738e-01 -2.121621e+01 -8.647637e-01 2.627798e-02 5.014910e-01 1.411161e+02
4.971119e-01 1.155508e-01 8.599580e-01 1.803214e+02 -3.351264e-02 9.929104e-01 -1.140428e-01 -2.129625e+01 -8.670390e-01 2.787259e-02 4.974600e-01 1.414593e+02
4.928772e-01 1.180138e-01 8.620585e-01 1.809131e+02 -3.392553e-02 9.926123e-01 -1.164896e-01 -2.137205e+01 -8.694373e-01 2.816926e-02 4.932396e-01 1.418000e+02
4.886189e-01 1.198547e-01 8.642259e-01 1.815054e+02 -3.331424e-02 9.923604e-01 -1.187897e-01 -2.144685e+01 -8.718611e-01 2.925185e-02 4.888789e-01 1.421285e+02
4.835382e-01 1.225693e-01 8.666992e-01 1.820787e+02 -3.367290e-02 9.920194e-01 -1.215058e-01 -2.152762e+01 -8.746753e-01 2.956841e-02 4.838065e-01 1.424455e+02
4.780982e-01 1.252828e-01 8.693252e-01 1.826495e+02 -3.216147e-02 9.916078e-01 -1.252179e-01 -2.161356e+01 -8.777173e-01 3.190769e-02 4.781152e-01 1.427557e+02
4.717231e-01 1.279019e-01 8.724210e-01 1.832185e+02 -2.982408e-02 9.911719e-01 -1.291854e-01 -2.169009e+01 -8.812422e-01 3.492060e-02 4.713732e-01 1.430731e+02
4.651554e-01 1.302335e-01 8.755967e-01 1.837974e+02 -3.090592e-02 9.909051e-01 -1.309655e-01 -2.177516e+01 -8.846894e-01 3.385821e-02 4.649499e-01 1.433780e+02
4.585520e-01 1.321651e-01 8.787847e-01 1.844025e+02 -3.479838e-02 9.907910e-01 -1.308524e-01 -2.185641e+01 -8.879860e-01 2.942235e-02 4.589283e-01 1.436997e+02
4.518823e-01 1.337988e-01 8.819866e-01 1.849842e+02 -3.896592e-02 9.907050e-01 -1.303275e-01 -2.195461e+01 -8.912262e-01 2.452528e-02 4.528956e-01 1.439871e+02
4.458354e-01 1.345408e-01 8.849461e-01 1.855936e+02 -3.916177e-02 9.906247e-01 -1.308778e-01 -2.205442e+01 -8.942579e-01 2.369390e-02 4.469244e-01 1.442881e+02
4.380129e-01 1.377733e-01 8.883486e-01 1.862136e+02 -3.970252e-02 9.901868e-01 -1.339915e-01 -2.214318e+01 -8.980915e-01 2.342032e-02 4.391846e-01 1.446439e+02
4.295237e-01 1.431337e-01 8.916401e-01 1.868145e+02 -4.243177e-02 9.894674e-01 -1.383974e-01 -2.222560e+01 -9.020582e-01 2.161111e-02 4.310731e-01 1.449656e+02
4.217187e-01 1.469050e-01 8.947470e-01 1.874409e+02 -4.372279e-02 9.889348e-01 -1.417615e-01 -2.230756e+01 -9.056719e-01 2.066266e-02 4.234754e-01 1.452739e+02
4.149638e-01 1.493225e-01 8.975009e-01 1.880871e+02 -4.520874e-02 9.886059e-01 -1.435777e-01 -2.241905e+01 -9.087140e-01 1.900467e-02 4.169863e-01 1.455632e+02
4.068787e-01 1.522154e-01 9.007109e-01 1.887454e+02 -4.531070e-02 9.881684e-01 -1.465271e-01 -2.251747e+01 -9.123578e-01 1.880689e-02 4.089616e-01 1.458940e+02
3.992038e-01 1.545292e-01 9.037461e-01 1.894261e+02 -4.684022e-02 9.878447e-01 -1.482187e-01 -2.264028e+01 -9.156650e-01 1.683782e-02 4.015896e-01 1.462230e+02
3.922102e-01 1.553245e-01 9.066672e-01 1.901028e+02 -4.309814e-02 9.876616e-01 -1.505563e-01 -2.274089e+01 -9.188654e-01 1.997406e-02 3.940652e-01 1.465182e+02
3.853053e-01 1.543911e-01 9.097819e-01 1.907964e+02 -4.057795e-02 9.877856e-01 -1.504431e-01 -2.284191e+01 -9.218965e-01 2.104944e-02 3.868639e-01 1.468087e+02
3.780301e-01 1.513484e-01 9.133383e-01 1.914975e+02 -3.862059e-02 9.882660e-01 -1.477795e-01 -2.295603e+01 -9.249874e-01 2.059144e-02 3.794394e-01 1.471020e+02
3.704684e-01 1.491884e-01 9.167857e-01 1.922097e+02 -3.958068e-02 9.886559e-01 -1.448895e-01 -2.306403e+01 -9.280014e-01 1.738997e-02 3.721708e-01 1.473955e+02
3.639954e-01 1.454371e-01 9.199758e-01 1.929461e+02 -3.848643e-02 9.892385e-01 -1.411592e-01 -2.316547e+01 -9.306053e-01 1.597471e-02 3.656756e-01 1.476969e+02
3.582878e-01 1.419275e-01 9.227602e-01 1.936904e+02 -3.429510e-02 9.897111e-01 -1.389090e-01 -2.326644e+01 -9.329811e-01 1.812324e-02 3.594688e-01 1.479818e+02
3.526121e-01 1.366735e-01 9.257349e-01 1.944526e+02 -3.492977e-02 9.905095e-01 -1.329319e-01 -2.336785e+01 -9.351174e-01 1.453770e-02 3.540396e-01 1.482737e+02
3.471471e-01 1.319178e-01 9.284862e-01 1.952344e+02 -3.359184e-02 9.911709e-01 -1.282645e-01 -2.346930e+01 -9.372089e-01 1.333710e-02 3.485135e-01 1.485748e+02
3.426082e-01 1.314351e-01 9.302389e-01 1.960256e+02 -2.889389e-02 9.911711e-01 -1.294026e-01 -2.357150e+01 -9.390340e-01 1.745618e-02 3.433810e-01 1.488653e+02
3.381407e-01 1.391704e-01 9.307483e-01 1.968152e+02 -2.469072e-02 9.899766e-01 -1.390563e-01 -2.367556e+01 -9.407716e-01 2.403977e-02 3.381876e-01 1.491494e+02
3.338087e-01 1.504567e-01 9.305560e-01 1.976318e+02 -2.047953e-02 9.881044e-01 -1.524150e-01 -2.378039e+01 -9.424184e-01 3.182010e-02 3.329191e-01 1.494465e+02
3.301244e-01 1.570892e-01 9.307743e-01 1.984457e+02 -1.388655e-02 9.867566e-01 -1.616123e-01 -2.388853e+01 -9.438353e-01 4.042690e-02 3.279338e-01 1.497490e+02
3.263656e-01 1.525215e-01 9.328573e-01 1.992990e+02 -7.102706e-03 9.872640e-01 -1.589320e-01 -2.402157e+01 -9.452169e-01 4.524413e-02 3.232923e-01 1.500454e+02
3.221535e-01 1.453657e-01 9.354603e-01 2.001985e+02 -6.674640e-04 9.881752e-01 -1.533275e-01 -2.414527e+01 -9.466872e-01 4.877059e-02 3.184411e-01 1.503431e+02
3.169209e-01 1.398095e-01 9.380908e-01 2.009641e+02 2.775150e-03 9.889348e-01 -1.483246e-01 -2.425777e+01 -9.484479e-01 4.961052e-02 3.130262e-01 1.506414e+02
3.122261e-01 1.460074e-01 9.387208e-01 2.018377e+02 -8.615898e-06 9.881194e-01 -1.536879e-01 -2.439686e+01 -9.500078e-01 4.797729e-02 3.085180e-01 1.509260e+02
3.072119e-01 1.559240e-01 9.387804e-01 2.026936e+02 -4.903383e-03 9.867319e-01 -1.622838e-01 -2.452290e+01 -9.516285e-01 4.525231e-02 3.039003e-01 1.512048e+02
3.019361e-01 1.589434e-01 9.399849e-01 2.035159e+02 -7.671386e-03 9.863766e-01 -1.643237e-01 -2.467399e+01 -9.532973e-01 4.240427e-02 2.990420e-01 1.514874e+02
2.961918e-01 1.547114e-01 9.425151e-01 2.044180e+02 -9.918311e-03 9.872391e-01 -1.589358e-01 -2.481344e+01 -9.550770e-01 3.772733e-02 2.939466e-01 1.517885e+02
2.899253e-01 1.516258e-01 9.449619e-01 2.052647e+02 -1.190713e-02 9.878652e-01 -1.548567e-01 -2.495726e+01 -9.569752e-01 3.364509e-02 2.882125e-01 1.520948e+02
2.834488e-01 1.527106e-01 9.467504e-01 2.060374e+02 -1.234960e-02 9.877391e-01 -1.556247e-01 -2.509415e+01 -9.589079e-01 3.241964e-02 2.818594e-01 1.523905e+02
2.781779e-01 1.568320e-01 9.476396e-01 2.069491e+02 -1.299550e-02 9.871045e-01 -1.595486e-01 -2.523722e+01 -9.604417e-01 3.206783e-02 2.766287e-01 1.526847e+02
2.736672e-01 1.570526e-01 9.489156e-01 2.078613e+02 -8.981654e-03 9.869530e-01 -1.607577e-01 -2.537218e+01 -9.617825e-01 3.547130e-02 2.715073e-01 1.529533e+02
2.696448e-01 1.560678e-01 9.502287e-01 2.087608e+02 -4.174786e-03 9.869593e-01 -1.609158e-01 -2.551719e+01 -9.629508e-01 3.942312e-02 2.667800e-01 1.532171e+02
2.656362e-01 1.552621e-01 9.514889e-01 2.096810e+02 -2.230091e-03 9.870429e-01 -1.604411e-01 -2.566162e+01 -9.640708e-01 4.049705e-02 2.625405e-01 1.534860e+02
2.620285e-01 1.546777e-01 9.525838e-01 2.106113e+02 -1.432866e-04 9.870782e-01 -1.602394e-01 -2.580112e+01 -9.650601e-01 4.185081e-02 2.586648e-01 1.537549e+02
2.587423e-01 1.541758e-01 9.535629e-01 2.115296e+02 8.503580e-04 9.871432e-01 -1.598359e-01 -2.594650e+01 -9.659460e-01 4.216717e-02 2.552846e-01 1.540164e+02
2.558822e-01 1.530732e-01 9.545119e-01 2.124435e+02 -9.111419e-04 9.874216e-01 -1.581066e-01 -2.609131e+01 -9.667075e-01 3.958697e-02 2.528031e-01 1.542695e+02
2.527720e-01 1.512881e-01 9.556245e-01 2.133410e+02 -1.172690e-03 9.877464e-01 -1.560632e-01 -2.623125e+01 -9.675252e-01 3.832775e-02 2.498520e-01 1.545101e+02
2.498462e-01 1.517463e-01 9.563210e-01 2.142643e+02 -4.545667e-03 9.878166e-01 -1.555563e-01 -2.637524e+01 -9.682749e-01 3.451803e-02 2.474920e-01 1.547604e+02
2.476495e-01 1.547301e-01 9.564143e-01 2.151972e+02 -6.850044e-03 9.874198e-01 -1.579725e-01 -2.652219e+01 -9.688255e-01 3.257033e-02 2.455939e-01 1.550094e+02
2.456942e-01 1.562606e-01 9.566697e-01 2.161018e+02 -7.664439e-03 9.872038e-01 -1.592795e-01 -2.666115e+01 -9.693171e-01 3.180172e-02 2.437479e-01 1.552605e+02
2.434282e-01 1.559270e-01 9.573032e-01 2.169989e+02 -6.564857e-03 9.872353e-01 -1.591331e-01 -2.680857e+01 -9.698967e-01 3.245291e-02 2.413445e-01 1.555070e+02
2.415595e-01 1.557781e-01 9.578007e-01 2.179390e+02 -6.931990e-03 9.872824e-01 -1.588248e-01 -2.694168e+01 -9.703613e-01 3.172617e-02 2.395673e-01 1.557597e+02
2.399322e-01 1.503789e-01 9.590718e-01 2.188369e+02 -4.935571e-03 9.881058e-01 -1.536966e-01 -2.708964e+01 -9.707771e-01 3.214319e-02 2.378206e-01 1.560088e+02
2.383221e-01 1.496218e-01 9.595915e-01 2.198029e+02 -3.004531e-03 9.881702e-01 -1.533317e-01 -2.723599e+01 -9.711815e-01 3.365919e-02 2.359523e-01 1.562581e+02
2.361466e-01 1.511645e-01 9.598875e-01 2.207604e+02 -5.284070e-03 9.880109e-01 -1.542934e-01 -2.738132e+01 -9.717031e-01 3.136376e-02 2.341142e-01 1.565163e+02
2.348028e-01 1.579287e-01 9.591278e-01 2.216596e+02 -4.483375e-03 9.868788e-01 -1.614006e-01 -2.752734e+01 -9.720327e-01 3.359717e-02 2.324299e-01 1.567367e+02
2.327194e-01 1.603738e-01 9.592299e-01 2.226131e+02 -3.865270e-03 9.864548e-01 -1.639878e-01 -2.767293e+01 -9.725363e-01 3.445544e-02 2.301870e-01 1.569766e+02
2.299802e-01 1.618104e-01 9.596492e-01 2.235150e+02 -5.046416e-03 9.862658e-01 -1.650889e-01 -2.782293e+01 -9.731822e-01 3.312439e-02 2.276381e-01 1.571949e+02
2.268387e-01 1.579367e-01 9.610412e-01 2.244396e+02 -5.982288e-03 9.869712e-01 -1.607860e-01 -2.797604e+01 -9.739140e-01 3.072326e-02 2.248280e-01 1.574241e+02
2.239714e-01 1.521291e-01 9.626492e-01 2.253651e+02 -4.751951e-03 9.879008e-01 -1.550141e-01 -2.812466e+01 -9.745841e-01 3.014425e-02 2.219844e-01 1.576386e+02
2.202737e-01 1.483597e-01 9.640897e-01 2.262858e+02 -3.673840e-03 9.884850e-01 -1.512744e-01 -2.827057e+01 -9.754312e-01 2.977987e-02 2.182823e-01 1.578526e+02
2.161151e-01 1.490842e-01 9.649187e-01 2.272020e+02 -4.821501e-03 9.884246e-01 -1.516361e-01 -2.841000e+01 -9.763560e-01 2.811850e-02 2.143323e-01 1.580635e+02
2.111891e-01 1.501214e-01 9.658482e-01 2.280873e+02 -4.120367e-03 9.882633e-01 -1.527044e-01 -2.855064e+01 -9.774365e-01 2.826987e-02 2.093290e-01 1.582828e+02
2.072649e-01 1.506317e-01 9.666185e-01 2.290096e+02 -3.373883e-03 9.881789e-01 -1.532681e-01 -2.869081e+01 -9.782790e-01 2.850584e-02 2.053230e-01 1.584820e+02
2.029323e-01 1.502311e-01 9.675997e-01 2.299207e+02 -3.224237e-03 9.882577e-01 -1.527623e-01 -2.882876e+01 -9.791875e-01 2.788063e-02 2.010338e-01 1.586805e+02
1.988879e-01 1.495549e-01 9.685437e-01 2.308398e+02 -2.228423e-03 9.883539e-01 -1.521562e-01 -2.896904e+01 -9.800197e-01 2.810370e-02 1.969049e-01 1.588735e+02
1.944875e-01 1.497693e-01 9.694038e-01 2.317586e+02 -2.915697e-03 9.883588e-01 -1.521128e-01 -2.909791e+01 -9.809007e-01 2.675755e-02 1.926602e-01 1.590679e+02
1.897848e-01 1.508167e-01 9.701732e-01 2.326537e+02 -4.706473e-03 9.882602e-01 -1.527077e-01 -2.923913e+01 -9.818144e-01 2.441550e-02 1.882665e-01 1.592482e+02
1.852475e-01 1.520077e-01 9.708641e-01 2.335686e+02 -7.036901e-03 9.881437e-01 -1.533705e-01 -2.937570e+01 -9.826667e-01 2.157962e-02 1.841208e-01 1.594329e+02
1.806800e-01 1.518887e-01 9.717430e-01 2.344847e+02 -9.438968e-03 9.882260e-01 -1.527101e-01 -2.951434e+01 -9.834966e-01 1.841941e-02 1.799864e-01 1.596177e+02
1.760465e-01 1.531349e-01 9.723977e-01 2.354028e+02 -1.350650e-02 9.881085e-01 -1.531638e-01 -2.965294e+01 -9.842892e-01 1.383024e-02 1.760213e-01 1.598034e+02
1.718762e-01 1.581131e-01 9.723471e-01 2.363100e+02 -1.865934e-02 9.873810e-01 -1.572595e-01 -2.978839e+01 -9.849418e-01 8.885809e-03 1.726576e-01 1.599823e+02
1.682393e-01 1.630290e-01 9.721713e-01 2.372089e+02 -2.076329e-02 9.865961e-01 -1.618548e-01 -2.992618e+01 -9.855275e-01 7.044862e-03 1.693693e-01 1.601454e+02
1.646568e-01 1.659219e-01 9.722953e-01 2.381193e+02 -2.249257e-02 9.861251e-01 -1.644728e-01 -3.005945e+01 -9.860944e-01 5.212148e-03 1.661042e-01 1.603080e+02
1.610927e-01 1.637235e-01 9.732645e-01 2.390332e+02 -2.396575e-02 9.865024e-01 -1.619836e-01 -3.020470e+01 -9.866483e-01 2.769369e-03 1.628421e-01 1.604725e+02
1.576900e-01 1.602909e-01 9.743925e-01 2.399442e+02 -2.305319e-02 9.870665e-01 -1.586450e-01 -3.035270e+01 -9.872195e-01 2.553872e-03 1.593457e-01 1.606284e+02
1.547176e-01 1.571898e-01 9.753737e-01 2.408581e+02 -2.188417e-02 9.875646e-01 -1.556832e-01 -3.049748e+01 -9.877163e-01 2.741684e-03 1.562336e-01 1.607796e+02
1.517218e-01 1.565331e-01 9.759497e-01 2.417635e+02 -2.005913e-02 9.876647e-01 -1.552936e-01 -3.063821e+01 -9.882197e-01 3.984723e-03 1.529902e-01 1.609248e+02
1.482215e-01 1.566291e-01 9.764721e-01 2.426702e+02 -1.939082e-02 9.876489e-01 -1.554785e-01 -3.077682e+01 -9.887641e-01 4.110670e-03 1.494280e-01 1.610663e+02
1.444168e-01 1.584248e-01 9.767525e-01 2.435979e+02 -1.932617e-02 9.873636e-01 -1.572884e-01 -3.092035e+01 -9.893282e-01 3.838203e-03 1.456536e-01 1.612003e+02
1.393602e-01 1.615125e-01 9.769813e-01 2.444857e+02 -1.908989e-02 9.868637e-01 -1.604232e-01 -3.105823e+01 -9.900577e-01 3.706153e-03 1.406128e-01 1.613425e+02
1.350016e-01 1.563261e-01 9.784359e-01 2.453918e+02 -8.656971e-03 9.876242e-01 -1.565996e-01 -3.119861e+01 -9.908076e-01 1.267092e-02 1.346842e-01 1.614642e+02
1.309263e-01 1.513099e-01 9.797773e-01 2.462997e+02 -8.012017e-03 9.884136e-01 -1.515730e-01 -3.133672e+01 -9.913597e-01 1.199490e-02 1.306216e-01 1.615801e+02
1.255550e-01 1.523321e-01 9.803218e-01 2.471981e+02 -6.362495e-03 9.882446e-01 -1.527483e-01 -3.148153e+01 -9.920663e-01 1.294102e-02 1.250482e-01 1.617009e+02
1.222011e-01 1.642255e-01 9.788242e-01 2.480670e+02 -3.922997e-03 9.862878e-01 -1.649879e-01 -3.161890e+01 -9.924976e-01 1.632177e-02 1.211697e-01 1.618008e+02
1.172418e-01 1.764145e-01 9.773087e-01 2.489386e+02 -1.489894e-03 9.841258e-01 -1.774663e-01 -3.175666e+01 -9.931023e-01 1.935038e-02 1.156435e-01 1.619046e+02
1.112352e-01 1.805035e-01 9.772641e-01 2.498388e+02 -2.336555e-03 9.834116e-01 -1.813730e-01 -3.191188e+01 -9.937914e-01 1.789163e-02 1.098117e-01 1.620147e+02
1.055081e-01 1.757007e-01 9.787734e-01 2.507392e+02 -4.927946e-03 9.843474e-01 -1.761701e-01 -3.206120e+01 -9.944062e-01 1.376403e-02 1.047225e-01 1.621252e+02
1.003894e-01 1.692128e-01 9.804535e-01 2.516110e+02 -6.903713e-03 9.855264e-01 -1.693814e-01 -3.220809e+01 -9.949243e-01 1.023533e-02 1.001046e-01 1.622114e+02
9.523709e-02 1.647649e-01 9.817242e-01 2.524914e+02 -8.073332e-03 9.863023e-01 -1.647501e-01 -3.235691e+01 -9.954219e-01 7.764535e-03 9.526277e-02 1.622858e+02
8.893000e-02 1.647334e-01 9.823209e-01 2.533604e+02 -1.092435e-02 9.863305e-01 -1.644168e-01 -3.250108e+01 -9.959780e-01 3.890371e-03 8.951398e-02 1.623611e+02
8.166554e-02 1.628682e-01 9.832623e-01 2.542608e+02 -1.298028e-02 9.866477e-01 -1.623509e-01 -3.264000e+01 -9.965753e-01 4.954591e-04 8.268920e-02 1.624455e+02
7.394474e-02 1.589177e-01 9.845188e-01 2.551626e+02 -1.502064e-02 9.872870e-01 -1.582363e-01 -3.276955e+01 -9.971492e-01 -3.087364e-03 7.539173e-02 1.625401e+02
6.681931e-02 1.555506e-01 9.855654e-01 2.560496e+02 -1.636661e-02 9.878110e-01 -1.547954e-01 -3.291215e+01 -9.976309e-01 -5.787039e-03 6.855068e-02 1.626099e+02
5.989082e-02 1.571335e-01 9.857597e-01 2.569524e+02 -1.238396e-02 9.875733e-01 -1.566702e-01 -3.305208e+01 -9.981281e-01 -2.824503e-03 6.109251e-02 1.626807e+02
5.388639e-02 1.613636e-01 9.854228e-01 2.578176e+02 -9.858452e-03 9.868945e-01 -1.610655e-01 -3.317788e+01 -9.984984e-01 -1.035507e-03 5.477098e-02 1.627191e+02
4.775254e-02 1.635951e-01 9.853712e-01 2.587204e+02 -5.838203e-03 9.865254e-01 -1.635038e-01 -3.330884e+01 -9.988421e-01 2.054926e-03 4.806420e-02 1.627674e+02
4.152695e-02 1.622701e-01 9.858722e-01 2.596149e+02 -5.762693e-03 9.867458e-01 -1.621712e-01 -3.344326e+01 -9.991208e-01 1.053195e-03 4.191165e-02 1.628000e+02
3.524709e-02 1.598328e-01 9.865146e-01 2.604571e+02 -6.456244e-03 9.871438e-01 -1.597041e-01 -3.358529e+01 -9.993578e-01 -7.400742e-04 3.582587e-02 1.628279e+02
2.930207e-02 1.589660e-01 9.868491e-01 2.613286e+02 -3.330737e-03 9.872831e-01 -1.589370e-01 -3.371992e+01 -9.995651e-01 1.370249e-03 2.945891e-02 1.628610e+02
2.411670e-02 1.615265e-01 9.865737e-01 2.622325e+02 -1.126730e-03 9.868644e-01 -1.615466e-01 -3.385600e+01 -9.997085e-01 2.784368e-03 2.398191e-02 1.628956e+02
1.935358e-02 1.652362e-01 9.860641e-01 2.631154e+02 -5.761162e-04 9.862505e-01 -1.652562e-01 -3.399052e+01 -9.998125e-01 2.630211e-03 1.918267e-02 1.629197e+02
1.579042e-02 1.668864e-01 9.858497e-01 2.639956e+02 1.489210e-03 9.859676e-01 -1.669302e-01 -3.413280e+01 -9.998742e-01 4.104034e-03 1.532031e-02 1.629434e+02
1.370354e-02 1.660220e-01 9.860268e-01 2.648928e+02 6.528662e-03 9.860835e-01 -1.661223e-01 -3.427345e+01 -9.998848e-01 8.713899e-03 1.242893e-02 1.629488e+02
1.229028e-02 1.632551e-01 9.865073e-01 2.657499e+02 9.112082e-03 9.865226e-01 -1.633712e-01 -3.442546e+01 -9.998830e-01 1.099701e-02 1.063704e-02 1.629468e+02
1.075224e-02 1.618854e-01 9.867510e-01 2.666348e+02 1.138164e-02 9.867243e-01 -1.620050e-01 -3.456440e+01 -9.998774e-01 1.297277e-02 8.766979e-03 1.629441e+02
9.167179e-03 1.610366e-01 9.869059e-01 2.675091e+02 1.371865e-02 9.868342e-01 -1.611523e-01 -3.470141e+01 -9.998639e-01 1.501633e-02 6.837282e-03 1.629584e+02
8.286153e-03 1.627410e-01 9.866340e-01 2.683586e+02 1.635303e-02 9.865139e-01 -1.628585e-01 -3.483726e+01 -9.998319e-01 1.748393e-02 5.513096e-03 1.629682e+02
8.151056e-03 1.646712e-01 9.863148e-01 2.692122e+02 1.795673e-02 9.861645e-01 -1.647945e-01 -3.497283e+01 -9.998055e-01 1.905424e-02 5.081324e-03 1.629757e+02
9.027512e-03 1.664991e-01 9.860003e-01 2.700578e+02 2.144948e-02 9.857813e-01 -1.666585e-01 -3.510728e+01 -9.997292e-01 2.265370e-02 5.327834e-03 1.629742e+02
1.042598e-02 1.673583e-01 9.858410e-01 2.708845e+02 2.359397e-02 9.855789e-01 -1.675633e-01 -3.524755e+01 -9.996673e-01 2.500691e-02 6.326982e-03 1.629763e+02
1.177058e-02 1.676049e-01 9.857840e-01 2.717237e+02 2.498852e-02 9.854951e-01 -1.678542e-01 -3.539047e+01 -9.996184e-01 2.660903e-02 7.411645e-03 1.629895e+02
1.367809e-02 1.674918e-01 9.857786e-01 2.725489e+02 2.680112e-02 9.854552e-01 -1.678088e-01 -3.553527e+01 -9.995472e-01 2.871527e-02 8.990179e-03 1.629985e+02
1.571196e-02 1.664070e-01 9.859320e-01 2.733682e+02 2.747666e-02 9.856094e-01 -1.667904e-01 -3.567213e+01 -9.994990e-01 2.971072e-02 1.091355e-02 1.630141e+02
1.820407e-02 1.646271e-01 9.861879e-01 2.741755e+02 2.801025e-02 9.858802e-01 -1.650928e-01 -3.580566e+01 -9.994419e-01 3.062873e-02 1.333578e-02 1.630310e+02
2.150533e-02 1.616420e-01 9.866151e-01 2.749921e+02 2.726101e-02 9.863816e-01 -1.621979e-01 -3.594087e+01 -9.993970e-01 3.038424e-02 1.680593e-02 1.630395e+02
2.483143e-02 1.588824e-01 9.869852e-01 2.757768e+02 2.618992e-02 9.868474e-01 -1.595191e-01 -3.607106e+01 -9.993485e-01 2.981015e-02 2.034371e-02 1.630619e+02
2.823699e-02 1.567828e-01 9.872294e-01 2.765684e+02 2.400447e-02 9.872320e-01 -1.574698e-01 -3.620287e+01 -9.993130e-01 2.814439e-02 2.411297e-02 1.630896e+02
3.182000e-02 1.571503e-01 9.870619e-01 2.773283e+02 1.892672e-02 9.872902e-01 -1.577968e-01 -3.633028e+01 -9.993144e-01 2.370294e-02 2.844123e-02 1.631222e+02
3.537152e-02 1.583471e-01 9.867497e-01 2.780837e+02 1.643591e-02 9.871419e-01 -1.589992e-01 -3.645326e+01 -9.992391e-01 2.184217e-02 3.231413e-02 1.631588e+02
3.956135e-02 1.584595e-01 9.865726e-01 2.788353e+02 1.604991e-02 9.871174e-01 -1.591906e-01 -3.656921e+01 -9.990882e-01 2.213220e-02 3.650843e-02 1.631943e+02
4.294403e-02 1.558976e-01 9.868393e-01 2.795719e+02 1.530777e-02 9.875319e-01 -1.566732e-01 -3.668926e+01 -9.989602e-01 2.183449e-02 4.002216e-02 1.632305e+02
4.630492e-02 1.529035e-01 9.871557e-01 2.802841e+02 1.319948e-02 9.880358e-01 -1.536589e-01 -3.680503e+01 -9.988401e-01 2.014511e-02 4.373267e-02 1.632651e+02
4.976347e-02 1.513898e-01 9.872207e-01 2.809996e+02 9.835912e-03 9.883231e-01 -1.520547e-01 -3.692119e+01 -9.987126e-01 1.727698e-02 4.769334e-02 1.633024e+02
5.381854e-02 1.522736e-01 9.868720e-01 2.816968e+02 1.023463e-02 9.881683e-01 -1.530318e-01 -3.703082e+01 -9.984983e-01 1.833621e-02 5.162331e-02 1.633386e+02
5.767244e-02 1.535225e-01 9.864607e-01 2.823847e+02 9.640108e-03 9.879736e-01 -1.543216e-01 -3.713701e+01 -9.982890e-01 1.840969e-02 5.549888e-02 1.633849e+02
6.080076e-02 1.556819e-01 9.859343e-01 2.830453e+02 8.961546e-03 9.876368e-01 -1.565034e-01 -3.724249e+01 -9.981097e-01 1.835102e-02 5.865391e-02 1.634304e+02
6.420617e-02 1.587326e-01 9.852317e-01 2.836906e+02 7.803758e-03 9.871587e-01 -1.595516e-01 -3.734543e+01 -9.979061e-01 1.793271e-02 6.214297e-02 1.634730e+02
6.718382e-02 1.592582e-01 9.849483e-01 2.843253e+02 4.214231e-03 9.871246e-01 -1.598976e-01 -3.744573e+01 -9.977317e-01 1.489333e-02 6.564765e-02 1.635216e+02
7.013227e-02 1.598749e-01 9.846428e-01 2.849497e+02 1.804929e-03 9.870513e-01 -1.603945e-01 -3.754763e+01 -9.975361e-01 1.302604e-02 6.893559e-02 1.635793e+02
7.358336e-02 1.599799e-01 9.843739e-01 2.855671e+02 -7.794668e-04 9.870586e-01 -1.603580e-01 -3.765020e+01 -9.972888e-01 1.103239e-02 7.275579e-02 1.636264e+02
7.708575e-02 1.596928e-01 9.841524e-01 2.861655e+02 -1.583408e-03 9.871079e-01 -1.600483e-01 -3.774948e+01 -9.970232e-01 1.077913e-02 7.634481e-02 1.636732e+02
8.013073e-02 1.607548e-01 9.837362e-01 2.867502e+02 -3.197628e-03 9.869461e-01 -1.610189e-01 -3.784556e+01 -9.967792e-01 9.756940e-03 7.959875e-02 1.637251e+02
8.275508e-02 1.643185e-01 9.829298e-01 2.873415e+02 -6.458874e-03 9.863807e-01 -1.643516e-01 -3.793447e+01 -9.965490e-01 7.252313e-03 8.268932e-02 1.637862e+02
8.523198e-02 1.640614e-01 9.827611e-01 2.878989e+02 -7.733783e-03 9.864295e-01 -1.640030e-01 -3.802479e+01 -9.963311e-01 6.377843e-03 8.534416e-02 1.638363e+02
8.862161e-02 1.641879e-01 9.824401e-01 2.884502e+02 -9.193721e-03 9.864137e-01 -1.640226e-01 -3.811722e+01 -9.960229e-01 5.503667e-03 8.892707e-02 1.638924e+02
9.165605e-02 1.639148e-01 9.822073e-01 2.889887e+02 -1.109457e-02 9.864660e-01 -1.635902e-01 -3.820498e+01 -9.957289e-01 4.096861e-03 9.223414e-02 1.639434e+02
9.456041e-02 1.644411e-01 9.818439e-01 2.895234e+02 -1.112315e-02 9.863762e-01 -1.641289e-01 -3.829684e+01 -9.954570e-01 4.598900e-03 9.510124e-02 1.639991e+02
9.759611e-02 1.652679e-01 9.814079e-01 2.900497e+02 -1.259068e-02 9.862417e-01 -1.648298e-01 -3.838693e+01 -9.951465e-01 3.730157e-03 9.833418e-02 1.640577e+02
1.001780e-01 1.664836e-01 9.809422e-01 2.905590e+02 -1.337512e-02 9.860380e-01 -1.659825e-01 -3.847657e+01 -9.948796e-01 3.507571e-03 1.010060e-01 1.641126e+02
1.028401e-01 1.677144e-01 9.804569e-01 2.910556e+02 -1.261323e-02 9.858237e-01 -1.673095e-01 -3.856313e+01 -9.946179e-01 4.839397e-03 1.034976e-01 1.641651e+02
1.049925e-01 1.690727e-01 9.799954e-01 2.915541e+02 -1.389802e-02 9.855952e-01 -1.685498e-01 -3.865578e+01 -9.943759e-01 4.076463e-03 1.058299e-01 1.642212e+02
1.066415e-01 1.702905e-01 9.796064e-01 2.920434e+02 -1.517781e-02 9.853886e-01 -1.696434e-01 -3.873886e+01 -9.941817e-01 3.222755e-03 1.076680e-01 1.642770e+02
1.080965e-01 1.720364e-01 9.791418e-01 2.925404e+02 -1.619515e-02 9.850870e-01 -1.712930e-01 -3.882339e+01 -9.940085e-01 2.658826e-03 1.092706e-01 1.643456e+02
1.089676e-01 1.732830e-01 9.788254e-01 2.930249e+02 -1.697567e-02 9.848697e-01 -1.724632e-01 -3.890691e+01 -9.939003e-01 2.176678e-03 1.102604e-01 1.644079e+02
1.093275e-01 1.739362e-01 9.786693e-01 2.935154e+02 -1.636359e-02 9.847526e-01 -1.731894e-01 -3.899595e+01 -9.938711e-01 2.919816e-03 1.105068e-01 1.644697e+02
1.089887e-01 1.740774e-01 9.786820e-01 2.940078e+02 -1.634601e-02 9.847277e-01 -1.733324e-01 -3.908335e+01 -9.939086e-01 2.893734e-03 1.101697e-01 1.645219e+02
1.079954e-01 1.737468e-01 9.788509e-01 2.945095e+02 -1.779720e-02 9.847896e-01 -1.728374e-01 -3.916576e+01 -9.939921e-01 1.244831e-03 1.094449e-01 1.645842e+02
1.068697e-01 1.727336e-01 9.791537e-01 2.950062e+02 -1.816588e-02 9.849684e-01 -1.717767e-01 -3.924750e+01 -9.941071e-01 5.705321e-04 1.084011e-01 1.646380e+02
1.052954e-01 1.733054e-01 9.792232e-01 2.955140e+02 -1.633197e-02 9.848657e-01 -1.725478e-01 -3.933784e+01 -9.943069e-01 2.175847e-03 1.065322e-01 1.646951e+02
1.037258e-01 1.761841e-01 9.788770e-01 2.960178e+02 -1.357951e-02 9.843449e-01 -1.757293e-01 -3.942891e+01 -9.945132e-01 4.935003e-03 1.044945e-01 1.647434e+02
1.027511e-01 1.800238e-01 9.782810e-01 2.965360e+02 -7.796775e-03 9.836020e-01 -1.801841e-01 -3.952466e+01 -9.946765e-01 1.088668e-02 1.024698e-01 1.647906e+02
1.007846e-01 1.849061e-01 9.775747e-01 2.970648e+02 -4.992666e-03 9.826593e-01 -1.853531e-01 -3.961476e+01 -9.948957e-01 1.380003e-02 9.996006e-02 1.648444e+02
9.842088e-02 1.887285e-01 9.770849e-01 2.976300e+02 -6.565686e-03 9.819537e-01 -1.890076e-01 -3.969199e+01 -9.951232e-01 1.218706e-02 9.788387e-02 1.648873e+02
9.665385e-02 1.892577e-01 9.771589e-01 2.982140e+02 -6.271641e-03 9.818518e-01 -1.895463e-01 -3.978386e+01 -9.952983e-01 1.219199e-02 9.608670e-02 1.649300e+02
9.508480e-02 1.864617e-01 9.778502e-01 2.987813e+02 -1.814620e-03 9.823316e-01 -1.871398e-01 -3.988886e+01 -9.954675e-01 1.601972e-02 9.374317e-02 1.649909e+02
9.481316e-02 1.815863e-01 9.787936e-01 2.993626e+02 7.211626e-03 9.830718e-01 -1.830786e-01 -3.999404e+01 -9.954690e-01 2.441695e-02 9.189861e-02 1.650269e+02
9.238386e-02 1.810130e-01 9.791320e-01 2.999226e+02 8.728527e-03 9.831523e-01 -1.825798e-01 -4.009488e+01 -9.956852e-01 2.541381e-02 8.924742e-02 1.650888e+02
8.904221e-02 1.846618e-01 9.787602e-01 3.005340e+02 4.363873e-03 9.825817e-01 -1.857799e-01 -4.019398e+01 -9.960183e-01 2.081343e-02 8.668540e-02 1.651571e+02
8.672796e-02 1.865589e-01 9.786082e-01 3.011541e+02 2.059351e-03 9.822738e-01 -1.874403e-01 -4.029978e+01 -9.962299e-01 1.827161e-02 8.480642e-02 1.652283e+02
8.611296e-02 1.851876e-01 9.789229e-01 3.017733e+02 6.971750e-03 9.824368e-01 -1.864656e-01 -4.040775e+01 -9.962610e-01 2.288191e-02 8.330946e-02 1.652676e+02
8.539769e-02 1.837910e-01 9.792487e-01 3.024081e+02 1.203834e-02 9.825770e-01 -1.854655e-01 -4.050384e+01 -9.962742e-01 2.762685e-02 8.169727e-02 1.653253e+02
8.396394e-02 1.837290e-01 9.793844e-01 3.030648e+02 1.425014e-02 9.825331e-01 -1.855414e-01 -4.062473e+01 -9.963669e-01 2.953515e-02 7.987919e-02 1.653796e+02
8.112852e-02 1.848131e-01 9.794194e-01 3.037323e+02 1.078178e-02 9.824383e-01 -1.862758e-01 -4.074813e+01 -9.966453e-01 2.567217e-02 7.771116e-02 1.654509e+02
7.912872e-02 1.868304e-01 9.792002e-01 3.043816e+02 9.790141e-03 9.820872e-01 -1.881724e-01 -4.086582e+01 -9.968163e-01 2.447635e-02 7.588221e-02 1.655054e+02
7.738483e-02 1.901211e-01 9.787061e-01 3.050526e+02 8.383923e-03 9.814909e-01 -1.913250e-01 -4.097737e+01 -9.969660e-01 2.301105e-02 7.435855e-02 1.655606e+02
7.580920e-02 1.925722e-01 9.783501e-01 3.057201e+02 9.491889e-03 9.809897e-01 -1.938273e-01 -4.110164e+01 -9.970772e-01 2.398028e-02 7.254017e-02 1.656031e+02
7.387545e-02 1.913025e-01 9.787470e-01 3.064255e+02 6.659800e-03 9.813123e-01 -1.923066e-01 -4.123485e+01 -9.972452e-01 2.072499e-02 7.122085e-02 1.656674e+02
7.143944e-02 1.910489e-01 9.789774e-01 3.071205e+02 3.169845e-03 9.814367e-01 -1.917602e-01 -4.136379e+01 -9.974399e-01 1.680245e-02 6.950769e-02 1.657246e+02
6.903504e-02 1.918935e-01 9.789847e-01 3.078178e+02 2.482807e-03 9.812898e-01 -1.925204e-01 -4.149156e+01 -9.976111e-01 1.572128e-02 6.726695e-02 1.657788e+02
6.809238e-02 1.970475e-01 9.780264e-01 3.085507e+02 6.730982e-03 9.801887e-01 -1.979518e-01 -4.162649e+01 -9.976563e-01 2.006209e-02 6.541706e-02 1.658342e+02
6.675412e-02 2.031225e-01 9.768752e-01 3.092647e+02 8.648307e-03 9.789045e-01 -2.041354e-01 -4.175637e+01 -9.977320e-01 2.207519e-02 6.358924e-02 1.658754e+02
6.563201e-02 2.070590e-01 9.761245e-01 3.099982e+02 9.124675e-03 9.780682e-01 -2.080848e-01 -4.189123e+01 -9.978022e-01 2.256384e-02 6.230324e-02 1.659249e+02
6.577411e-02 2.046393e-01 9.766251e-01 3.107483e+02 1.369031e-02 9.784673e-01 -2.059474e-01 -4.203643e+01 -9.977406e-01 2.691631e-02 6.155624e-02 1.659651e+02
6.540054e-02 1.989872e-01 9.778174e-01 3.115013e+02 1.845141e-02 9.795066e-01 -2.005650e-01 -4.218704e+01 -9.976885e-01 3.115917e-02 6.038867e-02 1.660020e+02
6.446603e-02 1.961995e-01 9.784426e-01 3.122855e+02 2.212735e-02 9.799600e-01 -1.979617e-01 -4.234579e+01 -9.976746e-01 3.441215e-02 5.883275e-02 1.660656e+02
6.360660e-02 1.970116e-01 9.783357e-01 3.130588e+02 2.435128e-02 9.797225e-01 -1.988740e-01 -4.249510e+01 -9.976779e-01 3.647343e-02 5.751934e-02 1.661155e+02
6.332646e-02 1.989353e-01 9.779645e-01 3.138368e+02 2.479892e-02 9.793151e-01 -2.008158e-01 -4.264486e+01 -9.976847e-01 3.696942e-02 5.708317e-02 1.661583e+02
6.263383e-02 2.002520e-01 9.777403e-01 3.146270e+02 2.546652e-02 9.790242e-01 -2.021463e-01 -4.279993e+01 -9.977116e-01 3.756084e-02 5.622031e-02 1.662156e+02
6.293342e-02 1.995249e-01 9.778697e-01 3.154228e+02 2.621021e-02 9.791436e-01 -2.014716e-01 -4.294765e+01 -9.976735e-01 3.830947e-02 5.639127e-02 1.662593e+02
6.408810e-02 1.978742e-01 9.781301e-01 3.161951e+02 2.729945e-02 9.794306e-01 -1.999260e-01 -4.309037e+01 -9.975708e-01 3.951529e-02 5.736799e-02 1.662960e+02
6.515220e-02 1.968527e-01 9.782659e-01 3.170420e+02 2.846146e-02 9.795834e-01 -1.990133e-01 -4.324957e+01 -9.974694e-01 4.080903e-02 5.821930e-02 1.663648e+02
6.625384e-02 1.964438e-01 9.782741e-01 3.178542e+02 2.827460e-02 9.796650e-01 -1.986380e-01 -4.341007e+01 -9.974021e-01 4.082083e-02 5.935220e-02 1.664202e+02
6.754743e-02 1.947357e-01 9.785271e-01 3.186871e+02 2.851621e-02 9.799896e-01 -1.969952e-01 -4.356074e+01 -9.973085e-01 4.121041e-02 6.064265e-02 1.664813e+02
6.943273e-02 1.937449e-01 9.785919e-01 3.195326e+02 2.936047e-02 9.801374e-01 -1.961340e-01 -4.371584e+01 -9.971545e-01 4.235004e-02 6.236518e-02 1.665485e+02
7.135408e-02 1.925856e-01 9.786825e-01 3.203933e+02 3.122171e-02 9.802714e-01 -1.951746e-01 -4.388294e+01 -9.969623e-01 4.448264e-02 6.393352e-02 1.666243e+02
7.321232e-02 1.922633e-01 9.786086e-01 3.212493e+02 3.207298e-02 9.802804e-01 -1.949912e-01 -4.404154e+01 -9.968005e-01 4.566266e-02 6.560215e-02 1.666899e+02
7.619299e-02 1.925438e-01 9.783259e-01 3.221100e+02 3.355119e-02 9.801273e-01 -1.955114e-01 -4.420188e+01 -9.965284e-01 4.772059e-02 6.821876e-02 1.667523e+02
7.981011e-02 1.919199e-01 9.781601e-01 3.229499e+02 3.559500e-02 9.801157e-01 -1.952079e-01 -4.435826e+01 -9.961744e-01 5.039717e-02 7.139176e-02 1.668028e+02
8.253770e-02 1.909469e-01 9.781241e-01 3.238422e+02 3.832715e-02 9.801387e-01 -1.945744e-01 -4.451478e+01 -9.958507e-01 5.354843e-02 7.357994e-02 1.668939e+02
8.557636e-02 1.901907e-01 9.780103e-01 3.247147e+02 3.956490e-02 9.801883e-01 -1.940762e-01 -4.467694e+01 -9.955457e-01 5.530321e-02 7.635607e-02 1.669633e+02
8.879458e-02 1.906885e-01 9.776264e-01 3.255957e+02 4.014730e-02 9.800206e-01 -1.948019e-01 -4.485015e+01 -9.952405e-01 5.654641e-02 7.936489e-02 1.670353e+02
9.190521e-02 1.912337e-01 9.772324e-01 3.264828e+02 4.065379e-02 9.798470e-01 -1.955687e-01 -4.501987e+01 -9.949375e-01 5.770199e-02 8.227867e-02 1.671213e+02
9.499821e-02 1.925244e-01 9.766830e-01 3.273710e+02 3.949222e-02 9.796189e-01 -1.969444e-01 -4.518753e+01 -9.946938e-01 5.728075e-02 8.545883e-02 1.672002e+02
9.722263e-02 1.936497e-01 9.762416e-01 3.282418e+02 3.673802e-02 9.795216e-01 -1.979590e-01 -4.536048e+01 -9.945844e-01 5.511127e-02 8.811736e-02 1.672938e+02
9.991684e-02 1.948065e-01 9.757392e-01 3.291606e+02 3.429640e-02 9.793896e-01 -1.990473e-01 -4.553030e+01 -9.944045e-01 5.335252e-02 9.117635e-02 1.673762e+02
1.023697e-01 1.952716e-01 9.753919e-01 3.300773e+02 3.225738e-02 9.793760e-01 -1.994547e-01 -4.570680e+01 -9.942233e-01 5.188170e-02 9.395944e-02 1.674590e+02
1.039308e-01 1.942669e-01 9.754275e-01 3.309641e+02 3.213780e-02 9.795705e-01 -1.985163e-01 -4.587824e+01 -9.940652e-01 5.198006e-02 9.556427e-02 1.675608e+02
1.062267e-01 1.917034e-01 9.756873e-01 3.318656e+02 3.244181e-02 9.800486e-01 -1.960924e-01 -4.605554e+01 -9.938126e-01 5.248330e-02 9.788812e-02 1.676477e+02
1.078961e-01 1.890902e-01 9.760140e-01 3.327997e+02 3.263425e-02 9.805425e-01 -1.935752e-01 -4.623331e+01 -9.936264e-01 5.273748e-02 9.962588e-02 1.677338e+02
1.095334e-01 1.886976e-01 9.759076e-01 3.337010e+02 3.446741e-02 9.805036e-01 -1.934548e-01 -4.640250e+01 -9.933853e-01 5.482677e-02 1.008940e-01 1.678204e+02
1.107977e-01 1.910584e-01 9.753054e-01 3.346180e+02 3.669399e-02 9.798920e-01 -1.961254e-01 -4.657927e+01 -9.931654e-01 5.751810e-02 1.015591e-01 1.679151e+02
1.118900e-01 1.901424e-01 9.753597e-01 3.355118e+02 3.671639e-02 9.800618e-01 -1.952711e-01 -4.675315e+01 -9.930421e-01 5.766056e-02 1.026777e-01 1.679964e+02
1.118175e-01 1.889480e-01 9.756001e-01 3.365020e+02 3.504437e-02 9.803965e-01 -1.938935e-01 -4.692905e+01 -9.931106e-01 5.586997e-02 1.030039e-01 1.681346e+02
1.119764e-01 1.872395e-01 9.759112e-01 3.374124e+02 3.295168e-02 9.808479e-01 -1.919675e-01 -4.710793e+01 -9.931644e-01 5.365375e-02 1.036620e-01 1.682259e+02
1.119148e-01 1.886088e-01 9.756546e-01 3.383259e+02 3.093887e-02 9.806852e-01 -1.931302e-01 -4.728632e+01 -9.932361e-01 5.179977e-02 1.039178e-01 1.683417e+02
1.122801e-01 1.895337e-01 9.754333e-01 3.392153e+02 3.056990e-02 9.805171e-01 -1.940403e-01 -4.745896e+01 -9.932063e-01 5.160577e-02 1.042985e-01 1.684272e+02
1.128869e-01 1.899076e-01 9.752905e-01 3.401263e+02 3.087035e-02 9.804207e-01 -1.944797e-01 -4.763520e+01 -9.931282e-01 5.206178e-02 1.048142e-01 1.685243e+02
1.130422e-01 1.905498e-01 9.751473e-01 3.410240e+02 2.955037e-02 9.803592e-01 -1.949938e-01 -4.781080e+01 -9.931507e-01 5.085848e-02 1.051911e-01 1.686234e+02
1.134845e-01 1.911354e-01 9.749813e-01 3.419262e+02 3.036321e-02 9.801953e-01 -1.956917e-01 -4.798534e+01 -9.930757e-01 5.181155e-02 1.054335e-01 1.687235e+02
1.142664e-01 1.909391e-01 9.749284e-01 3.428200e+02 3.017202e-02 9.802365e-01 -1.955150e-01 -4.815900e+01 -9.929919e-01 5.175636e-02 1.062471e-01 1.688138e+02
1.144673e-01 1.895528e-01 9.751754e-01 3.437097e+02 3.112845e-02 9.804612e-01 -1.942341e-01 -4.833102e+01 -9.929392e-01 5.258915e-02 1.063302e-01 1.689196e+02
1.147458e-01 1.906992e-01 9.749191e-01 3.446072e+02 3.009090e-02 9.802838e-01 -1.952901e-01 -4.850649e+01 -9.929390e-01 5.174492e-02 1.067452e-01 1.690222e+02
1.149946e-01 1.928110e-01 9.744743e-01 3.455090e+02 3.068939e-02 9.798242e-01 -1.974910e-01 -4.868321e+01 -9.928919e-01 5.261643e-02 1.067573e-01 1.691200e+02
1.162164e-01 1.946963e-01 9.739544e-01 3.464036e+02 3.321306e-02 9.792888e-01 -1.997258e-01 -4.885266e+01 -9.926684e-01 5.555942e-02 1.073430e-01 1.692227e+02
1.176578e-01 1.910242e-01 9.745083e-01 3.473046e+02 3.559579e-02 9.798825e-01 -1.963753e-01 -4.902376e+01 -9.924160e-01 5.779348e-02 1.084911e-01 1.693241e+02
1.196106e-01 1.878418e-01 9.748891e-01 3.481952e+02 3.738735e-02 9.803899e-01 -1.934888e-01 -4.920070e+01 -9.921167e-01 5.959184e-02 1.102422e-01 1.694239e+02
1.221911e-01 1.897175e-01 9.742056e-01 3.490952e+02 4.030569e-02 9.798026e-01 -1.958629e-01 -4.937038e+01 -9.916878e-01 6.319873e-02 1.120765e-01 1.695224e+02
1.257491e-01 1.952656e-01 9.726554e-01 3.499827e+02 4.552947e-02 9.782691e-01 -2.022788e-01 -4.953655e+01 -9.910168e-01 6.972086e-02 1.141261e-01 1.696239e+02
1.298251e-01 1.977491e-01 9.716176e-01 3.508712e+02 4.920895e-02 9.774182e-01 -2.055048e-01 -4.971903e+01 -9.903151e-01 7.449196e-02 1.171624e-01 1.697239e+02
1.334192e-01 1.977324e-01 9.711340e-01 3.517547e+02 5.143304e-02 9.771926e-01 -2.060322e-01 -4.989705e+01 -9.897242e-01 7.743700e-02 1.202062e-01 1.698346e+02
1.366783e-01 1.970799e-01 9.708133e-01 3.526174e+02 5.192024e-02 9.772381e-01 -2.056939e-01 -5.007358e+01 -9.892539e-01 7.851875e-02 1.233348e-01 1.699435e+02
1.401020e-01 1.997488e-01 9.697793e-01 3.534984e+02 5.223007e-02 9.765848e-01 -2.086961e-01 -5.025844e+01 -9.887585e-01 7.989039e-02 1.263886e-01 1.700665e+02
1.439205e-01 1.996633e-01 9.692376e-01 3.543944e+02 5.207354e-02 9.765492e-01 -2.089018e-01 -5.043096e+01 -9.882182e-01 8.053687e-02 1.301482e-01 1.701803e+02
1.474814e-01 1.964312e-01 9.693627e-01 3.552834e+02 5.101754e-02 9.772645e-01 -2.057943e-01 -5.061132e+01 -9.877482e-01 7.980534e-02 1.341069e-01 1.703092e+02
1.519879e-01 1.920615e-01 9.695422e-01 3.561549e+02 4.971400e-02 9.782112e-01 -2.015721e-01 -5.078850e+01 -9.871313e-01 7.883633e-02 1.391281e-01 1.704285e+02
1.564047e-01 1.906874e-01 9.691109e-01 3.570326e+02 4.784051e-02 9.785720e-01 -2.002700e-01 -5.097136e+01 -9.865338e-01 7.768592e-02 1.439306e-01 1.705712e+02
1.613953e-01 1.903658e-01 9.683555e-01 3.578978e+02 4.501217e-02 9.787784e-01 -1.999169e-01 -5.114498e+01 -9.858628e-01 7.585343e-02 1.494014e-01 1.706977e+02
1.669341e-01 1.897201e-01 9.675429e-01 3.587646e+02 4.292232e-02 9.789840e-01 -1.993691e-01 -5.132064e+01 -9.850333e-01 7.481068e-02 1.552826e-01 1.708276e+02
1.732142e-01 1.899191e-01 9.663993e-01 3.596443e+02 4.123549e-02 9.789725e-01 -1.997810e-01 -5.149182e+01 -9.840206e-01 7.445486e-02 1.617406e-01 1.709737e+02
1.801166e-01 1.908922e-01 9.649447e-01 3.604981e+02 3.891170e-02 9.788378e-01 -2.009039e-01 -5.167286e+01 -9.828753e-01 7.373376e-02 1.688770e-01 1.711328e+02
1.880641e-01 1.919340e-01 9.632202e-01 3.613623e+02 3.611747e-02 9.787046e-01 -2.020712e-01 -5.184858e+01 -9.814924e-01 7.279143e-02 1.771270e-01 1.713045e+02
1.971900e-01 1.929781e-01 9.611845e-01 3.622941e+02 3.294278e-02 9.785770e-01 -2.032283e-01 -5.204521e+01 -9.798116e-01 7.173869e-02 1.866084e-01 1.714721e+02
2.063043e-01 1.936543e-01 9.591332e-01 3.631651e+02 3.008177e-02 9.785013e-01 -2.040353e-01 -5.221702e+01 -9.780254e-01 7.094578e-02 1.960436e-01 1.716635e+02
2.155256e-01 1.939239e-01 9.570487e-01 3.640433e+02 2.756824e-02 9.784834e-01 -2.044754e-01 -5.239575e+01 -9.761090e-01 7.045383e-02 2.055421e-01 1.718529e+02
2.245135e-01 1.941041e-01 9.549436e-01 3.649095e+02 2.506827e-02 9.784863e-01 -2.047831e-01 -5.257160e+01 -9.741485e-01 6.991537e-02 2.148176e-01 1.720588e+02
2.333013e-01 1.942785e-01 9.527992e-01 3.657885e+02 2.212358e-02 9.785242e-01 -2.049411e-01 -5.275554e+01 -9.721528e-01 6.889235e-02 2.239928e-01 1.722742e+02
2.412763e-01 1.943153e-01 9.508035e-01 3.666601e+02 1.997928e-02 9.785465e-01 -2.050551e-01 -5.292901e+01 -9.702508e-01 6.847130e-02 2.322178e-01 1.724909e+02
2.480209e-01 1.943742e-01 9.490544e-01 3.675328e+02 1.753932e-02 9.786028e-01 -2.050096e-01 -5.311335e+01 -9.685959e-01 6.749243e-02 2.393048e-01 1.727154e+02
2.539143e-01 1.946672e-01 9.474346e-01 3.683994e+02 1.566030e-02 9.785814e-01 -2.052638e-01 -5.329064e+01 -9.670999e-01 6.695653e-02 2.454272e-01 1.729389e+02
2.589094e-01 1.953992e-01 9.459308e-01 3.692349e+02 1.416760e-02 9.784506e-01 -2.059945e-01 -5.347143e+01 -9.657977e-01 6.673548e-02 2.505617e-01 1.731756e+02
2.632445e-01 1.957140e-01 9.446684e-01 3.701162e+02 1.224130e-02 9.784493e-01 -2.061238e-01 -5.363601e+01 -9.646515e-01 6.582493e-02 2.551756e-01 1.734380e+02
2.676074e-01 1.960901e-01 9.433636e-01 3.709950e+02 1.041264e-02 9.784266e-01 -2.063322e-01 -5.381804e+01 -9.634718e-01 6.503892e-02 2.597924e-01 1.736908e+02
2.721528e-01 1.961669e-01 9.420464e-01 3.718645e+02 9.783714e-03 9.783850e-01 -2.065603e-01 -5.399574e+01 -9.622043e-01 6.543267e-02 2.643509e-01 1.739403e+02
2.768277e-01 1.964886e-01 9.406161e-01 3.727144e+02 9.074902e-03 9.782926e-01 -2.070297e-01 -5.417672e+01 -9.608767e-01 6.584757e-02 2.690354e-01 1.741811e+02
2.813251e-01 1.963586e-01 9.393080e-01 3.735762e+02 8.183896e-03 9.783144e-01 -2.069638e-01 -5.435697e+01 -9.595776e-01 6.591132e-02 2.736174e-01 1.744314e+02
2.858741e-01 1.950449e-01 9.382076e-01 3.744301e+02 7.502322e-03 9.785812e-01 -2.057242e-01 -5.454889e+01 -9.582378e-01 6.584997e-02 2.782878e-01 1.746893e+02
2.903695e-01 1.938433e-01 9.370754e-01 3.753045e+02 5.653173e-03 9.789030e-01 -2.042475e-01 -5.473318e+01 -9.568979e-01 6.460467e-02 2.831477e-01 1.749531e+02
2.954167e-01 1.917133e-01 9.359354e-01 3.761911e+02 5.227161e-03 9.793200e-01 -2.022499e-01 -5.491968e+01 -9.553542e-01 6.464028e-02 2.883054e-01 1.752069e+02
2.998621e-01 1.902725e-01 9.348150e-01 3.770779e+02 3.769683e-03 9.796639e-01 -2.006103e-01 -5.509794e+01 -9.539751e-01 6.367937e-02 2.930468e-01 1.754810e+02
3.037877e-01 1.891200e-01 9.337809e-01 3.779628e+02 2.013262e-03 9.799710e-01 -1.991299e-01 -5.526939e+01 -9.527376e-01 6.237316e-02 2.973224e-01 1.757892e+02
3.080395e-01 1.896157e-01 9.322862e-01 3.787906e+02 8.481124e-04 9.798819e-01 -1.995763e-01 -5.543959e+01 -9.513732e-01 6.226805e-02 3.016815e-01 1.760624e+02
3.126227e-01 1.930816e-01 9.300465e-01 3.796425e+02 -1.898963e-03 9.792478e-01 -2.026577e-01 -5.561817e+01 -9.498755e-01 6.158925e-02 3.065017e-01 1.763434e+02
3.169870e-01 1.965821e-01 9.278333e-01 3.805117e+02 -5.119327e-03 9.786239e-01 -2.055943e-01 -5.579142e+01 -9.484161e-01 6.042084e-02 3.112175e-01 1.766275e+02
3.208930e-01 1.975498e-01 9.262839e-01 3.813306e+02 -7.498424e-03 9.785045e-01 -2.060893e-01 -5.595741e+01 -9.470858e-01 5.918692e-02 3.154765e-01 1.769092e+02
3.243399e-01 1.941295e-01 9.258063e-01 3.822221e+02 -9.824881e-03 9.793536e-01 -2.019157e-01 -5.614644e+01 -9.458896e-01 5.639339e-02 3.195507e-01 1.772058e+02
3.263233e-01 1.914704e-01 9.256631e-01 3.830539e+02 -1.329559e-02 9.801030e-01 -1.980440e-01 -5.632776e+01 -9.451647e-01 5.231911e-02 3.223761e-01 1.775022e+02
3.275338e-01 1.931501e-01 9.248863e-01 3.838919e+02 -1.788942e-02 9.799742e-01 -1.983193e-01 -5.650739e+01 -9.446701e-01 4.841057e-02 3.244300e-01 1.777889e+02
3.280989e-01 1.988837e-01 9.234697e-01 3.847258e+02 -2.171694e-02 9.789153e-01 -2.031090e-01 -5.668156e+01 -9.443937e-01 4.658490e-02 3.255002e-01 1.781038e+02
3.288522e-01 2.032189e-01 9.222572e-01 3.855372e+02 -2.314940e-02 9.780140e-01 -2.072504e-01 -5.685210e+01 -9.440976e-01 4.680506e-02 3.263264e-01 1.784005e+02
3.293829e-01 2.039308e-01 9.219106e-01 3.863422e+02 -2.512454e-02 9.779443e-01 -2.073491e-01 -5.702421e+01 -9.438621e-01 4.513468e-02 3.272418e-01 1.786916e+02
3.293681e-01 2.007823e-01 9.226067e-01 3.871789e+02 -2.792559e-02 9.787729e-01 -2.030361e-01 -5.719288e+01 -9.437886e-01 4.110929e-02 3.279835e-01 1.789979e+02
3.293197e-01 1.972307e-01 9.233897e-01 3.879873e+02 -3.080636e-02 9.796645e-01 -1.982638e-01 -5.736644e+01 -9.437158e-01 3.684589e-02 3.286987e-01 1.792979e+02
3.291323e-01 1.957917e-01 9.237627e-01 3.887965e+02 -3.256919e-02 9.800398e-01 -1.961154e-01 -5.753300e+01 -9.437220e-01 3.446171e-02 3.289396e-01 1.795983e+02
3.290594e-01 1.956086e-01 9.238275e-01 3.896355e+02 -3.234663e-02 9.800711e-01 -1.959959e-01 -5.769461e+01 -9.437551e-01 3.461158e-02 3.288289e-01 1.798761e+02
3.289391e-01 1.971511e-01 9.235424e-01 3.905083e+02 -3.297385e-02 9.797665e-01 -1.974091e-01 -5.786029e+01 -9.437753e-01 3.448283e-02 3.287844e-01 1.801621e+02
3.286176e-01 1.983761e-01 9.233945e-01 3.913012e+02 -3.352026e-02 9.795263e-01 -1.985059e-01 -5.802060e+01 -9.438680e-01 3.428010e-02 3.285392e-01 1.804487e+02
3.290594e-01 1.944663e-01 9.240686e-01 3.920791e+02 -2.761086e-02 9.801287e-01 -1.964317e-01 -5.817889e+01 -9.439055e-01 3.912337e-02 3.278899e-01 1.807153e+02
3.292681e-01 1.932250e-01 9.242546e-01 3.928772e+02 -2.649882e-02 9.803435e-01 -1.955107e-01 -5.833250e+01 -9.438646e-01 3.988379e-02 3.279161e-01 1.809942e+02
3.287569e-01 1.956996e-01 9.239159e-01 3.936633e+02 -2.684628e-02 9.798360e-01 -1.979916e-01 -5.850327e+01 -9.440329e-01 4.028741e-02 3.273817e-01 1.812780e+02
3.289319e-01 2.002933e-01 9.228686e-01 3.944517e+02 -2.499591e-02 9.787531e-01 -2.035130e-01 -5.866293e+01 -9.440228e-01 4.387399e-02 3.269497e-01 1.815588e+02
3.293359e-01 2.045908e-01 9.217811e-01 3.952673e+02 -2.422060e-02 9.777522e-01 -2.083600e-01 -5.883030e+01 -9.439021e-01 4.629435e-02 3.269642e-01 1.818277e+02
3.284490e-01 2.039027e-01 9.222500e-01 3.960573e+02 -2.570993e-02 9.779883e-01 -2.070697e-01 -5.899908e+01 -9.441717e-01 4.430084e-02 3.264616e-01 1.821123e+02
3.284181e-01 2.006432e-01 9.229755e-01 3.968439e+02 -2.536630e-02 9.786983e-01 -2.037307e-01 -5.917107e+01 -9.441918e-01 4.349638e-02 3.265118e-01 1.823946e+02
3.281568e-01 2.006084e-01 9.230760e-01 3.976513e+02 -2.598954e-02 9.787371e-01 -2.034656e-01 -5.933781e+01 -9.442657e-01 4.277832e-02 3.263930e-01 1.826887e+02
3.281085e-01 2.020110e-01 9.227873e-01 3.984482e+02 -2.598446e-02 9.784270e-01 -2.049523e-01 -5.951024e+01 -9.442826e-01 4.326844e-02 3.262793e-01 1.829757e+02
3.286868e-01 2.051549e-01 9.218874e-01 3.992628e+02 -2.452811e-02 9.776468e-01 -2.088183e-01 -5.968019e+01 -9.441204e-01 4.602366e-02 3.263717e-01 1.832668e+02
3.291305e-01 2.062833e-01 9.214772e-01 4.000947e+02 -2.404747e-02 9.773617e-01 -2.102045e-01 -5.985785e+01 -9.439782e-01 4.702550e-02 3.266401e-01 1.835548e+02
3.291300e-01 2.051294e-01 9.217350e-01 4.009125e+02 -2.399548e-02 9.776215e-01 -2.089986e-01 -6.003226e+01 -9.439797e-01 4.667024e-02 3.266867e-01 1.838543e+02
3.296874e-01 2.023718e-01 9.221452e-01 4.017734e+02 -2.321462e-02 9.781979e-01 -2.063733e-01 -6.021525e+01 -9.438047e-01 4.663142e-02 3.271975e-01 1.841525e+02
3.302922e-01 2.023023e-01 9.219440e-01 4.026200e+02 -2.127611e-02 9.781087e-01 -2.070043e-01 -6.039350e+01 -9.436389e-01 4.875651e-02 3.273659e-01 1.844570e+02
3.315133e-01 2.022733e-01 9.215120e-01 4.034624e+02 -1.697791e-02 9.778674e-01 -2.085356e-01 -6.057766e+01 -9.432978e-01 5.348699e-02 3.276102e-01 1.847624e+02
3.328430e-01 2.018349e-01 9.211288e-01 4.043220e+02 -1.300310e-02 9.777146e-01 -2.095352e-01 -6.076347e+01 -9.428926e-01 5.776480e-02 3.280499e-01 1.850611e+02
3.342993e-01 1.998210e-01 9.210405e-01 4.051617e+02 -1.044216e-02 9.779908e-01 -2.083864e-01 -6.095088e+01 -9.424091e-01 6.004578e-02 3.290283e-01 1.853718e+02
3.364721e-01 1.987919e-01 9.204718e-01 4.060277e+02 -5.081119e-03 9.778334e-01 -2.093228e-01 -6.113738e+01 -9.416797e-01 6.575425e-02 3.300237e-01 1.856779e+02
3.379551e-01 1.971374e-01 9.202843e-01 4.068472e+02 -1.102958e-03 9.778991e-01 -2.090743e-01 -6.131394e+01 -9.411616e-01 6.964268e-02 3.307035e-01 1.859858e+02
3.378288e-01 1.947898e-01 9.208304e-01 4.076989e+02 -3.331962e-03 9.785913e-01 -2.057860e-01 -6.149653e+01 -9.412017e-01 6.645227e-02 3.312453e-01 1.863032e+02
3.374382e-01 1.900448e-01 9.219644e-01 4.085629e+02 -6.178033e-03 9.798351e-01 -1.997125e-01 -6.168145e+01 -9.413274e-01 6.169472e-02 3.318079e-01 1.866358e+02
3.384601e-01 1.864891e-01 9.223159e-01 4.094137e+02 -5.693524e-03 9.805524e-01 -1.961750e-01 -6.185476e+01 -9.409635e-01 6.114617e-02 3.329396e-01 1.869398e+02
3.389321e-01 1.878381e-01 9.218687e-01 4.102721e+02 -6.128024e-03 9.802861e-01 -1.974881e-01 -6.204786e+01 -9.407909e-01 6.128582e-02 3.334016e-01 1.872264e+02
3.393526e-01 1.901945e-01 9.212306e-01 4.110874e+02 -5.101234e-03 9.797034e-01 -2.003875e-01 -6.221873e+01 -9.406454e-01 6.330259e-02 3.334351e-01 1.875383e+02
3.404744e-01 1.917012e-01 9.205041e-01 4.118970e+02 -3.327558e-03 9.792349e-01 -2.027015e-01 -6.240052e+01 -9.402479e-01 6.595163e-02 3.340423e-01 1.878482e+02
3.411797e-01 1.902621e-01 9.205415e-01 4.126969e+02 -1.836234e-03 9.794345e-01 -2.017539e-01 -6.256979e+01 -9.399963e-01 6.714400e-02 3.345126e-01 1.881588e+02
3.418197e-01 1.875018e-01 9.208705e-01 4.135009e+02 1.987814e-04 9.798794e-01 -1.995906e-01 -6.274799e+01 -9.397655e-01 6.840703e-02 3.349048e-01 1.884687e+02
3.420553e-01 1.862393e-01 9.210391e-01 4.143159e+02 -4.441697e-04 9.801947e-01 -1.980359e-01 -6.292274e+01 -9.396797e-01 6.733014e-02 3.353635e-01 1.887690e+02
3.414393e-01 1.875302e-01 9.210058e-01 4.151465e+02 -2.341959e-03 9.800603e-01 -1.986863e-01 -6.309644e+01 -9.399009e-01 6.568236e-02 3.350703e-01 1.890805e+02
3.414216e-01 1.874020e-01 9.210384e-01 4.159365e+02 -2.318429e-03 9.800866e-01 -1.985570e-01 -6.326294e+01 -9.399074e-01 6.565628e-02 3.350572e-01 1.893630e+02
3.408454e-01 1.857435e-01 9.215876e-01 4.167174e+02 -1.326606e-03 9.803820e-01 -1.971027e-01 -6.343138e+01 -9.401184e-01 6.595896e-02 3.344051e-01 1.896621e+02
3.401453e-01 1.834045e-01 9.223144e-01 4.175037e+02 -4.228611e-04 9.808262e-01 -1.948838e-01 -6.359498e+01 -9.403728e-01 6.589881e-02 3.337010e-01 1.899511e+02
3.392245e-01 1.819087e-01 9.229496e-01 4.182803e+02 -6.026700e-04 9.811668e-01 -1.931615e-01 -6.376111e+01 -9.407053e-01 6.496888e-02 3.329454e-01 1.902371e+02
3.380556e-01 1.816712e-01 9.234251e-01 4.190538e+02 1.752970e-04 9.811795e-01 -1.930977e-01 -6.392345e+01 -9.411261e-01 6.543963e-02 3.316614e-01 1.905186e+02
3.371375e-01 1.830994e-01 9.234787e-01 4.197837e+02 2.231570e-03 9.807472e-01 -1.952688e-01 -6.407594e+01 -9.414528e-01 6.789323e-02 3.302381e-01 1.907763e+02
3.356438e-01 1.875377e-01 9.231321e-01 4.205155e+02 2.053589e-03 9.798338e-01 -1.998036e-01 -6.422976e+01 -9.419867e-01 6.895856e-02 3.284900e-01 1.910510e+02
3.339726e-01 1.933645e-01 9.225359e-01 4.212428e+02 7.259548e-05 9.787267e-01 -2.051685e-01 -6.438633e+01 -9.425828e-01 6.858762e-02 3.268539e-01 1.913185e+02
3.321434e-01 1.980232e-01 9.222080e-01 4.219525e+02 -9.223941e-04 9.777816e-01 -2.096242e-01 -6.453517e+01 -9.432284e-01 6.877467e-02 3.249464e-01 1.915971e+02
3.311094e-01 1.991301e-01 9.223415e-01 4.226836e+02 -5.476696e-04 9.775191e-01 -2.108462e-01 -6.469384e+01 -9.435922e-01 6.930799e-02 3.237748e-01 1.918640e+02
3.298532e-01 1.954178e-01 9.235847e-01 4.234143e+02 -5.725979e-04 9.783815e-01 -2.068075e-01 -6.485281e+01 -9.440321e-01 6.768728e-02 3.228341e-01 1.921120e+02
3.281693e-01 1.912759e-01 9.250505e-01 4.241377e+02 -8.013128e-04 9.793403e-01 -2.022174e-01 -6.501811e+01 -9.446186e-01 6.562028e-02 3.215427e-01 1.923922e+02
3.277657e-01 1.895424e-01 9.255503e-01 4.248596e+02 9.086733e-04 9.796044e-01 -2.009338e-01 -6.517214e+01 -9.447586e-01 6.670023e-02 3.209084e-01 1.926415e+02
3.275081e-01 1.901446e-01 9.255179e-01 4.255730e+02 2.890817e-03 9.793350e-01 -2.022241e-01 -6.532546e+01 -9.448439e-01 6.890554e-02 3.201905e-01 1.928826e+02
3.272144e-01 1.919162e-01 9.252562e-01 4.262739e+02 2.874930e-03 9.789520e-01 -2.040704e-01 -6.548070e+01 -9.449458e-01 6.943482e-02 3.197754e-01 1.931301e+02
3.268523e-01 1.932537e-01 9.251057e-01 4.269773e+02 2.966555e-03 9.786551e-01 -2.054882e-01 -6.563060e+01 -9.450708e-01 6.990868e-02 3.193024e-01 1.933821e+02
3.271894e-01 1.934915e-01 9.249368e-01 4.276881e+02 5.086194e-03 9.784370e-01 -2.064826e-01 -6.578499e+01 -9.449451e-01 7.226334e-02 3.191501e-01 1.936252e+02
3.272328e-01 1.943532e-01 9.247408e-01 4.283812e+02 5.675515e-03 9.781980e-01 -2.075967e-01 -6.594022e+01 -9.449267e-01 7.318083e-02 3.189954e-01 1.938681e+02
3.276339e-01 1.953348e-01 9.243919e-01 4.290929e+02 7.311847e-03 9.778411e-01 -2.092208e-01 -6.609888e+01 -9.447765e-01 7.530683e-02 3.189457e-01 1.941133e+02
3.272852e-01 1.973636e-01 9.240844e-01 4.297950e+02 5.554179e-03 9.775254e-01 -2.107446e-01 -6.625267e+01 -9.449093e-01 7.410612e-02 3.188334e-01 1.943600e+02
3.273533e-01 1.974057e-01 9.240513e-01 4.305097e+02 6.443531e-03 9.774444e-01 -2.110947e-01 -6.641184e+01 -9.448801e-01 7.505671e-02 3.186976e-01 1.946088e+02
3.277575e-01 1.962135e-01 9.241619e-01 4.312212e+02 6.460931e-03 9.777072e-01 -2.098734e-01 -6.657145e+01 -9.447398e-01 7.475851e-02 3.191831e-01 1.948581e+02
3.289346e-01 1.945774e-01 9.240896e-01 4.319521e+02 7.891784e-03 9.779424e-01 -2.087258e-01 -6.672559e+01 -9.443197e-01 7.594987e-02 3.201435e-01 1.951109e+02
3.306228e-01 1.927202e-01 9.238763e-01 4.326667e+02 8.651171e-03 9.782683e-01 -2.071623e-01 -6.688265e+01 -9.437233e-01 7.648518e-02 3.217706e-01 1.953558e+02
3.322945e-01 1.906758e-01 9.237008e-01 4.333719e+02 9.036671e-03 9.786632e-01 -2.052724e-01 -6.703893e+01 -9.431324e-01 7.655806e-02 3.234813e-01 1.955999e+02
3.338989e-01 1.894995e-01 9.233642e-01 4.340722e+02 8.905649e-03 9.789057e-01 -2.041186e-01 -6.719427e+01 -9.425668e-01 7.637813e-02 3.251679e-01 1.958539e+02
3.354993e-01 1.902383e-01 9.226319e-01 4.347610e+02 7.292082e-03 9.788435e-01 -2.044802e-01 -6.735265e+01 -9.420122e-01 7.533088e-02 3.270141e-01 1.961057e+02
3.371178e-01 1.917661e-01 9.217252e-01 4.354363e+02 5.392490e-03 9.786262e-01 -2.055767e-01 -6.750498e+01 -9.414470e-01 7.427396e-02 3.288782e-01 1.963570e+02
3.393246e-01 1.925222e-01 9.207573e-01 4.361149e+02 5.046830e-03 9.784454e-01 -2.064442e-01 -6.764667e+01 -9.406558e-01 7.469849e-02 3.310389e-01 1.965938e+02
3.406693e-01 1.926273e-01 9.202386e-01 4.367847e+02 3.186080e-03 9.785444e-01 -2.060115e-01 -6.780392e+01 -9.401778e-01 7.311377e-02 3.327463e-01 1.968558e+02
3.422365e-01 1.924072e-01 9.197030e-01 4.374306e+02 1.147735e-03 9.787232e-01 -2.051817e-01 -6.793553e+01 -9.396131e-01 7.127623e-02 3.347340e-01 1.970704e+02
3.428665e-01 1.909734e-01 9.197672e-01 4.380696e+02 -5.874503e-06 9.791177e-01 -2.032943e-01 -6.809928e+01 -9.393841e-01 6.969740e-02 3.357078e-01 1.973255e+02
3.440867e-01 1.908024e-01 9.193469e-01 4.387074e+02 -6.014014e-04 9.791796e-01 -2.029951e-01 -6.823453e+01 -9.389377e-01 6.929501e-02 3.370374e-01 1.975615e+02
3.451173e-01 1.909893e-01 9.189217e-01 4.393183e+02 -1.409626e-03 9.791810e-01 -2.029842e-01 -6.837242e+01 -9.385585e-01 6.875802e-02 3.382015e-01 1.977873e+02
3.461029e-01 1.909651e-01 9.185560e-01 4.399263e+02 -1.146902e-03 9.791510e-01 -2.031305e-01 -6.850607e+01 -9.381959e-01 6.925057e-02 3.391060e-01 1.980185e+02
3.474083e-01 1.907824e-01 9.181011e-01 4.405222e+02 -7.245601e-04 9.791387e-01 -2.031919e-01 -6.863267e+01 -9.377137e-01 6.992531e-02 3.402991e-01 1.982413e+02
3.488266e-01 1.903354e-01 9.176560e-01 4.411326e+02 3.651761e-04 9.791319e-01 -2.032252e-01 -6.876250e+01 -9.371872e-01 7.122547e-02 3.414777e-01 1.984645e+02
3.499682e-01 1.906124e-01 9.171637e-01 4.417126e+02 5.973861e-05 9.790745e-01 -2.035020e-01 -6.889269e+01 -9.367616e-01 7.127402e-02 3.426336e-01 1.986796e+02
3.509155e-01 1.913023e-01 9.166579e-01 4.422897e+02 -9.318509e-04 9.789804e-01 -2.039520e-01 -6.901807e+01 -9.364067e-01 7.071574e-02 3.437177e-01 1.989093e+02
3.518746e-01 1.919565e-01 9.161534e-01 4.428533e+02 -1.887051e-03 9.788905e-01 -2.043767e-01 -6.913888e+01 -9.360453e-01 7.018613e-02 3.448089e-01 1.991253e+02
3.532817e-01 1.922788e-01 9.155441e-01 4.434099e+02 -2.374562e-03 9.788315e-01 -2.046539e-01 -6.925525e+01 -9.355140e-01 7.012646e-02 3.462598e-01 1.993146e+02
3.543366e-01 1.920705e-01 9.151800e-01 4.439520e+02 -3.161559e-03 9.789192e-01 -2.042235e-01 -6.939648e+01 -9.351126e-01 6.947045e-02 3.474741e-01 1.995099e+02
3.549543e-01 1.920919e-01 9.149361e-01 4.444866e+02 -4.763670e-03 9.790220e-01 -2.036988e-01 -6.951259e+01 -9.348715e-01 6.794530e-02 3.484232e-01 1.997150e+02
3.552303e-01 1.918343e-01 9.148831e-01 4.450036e+02 -6.450471e-03 9.791958e-01 -2.028149e-01 -6.962141e+01 -9.347566e-01 6.614457e-02 3.490775e-01 1.999155e+02
3.557010e-01 1.907316e-01 9.149307e-01 4.455140e+02 -7.639652e-03 9.795152e-01 -2.012251e-01 -6.976162e+01 -9.345686e-01 6.458624e-02 3.498717e-01 2.001172e+02
3.567271e-01 1.903551e-01 9.146096e-01 4.460110e+02 -6.866189e-03 9.795285e-01 -2.011884e-01 -6.986860e+01 -9.341834e-01 6.548948e-02 3.507314e-01 2.003026e+02
3.571935e-01 1.918244e-01 9.141204e-01 4.464968e+02 -6.928693e-03 9.792011e-01 -2.027740e-01 -6.997340e+01 -9.340047e-01 6.609589e-02 3.510934e-01 2.004974e+02
3.578076e-01 1.951778e-01 9.131699e-01 4.469741e+02 -8.339131e-03 9.785412e-01 -2.058825e-01 -7.007517e+01 -9.337581e-01 6.605129e-02 3.517571e-01 2.006776e+02
3.582508e-01 1.984780e-01 9.122844e-01 4.474449e+02 -9.772433e-03 9.778855e-01 -2.089126e-01 -7.017698e+01 -9.335742e-01 6.592788e-02 3.522679e-01 2.008643e+02
3.589169e-01 2.007377e-01 9.115279e-01 4.479000e+02 -1.087228e-02 9.774320e-01 -2.109702e-01 -7.027624e+01 -9.333062e-01 6.581036e-02 3.529993e-01 2.010459e+02
3.598756e-01 2.013805e-01 9.110079e-01 4.483464e+02 -9.611976e-03 9.771768e-01 -2.122102e-01 -7.038379e+01 -9.329508e-01 6.761270e-02 3.535978e-01 2.012207e+02
3.604461e-01 2.013685e-01 9.107850e-01 4.487834e+02 -8.720708e-03 9.771047e-01 -2.125801e-01 -7.047980e+01 -9.327393e-01 6.868098e-02 3.539497e-01 2.013954e+02
3.596351e-01 2.002390e-01 9.113544e-01 4.492000e+02 -9.031833e-03 9.774040e-01 -2.111870e-01 -7.058035e+01 -9.330493e-01 6.771906e-02 3.533173e-01 2.015643e+02
3.583509e-01 1.999313e-01 9.119277e-01 4.496172e+02 -1.047259e-02 9.775993e-01 -2.102138e-01 -7.066100e+01 -9.335282e-01 6.578006e-02 3.524174e-01 2.017288e+02
3.570573e-01 1.994652e-01 9.125370e-01 4.500204e+02 -1.076006e-02 9.777475e-01 -2.095090e-01 -7.075709e+01 -9.340205e-01 6.498775e-02 3.512582e-01 2.018862e+02
3.560877e-01 1.992936e-01 9.129532e-01 4.504103e+02 -1.094592e-02 9.778152e-01 -2.091833e-01 -7.083952e+01 -9.343884e-01 6.449449e-02 3.503694e-01 2.020251e+02
3.551243e-01 1.990253e-01 9.133869e-01 4.507796e+02 -1.035629e-02 9.778511e-01 -2.090454e-01 -7.092046e+01 -9.347617e-01 6.477781e-02 3.493198e-01 2.021632e+02
3.541617e-01 1.991066e-01 9.137429e-01 4.511488e+02 -1.075173e-02 9.778749e-01 -2.089138e-01 -7.100011e+01 -9.351224e-01 6.416497e-02 3.484666e-01 2.023040e+02
3.530860e-01 1.984980e-01 9.142914e-01 4.514945e+02 -1.075429e-02 9.780308e-01 -2.081830e-01 -7.108304e+01 -9.355291e-01 6.367395e-02 3.474636e-01 2.024337e+02
3.524036e-01 1.980188e-01 9.146586e-01 4.518457e+02 -1.012806e-02 9.781076e-01 -2.078530e-01 -7.115860e+01 -9.357933e-01 6.398440e-02 3.466942e-01 2.025629e+02
3.515542e-01 1.977330e-01 9.150471e-01 4.521779e+02 -9.407116e-03 9.781363e-01 -2.077518e-01 -7.122862e+01 -9.361203e-01 6.442808e-02 3.457281e-01 2.026886e+02
3.503245e-01 1.975650e-01 9.155549e-01 4.524978e+02 -1.000355e-02 9.782342e-01 -2.072627e-01 -7.130825e+01 -9.365750e-01 6.345040e-02 3.446758e-01 2.028113e+02
3.488760e-01 1.978896e-01 9.160378e-01 4.527942e+02 -1.141914e-02 9.782773e-01 -2.069860e-01 -7.138018e+01 -9.370993e-01 6.175209e-02 3.435572e-01 2.029367e+02
3.478228e-01 1.982804e-01 9.163537e-01 4.530963e+02 -1.265246e-02 9.782848e-01 -2.068785e-01 -7.144726e+01 -9.374749e-01 6.036295e-02 3.427785e-01 2.030475e+02
3.470881e-01 1.992378e-01 9.164247e-01 4.534025e+02 -1.196125e-02 9.780340e-01 -2.081019e-01 -7.148767e+01 -9.377563e-01 6.126811e-02 3.418471e-01 2.031533e+02
3.466678e-01 1.994981e-01 9.165271e-01 4.536907e+02 -1.129462e-02 9.779373e-01 -2.085931e-01 -7.156563e+01 -9.379200e-01 6.196068e-02 3.412726e-01 2.032415e+02
3.461198e-01 2.006256e-01 9.164881e-01 4.539592e+02 -1.070288e-02 9.776488e-01 -2.099720e-01 -7.162856e+01 -9.381293e-01 6.286642e-02 3.405309e-01 2.033401e+02
3.453122e-01 2.016989e-01 9.165572e-01 4.542342e+02 -1.044975e-02 9.773977e-01 -2.111506e-01 -7.167759e+01 -9.384297e-01 6.333507e-02 3.396150e-01 2.034525e+02
3.448258e-01 2.017236e-01 9.167348e-01 4.545053e+02 -1.079880e-02 9.774230e-01 -2.110159e-01 -7.172993e+01 -9.386046e-01 6.286407e-02 3.392190e-01 2.035589e+02
3.451815e-01 2.014225e-01 9.166672e-01 4.547709e+02 -1.242378e-02 9.775941e-01 -2.101319e-01 -7.180307e+01 -9.384537e-01 6.114516e-02 3.399498e-01 2.036574e+02
3.459931e-01 2.017388e-01 9.162916e-01 4.550330e+02 -1.340068e-02 9.775728e-01 -2.101708e-01 -7.185787e+01 -9.381414e-01 6.043872e-02 3.409369e-01 2.037578e+02
3.470017e-01 2.021543e-01 9.158185e-01 4.552939e+02 -1.514727e-02 9.775740e-01 -2.100467e-01 -7.191316e+01 -9.377422e-01 5.901442e-02 3.422819e-01 2.038588e+02
3.490343e-01 2.023826e-01 9.149953e-01 4.555551e+02 -1.719516e-02 9.776199e-01 -2.096749e-01 -7.197923e+01 -9.369522e-01 5.745025e-02 3.447029e-01 2.039430e+02
3.519489e-01 2.032810e-01 9.136787e-01 4.558225e+02 -1.813859e-02 9.774303e-01 -2.104779e-01 -7.202000e+01 -9.358434e-01 5.750461e-02 3.476928e-01 2.040384e+02
3.561935e-01 2.040463e-01 9.118614e-01 4.560893e+02 -1.864223e-02 9.772239e-01 -2.113904e-01 -7.206434e+01 -9.342262e-01 5.829674e-02 3.518847e-01 2.041380e+02
3.619898e-01 2.045590e-01 9.094608e-01 4.563542e+02 -1.933751e-02 9.770637e-01 -2.120676e-01 -7.210629e+01 -9.319815e-01 5.917959e-02 3.576427e-01 2.042411e+02
3.694779e-01 2.057218e-01 9.061813e-01 4.566209e+02 -2.166549e-02 9.768280e-01 -2.129263e-01 -7.216113e+01 -9.289869e-01 5.903871e-02 3.653734e-01 2.043484e+02
3.789959e-01 2.067073e-01 9.020168e-01 4.568949e+02 -2.476819e-02 9.766501e-01 -2.134037e-01 -7.222353e+01 -9.250669e-01 5.853779e-02 3.752661e-01 2.044466e+02
3.896969e-01 2.072058e-01 8.973305e-01 4.571674e+02 -2.816065e-02 9.765858e-01 -2.132772e-01 -7.231284e+01 -9.205125e-01 5.784407e-02 3.864076e-01 2.045473e+02
4.014841e-01 2.067473e-01 8.922254e-01 4.574325e+02 -3.002312e-02 9.766351e-01 -2.127970e-01 -7.239724e+01 -9.153738e-01 5.864721e-02 3.983107e-01 2.046672e+02
4.159359e-01 2.073327e-01 8.854436e-01 4.577089e+02 -3.434237e-02 9.765501e-01 -2.125337e-01 -7.245790e+01 -9.087452e-01 5.799216e-02 4.133026e-01 2.047790e+02
4.310150e-01 2.092385e-01 8.777501e-01 4.579913e+02 -3.972685e-02 9.762007e-01 -2.131995e-01 -7.252369e+01 -9.014698e-01 5.702194e-02 4.290695e-01 2.049298e+02
4.484551e-01 2.116897e-01 8.683752e-01 4.582816e+02 -4.634446e-02 9.757488e-01 -2.139312e-01 -7.257570e+01 -8.926030e-01 5.569416e-02 4.473902e-01 2.050594e+02
4.668240e-01 2.138470e-01 8.581053e-01 4.585570e+02 -5.098207e-02 9.752169e-01 -2.152971e-01 -7.264229e+01 -8.828795e-01 5.675787e-02 4.661570e-01 2.052132e+02
4.856450e-01 2.164388e-01 8.469375e-01 4.588351e+02 -5.534688e-02 9.745323e-01 -2.173096e-01 -7.270708e+01 -8.724022e-01 5.865999e-02 4.852560e-01 2.053663e+02
5.049428e-01 2.172000e-01 8.353783e-01 4.591021e+02 -5.931618e-02 9.742658e-01 -2.174574e-01 -7.278859e+01 -8.611123e-01 6.025211e-02 5.048320e-01 2.055248e+02
5.228528e-01 2.202087e-01 8.234884e-01 4.593541e+02 -6.804983e-02 9.737555e-01 -2.171851e-01 -7.285776e+01 -8.497024e-01 5.751757e-02 5.241159e-01 2.057112e+02
5.355714e-01 2.248274e-01 8.140122e-01 4.596028e+02 -7.587667e-02 9.728223e-01 -2.187679e-01 -7.292535e+01 -8.410743e-01 5.540131e-02 5.380750e-01 2.058912e+02
5.403810e-01 2.300643e-01 8.093570e-01 4.598439e+02 -8.359837e-02 9.718142e-01 -2.204278e-01 -7.298832e+01 -8.372572e-01 5.145405e-02 5.443830e-01 2.060638e+02
5.392924e-01 2.324068e-01 8.094139e-01 4.600885e+02 -8.594815e-02 9.713348e-01 -2.216340e-01 -7.304445e+01 -8.377211e-01 4.995788e-02 5.438084e-01 2.062347e+02
5.349988e-01 2.336083e-01 8.119134e-01 4.603305e+02 -8.677510e-02 9.711233e-01 -2.222379e-01 -7.311165e+01 -8.403847e-01 4.844314e-02 5.398212e-01 2.063873e+02
5.257865e-01 2.340144e-01 8.177932e-01 4.605642e+02 -8.539616e-02 9.710770e-01 -2.229731e-01 -7.318266e+01 -8.463191e-01 4.739986e-02 5.305631e-01 2.065381e+02
5.131797e-01 2.336196e-01 8.258743e-01 4.607955e+02 -8.042551e-02 9.710975e-01 -2.247251e-01 -7.324247e+01 -8.545047e-01 4.890301e-02 5.171365e-01 2.066790e+02
4.992683e-01 2.333531e-01 8.344324e-01 4.610233e+02 -7.451449e-02 9.710462e-01 -2.269733e-01 -7.329623e+01 -8.632374e-01 5.114328e-02 5.022008e-01 2.068018e+02
4.828217e-01 2.320105e-01 8.444254e-01 4.612511e+02 -6.704546e-02 9.712289e-01 -2.285155e-01 -7.335469e+01 -8.731484e-01 5.371737e-02 4.844856e-01 2.069136e+02
4.635016e-01 2.316236e-01 8.552875e-01 4.614800e+02 -6.176505e-02 9.713287e-01 -2.295771e-01 -7.342225e+01 -8.839408e-01 5.358247e-02 4.645186e-01 2.070201e+02
4.446500e-01 2.318835e-01 8.651684e-01 4.617027e+02 -5.771614e-02 9.713185e-01 -2.306710e-01 -7.347862e+01 -8.938430e-01 5.263370e-02 4.452802e-01 2.070905e+02
4.274316e-01 2.304255e-01 8.741889e-01 4.618864e+02 -5.476596e-02 9.717959e-01 -2.293759e-01 -7.356377e+01 -9.023873e-01 5.016673e-02 4.279958e-01 2.071035e+02
4.099118e-01 2.294191e-01 8.828019e-01 4.621039e+02 -5.092690e-02 9.720985e-01 -2.289782e-01 -7.363072e+01 -9.107023e-01 4.890252e-02 4.101583e-01 2.071477e+02
3.938483e-01 2.285326e-01 8.903125e-01 4.623439e+02 -4.418420e-02 9.721864e-01 -2.300029e-01 -7.368679e+01 -9.181129e-01 5.124850e-02 3.929915e-01 2.072067e+02
3.788983e-01 2.272881e-01 8.970932e-01 4.625948e+02 -3.693328e-02 9.723127e-01 -2.307465e-01 -7.375714e+01 -9.247011e-01 5.429685e-02 3.768021e-01 2.072829e+02
3.651423e-01 2.259917e-01 9.031051e-01 4.628365e+02 -3.178599e-02 9.725489e-01 -2.305175e-01 -7.383033e+01 -9.304089e-01 5.546561e-02 3.623021e-01 2.073493e+02
3.539728e-01 2.256450e-01 9.076275e-01 4.630685e+02 -3.051798e-02 9.727291e-01 -2.299279e-01 -7.389689e+01 -9.347577e-01 5.368927e-02 3.512059e-01 2.073889e+02
3.462145e-01 2.236214e-01 9.111141e-01 4.632942e+02 -2.868169e-02 9.732452e-01 -2.279719e-01 -7.396402e+01 -9.377168e-01 5.279489e-02 3.433654e-01 2.074201e+02
3.382893e-01 2.207679e-01 9.147797e-01 4.635369e+02 -2.595819e-02 9.739114e-01 -2.254390e-01 -7.402779e+01 -9.406841e-01 5.251759e-02 3.351946e-01 2.074914e+02
3.318911e-01 2.195012e-01 9.174244e-01 4.637738e+02 -2.412007e-02 9.742075e-01 -2.243613e-01 -7.409007e+01 -9.430093e-01 5.233517e-02 3.286252e-01 2.075648e+02
3.307735e-01 2.192130e-01 9.178968e-01 4.640001e+02 -2.325261e-02 9.742448e-01 -2.242908e-01 -7.415457e+01 -9.434237e-01 5.284594e-02 3.273516e-01 2.076251e+02
3.339564e-01 2.196941e-01 9.166284e-01 4.642197e+02 -2.406927e-02 9.741292e-01 -2.247064e-01 -7.420918e+01 -9.422812e-01 5.297957e-02 3.306045e-01 2.076937e+02
3.457231e-01 2.184993e-01 9.125424e-01 4.644176e+02 -2.554287e-02 9.743418e-01 -2.236195e-01 -7.426137e+01 -9.379889e-01 5.400148e-02 3.424336e-01 2.076438e+02
3.555587e-01 2.170107e-01 9.091118e-01 4.646253e+02 -2.549839e-02 9.745623e-01 -2.226616e-01 -7.431237e+01 -9.343061e-01 5.598838e-02 3.520475e-01 2.077264e+02
3.675325e-01 2.166767e-01 9.044175e-01 4.648218e+02 -2.941954e-02 9.747029e-01 -2.215600e-01 -7.435918e+01 -9.295453e-01 5.482295e-02 3.646095e-01 2.078012e+02
3.842875e-01 2.187540e-01 8.969224e-01 4.649845e+02 -3.861293e-02 9.744805e-01 -2.211263e-01 -7.440170e+01 -9.224056e-01 5.034325e-02 3.829274e-01 2.077836e+02
3.980358e-01 2.213591e-01 8.902627e-01 4.651415e+02 -4.625197e-02 9.740594e-01 -2.215155e-01 -7.444379e+01 -9.162032e-01 4.699468e-02 3.979488e-01 2.078513e+02
4.120258e-01 2.218324e-01 8.837563e-01 4.652956e+02 -5.256325e-02 9.740829e-01 -2.199993e-01 -7.448633e+01 -9.096548e-01 4.419228e-02 4.130075e-01 2.079212e+02
4.263733e-01 2.202314e-01 8.773277e-01 4.654447e+02 -5.726453e-02 9.745344e-01 -2.168027e-01 -7.452265e+01 -9.027328e-01 4.219911e-02 4.281269e-01 2.079941e+02
4.427128e-01 2.182738e-01 8.696907e-01 4.655782e+02 -5.859408e-02 9.748880e-01 -2.148489e-01 -7.455364e+01 -8.947470e-01 4.415764e-02 4.443849e-01 2.080320e+02
4.598987e-01 2.166158e-01 8.611450e-01 4.657082e+02 -5.176982e-02 9.746804e-01 -2.175270e-01 -7.458559e+01 -8.864610e-01 5.545906e-02 4.594684e-01 2.080778e+02
4.765288e-01 2.190610e-01 8.514297e-01 4.658218e+02 -5.020238e-02 9.736595e-01 -2.224117e-01 -7.461422e+01 -8.777244e-01 6.324176e-02 4.749741e-01 2.081341e+02
4.921984e-01 2.221620e-01 8.416560e-01 4.659322e+02 -5.530007e-02 9.729110e-01 -2.244685e-01 -7.462430e+01 -8.687247e-01 6.393942e-02 4.911508e-01 2.081805e+02
5.050390e-01 2.243939e-01 8.334164e-01 4.660302e+02 -6.645422e-02 9.728554e-01 -2.216669e-01 -7.465683e+01 -8.605344e-01 5.656641e-02 5.062419e-01 2.082500e+02
5.185031e-01 2.254381e-01 8.248225e-01 4.661217e+02 -7.508330e-02 9.728969e-01 -2.187102e-01 -7.466878e+01 -8.517729e-01 5.147153e-02 5.213766e-01 2.082988e+02
5.310286e-01 2.254589e-01 8.168090e-01 4.662138e+02 -7.993257e-02 9.729826e-01 -2.166003e-01 -7.468501e+01 -8.435753e-01 4.973134e-02 5.347031e-01 2.083611e+02
5.428128e-01 2.244805e-01 8.092977e-01 4.663027e+02 -8.216089e-02 9.731887e-01 -2.148331e-01 -7.470706e+01 -8.358252e-01 5.012155e-02 5.467028e-01 2.084237e+02
5.543551e-01 2.242194e-01 8.015087e-01 4.663799e+02 -8.465966e-02 9.732236e-01 -2.137021e-01 -7.472087e+01 -8.279633e-01 5.061137e-02 5.584938e-01 2.084825e+02
5.657259e-01 2.241100e-01 7.935546e-01 4.664574e+02 -8.705960e-02 9.732132e-01 -2.127830e-01 -7.473434e+01 -8.199846e-01 5.129034e-02 5.700829e-01 2.085313e+02
5.758450e-01 2.233148e-01 7.864687e-01 4.665231e+02 -8.826298e-02 9.733305e-01 -2.117482e-01 -7.474197e+01 -8.127805e-01 5.251810e-02 5.801980e-01 2.085870e+02
5.852385e-01 2.211949e-01 7.801081e-01 4.665938e+02 -8.919895e-02 9.737968e-01 -2.091969e-01 -7.475852e+01 -8.059401e-01 5.284525e-02 5.896338e-01 2.086420e+02
5.924859e-01 2.221025e-01 7.743584e-01 4.666519e+02 -9.301091e-02 9.736741e-01 -2.081050e-01 -7.477012e+01 -8.001934e-01 5.127548e-02 5.975461e-01 2.086847e+02
5.986757e-01 2.269045e-01 7.681808e-01 4.666985e+02 -1.006125e-01 9.727440e-01 -2.089166e-01 -7.477885e+01 -7.946474e-01 4.778467e-02 6.051876e-01 2.087417e+02
6.059419e-01 2.340974e-01 7.602847e-01 4.667349e+02 -1.118062e-01 9.712960e-01 -2.099605e-01 -7.479270e+01 -7.876127e-01 4.221929e-02 6.147225e-01 2.087861e+02
6.105276e-01 2.392281e-01 7.550007e-01 4.667636e+02 -1.191454e-01 9.701836e-01 -2.110642e-01 -7.480292e+01 -7.829818e-01 3.890563e-02 6.208268e-01 2.088333e+02
6.162296e-01 2.389684e-01 7.504367e-01 4.668260e+02 -1.199250e-01 9.702152e-01 -2.104767e-01 -7.480721e+01 -7.783824e-01 3.970585e-02 6.265336e-01 2.088527e+02
6.233489e-01 2.339129e-01 7.461373e-01 4.668709e+02 -1.166384e-01 9.713478e-01 -2.070723e-01 -7.481711e+01 -7.731957e-01 4.205001e-02 6.327718e-01 2.088804e+02
6.292780e-01 2.289002e-01 7.427071e-01 4.669182e+02 -1.130418e-01 9.724382e-01 -2.039251e-01 -7.482711e+01 -7.689153e-01 4.436860e-02 6.378093e-01 2.089043e+02
6.334607e-01 2.277748e-01 7.394905e-01 4.669603e+02 -1.130852e-01 9.726828e-01 -2.027310e-01 -7.482692e+01 -7.654667e-01 4.479668e-02 6.419143e-01 2.089294e+02
6.381135e-01 2.298866e-01 7.348220e-01 4.669893e+02 -1.177386e-01 9.722959e-01 -2.019362e-01 -7.482666e+01 -7.608869e-01 4.234129e-02 6.475016e-01 2.089558e+02
6.425777e-01 2.341615e-01 7.295631e-01 4.670300e+02 -1.239772e-01 9.713858e-01 -2.025818e-01 -7.481681e+01 -7.561241e-01 3.972536e-02 6.532215e-01 2.089699e+02
6.448387e-01 2.373150e-01 7.265429e-01 4.670543e+02 -1.285469e-01 9.707090e-01 -2.029774e-01 -7.482183e+01 -7.534313e-01 3.749287e-02 6.564568e-01 2.090010e+02
