1.000000e+00 0.000000e+00 0.000000e+00 0.000000e+00 0.000000e+00 1.000000e+00 0.000000e+00 0.000000e+00 0.000000e+00 0.000000e+00 1.000000e+00 0.000000e+00
9.999981e-01 -1.512400e-03 -1.254975e-03 -1.465045e-02 1.511172e-03 9.999984e-01 -9.788474e-04 -1.292148e-02 1.256454e-03 9.769490e-04 9.999987e-01 5.746345e-01
9.999964e-01 -1.725836e-03 -2.062765e-03 -2.528997e-02 1.721006e-03 9.999958e-01 -2.340978e-03 -2.902216e-02 2.066796e-03 2.337420e-03 9.999951e-01 1.143622e+00
9.999899e-01 -1.802879e-03 -4.105931e-03 -2.256781e-02 1.787393e-03 9.999913e-01 -3.772247e-03 -4.015780e-02 4.112696e-03 3.764870e-03 9.999845e-01 1.738730e+00
9.999729e-01 -4.039350e-03 -6.161568e-03 -1.627083e-02 4.006587e-03 9.999778e-01 -5.320498e-03 -5.434674e-02 6.182923e-03 5.295666e-03 9.999669e-01 2.301497e+00
9.999520e-01 -6.083377e-03 -7.677537e-03 -2.155694e-02 6.027872e-03 9.999557e-01 -7.232197e-03 -7.394663e-02 7.721193e-03 7.185570e-03 9.999444e-01 2.884708e+00
9.999349e-01 -6.921852e-03 -9.075151e-03 -3.267814e-02 6.851697e-03 9.999466e-01 -7.738901e-03 -9.633458e-02 9.128234e-03 7.676216e-03 9.999289e-01 3.462016e+00
9.999190e-01 -6.926142e-03 -1.068188e-02 -3.221366e-02 6.851164e-03 9.999517e-01 -7.039870e-03 -1.167713e-01 1.073013e-02 6.966117e-03 9.999182e-01 4.049757e+00
9.999001e-01 -7.314898e-03 -1.209705e-02 -3.719346e-02 7.228491e-03 9.999482e-01 -7.171107e-03 -1.402095e-01 1.214887e-02 7.082947e-03 9.999011e-01 4.645381e+00
9.998934e-01 -6.457822e-03 -1.309811e-02 -4.755588e-02 6.328141e-03 9.999308e-01 -9.918130e-03 -1.586628e-01 1.316125e-02 9.834185e-03 9.998650e-01 5.240791e+00
9.994841e-01 1.569822e-02 -2.802054e-02 -4.850176e-02 -1.580476e-02 9.998687e-01 -3.584855e-03 -1.774558e-01 2.796059e-02 4.025863e-03 9.996009e-01 5.861776e+00
9.994217e-01 1.697822e-02 -2.946138e-02 -7.136643e-02 -1.720373e-02 9.998245e-01 -7.417799e-03 -1.888236e-01 2.933027e-02 7.920355e-03 9.995384e-01 6.492716e+00
9.993397e-01 1.947514e-02 -3.067325e-02 -8.769068e-02 -1.971301e-02 9.997778e-01 -7.471519e-03 -1.950615e-01 3.052092e-02 8.071247e-03 9.995015e-01 7.091901e+00
9.992468e-01 2.236105e-02 -3.171615e-02 -1.156804e-01 -2.239886e-02 9.997488e-01 -8.371403e-04 -2.019591e-01 3.168946e-02 1.546915e-03 9.994966e-01 7.737388e+00
9.991953e-01 2.373362e-02 -3.233397e-02 -1.427585e-01 -2.344788e-02 9.996828e-01 9.187792e-03 -2.018205e-01 3.254178e-02 -8.422235e-03 9.994349e-01 8.405373e+00
9.991405e-01 2.547354e-02 -3.269980e-02 -1.772857e-01 -2.494759e-02 9.995543e-01 1.639293e-02 -2.248957e-01 3.310281e-02 -1.556306e-02 9.993308e-01 9.086133e+00
9.990391e-01 2.822160e-02 -3.353368e-02 -2.197734e-01 -2.771246e-02 9.994949e-01 1.555208e-02 -2.347374e-01 3.395565e-02 -1.460783e-02 9.993166e-01 9.760501e+00
9.989250e-01 3.059591e-02 -3.482377e-02 -2.437326e-01 -3.031723e-02 9.995042e-01 8.502675e-03 -2.422404e-01 3.506665e-02 -7.437775e-03 9.993573e-01 1.047045e+01
9.988784e-01 3.078016e-02 -3.597945e-02 -2.812509e-01 -3.071229e-02 9.995253e-01 2.437510e-03 -2.352965e-01 3.603739e-02 -1.329764e-03 9.993496e-01 1.118133e+01
9.988938e-01 2.901610e-02 -3.700351e-02 -3.106409e-01 -2.888667e-02 9.995746e-01 4.027672e-03 -2.321787e-01 3.710464e-02 -2.954308e-03 9.993070e-01 1.190198e+01
9.975183e-01 4.940095e-02 -5.016704e-02 -3.665120e-01 -4.831317e-02 9.985749e-01 2.266991e-02 -2.499509e-01 5.121547e-02 -2.018992e-02 9.984835e-01 1.269715e+01
9.974925e-01 4.922487e-02 -5.084993e-02 -3.862489e-01 -4.772815e-02 9.984025e-01 3.024112e-02 -2.458792e-01 5.225731e-02 -2.773832e-02 9.982483e-01 1.342800e+01
9.974976e-01 4.839433e-02 -5.154065e-02 -4.182822e-01 -4.675983e-02 9.983786e-01 3.246054e-02 -2.268469e-01 5.302799e-02 -2.996928e-02 9.981432e-01 1.420502e+01
9.975658e-01 4.687528e-02 -5.162467e-02 -4.769903e-01 -4.529582e-02 9.984815e-01 3.135220e-02 -2.104270e-01 5.301593e-02 -2.893750e-02 9.981743e-01 1.505042e+01
9.975792e-01 4.716838e-02 -5.109636e-02 -5.252507e-01 -4.572558e-02 9.985316e-01 2.904767e-02 -2.035201e-01 5.239146e-02 -2.664094e-02 9.982712e-01 1.586278e+01
9.974964e-01 4.951892e-02 -5.048487e-02 -5.869273e-01 -4.828760e-02 9.985124e-01 2.532530e-02 -1.828367e-01 5.166385e-02 -2.282411e-02 9.984037e-01 1.670597e+01
9.976791e-01 4.655132e-02 -4.969327e-02 -6.421482e-01 -4.561836e-02 9.987637e-01 1.974693e-02 -1.737378e-01 5.055109e-02 -1.743418e-02 9.985693e-01 1.758566e+01
9.978112e-01 4.406997e-02 -4.930112e-02 -6.860650e-01 -4.345830e-02 9.989652e-01 1.341123e-02 -1.698026e-01 4.984114e-02 -1.123933e-02 9.986939e-01 1.845962e+01
9.977784e-01 4.577719e-02 -4.840118e-02 -7.423892e-01 -4.544727e-02 9.989355e-01 7.895526e-03 -1.655465e-01 4.871109e-02 -5.678284e-03 9.987968e-01 1.935722e+01
9.976946e-01 4.735128e-02 -4.861449e-02 -7.818868e-01 -4.705053e-02 9.988657e-01 7.312791e-03 -1.705417e-01 4.890562e-02 -5.008595e-03 9.987908e-01 2.025181e+01
9.979606e-01 5.500468e-02 -3.238949e-02 -8.488287e-01 -5.490841e-02 9.984840e-01 3.855069e-03 -1.613157e-01 3.255243e-02 -2.068752e-03 9.994679e-01 2.123413e+01
9.978751e-01 5.642783e-02 -3.257734e-02 -8.884763e-01 -5.638082e-02 9.984065e-01 2.360684e-03 -1.679061e-01 3.265864e-02 -5.189305e-04 9.994664e-01 2.218075e+01
9.977058e-01 5.935018e-02 -3.256788e-02 -9.363244e-01 -5.937371e-02 9.982358e-01 2.448720e-04 -1.742289e-01 3.252496e-02 1.689366e-03 9.994695e-01 2.314990e+01
9.974629e-01 6.305930e-02 -3.303567e-02 -9.759792e-01 -6.310766e-02 9.980066e-01 -4.221853e-04 -1.844749e-01 3.294320e-02 2.505918e-03 9.994541e-01 2.412193e+01
9.973422e-01 6.481203e-02 -3.328515e-02 -1.012318e+00 -6.485965e-02 9.978943e-01 -3.520327e-04 -1.964848e-01 3.319224e-02 2.509960e-03 9.994458e-01 2.509865e+01
9.972597e-01 6.593372e-02 -3.355300e-02 -1.059423e+00 -6.599249e-02 9.978199e-01 -6.459962e-04 -2.081110e-01 3.343726e-02 2.858472e-03 9.994367e-01 2.608687e+01
9.972375e-01 6.609782e-02 -3.388958e-02 -1.094056e+00 -6.615405e-02 9.978093e-01 -5.396206e-04 -2.213026e-01 3.377967e-02 2.780063e-03 9.994254e-01 2.708270e+01
9.971505e-01 6.718064e-02 -3.431600e-02 -1.139829e+00 -6.720774e-02 9.977389e-01 3.646054e-04 -2.336793e-01 3.426290e-02 1.942734e-03 9.994110e-01 2.809337e+01
9.970917e-01 6.771743e-02 -3.496397e-02 -1.176084e+00 -6.768588e-02 9.977045e-01 2.086541e-03 -2.450751e-01 3.502500e-02 2.860945e-04 9.993864e-01 2.910741e+01
9.970290e-01 6.842097e-02 -3.538030e-02 -1.221678e+00 -6.835767e-02 9.976564e-01 2.997304e-03 -2.558038e-01 3.550246e-02 -5.698842e-04 9.993694e-01 3.013007e+01
9.968451e-01 7.068421e-02 -3.610578e-02 -1.269050e+00 -7.029012e-02 9.974535e-01 1.207180e-02 -2.598476e-01 3.686712e-02 -9.495832e-03 9.992751e-01 3.115794e+01
9.967290e-01 7.210792e-02 -3.649362e-02 -1.312513e+00 -7.174404e-02 9.973603e-01 1.118604e-02 -2.618572e-01 3.720389e-02 -8.531246e-03 9.992713e-01 3.219407e+01
9.966846e-01 7.205631e-02 -3.778450e-02 -1.343739e+00 -7.164344e-02 9.973560e-01 1.217122e-02 -2.623225e-01 3.856161e-02 -9.423860e-03 9.992118e-01 3.324400e+01
9.966585e-01 7.205370e-02 -3.847185e-02 -1.385518e+00 -7.154849e-02 9.973338e-01 1.435307e-02 -2.557782e-01 3.940347e-02 -1.155251e-02 9.991566e-01 3.429590e+01
9.966360e-01 7.229927e-02 -3.859308e-02 -1.433414e+00 -7.164630e-02 9.972669e-01 1.804408e-02 -2.523595e-01 3.979217e-02 -1.521833e-02 9.990921e-01 3.535293e+01
9.965492e-01 7.306270e-02 -3.938829e-02 -1.476155e+00 -7.233441e-02 9.971876e-01 1.961018e-02 -2.390081e-01 4.071029e-02 -1.669339e-02 9.990315e-01 3.641475e+01
9.965562e-01 7.275674e-02 -3.977714e-02 -1.524677e+00 -7.200434e-02 9.972031e-01 2.003363e-02 -2.344531e-01 4.112347e-02 -1.710051e-02 9.990077e-01 3.748157e+01
9.964617e-01 7.357222e-02 -4.063608e-02 -1.573029e+00 -7.285256e-02 9.971633e-01 1.891752e-02 -2.391478e-01 4.191261e-02 -1.589014e-02 9.989949e-01 3.856556e+01
9.963832e-01 7.443571e-02 -4.098509e-02 -1.633389e+00 -7.372738e-02 9.971062e-01 1.853331e-02 -2.377291e-01 4.224603e-02 -1.544456e-02 9.989879e-01 3.964932e+01
9.963827e-01 7.407947e-02 -4.163889e-02 -1.682507e+00 -7.331168e-02 9.971150e-01 1.967549e-02 -2.269665e-01 4.297631e-02 -1.655170e-02 9.989390e-01 4.073009e+01
9.957850e-01 7.373159e-02 -5.455141e-02 -1.727164e+00 -7.225382e-02 9.969766e-01 2.858572e-02 -2.271326e-01 5.649414e-02 -2.452368e-02 9.981017e-01 4.184408e+01
9.957332e-01 7.426714e-02 -5.476991e-02 -1.793541e+00 -7.264721e-02 9.968758e-01 3.100020e-02 -2.133959e-01 5.690110e-02 -2.688905e-02 9.980177e-01 4.292917e+01
9.955909e-01 7.561868e-02 -5.550276e-02 -1.858724e+00 -7.399530e-02 9.967845e-01 3.074597e-02 -1.980359e-01 5.764926e-02 -2.650347e-02 9.979850e-01 4.401343e+01
9.954642e-01 7.682993e-02 -5.610818e-02 -1.924834e+00 -7.541971e-02 9.967907e-01 2.683627e-02 -1.843401e-01 5.798994e-02 -2.248289e-02 9.980640e-01 4.509532e+01
9.953567e-01 7.841592e-02 -5.582051e-02 -2.004311e+00 -7.725286e-02 9.967531e-01 2.270060e-02 -1.722377e-01 5.741935e-02 -1.828290e-02 9.981827e-01 4.617124e+01
9.953040e-01 7.931202e-02 -5.549422e-02 -2.084711e+00 -7.818778e-02 9.966926e-01 2.214826e-02 -1.602857e-01 5.706730e-02 -1.770528e-02 9.982133e-01 4.725769e+01
9.952183e-01 8.071632e-02 -5.500317e-02 -2.161702e+00 -7.945035e-02 9.965295e-01 2.483043e-02 -1.559713e-01 5.681651e-02 -2.034167e-02 9.981774e-01 4.835773e+01
9.951517e-01 8.168863e-02 -5.477357e-02 -2.225613e+00 -8.031285e-02 9.964075e-01 2.686881e-02 -1.494662e-01 5.677167e-02 -2.233951e-02 9.981372e-01 4.944329e+01
9.952569e-01 8.032678e-02 -5.487633e-02 -2.285657e+00 -7.888074e-02 9.964899e-01 2.803080e-02 -1.379890e-01 5.693533e-02 -2.356916e-02 9.980996e-01 5.053938e+01
9.952712e-01 8.048366e-02 -5.438443e-02 -2.358193e+00 -7.909174e-02 9.964939e-01 2.728254e-02 -1.338346e-01 5.638955e-02 -2.285216e-02 9.981473e-01 5.163691e+01
9.950963e-01 7.908503e-02 -5.940412e-02 -2.431298e+00 -7.743713e-02 9.965592e-01 2.955188e-02 -1.271897e-01 6.153683e-02 -2.480689e-02 9.977965e-01 5.276069e+01
9.951853e-01 7.803608e-02 -5.930042e-02 -2.495942e+00 -7.654760e-02 9.967010e-01 2.697436e-02 -1.046786e-01 6.120976e-02 -2.230518e-02 9.978757e-01 5.385231e+01
9.952576e-01 7.729891e-02 -5.905244e-02 -2.578083e+00 -7.596794e-02 9.968101e-01 2.446424e-02 -9.555640e-02 6.075512e-02 -1.986212e-02 9.979551e-01 5.496387e+01
9.954258e-01 7.547390e-02 -5.857577e-02 -2.663326e+00 -7.433459e-02 9.970038e-01 2.139447e-02 -9.160433e-02 6.001499e-02 -1.694240e-02 9.980537e-01 5.606782e+01
9.954933e-01 7.449608e-02 -5.868067e-02 -2.730498e+00 -7.345988e-02 9.971051e-01 1.962492e-02 -8.545390e-02 5.997277e-02 -1.522580e-02 9.980839e-01 5.715727e+01
9.956332e-01 7.311969e-02 -5.803405e-02 -2.816083e+00 -7.196405e-02 9.971698e-01 2.176210e-02 -7.667250e-02 5.946104e-02 -1.749070e-02 9.980774e-01 5.826485e+01
9.957544e-01 7.247120e-02 -5.675495e-02 -2.906061e+00 -7.099411e-02 9.970941e-01 2.762601e-02 -6.496655e-02 5.859212e-02 -2.347945e-02 9.980059e-01 5.937665e+01
9.959070e-01 7.038397e-02 -5.670414e-02 -2.933664e+00 -6.855808e-02 9.970835e-01 3.352885e-02 -5.765479e-02 5.889866e-02 -2.950409e-02 9.978279e-01 6.042641e+01
9.960303e-01 6.864600e-02 -5.666856e-02 -3.000079e+00 -6.679847e-02 9.971911e-01 3.387924e-02 -3.571340e-02 5.883506e-02 -2.995937e-02 9.978181e-01 6.152654e+01
9.962003e-01 6.644976e-02 -5.629739e-02 -3.088166e+00 -6.477517e-02 9.974162e-01 3.106764e-02 -2.294360e-02 5.821637e-02 -2.730292e-02 9.979306e-01 6.264180e+01
9.957905e-01 6.571592e-02 -6.389633e-02 -3.158015e+00 -6.355808e-02 9.973558e-01 3.523873e-02 -1.243988e-02 6.604312e-02 -3.102927e-02 9.973342e-01 6.373169e+01
9.956574e-01 6.729284e-02 -6.432679e-02 -3.234243e+00 -6.540823e-02 9.973779e-01 3.096997e-02 1.114517e-02 6.624217e-02 -2.662798e-02 9.974482e-01 6.480930e+01
9.956701e-01 6.729063e-02 -6.413230e-02 -3.322139e+00 -6.571167e-02 9.974888e-01 2.642196e-02 3.428375e-02 6.574920e-02 -2.209331e-02 9.975916e-01 6.590583e+01
9.954078e-01 7.120199e-02 -6.398172e-02 -3.376440e+00 -6.966043e-02 9.972315e-01 2.601275e-02 3.582539e-02 6.565675e-02 -2.143630e-02 9.976120e-01 6.695530e+01
9.951968e-01 7.496108e-02 -6.296186e-02 -3.462359e+00 -7.323345e-02 9.968839e-01 2.931619e-02 5.472470e-02 6.496323e-02 -2.456446e-02 9.975853e-01 6.806299e+01
9.950562e-01 7.677417e-02 -6.299871e-02 -3.527169e+00 -7.489763e-02 9.966895e-01 3.163020e-02 6.001757e-02 6.521853e-02 -2.675538e-02 9.975123e-01 6.915008e+01
9.950649e-01 7.663861e-02 -6.302683e-02 -3.600055e+00 -7.471259e-02 9.966795e-01 3.237138e-02 7.200487e-02 6.529845e-02 -2.750272e-02 9.974867e-01 7.024787e+01
9.952101e-01 7.495596e-02 -6.275791e-02 -3.685291e+00 -7.299289e-02 9.967859e-01 3.301240e-02 8.956847e-02 6.503067e-02 -2.827339e-02 9.974826e-01 7.135706e+01
9.952523e-01 7.424772e-02 -6.292961e-02 -3.770138e+00 -7.220772e-02 9.968066e-01 3.409726e-02 1.144040e-01 6.526030e-02 -2.939137e-02 9.974353e-01 7.248226e+01
9.953012e-01 7.346957e-02 -6.306991e-02 -3.853174e+00 -7.127729e-02 9.967945e-01 3.633577e-02 1.248976e-01 6.553731e-02 -3.166958e-02 9.973474e-01 7.359412e+01
9.950459e-01 7.319042e-02 -6.728177e-02 -3.939426e+00 -7.043172e-02 9.966108e-01 4.250137e-02 1.488706e-01 7.016443e-02 -3.755204e-02 9.968284e-01 7.472736e+01
9.950374e-01 7.270050e-02 -6.793602e-02 -4.021501e+00 -6.999428e-02 9.966878e-01 4.140337e-02 1.680014e-01 7.072104e-02 -3.644276e-02 9.968302e-01 7.582724e+01
9.949364e-01 7.316935e-02 -6.890443e-02 -4.107023e+00 -7.069681e-02 9.967864e-01 3.766654e-02 1.879738e-01 7.143903e-02 -3.260449e-02 9.969119e-01 7.691916e+01
9.948061e-01 7.427559e-02 -6.959877e-02 -4.203709e+00 -7.193214e-02 9.967741e-01 3.559620e-02 2.153223e-01 7.201818e-02 -3.040492e-02 9.969398e-01 7.801752e+01
9.946197e-01 7.641550e-02 -6.994468e-02 -4.301143e+00 -7.396028e-02 9.965728e-01 3.704710e-02 2.395900e-01 7.253594e-02 -3.167465e-02 9.968627e-01 7.911730e+01
9.944739e-01 7.832978e-02 -6.990025e-02 -4.402940e+00 -7.556725e-02 9.962838e-01 4.133075e-02 2.666490e-01 7.287791e-02 -3.582019e-02 9.966974e-01 8.021482e+01
9.942973e-01 8.063785e-02 -6.978806e-02 -4.498094e+00 -7.759762e-02 9.959581e-01 4.523421e-02 3.017362e-01 7.315357e-02 -3.956087e-02 9.965357e-01 8.129447e+01
9.941257e-01 8.237399e-02 -7.020355e-02 -4.585033e+00 -7.928886e-02 9.958055e-01 4.565833e-02 3.340971e-01 7.367014e-02 -3.982377e-02 9.964872e-01 8.239009e+01
9.940651e-01 8.257701e-02 -7.082072e-02 -4.675254e+00 -7.962434e-02 9.958730e-01 4.355269e-02 3.655598e-01 7.412490e-02 -3.765516e-02 9.965378e-01 8.346874e+01
9.939973e-01 8.292673e-02 -7.136180e-02 -4.759332e+00 -8.002019e-02 9.958794e-01 4.267222e-02 3.910127e-01 7.460642e-02 -3.670569e-02 9.965373e-01 8.452615e+01
9.927589e-01 8.444033e-02 -8.543802e-02 -4.835526e+00 -8.069768e-02 9.956601e-01 4.635566e-02 4.027953e-01 8.898152e-02 -3.912535e-02 9.952645e-01 8.560290e+01
9.927474e-01 8.388139e-02 -8.611957e-02 -4.932522e+00 -8.009134e-02 9.956993e-01 4.656521e-02 4.298388e-01 8.965515e-02 -3.933006e-02 9.951960e-01 8.665885e+01
9.928186e-01 8.254813e-02 -8.658542e-02 -5.025727e+00 -7.859994e-02 9.957469e-01 4.806310e-02 4.574159e-01 9.018469e-02 -4.091233e-02 9.950844e-01 8.770915e+01
9.927134e-01 8.316530e-02 -8.719910e-02 -5.105574e+00 -7.894324e-02 9.955837e-01 5.080342e-02 4.790111e-01 9.103909e-02 -4.354946e-02 9.948946e-01 8.871964e+01
9.927142e-01 8.216429e-02 -8.813315e-02 -5.194468e+00 -7.782839e-02 9.956326e-01 5.155942e-02 5.082252e-01 9.198458e-02 -4.432451e-02 9.947734e-01 8.970484e+01
9.925510e-01 8.161194e-02 -9.045461e-02 -5.282238e+00 -7.714284e-02 9.956707e-01 5.185383e-02 5.381646e-01 9.429490e-02 -4.448965e-02 9.945497e-01 9.068101e+01
9.922868e-01 8.107252e-02 -9.377738e-02 -5.373131e+00 -7.652282e-02 9.957554e-01 5.114047e-02 5.675549e-01 9.752542e-02 -4.356991e-02 9.942789e-01 9.162412e+01
9.918620e-01 8.234031e-02 -9.710755e-02 -5.472323e+00 -7.770214e-02 9.956907e-01 5.062094e-02 5.898952e-01 1.008572e-01 -4.266352e-02 9.939857e-01 9.255293e+01
9.915620e-01 8.241202e-02 -1.000649e-01 -5.567670e+00 -7.759943e-02 9.956754e-01 5.107656e-02 6.151834e-01 1.038415e-01 -4.288060e-02 9.936691e-01 9.344688e+01
9.910616e-01 8.456749e-02 -1.031760e-01 -5.652608e+00 -7.945947e-02 9.954462e-01 5.265913e-02 6.274221e-01 1.071594e-01 -4.399012e-02 9.932682e-01 9.430182e+01
9.913451e-01 8.598866e-02 -9.920138e-02 -5.755385e+00 -8.083230e-02 9.952155e-01 5.488372e-02 6.469642e-01 1.034461e-01 -4.639003e-02 9.935526e-01 9.513079e+01
9.909423e-01 8.763506e-02 -1.017518e-01 -5.866179e+00 -8.217528e-02 9.950053e-01 5.667108e-02 6.720037e-01 1.062100e-01 -4.779628e-02 9.931943e-01 9.597538e+01
9.904837e-01 8.982133e-02 -1.042797e-01 -5.959011e+00 -8.416676e-02 9.947957e-01 5.742323e-02 7.039464e-01 1.088948e-01 -4.809989e-02 9.928889e-01 9.677886e+01
9.900065e-01 9.232650e-02 -1.065969e-01 -6.058817e+00 -8.651032e-02 9.945633e-01 5.796383e-02 7.312828e-01 1.113690e-01 -4.816283e-02 9.926113e-01 9.756052e+01
9.894941e-01 9.460045e-02 -1.093257e-01 -6.143074e+00 -8.874835e-02 9.944092e-01 5.721970e-02 7.459803e-01 1.141275e-01 -4.691608e-02 9.923577e-01 9.829390e+01
9.890425e-01 9.585492e-02 -1.122799e-01 -6.231376e+00 -9.031215e-02 9.944774e-01 5.346453e-02 7.748747e-01 1.167847e-01 -4.273845e-02 9.922373e-01 9.901219e+01
9.884902e-01 9.845285e-02 -1.148656e-01 -6.326366e+00 -9.322465e-02 9.943865e-01 5.004569e-02 7.931892e-01 1.191480e-01 -3.876137e-02 9.921196e-01 9.969670e+01
9.879965e-01 1.007653e-01 -1.170864e-01 -6.412340e+00 -9.577334e-02 9.942682e-01 4.752037e-02 8.106252e-01 1.212037e-01 -3.573621e-02 9.919842e-01 1.003606e+02
9.876840e-01 1.028830e-01 -1.178784e-01 -6.494921e+00 -9.794971e-02 9.940846e-01 4.692170e-02 8.227636e-01 1.220086e-01 -3.479766e-02 9.919189e-01 1.009817e+02
9.874778e-01 1.057258e-01 -1.170883e-01 -6.570044e+00 -1.008137e-01 9.937886e-01 4.712527e-02 8.401073e-01 1.213434e-01 -3.473105e-02 9.920028e-01 1.015910e+02
9.854861e-01 1.113929e-01 -1.280971e-01 -6.634791e+00 -1.053424e-01 9.930174e-01 5.309734e-02 8.559451e-01 1.331173e-01 -3.883263e-02 9.903392e-01 1.021877e+02
9.858430e-01 1.146279e-01 -1.223685e-01 -6.714631e+00 -1.086899e-01 9.925989e-01 5.416658e-02 8.700866e-01 1.276718e-01 -4.009952e-02 9.910055e-01 1.027499e+02
9.865679e-01 1.162059e-01 -1.148040e-01 -6.776422e+00 -1.104279e-01 9.923339e-01 5.548993e-02 8.845013e-01 1.203722e-01 -4.206703e-02 9.918371e-01 1.032800e+02
9.875931e-01 1.167055e-01 -1.050699e-01 -6.821746e+00 -1.111637e-01 9.921570e-01 5.715881e-02 8.979058e-01 1.109166e-01 -4.476968e-02 9.928208e-01 1.037948e+02
9.887908e-01 1.165281e-01 -9.334806e-02 -6.863287e+00 -1.115097e-01 9.921100e-01 5.730105e-02 9.070893e-01 9.928872e-02 -4.624954e-02 9.939833e-01 1.042885e+02
9.899960e-01 1.160709e-01 -8.022100e-02 -6.888052e+00 -1.117584e-01 9.921382e-01 5.631947e-02 9.159065e-01 8.612737e-02 -4.679069e-02 9.951848e-01 1.047582e+02
9.910546e-01 1.164051e-01 -6.527382e-02 -6.904368e+00 -1.129624e-01 9.921214e-01 5.417289e-02 9.262957e-01 7.106555e-02 -4.631480e-02 9.963958e-01 1.052062e+02
9.922261e-01 1.149275e-01 -4.773924e-02 -6.911671e+00 -1.125753e-01 9.924170e-01 4.934806e-02 9.379267e-01 5.304868e-02 -4.359017e-02 9.976401e-01 1.056274e+02
9.930504e-01 1.145690e-01 -2.692338e-02 -6.911579e+00 -1.133593e-01 9.926303e-01 4.283391e-02 9.435751e-01 3.163241e-02 -3.948422e-02 9.987194e-01 1.060516e+02
9.937075e-01 1.119675e-01 -2.936891e-03 -6.899546e+00 -1.117892e-01 9.930737e-01 3.616367e-02 9.431173e-01 6.965707e-03 -3.560780e-02 9.993416e-01 1.064662e+02
9.934724e-01 1.080228e-01 3.665629e-02 -6.867714e+00 -1.090304e-01 9.936798e-01 2.669942e-02 9.552829e-01 -3.354047e-02 -3.052179e-02 9.989712e-01 1.068326e+02
9.922128e-01 1.053559e-01 6.643731e-02 -6.818163e+00 -1.070620e-01 9.939942e-01 2.265441e-02 9.555336e-01 -6.365152e-02 -2.959091e-02 9.975334e-01 1.072298e+02
9.897650e-01 1.029380e-01 9.883873e-02 -6.752234e+00 -1.052012e-01 9.942889e-01 1.795288e-02 9.477586e-01 -9.642622e-02 -2.816709e-02 9.949415e-01 1.076183e+02
9.858631e-01 1.002937e-01 1.342203e-01 -6.665933e+00 -1.029958e-01 9.945925e-01 1.332454e-02 9.364111e-01 -1.321582e-01 -2.696030e-02 9.908619e-01 1.080095e+02
9.800886e-01 9.769317e-02 1.728649e-01 -6.567005e+00 -1.007639e-01 9.948691e-01 9.056713e-03 9.301289e-01 -1.710932e-01 -2.629492e-02 9.849039e-01 1.083866e+02
9.722146e-01 9.609304e-02 2.134594e-01 -6.458569e+00 -9.923252e-02 9.950562e-01 4.016393e-03 9.226529e-01 -2.120181e-01 -2.508691e-02 9.769437e-01 1.087527e+02
9.619012e-01 9.732648e-02 2.554871e-01 -6.334159e+00 -1.003076e-01 9.949555e-01 -1.368186e-03 9.122503e-01 -2.543315e-01 -2.431123e-02 9.668115e-01 1.091117e+02
9.484580e-01 9.999203e-02 3.007142e-01 -6.204270e+00 -1.026565e-01 9.946925e-01 -6.970004e-03 9.043913e-01 -2.998151e-01 -2.425950e-02 9.536888e-01 1.094537e+02
9.326732e-01 1.005398e-01 3.464281e-01 -6.054559e+00 -1.033647e-01 9.945895e-01 -1.036396e-02 8.897479e-01 -3.455958e-01 -2.614224e-02 9.380193e-01 1.097895e+02
9.143148e-01 1.005354e-01 3.923277e-01 -5.889857e+00 -1.031136e-01 9.945631e-01 -1.455544e-02 8.809999e-01 -3.916580e-01 -2.714606e-02 9.197104e-01 1.101138e+02
8.902723e-01 9.964430e-02 4.443942e-01 -5.711134e+00 -9.973622e-02 9.947425e-01 -2.324067e-02 8.627364e-01 -4.443735e-01 -2.363167e-02 8.955298e-01 1.104206e+02
8.665455e-01 1.007000e-01 4.888338e-01 -5.522523e+00 -9.831219e-02 9.946841e-01 -3.062936e-02 8.455363e-01 -4.893196e-01 -2.151659e-02 8.718391e-01 1.107111e+02
8.402049e-01 1.029851e-01 5.324000e-01 -5.315724e+00 -9.719680e-02 9.945015e-01 -3.898122e-02 8.189879e-01 -5.334871e-01 -1.899537e-02 8.455949e-01 1.110041e+02
8.105351e-01 1.075876e-01 5.757236e-01 -5.096031e+00 -9.748995e-02 9.940535e-01 -4.851083e-02 7.950168e-01 -5.775193e-01 -1.680753e-02 8.162040e-01 1.112865e+02
7.780166e-01 1.140194e-01 6.178105e-01 -4.856899e+00 -9.902189e-02 9.933566e-01 -5.862848e-02 7.828122e-01 -6.203909e-01 -1.556283e-02 7.841383e-01 1.115451e+02
7.419267e-01 1.187249e-01 6.598857e-01 -4.598426e+00 -9.892298e-02 9.928098e-01 -6.740201e-02 7.646798e-01 -6.631433e-01 -1.527051e-02 7.483367e-01 1.118027e+02
7.042250e-01 1.188489e-01 6.999586e-01 -4.319952e+00 -9.404009e-02 9.928173e-01 -7.396136e-02 7.392885e-01 -7.037213e-01 -1.373874e-02 7.103433e-01 1.120415e+02
6.648566e-01 1.164454e-01 7.378389e-01 -4.014425e+00 -8.745419e-02 9.931157e-01 -7.792924e-02 7.079462e-01 -7.418339e-01 -1.271533e-02 6.704632e-01 1.122661e+02
6.222471e-01 1.149768e-01 7.743313e-01 -3.693871e+00 -8.322197e-02 9.932655e-01 -8.060877e-02 6.806179e-01 -7.783847e-01 -1.428280e-02 6.276251e-01 1.124789e+02
5.769835e-01 1.138183e-01 8.087864e-01 -3.355843e+00 -7.929878e-02 9.933708e-01 -8.322305e-02 6.469378e-01 -8.128972e-01 -1.611745e-02 5.821842e-01 1.126901e+02
5.254501e-01 1.116656e-01 8.434649e-01 -2.996488e+00 -7.141116e-02 9.936402e-01 -8.706050e-02 6.157614e-01 -8.478223e-01 -1.448686e-02 5.300825e-01 1.128793e+02
4.758860e-01 1.082568e-01 8.728190e-01 -2.659404e+00 -6.594538e-02 9.939942e-01 -8.733095e-02 5.733862e-01 -8.770312e-01 -1.599880e-02 4.801670e-01 1.130233e+02
4.245183e-01 1.089069e-01 8.988456e-01 -2.310547e+00 -6.489053e-02 9.938463e-01 -8.977017e-02 5.346317e-01 -9.030910e-01 -2.021749e-02 4.289730e-01 1.131635e+02
3.734605e-01 1.140439e-01 9.206092e-01 -1.948823e+00 -6.530116e-02 9.931843e-01 -9.654386e-02 4.868557e-01 -9.253448e-01 -2.406153e-02 3.783623e-01 1.132865e+02
3.242814e-01 1.192089e-01 9.384193e-01 -1.591263e+00 -6.066035e-02 9.926066e-01 -1.051305e-01 4.629308e-01 -9.440137e-01 -2.283297e-02 3.291151e-01 1.133616e+02
2.782696e-01 1.214195e-01 9.527976e-01 -1.212264e+00 -5.684200e-02 9.923209e-01 -1.098552e-01 4.054871e-01 -9.588196e-01 -2.358957e-02 2.830344e-01 1.134342e+02
2.376323e-01 1.208058e-01 9.638137e-01 -8.044657e-01 -4.823054e-02 9.924797e-01 -1.125074e-01 3.350841e-01 -9.701571e-01 -1.974987e-02 2.416717e-01 1.134907e+02
2.039730e-01 1.208280e-01 9.714914e-01 -3.555249e-01 -3.829355e-02 9.925795e-01 -1.154107e-01 2.808360e-01 -9.782273e-01 -1.366118e-02 2.070863e-01 1.135444e+02
1.746950e-01 1.221581e-01 9.770154e-01 1.151599e-01 -2.909653e-02 9.924811e-01 -1.188892e-01 2.451365e-01 -9.841926e-01 -7.658420e-03 1.769358e-01 1.136080e+02
1.463935e-01 1.209888e-01 9.817997e-01 5.873394e-01 -2.974272e-02 9.925820e-01 -1.178826e-01 1.761218e-01 -9.887792e-01 -1.194414e-02 1.489061e-01 1.136725e+02
1.152005e-01 1.176336e-01 9.863525e-01 1.093312e+00 -3.075429e-02 9.929097e-01 -1.148237e-01 1.102627e-01 -9.928661e-01 -1.710682e-02 1.180015e-01 1.137451e+02
9.051586e-02 1.136614e-01 9.893877e-01 1.605181e+00 -3.575671e-02 9.931962e-01 -1.108277e-01 2.759234e-02 -9.952529e-01 -2.534559e-02 9.396417e-02 1.137949e+02
6.833197e-02 1.111409e-01 9.914527e-01 2.139973e+00 -2.935857e-02 9.935691e-01 -1.093547e-01 -4.069541e-02 -9.972306e-01 -2.163521e-02 7.115547e-02 1.138253e+02
4.906301e-02 1.115084e-01 9.925516e-01 2.684225e+00 -1.980209e-02 9.936617e-01 -1.106543e-01 -1.157104e-01 -9.985994e-01 -1.422556e-02 5.096013e-02 1.138298e+02
3.251188e-02 1.138830e-01 9.929621e-01 3.221253e+00 -1.334921e-02 9.934481e-01 -1.135016e-01 -1.854850e-01 -9.993822e-01 -9.565103e-03 3.381911e-02 1.138238e+02
1.830589e-02 1.193805e-01 9.926798e-01 3.790854e+00 -1.246225e-02 9.927963e-01 -1.191646e-01 -2.536152e-01 -9.997548e-01 -1.018960e-02 1.966177e-02 1.138165e+02
7.343203e-03 1.243290e-01 9.922139e-01 4.398136e+00 -1.419343e-02 9.921536e-01 -1.242164e-01 -3.189261e-01 -9.998723e-01 -1.317077e-02 9.050241e-03 1.138225e+02
1.029770e-03 1.238238e-01 9.923037e-01 5.008777e+00 -1.274158e-02 9.922253e-01 -1.238008e-01 -4.077991e-01 -9.999183e-01 -1.251603e-02 2.599475e-03 1.138143e+02
-1.351849e-03 1.202835e-01 9.927387e-01 5.641829e+00 -6.751617e-03 9.927158e-01 -1.202899e-01 -4.978136e-01 -9.999763e-01 -6.865206e-03 -5.298933e-04 1.138101e+02
-8.945647e-04 1.188559e-01 9.929111e-01 6.287599e+00 -5.735671e-03 9.928946e-01 -1.188591e-01 -5.726551e-01 -9.999832e-01 -5.801338e-03 -2.064903e-04 1.138102e+02
-4.093973e-03 1.184036e-01 9.929571e-01 6.972352e+00 -5.051804e-03 9.929503e-01 -1.184236e-01 -6.597420e-01 -9.999789e-01 -5.501047e-03 -3.466960e-03 1.138326e+02
-3.237857e-03 1.191074e-01 9.928761e-01 7.692367e+00 -9.093953e-03 9.928367e-01 -1.191324e-01 -7.421329e-01 -9.999534e-01 -9.414902e-03 -2.131506e-03 1.138519e+02
-2.166167e-03 1.202194e-01 9.927450e-01 8.390852e+00 -1.021039e-02 9.926929e-01 -1.202353e-01 -8.333795e-01 -9.999455e-01 -1.039677e-02 -9.228518e-04 1.138561e+02
-1.077231e-03 1.210952e-01 9.926403e-01 9.120037e+00 -1.080559e-02 9.925815e-01 -1.210998e-01 -9.297221e-01 -9.999410e-01 -1.085652e-02 2.392662e-04 1.138518e+02
-4.127089e-04 1.205671e-01 9.927051e-01 9.859880e+00 -1.145492e-02 9.926395e-01 -1.205639e-01 -1.030322e+00 -9.999343e-01 -1.142112e-02 9.714150e-04 1.138625e+02
-1.011329e-04 1.195041e-01 9.928337e-01 1.061862e+01 -1.316125e-02 9.927476e-01 -1.194950e-01 -1.125167e+00 -9.999134e-01 -1.307902e-02 1.472423e-03 1.138690e+02
5.709189e-04 1.179932e-01 9.930142e-01 1.134985e+01 -1.319519e-02 9.929288e-01 -1.179754e-01 -1.229465e+00 -9.999128e-01 -1.303565e-02 2.123824e-03 1.138579e+02
-1.820548e-04 1.159720e-01 9.932525e-01 1.217412e+01 -1.335118e-02 9.931637e-01 -1.159641e-01 -1.333682e+00 -9.999109e-01 -1.328220e-02 1.367553e-03 1.138743e+02
-1.571913e-03 1.142803e-01 9.934473e-01 1.298564e+01 -1.605823e-02 9.933175e-01 -1.142908e-01 -1.445227e+00 -9.998698e-01 -1.613266e-02 2.737311e-04 1.138772e+02
-2.755456e-03 1.135331e-01 9.935304e-01 1.378893e+01 -1.729834e-02 9.933801e-01 -1.135639e-01 -1.540584e+00 -9.998466e-01 -1.749935e-02 -7.732815e-04 1.138807e+02
-7.503564e-03 1.107015e-01 9.938254e-01 1.458338e+01 -1.254206e-02 9.937648e-01 -1.107894e-01 -1.633407e+00 -9.998932e-01 -1.329593e-02 -6.068352e-03 1.138741e+02
-8.542902e-03 1.091531e-01 9.939882e-01 1.539245e+01 -1.157870e-02 9.939471e-01 -1.092481e-01 -1.735750e+00 -9.998965e-01 -1.244239e-02 -7.227342e-03 1.138693e+02
-1.076894e-02 1.082564e-01 9.940647e-01 1.619828e+01 -1.559504e-02 9.939832e-01 -1.084164e-01 -1.841892e+00 -9.998204e-01 -1.667001e-02 -9.015882e-03 1.138725e+02
-1.224320e-02 1.132268e-01 9.934937e-01 1.705527e+01 -1.887212e-02 9.933651e-01 -1.134447e-01 -1.940469e+00 -9.997469e-01 -2.013826e-02 -1.002514e-02 1.138852e+02
-1.314192e-02 1.179306e-01 9.929349e-01 1.788135e+01 -1.788651e-02 9.928340e-01 -1.181553e-01 -2.042009e+00 -9.997537e-01 -1.931293e-02 -1.093837e-02 1.138797e+02
-1.406783e-02 1.195259e-01 9.927314e-01 1.872207e+01 -1.722731e-02 9.926533e-01 -1.197607e-01 -2.148942e+00 -9.997526e-01 -1.878686e-02 -1.190537e-02 1.138755e+02
-1.562451e-02 1.173209e-01 9.929711e-01 1.956995e+01 -2.027052e-02 9.928511e-01 -1.176257e-01 -2.264793e+00 -9.996724e-01 -2.196589e-02 -1.313465e-02 1.138673e+02
-1.692913e-02 1.133366e-01 9.934124e-01 2.041828e+01 -2.294462e-02 9.932491e-01 -1.137089e-01 -2.374011e+00 -9.995934e-01 -2.471846e-02 -1.421438e-02 1.138683e+02
-1.703576e-02 1.077939e-01 9.940273e-01 2.119603e+01 -2.522262e-02 9.938089e-01 -1.082025e-01 -2.487503e+00 -9.995367e-01 -2.691529e-02 -1.421144e-02 1.138410e+02
-1.806331e-02 1.024945e-01 9.945696e-01 2.204967e+01 -2.973796e-02 9.942367e-01 -1.030003e-01 -2.589661e+00 -9.993945e-01 -3.143699e-02 -1.491122e-02 1.138429e+02
-2.139338e-02 1.004077e-01 9.947163e-01 2.287915e+01 -2.878764e-02 9.944696e-01 -1.010019e-01 -2.689744e+00 -9.993566e-01 -3.079631e-02 -1.838456e-02 1.138348e+02
-2.008937e-02 1.074820e-01 9.940040e-01 2.372459e+01 -2.541820e-02 9.938284e-01 -1.079768e-01 -2.791825e+00 -9.994750e-01 -2.743498e-02 -1.723339e-02 1.138286e+02
-1.874692e-02 1.185547e-01 9.927705e-01 2.453188e+01 -2.362343e-02 9.926153e-01 -1.189822e-01 -2.897556e+00 -9.995451e-01 -2.568320e-02 -1.580782e-02 1.138107e+02
-1.832702e-02 1.237391e-01 9.921455e-01 2.536182e+01 -2.200468e-02 9.920219e-01 -1.241301e-01 -3.003752e+00 -9.995899e-01 -2.410678e-02 -1.545797e-02 1.138086e+02
-1.688816e-02 1.183693e-01 9.928260e-01 2.620143e+01 -2.027682e-02 9.927229e-01 -1.187019e-01 -3.117243e+00 -9.996518e-01 -2.213601e-02 -1.436511e-02 1.138021e+02
-1.578941e-02 1.108780e-01 9.937086e-01 2.705075e+01 -1.728929e-02 9.936536e-01 -1.111466e-01 -3.226247e+00 -9.997258e-01 -1.893545e-02 -1.377220e-02 1.137992e+02
-1.509775e-02 1.081493e-01 9.940200e-01 2.788000e+01 -1.546259e-02 9.939892e-01 -1.083808e-01 -3.331179e+00 -9.997665e-01 -1.700643e-02 -1.333473e-02 1.137974e+02
-1.558514e-02 1.087824e-01 9.939434e-01 2.869497e+01 -1.731668e-02 9.938857e-01 -1.090476e-01 -3.435920e+00 -9.997286e-01 -1.891132e-02 -1.360610e-02 1.137912e+02
-1.662414e-02 1.100911e-01 9.937825e-01 2.950270e+01 -1.953082e-02 9.936944e-01 -1.104081e-01 -3.534247e+00 -9.996710e-01 -2.124483e-02 -1.436914e-02 1.137837e+02
-1.871836e-02 1.101538e-01 9.937383e-01 3.027335e+01 -2.245950e-02 9.936153e-01 -1.105632e-01 -3.640182e+00 -9.995725e-01 -2.438843e-02 -1.612485e-02 1.137744e+02
-2.312035e-02 1.089344e-01 9.937800e-01 3.103378e+01 -1.983240e-02 9.938002e-01 -1.093980e-01 -3.740171e+00 -9.995360e-01 -2.223836e-02 -2.081658e-02 1.137475e+02
-2.557382e-02 1.092350e-01 9.936869e-01 3.182155e+01 -2.115283e-02 9.937303e-01 -1.097842e-01 -3.841752e+00 -9.994491e-01 -2.382689e-02 -2.310285e-02 1.137309e+02
-2.741853e-02 1.096086e-01 9.935966e-01 3.260618e+01 -2.248794e-02 9.936511e-01 -1.102352e-01 -3.940624e+00 -9.993711e-01 -2.536643e-02 -2.477958e-02 1.137074e+02
-2.998482e-02 1.089482e-01 9.935951e-01 3.343474e+01 -2.451796e-02 9.936628e-01 -1.096955e-01 -4.044268e+00 -9.992496e-01 -2.765013e-02 -2.712361e-02 1.137077e+02
-3.198046e-02 1.076017e-01 9.936796e-01 3.421437e+01 -2.429959e-02 9.938105e-01 -1.083980e-01 -4.153274e+00 -9.991931e-01 -2.761262e-02 -2.916784e-02 1.136816e+02
-3.368563e-02 1.079166e-01 9.935891e-01 3.498476e+01 -2.438681e-02 9.937685e-01 -1.087629e-01 -4.249913e+00 -9.991349e-01 -2.789421e-02 -3.084398e-02 1.136569e+02
-3.594847e-02 1.088736e-01 9.934054e-01 3.577361e+01 -2.548979e-02 9.936246e-01 -1.098200e-01 -4.356754e+00 -9.990285e-01 -2.926955e-02 -3.294412e-02 1.136419e+02
-3.642853e-02 1.092838e-01 9.933428e-01 3.651946e+01 -2.541055e-02 9.935799e-01 -1.102418e-01 -4.447643e+00 -9.990131e-01 -2.925733e-02 -3.341769e-02 1.136013e+02
-3.739479e-02 1.083513e-01 9.934091e-01 3.728315e+01 -2.453228e-02 9.937053e-01 -1.093070e-01 -4.547564e+00 -9.989994e-01 -2.845811e-02 -3.450129e-02 1.135675e+02
-3.922083e-02 1.077561e-01 9.934034e-01 3.802994e+01 -2.491207e-02 9.937539e-01 -1.087777e-01 -4.647888e+00 -9.989200e-01 -2.901408e-02 -3.629142e-02 1.135437e+02
-4.285305e-02 1.060954e-01 9.934321e-01 3.880015e+01 -2.414193e-02 9.939452e-01 -1.071916e-01 -4.740022e+00 -9.987897e-01 -2.857686e-02 -4.003223e-02 1.135256e+02
-4.432769e-02 1.052183e-01 9.934607e-01 3.954301e+01 -2.650514e-02 9.939643e-01 -1.064543e-01 -4.837322e+00 -9.986654e-01 -3.105069e-02 -4.127132e-02 1.135034e+02
-4.473423e-02 1.041741e-01 9.935525e-01 4.022908e+01 -2.736831e-02 9.940471e-01 -1.054582e-01 -4.925376e+00 -9.986240e-01 -3.190945e-02 -4.161686e-02 1.134665e+02
-4.527239e-02 1.041419e-01 9.935315e-01 4.092857e+01 -2.735837e-02 9.940490e-01 -1.054427e-01 -5.011324e+00 -9.986000e-01 -3.195505e-02 -4.215382e-02 1.134329e+02
-4.588067e-02 1.064879e-01 9.932549e-01 4.166273e+01 -2.741187e-02 9.937933e-01 -1.078119e-01 -5.110452e+00 -9.985708e-01 -3.217346e-02 -4.267687e-02 1.134235e+02
-4.634487e-02 1.092927e-01 9.929286e-01 4.234801e+01 -2.877679e-02 9.934381e-01 -1.106919e-01 -5.200475e+00 -9.985109e-01 -3.370330e-02 -4.289567e-02 1.134019e+02
-4.673609e-02 1.105344e-01 9.927728e-01 4.301639e+01 -3.252053e-02 9.931636e-01 -1.121088e-01 -5.296517e+00 -9.983778e-01 -3.752502e-02 -4.282195e-02 1.133722e+02
-4.709725e-02 1.116422e-01 9.926318e-01 4.371774e+01 -3.194522e-02 9.930579e-01 -1.132058e-01 -5.383883e+00 -9.983794e-01 -3.704152e-02 -4.320386e-02 1.133520e+02
-4.691031e-02 1.116573e-01 9.926389e-01 4.442374e+01 -3.092446e-02 9.930943e-01 -1.131699e-01 -5.472484e+00 -9.984203e-01 -3.600567e-02 -4.313342e-02 1.133249e+02
-4.727437e-02 1.115676e-01 9.926318e-01 4.509979e+01 -3.072645e-02 9.931101e-01 -1.130847e-01 -5.555766e+00 -9.984092e-01 -3.584606e-02 -4.352058e-02 1.132945e+02
-4.973834e-02 1.098315e-01 9.927050e-01 4.577616e+01 -3.256357e-02 9.932284e-01 -1.115210e-01 -5.645551e+00 -9.982313e-01 -3.787289e-02 -4.582502e-02 1.132791e+02
-4.950110e-02 1.102048e-01 9.926754e-01 4.645176e+01 -3.365972e-02 9.931452e-01 -1.119355e-01 -5.731285e+00 -9.982067e-01 -3.895411e-02 -4.545232e-02 1.132539e+02
-4.976330e-02 1.088085e-01 9.928164e-01 4.714872e+01 -3.332871e-02 9.933134e-01 -1.105335e-01 -5.827181e+00 -9.982048e-01 -3.858981e-02 -4.580411e-02 1.132390e+02
-5.041587e-02 1.087565e-01 9.927891e-01 4.778650e+01 -3.220454e-02 9.933593e-01 -1.104543e-01 -5.897948e+00 -9.982089e-01 -3.754097e-02 -4.657862e-02 1.132001e+02
-5.441292e-02 1.082720e-01 9.926310e-01 4.844158e+01 -3.512935e-02 9.932808e-01 -1.102686e-01 -5.982117e+00 -9.979004e-01 -4.087052e-02 -5.024378e-02 1.131720e+02
-5.996468e-02 1.080620e-01 9.923340e-01 4.910076e+01 -3.835867e-02 9.931392e-01 -1.104676e-01 -6.062414e+00 -9.974632e-01 -4.468877e-02 -5.540816e-02 1.131417e+02
-6.525007e-02 1.122530e-01 9.915350e-01 4.974953e+01 -3.390794e-02 9.928293e-01 -1.146309e-01 -6.136461e+00 -9.972927e-01 -4.110059e-02 -6.097591e-02 1.130914e+02
-7.132584e-02 1.152213e-01 9.907758e-01 5.039077e+01 -3.127064e-02 9.925591e-01 -1.176799e-01 -6.217272e+00 -9.969628e-01 -3.937581e-02 -6.719207e-02 1.130320e+02
-7.857469e-02 1.172178e-01 9.899929e-01 5.106020e+01 -3.097420e-02 9.922968e-01 -1.199490e-01 -6.298827e+00 -9.964269e-01 -4.008919e-02 -7.433868e-02 1.129831e+02
-8.496944e-02 1.168110e-01 9.895127e-01 5.173081e+01 -3.356899e-02 9.922048e-01 -1.200113e-01 -6.383055e+00 -9.958179e-01 -4.341424e-02 -8.038586e-02 1.129339e+02
-9.246601e-02 1.134960e-01 9.892263e-01 5.247438e+01 -3.245093e-02 9.926113e-01 -1.169176e-01 -6.496161e+00 -9.951869e-01 -4.291222e-02 -8.809976e-02 1.128948e+02
-9.738889e-02 1.140338e-01 9.886919e-01 5.317884e+01 -3.495142e-02 9.924095e-01 -1.179054e-01 -6.588196e+00 -9.946325e-01 -4.603886e-02 -9.266402e-02 1.128375e+02
-1.014272e-01 1.134546e-01 9.883525e-01 5.386831e+01 -3.661462e-02 9.923770e-01 -1.176741e-01 -6.676532e+00 -9.941690e-01 -4.812349e-02 -9.649988e-02 1.127717e+02
-1.040956e-01 1.101359e-01 9.884504e-01 5.456960e+01 -3.671959e-02 9.927465e-01 -1.144816e-01 -6.771376e+00 -9.938892e-01 -4.821252e-02 -9.929640e-02 1.127040e+02
-1.057196e-01 1.071103e-01 9.886105e-01 5.530009e+01 -3.443991e-02 9.931911e-01 -1.112895e-01 -6.864598e+00 -9.937994e-01 -4.581314e-02 -1.013109e-01 1.126380e+02
-1.070184e-01 1.046991e-01 9.887291e-01 5.599547e+01 -3.375504e-02 9.934842e-01 -1.088562e-01 -6.947352e+00 -9.936839e-01 -4.502421e-02 -1.027870e-01 1.125643e+02
-1.083917e-01 1.044979e-01 9.886007e-01 5.671988e+01 -3.498604e-02 9.934428e-01 -1.088456e-01 -7.040513e+00 -9.934924e-01 -4.638518e-02 -1.040250e-01 1.124950e+02
-1.083065e-01 1.086386e-01 9.881636e-01 5.740507e+01 -3.272044e-02 9.930827e-01 -1.127657e-01 -7.123323e+00 -9.935789e-01 -4.454641e-02 -1.040026e-01 1.124084e+02
-1.078937e-01 1.126682e-01 9.877575e-01 5.814672e+01 -2.698677e-02 9.928594e-01 -1.161979e-01 -7.221356e+00 -9.937961e-01 -3.919340e-02 -1.040827e-01 1.123325e+02
-1.073930e-01 1.177806e-01 9.872155e-01 5.887672e+01 -1.947727e-02 9.925183e-01 -1.205321e-01 -7.316422e+00 -9.940258e-01 -3.217257e-02 -1.042955e-01 1.122387e+02
-1.093965e-01 1.169811e-01 9.870906e-01 5.961560e+01 -1.700371e-02 9.926851e-01 -1.195286e-01 -7.414022e+00 -9.938527e-01 -2.986022e-02 -1.066072e-01 1.121670e+02
-1.102553e-01 1.149420e-01 9.872346e-01 6.032132e+01 -1.969730e-02 9.928426e-01 -1.177948e-01 -7.504987e+00 -9.937081e-01 -3.243336e-02 -1.072021e-01 1.121133e+02
-1.102533e-01 1.102738e-01 9.877671e-01 6.106182e+01 -1.947368e-02 9.933955e-01 -1.130758e-01 -7.597519e+00 -9.937127e-01 -3.170245e-02 -1.073777e-01 1.120382e+02
-1.102878e-01 1.080946e-01 9.880041e-01 6.176909e+01 -1.782127e-02 9.936934e-01 -1.107063e-01 -7.697109e+00 -9.937399e-01 -2.981704e-02 -1.076659e-01 1.119625e+02
-1.115351e-01 1.075387e-01 9.879248e-01 6.254103e+01 -1.923837e-02 9.937077e-01 -1.103401e-01 -7.802909e+00 -9.935743e-01 -3.131285e-02 -1.087644e-01 1.118846e+02
-1.133609e-01 1.083536e-01 9.876279e-01 6.326963e+01 -2.108407e-02 9.935494e-01 -1.114233e-01 -7.899020e+00 -9.933301e-01 -3.345427e-02 -1.103452e-01 1.117987e+02
-1.153170e-01 1.088017e-01 9.873521e-01 6.396093e+01 -2.233720e-02 9.934478e-01 -1.120823e-01 -8.001964e+00 -9.930776e-01 -3.497968e-02 -1.121311e-01 1.116997e+02
-1.173325e-01 1.089816e-01 9.870948e-01 6.467624e+01 -2.136050e-02 9.934535e-01 -1.122227e-01 -8.100655e+00 -9.928629e-01 -3.425222e-02 -1.142365e-01 1.116122e+02
-1.186785e-01 1.099193e-01 9.868299e-01 6.544273e+01 -1.826060e-02 9.934440e-01 -1.128521e-01 -8.182471e+00 -9.927648e-01 -3.141322e-02 -1.158933e-01 1.115356e+02
-1.203366e-01 1.097351e-01 9.866495e-01 6.613377e+01 -1.784500e-02 9.934722e-01 -1.126704e-01 -8.271201e+00 -9.925727e-01 -3.116514e-02 -1.175929e-01 1.114411e+02
-1.227271e-01 1.080043e-01 9.865461e-01 6.688860e+01 -1.771618e-02 9.936639e-01 -1.109875e-01 -8.378707e+00 -9.922823e-01 -3.109900e-02 -1.200360e-01 1.113521e+02
-1.239043e-01 1.094501e-01 9.862395e-01 6.762228e+01 -1.772031e-02 9.934958e-01 -1.124816e-01 -8.477347e+00 -9.921359e-01 -3.141343e-02 -1.211589e-01 1.112649e+02
-1.248384e-01 1.098911e-01 9.860727e-01 6.838091e+01 -1.920475e-02 9.933936e-01 -1.131383e-01 -8.577894e+00 -9.919912e-01 -3.306128e-02 -1.219033e-01 1.111734e+02
-1.261365e-01 1.099545e-01 9.859004e-01 6.908493e+01 -1.978997e-02 9.933616e-01 -1.133186e-01 -8.679091e+00 -9.918155e-01 -3.380455e-02 -1.231232e-01 1.110787e+02
-1.275269e-01 1.081357e-01 9.859227e-01 6.984723e+01 -2.031599e-02 9.935456e-01 -1.115996e-01 -8.780134e+00 -9.916270e-01 -3.426195e-02 -1.245069e-01 1.109888e+02
-1.288555e-01 1.055505e-01 9.860301e-01 7.059112e+01 -2.357794e-02 9.937122e-01 -1.094540e-01 -8.883349e+00 -9.913830e-01 -3.735230e-02 -1.255566e-01 1.108934e+02
-1.306513e-01 1.034043e-01 9.860212e-01 7.134273e+01 -2.639083e-02 9.938309e-01 -1.077202e-01 -8.984029e+00 -9.910771e-01 -4.009570e-02 -1.271163e-01 1.107932e+02
-1.325813e-01 1.027035e-01 9.858368e-01 7.213157e+01 -2.541910e-02 9.939377e-01 -1.069660e-01 -9.086039e+00 -9.908461e-01 -3.924078e-02 -1.291670e-01 1.106856e+02
-1.343087e-01 1.032529e-01 9.855455e-01 7.289459e+01 -2.456557e-02 9.939041e-01 -1.074764e-01 -9.186067e+00 -9.906350e-01 -3.864550e-02 -1.309535e-01 1.105801e+02
-1.369301e-01 1.045127e-01 9.850519e-01 7.370404e+01 -2.552516e-02 9.937161e-01 -1.089802e-01 -9.283782e+00 -9.902518e-01 -4.006627e-02 -1.334019e-01 1.104926e+02
-1.392750e-01 1.059708e-01 9.845672e-01 7.451630e+01 -2.194647e-02 9.936830e-01 -1.100565e-01 -9.389549e+00 -9.900105e-01 -3.693589e-02 -1.360695e-01 1.103999e+02
-1.396024e-01 1.099804e-01 9.840810e-01 7.531544e+01 -2.039902e-02 9.932825e-01 -1.139026e-01 -9.488384e+00 -9.899975e-01 -3.597536e-02 -1.364211e-01 1.102908e+02
-1.406267e-01 1.140455e-01 9.834723e-01 7.613964e+01 -1.929436e-02 9.928391e-01 -1.178906e-01 -9.593351e+00 -9.898747e-01 -3.555405e-02 -1.374193e-01 1.101822e+02
-1.402938e-01 1.150320e-01 9.834050e-01 7.695389e+01 -1.791855e-02 9.927704e-01 -1.186837e-01 -9.702007e+00 -9.899478e-01 -3.427179e-02 -1.372183e-01 1.100703e+02
-1.390175e-01 1.146603e-01 9.836296e-01 7.778367e+01 -1.379281e-02 9.929538e-01 -1.176965e-01 -9.807323e+00 -9.901939e-01 -2.992889e-02 -1.364564e-01 1.099468e+02
-1.387653e-01 1.126845e-01 9.838935e-01 7.858837e+01 -1.369807e-02 9.931919e-01 -1.156813e-01 -9.915790e+00 -9.902305e-01 -2.953000e-02 -1.362771e-01 1.098229e+02
-1.380575e-01 1.114179e-01 9.841373e-01 7.943703e+01 -1.424763e-02 9.933260e-01 -1.144569e-01 -1.002115e+01 -9.903217e-01 -2.982326e-02 -1.355487e-01 1.097173e+02
-1.366956e-01 1.089450e-01 9.846041e-01 8.030795e+01 -1.553190e-02 9.935762e-01 -1.120940e-01 -1.013330e+01 -9.904913e-01 -3.061553e-02 -1.341254e-01 1.096280e+02
-1.347665e-01 1.059963e-01 9.851917e-01 8.114665e+01 -1.480348e-02 9.939357e-01 -1.089620e-01 -1.023541e+01 -9.907668e-01 -2.926870e-02 -1.323801e-01 1.095107e+02
-1.328082e-01 1.027596e-01 9.858004e-01 8.200389e+01 -1.395913e-02 9.943183e-01 -1.055281e-01 -1.034493e+01 -9.910434e-01 -2.777593e-02 -1.306192e-01 1.093926e+02
-1.313400e-01 1.005609e-01 9.862238e-01 8.283145e+01 -1.394149e-02 9.945559e-01 -1.032672e-01 -1.044218e+01 -9.912393e-01 -2.731255e-02 -1.292230e-01 1.092685e+02
-1.296136e-01 1.047920e-01 9.860116e-01 8.368885e+01 -1.372715e-02 9.941149e-01 -1.074577e-01 -1.055248e+01 -9.914696e-01 -2.746311e-02 -1.274123e-01 1.091539e+02
-1.279233e-01 1.110751e-01 9.855445e-01 8.451170e+01 -1.320854e-02 9.934298e-01 -1.136782e-01 -1.064949e+01 -9.916961e-01 -2.755970e-02 -1.256157e-01 1.090602e+02
-1.265557e-01 1.152328e-01 9.852437e-01 8.538876e+01 -1.611133e-02 9.928599e-01 -1.181931e-01 -1.073133e+01 -9.918287e-01 -3.083159e-02 -1.237955e-01 1.089520e+02
-1.247184e-01 1.128178e-01 9.857573e-01 8.619149e+01 -1.735403e-02 9.931145e-01 -1.158554e-01 -1.083784e+01 -9.920404e-01 -3.155618e-02 -1.219018e-01 1.088305e+02
-1.234228e-01 1.103984e-01 9.861942e-01 8.702238e+01 -1.666371e-02 9.934219e-01 -1.132930e-01 -1.094764e+01 -9.922143e-01 -3.041659e-02 -1.207712e-01 1.087374e+02
-1.231587e-01 1.090688e-01 9.863752e-01 8.794865e+01 -1.661487e-02 9.935761e-01 -1.119395e-01 -1.106250e+01 -9.922479e-01 -3.017482e-02 -1.205554e-01 1.086428e+02
-1.225960e-01 1.087977e-01 9.864752e-01 8.883495e+01 -1.790389e-02 9.935689e-01 -1.118051e-01 -1.117544e+01 -9.922952e-01 -3.136859e-02 -1.198596e-01 1.085429e+02
-1.222306e-01 1.090730e-01 9.864901e-01 8.970626e+01 -1.819720e-02 9.935296e-01 -1.121061e-01 -1.128331e+01 -9.923349e-01 -3.165414e-02 -1.194548e-01 1.084478e+02
-1.211655e-01 1.075243e-01 9.867915e-01 9.059392e+01 -1.597089e-02 9.937760e-01 -1.102464e-01 -1.139207e+01 -9.925038e-01 -2.911800e-02 -1.186941e-01 1.083394e+02
-1.197108e-01 1.046362e-01 9.872794e-01 9.143132e+01 -1.183533e-02 9.942095e-01 -1.068058e-01 -1.150765e+01 -9.927383e-01 -2.447058e-02 -1.177792e-01 1.082244e+02
-1.193696e-01 1.063758e-01 9.871348e-01 9.231666e+01 -9.210198e-03 9.940823e-01 -1.082382e-01 -1.160377e+01 -9.928072e-01 -2.201206e-02 -1.176834e-01 1.081497e+02
-1.185529e-01 1.084605e-01 9.870063e-01 9.317141e+01 -8.636512e-03 9.938662e-01 -1.102517e-01 -1.171731e+01 -9.929102e-01 -2.159495e-02 -1.168890e-01 1.080544e+02
-1.184630e-01 1.097166e-01 9.868783e-01 9.404895e+01 -1.252811e-02 9.936325e-01 -1.119714e-01 -1.183694e+01 -9.928794e-01 -2.562819e-02 -1.163342e-01 1.079763e+02
-1.191694e-01 1.053417e-01 9.872699e-01 9.492360e+01 -1.916662e-02 9.939263e-01 -1.083655e-01 -1.195454e+01 -9.926889e-01 -3.183647e-02 -1.164265e-01 1.079012e+02
-1.194008e-01 1.027703e-01 9.875129e-01 9.569114e+01 -2.455347e-02 9.940185e-01 -1.064161e-01 -1.206949e+01 -9.925425e-01 -3.695303e-02 -1.161632e-01 1.077946e+02
-1.207049e-01 1.025812e-01 9.873740e-01 9.649195e+01 -2.894231e-02 9.938599e-01 -1.067932e-01 -1.218872e+01 -9.922664e-01 -4.146734e-02 -1.169948e-01 1.076948e+02
-1.224542e-01 1.072892e-01 9.866580e-01 9.732961e+01 -3.215592e-02 9.931889e-01 -1.119902e-01 -1.229218e+01 -9.919531e-01 -4.544057e-02 -1.181702e-01 1.076118e+02
-1.235677e-01 1.096690e-01 9.862574e-01 9.815842e+01 -3.365293e-02 9.928395e-01 -1.146173e-01 -1.240217e+01 -9.917653e-01 -4.735345e-02 -1.189922e-01 1.075197e+02
-1.236683e-01 1.101773e-01 9.861882e-01 9.898734e+01 -3.281583e-02 9.928195e-01 -1.150333e-01 -1.251245e+01 -9.917809e-01 -4.658855e-02 -1.191648e-01 1.074171e+02
-1.248191e-01 1.074619e-01 9.863428e-01 9.986508e+01 -3.046497e-02 9.932334e-01 -1.120679e-01 -1.263672e+01 -9.917117e-01 -4.403711e-02 -1.207007e-01 1.073464e+02
-1.255930e-01 1.078898e-01 9.861978e-01 1.006809e+02 -3.042384e-02 9.931826e-01 -1.125284e-01 -1.275342e+01 -9.916152e-01 -4.413671e-02 -1.214544e-01 1.072499e+02
-1.254313e-01 1.110834e-01 9.858638e-01 1.014728e+02 -2.910293e-02 9.928722e-01 -1.155758e-01 -1.285833e+01 -9.916754e-01 -4.318835e-02 -1.213044e-01 1.071386e+02
-1.263308e-01 1.123779e-01 9.856022e-01 1.022611e+02 -3.040757e-02 9.926569e-01 -1.170797e-01 -1.296718e+01 -9.915220e-01 -4.476054e-02 -1.219860e-01 1.070451e+02
-1.273662e-01 1.128332e-01 9.854169e-01 1.030530e+02 -3.138701e-02 9.925522e-01 -1.177070e-01 -1.306853e+01 -9.913590e-01 -4.592119e-02 -1.228761e-01 1.069478e+02
-1.302050e-01 1.114690e-01 9.852012e-01 1.038681e+02 -3.417738e-02 9.925650e-01 -1.168191e-01 -1.318781e+01 -9.908979e-01 -4.888202e-02 -1.254272e-01 1.068618e+02
-1.334913e-01 1.129227e-01 9.845956e-01 1.046801e+02 -3.396561e-02 9.923824e-01 -1.184208e-01 -1.329338e+01 -9.904678e-01 -4.925054e-02 -1.286390e-01 1.067708e+02
-1.366315e-01 1.158637e-01 9.838229e-01 1.054821e+02 -3.341277e-02 9.920325e-01 -1.214709e-01 -1.339877e+01 -9.900583e-01 -4.946899e-02 -1.316715e-01 1.066776e+02
-1.402106e-01 1.171536e-01 9.831663e-01 1.062632e+02 -3.546356e-02 9.917439e-01 -1.232332e-01 -1.350991e+01 -9.894864e-01 -5.214518e-02 -1.348983e-01 1.065777e+02
-1.434281e-01 1.171270e-01 9.827053e-01 1.070468e+02 -3.517971e-02 9.917409e-01 -1.233385e-01 -1.362283e+01 -9.890353e-01 -5.226150e-02 -1.381230e-01 1.064750e+02
-1.456493e-01 1.142736e-01 9.827145e-01 1.078291e+02 -3.037696e-02 9.923220e-01 -1.198930e-01 -1.372596e+01 -9.888698e-01 -4.731420e-02 -1.410597e-01 1.063695e+02
-1.488283e-01 1.150432e-01 9.821483e-01 1.086091e+02 -3.011307e-02 9.922217e-01 -1.207862e-01 -1.384003e+01 -9.884044e-01 -4.755192e-02 -1.442064e-01 1.062682e+02
-1.513241e-01 1.189064e-01 9.813064e-01 1.093548e+02 -3.580193e-02 9.914279e-01 -1.256538e-01 -1.395782e+01 -9.878356e-01 -5.414711e-02 -1.457699e-01 1.061599e+02
-1.527779e-01 1.259477e-01 9.802021e-01 1.101056e+02 -3.736960e-02 9.904002e-01 -1.330827e-01 -1.406196e+01 -9.875538e-01 -5.696186e-02 -1.466047e-01 1.060448e+02
-1.551313e-01 1.287250e-01 9.794714e-01 1.108647e+02 -3.313261e-02 9.902386e-01 -1.353876e-01 -1.417627e+01 -9.873381e-01 -5.345530e-02 -1.493520e-01 1.059283e+02
-1.582983e-01 1.269743e-01 9.791931e-01 1.116398e+02 -3.194959e-02 9.905191e-01 -1.336080e-01 -1.429186e+01 -9.868743e-01 -5.243474e-02 -1.527407e-01 1.058197e+02
-1.621342e-01 1.191177e-01 9.795527e-01 1.124004e+02 -3.378075e-02 9.914353e-01 -1.261540e-01 -1.441109e+01 -9.861903e-01 -5.354391e-02 -1.567217e-01 1.057118e+02
-1.648552e-01 1.165293e-01 9.794099e-01 1.131683e+02 -3.584983e-02 9.916322e-01 -1.240177e-01 -1.453788e+01 -9.856661e-01 -5.555664e-02 -1.592981e-01 1.055988e+02
-1.660646e-01 1.195525e-01 9.788410e-01 1.138953e+02 -3.576832e-02 9.912403e-01 -1.271352e-01 -1.463975e+01 -9.854660e-01 -5.612416e-02 -1.603338e-01 1.054639e+02
-1.694658e-01 1.227631e-01 9.778602e-01 1.146378e+02 -3.921473e-02 9.905857e-01 -1.311567e-01 -1.474807e+01 -9.847556e-01 -6.057310e-02 -1.630563e-01 1.053493e+02
-1.714429e-01 1.233807e-01 9.774377e-01 1.153603e+02 -3.701318e-02 9.906201e-01 -1.315368e-01 -1.485779e+01 -9.844985e-01 -5.872912e-02 -1.652680e-01 1.052264e+02
-1.729902e-01 1.279362e-01 9.765791e-01 1.161088e+02 -3.240624e-02 9.902516e-01 -1.354677e-01 -1.497162e+01 -9.843903e-01 -5.508185e-02 -1.671579e-01 1.051039e+02
-1.749257e-01 1.323329e-01 9.756480e-01 1.168361e+02 -3.225665e-02 9.896243e-01 -1.400119e-01 -1.508442e+01 -9.840531e-01 -5.596282e-02 -1.688421e-01 1.049789e+02
-1.778823e-01 1.346666e-01 9.747937e-01 1.175647e+02 -3.247781e-02 9.892488e-01 -1.425902e-01 -1.519466e+01 -9.835157e-01 -5.702342e-02 -1.715961e-01 1.048556e+02
-1.793904e-01 1.323135e-01 9.748396e-01 1.182681e+02 -3.137686e-02 9.896406e-01 -1.400964e-01 -1.530017e+01 -9.832775e-01 -5.571936e-02 -1.733805e-01 1.047052e+02
-1.832436e-01 1.289093e-01 9.745790e-01 1.190119e+02 -2.659651e-02 9.903523e-01 -1.359964e-01 -1.541932e+01 -9.827077e-01 -5.084088e-02 -1.780472e-01 1.045763e+02
-1.884835e-01 1.278807e-01 9.737148e-01 1.197546e+02 -2.310394e-02 9.906340e-01 -1.345750e-01 -1.552753e+01 -9.818046e-01 -4.786182e-02 -1.837636e-01 1.044393e+02
-1.945984e-01 1.267193e-01 9.726632e-01 1.204865e+02 -2.362536e-02 9.907268e-01 -1.337993e-01 -1.563833e+01 -9.805985e-01 -4.901664e-02 -1.898000e-01 1.043023e+02
-2.034039e-01 1.272821e-01 9.707863e-01 1.211945e+02 -2.406938e-02 9.905643e-01 -1.349184e-01 -1.574117e+01 -9.787990e-01 -5.080915e-02 -1.984210e-01 1.041636e+02
-2.136542e-01 1.282378e-01 9.684560e-01 1.219411e+02 -2.244499e-02 9.904407e-01 -1.361006e-01 -1.584553e+01 -9.766515e-01 -5.081545e-02 -2.087335e-01 1.040150e+02
-2.245322e-01 1.277596e-01 9.660552e-01 1.226592e+02 -1.788246e-02 9.906610e-01 -1.351700e-01 -1.595414e+01 -9.743026e-01 -4.762546e-02 -2.201507e-01 1.038437e+02
-2.361880e-01 1.283667e-01 9.631912e-01 1.233490e+02 -1.574155e-02 9.906003e-01 -1.358796e-01 -1.606306e+01 -9.715799e-01 -4.725526e-02 -2.319472e-01 1.036541e+02
-2.479109e-01 1.279899e-01 9.602910e-01 1.240607e+02 -1.250260e-02 9.907293e-01 -1.352745e-01 -1.618773e+01 -9.687022e-01 -4.554217e-02 -2.440124e-01 1.034755e+02
-2.577837e-01 1.276485e-01 9.577335e-01 1.246892e+02 -6.960070e-03 9.909635e-01 -1.339508e-01 -1.630768e+01 -9.661776e-01 -4.119623e-02 -2.545658e-01 1.032849e+02
-2.674374e-01 1.274930e-01 9.551035e-01 1.253712e+02 -1.173740e-03 9.911642e-01 -1.326353e-01 -1.642202e+01 -9.635745e-01 -3.659268e-02 -2.649248e-01 1.030934e+02
-2.762686e-01 1.281040e-01 9.525046e-01 1.260896e+02 4.148285e-03 9.912266e-01 -1.321086e-01 -1.653433e+01 -9.610715e-01 -3.254621e-02 -2.743762e-01 1.028925e+02
-2.829797e-01 1.282663e-01 9.505105e-01 1.267560e+02 1.017886e-02 9.913633e-01 -1.307488e-01 -1.663857e+01 -9.590719e-01 -2.732414e-02 -2.818413e-01 1.026776e+02
-2.891550e-01 1.284261e-01 9.486286e-01 1.274268e+02 1.051376e-02 9.913264e-01 -1.310018e-01 -1.674102e+01 -9.572246e-01 -2.790617e-02 -2.879972e-01 1.024754e+02
-2.938507e-01 1.265780e-01 9.474333e-01 1.281164e+02 1.371282e-02 9.916494e-01 -1.282322e-01 -1.683952e+01 -9.557530e-01 -2.468913e-02 -2.931326e-01 1.022621e+02
-2.952096e-01 1.240610e-01 9.473437e-01 1.287840e+02 1.958628e-02 9.921114e-01 -1.238202e-01 -1.693739e+01 -9.552317e-01 -1.799797e-02 -2.953107e-01 1.020421e+02
-2.959391e-01 1.211307e-01 9.474953e-01 1.294719e+02 2.764039e-02 9.925975e-01 -1.182636e-01 -1.704067e+01 -9.548068e-01 -8.809678e-03 -2.970965e-01 1.018318e+02
-2.960479e-01 1.201766e-01 9.475828e-01 1.301565e+02 3.072646e-02 9.927383e-01 -1.163037e-01 -1.713642e+01 -9.546788e-01 -5.315593e-03 -2.975907e-01 1.016145e+02
-2.953032e-01 1.258743e-01 9.470753e-01 1.308243e+02 3.337536e-02 9.920371e-01 -1.214435e-01 -1.722947e+01 -9.548205e-01 -4.253659e-03 -2.971528e-01 1.014059e+02
-2.943313e-01 1.288148e-01 9.469825e-01 1.314740e+02 3.296983e-02 9.916536e-01 -1.246439e-01 -1.732575e+01 -9.551346e-01 -5.464769e-03 -2.961217e-01 1.012118e+02
-2.929993e-01 1.293028e-01 9.473290e-01 1.321177e+02 3.591674e-02 9.916023e-01 -1.242371e-01 -1.741735e+01 -9.554378e-01 -2.376419e-03 -2.951829e-01 1.010067e+02
-2.910437e-01 1.270980e-01 9.482298e-01 1.327757e+02 3.637216e-02 9.918897e-01 -1.217862e-01 -1.752522e+01 -9.560181e-01 -9.559347e-04 -2.933060e-01 1.008029e+02
-2.882490e-01 1.244972e-01 9.494277e-01 1.334076e+02 3.929019e-02 9.922147e-01 -1.181792e-01 -1.761856e+01 -9.567491e-01 3.238176e-03 -2.908964e-01 1.005926e+02
-2.870917e-01 1.246918e-01 9.497528e-01 1.340506e+02 3.974545e-02 9.921882e-01 -1.182489e-01 -1.771812e+01 -9.570782e-01 3.800091e-03 -2.898049e-01 1.004037e+02
-2.841653e-01 1.272588e-01 9.502922e-01 1.346711e+02 4.032162e-02 9.918615e-01 -1.207682e-01 -1.780727e+01 -9.579271e-01 3.999185e-03 -2.869839e-01 1.002079e+02
-2.791955e-01 1.291588e-01 9.515082e-01 1.353007e+02 4.335075e-02 9.915976e-01 -1.218804e-01 -1.789293e+01 -9.592552e-01 7.220122e-03 -2.824488e-01 1.000175e+02
-2.741959e-01 1.268945e-01 9.532651e-01 1.359352e+02 4.499976e-02 9.918633e-01 -1.190889e-01 -1.798439e+01 -9.606204e-01 1.024303e-02 -2.776751e-01 9.984285e+01
-2.692053e-01 1.250401e-01 9.549311e-01 1.365860e+02 4.546033e-02 9.920804e-01 -1.170888e-01 -1.808205e+01 -9.620093e-01 1.189056e-02 -2.727577e-01 9.967873e+01
-2.644665e-01 1.230965e-01 9.565065e-01 1.372132e+02 4.536402e-02 9.923104e-01 -1.151615e-01 -1.816834e+01 -9.633273e-01 1.293462e-02 -2.680170e-01 9.951085e+01
-2.602524e-01 1.222286e-01 9.577729e-01 1.378297e+02 4.498487e-02 9.924128e-01 -1.144257e-01 -1.825742e+01 -9.644921e-01 1.330572e-02 -2.637763e-01 9.934521e+01
-2.568879e-01 1.209200e-01 9.588467e-01 1.384702e+02 4.463078e-02 9.925676e-01 -1.132154e-01 -1.834780e+01 -9.654101e-01 1.371041e-02 -2.603754e-01 9.919209e+01
-2.525019e-01 1.199203e-01 9.601364e-01 1.390994e+02 4.854179e-02 9.926107e-01 -1.112105e-01 -1.842738e+01 -9.663780e-01 1.852587e-02 -2.564572e-01 9.903247e+01
-2.487305e-01 1.177514e-01 9.613885e-01 1.397017e+02 4.825201e-02 9.928566e-01 -1.091219e-01 -1.851842e+01 -9.673701e-01 1.924698e-02 -2.526354e-01 9.887091e+01
-2.463401e-01 1.162251e-01 9.621893e-01 1.403139e+02 4.622729e-02 9.930626e-01 -1.081192e-01 -1.860492e+01 -9.680804e-01 1.784531e-02 -2.500039e-01 9.873739e+01
-2.430683e-01 1.164790e-01 9.629904e-01 1.409018e+02 4.165850e-02 9.931017e-01 -1.096062e-01 -1.869820e+01 -9.691142e-01 1.347495e-02 -2.462439e-01 9.859499e+01
-2.385854e-01 1.196934e-01 9.637170e-01 1.414848e+02 4.218999e-02 9.927159e-01 -1.128501e-01 -1.878113e+01 -9.702046e-01 1.373481e-02 -2.418974e-01 9.845705e+01
-2.329434e-01 1.214804e-01 9.648730e-01 1.420550e+02 4.530099e-02 9.924456e-01 -1.140151e-01 -1.885949e+01 -9.714346e-01 1.715062e-02 -2.366869e-01 9.831492e+01
-2.266945e-01 1.227005e-01 9.662061e-01 1.426523e+02 4.409237e-02 9.923086e-01 -1.156702e-01 -1.893329e+01 -9.729673e-01 1.638050e-02 -2.303611e-01 9.819226e+01
-2.185271e-01 1.207594e-01 9.683300e-01 1.432208e+02 3.972081e-02 9.925917e-01 -1.148211e-01 -1.901837e+01 -9.750221e-01 1.337134e-02 -2.217048e-01 9.807195e+01
-2.076051e-01 1.189420e-01 9.709546e-01 1.437952e+02 3.840118e-02 9.928061e-01 -1.134081e-01 -1.909712e+01 -9.774587e-01 1.374170e-02 -2.106792e-01 9.795354e+01
-1.955200e-01 1.174508e-01 9.736412e-01 1.443644e+02 3.742637e-02 9.929730e-01 -1.122671e-01 -1.917809e+01 -9.799853e-01 1.448939e-02 -1.985419e-01 9.784607e+01
-1.830093e-01 1.154908e-01 9.763040e-01 1.449407e+02 3.421683e-02 9.932225e-01 -1.110781e-01 -1.926829e+01 -9.825156e-01 1.307770e-02 -1.857206e-01 9.775533e+01
-1.679288e-01 1.150403e-01 9.790637e-01 1.455252e+02 3.211707e-02 9.932787e-01 -1.112018e-01 -1.934828e+01 -9.852758e-01 1.277067e-02 -1.704948e-01 9.768083e+01
-1.497207e-01 1.142458e-01 9.821057e-01 1.460919e+02 2.908856e-02 9.933809e-01 -1.111229e-01 -1.942160e+01 -9.883003e-01 1.193064e-02 -1.520529e-01 9.760990e+01
-1.292843e-01 1.129768e-01 9.851507e-01 1.466472e+02 2.471384e-02 9.935469e-01 -1.106964e-01 -1.950478e+01 -9.912995e-01 1.003555e-02 -1.312422e-01 9.755443e+01
-1.070010e-01 1.130631e-01 9.878095e-01 1.472146e+02 1.971203e-02 9.935593e-01 -1.115860e-01 -1.957314e+01 -9.940635e-01 7.531918e-03 -1.085405e-01 9.750934e+01
-8.614997e-02 1.123018e-01 9.899326e-01 1.477701e+02 1.316093e-02 9.936683e-01 -1.115803e-01 -1.965596e+01 -9.961952e-01 3.415794e-03 -8.708248e-02 9.748528e+01
-6.615712e-02 1.133551e-01 9.913495e-01 1.483393e+02 3.946647e-03 9.935481e-01 -1.133431e-01 -1.973745e+01 -9.978014e-01 -3.585948e-03 -6.617765e-02 9.748366e+01
-4.783151e-02 1.138290e-01 9.923483e-01 1.488961e+02 -4.097383e-03 9.934547e-01 -1.141534e-01 -1.980927e+01 -9.988470e-01 -9.526161e-03 -4.705203e-02 9.748545e+01
-3.363419e-02 1.126377e-01 9.930667e-01 1.494519e+02 -1.499223e-02 9.934602e-01 -1.131901e-01 -1.989175e+01 -9.993218e-01 -1.869535e-02 -3.172554e-02 9.749307e+01
-2.572032e-02 1.108711e-01 9.935019e-01 1.500159e+02 -2.593576e-02 9.934222e-01 -1.115337e-01 -1.996432e+01 -9.993327e-01 -2.863591e-02 -2.267561e-02 9.751177e+01
-2.315704e-02 1.088998e-01 9.937830e-01 1.505658e+02 -3.254347e-02 9.934406e-01 -1.096206e-01 -2.002889e+01 -9.992020e-01 -3.487964e-02 -1.946117e-02 9.751304e+01
-3.011713e-02 1.050955e-01 9.940060e-01 1.511227e+02 -4.098570e-02 9.934909e-01 -1.062828e-01 -2.010342e+01 -9.987057e-01 -4.394096e-02 -2.561368e-02 9.751533e+01
-4.181161e-02 1.026480e-01 9.938386e-01 1.516232e+02 -3.854979e-02 9.938020e-01 -1.042660e-01 -2.015847e+01 -9.983815e-01 -4.267180e-02 -3.759540e-02 9.747902e+01
-5.582191e-02 9.990023e-02 9.934303e-01 1.522148e+02 -4.164440e-02 9.938830e-01 -1.022858e-01 -2.023731e+01 -9.975719e-01 -4.708060e-02 -5.132016e-02 9.746016e+01
-6.839945e-02 9.835509e-02 9.927980e-01 1.527569e+02 -3.873782e-02 9.941163e-01 -1.011546e-01 -2.030536e+01 -9.969057e-01 -4.537774e-02 -6.418694e-02 9.742089e+01
-7.910588e-02 9.786083e-02 9.920512e-01 1.532135e+02 -3.018201e-02 9.944785e-01 -1.005070e-01 -2.035415e+01 -9.964092e-01 -3.789280e-02 -7.571546e-02 9.734744e+01
-9.358038e-02 9.673277e-02 9.909013e-01 1.537573e+02 -3.412822e-02 9.943723e-01 -1.002947e-01 -2.042276e+01 -9.950266e-01 -4.320331e-02 -8.975242e-02 9.730735e+01
-1.101926e-01 9.476370e-02 9.893824e-01 1.542743e+02 -3.772121e-02 9.943284e-01 -9.943865e-02 -2.048953e+01 -9.931942e-01 -4.827810e-02 -1.059930e-01 9.725067e+01
-1.271628e-01 9.415056e-02 9.874033e-01 1.547950e+02 -3.666238e-02 9.943584e-01 -9.953531e-02 -2.055452e+01 -9.912041e-01 -4.885775e-02 -1.229936e-01 9.717991e+01
-1.422036e-01 9.420550e-02 9.853443e-01 1.553227e+02 -3.124042e-02 9.945377e-01 -9.959302e-02 -2.060755e+01 -9.893443e-01 -4.494506e-02 -1.384838e-01 9.710152e+01
-1.562933e-01 9.188766e-02 9.834272e-01 1.557719e+02 -3.014867e-02 9.947555e-01 -9.773757e-02 -2.068060e+01 -9.872504e-01 -4.492475e-02 -1.527034e-01 9.700706e+01
-1.697960e-01 9.136353e-02 9.812349e-01 1.562653e+02 -2.682038e-02 9.948959e-01 -9.727660e-02 -2.073056e+01 -9.851142e-01 -4.283428e-02 -1.664789e-01 9.690891e+01
-1.838267e-01 9.041980e-02 9.787911e-01 1.567974e+02 -2.835903e-02 9.948578e-01 -9.723013e-02 -2.078761e+01 -9.825495e-01 -4.563106e-02 -1.803172e-01 9.682674e+01
-1.961363e-01 9.011819e-02 9.764268e-01 1.572928e+02 -2.668999e-02 9.949084e-01 -9.718518e-02 -2.084448e+01 -9.802133e-01 -4.512236e-02 -1.927324e-01 9.672429e+01
-2.057282e-01 9.103520e-02 9.743657e-01 1.577358e+02 -2.192643e-02 9.949850e-01 -9.759123e-02 -2.090555e+01 -9.783635e-01 -4.144162e-02 -2.027004e-01 9.659651e+01
-2.159544e-01 9.314540e-02 9.719504e-01 1.582303e+02 -1.494326e-02 9.950075e-01 -9.867523e-02 -2.096481e+01 -9.762891e-01 -3.583345e-02 -2.134843e-01 9.648352e+01
-2.234071e-01 9.294695e-02 9.702835e-01 1.586904e+02 -1.607851e-02 9.949563e-01 -9.901251e-02 -2.103322e+01 -9.745926e-01 -3.772081e-02 -2.207859e-01 9.636908e+01
-2.279651e-01 9.337584e-02 9.691815e-01 1.591880e+02 -1.315157e-02 9.950048e-01 -9.895721e-02 -2.108649e+01 -9.735805e-01 -3.530505e-02 -2.255983e-01 9.625685e+01
-2.316679e-01 9.114564e-02 9.685156e-01 1.596294e+02 -1.642575e-02 9.950925e-01 -9.757578e-02 -2.115157e+01 -9.726563e-01 -3.851377e-02 -2.290339e-01 9.617026e+01
-2.335940e-01 9.068481e-02 9.680961e-01 1.600976e+02 -1.490940e-02 9.951902e-01 -9.682032e-02 -2.120545e+01 -9.722199e-01 -3.705038e-02 -2.311184e-01 9.605560e+01
-2.334138e-01 9.005086e-02 9.681988e-01 1.605537e+02 -1.316998e-02 9.953185e-01 -9.574825e-02 -2.126278e+01 -9.722883e-01 -3.510012e-02 -2.311351e-01 9.593944e+01
-2.342733e-01 9.100477e-02 9.679019e-01 1.610092e+02 -1.123686e-02 9.952890e-01 -9.629957e-02 -2.131521e+01 -9.721058e-01 -3.343659e-02 -2.321470e-01 9.581690e+01
-2.373484e-01 9.175009e-02 9.670820e-01 1.614957e+02 -1.178005e-02 9.951847e-01 -9.730741e-02 -2.137295e+01 -9.713532e-01 -3.448803e-02 -2.351246e-01 9.570905e+01
-2.402355e-01 9.370960e-02 9.661808e-01 1.619756e+02 -1.348845e-02 9.949111e-01 -9.984997e-02 -2.144313e+01 -9.706209e-01 -3.701979e-02 -2.377490e-01 9.559666e+01
-2.441501e-01 9.528938e-02 9.650444e-01 1.624603e+02 -1.369497e-02 9.947224e-01 -1.016846e-01 -2.148973e+01 -9.696407e-01 -3.804255e-02 -2.415566e-01 9.547511e+01
-2.501530e-01 9.334094e-02 9.636965e-01 1.629398e+02 -1.274927e-02 9.949382e-01 -9.967634e-02 -2.154443e+01 -9.681224e-01 -3.722076e-02 -2.476968e-01 9.535111e+01
-2.552209e-01 9.245237e-02 9.624525e-01 1.634019e+02 -1.306180e-02 9.949975e-01 -9.904231e-02 -2.160138e+01 -9.667945e-01 -3.784903e-02 -2.527365e-01 9.522051e+01
-2.603691e-01 9.297940e-02 9.610217e-01 1.638688e+02 -1.064138e-02 9.950155e-01 -9.915137e-02 -2.166002e+01 -9.654505e-01 -3.604255e-02 -2.580818e-01 9.508266e+01
-2.655999e-01 9.402301e-02 9.594876e-01 1.643743e+02 -8.442640e-03 9.949680e-01 -9.983689e-02 -2.171903e+01 -9.640464e-01 -3.461728e-02 -2.634696e-01 9.494083e+01
-2.714695e-01 9.579586e-02 9.576677e-01 1.648979e+02 -8.017564e-03 9.947746e-01 -1.017804e-01 -2.177187e+01 -9.624136e-01 -3.530844e-02 -2.692830e-01 9.479835e+01
-2.768008e-01 9.769162e-02 9.559486e-01 1.654301e+02 -8.077215e-03 9.945471e-01 -1.039749e-01 -2.183118e+01 -9.608934e-01 -3.650175e-02 -2.745024e-01 9.464013e+01
-2.820889e-01 9.867593e-02 9.543002e-01 1.659448e+02 -6.820565e-03 9.944652e-01 -1.048452e-01 -2.189940e+01 -9.593640e-01 -3.608453e-02 -2.798546e-01 9.448197e+01
-2.869003e-01 9.970146e-02 9.527580e-01 1.665097e+02 -2.506096e-03 9.944877e-01 -1.048229e-01 -2.196148e+01 -9.579572e-01 -3.246143e-02 -2.850690e-01 9.431951e+01
-2.912044e-01 1.004722e-01 9.513702e-01 1.670413e+02 1.097916e-03 9.945041e-01 -1.046914e-01 -2.202682e+01 -9.566602e-01 -2.944208e-02 -2.897143e-01 9.415241e+01
-2.950912e-01 9.942487e-02 9.502820e-01 1.675786e+02 -1.031416e-03 9.945374e-01 -1.043755e-01 -2.209006e+01 -9.554685e-01 -3.178041e-02 -2.933767e-01 9.398299e+01
-2.996300e-01 9.722809e-02 9.490883e-01 1.681291e+02 2.646332e-03 9.948745e-01 -1.010831e-01 -2.214958e+01 -9.540518e-01 -2.777594e-02 -2.983516e-01 9.381157e+01
-3.018708e-01 9.414894e-02 9.486886e-01 1.686607e+02 3.397843e-03 9.952116e-01 -9.768475e-02 -2.220837e+01 -9.533428e-01 -2.626468e-02 -3.007453e-01 9.363510e+01
-3.039696e-01 9.300574e-02 9.481310e-01 1.692123e+02 7.817838e-03 9.954333e-01 -9.513941e-02 -2.227061e+01 -9.526496e-01 -2.150715e-02 -3.033086e-01 9.345205e+01
-3.053834e-01 9.188171e-02 9.477862e-01 1.697547e+02 1.022604e-02 9.955929e-01 -9.322135e-02 -2.233873e+01 -9.521746e-01 -1.877615e-02 -3.049771e-01 9.326782e+01
-3.066099e-01 9.018014e-02 9.475536e-01 1.702977e+02 8.650175e-03 9.957246e-01 -9.196561e-02 -2.240371e+01 -9.517960e-01 -2.000106e-02 -3.060791e-01 9.309696e+01
-3.064708e-01 9.226284e-02 9.473981e-01 1.708476e+02 8.826196e-03 9.955241e-01 -9.409446e-02 -2.246689e+01 -9.518391e-01 -2.047528e-02 -3.059134e-01 9.292015e+01
-3.051722e-01 9.397946e-02 9.476486e-01 1.713732e+02 9.888781e-03 9.953776e-01 -9.552831e-02 -2.252233e+01 -9.522458e-01 -1.978150e-02 -3.046909e-01 9.273981e+01
-3.035776e-01 9.528541e-02 9.480302e-01 1.719152e+02 1.165576e-02 9.952839e-01 -9.630242e-02 -2.258588e+01 -9.527354e-01 -1.818524e-02 -3.032565e-01 9.256175e+01
-3.011850e-01 9.542057e-02 9.487795e-01 1.724620e+02 1.069254e-02 9.952561e-01 -9.670053e-02 -2.264321e+01 -9.535058e-01 -1.897989e-02 -3.007765e-01 9.238684e+01
-2.986755e-01 9.619190e-02 9.494946e-01 1.730160e+02 1.102681e-02 9.951889e-01 -9.735249e-02 -2.270424e+01 -9.542910e-01 -1.860690e-02 -2.982992e-01 9.221879e+01
-2.969204e-01 9.556734e-02 9.501080e-01 1.735504e+02 1.326446e-02 9.952961e-01 -9.596732e-02 -2.276019e+01 -9.548101e-01 -1.589199e-02 -2.967914e-01 9.205105e+01
-2.937762e-01 9.775593e-02 9.508624e-01 1.740885e+02 1.434147e-02 9.950956e-01 -9.787254e-02 -2.282798e+01 -9.557666e-01 -1.511585e-02 -2.937373e-01 9.188826e+01
-2.901271e-01 1.001294e-01 9.517354e-01 1.746210e+02 1.457057e-02 9.948582e-01 -1.002245e-01 -2.288335e+01 -9.568772e-01 -1.521052e-02 -2.900943e-01 9.172959e+01
-2.858986e-01 1.010598e-01 9.529160e-01 1.751295e+02 1.450362e-02 9.947658e-01 -1.011466e-01 -2.294085e+01 -9.581501e-01 -1.509695e-02 -2.858679e-01 9.157124e+01
-2.822091e-01 1.010937e-01 9.540116e-01 1.756347e+02 1.438411e-02 9.947664e-01 -1.011574e-01 -2.300556e+01 -9.592451e-01 -1.482491e-02 -2.821862e-01 9.142840e+01
-2.781640e-01 9.997456e-02 9.553166e-01 1.761293e+02 1.289641e-02 9.948678e-01 -1.003585e-01 -2.305822e+01 -9.604470e-01 -1.559597e-02 -2.780257e-01 9.129192e+01
-2.729296e-01 9.731464e-02 9.570994e-01 1.766015e+02 1.268217e-02 9.951482e-01 -9.756682e-02 -2.311341e+01 -9.619504e-01 -1.449077e-02 -2.728395e-01 9.115181e+01
-2.665687e-01 9.351332e-02 9.592687e-01 1.770656e+02 1.380856e-02 9.955504e-01 -9.321299e-02 -2.316876e+01 -9.637170e-01 -1.160155e-02 -2.666739e-01 9.101580e+01
-2.588423e-01 9.068261e-02 9.616534e-01 1.774995e+02 1.441603e-02 9.958351e-01 -9.002562e-02 -2.322136e+01 -9.658120e-01 -9.439215e-03 -2.590715e-01 9.089232e+01
-2.500313e-01 8.891156e-02 9.641468e-01 1.779310e+02 1.333089e-02 9.959966e-01 -8.839159e-02 -2.327496e+01 -9.681460e-01 -9.247729e-03 -2.502155e-01 9.078888e+01
-2.399557e-01 8.691863e-02 9.668849e-01 1.783531e+02 1.343612e-02 9.961857e-01 -8.621815e-02 -2.332467e+01 -9.706909e-01 -7.697355e-03 -2.402083e-01 9.068867e+01
-2.261366e-01 8.772396e-02 9.701375e-01 1.787594e+02 1.115537e-02 9.961045e-01 -8.747172e-02 -2.336565e+01 -9.740317e-01 -8.958319e-03 -2.262343e-01 9.060011e+01
-2.099682e-01 8.938910e-02 9.736133e-01 1.791698e+02 8.038506e-03 9.959359e-01 -8.970500e-02 -2.340521e+01 -9.776752e-01 -1.100880e-02 -2.098334e-01 9.052209e+01
-1.901623e-01 9.389614e-02 9.772522e-01 1.795610e+02 7.140913e-03 9.955218e-01 -9.426198e-02 -2.344504e+01 -9.817267e-01 -1.094660e-02 -1.899812e-01 9.044766e+01
-1.669734e-01 9.741275e-02 9.811374e-01 1.799544e+02 6.138084e-03 9.951908e-01 -9.776344e-02 -2.348588e+01 -9.859423e-01 -1.030159e-02 -1.667683e-01 9.038788e+01
-1.407777e-01 9.756590e-02 9.852221e-01 1.803443e+02 3.519011e-03 9.951754e-01 -9.804875e-02 -2.352920e+01 -9.900350e-01 -1.033607e-02 -1.404418e-01 9.034514e+01
-1.123140e-01 9.540288e-02 9.890823e-01 1.807387e+02 -2.571320e-03 9.953491e-01 -9.629933e-02 -2.356832e+01 -9.936694e-01 -1.335901e-02 -1.115463e-01 9.032245e+01
-8.154545e-02 9.345599e-02 9.922783e-01 1.811372e+02 -9.753048e-03 9.954716e-01 -9.455824e-02 -2.360719e+01 -9.966219e-01 -1.738853e-02 -8.026470e-02 9.031141e+01
-4.968763e-02 9.243151e-02 9.944785e-01 1.815256e+02 -1.760226e-02 9.954727e-01 -9.340339e-02 -2.364438e+01 -9.986097e-01 -2.214606e-02 -4.783568e-02 9.032001e+01
-1.842847e-02 9.003751e-02 9.957679e-01 1.819139e+02 -2.586854e-02 9.955607e-01 -9.049751e-02 -2.368468e+01 -9.994955e-01 -2.742680e-02 -1.601752e-02 9.033959e+01
1.051288e-02 8.497333e-02 9.963278e-01 1.822956e+02 -3.072293e-02 9.959399e-01 -8.461607e-02 -2.372490e+01 -9.994727e-01 -2.972054e-02 1.308083e-02 9.037489e+01
4.192912e-02 8.123161e-02 9.958129e-01 1.826731e+02 -3.650206e-02 9.961486e-01 -7.972206e-02 -2.376235e+01 -9.984536e-01 -3.300654e-02 4.473275e-02 9.041596e+01
7.394437e-02 7.822559e-02 9.941896e-01 1.830419e+02 -3.860306e-02 9.963962e-01 -7.552804e-02 -2.380024e+01 -9.965149e-01 -3.279389e-02 7.669764e-02 9.046466e+01
1.066986e-01 7.625707e-02 9.913628e-01 1.834082e+02 -4.242328e-02 9.964958e-01 -7.208597e-02 -2.383644e+01 -9.933860e-01 -3.436540e-02 1.095598e-01 9.052937e+01
1.412211e-01 7.513356e-02 9.871229e-01 1.837699e+02 -4.495979e-02 9.965738e-01 -6.942081e-02 -2.387264e+01 -9.889566e-01 -3.457716e-02 1.441152e-01 9.060689e+01
1.766384e-01 7.720453e-02 9.812433e-01 1.841263e+02 -4.957791e-02 9.963514e-01 -6.946848e-02 -2.389759e+01 -9.830264e-01 -3.637718e-02 1.798216e-01 9.069988e+01
2.146587e-01 7.965886e-02 9.734352e-01 1.844979e+02 -5.185713e-02 9.961922e-01 -7.008576e-02 -2.392890e+01 -9.753115e-01 -3.543504e-02 2.179722e-01 9.080513e+01
2.534617e-01 8.227372e-02 9.638403e-01 1.848391e+02 -5.430192e-02 9.960156e-01 -7.074041e-02 -2.395440e+01 -9.658201e-01 -3.440839e-02 2.569194e-01 9.092670e+01
2.946634e-01 8.346973e-02 9.519487e-01 1.852051e+02 -5.790012e-02 9.959071e-01 -6.940191e-02 -2.398204e+01 -9.538454e-01 -3.466774e-02 2.982903e-01 9.106867e+01
3.364483e-01 8.743614e-02 9.376340e-01 1.855533e+02 -6.632463e-02 9.954078e-01 -6.902459e-02 -2.401071e+01 -9.393634e-01 -3.896502e-02 3.407024e-01 9.123690e+01
3.778706e-01 9.207092e-02 9.212691e-01 1.859201e+02 -7.239519e-02 9.949349e-01 -6.973918e-02 -2.403983e+01 -9.230237e-01 -4.034306e-02 3.826222e-01 9.143209e+01
4.213640e-01 9.472283e-02 9.019312e-01 1.862307e+02 -7.586517e-02 9.947261e-01 -6.902567e-02 -2.406810e+01 -9.037128e-01 -3.934023e-02 4.263280e-01 9.163196e+01
4.651097e-01 9.536486e-02 8.801014e-01 1.865696e+02 -7.554272e-02 9.948298e-01 -6.787418e-02 -2.410452e+01 -8.820239e-01 -3.491631e-02 4.699091e-01 9.182923e+01
5.083105e-01 9.653766e-02 8.557458e-01 1.869154e+02 -7.449683e-02 9.949011e-01 -6.798503e-02 -2.412720e+01 -8.579456e-01 -2.919285e-02 5.129105e-01 9.205326e+01
5.513591e-01 9.430470e-02 8.289209e-01 1.872751e+02 -7.145959e-02 9.952774e-01 -6.569920e-02 -2.416111e+01 -8.312020e-01 -2.301050e-02 5.554942e-01 9.231655e+01
5.916549e-01 9.291798e-02 8.008188e-01 1.876436e+02 -7.425074e-02 9.953944e-01 -6.063697e-02 -2.419708e+01 -8.027648e-01 -2.358522e-02 5.958292e-01 9.261866e+01
6.304326e-01 9.375445e-02 7.705613e-01 1.880041e+02 -8.187234e-02 9.951734e-01 -5.409945e-02 -2.423050e+01 -7.719142e-01 -2.898160e-02 6.350657e-01 9.294536e+01
6.679928e-01 9.444455e-02 7.381503e-01 1.883533e+02 -8.754148e-02 9.949996e-01 -4.808670e-02 -2.427121e+01 -7.390008e-01 -3.249721e-02 6.729203e-01 9.329932e+01
7.036302e-01 9.430277e-02 7.042808e-01 1.887036e+02 -8.985790e-02 9.950061e-01 -4.345582e-02 -2.429608e+01 -7.048617e-01 -3.270837e-02 7.085902e-01 9.367310e+01
7.367176e-01 9.370212e-02 6.696768e-01 1.890310e+02 -9.049113e-02 9.951062e-01 -3.968653e-02 -2.432246e+01 -6.701183e-01 -3.136205e-02 7.415915e-01 9.405187e+01
7.665143e-01 9.171740e-02 6.356444e-01 1.893745e+02 -8.905294e-02 9.953676e-01 -3.623438e-02 -2.435152e+01 -6.360232e-01 -2.883183e-02 7.711312e-01 9.447509e+01
7.939931e-01 8.979496e-02 6.012585e-01 1.896935e+02 -8.836534e-02 9.955742e-01 -3.199302e-02 -2.437161e+01 -6.014702e-01 -2.772817e-02 7.984139e-01 9.492552e+01
8.181820e-01 8.879279e-02 5.680617e-01 1.899951e+02 -8.894345e-02 9.956563e-01 -2.752373e-02 -2.440305e+01 -5.680381e-01 -2.800594e-02 8.225256e-01 9.540485e+01
8.390956e-01 8.933264e-02 5.365987e-01 1.903016e+02 -9.093652e-02 9.955784e-01 -2.354312e-02 -2.441544e+01 -5.363293e-01 -2.904149e-02 8.435091e-01 9.592285e+01
8.570577e-01 8.905658e-02 5.074654e-01 1.905968e+02 -9.215372e-02 9.955621e-01 -1.907578e-02 -2.443351e+01 -5.069121e-01 -3.041578e-02 8.614610e-01 9.645450e+01
8.721841e-01 8.756884e-02 4.812760e-01 1.908865e+02 -9.237566e-02 9.956293e-01 -1.374995e-02 -2.444979e+01 -4.803766e-01 -3.246571e-02 8.764612e-01 9.702828e+01
8.846634e-01 8.703128e-02 4.580351e-01 1.911764e+02 -9.389294e-02 9.955516e-01 -7.817035e-03 -2.446153e+01 -4.566779e-01 -3.609082e-02 8.888997e-01 9.762184e+01
8.947506e-01 8.547881e-02 4.383090e-01 1.914567e+02 -9.367088e-02 9.955989e-01 -2.944331e-03 -2.446680e+01 -4.366316e-01 -3.842235e-02 8.988195e-01 9.823823e+01
9.033185e-01 8.318574e-02 4.208275e-01 1.917541e+02 -9.166735e-02 9.957897e-01 -7.292213e-05 -2.446964e+01 -4.190617e-01 -3.851027e-02 9.071407e-01 9.888161e+01
9.111866e-01 7.974357e-02 4.042028e-01 1.920431e+02 -8.792237e-02 9.961259e-01 1.679965e-03 -2.447617e+01 -4.025029e-01 -3.706923e-02 9.146678e-01 9.954157e+01
9.180489e-01 7.480903e-02 3.893453e-01 1.923238e+02 -8.211417e-02 9.966207e-01 2.128185e-03 -2.448257e+01 -3.878704e-01 -3.392455e-02 9.210894e-01 1.002150e+02
9.250415e-01 7.267052e-02 3.728501e-01 1.925927e+02 -7.980824e-02 9.968033e-01 3.721932e-03 -2.448883e+01 -3.713877e-01 -3.319945e-02 9.278841e-01 1.009186e+02
9.315075e-01 7.309048e-02 3.563026e-01 1.928542e+02 -7.987525e-02 9.967954e-01 4.345016e-03 -2.449648e+01 -3.548432e-01 -3.250717e-02 9.343605e-01 1.016313e+02
9.373195e-01 7.351106e-02 3.406294e-01 1.931081e+02 -8.018337e-02 9.967648e-01 5.531521e-03 -2.450403e+01 -3.391207e-01 -3.249761e-02 9.401814e-01 1.023743e+02
9.419980e-01 7.502923e-02 3.271243e-01 1.933617e+02 -8.170980e-02 9.966336e-01 6.706373e-03 -2.450051e+01 -3.255199e-01 -3.304665e-02 9.449575e-01 1.031436e+02
9.448059e-01 7.742910e-02 3.183496e-01 1.936125e+02 -8.470036e-02 9.963655e-01 9.039508e-03 -2.450919e+01 -3.164927e-01 -3.550491e-02 9.479303e-01 1.039188e+02
9.458354e-01 8.036339e-02 3.145428e-01 1.938599e+02 -8.806802e-02 9.960608e-01 1.033572e-02 -2.451047e+01 -3.124731e-01 -3.747705e-02 9.491870e-01 1.047043e+02
9.459570e-01 8.298344e-02 3.134950e-01 1.940988e+02 -9.104447e-02 9.957846e-01 1.113421e-02 -2.450726e+01 -3.112495e-01 -3.907447e-02 9.495246e-01 1.055234e+02
9.462168e-01 8.106162e-02 3.132137e-01 1.943481e+02 -8.905033e-02 9.959635e-01 1.125910e-02 -2.451017e+01 -3.110367e-01 -3.854532e-02 9.496159e-01 1.063320e+02
9.464106e-01 7.971930e-02 3.129726e-01 1.946176e+02 -8.761281e-02 9.960915e-01 1.121495e-02 -2.452474e+01 -3.108553e-01 -3.803436e-02 9.496959e-01 1.071594e+02
9.460695e-01 7.639531e-02 3.148273e-01 1.948848e+02 -8.304735e-02 9.965155e-01 7.748540e-03 -2.451866e+01 -3.131384e-01 -3.347623e-02 9.491173e-01 1.080300e+02
9.460360e-01 7.630785e-02 3.149491e-01 1.951570e+02 -8.251527e-02 9.965692e-01 6.402199e-03 -2.451814e+01 -3.133801e-01 -3.204482e-02 9.490870e-01 1.088772e+02
9.458551e-01 7.678613e-02 3.153759e-01 1.954357e+02 -8.310537e-02 9.965188e-01 6.616934e-03 -2.451964e+01 -3.137699e-01 -3.246809e-02 9.489438e-01 1.097266e+02
9.456256e-01 7.673483e-02 3.160758e-01 1.957383e+02 -8.350449e-02 9.964760e-01 7.908114e-03 -2.452535e+01 -3.143551e-01 -3.387186e-02 9.487010e-01 1.105632e+02
9.453202e-01 7.550699e-02 3.172827e-01 1.960143e+02 -8.314557e-02 9.964812e-01 1.058330e-02 -2.452400e+01 -3.153672e-01 -3.638526e-02 9.482719e-01 1.114598e+02
9.451824e-01 7.365097e-02 3.181287e-01 1.963000e+02 -8.142840e-02 9.966163e-01 1.119967e-02 -2.452270e+01 -3.162273e-01 -3.649044e-02 9.479814e-01 1.123455e+02
9.450852e-01 7.346193e-02 3.184610e-01 1.965969e+02 -8.126154e-02 9.966292e-01 1.125654e-02 -2.452610e+01 -3.165606e-01 -3.651702e-02 9.478691e-01 1.132221e+02
9.449558e-01 7.272918e-02 3.190126e-01 1.968847e+02 -8.003221e-02 9.967438e-01 9.825760e-03 -2.452232e+01 -3.172592e-01 -3.481619e-02 9.476996e-01 1.140950e+02
9.450804e-01 7.088465e-02 3.190586e-01 1.971805e+02 -7.853587e-02 9.968488e-01 1.116233e-02 -2.452436e+01 -3.172619e-01 -3.560684e-02 9.476693e-01 1.149449e+02
9.450694e-01 6.817972e-02 3.196801e-01 1.974709e+02 -7.677185e-02 9.969456e-01 1.433700e-02 -2.454301e+01 -3.177261e-01 -3.809189e-02 9.474171e-01 1.158145e+02
9.444180e-01 6.648121e-02 3.219548e-01 1.977662e+02 -7.497365e-02 9.970867e-01 1.403593e-02 -2.452682e+01 -3.200838e-01 -3.739392e-02 9.466510e-01 1.166795e+02
9.445358e-01 6.436124e-02 3.220401e-01 1.980564e+02 -7.274721e-02 9.972513e-01 1.406040e-02 -2.453848e+01 -3.202499e-01 -3.670806e-02 9.466216e-01 1.175754e+02
9.446780e-01 6.340881e-02 3.218118e-01 1.983531e+02 -7.155229e-02 9.973451e-01 1.352781e-02 -2.456002e+01 -3.200996e-01 -3.580580e-02 9.467070e-01 1.184519e+02
9.445889e-01 6.384662e-02 3.219868e-01 1.986438e+02 -7.147894e-02 9.973708e-01 1.192426e-02 -2.456072e+01 -3.203789e-01 -3.427880e-02 9.466691e-01 1.193833e+02
9.446371e-01 6.382847e-02 3.218490e-01 1.989433e+02 -7.091628e-02 9.974287e-01 1.033340e-02 -2.456768e+01 -3.203618e-01 -3.258564e-02 9.467346e-01 1.203221e+02
9.448820e-01 6.410203e-02 3.210746e-01 1.992269e+02 -7.108891e-02 9.974191e-01 1.007254e-02 -2.458397e+01 -3.196003e-01 -3.234221e-02 9.470003e-01 1.212158e+02
9.452263e-01 6.370731e-02 3.201385e-01 1.995256e+02 -7.067473e-02 9.974475e-01 1.017973e-02 -2.458503e+01 -3.186728e-01 -3.224785e-02 9.473161e-01 1.221383e+02
9.454889e-01 6.408566e-02 3.192862e-01 1.998103e+02 -7.133702e-02 9.973910e-01 1.105561e-02 -2.458537e+01 -3.177447e-01 -3.322988e-02 9.475938e-01 1.230427e+02
9.455797e-01 6.504767e-02 3.188226e-01 2.000978e+02 -7.240235e-02 9.973120e-01 1.125820e-02 -2.458684e+01 -3.172333e-01 -3.372903e-02 9.477475e-01 1.239616e+02
9.458908e-01 6.526536e-02 3.178537e-01 2.003811e+02 -7.258264e-02 9.972993e-01 1.121949e-02 -2.459075e+01 -3.162630e-01 -3.368307e-02 9.480734e-01 1.248622e+02
9.455562e-01 6.467352e-02 3.189683e-01 2.006560e+02 -7.156142e-02 9.973870e-01 9.909529e-03 -2.459719e+01 -3.174940e-01 -3.219584e-02 9.477136e-01 1.257524e+02
9.459662e-01 6.476499e-02 3.177317e-01 2.009379e+02 -7.155565e-02 9.973891e-01 9.735667e-03 -2.460117e+01 -3.162716e-01 -3.194511e-02 9.481307e-01 1.266446e+02
9.464463e-01 6.354347e-02 3.165463e-01 2.012237e+02 -7.073974e-02 9.974310e-01 1.128158e-02 -2.460945e+01 -3.150162e-01 -3.306982e-02 9.485100e-01 1.275446e+02
9.469859e-01 6.218294e-02 3.151998e-01 2.015030e+02 -6.966060e-02 9.974924e-01 1.250187e-02 -2.461653e+01 -3.136320e-01 -3.379610e-02 9.489430e-01 1.284190e+02
9.474408e-01 6.221003e-02 3.138246e-01 2.017819e+02 -6.976042e-02 9.974807e-01 1.287522e-02 -2.461478e+01 -3.122330e-01 -3.409104e-02 9.493937e-01 1.293167e+02
9.480501e-01 6.155790e-02 3.121085e-01 2.020595e+02 -6.902571e-02 9.975312e-01 1.292469e-02 -2.462180e+01 -3.105423e-01 -3.379676e-02 9.499585e-01 1.301845e+02
9.487654e-01 5.966516e-02 3.102970e-01 2.023342e+02 -6.705860e-02 9.976617e-01 1.320424e-02 -2.462610e+01 -3.087836e-01 -3.333581e-02 9.505480e-01 1.310430e+02
9.493537e-01 6.023409e-02 3.083820e-01 2.026047e+02 -6.745765e-02 9.976399e-01 1.280629e-02 -2.463601e+01 -3.068829e-01 -3.296043e-02 9.511764e-01 1.318923e+02
9.498556e-01 5.996692e-02 3.068850e-01 2.028634e+02 -6.699568e-02 9.976761e-01 1.241071e-02 -2.464298e+01 -3.054276e-01 -3.234835e-02 9.516657e-01 1.327461e+02
9.505981e-01 5.819452e-02 3.049208e-01 2.031325e+02 -6.558193e-02 9.977485e-01 1.403170e-02 -2.465055e+01 -3.034177e-01 -3.333579e-02 9.522744e-01 1.335911e+02
9.506878e-01 5.602830e-02 3.050468e-01 2.033940e+02 -6.433966e-02 9.977789e-01 1.725333e-02 -2.465389e+01 -3.034026e-01 -3.602913e-02 9.521811e-01 1.344292e+02
9.513324e-01 5.612227e-02 3.030132e-01 2.036538e+02 -6.529733e-02 9.976609e-01 2.022510e-02 -2.466079e+01 -3.011694e-01 -3.902674e-02 9.527717e-01 1.352681e+02
9.521172e-01 5.549438e-02 3.006548e-01 2.039029e+02 -6.397771e-02 9.977810e-01 1.843654e-02 -2.466704e+01 -2.989645e-01 -3.678895e-02 9.535548e-01 1.360747e+02
9.528674e-01 5.785982e-02 2.978185e-01 2.041541e+02 -6.498954e-02 9.977865e-01 1.408462e-02 -2.467254e+01 -2.963444e-01 -3.277586e-02 9.545186e-01 1.368782e+02
9.534550e-01 6.018784e-02 2.954673e-01 2.043817e+02 -6.623999e-02 9.977484e-01 1.050721e-02 -2.467359e+01 -2.941697e-01 -2.958990e-02 9.552951e-01 1.376511e+02
9.541197e-01 6.092454e-02 2.931617e-01 2.046093e+02 -6.675036e-02 9.977206e-01 9.899544e-03 -2.467809e+01 -2.918903e-01 -2.901400e-02 9.560116e-01 1.384164e+02
9.548269e-01 6.088396e-02 2.908586e-01 2.048262e+02 -6.708175e-02 9.976826e-01 1.137525e-02 -2.468419e+01 -2.894920e-01 -3.037270e-02 9.566984e-01 1.391511e+02
9.557897e-01 5.984771e-02 2.878962e-01 2.050420e+02 -6.692219e-02 9.976486e-01 1.478503e-02 -2.469598e+01 -2.863344e-01 -3.339803e-02 9.575475e-01 1.398973e+02
9.569641e-01 5.836960e-02 2.842758e-01 2.052250e+02 -6.623890e-02 9.976389e-01 1.813894e-02 -2.470152e+01 -2.825458e-01 -3.618843e-02 9.585709e-01 1.405894e+02
9.580959e-01 5.874593e-02 2.803590e-01 2.054048e+02 -6.732589e-02 9.975087e-01 2.106257e-02 -2.470728e+01 -2.784232e-01 -3.905538e-02 9.596641e-01 1.412699e+02
9.585160e-01 5.678660e-02 2.793249e-01 2.055847e+02 -6.520929e-02 9.976517e-01 2.094654e-02 -2.470900e+01 -2.774795e-01 -3.829217e-02 9.599681e-01 1.419289e+02
9.593631e-01 5.928376e-02 2.758765e-01 2.057427e+02 -6.728550e-02 9.975408e-01 1.962205e-02 -2.471101e+01 -2.740348e-01 -3.738716e-02 9.609928e-01 1.425477e+02
9.601438e-01 6.048216e-02 2.728842e-01 2.059112e+02 -6.798977e-02 9.975213e-01 1.813121e-02 -2.470895e+01 -2.711112e-01 -3.596191e-02 9.618760e-01 1.431594e+02
9.604025e-01 6.344448e-02 2.712966e-01 2.060640e+02 -7.032732e-02 9.974002e-01 1.571341e-02 -2.471399e+01 -2.695944e-01 -3.417076e-02 9.623675e-01 1.437318e+02
9.603444e-01 6.423988e-02 2.713152e-01 2.062071e+02 -7.093621e-02 9.973690e-01 1.493582e-02 -2.471944e+01 -2.696419e-01 -3.358960e-02 9.623747e-01 1.442931e+02
9.607653e-01 6.547478e-02 2.695237e-01 2.063547e+02 -7.184837e-02 9.973195e-01 1.383977e-02 -2.472750e+01 -2.678951e-01 -3.266161e-02 9.628943e-01 1.448299e+02
9.611560e-01 6.612728e-02 2.679672e-01 2.064972e+02 -7.171249e-02 9.973636e-01 1.109813e-02 -2.473056e+01 -2.665268e-01 -2.988363e-02 9.633641e-01 1.453561e+02
9.613008e-01 6.653337e-02 2.673464e-01 2.066352e+02 -7.150126e-02 9.974010e-01 8.879006e-03 -2.473282e+01 -2.660608e-01 -2.765100e-02 9.635596e-01 1.458550e+02
9.613942e-01 6.750898e-02 2.667654e-01 2.067643e+02 -7.267567e-02 9.973101e-01 9.531140e-03 -2.473790e+01 -2.654044e-01 -2.855054e-02 9.637144e-01 1.463497e+02
9.618098e-01 6.847640e-02 2.650148e-01 2.068902e+02 -7.393291e-02 9.972063e-01 1.065715e-02 -2.474050e+01 -2.635447e-01 -2.984347e-02 9.641854e-01 1.468211e+02
9.619811e-01 6.631953e-02 2.649418e-01 2.070198e+02 -7.163007e-02 9.973768e-01 1.042195e-02 -2.474417e+01 -2.635556e-01 -2.900352e-02 9.642081e-01 1.472919e+02
9.632961e-01 6.462616e-02 2.605456e-01 2.071555e+02 -6.968306e-02 9.975169e-01 1.020832e-02 -2.475133e+01 -2.592389e-01 -2.798925e-02 9.654076e-01 1.477683e+02
9.652389e-01 6.268105e-02 2.537417e-01 2.072738e+02 -6.758182e-02 9.976571e-01 1.063448e-02 -2.475400e+01 -2.524806e-01 -2.741314e-02 9.672135e-01 1.482282e+02
9.680739e-01 5.978728e-02 2.434306e-01 2.073828e+02 -6.459654e-02 9.978415e-01 1.181442e-02 -2.476087e+01 -2.421988e-01 -2.716201e-02 9.698464e-01 1.486864e+02
9.714453e-01 5.969005e-02 2.296326e-01 2.074666e+02 -6.423697e-02 9.978580e-01 1.236982e-02 -2.476101e+01 -2.284023e-01 -2.676751e-02 9.731988e-01 1.491277e+02
9.754801e-01 5.965728e-02 2.118480e-01 2.075190e+02 -6.374238e-02 9.978881e-01 1.250014e-02 -2.476810e+01 -2.106549e-01 -2.569733e-02 9.772227e-01 1.495139e+02
9.799326e-01 6.099413e-02 1.897678e-01 2.075818e+02 -6.469306e-02 9.978159e-01 1.335280e-02 -2.476937e+01 -1.885389e-01 -2.536150e-02 9.817382e-01 1.499702e+02
9.845821e-01 6.170391e-02 1.636785e-01 2.076336e+02 -6.510553e-02 9.977581e-01 1.549483e-02 -2.477126e+01 -1.623554e-01 -2.591231e-02 9.863920e-01 1.503857e+02
9.889537e-01 6.260783e-02 1.343533e-01 2.076675e+02 -6.575105e-02 9.976536e-01 1.908267e-02 -2.476774e+01 -1.328434e-01 -2.770575e-02 9.907497e-01 1.508256e+02
9.928705e-01 6.334321e-02 1.009741e-01 2.076807e+02 -6.601556e-02 9.975455e-01 2.334433e-02 -2.476341e+01 -9.924755e-02 -2.984376e-02 9.946151e-01 1.512584e+02
9.956472e-01 6.385145e-02 6.789370e-02 2.076738e+02 -6.585458e-02 9.974451e-01 2.768475e-02 -2.475678e+01 -6.595253e-02 -3.203536e-02 9.973084e-01 1.516805e+02
9.973605e-01 6.648190e-02 2.919213e-02 2.076472e+02 -6.741864e-02 9.971995e-01 3.237058e-02 -2.475222e+01 -2.695832e-02 -3.425324e-02 9.990495e-01 1.520955e+02
9.973100e-01 7.216176e-02 -1.286426e-02 2.075996e+02 -7.164882e-02 9.967560e-01 3.665891e-02 -2.473971e+01 1.546790e-02 -3.563859e-02 9.992450e-01 1.525039e+02
9.954377e-01 7.656047e-02 -5.694183e-02 2.075364e+02 -7.433305e-02 9.964204e-01 4.026042e-02 -2.472080e+01 5.982036e-02 -3.584408e-02 9.975654e-01 1.529006e+02
9.912409e-01 8.251980e-02 -1.031118e-01 2.074667e+02 -7.820618e-02 9.959117e-01 4.520606e-02 -2.470809e+01 1.064207e-01 -3.674611e-02 9.936420e-01 1.532773e+02
9.848246e-01 8.499242e-02 -1.513168e-01 2.073711e+02 -7.794303e-02 9.956042e-01 5.193465e-02 -2.468341e+01 1.550657e-01 -3.935243e-02 9.871201e-01 1.536679e+02
9.755751e-01 8.692504e-02 -2.017355e-01 2.072791e+02 -7.657265e-02 9.953416e-01 5.858039e-02 -2.465205e+01 2.058879e-01 -4.170215e-02 9.776866e-01 1.540168e+02
9.631169e-01 8.830430e-02 -2.541816e-01 2.072094e+02 -7.382588e-02 9.950870e-01 6.596667e-02 -2.463063e+01 2.587579e-01 -4.476843e-02 9.649042e-01 1.543098e+02
9.475639e-01 8.887741e-02 -3.069584e-01 2.070635e+02 -6.959271e-02 9.948839e-01 7.323196e-02 -2.460475e+01 3.118966e-01 -4.802990e-02 9.489013e-01 1.546598e+02
9.290437e-01 9.173473e-02 -3.584166e-01 2.068986e+02 -6.702697e-02 9.944748e-01 8.079115e-02 -2.458097e+01 3.638476e-01 -5.103493e-02 9.300593e-01 1.549932e+02
9.078891e-01 9.576317e-02 -4.081258e-01 2.067244e+02 -6.580926e-02 9.940454e-01 8.684927e-02 -2.456685e+01 4.140126e-01 -5.199105e-02 9.087852e-01 1.552915e+02
8.821130e-01 9.615157e-02 -4.611198e-01 2.065223e+02 -6.128197e-02 9.940504e-01 9.004575e-02 -2.452450e+01 4.670344e-01 -5.117219e-02 8.827572e-01 1.555994e+02
8.483515e-01 1.043315e-01 -5.190517e-01 2.063523e+02 -6.134558e-02 9.931584e-01 9.936402e-02 -2.453015e+01 5.258674e-01 -5.245409e-02 8.489476e-01 1.559350e+02
8.127241e-01 1.066150e-01 -5.728113e-01 2.061472e+02 -5.814986e-02 9.930497e-01 1.023273e-01 -2.449439e+01 5.797398e-01 -4.985498e-02 8.132750e-01 1.562331e+02
7.769531e-01 1.062646e-01 -6.205254e-01 2.058929e+02 -5.011825e-02 9.929635e-01 1.072919e-01 -2.446046e+01 6.275604e-01 -5.226113e-02 7.768119e-01 1.564955e+02
7.382449e-01 1.064297e-01 -6.660835e-01 2.056128e+02 -4.211380e-02 9.928198e-01 1.119608e-01 -2.441479e+01 6.732169e-01 -5.460315e-02 7.374263e-01 1.567574e+02
6.978003e-01 1.074405e-01 -7.081887e-01 2.053272e+02 -3.473170e-02 9.925989e-01 1.163666e-01 -2.437524e+01 7.154498e-01 -5.660405e-02 6.963674e-01 1.569808e+02
6.550892e-01 1.090677e-01 -7.476379e-01 2.050348e+02 -2.744576e-02 9.923080e-01 1.207126e-01 -2.434023e+01 7.550529e-01 -5.855805e-02 6.530437e-01 1.571776e+02
6.096772e-01 1.104347e-01 -7.849190e-01 2.047152e+02 -1.747750e-02 9.918791e-01 1.259776e-01 -2.430360e+01 7.924571e-01 -6.308726e-02 6.066562e-01 1.573811e+02
5.628739e-01 1.140974e-01 -8.186298e-01 2.043946e+02 -1.321583e-02 9.915422e-01 1.291103e-01 -2.426733e+01 8.264372e-01 -6.185397e-02 5.596211e-01 1.575468e+02
5.171169e-01 1.155178e-01 -8.480836e-01 2.040566e+02 -1.204033e-02 9.917342e-01 1.277430e-01 -2.422365e+01 8.558301e-01 -5.584686e-02 5.142334e-01 1.576949e+02
4.676005e-01 1.178894e-01 -8.760433e-01 2.037669e+02 -1.180315e-02 9.918109e-01 1.271682e-01 -2.419953e+01 8.838611e-01 -4.912383e-02 4.651627e-01 1.578183e+02
4.180699e-01 1.172785e-01 -9.008126e-01 2.034116e+02 -8.120659e-03 9.920741e-01 1.253912e-01 -2.415665e+01 9.083786e-01 -4.510711e-02 4.157087e-01 1.579346e+02
3.698967e-01 1.168026e-01 -9.217014e-01 2.030507e+02 -4.067403e-03 9.922599e-01 1.241118e-01 -2.411065e+01 9.290640e-01 -4.215963e-02 3.675088e-01 1.580332e+02
3.235182e-01 1.159620e-01 -9.390894e-01 2.026632e+02 -6.860597e-04 9.924905e-01 1.223198e-01 -2.406775e+01 9.462217e-01 -3.892840e-02 3.211683e-01 1.581430e+02
2.808044e-01 1.160254e-01 -9.527261e-01 2.023389e+02 1.560460e-03 9.926095e-01 1.213424e-01 -2.404637e+01 9.597638e-01 -3.556016e-02 2.785480e-01 1.582161e+02
2.428570e-01 1.157328e-01 -9.631336e-01 2.019606e+02 2.746764e-03 9.927717e-01 1.199868e-01 -2.400939e+01 9.700582e-01 -3.178513e-02 2.407837e-01 1.582642e+02
2.091867e-01 1.136440e-01 -9.712497e-01 2.015891e+02 9.012273e-03 9.929578e-01 1.181251e-01 -2.396998e+01 9.778342e-01 -3.346337e-02 2.066894e-01 1.583205e+02
1.799228e-01 1.126755e-01 -9.772062e-01 2.012276e+02 2.052133e-02 9.927719e-01 1.182487e-01 -2.393113e+01 9.834667e-01 -4.132921e-02 1.763100e-01 1.583891e+02
1.556901e-01 1.141856e-01 -9.811841e-01 2.008965e+02 2.946659e-02 9.923175e-01 1.201569e-01 -2.390541e+01 9.873663e-01 -4.761939e-02 1.511294e-01 1.584409e+02
1.352452e-01 1.156432e-01 -9.840403e-01 2.004435e+02 2.546067e-02 9.924318e-01 1.201286e-01 -2.385271e+01 9.904850e-01 -4.130115e-02 1.312773e-01 1.584793e+02
1.157685e-01 1.186746e-01 -9.861612e-01 2.000167e+02 2.326764e-02 9.922404e-01 1.221376e-01 -2.381242e+01 9.930037e-01 -3.708532e-02 1.121089e-01 1.584943e+02
1.008426e-01 1.221005e-01 -9.873815e-01 1.995757e+02 2.113327e-02 9.919538e-01 1.248242e-01 -2.378495e+01 9.946779e-01 -3.345420e-02 9.745077e-02 1.585241e+02
8.712413e-02 1.211991e-01 -9.887973e-01 1.991190e+02 2.352658e-02 9.920445e-01 1.236701e-01 -2.373795e+01 9.959196e-01 -3.403767e-02 8.357961e-02 1.585530e+02
7.152943e-02 1.160433e-01 -9.906652e-01 1.986600e+02 2.955571e-02 9.925266e-01 1.183953e-01 -2.368149e+01 9.970005e-01 -3.774856e-02 6.756512e-02 1.585814e+02
5.514426e-02 1.104510e-01 -9.923506e-01 1.981754e+02 3.402464e-02 9.930778e-01 1.124226e-01 -2.362208e+01 9.978985e-01 -3.996383e-02 5.100449e-02 1.586072e+02
3.752726e-02 1.076234e-01 -9.934832e-01 1.976360e+02 3.935353e-02 9.932531e-01 1.090850e-01 -2.355084e+01 9.985204e-01 -4.319074e-02 3.303871e-02 1.586276e+02
2.169186e-02 1.094111e-01 -9.937599e-01 1.971108e+02 4.163713e-02 9.930325e-01 1.102399e-01 -2.350015e+01 9.988973e-01 -4.376862e-02 1.698516e-02 1.586250e+02
6.537788e-03 1.128645e-01 -9.935889e-01 1.965500e+02 3.897758e-02 9.928263e-01 1.130344e-01 -2.344526e+01 9.992187e-01 -3.946669e-02 2.091702e-03 1.586132e+02
-7.960406e-03 1.153193e-01 -9.932966e-01 1.959666e+02 3.472927e-02 9.927607e-01 1.149788e-01 -2.339025e+01 9.993651e-01 -3.358119e-02 -1.190773e-02 1.585856e+02
-1.750502e-02 1.153306e-01 -9.931729e-01 1.953886e+02 3.209795e-02 9.928779e-01 1.147306e-01 -2.333150e+01 9.993314e-01 -2.987045e-02 -2.108223e-02 1.585593e+02
-2.562830e-02 1.150788e-01 -9.930257e-01 1.947641e+02 3.077140e-02 9.929721e-01 1.142785e-01 -2.325989e+01 9.991978e-01 -2.762803e-02 -2.898933e-02 1.585383e+02
-3.048132e-02 1.153582e-01 -9.928562e-01 1.941361e+02 2.992937e-02 9.929777e-01 1.144534e-01 -2.318949e+01 9.990871e-01 -2.622687e-02 -3.371987e-02 1.585060e+02
-3.457168e-02 1.160353e-01 -9.926432e-01 1.934942e+02 2.744482e-02 9.929726e-01 1.151180e-01 -2.312125e+01 9.990253e-01 -2.326309e-02 -3.751330e-02 1.584762e+02
-3.744974e-02 1.159409e-01 -9.925499e-01 1.927906e+02 2.387511e-02 9.930669e-01 1.151005e-01 -2.303550e+01 9.990133e-01 -1.938676e-02 -3.995820e-02 1.584549e+02
-3.861059e-02 1.151221e-01 -9.926007e-01 1.920830e+02 1.892766e-02 9.932474e-01 1.144608e-01 -2.295568e+01 9.990751e-01 -1.436821e-02 -4.052886e-02 1.584149e+02
-3.774689e-02 1.145241e-01 -9.927031e-01 1.913916e+02 1.248938e-02 9.933875e-01 1.141281e-01 -2.288328e+01 9.992093e-01 -8.090263e-03 -3.892762e-02 1.583747e+02
-3.271443e-02 1.142978e-01 -9.929077e-01 1.906823e+02 6.086152e-03 9.934438e-01 1.141590e-01 -2.280328e+01 9.994462e-01 -2.308341e-03 -3.319558e-02 1.583416e+02
-2.523934e-02 1.143556e-01 -9.931192e-01 1.899432e+02 2.621496e-04 9.934364e-01 1.143854e-01 -2.271901e+01 9.996814e-01 2.626668e-03 -2.510366e-02 1.583250e+02
-1.621659e-02 1.150646e-01 -9.932256e-01 1.891923e+02 -3.159233e-03 9.933454e-01 1.151301e-01 -2.263742e+01 9.998635e-01 5.004848e-03 -1.574516e-02 1.583086e+02
-8.854903e-03 1.166852e-01 -9.931295e-01 1.884295e+02 -3.754027e-03 9.931575e-01 1.167220e-01 -2.255935e+01 9.999537e-01 4.761797e-03 -8.356274e-03 1.582977e+02
2.087760e-04 1.163728e-01 -9.932056e-01 1.876327e+02 -7.807055e-03 9.931755e-01 1.163677e-01 -2.246672e+01 9.999695e-01 7.729716e-03 1.115880e-03 1.583028e+02
9.539722e-03 1.167606e-01 -9.931143e-01 1.868307e+02 -1.202541e-02 9.931010e-01 1.166436e-01 -2.238214e+01 9.998822e-01 1.082986e-02 1.087800e-02 1.583116e+02
1.927896e-02 1.160613e-01 -9.930549e-01 1.859921e+02 -1.561594e-02 9.931533e-01 1.157697e-01 -2.228312e+01 9.996922e-01 1.327557e-02 2.095937e-02 1.583401e+02
2.896477e-02 1.165703e-01 -9.927600e-01 1.851103e+02 -1.949653e-02 9.930536e-01 1.160359e-01 -2.217441e+01 9.993903e-01 1.599442e-02 3.103629e-02 1.583920e+02
3.923804e-02 1.181295e-01 -9.922227e-01 1.842442e+02 -2.164723e-02 9.928548e-01 1.173487e-01 -2.208692e+01 9.989954e-01 1.687433e-02 4.151485e-02 1.584330e+02
4.942570e-02 1.202435e-01 -9.915133e-01 1.833699e+02 -2.437708e-02 9.925761e-01 1.191572e-01 -2.199225e+01 9.984803e-01 1.828077e-02 5.198995e-02 1.584669e+02
5.884809e-02 1.223783e-01 -9.907373e-01 1.824723e+02 -2.609615e-02 9.923067e-01 1.210221e-01 -2.189148e+01 9.979258e-01 1.873251e-02 6.158896e-02 1.585291e+02
6.693057e-02 1.243096e-01 -9.899835e-01 1.815694e+02 -2.728860e-02 9.920653e-01 1.227261e-01 -2.180356e+01 9.973844e-01 1.880114e-02 6.979173e-02 1.586056e+02
7.537514e-02 1.256138e-01 -9.892117e-01 1.806814e+02 -2.825670e-02 9.919045e-01 1.238027e-01 -2.170679e+01 9.967548e-01 1.862022e-02 7.831437e-02 1.586701e+02
8.127455e-02 1.241747e-01 -9.889262e-01 1.798163e+02 -2.799070e-02 9.921017e-01 1.222731e-01 -2.160338e+01 9.962986e-01 1.774305e-02 8.410836e-02 1.587539e+02
8.724970e-02 1.239613e-01 -9.884438e-01 1.789117e+02 -2.734505e-02 9.921518e-01 1.220126e-01 -2.150479e+01 9.958111e-01 1.638349e-02 8.995467e-02 1.588374e+02
9.125271e-02 1.236071e-01 -9.881266e-01 1.780175e+02 -2.549865e-02 9.922313e-01 1.217658e-01 -2.142180e+01 9.955013e-01 1.408444e-02 9.369560e-02 1.589259e+02
9.356299e-02 1.227968e-01 -9.880116e-01 1.771100e+02 -2.526780e-02 9.923380e-01 1.209417e-01 -2.132341e+01 9.952927e-01 1.364921e-02 9.594891e-02 1.590148e+02
9.497061e-02 1.224626e-01 -9.879188e-01 1.762211e+02 -2.565810e-02 9.923758e-01 1.205486e-01 -2.122715e+01 9.951494e-01 1.389955e-02 9.738869e-02 1.590964e+02
9.575755e-02 1.220936e-01 -9.878885e-01 1.753144e+02 -2.652325e-02 9.924097e-01 1.200815e-01 -2.113196e+01 9.950513e-01 1.470331e-02 9.826904e-02 1.591864e+02
9.702378e-02 1.212454e-01 -9.878694e-01 1.744308e+02 -2.726708e-02 9.925034e-01 1.191362e-01 -2.103643e+01 9.949085e-01 1.537727e-02 9.960244e-02 1.592595e+02
9.762078e-02 1.211298e-01 -9.878248e-01 1.735285e+02 -2.871121e-02 9.924952e-01 1.188652e-01 -2.093826e+01 9.948095e-01 1.675793e-02 1.003659e-01 1.593524e+02
9.849222e-02 1.207850e-01 -9.877805e-01 1.726178e+02 -3.025716e-02 9.925113e-01 1.183466e-01 -2.083498e+01 9.946777e-01 1.823121e-02 1.014093e-01 1.594437e+02
9.895943e-02 1.209717e-01 -9.877109e-01 1.717138e+02 -3.099717e-02 9.924761e-01 1.184497e-01 -2.073600e+01 9.946086e-01 1.889453e-02 1.019646e-01 1.595306e+02
9.792230e-02 1.200721e-01 -9.879240e-01 1.708507e+02 -2.901809e-02 9.926173e-01 1.177663e-01 -2.063991e+01 9.947709e-01 1.713572e-02 1.006836e-01 1.596164e+02
9.737049e-02 1.203836e-01 -9.879407e-01 1.699650e+02 -3.170774e-02 9.925289e-01 1.178176e-01 -2.054702e+01 9.947430e-01 1.985340e-02 1.004601e-01 1.596911e+02
9.693991e-02 1.202495e-01 -9.879993e-01 1.690700e+02 -3.259746e-02 9.925257e-01 1.176020e-01 -2.045508e+01 9.947563e-01 2.080594e-02 1.001352e-01 1.597717e+02
9.630998e-02 1.183233e-01 -9.882935e-01 1.681809e+02 -3.113604e-02 9.927813e-01 1.158264e-01 -2.036645e+01 9.948643e-01 1.961631e-02 9.929887e-02 1.598565e+02
9.462021e-02 1.170982e-01 -9.886026e-01 1.672866e+02 -3.307502e-02 9.928795e-01 1.144391e-01 -2.027437e+01 9.949638e-01 2.186980e-02 9.781949e-02 1.599465e+02
9.368265e-02 1.184374e-01 -9.885323e-01 1.663506e+02 -3.638823e-02 9.926429e-01 1.154814e-01 -2.016643e+01 9.949369e-01 2.515235e-02 9.730315e-02 1.600570e+02
9.240185e-02 1.220285e-01 -9.882160e-01 1.654377e+02 -3.708613e-02 9.921951e-01 1.190522e-01 -2.007487e+01 9.950309e-01 2.564847e-02 9.620623e-02 1.601386e+02
9.155586e-02 1.243948e-01 -9.879997e-01 1.645372e+02 -3.729571e-02 9.918991e-01 1.214297e-01 -1.998386e+01 9.951013e-01 2.573055e-02 9.545357e-02 1.602223e+02
9.085713e-02 1.241332e-01 -9.880971e-01 1.636466e+02 -3.834640e-02 9.919012e-01 1.210851e-01 -1.989849e+01 9.951254e-01 2.688852e-02 9.488135e-02 1.603129e+02
9.050533e-02 1.231813e-01 -9.882485e-01 1.627590e+02 -3.934462e-02 9.919886e-01 1.200443e-01 -1.980246e+01 9.951185e-01 2.801762e-02 9.462678e-02 1.603946e+02
9.191954e-02 1.194915e-01 -9.885710e-01 1.618976e+02 -3.761988e-02 9.924819e-01 1.164662e-01 -1.971541e+01 9.950555e-01 2.648440e-02 9.572373e-02 1.604597e+02
9.255640e-02 1.196895e-01 -9.884876e-01 1.610010e+02 -3.803758e-02 9.924494e-01 1.166076e-01 -1.962109e+01 9.949806e-01 2.680690e-02 9.641024e-02 1.605564e+02
9.381708e-02 1.206715e-01 -9.882493e-01 1.600837e+02 -3.937844e-02 9.923004e-01 1.174278e-01 -1.952097e+01 9.948104e-01 2.789898e-02 9.784658e-02 1.606435e+02
9.540742e-02 1.211625e-01 -9.880370e-01 1.592170e+02 -4.107508e-02 9.921986e-01 1.177066e-01 -1.944071e+01 9.945905e-01 2.935362e-02 9.963987e-02 1.607485e+02
9.663125e-02 1.208993e-01 -9.879503e-01 1.583498e+02 -4.176117e-02 9.922138e-01 1.173364e-01 -1.935233e+01 9.944438e-01 2.991960e-02 1.009278e-01 1.608203e+02
9.757601e-02 1.199395e-01 -9.879744e-01 1.574431e+02 -4.137053e-02 9.923423e-01 1.163838e-01 -1.926478e+01 9.943678e-01 2.951676e-02 1.017908e-01 1.609208e+02
9.778353e-02 1.189912e-01 -9.880686e-01 1.565472e+02 -4.180250e-02 9.924413e-01 1.153808e-01 -1.917091e+01 9.943294e-01 3.002140e-02 1.020186e-01 1.610289e+02
9.800905e-02 1.185807e-01 -9.880956e-01 1.556447e+02 -4.296185e-02 9.924543e-01 1.148424e-01 -1.907713e+01 9.942578e-01 3.119482e-02 1.023639e-01 1.611144e+02
9.833322e-02 1.184056e-01 -9.880844e-01 1.547524e+02 -4.408387e-02 9.924400e-01 1.145404e-01 -1.898455e+01 9.941766e-01 3.229546e-02 1.028096e-01 1.612091e+02
9.871436e-02 1.184816e-01 -9.880372e-01 1.538478e+02 -4.433176e-02 9.924245e-01 1.145785e-01 -1.889221e+01 9.941278e-01 3.249089e-02 1.032190e-01 1.613051e+02
1.089305e-01 1.216993e-01 -9.865715e-01 1.529705e+02 -4.204320e-02 9.921534e-01 1.177457e-01 -1.881014e+01 9.931599e-01 2.865252e-02 1.131924e-01 1.613943e+02
1.090985e-01 1.228996e-01 -9.864042e-01 1.520757e+02 -4.241021e-02 9.919994e-01 1.189060e-01 -1.872541e+01 9.931258e-01 2.886114e-02 1.134378e-01 1.615035e+02
1.096273e-01 1.229830e-01 -9.863351e-01 1.511808e+02 -4.247248e-02 9.919893e-01 1.189674e-01 -1.862700e+01 9.930649e-01 2.885003e-02 1.139725e-01 1.616035e+02
1.098010e-01 1.227514e-01 -9.863447e-01 1.503000e+02 -4.278551e-02 9.920087e-01 1.186934e-01 -1.853890e+01 9.930323e-01 2.916860e-02 1.141756e-01 1.617021e+02
1.101529e-01 1.205373e-01 -9.865785e-01 1.494180e+02 -4.185855e-02 9.923008e-01 1.165629e-01 -1.844462e+01 9.930328e-01 2.845700e-02 1.143503e-01 1.618045e+02
1.103612e-01 1.179536e-01 -9.868674e-01 1.485392e+02 -4.225006e-02 9.925919e-01 1.139130e-01 -1.835255e+01 9.929931e-01 2.912363e-02 1.145272e-01 1.619062e+02
1.109529e-01 1.169036e-01 -9.869260e-01 1.476608e+02 -4.288720e-02 9.926956e-01 1.127655e-01 -1.826244e+01 9.928999e-01 2.981483e-02 1.151562e-01 1.620033e+02
1.113680e-01 1.169514e-01 -9.868736e-01 1.467693e+02 -4.398410e-02 9.926581e-01 1.126733e-01 -1.818068e+01 9.928054e-01 3.085854e-02 1.156944e-01 1.621031e+02
1.124167e-01 1.174004e-01 -9.867014e-01 1.458806e+02 -4.319936e-02 9.926344e-01 1.131846e-01 -1.809110e+01 9.927217e-01 2.990104e-02 1.166603e-01 1.622098e+02
1.136906e-01 1.174894e-01 -9.865448e-01 1.449886e+02 -4.264066e-02 9.926452e-01 1.133019e-01 -1.800088e+01 9.926007e-01 2.918556e-02 1.178643e-01 1.622983e+02
1.329141e-01 1.244937e-01 -9.832778e-01 1.440441e+02 -4.189080e-02 9.918990e-01 1.199226e-01 -1.790373e+01 9.902419e-01 2.525089e-02 1.370525e-01 1.624055e+02
1.342372e-01 1.245004e-01 -9.830972e-01 1.431405e+02 -4.193999e-02 9.919011e-01 1.198887e-01 -1.780290e+01 9.900613e-01 2.513756e-02 1.383716e-01 1.625176e+02
1.358214e-01 1.255526e-01 -9.827457e-01 1.422259e+02 -3.805010e-02 9.918669e-01 1.214591e-01 -1.770583e+01 9.900024e-01 2.089682e-02 1.394941e-01 1.626433e+02
1.368721e-01 1.276328e-01 -9.823319e-01 1.413179e+02 -3.572026e-02 9.916557e-01 1.238672e-01 -1.760871e+01 9.899445e-01 1.813518e-02 1.402891e-01 1.627954e+02
1.367503e-01 1.279763e-01 -9.823041e-01 1.403408e+02 -4.028423e-02 9.915180e-01 1.235686e-01 -1.749843e+01 9.897861e-01 2.267332e-02 1.407458e-01 1.629554e+02
1.374691e-01 1.247196e-01 -9.826226e-01 1.394108e+02 -3.966601e-02 9.919384e-01 1.203528e-01 -1.739529e+01 9.897115e-01 2.243194e-02 1.413080e-01 1.630912e+02
1.373728e-01 1.205151e-01 -9.831606e-01 1.384111e+02 -4.030744e-02 9.924288e-01 1.160192e-01 -1.727372e+01 9.896990e-01 2.369081e-02 1.411903e-01 1.632775e+02
1.373220e-01 1.203925e-01 -9.831828e-01 1.375211e+02 -4.420036e-02 9.923421e-01 1.153405e-01 -1.715633e+01 9.895398e-01 2.761824e-02 1.415918e-01 1.634078e+02
1.360758e-01 1.207759e-01 -9.833090e-01 1.365863e+02 -4.565391e-02 9.922512e-01 1.155564e-01 -1.706697e+01 9.896460e-01 2.916749e-02 1.405352e-01 1.635424e+02
1.341097e-01 1.215717e-01 -9.834810e-01 1.356695e+02 -4.504823e-02 9.921682e-01 1.165026e-01 -1.697060e+01 9.899420e-01 2.867994e-02 1.385359e-01 1.636745e+02
1.415148e-01 1.307471e-01 -9.812638e-01 1.347730e+02 -4.096755e-02 9.911639e-01 1.261580e-01 -1.688291e+01 9.890881e-01 2.234674e-02 1.456208e-01 1.637846e+02
1.370913e-01 1.303225e-01 -9.819481e-01 1.337843e+02 -3.924947e-02 9.912438e-01 1.260765e-01 -1.676390e+01 9.897805e-01 2.125694e-02 1.410060e-01 1.639685e+02
1.319958e-01 1.303035e-01 -9.826485e-01 1.328493e+02 -3.925196e-02 9.912319e-01 1.261691e-01 -1.665465e+01 9.904728e-01 2.191709e-02 1.359531e-01 1.641089e+02
1.269767e-01 1.301511e-01 -9.833299e-01 1.318882e+02 -3.904258e-02 9.912417e-01 1.261568e-01 -1.654555e+01 9.911370e-01 2.237276e-02 1.309461e-01 1.642361e+02
1.218155e-01 1.309924e-01 -9.838709e-01 1.309370e+02 -3.892122e-02 9.911210e-01 1.271387e-01 -1.642978e+01 9.917894e-01 2.280599e-02 1.258323e-01 1.643423e+02
1.167196e-01 1.320974e-01 -9.843408e-01 1.299636e+02 -3.947762e-02 9.909490e-01 1.283031e-01 -1.631640e+01 9.923800e-01 2.388395e-02 1.208780e-01 1.644443e+02
1.119572e-01 1.321440e-01 -9.848876e-01 1.289803e+02 -4.140055e-02 9.908784e-01 1.282416e-01 -1.620381e+01 9.928502e-01 2.641731e-02 1.164069e-01 1.645407e+02
1.090168e-01 1.293247e-01 -9.855914e-01 1.280024e+02 -4.122659e-02 9.912360e-01 1.255053e-01 -1.608983e+01 9.931846e-01 2.695038e-02 1.133930e-01 1.646454e+02
1.069431e-01 1.259741e-01 -9.862524e-01 1.270446e+02 -4.197918e-02 9.916286e-01 1.221088e-01 -1.598673e+01 9.933785e-01 2.834337e-02 1.113361e-01 1.647459e+02
1.061476e-01 1.229365e-01 -9.867215e-01 1.260718e+02 -4.215126e-02 9.919921e-01 1.190587e-01 -1.587299e+01 9.934566e-01 2.895376e-02 1.104795e-01 1.648435e+02
1.069469e-01 1.262777e-01 -9.862131e-01 1.250465e+02 -3.997348e-02 9.916461e-01 1.226386e-01 -1.576427e+01 9.934609e-01 2.630656e-02 1.111012e-01 1.649564e+02
1.062145e-01 1.268891e-01 -9.862138e-01 1.240710e+02 -3.548578e-02 9.916762e-01 1.237701e-01 -1.567031e+01 9.937098e-01 2.185039e-02 1.098332e-01 1.650650e+02
1.049515e-01 1.292481e-01 -9.860426e-01 1.230677e+02 -3.365495e-02 9.914121e-01 1.263698e-01 -1.556284e+01 9.939077e-01 1.992252e-02 1.084000e-01 1.651900e+02
1.038787e-01 1.322807e-01 -9.857541e-01 1.220675e+02 -3.280596e-02 9.910324e-01 1.295319e-01 -1.544385e+01 9.940488e-01 1.888301e-02 1.072867e-01 1.653092e+02
1.025688e-01 1.357862e-01 -9.854145e-01 1.210980e+02 -3.246005e-02 9.905685e-01 1.331178e-01 -1.534040e+01 9.941961e-01 1.833287e-02 1.060091e-01 1.654180e+02
1.018961e-01 1.367587e-01 -9.853498e-01 1.200535e+02 -3.253908e-02 9.904335e-01 1.340994e-01 -1.521513e+01 9.942627e-01 1.839818e-02 1.053713e-01 1.655387e+02
1.009580e-01 1.378874e-01 -9.852891e-01 1.190381e+02 -3.495393e-02 9.902293e-01 1.349972e-01 -1.509100e+01 9.942765e-01 2.081069e-02 1.047913e-01 1.656459e+02
1.002542e-01 1.381208e-01 -9.853282e-01 1.179997e+02 -3.401631e-02 9.902145e-01 1.353447e-01 -1.498932e+01 9.943802e-01 1.994835e-02 1.039715e-01 1.657864e+02
9.957593e-02 1.378495e-01 -9.854350e-01 1.169943e+02 -3.487503e-02 9.902321e-01 1.349965e-01 -1.486736e+01 9.944186e-01 2.092467e-02 1.034108e-01 1.658805e+02
9.915682e-02 1.369531e-01 -9.856022e-01 1.160171e+02 -3.606019e-02 9.903275e-01 1.339819e-01 -1.475719e+01 9.944182e-01 2.225579e-02 1.031363e-01 1.659712e+02
1.162397e-01 1.315619e-01 -9.844693e-01 1.150982e+02 -3.763028e-02 9.910601e-01 1.279996e-01 -1.465089e+01 9.925081e-01 2.216723e-02 1.201512e-01 1.660449e+02
1.155965e-01 1.305802e-01 -9.846757e-01 1.141163e+02 -3.876835e-02 9.911591e-01 1.268887e-01 -1.454066e+01 9.925394e-01 2.350636e-02 1.196369e-01 1.661562e+02
1.146967e-01 1.299264e-01 -9.848674e-01 1.131209e+02 -4.065284e-02 9.911935e-01 1.260266e-01 -1.442049e+01 9.925684e-01 2.558281e-02 1.189685e-01 1.662736e+02
1.144776e-01 1.292294e-01 -9.849846e-01 1.121438e+02 -3.896178e-02 9.913241e-01 1.255329e-01 -1.431218e+01 9.926615e-01 2.400604e-02 1.185194e-01 1.663891e+02
1.139313e-01 1.286311e-01 -9.851262e-01 1.111535e+02 -3.990263e-02 9.913752e-01 1.248322e-01 -1.420423e+01 9.926870e-01 2.508683e-02 1.180814e-01 1.664967e+02
1.141088e-01 1.288376e-01 -9.850787e-01 1.101735e+02 -4.016016e-02 9.913430e-01 1.250048e-01 -1.409352e+01 9.926562e-01 2.529677e-02 1.182951e-01 1.666049e+02
1.138424e-01 1.283273e-01 -9.851761e-01 1.092182e+02 -4.002873e-02 9.914101e-01 1.245138e-01 -1.399404e+01 9.926921e-01 2.526040e-02 1.180013e-01 1.667182e+02
1.142327e-01 1.281437e-01 -9.851548e-01 1.082356e+02 -4.044701e-02 9.914238e-01 1.242691e-01 -1.388203e+01 9.926303e-01 2.565096e-02 1.184361e-01 1.668363e+02
1.141136e-01 1.278997e-01 -9.852004e-01 1.072585e+02 -4.096562e-02 9.914406e-01 1.239648e-01 -1.377396e+01 9.926227e-01 2.621327e-02 1.183763e-01 1.669493e+02
1.138459e-01 1.294502e-01 -9.850288e-01 1.062778e+02 -4.127916e-02 9.912351e-01 1.254949e-01 -1.366803e+01 9.926405e-01 2.637409e-02 1.181916e-01 1.670602e+02
1.048250e-01 1.317584e-01 -9.857238e-01 1.053488e+02 -3.831530e-02 9.909837e-01 1.283869e-01 -1.357096e+01 9.937523e-01 2.431016e-02 1.089282e-01 1.671479e+02
1.050246e-01 1.309547e-01 -9.858097e-01 1.043792e+02 -3.871951e-02 9.910787e-01 1.275296e-01 -1.346090e+01 9.937156e-01 2.477632e-02 1.091582e-01 1.672506e+02
1.048717e-01 1.302712e-01 -9.859165e-01 1.033976e+02 -4.042855e-02 9.911221e-01 1.266587e-01 -1.334802e+01 9.936637e-01 2.657627e-02 1.092073e-01 1.673503e+02
1.050224e-01 1.307731e-01 -9.858340e-01 1.023954e+02 -4.001413e-02 9.910690e-01 1.272048e-01 -1.323523e+01 9.936645e-01 2.608795e-02 1.093172e-01 1.674544e+02
1.044007e-01 1.332558e-01 -9.855675e-01 1.014033e+02 -4.105931e-02 9.907156e-01 1.296025e-01 -1.312469e+01 9.936874e-01 2.693613e-02 1.089028e-01 1.675626e+02
1.042230e-01 1.348028e-01 -9.853760e-01 1.004045e+02 -4.030746e-02 9.905302e-01 1.312446e-01 -1.301160e+01 9.937368e-01 2.603929e-02 1.086696e-01 1.676763e+02
1.032774e-01 1.345762e-01 -9.855065e-01 9.940816e+01 -4.179873e-02 9.905167e-01 1.308800e-01 -1.289664e+01 9.937739e-01 2.767597e-02 1.079231e-01 1.677871e+02
1.030167e-01 1.335258e-01 -9.856766e-01 9.844034e+01 -4.193248e-02 9.906509e-01 1.298171e-01 -1.278213e+01 9.937954e-01 2.795853e-02 1.076527e-01 1.678866e+02
1.019231e-01 1.336261e-01 -9.857767e-01 9.742991e+01 -4.384715e-02 9.905777e-01 1.297434e-01 -1.264977e+01 9.938255e-01 2.999964e-02 1.068219e-01 1.680160e+02
1.011356e-01 1.345642e-01 -9.857302e-01 9.644718e+01 -4.555110e-02 9.903977e-01 1.305279e-01 -1.253292e+01 9.938293e-01 3.170008e-02 1.062940e-01 1.681214e+02
8.838018e-02 1.433570e-01 -9.857168e-01 9.538634e+01 -4.456748e-02 9.891674e-01 1.398629e-01 -1.242135e+01 9.950893e-01 3.156981e-02 9.381186e-02 1.682718e+02
8.837482e-02 1.399402e-01 -9.862082e-01 9.445591e+01 -4.569013e-02 9.896095e-01 1.363286e-01 -1.231395e+01 9.950388e-01 3.301197e-02 9.385045e-02 1.683150e+02
8.849759e-02 1.362860e-01 -9.867088e-01 9.346163e+01 -4.869649e-02 9.900030e-01 1.323734e-01 -1.220169e+01 9.948853e-01 3.633453e-02 9.424953e-02 1.684107e+02
8.962910e-02 1.339147e-01 -9.869313e-01 9.246462e+01 -5.209726e-02 9.901934e-01 1.296260e-01 -1.208496e+01 9.946117e-01 3.979815e-02 9.572673e-02 1.685310e+02
9.087809e-02 1.356281e-01 -9.865831e-01 9.144014e+01 -5.381981e-02 9.899036e-01 1.311270e-01 -1.196901e+01 9.944067e-01 4.118114e-02 9.726002e-02 1.686513e+02
9.324533e-02 1.382807e-01 -9.859938e-01 9.042894e+01 -5.265494e-02 9.896074e-01 1.338079e-01 -1.183627e+01 9.942499e-01 3.944048e-02 9.955743e-02 1.687591e+02
9.482111e-02 1.399070e-01 -9.856140e-01 8.938663e+01 -5.126287e-02 9.894476e-01 1.355194e-01 -1.172539e+01 9.941736e-01 3.767530e-02 1.009926e-01 1.688993e+02
9.714316e-02 1.415312e-01 -9.851559e-01 8.841383e+01 -5.012111e-02 9.892771e-01 1.371810e-01 -1.160543e+01 9.940076e-01 3.605091e-02 1.031952e-01 1.689893e+02
9.919608e-02 1.424693e-01 -9.848160e-01 8.744425e+01 -4.887017e-02 9.892005e-01 1.381811e-01 -1.149432e+01 9.938671e-01 3.442110e-02 1.050873e-01 1.690907e+02
1.013814e-01 1.433477e-01 -9.844660e-01 8.646786e+01 -4.916343e-02 9.890774e-01 1.389563e-01 -1.137520e+01 9.936321e-01 3.431215e-02 1.073215e-01 1.692001e+02
9.484260e-02 1.519149e-01 -9.838327e-01 8.548033e+01 -4.893677e-02 9.878042e-01 1.478106e-01 -1.125737e+01 9.942887e-01 3.412685e-02 1.011201e-01 1.693314e+02
9.688413e-02 1.513938e-01 -9.837141e-01 8.451739e+01 -4.945651e-02 9.878750e-01 1.471633e-01 -1.112735e+01 9.940662e-01 3.439327e-02 1.031968e-01 1.694164e+02
9.764397e-02 1.489230e-01 -9.840161e-01 8.354161e+01 -5.100065e-02 9.881905e-01 1.444940e-01 -1.099641e+01 9.939138e-01 3.607649e-02 1.040860e-01 1.695377e+02
9.894473e-02 1.451633e-01 -9.844478e-01 8.254044e+01 -5.226345e-02 9.886951e-01 1.405367e-01 -1.085099e+01 9.937195e-01 3.754527e-02 1.054129e-01 1.696731e+02
9.949468e-02 1.419413e-01 -9.848622e-01 8.154586e+01 -5.286178e-02 9.891296e-01 1.372161e-01 -1.071480e+01 9.936330e-01 3.840929e-02 1.059164e-01 1.697826e+02
1.000428e-01 1.415660e-01 -9.848606e-01 8.057648e+01 -5.276574e-02 9.891885e-01 1.368281e-01 -1.059165e+01 9.935830e-01 3.827822e-02 1.064311e-01 1.698783e+02
9.974670e-02 1.434627e-01 -9.846162e-01 7.956359e+01 -5.197652e-02 9.889515e-01 1.388289e-01 -1.046605e+01 9.936544e-01 3.732920e-02 1.061013e-01 1.700035e+02
9.980985e-02 1.446514e-01 -9.844359e-01 7.850352e+01 -4.961699e-02 9.888690e-01 1.402723e-01 -1.031317e+01 9.937687e-01 3.484419e-02 1.058760e-01 1.701520e+02
9.910283e-02 1.444767e-01 -9.845329e-01 7.751033e+01 -4.811066e-02 9.889422e-01 1.402809e-01 -1.018422e+01 9.939135e-01 3.346429e-02 1.049578e-01 1.702717e+02
9.850915e-02 1.433538e-01 -9.847566e-01 7.649292e+01 -4.794108e-02 9.891044e-01 1.391910e-01 -1.004278e+01 9.939807e-01 3.349871e-02 1.043084e-01 1.703813e+02
8.493827e-02 1.633998e-01 -9.828967e-01 7.554840e+01 -4.454622e-02 9.860980e-01 1.600825e-01 -9.950673e+00 9.953899e-01 3.018720e-02 9.103631e-02 1.704599e+02
8.390935e-02 1.666114e-01 -9.824459e-01 7.456658e+01 -4.284076e-02 9.856144e-01 1.634898e-01 -9.808521e+00 9.955521e-01 2.837041e-02 8.984002e-02 1.705518e+02
8.254775e-02 1.715158e-01 -9.817170e-01 7.356722e+01 -4.451514e-02 9.847303e-01 1.682992e-01 -9.655559e+00 9.955924e-01 2.980855e-02 8.892232e-02 1.706475e+02
8.296831e-02 1.721924e-01 -9.815631e-01 7.257774e+01 -4.440800e-02 9.846194e-01 1.689749e-01 -9.506364e+00 9.955622e-01 2.956969e-02 8.933892e-02 1.707303e+02
8.342400e-02 1.673141e-01 -9.823678e-01 7.157242e+01 -4.414403e-02 9.854569e-01 1.640914e-01 -9.356331e+00 9.955359e-01 2.967651e-02 8.959667e-02 1.708234e+02
8.427704e-02 1.599894e-01 -9.835145e-01 7.057840e+01 -4.234857e-02 9.867093e-01 1.568802e-01 -9.211253e+00 9.955421e-01 2.842903e-02 8.993225e-02 1.709184e+02
8.467514e-02 1.566228e-01 -9.840221e-01 6.959847e+01 -4.140016e-02 9.872690e-01 1.535771e-01 -9.064115e+00 9.955482e-01 2.773451e-02 9.008134e-02 1.710136e+02
8.508865e-02 1.595463e-01 -9.835166e-01 6.860373e+01 -4.023125e-02 9.868416e-01 1.566051e-01 -8.929015e+00 9.955608e-01 2.624279e-02 9.038776e-02 1.711054e+02
8.467457e-02 1.638650e-01 -9.828420e-01 6.759555e+01 -3.941244e-02 9.861634e-01 1.610233e-01 -8.789445e+00 9.956289e-01 2.510162e-02 8.996128e-02 1.711983e+02
8.359625e-02 1.655292e-01 -9.826555e-01 6.660767e+01 -3.849540e-02 9.859075e-01 1.628021e-01 -8.645977e+00 9.957559e-01 2.421807e-02 8.879028e-02 1.712866e+02
9.662126e-02 1.666846e-01 -9.812648e-01 6.572212e+01 -4.060547e-02 9.857169e-01 1.634426e-01 -8.538368e+00 9.944926e-01 2.405269e-02 1.020095e-01 1.713101e+02
9.492881e-02 1.672411e-01 -9.813353e-01 6.472849e+01 -4.024947e-02 9.856257e-01 1.640788e-01 -8.393767e+00 9.946700e-01 2.392241e-02 1.002956e-01 1.714109e+02
9.287293e-02 1.672872e-01 -9.815241e-01 6.374971e+01 -3.832378e-02 9.856548e-01 1.643650e-01 -8.247254e+00 9.949402e-01 2.235065e-02 9.795173e-02 1.714876e+02
8.946573e-02 1.683486e-01 -9.816591e-01 6.274873e+01 -3.596910e-02 9.855147e-01 1.657317e-01 -8.102216e+00 9.953402e-01 2.048208e-02 9.422514e-02 1.715914e+02
8.613050e-02 1.674141e-01 -9.821171e-01 6.172030e+01 -3.350305e-02 9.857096e-01 1.650883e-01 -7.943427e+00 9.957204e-01 1.868478e-02 9.050854e-02 1.717034e+02
8.303083e-02 1.663095e-01 -9.825716e-01 6.072367e+01 -3.202968e-02 9.859122e-01 1.641683e-01 -7.794290e+00 9.960321e-01 1.784042e-02 8.718795e-02 1.717907e+02
8.034883e-02 1.652711e-01 -9.829697e-01 5.970681e+01 -2.975083e-02 9.861165e-01 1.633683e-01 -7.660912e+00 9.963227e-01 1.611771e-02 8.415025e-02 1.718852e+02
7.815902e-02 1.651694e-01 -9.831634e-01 5.873925e+01 -2.959619e-02 9.861299e-01 1.633150e-01 -7.520685e+00 9.965015e-01 1.633335e-02 8.196334e-02 1.719465e+02
7.622244e-02 1.645183e-01 -9.834246e-01 5.776707e+01 -3.047401e-02 9.862175e-01 1.626235e-01 -7.381811e+00 9.966250e-01 1.757333e-02 8.018544e-02 1.720029e+02
7.425821e-02 1.637791e-01 -9.836982e-01 5.674828e+01 -2.960174e-02 9.863490e-01 1.619859e-01 -7.229258e+00 9.967996e-01 1.709040e-02 7.809266e-02 1.720833e+02
6.502821e-02 1.616457e-01 -9.847040e-01 5.578908e+01 -2.806263e-02 9.866986e-01 1.601199e-01 -7.085335e+00 9.974888e-01 1.722108e-02 6.869944e-02 1.721659e+02
6.371458e-02 1.634645e-01 -9.844896e-01 5.476817e+01 -2.911258e-02 9.863786e-01 1.618941e-01 -6.935792e+00 9.975434e-01 1.834602e-02 6.760557e-02 1.722294e+02
6.213107e-02 1.632793e-01 -9.846216e-01 5.376845e+01 -3.053207e-02 9.863768e-01 1.616437e-01 -6.785583e+00 9.976009e-01 2.001944e-02 6.626990e-02 1.722982e+02
6.143865e-02 1.623421e-01 -9.848200e-01 5.275864e+01 -3.043388e-02 9.865299e-01 1.607253e-01 -6.640687e+00 9.976468e-01 2.009715e-02 6.555177e-02 1.723617e+02
6.110727e-02 1.613049e-01 -9.850110e-01 5.176816e+01 -3.072872e-02 9.866915e-01 1.596737e-01 -6.493082e+00 9.976581e-01 2.051090e-02 6.525072e-02 1.724203e+02
5.991492e-02 1.603752e-01 -9.852360e-01 5.073945e+01 -3.186763e-02 9.868134e-01 1.586940e-01 -6.331263e+00 9.976947e-01 2.188900e-02 6.423563e-02 1.725044e+02
5.907564e-02 1.601583e-01 -9.853220e-01 4.973812e+01 -3.044985e-02 9.868756e-01 1.585852e-01 -6.186197e+00 9.977890e-01 2.063438e-02 6.317710e-02 1.725753e+02
5.761596e-02 1.607698e-01 -9.853088e-01 4.873265e+01 -3.083845e-02 9.867639e-01 1.592040e-01 -6.030827e+00 9.978624e-01 2.121271e-02 6.181124e-02 1.726390e+02
5.627655e-02 1.618232e-01 -9.852138e-01 4.774570e+01 -3.044481e-02 9.865969e-01 1.603113e-01 -5.894150e+00 9.979509e-01 2.097288e-02 6.044895e-02 1.726928e+02
5.452172e-02 1.620718e-01 -9.852716e-01 4.675092e+01 -3.008517e-02 9.865579e-01 1.606186e-01 -5.750666e+00 9.980592e-01 2.088486e-02 5.866480e-02 1.727454e+02
6.431494e-02 1.657760e-01 -9.840640e-01 4.586601e+01 -2.773419e-02 9.860216e-01 1.642931e-01 -5.627681e+00 9.975442e-01 1.672571e-02 6.801358e-02 1.727963e+02
6.266623e-02 1.649336e-01 -9.843119e-01 4.488020e+01 -2.731214e-02 9.861643e-01 1.635051e-01 -5.484984e+00 9.976608e-01 1.663741e-02 6.630389e-02 1.728570e+02
6.123622e-02 1.649604e-01 -9.843974e-01 4.391421e+01 -2.619736e-02 9.861741e-01 1.636285e-01 -5.342172e+00 9.977794e-01 1.576862e-02 6.471110e-02 1.729088e+02
5.943658e-02 1.634979e-01 -9.847516e-01 4.293776e+01 -2.558540e-02 9.864211e-01 1.622308e-01 -5.194764e+00 9.979041e-01 1.555282e-02 6.281265e-02 1.729716e+02
5.716984e-02 1.601629e-01 -9.854336e-01 4.195103e+01 -2.438385e-02 9.869776e-01 1.589992e-01 -5.051433e+00 9.980666e-01 1.493871e-02 6.033073e-02 1.730278e+02
5.492100e-02 1.554941e-01 -9.863089e-01 4.096617e+01 -2.018165e-02 9.877709e-01 1.546008e-01 -4.916938e+00 9.982867e-01 1.141451e-02 5.738749e-02 1.730913e+02
5.218413e-02 1.529276e-01 -9.868586e-01 4.000235e+01 -2.031657e-02 9.881631e-01 1.520554e-01 -4.784897e+00 9.984308e-01 1.211470e-02 5.467340e-02 1.731415e+02
5.049072e-02 1.531722e-01 -9.869088e-01 3.902540e+01 -1.973925e-02 9.881292e-01 1.523518e-01 -4.643203e+00 9.985294e-01 1.178848e-02 5.291486e-02 1.731847e+02
4.783384e-02 1.562895e-01 -9.865523e-01 3.805032e+01 -1.741419e-02 9.876633e-01 1.556211e-01 -4.501947e+00 9.987035e-01 9.736051e-03 4.996538e-02 1.732394e+02
4.585143e-02 1.589966e-01 -9.862138e-01 3.710406e+01 -1.675434e-02 9.872357e-01 1.583824e-01 -4.369898e+00 9.988078e-01 9.261303e-03 4.793005e-02 1.732794e+02
3.452124e-02 1.579097e-01 -9.868499e-01 3.613308e+01 -1.447496e-02 9.874139e-01 1.574936e-01 -4.226068e+00 9.992991e-01 8.847738e-03 3.637249e-02 1.733207e+02
3.424640e-02 1.573922e-01 -9.869422e-01 3.518096e+01 -1.460512e-02 9.874948e-01 1.569735e-01 -4.100905e+00 9.993067e-01 9.038633e-03 3.611688e-02 1.733479e+02
3.399543e-02 1.571460e-01 -9.869901e-01 3.420827e+01 -1.625788e-02 9.875172e-01 1.566699e-01 -3.959739e+00 9.992897e-01 1.072031e-02 3.612593e-02 1.733820e+02
3.393959e-02 1.582627e-01 -9.868136e-01 3.325837e+01 -1.778963e-02 9.873216e-01 1.577324e-01 -3.820587e+00 9.992655e-01 1.220168e-02 3.632473e-02 1.734141e+02
3.359978e-02 1.612858e-01 -9.863356e-01 3.229612e+01 -2.013272e-02 9.868018e-01 1.606762e-01 -3.687370e+00 9.992326e-01 1.445894e-02 3.640345e-02 1.734510e+02
3.303742e-02 1.616770e-01 -9.862906e-01 3.135075e+01 -2.159410e-02 9.867144e-01 1.610232e-01 -3.547404e+00 9.992208e-01 1.597827e-02 3.608976e-02 1.734785e+02
3.279880e-02 1.611408e-01 -9.863863e-01 3.037258e+01 -2.244291e-02 9.867872e-01 1.604601e-01 -3.411341e+00 9.992100e-01 1.687448e-02 3.598190e-02 1.735201e+02
3.184826e-02 1.604011e-01 -9.865380e-01 2.942994e+01 -2.435557e-02 9.868701e-01 1.596689e-01 -3.270629e+00 9.991959e-01 1.894252e-02 3.533676e-02 1.735460e+02
2.992745e-02 1.603558e-01 -9.866055e-01 2.848858e+01 -2.502685e-02 9.868584e-01 1.596378e-01 -3.129214e+00 9.992387e-01 1.991407e-02 3.354736e-02 1.735767e+02
2.784483e-02 1.611543e-01 -9.865363e-01 2.757526e+01 -2.609172e-02 9.866999e-01 1.604446e-01 -2.998168e+00 9.992717e-01 2.127287e-02 3.167928e-02 1.735930e+02
2.466208e-02 1.638679e-01 -9.861740e-01 2.665569e+01 -2.553096e-02 9.862555e-01 1.632430e-01 -2.862889e+00 9.993698e-01 2.115206e-02 2.850681e-02 1.736083e+02
2.257674e-02 1.641947e-01 -9.861696e-01 2.573717e+01 -2.466965e-02 9.862121e-01 1.636370e-01 -2.737907e+00 9.994407e-01 2.063406e-02 2.631608e-02 1.736317e+02
2.056779e-02 1.638410e-01 -9.862723e-01 2.483171e+01 -2.524766e-02 9.862515e-01 1.633111e-01 -2.609232e+00 9.994696e-01 2.154212e-02 2.442161e-02 1.736401e+02
1.849502e-02 1.633419e-01 -9.863962e-01 2.393985e+01 -2.493725e-02 9.863334e-01 1.628639e-01 -2.482905e+00 9.995179e-01 2.158584e-02 2.231556e-02 1.736433e+02
1.559231e-02 1.627584e-01 -9.865427e-01 2.303408e+01 -2.535529e-02 9.864098e-01 1.623357e-01 -2.349389e+00 9.995569e-01 2.248289e-02 1.950720e-02 1.736614e+02
1.408022e-02 1.623817e-01 -9.866276e-01 2.214890e+01 -2.663537e-02 9.864361e-01 1.619701e-01 -2.218895e+00 9.995460e-01 2.399861e-02 1.821434e-02 1.736598e+02
1.239465e-02 1.622608e-01 -9.866701e-01 2.130641e+01 -2.650284e-02 9.864525e-01 1.618921e-01 -2.100931e+00 9.995719e-01 2.414296e-02 1.652710e-02 1.736456e+02
1.105664e-02 1.620738e-01 -9.867167e-01 2.044685e+01 -2.671897e-02 9.864726e-01 1.617343e-01 -1.971818e+00 9.995818e-01 2.457582e-02 1.523751e-02 1.736465e+02
9.721669e-03 1.625213e-01 -9.866571e-01 1.963614e+01 -2.674758e-02 9.863930e-01 1.622142e-01 -1.863634e+00 9.995949e-01 2.481370e-02 1.393644e-02 1.736387e+02
8.118607e-03 1.633578e-01 -9.865335e-01 1.878401e+01 -2.737865e-02 9.862325e-01 1.630827e-01 -1.737010e+00 9.995922e-01 2.568595e-02 1.247935e-02 1.736442e+02
-5.455812e-03 1.599865e-01 -9.871041e-01 1.796392e+01 -2.589782e-02 9.867651e-01 1.600747e-01 -1.604881e+00 9.996497e-01 2.643718e-02 -1.240302e-03 1.736387e+02
-6.037415e-03 1.600130e-01 -9.870964e-01 1.712306e+01 -2.839181e-02 9.866891e-01 1.601206e-01 -1.481611e+00 9.995786e-01 2.899217e-02 -1.413992e-03 1.736551e+02
-4.581900e-03 1.597632e-01 -9.871447e-01 1.626811e+01 -3.037034e-02 9.866775e-01 1.598285e-01 -1.373990e+00 9.995282e-01 3.071224e-02 3.312053e-04 1.736463e+02
-2.495846e-03 1.586600e-01 -9.873301e-01 1.550613e+01 -3.282158e-02 9.867883e-01 1.586559e-01 -1.267184e+00 9.994581e-01 3.280172e-02 2.744600e-03 1.736476e+02
3.896300e-04 1.574637e-01 -9.875247e-01 1.473658e+01 -3.368391e-02 9.869665e-01 1.573614e-01 -1.159597e+00 9.994325e-01 3.320238e-02 5.688544e-03 1.736455e+02
2.407073e-03 1.569109e-01 -9.876098e-01 1.398780e+01 -3.529752e-02 9.870106e-01 1.567297e-01 -1.061730e+00 9.993739e-01 3.448291e-02 7.914373e-03 1.736588e+02
5.385307e-03 1.565502e-01 -9.876553e-01 1.321470e+01 -3.595175e-02 9.870614e-01 1.562601e-01 -9.507305e-01 9.993390e-01 3.466642e-02 1.094388e-02 1.736654e+02
8.077476e-03 1.557480e-01 -9.877638e-01 1.248073e+01 -3.585707e-02 9.872059e-01 1.553668e-01 -8.474781e-01 9.993243e-01 3.416334e-02 1.355880e-02 1.736644e+02
1.054083e-02 1.555342e-01 -9.877743e-01 1.173584e+01 -3.564206e-02 9.872599e-01 1.550728e-01 -7.621786e-01 9.993090e-01 3.357171e-02 1.595010e-02 1.736804e+02
1.288118e-02 1.545017e-01 -9.879085e-01 1.101202e+01 -3.560150e-02 9.874350e-01 1.539634e-01 -6.647917e-01 9.992830e-01 3.318779e-02 1.821982e-02 1.737022e+02
2.272382e-02 1.515143e-01 -9.881938e-01 1.021537e+01 -3.342560e-02 9.880116e-01 1.507177e-01 -5.479196e-01 9.991828e-01 2.960609e-02 2.751585e-02 1.737069e+02
2.463456e-02 1.526333e-01 -9.879758e-01 9.470831e+00 -3.227592e-02 9.878820e-01 1.518141e-01 -4.472591e-01 9.991754e-01 2.814795e-02 2.926242e-02 1.737376e+02
2.651376e-02 1.536825e-01 -9.877645e-01 8.768091e+00 -3.133877e-02 9.877540e-01 1.528396e-01 -3.477820e-01 9.991571e-01 2.690297e-02 3.100529e-02 1.737492e+02
2.692548e-02 1.536195e-01 -9.877632e-01 8.034312e+00 -3.174815e-02 9.877544e-01 1.527527e-01 -2.394191e-01 9.991332e-01 2.724671e-02 3.147290e-02 1.737911e+02
2.766362e-02 1.532385e-01 -9.878019e-01 7.315246e+00 -3.140371e-02 9.878256e-01 1.523627e-01 -1.367281e-01 9.991239e-01 2.680574e-02 3.213909e-02 1.738390e+02
2.817231e-02 1.526694e-01 -9.878757e-01 6.608432e+00 -3.212582e-02 9.878957e-01 1.517564e-01 -3.138309e-02 9.990867e-01 2.746099e-02 3.273594e-02 1.738782e+02
2.885463e-02 1.525361e-01 -9.878766e-01 5.908389e+00 -3.248024e-02 9.879093e-01 1.515924e-01 6.404424e-02 9.990558e-01 2.771233e-02 3.346017e-02 1.739148e+02
2.968219e-02 1.534089e-01 -9.877169e-01 5.229390e+00 -3.252688e-02 9.877772e-01 1.524408e-01 1.590340e-01 9.990300e-01 2.760257e-02 3.430931e-02 1.739600e+02
3.138266e-02 1.548619e-01 -9.874375e-01 4.576756e+00 -3.250539e-02 9.875597e-01 1.538480e-01 2.478158e-01 9.989787e-01 2.726888e-02 3.602610e-02 1.739859e+02
3.354696e-02 1.558752e-01 -9.872069e-01 3.928698e+00 -3.139006e-02 9.874399e-01 1.548453e-01 3.407031e-01 9.989441e-01 2.579389e-02 3.801854e-02 1.740184e+02
6.653062e-02 1.616355e-01 -9.846053e-01 3.386748e+00 -3.776125e-02 9.864926e-01 1.593937e-01 3.933102e-01 9.970696e-01 2.657536e-02 7.173553e-02 1.739929e+02
6.886027e-02 1.616668e-01 -9.844400e-01 2.773367e+00 -3.805319e-02 9.864898e-01 1.593416e-01 4.810429e-01 9.969003e-01 2.648877e-02 7.408189e-02 1.740503e+02
7.191282e-02 1.618452e-01 -9.841924e-01 2.183976e+00 -3.820549e-02 9.864700e-01 1.594281e-01 5.616970e-01 9.966789e-01 2.613663e-02 7.712321e-02 1.741048e+02
7.562436e-02 1.618736e-01 -9.839095e-01 1.612833e+00 -3.724352e-02 9.865052e-01 1.594381e-01 6.398554e-01 9.964406e-01 2.458685e-02 8.063256e-02 1.741618e+02
7.880197e-02 1.615394e-01 -9.837150e-01 1.061303e+00 -3.599140e-02 9.866013e-01 1.591302e-01 7.337429e-01 9.962404e-01 2.286550e-02 8.356016e-02 1.742243e+02
8.275137e-02 1.624473e-01 -9.832411e-01 5.230204e-01 -3.625812e-02 9.864626e-01 1.599280e-01 8.255255e-01 9.959104e-01 2.241622e-02 8.752116e-02 1.742790e+02
8.763299e-02 1.633552e-01 -9.826676e-01 4.776021e-03 -3.807980e-02 9.862910e-01 1.605617e-01 9.025344e-01 9.954247e-01 2.334929e-02 9.265216e-02 1.743224e+02
9.323836e-02 1.634203e-01 -9.821407e-01 -5.186897e-01 -3.823622e-02 9.862979e-01 1.604821e-01 9.735964e-01 9.949093e-01 2.259026e-02 9.820937e-02 1.743817e+02
9.972251e-02 1.632605e-01 -9.815301e-01 -1.017205e+00 -3.834523e-02 9.863451e-01 1.601655e-01 1.039637e+00 9.942762e-01 2.166489e-02 1.046211e-01 1.744466e+02
1.076155e-01 1.626934e-01 -9.807904e-01 -1.527637e+00 -3.818891e-02 9.864679e-01 1.594450e-01 1.106242e+00 9.934589e-01 2.029657e-02 1.123723e-01 1.745150e+02
1.287077e-01 1.687953e-01 -9.772116e-01 -2.012104e+00 -3.864764e-02 9.855128e-01 1.651389e-01 1.159511e+00 9.909292e-01 1.651227e-02 1.333666e-01 1.745772e+02
1.385928e-01 1.664542e-01 -9.762607e-01 -2.487885e+00 -4.041422e-02 9.859035e-01 1.623609e-01 1.223227e+00 9.895245e-01 1.695275e-02 1.433663e-01 1.746659e+02
1.495536e-01 1.646690e-01 -9.749450e-01 -2.959716e+00 -4.237304e-02 9.861959e-01 1.600693e-01 1.284690e+00 9.878452e-01 1.737244e-02 1.544667e-01 1.747519e+02
1.615824e-01 1.638273e-01 -9.731658e-01 -3.408023e+00 -4.338392e-02 9.863501e-01 1.588434e-01 1.344605e+00 9.859052e-01 1.655346e-02 1.664843e-01 1.748549e+02
1.742303e-01 1.628372e-01 -9.711477e-01 -3.832271e+00 -4.335807e-02 9.865443e-01 1.576401e-01 1.404541e+00 9.837499e-01 1.464142e-02 1.789462e-01 1.749685e+02
1.879944e-01 1.612045e-01 -9.688505e-01 -4.235055e+00 -4.319931e-02 9.868411e-01 1.558156e-01 1.469216e+00 9.812196e-01 1.256121e-02 1.924845e-01 1.750712e+02
2.025686e-01 1.603110e-01 -9.660571e-01 -4.640031e+00 -4.505967e-02 9.869903e-01 1.543364e-01 1.522232e+00 9.782309e-01 1.226651e-02 2.071568e-01 1.751688e+02
2.181493e-01 1.603361e-01 -9.626543e-01 -5.026724e+00 -4.711478e-02 9.869917e-01 1.537128e-01 1.581436e+00 9.747775e-01 1.182290e-02 2.228657e-01 1.752834e+02
2.359340e-01 1.613221e-01 -9.582851e-01 -5.398615e+00 -4.963205e-02 9.868377e-01 1.539092e-01 1.632381e+00 9.705008e-01 1.124925e-02 2.408353e-01 1.753969e+02
2.557592e-01 1.607925e-01 -9.532749e-01 -5.766837e+00 -5.089799e-02 9.869431e-01 1.528158e-01 1.688556e+00 9.653997e-01 9.435732e-03 2.606038e-01 1.755175e+02
2.983472e-01 1.644547e-01 -9.401828e-01 -6.045681e+00 -5.245826e-02 9.863806e-01 1.558890e-01 1.712444e+00 9.530147e-01 2.811302e-03 3.029109e-01 1.756040e+02
3.207429e-01 1.598449e-01 -9.335811e-01 -6.349834e+00 -5.156781e-02 9.871421e-01 1.512987e-01 1.743298e+00 9.457615e-01 -3.852474e-04 3.248617e-01 1.757313e+02
3.428480e-01 1.566607e-01 -9.262358e-01 -6.677079e+00 -5.313833e-02 9.876516e-01 1.473791e-01 1.796304e+00 9.378868e-01 -1.309998e-03 3.469390e-01 1.758814e+02
3.661691e-01 1.564423e-01 -9.173037e-01 -6.996282e+00 -5.657463e-02 9.876859e-01 1.458623e-01 1.842657e+00 9.288270e-01 -1.514133e-03 3.705107e-01 1.760281e+02
3.916718e-01 1.572438e-01 -9.065691e-01 -7.289426e+00 -5.876993e-02 9.875522e-01 1.458995e-01 1.894381e+00 9.182262e-01 -3.865706e-03 3.960376e-01 1.761795e+02
4.185991e-01 1.600037e-01 -8.939651e-01 -7.586903e+00 -6.161335e-02 9.870930e-01 1.478214e-01 1.940061e+00 9.060787e-01 -6.797741e-03 4.230546e-01 1.763461e+02
4.464024e-01 1.633080e-01 -8.798042e-01 -7.869388e+00 -6.703498e-02 9.865460e-01 1.491084e-01 1.982827e+00 8.923179e-01 -7.584700e-03 4.513438e-01 1.765150e+02
4.750470e-01 1.639407e-01 -8.645541e-01 -8.139772e+00 -7.084479e-02 9.864281e-01 1.481238e-01 2.017103e+00 8.771040e-01 -9.116622e-03 4.802140e-01 1.766866e+02
5.043486e-01 1.622253e-01 -8.481247e-01 -8.418677e+00 -7.303873e-02 9.866887e-01 1.452957e-01 2.052593e+00 8.604056e-01 -1.133374e-02 5.094838e-01 1.768898e+02
5.350665e-01 1.598677e-01 -8.295457e-01 -8.687853e+00 -7.613086e-02 9.870611e-01 1.411183e-01 2.087931e+00 8.413726e-01 -1.235366e-02 5.403142e-01 1.770887e+02
5.658629e-01 1.516625e-01 -8.104306e-01 -8.944547e+00 -7.108939e-02 9.882507e-01 1.353030e-01 2.122733e+00 8.214289e-01 -1.894993e-02 5.699960e-01 1.772920e+02
5.970559e-01 1.479925e-01 -7.884304e-01 -9.202951e+00 -7.680153e-02 9.888663e-01 1.274557e-01 2.159221e+00 7.985148e-01 -1.554550e-02 6.017745e-01 1.775097e+02
6.285370e-01 1.432305e-01 -7.644778e-01 -9.452110e+00 -8.252351e-02 9.896304e-01 1.175654e-01 2.196201e+00 7.733894e-01 -1.080681e-02 6.338391e-01 1.777420e+02
6.589558e-01 1.413012e-01 -7.387904e-01 -9.685285e+00 -9.127181e-02 9.899598e-01 1.079310e-01 2.230324e+00 7.466235e-01 -3.691028e-03 6.652366e-01 1.779836e+02
6.885577e-01 1.405692e-01 -7.114272e-01 -9.861751e+00 -9.684507e-02 9.900701e-01 1.018937e-01 2.234119e+00 7.186859e-01 -1.261472e-03 6.953337e-01 1.782043e+02
7.188347e-01 1.372487e-01 -6.814980e-01 -1.008218e+01 -9.747704e-02 9.905319e-01 9.666850e-02 2.274938e+00 6.883131e-01 -3.058263e-03 7.254073e-01 1.784955e+02
7.478998e-01 1.343101e-01 -6.500821e-01 -1.023095e+01 -9.593223e-02 9.909054e-01 9.435872e-02 2.289670e+00 6.568431e-01 -8.207050e-03 7.539826e-01 1.787582e+02
7.758598e-01 1.339796e-01 -6.165153e-01 -1.039615e+01 -9.813229e-02 9.909256e-01 9.184995e-02 2.301992e+00 6.232268e-01 -1.076262e-02 7.819671e-01 1.790476e+02
8.026354e-01 1.344047e-01 -5.811298e-01 -1.060021e+01 -1.023599e-01 9.908657e-01 8.779336e-02 2.334430e+00 5.876214e-01 -1.098165e-02 8.090615e-01 1.793834e+02
8.280038e-01 1.334338e-01 -5.446146e-01 -1.078502e+01 -1.052941e-01 9.909951e-01 8.271598e-02 2.366521e+00 5.507475e-01 -1.114447e-02 8.345975e-01 1.797291e+02
8.512524e-01 1.272510e-01 -5.090939e-01 -1.096111e+01 -9.933850e-02 9.916878e-01 8.177490e-02 2.381957e+00 5.152682e-01 -1.903845e-02 8.568175e-01 1.800948e+02
8.727169e-01 1.287884e-01 -4.709339e-01 -1.114794e+01 -1.051324e-01 9.915246e-01 7.632940e-02 2.393612e+00 4.767729e-01 -1.710356e-02 8.788601e-01 1.804896e+02
8.920949e-01 1.275382e-01 -4.334751e-01 -1.133269e+01 -1.091718e-01 9.917542e-01 6.712030e-02 2.425136e+00 4.384612e-01 -1.255442e-02 8.986624e-01 1.809091e+02
9.095155e-01 1.280023e-01 -3.954705e-01 -1.148268e+01 -1.137869e-01 9.917336e-01 5.930457e-02 2.448416e+00 3.997925e-01 -8.939055e-03 9.165621e-01 1.813376e+02
9.247409e-01 1.316875e-01 -3.570891e-01 -1.160985e+01 -1.203317e-01 9.912672e-01 5.394133e-02 2.458125e+00 3.610741e-01 -6.912626e-03 9.325115e-01 1.817533e+02
9.384540e-01 1.351915e-01 -3.178480e-01 -1.174596e+01 -1.259634e-01 9.907987e-01 4.951011e-02 2.472105e+00 3.216167e-01 -6.425748e-03 9.468481e-01 1.822257e+02
9.509826e-01 1.369712e-01 -2.772562e-01 -1.185071e+01 -1.296819e-01 9.905543e-01 4.455169e-02 2.492297e+00 2.807397e-01 -6.412773e-03 9.597625e-01 1.827126e+02
9.620667e-01 1.372265e-01 -2.357891e-01 -1.193455e+01 -1.314037e-01 9.905090e-01 4.031095e-02 2.504390e+00 2.390830e-01 -7.798257e-03 9.709678e-01 1.832326e+02
9.707212e-01 1.397637e-01 -1.953624e-01 -1.199689e+01 -1.353731e-01 9.901507e-01 3.571622e-02 2.506690e+00 1.984300e-01 -8.223679e-03 9.800806e-01 1.837627e+02
9.774373e-01 1.409073e-01 -1.573578e-01 -1.205503e+01 -1.383107e-01 9.900101e-01 2.738747e-02 2.509952e+00 1.596449e-01 -5.005259e-03 9.871618e-01 1.843331e+02
9.830352e-01 1.375811e-01 -1.212978e-01 -1.213178e+01 -1.361544e-01 9.904855e-01 2.001260e-02 2.525304e+00 1.228971e-01 -3.157862e-03 9.924144e-01 1.849584e+02
9.867728e-01 1.353203e-01 -8.926329e-02 -1.215016e+01 -1.345049e-01 9.907976e-01 1.511482e-02 2.527553e+00 9.048720e-02 -2.908540e-03 9.958934e-01 1.855709e+02
9.890782e-01 1.340487e-01 -6.128046e-02 -1.215671e+01 -1.335964e-01 9.909698e-01 1.143797e-02 2.522505e+00 6.226033e-02 -3.126197e-03 9.980550e-01 1.861883e+02
9.906216e-01 1.314065e-01 -3.743332e-02 -1.216002e+01 -1.312186e-01 9.913255e-01 7.445427e-03 2.518414e+00 3.808699e-02 -2.463654e-03 9.992714e-01 1.868340e+02
9.916807e-01 1.271081e-01 -2.031995e-02 -1.213602e+01 -1.270414e-01 9.918870e-01 4.542825e-03 2.511959e+00 2.073252e-02 -1.923556e-03 9.997832e-01 1.874832e+02
9.921719e-01 1.246579e-01 -7.436022e-03 -1.213044e+01 -1.246407e-01 9.921982e-01 2.741338e-03 2.504183e+00 7.719737e-03 -1.793048e-03 9.999686e-01 1.881657e+02
9.924743e-01 1.223924e-01 3.855934e-03 -1.211202e+01 -1.223986e-01 9.924800e-01 1.404142e-03 2.503515e+00 -3.655081e-03 -1.865536e-03 9.999916e-01 1.888684e+02
9.926526e-01 1.203297e-01 1.271233e-02 -1.209444e+01 -1.203511e-01 9.927310e-01 9.274782e-04 2.500417e+00 -1.250832e-02 -2.450607e-03 9.999188e-01 1.895877e+02
9.929118e-01 1.174738e-01 1.805966e-02 -1.205463e+01 -1.175206e-01 9.930692e-01 1.548470e-03 2.495335e+00 -1.775259e-02 -3.659876e-03 9.998357e-01 1.903126e+02
9.931388e-01 1.150392e-01 2.100703e-02 -1.202810e+01 -1.150909e-01 9.933542e-01 1.265032e-03 2.486818e+00 -2.072189e-02 -3.674071e-03 9.997785e-01 1.910507e+02
9.933933e-01 1.094174e-01 3.460610e-02 -1.201586e+01 -1.093081e-01 9.939951e-01 -5.039875e-03 2.477704e+00 -3.494975e-02 1.223852e-03 9.993883e-01 1.918346e+02
9.936516e-01 1.073683e-01 3.359516e-02 -1.199668e+01 -1.072743e-01 9.942189e-01 -4.592699e-03 2.464491e+00 -3.389405e-02 9.596445e-04 9.994250e-01 1.925739e+02
9.935749e-01 1.086634e-01 3.164304e-02 -1.197998e+01 -1.086073e-01 9.940786e-01 -3.488552e-03 2.460662e+00 -3.183474e-02 2.947181e-05 9.994931e-01 1.933477e+02
9.935566e-01 1.096158e-01 2.880503e-02 -1.196495e+01 -1.095873e-01 9.939738e-01 -2.573321e-03 2.455206e+00 -2.891352e-02 -5.999241e-04 9.995817e-01 1.941238e+02
9.938504e-01 1.077704e-01 2.543636e-02 -1.194921e+01 -1.077241e-01 9.941757e-01 -3.187149e-03 2.445078e+00 -2.563169e-02 4.274409e-04 9.996714e-01 1.949101e+02
9.941018e-01 1.062103e-01 2.193329e-02 -1.194095e+01 -1.061086e-01 9.943379e-01 -5.756025e-03 2.437642e+00 -2.242045e-02 3.394764e-03 9.997429e-01 1.956974e+02
9.939567e-01 1.080970e-01 1.910991e-02 -1.192897e+01 -1.079517e-01 9.941199e-01 -8.484922e-03 2.430008e+00 -1.991474e-02 6.370698e-03 9.997814e-01 1.965013e+02
9.938717e-01 1.092657e-01 1.673548e-02 -1.190983e+01 -1.091365e-01 9.939909e-01 -8.448596e-03 2.418229e+00 -1.755806e-02 6.570368e-03 9.998243e-01 1.973292e+02
9.938385e-01 1.098122e-01 1.504063e-02 -1.189577e+01 -1.097485e-01 9.939468e-01 -4.999434e-03 2.406214e+00 -1.549858e-02 3.317944e-03 9.998744e-01 1.981468e+02
9.937793e-01 1.103315e-01 1.515473e-02 -1.190928e+01 -1.103493e-01 9.938928e-01 3.415647e-04 2.393660e+00 -1.502449e-02 -2.011754e-03 9.998851e-01 1.989759e+02
9.934266e-01 1.107451e-01 2.896910e-02 -1.191224e+01 -1.107926e-01 9.938435e-01 3.494292e-05 2.376935e+00 -2.878688e-02 -3.244276e-03 9.995803e-01 1.998053e+02
9.931805e-01 1.130975e-01 2.831060e-02 -1.190365e+01 -1.131361e-01 9.935795e-01 -2.374681e-04 2.362855e+00 -2.815569e-02 -2.967104e-03 9.995991e-01 2.006088e+02
9.928833e-01 1.158953e-01 2.740539e-02 -1.190479e+01 -1.158625e-01 9.932614e-01 -2.787065e-03 2.349490e+00 -2.754373e-02 -4.080271e-04 9.996205e-01 2.014514e+02
9.926273e-01 1.183014e-01 2.637955e-02 -1.190104e+01 -1.182413e-01 9.929775e-01 -3.832875e-03 2.328124e+00 -2.664774e-02 6.854646e-04 9.996447e-01 2.022878e+02
9.924263e-01 1.201320e-01 2.565918e-02 -1.189845e+01 -1.200716e-01 9.927576e-01 -3.887202e-03 2.316896e+00 -2.594032e-02 7.768234e-04 9.996632e-01 2.031365e+02
9.923853e-01 1.204692e-01 2.566155e-02 -1.190583e+01 -1.204683e-01 9.927159e-01 -1.586381e-03 2.305129e+00 -2.566574e-02 -1.517103e-03 9.996694e-01 2.040020e+02
9.924826e-01 1.197434e-01 2.529343e-02 -1.189556e+01 -1.197657e-01 9.928020e-01 -6.384047e-04 2.296276e+00 -2.518781e-02 -2.395680e-03 9.996799e-01 2.048584e+02
9.924582e-01 1.202154e-01 2.397739e-02 -1.188741e+01 -1.202429e-01 9.927445e-01 -3.005001e-04 2.286077e+00 -2.383954e-02 -2.584876e-03 9.997125e-01 2.057074e+02
9.925199e-01 1.200359e-01 2.226416e-02 -1.187645e+01 -1.200737e-01 9.927649e-01 3.641154e-04 2.274895e+00 -2.205937e-02 -3.034733e-03 9.997521e-01 2.065574e+02
9.928025e-01 1.179713e-01 2.063737e-02 -1.186536e+01 -1.180387e-01 9.930068e-01 2.072763e-03 2.260661e+00 -2.024852e-02 -4.493853e-03 9.997849e-01 2.073944e+02
9.930586e-01 1.171888e-01 1.007332e-02 -1.184883e+01 -1.172758e-01 9.930627e-01 8.530713e-03 2.244195e+00 -9.003738e-03 -9.652855e-03 9.999129e-01 2.082436e+02
9.931166e-01 1.167944e-01 8.857396e-03 -1.184971e+01 -1.168854e-01 9.930893e-01 1.055693e-02 2.236808e+00 -7.563195e-03 -1.151956e-02 9.999050e-01 2.090658e+02
9.930341e-01 1.176143e-01 7.075027e-03 -1.186316e+01 -1.176903e-01 9.929837e-01 1.150744e-02 2.230703e+00 -5.671945e-03 -1.225995e-02 9.999088e-01 2.098711e+02
9.931717e-01 1.165327e-01 5.477662e-03 -1.187105e+01 -1.165907e-01 9.931096e-01 1.182738e-02 2.228139e+00 -4.061642e-03 -1.238526e-02 9.999151e-01 2.106963e+02
9.932382e-01 1.160392e-01 3.563043e-03 -1.187158e+01 -1.160746e-01 9.931651e-01 1.223667e-02 2.222088e+00 -2.118756e-03 -1.256751e-02 9.999188e-01 2.115179e+02
9.930734e-01 1.174772e-01 2.060323e-03 -1.187833e+01 -1.174938e-01 9.929966e-01 1.236992e-02 2.221677e+00 -5.927106e-04 -1.252631e-02 9.999214e-01 2.123272e+02
9.931036e-01 1.172383e-01 6.080911e-04 -1.189163e+01 -1.172385e-01 9.930541e-01 9.933175e-03 2.215068e+00 5.606809e-04 -9.935964e-03 9.999505e-01 2.131285e+02
9.930365e-01 1.178006e-01 -1.235139e-03 -1.189905e+01 -1.177887e-01 9.930123e-01 7.235585e-03 2.209116e+00 2.078865e-03 -7.039715e-03 9.999731e-01 2.139507e+02
9.928511e-01 1.193476e-01 -1.661984e-03 -1.192454e+01 -1.193381e-01 9.928413e-01 4.952564e-03 2.203552e+00 2.241163e-03 -4.718821e-03 9.999864e-01 2.147736e+02
9.926089e-01 1.213536e-01 -9.772391e-04 -1.193868e+01 -1.213432e-01 9.925830e-01 7.399168e-03 2.200074e+00 1.867907e-03 -7.225898e-03 9.999721e-01 2.155699e+02
9.920237e-01 1.218123e-01 -3.241519e-02 -1.193657e+01 -1.211270e-01 9.923857e-01 2.233478e-02 2.190571e+00 3.488902e-02 -1.823028e-02 9.992249e-01 2.163744e+02
9.921246e-01 1.210742e-01 -3.209016e-02 -1.194898e+01 -1.203442e-01 9.924472e-01 2.378524e-02 2.179631e+00 3.472757e-02 -1.973606e-02 9.992019e-01 2.171607e+02
9.921338e-01 1.208460e-01 -3.266076e-02 -1.191832e+01 -1.201012e-01 9.924743e-01 2.388443e-02 2.176649e+00 3.530130e-02 -1.977395e-02 9.991811e-01 2.178555e+02
9.919139e-01 1.226154e-01 -3.274518e-02 -1.195503e+01 -1.219495e-01 9.923008e-01 2.162038e-02 2.186805e+00 3.514406e-02 -1.745230e-02 9.992299e-01 2.185982e+02
9.917795e-01 1.234504e-01 -3.366694e-02 -1.197430e+01 -1.228529e-01 9.922376e-01 1.928088e-02 2.182314e+00 3.578584e-02 -1.498630e-02 9.992471e-01 2.192987e+02
9.915712e-01 1.245443e-01 -3.571108e-02 -1.198671e+01 -1.239146e-01 9.921043e-01 1.934366e-02 2.185052e+00 3.783825e-02 -1.475549e-02 9.991749e-01 2.199877e+02
9.915154e-01 1.246594e-01 -3.683968e-02 -1.202403e+01 -1.239638e-01 9.920727e-01 2.060730e-02 2.187633e+00 3.911653e-02 -1.586567e-02 9.991087e-01 2.206822e+02
9.914413e-01 1.247285e-01 -3.856125e-02 -1.205764e+01 -1.238992e-01 9.920234e-01 2.320635e-02 2.187568e+00 4.114815e-02 -1.823002e-02 9.989867e-01 2.213573e+02
9.912676e-01 1.253045e-01 -4.107664e-02 -1.209078e+01 -1.243119e-01 9.919051e-01 2.589884e-02 2.181406e+00 4.398937e-02 -2.056637e-02 9.988203e-01 2.219988e+02
9.910848e-01 1.255190e-01 -4.467539e-02 -1.210981e+01 -1.244812e-01 9.918991e-01 2.531020e-02 2.182265e+00 4.749039e-02 -1.952331e-02 9.986809e-01 2.226081e+02
9.846619e-01 1.249379e-01 -1.217843e-01 -1.217889e+01 -1.212721e-01 9.919261e-01 3.709159e-02 2.185480e+00 1.254352e-01 -2.175364e-02 9.918633e-01 2.234559e+02
9.843578e-01 1.243331e-01 -1.248237e-01 -1.223858e+01 -1.205341e-01 9.919980e-01 3.756902e-02 2.195912e+00 1.284959e-01 -2.193586e-02 9.914674e-01 2.240378e+02
9.839958e-01 1.245293e-01 -1.274547e-01 -1.233238e+01 -1.206963e-01 9.919848e-01 3.739748e-02 2.202833e+00 1.310902e-01 -2.141564e-02 9.911391e-01 2.245990e+02
9.836101e-01 1.246647e-01 -1.302681e-01 -1.238995e+01 -1.207316e-01 9.919692e-01 3.769692e-02 2.211487e+00 1.339215e-01 -2.135159e-02 9.907619e-01 2.251209e+02
9.834186e-01 1.253764e-01 -1.310294e-01 -1.246518e+01 -1.214185e-01 9.918813e-01 3.780315e-02 2.225243e+00 1.347052e-01 -2.126692e-02 9.906575e-01 2.256360e+02
9.834606e-01 1.266063e-01 -1.295223e-01 -1.253561e+01 -1.227304e-01 9.917308e-01 3.751388e-02 2.239068e+00 1.332008e-01 -2.099710e-02 9.908666e-01 2.261386e+02
9.838161e-01 1.275451e-01 -1.258496e-01 -1.259582e+01 -1.238377e-01 9.916166e-01 3.688775e-02 2.250117e+00 1.294994e-01 -2.070585e-02 9.913633e-01 2.266191e+02
9.844319e-01 1.286547e-01 -1.197575e-01 -1.264737e+01 -1.251988e-01 9.914791e-01 3.597862e-02 2.263250e+00 1.233659e-01 -2.042500e-02 9.921510e-01 2.270929e+02
9.853571e-01 1.291122e-01 -1.113619e-01 -1.268796e+01 -1.260221e-01 9.914314e-01 3.438398e-02 2.262149e+00 1.148471e-01 -1.984643e-02 9.931849e-01 2.275520e+02
9.865130e-01 1.302850e-01 -9.908574e-02 -1.273391e+01 -1.276363e-01 9.912837e-01 3.264392e-02 2.258595e+00 1.024751e-01 -1.955671e-02 9.945433e-01 2.280130e+02
9.749632e-01 1.328097e-01 -1.783492e-01 -1.278439e+01 -1.266737e-01 9.909043e-01 4.541395e-02 2.268962e+00 1.827584e-01 -2.168478e-02 9.829187e-01 2.286952e+02
9.779139e-01 1.334434e-01 -1.608639e-01 -1.284488e+01 -1.281422e-01 9.908259e-01 4.293734e-02 2.287066e+00 1.651178e-01 -2.137557e-02 9.860422e-01 2.291380e+02
9.811980e-01 1.313911e-01 -1.413751e-01 -1.288963e+01 -1.269342e-01 9.910989e-01 4.013444e-02 2.289895e+00 1.453901e-01 -2.143449e-02 9.891422e-01 2.295869e+02
9.840863e-01 1.314989e-01 -1.195083e-01 -1.292709e+01 -1.283588e-01 9.911572e-01 3.363771e-02 2.296227e+00 1.228748e-01 -1.776246e-02 9.922632e-01 2.300221e+02
9.865745e-01 1.332450e-01 -9.442716e-02 -1.295591e+01 -1.313826e-01 9.909985e-01 2.570088e-02 2.297720e+00 9.700169e-02 -1.294975e-02 9.952000e-01 2.304530e+02
9.887576e-01 1.344650e-01 -6.540278e-02 -1.296811e+01 -1.335504e-01 9.908753e-01 1.817964e-02 2.296145e+00 6.725052e-02 -9.240685e-03 9.976933e-01 2.308820e+02
9.904862e-01 1.336131e-01 -3.293501e-02 -1.296081e+01 -1.332573e-01 9.909991e-01 1.278192e-02 2.288515e+00 3.434640e-02 -8.271482e-03 9.993758e-01 2.313116e+02
9.912619e-01 1.318925e-01 2.069365e-03 -1.292928e+01 -1.319052e-01 9.912284e-01 8.206007e-03 2.282031e+00 -9.689020e-04 -8.407261e-03 9.999642e-01 2.317378e+02
9.911332e-01 1.270209e-01 3.899478e-02 -1.287892e+01 -1.272565e-01 9.918633e-01 3.610916e-03 2.278138e+00 -3.821883e-02 -8.541239e-03 9.992329e-01 2.321549e+02
9.897026e-01 1.200808e-01 7.790605e-02 -1.281534e+01 -1.204058e-01 9.927246e-01 -5.295199e-04 2.270033e+00 -7.740284e-02 -8.856274e-03 9.969606e-01 2.325605e+02
9.855413e-01 1.124605e-01 1.267323e-01 -1.275180e+01 -1.129536e-01 9.935947e-01 -3.311653e-03 2.263415e+00 -1.262930e-01 -1.105110e-02 9.919314e-01 2.331923e+02
9.803067e-01 1.055199e-01 1.669259e-01 -1.265336e+01 -1.060222e-01 9.943461e-01 -5.925062e-03 2.252102e+00 -1.666074e-01 -1.188948e-02 9.859516e-01 2.335816e+02
9.727649e-01 1.022307e-01 2.080323e-01 -1.254128e+01 -1.026867e-01 9.946763e-01 -8.635089e-03 2.234082e+00 -2.078076e-01 -1.296224e-02 9.780838e-01 2.339580e+02
9.624312e-01 1.034074e-01 2.510639e-01 -1.242549e+01 -1.030393e-01 9.945694e-01 -1.464779e-02 2.220105e+00 -2.512152e-01 -1.177197e-02 9.678597e-01 2.343395e+02
9.495907e-01 1.081630e-01 2.942417e-01 -1.229790e+01 -1.061740e-01 9.940867e-01 -2.277579e-02 2.202695e+00 -2.949653e-01 -9.613126e-03 9.554596e-01 2.347064e+02
9.343220e-01 1.140951e-01 3.376754e-01 -1.215657e+01 -1.091212e-01 9.934556e-01 -3.374289e-02 2.186575e+00 -3.393154e-01 -5.320810e-03 9.406576e-01 2.350662e+02
9.172888e-01 1.159679e-01 3.809628e-01 -1.198845e+01 -1.064582e-01 9.932516e-01 -4.602109e-02 2.167453e+00 -3.837289e-01 1.658004e-03 9.234443e-01 2.354145e+02
8.987333e-01 1.137944e-01 4.234729e-01 -1.179439e+01 -9.987758e-02 9.934787e-01 -5.499528e-02 2.142938e+00 -4.269695e-01 7.130640e-03 9.042379e-01 2.357499e+02
8.781315e-01 1.103284e-01 4.655241e-01 -1.157829e+01 -9.118530e-02 9.938057e-01 -6.352487e-02 2.118532e+00 -4.696491e-01 1.333423e-02 8.827525e-01 2.360794e+02
8.547153e-01 1.127311e-01 5.067084e-01 -1.134530e+01 -8.755205e-02 9.934566e-01 -7.333882e-02 2.097872e+00 -5.116604e-01 1.832045e-02 8.589925e-01 2.364049e+02
8.060128e-01 1.197029e-01 5.796677e-01 -1.111635e+01 -8.593544e-02 9.926262e-01 -8.548891e-02 2.070360e+00 -5.856266e-01 1.909115e-02 8.103561e-01 2.367385e+02
7.729889e-01 1.332487e-01 6.202685e-01 -1.086189e+01 -9.929616e-02 9.910555e-01 -8.915823e-02 2.030507e+00 -6.266007e-01 7.328040e-03 7.793060e-01 2.370633e+02
7.407446e-01 1.381448e-01 6.574295e-01 -1.057857e+01 -1.028732e-01 9.904118e-01 -9.220370e-02 1.976677e+00 -6.638634e-01 6.675129e-04 7.478536e-01 2.373673e+02
7.070658e-01 1.355398e-01 6.940367e-01 -1.026597e+01 -9.394467e-02 9.907641e-01 -9.778000e-02 1.927292e+00 -7.008797e-01 3.935844e-03 7.132686e-01 2.376426e+02
6.713788e-01 1.340153e-01 7.288967e-01 -9.922523e+00 -8.123895e-02 9.908958e-01 -1.073582e-01 1.885402e+00 -7.366483e-01 1.286322e-02 6.761537e-01 2.379025e+02
6.330113e-01 1.347334e-01 7.623278e-01 -9.576149e+00 -7.113624e-02 9.906955e-01 -1.160259e-01 1.839292e+00 -7.708673e-01 1.921658e-02 6.367059e-01 2.381394e+02
5.903093e-01 1.421172e-01 7.945676e-01 -9.223607e+00 -7.325196e-02 9.897484e-01 -1.226062e-01 1.782971e+00 -8.038464e-01 1.417198e-02 5.946681e-01 2.383767e+02
5.455798e-01 1.505308e-01 8.244290e-01 -8.845879e+00 -7.992495e-02 9.885983e-01 -1.276144e-01 1.724283e+00 -8.342390e-01 3.731400e-03 5.513904e-01 2.386251e+02
5.011468e-01 1.518413e-01 8.519367e-01 -8.437098e+00 -8.219885e-02 9.883868e-01 -1.278079e-01 1.657228e+00 -8.614495e-01 -5.977695e-03 5.078081e-01 2.388549e+02
4.574897e-01 1.498322e-01 8.765007e-01 -7.999187e+00 -8.016822e-02 9.886375e-01 -1.271574e-01 1.579829e+00 -8.855937e-01 -1.209430e-02 4.643032e-01 2.390738e+02
3.857363e-01 1.433198e-01 9.114093e-01 -7.545527e+00 -6.150251e-02 9.896578e-01 -1.295947e-01 1.514161e+00 -9.205569e-01 -6.064565e-03 3.905615e-01 2.392534e+02
3.476071e-01 1.452606e-01 9.263199e-01 -7.067958e+00 -5.390859e-02 9.893888e-01 -1.349212e-01 1.443482e+00 -9.360893e-01 -3.037026e-03 3.517494e-01 2.394036e+02
3.123082e-01 1.469912e-01 9.385399e-01 -6.567499e+00 -4.385062e-02 9.891342e-01 -1.403234e-01 1.374065e+00 -9.489682e-01 2.668568e-03 3.153603e-01 2.395444e+02
2.798201e-01 1.498914e-01 9.482791e-01 -6.045462e+00 -3.978444e-02 9.886987e-01 -1.445407e-01 1.301549e+00 -9.592278e-01 2.718650e-03 2.826212e-01 2.396886e+02
2.512977e-01 1.493596e-01 9.563165e-01 -5.501997e+00 -3.661360e-02 9.887820e-01 -1.448089e-01 1.221461e+00 -9.672171e-01 1.375954e-03 2.539472e-01 2.398277e+02
2.259467e-01 1.445503e-01 9.633552e-01 -4.948021e+00 -3.114710e-02 9.894956e-01 -1.411673e-01 1.139266e+00 -9.736416e-01 1.890574e-03 2.280756e-01 2.399363e+02
1.998402e-01 1.424737e-01 9.694149e-01 -4.384672e+00 -3.253989e-02 9.897912e-01 -1.387604e-01 1.048438e+00 -9.792880e-01 -3.814741e-03 2.024361e-01 2.400419e+02
1.743316e-01 1.424236e-01 9.743326e-01 -3.792309e+00 -2.956410e-02 9.897956e-01 -1.393941e-01 9.649957e-01 -9.842431e-01 -4.504469e-03 1.767632e-01 2.401418e+02
1.503769e-01 1.448566e-01 9.779588e-01 -3.176280e+00 -3.111585e-02 9.894107e-01 -1.417683e-01 8.699487e-01 -9.881390e-01 -9.111344e-03 1.532918e-01 2.402473e+02
1.298631e-01 1.472674e-01 9.805345e-01 -2.561381e+00 -2.516213e-02 9.890796e-01 -1.452183e-01 7.721171e-01 -9.912126e-01 -5.813843e-03 1.321505e-01 2.403189e+02
8.001720e-02 1.438686e-01 9.863565e-01 -1.922271e+00 -9.386536e-03 9.895943e-01 -1.435794e-01 6.719470e-01 -9.967493e-01 2.230353e-03 8.053500e-02 2.403763e+02
6.193713e-02 1.411425e-01 9.880499e-01 -1.258075e+00 -7.050968e-03 9.899877e-01 -1.409774e-01 5.670013e-01 -9.980551e-01 1.765024e-03 6.231219e-02 2.404190e+02
4.603858e-02 1.371925e-01 9.894739e-01 -5.874161e-01 -7.761360e-03 9.905435e-01 -1.369796e-01 4.629091e-01 -9.989095e-01 -1.373315e-03 4.666801e-02 2.404361e+02
3.135512e-02 1.341962e-01 9.904586e-01 1.077632e-01 -8.484948e-03 9.909459e-01 -1.339936e-01 3.565252e-01 -9.994723e-01 -4.202604e-03 3.220987e-02 2.404656e+02
2.141492e-02 1.339563e-01 9.907558e-01 7.977839e-01 -5.417931e-03 9.909841e-01 -1.338700e-01 2.567248e-01 -9.997560e-01 -2.501031e-03 2.194761e-02 2.404758e+02
1.512818e-02 1.361195e-01 9.905769e-01 1.509341e+00 3.108435e-04 9.906896e-01 -1.361398e-01 1.606770e-01 -9.998855e-01 2.367461e-03 1.494502e-02 2.404695e+02
1.106523e-02 1.380020e-01 9.903701e-01 2.245123e+00 5.415432e-03 9.904080e-01 -1.380678e-01 5.754658e-02 -9.999241e-01 6.891035e-03 1.021176e-02 2.404766e+02
7.353051e-03 1.362580e-01 9.906461e-01 3.004577e+00 5.680607e-03 9.906512e-01 -1.363009e-01 -5.286823e-02 -9.999568e-01 6.629698e-03 6.510281e-03 2.404954e+02
4.542049e-03 1.334407e-01 9.910464e-01 3.761642e+00 2.996684e-03 9.910503e-01 -1.334550e-01 -1.654519e-01 -9.999852e-01 3.576012e-03 4.101520e-03 2.405077e+02
2.448739e-03 1.329683e-01 9.911173e-01 4.545633e+00 1.678108e-03 9.911183e-01 -1.329726e-01 -2.813436e-01 -9.999956e-01 1.988817e-03 2.203855e-03 2.405246e+02
-2.570738e-02 1.298613e-01 9.911989e-01 5.338903e+00 7.179594e-03 9.915250e-01 -1.297178e-01 -3.945004e-01 -9.996437e-01 3.781700e-03 -2.642186e-02 2.405237e+02
-2.705842e-02 1.293740e-01 9.912266e-01 6.135623e+00 9.755437e-03 9.915766e-01 -1.291533e-01 -5.032186e-01 -9.995863e-01 6.175164e-03 -2.809260e-02 2.405067e+02
-2.724183e-02 1.261288e-01 9.916398e-01 6.935126e+00 1.126765e-02 9.919836e-01 -1.258630e-01 -6.122000e-01 -9.995654e-01 7.744707e-03 -2.844463e-02 2.404813e+02
-2.557326e-02 1.230349e-01 9.920728e-01 7.719834e+00 1.249796e-02 9.923591e-01 -1.227482e-01 -7.286833e-01 -9.995948e-01 9.259812e-03 -2.691554e-02 2.404605e+02
-2.197815e-02 1.223568e-01 9.922428e-01 8.483384e+00 1.251849e-02 9.924384e-01 -1.221036e-01 -8.347249e-01 -9.996801e-01 9.737773e-03 -2.334368e-02 2.404298e+02
-1.842627e-02 1.243755e-01 9.920641e-01 9.287889e+00 1.318349e-02 9.921765e-01 -1.241448e-01 -9.460632e-01 -9.997433e-01 1.079134e-02 -1.992182e-02 2.404245e+02
-1.515332e-02 1.255129e-01 9.919763e-01 1.008856e+01 1.389107e-02 9.920208e-01 -1.253063e-01 -1.066982e+00 -9.997887e-01 1.188080e-02 -1.677592e-02 2.404172e+02
-1.232709e-02 1.238777e-01 9.922209e-01 1.089354e+01 1.351779e-02 9.922263e-01 -1.237104e-01 -1.176620e+00 -9.998326e-01 1.188765e-02 -1.390582e-02 2.404123e+02
-8.993444e-03 1.234698e-01 9.923076e-01 1.169837e+01 1.200154e-02 9.922896e-01 -1.233588e-01 -1.283626e+00 -9.998875e-01 1.079980e-02 -1.040593e-02 2.404140e+02
-5.589532e-03 1.233521e-01 9.923472e-01 1.251323e+01 1.173300e-02 9.923025e-01 -1.232804e-01 -1.398576e+00 -9.999155e-01 1.095413e-02 -6.993797e-03 2.404087e+02
-2.572713e-02 1.236400e-01 9.919936e-01 1.335301e+01 1.656319e-02 9.922385e-01 -1.232409e-01 -1.518079e+00 -9.995318e-01 1.325994e-02 -2.757532e-02 2.404189e+02
-2.362870e-02 1.261356e-01 9.917316e-01 1.416284e+01 1.380657e-02 9.919551e-01 -1.258351e-01 -1.627756e+00 -9.996255e-01 1.071910e-02 -2.518011e-02 2.404089e+02
-2.156381e-02 1.248143e-01 9.919458e-01 1.498869e+01 1.167738e-02 9.921402e-01 -1.245849e-01 -1.740184e+00 -9.996993e-01 8.896797e-03 -2.285183e-02 2.403959e+02
-2.000153e-02 1.216862e-01 9.923671e-01 1.580093e+01 7.245507e-03 9.925572e-01 -1.215635e-01 -1.853911e+00 -9.997737e-01 4.758748e-03 -2.073434e-02 2.403872e+02
-1.918634e-02 1.203434e-01 9.925469e-01 1.663510e+01 2.803881e-03 9.927322e-01 -1.203117e-01 -1.973131e+00 -9.998120e-01 4.746423e-04 -1.938433e-02 2.403939e+02
-1.773604e-02 1.217452e-01 9.924029e-01 1.745331e+01 8.411391e-04 9.925605e-01 -1.217495e-01 -2.086183e+00 -9.998424e-01 -1.324605e-03 -1.770650e-02 2.403853e+02
-1.676877e-02 1.237802e-01 9.921680e-01 1.826031e+01 -1.943347e-03 9.923016e-01 -1.238297e-01 -2.199193e+00 -9.998575e-01 -4.004597e-03 -1.639913e-02 2.403746e+02
-1.646761e-02 1.243442e-01 9.921025e-01 1.907960e+01 -2.776571e-03 9.922275e-01 -1.244060e-01 -2.311390e+00 -9.998605e-01 -4.803312e-03 -1.599436e-02 2.403689e+02
-1.640591e-02 1.241156e-01 9.921321e-01 1.991202e+01 -3.750758e-03 9.922511e-01 -1.241925e-01 -2.426990e+00 -9.998584e-01 -5.758738e-03 -1.581326e-02 2.403685e+02
-1.646324e-02 1.229666e-01 9.922742e-01 2.075483e+01 -3.524924e-03 9.923954e-01 -1.230401e-01 -2.544950e+00 -9.998583e-01 -5.523331e-03 -1.590460e-02 2.403662e+02
-3.525671e-02 1.183006e-01 9.923517e-01 2.158556e+01 2.869944e-03 9.929769e-01 -1.182732e-01 -2.661019e+00 -9.993742e-01 -1.321929e-03 -3.534862e-02 2.403538e+02
-3.547459e-02 1.185283e-01 9.923168e-01 2.240925e+01 3.265142e-03 9.929502e-01 -1.184873e-01 -2.772628e+00 -9.993652e-01 -9.632324e-04 -3.561152e-02 2.403254e+02
-3.629459e-02 1.187221e-01 9.922640e-01 2.325083e+01 2.711971e-03 9.929262e-01 -1.187021e-01 -2.889162e+00 -9.993375e-01 -1.617252e-03 -3.635982e-02 2.403078e+02
-3.678896e-02 1.187444e-01 9.922431e-01 2.410537e+01 2.410062e-03 9.929229e-01 -1.187364e-01 -2.998210e+00 -9.993202e-01 -1.976822e-03 -3.681478e-02 2.402934e+02
-3.792132e-02 1.186616e-01 9.922104e-01 2.493864e+01 4.410946e-04 9.929264e-01 -1.187303e-01 -3.111992e+00 -9.992806e-01 -4.064753e-03 -3.770542e-02 2.402736e+02
-4.018236e-02 1.180309e-01 9.921966e-01 2.576097e+01 -2.949603e-03 9.929802e-01 -1.182436e-01 -3.225526e+00 -9.991880e-01 -7.677893e-03 -3.955214e-02 2.402492e+02
-4.324403e-02 1.181915e-01 9.920487e-01 2.656227e+01 -5.607699e-03 9.929333e-01 -1.185414e-01 -3.324256e+00 -9.990488e-01 -1.068932e-02 -4.227566e-02 2.402332e+02
-4.554450e-02 1.181192e-01 9.919544e-01 2.736591e+01 -6.227936e-03 9.929319e-01 -1.185216e-01 -3.435182e+00 -9.989429e-01 -1.157583e-02 -4.448695e-02 2.401956e+02
-4.796755e-02 1.155085e-01 9.921476e-01 2.818240e+01 -9.680815e-03 9.931906e-01 -1.160980e-01 -3.552040e+00 -9.988020e-01 -1.517373e-02 -4.652270e-02 2.401673e+02
-5.025926e-02 1.117257e-01 9.924673e-01 2.895424e+01 -1.205651e-02 9.935829e-01 -1.124618e-01 -3.655052e+00 -9.986634e-01 -1.761794e-02 -4.858972e-02 2.401185e+02
-6.609073e-02 1.044195e-01 9.923349e-01 2.979044e+01 -7.500963e-03 9.944292e-01 -1.051395e-01 -3.762462e+00 -9.977854e-01 -1.439221e-02 -6.493930e-02 2.400909e+02
-6.715813e-02 1.038580e-01 9.923222e-01 3.058709e+01 -8.167403e-03 9.944770e-01 -1.046362e-01 -3.871486e+00 -9.977089e-01 -1.513187e-02 -6.593897e-02 2.400384e+02
-6.759916e-02 1.073059e-01 9.919253e-01 3.140928e+01 -5.809358e-03 9.941403e-01 -1.079414e-01 -3.970614e+00 -9.976956e-01 -1.305920e-02 -6.657967e-02 2.399940e+02
-6.766680e-02 1.116258e-01 9.914438e-01 3.224108e+01 -5.460811e-03 9.936652e-01 -1.122486e-01 -4.077398e+00 -9.976930e-01 -1.300959e-02 -6.662857e-02 2.399519e+02
-6.727938e-02 1.147615e-01 9.911121e-01 3.300016e+01 -5.159959e-03 9.933096e-01 -1.153662e-01 -4.176658e+00 -9.977208e-01 -1.287587e-02 -6.623709e-02 2.398873e+02
-6.702058e-02 1.155282e-01 9.910406e-01 3.380601e+01 -4.436348e-03 9.932296e-01 -1.160834e-01 -4.283571e+00 -9.977417e-01 -1.217658e-02 -6.605430e-02 2.398418e+02
-6.749156e-02 1.155451e-01 9.910067e-01 3.457538e+01 -4.852014e-03 9.932217e-01 -1.161338e-01 -4.382874e+00 -9.977080e-01 -1.264643e-02 -6.647346e-02 2.397838e+02
-6.875770e-02 1.156377e-01 9.909088e-01 3.534956e+01 -7.228184e-03 9.931757e-01 -1.164038e-01 -4.482527e+00 -9.976072e-01 -1.516613e-02 -6.745262e-02 2.397338e+02
-7.058739e-02 1.145416e-01 9.909075e-01 3.616446e+01 -8.566606e-03 9.932791e-01 -1.154260e-01 -4.586248e+00 -9.974688e-01 -1.663634e-02 -6.913175e-02 2.397013e+02
-7.217592e-02 1.121026e-01 9.910720e-01 3.697369e+01 -8.877361e-03 9.935520e-01 -1.130296e-01 -4.695972e+00 -9.973524e-01 -1.695612e-02 -7.071535e-02 2.396576e+02
-8.464265e-02 1.059803e-01 9.907592e-01 3.776236e+01 -5.804335e-03 9.942582e-01 -1.068505e-01 -4.802618e+00 -9.963945e-01 -1.479481e-02 -8.354150e-02 2.396122e+02
-8.642308e-02 1.056961e-01 9.906358e-01 3.852177e+01 -7.766853e-03 9.942545e-01 -1.067598e-01 -4.896818e+00 -9.962283e-01 -1.692063e-02 -8.510561e-02 2.395522e+02
-8.758252e-02 1.074304e-01 9.903474e-01 3.932198e+01 -8.205021e-03 9.940562e-01 -1.085584e-01 -5.000618e+00 -9.961235e-01 -1.763364e-02 -8.618048e-02 2.395007e+02
-8.721275e-02 1.096384e-01 9.901381e-01 4.012492e+01 -6.675383e-03 9.938386e-01 -1.106361e-01 -5.090596e+00 -9.961673e-01 -1.625843e-02 -8.594352e-02 2.394355e+02
-8.678613e-02 1.100599e-01 9.901288e-01 4.087086e+01 -5.483723e-03 9.938109e-01 -1.109498e-01 -5.189384e+00 -9.962119e-01 -1.505850e-02 -8.564547e-02 2.393711e+02
-8.640554e-02 1.082988e-01 9.903562e-01 4.160421e+01 -4.996860e-03 9.940144e-01 -1.091348e-01 -5.283219e+00 -9.962475e-01 -1.437853e-02 -8.534720e-02 2.393114e+02
-8.553959e-02 1.064413e-01 9.906327e-01 4.234950e+01 -6.647301e-03 9.941939e-01 -1.073979e-01 -5.385365e+00 -9.963126e-01 -1.577181e-02 -8.433539e-02 2.392506e+02
-8.537287e-02 1.045129e-01 9.908524e-01 4.311925e+01 -8.931287e-03 9.943630e-01 -1.056527e-01 -5.484675e+00 -9.963090e-01 -1.786946e-02 -8.395819e-02 2.391980e+02
-8.498543e-02 1.028977e-01 9.910548e-01 4.387534e+01 -1.192369e-02 9.944770e-01 -1.042755e-01 -5.584556e+00 -9.963108e-01 -2.067894e-02 -8.328913e-02 2.391467e+02
-8.391703e-02 1.039279e-01 9.910383e-01 4.458969e+01 -8.726958e-03 9.944315e-01 -1.050227e-01 -5.678323e+00 -9.964345e-01 -1.746194e-02 -8.254277e-02 2.390762e+02
-9.085662e-02 1.021636e-01 9.906097e-01 4.526179e+01 -5.726584e-03 9.946539e-01 -1.031060e-01 -5.767248e+00 -9.958475e-01 -1.504067e-02 -8.978584e-02 2.390035e+02
-9.150570e-02 1.059800e-01 9.901490e-01 4.601097e+01 -9.047934e-03 9.941910e-01 -1.072488e-01 -5.858428e+00 -9.957634e-01 -1.877268e-02 -9.001525e-02 2.389524e+02
-9.227832e-02 1.049438e-01 9.901876e-01 4.672737e+01 -8.327869e-03 9.943145e-01 -1.061572e-01 -5.946311e+00 -9.956984e-01 -1.804216e-02 -9.087971e-02 2.388877e+02
-9.125983e-02 1.019320e-01 9.905965e-01 4.747159e+01 -4.768588e-03 9.946914e-01 -1.027926e-01 -6.036849e+00 -9.958157e-01 -1.410459e-02 -9.028930e-02 2.388158e+02
-9.173348e-02 1.030322e-01 9.904390e-01 4.819861e+01 -4.648956e-03 9.945776e-01 -1.038933e-01 -6.136211e+00 -9.957727e-01 -1.413500e-02 -9.075707e-02 2.387526e+02
-9.288267e-02 1.097869e-01 9.896058e-01 4.896210e+01 -8.030486e-03 9.937875e-01 -1.110045e-01 -6.244913e+00 -9.956447e-01 -1.825741e-02 -9.142399e-02 2.386985e+02
-9.130685e-02 1.221624e-01 9.883013e-01 4.969403e+01 -5.135196e-03 9.923760e-01 -1.231405e-01 -6.336478e+00 -9.958096e-01 -1.631869e-02 -8.998339e-02 2.386412e+02
-9.010707e-02 1.294203e-01 9.874873e-01 5.041726e+01 4.569771e-04 9.915260e-01 -1.299079e-01 -6.433423e+00 -9.959320e-01 -1.125436e-02 -8.940264e-02 2.385790e+02
-8.958574e-02 1.246143e-01 9.881527e-01 5.114799e+01 1.057370e-03 9.921533e-01 -1.250230e-01 -6.533140e+00 -9.959786e-01 -1.015543e-02 -8.901455e-02 2.385215e+02
-8.857028e-02 1.179302e-01 9.890641e-01 5.187808e+01 -1.536642e-03 9.929492e-01 -1.185310e-01 -6.639055e+00 -9.960687e-01 -1.201816e-02 -8.776457e-02 2.384767e+02
-9.001631e-02 1.103019e-01 9.898134e-01 5.260075e+01 9.012222e-04 9.938567e-01 -1.106705e-01 -6.737315e+00 -9.959399e-01 -9.070107e-03 -8.956273e-02 2.384159e+02
-8.774788e-02 1.085918e-01 9.902061e-01 5.331479e+01 1.573953e-03 9.940543e-01 -1.088744e-01 -6.827284e+00 -9.961415e-01 -7.994958e-03 -8.739707e-02 2.383583e+02
-8.621530e-02 1.085454e-01 9.903458e-01 5.402601e+01 1.359899e-03 9.940590e-01 -1.088340e-01 -6.916713e+00 -9.962756e-01 -8.036387e-03 -8.585071e-02 2.383031e+02
-8.665747e-02 1.065062e-01 9.905286e-01 5.472436e+01 -5.204421e-03 9.942069e-01 -1.073570e-01 -7.014345e+00 -9.962246e-01 -1.445841e-02 -8.560115e-02 2.382581e+02
-8.735673e-02 1.060776e-01 9.905132e-01 5.541654e+01 -1.015354e-02 9.941679e-01 -1.073645e-01 -7.108078e+00 -9.961253e-01 -1.943623e-02 -8.577019e-02 2.382108e+02
-8.825873e-02 1.073782e-01 9.902931e-01 5.612915e+01 -1.236184e-02 9.939781e-01 -1.088795e-01 -7.200460e+00 -9.960209e-01 -2.185141e-02 -8.639985e-02 2.381651e+02
-8.962272e-02 1.082082e-01 9.900802e-01 5.683504e+01 -1.268900e-02 9.938758e-01 -1.097716e-01 -7.290890e+00 -9.958950e-01 -2.240116e-02 -8.770080e-02 2.381136e+02
-9.158061e-02 1.076880e-01 9.899577e-01 5.753253e+01 -1.472185e-02 9.938803e-01 -1.094766e-01 -7.379749e+00 -9.956888e-01 -2.459994e-02 -8.943481e-02 2.380608e+02
-9.303014e-02 1.072662e-01 9.898684e-01 5.821439e+01 -1.507214e-02 9.939142e-01 -1.091211e-01 -7.467155e+00 -9.955492e-01 -2.507099e-02 -9.084724e-02 2.380067e+02
-9.435121e-02 1.054505e-01 9.899384e-01 5.888968e+01 -1.433094e-02 9.941274e-01 -1.072626e-01 -7.563451e+00 -9.954358e-01 -2.430711e-02 -9.228592e-02 2.379499e+02
-9.649220e-02 1.025522e-01 9.900365e-01 5.956409e+01 -9.635850e-03 9.945351e-01 -1.039573e-01 -7.649771e+00 -9.952871e-01 -1.957092e-02 -9.497670e-02 2.378865e+02
-9.739426e-02 1.019820e-01 9.900071e-01 6.024683e+01 -1.059916e-02 9.945735e-01 -1.034951e-01 -7.736090e+00 -9.951894e-01 -2.057307e-02 -9.578483e-02 2.378322e+02
-9.704970e-02 1.007998e-01 9.901620e-01 6.090526e+01 -1.352351e-02 9.946328e-01 -1.025804e-01 -7.825245e+00 -9.951877e-01 -2.334586e-02 -9.516565e-02 2.377749e+02
-9.636504e-02 1.017496e-01 9.901317e-01 6.156759e+01 -1.467639e-02 9.945079e-01 -1.036277e-01 -7.909073e+00 -9.952379e-01 -2.451765e-02 -9.434247e-02 2.377255e+02
-9.554637e-02 1.037527e-01 9.900032e-01 6.221903e+01 -1.663105e-02 9.942481e-01 -1.058027e-01 -7.987483e+00 -9.952860e-01 -2.657385e-02 -9.327128e-02 2.376699e+02
-9.554380e-02 1.062587e-01 9.897376e-01 6.287832e+01 -1.837845e-02 9.939284e-01 -1.084828e-01 -8.072358e+00 -9.952556e-01 -2.855471e-02 -9.301083e-02 2.376251e+02
-9.520648e-02 1.080089e-01 9.895806e-01 6.350421e+01 -1.862520e-02 9.937290e-01 -1.102536e-01 -8.161647e+00 -9.952833e-01 -2.892799e-02 -9.259775e-02 2.375607e+02
-9.488164e-02 1.084875e-01 9.895595e-01 6.416394e+01 -1.770526e-02 9.937029e-01 -1.106394e-01 -8.244119e+00 -9.953311e-01 -2.801805e-02 -9.236337e-02 2.375168e+02
-9.463675e-02 1.074983e-01 9.896909e-01 6.477263e+01 -1.944578e-02 9.937635e-01 -1.098001e-01 -8.328080e+00 -9.953219e-01 -2.963643e-02 -9.195616e-02 2.374507e+02
-9.517588e-02 1.050155e-01 9.899057e-01 6.542577e+01 -2.322671e-02 9.939149e-01 -1.076740e-01 -8.420145e+00 -9.951895e-01 -3.324022e-02 -9.215756e-02 2.374109e+02
-9.416209e-02 1.010648e-01 9.904138e-01 6.605348e+01 -2.135437e-02 9.944000e-01 -1.035018e-01 -8.504970e+00 -9.953278e-01 -3.089562e-02 -9.147661e-02 2.373570e+02
-9.446960e-02 1.008976e-01 9.904015e-01 6.670264e+01 -1.846043e-02 9.945021e-01 -1.030762e-01 -8.579811e+00 -9.953566e-01 -2.802080e-02 -9.208761e-02 2.372980e+02
-9.628424e-02 1.013662e-01 9.901789e-01 6.733386e+01 -1.512927e-02 9.945369e-01 -1.032835e-01 -8.656533e+00 -9.952389e-01 -2.492525e-02 -9.422463e-02 2.372354e+02
-9.972800e-02 1.009128e-01 9.898843e-01 6.794106e+01 -1.755945e-02 9.945104e-01 -1.031535e-01 -8.736122e+00 -9.948598e-01 -2.766911e-02 -9.740857e-02 2.371760e+02
-1.028705e-01 1.000309e-01 9.896522e-01 6.856852e+01 -1.974512e-02 9.945291e-01 -1.025763e-01 -8.811901e+00 -9.944988e-01 -3.009287e-02 -1.003325e-01 2.371219e+02
-1.051586e-01 9.860261e-02 9.895550e-01 6.918368e+01 -2.072199e-02 9.946389e-01 -1.013113e-01 -8.887033e+00 -9.942395e-01 -3.115930e-02 -1.025516e-01 2.370603e+02
-1.081083e-01 1.015900e-01 9.889348e-01 6.981635e+01 -1.718263e-02 9.944255e-01 -1.040324e-01 -8.966748e+00 -9.939906e-01 -2.823926e-02 -1.057601e-01 2.369922e+02
-1.132656e-01 1.051549e-01 9.879845e-01 7.044704e+01 -1.660681e-02 9.940443e-01 -1.077037e-01 -9.044203e+00 -9.934259e-01 -2.860640e-02 -1.108448e-01 2.369224e+02
-1.199850e-01 1.082418e-01 9.868573e-01 7.108404e+01 -1.691009e-02 9.936715e-01 -1.110452e-01 -9.121380e+00 -9.926317e-01 -3.001160e-02 -1.173953e-01 2.368479e+02
-1.263496e-01 1.092749e-01 9.859487e-01 7.172928e+01 -1.981770e-02 9.934377e-01 -1.126446e-01 -9.205377e+00 -9.917878e-01 -3.377184e-02 -1.233549e-01 2.367663e+02
-1.282486e-01 1.064450e-01 9.860131e-01 7.239019e+01 -1.784736e-02 9.938146e-01 -1.096086e-01 -9.282173e+00 -9.915814e-01 -3.165488e-02 -1.255556e-01 2.366832e+02
-1.333871e-01 1.050726e-01 9.854784e-01 7.307932e+01 -1.607048e-02 9.940040e-01 -1.081568e-01 -9.372702e+00 -9.909337e-01 -3.026383e-02 -1.308987e-01 2.365900e+02
-1.392890e-01 1.059948e-01 9.845627e-01 7.375236e+01 -1.349098e-02 9.939595e-01 -1.089150e-01 -9.458694e+00 -9.901599e-01 -2.845339e-02 -1.370177e-01 2.364922e+02
-1.454365e-01 1.065630e-01 9.836120e-01 7.444482e+01 -1.284705e-02 9.938953e-01 -1.095766e-01 -9.544448e+00 -9.892842e-01 -2.857295e-02 -1.431796e-01 2.364022e+02
-1.516820e-01 1.053010e-01 9.828043e-01 7.514118e+01 -1.586823e-02 9.939215e-01 -1.089412e-01 -9.626519e+00 -9.883020e-01 -3.211978e-02 -1.490891e-01 2.362936e+02
-1.574100e-01 1.022412e-01 9.822265e-01 7.584460e+01 -1.584049e-02 9.942368e-01 -1.060300e-01 -9.713329e+00 -9.874063e-01 -3.224912e-02 -1.548833e-01 2.361826e+02
-1.617750e-01 1.006208e-01 9.816844e-01 7.652194e+01 -1.402995e-02 9.944530e-01 -1.042416e-01 -9.791338e+00 -9.867279e-01 -3.063666e-02 -1.594659e-01 2.360563e+02
-1.668002e-01 1.012008e-01 9.807834e-01 7.723934e+01 -9.556532e-03 9.945060e-01 -1.042420e-01 -9.875528e+00 -9.859444e-01 -2.676047e-02 -1.649166e-01 2.359357e+02
-1.729290e-01 1.045190e-01 9.793729e-01 7.796639e+01 -1.124244e-02 9.940793e-01 -1.080736e-01 -9.963118e+00 -9.848701e-01 -2.969960e-02 -1.707301e-01 2.358150e+02
-1.777207e-01 1.083532e-01 9.780976e-01 7.868518e+01 -8.079262e-03 9.937257e-01 -1.115525e-01 -1.004947e+01 -9.840478e-01 -2.772750e-02 -1.757303e-01 2.356823e+02
-1.768652e-01 1.070468e-01 9.783965e-01 7.943168e+01 -3.819550e-03 9.939857e-01 -1.094429e-01 -1.014087e+01 -9.842277e-01 -2.309368e-02 -1.753927e-01 2.355430e+02
-1.806369e-01 1.063734e-01 9.777807e-01 8.020057e+01 -5.348355e-04 9.941235e-01 -1.082501e-01 -1.023386e+01 -9.835497e-01 -2.007692e-02 -1.795185e-01 2.353905e+02
-1.844565e-01 1.034852e-01 9.773774e-01 8.099041e+01 1.324500e-03 9.944666e-01 -1.050447e-01 -1.031791e+01 -9.828398e-01 -1.808163e-02 -1.835729e-01 2.352453e+02
-1.872718e-01 1.011315e-01 9.770884e-01 8.177509e+01 3.518183e-03 9.947489e-01 -1.022851e-01 -1.041075e+01 -9.823018e-01 -1.571755e-02 -1.866443e-01 2.350946e+02
-1.893526e-01 9.876839e-02 9.769291e-01 8.257244e+01 5.839714e-03 9.950238e-01 -9.946591e-02 -1.050060e+01 -9.818918e-01 -1.312915e-02 -1.889872e-01 2.349510e+02
-1.905216e-01 9.722717e-02 9.768564e-01 8.337633e+01 7.808389e-03 9.952019e-01 -9.753020e-02 -1.059562e+01 -9.816520e-01 -1.095393e-02 -1.903666e-01 2.347951e+02
-1.907913e-01 9.766297e-02 9.767603e-01 8.417682e+01 8.459258e-03 9.951651e-01 -9.785086e-02 -1.068397e+01 -9.815942e-01 -1.040642e-02 -1.906950e-01 2.346289e+02
-1.903492e-01 1.004288e-01 9.765660e-01 8.500774e+01 9.293534e-03 9.948934e-01 -1.005021e-01 -1.077892e+01 -9.816725e-01 -1.005474e-02 -1.903105e-01 2.344647e+02
-1.893593e-01 1.029621e-01 9.764947e-01 8.586137e+01 1.306381e-02 9.946632e-01 -1.023445e-01 -1.087892e+01 -9.818210e-01 -6.623147e-03 -1.896938e-01 2.342974e+02
-1.881108e-01 1.058812e-01 9.764238e-01 8.674347e+01 1.554003e-02 9.943684e-01 -1.048333e-01 -1.098001e+01 -9.820249e-01 -4.546618e-03 -1.886969e-01 2.341367e+02
-1.798945e-01 1.020378e-01 9.783794e-01 8.763433e+01 2.194208e-02 9.947743e-01 -9.971322e-02 -1.108614e+01 -9.834412e-01 3.529817e-03 -1.811933e-01 2.339667e+02
-1.759818e-01 1.030278e-01 9.789871e-01 8.856992e+01 2.775633e-02 9.946319e-01 -9.968478e-02 -1.118259e+01 -9.840020e-01 9.630384e-03 -1.778968e-01 2.338081e+02
-1.718410e-01 1.022250e-01 9.798065e-01 8.953295e+01 3.054431e-02 9.946762e-01 -9.841948e-02 -1.128488e+01 -9.846511e-01 1.301501e-02 -1.740485e-01 2.336655e+02
-1.666216e-01 1.019006e-01 9.807413e-01 9.045709e+01 3.458586e-02 9.946375e-01 -9.746848e-02 -1.137415e+01 -9.854142e-01 1.767943e-02 -1.692524e-01 2.334967e+02
-1.615730e-01 9.968532e-02 9.818131e-01 9.137847e+01 3.427390e-02 9.948518e-01 -9.536885e-02 -1.147926e+01 -9.862654e-01 1.824154e-02 -1.641578e-01 2.333454e+02
-1.570187e-01 1.006169e-01 9.824568e-01 9.238089e+01 3.430081e-02 9.947521e-01 -9.639404e-02 -1.158636e+01 -9.869998e-01 1.856340e-02 -1.596460e-01 2.332125e+02
-1.521117e-01 1.025739e-01 9.830263e-01 9.330590e+01 3.334675e-02 9.945665e-01 -9.861802e-02 -1.167824e+01 -9.878006e-01 1.777977e-02 -1.547057e-01 2.330643e+02
-1.469341e-01 1.030181e-01 9.837671e-01 9.428427e+01 3.446938e-02 9.944910e-01 -9.899280e-02 -1.178238e+01 -9.885455e-01 1.936443e-02 -1.496756e-01 2.329306e+02
-1.417957e-01 1.005955e-01 9.847713e-01 9.527392e+01 3.473652e-02 9.947160e-01 -9.660966e-02 -1.189347e+01 -9.892863e-01 2.050869e-02 -1.445408e-01 2.327931e+02
-1.371788e-01 1.001880e-01 9.854666e-01 9.625449e+01 3.272918e-02 9.947870e-01 -9.657957e-02 -1.200488e+01 -9.900054e-01 1.900484e-02 -1.397428e-01 2.326636e+02
-1.263205e-01 1.025930e-01 9.866701e-01 9.727965e+01 3.341710e-02 9.945132e-01 -9.913019e-02 -1.213038e+01 -9.914265e-01 2.044947e-02 -1.290558e-01 2.325432e+02
-1.240098e-01 1.102714e-01 9.861348e-01 9.826642e+01 3.275448e-02 9.937193e-01 -1.070005e-01 -1.224445e+01 -9.917402e-01 1.903122e-02 -1.268429e-01 2.324182e+02
-1.227622e-01 1.131328e-01 9.859667e-01 9.929376e+01 3.296232e-02 9.933980e-01 -1.098813e-01 -1.236294e+01 -9.918886e-01 1.901047e-02 -1.256809e-01 2.323082e+02
-1.215763e-01 1.095131e-01 9.865222e-01 1.002425e+02 3.256992e-02 9.937998e-01 -1.063072e-01 -1.249295e+01 -9.920476e-01 1.920651e-02 -1.243893e-01 2.321721e+02
-1.205162e-01 1.037875e-01 9.872710e-01 1.012488e+02 3.342082e-02 9.943801e-01 -1.004552e-01 -1.262293e+01 -9.921486e-01 2.088893e-02 -1.233076e-01 2.320528e+02
-1.189473e-01 1.003161e-01 9.878199e-01 1.022517e+02 3.750843e-02 9.946269e-01 -9.649084e-02 -1.273954e+01 -9.921918e-01 2.557426e-02 -1.220708e-01 2.319283e+02
-1.179817e-01 9.724066e-02 9.882432e-01 1.032417e+02 3.708695e-02 9.949310e-01 -9.347109e-02 -1.284217e+01 -9.923230e-01 2.562304e-02 -1.209900e-01 2.317990e+02
-1.181167e-01 9.549990e-02 9.883968e-01 1.042488e+02 3.546124e-02 9.951354e-01 -9.191325e-02 -1.296381e+01 -9.923663e-01 2.419329e-02 -1.209287e-01 2.316939e+02
-1.172227e-01 9.622912e-02 9.884325e-01 1.052548e+02 3.537360e-02 9.950674e-01 -9.267994e-02 -1.307188e+01 -9.924755e-01 2.410022e-02 -1.200485e-01 2.315779e+02
-1.163938e-01 1.002623e-01 9.881295e-01 1.062561e+02 3.430822e-02 9.947038e-01 -9.688811e-02 -1.318875e+01 -9.926104e-01 2.262378e-02 -1.192172e-01 2.314663e+02
-1.066691e-01 9.982663e-02 9.892706e-01 1.072310e+02 3.487003e-02 9.947108e-01 -9.661570e-02 -1.330840e+01 -9.936829e-01 2.418998e-02 -1.095858e-01 2.313523e+02
-1.055010e-01 9.980020e-02 9.893985e-01 1.082658e+02 3.534896e-02 9.946987e-01 -9.656551e-02 -1.341335e+01 -9.937907e-01 2.478644e-02 -1.084696e-01 2.312497e+02
-1.042378e-01 9.803567e-02 9.897088e-01 1.092972e+02 3.397202e-02 9.949001e-01 -9.497190e-02 -1.353396e+01 -9.939720e-01 2.372275e-02 -1.070366e-01 2.311382e+02
-1.035410e-01 9.929570e-02 9.896563e-01 1.103300e+02 3.071007e-02 9.948490e-01 -9.660372e-02 -1.366797e+01 -9.941510e-01 2.038998e-02 -1.060570e-01 2.310700e+02
-1.019609e-01 1.030840e-01 9.894330e-01 1.113419e+02 2.874541e-02 9.945065e-01 -1.006503e-01 -1.377458e+01 -9.943730e-01 1.817926e-02 -1.043640e-01 2.309779e+02
-9.956662e-02 1.040927e-01 9.895712e-01 1.123055e+02 2.842742e-02 9.944047e-01 -1.017409e-01 -1.388899e+01 -9.946247e-01 1.800096e-02 -1.019686e-01 2.308793e+02
-9.694183e-02 1.003125e-01 9.902220e-01 1.132540e+02 2.688235e-02 9.948089e-01 -9.814545e-02 -1.399796e+01 -9.949269e-01 1.710509e-02 -9.913524e-02 2.307698e+02
-9.365131e-02 9.632608e-02 9.909343e-01 1.141921e+02 2.613553e-02 9.952034e-01 -9.427105e-02 -1.409236e+01 -9.952620e-01 1.706999e-02 -9.571964e-02 2.306748e+02
-9.092513e-02 9.473044e-02 9.913419e-01 1.151966e+02 2.578112e-02 9.953557e-01 -9.274936e-02 -1.420624e+01 -9.955240e-01 1.712466e-02 -9.294510e-02 2.305937e+02
-8.868080e-02 9.573303e-02 9.914489e-01 1.161560e+02 2.465533e-02 9.952765e-01 -9.389731e-02 -1.431965e+01 -9.957549e-01 1.611761e-02 -9.062225e-02 2.305149e+02
-7.722638e-02 9.362695e-02 9.926077e-01 1.171048e+02 2.357836e-02 9.954740e-01 -9.206288e-02 -1.441913e+01 -9.967347e-01 1.629438e-02 -7.908442e-02 2.304283e+02
-7.635454e-02 9.197870e-02 9.928292e-01 1.180699e+02 1.743874e-02 9.957069e-01 -9.090416e-02 -1.453874e+01 -9.969282e-01 1.037274e-02 -7.763074e-02 2.303698e+02
-7.483242e-02 8.894826e-02 9.932212e-01 1.190639e+02 1.219721e-02 9.960210e-01 -8.828003e-02 -1.464416e+01 -9.971215e-01 5.508321e-03 -7.561958e-02 2.303091e+02
-7.475986e-02 8.773553e-02 9.933345e-01 1.200277e+02 7.158614e-03 9.961436e-01 -8.744488e-02 -1.474449e+01 -9.971759e-01 5.735312e-04 -7.509962e-02 2.302538e+02
-7.510426e-02 9.050759e-02 9.930598e-01 1.209920e+02 5.914089e-03 9.958954e-01 -9.031874e-02 -1.484393e+01 -9.971581e-01 -9.102781e-04 -7.533125e-02 2.301903e+02
-7.625538e-02 9.350747e-02 9.926940e-01 1.219603e+02 4.826250e-03 9.956158e-01 -9.341196e-02 -1.495119e+01 -9.970766e-01 -2.332174e-03 -7.637235e-02 2.301350e+02
-7.646138e-02 9.793014e-02 9.922517e-01 1.228918e+02 2.197135e-03 9.951791e-01 -9.804976e-02 -1.506208e+01 -9.970701e-01 -5.316909e-03 -7.630793e-02 2.300661e+02
-7.657889e-02 1.009441e-01 9.919405e-01 1.238411e+02 2.746286e-03 9.948795e-01 -1.010311e-01 -1.517124e+01 -9.970597e-01 -5.012699e-03 -7.646399e-02 2.300015e+02
-7.656030e-02 1.024342e-01 9.917892e-01 1.248016e+02 4.621377e-03 9.947345e-01 -1.023816e-01 -1.528667e+01 -9.970542e-01 -3.254936e-03 -7.663056e-02 2.299346e+02
-7.771735e-02 9.793063e-02 9.921540e-01 1.257363e+02 2.107528e-03 9.951779e-01 -9.806401e-02 -1.540227e+01 -9.969732e-01 -5.530283e-03 -7.754898e-02 2.298674e+02
-6.975012e-02 9.228962e-02 9.932862e-01 1.266868e+02 1.579679e-03 9.957203e-01 -9.240484e-02 -1.551216e+01 -9.975632e-01 -4.876175e-03 -6.959739e-02 2.298018e+02
-7.113134e-02 9.129487e-02 9.932802e-01 1.276242e+02 -5.395085e-04 9.957990e-01 -9.156501e-02 -1.561835e+01 -9.974668e-01 -7.049025e-03 -7.078326e-02 2.297317e+02
-7.434912e-02 9.120761e-02 9.930526e-01 1.285635e+02 -3.895549e-03 9.957745e-01 -9.174927e-02 -1.572628e+01 -9.972247e-01 -1.068996e-02 -7.367965e-02 2.296807e+02
-7.802999e-02 9.104632e-02 9.927849e-01 1.294929e+02 -7.010699e-03 9.957464e-01 -9.186894e-02 -1.583072e+01 -9.969264e-01 -1.412865e-02 -7.705978e-02 2.296173e+02
-8.187486e-02 8.991822e-02 9.925781e-01 1.304216e+02 -9.323588e-03 9.958091e-01 -9.098000e-02 -1.595167e+01 -9.965990e-01 -1.670336e-02 -8.069337e-02 2.295431e+02
-8.575525e-02 8.940876e-02 9.922964e-01 1.313474e+02 -9.619604e-03 9.958446e-01 -9.055979e-02 -1.605495e+01 -9.962698e-01 -1.731148e-02 -8.453882e-02 2.294634e+02
-9.042436e-02 8.947122e-02 9.918762e-01 1.322581e+02 -1.080557e-02 9.958095e-01 -9.081112e-02 -1.614604e+01 -9.958447e-01 -1.892933e-02 -8.907865e-02 2.293909e+02
-9.518520e-02 8.870470e-02 9.914995e-01 1.331974e+02 -1.573147e-02 9.957634e-01 -9.059642e-02 -1.629319e+01 -9.953353e-01 -2.422118e-02 -9.338648e-02 2.293171e+02
-9.953682e-02 9.124806e-02 9.908412e-01 1.341139e+02 -1.853681e-02 9.954435e-01 -9.353405e-02 -1.639397e+01 -9.948612e-01 -2.767712e-02 -9.739183e-02 2.292358e+02
-1.043542e-01 9.313138e-02 9.901701e-01 1.350503e+02 -1.372518e-02 9.953762e-01 -9.506754e-02 -1.647968e+01 -9.944455e-01 -2.351096e-02 -1.025935e-01 2.291460e+02
-1.006914e-01 9.171839e-02 9.906811e-01 1.359634e+02 -1.142899e-02 9.955694e-01 -9.333258e-02 -1.657835e+01 -9.948521e-01 -2.072027e-02 -9.919704e-02 2.290495e+02
-1.082057e-01 9.054460e-02 9.899966e-01 1.368916e+02 -1.229419e-02 9.956456e-01 -9.240501e-02 -1.668310e+01 -9.940525e-01 -2.216995e-02 -1.066214e-01 2.289541e+02
-1.166466e-01 8.998590e-02 9.890885e-01 1.378367e+02 -1.160056e-02 9.956956e-01 -9.195509e-02 -1.678454e+01 -9.931057e-01 -2.220023e-02 -1.151007e-01 2.288573e+02
-1.254740e-01 8.675275e-02 9.882966e-01 1.387681e+02 -1.151999e-02 9.959749e-01 -8.888933e-02 -1.688307e+01 -9.920300e-01 -2.253847e-02 -1.239695e-01 2.287456e+02
-1.351899e-01 8.456956e-02 9.872040e-01 1.397459e+02 -1.114984e-02 9.961578e-01 -8.686348e-02 -1.697522e+01 -9.907570e-01 -2.275023e-02 -1.337275e-01 2.286236e+02
-1.446718e-01 8.335809e-02 9.859622e-01 1.406466e+02 -1.274605e-02 9.962055e-01 -8.609435e-02 -1.707938e+01 -9.893976e-01 -2.502254e-02 -1.430604e-01 2.285083e+02
-1.538645e-01 8.361685e-02 9.845476e-01 1.415449e+02 -1.329721e-02 9.961475e-01 -8.668010e-02 -1.717247e+01 -9.880025e-01 -2.642872e-02 -1.521599e-01 2.283595e+02
-1.627763e-01 8.289162e-02 9.831749e-01 1.424405e+02 -1.171729e-02 9.962321e-01 -8.593241e-02 -1.726697e+01 -9.865934e-01 -2.550790e-02 -1.611917e-01 2.282190e+02
-1.716953e-01 8.335054e-02 9.816177e-01 1.433700e+02 -9.051530e-03 9.962389e-01 -8.617525e-02 -1.736684e+01 -9.851085e-01 -2.368103e-02 -1.702951e-01 2.280523e+02
-1.810060e-01 8.586295e-02 9.797267e-01 1.442835e+02 -6.398235e-03 9.960577e-01 -8.847629e-02 -1.746079e+01 -9.834612e-01 -2.228326e-02 -1.797431e-01 2.278806e+02
-1.825625e-01 8.622221e-02 9.794063e-01 1.452082e+02 -3.142782e-03 9.960910e-01 -8.827687e-02 -1.756304e+01 -9.831892e-01 -1.919411e-02 -1.815779e-01 2.277053e+02
-1.930630e-01 8.511330e-02 9.774878e-01 1.461218e+02 -9.056763e-04 9.962146e-01 -8.692280e-02 -1.766522e+01 -9.811859e-01 -1.766687e-02 -1.922552e-01 2.275149e+02
-2.036110e-01 8.446325e-02 9.754017e-01 1.470687e+02 2.935170e-03 9.963199e-01 -8.566192e-02 -1.776981e+01 -9.790475e-01 -1.457874e-02 -2.031096e-01 2.273263e+02
-2.138973e-01 8.683718e-02 9.729888e-01 1.480161e+02 6.710471e-03 9.961482e-01 -8.742891e-02 -1.787411e+01 -9.768331e-01 -1.217160e-02 -2.136562e-01 2.271320e+02
-2.224518e-01 8.910018e-02 9.708637e-01 1.489544e+02 1.142071e-02 9.959850e-01 -8.878886e-02 -1.797962e+01 -9.748768e-01 -8.663288e-03 -2.225762e-01 2.269268e+02
-2.280964e-01 8.909649e-02 9.695534e-01 1.499190e+02 1.660296e-02 9.960154e-01 -8.762220e-02 -1.807948e+01 -9.734970e-01 -3.888855e-03 -2.286668e-01 2.267095e+02
-2.321528e-01 8.906079e-02 9.685934e-01 1.508675e+02 2.256639e-02 9.960245e-01 -8.617432e-02 -1.818446e+01 -9.724175e-01 1.852042e-03 -2.332397e-01 2.264850e+02
-2.343714e-01 9.128521e-02 9.678518e-01 1.518013e+02 2.691729e-02 9.958092e-01 -8.740389e-02 -1.828347e+01 -9.717744e-01 5.566978e-03 -2.358463e-01 2.262595e+02
-2.342593e-01 9.498032e-02 9.675233e-01 1.527355e+02 3.121926e-02 9.954377e-01 -9.016175e-02 -1.838099e+01 -9.716728e-01 9.084134e-03 -2.361557e-01 2.260306e+02
-2.318492e-01 9.777444e-02 9.678255e-01 1.536817e+02 3.693394e-02 9.951031e-01 -9.168239e-02 -1.848817e+01 -9.720503e-01 1.448912e-02 -2.343250e-01 2.258069e+02
-2.196860e-01 9.857491e-02 9.705777e-01 1.546082e+02 4.096404e-02 9.949367e-01 -9.177686e-02 -1.859145e+01 -9.747102e-01 1.959669e-02 -2.226117e-01 2.255881e+02
-2.141508e-01 9.734758e-02 9.719377e-01 1.555262e+02 4.484885e-02 9.949521e-01 -8.977094e-02 -1.868740e+01 -9.757705e-01 2.436577e-02 -2.174357e-01 2.253856e+02
-2.073715e-01 9.326290e-02 9.738065e-01 1.564563e+02 4.808711e-02 9.952137e-01 -8.507298e-02 -1.879029e+01 -9.770797e-01 2.918584e-02 -2.108637e-01 2.251828e+02
-2.016960e-01 8.810149e-02 9.754778e-01 1.574107e+02 5.099487e-02 9.955401e-01 -7.936941e-02 -1.888760e+01 -9.781197e-01 3.373586e-02 -2.052892e-01 2.249945e+02
-1.963205e-01 8.819867e-02 9.765650e-01 1.583492e+02 5.277692e-02 9.954531e-01 -7.929472e-02 -1.898212e+01 -9.791184e-01 3.597291e-02 -2.000828e-01 2.248085e+02
-1.905640e-01 9.178269e-02 9.773747e-01 1.592778e+02 5.410876e-02 9.950882e-01 -8.289624e-02 -1.907159e+01 -9.801824e-01 3.708749e-02 -1.945943e-01 2.246207e+02
-1.845947e-01 9.745911e-02 9.779706e-01 1.602129e+02 5.463328e-02 9.945501e-01 -8.879914e-02 -1.916674e+01 -9.812951e-01 3.703789e-02 -1.889132e-01 2.244494e+02
-1.784571e-01 1.016258e-01 9.786855e-01 1.611495e+02 5.503160e-02 9.941259e-01 -9.319444e-02 -1.926052e+01 -9.824075e-01 3.722741e-02 -1.830015e-01 2.242729e+02
-1.723095e-01 1.017664e-01 9.797719e-01 1.620514e+02 5.302224e-02 9.941653e-01 -9.393658e-02 -1.936127e+01 -9.836148e-01 3.576354e-02 -1.767000e-01 2.240987e+02
-1.657307e-01 9.787441e-02 9.813022e-01 1.629933e+02 4.946217e-02 9.946354e-01 -9.085067e-02 -1.945805e+01 -9.849299e-01 3.348058e-02 -1.696827e-01 2.239420e+02
-1.516279e-01 9.324256e-02 9.840299e-01 1.639243e+02 5.117542e-02 9.949460e-01 -8.639137e-02 -1.956454e+01 -9.871120e-01 3.725880e-02 -1.556333e-01 2.237978e+02
-1.448240e-01 9.250169e-02 9.851241e-01 1.648316e+02 5.209038e-02 9.949526e-01 -8.576673e-02 -1.965725e+01 -9.880853e-01 3.889441e-02 -1.489114e-01 2.236533e+02
-1.394984e-01 9.280706e-02 9.858636e-01 1.657328e+02 5.040981e-02 9.949729e-01 -8.653167e-02 -1.975191e+01 -9.889383e-01 3.762617e-02 -1.434755e-01 2.235313e+02
-1.363654e-01 9.480078e-02 9.861122e-01 1.666332e+02 4.678876e-02 9.949162e-01 -8.917694e-02 -1.986342e+01 -9.895531e-01 3.397832e-02 -1.401077e-01 2.234101e+02
-1.342210e-01 9.831446e-02 9.860624e-01 1.675459e+02 4.807423e-02 9.945407e-01 -9.261601e-02 -1.995886e+01 -9.897846e-01 3.497317e-02 -1.382147e-01 2.232922e+02
-1.332999e-01 9.927362e-02 9.860912e-01 1.684264e+02 4.882991e-02 9.944201e-01 -9.351129e-02 -2.005721e+01 -9.898721e-01 3.568571e-02 -1.374036e-01 2.231662e+02
-1.328557e-01 9.609575e-02 9.864659e-01 1.692953e+02 4.973606e-02 9.946812e-01 -9.019766e-02 -2.015654e+01 -9.898867e-01 3.707966e-02 -1.369285e-01 2.230447e+02
-1.323005e-01 8.965328e-02 9.871468e-01 1.701888e+02 5.138440e-02 9.951824e-01 -8.349637e-02 -2.024908e+01 -9.898769e-01 3.967734e-02 -1.362699e-01 2.229355e+02
-1.317494e-01 8.380521e-02 9.877342e-01 1.710588e+02 5.102933e-02 9.956722e-01 -7.767214e-02 -2.033676e+01 -9.899687e-01 4.017016e-02 -1.354557e-01 2.228314e+02
-1.312864e-01 8.356354e-02 9.878163e-01 1.718709e+02 5.138189e-02 9.956753e-01 -7.739942e-02 -2.041960e+01 -9.900120e-01 4.059438e-02 -1.350122e-01 2.227161e+02
-1.241430e-01 8.762224e-02 9.883880e-01 1.727288e+02 5.592715e-02 9.951279e-01 -8.119521e-02 -2.049919e+01 -9.906870e-01 4.519790e-02 -1.284386e-01 2.226183e+02
-1.243787e-01 9.333698e-02 9.878351e-01 1.736311e+02 5.526896e-02 9.946719e-01 -8.702403e-02 -2.058611e+01 -9.906943e-01 4.377268e-02 -1.288747e-01 2.225472e+02
-1.248071e-01 9.655646e-02 9.874715e-01 1.744603e+02 5.240690e-02 9.945056e-01 -9.062052e-02 -2.067729e+01 -9.907960e-01 4.044023e-02 -1.291816e-01 2.224528e+02
-1.249723e-01 9.732895e-02 9.873748e-01 1.752961e+02 5.175117e-02 9.944615e-01 -9.147736e-02 -2.076288e+01 -9.908096e-01 3.966567e-02 -1.293170e-01 2.223567e+02
-1.257079e-01 9.647752e-02 9.873650e-01 1.761334e+02 5.228525e-02 9.945212e-01 -9.051999e-02 -2.085026e+01 -9.906885e-01 4.024554e-02 -1.300636e-01 2.222535e+02
-1.259710e-01 9.450981e-02 9.875217e-01 1.769267e+02 5.600624e-02 9.945415e-01 -8.803731e-02 -2.092087e+01 -9.904517e-01 4.421723e-02 -1.305765e-01 2.221320e+02
-1.272759e-01 9.036770e-02 9.877421e-01 1.777401e+02 5.729551e-02 9.948479e-01 -8.363497e-02 -2.100450e+01 -9.902111e-01 4.594847e-02 -1.317979e-01 2.220229e+02
-1.287867e-01 8.614085e-02 9.879240e-01 1.785599e+02 5.993498e-02 9.950751e-01 -7.895121e-02 -2.108680e+01 -9.898595e-01 4.904333e-02 -1.333153e-01 2.219157e+02
-1.302680e-01 8.410118e-02 9.879055e-01 1.793744e+02 6.189239e-02 9.951425e-01 -7.655596e-02 -2.117563e+01 -9.895451e-01 5.117103e-02 -1.348405e-01 2.218113e+02
-1.311495e-01 8.655376e-02 9.875770e-01 1.801816e+02 6.547223e-02 9.947627e-01 -7.848887e-02 -2.125166e+01 -9.891983e-01 5.436509e-02 -1.361295e-01 2.216966e+02
-1.258074e-01 9.283566e-02 9.877014e-01 1.809504e+02 6.855840e-02 9.940452e-01 -8.469936e-02 -2.132798e+01 -9.896829e-01 5.705942e-02 -1.314229e-01 2.215779e+02
-1.244663e-01 9.922855e-02 9.872496e-01 1.817281e+02 6.889929e-02 9.934494e-01 -9.116530e-02 -2.141220e+01 -9.898288e-01 5.667379e-02 -1.304877e-01 2.214761e+02
-1.217715e-01 1.009758e-01 9.874085e-01 1.824831e+02 7.130115e-02 9.931315e-01 -9.276792e-02 -2.149421e+01 -9.899939e-01 5.910688e-02 -1.281348e-01 2.213569e+02
-1.185929e-01 9.843394e-02 9.880519e-01 1.832714e+02 7.059656e-02 9.933918e-01 -9.049244e-02 -2.158368e+01 -9.904301e-01 5.902131e-02 -1.247583e-01 2.212594e+02
-1.142360e-01 9.360249e-02 9.890342e-01 1.840522e+02 6.925083e-02 9.938801e-01 -8.606245e-02 -2.166432e+01 -9.910371e-01 5.866001e-02 -1.200190e-01 2.211661e+02
-1.092062e-01 9.084578e-02 9.898591e-01 1.848156e+02 6.832986e-02 9.941455e-01 -8.370068e-02 -2.174657e+01 -9.916678e-01 5.849630e-02 -1.147743e-01 2.210735e+02
-1.048844e-01 9.058311e-02 9.903504e-01 1.855966e+02 6.682343e-02 9.942343e-01 -8.386133e-02 -2.181850e+01 -9.922368e-01 5.738286e-02 -1.103328e-01 2.209948e+02
-1.010776e-01 9.112165e-02 9.906968e-01 1.863635e+02 6.619339e-02 9.942062e-01 -8.469094e-02 -2.189497e+01 -9.926740e-01 5.701723e-02 -1.065236e-01 2.209136e+02
-9.697010e-02 9.400669e-02 9.908378e-01 1.871295e+02 6.649373e-02 9.939171e-01 -8.779131e-02 -2.197450e+01 -9.930636e-01 5.737137e-02 -1.026311e-01 2.208335e+02
-9.309211e-02 9.625834e-02 9.909935e-01 1.879055e+02 6.789661e-02 9.936125e-01 -9.013465e-02 -2.204793e+01 -9.933398e-01 5.889428e-02 -9.903310e-02 2.207572e+02
-8.658204e-02 9.571938e-02 9.916357e-01 1.887084e+02 6.926008e-02 9.935436e-01 -8.985629e-02 -2.213188e+01 -9.938343e-01 6.090082e-02 -9.265257e-02 2.206992e+02
-8.423845e-02 9.088779e-02 9.922919e-01 1.894562e+02 6.955327e-02 9.939389e-01 -8.513407e-02 -2.221051e+01 -9.940152e-01 6.184559e-02 -9.004941e-02 2.206224e+02
-8.154777e-02 8.680559e-02 9.928820e-01 1.901549e+02 7.024257e-02 9.942233e-01 -8.115367e-02 -2.228714e+01 -9.941911e-01 6.312468e-02 -8.717415e-02 2.205284e+02
-8.059999e-02 8.650223e-02 9.929859e-01 1.908991e+02 6.744139e-02 9.944174e-01 -8.115276e-02 -2.236646e+01 -9.944623e-01 6.042744e-02 -8.598386e-02 2.204686e+02
-8.004824e-02 9.019749e-02 9.927017e-01 1.916490e+02 6.572601e-02 9.942078e-01 -8.503441e-02 -2.244331e+01 -9.946217e-01 5.843947e-02 -8.551291e-02 2.204082e+02
-8.017238e-02 9.484563e-02 9.922584e-01 1.924345e+02 6.350357e-02 9.939265e-01 -8.987412e-02 -2.252194e+01 -9.947561e-01 5.580653e-02 -8.570849e-02 2.203651e+02
-8.091999e-02 9.668305e-02 9.920203e-01 1.931609e+02 5.712422e-02 9.940982e-01 -9.222589e-02 -2.259807e+01 -9.950823e-01 4.920547e-02 -8.596536e-02 2.203280e+02
-8.172519e-02 9.545256e-02 9.920735e-01 1.938962e+02 5.288769e-02 9.944161e-01 -9.132116e-02 -2.268211e+01 -9.952507e-01 4.500524e-02 -8.631711e-02 2.202727e+02
-8.226348e-02 9.135035e-02 9.924152e-01 1.945744e+02 5.100264e-02 9.948713e-01 -8.734871e-02 -2.276585e+01 -9.953047e-01 4.343018e-02 -8.650069e-02 2.202240e+02
-8.246224e-02 8.704698e-02 9.927854e-01 1.952617e+02 5.047726e-02 9.952644e-01 -8.307162e-02 -2.284136e+01 -9.953150e-01 4.326281e-02 -8.646563e-02 2.201684e+02
-8.000471e-02 8.453954e-02 9.932031e-01 1.959209e+02 5.258655e-02 9.953675e-01 -8.048780e-02 -2.291768e+01 -9.954064e-01 4.578972e-02 -8.407973e-02 2.201179e+02
-8.027143e-02 8.472139e-02 9.931660e-01 1.965432e+02 5.001449e-02 9.954686e-01 -8.087544e-02 -2.298834e+01 -9.955175e-01 4.318070e-02 -8.414498e-02 2.200676e+02
-8.020356e-02 8.705461e-02 9.929697e-01 1.971450e+02 4.871377e-02 9.953309e-01 -8.332693e-02 -2.305728e+01 -9.955874e-01 4.168818e-02 -8.406984e-02 2.200236e+02
-7.955815e-02 9.123847e-02 9.926460e-01 1.977263e+02 4.887052e-02 9.949620e-01 -8.753450e-02 -2.311595e+01 -9.956315e-01 4.154704e-02 -8.361620e-02 2.199759e+02
-7.903704e-02 9.368136e-02 9.924600e-01 1.982986e+02 4.965802e-02 9.947085e-01 -8.993896e-02 -2.318874e+01 -9.956341e-01 4.217509e-02 -8.327085e-02 2.199414e+02
-7.820420e-02 9.465545e-02 9.924336e-01 1.988307e+02 4.880901e-02 9.946521e-01 -9.102087e-02 -2.324973e+01 -9.957418e-01 4.132149e-02 -8.240602e-02 2.199033e+02
-7.756201e-02 9.467400e-02 9.924822e-01 1.993301e+02 4.577579e-02 9.947694e-01 -9.131482e-02 -2.330824e+01 -9.959361e-01 3.834910e-02 -8.149010e-02 2.198657e+02
-7.736336e-02 9.446629e-02 9.925175e-01 1.997933e+02 4.305104e-02 9.948891e-01 -9.133633e-02 -2.336520e+01 -9.960730e-01 3.566283e-02 -8.103484e-02 2.198239e+02
-7.785774e-02 9.630299e-02 9.923023e-01 2.002554e+02 4.199082e-02 9.947572e-01 -9.324656e-02 -2.342465e+01 -9.960798e-01 3.440763e-02 -8.149339e-02 2.197876e+02
-7.984034e-02 9.874598e-02 9.919046e-01 2.007335e+02 4.200520e-02 9.945306e-01 -9.562632e-02 -2.348044e+01 -9.959222e-01 3.403032e-02 -8.355151e-02 2.197568e+02
-8.092554e-02 1.023040e-01 9.914560e-01 2.011913e+02 4.395428e-02 9.941171e-01 -9.899094e-02 -2.353924e+01 -9.957505e-01 3.556784e-02 -8.494617e-02 2.197200e+02
-8.539993e-02 1.041621e-01 9.908870e-01 2.016357e+02 4.333024e-02 9.939676e-01 -1.007515e-01 -2.359375e+01 -9.954041e-01 3.433120e-02 -8.939814e-02 2.196776e+02
-9.034322e-02 1.048547e-01 9.903755e-01 2.020639e+02 4.382203e-02 9.938974e-01 -1.012300e-01 -2.364340e+01 -9.949461e-01 3.425481e-02 -9.438684e-02 2.196369e+02
-9.529212e-02 1.044863e-01 9.899505e-01 2.025035e+02 4.471712e-02 9.939214e-01 -1.006010e-01 -2.369967e+01 -9.944445e-01 3.468125e-02 -9.938520e-02 2.195935e+02
-1.004703e-01 1.047286e-01 9.894128e-01 2.029422e+02 4.613128e-02 9.938655e-01 -1.005155e-01 -2.375118e+01 -9.938700e-01 3.554405e-02 -1.046852e-01 2.195517e+02
-1.057750e-01 1.042604e-01 9.889092e-01 2.033572e+02 4.770427e-02 9.938752e-01 -9.968145e-02 -2.380526e+01 -9.932452e-01 3.663139e-02 -1.101008e-01 2.195064e+02
-1.106360e-01 1.027314e-01 9.885373e-01 2.037331e+02 4.948623e-02 9.939791e-01 -9.775850e-02 -2.384813e+01 -9.926282e-01 3.810337e-02 -1.150537e-01 2.194567e+02
-1.150312e-01 1.015432e-01 9.881583e-01 2.040895e+02 4.987695e-02 9.940973e-01 -9.634738e-02 -2.389375e+01 -9.921089e-01 3.820336e-02 -1.194169e-01 2.194090e+02
-1.189335e-01 1.019582e-01 9.876535e-01 2.044203e+02 4.987299e-02 9.940715e-01 -9.661503e-02 -2.393246e+01 -9.916489e-01 3.776647e-02 -1.233133e-01 2.193622e+02
-1.232452e-01 1.039289e-01 9.869191e-01 2.047289e+02 4.930563e-02 9.939140e-01 -9.850828e-02 -2.397525e+01 -9.911506e-01 3.651999e-02 -1.276195e-01 2.193199e+02
-1.251084e-01 1.076816e-01 9.862822e-01 2.050381e+02 5.213370e-02 9.934328e-01 -1.018492e-01 -2.401394e+01 -9.907724e-01 3.867636e-02 -1.299006e-01 2.192709e+02
-1.288891e-01 1.084870e-01 9.857069e-01 2.053590e+02 5.383971e-02 9.932973e-01 -1.022824e-01 -2.405339e+01 -9.901964e-01 3.988709e-02 -1.338661e-01 2.192284e+02
-1.330188e-01 1.074220e-01 9.852748e-01 2.056726e+02 5.586271e-02 9.933413e-01 -1.007596e-01 -2.409458e+01 -9.895380e-01 4.163720e-02 -1.381339e-01 2.191757e+02
-1.385751e-01 1.060959e-01 9.846525e-01 2.059873e+02 5.657816e-02 9.934694e-01 -9.908337e-02 -2.413446e+01 -9.887345e-01 4.197934e-02 -1.436729e-01 2.191289e+02
-1.443114e-01 1.056612e-01 9.838750e-01 2.063065e+02 5.737058e-02 9.935037e-01 -9.828034e-02 -2.417578e+01 -9.878678e-01 4.226251e-02 -1.494357e-01 2.190858e+02
-1.498113e-01 1.058237e-01 9.830350e-01 2.066137e+02 5.802160e-02 9.934831e-01 -9.810613e-02 -2.421618e+01 -9.870107e-01 4.233986e-02 -1.549751e-01 2.190440e+02
-1.555867e-01 1.061866e-01 9.820984e-01 2.069123e+02 5.696509e-02 9.935155e-01 -9.839651e-02 -2.425411e+01 -9.861784e-01 4.063614e-02 -1.606267e-01 2.189923e+02
-1.623545e-01 1.058583e-01 9.810377e-01 2.072005e+02 5.609320e-02 9.936110e-01 -9.793203e-02 -2.429359e+01 -9.851368e-01 3.912984e-02 -1.672551e-01 2.189341e+02
-1.701944e-01 1.066977e-01 9.796170e-01 2.074940e+02 5.638817e-02 9.935463e-01 -9.841825e-02 -2.432910e+01 -9.837958e-01 3.848857e-02 -1.751125e-01 2.188754e+02
-1.790474e-01 1.094852e-01 9.777295e-01 2.077883e+02 5.713678e-02 9.932685e-01 -1.007620e-01 -2.436410e+01 -9.821799e-01 3.782314e-02 -1.840978e-01 2.188181e+02
-1.882747e-01 1.132879e-01 9.755606e-01 2.080836e+02 6.001051e-02 9.927958e-01 -1.037078e-01 -2.440139e+01 -9.802813e-01 3.901832e-02 -1.937168e-01 2.187457e+02
-2.016573e-01 1.140815e-01 9.727897e-01 2.083862e+02 6.005655e-02 9.927651e-01 -1.039744e-01 -2.444065e+01 -9.776132e-01 3.745518e-02 -2.070497e-01 2.186694e+02
-2.164951e-01 1.154808e-01 9.694298e-01 2.086966e+02 5.953695e-02 9.926931e-01 -1.049560e-01 -2.447626e+01 -9.744666e-01 3.499442e-02 -2.217886e-01 2.185903e+02
-2.312677e-01 1.169161e-01 9.658395e-01 2.090103e+02 6.040467e-02 9.925631e-01 -1.056873e-01 -2.451101e+01 -9.710132e-01 3.389915e-02 -2.366100e-01 2.185033e+02
-2.463548e-01 1.168377e-01 9.621114e-01 2.093319e+02 5.978791e-02 9.926483e-01 -1.052370e-01 -2.454733e+01 -9.673338e-01 3.159699e-02 -2.515291e-01 2.184135e+02
-2.629210e-01 1.159361e-01 9.578264e-01 2.096522e+02 5.771795e-02 9.928661e-01 -1.043339e-01 -2.458012e+01 -9.630894e-01 2.785220e-02 -2.677369e-01 2.183157e+02
-2.807136e-01 1.165817e-01 9.526849e-01 2.099831e+02 5.751715e-02 9.928551e-01 -1.045496e-01 -2.462002e+01 -9.580666e-01 2.544722e-02 -2.854133e-01 2.182148e+02
-2.991082e-01 1.182808e-01 9.468600e-01 2.103119e+02 6.025524e-02 9.926487e-01 -1.049664e-01 -2.465359e+01 -9.523149e-01 2.565697e-02 -3.040364e-01 2.180887e+02
-3.191555e-01 1.202856e-01 9.400378e-01 2.106417e+02 6.198330e-02 9.924381e-01 -1.059465e-01 -2.469080e+01 -9.456732e-01 2.445324e-02 -3.241977e-01 2.179597e+02
-3.408551e-01 1.219530e-01 9.321723e-01 2.109827e+02 6.245707e-02 9.922974e-01 -1.069811e-01 -2.473144e+01 -9.380389e-01 2.175570e-02 -3.458465e-01 2.178207e+02
-3.637753e-01 1.237658e-01 9.232278e-01 2.113328e+02 6.376399e-02 9.921174e-01 -1.078763e-01 -2.476821e+01 -9.293017e-01 1.962594e-02 -3.687996e-01 2.176736e+02
-3.891283e-01 1.232410e-01 9.129024e-01 2.116937e+02 6.189368e-02 9.922687e-01 -1.075729e-01 -2.480832e+01 -9.191019e-01 1.464321e-02 -3.937477e-01 2.175116e+02
-4.155919e-01 1.223587e-01 9.012834e-01 2.120672e+02 6.029297e-02 9.924366e-01 -1.069319e-01 -2.484912e+01 -9.075506e-01 9.901001e-03 -4.198260e-01 2.173295e+02
-4.425321e-01 1.221359e-01 8.883964e-01 2.124594e+02 6.172600e-02 9.924806e-01 -1.056981e-01 -2.488826e+01 -8.946258e-01 8.062371e-03 -4.467435e-01 2.171244e+02
-4.704793e-01 1.216357e-01 8.739874e-01 2.128391e+02 6.422210e-02 9.925472e-01 -1.035644e-01 -2.492941e+01 -8.800709e-01 7.404386e-03 -4.747846e-01 2.169048e+02
-4.993927e-01 1.205382e-01 8.579496e-01 2.132289e+02 6.756051e-02 9.926768e-01 -1.001414e-01 -2.497529e+01 -8.637375e-01 7.953648e-03 -5.038792e-01 2.166645e+02
-5.282429e-01 1.195861e-01 8.406299e-01 2.136042e+02 7.026811e-02 9.927933e-01 -9.707684e-02 -2.501116e+01 -8.461808e-01 7.789323e-03 -5.328390e-01 2.164069e+02
-5.572907e-01 1.188997e-01 8.217603e-01 2.139781e+02 7.260540e-02 9.928813e-01 -9.442045e-02 -2.504668e+01 -8.271370e-01 7.044597e-03 -5.619562e-01 2.161322e+02
-5.858688e-01 1.198019e-01 8.015018e-01 2.143179e+02 7.624209e-02 9.927744e-01 -9.266160e-02 -2.508242e+01 -8.068115e-01 6.820631e-03 -5.907695e-01 2.158434e+02
-6.142773e-01 1.212733e-01 7.797154e-01 2.146869e+02 8.067678e-02 9.925937e-01 -9.082434e-02 -2.511593e+01 -7.849552e-01 7.113599e-03 -6.195117e-01 2.155241e+02
-6.429552e-01 1.225858e-01 7.560300e-01 2.150492e+02 8.685872e-02 9.924105e-01 -8.704568e-02 -2.516116e+01 -7.609627e-01 9.701334e-03 -6.487231e-01 2.151898e+02
-6.712394e-01 1.205713e-01 7.313687e-01 2.154427e+02 8.813935e-02 9.926646e-01 -8.275482e-02 -2.520387e+01 -7.359817e-01 8.914066e-03 -6.769427e-01 2.148241e+02
-6.985448e-01 1.192233e-01 7.055643e-01 2.157909e+02 8.959318e-02 9.928354e-01 -7.906329e-02 -2.524457e+01 -7.099354e-01 7.984497e-03 -7.042216e-01 2.144464e+02
-7.250215e-01 1.181488e-01 6.785166e-01 2.161277e+02 9.035510e-02 9.929781e-01 -7.635736e-02 -2.528544e+01 -6.827736e-01 5.946705e-03 -7.306058e-01 2.140533e+02
-7.503426e-01 1.183620e-01 6.503664e-01 2.164512e+02 9.308112e-02 9.929552e-01 -7.332087e-02 -2.532372e+01 -6.544631e-01 5.521063e-03 -7.560738e-01 2.136343e+02
-7.747395e-01 1.188594e-01 6.210081e-01 2.168395e+02 9.595514e-02 9.928980e-01 -7.032922e-02 -2.536752e+01 -6.249570e-01 5.102092e-03 -7.806425e-01 2.131529e+02
-7.970310e-01 1.210978e-01 5.916730e-01 2.171532e+02 1.000147e-01 9.926298e-01 -6.843386e-02 -2.539931e+01 -5.955994e-01 4.632087e-03 -8.032682e-01 2.126748e+02
-8.175031e-01 1.228623e-01 5.626664e-01 2.174546e+02 1.035434e-01 9.924153e-01 -6.626207e-02 -2.543711e+01 -5.665399e-01 4.090930e-03 -8.240242e-01 2.121823e+02
-8.366437e-01 1.225026e-01 5.338731e-01 2.177659e+02 1.051575e-01 9.924621e-01 -6.293600e-02 -2.547761e+01 -5.375586e-01 3.485744e-03 -8.432192e-01 2.116492e+02
-8.544217e-01 1.240488e-01 5.045546e-01 2.180229e+02 1.086732e-01 9.922695e-01 -5.992833e-02 -2.552005e+01 -5.080882e-01 3.627512e-03 -8.612974e-01 2.111306e+02
-8.724261e-01 1.244601e-01 4.726334e-01 2.182822e+02 1.116143e-01 9.922142e-01 -5.525597e-02 -2.555586e+01 -4.758307e-01 4.545892e-03 -8.795251e-01 2.106046e+02
-8.895187e-01 1.209683e-01 4.405941e-01 2.185385e+02 1.104951e-01 9.926453e-01 -4.945860e-02 -2.558753e+01 -4.433366e-01 4.689137e-03 -8.963430e-01 2.100348e+02
-9.051152e-01 1.206464e-01 4.076897e-01 2.187678e+02 1.135501e-01 9.926584e-01 -4.166103e-02 -2.561892e+01 -4.097229e-01 8.585167e-03 -9.121696e-01 2.094549e+02
-9.195022e-01 1.228058e-01 3.734093e-01 2.189908e+02 1.192103e-01 9.923270e-01 -3.280433e-02 -2.564020e+01 -3.745727e-01 1.435057e-02 -9.270865e-01 2.088268e+02
-9.332594e-01 1.220583e-01 3.378295e-01 2.191981e+02 1.210264e-01 9.923542e-01 -2.420158e-02 -2.565803e+01 -3.382005e-01 1.829993e-02 -9.408961e-01 2.081883e+02
-9.463262e-01 1.184023e-01 3.007452e-01 2.193800e+02 1.184555e-01 9.927939e-01 -1.812672e-02 -2.568392e+01 -3.007243e-01 1.847113e-02 -9.535322e-01 2.075705e+02
-9.577246e-01 1.179191e-01 2.624095e-01 2.195520e+02 1.183805e-01 9.928681e-01 -1.410821e-02 -2.569655e+01 -2.622016e-01 1.755240e-02 -9.648535e-01 2.068930e+02
-9.667883e-01 1.227752e-01 2.241575e-01 2.196892e+02 1.235500e-01 9.922815e-01 -1.062132e-02 -2.570947e+01 -2.237314e-01 1.742609e-02 -9.744950e-01 2.062262e+02
-9.741820e-01 1.289159e-01 1.853379e-01 2.197967e+02 1.298246e-01 9.915103e-01 -7.277129e-03 -2.571573e+01 -1.847026e-01 1.697216e-02 -9.826479e-01 2.055434e+02
-9.807417e-01 1.306337e-01 1.451917e-01 2.198820e+02 1.312523e-01 9.913345e-01 -5.351837e-03 -2.572948e+01 -1.446327e-01 1.380798e-02 -9.893891e-01 2.048726e+02
-9.855282e-01 1.339917e-01 1.038288e-01 2.199431e+02 1.343034e-01 9.909321e-01 -4.014807e-03 -2.574465e+01 -1.034252e-01 9.987856e-03 -9.945871e-01 2.041916e+02
-9.884501e-01 1.354898e-01 6.788942e-02 2.200011e+02 1.354388e-01 9.907711e-01 -5.374482e-03 -2.574914e+01 -6.799106e-02 3.882457e-03 -9.976784e-01 2.034468e+02
-9.897461e-01 1.385935e-01 3.456072e-02 2.200112e+02 1.384880e-01 9.903492e-01 -5.438526e-03 -2.575814e+01 -3.498093e-02 -5.965136e-04 -9.993878e-01 2.027544e+02
-9.900501e-01 1.406458e-01 4.413164e-03 2.199940e+02 1.406386e-01 9.900591e-01 -1.923212e-03 -2.576766e+01 -4.639785e-03 -1.283415e-03 -9.999884e-01 2.020645e+02
-9.895019e-01 1.425963e-01 -2.350223e-02 2.199498e+02 1.425344e-01 9.897805e-01 4.299168e-03 -2.576542e+01 2.387510e-02 9.041591e-04 -9.997145e-01 2.013413e+02
-9.886451e-01 1.418622e-01 -4.955836e-02 2.198963e+02 1.415426e-01 9.898825e-01 9.918461e-03 -2.576063e+01 5.046401e-02 2.791219e-03 -9.987220e-01 2.005744e+02
-9.872844e-01 1.412016e-01 -7.301804e-02 2.198336e+02 1.405327e-01 9.899736e-01 1.424425e-02 -2.575926e+01 7.429724e-02 3.801701e-03 -9.972289e-01 1.998355e+02
-9.855679e-01 1.407017e-01 -9.412243e-02 2.197582e+02 1.396576e-01 9.900430e-01 1.762181e-02 -2.575409e+01 9.566468e-02 4.222570e-03 -9.954047e-01 1.991066e+02
-9.837059e-01 1.394225e-01 -1.135081e-01 2.196667e+02 1.378056e-01 9.902148e-01 2.200800e-02 -2.574436e+01 1.154658e-01 6.007354e-03 -9.932933e-01 1.983710e+02
-9.816517e-01 1.368954e-01 -1.327385e-01 2.195635e+02 1.344924e-01 9.905482e-01 2.694630e-02 -2.572377e+01 1.351727e-01 8.599554e-03 -9.907847e-01 1.975735e+02
-9.783255e-01 1.385607e-01 -1.538835e-01 2.194290e+02 1.347736e-01 9.902642e-01 3.482657e-02 -2.571356e+01 1.572109e-01 1.333228e-02 -9.874750e-01 1.968484e+02
-9.753987e-01 1.369159e-01 -1.727757e-01 2.192986e+02 1.314793e-01 9.904039e-01 4.258314e-02 -2.569754e+01 1.769481e-01 1.881911e-02 -9.840403e-01 1.961050e+02
-9.723177e-01 1.338645e-01 -1.915166e-01 2.191448e+02 1.267362e-01 9.907228e-01 4.905474e-02 -2.567365e+01 1.963066e-01 2.342471e-02 -9.802627e-01 1.953591e+02
-9.691765e-01 1.288440e-01 -2.099908e-01 2.189857e+02 1.202712e-01 9.913172e-01 5.315097e-02 -2.563834e+01 2.150157e-01 2.625681e-02 -9.762576e-01 1.945935e+02
-9.658873e-01 1.253960e-01 -2.265779e-01 2.188016e+02 1.161256e-01 9.917739e-01 5.384604e-02 -2.561631e+01 2.314661e-01 2.569772e-02 -9.725035e-01 1.938327e+02
-9.622015e-01 1.252691e-01 -2.418180e-01 2.186014e+02 1.168488e-01 9.919445e-01 4.891227e-02 -2.558616e+01 2.459972e-01 1.880731e-02 -9.690881e-01 1.930698e+02
-9.593440e-01 1.213393e-01 -2.548253e-01 2.183927e+02 1.141942e-01 9.925401e-01 4.270647e-02 -2.555258e+01 2.581063e-01 1.187063e-02 -9.660436e-01 1.922877e+02
-9.565904e-01 1.174720e-01 -2.667117e-01 2.181702e+02 1.111032e-01 9.930473e-01 3.889953e-02 -2.552591e+01 2.694270e-01 7.578375e-03 -9.629910e-01 1.915050e+02
-9.537560e-01 1.194662e-01 -2.758210e-01 2.179471e+02 1.122635e-01 9.927982e-01 4.181664e-02 -2.549937e+01 2.788303e-01 8.918249e-03 -9.602990e-01 1.907154e+02
-9.513447e-01 1.238005e-01 -2.821644e-01 2.177049e+02 1.154005e-01 9.922410e-01 4.626462e-02 -2.548197e+01 2.857027e-01 1.145168e-02 -9.582499e-01 1.899004e+02
-9.477630e-01 1.320675e-01 -2.903506e-01 2.174514e+02 1.233126e-01 9.911903e-01 4.833093e-02 -2.544927e+01 2.941757e-01 1.000237e-02 -9.556990e-01 1.890876e+02
-9.459677e-01 1.336662e-01 -2.954292e-01 2.172116e+02 1.255328e-01 9.910029e-01 4.641924e-02 -2.542162e+01 2.989759e-01 6.825043e-03 -9.542363e-01 1.882886e+02
-9.449629e-01 1.326543e-01 -2.990787e-01 2.169584e+02 1.243140e-01 9.911371e-01 4.683206e-02 -2.539737e+01 3.026404e-01 7.074885e-03 -9.530785e-01 1.874790e+02
-9.437419e-01 1.331905e-01 -3.026740e-01 2.167001e+02 1.252870e-01 9.910779e-01 4.547325e-02 -2.537448e+01 3.060301e-01 4.993885e-03 -9.520087e-01 1.866747e+02
-9.428791e-01 1.344710e-01 -3.047893e-01 2.164395e+02 1.265871e-01 9.909078e-01 4.557929e-02 -2.535230e+01 3.081472e-01 4.393384e-03 -9.513286e-01 1.858725e+02
-9.424774e-01 1.357194e-01 -3.054778e-01 2.161747e+02 1.281155e-01 9.907422e-01 4.490327e-02 -2.532604e+01 3.087440e-01 3.183879e-03 -9.511399e-01 1.850679e+02
-9.427579e-01 1.361800e-01 -3.044053e-01 2.159165e+02 1.284462e-01 9.906772e-01 4.538933e-02 -2.529661e+01 3.077485e-01 3.691453e-03 -9.514606e-01 1.842524e+02
-9.430921e-01 1.390698e-01 -3.020545e-01 2.156484e+02 1.315443e-01 9.902783e-01 4.522164e-02 -2.527371e+01 3.054069e-01 2.914621e-03 -9.522175e-01 1.834326e+02
-9.437152e-01 1.419130e-01 -2.987680e-01 2.153933e+02 1.345166e-01 9.898758e-01 4.528920e-02 -2.524493e+01 3.021704e-01 2.550849e-03 -9.532505e-01 1.826193e+02
-9.449563e-01 1.438087e-01 -2.938991e-01 2.151452e+02 1.364919e-01 9.896017e-01 4.537058e-02 -2.521874e+01 2.973677e-01 2.758355e-03 -9.547590e-01 1.818128e+02
-9.455589e-01 1.472658e-01 -2.902260e-01 2.149018e+02 1.400905e-01 9.890942e-01 4.546770e-02 -2.519141e+01 2.937567e-01 2.334479e-03 -9.558774e-01 1.810166e+02
-9.473863e-01 1.474365e-01 -2.841157e-01 2.146678e+02 1.401492e-01 9.890646e-01 4.592775e-02 -2.517459e+01 2.877802e-01 3.692733e-03 -9.576894e-01 1.802175e+02
-9.491212e-01 1.474864e-01 -2.782385e-01 2.144495e+02 1.405010e-01 9.890575e-01 4.499762e-02 -2.514924e+01 2.818304e-01 3.615404e-03 -9.594574e-01 1.794039e+02
-9.510573e-01 1.467562e-01 -2.719425e-01 2.142223e+02 1.399759e-01 9.891644e-01 4.427716e-02 -2.512464e+01 2.754938e-01 4.044701e-03 -9.612943e-01 1.785948e+02
-9.528119e-01 1.468481e-01 -2.656787e-01 2.140086e+02 1.404079e-01 9.891516e-01 4.318262e-02 -2.509688e+01 2.691378e-01 3.841518e-03 -9.630940e-01 1.777914e+02
-9.542617e-01 1.480607e-01 -2.597356e-01 2.138013e+02 1.418948e-01 9.889716e-01 4.243947e-02 -2.507802e+01 2.631548e-01 3.643229e-03 -9.647468e-01 1.769894e+02
-9.560032e-01 1.469279e-01 -2.539096e-01 2.135964e+02 1.407606e-01 9.891356e-01 4.239325e-02 -2.506158e+01 2.573798e-01 4.787613e-03 -9.662985e-01 1.762182e+02
-9.575092e-01 1.465457e-01 -2.483958e-01 2.133984e+02 1.403040e-01 9.891852e-01 4.274802e-02 -2.504559e+01 2.519740e-01 6.080697e-03 -9.677149e-01 1.754370e+02
-9.589207e-01 1.452599e-01 -2.436609e-01 2.132098e+02 1.388479e-01 9.893630e-01 4.338278e-02 -2.502454e+01 2.473709e-01 7.768838e-03 -9.688897e-01 1.746640e+02
-9.599892e-01 1.448172e-01 -2.396847e-01 2.130159e+02 1.382797e-01 9.894169e-01 4.396453e-02 -2.500941e+01 2.435150e-01 9.061946e-03 -9.698548e-01 1.739011e+02
-9.596796e-01 1.456255e-01 -2.404335e-01 2.128395e+02 1.394518e-01 9.893125e-01 4.259021e-02 -2.499503e+01 2.440661e-01 7.344081e-03 -9.697308e-01 1.731595e+02
-9.601388e-01 1.440943e-01 -2.395210e-01 2.126659e+02 1.380615e-01 9.895383e-01 4.186937e-02 -2.498204e+01 2.430483e-01 7.131780e-03 -9.699880e-01 1.724558e+02
-9.603914e-01 1.427755e-01 -2.392979e-01 2.124914e+02 1.368086e-01 9.897298e-01 4.145173e-02 -2.497275e+01 2.427586e-01 7.071867e-03 -9.700610e-01 1.717534e+02
-9.605003e-01 1.416781e-01 -2.395128e-01 2.123282e+02 1.358152e-01 9.898898e-01 4.089632e-02 -2.496611e+01 2.428854e-01 6.751453e-03 -9.700315e-01 1.710787e+02
-9.605484e-01 1.405981e-01 -2.399560e-01 2.121469e+02 1.347561e-01 9.900439e-01 4.066762e-02 -2.495380e+01 2.432848e-01 6.727669e-03 -9.699316e-01 1.704020e+02
-9.603066e-01 1.400972e-01 -2.412136e-01 2.119861e+02 1.341137e-01 9.901119e-01 4.113206e-02 -2.494355e+01 2.445910e-01 7.149332e-03 -9.696000e-01 1.697548e+02
-9.598208e-01 1.386411e-01 -2.439728e-01 2.118325e+02 1.325310e-01 9.903153e-01 4.136692e-02 -2.492719e+01 2.473452e-01 7.370855e-03 -9.688994e-01 1.691393e+02
-9.591808e-01 1.372406e-01 -2.472595e-01 2.116685e+02 1.310020e-01 9.905093e-01 4.158995e-02 -2.491920e+01 2.506207e-01 7.500785e-03 -9.680563e-01 1.685383e+02
-9.583498e-01 1.363146e-01 -2.509661e-01 2.115078e+02 1.299940e-01 9.906386e-01 4.167391e-02 -2.491244e+01 2.542975e-01 7.314092e-03 -9.670984e-01 1.679753e+02
-9.573126e-01 1.346775e-01 -2.557626e-01 2.113370e+02 1.281135e-01 9.908598e-01 4.223380e-02 -2.490136e+01 2.591129e-01 7.664292e-03 -9.658166e-01 1.674173e+02
-9.545641e-01 1.352256e-01 -2.655587e-01 2.111725e+02 1.291038e-01 9.908053e-01 4.045980e-02 -2.489858e+01 2.685882e-01 4.336844e-03 -9.632453e-01 1.668465e+02
-9.525492e-01 1.338213e-01 -2.733895e-01 2.110081e+02 1.277089e-01 9.910000e-01 4.011795e-02 -2.488149e+01 2.762977e-01 3.300035e-03 -9.610664e-01 1.662912e+02
-9.497293e-01 1.327007e-01 -2.835574e-01 2.108361e+02 1.263015e-01 9.911518e-01 4.081825e-02 -2.486928e+01 2.864650e-01 2.952572e-03 -9.580862e-01 1.657141e+02
-9.458250e-01 1.318553e-01 -2.966973e-01 2.106610e+02 1.249248e-01 9.912646e-01 4.228695e-02 -2.485857e+01 2.996813e-01 2.931193e-03 -9.540349e-01 1.651482e+02
-9.408290e-01 1.309310e-01 -3.125667e-01 2.104764e+02 1.233240e-01 9.913872e-01 4.407566e-02 -2.484714e+01 3.156455e-01 2.920690e-03 -9.488727e-01 1.646105e+02
-9.342886e-01 1.308673e-01 -3.316301e-01 2.102797e+02 1.223984e-01 9.913961e-01 4.639481e-02 -2.483287e+01 3.348483e-01 2.755159e-03 -9.422680e-01 1.641007e+02
-9.262112e-01 1.315105e-01 -3.533238e-01 2.100621e+02 1.222421e-01 9.913132e-01 4.852816e-02 -2.482474e+01 3.566365e-01 1.756285e-03 -9.342416e-01 1.635743e+02
-9.167299e-01 1.303337e-01 -3.776499e-01 2.098430e+02 1.201318e-01 9.914697e-01 5.055862e-02 -2.481013e+01 3.810179e-01 9.808128e-04 -9.245671e-01 1.630827e+02
-9.046376e-01 1.280591e-01 -4.064871e-01 2.096139e+02 1.165211e-01 9.917663e-01 5.312686e-02 -2.480413e+01 4.099436e-01 6.962556e-04 -9.121106e-01 1.625955e+02
-8.892605e-01 1.253048e-01 -4.399028e-01 2.093692e+02 1.123555e-01 9.921183e-01 5.547556e-02 -2.478906e+01 4.433870e-01 -9.326532e-05 -8.963303e-01 1.621240e+02
-8.689320e-01 1.238155e-01 -4.791940e-01 2.090874e+02 1.110761e-01 9.922903e-01 5.497423e-02 -2.477209e+01 4.823062e-01 -5.458121e-03 -8.759857e-01 1.616691e+02
-8.474173e-01 1.229133e-01 -5.165039e-01 2.087942e+02 1.093532e-01 9.923819e-01 5.674512e-02 -2.474913e+01 5.195439e-01 -8.394579e-03 -8.544025e-01 1.612352e+02
-8.228787e-01 1.226455e-01 -5.548232e-01 2.084940e+02 1.087022e-01 9.923723e-01 5.814693e-02 -2.472397e+01 5.577227e-01 -1.246261e-02 -8.299338e-01 1.608400e+02
-7.953157e-01 1.201919e-01 -5.941606e-01 2.081750e+02 1.053582e-01 9.926364e-01 5.977144e-02 -2.469322e+01 5.969695e-01 -1.506253e-02 -8.021226e-01 1.604346e+02
-7.646586e-01 1.212200e-01 -6.329320e-01 2.078319e+02 1.046060e-01 9.924714e-01 6.370286e-02 -2.466457e+01 6.358890e-01 -1.749751e-02 -7.715822e-01 1.600484e+02
-7.310936e-01 1.201964e-01 -6.716062e-01 2.074842e+02 1.004618e-01 9.925950e-01 6.828308e-02 -2.463386e+01 6.748404e-01 -1.754945e-02 -7.377550e-01 1.596865e+02
-6.938664e-01 1.196782e-01 -7.100891e-01 2.071047e+02 9.437877e-02 9.927007e-01 7.508690e-02 -2.461113e+01 7.138922e-01 -1.491705e-02 -7.000968e-01 1.593367e+02
-6.554801e-01 1.175812e-01 -7.460030e-01 2.067210e+02 8.620184e-02 9.929982e-01 8.076961e-02 -2.458133e+01 7.502767e-01 -1.136396e-02 -6.610263e-01 1.590434e+02
-6.153367e-01 1.162845e-01 -7.796401e-01 2.063311e+02 8.089632e-02 9.931527e-01 8.428218e-02 -2.453344e+01 7.841024e-01 -1.120809e-02 -6.205303e-01 1.587738e+02
-5.737482e-01 1.172353e-01 -8.105979e-01 2.059054e+02 7.767961e-02 9.930303e-01 8.863782e-02 -2.449847e+01 8.153398e-01 -1.211114e-02 -5.788561e-01 1.585273e+02
-5.270634e-01 1.194077e-01 -8.413953e-01 2.054756e+02 7.755542e-02 9.927064e-01 9.229931e-02 -2.446578e+01 8.462797e-01 -1.660717e-02 -5.324799e-01 1.583094e+02
-4.816937e-01 1.180610e-01 -8.683506e-01 2.050520e+02 7.038420e-02 9.928946e-01 9.595024e-02 -2.441717e+01 8.735086e-01 -1.489953e-02 -4.865807e-01 1.581048e+02
-4.357129e-01 1.172634e-01 -8.924145e-01 2.046135e+02 6.038356e-02 9.930517e-01 1.010055e-01 -2.438150e+01 8.980580e-01 -9.877766e-03 -4.397662e-01 1.579085e+02
-3.886164e-01 1.179285e-01 -9.138217e-01 2.041779e+02 5.215930e-02 9.930009e-01 1.059651e-01 -2.433810e+01 9.199221e-01 -6.484533e-03 -3.920475e-01 1.577208e+02
-3.417552e-01 1.182982e-01 -9.323137e-01 2.037219e+02 4.688687e-02 9.929567e-01 1.088058e-01 -2.429628e+01 9.386187e-01 -6.528311e-03 -3.448947e-01 1.575984e+02
-2.953237e-01 1.174764e-01 -9.481473e-01 2.032406e+02 4.290905e-02 9.930410e-01 1.096738e-01 -2.424499e+01 9.544332e-01 -8.294842e-03 -2.983093e-01 1.575004e+02
-2.505811e-01 1.168404e-01 -9.610189e-01 2.027498e+02 3.584046e-02 9.931292e-01 1.113992e-01 -2.417556e+01 9.674319e-01 -6.528828e-03 -2.530471e-01 1.574142e+02
-2.083503e-01 1.179574e-01 -9.709151e-01 2.022584e+02 2.900724e-02 9.930092e-01 1.144169e-01 -2.411694e+01 9.776240e-01 -4.324767e-03 -2.103154e-01 1.573364e+02
-1.703265e-01 1.213600e-01 -9.778858e-01 2.017564e+02 2.412310e-02 9.926030e-01 1.189848e-01 -2.406714e+01 9.850924e-01 -3.323377e-03 -1.719941e-01 1.572953e+02
-1.358006e-01 1.251921e-01 -9.827946e-01 2.012346e+02 2.143579e-02 9.921232e-01 1.234184e-01 -2.401137e+01 9.905043e-01 -4.306685e-03 -1.374145e-01 1.572494e+02
-1.025574e-01 1.288460e-01 -9.863471e-01 2.006927e+02 2.223778e-02 9.916248e-01 1.272232e-01 -2.394832e+01 9.944785e-01 -8.886486e-03 -1.045637e-01 1.572131e+02
-7.563003e-02 1.290242e-01 -9.887532e-01 2.001432e+02 1.702581e-02 9.916157e-01 1.280954e-01 -2.388117e+01 9.969906e-01 -7.146466e-03 -7.719266e-02 1.571997e+02
-5.174646e-02 1.256065e-01 -9.907297e-01 1.995914e+02 1.206778e-02 9.920650e-01 1.251455e-01 -2.381673e+01 9.985873e-01 -5.480073e-03 -5.285164e-02 1.571852e+02
-3.130233e-02 1.215821e-01 -9.920877e-01 1.990094e+02 8.125844e-03 9.925722e-01 1.213851e-01 -2.374918e+01 9.994769e-01 -4.261915e-03 -3.205778e-02 1.571942e+02
-1.328606e-02 1.183501e-01 -9.928830e-01 1.984178e+02 3.726867e-03 9.929696e-01 1.183106e-01 -2.367733e+01 9.999048e-01 -2.128461e-03 -1.363373e-02 1.571886e+02
1.649535e-03 1.167422e-01 -9.931609e-01 1.978004e+02 -2.339181e-03 9.931600e-01 1.167382e-01 -2.360279e+01 9.999959e-01 2.130619e-03 1.911333e-03 1.572050e+02
1.403916e-02 1.167362e-01 -9.930637e-01 1.971717e+02 -6.135099e-03 9.931530e-01 1.166600e-01 -2.352084e+01 9.998826e-01 4.454736e-03 1.465922e-02 1.572329e+02
2.620122e-02 1.189922e-01 -9.925494e-01 1.965598e+02 -8.752719e-03 9.928795e-01 1.188007e-01 -2.345574e+01 9.996184e-01 5.574783e-03 2.705616e-02 1.572484e+02
3.869518e-02 1.209673e-01 -9.919020e-01 1.959272e+02 -1.107865e-02 9.926364e-01 1.206246e-01 -2.338537e+01 9.991896e-01 6.321345e-03 3.975040e-02 1.572743e+02
4.997436e-02 1.209829e-01 -9.913958e-01 1.952816e+02 -1.339208e-02 9.926281e-01 1.204582e-01 -2.331654e+01 9.986607e-01 7.257029e-03 5.122617e-02 1.573117e+02
6.217264e-02 1.203478e-01 -9.907830e-01 1.946081e+02 -1.120797e-02 9.927251e-01 1.198804e-01 -2.323823e+01 9.980025e-01 3.651389e-03 6.306919e-02 1.573545e+02
7.010209e-02 1.196593e-01 -9.903370e-01 1.939179e+02 -1.060399e-02 9.928127e-01 1.192078e-01 -2.316608e+01 9.974835e-01 2.144813e-03 7.086711e-02 1.574097e+02
7.488255e-02 1.192627e-01 -9.900349e-01 1.932362e+02 -9.744625e-03 9.928625e-01 1.188663e-01 -2.309831e+01 9.971447e-01 7.465094e-04 7.551024e-02 1.574586e+02
7.744166e-02 1.187061e-01 -9.899049e-01 1.925079e+02 -1.113535e-02 9.929277e-01 1.181974e-01 -2.301396e+01 9.969347e-01 1.869535e-03 7.821580e-02 1.575215e+02
7.750670e-02 1.182278e-01 -9.899570e-01 1.917842e+02 -1.274990e-02 9.929803e-01 1.175906e-01 -2.293506e+01 9.969103e-01 3.507796e-03 7.847002e-02 1.575821e+02
7.613519e-02 1.184716e-01 -9.900343e-01 1.910291e+02 -1.455251e-02 9.929425e-01 1.177005e-01 -2.284950e+01 9.969913e-01 5.446339e-03 7.732193e-02 1.576416e+02
7.514671e-02 1.187770e-01 -9.900732e-01 1.902801e+02 -1.626162e-02 9.928945e-01 1.178812e-01 -2.276677e+01 9.970399e-01 7.241814e-03 7.654427e-02 1.576961e+02
7.503870e-02 1.187930e-01 -9.900795e-01 1.894993e+02 -1.873056e-02 9.928715e-01 1.177084e-01 -2.267691e+01 9.970047e-01 9.712064e-03 7.672885e-02 1.577542e+02
7.491500e-02 1.187112e-01 -9.900987e-01 1.887381e+02 -1.974456e-02 9.928707e-01 1.175496e-01 -2.260022e+01 9.969944e-01 1.074283e-02 7.672481e-02 1.578067e+02
7.564997e-02 1.181051e-01 -9.901153e-01 1.879491e+02 -2.131965e-02 9.929253e-01 1.168113e-01 -2.251377e+01 9.969065e-01 1.227214e-02 7.763272e-02 1.578667e+02
8.612702e-02 1.174138e-01 -9.893413e-01 1.871305e+02 -2.078624e-02 9.930268e-01 1.160417e-01 -2.242467e+01 9.960673e-01 1.057036e-02 8.796703e-02 1.579232e+02
8.751856e-02 1.173707e-01 -9.892243e-01 1.862907e+02 -2.238795e-02 9.930156e-01 1.158398e-01 -2.232313e+01 9.959113e-01 1.200857e-02 8.953498e-02 1.580018e+02
8.848980e-02 1.176763e-01 -9.891015e-01 1.854735e+02 -2.335049e-02 9.929692e-01 1.160474e-01 -2.223520e+01 9.958033e-01 1.282699e-02 9.061545e-02 1.580745e+02
8.928538e-02 1.181040e-01 -9.889790e-01 1.846182e+02 -2.488460e-02 9.928993e-01 1.163256e-01 -2.213297e+01 9.956952e-01 1.422417e-02 9.159037e-02 1.581707e+02
9.081651e-02 1.185881e-01 -9.887817e-01 1.837466e+02 -2.638032e-02 9.928227e-01 1.166498e-01 -2.203542e+01 9.955182e-01 1.549065e-02 9.329308e-02 1.582519e+02
9.270085e-02 1.188689e-01 -9.885731e-01 1.828689e+02 -2.841998e-02 9.927596e-01 1.167073e-01 -2.193603e+01 9.952883e-01 1.727635e-02 9.540792e-02 1.583322e+02
9.505750e-02 1.191440e-01 -9.883161e-01 1.819821e+02 -2.914646e-02 9.927193e-01 1.168715e-01 -2.184807e+01 9.950450e-01 1.769641e-02 9.783804e-02 1.584214e+02
9.769719e-02 1.189813e-01 -9.880783e-01 1.810794e+02 -3.048467e-02 9.927197e-01 1.165260e-01 -2.174721e+01 9.947492e-01 1.873698e-02 1.006130e-01 1.585220e+02
1.010654e-01 1.189970e-01 -9.877376e-01 1.801732e+02 -3.168319e-02 9.927024e-01 1.163533e-01 -2.165294e+01 9.943752e-01 1.953538e-02 1.040981e-01 1.586175e+02
1.041863e-01 1.190263e-01 -9.874097e-01 1.792599e+02 -3.231112e-02 9.926938e-01 1.162539e-01 -2.155230e+01 9.940328e-01 1.979224e-02 1.072710e-01 1.587142e+02
1.040608e-01 1.185094e-01 -9.874851e-01 1.783095e+02 -2.833673e-02 9.928257e-01 1.161642e-01 -2.145149e+01 9.941672e-01 1.589396e-02 1.066724e-01 1.588179e+02
1.050921e-01 1.183403e-01 -9.873962e-01 1.773789e+02 -2.777082e-02 9.928564e-01 1.160389e-01 -2.134997e+01 9.940747e-01 1.522603e-02 1.076277e-01 1.589228e+02
1.055613e-01 1.184846e-01 -9.873288e-01 1.764559e+02 -2.703348e-02 9.928512e-01 1.162570e-01 -2.125437e+01 9.940453e-01 1.441869e-02 1.080097e-01 1.590159e+02
1.051987e-01 1.183193e-01 -9.873874e-01 1.755209e+02 -2.643251e-02 9.928786e-01 1.161611e-01 -2.115613e+01 9.940999e-01 1.387913e-02 1.075770e-01 1.591090e+02
1.048869e-01 1.178528e-01 -9.874763e-01 1.745846e+02 -2.645607e-02 9.929325e-01 1.156939e-01 -2.105424e+01 9.941322e-01 1.398998e-02 1.072635e-01 1.591986e+02
1.039937e-01 1.177960e-01 -9.875776e-01 1.736423e+02 -2.717409e-02 9.929273e-01 1.155726e-01 -2.095587e+01 9.942067e-01 1.481770e-02 1.064592e-01 1.592928e+02
1.031244e-01 1.181299e-01 -9.876288e-01 1.726918e+02 -2.802024e-02 9.928736e-01 1.158315e-01 -2.085884e+01 9.942737e-01 1.572854e-02 1.056996e-01 1.593894e+02
1.019947e-01 1.187108e-01 -9.876765e-01 1.717414e+02 -2.946877e-02 9.927791e-01 1.162810e-01 -2.075667e+01 9.943484e-01 1.724556e-02 1.047565e-01 1.594850e+02
1.009815e-01 1.189404e-01 -9.877530e-01 1.707839e+02 -3.079883e-02 9.927259e-01 1.163906e-01 -2.065166e+01 9.944115e-01 1.866834e-02 1.039101e-01 1.595862e+02
1.001261e-01 1.193056e-01 -9.877960e-01 1.698297e+02 -3.319775e-02 9.926328e-01 1.165248e-01 -2.055195e+01 9.944208e-01 2.112544e-02 1.033491e-01 1.596778e+02
9.953783e-02 1.163016e-01 -9.882136e-01 1.688388e+02 -3.188862e-02 9.930085e-01 1.136539e-01 -2.044870e+01 9.945227e-01 2.019991e-02 1.025506e-01 1.597743e+02
9.954848e-02 1.144389e-01 -9.884300e-01 1.679002e+02 -3.140227e-02 9.932308e-01 1.118321e-01 -2.035564e+01 9.945371e-01 1.990623e-02 1.024683e-01 1.598601e+02
9.930804e-02 1.139278e-01 -9.885132e-01 1.669646e+02 -3.412181e-02 9.932296e-01 1.110434e-01 -2.026562e+01 9.944715e-01 2.270236e-02 1.025231e-01 1.599424e+02
9.976975e-02 1.164398e-01 -9.881740e-01 1.660176e+02 -3.634754e-02 9.928928e-01 1.133261e-01 -2.017048e+01 9.943464e-01 2.461117e-02 1.032930e-01 1.600352e+02
1.002989e-01 1.206556e-01 -9.876145e-01 1.650705e+02 -3.662061e-02 9.923950e-01 1.175206e-01 -2.007827e+01 9.942832e-01 2.437985e-02 1.039546e-01 1.601298e+02
1.008542e-01 1.220400e-01 -9.873878e-01 1.641411e+02 -3.632185e-02 9.922381e-01 1.189295e-01 -1.998677e+01 9.942380e-01 2.386921e-02 1.045041e-01 1.602372e+02
1.011182e-01 1.217378e-01 -9.873981e-01 1.632053e+02 -3.788659e-02 9.922364e-01 1.184544e-01 -1.988733e+01 9.941528e-01 2.543125e-02 1.049454e-01 1.603460e+02
1.014114e-01 1.210150e-01 -9.874569e-01 1.622504e+02 -3.815162e-02 9.923170e-01 1.176924e-01 -1.979654e+01 9.941128e-01 2.573773e-02 1.052491e-01 1.604369e+02
1.017919e-01 1.207671e-01 -9.874481e-01 1.613202e+02 -3.873143e-02 9.923325e-01 1.173719e-01 -1.970101e+01 9.940514e-01 2.629778e-02 1.056889e-01 1.605264e+02
1.020487e-01 1.204255e-01 -9.874633e-01 1.603616e+02 -3.888400e-02 9.923698e-01 1.170054e-01 -1.958315e+01 9.940192e-01 2.645626e-02 1.059527e-01 1.606328e+02
9.903594e-02 1.238639e-01 -9.873447e-01 1.593765e+02 -3.801928e-02 9.919692e-01 1.206305e-01 -1.947760e+01 9.943573e-01 2.559138e-02 1.029498e-01 1.607554e+02
9.924853e-02 1.236195e-01 -9.873540e-01 1.584438e+02 -3.911624e-02 9.919708e-01 1.202656e-01 -1.938541e+01 9.942935e-01 2.668539e-02 1.032872e-01 1.608468e+02
9.929315e-02 1.229065e-01 -9.874385e-01 1.575223e+02 -3.983940e-02 9.920378e-01 1.194729e-01 -1.928851e+01 9.942604e-01 2.747611e-02 1.033991e-01 1.609369e+02
9.939323e-02 1.217979e-01 -9.875658e-01 1.565884e+02 -3.999211e-02 9.921674e-01 1.183405e-01 -1.918803e+01 9.942442e-01 2.773260e-02 1.034857e-01 1.610238e+02
9.838249e-02 1.211250e-01 -9.877498e-01 1.556440e+02 -4.081332e-02 9.922210e-01 1.176082e-01 -1.908870e+01 9.943114e-01 2.874277e-02 1.025607e-01 1.611371e+02
9.792737e-02 1.208809e-01 -9.878249e-01 1.547089e+02 -4.201606e-02 9.922129e-01 1.172527e-01 -1.899015e+01 9.943062e-01 3.002226e-02 1.022437e-01 1.612316e+02
9.784568e-02 1.207144e-01 -9.878534e-01 1.537716e+02 -4.241651e-02 9.922202e-01 1.170468e-01 -1.889049e+01 9.942973e-01 3.044877e-02 1.022047e-01 1.613259e+02
9.770656e-02 1.205795e-01 -9.878836e-01 1.528314e+02 -4.296162e-02 9.922188e-01 1.168595e-01 -1.878842e+01 9.942875e-01 3.102314e-02 1.021266e-01 1.614265e+02
9.786284e-02 1.213806e-01 -9.877700e-01 1.518823e+02 -4.332826e-02 9.921128e-01 1.176215e-01 -1.868945e+01 9.942563e-01 3.128757e-02 1.023502e-01 1.615127e+02
9.767344e-02 1.214542e-01 -9.877797e-01 1.509259e+02 -4.360908e-02 9.920945e-01 1.176726e-01 -1.858613e+01 9.942626e-01 3.158268e-02 1.021978e-01 1.616116e+02
1.145014e-01 1.198482e-01 -9.861673e-01 1.499520e+02 -4.286749e-02 9.923676e-01 1.156244e-01 -1.849245e+01 9.924978e-01 2.903535e-02 1.187650e-01 1.616936e+02
1.159606e-01 1.184132e-01 -9.861701e-01 1.490127e+02 -4.259552e-02 9.925476e-01 1.141703e-01 -1.839762e+01 9.923400e-01 2.876717e-02 1.201403e-01 1.618130e+02
1.178266e-01 1.169526e-01 -9.861232e-01 1.480718e+02 -4.389582e-02 9.926833e-01 1.124858e-01 -1.829827e+01 9.920635e-01 3.003287e-02 1.220982e-01 1.619285e+02
1.202262e-01 1.161679e-01 -9.859263e-01 1.471451e+02 -4.402362e-02 9.927768e-01 1.116067e-01 -1.820618e+01 9.917699e-01 2.998600e-02 1.244719e-01 1.620439e+02
1.219465e-01 1.164496e-01 -9.856818e-01 1.462140e+02 -4.391849e-02 9.927539e-01 1.118516e-01 -1.811732e+01 9.915645e-01 2.964974e-02 1.261772e-01 1.621622e+02
1.240672e-01 1.171163e-01 -9.853381e-01 1.452744e+02 -4.300229e-02 9.927119e-01 1.125782e-01 -1.802695e+01 9.913416e-01 2.840454e-02 1.281992e-01 1.622828e+02
1.258028e-01 1.170012e-01 -9.851316e-01 1.443374e+02 -4.327312e-02 9.927230e-01 1.123768e-01 -1.793208e+01 9.911110e-01 2.849240e-02 1.299504e-01 1.624065e+02
1.274094e-01 1.168888e-01 -9.849385e-01 1.433853e+02 -4.305509e-02 9.927472e-01 1.122460e-01 -1.783673e+01 9.909153e-01 2.810542e-02 1.315179e-01 1.625244e+02
1.282360e-01 1.171472e-01 -9.848005e-01 1.424475e+02 -4.049247e-02 9.927895e-01 1.128248e-01 -1.774509e+01 9.909167e-01 2.540881e-02 1.320549e-01 1.626622e+02
1.283184e-01 1.195728e-01 -9.844982e-01 1.414090e+02 -3.708383e-02 9.925891e-01 1.157220e-01 -1.763914e+01 9.910394e-01 2.165970e-02 1.318017e-01 1.628717e+02
1.524139e-01 1.330482e-01 -9.793203e-01 1.404116e+02 -3.998917e-02 9.909159e-01 1.283999e-01 -1.752203e+01 9.875074e-01 1.959227e-02 1.563499e-01 1.630070e+02
1.523937e-01 1.305155e-01 -9.796642e-01 1.394749e+02 -4.007123e-02 9.912429e-01 1.258247e-01 -1.741524e+01 9.875072e-01 2.008146e-02 1.562890e-01 1.631398e+02
1.513999e-01 1.261443e-01 -9.803906e-01 1.385211e+02 -4.011177e-02 9.917908e-01 1.214167e-01 -1.729523e+01 9.876584e-01 2.094272e-02 1.552169e-01 1.632840e+02
1.502039e-01 1.250404e-01 -9.807159e-01 1.375641e+02 -4.181406e-02 9.918856e-01 1.200604e-01 -1.718418e+01 9.877704e-01 2.297417e-02 1.542135e-01 1.634174e+02
1.477977e-01 1.250831e-01 -9.810760e-01 1.366166e+02 -4.275557e-02 9.918509e-01 1.200158e-01 -1.708735e+01 9.880930e-01 2.420841e-02 1.519413e-01 1.635439e+02
1.449088e-01 1.254262e-01 -9.814630e-01 1.356431e+02 -4.248079e-02 9.918069e-01 1.204760e-01 -1.697612e+01 9.885327e-01 2.423530e-02 1.490497e-01 1.636793e+02
1.401745e-01 1.256496e-01 -9.821218e-01 1.346392e+02 -4.074751e-02 9.918069e-01 1.210729e-01 -1.686737e+01 9.892880e-01 2.304769e-02 1.441459e-01 1.638361e+02
1.355954e-01 1.252179e-01 -9.828196e-01 1.336487e+02 -3.882633e-02 9.918908e-01 1.210169e-01 -1.675796e+01 9.900032e-01 2.174995e-02 1.393576e-01 1.639621e+02
1.300917e-01 1.250690e-01 -9.835822e-01 1.326453e+02 -3.943358e-02 9.918801e-01 1.209086e-01 -1.664301e+01 9.907175e-01 2.305697e-02 1.339673e-01 1.640909e+02
1.252195e-01 1.250896e-01 -9.842117e-01 1.316283e+02 -3.950311e-02 9.918618e-01 1.210359e-01 -1.652702e+01 9.913423e-01 2.372336e-02 1.291418e-01 1.642095e+02
1.178593e-01 1.339207e-01 -9.839586e-01 1.306373e+02 -3.709484e-02 9.907668e-01 1.304040e-01 -1.642230e+01 9.923372e-01 2.113045e-02 1.217389e-01 1.643371e+02
1.131497e-01 1.348939e-01 -9.843784e-01 1.295688e+02 -3.796061e-02 9.906045e-01 1.313837e-01 -1.629998e+01 9.928525e-01 2.250158e-02 1.172073e-01 1.644750e+02
1.088983e-01 1.340990e-01 -9.849663e-01 1.285628e+02 -3.855744e-02 9.906832e-01 1.306144e-01 -1.618906e+01 9.933048e-01 2.375410e-02 1.130542e-01 1.645837e+02
1.056054e-01 1.306495e-01 -9.857881e-01 1.275674e+02 -3.815376e-02 9.911339e-01 1.272707e-01 -1.607914e+01 9.936759e-01 2.417105e-02 1.096538e-01 1.646935e+02
1.035221e-01 1.269690e-01 -9.864898e-01 1.265371e+02 -3.954509e-02 9.915598e-01 1.234717e-01 -1.595051e+01 9.938407e-01 2.622877e-02 1.076694e-01 1.647884e+02
1.021493e-01 1.254387e-01 -9.868286e-01 1.255181e+02 -3.843703e-02 9.917746e-01 1.220887e-01 -1.583525e+01 9.940262e-01 2.545949e-02 1.061306e-01 1.648883e+02
1.007036e-01 1.250121e-01 -9.870313e-01 1.244672e+02 -3.596043e-02 9.918836e-01 1.219578e-01 -1.571357e+01 9.942664e-01 2.321248e-02 1.043818e-01 1.650137e+02
1.006291e-01 1.263720e-01 -9.868657e-01 1.233724e+02 -3.388732e-02 9.917604e-01 1.235433e-01 -1.559335e+01 9.943467e-01 2.101018e-02 1.040824e-01 1.651235e+02
1.002436e-01 1.295378e-01 -9.864944e-01 1.222707e+02 -3.378925e-02 9.913599e-01 1.267432e-01 -1.546825e+01 9.943890e-01 2.062771e-02 1.037545e-01 1.652409e+02
9.975870e-02 1.325203e-01 -9.861473e-01 1.211487e+02 -3.331813e-02 9.909803e-01 1.297993e-01 -1.533551e+01 9.944537e-01 1.990797e-02 1.032742e-01 1.653533e+02
1.114403e-01 1.291498e-01 -9.853433e-01 1.199851e+02 -3.242390e-02 9.914640e-01 1.262850e-01 -1.520106e+01 9.932420e-01 1.787544e-02 1.146766e-01 1.654838e+02
1.106855e-01 1.297968e-01 -9.853434e-01 1.188727e+02 -3.477709e-02 9.913339e-01 1.266793e-01 -1.507132e+01 9.932468e-01 2.024581e-02 1.142402e-01 1.655977e+02
1.095844e-01 1.305640e-01 -9.853651e-01 1.177402e+02 -3.552394e-02 9.912165e-01 1.273887e-01 -1.494303e+01 9.933425e-01 2.104423e-02 1.132600e-01 1.657692e+02
1.088397e-01 1.307653e-01 -9.854209e-01 1.166931e+02 -3.767265e-02 9.911404e-01 1.273633e-01 -1.482130e+01 9.933452e-01 2.326123e-02 1.128017e-01 1.658807e+02
1.088846e-01 1.302285e-01 -9.854870e-01 1.156277e+02 -3.827498e-02 9.911955e-01 1.267539e-01 -1.470760e+01 9.933173e-01 2.391795e-02 1.129104e-01 1.659983e+02
1.087655e-01 1.291174e-01 -9.856464e-01 1.145541e+02 -4.014239e-02 9.912904e-01 1.254271e-01 -1.458882e+01 9.932566e-01 2.592405e-02 1.130013e-01 1.661162e+02
1.092404e-01 1.283693e-01 -9.856916e-01 1.134782e+02 -4.163311e-02 9.913468e-01 1.244917e-01 -1.446945e+01 9.931431e-01 2.743788e-02 1.136395e-01 1.662304e+02
1.097962e-01 1.279295e-01 -9.856870e-01 1.123946e+02 -4.169470e-02 9.914025e-01 1.240269e-01 -1.435242e+01 9.930792e-01 2.748024e-02 1.141862e-01 1.663480e+02
1.102524e-01 1.277245e-01 -9.856627e-01 1.113324e+02 -4.192131e-02 9.914235e-01 1.237819e-01 -1.422683e+01 9.930191e-01 2.767303e-02 1.146612e-01 1.664653e+02
1.108529e-01 1.274280e-01 -9.856337e-01 1.102775e+02 -4.185148e-02 9.914648e-01 1.234749e-01 -1.411602e+01 9.929552e-01 2.756268e-02 1.152398e-01 1.665771e+02
1.166047e-01 1.311450e-01 -9.844818e-01 1.091801e+02 -4.047641e-02 9.910476e-01 1.272255e-01 -1.399480e+01 9.923533e-01 2.501319e-02 1.208691e-01 1.667091e+02
1.171473e-01 1.307858e-01 -9.844651e-01 1.081178e+02 -4.116570e-02 9.910781e-01 1.267658e-01 -1.387549e+01 9.922610e-01 2.567592e-02 1.214860e-01 1.668309e+02
1.171008e-01 1.306138e-01 -9.844935e-01 1.070472e+02 -4.204651e-02 9.910769e-01 1.264860e-01 -1.375020e+01 9.922296e-01 2.658290e-02 1.215478e-01 1.669568e+02
1.172609e-01 1.320166e-01 -9.842873e-01 1.059822e+02 -4.212148e-02 9.908942e-01 1.278847e-01 -1.362979e+01 9.922075e-01 2.646376e-02 1.217539e-01 1.670773e+02
1.174532e-01 1.318405e-01 -9.842880e-01 1.049109e+02 -4.267810e-02 9.909027e-01 1.276338e-01 -1.350459e+01 9.921609e-01 2.701655e-02 1.220114e-01 1.671921e+02
1.167678e-01 1.308322e-01 -9.845040e-01 1.038362e+02 -4.347703e-02 9.910083e-01 1.265400e-01 -1.338579e+01 9.922072e-01 2.802752e-02 1.214060e-01 1.673271e+02
1.161560e-01 1.304488e-01 -9.846273e-01 1.027608e+02 -4.436420e-02 9.910297e-01 1.260634e-01 -1.325956e+01 9.922397e-01 2.903918e-02 1.209013e-01 1.674509e+02
1.154144e-01 1.319704e-01 -9.845117e-01 1.016934e+02 -4.330186e-02 9.908613e-01 1.277452e-01 -1.314701e+01 9.923732e-01 2.788756e-02 1.200742e-01 1.675785e+02
1.144797e-01 1.340194e-01 -9.843440e-01 1.005889e+02 -4.236420e-02 9.906156e-01 1.299463e-01 -1.303379e+01 9.925219e-01 2.682474e-02 1.190830e-01 1.677362e+02
1.133490e-01 1.339050e-01 -9.844905e-01 9.949984e+01 -4.277187e-02 9.906155e-01 1.298135e-01 -1.290935e+01 9.926342e-01 2.739427e-02 1.180126e-01 1.678793e+02
9.253561e-02 1.391185e-01 -9.859428e-01 9.829738e+01 -4.166802e-02 9.898650e-01 1.357612e-01 -1.276535e+01 9.948371e-01 2.851954e-02 9.739455e-02 1.680109e+02
9.204879e-02 1.387886e-01 -9.860349e-01 9.721922e+01 -4.367469e-02 9.898487e-01 1.352483e-01 -1.262648e+01 9.947962e-01 3.061532e-02 9.717593e-02 1.681321e+02
9.269955e-02 1.406430e-01 -9.857111e-01 9.613561e+01 -4.713104e-02 9.894839e-01 1.367490e-01 -1.249892e+01 9.945780e-01 3.378102e-02 9.835336e-02 1.682339e+02
9.407290e-02 1.399190e-01 -9.856840e-01 9.506256e+01 -5.123787e-02 9.894430e-01 1.355625e-01 -1.236916e+01 9.942459e-01 3.775159e-02 1.002489e-01 1.683354e+02
9.586670e-02 1.361057e-01 -9.860450e-01 9.397838e+01 -5.471839e-02 9.898303e-01 1.313083e-01 -1.223179e+01 9.938891e-01 4.136670e-02 1.023392e-01 1.684566e+02
9.824942e-02 1.315439e-01 -9.864295e-01 9.288178e+01 -5.895873e-02 9.902535e-01 1.261815e-01 -1.210794e+01 9.934138e-01 4.576137e-02 1.050475e-01 1.686017e+02
1.014950e-01 1.306846e-01 -9.862151e-01 9.180812e+01 -6.055586e-02 9.903077e-01 1.249949e-01 -1.199912e+01 9.929913e-01 4.703476e-02 1.084250e-01 1.687101e+02
1.050401e-01 1.332117e-01 -9.855056e-01 9.072382e+01 -6.110254e-02 9.899799e-01 1.273039e-01 -1.187251e+01 9.925891e-01 4.684487e-02 1.121272e-01 1.688308e+02
1.084430e-01 1.360217e-01 -9.847529e-01 8.964994e+01 -5.877522e-02 9.897391e-01 1.302380e-01 -1.176069e+01 9.923636e-01 4.375568e-02 1.153250e-01 1.689557e+02
1.118969e-01 1.378043e-01 -9.841184e-01 8.857516e+01 -5.816575e-02 9.895482e-01 1.319510e-01 -1.162946e+01 9.920160e-01 4.247706e-02 1.187429e-01 1.690736e+02
9.642948e-02 1.472833e-01 -9.843825e-01 8.747327e+01 -5.212911e-02 9.883814e-01 1.427751e-01 -1.152223e+01 9.939738e-01 3.754726e-02 1.029869e-01 1.692370e+02
9.957413e-02 1.480392e-01 -9.839560e-01 8.637041e+01 -5.150446e-02 9.883117e-01 1.434824e-01 -1.138875e+01 9.936963e-01 3.639099e-02 1.060350e-01 1.693658e+02
1.016613e-01 1.486289e-01 -9.836536e-01 8.527125e+01 -5.184178e-02 9.882244e-01 1.439617e-01 -1.126427e+01 9.934674e-01 3.635901e-02 1.081694e-01 1.695019e+02
1.041899e-01 1.476919e-01 -9.835302e-01 8.416272e+01 -5.117488e-02 9.883985e-01 1.430018e-01 -1.112397e+01 9.932399e-01 3.543269e-02 1.105393e-01 1.696163e+02
1.055223e-01 1.442605e-01 -9.838973e-01 8.305528e+01 -5.159119e-02 9.888831e-01 1.394583e-01 -1.096640e+01 9.930777e-01 3.604446e-02 1.117918e-01 1.697694e+02
1.073109e-01 1.403690e-01 -9.842667e-01 8.192113e+01 -5.154509e-02 9.894375e-01 1.354866e-01 -1.080606e+01 9.928885e-01 3.619492e-02 1.134127e-01 1.699213e+02
1.084786e-01 1.390071e-01 -9.843320e-01 8.082522e+01 -5.035572e-02 9.896724e-01 1.342118e-01 -1.068591e+01 9.928226e-01 3.500764e-02 1.143581e-01 1.700291e+02
1.078751e-01 1.392024e-01 -9.843707e-01 7.967645e+01 -4.920851e-02 9.896827e-01 1.345609e-01 -1.052265e+01 9.929459e-01 3.392364e-02 1.136121e-01 1.701972e+02
1.079951e-01 1.405139e-01 -9.841712e-01 7.858965e+01 -4.466375e-02 9.896472e-01 1.363947e-01 -1.039217e+01 9.931476e-01 2.922681e-02 1.131530e-01 1.703294e+02
1.074504e-01 1.407090e-01 -9.842029e-01 7.750847e+01 -4.189361e-02 9.896958e-01 1.369205e-01 -1.025830e+01 9.933274e-01 2.651964e-02 1.122381e-01 1.704579e+02
1.043873e-01 1.582645e-01 -9.818634e-01 7.644634e+01 -3.654919e-02 9.872006e-01 1.552390e-01 -1.013203e+01 9.938649e-01 1.968134e-02 1.088356e-01 1.705764e+02
1.031756e-01 1.589307e-01 -9.818838e-01 7.534344e+01 -3.405661e-02 9.871378e-01 1.562025e-01 -9.965412e+00 9.940799e-01 1.732335e-02 1.072612e-01 1.707010e+02
1.016784e-01 1.632651e-01 -9.813287e-01 7.423213e+01 -3.178969e-02 9.864706e-01 1.608267e-01 -9.806233e+00 9.943093e-01 1.484353e-02 1.054929e-01 1.708132e+02
9.919169e-02 1.674141e-01 -9.808840e-01 7.310940e+01 -3.064970e-02 9.857917e-01 1.651523e-01 -9.637635e+00 9.945962e-01 1.368206e-02 1.029135e-01 1.709270e+02
9.622022e-02 1.654607e-01 -9.815113e-01 7.202647e+01 -2.833169e-02 9.861424e-01 1.634639e-01 -9.477224e+00 9.949568e-01 1.207934e-02 9.957462e-02 1.710433e+02
9.268024e-02 1.571802e-01 -9.832115e-01 7.091420e+01 -2.666030e-02 9.874993e-01 1.553526e-01 -9.305951e+00 9.953389e-01 1.181460e-02 9.571214e-02 1.711589e+02
8.933376e-02 1.513020e-01 -9.844426e-01 6.978546e+01 -2.551879e-02 9.884177e-01 1.495972e-01 -9.141552e+00 9.956748e-01 1.175770e-02 9.216011e-02 1.712652e+02
8.595161e-02 1.526039e-01 -9.845427e-01 6.866838e+01 -2.427067e-02 9.882272e-01 1.510561e-01 -8.988872e+00 9.960036e-01 1.091200e-02 8.864351e-02 1.713677e+02
8.292783e-02 1.567707e-01 -9.841473e-01 6.755217e+01 -2.318153e-02 9.875851e-01 1.553650e-01 -8.832115e+00 9.962859e-01 9.929956e-03 8.553247e-02 1.714489e+02
7.970796e-02 1.584214e-01 -9.841490e-01 6.641886e+01 -2.474692e-02 9.873005e-01 1.569244e-01 -8.661959e+00 9.965110e-01 1.184653e-02 8.261616e-02 1.715256e+02
8.997740e-02 1.619498e-01 -9.826883e-01 6.525099e+01 -2.634817e-02 9.867322e-01 1.602038e-01 -8.491154e+00 9.955952e-01 1.147732e-02 9.305068e-02 1.716251e+02
8.730597e-02 1.628619e-01 -9.827786e-01 6.411880e+01 -2.676400e-02 9.865730e-01 1.611131e-01 -8.322516e+00 9.958219e-01 1.223695e-02 9.049255e-02 1.717154e+02
8.519933e-02 1.642847e-01 -9.827266e-01 6.297602e+01 -2.606741e-02 9.863428e-01 1.626293e-01 -8.154334e+00 9.960229e-01 1.176123e-02 8.831822e-02 1.718167e+02
8.311196e-02 1.642260e-01 -9.829152e-01 6.184997e+01 -2.397484e-02 9.863717e-01 1.627762e-01 -7.990909e+00 9.962518e-01 1.003658e-02 8.591657e-02 1.719122e+02
8.104303e-02 1.628292e-01 -9.833202e-01 6.070370e+01 -2.213645e-02 9.866161e-01 1.615506e-01 -7.820114e+00 9.964648e-01 8.674676e-03 8.356282e-02 1.720095e+02
7.899769e-02 1.616022e-01 -9.836890e-01 5.954390e+01 -2.091929e-02 9.868243e-01 1.604373e-01 -7.643057e+00 9.966553e-01 7.903902e-03 8.133744e-02 1.721071e+02
7.611695e-02 1.608393e-01 -9.840411e-01 5.835659e+01 -2.132078e-02 9.869411e-01 1.596641e-01 -7.474077e+00 9.968709e-01 8.827381e-03 7.855217e-02 1.722170e+02
7.356904e-02 1.603072e-01 -9.843217e-01 5.719429e+01 -2.204803e-02 9.870165e-01 1.590982e-01 -7.294447e+00 9.970464e-01 9.997647e-03 7.614832e-02 1.723075e+02
7.052405e-02 1.620249e-01 -9.842633e-01 5.601810e+01 -2.265922e-02 9.867258e-01 1.608067e-01 -7.112486e+00 9.972527e-01 1.096190e-02 7.325926e-02 1.724096e+02
6.796931e-02 1.654307e-01 -9.838764e-01 5.484719e+01 -2.192351e-02 9.861665e-01 1.643013e-01 -6.956057e+00 9.974465e-01 1.040258e-02 7.065589e-02 1.724747e+02
6.581006e-02 1.658921e-01 -9.839456e-01 5.362096e+01 -2.111788e-02 9.860939e-01 1.648418e-01 -6.772431e+00 9.976087e-01 9.930593e-03 6.839819e-02 1.725426e+02
6.267566e-02 1.649159e-01 -9.843142e-01 5.244840e+01 -2.215856e-02 9.862401e-01 1.638277e-01 -6.589471e+00 9.977879e-01 1.154298e-02 6.546754e-02 1.726200e+02
6.077545e-02 1.645015e-01 -9.845027e-01 5.130130e+01 -2.127232e-02 9.863154e-01 1.634912e-01 -6.423035e+00 9.979248e-01 1.100641e-02 6.344310e-02 1.726833e+02
5.881650e-02 1.640419e-01 -9.846984e-01 5.016354e+01 -2.152688e-02 9.863851e-01 1.630371e-01 -6.251595e+00 9.980367e-01 1.160822e-02 6.154703e-02 1.727475e+02
5.688042e-02 1.639299e-01 -9.848308e-01 4.901174e+01 -2.193954e-02 9.863948e-01 1.629231e-01 -6.081040e+00 9.981399e-01 1.233960e-02 5.970310e-02 1.728070e+02
5.489950e-02 1.644813e-01 -9.848512e-01 4.784890e+01 -2.195013e-02 9.862992e-01 1.634995e-01 -5.904462e+00 9.982506e-01 1.264157e-02 5.775771e-02 1.728762e+02
5.348416e-02 1.645480e-01 -9.849180e-01 4.668902e+01 -2.106598e-02 9.862961e-01 1.636343e-01 -5.738354e+00 9.983465e-01 1.199641e-02 5.621758e-02 1.729411e+02
5.260599e-02 1.640152e-01 -9.850541e-01 4.554329e+01 -1.945913e-02 9.864010e-01 1.632003e-01 -5.576547e+00 9.984257e-01 1.058299e-02 5.508219e-02 1.729967e+02
5.142535e-02 1.629453e-01 -9.852940e-01 4.440992e+01 -2.071617e-02 9.865612e-01 1.620736e-01 -5.408368e+00 9.984620e-01 1.207682e-02 5.410986e-02 1.730440e+02
5.053013e-02 1.622265e-01 -9.854589e-01 4.329587e+01 -1.944581e-02 9.866922e-01 1.614324e-01 -5.252492e+00 9.985332e-01 1.100585e-02 5.301231e-02 1.730913e+02
4.869232e-02 1.614103e-01 -9.856854e-01 4.216732e+01 -1.992506e-02 9.868166e-01 1.606112e-01 -5.088579e+00 9.986151e-01 1.181930e-02 5.126650e-02 1.731407e+02
4.812013e-02 1.565190e-01 -9.865020e-01 4.102463e+01 -1.844104e-02 9.876170e-01 1.557964e-01 -4.918384e+00 9.986713e-01 1.069518e-02 5.041063e-02 1.731998e+02
4.670244e-02 1.535029e-01 -9.870439e-01 3.990083e+01 -1.842110e-02 9.880864e-01 1.527935e-01 -4.764161e+00 9.987390e-01 1.104661e-02 4.897374e-02 1.732462e+02
4.565470e-02 1.534958e-01 -9.870941e-01 3.878430e+01 -1.674562e-02 9.881031e-01 1.528782e-01 -4.607693e+00 9.988169e-01 9.549897e-03 4.768194e-02 1.733011e+02
4.383607e-02 1.572428e-01 -9.865866e-01 3.765158e+01 -1.407907e-02 9.875350e-01 1.567684e-01 -4.449401e+00 9.989395e-01 7.018115e-03 4.550349e-02 1.733565e+02
4.265891e-02 1.600257e-01 -9.861906e-01 3.652828e+01 -1.391506e-02 9.870886e-01 1.595695e-01 -4.287586e+00 9.989928e-01 6.915838e-03 4.433489e-02 1.734003e+02
4.183863e-02 1.614979e-01 -9.859858e-01 3.543105e+01 -1.533630e-02 9.868374e-01 1.609866e-01 -4.130293e+00 9.990067e-01 8.385910e-03 4.376471e-02 1.734247e+02
4.045104e-02 1.614102e-01 -9.860580e-01 3.432286e+01 -1.466703e-02 9.868554e-01 1.609390e-01 -3.974125e+00 9.990739e-01 7.952393e-03 4.228673e-02 1.734644e+02
3.882254e-02 1.627575e-01 -9.859020e-01 3.320368e+01 -1.605774e-02 9.866201e-01 1.622437e-01 -3.816111e+00 9.991171e-01 9.532645e-03 4.091661e-02 1.735097e+02
3.729132e-02 1.654781e-01 -9.855082e-01 3.210289e+01 -1.906178e-02 9.861325e-01 1.648616e-01 -3.655561e+00 9.991226e-01 1.263763e-02 3.992849e-02 1.735416e+02
2.158390e-02 1.634360e-01 -9.863178e-01 3.105035e+01 -1.584835e-02 9.864796e-01 1.631160e-01 -3.505467e+00 9.996414e-01 1.211083e-02 2.388226e-02 1.735656e+02
2.009780e-02 1.627327e-01 -9.864655e-01 2.999417e+01 -1.825302e-02 9.865600e-01 1.623764e-01 -3.343075e+00 9.996314e-01 1.474257e-02 2.279805e-02 1.735770e+02
1.916984e-02 1.624059e-01 -9.865378e-01 2.893718e+01 -1.919794e-02 9.865970e-01 1.620426e-01 -3.193516e+00 9.996319e-01 1.583316e-02 2.203076e-02 1.735821e+02
1.733175e-02 1.631164e-01 -9.864546e-01 2.786992e+01 -2.090056e-02 9.864463e-01 1.627478e-01 -3.043108e+00 9.996313e-01 1.779675e-02 2.050607e-02 1.735984e+02
1.488279e-02 1.633842e-01 -9.864502e-01 2.683723e+01 -2.135460e-02 9.863864e-01 1.630515e-01 -2.893813e+00 9.996612e-01 1.863859e-02 1.816919e-02 1.736174e+02
1.254690e-02 1.644359e-01 -9.863080e-01 2.581838e+01 -2.276200e-02 9.861770e-01 1.641245e-01 -2.736064e+00 9.996622e-01 2.039109e-02 1.611636e-02 1.736298e+02
1.061016e-02 1.645931e-01 -9.863045e-01 2.482539e+01 -2.342075e-02 9.861303e-01 1.643121e-01 -2.601041e+00 9.996694e-01 2.135661e-02 1.431789e-02 1.736262e+02
8.782498e-03 1.643496e-01 -9.863631e-01 2.386625e+01 -2.388777e-02 9.861541e-01 1.641021e-01 -2.459755e+00 9.996761e-01 2.212079e-02 1.258684e-02 1.736255e+02
6.481022e-03 1.635852e-01 -9.865079e-01 2.287939e+01 -2.526478e-02 9.862405e-01 1.633749e-01 -2.304855e+00 9.996598e-01 2.386507e-02 1.052479e-02 1.736394e+02
4.850147e-03 1.628756e-01 -9.866347e-01 2.194775e+01 -2.465741e-02 9.863658e-01 1.627100e-01 -2.175163e+00 9.996842e-01 2.353869e-02 8.800109e-03 1.736298e+02
-7.013466e-03 1.618199e-01 -9.867954e-01 2.097515e+01 -2.097493e-02 9.865787e-01 1.619334e-01 -2.024914e+00 9.997554e-01 2.183368e-02 -3.525176e-03 1.736401e+02
-8.729530e-03 1.614531e-01 -9.868418e-01 2.004020e+01 -2.242322e-02 9.865996e-01 1.616118e-01 -1.902862e+00 9.997105e-01 2.353896e-02 -4.992255e-03 1.736325e+02
-9.903098e-03 1.618878e-01 -9.867595e-01 1.913445e+01 -2.393107e-02 9.864869e-01 1.620833e-01 -1.773268e+00 9.996646e-01 2.521933e-02 -5.895128e-03 1.736141e+02
-1.018040e-02 1.618976e-01 -9.867551e-01 1.825890e+01 -2.537172e-02 9.864467e-01 1.621087e-01 -1.646981e+00 9.996262e-01 2.668600e-02 -5.934798e-03 1.736030e+02
-1.008290e-02 1.615411e-01 -9.868145e-01 1.742210e+01 -2.888452e-02 9.864058e-01 1.617694e-01 -1.536685e+00 9.995319e-01 3.013477e-02 -5.279790e-03 1.735976e+02
-7.394611e-03 1.611310e-01 -9.869053e-01 1.657009e+01 -3.147541e-02 9.864058e-01 1.612853e-01 -1.421701e+00 9.994772e-01 3.225589e-02 -2.222422e-03 1.735901e+02
-3.767798e-03 1.599468e-01 -9.871184e-01 1.570386e+01 -3.381598e-02 9.865405e-01 1.599822e-01 -1.300152e+00 9.994210e-01 3.398315e-02 1.691671e-03 1.736147e+02
1.901086e-03 1.592057e-01 -9.872436e-01 1.486412e+01 -3.578570e-02 9.866239e-01 1.590369e-01 -1.184978e+00 9.993577e-01 3.502686e-02 7.572944e-03 1.736167e+02
8.515447e-03 1.588487e-01 -9.872662e-01 1.400998e+01 -3.867694e-02 9.866155e-01 1.584104e-01 -1.081194e+00 9.992155e-01 3.683550e-02 1.454525e-02 1.736127e+02
1.752509e-02 1.585954e-01 -9.871881e-01 1.320793e+01 -4.141571e-02 9.866075e-01 1.577669e-01 -9.657410e-01 9.989883e-01 3.812021e-02 2.385873e-02 1.736304e+02
3.524201e-02 1.563622e-01 -9.870709e-01 1.241311e+01 -4.112758e-02 9.870746e-01 1.548944e-01 -8.623101e-01 9.985322e-01 3.513705e-02 4.121729e-02 1.736699e+02
4.622469e-02 1.564318e-01 -9.866065e-01 1.163422e+01 -4.156581e-02 9.871080e-01 1.545639e-01 -7.748046e-01 9.980659e-01 3.386443e-02 5.213098e-02 1.737195e+02
5.797079e-02 1.555645e-01 -9.861233e-01 1.084301e+01 -4.188584e-02 9.872936e-01 1.532868e-01 -6.864676e-01 9.974392e-01 3.241845e-02 6.375014e-02 1.737746e+02
6.906933e-02 1.559617e-01 -9.853453e-01 1.005849e+01 -4.177473e-02 9.872899e-01 1.533412e-01 -5.801555e-01 9.967368e-01 3.057136e-02 7.470671e-02 1.738415e+02
8.030553e-02 1.567183e-01 -9.843731e-01 9.309581e+00 -4.058501e-02 9.872578e-01 1.538666e-01 -4.749617e-01 9.959437e-01 2.759445e-02 8.564267e-02 1.739161e+02
9.127775e-02 1.578946e-01 -9.832282e-01 8.564551e+00 -3.956225e-02 9.871454e-01 1.548509e-01 -3.705890e-01 9.950393e-01 2.476427e-02 9.635107e-02 1.739967e+02
1.013594e-01 1.584957e-01 -9.821433e-01 7.842643e+00 -3.860390e-02 9.871107e-01 1.553134e-01 -2.727564e-01 9.941006e-01 2.217209e-02 1.061715e-01 1.740860e+02
1.111514e-01 1.576153e-01 -9.812251e-01 7.110191e+00 -3.588482e-02 9.873359e-01 1.545319e-01 -1.616972e-01 9.931554e-01 1.803465e-02 1.153998e-01 1.741868e+02
1.194919e-01 1.569350e-01 -9.803535e-01 6.407929e+00 -3.418464e-02 9.874932e-01 1.539113e-01 -6.609220e-02 9.922465e-01 1.512188e-02 1.233622e-01 1.742943e+02
1.268253e-01 1.568142e-01 -9.794512e-01 5.717174e+00 -3.218705e-02 9.875552e-01 1.539439e-01 3.480951e-02 9.914027e-01 1.200167e-02 1.302944e-01 1.743888e+02
1.581276e-01 1.616217e-01 -9.741017e-01 5.055713e+00 -3.258701e-02 9.868301e-01 1.584436e-01 1.254176e-01 9.868808e-01 6.688747e-03 1.613118e-01 1.744943e+02
1.607056e-01 1.617813e-01 -9.736532e-01 4.401380e+00 -2.833063e-02 9.868246e-01 1.592937e-01 2.279140e-01 9.865957e-01 1.984811e-03 1.631716e-01 1.746107e+02
1.614079e-01 1.619946e-01 -9.735015e-01 3.716566e+00 -2.471775e-02 9.867900e-01 1.601076e-01 3.360626e-01 9.865782e-01 -1.779862e-03 1.632798e-01 1.747319e+02
1.605291e-01 1.617691e-01 -9.736843e-01 3.075304e+00 -2.107770e-02 9.868147e-01 1.604756e-01 4.193072e-01 9.868060e-01 -5.237975e-03 1.618222e-01 1.748427e+02
1.574314e-01 1.618233e-01 -9.741810e-01 2.438062e+00 -1.836360e-02 9.867916e-01 1.609504e-01 5.075416e-01 9.873592e-01 -7.449186e-03 1.583237e-01 1.749592e+02
1.539769e-01 1.623191e-01 -9.746505e-01 1.830402e+00 -1.535670e-02 9.866880e-01 1.618978e-01 5.933079e-01 9.879551e-01 -9.961109e-03 1.544199e-01 1.750604e+02
1.498672e-01 1.625003e-01 -9.752607e-01 1.251281e+00 -1.284582e-02 9.866378e-01 1.624220e-01 6.866113e-01 9.886227e-01 -1.181370e-02 1.499521e-01 1.751637e+02
1.454336e-01 1.635146e-01 -9.757623e-01 6.541001e-01 -1.011607e-02 9.864423e-01 1.637966e-01 7.660727e-01 9.893163e-01 -1.395065e-02 1.451160e-01 1.752530e+02
1.411629e-01 1.643148e-01 -9.762549e-01 8.928952e-02 -6.952962e-03 9.862699e-01 1.649951e-01 8.491855e-01 9.899620e-01 -1.650333e-02 1.403672e-01 1.753368e+02
1.366711e-01 1.648948e-01 -9.767961e-01 -4.554522e-01 -4.676329e-03 9.861452e-01 1.658187e-01 9.235195e-01 9.906054e-01 -1.809481e-02 1.355487e-01 1.754180e+02
1.356582e-01 1.748684e-01 -9.752015e-01 -9.374689e-01 -4.119930e-03 9.843917e-01 1.759432e-01 9.932053e-01 9.907471e-01 -1.985038e-02 1.342613e-01 1.754948e+02
1.308489e-01 1.747136e-01 -9.758861e-01 -1.434422e+00 -2.941271e-03 9.844133e-01 1.758458e-01 1.068614e+00 9.913980e-01 -2.013889e-02 1.293233e-01 1.755651e+02
1.266613e-01 1.734825e-01 -9.766579e-01 -1.895898e+00 -2.044325e-03 9.846313e-01 1.746337e-01 1.127948e+00 9.919439e-01 -2.012273e-02 1.250693e-01 1.756195e+02
1.222612e-01 1.709686e-01 -9.776615e-01 -2.352942e+00 -2.191921e-03 9.850955e-01 1.719945e-01 1.199473e+00 9.924955e-01 -1.888530e-02 1.208137e-01 1.756753e+02
1.179066e-01 1.688783e-01 -9.785592e-01 -2.776922e+00 -2.600156e-03 9.854820e-01 1.697598e-01 1.262146e+00 9.930213e-01 -1.747140e-02 1.166340e-01 1.757241e+02
1.131846e-01 1.682959e-01 -9.792169e-01 -3.177636e+00 -2.747417e-03 9.855993e-01 1.690752e-01 1.314025e+00 9.935702e-01 -1.644639e-02 1.120170e-01 1.757790e+02
1.095297e-01 1.675158e-01 -9.797661e-01 -3.553575e+00 -2.396558e-03 9.857382e-01 1.682690e-01 1.365837e+00 9.939806e-01 -1.608238e-02 1.083690e-01 1.758207e+02
1.062551e-01 1.667795e-01 -9.802522e-01 -3.891359e+00 -2.598791e-03 9.858763e-01 1.674547e-01 1.413127e+00 9.943355e-01 -1.524544e-02 1.051878e-01 1.758562e+02
1.026500e-01 1.664677e-01 -9.806893e-01 -4.212019e+00 -2.998040e-03 9.859446e-01 1.670459e-01 1.446634e+00 9.947130e-01 -1.420712e-02 1.017063e-01 1.758962e+02
9.956456e-02 1.663882e-01 -9.810208e-01 -4.495648e+00 -4.271188e-03 9.859821e-01 1.667962e-01 1.493351e+00 9.950219e-01 -1.241687e-02 9.887955e-02 1.759191e+02
1.225283e-01 1.625772e-01 -9.790585e-01 -4.742527e+00 -8.626252e-03 9.866288e-01 1.627547e-01 1.533067e+00 9.924275e-01 -1.149646e-02 1.222924e-01 1.759405e+02
1.198189e-01 1.623691e-01 -9.794283e-01 -4.993174e+00 -8.902831e-03 9.866715e-01 1.624808e-01 1.566694e+00 9.927558e-01 -1.074858e-02 1.196674e-01 1.759731e+02
1.180230e-01 1.620553e-01 -9.796982e-01 -5.226246e+00 -8.780692e-03 9.867254e-01 1.621599e-01 1.596545e+00 9.929720e-01 -1.053617e-02 1.178793e-01 1.759880e+02
1.161529e-01 1.604895e-01 -9.801794e-01 -5.448658e+00 -8.678531e-03 9.869854e-01 1.605755e-01 1.623822e+00 9.931934e-01 -1.014479e-02 1.160340e-01 1.760125e+02
1.143713e-01 1.584589e-01 -9.807191e-01 -5.666393e+00 -8.849253e-03 9.873204e-01 1.584935e-01 1.651214e+00 9.933987e-01 -9.448469e-03 1.143233e-01 1.760259e+02
1.122135e-01 1.570146e-01 -9.812006e-01 -5.876641e+00 -8.376769e-03 9.875515e-01 1.570729e-01 1.686285e+00 9.936488e-01 -9.406405e-03 1.121319e-01 1.760571e+02
1.103935e-01 1.567647e-01 -9.814469e-01 -6.075442e+00 -7.308618e-03 9.875838e-01 1.569229e-01 1.713488e+00 9.938611e-01 -1.015024e-02 1.101686e-01 1.760835e+02
1.084266e-01 1.558042e-01 -9.818191e-01 -6.284422e+00 -6.367245e-03 9.877304e-01 1.560391e-01 1.739981e+00 9.940841e-01 -1.066732e-02 1.080883e-01 1.761074e+02
1.061097e-01 1.539742e-01 -9.823608e-01 -6.474144e+00 -7.118513e-03 9.880306e-01 1.540940e-01 1.765457e+00 9.943289e-01 -9.357921e-03 1.059357e-01 1.761254e+02
1.036117e-01 1.529247e-01 -9.827913e-01 -6.683255e+00 -8.069603e-03 9.882062e-01 1.529165e-01 1.795819e+00 9.945851e-01 -7.913203e-03 1.036238e-01 1.761440e+02
8.731672e-02 1.528528e-01 -9.843840e-01 -6.888418e+00 -3.830188e-03 9.882024e-01 1.531060e-01 1.824142e+00 9.961732e-01 -9.598336e-03 8.687204e-02 1.761960e+02
8.599268e-02 1.535507e-01 -9.843919e-01 -7.088520e+00 -2.002297e-03 9.880765e-01 1.539506e-01 1.845173e+00 9.962938e-01 -1.126758e-02 8.527480e-02 1.762044e+02
8.401880e-02 1.537645e-01 -9.845290e-01 -7.289941e+00 -5.885272e-04 9.880299e-01 1.542611e-01 1.877313e+00 9.964640e-01 -1.238141e-02 8.310358e-02 1.762225e+02
8.201222e-02 1.540106e-01 -9.846597e-01 -7.482403e+00 4.670956e-04 9.879819e-01 1.545692e-01 1.905815e+00 9.966312e-01 -1.313649e-02 8.095465e-02 1.762386e+02
7.976444e-02 1.544679e-01 -9.847727e-01 -7.677745e+00 1.585913e-03 9.878996e-01 1.550868e-01 1.929428e+00 9.968125e-01 -1.393218e-02 7.855428e-02 1.762471e+02
7.708652e-02 1.544900e-01 -9.849825e-01 -7.874614e+00 1.722859e-03 9.879000e-01 1.550824e-01 1.962263e+00 9.970229e-01 -1.365175e-02 7.588761e-02 1.762631e+02
7.430441e-02 1.552428e-01 -9.850779e-01 -8.073054e+00 7.950926e-04 9.877991e-01 1.557316e-01 1.991516e+00 9.972353e-01 -1.235478e-02 7.327439e-02 1.762775e+02
7.103058e-02 1.551331e-01 -9.853367e-01 -8.278381e+00 -2.698947e-03 9.878581e-01 1.553355e-01 2.023873e+00 9.974705e-01 -8.374201e-03 7.058682e-02 1.762798e+02
6.692742e-02 1.513442e-01 -9.862128e-01 -8.493604e+00 -6.714333e-03 9.884749e-01 1.512357e-01 2.052365e+00 9.977353e-01 -3.500051e-03 6.717225e-02 1.762869e+02
6.327750e-02 1.470734e-01 -9.870995e-01 -8.724642e+00 -8.119975e-03 9.891248e-01 1.468546e-01 2.083288e+00 9.979629e-01 -1.277370e-03 6.378358e-02 1.763002e+02
6.128884e-02 1.489850e-01 -9.869383e-01 -8.925327e+00 -9.140849e-03 9.888395e-01 1.487043e-01 2.104306e+00 9.980782e-01 -9.246314e-05 6.196668e-02 1.762911e+02
5.741543e-02 1.491015e-01 -9.871536e-01 -9.201195e+00 -9.079059e-03 9.888218e-01 1.488254e-01 2.138219e+00 9.983091e-01 4.175514e-04 5.812733e-02 1.763122e+02
5.351066e-02 1.489339e-01 -9.873982e-01 -9.491808e+00 -8.782196e-03 9.888469e-01 1.486765e-01 2.177295e+00 9.985287e-01 7.157472e-04 5.422181e-02 1.763254e+02
4.992255e-02 1.477825e-01 -9.877591e-01 -9.789982e+00 -8.111021e-03 9.890197e-01 1.475612e-01 2.206065e+00 9.987202e-01 6.451054e-04 5.057305e-02 1.763430e+02
4.675577e-02 1.457524e-01 -9.882156e-01 -1.011235e+01 -7.893273e-03 9.893206e-01 1.455420e-01 2.251277e+00 9.988752e-01 9.953294e-04 4.740691e-02 1.763488e+02
4.372267e-02 1.435299e-01 -9.886797e-01 -1.045612e+01 -9.331990e-03 9.896416e-01 1.432568e-01 2.296780e+00 9.990001e-01 2.962780e-03 4.460919e-02 1.763619e+02
4.157087e-02 1.414859e-01 -9.890670e-01 -1.082460e+01 -1.270187e-02 9.899176e-01 1.410737e-01 2.355487e+00 9.990548e-01 6.698443e-03 4.294887e-02 1.763722e+02
4.120644e-02 1.401457e-01 -9.892731e-01 -1.121711e+01 -1.667181e-02 9.900726e-01 1.395645e-01 2.406510e+00 9.990116e-01 1.074201e-02 4.313385e-02 1.763816e+02
4.138987e-02 1.399794e-01 -9.892890e-01 -1.163678e+01 -2.017919e-02 9.900526e-01 1.392432e-01 2.457510e+00 9.989393e-01 1.419979e-02 4.380282e-02 1.764020e+02
4.185106e-02 1.426913e-01 -9.888820e-01 -1.206920e+01 -2.173012e-02 9.896451e-01 1.418817e-01 2.514521e+00 9.988875e-01 1.555063e-02 4.451839e-02 1.764252e+02
2.231259e-02 1.491272e-01 -9.885662e-01 -1.251560e+01 -2.083607e-02 9.886670e-01 1.486721e-01 2.576293e+00 9.995339e-01 1.728058e-02 2.516694e-02 1.764526e+02
2.324367e-02 1.541540e-01 -9.877734e-01 -1.301035e+01 -2.208020e-02 9.878785e-01 1.536508e-01 2.648083e+00 9.994860e-01 1.823883e-02 2.636568e-02 1.764685e+02
2.471128e-02 1.588772e-01 -9.869891e-01 -1.349713e+01 -2.366614e-02 9.871068e-01 1.583036e-01 2.713370e+00 9.994145e-01 1.944634e-02 2.815268e-02 1.764719e+02
2.527115e-02 1.644223e-01 -9.860663e-01 -1.401137e+01 -2.286355e-02 9.862183e-01 1.638617e-01 2.792030e+00 9.994191e-01 1.840400e-02 2.868215e-02 1.764805e+02
2.705100e-02 1.691405e-01 -9.852207e-01 -1.455846e+01 -1.507694e-02 9.855383e-01 1.687810e-01 2.876561e+00 9.995203e-01 1.028842e-02 2.920991e-02 1.765072e+02
2.919992e-02 1.689359e-01 -9.851944e-01 -1.511281e+01 -6.438955e-03 9.856260e-01 1.688190e-01 2.960190e+00 9.995529e-01 1.414120e-03 2.986797e-02 1.765377e+02
2.991439e-02 1.679873e-01 -9.853352e-01 -1.565556e+01 -1.121117e-04 9.857769e-01 1.680592e-01 3.043381e+00 9.995525e-01 -4.916919e-03 2.950774e-02 1.765570e+02
2.771682e-02 1.659182e-01 -9.857499e-01 -1.628120e+01 -9.104747e-04 9.861326e-01 1.659570e-01 3.139904e+00 9.996154e-01 -3.702299e-03 2.748352e-02 1.765801e+02
2.653997e-02 1.642946e-01 -9.860542e-01 -1.688508e+01 -4.485544e-03 9.864113e-01 1.642334e-01 3.244439e+00 9.996377e-01 6.423942e-05 2.691628e-02 1.765712e+02
2.511003e-02 1.649454e-01 -9.859830e-01 -1.751449e+01 2.925144e-04 9.862927e-01 1.650047e-01 3.346668e+00 9.996847e-01 -4.431688e-03 2.471760e-02 1.765876e+02
4.451461e-03 1.712292e-01 -9.852212e-01 -1.815498e+01 9.447056e-03 9.851798e-01 1.712647e-01 3.449481e+00 9.999455e-01 -1.006982e-02 2.767877e-03 1.766054e+02
1.897211e-03 1.722914e-01 -9.850442e-01 -1.882020e+01 1.049744e-02 9.849883e-01 1.723019e-01 3.565859e+00 9.999431e-01 -1.066734e-02 6.011201e-05 1.766073e+02
-6.260716e-04 1.685768e-01 -9.856883e-01 -1.950019e+01 1.032972e-02 9.856370e-01 1.685614e-01 3.676290e+00 9.999465e-01 -1.007635e-02 -2.358430e-03 1.765967e+02
-5.377918e-03 1.599524e-01 -9.871101e-01 -2.019125e+01 6.154163e-03 9.871110e-01 1.599190e-01 3.783588e+00 9.999666e-01 -5.214805e-03 -6.292975e-03 1.765829e+02
-7.473598e-03 1.490104e-01 -9.888074e-01 -2.090670e+01 4.503694e-03 9.888300e-01 1.489798e-01 3.896410e+00 9.999619e-01 -3.339871e-03 -8.061215e-03 1.765690e+02
-8.374704e-03 1.440145e-01 -9.895401e-01 -2.164203e+01 1.906766e-03 9.895753e-01 1.440035e-01 4.005459e+00 9.999631e-01 -6.808349e-04 -8.562003e-03 1.765585e+02
-9.180818e-03 1.483752e-01 -9.888885e-01 -2.241644e+01 4.302402e-03 9.889269e-01 1.483410e-01 4.119719e+00 9.999486e-01 -2.892705e-03 -9.717527e-03 1.765419e+02
-1.002628e-02 1.547339e-01 -9.879053e-01 -2.320425e+01 6.336900e-03 9.879450e-01 1.546758e-01 4.234856e+00 9.999297e-01 -4.709434e-03 -1.088594e-02 1.765346e+02
-1.111719e-02 1.595271e-01 -9.871310e-01 -2.401218e+01 7.214467e-03 9.871791e-01 1.594536e-01 4.350615e+00 9.999122e-01 -5.348949e-03 -1.212556e-02 1.765244e+02
-1.316341e-02 1.569943e-01 -9.875118e-01 -2.486769e+01 3.381668e-03 9.875987e-01 1.569631e-01 4.474428e+00 9.999076e-01 -1.273268e-03 -1.353107e-02 1.764841e+02
-3.217306e-02 1.543631e-01 -9.874902e-01 -2.568143e+01 2.037841e-04 9.880027e-01 1.544366e-01 4.605872e+00 9.994823e-01 4.767464e-03 -3.181853e-02 1.764681e+02
-3.357887e-02 1.516844e-01 -9.878584e-01 -2.650886e+01 -2.134245e-05 9.884157e-01 1.517707e-01 4.734116e+00 9.994361e-01 5.117374e-03 -3.318665e-02 1.764424e+02
-3.449961e-02 1.534650e-01 -9.875517e-01 -2.735240e+01 -1.259746e-03 9.881324e-01 1.535993e-01 4.859536e+00 9.994039e-01 6.543180e-03 -3.389686e-02 1.764164e+02
-3.503636e-02 1.568933e-01 -9.869939e-01 -2.823308e+01 -2.953363e-03 9.875797e-01 1.570912e-01 4.993393e+00 9.993817e-01 8.418855e-03 -3.413783e-02 1.763744e+02
-3.597218e-02 1.598046e-01 -9.864930e-01 -2.912411e+01 -3.559616e-03 9.871052e-01 1.600335e-01 5.129007e+00 9.993465e-01 9.268292e-03 -3.493948e-02 1.763384e+02
-3.653921e-02 1.617946e-01 -9.861478e-01 -3.001705e+01 -2.878656e-03 9.867856e-01 1.620059e-01 5.268328e+00 9.993281e-01 8.758346e-03 -3.559062e-02 1.763001e+02
-3.675636e-02 1.638432e-01 -9.858014e-01 -3.093686e+01 -3.809916e-03 9.864378e-01 1.640910e-01 5.408906e+00 9.993170e-01 9.787210e-03 -3.563364e-02 1.762583e+02
-3.655431e-02 1.644074e-01 -9.857150e-01 -3.184454e+01 -3.381392e-03 9.863482e-01 1.646384e-01 5.549503e+00 9.993259e-01 9.351331e-03 -3.549935e-02 1.762202e+02
-3.597685e-02 1.619350e-01 -9.861454e-01 -3.276494e+01 -5.747902e-03 9.867344e-01 1.622414e-01 5.689873e+00 9.993361e-01 1.150520e-02 -3.456881e-02 1.761837e+02
-3.425698e-02 1.590627e-01 -9.866740e-01 -3.371652e+01 -7.208378e-03 9.871884e-01 1.593959e-01 5.840904e+00 9.993871e-01 1.257274e-02 -3.267151e-02 1.761474e+02
-4.849838e-02 1.605053e-01 -9.858428e-01 -3.466168e+01 -9.811419e-03 9.868800e-01 1.611569e-01 5.987153e+00 9.987751e-01 1.748836e-02 -4.628730e-02 1.761068e+02
-4.692339e-02 1.628743e-01 -9.855304e-01 -3.562568e+01 -9.983327e-03 9.864914e-01 1.635084e-01 6.133198e+00 9.988486e-01 1.751124e-02 -4.466349e-02 1.760640e+02
-4.533411e-02 1.640699e-01 -9.854065e-01 -3.662891e+01 -1.076162e-02 9.862832e-01 1.647109e-01 6.298637e+00 9.989139e-01 1.807160e-02 -4.294661e-02 1.760203e+02
-4.392250e-02 1.644314e-01 -9.854101e-01 -3.760587e+01 -1.080552e-02 9.862261e-01 1.650492e-01 6.451822e+00 9.989765e-01 1.789724e-02 -4.154075e-02 1.759837e+02
-4.290258e-02 1.644933e-01 -9.854447e-01 -3.862733e+01 -1.096040e-02 9.862161e-01 1.650992e-01 6.614567e+00 9.990191e-01 1.788405e-02 -4.050830e-02 1.759477e+02
-4.162927e-02 1.642042e-01 -9.855476e-01 -3.960786e+01 -1.011553e-02 9.862828e-01 1.647540e-01 6.759467e+00 9.990819e-01 1.682793e-02 -3.939722e-02 1.759009e+02
-4.163772e-02 1.637565e-01 -9.856217e-01 -4.062741e+01 -9.564270e-03 9.863667e-01 1.642843e-01 6.917187e+00 9.990870e-01 1.626718e-02 -3.950385e-02 1.758703e+02
-4.225901e-02 1.626665e-01 -9.857757e-01 -4.167828e+01 -8.835591e-03 9.865577e-01 1.631743e-01 7.080329e+00 9.990676e-01 1.560549e-02 -4.025370e-02 1.758459e+02
-4.284842e-02 1.629964e-01 -9.856958e-01 -4.268487e+01 -9.415501e-03 9.864922e-01 1.635374e-01 7.239850e+00 9.990372e-01 1.628814e-02 -4.073494e-02 1.757970e+02
-4.383876e-02 1.634267e-01 -9.855810e-01 -4.374546e+01 -9.188724e-03 9.864217e-01 1.639748e-01 7.415943e+00 9.989964e-01 1.624468e-02 -4.174182e-02 1.757558e+02
-5.907914e-02 1.652907e-01 -9.844738e-01 -4.475641e+01 -1.403006e-02 9.859615e-01 1.663824e-01 7.568498e+00 9.981547e-01 2.364195e-02 -5.593072e-02 1.757035e+02
-6.094994e-02 1.630758e-01 -9.847291e-01 -4.581869e+01 -1.616139e-02 9.862727e-01 1.643318e-01 7.732252e+00 9.980100e-01 2.593060e-02 -5.747773e-02 1.756496e+02
-6.098392e-02 1.609538e-01 -9.850761e-01 -4.682752e+01 -1.615464e-02 9.866245e-01 1.622069e-01 7.886623e+00 9.980080e-01 2.580556e-02 -5.756808e-02 1.755662e+02
-6.165117e-02 1.622042e-01 -9.848294e-01 -4.786660e+01 -1.764876e-02 9.863749e-01 1.635636e-01 8.047499e+00 9.979417e-01 2.746491e-02 -5.794847e-02 1.754910e+02
-6.207974e-02 1.644799e-01 -9.844250e-01 -4.891029e+01 -1.968191e-02 9.859338e-01 1.659731e-01 8.204931e+00 9.978771e-01 2.967893e-02 -5.796924e-02 1.754064e+02
-6.251321e-02 1.652175e-01 -9.842740e-01 -4.994668e+01 -1.991493e-02 9.858000e-01 1.667385e-01 8.374880e+00 9.978454e-01 3.002511e-02 -5.833523e-02 1.753455e+02
-6.237678e-02 1.653999e-01 -9.842520e-01 -5.099599e+01 -1.853180e-02 9.858105e-01 1.668362e-01 8.544198e+00 9.978806e-01 2.864666e-02 -5.842652e-02 1.752905e+02
-6.221766e-02 1.665055e-01 -9.840756e-01 -5.204339e+01 -1.838919e-02 9.856273e-01 1.679307e-01 8.709842e+00 9.978932e-01 2.854460e-02 -5.826152e-02 1.752236e+02
-6.208537e-02 1.673045e-01 -9.839485e-01 -5.310024e+01 -1.773693e-02 9.855097e-01 1.686892e-01 8.883752e+00 9.979132e-01 2.792536e-02 -5.821826e-02 1.751591e+02
-6.188055e-02 1.675417e-01 -9.839210e-01 -5.415472e+01 -1.829812e-02 9.854541e-01 1.689535e-01 9.045317e+00 9.979158e-01 2.845884e-02 -5.791475e-02 1.750808e+02
-7.398149e-02 1.678506e-01 -9.830325e-01 -5.520016e+01 -2.175552e-02 9.852276e-01 1.698627e-01 9.206312e+00 9.970223e-01 3.395308e-02 -6.923692e-02 1.750105e+02
-7.496032e-02 1.662533e-01 -9.832298e-01 -5.627063e+01 -2.452327e-02 9.853983e-01 1.684896e-01 9.374995e+00 9.968849e-01 3.674205e-02 -6.978870e-02 1.749394e+02
-7.546210e-02 1.627571e-01 -9.837762e-01 -5.734730e+01 -2.646743e-02 9.859147e-01 1.651411e-01 9.543803e+00 9.967973e-01 3.849992e-02 -7.009144e-02 1.748707e+02
-7.594393e-02 1.613851e-01 -9.839651e-01 -5.840874e+01 -3.023686e-02 9.859884e-01 1.640507e-01 9.708392e+00 9.966535e-01 4.221067e-02 -7.000006e-02 1.747694e+02
-7.644401e-02 1.648735e-01 -9.833479e-01 -5.949171e+01 -3.407931e-02 9.852254e-01 1.678376e-01 9.877114e+00 9.964913e-01 4.634200e-02 -6.969581e-02 1.746799e+02
-7.708866e-02 1.724374e-01 -9.819993e-01 -6.056460e+01 -3.389852e-02 9.839075e-01 1.754335e-01 1.005556e+01 9.964478e-01 4.681226e-02 -7.000274e-02 1.746143e+02
-7.747512e-02 1.792029e-01 -9.807568e-01 -6.166977e+01 -3.506120e-02 9.826154e-01 1.823121e-01 1.023311e+01 9.963776e-01 4.851116e-02 -6.984518e-02 1.745242e+02
-7.811179e-02 1.781509e-01 -9.808980e-01 -6.272780e+01 -3.750973e-02 9.826823e-01 1.814620e-01 1.040577e+01 9.962387e-01 5.096754e-02 -7.007669e-02 1.744401e+02
-7.858689e-02 1.717084e-01 -9.820083e-01 -6.376434e+01 -3.980402e-02 9.837289e-01 1.751946e-01 1.057997e+01 9.961123e-01 5.285588e-02 -7.047350e-02 1.743542e+02
-7.854241e-02 1.643206e-01 -9.832750e-01 -6.481751e+01 -3.960758e-02 9.850289e-01 1.677775e-01 1.074658e+01 9.961237e-01 5.212280e-02 -7.085820e-02 1.742715e+02
-8.781963e-02 1.596876e-01 -9.832536e-01 -6.585082e+01 -4.273535e-02 9.855545e-01 1.638782e-01 1.091849e+01 9.952193e-01 5.641141e-02 -7.972673e-02 1.741938e+02
-8.717818e-02 1.606761e-01 -9.831496e-01 -6.688013e+01 -4.238138e-02 9.854153e-01 1.648044e-01 1.107515e+01 9.952908e-01 5.603459e-02 -7.909704e-02 1.740931e+02
-8.716277e-02 1.610600e-01 -9.830882e-01 -6.792729e+01 -4.316693e-02 9.853065e-01 1.652507e-01 1.124827e+01 9.952584e-01 5.684060e-02 -7.892957e-02 1.740058e+02
-8.657803e-02 1.632747e-01 -9.827744e-01 -6.899663e+01 -4.000432e-02 9.851132e-01 1.671875e-01 1.140894e+01 9.954416e-01 5.378999e-02 -7.875746e-02 1.739217e+02
-8.688731e-02 1.629435e-01 -9.828021e-01 -7.003732e+01 -3.912645e-02 9.852137e-01 1.668024e-01 1.157210e+01 9.954495e-01 5.294657e-02 -7.922717e-02 1.738379e+02
-8.667476e-02 1.622888e-01 -9.829292e-01 -7.111479e+01 -3.679901e-02 9.854474e-01 1.659495e-01 1.173738e+01 9.955568e-01 5.055446e-02 -7.944135e-02 1.737358e+02
-8.756272e-02 1.599555e-01 -9.832329e-01 -7.215694e+01 -3.518411e-02 9.859116e-01 1.635246e-01 1.189850e+01 9.955375e-01 4.891284e-02 -8.070121e-02 1.736528e+02
-8.847099e-02 1.594747e-01 -9.832297e-01 -7.322802e+01 -3.416966e-02 9.860335e-01 1.630040e-01 1.206458e+01 9.954925e-01 4.801776e-02 -8.178617e-02 1.735623e+02
-8.909803e-02 1.618778e-01 -9.827803e-01 -7.428878e+01 -3.209310e-02 9.857256e-01 1.652725e-01 1.222752e+01 9.955057e-01 4.626592e-02 -8.263106e-02 1.734635e+02
-8.949690e-02 1.662908e-01 -9.820070e-01 -7.530127e+01 -3.015277e-02 9.850592e-01 1.695557e-01 1.237868e+01 9.955306e-01 4.478494e-02 -8.314561e-02 1.733591e+02
-9.795972e-02 1.704020e-01 -9.804933e-01 -7.635914e+01 -3.252205e-02 9.841575e-01 1.742881e-01 1.254379e+01 9.946588e-01 4.896086e-02 -9.086597e-02 1.732666e+02
-9.850700e-02 1.670921e-01 -9.810079e-01 -7.739843e+01 -3.220744e-02 9.847508e-01 1.709637e-01 1.271318e+01 9.946150e-01 4.843688e-02 -9.162324e-02 1.731576e+02
-1.001258e-01 1.617853e-01 -9.817333e-01 -7.845598e+01 -3.525773e-02 9.854951e-01 1.660012e-01 1.288559e+01 9.943499e-01 5.123468e-02 -9.296927e-02 1.730561e+02
-1.003652e-01 1.585767e-01 -9.822323e-01 -7.951166e+01 -3.695407e-02 9.859418e-01 1.629516e-01 1.305211e+01 9.942642e-01 5.265215e-02 -9.309422e-02 1.729356e+02
-1.010371e-01 1.596699e-01 -9.819863e-01 -8.057134e+01 -3.853500e-02 9.856685e-01 1.642335e-01 1.321998e+01 9.941361e-01 5.443452e-02 -9.343623e-02 1.728229e+02
-1.018116e-01 1.645254e-01 -9.811044e-01 -8.164139e+01 -3.908692e-02 9.848060e-01 1.692023e-01 1.338069e+01 9.940355e-01 5.557511e-02 -9.383389e-02 1.727183e+02
-1.024338e-01 1.675348e-01 -9.805302e-01 -8.271520e+01 -3.885843e-02 9.842889e-01 1.722365e-01 1.354965e+01 9.939805e-01 5.574471e-02 -9.431435e-02 1.726138e+02
-1.032943e-01 1.669352e-01 -9.805422e-01 -8.378255e+01 -3.876004e-02 9.843911e-01 1.716736e-01 1.371655e+01 9.938953e-01 5.573876e-02 -9.521161e-02 1.725032e+02
-1.042105e-01 1.639564e-01 -9.809477e-01 -8.485757e+01 -4.081813e-02 9.847819e-01 1.689335e-01 1.389037e+01 9.937173e-01 5.764510e-02 -9.593221e-02 1.723887e+02
-1.062386e-01 1.626475e-01 -9.809481e-01 -8.590993e+01 -4.441516e-02 9.847703e-01 1.680915e-01 1.405748e+01 9.933482e-01 6.142677e-02 -9.739665e-02 1.722699e+02
-1.147274e-01 1.620018e-01 -9.800985e-01 -8.698463e+01 -5.132699e-02 9.843286e-01 1.687092e-01 1.421866e+01 9.920701e-01 6.966107e-02 -1.046144e-01 1.721482e+02
-1.167931e-01 1.619574e-01 -9.798618e-01 -8.807261e+01 -5.203192e-02 9.842612e-01 1.688864e-01 1.440422e+01 9.917923e-01 7.070885e-02 -1.065280e-01 1.720257e+02
-1.200005e-01 1.580408e-01 -9.801138e-01 -8.915031e+01 -5.309705e-02 9.848131e-01 1.652995e-01 1.458584e+01 9.913529e-01 7.187717e-02 -1.097865e-01 1.719004e+02
-1.234483e-01 1.583762e-01 -9.796313e-01 -9.024847e+01 -5.175786e-02 9.848110e-01 1.657359e-01 1.476684e+01 9.910003e-01 7.116344e-02 -1.133761e-01 1.717829e+02
-1.256706e-01 1.572599e-01 -9.795286e-01 -9.132216e+01 -4.722310e-02 9.852888e-01 1.642433e-01 1.493527e+01 9.909475e-01 6.689693e-02 -1.163955e-01 1.716565e+02
-1.276002e-01 1.540169e-01 -9.797943e-01 -9.239389e+01 -4.663881e-02 9.858450e-01 1.610419e-01 1.509789e+01 9.907285e-01 6.624543e-02 -1.186109e-01 1.715169e+02
-1.295773e-01 1.499816e-01 -9.801608e-01 -9.342171e+01 -4.547060e-02 9.865558e-01 1.569714e-01 1.524467e+01 9.905262e-01 6.490842e-02 -1.210155e-01 1.713674e+02
-1.321396e-01 1.489675e-01 -9.799734e-01 -9.447471e+01 -4.596988e-02 9.866579e-01 1.561823e-01 1.540264e+01 9.901646e-01 6.568711e-02 -1.235285e-01 1.712232e+02
-1.350858e-01 1.517980e-01 -9.791370e-01 -9.557242e+01 -4.733922e-02 9.860776e-01 1.594051e-01 1.556452e+01 9.897024e-01 6.788495e-02 -1.260191e-01 1.710850e+02
-1.370150e-01 1.560087e-01 -9.782066e-01 -9.662924e+01 -4.729179e-02 9.853636e-01 1.637741e-01 1.572396e+01 9.894394e-01 6.870065e-02 -1.276316e-01 1.709286e+02
-1.439475e-01 1.610413e-01 -9.763938e-01 -9.770920e+01 -5.143072e-02 9.841187e-01 1.698978e-01 1.589644e+01 9.882479e-01 7.467299e-02 -1.333789e-01 1.707828e+02
-1.464262e-01 1.609784e-01 -9.760355e-01 -9.879371e+01 -5.264960e-02 9.840036e-01 1.701911e-01 1.607641e+01 9.878195e-01 7.630832e-02 -1.356084e-01 1.706277e+02
-1.492801e-01 1.573858e-01 -9.761891e-01 -9.988479e+01 -5.275006e-02 9.845779e-01 1.668049e-01 1.625639e+01 9.873869e-01 7.639468e-02 -1.386757e-01 1.704822e+02
-1.511668e-01 1.532077e-01 -9.765633e-01 -1.009672e+02 -4.906233e-02 9.855358e-01 1.622100e-01 1.640425e+01 9.872900e-01 7.243324e-02 -1.414636e-01 1.703115e+02
-1.538432e-01 1.505776e-01 -9.765545e-01 -1.020287e+02 -4.820768e-02 9.859994e-01 1.596284e-01 1.656529e+01 9.869186e-01 7.163518e-02 -1.444303e-01 1.701442e+02
-1.566491e-01 1.503579e-01 -9.761422e-01 -1.031237e+02 -4.799906e-02 9.860171e-01 1.595818e-01 1.673100e+01 9.864873e-01 7.185224e-02 -1.472416e-01 1.699792e+02
-1.593138e-01 1.528190e-01 -9.753284e-01 -1.042020e+02 -4.906609e-02 9.854998e-01 1.624273e-01 1.689369e+01 9.860079e-01 7.373247e-02 -1.495055e-01 1.697926e+02
-1.619707e-01 1.547495e-01 -9.745861e-01 -1.052931e+02 -5.026975e-02 9.850509e-01 1.647657e-01 1.706084e+01 9.855143e-01 7.567942e-02 -1.517701e-01 1.696097e+02
-1.646853e-01 1.545151e-01 -9.741683e-01 -1.063746e+02 -5.025882e-02 9.850560e-01 1.647384e-01 1.722787e+01 9.850649e-01 7.609053e-02 -1.544585e-01 1.694378e+02
-1.673094e-01 1.544149e-01 -9.737369e-01 -1.074658e+02 -4.946024e-02 9.851003e-01 1.647152e-01 1.739176e+01 9.846630e-01 7.571967e-02 -1.571792e-01 1.692633e+02
-1.725723e-01 1.547119e-01 -9.727708e-01 -1.085613e+02 -5.159527e-02 9.848121e-01 1.657801e-01 1.756280e+01 9.836446e-01 7.879943e-02 -1.619689e-01 1.690859e+02
-1.751544e-01 1.541004e-01 -9.724063e-01 -1.096300e+02 -5.035117e-02 9.849803e-01 1.651625e-01 1.772775e+01 9.832526e-01 7.789074e-02 -1.647645e-01 1.688906e+02
-1.778828e-01 1.524351e-01 -9.721735e-01 -1.107096e+02 -4.847854e-02 9.853722e-01 1.633749e-01 1.788868e+01 9.828568e-01 7.619113e-02 -1.678909e-01 1.687050e+02
-1.803066e-01 1.517876e-01 -9.718282e-01 -1.117873e+02 -4.806167e-02 9.854817e-01 1.628372e-01 1.805155e+01 9.824355e-01 7.606830e-02 -1.703937e-01 1.685144e+02
-1.821993e-01 1.528028e-01 -9.713160e-01 -1.128624e+02 -4.641605e-02 9.854131e-01 1.637273e-01 1.820847e+01 9.821654e-01 7.491564e-02 -1.724491e-01 1.683274e+02
-1.841056e-01 1.520330e-01 -9.710773e-01 -1.139528e+02 -4.595422e-02 9.855533e-01 1.630118e-01 1.837722e+01 9.818316e-01 7.463649e-02 -1.744593e-01 1.681277e+02
-1.851995e-01 1.506884e-01 -9.710789e-01 -1.150234e+02 -4.273312e-02 9.860036e-01 1.611543e-01 1.854737e+01 9.817714e-01 7.134292e-02 -1.761680e-01 1.679255e+02
-1.872487e-01 1.516791e-01 -9.705315e-01 -1.160883e+02 -4.066884e-02 9.859627e-01 1.619372e-01 1.870958e+01 9.814703e-01 6.979292e-02 -1.784516e-01 1.677277e+02
-1.887115e-01 1.549031e-01 -9.697386e-01 -1.171881e+02 -3.953424e-02 9.854823e-01 1.651114e-01 1.887131e+01 9.812365e-01 6.949629e-02 -1.798479e-01 1.675227e+02
-1.905096e-01 1.561047e-01 -9.691942e-01 -1.182924e+02 -3.854130e-02 9.853253e-01 1.662788e-01 1.904222e+01 9.809285e-01 6.903170e-02 -1.816974e-01 1.673166e+02
-1.932101e-01 1.551656e-01 -9.688103e-01 -1.194074e+02 -4.204465e-02 9.851994e-01 1.661755e-01 1.921459e+01 9.802561e-01 7.284007e-02 -1.838266e-01 1.671020e+02
-1.946970e-01 1.536924e-01 -9.687475e-01 -1.204892e+02 -4.244146e-02 9.854027e-01 1.648646e-01 1.938168e+01 9.799448e-01 7.321369e-02 -1.853320e-01 1.668835e+02
-1.959607e-01 1.530894e-01 -9.685882e-01 -1.216080e+02 -4.227873e-02 9.855012e-01 1.643162e-01 1.956025e+01 9.796999e-01 7.315020e-02 -1.866471e-01 1.666707e+02
-1.974147e-01 1.519807e-01 -9.684675e-01 -1.227430e+02 -4.268978e-02 9.856396e-01 1.633775e-01 1.974900e+01 9.793901e-01 7.359679e-02 -1.880918e-01 1.664623e+02
-1.983277e-01 1.510456e-01 -9.684273e-01 -1.238020e+02 -4.141820e-02 9.858801e-01 1.622499e-01 1.990600e+01 9.792603e-01 7.228916e-02 -1.892713e-01 1.662470e+02
-1.996314e-01 1.507539e-01 -9.682048e-01 -1.249202e+02 -4.123025e-02 9.859267e-01 1.620144e-01 2.008134e+01 9.790033e-01 7.226249e-02 -1.906063e-01 1.660326e+02
-1.995951e-01 1.535439e-01 -9.677738e-01 -1.260091e+02 -3.929573e-02 9.855980e-01 1.644763e-01 2.024949e+01 9.790902e-01 7.085803e-02 -1.906869e-01 1.658125e+02
-1.988376e-01 1.564065e-01 -9.674713e-01 -1.270848e+02 -3.343761e-02 9.855254e-01 1.661974e-01 2.041053e+01 9.794619e-01 6.539621e-02 -1.907297e-01 1.655969e+02
-1.986291e-01 1.563318e-01 -9.675262e-01 -1.281726e+02 -3.263248e-02 9.855940e-01 1.659505e-01 2.057590e+01 9.795313e-01 6.453537e-02 -1.906662e-01 1.653808e+02
-1.995320e-01 1.526207e-01 -9.679328e-01 -1.292373e+02 -3.422892e-02 9.861077e-01 1.625425e-01 2.074034e+01 9.792933e-01 6.556372e-02 -1.915360e-01 1.651572e+02
-1.994043e-01 1.502628e-01 -9.683279e-01 -1.303171e+02 -3.741845e-02 9.862848e-01 1.607548e-01 2.090560e+01 9.792026e-01 6.828853e-02 -1.910469e-01 1.649380e+02
-1.999515e-01 1.479290e-01 -9.685744e-01 -1.314834e+02 -4.272772e-02 9.862803e-01 1.594538e-01 2.109647e+01 9.788737e-01 7.326801e-02 -1.908876e-01 1.647302e+02
-2.008188e-01 1.487725e-01 -9.682657e-01 -1.325609e+02 -4.647279e-02 9.858415e-01 1.611114e-01 2.125754e+01 9.785255e-01 7.735222e-02 -1.910617e-01 1.645127e+02
-2.010840e-01 1.511988e-01 -9.678348e-01 -1.336658e+02 -4.605412e-02 9.854642e-01 1.635215e-01 2.142446e+01 9.784908e-01 7.745433e-02 -1.911978e-01 1.642902e+02
-2.019379e-01 1.536858e-01 -9.672651e-01 -1.347836e+02 -4.538765e-02 9.850820e-01 1.659923e-01 2.159483e+01 9.783461e-01 7.742202e-02 -1.919499e-01 1.640760e+02
-2.025623e-01 1.548314e-01 -9.669518e-01 -1.358445e+02 -4.761258e-02 9.846967e-01 1.676469e-01 2.176454e+01 9.781112e-01 7.999800e-02 -1.920905e-01 1.638426e+02
-2.033907e-01 1.546731e-01 -9.668032e-01 -1.369238e+02 -4.808425e-02 9.846736e-01 1.676478e-01 2.193584e+01 9.779162e-01 8.058601e-02 -1.928361e-01 1.636185e+02
-2.040557e-01 1.529113e-01 -9.669433e-01 -1.379944e+02 -4.861929e-02 9.849240e-01 1.660149e-01 2.210665e+01 9.777512e-01 8.088839e-02 -1.935449e-01 1.633873e+02
-2.048370e-01 1.506846e-01 -9.671277e-01 -1.390937e+02 -5.009359e-02 9.851700e-01 1.641055e-01 2.228061e+01 9.775134e-01 8.206178e-02 -1.942510e-01 1.631570e+02
-2.054697e-01 1.497565e-01 -9.671376e-01 -1.401722e+02 -5.233792e-02 9.851273e-01 1.636613e-01 2.245711e+01 9.772630e-01 8.424541e-02 -1.945759e-01 1.629292e+02
-2.050264e-01 1.497299e-01 -9.672358e-01 -1.412826e+02 -5.906158e-02 9.845358e-01 1.649273e-01 2.264561e+01 9.769728e-01 9.094093e-02 -1.930126e-01 1.626878e+02
-2.051440e-01 1.502397e-01 -9.671318e-01 -1.423832e+02 -5.842483e-02 9.845060e-01 1.653315e-01 2.280823e+01 9.769864e-01 9.042127e-02 -1.931878e-01 1.624569e+02
-2.055278e-01 1.504250e-01 -9.670215e-01 -1.434772e+02 -6.144903e-02 9.841832e-01 1.661547e-01 2.299483e+01 9.767202e-01 9.357195e-02 -1.930335e-01 1.622307e+02
-2.053486e-01 1.507970e-01 -9.670017e-01 -1.445875e+02 -6.001094e-02 9.842589e-01 1.662319e-01 2.317258e+01 9.768473e-01 9.216615e-02 -1.930667e-01 1.620069e+02
-2.047707e-01 1.508599e-01 -9.671144e-01 -1.456715e+02 -5.808078e-02 9.844375e-01 1.658598e-01 2.333881e+01 9.770852e-01 9.013398e-02 -1.928219e-01 1.617854e+02
-2.041716e-01 1.518075e-01 -9.670928e-01 -1.467345e+02 -5.876849e-02 9.842203e-01 1.669032e-01 2.351623e+01 9.771695e-01 9.091147e-02 -1.920283e-01 1.615337e+02
-2.045303e-01 1.504368e-01 -9.672312e-01 -1.478550e+02 -5.810763e-02 9.845113e-01 1.654119e-01 2.368743e+01 9.771340e-01 9.003525e-02 -1.926209e-01 1.613107e+02
-2.049121e-01 1.461526e-01 -9.678070e-01 -1.490015e+02 -5.914977e-02 9.851325e-01 1.612927e-01 2.387597e+01 9.769915e-01 9.029639e-02 -1.932207e-01 1.610795e+02
-2.051340e-01 1.451838e-01 -9.679058e-01 -1.500947e+02 -6.028364e-02 9.851848e-01 1.605518e-01 2.404063e+01 9.768756e-01 9.128353e-02 -1.933427e-01 1.608481e+02
-2.060038e-01 1.477233e-01 -9.673367e-01 -1.512614e+02 -6.286181e-02 9.845001e-01 1.637314e-01 2.423024e+01 9.765300e-01 9.453783e-02 -1.935246e-01 1.606348e+02
-2.045499e-01 1.502752e-01 -9.672522e-01 -1.523955e+02 -6.754455e-02 9.836231e-01 1.671026e-01 2.440474e+01 9.765230e-01 9.951343e-02 -1.910497e-01 1.604074e+02
-2.042778e-01 1.509020e-01 -9.672121e-01 -1.535014e+02 -6.349973e-02 9.839234e-01 1.669205e-01 2.457451e+01 9.768513e-01 9.551586e-02 -1.914115e-01 1.601750e+02
-2.041031e-01 1.513958e-01 -9.671718e-01 -1.546314e+02 -5.941023e-02 9.842325e-01 1.666038e-01 2.473961e+01 9.771450e-01 9.146424e-02 -1.918905e-01 1.599389e+02
-2.049972e-01 1.522723e-01 -9.668450e-01 -1.557746e+02 -5.637141e-02 9.843473e-01 1.669811e-01 2.492041e+01 9.771379e-01 8.873306e-02 -1.932046e-01 1.597284e+02
-2.054690e-01 1.524514e-01 -9.667166e-01 -1.568584e+02 -5.561996e-02 9.843770e-01 1.670581e-01 2.508589e+01 9.770818e-01 8.809401e-02 -1.937796e-01 1.594989e+02
-2.056506e-01 1.508735e-01 -9.669255e-01 -1.579645e+02 -5.520886e-02 9.846824e-01 1.653863e-01 2.525380e+01 9.770669e-01 8.739465e-02 -1.941710e-01 1.592601e+02
-2.060677e-01 1.502801e-01 -9.669292e-01 -1.590882e+02 -5.488292e-02 9.848064e-01 1.647550e-01 2.542100e+01 9.769974e-01 8.701858e-02 -1.946890e-01 1.590367e+02
-2.064652e-01 1.518407e-01 -9.666005e-01 -1.602002e+02 -5.493129e-02 9.845287e-01 1.663903e-01 2.559955e+01 9.769108e-01 8.745041e-02 -1.949301e-01 1.588189e+02
-2.075174e-01 1.563820e-01 -9.656507e-01 -1.613846e+02 -5.694839e-02 9.835340e-01 1.715162e-01 2.579966e+01 9.765723e-01 9.058486e-02 -1.951947e-01 1.586122e+02
-2.070294e-01 1.610492e-01 -9.649881e-01 -1.624782e+02 -5.307156e-02 9.830567e-01 1.754508e-01 2.596373e+01 9.768942e-01 8.753690e-02 -1.949745e-01 1.583809e+02
-2.042719e-01 1.585306e-01 -9.659922e-01 -1.635736e+02 -5.449394e-02 9.834280e-01 1.729155e-01 2.613763e+01 9.773962e-01 8.796251e-02 -1.922478e-01 1.581659e+02
-2.045939e-01 1.482384e-01 -9.675571e-01 -1.646519e+02 -5.803150e-02 9.848906e-01 1.631650e-01 2.630677e+01 9.771252e-01 8.953136e-02 -1.929001e-01 1.579444e+02
-2.048496e-01 1.400795e-01 -9.687179e-01 -1.658219e+02 -6.217974e-02 9.858446e-01 1.557049e-01 2.650391e+01 9.768164e-01 9.213072e-02 -1.932398e-01 1.577362e+02
-2.048071e-01 1.422418e-01 -9.684118e-01 -1.669020e+02 -6.142913e-02 9.855661e-01 1.577529e-01 2.665986e+01 9.768728e-01 9.179761e-02 -1.931131e-01 1.575195e+02
-2.045083e-01 1.502742e-01 -9.672611e-01 -1.680167e+02 -6.073271e-02 9.842940e-01 1.657612e-01 2.683615e+01 9.769790e-01 9.264392e-02 -1.921697e-01 1.573052e+02
-2.035767e-01 1.579918e-01 -9.662272e-01 -1.691222e+02 -5.855436e-02 9.831625e-01 1.730980e-01 2.701129e+01 9.773065e-01 9.181553e-02 -1.908979e-01 1.570830e+02
-2.043890e-01 1.604223e-01 -9.656551e-01 -1.702403e+02 -6.087046e-02 9.824880e-01 1.761025e-01 2.719618e+01 9.769954e-01 9.477328e-02 -1.910447e-01 1.568612e+02
-2.046724e-01 1.585267e-01 -9.659081e-01 -1.712947e+02 -6.185414e-02 9.827312e-01 1.743944e-01 2.735821e+01 9.768742e-01 9.543913e-02 -1.913325e-01 1.566521e+02
-2.039440e-01 1.498297e-01 -9.674492e-01 -1.723716e+02 -5.903021e-02 9.845388e-01 1.649203e-01 2.752900e+01 9.772013e-01 9.074322e-02 -1.919463e-01 1.564432e+02
-2.039190e-01 1.413287e-01 -9.687328e-01 -1.734623e+02 -5.538159e-02 9.862750e-01 1.555458e-01 2.769726e+01 9.774200e-01 8.536871e-02 -1.932932e-01 1.562327e+02
-2.018820e-01 1.439376e-01 -9.687753e-01 -1.745079e+02 -5.640000e-02 9.857920e-01 1.582190e-01 2.784964e+01 9.777846e-01 8.658048e-02 -1.908956e-01 1.560178e+02
-2.027224e-01 1.587151e-01 -9.662883e-01 -1.755739e+02 -5.200381e-02 9.836401e-01 1.724753e-01 2.802005e+01 9.778544e-01 8.521528e-02 -1.911521e-01 1.558122e+02
-2.017227e-01 1.738321e-01 -9.638933e-01 -1.766447e+02 -4.632913e-02 9.813292e-01 1.866723e-01 2.819731e+01 9.783463e-01 8.231237e-02 -1.899029e-01 1.556090e+02
-2.021710e-01 1.766674e-01 -9.632837e-01 -1.776819e+02 -4.936978e-02 9.805056e-01 1.901875e-01 2.837805e+01 9.781051e-01 8.600751e-02 -1.895078e-01 1.553977e+02
-2.026480e-01 1.704105e-01 -9.643102e-01 -1.787000e+02 -5.230616e-02 9.814525e-01 1.844318e-01 2.855611e+01 9.778537e-01 8.781410e-02 -1.899758e-01 1.551912e+02
-2.038164e-01 1.578970e-01 -9.661922e-01 -1.796835e+02 -5.768732e-02 9.832565e-01 1.728547e-01 2.871213e+01 9.773081e-01 9.096767e-02 -1.912952e-01 1.549729e+02
-2.044743e-01 1.469458e-01 -9.677795e-01 -1.806825e+02 -5.980931e-02 9.849455e-01 1.621888e-01 2.887006e+01 9.770430e-01 9.104568e-02 -1.926073e-01 1.547595e+02
-2.061127e-01 1.429438e-01 -9.680313e-01 -1.817145e+02 -6.263797e-02 9.853165e-01 1.588330e-01 2.903265e+01 9.765214e-01 9.337303e-02 -1.941326e-01 1.545701e+02
-2.065837e-01 1.498244e-01 -9.668898e-01 -1.827245e+02 -6.382323e-02 9.840383e-01 1.661180e-01 2.919373e+01 9.763451e-01 9.602730e-02 -1.937239e-01 1.543674e+02
-2.070009e-01 1.591365e-01 -9.653115e-01 -1.837329e+02 -6.488012e-02 9.822773e-01 1.758462e-01 2.934139e+01 9.761871e-01 9.902985e-02 -1.930075e-01 1.541483e+02
-2.036422e-01 1.679602e-01 -9.645306e-01 -1.847341e+02 -7.051344e-02 9.800999e-01 1.855590e-01 2.950257e+01 9.765028e-01 1.058000e-01 -1.877463e-01 1.539456e+02
-2.044108e-01 1.680573e-01 -9.643511e-01 -1.857181e+02 -6.998253e-02 9.801226e-01 1.856398e-01 2.966894e+01 9.763804e-01 1.054345e-01 -1.885865e-01 1.537467e+02
-2.054660e-01 1.664417e-01 -9.644070e-01 -1.867105e+02 -6.928748e-02 9.804852e-01 1.839782e-01 2.983364e+01 9.762085e-01 1.046226e-01 -1.899241e-01 1.535498e+02
-2.053945e-01 1.654887e-01 -9.645862e-01 -1.876567e+02 -6.791068e-02 9.808143e-01 1.827334e-01 2.999830e+01 9.763203e-01 1.030381e-01 -1.902154e-01 1.533477e+02
-2.056742e-01 1.625270e-01 -9.650301e-01 -1.886017e+02 -6.698617e-02 9.814617e-01 1.795709e-01 3.015178e+01 9.763252e-01 1.015768e-01 -1.909743e-01 1.531495e+02
-2.050518e-01 1.574114e-01 -9.660100e-01 -1.895455e+02 -6.657877e-02 9.824528e-01 1.742232e-01 3.030725e+01 9.764840e-01 1.000405e-01 -1.909735e-01 1.529536e+02
-2.046113e-01 1.560572e-01 -9.663231e-01 -1.904840e+02 -6.707914e-02 9.826529e-01 1.728978e-01 3.046630e+01 9.765422e-01 1.001970e-01 -1.905937e-01 1.527578e+02
-2.032507e-01 1.581069e-01 -9.662771e-01 -1.914312e+02 -6.768802e-02 9.822465e-01 1.749577e-01 3.061981e+01 9.767843e-01 1.009657e-01 -1.889404e-01 1.525712e+02
-2.024112e-01 1.561992e-01 -9.667634e-01 -1.923938e+02 -7.065312e-02 9.822960e-01 1.735014e-01 3.077413e+01 9.767486e-01 1.034235e-01 -1.877917e-01 1.523866e+02
-2.015213e-01 1.514506e-01 -9.677044e-01 -1.933081e+02 -7.230405e-02 9.829779e-01 1.688980e-01 3.092058e+01 9.768118e-01 1.040055e-01 -1.871405e-01 1.522055e+02
-1.964041e-01 1.518963e-01 -9.686862e-01 -1.942547e+02 -7.789162e-02 9.823889e-01 1.698378e-01 3.106498e+01 9.774243e-01 1.088094e-01 -1.811138e-01 1.520227e+02
-1.968428e-01 1.535169e-01 -9.683416e-01 -1.951877e+02 -7.966371e-02 9.818951e-01 1.718596e-01 3.120578e+01 9.771932e-01 1.109710e-01 -1.810493e-01 1.518454e+02
-1.975872e-01 1.560706e-01 -9.677816e-01 -1.961269e+02 -7.867901e-02 9.815350e-01 1.743521e-01 3.134246e+01 9.771228e-01 1.105938e-01 -1.816593e-01 1.516743e+02
-1.984311e-01 1.579232e-01 -9.673083e-01 -1.970666e+02 -7.808745e-02 9.812490e-01 1.762178e-01 3.148712e+01 9.769992e-01 1.105017e-01 -1.823785e-01 1.514967e+02
-1.991887e-01 1.573910e-01 -9.672393e-01 -1.979360e+02 -7.927876e-02 9.811947e-01 1.759882e-01 3.163077e+01 9.767491e-01 1.117364e-01 -1.829651e-01 1.512949e+02
-2.022869e-01 1.542247e-01 -9.671064e-01 -1.988336e+02 -8.129856e-02 9.814690e-01 1.735201e-01 3.177537e+01 9.759460e-01 1.137252e-01 -1.860001e-01 1.511118e+02
-2.060048e-01 1.532216e-01 -9.664808e-01 -1.997195e+02 -8.294319e-02 9.813769e-01 1.732624e-01 3.191862e+01 9.750295e-01 1.158559e-01 -1.894597e-01 1.509313e+02
-2.097402e-01 1.546022e-01 -9.654570e-01 -2.005977e+02 -8.271407e-02 9.810749e-01 1.750723e-01 3.204191e+01 9.742522e-01 1.165766e-01 -1.929831e-01 1.507652e+02
-2.146234e-01 1.560892e-01 -9.641436e-01 -2.014560e+02 -8.619894e-02 9.802681e-01 1.778880e-01 3.217586e+01 9.728857e-01 1.212871e-01 -1.969337e-01 1.505890e+02
-2.186973e-01 1.594479e-01 -9.626775e-01 -2.023511e+02 -8.072833e-02 9.802209e-01 1.806931e-01 3.232327e+01 9.724477e-01 1.172324e-01 -2.014997e-01 1.504288e+02
-2.182570e-01 1.640284e-01 -9.620076e-01 -2.032484e+02 -8.061533e-02 9.793737e-01 1.852792e-01 3.247904e+01 9.725559e-01 1.179910e-01 -2.005319e-01 1.502509e+02
-2.235228e-01 1.611515e-01 -9.612844e-01 -2.041183e+02 -8.164383e-02 9.796760e-01 1.832190e-01 3.262731e+01 9.712733e-01 1.194366e-01 -2.058229e-01 1.500534e+02
-2.285650e-01 1.564721e-01 -9.608718e-01 -2.050006e+02 -7.884770e-02 9.807811e-01 1.784699e-01 3.276701e+01 9.703304e-01 1.165545e-01 -2.118347e-01 1.498348e+02
-2.347389e-01 1.548931e-01 -9.596384e-01 -2.058332e+02 -7.465913e-02 9.814339e-01 1.766735e-01 3.288393e+01 9.691871e-01 1.131179e-01 -2.188166e-01 1.496447e+02
-2.407249e-01 1.586270e-01 -9.575432e-01 -2.066658e+02 -7.286844e-02 9.808165e-01 1.808015e-01 3.301969e+01 9.678542e-01 1.132981e-01 -2.245481e-01 1.494410e+02
-2.472964e-01 1.638949e-01 -9.549780e-01 -2.075369e+02 -7.123854e-02 9.798477e-01 1.866106e-01 3.316378e+01 9.663175e-01 1.141794e-01 -2.306372e-01 1.492201e+02
-2.544029e-01 1.668000e-01 -9.526054e-01 -2.084071e+02 -7.120550e-02 9.791098e-01 1.904570e-01 3.330578e+01 9.644734e-01 1.162835e-01 -2.372112e-01 1.489950e+02
-2.612639e-01 1.658475e-01 -9.509131e-01 -2.092453e+02 -6.902947e-02 9.793968e-01 1.897811e-01 3.344701e+01 9.627960e-01 1.152240e-01 -2.444326e-01 1.488062e+02
-2.673205e-01 1.616612e-01 -9.499502e-01 -2.100525e+02 -6.861057e-02 9.801314e-01 1.861047e-01 3.358595e+01 9.611620e-01 1.149262e-01 -2.509175e-01 1.485930e+02
-2.726012e-01 1.575152e-01 -9.491457e-01 -2.109074e+02 -7.185516e-02 9.804195e-01 1.833425e-01 3.374221e+01 9.594401e-01 1.181804e-01 -2.559453e-01 1.483691e+02
-2.707952e-01 1.591854e-01 -9.493840e-01 -2.117308e+02 -8.107141e-02 9.789576e-01 1.872682e-01 3.389188e+01 9.592171e-01 1.276792e-01 -2.521917e-01 1.481262e+02
-2.727924e-01 1.615374e-01 -9.484145e-01 -2.125527e+02 -8.585733e-02 9.777821e-01 1.912345e-01 3.402585e+01 9.582342e-01 1.335956e-01 -2.528623e-01 1.478864e+02
-2.733379e-01 1.624257e-01 -9.481056e-01 -2.133848e+02 -9.036475e-02 9.769460e-01 1.934185e-01 3.417593e+01 9.576641e-01 1.385439e-01 -2.523588e-01 1.476590e+02
-2.742937e-01 1.618618e-01 -9.479260e-01 -2.142511e+02 -9.525545e-02 9.763118e-01 1.942721e-01 3.434151e+01 9.569166e-01 1.435827e-01 -2.523780e-01 1.474509e+02
-2.743422e-01 1.621217e-01 -9.478676e-01 -2.151184e+02 -9.851536e-02 9.757618e-01 1.954061e-01 3.450683e+01 9.565726e-01 1.469877e-01 -2.517212e-01 1.472382e+02
-2.736127e-01 1.640635e-01 -9.477443e-01 -2.159397e+02 -9.861728e-02 9.753671e-01 1.973160e-01 3.465947e+01 9.567710e-01 1.474521e-01 -2.506933e-01 1.470330e+02
-2.732111e-01 1.654454e-01 -9.476199e-01 -2.167413e+02 -1.027664e-01 9.744415e-01 1.997571e-01 3.480990e+01 9.564490e-01 1.519594e-01 -2.492260e-01 1.468249e+02
-2.713236e-01 1.613854e-01 -9.488616e-01 -2.175577e+02 -1.079442e-01 9.745205e-01 1.966158e-01 3.495202e+01 9.564160e-01 1.557706e-01 -2.469898e-01 1.466155e+02
-2.675219e-01 1.584754e-01 -9.504302e-01 -2.183534e+02 -1.143556e-01 9.741888e-01 1.946251e-01 3.511084e+01 9.567418e-01 1.607535e-01 -2.424943e-01 1.464071e+02
-2.596254e-01 1.576941e-01 -9.527472e-01 -2.190488e+02 -1.190527e-01 9.738254e-01 1.936249e-01 3.522900e+01 9.583429e-01 1.636970e-01 -2.340559e-01 1.462062e+02
-2.435037e-01 1.621261e-01 -9.562537e-01 -2.197879e+02 -1.287114e-01 9.718085e-01 1.975388e-01 3.536029e+01 9.613217e-01 1.711822e-01 -2.157715e-01 1.460206e+02
-2.323165e-01 1.620732e-01 -9.590419e-01 -2.205411e+02 -1.348147e-01 9.711359e-01 1.967743e-01 3.550124e+01 9.632518e-01 1.750068e-01 -2.037610e-01 1.458619e+02
-2.204517e-01 1.619134e-01 -9.618654e-01 -2.213238e+02 -1.370360e-01 9.712043e-01 1.948930e-01 3.564558e+01 9.657237e-01 1.747747e-01 -1.919157e-01 1.457398e+02
-2.087360e-01 1.618198e-01 -9.644914e-01 -2.220403e+02 -1.391828e-01 9.712616e-01 1.930778e-01 3.578008e+01 9.680173e-01 1.745429e-01 -1.802147e-01 1.456036e+02
-1.969143e-01 1.627669e-01 -9.668152e-01 -2.227796e+02 -1.404352e-01 9.712713e-01 1.921200e-01 3.591636e+01 9.703106e-01 1.736060e-01 -1.683990e-01 1.454909e+02
-1.854623e-01 1.631359e-01 -9.690152e-01 -2.234715e+02 -1.439152e-01 9.709805e-01 1.910110e-01 3.604369e+01 9.720556e-01 1.748814e-01 -1.566025e-01 1.453946e+02
-1.730982e-01 1.636388e-01 -9.712154e-01 -2.241992e+02 -1.480910e-01 9.705659e-01 1.899234e-01 3.618262e+01 9.737074e-01 1.767036e-01 -1.437698e-01 1.452752e+02
-1.595642e-01 1.648100e-01 -9.733329e-01 -2.248943e+02 -1.516156e-01 9.701764e-01 1.891307e-01 3.630256e+01 9.754753e-01 1.777509e-01 -1.298176e-01 1.451948e+02
-1.455804e-01 1.656392e-01 -9.753820e-01 -2.255826e+02 -1.535894e-01 9.701488e-01 1.876745e-01 3.641297e+01 9.773519e-01 1.771300e-01 -1.157943e-01 1.451190e+02
-1.321125e-01 1.648568e-01 -9.774295e-01 -2.262845e+02 -1.562424e-01 9.702827e-01 1.847696e-01 3.653194e+01 9.788435e-01 1.771263e-01 -1.024289e-01 1.450708e+02
-1.121868e-01 1.691821e-01 -9.791790e-01 -2.269750e+02 -1.624977e-01 9.690111e-01 1.860431e-01 3.665725e+01 9.803105e-01 1.799859e-01 -8.121855e-02 1.450165e+02
-9.813893e-02 1.685814e-01 -9.807900e-01 -2.276573e+02 -1.637191e-01 9.693843e-01 1.830029e-01 3.677838e+01 9.816134e-01 1.785338e-01 -6.753434e-02 1.449833e+02
-8.404026e-02 1.674738e-01 -9.822880e-01 -2.283133e+02 -1.642623e-01 9.699610e-01 1.794257e-01 3.689210e+01 9.828302e-01 1.764319e-01 -5.400613e-02 1.449759e+02
-6.954742e-02 1.676200e-01 -9.833955e-01 -2.289630e+02 -1.650199e-01 9.702684e-01 1.770529e-01 3.699818e+01 9.838351e-01 1.745934e-01 -3.981903e-02 1.449645e+02
-5.439990e-02 1.649494e-01 -9.848007e-01 -2.295855e+02 -1.657602e-01 9.710846e-01 1.718086e-01 3.708751e+01 9.846645e-01 1.725871e-01 -2.548485e-02 1.449537e+02
-4.133987e-02 1.629872e-01 -9.857617e-01 -2.301890e+02 -1.673657e-01 9.715354e-01 1.676538e-01 3.718314e+01 9.850278e-01 1.719135e-01 -1.288469e-02 1.449662e+02
-2.696988e-02 1.623319e-01 -9.863676e-01 -2.307773e+02 -1.698987e-01 9.716261e-01 1.645513e-01 3.727411e+01 9.850924e-01 1.720205e-01 1.375336e-03 1.449681e+02
-1.251179e-02 1.623927e-01 -9.866469e-01 -2.313586e+02 -1.701772e-01 9.719831e-01 1.621373e-01 3.736570e+01 9.853340e-01 1.699334e-01 1.547430e-02 1.449818e+02
3.503795e-05 1.628697e-01 -9.866476e-01 -2.319483e+02 -1.708350e-01 9.721445e-01 1.604696e-01 3.746158e+01 9.852997e-01 1.685483e-01 2.785791e-02 1.450105e+02
1.347980e-02 1.645318e-01 -9.862797e-01 -2.325065e+02 -1.705566e-01 9.722926e-01 1.598674e-01 3.754127e+01 9.852557e-01 1.660615e-01 4.116829e-02 1.450361e+02
3.095986e-02 1.698763e-01 -9.849790e-01 -2.330693e+02 -1.768551e-01 9.708336e-01 1.618777e-01 3.762120e+01 9.837498e-01 1.691869e-01 6.010037e-02 1.450831e+02
4.101673e-02 1.699389e-01 -9.846006e-01 -2.336015e+02 -1.793759e-01 9.706721e-01 1.600624e-01 3.769916e+01 9.829252e-01 1.700484e-01 7.029674e-02 1.451250e+02
4.904221e-02 1.694133e-01 -9.843241e-01 -2.341408e+02 -1.782781e-01 9.711687e-01 1.582667e-01 3.777741e+01 9.827572e-01 1.677217e-01 7.783094e-02 1.451863e+02
5.463554e-02 1.686965e-01 -9.841527e-01 -2.346663e+02 -1.756679e-01 9.718756e-01 1.568398e-01 3.785158e+01 9.829322e-01 1.643150e-01 8.273349e-02 1.452418e+02
5.758975e-02 1.686829e-01 -9.839865e-01 -2.351799e+02 -1.731548e-01 9.723719e-01 1.565576e-01 3.792527e+01 9.832095e-01 1.613659e-01 8.520691e-02 1.452933e+02
5.844567e-02 1.691674e-01 -9.838529e-01 -2.356665e+02 -1.712393e-01 9.726292e-01 1.570651e-01 3.799858e+01 9.834944e-01 1.592945e-01 8.581408e-02 1.453336e+02
5.706533e-02 1.703673e-01 -9.837269e-01 -2.361468e+02 -1.695033e-01 9.726808e-01 1.586215e-01 3.806669e+01 9.838761e-01 1.576932e-01 8.438417e-02 1.453747e+02
5.441665e-02 1.703076e-01 -9.838873e-01 -2.366066e+02 -1.688014e-01 9.727343e-01 1.590410e-01 3.813520e+01 9.841468e-01 1.574271e-01 8.168111e-02 1.453985e+02
4.844730e-02 1.709518e-01 -9.840876e-01 -2.370655e+02 -1.665002e-01 9.728415e-01 1.608012e-01 3.819027e+01 9.848505e-01 1.560604e-01 7.559505e-02 1.454301e+02
4.015406e-02 1.708531e-01 -9.844780e-01 -2.375027e+02 -1.641451e-01 9.730148e-01 1.621686e-01 3.826920e+01 9.856186e-01 1.550855e-01 6.711518e-02 1.454516e+02
3.446634e-02 1.758355e-01 -9.838160e-01 -2.379402e+02 -1.648623e-01 9.719151e-01 1.679328e-01 3.833671e+01 9.857142e-01 1.564061e-01 6.248699e-02 1.454743e+02
1.926123e-02 1.755696e-01 -9.842786e-01 -2.383553e+02 -1.612977e-01 9.721113e-01 1.702428e-01 3.840515e+01 9.867178e-01 1.554828e-01 4.704303e-02 1.454863e+02
1.653246e-03 1.753388e-01 -9.845068e-01 -2.387550e+02 -1.574382e-01 9.722758e-01 1.728961e-01 3.846545e+01 9.875275e-01 1.547131e-01 2.921243e-02 1.454813e+02
-1.842088e-02 1.750521e-01 -9.843868e-01 -2.391464e+02 -1.548995e-01 9.721668e-01 1.757777e-01 3.853680e+01 9.877585e-01 1.557190e-01 9.207323e-03 1.454712e+02
-3.999497e-02 1.751465e-01 -9.837297e-01 -2.395254e+02 -1.507543e-01 9.721898e-01 1.792211e-01 3.860359e+01 9.877619e-01 1.554695e-01 -1.247860e-02 1.454528e+02
-6.461162e-02 1.758191e-01 -9.822998e-01 -2.398934e+02 -1.447403e-01 9.722963e-01 1.835490e-01 3.867371e+01 9.873579e-01 1.540377e-01 -3.737353e-02 1.454303e+02
-9.256975e-02 1.769847e-01 -9.798506e-01 -2.402409e+02 -1.374197e-01 9.723881e-01 1.886193e-01 3.874183e+01 9.861778e-01 1.521112e-01 -6.569253e-02 1.454010e+02
-1.234508e-01 1.773738e-01 -9.763700e-01 -2.405804e+02 -1.322941e-01 9.721721e-01 1.933383e-01 3.880803e+01 9.834928e-01 1.530357e-01 -9.654991e-02 1.453437e+02
-1.568952e-01 1.768567e-01 -9.716510e-01 -2.409184e+02 -1.278148e-01 9.719255e-01 1.975453e-01 3.887922e+01 9.793096e-01 1.551853e-01 -1.298855e-01 1.452771e+02
-1.918801e-01 1.748997e-01 -9.657081e-01 -2.412299e+02 -1.270749e-01 9.712813e-01 2.011581e-01 3.894926e+01 9.731567e-01 1.613155e-01 -1.641442e-01 1.451903e+02
-2.219310e-01 1.760001e-01 -9.590467e-01 -2.415313e+02 -1.265143e-01 9.700627e-01 2.072981e-01 3.901623e+01 9.668199e-01 1.673391e-01 -1.930205e-01 1.450953e+02
-2.600116e-01 1.697587e-01 -9.505661e-01 -2.418460e+02 -1.226466e-01 9.706458e-01 2.068926e-01 3.909613e+01 9.577848e-01 1.703782e-01 -2.315588e-01 1.450049e+02
-2.951775e-01 1.661630e-01 -9.408826e-01 -2.421325e+02 -1.154163e-01 9.713486e-01 2.077522e-01 3.916910e+01 9.484458e-01 1.699169e-01 -2.675423e-01 1.448926e+02
-3.303458e-01 1.645802e-01 -9.294003e-01 -2.424182e+02 -1.097844e-01 9.712968e-01 2.110210e-01 3.924027e+01 9.374535e-01 1.717436e-01 -3.027955e-01 1.447750e+02
-3.641529e-01 1.636622e-01 -9.168464e-01 -2.426958e+02 -1.027797e-01 9.713639e-01 2.142159e-01 3.931334e+01 9.256506e-01 1.722405e-01 -3.369039e-01 1.446438e+02
-3.976115e-01 1.624090e-01 -9.030661e-01 -2.429532e+02 -9.745598e-02 9.711681e-01 2.175656e-01 3.937847e+01 9.123636e-01 1.745158e-01 -3.703199e-01 1.445067e+02
-4.304771e-01 1.597256e-01 -8.883565e-01 -2.431974e+02 -9.534353e-02 9.706646e-01 2.207258e-01 3.944961e+01 8.975517e-01 1.797164e-01 -4.026200e-01 1.443530e+02
-4.623208e-01 1.557136e-01 -8.729334e-01 -2.434338e+02 -9.239757e-02 9.706411e-01 2.220780e-01 3.951483e+01 8.818856e-01 1.833282e-01 -4.343600e-01 1.441911e+02
-4.933567e-01 1.515323e-01 -8.565262e-01 -2.436708e+02 -9.100354e-02 9.703124e-01 2.240806e-01 3.958041e+01 8.650535e-01 1.884986e-01 -4.649201e-01 1.440209e+02
-5.222211e-01 1.491821e-01 -8.396605e-01 -2.438875e+02 -8.860328e-02 9.697614e-01 2.274032e-01 3.964890e+01 8.481949e-01 1.931514e-01 -4.932119e-01 1.438378e+02
-5.456896e-01 1.549385e-01 -8.235393e-01 -2.441339e+02 -8.787834e-02 9.667591e-01 2.401130e-01 3.971550e+01 8.333668e-01 2.033984e-01 -5.139346e-01 1.436616e+02
-5.712285e-01 1.578429e-01 -8.054710e-01 -2.443622e+02 -7.821995e-02 9.664002e-01 2.448516e-01 3.978561e+01 8.170554e-01 2.028701e-01 -5.396889e-01 1.434808e+02
-5.973267e-01 1.565107e-01 -7.865782e-01 -2.445738e+02 -7.189451e-02 9.663747e-01 2.468826e-01 3.984369e+01 7.987691e-01 2.040202e-01 -5.659891e-01 1.433071e+02
-6.217683e-01 1.527305e-01 -7.681651e-01 -2.447760e+02 -6.777332e-02 9.666304e-01 2.470474e-01 3.990755e+01 7.802634e-01 2.056674e-01 -5.906691e-01 1.431214e+02
-6.443265e-01 1.507538e-01 -7.497444e-01 -2.449803e+02 -6.462605e-02 9.661374e-01 2.498041e-01 3.997815e+01 7.620150e-01 2.094084e-01 -6.127653e-01 1.429185e+02
-6.643606e-01 1.490438e-01 -7.324008e-01 -2.451903e+02 -6.302280e-02 9.652546e-01 2.535976e-01 4.005633e+01 7.447504e-01 2.146382e-01 -6.318840e-01 1.427149e+02
-6.806897e-01 1.462384e-01 -7.178271e-01 -2.453814e+02 -6.251250e-02 9.647035e-01 2.558113e-01 4.011961e+01 7.298998e-01 2.190013e-01 -6.475220e-01 1.424976e+02
-6.952588e-01 1.417619e-01 -7.046409e-01 -2.455705e+02 -6.045460e-02 9.653494e-01 2.538617e-01 4.019185e+01 7.162126e-01 2.190984e-01 -6.625975e-01 1.422811e+02
-7.101826e-01 1.383644e-01 -6.902869e-01 -2.457660e+02 -5.565452e-02 9.663943e-01 2.509673e-01 4.026125e+01 7.018143e-01 2.166502e-01 -6.786158e-01 1.420696e+02
-7.218629e-01 1.426814e-01 -6.771676e-01 -2.459604e+02 -4.474105e-02 9.668456e-01 2.514116e-01 4.031833e+01 6.905883e-01 2.117819e-01 -6.915463e-01 1.418539e+02
-7.281974e-01 1.501100e-01 -6.687268e-01 -2.461530e+02 -3.744096e-02 9.655502e-01 2.575090e-01 4.038043e+01 6.843440e-01 2.125552e-01 -6.974909e-01 1.416356e+02
-7.394756e-01 1.491780e-01 -6.564463e-01 -2.463399e+02 -3.124740e-02 9.664800e-01 2.548331e-01 4.045187e+01 6.724578e-01 2.089551e-01 -7.100269e-01 1.414166e+02
-7.511187e-01 1.477176e-01 -6.434285e-01 -2.465291e+02 -2.429992e-02 9.677979e-01 2.505530e-01 4.053047e+01 6.597198e-01 2.038303e-01 -7.233415e-01 1.411880e+02
-7.621799e-01 1.461257e-01 -6.306577e-01 -2.467123e+02 -1.671657e-02 9.694240e-01 2.448218e-01 4.060991e+01 6.471494e-01 1.971407e-01 -7.364327e-01 1.409649e+02
-7.731025e-01 1.454768e-01 -6.173726e-01 -2.469005e+02 -1.015646e-02 9.703783e-01 2.413770e-01 4.069073e+01 6.341997e-01 1.928795e-01 -7.487244e-01 1.407161e+02
-7.851289e-01 1.453798e-01 -6.020277e-01 -2.470769e+02 -5.445039e-03 9.704012e-01 2.414371e-01 4.076968e+01 6.193085e-01 1.928373e-01 -7.610984e-01 1.404675e+02
-7.981998e-01 1.480477e-01 -5.839169e-01 -2.472598e+02 6.142430e-04 9.695287e-01 2.449769e-01 4.084643e+01 6.023925e-01 1.951819e-01 -7.739685e-01 1.401995e+02
-8.119457e-01 1.522944e-01 -5.635162e-01 -2.474365e+02 9.261651e-03 9.686060e-01 2.484282e-01 4.092024e+01 5.836594e-01 1.964911e-01 -7.878660e-01 1.399326e+02
-8.264643e-01 1.552987e-01 -5.411461e-01 -2.476085e+02 1.752827e-02 9.678336e-01 2.509800e-01 4.100292e+01 5.627163e-01 1.979406e-01 -8.026020e-01 1.396515e+02
-8.405420e-01 1.578511e-01 -5.182395e-01 -2.477714e+02 2.720183e-02 9.676998e-01 2.506335e-01 4.108408e+01 5.410630e-01 1.965709e-01 -8.176862e-01 1.393663e+02
-8.512975e-01 1.622969e-01 -4.989513e-01 -2.479330e+02 3.390957e-02 9.659872e-01 2.563568e-01 4.117207e+01 5.235865e-01 2.013167e-01 -8.278459e-01 1.390574e+02
-8.654640e-01 1.618436e-01 -4.741083e-01 -2.480822e+02 3.973542e-02 9.655737e-01 2.570771e-01 4.125604e+01 4.993927e-01 2.036521e-01 -8.421002e-01 1.387458e+02
-8.796589e-01 1.612500e-01 -4.474356e-01 -2.482328e+02 4.677717e-02 9.655430e-01 2.560053e-01 4.134935e+01 4.732992e-01 2.042676e-01 -8.568913e-01 1.384142e+02
-8.934070e-01 1.621952e-01 -4.189471e-01 -2.483791e+02 5.627609e-02 9.656112e-01 2.538269e-01 4.144060e+01 4.457094e-01 2.031940e-01 -8.718115e-01 1.380767e+02
-9.060636e-01 1.636581e-01 -3.902112e-01 -2.485211e+02 6.707627e-02 9.660676e-01 2.494276e-01 4.154298e+01 4.177912e-01 1.998234e-01 -8.862963e-01 1.377198e+02
-9.184107e-01 1.637777e-01 -3.601371e-01 -2.486449e+02 7.657038e-02 9.666626e-01 2.443367e-01 4.163941e+01 3.881479e-01 1.968256e-01 -9.003337e-01 1.373540e+02
-9.306623e-01 1.594571e-01 -3.293039e-01 -2.487501e+02 8.148593e-02 9.677615e-01 2.383227e-01 4.173451e+01 3.566899e-01 1.949643e-01 -9.136527e-01 1.369770e+02
-9.422064e-01 1.537164e-01 -2.976883e-01 -2.488412e+02 8.421539e-02 9.686691e-01 2.336406e-01 4.183809e+01 3.242759e-01 1.950678e-01 -9.256315e-01 1.365798e+02
-9.520553e-01 1.539145e-01 -2.643880e-01 -2.489383e+02 9.222053e-02 9.684109e-01 2.316801e-01 4.193685e+01 2.916952e-01 1.961903e-01 -9.361748e-01 1.361633e+02
-9.588756e-01 1.599545e-01 -2.344613e-01 -2.490369e+02 1.048947e-01 9.673005e-01 2.309259e-01 4.203629e+01 2.637322e-01 1.968355e-01 -9.442993e-01 1.357242e+02
-9.628562e-01 1.671276e-01 -2.120763e-01 -2.491252e+02 1.159921e-01 9.652758e-01 2.340693e-01 4.214435e+01 2.438315e-01 2.007759e-01 -9.488073e-01 1.352642e+02
-9.684405e-01 1.637144e-01 -1.879376e-01 -2.492024e+02 1.184343e-01 9.657272e-01 2.309640e-01 4.225796e+01 2.193085e-01 2.014166e-01 -9.546387e-01 1.347820e+02
-9.725208e-01 1.590793e-01 -1.699916e-01 -2.492661e+02 1.178269e-01 9.660446e-01 2.299447e-01 4.237632e+01 2.007989e-01 2.035964e-01 -9.582423e-01 1.342689e+02
-9.749924e-01 1.569097e-01 -1.573823e-01 -2.493382e+02 1.184974e-01 9.661511e-01 2.291514e-01 4.249643e+01 1.880112e-01 2.047715e-01 -9.605834e-01 1.337550e+02
-9.763416e-01 1.583383e-01 -1.472619e-01 -2.494041e+02 1.221699e-01 9.658456e-01 2.285100e-01 4.262943e+01 1.784141e-01 2.051129e-01 -9.623394e-01 1.332206e+02
-9.770316e-01 1.650091e-01 -1.348377e-01 -2.494885e+02 1.315455e-01 9.648390e-01 2.275555e-01 4.275109e+01 1.676454e-01 2.045916e-01 -9.643844e-01 1.326771e+02
-9.775285e-01 1.728182e-01 -1.207142e-01 -2.495618e+02 1.425135e-01 9.637288e-01 2.256474e-01 4.287240e+01 1.553317e-01 2.033733e-01 -9.667013e-01 1.320998e+02
-9.791655e-01 1.735097e-01 -1.054954e-01 -2.496258e+02 1.471795e-01 9.643345e-01 2.199934e-01 4.300755e+01 1.399039e-01 1.998832e-01 -9.697802e-01 1.314859e+02
-9.804612e-01 1.748179e-01 -9.019204e-02 -2.496664e+02 1.521120e-01 9.644969e-01 2.158880e-01 4.315342e+01 1.247310e-01 1.979505e-01 -9.722437e-01 1.308310e+02
-9.818797e-01 1.743615e-01 -7.423183e-02 -2.497029e+02 1.551208e-01 9.645065e-01 2.136932e-01 4.330413e+01 1.088570e-01 1.983061e-01 -9.740764e-01 1.301456e+02
-9.808219e-01 1.844975e-01 -6.284099e-02 -2.497371e+02 1.668212e-01 9.613928e-01 2.188480e-01 4.345075e+01 1.007918e-01 2.041678e-01 -9.737333e-01 1.294474e+02
-9.814164e-01 1.861537e-01 -4.656926e-02 -2.497661e+02 1.717288e-01 9.603314e-01 2.197109e-01 4.359569e+01 8.562191e-02 2.076306e-01 -9.744529e-01 1.287101e+02
-9.817154e-01 1.876666e-01 -3.187588e-02 -2.498014e+02 1.763811e-01 9.597802e-01 2.184300e-01 4.376842e+01 7.158586e-02 2.088138e-01 -9.753319e-01 1.279263e+02
-9.819778e-01 1.879408e-01 -1.994486e-02 -2.498004e+02 1.793812e-01 9.600478e-01 2.147805e-01 4.392431e+01 5.951403e-02 2.073320e-01 -9.764587e-01 1.271478e+02
-9.822778e-01 1.871837e-01 -9.624844e-03 -2.497988e+02 1.810356e-01 9.608091e-01 2.099332e-01 4.409237e+01 4.854371e-02 2.044703e-01 -9.776684e-01 1.263650e+02
-9.821210e-01 1.882383e-01 -2.162493e-03 -2.497745e+02 1.836816e-01 9.607360e-01 2.079603e-01 4.424841e+01 4.122368e-02 2.038450e-01 -9.781349e-01 1.255788e+02
-9.820234e-01 1.887054e-01 4.514060e-03 -2.497622e+02 1.855074e-01 9.604090e-01 2.078498e-01 4.439989e+01 3.488704e-02 2.049508e-01 -9.781503e-01 1.247601e+02
-9.821404e-01 1.879167e-01 9.356783e-03 -2.497526e+02 1.857191e-01 9.602864e-01 2.082270e-01 4.456626e+01 3.014415e-02 2.062459e-01 -9.780358e-01 1.239068e+02
-9.819347e-01 1.887778e-01 1.293264e-02 -2.497412e+02 1.873147e-01 9.600975e-01 2.076680e-01 4.474824e+01 2.678653e-02 2.063389e-01 -9.781139e-01 1.230193e+02
-9.817596e-01 1.895298e-01 1.504815e-02 -2.497178e+02 1.885137e-01 9.600920e-01 2.066058e-01 4.492527e+01 2.471036e-02 2.056741e-01 -9.783085e-01 1.221394e+02
-9.806044e-01 1.955794e-01 1.279730e-02 -2.496897e+02 1.938271e-01 9.579855e-01 2.114114e-01 4.511586e+01 2.908807e-02 2.097914e-01 -9.773134e-01 1.211653e+02
-9.803945e-01 1.965094e-01 1.451500e-02 -2.496799e+02 1.950972e-01 9.577362e-01 2.113730e-01 4.532593e+01 2.763523e-02 2.100608e-01 -9.772977e-01 1.202716e+02
-9.802104e-01 1.972789e-01 1.638839e-02 -2.496607e+02 1.962141e-01 9.572723e-01 2.124377e-01 4.552123e+01 2.622131e-02 2.114493e-01 -9.770372e-01 1.193052e+02
-9.795854e-01 2.001871e-01 1.837248e-02 -2.496358e+02 1.994437e-01 9.563430e-01 2.136124e-01 4.573629e+01 2.519207e-02 2.129159e-01 -9.767457e-01 1.182883e+02
-9.790173e-01 2.027765e-01 2.017028e-02 -2.496152e+02 2.023333e-01 9.555444e-01 2.144673e-01 4.595787e+01 2.421533e-02 2.140483e-01 -9.765229e-01 1.172561e+02
-9.788978e-01 2.031914e-01 2.173196e-02 -2.495838e+02 2.031107e-01 9.557463e-01 2.128263e-01 4.617762e+01 2.247425e-02 2.127492e-01 -9.768483e-01 1.161916e+02
-9.787704e-01 2.037253e-01 2.246245e-02 -2.495567e+02 2.038815e-01 9.565279e-01 2.085348e-01 4.640413e+01 2.099786e-02 2.086874e-01 -9.777570e-01 1.151232e+02
-9.792079e-01 2.015117e-01 2.334362e-02 -2.495210e+02 2.019602e-01 9.575705e-01 2.055986e-01 4.663015e+01 1.907735e-02 2.060382e-01 -9.783580e-01 1.140137e+02
-9.798134e-01 1.983431e-01 2.501614e-02 -2.494899e+02 1.992045e-01 9.581223e-01 2.057162e-01 4.684990e+01 1.683387e-02 2.065468e-01 -9.782919e-01 1.128993e+02
-9.799905e-01 1.972357e-01 2.677016e-02 -2.494542e+02 1.984578e-01 9.579103e-01 2.074182e-01 4.707601e+01 1.526686e-02 2.085806e-01 -9.778860e-01 1.117626e+02
-9.785356e-01 2.044520e-01 2.583578e-02 -2.494280e+02 2.051362e-01 9.544073e-01 2.168544e-01 4.732174e+01 1.967847e-02 2.174996e-01 -9.758620e-01 1.106315e+02
-9.784475e-01 2.044623e-01 2.890953e-02 -2.494063e+02 2.057181e-01 9.530214e-01 2.223290e-01 4.757576e+01 1.790650e-02 2.234845e-01 -9.745430e-01 1.094412e+02
-9.778202e-01 2.070142e-01 3.182323e-02 -2.493697e+02 2.087698e-01 9.511488e-01 2.274447e-01 4.782425e+01 1.681565e-02 2.290437e-01 -9.732709e-01 1.082840e+02
-9.773960e-01 2.087138e-01 3.369798e-02 -2.493215e+02 2.108613e-01 9.508201e-01 2.268889e-01 4.806471e+01 1.531412e-02 2.288659e-01 -9.733375e-01 1.071432e+02
-9.775603e-01 2.077868e-01 3.464738e-02 -2.492635e+02 2.102132e-01 9.515675e-01 2.243428e-01 4.830480e+01 1.364616e-02 2.265920e-01 -9.738942e-01 1.059501e+02
-9.778977e-01 2.059635e-01 3.598640e-02 -2.492070e+02 2.087844e-01 9.527183e-01 2.207643e-01 4.854124e+01 1.118449e-02 2.233983e-01 -9.746631e-01 1.047764e+02
-9.782327e-01 2.038672e-01 3.871617e-02 -2.491789e+02 2.073577e-01 9.531778e-01 2.201247e-01 4.876753e+01 7.972811e-03 2.233613e-01 -9.747031e-01 1.036398e+02
-9.788703e-01 2.002724e-01 4.127923e-02 -2.491296e+02 2.044298e-01 9.538980e-01 2.197432e-01 4.901303e+01 4.632322e-03 2.235388e-01 -9.746840e-01 1.025095e+02
-9.793274e-01 1.976253e-01 4.315265e-02 -2.490770e+02 2.022684e-01 9.542661e-01 2.201446e-01 4.925966e+01 2.327017e-03 2.243220e-01 -9.745123e-01 1.013785e+02
-9.790555e-01 1.984460e-01 4.549224e-02 -2.490269e+02 2.035935e-01 9.541230e-01 2.195429e-01 4.950365e+01 1.622025e-04 2.242066e-01 -9.745416e-01 1.002557e+02
-9.781325e-01 2.027389e-01 4.640777e-02 -2.489633e+02 2.079779e-01 9.519549e-01 2.247824e-01 4.973877e+01 1.394029e-03 2.295187e-01 -9.733032e-01 9.911580e+01
-9.777397e-01 2.040746e-01 4.877102e-02 -2.489007e+02 2.098202e-01 9.517612e-01 2.238885e-01 5.000818e+01 -7.284185e-04 2.291378e-01 -9.733937e-01 9.792663e+01
-9.774661e-01 2.047167e-01 5.148864e-02 -2.488495e+02 2.110688e-01 9.514849e-01 2.238894e-01 5.024102e+01 -3.156755e-03 2.297120e-01 -9.732535e-01 9.678670e+01
-9.773730e-01 2.046552e-01 5.346261e-02 -2.487799e+02 2.114656e-01 9.512748e-01 2.244070e-01 5.048036e+01 -4.931566e-03 2.306349e-01 -9.730279e-01 9.560587e+01
-9.777001e-01 2.026071e-01 5.525300e-02 -2.487077e+02 2.098863e-01 9.515979e-01 2.245201e-01 5.072274e+01 -7.089282e-03 2.311101e-01 -9.729018e-01 9.444375e+01
-9.781477e-01 1.999506e-01 5.698136e-02 -2.486428e+02 2.076989e-01 9.521213e-01 2.243350e-01 5.095916e+01 -9.397259e-03 2.312677e-01 -9.728448e-01 9.329717e+01
-9.784509e-01 1.982356e-01 5.776274e-02 -2.485574e+02 2.062039e-01 9.525853e-01 2.237437e-01 5.119174e+01 -1.066998e-02 2.308331e-01 -9.729349e-01 9.218469e+01
-9.787709e-01 1.963269e-01 5.884865e-02 -2.484886e+02 2.046002e-01 9.528628e-01 2.240340e-01 5.143447e+01 -1.209078e-02 2.313184e-01 -9.728030e-01 9.104976e+01
-9.787893e-01 1.961919e-01 5.899312e-02 -2.484088e+02 2.044955e-01 9.530102e-01 2.235019e-01 5.166884e+01 -1.237177e-02 2.308251e-01 -9.729166e-01 8.992566e+01
-9.788417e-01 1.959274e-01 5.900395e-02 -2.483135e+02 2.042202e-01 9.534347e-01 2.219378e-01 5.190161e+01 -1.277273e-02 2.292917e-01 -9.732739e-01 8.880375e+01
-9.777132e-01 2.016588e-01 5.840116e-02 -2.482420e+02 2.097050e-01 9.513491e-01 2.257402e-01 5.213574e+01 -1.003741e-02 2.329561e-01 -9.724354e-01 8.766098e+01
-9.775202e-01 2.022310e-01 5.963960e-02 -2.481724e+02 2.105602e-01 9.509614e-01 2.265764e-01 5.237869e+01 -1.089419e-02 2.340407e-01 -9.721658e-01 8.650469e+01
-9.770793e-01 2.039498e-01 6.099592e-02 -2.480953e+02 2.125692e-01 9.501303e-01 2.281814e-01 5.261061e+01 -1.141652e-02 2.359172e-01 -9.717061e-01 8.538797e+01
-9.771832e-01 2.029502e-01 6.264297e-02 -2.480319e+02 2.119925e-01 9.501494e-01 2.286381e-01 5.286007e+01 -1.311804e-02 2.367011e-01 -9.714939e-01 8.425678e+01
-9.772805e-01 2.021112e-01 6.382704e-02 -2.479490e+02 2.114426e-01 9.505097e-01 2.276476e-01 5.309811e+01 -1.465809e-02 2.359713e-01 -9.716495e-01 8.311764e+01
-9.774529e-01 2.007610e-01 6.542736e-02 -2.478666e+02 2.104891e-01 9.509809e-01 2.265605e-01 5.333831e+01 -1.673566e-02 2.352240e-01 -9.717971e-01 8.199447e+01
-9.777289e-01 1.988816e-01 6.702430e-02 -2.477829e+02 2.090294e-01 9.513948e-01 2.261739e-01 5.358571e+01 -1.878475e-02 2.351468e-01 -9.717783e-01 8.085933e+01
-9.777349e-01 1.981638e-01 6.903325e-02 -2.476980e+02 2.088158e-01 9.513144e-01 2.267087e-01 5.381953e+01 -2.074686e-02 2.360762e-01 -9.715130e-01 7.973367e+01
-9.777772e-01 1.973667e-01 7.069794e-02 -2.476180e+02 2.084098e-01 9.516517e-01 2.256645e-01 5.405864e+01 -2.274117e-02 2.353837e-01 -9.716364e-01 7.859852e+01
-9.777573e-01 1.969954e-01 7.199597e-02 -2.475318e+02 2.082800e-01 9.523804e-01 2.226904e-01 5.428764e+01 -2.469859e-02 2.327324e-01 -9.722271e-01 7.748503e+01
-9.769605e-01 2.007981e-01 7.230626e-02 -2.474506e+02 2.121050e-01 9.510705e-01 2.246693e-01 5.452458e+01 -2.365518e-02 2.348296e-01 -9.717487e-01 7.637470e+01
-9.770516e-01 2.001298e-01 7.292680e-02 -2.473611e+02 2.115979e-01 9.512064e-01 2.245723e-01 5.476958e+01 -2.442482e-02 2.348499e-01 -9.717247e-01 7.527962e+01
-9.773302e-01 1.982744e-01 7.424979e-02 -2.472846e+02 2.101528e-01 9.510847e-01 2.264371e-01 5.501327e+01 -2.572117e-02 2.369076e-01 -9.711917e-01 7.415638e+01
-9.774266e-01 1.974746e-01 7.510727e-02 -2.471958e+02 2.096333e-01 9.507152e-01 2.284609e-01 5.524818e+01 -2.629040e-02 2.390488e-01 -9.706516e-01 7.305404e+01
-9.774437e-01 1.971826e-01 7.564948e-02 -2.471177e+02 2.094684e-01 9.508456e-01 2.280696e-01 5.549148e+01 -2.695961e-02 2.387714e-01 -9.707015e-01 7.195394e+01
-9.775428e-01 1.971049e-01 7.456306e-02 -2.470237e+02 2.090556e-01 9.516184e-01 2.252071e-01 5.573614e+01 -2.656615e-02 2.357374e-01 -9.714536e-01 7.085432e+01
-9.778762e-01 1.960416e-01 7.297828e-02 -2.469371e+02 2.075869e-01 9.524719e-01 2.229459e-01 5.598333e+01 -2.580310e-02 2.331628e-01 -9.720953e-01 6.971057e+01
-9.784257e-01 1.941262e-01 7.069776e-02 -2.468627e+02 2.051526e-01 9.533407e-01 2.214810e-01 5.622323e+01 -2.440379e-02 2.312065e-01 -9.725986e-01 6.860983e+01
-9.792143e-01 1.912630e-01 6.751159e-02 -2.467949e+02 2.016722e-01 9.536042e-01 2.235339e-01 5.646136e+01 -2.162558e-02 2.325028e-01 -9.723553e-01 6.750462e+01
-9.794429e-01 1.916395e-01 6.297477e-02 -2.467106e+02 2.009991e-01 9.535548e-01 2.243493e-01 5.669584e+01 -1.705572e-02 2.323952e-01 -9.724719e-01 6.640605e+01
-9.782828e-01 1.986576e-01 5.914269e-02 -2.466437e+02 2.069897e-01 9.512755e-01 2.285393e-01 5.691672e+01 -1.085993e-02 2.358180e-01 -9.717366e-01 6.531205e+01
-9.778605e-01 2.017420e-01 5.557911e-02 -2.465854e+02 2.091457e-01 9.509283e-01 2.280205e-01 5.715689e+01 -6.850447e-03 2.345964e-01 -9.720687e-01 6.423624e+01
-9.774465e-01 2.043986e-01 5.309991e-02 -2.465343e+02 2.111566e-01 9.499183e-01 2.303652e-01 5.740225e+01 -3.354251e-03 2.363821e-01 -9.716544e-01 6.313331e+01
-9.774177e-01 2.050895e-01 5.092090e-02 -2.464670e+02 2.113164e-01 9.487449e-01 2.350072e-01 5.764315e+01 -1.134275e-04 2.404607e-01 -9.706589e-01 6.205221e+01
-9.780914e-01 2.020609e-01 5.008539e-02 -2.464114e+02 2.081733e-01 9.481544e-01 2.401400e-01 5.788046e+01 1.034234e-03 2.453053e-01 -9.694453e-01 6.095882e+01
-9.795351e-01 1.951329e-01 4.933763e-02 -2.463476e+02 2.012692e-01 9.480244e-01 2.464559e-01 5.814193e+01 1.318360e-03 2.513423e-01 -9.678974e-01 5.987180e+01
-9.802358e-01 1.920866e-01 4.733429e-02 -2.462789e+02 1.978116e-01 9.481577e-01 2.487319e-01 5.840513e+01 2.897698e-03 2.531792e-01 -9.674151e-01 5.876547e+01
-9.814372e-01 1.864345e-01 4.498021e-02 -2.462116e+02 1.917633e-01 9.505313e-01 2.443709e-01 5.865126e+01 2.804066e-03 2.484602e-01 -9.686380e-01 5.768886e+01
-9.814641e-01 1.867423e-01 4.307657e-02 -2.461573e+02 1.916192e-01 9.524376e-01 2.369487e-01 5.890308e+01 3.220601e-03 2.408109e-01 -9.705667e-01 5.661105e+01
-9.806131e-01 1.912767e-01 4.255774e-02 -2.461112e+02 1.959180e-01 9.528712e-01 2.316302e-01 5.912688e+01 3.753413e-03 2.354775e-01 -9.718726e-01 5.558467e+01
-9.791585e-01 1.983361e-01 4.371878e-02 -2.460610e+02 2.030329e-01 9.504770e-01 2.353107e-01 5.937257e+01 5.116912e-03 2.392828e-01 -9.709364e-01 5.451249e+01
-9.788208e-01 1.998320e-01 4.446461e-02 -2.460132e+02 2.046441e-01 9.492256e-01 2.389384e-01 5.961488e+01 5.540590e-03 2.429773e-01 -9.700161e-01 5.344861e+01
-9.788232e-01 1.995903e-01 4.548517e-02 -2.459633e+02 2.046411e-01 9.483860e-01 2.422519e-01 5.985762e+01 5.213627e-03 2.464299e-01 -9.691466e-01 5.238616e+01
-9.790460e-01 1.984295e-01 4.576788e-02 -2.459079e+02 2.035702e-01 9.478199e-01 2.453499e-01 6.011933e+01 5.304946e-03 2.495258e-01 -9.683536e-01 5.129169e+01
-9.792992e-01 1.972614e-01 4.539818e-02 -2.458504e+02 2.023361e-01 9.475833e-01 2.472772e-01 6.037207e+01 5.759692e-03 2.513440e-01 -9.678807e-01 5.021415e+01
-9.796527e-01 1.957351e-01 4.436629e-02 -2.457990e+02 2.006046e-01 9.481390e-01 2.465566e-01 6.062184e+01 6.194373e-03 2.504400e-01 -9.681123e-01 4.916057e+01
-9.796898e-01 1.956997e-01 4.369775e-02 -2.457461e+02 2.004121e-01 9.485219e-01 2.452371e-01 6.086815e+01 6.544532e-03 2.490138e-01 -9.684778e-01 4.811082e+01
-9.792698e-01 1.977161e-01 4.403498e-02 -2.456994e+02 2.024588e-01 9.484862e-01 2.436891e-01 6.111478e+01 6.414674e-03 2.475526e-01 -9.688532e-01 4.706926e+01
-9.792508e-01 1.976073e-01 4.493524e-02 -2.456532e+02 2.025785e-01 9.485575e-01 2.433119e-01 6.134828e+01 5.456547e-03 2.473662e-01 -9.689067e-01 4.605515e+01
-9.790720e-01 1.981268e-01 4.651621e-02 -2.456177e+02 2.034738e-01 9.484197e-01 2.431017e-01 6.158886e+01 4.048077e-03 2.474789e-01 -9.688848e-01 4.500454e+01
-9.778146e-01 2.033465e-01 5.028644e-02 -2.455643e+02 2.094535e-01 9.459429e-01 2.476313e-01 6.183237e+01 2.786863e-03 2.526702e-01 -9.675485e-01 4.394381e+01
-9.779765e-01 2.020861e-01 5.218474e-02 -2.455185e+02 2.087139e-01 9.460292e-01 2.479258e-01 6.207475e+01 7.340792e-04 2.533573e-01 -9.673725e-01 4.294474e+01
-9.779425e-01 2.018048e-01 5.388169e-02 -2.454521e+02 2.088717e-01 9.460914e-01 2.475556e-01 6.231898e+01 -1.019098e-03 2.533495e-01 -9.673743e-01 4.188764e+01
-9.778400e-01 2.018020e-01 5.572192e-02 -2.453810e+02 2.093344e-01 9.461000e-01 2.471314e-01 6.257125e+01 -2.846891e-03 2.533195e-01 -9.673785e-01 4.080691e+01
-9.774085e-01 2.033125e-01 5.776399e-02 -2.453144e+02 2.113100e-01 9.458640e-01 2.463523e-01 6.280957e+01 -4.550390e-03 2.529929e-01 -9.674574e-01 3.975907e+01
-9.775039e-01 2.024212e-01 5.925989e-02 -2.452377e+02 2.108217e-01 9.461592e-01 2.456359e-01 6.304915e+01 -6.347380e-03 2.526033e-01 -9.675491e-01 3.874126e+01
-9.775683e-01 2.016415e-01 6.083602e-02 -2.451673e+02 2.104593e-01 9.464322e-01 2.448936e-01 6.329170e+01 -8.196470e-03 2.522037e-01 -9.676394e-01 3.769628e+01
-9.776256e-01 2.007448e-01 6.284748e-02 -2.451079e+02 2.100893e-01 9.467513e-01 2.439762e-01 6.353810e+01 -1.052398e-02 2.517210e-01 -9.677426e-01 3.669124e+01
-9.777164e-01 1.999732e-01 6.388632e-02 -2.450350e+02 2.095923e-01 9.471040e-01 2.430329e-01 6.376689e+01 -1.190695e-02 2.510073e-01 -9.679120e-01 3.569001e+01
-9.779838e-01 1.982642e-01 6.510746e-02 -2.449652e+02 2.082414e-01 9.474452e-01 2.428645e-01 6.400366e+01 -1.353442e-02 2.510756e-01 -9.678729e-01 3.465646e+01
-9.768990e-01 2.025011e-01 6.827609e-02 -2.449000e+02 2.132031e-01 9.453465e-01 2.467071e-01 6.424520e+01 -1.458609e-02 2.555646e-01 -9.666819e-01 3.364430e+01
-9.769863e-01 2.017357e-01 6.928571e-02 -2.448302e+02 2.127196e-01 9.454746e-01 2.466336e-01 6.449368e+01 -1.575309e-02 2.556960e-01 -9.666289e-01 3.260310e+01
-9.772297e-01 2.005827e-01 6.920050e-02 -2.447482e+02 2.115840e-01 9.456979e-01 2.467542e-01 6.473712e+01 -1.594814e-02 2.557773e-01 -9.666042e-01 3.157133e+01
-9.773978e-01 1.997618e-01 6.920107e-02 -2.446808e+02 2.107831e-01 9.459801e-01 2.463579e-01 6.496935e+01 -1.624995e-02 2.553761e-01 -9.667052e-01 3.059359e+01
-9.775796e-01 1.991924e-01 6.826816e-02 -2.446005e+02 2.099722e-01 9.465028e-01 2.450388e-01 6.522058e+01 -1.580613e-02 2.538794e-01 -9.671067e-01 2.955661e+01
-9.778954e-01 1.978471e-01 6.765504e-02 -2.445304e+02 2.085058e-01 9.469555e-01 2.445416e-01 6.545473e+01 -1.568447e-02 2.532425e-01 -9.672757e-01 2.855280e+01
-9.782189e-01 1.966163e-01 6.655678e-02 -2.444588e+02 2.070316e-01 9.473466e-01 2.442790e-01 6.568845e+01 -1.502310e-02 2.527377e-01 -9.674182e-01 2.751513e+01
-9.786991e-01 1.950071e-01 6.418975e-02 -2.443873e+02 2.048801e-01 9.477164e-01 2.446585e-01 6.592981e+01 -1.312354e-02 2.525983e-01 -9.674822e-01 2.650089e+01
-9.792207e-01 1.933091e-01 6.130584e-02 -2.443228e+02 2.025217e-01 9.478958e-01 2.459239e-01 6.616171e+01 -1.057222e-02 2.532296e-01 -9.673484e-01 2.550271e+01
-9.795425e-01 1.926602e-01 5.812488e-02 -2.442488e+02 2.010996e-01 9.478358e-01 2.473181e-01 6.640415e+01 -7.444492e-03 2.539475e-01 -9.671894e-01 2.448460e+01
-9.785787e-01 1.975256e-01 5.802915e-02 -2.441896e+02 2.058053e-01 9.458249e-01 2.511164e-01 6.664316e+01 -5.283492e-03 2.576799e-01 -9.662159e-01 2.347335e+01
-9.788186e-01 1.972545e-01 5.481719e-02 -2.441311e+02 2.047158e-01 9.461317e-01 2.508510e-01 6.687041e+01 -2.382811e-03 2.567596e-01 -9.664724e-01 2.248735e+01
-9.790462e-01 1.968904e-01 5.198775e-02 -2.440665e+02 2.036382e-01 9.463056e-01 2.510723e-01 6.710605e+01 2.374221e-04 2.563980e-01 -9.665713e-01 2.148951e+01
-9.792973e-01 1.962211e-01 4.973901e-02 -2.440169e+02 2.024160e-01 9.466634e-01 2.507115e-01 6.734245e+01 2.108789e-03 2.555891e-01 -9.667832e-01 2.049684e+01
-9.795023e-01 1.956563e-01 4.789495e-02 -2.439657e+02 2.013996e-01 9.469162e-01 2.505751e-01 6.758903e+01 3.674087e-03 2.550849e-01 -9.669117e-01 1.951149e+01
-9.796420e-01 1.953317e-01 4.633715e-02 -2.439153e+02 2.006887e-01 9.470580e-01 2.506095e-01 6.783179e+01 5.068029e-03 2.548070e-01 -9.669787e-01 1.851349e+01
-9.797635e-01 1.951429e-01 4.452739e-02 -2.438550e+02 2.000413e-01 9.470429e-01 2.511835e-01 6.805839e+01 6.847311e-03 2.550077e-01 -9.669148e-01 1.754671e+01
-9.800996e-01 1.937678e-01 4.311329e-02 -2.437994e+02 1.983500e-01 9.473363e-01 2.514183e-01 6.830287e+01 7.873972e-03 2.549665e-01 -9.669178e-01 1.656694e+01
-9.805062e-01 1.920436e-01 4.155652e-02 -2.437482e+02 1.962934e-01 9.479540e-01 2.507033e-01 6.855056e+01 8.752288e-03 2.539734e-01 -9.671716e-01 1.559249e+01
-9.806655e-01 1.915599e-01 3.999964e-02 -2.437011e+02 1.954404e-01 9.483754e-01 2.497741e-01 6.879250e+01 9.912044e-03 2.527624e-01 -9.674776e-01 1.461019e+01
-9.794756e-01 1.971654e-01 4.187284e-02 -2.436586e+02 2.013108e-01 9.465254e-01 2.521182e-01 6.902314e+01 1.007527e-02 2.553730e-01 -9.667901e-01 1.365225e+01
-9.795586e-01 1.967587e-01 4.184372e-02 -2.436130e+02 2.008943e-01 9.462077e-01 2.536386e-01 6.924565e+01 1.031275e-02 2.568600e-01 -9.663936e-01 1.271354e+01
-9.793075e-01 1.977171e-01 4.318343e-02 -2.435664e+02 2.021618e-01 9.458715e-01 2.538853e-01 6.947634e+01 9.351479e-03 2.573618e-01 -9.662699e-01 1.176175e+01
-9.788866e-01 1.992084e-01 4.579253e-02 -2.435167e+02 2.042728e-01 9.453708e-01 2.540604e-01 6.970816e+01 7.320057e-03 2.580505e-01 -9.661037e-01 1.080475e+01
-9.785158e-01 2.000251e-01 4.996855e-02 -2.434633e+02 2.061470e-01 9.454503e-01 2.522444e-01 6.994000e+01 3.212427e-03 2.571260e-01 -9.663726e-01 9.851152e+00
-9.780711e-01 2.003407e-01 5.692529e-02 -2.434122e+02 2.082403e-01 9.453940e-01 2.507313e-01 7.017333e+01 -3.585142e-03 2.570872e-01 -9.663816e-01 8.890840e+00
-9.774794e-01 2.008276e-01 6.482491e-02 -2.433423e+02 2.107264e-01 9.453697e-01 2.487379e-01 7.039905e+01 -1.133007e-02 2.567965e-01 -9.663991e-01 7.943907e+00
-9.767491e-01 2.011803e-01 7.407835e-02 -2.432676e+02 2.134207e-01 9.452057e-01 2.470585e-01 7.062395e+01 -2.031597e-02 2.571240e-01 -9.661648e-01 6.974897e+00
-9.759420e-01 2.012340e-01 8.391666e-02 -2.431825e+02 2.159777e-01 9.449664e-01 2.457480e-01 7.084155e+01 -2.984558e-02 2.579600e-01 -9.656945e-01 6.036897e+00
-9.751694e-01 2.004851e-01 9.407587e-02 -2.430805e+02 2.178224e-01 9.449860e-01 2.440385e-01 7.106345e+01 -3.997428e-02 2.584708e-01 -9.651916e-01 5.099086e+00
-9.725652e-01 2.057401e-01 1.085720e-01 -2.429847e+02 2.267500e-01 9.426751e-01 2.448429e-01 7.127935e+01 -5.197415e-02 2.627444e-01 -9.634646e-01 4.165786e+00
-9.713086e-01 2.055855e-01 1.195588e-01 -2.428682e+02 2.293372e-01 9.427779e-01 2.420213e-01 7.150182e+01 -6.296129e-02 2.624966e-01 -9.628766e-01 3.217642e+00
-9.696700e-01 2.069053e-01 1.301166e-01 -2.427411e+02 2.330463e-01 9.431473e-01 2.369864e-01 7.171941e+01 -7.368535e-02 2.601218e-01 -9.627602e-01 2.281690e+00
-9.680511e-01 2.071813e-01 1.412551e-01 -2.425990e+02 2.357399e-01 9.439442e-01 2.310760e-01 7.192429e+01 -8.546233e-02 2.569929e-01 -9.626271e-01 1.364197e+00
-9.660300e-01 2.075283e-01 1.540066e-01 -2.424415e+02 2.390469e-01 9.440106e-01 2.273774e-01 7.212541e+01 -9.819660e-02 2.564681e-01 -9.615516e-01 4.630613e-01
-9.633782e-01 2.077102e-01 1.695845e-01 -2.422698e+02 2.431062e-01 9.434179e-01 2.255260e-01 7.233257e+01 -1.131450e-01 2.584939e-01 -9.593639e-01 -4.574644e-01
-9.599544e-01 2.085705e-01 1.870450e-01 -2.421103e+02 2.480827e-01 9.430425e-01 2.216433e-01 7.252403e+01 -1.301632e-01 2.591701e-01 -9.570206e-01 -1.356631e+00
-9.558706e-01 2.101992e-01 2.052501e-01 -2.419238e+02 2.536043e-01 9.430497e-01 2.152721e-01 7.271621e+01 -1.483111e-01 2.578246e-01 -9.547410e-01 -2.287257e+00
-9.517613e-01 2.098018e-01 2.239053e-01 -2.417036e+02 2.569495e-01 9.438052e-01 2.078672e-01 7.291197e+01 -1.677120e-01 2.553723e-01 -9.521857e-01 -3.203247e+00
-9.471476e-01 2.087188e-01 2.436140e-01 -2.414736e+02 2.601498e-01 9.440758e-01 2.025905e-01 7.310319e+01 -1.877057e-01 2.552592e-01 -9.484774e-01 -4.141941e+00
-9.400735e-01 2.122303e-01 2.668710e-01 -2.412175e+02 2.691058e-01 9.424400e-01 1.984663e-01 7.327690e+01 -2.093893e-01 2.583895e-01 -9.430753e-01 -5.049379e+00
-9.344093e-01 2.113342e-01 2.867353e-01 -2.409365e+02 2.725497e-01 9.424740e-01 1.935442e-01 7.344795e+01 -2.293380e-01 2.589991e-01 -9.382556e-01 -5.964913e+00
-9.278944e-01 2.113916e-01 3.071246e-01 -2.406582e+02 2.767491e-01 9.424891e-01 1.874147e-01 7.361010e+01 -2.498437e-01 2.588975e-01 -9.330328e-01 -6.854501e+00
-9.207359e-01 2.113014e-01 3.280200e-01 -2.403451e+02 2.808413e-01 9.424984e-01 1.811764e-01 7.376674e+01 -2.708755e-01 2.589372e-01 -9.271343e-01 -7.758571e+00
-9.130249e-01 2.114352e-01 3.488275e-01 -2.400107e+02 2.846629e-01 9.427710e-01 1.736369e-01 7.391557e+01 -2.921515e-01 2.578331e-01 -9.209613e-01 -8.644665e+00
-9.047629e-01 2.114314e-01 3.697309e-01 -2.396640e+02 2.878629e-01 9.433566e-01 1.649644e-01 7.405860e+01 -3.139094e-01 2.556855e-01 -9.143773e-01 -9.514664e+00
-8.959141e-01 2.111264e-01 3.908497e-01 -2.392755e+02 2.906447e-01 9.439769e-01 1.563113e-01 7.421496e+01 -3.359517e-01 2.536399e-01 -9.070850e-01 -1.043822e+01
-8.864885e-01 2.106874e-01 4.120060e-01 -2.389076e+02 2.938357e-01 9.441012e-01 1.494439e-01 7.433889e+01 -3.574894e-01 2.535424e-01 -8.988423e-01 -1.126668e+01
-8.769190e-01 2.089821e-01 4.328275e-01 -2.384856e+02 2.957093e-01 9.445020e-01 1.430805e-01 7.446192e+01 -3.789052e-01 2.534611e-01 -8.900496e-01 -1.210181e+01
-8.663278e-01 2.081409e-01 4.540414e-01 -2.380183e+02 2.989230e-01 9.443250e-01 1.374603e-01 7.457883e+01 -4.001515e-01 2.548091e-01 -8.803131e-01 -1.298626e+01
-8.518943e-01 2.132278e-01 4.783410e-01 -2.375760e+02 3.091213e-01 9.420113e-01 1.306092e-01 7.468565e+01 -4.227531e-01 2.591306e-01 -8.684073e-01 -1.381730e+01
-8.397355e-01 2.148824e-01 4.986680e-01 -2.371170e+02 3.143614e-01 9.411966e-01 1.237975e-01 7.477442e+01 -4.427428e-01 2.607191e-01 -8.579070e-01 -1.459258e+01
-8.271979e-01 2.154358e-01 5.189711e-01 -2.365982e+02 3.171457e-01 9.414147e-01 1.147036e-01 7.487215e+01 -4.638557e-01 2.594720e-01 -8.470609e-01 -1.544493e+01
-8.146531e-01 2.145217e-01 5.388142e-01 -2.360397e+02 3.187333e-01 9.417921e-01 1.069426e-01 7.498245e+01 -4.845094e-01 2.588592e-01 -8.356091e-01 -1.630805e+01
-8.020577e-01 2.131964e-01 5.578984e-01 -2.354896e+02 3.203802e-01 9.419277e-01 1.006416e-01 7.505647e+01 -5.040436e-01 2.594600e-01 -8.237843e-01 -1.710453e+01
-7.902759e-01 2.102642e-01 5.755458e-01 -2.349219e+02 3.207192e-01 9.422833e-01 9.613175e-02 7.512603e+01 -5.221142e-01 2.605592e-01 -8.120995e-01 -1.790482e+01
-7.780832e-01 2.127180e-01 5.910479e-01 -2.343363e+02 3.216970e-01 9.431026e-01 8.407451e-02 7.519577e+01 -5.395346e-01 2.555553e-01 -8.022430e-01 -1.868451e+01
-7.658507e-01 2.119047e-01 6.070990e-01 -2.336986e+02 3.216797e-01 9.437627e-01 7.638113e-02 7.525996e+01 -5.567718e-01 2.537880e-01 -7.909468e-01 -1.949090e+01
-7.538940e-01 2.122280e-01 6.217741e-01 -2.330419e+02 3.219908e-01 9.442905e-01 6.809870e-02 7.530976e+01 -5.726829e-01 2.515447e-01 -7.802304e-01 -2.029501e+01
-7.432256e-01 2.098330e-01 6.352840e-01 -2.323644e+02 3.211014e-01 9.449096e-01 6.355829e-02 7.536097e+01 -5.869493e-01 2.512288e-01 -7.696587e-01 -2.109474e+01
-7.301198e-01 2.152714e-01 6.485240e-01 -2.316674e+02 3.263318e-01 9.437038e-01 5.413665e-02 7.538936e+01 -6.003604e-01 2.511602e-01 -7.592667e-01 -2.190879e+01
-7.230552e-01 2.117385e-01 6.575393e-01 -2.309547e+02 3.226442e-01 9.451759e-01 5.042959e-02 7.543367e+01 -6.108124e-01 2.486146e-01 -7.517306e-01 -2.272556e+01
-7.169845e-01 2.094587e-01 6.648761e-01 -2.302179e+02 3.205508e-01 9.460325e-01 4.764072e-02 7.546976e+01 -6.190157e-01 2.472842e-01 -7.454328e-01 -2.354655e+01
-7.127513e-01 2.079447e-01 6.698840e-01 -2.294990e+02 3.183433e-01 9.469176e-01 4.477360e-02 7.550709e+01 -6.250145e-01 2.451655e-01 -7.411146e-01 -2.432936e+01
-7.095233e-01 2.070245e-01 6.735856e-01 -2.287913e+02 3.170767e-01 9.474335e-01 4.280280e-02 7.552987e+01 -6.293163e-01 2.439479e-01 -7.378688e-01 -2.508628e+01
-7.068082e-01 2.077407e-01 6.762145e-01 -2.280557e+02 3.171438e-01 9.475164e-01 4.040456e-02 7.554043e+01 -6.323306e-01 2.430155e-01 -7.355960e-01 -2.588370e+01
-7.046498e-01 2.089276e-01 6.780988e-01 -2.273424e+02 3.168174e-01 9.477563e-01 3.721112e-02 7.557221e+01 -6.348980e-01 2.410543e-01 -7.340282e-01 -2.668261e+01
-7.032671e-01 2.091421e-01 6.794666e-01 -2.266218e+02 3.158125e-01 9.481750e-01 3.502338e-02 7.559491e+01 -6.369284e-01 2.392149e-01 -7.328700e-01 -2.746300e+01
-7.021495e-01 2.086198e-01 6.807818e-01 -2.258735e+02 3.155355e-01 9.482736e-01 3.484893e-02 7.560783e+01 -6.382972e-01 2.392800e-01 -7.316568e-01 -2.827379e+01
-7.016699e-01 2.069336e-01 6.817902e-01 -2.251145e+02 3.136853e-01 9.488880e-01 3.482996e-02 7.562883e+01 -6.397350e-01 2.383067e-01 -7.307181e-01 -2.908123e+01
-6.973498e-01 2.118983e-01 6.846914e-01 -2.243719e+02 3.190828e-01 9.471917e-01 3.184501e-02 7.566033e+01 -6.417861e-01 2.406803e-01 -7.281371e-01 -2.990266e+01
-6.976650e-01 2.101534e-01 6.849081e-01 -2.236905e+02 3.171451e-01 9.478293e-01 3.222542e-02 7.567331e+01 -6.424037e-01 2.396978e-01 -7.279165e-01 -3.070464e+01
-6.990382e-01 2.087831e-01 6.839263e-01 -2.228994e+02 3.148489e-01 9.485945e-01 3.222695e-02 7.569860e+01 -6.420404e-01 2.378613e-01 -7.288389e-01 -3.155379e+01
-7.010011e-01 2.084643e-01 6.820118e-01 -2.221219e+02 3.139663e-01 9.488717e-01 3.267518e-02 7.572216e+01 -6.403301e-01 2.370341e-01 -7.306108e-01 -3.239208e+01
-7.044086e-01 2.061484e-01 6.791991e-01 -2.213291e+02 3.113455e-01 9.496644e-01 3.466229e-02 7.574149e+01 -6.378656e-01 2.358820e-01 -7.331351e-01 -3.324109e+01
-7.086519e-01 2.034904e-01 6.755769e-01 -2.206208e+02 3.089779e-01 9.503153e-01 3.786052e-02 7.575854e+01 -6.343068e-01 2.355682e-01 -7.363168e-01 -3.404569e+01
-7.128478e-01 2.028190e-01 6.713513e-01 -2.198757e+02 3.081834e-01 9.504820e-01 4.008628e-02 7.578090e+01 -6.299771e-01 2.354747e-01 -7.400544e-01 -3.486633e+01
-7.176188e-01 2.010205e-01 6.667938e-01 -2.191773e+02 3.060534e-01 9.510579e-01 4.266312e-02 7.579494e+01 -6.255834e-01 2.346904e-01 -7.440201e-01 -3.568140e+01
-7.229269e-01 1.997666e-01 6.614152e-01 -2.184078e+02 3.040719e-01 9.515883e-01 4.494335e-02 7.580914e+01 -6.204168e-01 2.336085e-01 -7.486722e-01 -3.653199e+01
-7.282665e-01 1.996067e-01 6.555800e-01 -2.176785e+02 3.028910e-01 9.518827e-01 4.665063e-02 7.584335e+01 -6.147235e-01 2.325434e-01 -7.536833e-01 -3.737752e+01
-7.306462e-01 2.046413e-01 6.513663e-01 -2.169104e+02 3.072639e-01 9.505101e-01 4.603790e-02 7.586663e+01 -6.097090e-01 2.337787e-01 -7.573655e-01 -3.825248e+01
-7.361019e-01 2.044395e-01 6.452585e-01 -2.162125e+02 3.071585e-01 9.503811e-01 4.928960e-02 7.589892e+01 -6.031647e-01 2.344788e-01 -7.623726e-01 -3.909686e+01
-7.413106e-01 2.053396e-01 6.389790e-01 -2.154699e+02 3.082873e-01 9.498479e-01 5.241984e-02 7.593816e+01 -5.961691e-01 2.358485e-01 -7.674360e-01 -3.995797e+01
-7.458798e-01 2.062191e-01 6.333537e-01 -2.148159e+02 3.095374e-01 9.492691e-01 5.545128e-02 7.596647e+01 -5.897880e-01 2.374067e-01 -7.718732e-01 -4.077736e+01
-7.486452e-01 2.095882e-01 6.289700e-01 -2.141355e+02 3.131121e-01 9.480169e-01 5.678604e-02 7.600829e+01 -5.843725e-01 2.394507e-01 -7.753529e-01 -4.163600e+01
-7.499623e-01 2.128149e-01 6.263117e-01 -2.134421e+02 3.165171e-01 9.468562e-01 5.727308e-02 7.604987e+01 -5.808386e-01 2.411910e-01 -7.774660e-01 -4.249224e+01
-7.508291e-01 2.147110e-01 6.246238e-01 -2.127468e+02 3.184865e-01 9.461761e-01 5.759392e-02 7.608995e+01 -5.786381e-01 2.421774e-01 -7.787991e-01 -4.335379e+01
-7.517939e-01 2.150455e-01 6.233469e-01 -2.120500e+02 3.196604e-01 9.456756e-01 5.928554e-02 7.613100e+01 -5.767349e-01 2.438298e-01 -7.796947e-01 -4.422950e+01
-7.526580e-01 2.154589e-01 6.221603e-01 -2.113705e+02 3.205736e-01 9.452927e-01 6.045151e-02 7.617535e+01 -5.750988e-01 2.449475e-01 -7.805525e-01 -4.508832e+01
-7.535295e-01 2.172279e-01 6.204880e-01 -2.106969e+02 3.222657e-01 9.447057e-01 6.063024e-02 7.621323e+01 -5.730079e-01 2.456487e-01 -7.818687e-01 -4.593753e+01
-7.500692e-01 2.255916e-01 6.216950e-01 -2.100235e+02 3.303365e-01 9.421604e-01 5.667037e-02 7.627192e+01 -5.729520e-01 2.478752e-01 -7.812067e-01 -4.678482e+01
-7.504008e-01 2.274761e-01 6.206071e-01 -2.093342e+02 3.323978e-01 9.414245e-01 5.684767e-02 7.631732e+01 -5.713232e-01 2.489470e-01 -7.820583e-01 -4.764168e+01
-7.503903e-01 2.293444e-01 6.199319e-01 -2.086445e+02 3.348876e-01 9.405069e-01 5.741978e-02 7.635383e+01 -5.698813e-01 2.506947e-01 -7.825519e-01 -4.849447e+01
-7.507114e-01 2.313508e-01 6.187966e-01 -2.079827e+02 3.361360e-01 9.401289e-01 5.630525e-02 7.639300e+01 -5.687223e-01 2.502688e-01 -7.835308e-01 -4.932788e+01
-7.514060e-01 2.321048e-01 6.176701e-01 -2.072836e+02 3.364580e-01 9.400279e-01 5.606800e-02 7.642990e+01 -5.676135e-01 2.499499e-01 -7.844361e-01 -5.017758e+01
-7.520018e-01 2.317052e-01 6.170949e-01 -2.066198e+02 3.362841e-01 9.400440e-01 5.683594e-02 7.647117e+01 -5.669271e-01 2.502599e-01 -7.848335e-01 -5.100706e+01
-7.523330e-01 2.320978e-01 6.165434e-01 -2.059677e+02 3.372799e-01 9.396258e-01 5.784127e-02 7.650751e+01 -5.658952e-01 2.514636e-01 -7.851934e-01 -5.183468e+01
-7.527988e-01 2.325662e-01 6.157978e-01 -2.053297e+02 3.381909e-01 9.392445e-01 5.870942e-02 7.654803e+01 -5.647309e-01 2.524536e-01 -7.857138e-01 -5.265378e+01
-7.529750e-01 2.332514e-01 6.153230e-01 -2.046813e+02 3.391221e-01 9.388853e-01 5.908133e-02 7.658957e+01 -5.639369e-01 2.531564e-01 -7.860579e-01 -5.348171e+01
-7.537194e-01 2.325802e-01 6.146654e-01 -2.040309e+02 3.386399e-01 9.390046e-01 5.994421e-02 7.662193e+01 -5.632318e-01 2.533314e-01 -7.865069e-01 -5.430823e+01
-7.498556e-01 2.390240e-01 6.169150e-01 -2.033930e+02 3.445325e-01 9.371212e-01 5.568879e-02 7.666973e+01 -5.648131e-01 2.543058e-01 -7.850571e-01 -5.513821e+01
-7.496897e-01 2.379726e-01 6.175227e-01 -2.027719e+02 3.437097e-01 9.374030e-01 5.602933e-02 7.670314e+01 -5.655342e-01 2.542532e-01 -7.845549e-01 -5.592496e+01
-7.475347e-01 2.387328e-01 6.198375e-01 -2.021519e+02 3.454934e-01 9.367562e-01 5.587574e-02 7.674188e+01 -5.672973e-01 2.559188e-01 -7.827384e-01 -5.670662e+01
-7.448545e-01 2.383032e-01 6.232202e-01 -2.015573e+02 3.460216e-01 9.365879e-01 5.542793e-02 7.675959e+01 -5.704918e-01 2.569334e-01 -7.800797e-01 -5.746025e+01
-7.411701e-01 2.377166e-01 6.278198e-01 -2.009721e+02 3.476753e-01 9.359373e-01 5.606502e-02 7.678811e+01 -5.742724e-01 2.598311e-01 -7.763369e-01 -5.819271e+01
-7.368795e-01 2.377000e-01 6.328564e-01 -2.004070e+02 3.482151e-01 9.358613e-01 5.394314e-02 7.680772e+01 -5.794436e-01 2.601197e-01 -7.723878e-01 -5.890841e+01
-7.317381e-01 2.400617e-01 6.379105e-01 -1.998381e+02 3.500896e-01 9.354039e-01 4.956693e-02 7.682840e+01 -5.848048e-01 2.595958e-01 -7.685137e-01 -5.959169e+01
-7.265602e-01 2.410436e-01 6.434348e-01 -1.992705e+02 3.508436e-01 9.353143e-01 4.578160e-02 7.686072e+01 -5.907784e-01 2.590081e-01 -7.641307e-01 -6.024856e+01
-7.223355e-01 2.394688e-01 6.487574e-01 -1.987362e+02 3.501808e-01 9.356226e-01 4.453998e-02 7.688178e+01 -5.963261e-01 2.593552e-01 -7.596907e-01 -6.087620e+01
-7.184628e-01 2.372064e-01 6.538687e-01 -1.982025e+02 3.490809e-01 9.360596e-01 4.398796e-02 7.689733e+01 -6.016259e-01 2.598568e-01 -7.553283e-01 -6.148291e+01
-7.099225e-01 2.430912e-01 6.609968e-01 -1.976891e+02 3.542875e-01 9.344095e-01 3.686849e-02 7.691191e+01 -6.086793e-01 2.603567e-01 -7.494825e-01 -6.206537e+01
-7.061628e-01 2.421564e-01 6.653528e-01 -1.971774e+02 3.523852e-01 9.352512e-01 3.361260e-02 7.692173e+01 -6.141325e-01 2.581965e-01 -7.457720e-01 -6.262903e+01
-7.026702e-01 2.414095e-01 6.693101e-01 -1.967003e+02 3.506308e-01 9.360170e-01 3.050067e-02 7.692948e+01 -6.191225e-01 2.561126e-01 -7.423568e-01 -6.316201e+01
-6.989127e-01 2.401607e-01 6.736794e-01 -1.962322e+02 3.493276e-01 9.365661e-01 2.853450e-02 7.693385e+01 -6.240924e-01 2.552779e-01 -7.384726e-01 -6.367166e+01
-6.948892e-01 2.399387e-01 6.779073e-01 -1.957636e+02 3.492645e-01 9.366495e-01 2.649580e-02 7.694005e+01 -6.286042e-01 2.551806e-01 -7.346697e-01 -6.417661e+01
-6.909008e-01 2.390719e-01 6.822761e-01 -1.953240e+02 3.487384e-01 9.368904e-01 2.485724e-02 7.694676e+01 -6.332753e-01 2.551098e-01 -7.306719e-01 -6.464014e+01
-6.862168e-01 2.385202e-01 6.871787e-01 -1.948830e+02 3.485232e-01 9.370229e-01 2.279406e-02 7.694632e+01 -6.384654e-01 2.551394e-01 -7.261307e-01 -6.509047e+01
-6.804014e-01 2.382654e-01 6.930249e-01 -1.944659e+02 3.487172e-01 9.370099e-01 2.021654e-02 7.694612e+01 -6.445543e-01 2.554251e-01 -7.206301e-01 -6.552053e+01
-6.733221e-01 2.384122e-01 6.998549e-01 -1.940681e+02 3.486771e-01 9.371025e-01 1.622523e-02 7.694454e+01 -6.519675e-01 2.549482e-01 -7.141007e-01 -6.593379e+01
-6.647653e-01 2.393062e-01 7.076861e-01 -1.936626e+02 3.488104e-01 9.371315e-01 1.076132e-02 7.694003e+01 -6.606197e-01 2.540020e-01 -7.064450e-01 -6.632861e+01
-6.514991e-01 2.462391e-01 7.175759e-01 -1.932619e+02 3.533608e-01 9.354871e-01 -1.940022e-04 7.692824e+01 -6.713308e-01 2.534368e-01 -6.964803e-01 -6.669865e+01
-6.418410e-01 2.467709e-01 7.260470e-01 -1.928633e+02 3.523525e-01 9.358441e-01 -6.590170e-03 7.691217e+01 -6.810931e-01 2.515947e-01 -6.876135e-01 -6.705982e+01
-6.319449e-01 2.468175e-01 7.346610e-01 -1.924641e+02 3.510583e-01 9.362692e-01 -1.257466e-02 7.689320e+01 -6.909441e-01 2.499623e-01 -6.783179e-01 -6.741653e+01
-6.209028e-01 2.473667e-01 7.438342e-01 -1.920831e+02 3.510686e-01 9.361713e-01 -1.828112e-02 7.687601e+01 -7.008784e-01 2.497860e-01 -6.681141e-01 -6.774740e+01
-6.089887e-01 2.479136e-01 7.534398e-01 -1.916875e+02 3.508660e-01 9.361072e-01 -2.442175e-02 7.684848e+01 -7.113549e-01 2.494838e-01 -6.570631e-01 -6.806809e+01
-5.960729e-01 2.489680e-01 7.633558e-01 -1.913203e+02 3.509785e-01 9.358647e-01 -3.116707e-02 7.682417e+01 -7.221573e-01 2.493436e-01 -6.452260e-01 -6.836214e+01
-5.813798e-01 2.492556e-01 7.745122e-01 -1.909501e+02 3.505502e-01 9.357721e-01 -3.801573e-02 7.679056e+01 -7.342425e-01 2.494038e-01 -6.314156e-01 -6.864602e+01
-5.637223e-01 2.487266e-01 7.876244e-01 -1.905891e+02 3.500869e-01 9.356404e-01 -4.490318e-02 7.676240e+01 -7.481018e-01 2.504241e-01 -6.145173e-01 -6.891877e+01
-5.447433e-01 2.477501e-01 8.011708e-01 -1.902315e+02 3.486196e-01 9.358015e-01 -5.234430e-02 7.672633e+01 -7.627052e-01 2.507896e-01 -5.961421e-01 -6.916805e+01
-5.243706e-01 2.469018e-01 8.149080e-01 -1.898810e+02 3.456078e-01 9.363737e-01 -6.131458e-02 7.668848e+01 -7.781971e-01 2.494870e-01 -5.763380e-01 -6.939557e+01
-4.982603e-01 2.525932e-01 8.294175e-01 -1.895479e+02 3.449399e-01 9.354070e-01 -7.765398e-02 7.664181e+01 -7.954578e-01 2.474073e-01 -5.532057e-01 -6.959287e+01
-4.769522e-01 2.507454e-01 8.424033e-01 -1.892290e+02 3.379942e-01 9.370665e-01 -8.755666e-02 7.659573e+01 -8.113424e-01 2.429671e-01 -5.316865e-01 -6.975922e+01
-4.568654e-01 2.478489e-01 8.543096e-01 -1.889249e+02 3.299751e-01 9.390972e-01 -9.598395e-02 7.654740e+01 -8.260693e-01 2.380491e-01 -5.108250e-01 -6.991123e+01
-4.374158e-01 2.470958e-01 8.646451e-01 -1.886438e+02 3.232300e-01 9.404504e-01 -1.052402e-01 7.650124e+01 -8.391602e-01 2.334455e-01 -4.912366e-01 -7.004577e+01
-4.175965e-01 2.491432e-01 8.738082e-01 -1.883680e+02 3.183397e-01 9.408380e-01 -1.161192e-01 7.645668e+01 -8.510423e-01 2.296769e-01 -4.722028e-01 -7.016932e+01
-3.976032e-01 2.514067e-01 8.824434e-01 -1.880962e+02 3.134658e-01 9.410855e-01 -1.268752e-01 7.641084e+01 -8.623519e-01 2.261699e-01 -4.529860e-01 -7.029039e+01
-3.762901e-01 2.527710e-01 8.913543e-01 -1.878322e+02 3.095703e-01 9.410740e-01 -1.361837e-01 7.636253e+01 -8.732537e-01 2.246922e-01 -4.323672e-01 -7.039419e+01
-3.526940e-01 2.511062e-01 9.014170e-01 -1.875560e+02 3.042893e-01 9.417422e-01 -1.432814e-01 7.631540e+01 -8.848813e-01 2.237570e-01 -4.085558e-01 -7.049729e+01
-3.280645e-01 2.479979e-01 9.115211e-01 -1.872860e+02 2.976535e-01 9.429099e-01 -1.494097e-01 7.626390e+01 -8.965356e-01 2.223015e-01 -3.831527e-01 -7.058356e+01
-3.032211e-01 2.445429e-01 9.210080e-01 -1.870302e+02 2.886908e-01 9.446642e-01 -1.557791e-01 7.620716e+01 -9.081380e-01 2.186510e-01 -3.570394e-01 -7.064613e+01
-2.724912e-01 2.496224e-01 9.292132e-01 -1.867743e+02 2.830857e-01 9.438125e-01 -1.705297e-01 7.614480e+01 -9.195711e-01 2.165791e-01 -3.278452e-01 -7.070671e+01
-2.457063e-01 2.481116e-01 9.370534e-01 -1.865100e+02 2.760762e-01 9.445640e-01 -1.777098e-01 7.608349e+01 -9.291988e-01 2.150337e-01 -3.005830e-01 -7.076651e+01
-2.197504e-01 2.472259e-01 9.437103e-01 -1.862222e+02 2.689475e-01 9.452217e-01 -1.849953e-01 7.602128e+01 -9.377510e-01 2.131558e-01 -2.742036e-01 -7.082357e+01
-1.930857e-01 2.472523e-01 9.495179e-01 -1.859519e+02 2.614092e-01 9.457146e-01 -1.931040e-01 7.595165e+01 -9.457183e-01 2.109271e-01 -2.472379e-01 -7.086744e+01
-1.661037e-01 2.473190e-01 9.545904e-01 -1.856933e+02 2.527351e-01 9.463813e-01 -2.012149e-01 7.588117e+01 -9.531708e-01 2.078360e-01 -2.197037e-01 -7.090007e+01
-1.378925e-01 2.481355e-01 9.588610e-01 -1.854140e+02 2.453474e-01 9.464939e-01 -2.096520e-01 7.580771e+01 -9.595782e-01 2.063446e-01 -1.913938e-01 -7.093636e+01
-1.082529e-01 2.486188e-01 9.625331e-01 -1.851171e+02 2.381480e-01 9.465163e-01 -2.176979e-01 7.573254e+01 -9.651771e-01 2.056590e-01 -1.616712e-01 -7.095906e+01
-7.860126e-02 2.495828e-01 9.651582e-01 -1.848399e+02 2.323784e-01 9.460707e-01 -2.257223e-01 7.565522e+01 -9.694442e-01 2.065398e-01 -1.323600e-01 -7.098012e+01
-4.925218e-02 2.505322e-01 9.668546e-01 -1.845427e+02 2.262096e-01 9.456730e-01 -2.335204e-01 7.557537e+01 -9.728327e-01 2.072104e-01 -1.032493e-01 -7.098852e+01
-1.862290e-02 2.518537e-01 9.675861e-01 -1.842342e+02 2.195750e-01 9.451584e-01 -2.417899e-01 7.548997e+01 -9.754179e-01 2.079549e-01 -7.290236e-02 -7.099393e+01
1.576747e-02 2.614141e-01 9.650979e-01 -1.839076e+02 2.119865e-01 9.424015e-01 -2.587298e-01 7.540127e+01 -9.771454e-01 2.086672e-01 -4.055697e-02 -7.098499e+01
4.575554e-02 2.633064e-01 9.636266e-01 -1.835894e+02 2.044933e-01 9.417400e-01 -2.670359e-01 7.529782e+01 -9.777980e-01 2.092735e-01 -1.075458e-02 -7.096421e+01
7.653037e-02 2.642345e-01 9.614173e-01 -1.832419e+02 1.957023e-01 9.415082e-01 -2.743409e-01 7.519167e+01 -9.776726e-01 2.091470e-01 2.034269e-02 -7.093493e+01
1.075092e-01 2.652341e-01 9.581715e-01 -1.828749e+02 1.885589e-01 9.408257e-01 -2.815894e-01 7.507661e+01 -9.761595e-01 2.109452e-01 5.113521e-02 -7.089767e+01
1.372983e-01 2.667364e-01 9.539396e-01 -1.824765e+02 1.782358e-01 9.406878e-01 -2.886841e-01 7.494579e+01 -9.743619e-01 2.096621e-01 8.161287e-02 -7.085635e+01
1.661616e-01 2.688523e-01 9.487406e-01 -1.820733e+02 1.659768e-01 9.407637e-01 -2.956608e-01 7.482720e+01 -9.720298e-01 2.065964e-01 1.116956e-01 -7.078657e+01
1.947754e-01 2.684656e-01 9.433922e-01 -1.816566e+02 1.550137e-01 9.413001e-01 -2.998748e-01 7.468798e+01 -9.685212e-01 2.046469e-01 1.417262e-01 -7.069974e+01
2.219225e-01 2.657229e-01 9.381587e-01 -1.812479e+02 1.457923e-01 9.422920e-01 -3.013809e-01 7.454428e+01 -9.641032e-01 2.036595e-01 1.703754e-01 -7.060242e+01
2.478797e-01 2.626866e-01 9.324974e-01 -1.808326e+02 1.387275e-01 9.429932e-01 -3.025203e-01 7.440742e+01 -9.588067e-01 2.043517e-01 1.973070e-01 -7.051895e+01
2.718407e-01 2.614954e-01 9.261333e-01 -1.803640e+02 1.323634e-01 9.430676e-01 -3.051284e-01 7.425422e+01 -9.531960e-01 2.055325e-01 2.217517e-01 -7.040927e+01
2.965878e-01 2.667036e-01 9.170086e-01 -1.798703e+02 1.256137e-01 9.409760e-01 -3.143015e-01 7.410249e+01 -9.467084e-01 2.084068e-01 2.455804e-01 -7.028134e+01
3.162237e-01 2.654200e-01 9.107990e-01 -1.793692e+02 1.182057e-01 9.415598e-01 -3.154244e-01 7.390574e+01 -9.412917e-01 2.074063e-01 2.663693e-01 -7.011413e+01
3.365568e-01 2.656930e-01 9.034029e-01 -1.788299e+02 1.108158e-01 9.415282e-01 -3.181894e-01 7.371314e+01 -9.351200e-01 2.072001e-01 2.874347e-01 -6.990284e+01
3.578542e-01 2.666018e-01 8.949100e-01 -1.782803e+02 1.025235e-01 9.413643e-01 -3.214378e-01 7.350876e+01 -9.281322e-01 2.067771e-01 3.095382e-01 -6.969788e+01
3.797763e-01 2.653895e-01 8.861932e-01 -1.777212e+02 9.562900e-02 9.415706e-01 -3.229550e-01 7.330152e+01 -9.201223e-01 2.073964e-01 3.322072e-01 -6.945763e+01
4.040873e-01 2.600891e-01 8.769647e-01 -1.771489e+02 9.187607e-02 9.423355e-01 -3.218113e-01 7.309035e+01 -9.100946e-01 2.106119e-01 3.568899e-01 -6.922326e+01
4.287163e-01 2.545978e-01 8.668231e-01 -1.765502e+02 8.755792e-02 9.432446e-01 -3.203486e-01 7.284906e+01 -8.991863e-01 2.132359e-01 3.820923e-01 -6.895895e+01
4.535394e-01 2.470214e-01 8.563191e-01 -1.759268e+02 8.502272e-02 9.444474e-01 -3.174749e-01 7.261311e+01 -8.871714e-01 2.167940e-01 4.073417e-01 -6.865736e+01
4.791130e-01 2.427676e-01 8.435132e-01 -1.753166e+02 7.996423e-02 9.449232e-01 -3.173734e-01 7.238034e+01 -8.741032e-01 2.195086e-01 4.333123e-01 -6.835894e+01
5.049527e-01 2.411877e-01 8.287649e-01 -1.747133e+02 7.485508e-02 9.443126e-01 -3.204223e-01 7.213235e+01 -8.598951e-01 2.238354e-01 4.587790e-01 -6.804487e+01
5.322714e-01 2.472720e-01 8.096565e-01 -1.741118e+02 6.747715e-02 9.409575e-01 -3.317315e-01 7.186173e+01 -8.438803e-01 2.312045e-01 4.841596e-01 -6.766719e+01
5.575437e-01 2.485370e-01 7.920696e-01 -1.734956e+02 6.410860e-02 9.383911e-01 -3.395766e-01 7.159659e+01 -8.276685e-01 2.401073e-01 5.072607e-01 -6.725018e+01
5.797270e-01 2.488099e-01 7.758932e-01 -1.729016e+02 5.742353e-02 9.373938e-01 -3.435046e-01 7.132817e+01 -8.127848e-01 2.436934e-01 5.291449e-01 -6.684796e+01
5.983568e-01 2.476667e-01 7.619910e-01 -1.722863e+02 4.848481e-02 9.380917e-01 -3.429769e-01 7.104227e+01 -7.997614e-01 2.421675e-01 5.493055e-01 -6.637881e+01
6.153126e-01 2.452209e-01 7.491709e-01 -1.716731e+02 4.010406e-02 9.394141e-01 -3.404303e-01 7.074953e+01 -7.872624e-01 2.395159e-01 5.681990e-01 -6.590046e+01
6.302231e-01 2.438342e-01 7.371321e-01 -1.710530e+02 3.153352e-02 9.405840e-01 -3.380937e-01 7.046719e+01 -7.757735e-01 2.363188e-01 5.850888e-01 -6.544466e+01
6.418267e-01 2.440035e-01 7.269944e-01 -1.704222e+02 2.455001e-02 9.410032e-01 -3.375059e-01 7.016426e+01 -7.664567e-01 2.344680e-01 5.979707e-01 -6.487764e+01
6.509820e-01 2.457901e-01 7.181989e-01 -1.697858e+02 1.747482e-02 9.410243e-01 -3.378873e-01 6.984336e+01 -7.588920e-01 2.325090e-01 6.082948e-01 -6.432311e+01
6.573456e-01 2.492834e-01 7.111643e-01 -1.691445e+02 9.670206e-03 9.408347e-01 -3.387278e-01 6.951745e+01 -7.535272e-01 2.295383e-01 6.160429e-01 -6.375257e+01
6.609712e-01 2.534211e-01 7.063249e-01 -1.684920e+02 2.184802e-03 9.405965e-01 -3.395195e-01 6.918652e+01 -7.504081e-01 2.259558e-01 6.211535e-01 -6.317619e+01
6.630762e-01 2.619574e-01 7.012192e-01 -1.678157e+02 -7.449324e-03 9.390304e-01 -3.437534e-01 6.884804e+01 -7.485149e-01 2.227111e-01 6.246001e-01 -6.254099e+01
6.623117e-01 2.632224e-01 7.014679e-01 -1.671441e+02 -1.128290e-02 9.396516e-01 -3.419466e-01 6.849018e+01 -7.491434e-01 2.185606e-01 6.253122e-01 -6.191572e+01
6.616058e-01 2.642309e-01 7.017548e-01 -1.664621e+02 -1.242129e-02 9.395914e-01 -3.420726e-01 6.814870e+01 -7.497489e-01 2.176005e-01 6.249212e-01 -6.130952e+01
6.605962e-01 2.671395e-01 7.016047e-01 -1.657595e+02 -1.282470e-02 9.384282e-01 -3.452361e-01 6.779050e+01 -7.506319e-01 2.190638e-01 6.233481e-01 -6.066218e+01
6.601567e-01 2.685123e-01 7.014944e-01 -1.650408e+02 -1.232958e-02 9.376692e-01 -3.473104e-01 6.742567e+01 -7.510267e-01 2.206301e-01 6.223192e-01 -6.001252e+01
6.594019e-01 2.683369e-01 7.022709e-01 -1.643129e+02 -1.214470e-02 9.378112e-01 -3.469332e-01 6.704940e+01 -7.516925e-01 2.202396e-01 6.216534e-01 -5.936829e+01
6.582726e-01 2.675418e-01 7.036324e-01 -1.635686e+02 -1.315739e-02 9.386587e-01 -3.445965e-01 6.667015e+01 -7.526647e-01 2.175805e-01 6.214134e-01 -5.870248e+01
6.571453e-01 2.662085e-01 7.051901e-01 -1.628082e+02 -1.318107e-02 9.394738e-01 -3.423672e-01 6.629010e+01 -7.536487e-01 2.156899e-01 6.208797e-01 -5.801966e+01
6.555264e-01 2.665990e-01 7.065481e-01 -1.620487e+02 -1.478929e-02 9.399645e-01 -3.409517e-01 6.591206e+01 -7.550275e-01 2.130535e-01 6.201143e-01 -5.734871e+01
6.542505e-01 2.672764e-01 7.074741e-01 -1.612775e+02 -1.492633e-02 9.398497e-01 -3.412620e-01 6.553047e+01 -7.561306e-01 2.127109e-01 6.188866e-01 -5.668723e+01
6.522083e-01 2.756983e-01 7.061266e-01 -1.604968e+02 -1.958506e-02 9.373342e-01 -3.478808e-01 6.514245e+01 -7.577868e-01 2.130612e-01 6.167367e-01 -5.597889e+01
6.497571e-01 2.790452e-01 7.070710e-01 -1.597207e+02 -2.076197e-02 9.363508e-01 -3.504513e-01 6.474343e+01 -7.598583e-01 2.130280e-01 6.141941e-01 -5.530217e+01
6.469615e-01 2.818890e-01 7.085051e-01 -1.589356e+02 -2.150265e-02 9.355342e-01 -3.525810e-01 6.433713e+01 -7.622194e-01 2.128716e-01 6.113160e-01 -5.460589e+01
6.435272e-01 2.827774e-01 7.112732e-01 -1.581295e+02 -2.346098e-02 9.361053e-01 -3.509364e-01 6.391990e+01 -7.650636e-01 2.091500e-01 6.090435e-01 -5.391227e+01
6.398406e-01 2.803507e-01 7.155470e-01 -1.572957e+02 -2.394348e-02 9.379065e-01 -3.460608e-01 6.349008e+01 -7.681345e-01 2.042911e-01 6.068233e-01 -5.318915e+01
6.353120e-01 2.800637e-01 7.196825e-01 -1.564729e+02 -2.514077e-02 9.389295e-01 -3.431900e-01 6.306996e+01 -7.718462e-01 1.999394e-01 6.035542e-01 -5.248138e+01
6.307629e-01 2.806446e-01 7.234479e-01 -1.556148e+02 -2.375088e-02 9.388530e-01 -3.434980e-01 6.264727e+01 -7.756121e-01 1.994832e-01 5.988592e-01 -5.175187e+01
6.265435e-01 2.805362e-01 7.271469e-01 -1.547443e+02 -2.139650e-02 9.388131e-01 -3.437617e-01 6.221861e+01 -7.790927e-01 1.998232e-01 5.942097e-01 -5.104603e+01
6.223176e-01 2.800175e-01 7.309658e-01 -1.538688e+02 -1.809721e-02 9.387228e-01 -3.441975e-01 6.178957e+01 -7.825556e-01 2.009717e-01 5.892513e-01 -5.032869e+01
6.187432e-01 2.775452e-01 7.349323e-01 -1.529617e+02 -1.364194e-02 9.391674e-01 -3.431888e-01 6.135841e+01 -7.854748e-01 2.023199e-01 5.848897e-01 -4.959980e+01
6.146608e-01 2.796250e-01 7.375649e-01 -1.520460e+02 -1.228458e-02 9.383369e-01 -3.455040e-01 6.092592e+01 -7.886959e-01 2.033071e-01 5.801939e-01 -4.888164e+01
6.104990e-01 2.783688e-01 7.414862e-01 -1.511223e+02 -9.097755e-03 9.386028e-01 -3.448797e-01 6.048082e+01 -7.919648e-01 2.038029e-01 5.755486e-01 -4.816163e+01
6.055074e-01 2.797932e-01 7.450346e-01 -1.501953e+02 -7.014927e-03 9.380017e-01 -3.465596e-01 6.002973e+01 -7.958088e-01 2.046180e-01 5.699297e-01 -4.744477e+01
5.994975e-01 2.825146e-01 7.488579e-01 -1.492947e+02 -6.125094e-03 9.372240e-01 -3.486742e-01 5.958274e+01 -8.003532e-01 2.044425e-01 5.635939e-01 -4.674745e+01
5.933806e-01 2.842910e-01 7.530459e-01 -1.483705e+02 -4.299422e-03 9.366575e-01 -3.502204e-01 5.913336e+01 -8.049106e-01 2.045763e-01 5.570166e-01 -4.605334e+01
5.871873e-01 2.837789e-01 7.580769e-01 -1.474470e+02 -2.047734e-03 9.370499e-01 -3.491896e-01 5.869249e+01 -8.094485e-01 2.034874e-01 5.508049e-01 -4.538382e+01
5.809125e-01 2.827556e-01 7.632758e-01 -1.465096e+02 -1.464784e-04 9.377607e-01 -3.472821e-01 5.823893e+01 -8.139660e-01 2.016287e-01 5.447984e-01 -4.470279e+01
5.756278e-01 2.818945e-01 7.675859e-01 -1.456077e+02 3.163095e-03 9.379251e-01 -3.468233e-01 5.781050e+01 -8.177057e-01 2.020691e-01 5.390041e-01 -4.406939e+01
5.697450e-01 2.824587e-01 7.717563e-01 -1.446643e+02 3.023441e-03 9.383533e-01 -3.456644e-01 5.736044e+01 -8.218160e-01 1.992739e-01 5.337681e-01 -4.340442e+01
5.646844e-01 2.807173e-01 7.760988e-01 -1.437387e+02 3.916941e-03 9.394538e-01 -3.426532e-01 5.691884e+01 -8.252976e-01 1.965308e-01 5.293953e-01 -4.277014e+01
5.602568e-01 2.836025e-01 7.782557e-01 -1.427663e+02 2.932673e-03 9.388754e-01 -3.442448e-01 5.648559e+01 -8.283138e-01 1.951479e-01 5.251796e-01 -4.210278e+01
5.573659e-01 2.835432e-01 7.803502e-01 -1.417666e+02 3.428707e-03 9.390846e-01 -3.436689e-01 5.602473e+01 -8.302599e-01 1.942249e-01 5.224416e-01 -4.139436e+01
5.582570e-01 2.837464e-01 7.796391e-01 -1.408203e+02 1.060886e-02 9.371818e-01 -3.486799e-01 5.558248e+01 -8.296003e-01 2.029241e-01 5.201781e-01 -4.077120e+01
5.580033e-01 2.890226e-01 7.778806e-01 -1.398741e+02 1.291061e-02 9.342506e-01 -3.563834e-01 5.513552e+01 -8.297383e-01 2.089060e-01 5.175835e-01 -4.010889e+01
5.584297e-01 2.890268e-01 7.775730e-01 -1.389485e+02 1.379756e-02 9.339753e-01 -3.570711e-01 5.468597e+01 -8.294371e-01 2.101277e-01 5.175716e-01 -3.949414e+01
5.583103e-01 2.860747e-01 7.787496e-01 -1.380129e+02 1.358764e-02 9.353895e-01 -3.533580e-01 5.423601e+01 -8.295209e-01 2.078648e-01 5.183505e-01 -3.887648e+01
5.570890e-01 2.858249e-01 7.797153e-01 -1.370766e+02 1.253390e-02 9.359030e-01 -3.520348e-01 5.379004e+01 -8.303582e-01 2.058876e-01 5.177988e-01 -3.823478e+01
5.557123e-01 2.857779e-01 7.807143e-01 -1.361227e+02 1.124046e-02 9.363958e-01 -3.507656e-01 5.334817e+01 -8.312987e-01 2.037003e-01 5.171544e-01 -3.759043e+01
5.550943e-01 2.861072e-01 7.810333e-01 -1.351807e+02 1.098344e-02 9.363788e-01 -3.508193e-01 5.288820e+01 -8.317149e-01 2.033162e-01 5.166361e-01 -3.695753e+01
5.552078e-01 2.882797e-01 7.801532e-01 -1.342465e+02 1.154365e-02 9.352480e-01 -3.538050e-01 5.243484e+01 -8.316315e-01 2.054411e-01 5.159292e-01 -3.633237e+01
5.546662e-01 2.944900e-01 7.782166e-01 -1.333064e+02 1.177688e-02 9.324023e-01 -3.612303e-01 5.200054e+01 -8.319896e-01 2.095272e-01 5.137038e-01 -3.570643e+01
5.552182e-01 2.958516e-01 7.773060e-01 -1.323996e+02 1.436495e-02 9.310431e-01 -3.646264e-01 5.156714e+01 -8.315806e-01 2.136132e-01 5.126822e-01 -3.512230e+01
5.546903e-01 2.959367e-01 7.776504e-01 -1.314694e+02 1.534947e-02 9.308135e-01 -3.651720e-01 5.111211e+01 -8.319153e-01 2.144939e-01 5.117708e-01 -3.449276e+01
5.538211e-01 2.954464e-01 7.784560e-01 -1.305288e+02 1.477063e-02 9.312966e-01 -3.639621e-01 5.064294e+01 -8.325047e-01 2.130682e-01 5.114078e-01 -3.385481e+01
5.537231e-01 2.930505e-01 7.794307e-01 -1.295981e+02 1.615459e-02 9.320705e-01 -3.619166e-01 5.018678e+01 -8.325442e-01 2.129930e-01 5.113748e-01 -3.323203e+01
5.536052e-01 2.920505e-01 7.798896e-01 -1.286474e+02 1.736230e-02 9.322390e-01 -3.614264e-01 4.972896e+01 -8.325982e-01 2.136283e-01 5.110217e-01 -3.260425e+01
5.529608e-01 2.919053e-01 7.804009e-01 -1.276958e+02 1.867843e-02 9.320447e-01 -3.618617e-01 4.925597e+01 -8.329979e-01 2.146720e-01 5.099318e-01 -3.194699e+01
5.525608e-01 2.937429e-01 7.799947e-01 -1.267531e+02 1.826097e-02 9.313459e-01 -3.636775e-01 4.879156e+01 -8.332725e-01 2.151974e-01 5.092612e-01 -3.132608e+01
5.520553e-01 2.944204e-01 7.800971e-01 -1.258035e+02 1.904035e-02 9.308889e-01 -3.648059e-01 4.831803e+01 -8.335900e-01 2.162464e-01 5.082963e-01 -3.068753e+01
5.514840e-01 2.937815e-01 7.807418e-01 -1.248576e+02 1.856859e-02 9.313780e-01 -3.635798e-01 4.785619e+01 -8.339787e-01 2.150057e-01 5.081850e-01 -3.006900e+01
5.484612e-01 2.947777e-01 7.824937e-01 -1.239054e+02 1.515660e-02 9.321419e-01 -3.617759e-01 4.739453e+01 -8.360386e-01 2.102800e-01 5.067758e-01 -2.945385e+01
5.478416e-01 2.932664e-01 7.834950e-01 -1.229815e+02 1.416386e-02 9.331572e-01 -3.591895e-01 4.694669e+01 -8.364622e-01 2.078763e-01 5.070685e-01 -2.885586e+01
5.485484e-01 2.927221e-01 7.832039e-01 -1.220340e+02 1.474624e-02 9.331810e-01 -3.591041e-01 4.649093e+01 -8.359887e-01 2.085353e-01 5.075784e-01 -2.824065e+01
5.503179e-01 2.933685e-01 7.817193e-01 -1.211027e+02 1.568288e-02 9.324440e-01 -3.609739e-01 4.604738e+01 -8.348079e-01 2.109100e-01 5.085398e-01 -2.763011e+01
5.515521e-01 2.950149e-01 7.802285e-01 -1.201962e+02 1.570824e-02 9.315289e-01 -3.633279e-01 4.559529e+01 -8.339926e-01 2.126503e-01 5.091525e-01 -2.702204e+01
5.538023e-01 2.955824e-01 7.784176e-01 -1.193811e+02 1.393058e-02 9.314498e-01 -3.636030e-01 4.518541e+01 -8.325316e-01 2.122080e-01 5.117214e-01 -2.656473e+01
5.555810e-01 2.945817e-01 7.775290e-01 -1.185859e+02 1.240592e-02 9.320932e-01 -3.620059e-01 4.478759e+01 -8.313699e-01 2.107696e-01 5.141988e-01 -2.609687e+01
5.560582e-01 2.942188e-01 7.773253e-01 -1.176787e+02 1.040690e-02 9.327102e-01 -3.604767e-01 4.432505e+01 -8.310782e-01 2.085356e-01 5.155792e-01 -2.546695e+01
5.569497e-01 2.952092e-01 7.763109e-01 -1.167612e+02 9.085425e-03 9.324777e-01 -3.611133e-01 4.388209e+01 -8.304965e-01 2.081750e-01 5.166611e-01 -2.485231e+01
5.561769e-01 2.989857e-01 7.754191e-01 -1.158583e+02 6.657361e-03 9.314111e-01 -3.639081e-01 4.342711e+01 -8.310373e-01 2.075595e-01 5.160389e-01 -2.421543e+01
5.511437e-01 3.032873e-01 7.773400e-01 -1.149623e+02 1.591314e-03 9.312202e-01 -3.644535e-01 4.299078e+01 -8.344088e-01 2.021033e-01 5.127535e-01 -2.360740e+01
5.467560e-01 3.007969e-01 7.813956e-01 -1.140806e+02 -1.139060e-03 9.335078e-01 -3.585552e-01 4.256504e+01 -8.372912e-01 1.951522e-01 5.107437e-01 -2.302535e+01
5.405959e-01 2.983655e-01 7.865965e-01 -1.131782e+02 -3.900530e-03 9.358759e-01 -3.523082e-01 4.213278e+01 -8.412734e-01 1.873882e-01 5.070944e-01 -2.242982e+01
5.332169e-01 3.021554e-01 7.901783e-01 -1.122766e+02 -4.952710e-03 9.351396e-01 -3.542449e-01 4.170551e+01 -8.459641e-01 1.849758e-01 5.001287e-01 -2.183324e+01
5.244499e-01 3.101745e-01 7.929338e-01 -1.113834e+02 -5.858553e-03 9.325767e-01 -3.609242e-01 4.127256e+01 -8.514212e-01 1.846412e-01 4.909069e-01 -2.125621e+01
5.149086e-01 3.166673e-01 7.966122e-01 -1.104790e+02 -5.814266e-03 9.305387e-01 -3.661473e-01 4.084224e+01 -8.572253e-01 1.839007e-01 4.809836e-01 -2.069546e+01
5.046442e-01 3.179706e-01 8.026387e-01 -1.095716e+02 -5.723334e-03 9.309155e-01 -3.651898e-01 4.038445e+01 -8.633084e-01 1.796972e-01 4.716010e-01 -2.014554e+01
4.950043e-01 3.150286e-01 8.097702e-01 -1.086527e+02 -3.740074e-03 9.327227e-01 -3.605751e-01 3.995670e+01 -8.688825e-01 1.754576e-01 4.628799e-01 -1.960197e+01
4.857486e-01 3.117051e-01 8.166323e-01 -1.077214e+02 6.317560e-04 9.341311e-01 -3.569297e-01 3.951578e+01 -8.740984e-01 1.738940e-01 4.535559e-01 -1.905172e+01
4.778687e-01 3.131574e-01 8.207155e-01 -1.067731e+02 4.821368e-03 9.333477e-01 -3.589413e-01 3.907233e+01 -8.784181e-01 1.754838e-01 4.445078e-01 -1.851362e+01
4.693743e-01 3.168312e-01 8.242001e-01 -1.058337e+02 7.586056e-03 9.319283e-01 -3.625633e-01 3.864714e+01 -8.829667e-01 1.764303e-01 4.350197e-01 -1.802974e+01
4.654206e-01 3.169997e-01 8.263745e-01 -1.048949e+02 1.166528e-02 9.313839e-01 -3.638516e-01 3.821518e+01 -8.850127e-01 1.789839e-01 4.297874e-01 -1.753921e+01
4.637857e-01 3.091921e-01 8.302428e-01 -1.039327e+02 2.093871e-02 9.330370e-01 -3.591705e-01 3.777794e+01 -8.856999e-01 1.839624e-01 4.262552e-01 -1.703721e+01
4.598926e-01 3.072124e-01 8.331382e-01 -1.029677e+02 2.017282e-02 9.343889e-01 -3.556831e-01 3.734465e+01 -8.877454e-01 1.803828e-01 4.235212e-01 -1.653096e+01
4.549558e-01 3.114208e-01 8.342855e-01 -1.020287e+02 1.995607e-02 9.330577e-01 -3.591729e-01 3.691504e+01 -8.902904e-01 1.800569e-01 4.182853e-01 -1.604466e+01
4.506417e-01 3.176262e-01 8.342875e-01 -1.010727e+02 2.173122e-02 9.303812e-01 -3.659488e-01 3.648174e+01 -8.924404e-01 1.830419e-01 4.123662e-01 -1.554362e+01
4.450362e-01 3.219329e-01 8.356447e-01 -1.000804e+02 1.971562e-02 9.293983e-01 -3.685514e-01 3.602937e+01 -8.952955e-01 1.804940e-01 4.072688e-01 -1.501289e+01
4.417316e-01 3.221337e-01 8.373190e-01 -9.917765e+01 1.881609e-02 9.297809e-01 -3.676323e-01 3.560231e+01 -8.969499e-01 1.781499e-01 4.046523e-01 -1.457893e+01
4.399785e-01 3.194311e-01 8.392751e-01 -9.823143e+01 1.947541e-02 9.309821e-01 -3.645449e-01 3.516259e+01 -8.977971e-01 1.767371e-01 4.033911e-01 -1.411789e+01
4.392172e-01 3.168081e-01 8.406669e-01 -9.727513e+01 2.061271e-02 9.319577e-01 -3.619806e-01 3.472431e+01 -8.981444e-01 1.763166e-01 4.028016e-01 -1.365594e+01
4.342126e-01 3.148404e-01 8.439994e-01 -9.633679e+01 1.804308e-02 9.337057e-01 -3.575865e-01 3.429875e+01 -9.006297e-01 1.704969e-01 3.997461e-01 -1.320345e+01
4.310919e-01 3.145309e-01 8.457128e-01 -9.537678e+01 1.309062e-02 9.349985e-01 -3.544101e-01 3.386566e+01 -9.022131e-01 1.638542e-01 3.989528e-01 -1.273031e+01
4.260171e-01 3.169364e-01 8.473847e-01 -9.439667e+01 7.451553e-03 9.353705e-01 -3.535908e-01 3.342953e+01 -9.046844e-01 1.569501e-01 3.961222e-01 -1.224338e+01
4.202682e-01 3.216410e-01 8.484820e-01 -9.348184e+01 5.831574e-03 9.340928e-01 -3.569827e-01 3.300547e+01 -9.073812e-01 1.549765e-01 3.906938e-01 -1.180491e+01
4.138505e-01 3.305833e-01 8.481995e-01 -9.253020e+01 4.924467e-03 9.309077e-01 -3.652213e-01 3.258131e+01 -9.103315e-01 1.553239e-01 3.836287e-01 -1.135303e+01
4.092510e-01 3.362658e-01 8.481975e-01 -9.157878e+01 7.655591e-03 9.283129e-01 -3.717211e-01 3.215016e+01 -9.123897e-01 1.586207e-01 3.773387e-01 -1.093806e+01
4.050255e-01 3.344324e-01 8.509461e-01 -9.062187e+01 1.360215e-02 9.283953e-01 -3.713451e-01 3.172676e+01 -9.142042e-01 1.619789e-01 3.714748e-01 -1.052265e+01
3.995297e-01 3.301626e-01 8.552010e-01 -8.965732e+01 1.834088e-02 9.298264e-01 -3.675412e-01 3.128979e+01 -9.165368e-01 1.625288e-01 3.654377e-01 -1.011992e+01
3.924682e-01 3.276924e-01 8.594105e-01 -8.869208e+01 2.278544e-02 9.306292e-01 -3.652534e-01 3.086070e+01 -9.194833e-01 1.629324e-01 3.577757e-01 -9.703249e+00
3.849881e-01 3.271221e-01 8.630037e-01 -8.771794e+01 2.521083e-02 9.310016e-01 -3.641434e-01 3.043298e+01 -9.225771e-01 1.619479e-01 3.501775e-01 -9.294934e+00
3.724142e-01 3.248003e-01 8.693747e-01 -8.674736e+01 2.674282e-02 9.326143e-01 -3.598825e-01 3.000830e+01 -9.276813e-01 1.572749e-01 3.386327e-01 -8.895397e+00
3.651246e-01 3.246916e-01 8.725018e-01 -8.576486e+01 3.086022e-02 9.324715e-01 -3.599230e-01 2.958357e+01 -9.304470e-01 1.583424e-01 3.304483e-01 -8.520101e+00
3.581292e-01 3.252531e-01 8.751879e-01 -8.478735e+01 3.507073e-02 9.320135e-01 -3.607227e-01 2.916281e+01 -9.330131e-01 1.598788e-01 3.223744e-01 -8.158412e+00
3.518592e-01 3.250471e-01 8.778038e-01 -8.379529e+01 3.886658e-02 9.318895e-01 -3.606541e-01 2.874030e+01 -9.352457e-01 1.610167e-01 3.152604e-01 -7.806421e+00
3.458252e-01 3.231864e-01 8.808834e-01 -8.280475e+01 4.247203e-02 9.324548e-01 -3.587815e-01 2.831672e+01 -9.373372e-01 1.614886e-01 3.087400e-01 -7.458411e+00
3.401753e-01 3.213496e-01 8.837506e-01 -8.178409e+01 4.674152e-02 9.328584e-01 -3.571980e-01 2.788317e+01 -9.391996e-01 1.628178e-01 3.023150e-01 -7.092099e+00
3.337592e-01 3.204767e-01 8.865097e-01 -8.078221e+01 4.846477e-02 9.333584e-01 -3.556590e-01 2.744338e+01 -9.414117e-01 1.616690e-01 2.959851e-01 -6.748244e+00
3.290231e-01 3.192943e-01 8.887041e-01 -7.976058e+01 5.269280e-02 9.334290e-01 -3.548714e-01 2.701770e+01 -9.428506e-01 1.635892e-01 2.902952e-01 -6.405837e+00
3.261465e-01 3.181038e-01 8.901901e-01 -7.871849e+01 5.777263e-02 9.332145e-01 -3.546449e-01 2.657534e+01 -9.435522e-01 1.670948e-01 2.859870e-01 -6.042269e+00
3.248942e-01 3.193119e-01 8.902155e-01 -7.772273e+01 6.170998e-02 9.321162e-01 -3.568631e-01 2.616023e+01 -9.437350e-01 1.708779e-01 2.831344e-01 -5.741013e+00
3.185328e-01 3.173099e-01 8.932252e-01 -7.672449e+01 6.258540e-02 9.332122e-01 -3.538335e-01 2.572631e+01 -9.458435e-01 1.686104e-01 2.773997e-01 -5.431709e+00
3.173729e-01 3.158709e-01 8.941477e-01 -7.574797e+01 6.513517e-02 9.334066e-01 -3.528591e-01 2.533079e+01 -9.460612e-01 1.702284e-01 2.756636e-01 -5.157220e+00
3.145270e-01 3.121337e-01 8.964627e-01 -7.475786e+01 6.618342e-02 9.348829e-01 -3.487316e-01 2.491898e+01 -9.469385e-01 1.690165e-01 2.733879e-01 -4.846082e+00
3.119237e-01 3.086709e-01 8.985688e-01 -7.374583e+01 6.779619e-02 9.361133e-01 -3.451023e-01 2.450440e+01 -9.476852e-01 1.685651e-01 2.710692e-01 -4.529612e+00
3.095038e-01 3.077986e-01 8.997041e-01 -7.274376e+01 7.025570e-02 9.361744e-01 -3.444439e-01 2.409792e+01 -9.482993e-01 1.698160e-01 2.681250e-01 -4.227424e+00
3.073733e-01 3.089894e-01 9.000262e-01 -7.172635e+01 7.196266e-02 9.355579e-01 -3.457642e-01 2.369219e+01 -9.488641e-01 1.710470e-01 2.653298e-01 -3.940495e+00
3.053395e-01 3.090024e-01 9.007138e-01 -7.074374e+01 7.419584e-02 9.352901e-01 -3.460165e-01 2.329639e+01 -9.493486e-01 1.724817e-01 2.626543e-01 -3.662392e+00
3.034936e-01 3.075412e-01 9.018371e-01 -6.973372e+01 7.615791e-02 9.356216e-01 -3.446915e-01 2.288687e+01 -9.497850e-01 1.732937e-01 2.605334e-01 -3.362935e+00
3.017816e-01 3.066152e-01 9.027264e-01 -6.873170e+01 7.738225e-02 9.358705e-01 -3.437417e-01 2.248960e+01 -9.502315e-01 1.735899e-01 2.587019e-01 -3.069571e+00
3.000189e-01 3.070406e-01 9.031693e-01 -6.770144e+01 7.905351e-02 9.355253e-01 -3.443007e-01 2.207941e+01 -9.506520e-01 1.746954e-01 2.564026e-01 -2.749941e+00
2.917730e-01 3.039098e-01 9.069219e-01 -6.671566e+01 7.603346e-02 9.378095e-01 -3.387216e-01 2.167548e+01 -9.534608e-01 1.677862e-01 2.505202e-01 -2.465828e+00
2.892909e-01 3.054686e-01 9.071933e-01 -6.569491e+01 7.540074e-02 9.375002e-01 -3.397177e-01 2.126859e+01 -9.542670e-01 1.666803e-01 2.481778e-01 -2.161948e+00
2.882864e-01 3.056731e-01 9.074442e-01 -6.470143e+01 7.635013e-02 9.373233e-01 -3.399936e-01 2.088482e+01 -9.544955e-01 1.672990e-01 2.468794e-01 -1.890526e+00
2.875237e-01 3.032641e-01 9.084938e-01 -6.372433e+01 7.903883e-02 9.377993e-01 -3.380611e-01 2.049924e+01 -9.545067e-01 1.690069e-01 2.456699e-01 -1.635451e+00
2.864564e-01 3.008829e-01 9.096220e-01 -6.277546e+01 8.088691e-02 9.384242e-01 -3.358828e-01 2.012849e+01 -9.546727e-01 1.697923e-01 2.444802e-01 -1.403828e+00
2.856442e-01 3.004843e-01 9.100091e-01 -6.177031e+01 8.332502e-02 9.381889e-01 -3.359443e-01 1.975418e+01 -9.547064e-01 1.717871e-01 2.429503e-01 -1.126931e+00
2.846759e-01 3.015112e-01 9.099729e-01 -6.077770e+01 8.513941e-02 9.375457e-01 -3.372823e-01 1.935365e+01 -9.548355e-01 1.734907e-01 2.412262e-01 -8.642844e-01
2.855990e-01 3.030263e-01 9.091800e-01 -5.981512e+01 9.020722e-02 9.359815e-01 -3.402958e-01 1.900348e+01 -9.540943e-01 1.792027e-01 2.399802e-01 -6.439734e-01
2.846136e-01 3.028550e-01 9.095460e-01 -5.888784e+01 9.246600e-02 9.356889e-01 -3.404942e-01 1.862306e+01 -9.541725e-01 1.810114e-01 2.383060e-01 -4.250865e-01
2.829883e-01 3.011391e-01 9.106222e-01 -5.790250e+01 9.378740e-02 9.361935e-01 -3.387412e-01 1.823850e+01 -9.545269e-01 1.812647e-01 2.366888e-01 -1.656949e-01
2.756475e-01 2.922571e-01 9.157534e-01 -5.691605e+01 9.313121e-02 9.400593e-01 -3.280473e-01 1.785377e+01 -9.567367e-01 1.757106e-01 2.319068e-01 8.316073e-02
2.730508e-01 2.910542e-01 9.169137e-01 -5.592491e+01 9.157099e-02 9.409416e-01 -3.259505e-01 1.747530e+01 -9.576314e-01 1.729638e-01 2.302728e-01 3.506647e-01
2.718342e-01 2.914582e-01 9.171468e-01 -5.495649e+01 9.376268e-02 9.404785e-01 -3.266632e-01 1.711314e+01 -9.577655e-01 1.747924e-01 2.283263e-01 5.753311e-01
2.692802e-01 2.950225e-01 9.167606e-01 -5.398352e+01 9.203988e-02 9.396819e-01 -3.294337e-01 1.673478e+01 -9.586537e-01 1.730885e-01 2.258839e-01 8.138379e-01
2.674485e-01 2.977430e-01 9.164172e-01 -5.304232e+01 9.169416e-02 9.388821e-01 -3.318020e-01 1.637358e+01 -9.591994e-01 1.727701e-01 2.238014e-01 1.014866e+00
2.652866e-01 2.983172e-01 9.168587e-01 -5.203839e+01 9.265395e-02 9.386423e-01 -3.322137e-01 1.598582e+01 -9.597074e-01 1.730824e-01 2.213690e-01 1.272519e+00
2.624164e-01 2.998078e-01 9.171984e-01 -5.107387e+01 9.354524e-02 9.381284e-01 -3.334131e-01 1.561054e+01 -9.604098e-01 1.732926e-01 2.181347e-01 1.505588e+00
2.590486e-01 3.022916e-01 9.173405e-01 -5.012355e+01 9.303037e-02 9.375364e-01 -3.352177e-01 1.524309e+01 -9.613736e-01 1.721782e-01 2.147452e-01 1.720087e+00
2.553812e-01 3.024307e-01 9.183224e-01 -4.918428e+01 9.144462e-02 9.380046e-01 -3.343430e-01 1.488599e+01 -9.625063e-01 1.693605e-01 2.118930e-01 1.933709e+00
2.521459e-01 3.005427e-01 9.198351e-01 -4.816242e+01 9.207062e-02 9.387849e-01 -3.319728e-01 1.449767e+01 -9.632993e-01 1.683953e-01 2.090396e-01 2.194408e+00
2.428645e-01 2.909333e-01 9.254051e-01 -4.719634e+01 9.016959e-02 9.430660e-01 -3.201498e-01 1.412662e+01 -9.658604e-01 1.611964e-01 2.028039e-01 2.421165e+00
2.411338e-01 2.921362e-01 9.254787e-01 -4.622571e+01 9.167027e-02 9.424982e-01 -3.213933e-01 1.377288e+01 -9.661527e-01 1.623377e-01 2.004880e-01 2.630533e+00
2.399365e-01 2.951326e-01 9.248390e-01 -4.528997e+01 9.339828e-02 9.412307e-01 -3.245943e-01 1.342746e+01 -9.662853e-01 1.642604e-01 1.982708e-01 2.821267e+00
2.383699e-01 2.971169e-01 9.246088e-01 -4.430810e+01 9.605183e-02 9.401718e-01 -3.268807e-01 1.307328e+01 -9.664129e-01 1.667289e-01 1.955700e-01 3.049546e+00
2.361971e-01 2.975082e-01 9.250404e-01 -4.341716e+01 9.600811e-02 9.401732e-01 -3.268896e-01 1.272998e+01 -9.669505e-01 1.660218e-01 1.935030e-01 3.207644e+00
2.345956e-01 2.965293e-01 9.257620e-01 -4.249897e+01 9.705198e-02 9.404361e-01 -3.258233e-01 1.238858e+01 -9.672362e-01 1.662837e-01 1.918434e-01 3.386917e+00
2.326991e-01 2.952568e-01 9.266470e-01 -4.155445e+01 9.855746e-02 9.407383e-01 -3.244964e-01 1.202338e+01 -9.675420e-01 1.668380e-01 1.898092e-01 3.585415e+00
2.311839e-01 2.937205e-01 9.275140e-01 -4.062597e+01 1.001078e-01 9.410983e-01 -3.229743e-01 1.168182e+01 -9.677461e-01 1.675178e-01 1.881630e-01 3.758823e+00
2.299096e-01 2.925830e-01 9.281900e-01 -3.968487e+01 1.022243e-01 9.412028e-01 -3.220055e-01 1.133673e+01 -9.678284e-01 1.689157e-01 1.864824e-01 3.947228e+00
2.283179e-01 2.924962e-01 9.286102e-01 -3.874155e+01 1.037897e-01 9.410555e-01 -3.219351e-01 1.099480e+01 -9.680385e-01 1.698838e-01 1.845017e-01 4.139116e+00
2.203109e-01 2.843083e-01 9.330766e-01 -3.780788e+01 1.039075e-01 9.442967e-01 -3.122610e-01 1.065546e+01 -9.698795e-01 1.657482e-01 1.784971e-01 4.322039e+00
2.183999e-01 2.862163e-01 9.329425e-01 -3.687863e+01 1.034225e-01 9.438486e-01 -3.137732e-01 1.031540e+01 -9.703635e-01 1.650153e-01 1.765353e-01 4.497909e+00
2.174673e-01 2.876276e-01 9.327263e-01 -3.594947e+01 1.044271e-01 9.432551e-01 -3.152218e-01 9.985443e+00 -9.704653e-01 1.659523e-01 1.750910e-01 4.675820e+00
2.163051e-01 2.879184e-01 9.329068e-01 -3.501096e+01 1.053031e-01 9.430741e-01 -3.154720e-01 9.671741e+00 -9.706304e-01 1.664762e-01 1.736730e-01 4.863724e+00
2.148359e-01 2.865071e-01 9.336805e-01 -3.409001e+01 1.060401e-01 9.435085e-01 -3.139223e-01 9.337331e+00 -9.708764e-01 1.664494e-01 1.723183e-01 5.043316e+00
2.130983e-01 2.853894e-01 9.344207e-01 -3.319516e+01 1.056623e-01 9.440473e-01 -3.124263e-01 9.015666e+00 -9.713005e-01 1.653105e-01 1.710200e-01 5.216501e+00
2.121335e-01 2.857650e-01 9.345254e-01 -3.232956e+01 1.062209e-01 9.438815e-01 -3.127376e-01 8.710062e+00 -9.714507e-01 1.656082e-01 1.698747e-01 5.363376e+00
2.103987e-01 2.869095e-01 9.345669e-01 -3.145936e+01 1.058767e-01 9.436554e-01 -3.135356e-01 8.402269e+00 -9.718655e-01 1.649164e-01 1.681668e-01 5.532159e+00
2.094886e-01 2.867515e-01 9.348198e-01 -3.060262e+01 1.064758e-01 9.436585e-01 -3.133235e-01 8.105166e+00 -9.719966e-01 1.651734e-01 1.671536e-01 5.690113e+00
2.090602e-01 2.834964e-01 9.359079e-01 -2.974993e+01 1.074812e-01 9.445966e-01 -3.101371e-01 7.806318e+00 -9.719782e-01 1.654298e-01 1.670070e-01 5.839273e+00
2.015054e-01 2.679559e-01 9.421227e-01 -2.889468e+01 1.074841e-01 9.499949e-01 -2.931840e-01 7.499700e+00 -9.735722e-01 1.603413e-01 1.626281e-01 5.998662e+00
2.003879e-01 2.629530e-01 9.437692e-01 -2.806220e+01 1.078953e-01 9.515257e-01 -2.880233e-01 7.219120e+00 -9.737573e-01 1.595446e-01 1.623028e-01 6.145949e+00
2.000300e-01 2.603330e-01 9.445712e-01 -2.721578e+01 1.103957e-01 9.519276e-01 -2.857387e-01 6.949352e+00 -9.735506e-01 1.614329e-01 1.616744e-01 6.267314e+00
1.986937e-01 2.606181e-01 9.447746e-01 -2.643879e+01 1.107146e-01 9.518555e-01 -2.858555e-01 6.691310e+00 -9.737880e-01 1.613980e-01 1.602735e-01 6.404706e+00
1.970999e-01 2.631234e-01 9.444139e-01 -2.567208e+01 1.097063e-01 9.513411e-01 -2.879491e-01 6.443721e+00 -9.742259e-01 1.603629e-01 1.586429e-01 6.542503e+00
1.953265e-01 2.657188e-01 9.440557e-01 -2.491262e+01 1.084431e-01 9.508426e-01 -2.900661e-01 6.172815e+00 -9.747244e-01 1.590339e-01 1.569094e-01 6.671025e+00
1.943243e-01 2.689578e-01 9.433450e-01 -2.419095e+01 1.065121e-01 9.502059e-01 -2.928549e-01 5.939010e+00 -9.751375e-01 1.573865e-01 1.560008e-01 6.757928e+00
1.933529e-01 2.717959e-01 9.427309e-01 -2.345626e+01 1.060539e-01 9.494433e-01 -2.954827e-01 5.699207e+00 -9.753805e-01 1.571128e-01 1.547526e-01 6.874843e+00
1.935511e-01 2.726847e-01 9.424336e-01 -2.271463e+01 1.070547e-01 9.489923e-01 -2.965687e-01 5.444323e+00 -9.752319e-01 1.582932e-01 1.544863e-01 6.990476e+00
1.943111e-01 2.703960e-01 9.429365e-01 -2.200864e+01 1.067473e-01 9.497208e-01 -2.943389e-01 5.198489e+00 -9.751145e-01 1.578493e-01 1.556772e-01 7.099413e+00
1.881766e-01 2.570035e-01 9.479129e-01 -2.134396e+01 1.020660e-01 9.548119e-01 -2.791358e-01 4.972998e+00 -9.768173e-01 1.492765e-01 1.534419e-01 7.198349e+00
1.896016e-01 2.550984e-01 9.481435e-01 -2.069016e+01 1.017213e-01 9.553598e-01 -2.773813e-01 4.758455e+00 -9.765777e-01 1.490383e-01 1.551889e-01 7.292629e+00
1.904115e-01 2.542999e-01 9.481957e-01 -2.004168e+01 1.015759e-01 9.555792e-01 -2.766780e-01 4.553591e+00 -9.764352e-01 1.489965e-01 1.561226e-01 7.395654e+00
1.911063e-01 2.544217e-01 9.480232e-01 -1.941679e+01 1.020865e-01 9.554345e-01 -2.769897e-01 4.342806e+00 -9.762462e-01 1.497149e-01 1.566166e-01 7.493810e+00
1.909087e-01 2.558472e-01 9.476793e-01 -1.882738e+01 1.006566e-01 9.552442e-01 -2.781667e-01 4.155042e+00 -9.764334e-01 1.484947e-01 1.566117e-01 7.575173e+00
1.897484e-01 2.584754e-01 9.471990e-01 -1.824773e+01 1.004089e-01 9.545589e-01 -2.805983e-01 3.963801e+00 -9.766850e-01 1.483502e-01 1.551728e-01 7.669050e+00
1.881448e-01 2.599550e-01 9.471140e-01 -1.766718e+01 1.008460e-01 9.541254e-01 -2.819126e-01 3.782642e+00 -9.769502e-01 1.485531e-01 1.532983e-01 7.754472e+00
1.865238e-01 2.601263e-01 9.473875e-01 -1.709434e+01 1.029981e-01 9.538192e-01 -2.821708e-01 3.591746e+00 -9.770365e-01 1.502107e-01 1.511175e-01 7.841137e+00
1.851288e-01 2.602401e-01 9.476299e-01 -1.654135e+01 1.047701e-01 9.535758e-01 -2.823409e-01 3.409467e+00 -9.771134e-01 1.515527e-01 1.492690e-01 7.922653e+00
1.841993e-01 2.591260e-01 9.481162e-01 -1.598870e+01 1.074443e-01 9.535326e-01 -2.814805e-01 3.233264e+00 -9.769986e-01 1.537182e-01 1.477984e-01 7.988224e+00
1.755004e-01 2.444331e-01 9.536520e-01 -1.545793e+01 1.069534e-01 9.582192e-01 -2.652864e-01 3.055469e+00 -9.786524e-01 1.485542e-01 1.420250e-01 8.086065e+00
1.739264e-01 2.455778e-01 9.536462e-01 -1.495789e+01 1.072978e-01 9.579145e-01 -2.662460e-01 2.890382e+00 -9.788957e-01 1.486314e-01 1.402566e-01 8.157327e+00
1.718808e-01 2.463846e-01 9.538090e-01 -1.448137e+01 1.073959e-01 9.577609e-01 -2.667587e-01 2.741261e+00 -9.792462e-01 1.482859e-01 1.381600e-01 8.227092e+00
1.698293e-01 2.472832e-01 9.539439e-01 -1.401094e+01 1.057723e-01 9.578399e-01 -2.671236e-01 2.590864e+00 -9.797807e-01 1.462662e-01 1.365136e-01 8.294863e+00
1.687492e-01 2.502052e-01 9.533735e-01 -1.357093e+01 1.068901e-01 9.568950e-01 -2.700492e-01 2.448427e+00 -9.798460e-01 1.474768e-01 1.347308e-01 8.349314e+00
1.683504e-01 2.555182e-01 9.520339e-01 -1.313994e+01 1.067211e-01 9.554170e-01 -2.752979e-01 2.321488e+00 -9.799330e-01 1.479487e-01 1.335757e-01 8.417056e+00
1.677681e-01 2.592077e-01 9.511389e-01 -1.276413e+01 1.075894e-01 9.542365e-01 -2.790292e-01 2.203838e+00 -9.799380e-01 1.491446e-01 1.322024e-01 8.454231e+00
1.668613e-01 2.598699e-01 9.511177e-01 -1.240001e+01 1.056509e-01 9.543753e-01 -2.792951e-01 2.076009e+00 -9.803036e-01 1.470900e-01 1.317928e-01 8.509203e+00
1.671578e-01 2.599318e-01 9.510488e-01 -1.205166e+01 1.064513e-01 9.542235e-01 -2.795095e-01 1.959185e+00 -9.801665e-01 1.479626e-01 1.318358e-01 8.564174e+00
1.680638e-01 2.619095e-01 9.503462e-01 -1.173396e+01 1.058200e-01 9.536949e-01 -2.815461e-01 1.853522e+00 -9.800799e-01 1.478834e-01 1.325663e-01 8.615449e+00
1.630239e-01 2.494332e-01 9.545713e-01 -1.143655e+01 1.012859e-01 9.581717e-01 -2.676718e-01 1.755360e+00 -9.814094e-01 1.403215e-01 1.309408e-01 8.645678e+00
1.666583e-01 2.496141e-01 9.538961e-01 -1.113513e+01 9.876612e-02 9.583342e-01 -2.680313e-01 1.662207e+00 -9.810557e-01 1.388822e-01 1.350609e-01 8.707848e+00
1.719736e-01 2.498532e-01 9.528895e-01 -1.086432e+01 9.607554e-02 9.584354e-01 -2.686466e-01 1.580034e+00 -9.804053e-01 1.377495e-01 1.408208e-01 8.752144e+00
1.773606e-01 2.494420e-01 9.520094e-01 -1.060880e+01 9.162797e-02 9.589586e-01 -2.683332e-01 1.500229e+00 -9.798712e-01 1.348224e-01 1.472256e-01 8.807216e+00
1.858167e-01 2.485015e-01 9.506414e-01 -1.035116e+01 8.756182e-02 9.594538e-01 -2.679203e-01 1.414023e+00 -9.786752e-01 1.330240e-01 1.565233e-01 8.867130e+00
1.970815e-01 2.484666e-01 9.483793e-01 -1.011498e+01 8.437286e-02 9.594643e-01 -2.689042e-01 1.342496e+00 -9.767498e-01 1.330135e-01 1.681289e-01 8.903046e+00
2.095833e-01 2.490353e-01 9.455455e-01 -9.878071e+00 8.170728e-02 9.591796e-01 -2.707369e-01 1.264600e+00 -9.743710e-01 1.339999e-01 1.806800e-01 8.958235e+00
2.240913e-01 2.492581e-01 9.421536e-01 -9.654399e+00 7.668074e-02 9.592329e-01 -2.720151e-01 1.184295e+00 -9.715468e-01 1.332013e-01 1.958425e-01 9.008392e+00
2.402707e-01 2.486274e-01 9.383253e-01 -9.425168e+00 7.013902e-02 9.596689e-01 -2.722428e-01 1.102586e+00 -9.681686e-01 1.312252e-01 2.131418e-01 9.075570e+00
2.565830e-01 2.476505e-01 9.342561e-01 -9.202283e+00 6.203851e-02 9.604030e-01 -2.716197e-01 1.029810e+00 -9.645291e-01 1.276528e-01 2.310592e-01 9.151011e+00
2.641458e-01 2.331006e-01 9.358905e-01 -8.983819e+00 5.141035e-02 9.655725e-01 -2.550035e-01 9.580992e-01 -9.631116e-01 1.154726e-01 2.430682e-01 9.237492e+00
2.744069e-01 2.306742e-01 9.335364e-01 -8.780493e+00 4.608025e-02 9.665324e-01 -2.523723e-01 8.925567e-01 -9.605090e-01 1.122703e-01 2.545936e-01 9.315841e+00
2.820475e-01 2.264150e-01 9.323012e-01 -8.601102e+00 4.281560e-02 9.678153e-01 -2.479928e-01 8.400026e-01 -9.584446e-01 1.098628e-01 2.632758e-01 9.374094e+00
2.892818e-01 2.229655e-01 9.309148e-01 -8.451250e+00 4.275666e-02 9.685146e-01 -2.452578e-01 8.021406e-01 -9.562886e-01 1.107514e-01 2.706403e-01 9.430569e+00
2.940435e-01 2.230439e-01 9.294029e-01 -8.344550e+00 4.164585e-02 9.684770e-01 -2.455970e-01 7.708311e-01 -9.548843e-01 1.109220e-01 2.754856e-01 9.470855e+00
2.960845e-01 2.252902e-01 9.282124e-01 -8.289996e+00 3.931090e-02 9.680880e-01 -2.475081e-01 7.553205e-01 -9.543525e-01 1.097722e-01 2.777795e-01 9.479224e+00
2.974483e-01 2.266542e-01 9.274440e-01 -8.261631e+00 3.773187e-02 9.678625e-01 -2.486333e-01 7.540856e-01 -9.539920e-01 1.089497e-01 2.793370e-01 9.495955e+00
2.977950e-01 2.266927e-01 9.273233e-01 -8.253273e+00 3.728336e-02 9.678927e-01 -2.485833e-01 7.541866e-01 -9.539015e-01 1.086006e-01 2.797818e-01 9.493501e+00
2.976611e-01 2.275614e-01 9.271535e-01 -8.275643e+00 3.854640e-02 9.675186e-01 -2.498439e-01 7.561018e-01 -9.538931e-01 1.101072e-01 2.792210e-01 9.487382e+00
2.983824e-01 2.316557e-01 9.259069e-01 -8.282220e+00 4.003547e-02 9.662068e-01 -2.546402e-01 7.511551e-01 -9.536064e-01 1.130493e-01 2.790247e-01 9.480903e+00
2.921267e-01 2.210003e-01 9.304949e-01 -8.280860e+00 3.907071e-02 9.693647e-01 -2.424984e-01 7.488803e-01 -9.555812e-01 1.071954e-01 2.745427e-01 9.481194e+00
2.918389e-01 2.211421e-01 9.305516e-01 -8.287542e+00 3.881730e-02 9.693646e-01 -2.425397e-01 7.517128e-01 -9.556795e-01 1.069040e-01 2.743141e-01 9.478629e+00
2.921162e-01 2.205066e-01 9.306154e-01 -8.272756e+00 3.711243e-02 9.697109e-01 -2.414196e-01 7.552638e-01 -9.556625e-01 1.050600e-01 2.750847e-01 9.477481e+00
2.920175e-01 2.202642e-01 9.307038e-01 -8.271407e+00 3.700024e-02 9.697889e-01 -2.411234e-01 7.524925e-01 -9.556970e-01 1.048485e-01 2.750455e-01 9.477965e+00
2.918999e-01 2.201069e-01 9.307778e-01 -8.269907e+00 3.698325e-02 9.698348e-01 -2.409412e-01 7.510240e-01 -9.557336e-01 1.047539e-01 2.749544e-01 9.479527e+00
2.921710e-01 2.199593e-01 9.307277e-01 -8.268465e+00 3.685572e-02 9.698793e-01 -2.407816e-01 7.498317e-01 -9.556557e-01 1.046520e-01 2.752638e-01 9.476800e+00
2.920314e-01 2.203429e-01 9.306808e-01 -8.268434e+00 3.670450e-02 9.698005e-01 -2.411219e-01 7.526584e-01 -9.557042e-01 1.045753e-01 2.751246e-01 9.475299e+00
2.919301e-01 2.202845e-01 9.307264e-01 -8.268884e+00 3.650210e-02 9.698406e-01 -2.409912e-01 7.525235e-01 -9.557429e-01 1.043261e-01 2.750848e-01 9.477184e+00
2.918801e-01 2.201606e-01 9.307713e-01 -8.269654e+00 3.626663e-02 9.698997e-01 -2.407887e-01 7.513109e-01 -9.557671e-01 1.040374e-01 2.751100e-01 9.479764e+00
2.917905e-01 2.203651e-01 9.307511e-01 -8.270739e+00 3.614801e-02 9.698623e-01 -2.409574e-01 7.521848e-01 -9.557989e-01 1.039539e-01 2.750308e-01 9.478455e+00
2.857387e-01 2.055000e-01 9.360145e-01 -8.267577e+00 3.495250e-02 9.738523e-01 -2.244772e-01 7.523837e-01 -9.576699e-01 9.685787e-02 2.710845e-01 9.478201e+00
2.856171e-01 2.054849e-01 9.360549e-01 -8.269557e+00 3.477857e-02 9.738764e-01 -2.243995e-01 7.516897e-01 -9.577125e-01 9.664699e-02 2.710093e-01 9.479011e+00
2.856270e-01 2.055988e-01 9.360269e-01 -8.269279e+00 3.465875e-02 9.738610e-01 -2.244851e-01 7.522137e-01 -9.577139e-01 9.656053e-02 2.710352e-01 9.477117e+00
2.856241e-01 2.056989e-01 9.360058e-01 -8.267903e+00 3.448130e-02 9.738549e-01 -2.245387e-01 7.526936e-01 -9.577212e-01 9.640838e-02 2.710637e-01 9.477181e+00
2.855601e-01 2.057963e-01 9.360039e-01 -8.268111e+00 3.435104e-02 9.738462e-01 -2.245965e-01 7.540561e-01 -9.577450e-01 9.628851e-02 2.710223e-01 9.477255e+00
2.855587e-01 2.058454e-01 9.359935e-01 -8.267999e+00 3.419098e-02 9.738505e-01 -2.246021e-01 7.544473e-01 -9.577511e-01 9.613963e-02 2.710535e-01 9.476760e+00
2.854943e-01 2.059180e-01 9.359972e-01 -8.266433e+00 3.403037e-02 9.738508e-01 -2.246255e-01 7.541969e-01 -9.577760e-01 9.598164e-02 2.710214e-01 9.478027e+00
2.854360e-01 2.059911e-01 9.359989e-01 -8.266841e+00 3.387640e-02 9.738500e-01 -2.246520e-01 7.542578e-01 -9.577989e-01 9.583204e-02 2.709937e-01 9.478611e+00
2.853880e-01 2.060267e-01 9.360057e-01 -8.267114e+00 3.368116e-02 9.738621e-01 -2.246288e-01 7.543641e-01 -9.578201e-01 9.563212e-02 2.709894e-01 9.478377e+00
2.852832e-01 2.060805e-01 9.360258e-01 -8.267626e+00 3.353474e-02 9.738664e-01 -2.246325e-01 7.543660e-01 -9.578564e-01 9.547326e-02 2.709169e-01 9.479175e+00
2.791860e-01 1.910860e-01 9.410321e-01 -8.266884e+00 3.224814e-02 9.775811e-01 -2.080750e-01 7.551127e-01 -9.596954e-01 8.843817e-02 2.667648e-01 9.479106e+00
2.791136e-01 1.911766e-01 9.410351e-01 -8.266706e+00 3.211932e-02 9.775744e-01 -2.081265e-01 7.565410e-01 -9.597208e-01 8.831634e-02 2.667139e-01 9.479639e+00
2.791292e-01 1.913205e-01 9.410013e-01 -8.265979e+00 3.192209e-02 9.775604e-01 -2.082226e-01 7.581040e-01 -9.597228e-01 8.815973e-02 2.667583e-01 9.477778e+00
2.790629e-01 1.913738e-01 9.410101e-01 -8.266256e+00 3.178262e-02 9.775627e-01 -2.082329e-01 7.585709e-01 -9.597467e-01 8.801785e-02 2.667191e-01 9.478975e+00
2.790095e-01 1.914777e-01 9.410048e-01 -8.266437e+00 3.157275e-02 9.775601e-01 -2.082774e-01 7.596317e-01 -9.597692e-01 8.782149e-02 2.667031e-01 9.478588e+00
2.789346e-01 1.915174e-01 9.410189e-01 -8.268446e+00 3.147710e-02 9.775615e-01 -2.082850e-01 7.607239e-01 -9.597941e-01 8.771843e-02 2.666473e-01 9.478371e+00
2.788770e-01 1.916507e-01 9.410088e-01 -8.268278e+00 3.120478e-02 9.775580e-01 -2.083423e-01 7.607925e-01 -9.598197e-01 8.746586e-02 2.666380e-01 9.477551e+00
2.788004e-01 1.917958e-01 9.410020e-01 -8.269302e+00 3.084246e-02 9.775604e-01 -2.083852e-01 7.607042e-01 -9.598537e-01 8.712067e-02 2.666287e-01 9.476632e+00
2.786905e-01 1.917873e-01 9.410363e-01 -8.269251e+00 3.047494e-02 9.775978e-01 -2.082639e-01 7.565000e-01 -9.598973e-01 8.671921e-02 2.666025e-01 9.476891e+00
2.786153e-01 1.918256e-01 9.410507e-01 -8.269268e+00 3.021786e-02 9.776140e-01 -2.082252e-01 7.543764e-01 -9.599273e-01 8.645128e-02 2.665816e-01 9.477276e+00
2.724623e-01 1.767077e-01 9.458006e-01 -8.269893e+00 2.856503e-02 9.810717e-01 -1.915264e-01 7.505176e-01 -9.617424e-01 7.920055e-02 2.622573e-01 9.478229e+00
2.723853e-01 1.767537e-01 9.458141e-01 -8.269785e+00 2.825772e-02 9.810889e-01 -1.914838e-01 7.491425e-01 -9.617732e-01 7.888394e-02 2.622395e-01 9.477917e+00
2.723301e-01 1.768373e-01 9.458144e-01 -8.270627e+00 2.805997e-02 9.810891e-01 -1.915119e-01 7.498457e-01 -9.617946e-01 7.869399e-02 2.622181e-01 9.477331e+00
2.722538e-01 1.769283e-01 9.458194e-01 -8.269322e+00 2.787842e-02 9.810868e-01 -1.915504e-01 7.502789e-01 -9.618215e-01 7.851827e-02 2.621721e-01 9.478237e+00
2.721917e-01 1.769774e-01 9.458280e-01 -8.270021e+00 2.765671e-02 9.810959e-01 -1.915356e-01 7.497653e-01 -9.618455e-01 7.829289e-02 2.621515e-01 9.477608e+00
2.721449e-01 1.770440e-01 9.458290e-01 -8.269432e+00 2.754684e-02 9.810921e-01 -1.915708e-01 7.499111e-01 -9.618619e-01 7.818961e-02 2.621222e-01 9.478551e+00
2.720960e-01 1.771537e-01 9.458226e-01 -8.269333e+00 2.730412e-02 9.810904e-01 -1.916143e-01 7.508398e-01 -9.618827e-01 7.796235e-02 2.621138e-01 9.478312e+00
2.720903e-01 1.772199e-01 9.458118e-01 -8.269069e+00 2.717728e-02 9.810874e-01 -1.916480e-01 7.508158e-01 -9.618879e-01 7.785016e-02 2.621280e-01 9.477801e+00
2.720240e-01 1.772536e-01 9.458246e-01 -8.270852e+00 2.700250e-02 9.810958e-01 -1.916297e-01 7.511352e-01 -9.619115e-01 7.766750e-02 2.620953e-01 9.477719e+00
2.719547e-01 1.773536e-01 9.458257e-01 -8.269995e+00 2.681451e-02 9.810918e-01 -1.916765e-01 7.521025e-01 -9.619364e-01 7.748917e-02 2.620569e-01 9.477982e+00
2.659228e-01 1.621537e-01 9.502585e-01 -8.269631e+00 2.525346e-02 9.842410e-01 -1.750195e-01 7.521964e-01 -9.636635e-01 7.053900e-02 2.576372e-01 9.477906e+00
2.658957e-01 1.622000e-01 9.502582e-01 -8.269601e+00 2.512410e-02 9.842423e-01 -1.750309e-01 7.521427e-01 -9.636743e-01 7.041435e-02 2.576307e-01 9.477774e+00
2.658852e-01 1.623180e-01 9.502410e-01 -8.269985e+00 2.491019e-02 9.842363e-01 -1.750951e-01 7.538740e-01 -9.636828e-01 7.022589e-02 2.576506e-01 9.475713e+00
2.657875e-01 1.623712e-01 9.502592e-01 -8.269005e+00 2.473036e-02 9.842409e-01 -1.750947e-01 7.531227e-01 -9.637144e-01 7.003825e-02 2.575834e-01 9.477978e+00
2.657593e-01 1.624245e-01 9.502580e-01 -8.268096e+00 2.455118e-02 9.842445e-01 -1.750999e-01 7.531496e-01 -9.637267e-01 6.986440e-02 2.575844e-01 9.477925e+00
2.657043e-01 1.625075e-01 9.502592e-01 -8.268820e+00 2.437807e-02 9.842425e-01 -1.751355e-01 7.534460e-01 -9.637463e-01 6.969974e-02 2.575558e-01 9.477868e+00
2.656599e-01 1.625460e-01 9.502650e-01 -8.268321e+00 2.423239e-02 9.842465e-01 -1.751332e-01 7.535288e-01 -9.637622e-01 6.955306e-02 2.575360e-01 9.478574e+00
2.656249e-01 1.626247e-01 9.502613e-01 -8.268676e+00 2.405620e-02 9.842452e-01 -1.751650e-01 7.538733e-01 -9.637763e-01 6.938786e-02 2.575279e-01 9.478169e+00
2.655695e-01 1.627221e-01 9.502602e-01 -8.268737e+00 2.385540e-02 9.842424e-01 -1.752081e-01 7.547299e-01 -9.637965e-01 6.919876e-02 2.575029e-01 9.478412e+00
2.655534e-01 1.627688e-01 9.502566e-01 -8.269199e+00 2.368836e-02 9.842460e-01 -1.752106e-01 7.553278e-01 -9.638051e-01 6.903780e-02 2.575141e-01 9.477875e+00
2.595310e-01 1.475367e-01 9.543985e-01 -8.269603e+00 2.200479e-02 9.871016e-01 -1.585759e-01 7.559748e-01 -9.654840e-01 6.215670e-02 2.529370e-01 9.477913e+00
2.594780e-01 1.475785e-01 9.544065e-01 -8.270794e+00 2.184506e-02 9.871054e-01 -1.585738e-01 7.566532e-01 -9.655019e-01 6.199549e-02 2.529083e-01 9.478373e+00
2.594440e-01 1.476725e-01 9.544012e-01 -8.269915e+00 2.163148e-02 9.871039e-01 -1.586128e-01 7.571711e-01 -9.655159e-01 6.179625e-02 2.529038e-01 9.477886e+00
2.593901e-01 1.477758e-01 9.543999e-01 -8.270156e+00 2.147531e-02 9.870973e-01 -1.586751e-01 7.582115e-01 -9.655338e-01 6.165480e-02 2.528698e-01 9.477829e+00
2.593025e-01 1.478069e-01 9.544189e-01 -8.270044e+00 2.126056e-02 9.871067e-01 -1.586453e-01 7.570970e-01 -9.655621e-01 6.142861e-02 2.528168e-01 9.479279e+00
2.592533e-01 1.478782e-01 9.544212e-01 -8.269861e+00 2.112101e-02 9.871042e-01 -1.586793e-01 7.567854e-01 -9.655784e-01 6.129647e-02 2.527867e-01 9.479646e+00
2.591940e-01 1.479711e-01 9.544229e-01 -8.271248e+00 2.090434e-02 9.871031e-01 -1.587148e-01 7.579872e-01 -9.655990e-01 6.108950e-02 2.527579e-01 9.479617e+00
2.591610e-01 1.480715e-01 9.544163e-01 -8.270925e+00 2.067818e-02 9.871011e-01 -1.587572e-01 7.581215e-01 -9.656128e-01 6.087928e-02 2.527563e-01 9.479203e+00
2.591343e-01 1.481475e-01 9.544117e-01 -8.267986e+00 2.045749e-02 9.871026e-01 -1.587763e-01 7.574269e-01 -9.656246e-01 6.066926e-02 2.527614e-01 9.480559e+00
2.592896e-01 1.482047e-01 9.543607e-01 -8.267845e+00 2.027705e-02 9.871028e-01 -1.587984e-01 7.553395e-01 -9.655867e-01 6.052638e-02 2.529403e-01 9.476923e+00
2.532911e-01 1.334007e-01 9.581482e-01 -8.269164e+00 1.772839e-02 9.896401e-01 -1.424719e-01 7.511882e-01 -9.672277e-01 5.307327e-02 2.483020e-01 9.483063e+00
2.532590e-01 1.341289e-01 9.580550e-01 -8.259900e+00 1.713830e-02 9.895641e-01 -1.430707e-01 7.507709e-01 -9.672467e-01 5.265337e-02 2.483173e-01 9.483823e+00
2.533335e-01 1.343222e-01 9.580082e-01 -8.245525e+00 1.661483e-02 9.895630e-01 -1.431400e-01 7.435825e-01 -9.672363e-01 5.217931e-02 2.484577e-01 9.496173e+00
2.537413e-01 1.343588e-01 9.578951e-01 -8.241252e+00 1.628455e-02 9.895720e-01 -1.431156e-01 7.407727e-01 -9.671350e-01 5.191323e-02 2.489073e-01 9.500860e+00
2.540567e-01 1.343897e-01 9.578072e-01 -8.220396e+00 1.608437e-02 9.895756e-01 -1.431134e-01 7.372412e-01 -9.670556e-01 5.176466e-02 2.492467e-01 9.513748e+00
2.549113e-01 1.345777e-01 9.575537e-01 -8.205058e+00 1.553011e-02 9.895702e-01 -1.432116e-01 7.353381e-01 -9.668397e-01 5.137719e-02 2.501627e-01 9.514230e+00
2.559907e-01 1.348008e-01 9.572343e-01 -8.184238e+00 1.506532e-02 9.895529e-01 -1.433809e-01 7.318919e-01 -9.665618e-01 5.112522e-02 2.512856e-01 9.521236e+00
2.574566e-01 1.355929e-01 9.567291e-01 -8.164274e+00 1.448549e-02 9.894529e-01 -1.441288e-01 7.287981e-01 -9.661813e-01 5.096560e-02 2.527771e-01 9.534172e+00
2.606542e-01 1.379974e-01 9.555188e-01 -8.140107e+00 1.426213e-02 9.890732e-01 -1.467339e-01 7.330164e-01 -9.653269e-01 5.187455e-02 2.558379e-01 9.536458e+00
2.651516e-01 1.414353e-01 9.537771e-01 -8.092773e+00 1.282923e-02 9.885781e-01 -1.501625e-01 7.225731e-01 -9.641214e-01 5.205206e-02 2.603086e-01 9.554230e+00
2.659726e-01 1.288036e-01 9.553367e-01 -8.029035e+00 9.709678e-03 9.906249e-01 -1.362646e-01 7.070476e-01 -9.639317e-01 4.551867e-02 2.622284e-01 9.575238e+00
2.746960e-01 1.305015e-01 9.526340e-01 -7.944828e+00 6.571201e-03 9.904690e-01 -1.375793e-01 6.925922e-01 -9.615087e-01 4.405244e-02 2.712203e-01 9.602146e+00
2.857726e-01 1.305928e-01 9.493574e-01 -7.837322e+00 4.194045e-03 9.904910e-01 -1.375136e-01 6.729377e-01 -9.582883e-01 4.327926e-02 2.825075e-01 9.646845e+00
3.001582e-01 1.308490e-01 9.448723e-01 -7.708280e+00 3.586984e-04 9.905314e-01 -1.372860e-01 6.507744e-01 -9.538894e-01 4.154644e-02 2.972692e-01 9.691284e+00
3.176791e-01 1.310729e-01 9.390952e-01 -7.559167e+00 -2.556986e-03 9.905145e-01 -1.373847e-01 6.262602e-01 -9.481948e-01 4.124299e-02 3.150009e-01 9.755553e+00
3.380934e-01 1.308220e-01 9.319756e-01 -7.388106e+00 -5.052636e-03 9.905293e-01 -1.372083e-01 6.002056e-01 -9.410990e-01 4.168028e-02 3.355524e-01 9.840289e+00
3.620250e-01 1.282117e-01 9.233091e-01 -7.187124e+00 -7.226604e-03 9.908523e-01 -1.347573e-01 5.609366e-01 -9.321404e-01 4.211315e-02 3.596399e-01 9.929026e+00
3.886110e-01 1.251293e-01 9.128659e-01 -6.979040e+00 -1.119133e-02 9.913037e-01 -1.311169e-01 5.311661e-01 -9.213339e-01 4.073727e-02 3.866319e-01 1.003248e+01
4.176025e-01 1.214229e-01 9.004802e-01 -6.753103e+00 -1.362444e-02 9.917563e-01 -1.274123e-01 4.979273e-01 -9.085277e-01 4.093917e-02 4.158142e-01 1.015430e+01
4.491176e-01 1.186049e-01 8.855655e-01 -6.512829e+00 -1.659848e-02 9.920866e-01 -1.244534e-01 4.642980e-01 -8.933185e-01 4.119518e-02 4.475322e-01 1.029953e+01
4.771485e-01 1.013447e-01 8.729597e-01 -6.257008e+00 -2.210890e-02 9.943984e-01 -1.033585e-01 4.187219e-01 -8.785446e-01 3.001718e-02 4.767163e-01 1.046715e+01
5.115688e-01 1.005859e-01 8.533345e-01 -6.009976e+00 -2.995306e-02 9.946084e-01 -9.928171e-02 3.879661e-01 -8.587201e-01 2.522945e-02 5.118235e-01 1.062931e+01
5.472188e-01 1.012324e-01 8.308451e-01 -5.736105e+00 -3.858544e-02 9.946546e-01 -9.577791e-02 3.543961e-01 -8.360997e-01 2.035296e-02 5.481998e-01 1.083808e+01
5.836478e-01 1.017957e-01 8.056009e-01 -5.455153e+00 -4.586606e-02 9.946599e-01 -9.245573e-02 3.146275e-01 -8.107105e-01 1.701185e-02 5.852000e-01 1.106964e+01
6.212355e-01 1.029216e-01 7.768356e-01 -5.173188e+00 -5.326397e-02 9.945906e-01 -8.917643e-02 2.878945e-01 -7.818116e-01 1.402221e-02 6.233570e-01 1.131953e+01
6.591931e-01 1.024154e-01 7.449668e-01 -4.859080e+00 -5.848069e-02 9.946637e-01 -8.499547e-02 2.480469e-01 -7.496962e-01 1.246226e-02 6.616648e-01 1.161096e+01
6.954388e-01 1.039668e-01 7.110244e-01 -4.579062e+00 -6.360045e-02 9.945004e-01 -8.321069e-02 2.181095e-01 -7.157652e-01 1.264647e-02 6.982265e-01 1.191868e+01
7.298787e-01 1.058931e-01 6.753250e-01 -4.306482e+00 -6.744534e-02 9.942638e-01 -8.301006e-02 1.883731e-01 -6.802413e-01 1.503975e-02 7.328339e-01 1.225520e+01
7.633467e-01 1.063109e-01 6.371811e-01 -4.025327e+00 -7.240464e-02 9.942304e-01 -7.914183e-02 1.426628e-01 -6.419185e-01 1.427779e-02 7.666400e-01 1.262961e+01
7.944921e-01 1.023841e-01 5.985814e-01 -3.761320e+00 -7.476173e-02 9.946775e-01 -7.090353e-02 9.300056e-02 -6.026549e-01 1.158132e-02 7.979179e-01 1.302553e+01
8.211472e-01 8.375583e-02 5.645372e-01 -3.459548e+00 -6.853912e-02 9.964860e-01 -4.814705e-02 5.586560e-02 -5.665860e-01 8.429355e-04 8.240022e-01 1.348198e+01
8.483490e-01 8.504785e-02 5.225619e-01 -3.134274e+00 -7.247281e-02 9.963769e-01 -4.450663e-02 5.859736e-02 -5.244537e-01 -1.143730e-04 8.514389e-01 1.399144e+01
8.724897e-01 8.935432e-02 4.803930e-01 -2.843336e+00 -7.739683e-02 9.959983e-01 -4.469008e-02 4.713123e-02 -4.824639e-01 1.810741e-03 8.759140e-01 1.451759e+01
8.941117e-01 9.540704e-02 4.375635e-01 -2.541460e+00 -8.542672e-02 9.954382e-01 -4.248704e-02 5.204737e-02 -4.396209e-01 6.085451e-04 8.981832e-01 1.509569e+01
9.133813e-01 9.097473e-02 3.968101e-01 -2.290661e+00 -8.341430e-02 9.958532e-01 -3.631063e-02 1.524535e-02 -3.984680e-01 6.581449e-05 9.171823e-01 1.568340e+01
9.292465e-01 8.782585e-02 3.588698e-01 -2.062722e+00 -8.238350e-02 9.961350e-01 -3.046182e-02 -1.208061e-02 -3.601581e-01 -1.258412e-03 9.328904e-01 1.628323e+01
9.426748e-01 8.451913e-02 3.228324e-01 -1.856345e+00 -8.001389e-02 9.964218e-01 -2.722661e-02 -2.840183e-02 -3.239784e-01 -1.652387e-04 9.460645e-01 1.688604e+01
9.542878e-01 8.069081e-02 2.877912e-01 -1.667802e+00 -7.637351e-02 9.967345e-01 -2.621696e-02 -4.627332e-02 -2.889669e-01 3.038902e-03 9.573343e-01 1.752568e+01
9.648326e-01 7.142829e-02 2.529745e-01 -1.484993e+00 -6.758651e-02 9.974282e-01 -2.385586e-02 -7.853077e-02 -2.540278e-01 5.919247e-03 9.671788e-01 1.819207e+01
9.738393e-01 6.460059e-02 2.178621e-01 -1.314812e+00 -6.126874e-02 9.978783e-01 -2.202141e-02 -1.018805e-01 -2.188224e-01 8.097182e-03 9.757311e-01 1.888721e+01
9.806863e-01 4.620311e-02 1.900519e-01 -1.172922e+00 -4.520831e-02 9.989318e-01 -9.568904e-03 -1.236732e-01 -1.902910e-01 7.921689e-04 9.817274e-01 1.960186e+01
9.864795e-01 4.540792e-02 1.574688e-01 -1.065877e+00 -4.483325e-02 9.989685e-01 -7.201477e-03 -1.335587e-01 -1.576333e-01 4.427296e-05 9.874977e-01 2.037519e+01
9.910706e-01 4.346566e-02 1.260550e-01 -9.660814e-01 -4.293799e-02 9.990539e-01 -6.901381e-03 -1.461374e-01 -1.262357e-01 1.427208e-03 9.919993e-01 2.115330e+01
9.943385e-01 4.383495e-02 9.679624e-02 -8.950400e-01 -4.324004e-02 9.990308e-01 -8.236071e-03 -1.559410e-01 -9.706345e-02 4.003969e-03 9.952701e-01 2.194373e+01
9.965011e-01 4.569400e-02 6.998350e-02 -8.476908e-01 -4.515465e-02 9.989370e-01 -9.270389e-03 -1.741257e-01 -7.033271e-02 6.077872e-03 9.975051e-01 2.277986e+01
9.977226e-01 4.913741e-02 4.620778e-02 -8.172155e-01 -4.876598e-02 9.987685e-01 -9.132174e-03 -1.887234e-01 -4.659960e-02 6.858009e-03 9.988901e-01 2.362546e+01
9.982765e-01 5.239841e-02 2.642708e-02 -8.145341e-01 -5.219620e-02 9.986025e-01 -8.284593e-03 -2.048142e-01 -2.682424e-02 6.890922e-03 9.996164e-01 2.450496e+01
9.984015e-01 5.561933e-02 1.004904e-02 -8.130967e-01 -5.554030e-02 9.984246e-01 -7.979416e-03 -2.240501e-01 -1.047702e-02 7.408533e-03 9.999177e-01 2.540672e+01
9.982552e-01 5.899936e-02 -2.375139e-03 -8.299674e-01 -5.901641e-02 9.982258e-01 -7.896927e-03 -2.421491e-01 1.905011e-03 8.023320e-03 9.999660e-01 2.633776e+01
9.980659e-01 6.107482e-02 -1.158936e-02 -8.479484e-01 -6.116172e-02 9.981012e-01 -7.298063e-03 -2.564664e-01 1.112163e-02 7.992774e-03 9.999062e-01 2.729622e+01
9.977330e-01 6.486341e-02 -1.793233e-02 -8.855536e-01 -6.492507e-02 9.978860e-01 -2.877706e-03 -2.682348e-01 1.770776e-02 4.035440e-03 9.998351e-01 2.828455e+01
9.974806e-01 6.722661e-02 -2.265179e-02 -9.036486e-01 -6.725225e-02 9.977359e-01 -3.709857e-04 -2.794665e-01 2.257557e-02 1.893435e-03 9.997433e-01 2.930520e+01
9.973067e-01 6.925064e-02 -2.415869e-02 -9.498130e-01 -6.927017e-02 9.975979e-01 2.821055e-05 -2.818924e-01 2.410261e-02 1.645342e-03 9.997081e-01 3.032823e+01
9.972405e-01 7.002388e-02 -2.466031e-02 -9.813525e-01 -7.007338e-02 9.975412e-01 -1.147526e-03 -2.851223e-01 2.451932e-02 2.872391e-03 9.996952e-01 3.137469e+01
9.970905e-01 7.183541e-02 -2.549966e-02 -1.005916e+00 -7.190899e-02 9.974092e-01 -1.979275e-03 -2.872565e-01 2.529142e-02 3.807172e-03 9.996729e-01 3.244549e+01
9.971578e-01 7.054603e-02 -2.644995e-02 -1.030909e+00 -7.057998e-02 9.975061e-01 -3.510056e-04 -2.917597e-01 2.635923e-02 2.216845e-03 9.996501e-01 3.354369e+01
9.971973e-01 6.960274e-02 -2.744029e-02 -1.059425e+00 -6.954076e-02 9.975740e-01 3.207893e-03 -3.008999e-01 2.759699e-02 -1.290684e-03 9.996183e-01 3.466180e+01
9.971811e-01 6.960677e-02 -2.801173e-02 -1.096077e+00 -6.940576e-02 9.975557e-01 8.086698e-03 -3.066914e-01 2.850616e-02 -6.119727e-03 9.995749e-01 3.579564e+01
9.971805e-01 6.909347e-02 -2.927552e-02 -1.127527e+00 -6.878779e-02 9.975670e-01 1.132416e-02 -3.111365e-01 2.998672e-02 -9.278437e-03 9.995072e-01 3.694432e+01
9.971855e-01 6.830940e-02 -3.090048e-02 -1.152913e+00 -6.792529e-02 9.976016e-01 1.331520e-02 -3.151215e-01 3.173592e-02 -1.117880e-02 9.994338e-01 3.811169e+01
9.969789e-01 6.837777e-02 -3.684487e-02 -1.204252e+00 -6.764242e-02 9.974918e-01 2.084934e-02 -2.961224e-01 3.817809e-02 -1.829407e-02 9.991035e-01 3.927505e+01
9.969105e-01 6.875141e-02 -3.798223e-02 -1.271970e+00 -6.792598e-02 9.974341e-01 2.261251e-02 -2.871820e-01 3.943941e-02 -1.996267e-02 9.990225e-01 4.043569e+01
9.969883e-01 6.717002e-02 -3.876317e-02 -1.364810e+00 -6.627444e-02 9.975141e-01 2.394563e-02 -2.582965e-01 4.027524e-02 -2.130451e-02 9.989615e-01 4.165915e+01
9.969563e-01 6.681614e-02 -4.017237e-02 -1.422487e+00 -6.581233e-02 9.974981e-01 2.581275e-02 -2.446100e-01 4.179657e-02 -2.309035e-02 9.988593e-01 4.283088e+01
9.968854e-01 6.740008e-02 -4.094680e-02 -1.509424e+00 -6.637675e-02 9.974595e-01 2.585894e-02 -2.258478e-01 4.258567e-02 -2.306048e-02 9.988266e-01 4.402604e+01
9.967810e-01 6.829912e-02 -4.198571e-02 -1.590795e+00 -6.742304e-02 9.974832e-01 2.194107e-02 -2.076827e-01 4.337860e-02 -1.903964e-02 9.988773e-01 4.520058e+01
9.966396e-01 6.957058e-02 -4.323706e-02 -1.664325e+00 -6.882414e-02 9.974569e-01 1.852083e-02 -2.034918e-01 4.441561e-02 -1.548284e-02 9.988932e-01 4.636119e+01
9.966421e-01 6.857783e-02 -4.473850e-02 -1.715618e+00 -6.776434e-02 9.975117e-01 1.945499e-02 -1.995713e-01 4.596136e-02 -1.635799e-02 9.988093e-01 4.751810e+01
9.964190e-01 7.089335e-02 -4.608036e-02 -1.782280e+00 -6.989377e-02 9.972903e-01 2.295495e-02 -1.985755e-01 4.758285e-02 -1.965202e-02 9.986740e-01 4.867797e+01
9.965845e-01 6.814257e-02 -4.664702e-02 -1.844748e+00 -6.701043e-02 9.974284e-01 2.542023e-02 -1.934234e-01 4.825926e-02 -2.220757e-02 9.985879e-01 4.984222e+01
9.953254e-01 7.272483e-02 -6.354806e-02 -1.885795e+00 -7.069207e-02 9.969296e-01 3.367406e-02 -1.832128e-01 6.580188e-02 -2.902430e-02 9.974105e-01 5.094187e+01
9.952155e-01 7.388959e-02 -6.392540e-02 -1.983507e+00 -7.198004e-02 9.969029e-01 3.167902e-02 -1.652262e-01 6.606816e-02 -2.692610e-02 9.974517e-01 5.211936e+01
9.952545e-01 7.337261e-02 -6.391356e-02 -2.078775e+00 -7.159280e-02 9.969914e-01 2.970887e-02 -1.565115e-01 6.590108e-02 -2.499213e-02 9.975131e-01 5.327875e+01
9.952829e-01 7.350362e-02 -6.331795e-02 -2.172363e+00 -7.184277e-02 9.970194e-01 2.812250e-02 -1.396219e-01 6.519633e-02 -2.344090e-02 9.975971e-01 5.442712e+01
9.953721e-01 7.217406e-02 -6.344504e-02 -2.252425e+00 -7.072838e-02 9.971886e-01 2.474718e-02 -1.325363e-01 6.505277e-02 -2.014529e-02 9.976785e-01 5.556926e+01
9.955201e-01 6.955857e-02 -6.404147e-02 -2.319027e+00 -6.828117e-02 9.974251e-01 2.192618e-02 -1.272661e-01 6.540173e-02 -1.745513e-02 9.977063e-01 5.669732e+01
9.956336e-01 6.812098e-02 -6.382293e-02 -2.406990e+00 -6.683487e-02 9.975198e-01 2.207645e-02 -1.237923e-01 6.516850e-02 -1.771446e-02 9.977170e-01 5.782611e+01
9.957581e-01 6.632278e-02 -6.377342e-02 -2.484680e+00 -6.470035e-02 9.975345e-01 2.718000e-02 -1.118843e-01 6.541884e-02 -2.293855e-02 9.975942e-01 5.896789e+01
9.959264e-01 6.377201e-02 -6.374712e-02 -2.540586e+00 -6.163472e-02 9.974866e-01 3.495183e-02 -9.980091e-02 6.581585e-02 -3.088041e-02 9.973538e-01 6.008887e+01
9.960196e-01 6.251825e-02 -6.353287e-02 -2.619680e+00 -6.012252e-02 9.974309e-01 3.894721e-02 -8.597723e-02 6.580456e-02 -3.497242e-02 9.972195e-01 6.122769e+01
9.959831e-01 6.152847e-02 -6.505357e-02 -2.682314e+00 -5.903633e-02 9.974715e-01 3.956293e-02 -7.117324e-02 6.732333e-02 -3.556349e-02 9.970972e-01 6.233728e+01
9.962476e-01 5.694092e-02 -6.517957e-02 -2.763382e+00 -5.472002e-02 9.978752e-01 3.536746e-02 -3.865363e-02 6.705493e-02 -3.166812e-02 9.972466e-01 6.346029e+01
9.962409e-01 5.688199e-02 -6.533399e-02 -2.855918e+00 -5.500333e-02 9.980292e-01 3.020353e-02 -1.726121e-02 6.692327e-02 -2.649641e-02 9.974062e-01 6.458915e+01
9.961742e-01 5.769357e-02 -6.563859e-02 -2.929782e+00 -5.611977e-02 9.980964e-01 2.557460e-02 -5.147178e-03 6.698913e-02 -2.179314e-02 9.975157e-01 6.568279e+01
9.960106e-01 6.057841e-02 -6.552211e-02 -2.997049e+00 -5.914482e-02 9.979703e-01 2.360414e-02 -2.116873e-03 6.681902e-02 -1.963468e-02 9.975719e-01 6.675996e+01
9.957789e-01 6.545690e-02 -6.434085e-02 -3.098058e+00 -6.387009e-02 9.976084e-01 2.641972e-02 7.296710e-03 6.591633e-02 -2.219874e-02 9.975782e-01 6.790275e+01
9.955651e-01 6.902283e-02 -6.392117e-02 -3.164872e+00 -6.725075e-02 9.973007e-01 2.947396e-02 1.292411e-02 6.578300e-02 -2.504450e-02 9.975196e-01 6.900243e+01
9.955053e-01 7.013787e-02 -6.363858e-02 -3.251923e+00 -6.826706e-02 9.971818e-01 3.111307e-02 2.220569e-02 6.564144e-02 -2.662881e-02 9.974879e-01 7.011939e+01
9.954868e-01 6.986798e-02 -6.422227e-02 -3.312728e+00 -6.787352e-02 9.971569e-01 3.273216e-02 3.403899e-02 6.632661e-02 -2.822544e-02 9.973987e-01 7.121095e+01
9.955967e-01 6.787314e-02 -6.465661e-02 -3.387887e+00 -6.581428e-02 9.972707e-01 3.346015e-02 5.315292e-02 6.675119e-02 -2.905749e-02 9.973464e-01 7.231248e+01
9.946164e-01 6.890748e-02 -7.739533e-02 -3.476496e+00 -6.602213e-02 9.970462e-01 3.924326e-02 8.301947e-02 7.987087e-02 -3.392218e-02 9.962279e-01 7.341805e+01
9.946326e-01 6.851282e-02 -7.753671e-02 -3.581957e+00 -6.547013e-02 9.970066e-01 4.112897e-02 1.021770e-01 8.012247e-02 -3.583188e-02 9.961408e-01 7.453143e+01
9.946177e-01 6.797694e-02 -7.819643e-02 -3.678372e+00 -6.496767e-02 9.970689e-01 4.040716e-02 1.145017e-01 8.071399e-02 -3.510944e-02 9.961188e-01 7.562970e+01
9.945730e-01 6.819001e-02 -7.857906e-02 -3.791578e+00 -6.544947e-02 9.971718e-01 3.694209e-02 1.360804e-01 8.087590e-02 -3.159864e-02 9.962232e-01 7.672857e+01
9.944514e-01 6.892482e-02 -7.947250e-02 -3.891199e+00 -6.638624e-02 9.972092e-01 3.415746e-02 1.618556e-01 8.160500e-02 -2.869206e-02 9.962517e-01 7.781978e+01
9.942785e-01 7.050709e-02 -8.024384e-02 -3.979936e+00 -6.792814e-02 9.970959e-01 3.443061e-02 1.899845e-01 8.243840e-02 -2.878280e-02 9.961804e-01 7.888998e+01
9.940448e-01 7.309594e-02 -8.082048e-02 -4.047005e+00 -7.021581e-02 9.968106e-01 3.792540e-02 2.197047e-01 8.333491e-02 -3.202467e-02 9.960069e-01 8.004783e+01
9.937974e-01 7.578967e-02 -8.137917e-02 -4.119447e+00 -7.257945e-02 9.964901e-01 4.171064e-02 2.682271e-01 8.425477e-02 -3.554547e-02 9.958100e-01 8.119095e+01
9.935486e-01 7.863710e-02 -8.171498e-02 -4.208427e+00 -7.528384e-02 9.962198e-01 4.334180e-02 2.951261e-01 8.481435e-02 -3.691037e-02 9.957129e-01 8.227769e+01
9.934241e-01 7.984669e-02 -8.205522e-02 -4.308208e+00 -7.665263e-02 9.961992e-01 4.137015e-02 3.132546e-01 8.504662e-02 -3.480835e-02 9.957688e-01 8.335034e+01
9.930161e-01 8.082313e-02 -8.594532e-02 -4.403600e+00 -7.720754e-02 9.960171e-01 4.459687e-02 3.340537e-01 8.920747e-02 -3.764978e-02 9.953012e-01 8.437401e+01
9.929821e-01 8.071199e-02 -8.644146e-02 -4.509636e+00 -7.711982e-02 9.960450e-01 4.412431e-02 3.648162e-01 8.966094e-02 -3.714830e-02 9.952793e-01 8.544163e+01
9.930024e-01 8.002905e-02 -8.684186e-02 -4.610128e+00 -7.653861e-02 9.961472e-01 4.280987e-02 3.885441e-01 8.993331e-02 -3.586355e-02 9.953019e-01 8.650642e+01
9.929947e-01 7.954159e-02 -8.737677e-02 -4.705054e+00 -7.601575e-02 9.961803e-01 4.296941e-02 4.134403e-01 9.046087e-02 -3.602638e-02 9.952482e-01 8.755500e+01
9.929953e-01 7.907667e-02 -8.779052e-02 -4.802630e+00 -7.543980e-02 9.961789e-01 4.400421e-02 4.369855e-01 9.093477e-02 -3.707307e-02 9.951665e-01 8.860253e+01
9.929956e-01 7.900917e-02 -8.784852e-02 -4.908313e+00 -7.519232e-02 9.961100e-01 4.594486e-02 4.661526e-01 9.113685e-02 -3.901751e-02 9.950737e-01 8.966695e+01
9.930419e-01 7.902157e-02 -8.731202e-02 -5.000231e+00 -7.524346e-02 9.961151e-01 4.575164e-02 4.977430e-01 9.058818e-02 -3.886364e-02 9.951298e-01 9.068051e+01
9.930945e-01 7.980120e-02 -8.599486e-02 -5.098461e+00 -7.616646e-02 9.960902e-01 4.475499e-02 5.264863e-01 8.923014e-02 -3.789601e-02 9.952898e-01 9.171858e+01
9.932555e-01 7.897368e-02 -8.489205e-02 -5.191458e+00 -7.551501e-02 9.962078e-01 4.321367e-02 5.476631e-01 8.798287e-02 -3.651159e-02 9.954526e-01 9.277019e+01
9.933747e-01 7.883920e-02 -8.361275e-02 -5.288150e+00 -7.541617e-02 9.962098e-01 4.334108e-02 5.749777e-01 8.671281e-02 -3.674818e-02 9.955554e-01 9.381236e+01
9.930525e-01 8.135606e-02 -8.501750e-02 -5.382454e+00 -7.745145e-02 9.958273e-01 4.826333e-02 6.061139e-01 8.858926e-02 -4.134329e-02 9.952099e-01 9.491051e+01
9.931538e-01 8.157646e-02 -8.361060e-02 -5.478542e+00 -7.765864e-02 9.957707e-01 4.909031e-02 6.456209e-01 8.726160e-02 -4.226114e-02 9.952886e-01 9.595486e+01
9.931080e-01 8.357063e-02 -8.217340e-02 -5.579055e+00 -7.965592e-02 9.955766e-01 4.982193e-02 6.806916e-01 8.597356e-02 -4.293296e-02 9.953719e-01 9.701422e+01
9.931125e-01 8.555080e-02 -8.005405e-02 -5.676660e+00 -8.171284e-02 9.953982e-01 5.005450e-02 7.106030e-01 8.396785e-02 -4.316831e-02 9.955330e-01 9.808649e+01
9.931055e-01 8.696294e-02 -7.860592e-02 -5.764317e+00 -8.346060e-02 9.954115e-01 4.679973e-02 7.420046e-01 8.231508e-02 -3.991657e-02 9.958067e-01 9.915648e+01
9.931735e-01 8.721218e-02 -7.746257e-02 -5.855298e+00 -8.427925e-02 9.956243e-01 4.036336e-02 7.639633e-01 8.064380e-02 -3.355933e-02 9.961779e-01 1.002204e+02
9.933354e-01 8.666753e-02 -7.598403e-02 -5.949051e+00 -8.421985e-02 9.958375e-01 3.485239e-02 7.794200e-01 7.868832e-02 -2.822075e-02 9.964997e-01 1.012405e+02
9.934264e-01 8.677483e-02 -7.465935e-02 -6.011297e+00 -8.445423e-02 9.958572e-01 3.370337e-02 7.965604e-01 7.727466e-02 -2.717652e-02 9.966394e-01 1.022972e+02
9.934729e-01 8.895044e-02 -7.140981e-02 -6.101013e+00 -8.649902e-02 9.955749e-01 3.672302e-02 8.234794e-01 7.436034e-02 -3.030645e-02 9.967708e-01 1.033226e+02
9.936708e-01 9.028068e-02 -6.684144e-02 -6.171347e+00 -8.752818e-02 9.952323e-01 4.302795e-02 8.424507e-01 7.040735e-02 -3.690511e-02 9.968354e-01 1.043310e+02
9.942567e-01 9.150499e-02 -5.550102e-02 -6.257997e+00 -8.893478e-02 9.949214e-01 4.713894e-02 8.662200e-01 5.953260e-02 -4.193223e-02 9.973453e-01 1.053584e+02
9.945914e-01 8.966061e-02 -5.242950e-02 -6.312546e+00 -8.725505e-02 9.951000e-01 4.650332e-02 8.892166e-01 5.634211e-02 -4.167706e-02 9.975413e-01 1.063883e+02
9.948803e-01 8.733577e-02 -5.084941e-02 -6.371670e+00 -8.543575e-02 9.956028e-01 3.841522e-02 9.121393e-01 5.398084e-02 -3.387419e-02 9.979672e-01 1.073798e+02
9.951882e-01 8.402608e-02 -5.039915e-02 -6.419806e+00 -8.270837e-02 9.961891e-01 2.768833e-02 9.264177e-01 5.253362e-02 -2.338666e-02 9.983453e-01 1.083605e+02
9.952807e-01 8.310932e-02 -5.009255e-02 -6.477473e+00 -8.211655e-02 9.963894e-01 2.156483e-02 9.376150e-01 5.170392e-02 -1.734964e-02 9.985117e-01 1.093434e+02
9.952146e-01 8.407831e-02 -4.978654e-02 -6.525633e+00 -8.322451e-02 9.963500e-01 1.898445e-02 9.456410e-01 5.120100e-02 -1.475014e-02 9.985794e-01 1.103242e+02
9.948891e-01 8.798564e-02 -4.954051e-02 -6.597357e+00 -8.705981e-02 9.959911e-01 2.055009e-02 9.484068e-01 5.115002e-02 -1.613207e-02 9.985607e-01 1.113405e+02
9.948371e-01 8.896381e-02 -4.883154e-02 -6.651043e+00 -8.789257e-02 9.958488e-01 2.366715e-02 9.510431e-01 5.073435e-02 -1.925303e-02 9.985266e-01 1.123510e+02
9.944370e-01 9.320954e-02 -4.906217e-02 -6.704036e+00 -9.184666e-02 9.953408e-01 2.934113e-02 9.739699e-01 5.156845e-02 -2.467171e-02 9.983647e-01 1.133724e+02
9.943247e-01 9.461284e-02 -4.864905e-02 -6.758078e+00 -9.296255e-02 9.950494e-01 3.513901e-02 9.940220e-01 5.173281e-02 -3.041705e-02 9.981976e-01 1.143914e+02
9.941267e-01 9.255348e-02 -5.608831e-02 -6.809627e+00 -9.015974e-02 9.949634e-01 4.380796e-02 1.017853e+00 5.986040e-02 -3.849376e-02 9.974643e-01 1.153830e+02
9.939435e-01 9.377727e-02 -5.728938e-02 -6.869294e+00 -9.106224e-02 9.946733e-01 4.829895e-02 1.061423e+00 6.151355e-02 -4.278953e-02 9.971886e-01 1.164337e+02
9.938908e-01 9.366465e-02 -5.837738e-02 -6.933125e+00 -9.055925e-02 9.944395e-01 5.375046e-02 1.099543e+00 6.308729e-02 -4.813548e-02 9.968465e-01 1.175017e+02
9.938364e-01 9.344287e-02 -5.964643e-02 -6.992807e+00 -9.009250e-02 9.943244e-01 5.658873e-02 1.140392e+00 6.459571e-02 -5.086624e-02 9.966143e-01 1.185630e+02
9.939120e-01 9.160963e-02 -6.120960e-02 -7.073098e+00 -8.837087e-02 9.946401e-01 5.368035e-02 1.181203e+00 6.579916e-02 -4.794440e-02 9.966804e-01 1.196621e+02
9.941312e-01 8.847007e-02 -6.225917e-02 -7.150033e+00 -8.543072e-02 9.950938e-01 4.989897e-02 1.216867e+00 6.636828e-02 -4.428727e-02 9.968119e-01 1.207431e+02
9.940389e-01 8.834213e-02 -6.389295e-02 -7.225890e+00 -8.582847e-02 9.954628e-01 4.107594e-02 1.249874e+00 6.723179e-02 -3.534725e-02 9.971111e-01 1.218177e+02
9.942242e-01 8.505107e-02 -6.545631e-02 -7.294091e+00 -8.321227e-02 9.960702e-01 3.032832e-02 1.277371e+00 6.777853e-02 -2.470638e-02 9.973944e-01 1.229109e+02
9.942587e-01 8.381737e-02 -6.651519e-02 -7.364085e+00 -8.240244e-02 9.963163e-01 2.374299e-02 1.292929e+00 6.826024e-02 -1.812566e-02 9.975029e-01 1.240101e+02
9.941933e-01 8.474259e-02 -6.632035e-02 -7.460559e+00 -8.314088e-02 9.961839e-01 2.655446e-02 1.302442e+00 6.831756e-02 -2.088634e-02 9.974450e-01 1.251525e+02
9.938117e-01 8.714877e-02 -6.887235e-02 -7.554204e+00 -8.489436e-02 9.957745e-01 3.501435e-02 1.320190e+00 7.163279e-02 -2.895079e-02 9.970108e-01 1.263051e+02
9.938542e-01 8.635603e-02 -6.925689e-02 -7.641654e+00 -8.374786e-02 9.956949e-01 3.972304e-02 1.352480e+00 7.238905e-02 -3.367879e-02 9.968077e-01 1.274444e+02
9.936806e-01 8.771916e-02 -7.003062e-02 -7.735349e+00 -8.501506e-02 9.955477e-01 4.070784e-02 1.383718e+00 7.328969e-02 -3.449693e-02 9.967139e-01 1.285800e+02
9.934490e-01 8.905414e-02 -7.161333e-02 -7.826101e+00 -8.649403e-02 9.955238e-01 3.809497e-02 1.417686e+00 7.468528e-02 -3.165129e-02 9.967047e-01 1.297166e+02
9.932164e-01 9.022135e-02 -7.335720e-02 -7.915281e+00 -8.774556e-02 9.954811e-01 3.630618e-02 1.429115e+00 7.630130e-02 -2.962313e-02 9.966447e-01 1.308749e+02
9.929770e-01 9.185591e-02 -7.456029e-02 -8.010560e+00 -8.911576e-02 9.952461e-01 3.928824e-02 1.459469e+00 7.781469e-02 -3.236782e-02 9.964423e-01 1.320263e+02
9.927770e-01 9.291136e-02 -7.590374e-02 -8.100535e+00 -8.974834e-02 9.949886e-01 4.407768e-02 1.486100e+00 7.961867e-02 -3.694707e-02 9.961404e-01 1.332231e+02
9.925808e-01 9.376414e-02 -7.740537e-02 -8.202920e+00 -9.040643e-02 9.948510e-01 4.580644e-02 1.515767e+00 8.130181e-02 -3.846865e-02 9.959469e-01 1.343945e+02
9.925026e-01 9.343376e-02 -7.879543e-02 -8.311697e+00 -8.997202e-02 9.948627e-01 4.640241e-02 1.553236e+00 8.272619e-02 -3.896513e-02 9.958103e-01 1.355468e+02
9.923077e-01 9.403261e-02 -8.051859e-02 -8.421038e+00 -9.051711e-02 9.948200e-01 4.625878e-02 1.581487e+00 8.445134e-02 -3.861464e-02 9.956791e-01 1.367140e+02
9.923235e-01 9.610847e-02 -7.782872e-02 -8.566020e+00 -9.272291e-02 9.946282e-01 4.601227e-02 1.609652e+00 8.183281e-02 -3.844255e-02 9.959044e-01 1.379201e+02
9.922112e-01 9.639087e-02 -7.890383e-02 -8.690140e+00 -9.293072e-02 9.945900e-01 4.641726e-02 1.654177e+00 8.295116e-02 -3.872313e-02 9.958010e-01 1.390904e+02
9.919270e-01 9.811673e-02 -8.033700e-02 -8.696880e+00 -9.439758e-02 9.943348e-01 4.886136e-02 1.649793e+00 8.467599e-02 -4.088328e-02 9.955695e-01 1.400943e+02
9.917385e-01 9.944105e-02 -8.103189e-02 -8.762599e+00 -9.566713e-02 9.941965e-01 4.920491e-02 1.673520e+00 8.545461e-02 -4.104632e-02 9.954962e-01 1.411901e+02
9.917468e-01 9.988849e-02 -8.037717e-02 -8.927824e+00 -9.636420e-02 9.942546e-01 4.660167e-02 1.732571e+00 8.457034e-02 -3.847158e-02 9.956745e-01 1.424128e+02
9.916813e-01 1.004967e-01 -8.042785e-02 -9.026168e+00 -9.721351e-02 9.943012e-01 4.375595e-02 1.774940e+00 8.436684e-02 -3.557328e-02 9.957996e-01 1.435300e+02
9.917947e-01 9.931230e-02 -8.050087e-02 -9.127761e+00 -9.592443e-02 9.943744e-01 4.492220e-02 1.805885e+00 8.450933e-02 -3.683160e-02 9.957417e-01 1.446671e+02
9.918050e-01 9.911513e-02 -8.061705e-02 -9.277634e+00 -9.535086e-02 9.942230e-01 4.928343e-02 1.848351e+00 8.503605e-02 -4.119265e-02 9.955260e-01 1.458829e+02
9.918503e-01 9.800463e-02 -8.141245e-02 -9.411518e+00 -9.386401e-02 9.941612e-01 5.322705e-02 1.891747e+00 8.615359e-02 -4.515157e-02 9.952582e-01 1.470499e+02
9.917179e-01 9.833317e-02 -8.262052e-02 -9.520476e+00 -9.409693e-02 9.941137e-01 5.370020e-02 1.932579e+00 8.741470e-02 -4.548112e-02 9.951332e-01 1.481567e+02
9.921787e-01 1.005058e-01 -7.402708e-02 -9.625971e+00 -9.701621e-02 9.940598e-01 4.932471e-02 1.962739e+00 7.854477e-02 -4.175710e-02 9.960357e-01 1.493074e+02
9.919511e-01 1.019288e-01 -7.512305e-02 -9.746762e+00 -9.871443e-02 9.940826e-01 4.533573e-02 2.001374e+00 7.929953e-02 -3.755510e-02 9.961432e-01 1.504620e+02
9.919187e-01 1.025387e-01 -7.472033e-02 -9.858835e+00 -9.956002e-02 9.941208e-01 4.256387e-02 2.029423e+00 7.864548e-02 -3.478074e-02 9.962957e-01 1.515863e+02
9.918265e-01 1.042012e-01 -7.363610e-02 -9.960672e+00 -1.012588e-01 9.939463e-01 4.263118e-02 2.064440e+00 7.763255e-02 -3.482643e-02 9.963736e-01 1.526929e+02
9.920256e-01 1.038630e-01 -7.139830e-02 -1.006328e+01 -1.009123e-01 9.939320e-01 4.377091e-02 2.092600e+00 7.551123e-02 -3.621690e-02 9.964870e-01 1.537977e+02
9.921209e-01 1.040326e-01 -6.980985e-02 -1.015131e+01 -1.010675e-01 9.938727e-01 4.474940e-02 2.116189e+00 7.403750e-02 -3.734130e-02 9.965561e-01 1.548952e+02
9.921308e-01 1.050734e-01 -6.808818e-02 -1.024965e+01 -1.022010e-01 9.937729e-01 4.438820e-02 2.136109e+00 7.232821e-02 -3.708022e-02 9.966914e-01 1.559991e+02
9.922768e-01 1.051300e-01 -6.583706e-02 -1.035899e+01 -1.023918e-01 9.937848e-01 4.367793e-02 2.161916e+00 7.001973e-02 -3.659942e-02 9.968740e-01 1.570795e+02
9.922768e-01 1.063375e-01 -6.386758e-02 -1.045424e+01 -1.036784e-01 9.936545e-01 4.360732e-02 2.195716e+00 6.809940e-02 -3.664885e-02 9.970052e-01 1.581759e+02
9.922821e-01 1.073433e-01 -6.207814e-02 -1.053406e+01 -1.047060e-01 9.935165e-01 4.429044e-02 2.220458e+00 6.642994e-02 -3.744865e-02 9.970881e-01 1.592642e+02
9.930882e-01 1.086615e-01 -4.436796e-02 -1.061443e+01 -1.070043e-01 9.935258e-01 3.816450e-02 2.250833e+00 4.822772e-02 -3.315315e-02 9.982860e-01 1.603535e+02
9.929517e-01 1.103608e-01 -4.321316e-02 -1.067799e+01 -1.088807e-01 9.934303e-01 3.523047e-02 2.276539e+00 4.681733e-02 -3.027708e-02 9.984445e-01 1.614229e+02
9.931312e-01 1.095383e-01 -4.113228e-02 -1.073777e+01 -1.081822e-01 9.935540e-01 3.386902e-02 2.292405e+00 4.457709e-02 -2.918660e-02 9.985795e-01 1.624750e+02
9.929590e-01 1.115892e-01 -3.975289e-02 -1.078439e+01 -1.103865e-01 9.933967e-01 3.127085e-02 2.318378e+00 4.297988e-02 -2.666249e-02 9.987201e-01 1.635486e+02
9.928146e-01 1.134169e-01 -3.815337e-02 -1.082823e+01 -1.123357e-01 9.932357e-01 2.938611e-02 2.330400e+00 4.122817e-02 -2.488897e-02 9.988397e-01 1.645854e+02
9.932725e-01 1.096754e-01 -3.716284e-02 -1.086408e+01 -1.087822e-01 9.937445e-01 2.526531e-02 2.345651e+00 3.970135e-02 -2.105268e-02 9.989898e-01 1.656292e+02
9.935690e-01 1.076196e-01 -3.519474e-02 -1.089208e+01 -1.067090e-01 9.939289e-01 2.680696e-02 2.351782e+00 3.786602e-02 -2.287897e-02 9.990209e-01 1.666722e+02
9.938527e-01 1.057385e-01 -3.280586e-02 -1.094443e+01 -1.048123e-01 9.940756e-01 2.877639e-02 2.365933e+00 3.565428e-02 -2.516104e-02 9.990474e-01 1.677057e+02
9.936584e-01 1.077296e-01 -3.220836e-02 -1.098046e+01 -1.067834e-01 9.938360e-01 2.978678e-02 2.381128e+00 3.521875e-02 -2.615857e-02 9.990372e-01 1.687166e+02
9.932239e-01 1.117642e-01 -3.186079e-02 -1.102215e+01 -1.110110e-01 9.935170e-01 2.450677e-02 2.390245e+00 3.439322e-02 -2.080381e-02 9.991918e-01 1.697326e+02
9.929860e-01 1.177853e-01 -1.026288e-02 -1.107231e+01 -1.176964e-01 9.930100e-01 8.875425e-03 2.403076e+00 1.123654e-02 -7.605268e-03 9.999079e-01 1.707429e+02
9.921884e-01 1.242882e-01 -1.070508e-02 -1.109202e+01 -1.242284e-01 9.922350e-01 6.084065e-03 2.392097e+00 1.137813e-02 -4.706665e-03 9.999242e-01 1.717530e+02
9.919662e-01 1.259850e-01 -1.144059e-02 -1.111176e+01 -1.258904e-01 9.920065e-01 8.649083e-03 2.382039e+00 1.243879e-02 -7.139337e-03 9.998971e-01 1.727840e+02
9.917281e-01 1.275818e-01 -1.407929e-02 -1.112671e+01 -1.274559e-01 9.917987e-01 9.508854e-03 2.378963e+00 1.517697e-02 -7.635710e-03 9.998557e-01 1.738174e+02
9.920013e-01 1.252705e-01 -1.551289e-02 -1.118709e+01 -1.251040e-01 9.920795e-01 1.127657e-02 2.379101e+00 1.680265e-02 -9.245646e-03 9.998161e-01 1.748089e+02
9.927977e-01 1.185194e-01 -1.748673e-02 -1.120529e+01 -1.183188e-01 9.929020e-01 1.209655e-02 2.374490e+00 1.879629e-02 -9.940422e-03 9.997739e-01 1.758364e+02
9.932059e-01 1.149252e-01 -1.828429e-02 -1.123257e+01 -1.146203e-01 9.932650e-01 1.693543e-02 2.375551e+00 2.010746e-02 -1.472461e-02 9.996894e-01 1.768782e+02
9.931661e-01 1.150581e-01 -1.956374e-02 -1.125962e+01 -1.146116e-01 9.931534e-01 2.259521e-02 2.395826e+00 2.202956e-02 -2.019857e-02 9.995533e-01 1.779443e+02
9.935839e-01 1.112553e-01 -2.032862e-02 -1.128639e+01 -1.105598e-01 9.933338e-01 3.262546e-02 2.399499e+00 2.382286e-02 -3.016861e-02 9.992609e-01 1.789957e+02
9.939909e-01 1.073552e-01 -2.137777e-02 -1.130611e+01 -1.065149e-01 9.936156e-01 3.718332e-02 2.415440e+00 2.523311e-02 -3.468283e-02 9.990798e-01 1.800391e+02
9.945324e-01 1.043512e-01 4.008522e-03 -1.134269e+01 -1.044179e-01 9.942400e-01 2.416072e-02 2.443725e+00 -1.464234e-03 -2.444718e-02 9.997001e-01 1.811307e+02
9.943130e-01 1.064819e-01 1.818112e-03 -1.137226e+01 -1.064974e-01 9.941494e-01 1.803308e-02 2.453916e+00 1.127220e-04 -1.812415e-02 9.998357e-01 1.822099e+02
9.943750e-01 1.059165e-01 -2.917332e-04 -1.137120e+01 -1.059061e-01 9.943096e-01 1.149878e-02 2.455841e+00 1.507983e-03 -1.140320e-02 9.999338e-01 1.832823e+02
9.941915e-01 1.076226e-01 -7.565115e-04 -1.138351e+01 -1.076138e-01 9.941639e-01 7.574393e-03 2.465661e+00 1.567272e-03 -7.448986e-03 9.999710e-01 1.843879e+02
9.941358e-01 1.081387e-01 3.309314e-04 -1.139469e+01 -1.081391e-01 9.941252e-01 4.595732e-03 2.463085e+00 1.679892e-04 -4.604568e-03 9.999894e-01 1.854857e+02
9.936080e-01 1.128747e-01 1.543411e-03 -1.141285e+01 -1.128804e-01 9.935992e-01 4.311901e-03 2.440806e+00 -1.046827e-03 -4.458560e-03 9.999895e-01 1.865771e+02
9.940970e-01 1.084598e-01 2.772212e-03 -1.143755e+01 -1.084678e-01 9.940956e-01 2.946513e-03 2.443595e+00 -2.436266e-03 -3.229816e-03 9.999918e-01 1.877541e+02
9.941653e-01 1.078368e-01 2.553787e-03 -1.145454e+01 -1.078402e-01 9.941675e-01 1.248075e-03 2.443284e+00 -2.404303e-03 -1.516193e-03 9.999960e-01 1.889016e+02
9.941266e-01 1.081789e-01 3.110650e-03 -1.147821e+01 -1.081815e-01 9.941309e-01 6.937114e-04 2.427980e+00 -3.017348e-03 -1.026152e-03 9.999949e-01 1.900684e+02
9.940429e-01 1.089152e-01 4.011301e-03 -1.148901e+01 -1.089214e-01 9.940494e-01 1.353687e-03 2.416805e+00 -3.839994e-03 -1.782540e-03 9.999910e-01 1.912073e+02
9.938562e-01 1.106766e-01 6.858409e-04 -1.150839e+01 -1.106787e-01 9.938312e-01 7.059525e-03 2.404402e+00 9.971416e-05 -7.092061e-03 9.999748e-01 1.923270e+02
9.937039e-01 1.120279e-01 1.542108e-03 -1.151419e+01 -1.120370e-01 9.936678e-01 8.483907e-03 2.401001e+00 -5.819094e-04 -8.603265e-03 9.999628e-01 1.934814e+02
9.937154e-01 1.119052e-01 2.641396e-03 -1.151999e+01 -1.119276e-01 9.936566e-01 1.090036e-02 2.392849e+00 -1.404833e-03 -1.112750e-02 9.999371e-01 1.946325e+02
9.940218e-01 1.091210e-01 3.630467e-03 -1.152173e+01 -1.091530e-01 9.939722e-01 1.023691e-02 2.384246e+00 -2.491521e-03 -1.057199e-02 9.999410e-01 1.957752e+02
9.942440e-01 1.070969e-01 3.013229e-03 -1.151272e+01 -1.071118e-01 9.942328e-01 5.304234e-03 2.375253e+00 -2.427785e-03 -5.596455e-03 9.999814e-01 1.969025e+02
9.942189e-01 1.073311e-01 2.971012e-03 -1.151319e+01 -1.073344e-01 9.942225e-01 9.566511e-04 2.360135e+00 -2.851169e-03 -1.270012e-03 9.999951e-01 1.980136e+02
9.940985e-01 1.083989e-01 4.224572e-03 -1.153713e+01 -1.084150e-01 9.940985e-01 3.800137e-03 2.351325e+00 -3.787710e-03 -4.235717e-03 9.999839e-01 1.991562e+02
9.937157e-01 1.117970e-01 5.525633e-03 -1.155247e+01 -1.118406e-01 9.936912e-01 8.341635e-03 2.339355e+00 -4.558203e-03 -8.907204e-03 9.999499e-01 2.002845e+02
9.931453e-01 1.166875e-01 6.815427e-03 -1.156992e+01 -1.167545e-01 9.931061e-01 1.042899e-02 2.325711e+00 -5.551508e-03 -1.115324e-02 9.999224e-01 2.014228e+02
9.930207e-01 1.176201e-01 8.685904e-03 -1.161168e+01 -1.176946e-01 9.930123e-01 8.631157e-03 2.324526e+00 -7.610012e-03 -9.593202e-03 9.999250e-01 2.025939e+02
9.926479e-01 1.183977e-01 2.514331e-02 -1.163878e+01 -1.184753e-01 9.929557e-01 1.615613e-03 2.317171e+00 -2.477491e-02 -4.582597e-03 9.996826e-01 2.037402e+02
9.928158e-01 1.168608e-01 2.569697e-02 -1.163289e+01 -1.169775e-01 9.931298e-01 3.080632e-03 2.299463e+00 -2.516042e-02 -6.064469e-03 9.996650e-01 2.048867e+02
9.928065e-01 1.170845e-01 2.502798e-02 -1.161333e+01 -1.171803e-01 9.931078e-01 2.390282e-03 2.279774e+00 -2.457562e-02 -5.305874e-03 9.996839e-01 2.060023e+02
9.926577e-01 1.183152e-01 2.514389e-02 -1.159636e+01 -1.184033e-01 9.929635e-01 2.041976e-03 2.260597e+00 -2.472536e-02 -5.004103e-03 9.996818e-01 2.071005e+02
9.926755e-01 1.181035e-01 2.543599e-02 -1.156845e+01 -1.182678e-01 9.929689e-01 5.051659e-03 2.239959e+00 -2.466053e-02 -8.022917e-03 9.996637e-01 2.081741e+02
9.923250e-01 1.206447e-01 2.712785e-02 -1.156949e+01 -1.209232e-01 9.926223e-01 8.866130e-03 2.226026e+00 -2.585806e-02 -1.207847e-02 9.995927e-01 2.092495e+02
9.923920e-01 1.198354e-01 2.824096e-02 -1.154954e+01 -1.201705e-01 9.926980e-01 1.047716e-02 2.216724e+00 -2.677921e-02 -1.379118e-02 9.995462e-01 2.103265e+02
9.923454e-01 1.199256e-01 2.947098e-02 -1.152847e+01 -1.202909e-01 9.926784e-01 1.094452e-02 2.208441e+00 -2.794268e-02 -1.440583e-02 9.995057e-01 2.113887e+02
9.924058e-01 1.190366e-01 3.100154e-02 -1.151017e+01 -1.194265e-01 9.927817e-01 1.104014e-02 2.202153e+00 -2.946358e-02 -1.465871e-02 9.994584e-01 2.124583e+02
9.920798e-01 1.214328e-01 3.212187e-02 -1.148636e+01 -1.217925e-01 9.925103e-01 9.482950e-03 2.176845e+00 -3.072975e-02 -1.332005e-02 9.994390e-01 2.134673e+02
9.899127e-01 1.176794e-01 7.889462e-02 -1.145289e+01 -1.172157e-01 9.930510e-01 -1.049830e-02 2.152701e+00 -7.958182e-02 1.144712e-03 9.968277e-01 2.144330e+02
9.894952e-01 1.208010e-01 7.941233e-02 -1.137702e+01 -1.200954e-01 9.926689e-01 -1.362051e-02 2.117905e+00 -8.047553e-02 3.940379e-03 9.967488e-01 2.154187e+02
9.891593e-01 1.228651e-01 8.042465e-02 -1.130557e+01 -1.221729e-01 9.924171e-01 -1.349090e-02 2.084253e+00 -8.147236e-02 3.518941e-03 9.966694e-01 2.164078e+02
9.889164e-01 1.245630e-01 8.079835e-02 -1.122433e+01 -1.241123e-01 9.922116e-01 -1.059621e-02 2.049760e+00 -8.148896e-02 4.506952e-04 9.966741e-01 2.173848e+02
9.890841e-01 1.237722e-01 7.995628e-02 -1.112628e+01 -1.232302e-01 9.923092e-01 -1.169699e-02 2.010771e+00 -8.078911e-02 1.716280e-03 9.967297e-01 2.183560e+02
9.894580e-01 1.211166e-01 7.939595e-02 -1.104635e+01 -1.204042e-01 9.926302e-01 -1.371649e-02 1.976202e+00 -8.047211e-02 4.012279e-03 9.967488e-01 2.193147e+02
9.893834e-01 1.219462e-01 7.905496e-02 -1.097214e+01 -1.211189e-01 9.925217e-01 -1.519554e-02 1.943555e+00 -8.031680e-02 5.459170e-03 9.967544e-01 2.202535e+02
9.891781e-01 1.238750e-01 7.862336e-02 -1.085185e+01 -1.230777e-01 9.922848e-01 -1.492522e-02 1.903362e+00 -7.986562e-02 5.086915e-03 9.967927e-01 2.211899e+02
9.895804e-01 1.214422e-01 7.734590e-02 -1.071435e+01 -1.207838e-01 9.925917e-01 -1.315108e-02 1.853376e+00 -7.837000e-02 3.671914e-03 9.969176e-01 2.221523e+02
9.899037e-01 1.204507e-01 7.471530e-02 -1.052711e+01 -1.198877e-01 9.927150e-01 -1.199034e-02 1.776203e+00 -7.561525e-02 2.911835e-03 9.971328e-01 2.231410e+02
9.590817e-01 1.238844e-01 -2.545879e-01 -1.029674e+01 -1.097437e-01 9.915569e-01 6.907343e-02 1.730174e+00 2.609955e-01 -3.830762e-02 9.645796e-01 2.242782e+02
9.595102e-01 1.219377e-01 -2.539123e-01 -1.073703e+01 -1.081552e-01 9.918327e-01 6.760503e-02 1.841508e+00 2.600821e-01 -3.740578e-02 9.648617e-01 2.259334e+02
9.607807e-01 1.173768e-01 -2.512433e-01 -1.118740e+01 -1.037920e-01 9.923598e-01 6.670290e-02 1.949808e+00 2.571531e-01 -3.800982e-02 9.656229e-01 2.275783e+02
9.610542e-01 1.169431e-01 -2.503980e-01 -1.140685e+01 -1.036788e-01 9.924470e-01 6.557119e-02 2.007226e+00 2.561748e-01 -3.705652e-02 9.659199e-01 2.285131e+02
9.615006e-01 1.171761e-01 -2.485688e-01 -1.163946e+01 -1.040288e-01 9.924197e-01 6.543104e-02 2.043667e+00 2.543515e-01 -3.705367e-02 9.664017e-01 2.294361e+02
9.615910e-01 1.183323e-01 -2.476696e-01 -1.186517e+01 -1.054559e-01 9.923186e-01 6.467454e-02 2.078943e+00 2.534202e-01 -3.607225e-02 9.666835e-01 2.303566e+02
9.628458e-01 1.111302e-01 -2.461260e-01 -1.208041e+01 -9.837207e-02 9.931167e-01 6.357787e-02 2.130135e+00 2.514972e-01 -3.700377e-02 9.671504e-01 2.312932e+02
9.626895e-01 1.113307e-01 -2.466464e-01 -1.230214e+01 -1.002771e-01 9.933270e-01 5.697269e-02 2.174475e+00 2.513433e-01 -3.011403e-02 9.674294e-01 2.322408e+02
9.628066e-01 1.098994e-01 -2.468312e-01 -1.253502e+01 -1.014070e-01 9.937390e-01 4.689836e-02 2.217180e+00 2.504399e-01 -2.012363e-02 9.679230e-01 2.331457e+02
9.623847e-01 1.048999e-01 -2.506228e-01 -1.276053e+01 -9.835975e-02 9.944053e-01 3.851652e-02 2.258517e+00 2.532610e-01 -1.241651e-02 9.673183e-01 2.340633e+02
9.716957e-01 1.019768e-01 -2.130920e-01 -1.297483e+01 -9.861356e-02 9.947760e-01 2.638184e-02 2.286779e+00 2.146691e-01 -4.621361e-03 9.766759e-01 2.347475e+02
9.700511e-01 1.067338e-01 -2.181943e-01 -1.319103e+01 -1.024012e-01 9.942568e-01 3.110289e-02 2.310758e+00 2.202609e-01 -7.828047e-03 9.754096e-01 2.356801e+02
9.680870e-01 1.088810e-01 -2.257267e-01 -1.341605e+01 -1.032509e-01 9.939804e-01 3.663620e-02 2.328163e+00 2.283569e-01 -1.216055e-02 9.735015e-01 2.365709e+02
9.659809e-01 1.130404e-01 -2.326000e-01 -1.365166e+01 -1.049642e-01 9.933717e-01 4.685189e-02 2.361897e+00 2.363544e-01 -2.084336e-02 9.714433e-01 2.374958e+02
9.636683e-01 1.193503e-01 -2.389539e-01 -1.391410e+01 -1.085892e-01 9.924077e-01 5.775273e-02 2.392037e+00 2.440325e-01 -2.970667e-02 9.693120e-01 2.384000e+02
9.614161e-01 1.246041e-01 -2.452609e-01 -1.416236e+01 -1.117969e-01 9.915686e-01 6.552271e-02 2.443048e+00 2.513573e-01 -3.557519e-02 9.672403e-01 2.393384e+02
9.600066e-01 1.249718e-01 -2.505382e-01 -1.442912e+01 -1.110396e-01 9.914142e-01 6.905151e-02 2.491981e+00 2.570166e-01 -3.847025e-02 9.656410e-01 2.403016e+02
9.585923e-01 1.263370e-01 -2.552248e-01 -1.470460e+01 -1.125363e-01 9.913159e-01 6.803189e-02 2.540176e+00 2.616033e-01 -3.649280e-02 9.644853e-01 2.412602e+02
9.571990e-01 1.338459e-01 -2.566228e-01 -1.502623e+01 -1.208750e-01 9.904883e-01 6.574385e-02 2.605170e+00 2.629814e-01 -3.191067e-02 9.642730e-01 2.422614e+02
9.574462e-01 1.346139e-01 -2.552958e-01 -1.531552e+01 -1.231960e-01 9.905501e-01 6.027615e-02 2.658813e+00 2.609973e-01 -2.625974e-02 9.649823e-01 2.432503e+02
9.586058e-01 1.323634e-01 -2.521007e-01 -1.560227e+01 -1.211436e-01 9.908447e-01 5.958983e-02 2.713252e+00 2.576802e-01 -2.658277e-02 9.658645e-01 2.442726e+02
9.597897e-01 1.278335e-01 -2.499246e-01 -1.585524e+01 -1.171856e-01 9.914675e-01 5.709431e-02 2.766206e+00 2.550907e-01 -2.551097e-02 9.665805e-01 2.452581e+02
9.604415e-01 1.254470e-01 -2.486266e-01 -1.610442e+01 -1.150069e-01 9.917770e-01 5.614070e-02 2.800993e+00 2.536248e-01 -2.532609e-02 9.669711e-01 2.462470e+02
9.616085e-01 1.187679e-01 -2.473927e-01 -1.636278e+01 -1.092770e-01 9.926608e-01 5.179842e-02 2.846656e+00 2.517291e-01 -2.277546e-02 9.675297e-01 2.472678e+02
9.619973e-01 1.180690e-01 -2.462129e-01 -1.665531e+01 -1.098109e-01 9.928380e-01 4.705553e-02 2.887378e+00 2.500054e-01 -1.823044e-02 9.680728e-01 2.483232e+02
9.624184e-01 1.178148e-01 -2.446846e-01 -1.693364e+01 -1.103026e-01 9.929134e-01 4.423109e-02 2.923099e+00 2.481617e-01 -1.557947e-02 9.685933e-01 2.493792e+02
9.625780e-01 1.192089e-01 -2.433780e-01 -1.721461e+01 -1.114524e-01 9.927301e-01 4.544644e-02 2.970018e+00 2.470263e-01 -1.662068e-02 9.688662e-01 2.504413e+02
9.625154e-01 1.219465e-01 -2.422666e-01 -1.746657e+01 -1.131916e-01 9.923250e-01 4.978764e-02 3.000020e+00 2.464786e-01 -2.049883e-02 9.689314e-01 2.515057e+02
9.626319e-01 1.231746e-01 -2.411801e-01 -1.773148e+01 -1.137064e-01 9.921080e-01 5.284471e-02 3.038305e+00 2.457858e-01 -2.344628e-02 9.690406e-01 2.525801e+02
9.633818e-01 1.207914e-01 -2.393847e-01 -1.806171e+01 -1.110005e-01 9.923511e-01 5.402034e-02 3.097205e+00 2.440788e-01 -2.547040e-02 9.694208e-01 2.537313e+02
9.638516e-01 1.183382e-01 -2.387178e-01 -1.834011e+01 -1.086095e-01 9.926410e-01 5.355262e-02 3.144628e+00 2.432983e-01 -2.568977e-02 9.696112e-01 2.548473e+02
9.644086e-01 1.140215e-01 -2.385688e-01 -1.860511e+01 -1.049987e-01 9.932027e-01 5.023651e-02 3.188937e+00 2.426752e-01 -2.339912e-02 9.698253e-01 2.559564e+02
9.642870e-01 1.136122e-01 -2.392547e-01 -1.889718e+01 -1.057168e-01 9.933492e-01 4.562193e-02 3.234998e+00 2.428466e-01 -1.869939e-02 9.698845e-01 2.571113e+02
9.646024e-01 1.106974e-01 -2.393497e-01 -1.917594e+01 -1.035063e-01 9.937226e-01 4.244883e-02 3.274448e+00 2.425462e-01 -1.617204e-02 9.700051e-01 2.582397e+02
9.645160e-01 1.137403e-01 -2.382690e-01 -1.947410e+01 -1.058925e-01 9.933349e-01 4.552498e-02 3.320749e+00 2.418590e-01 -1.867866e-02 9.701316e-01 2.593785e+02
9.645975e-01 1.165951e-01 -2.365529e-01 -1.979205e+01 -1.074488e-01 9.928893e-01 5.124090e-02 3.366139e+00 2.408453e-01 -2.400952e-02 9.702665e-01 2.605658e+02
9.645996e-01 1.171577e-01 -2.362661e-01 -2.007240e+01 -1.071092e-01 9.927264e-01 5.497223e-02 3.414886e+00 2.409880e-01 -2.771992e-02 9.701322e-01 2.617215e+02
9.645863e-01 1.187921e-01 -2.355031e-01 -2.035915e+01 -1.081636e-01 9.924634e-01 5.759414e-02 3.457269e+00 2.405700e-01 -3.008164e-02 9.701655e-01 2.628775e+02
9.646341e-01 1.188995e-01 -2.352530e-01 -2.064182e+01 -1.082918e-01 9.924517e-01 5.755516e-02 3.507647e+00 2.403205e-01 -3.004369e-02 9.702285e-01 2.640169e+02
9.644768e-01 1.203924e-01 -2.351387e-01 -2.092189e+01 -1.096415e-01 9.922587e-01 5.832195e-02 3.550089e+00 2.403400e-01 -3.046920e-02 9.702105e-01 2.651616e+02
9.641897e-01 1.220473e-01 -2.354629e-01 -2.119464e+01 -1.121669e-01 9.921683e-01 5.496104e-02 3.590396e+00 2.403266e-01 -2.658172e-02 9.703280e-01 2.662932e+02
9.644375e-01 1.200018e-01 -2.354992e-01 -2.148179e+01 -1.107620e-01 9.924789e-01 5.212876e-02 3.627360e+00 2.399835e-01 -2.419058e-02 9.704755e-01 2.674343e+02
9.643578e-01 1.205848e-01 -2.355279e-01 -2.176363e+01 -1.119222e-01 9.924654e-01 4.985915e-02 3.651863e+00 2.397656e-01 -2.172125e-02 9.705878e-01 2.685447e+02
9.644706e-01 1.209018e-01 -2.349027e-01 -2.206756e+01 -1.125830e-01 9.924551e-01 4.855900e-02 3.685371e+00 2.390013e-01 -2.038767e-02 9.708052e-01 2.696852e+02
9.649805e-01 1.176923e-01 -2.344378e-01 -2.234052e+01 -1.087267e-01 9.927700e-01 5.085467e-02 3.717798e+00 2.387281e-01 -2.358412e-02 9.708000e-01 2.708169e+02
9.651165e-01 1.185822e-01 -2.334274e-01 -2.263071e+01 -1.084319e-01 9.925313e-01 5.589386e-02 3.742086e+00 2.383121e-01 -2.863310e-02 9.707665e-01 2.719547e+02
9.650493e-01 1.224144e-01 -2.317211e-01 -2.296824e+01 -1.115887e-01 9.919828e-01 5.931419e-02 3.781063e+00 2.371242e-01 -3.138367e-02 9.709723e-01 2.731162e+02
9.646979e-01 1.256566e-01 -2.314486e-01 -2.327866e+01 -1.155358e-01 9.916762e-01 5.683127e-02 3.824663e+00 2.366633e-01 -2.808440e-02 9.711857e-01 2.742704e+02
9.642820e-01 1.291881e-01 -2.312372e-01 -2.356111e+01 -1.201175e-01 9.913468e-01 5.294614e-02 3.866875e+00 2.360763e-01 -2.327938e-02 9.714556e-01 2.753782e+02
9.638793e-01 1.335964e-01 -2.304097e-01 -2.384086e+01 -1.248174e-01 9.907986e-01 5.233341e-02 3.901399e+00 2.352811e-01 -2.168395e-02 9.716854e-01 2.764714e+02
9.636895e-01 1.358972e-01 -2.298578e-01 -2.411612e+01 -1.270356e-01 9.904816e-01 5.299277e-02 3.930476e+00 2.348714e-01 -2.186845e-02 9.717804e-01 2.775718e+02
9.635767e-01 1.362461e-01 -2.301237e-01 -2.436888e+01 -1.270038e-01 9.903994e-01 5.458018e-02 3.958719e+00 2.353508e-01 -2.336560e-02 9.716296e-01 2.786366e+02
9.636079e-01 1.352103e-01 -2.306036e-01 -2.464289e+01 -1.252883e-01 9.904695e-01 5.721025e-02 3.997188e+00 2.361413e-01 -2.623630e-02 9.713645e-01 2.797326e+02
9.636158e-01 1.335231e-01 -2.315517e-01 -2.492501e+01 -1.227500e-01 9.905984e-01 6.039221e-02 4.048174e+00 2.374385e-01 -2.977193e-02 9.709462e-01 2.808442e+02
9.634101e-01 1.333795e-01 -2.324885e-01 -2.519464e+01 -1.225541e-01 9.906180e-01 6.046857e-02 4.085662e+00 2.383725e-01 -2.976362e-02 9.707176e-01 2.819126e+02
9.631617e-01 1.336271e-01 -2.333738e-01 -2.550730e+01 -1.234356e-01 9.906672e-01 5.781076e-02 4.133509e+00 2.389209e-01 -2.687446e-02 9.706671e-01 2.829900e+02
9.626746e-01 1.345206e-01 -2.348657e-01 -2.576981e+01 -1.245466e-01 9.905828e-01 5.686623e-02 4.152334e+00 2.403037e-01 -2.549195e-02 9.703630e-01 2.840284e+02
9.622248e-01 1.362692e-01 -2.356993e-01 -2.606884e+01 -1.262929e-01 9.903546e-01 5.699099e-02 4.197033e+00 2.411920e-01 -2.507101e-02 9.701535e-01 2.850733e+02
9.618132e-01 1.371502e-01 -2.368652e-01 -2.631775e+01 -1.267382e-01 9.901970e-01 5.871386e-02 4.234006e+00 2.425959e-01 -2.645190e-02 9.697667e-01 2.860782e+02
9.613896e-01 1.383266e-01 -2.378986e-01 -2.656410e+01 -1.268788e-01 9.899248e-01 6.285432e-02 4.277637e+00 2.441962e-01 -3.024320e-02 9.692541e-01 2.870799e+02
9.611321e-01 1.405997e-01 -2.376063e-01 -2.684744e+01 -1.277452e-01 9.894222e-01 6.873747e-02 4.315395e+00 2.447575e-01 -3.571272e-02 9.689264e-01 2.880722e+02
9.609873e-01 1.415803e-01 -2.376099e-01 -2.710820e+01 -1.280659e-01 9.891878e-01 7.146075e-02 4.356193e+00 2.451582e-01 -3.824314e-02 9.687285e-01 2.890407e+02
9.608554e-01 1.425018e-01 -2.375923e-01 -2.740810e+01 -1.296613e-01 9.891612e-01 6.890580e-02 4.398611e+00 2.448363e-01 -3.540196e-02 9.689179e-01 2.899963e+02
9.606796e-01 1.422028e-01 -2.384808e-01 -2.767123e+01 -1.307214e-01 9.893917e-01 6.337162e-02 4.447336e+00 2.449626e-01 -2.970528e-02 9.690774e-01 2.909329e+02
9.606239e-01 1.412509e-01 -2.392694e-01 -2.793730e+01 -1.306654e-01 9.896320e-01 5.962371e-02 4.483415e+00 2.452106e-01 -2.601173e-02 9.691208e-01 2.918817e+02
9.607806e-01 1.406158e-01 -2.390142e-01 -2.819881e+01 -1.300935e-01 9.897253e-01 5.932568e-02 4.510812e+00 2.449006e-01 -2.590477e-02 9.692021e-01 2.928070e+02
9.605071e-01 1.410296e-01 -2.398681e-01 -2.841535e+01 -1.304779e-01 9.896703e-01 5.939840e-02 4.553048e+00 2.457673e-01 -2.575509e-02 9.689866e-01 2.937360e+02
9.606346e-01 1.423007e-01 -2.386036e-01 -2.869601e+01 -1.316173e-01 9.894704e-01 6.020926e-02 4.587418e+00 2.446590e-01 -2.643473e-02 9.692488e-01 2.946759e+02
9.606333e-01 1.452134e-01 -2.368477e-01 -2.895906e+01 -1.348046e-01 9.890748e-01 5.965478e-02 4.626576e+00 2.429228e-01 -2.537820e-02 9.697136e-01 2.956006e+02
9.607767e-01 1.473042e-01 -2.349672e-01 -2.919742e+01 -1.377379e-01 9.888438e-01 5.671204e-02 4.656231e+00 2.406998e-01 -2.212371e-02 9.703474e-01 2.965150e+02
9.605965e-01 1.498355e-01 -2.341019e-01 -2.942693e+01 -1.418810e-01 9.885918e-01 5.055796e-02 4.683482e+00 2.390066e-01 -1.535118e-02 9.708966e-01 2.974326e+02
9.604359e-01 1.528923e-01 -2.327806e-01 -2.965281e+01 -1.462058e-01 9.881926e-01 4.581849e-02 4.706638e+00 2.370374e-01 -9.971839e-03 9.714494e-01 2.983432e+02
9.609534e-01 1.531905e-01 -2.304369e-01 -2.991705e+01 -1.473170e-01 9.881721e-01 4.258744e-02 4.754632e+00 2.342353e-01 -6.977265e-03 9.721549e-01 2.992833e+02
9.611897e-01 1.557724e-01 -2.277043e-01 -3.016774e+01 -1.500588e-01 9.877716e-01 4.230317e-02 4.794407e+00 2.315095e-01 -6.492347e-03 9.728110e-01 3.002335e+02
9.615482e-01 1.580562e-01 -2.245960e-01 -3.038989e+01 -1.523304e-01 9.874063e-01 4.271090e-02 4.816359e+00 2.285182e-01 -6.855796e-03 9.735155e-01 3.011357e+02
9.621343e-01 1.591751e-01 -2.212709e-01 -3.059955e+01 -1.530603e-01 9.872087e-01 4.462604e-02 4.844147e+00 2.255439e-01 -9.068454e-03 9.741908e-01 3.020427e+02
9.632540e-01 1.571221e-01 -2.178404e-01 -3.082345e+01 -1.509558e-01 9.875261e-01 4.477292e-02 4.863956e+00 2.221579e-01 -1.024343e-02 9.749569e-01 3.029811e+02
9.638224e-01 1.577239e-01 -2.148709e-01 -3.100322e+01 -1.511492e-01 9.874025e-01 4.680000e-02 4.876184e+00 2.195455e-01 -1.262933e-02 9.755205e-01 3.038839e+02
9.645972e-01 1.571153e-01 -2.118185e-01 -3.120028e+01 -1.506598e-01 9.874969e-01 4.638363e-02 4.909594e+00 2.164577e-01 -1.282898e-02 9.762077e-01 3.048174e+02
9.653523e-01 1.569456e-01 -2.084779e-01 -3.141565e+01 -1.503610e-01 9.875054e-01 4.716706e-02 4.934668e+00 2.132757e-01 -1.418587e-02 9.768891e-01 3.057566e+02
9.661735e-01 1.584241e-01 -2.034959e-01 -3.168461e+01 -1.516176e-01 9.872380e-01 4.871553e-02 4.969586e+00 2.086166e-01 -1.621409e-02 9.778631e-01 3.067292e+02
9.665095e-01 1.610726e-01 -1.997876e-01 -3.186675e+01 -1.537940e-01 9.867580e-01 5.153624e-02 4.994316e+00 2.054431e-01 -1.908413e-02 9.784830e-01 3.076615e+02
9.668203e-01 1.637277e-01 -1.960913e-01 -3.207381e+01 -1.566197e-01 9.863242e-01 5.133048e-02 5.033612e+00 2.018138e-01 -1.891559e-02 9.792412e-01 3.086352e+02
9.672137e-01 1.650760e-01 -1.929961e-01 -3.228362e+01 -1.590151e-01 9.861761e-01 4.659365e-02 5.072811e+00 1.980196e-01 -1.437672e-02 9.800926e-01 3.096256e+02
9.678861e-01 1.645930e-01 -1.900150e-01 -3.247426e+01 -1.592441e-01 9.862940e-01 4.319109e-02 5.100030e+00 1.945196e-01 -1.154529e-02 9.808307e-01 3.106219e+02
9.689939e-01 1.629377e-01 -1.857473e-01 -3.267035e+01 -1.573254e-01 9.865362e-01 4.466584e-02 5.134501e+00 1.905242e-01 -1.405815e-02 9.815818e-01 3.116268e+02
9.699634e-01 1.622964e-01 -1.811928e-01 -3.286013e+01 -1.562349e-01 9.865850e-01 4.733696e-02 5.169568e+00 1.864447e-01 -1.760648e-02 9.823077e-01 3.126406e+02
9.709422e-01 1.593327e-01 -1.785620e-01 -3.304734e+01 -1.541586e-01 9.871283e-01 4.257766e-02 5.196238e+00 1.830476e-01 -1.381358e-02 9.830070e-01 3.136710e+02
9.717356e-01 1.570865e-01 -1.762208e-01 -3.325528e+01 -1.538014e-01 9.875758e-01 3.223565e-02 5.233835e+00 1.790952e-01 -4.221532e-03 9.838227e-01 3.147042e+02
9.725462e-01 1.557082e-01 -1.729415e-01 -3.344479e+01 -1.534360e-01 9.878028e-01 2.651456e-02 5.242244e+00 1.749606e-01 7.488142e-04 9.845751e-01 3.157302e+02
9.731693e-01 1.569457e-01 -1.682543e-01 -3.363771e+01 -1.543198e-01 9.876054e-01 2.865393e-02 5.261345e+00 1.706660e-01 -1.920152e-03 9.853271e-01 3.167691e+02
9.737756e-01 1.592809e-01 -1.624518e-01 -3.384557e+01 -1.555927e-01 9.871917e-01 3.526212e-02 5.281724e+00 1.659876e-01 -9.061078e-03 9.860862e-01 3.178416e+02
9.743726e-01 1.595250e-01 -1.585867e-01 -3.400251e+01 -1.558575e-01 9.871457e-01 3.538170e-02 5.313421e+00 1.621924e-01 -9.758037e-03 9.867109e-01 3.189035e+02
9.751730e-01 1.590793e-01 -1.540497e-01 -3.422677e+01 -1.561255e-01 9.872454e-01 3.116516e-02 5.337203e+00 1.570426e-01 -6.340343e-03 9.875715e-01 3.200135e+02
9.756357e-01 1.596058e-01 -1.505354e-01 -3.439974e+01 -1.573209e-01 9.871771e-01 2.704580e-02 5.346179e+00 1.529217e-01 -2.704488e-03 9.882346e-01 3.210961e+02
9.761409e-01 1.600636e-01 -1.467264e-01 -3.458086e+01 -1.583124e-01 9.871067e-01 2.361260e-02 5.357988e+00 1.486142e-01 1.793965e-04 9.888952e-01 3.221924e+02
9.767263e-01 1.599397e-01 -1.429164e-01 -3.474090e+01 -1.585780e-01 9.871243e-01 2.094266e-02 5.364806e+00 1.444258e-01 2.208161e-03 9.895132e-01 3.232877e+02
9.773032e-01 1.604507e-01 -1.383255e-01 -3.492752e+01 -1.591358e-01 9.870420e-01 2.058611e-02 5.376843e+00 1.398361e-01 1.893669e-03 9.901728e-01 3.244163e+02
9.776199e-01 1.626807e-01 -1.333951e-01 -3.507082e+01 -1.607120e-01 9.866727e-01 2.546815e-02 5.382842e+00 1.357605e-01 -3.459977e-03 9.907356e-01 3.255336e+02
9.783947e-01 1.623103e-01 -1.280596e-01 -3.523305e+01 -1.597773e-01 9.867008e-01 2.988018e-02 5.401580e+00 1.312063e-01 -8.773595e-03 9.913163e-01 3.266649e+02
9.789519e-01 1.622775e-01 -1.237705e-01 -3.537337e+01 -1.595881e-01 9.866839e-01 3.140970e-02 5.422550e+00 1.272195e-01 -1.099629e-02 9.918136e-01 3.277712e+02
9.794857e-01 1.617970e-01 -1.201226e-01 -3.549852e+01 -1.591007e-01 9.867510e-01 3.177149e-02 5.448742e+00 1.236716e-01 -1.200813e-02 9.922505e-01 3.288881e+02
9.803943e-01 1.586534e-01 -1.168597e-01 -3.564359e+01 -1.560741e-01 9.872600e-01 3.096019e-02 5.473294e+00 1.202828e-01 -1.211442e-02 9.926657e-01 3.300209e+02
9.809281e-01 1.561414e-01 -1.157585e-01 -3.577743e+01 -1.539913e-01 9.876937e-01 2.734546e-02 5.489106e+00 1.186037e-01 -8.998129e-03 9.929009e-01 3.311642e+02
9.809874e-01 1.557115e-01 -1.158347e-01 -3.590247e+01 -1.541834e-01 9.877952e-01 2.209224e-02 5.516060e+00 1.178609e-01 -3.812427e-03 9.930228e-01 3.323095e+02
9.809789e-01 1.560561e-01 -1.154426e-01 -3.603328e+01 -1.548157e-01 9.877471e-01 1.968897e-02 5.523203e+00 1.171007e-01 -1.442126e-03 9.931190e-01 3.334815e+02
9.809990e-01 1.566102e-01 -1.145169e-01 -3.617345e+01 -1.552491e-01 9.876571e-01 2.076491e-02 5.541538e+00 1.163555e-01 -2.591698e-03 9.932043e-01 3.346445e+02
9.808466e-01 1.584014e-01 -1.133529e-01 -3.631525e+01 -1.567042e-01 9.873591e-01 2.378660e-02 5.559452e+00 1.156878e-01 -5.568124e-03 9.932700e-01 3.358334e+02
9.810625e-01 1.573038e-01 -1.130131e-01 -3.645096e+01 -1.555391e-01 9.875303e-01 2.432158e-02 5.581130e+00 1.154298e-01 -6.283027e-03 9.932958e-01 3.370363e+02
9.812264e-01 1.559205e-01 -1.135056e-01 -3.658542e+01 -1.543281e-01 9.877580e-01 2.273849e-02 5.596869e+00 1.156615e-01 -4.794501e-03 9.932771e-01 3.382384e+02
9.812416e-01 1.552353e-01 -1.143102e-01 -3.672298e+01 -1.538325e-01 9.878728e-01 2.104721e-02 5.609491e+00 1.161912e-01 -3.067774e-03 9.932221e-01 3.394372e+02
9.811947e-01 1.547683e-01 -1.153416e-01 -3.685688e+01 -1.534239e-01 9.879478e-01 2.049806e-02 5.622239e+00 1.171240e-01 -2.416429e-03 9.931144e-01 3.406454e+02
9.810734e-01 1.553020e-01 -1.156555e-01 -3.700009e+01 -1.537728e-01 9.878594e-01 2.208401e-02 5.634305e+00 1.176810e-01 -3.881376e-03 9.930439e-01 3.418656e+02
9.812678e-01 1.544919e-01 -1.150899e-01 -3.715020e+01 -1.524671e-01 9.879600e-01 2.624700e-02 5.642088e+00 1.177591e-01 -8.207915e-03 9.930083e-01 3.430632e+02
9.814095e-01 1.539004e-01 -1.146734e-01 -3.730530e+01 -1.514035e-01 9.880098e-01 3.022720e-02 5.663819e+00 1.179505e-01 -1.230330e-02 9.929433e-01 3.442625e+02
9.812582e-01 1.541872e-01 -1.155796e-01 -3.744815e+01 -1.515322e-01 9.879512e-01 3.146967e-02 5.683400e+00 1.190393e-01 -1.336584e-02 9.927996e-01 3.454700e+02
9.813220e-01 1.528367e-01 -1.168246e-01 -3.758532e+01 -1.504343e-01 9.881897e-01 2.916457e-02 5.707888e+00 1.199023e-01 -1.104541e-02 9.927243e-01 3.466552e+02
9.809508e-01 1.543403e-01 -1.179598e-01 -3.773181e+01 -1.522216e-01 9.879824e-01 2.681967e-02 5.723018e+00 1.206816e-01 -8.352756e-03 9.926561e-01 3.478364e+02
9.803225e-01 1.566369e-01 -1.201356e-01 -3.787142e+01 -1.547041e-01 9.876366e-01 2.530870e-02 5.733117e+00 1.226146e-01 -6.225217e-03 9.924348e-01 3.490310e+02
9.798776e-01 1.576776e-01 -1.223829e-01 -3.800187e+01 -1.557241e-01 9.874733e-01 2.542752e-02 5.732815e+00 1.248592e-01 -5.857898e-03 9.921572e-01 3.502354e+02
9.796764e-01 1.578900e-01 -1.237128e-01 -3.815232e+01 -1.558562e-01 9.874372e-01 2.601072e-02 5.743878e+00 1.262655e-01 -6.200679e-03 9.919771e-01 3.514257e+02
9.792570e-01 1.594182e-01 -1.250665e-01 -3.829784e+01 -1.572335e-01 9.871864e-01 2.721333e-02 5.753552e+00 1.278023e-01 -6.984202e-03 9.917751e-01 3.526076e+02
9.787711e-01 1.612074e-01 -1.265670e-01 -3.844694e+01 -1.590150e-01 9.868985e-01 2.730602e-02 5.757937e+00 1.293107e-01 -6.600289e-03 9.915822e-01 3.538013e+02
9.782237e-01 1.629933e-01 -1.284971e-01 -3.859957e+01 -1.609662e-01 9.866154e-01 2.607686e-02 5.770545e+00 1.310275e-01 -4.825324e-03 9.913670e-01 3.549960e+02
9.778088e-01 1.640874e-01 -1.302511e-01 -3.875167e+01 -1.620888e-01 9.864369e-01 2.587360e-02 5.785265e+00 1.327300e-01 -4.187201e-03 9.911434e-01 3.561837e+02
9.774305e-01 1.645970e-01 -1.324293e-01 -3.889077e+01 -1.624562e-01 9.863494e-01 2.688648e-02 5.804997e+00 1.350470e-01 -4.765708e-03 9.908277e-01 3.573621e+02
9.772698e-01 1.636417e-01 -1.347782e-01 -3.904402e+01 -1.614271e-01 9.865077e-01 2.727443e-02 5.814022e+00 1.374230e-01 -4.897617e-03 9.905003e-01 3.585370e+02
9.770556e-01 1.625046e-01 -1.376760e-01 -3.921721e+01 -1.609394e-01 9.867078e-01 2.250011e-02 5.827189e+00 1.395024e-01 1.736422e-04 9.902217e-01 3.596971e+02
9.772326e-01 1.587102e-01 -1.408105e-01 -3.938662e+01 -1.576783e-01 9.873167e-01 1.852811e-02 5.833397e+00 1.419651e-01 4.096477e-03 9.898632e-01 3.608542e+02
9.774566e-01 1.559308e-01 -1.423525e-01 -3.955113e+01 -1.542742e-01 9.877680e-01 2.266958e-02 5.839404e+00 1.441461e-01 -1.972119e-04 9.895564e-01 3.620034e+02
9.769731e-01 1.586167e-01 -1.427037e-01 -3.971139e+01 -1.553725e-01 9.872820e-01 3.366932e-02 5.852335e+00 1.462293e-01 -1.072179e-02 9.891926e-01 3.631616e+02
9.765148e-01 1.613831e-01 -1.427384e-01 -3.987467e+01 -1.569659e-01 9.867208e-01 4.175833e-02 5.874075e+00 1.475820e-01 -1.837257e-02 9.888792e-01 3.643150e+02
9.762610e-01 1.625184e-01 -1.431863e-01 -4.004623e+01 -1.577577e-01 9.864938e-01 4.407361e-02 5.905179e+00 1.484151e-01 -2.043862e-02 9.887139e-01 3.654395e+02
9.751447e-01 1.682175e-01 -1.442074e-01 -4.022390e+01 -1.640594e-01 9.856252e-01 4.034297e-02 5.932587e+00 1.489208e-01 -1.568166e-02 9.887248e-01 3.665452e+02
9.741033e-01 1.722198e-01 -1.465030e-01 -4.040037e+01 -1.693923e-01 9.850402e-01 3.165624e-02 5.956397e+00 1.497632e-01 -6.019960e-03 9.887036e-01 3.676365e+02
9.733177e-01 1.746115e-01 -1.488740e-01 -4.055700e+01 -1.725206e-01 9.846373e-01 2.694651e-02 5.974859e+00 1.512920e-01 -5.436984e-04 9.884890e-01 3.687688e+02
9.726110e-01 1.776345e-01 -1.499125e-01 -4.071756e+01 -1.754079e-01 9.840960e-01 2.805412e-02 5.983744e+00 1.525117e-01 -9.899062e-04 9.883012e-01 3.699045e+02
9.720649e-01 1.806123e-01 -1.498964e-01 -4.089749e+01 -1.777897e-01 9.835437e-01 3.213548e-02 5.997038e+00 1.532337e-01 -4.587737e-03 9.881793e-01 3.709934e+02
9.715105e-01 1.828773e-01 -1.507426e-01 -4.106757e+01 -1.796154e-01 9.831107e-01 3.509511e-02 6.017298e+00 1.546148e-01 -7.019558e-03 9.879499e-01 3.720984e+02
9.711522e-01 1.831696e-01 -1.526836e-01 -4.121154e+01 -1.796533e-01 9.830475e-01 3.663627e-02 6.033067e+00 1.568059e-01 -8.149281e-03 9.875958e-01 3.731467e+02
9.704989e-01 1.848352e-01 -1.548153e-01 -4.139303e+01 -1.814635e-01 9.827473e-01 3.575977e-02 6.040179e+00 1.587540e-01 -6.611499e-03 9.872960e-01 3.742148e+02
