1.000000e+00 0.000000e+00 0.000000e+00 0.000000e+00 0.000000e+00 1.000000e+00 0.000000e+00 0.000000e+00 0.000000e+00 0.000000e+00 1.000000e+00 0.000000e+00
9.999988e-01 5.328736e-04 1.442835e-03 1.426192e-02 -5.313177e-04 9.999993e-01 -1.078535e-03 -2.536706e-02 -1.443409e-03 1.077768e-03 9.999984e-01 1.251360e+00
9.999943e-01 2.017819e-03 2.692829e-03 1.066134e-02 -2.016132e-03 9.999978e-01 -6.290886e-04 -4.057404e-02 -2.694092e-03 6.236560e-04 9.999962e-01 2.445327e+00
9.999906e-01 2.638201e-03 3.443529e-03 3.870970e-02 -2.635604e-03 9.999962e-01 -7.584933e-04 -4.443336e-02 -3.445517e-03 7.494104e-04 9.999938e-01 3.682522e+00
9.999921e-01 1.987907e-03 3.451647e-03 4.335964e-02 -1.984438e-03 9.999975e-01 -1.008235e-03 -6.569927e-02 -3.453643e-03 1.001377e-03 9.999935e-01 4.871855e+00
9.999919e-01 1.546629e-03 3.718717e-03 5.954880e-02 -1.543302e-03 9.999984e-01 -8.972062e-04 -9.468674e-02 -3.720099e-03 8.914598e-04 9.999927e-01 6.086380e+00
9.999832e-01 3.762769e-03 4.413283e-03 7.428756e-02 -3.751723e-03 9.999898e-01 -2.508694e-03 -9.585276e-02 -4.422678e-03 2.492094e-03 9.999871e-01 7.340952e+00
9.999768e-01 3.983962e-03 5.531698e-03 7.407442e-02 -3.967707e-03 9.999878e-01 -2.946493e-03 -1.172895e-01 -5.543369e-03 2.924477e-03 9.999804e-01 8.547071e+00
9.999813e-01 3.083618e-03 5.284639e-03 7.654906e-02 -3.075543e-03 9.999941e-01 -1.535362e-03 -1.431961e-01 -5.289342e-03 1.519080e-03 9.999849e-01 9.747811e+00
9.999894e-01 2.845755e-03 3.620313e-03 8.887237e-02 -2.843333e-03 9.999957e-01 -6.739866e-04 -1.677132e-01 -3.622215e-03 6.636857e-04 9.999932e-01 1.096579e+01
9.999937e-01 1.734545e-03 -3.099522e-03 9.703703e-02 -1.735334e-03 9.999985e-01 -2.518728e-04 -1.916339e-01 3.099080e-03 2.572499e-04 9.999952e-01 1.215754e+01
9.999817e-01 2.473024e-03 -5.518572e-03 9.460582e-02 -2.477755e-03 9.999966e-01 -8.506452e-04 -2.114073e-01 5.516449e-03 8.643033e-04 9.999844e-01 1.335789e+01
9.999705e-01 3.169253e-03 -6.990876e-03 8.029772e-02 -3.175220e-03 9.999946e-01 -8.425591e-04 -2.375169e-01 6.988168e-03 8.647319e-04 9.999752e-01 1.455176e+01
9.999603e-01 4.289762e-03 -7.803837e-03 5.672933e-02 -4.299134e-03 9.999901e-01 -1.184597e-03 -2.585624e-01 7.798678e-03 1.218100e-03 9.999688e-01 1.576033e+01
9.999609e-01 4.083644e-03 -7.839828e-03 2.972142e-02 -4.091948e-03 9.999911e-01 -1.043550e-03 -2.848785e-01 7.835497e-03 1.075589e-03 9.999687e-01 1.697180e+01
9.999491e-01 4.176354e-03 -9.188964e-03 3.306364e-02 -4.184183e-03 9.999909e-01 -8.329666e-04 -3.010812e-01 9.185402e-03 8.713725e-04 9.999574e-01 1.816032e+01
9.999505e-01 4.299307e-03 -8.969492e-03 1.096476e-02 -4.307818e-03 9.999903e-01 -9.297206e-04 -3.207137e-01 8.965407e-03 9.683136e-04 9.999593e-01 1.939473e+01
9.999412e-01 4.635111e-03 -9.802003e-03 -2.917495e-03 -4.652360e-03 9.999877e-01 -1.737638e-03 -3.534915e-01 9.793828e-03 1.783138e-03 9.999504e-01 2.060683e+01
9.999334e-01 5.728995e-03 -1.001599e-02 -1.098543e-02 -5.760461e-03 9.999786e-01 -3.115560e-03 -3.569232e-01 9.997928e-03 3.173049e-03 9.999450e-01 2.187647e+01
9.999139e-01 6.885822e-03 -1.117141e-02 -1.943287e-02 -6.915140e-03 9.999727e-01 -2.587875e-03 -3.881908e-01 1.115328e-02 2.664904e-03 9.999342e-01 2.310373e+01
9.998078e-01 6.849112e-03 -1.837179e-02 -2.952862e-02 -6.884940e-03 9.999745e-01 -1.887630e-03 -4.056130e-01 1.835839e-02 2.013756e-03 9.998294e-01 2.433002e+01
9.997843e-01 6.980998e-03 -1.955831e-02 -4.476382e-02 -7.033237e-03 9.999719e-01 -2.603416e-03 -4.328162e-01 1.953959e-02 2.740413e-03 9.998053e-01 2.554555e+01
9.997628e-01 7.372980e-03 -2.049443e-02 -6.318964e-02 -7.418933e-03 9.999701e-01 -2.167119e-03 -4.579064e-01 2.047784e-02 2.318651e-03 9.997876e-01 2.678962e+01
9.997629e-01 5.661362e-03 -2.102371e-02 -1.030195e-01 -5.671303e-03 9.999838e-01 -4.132847e-04 -4.836137e-01 2.102103e-02 5.324186e-04 9.997789e-01 2.797079e+01
9.997416e-01 5.405674e-03 -2.207870e-02 -1.321420e-01 -5.419412e-03 9.999852e-01 -5.624042e-04 -4.986211e-01 2.207533e-02 6.819125e-04 9.997561e-01 2.916189e+01
9.997256e-01 5.122540e-03 -2.285691e-02 -1.583488e-01 -5.160546e-03 9.999854e-01 -1.604128e-03 -5.159966e-01 2.284836e-02 1.721642e-03 9.997375e-01 3.037396e+01
9.996991e-01 5.413922e-03 -2.392330e-02 -1.828861e-01 -5.485068e-03 9.999807e-01 -2.909280e-03 -5.296805e-01 2.390709e-02 3.039626e-03 9.997096e-01 3.162202e+01
9.996924e-01 6.365530e-03 -2.397062e-02 -2.456264e-01 -6.432327e-03 9.999756e-01 -2.710566e-03 -5.645179e-01 2.395278e-02 2.863919e-03 9.997090e-01 3.286340e+01
9.996740e-01 6.587701e-03 -2.466902e-02 -2.782675e-01 -6.638149e-03 9.999760e-01 -1.963672e-03 -5.914376e-01 2.465549e-02 2.126789e-03 9.996937e-01 3.406278e+01
9.996597e-01 6.729981e-03 -2.520444e-02 -3.159058e-01 -6.770016e-03 9.999760e-01 -1.503402e-03 -6.158472e-01 2.519372e-02 1.673525e-03 9.996812e-01 3.524801e+01
9.997670e-01 6.322179e-03 -2.063923e-02 -3.298556e-01 -6.412500e-03 9.999701e-01 -4.312935e-03 -6.416319e-01 2.061135e-02 4.444279e-03 9.997777e-01 3.648298e+01
9.997517e-01 6.205790e-03 -2.139941e-02 -3.523327e-01 -6.296396e-03 9.999715e-01 -4.169284e-03 -6.781481e-01 2.137292e-02 4.302988e-03 9.997623e-01 3.769042e+01
9.997629e-01 5.360254e-03 -2.110529e-02 -3.951111e-01 -5.440663e-03 9.999782e-01 -3.754297e-03 -7.016376e-01 2.108470e-02 3.868233e-03 9.997702e-01 3.889086e+01
9.997682e-01 5.499924e-03 -2.081530e-02 -4.330569e-01 -5.551413e-03 9.999817e-01 -2.416654e-03 -7.334088e-01 2.080162e-02 2.531649e-03 9.997804e-01 4.010138e+01
9.997666e-01 5.968537e-03 -2.076547e-02 -4.634027e-01 -6.012560e-03 9.999798e-01 -2.058242e-03 -7.514056e-01 2.075277e-02 2.182615e-03 9.997823e-01 4.134639e+01
9.997721e-01 6.823091e-03 -2.023096e-02 -5.085240e-01 -6.876707e-03 9.999730e-01 -2.581833e-03 -7.786664e-01 2.021280e-02 2.720367e-03 9.997920e-01 4.257091e+01
9.997775e-01 8.165270e-03 -1.945074e-02 -5.561244e-01 -8.221628e-03 9.999622e-01 -2.819280e-03 -8.045469e-01 1.942698e-02 2.978570e-03 9.998068e-01 4.379919e+01
9.997682e-01 1.095327e-02 -1.853431e-02 -5.916735e-01 -1.097133e-02 9.999394e-01 -8.731292e-04 -8.317169e-01 1.852363e-02 1.076273e-03 9.998278e-01 4.501265e+01
9.997791e-01 1.213644e-02 -1.716048e-02 -6.197301e-01 -1.210530e-02 9.999249e-01 1.917418e-03 -8.415181e-01 1.718247e-02 -1.709262e-03 9.998509e-01 4.619995e+01
9.998030e-01 1.282492e-02 -1.514624e-02 -6.497397e-01 -1.276193e-02 9.999095e-01 4.248298e-03 -8.514969e-01 1.519935e-02 -4.054166e-03 9.998763e-01 4.740253e+01
9.998836e-01 1.353934e-02 -7.032765e-03 -6.671972e-01 -1.347379e-02 9.998661e-01 9.285933e-03 -8.606889e-01 7.157549e-03 -9.190094e-03 9.999322e-01 4.862709e+01
9.999032e-01 1.269002e-02 -5.707234e-03 -6.762863e-01 -1.262982e-02 9.998655e-01 1.046408e-02 -8.711575e-01 5.839255e-03 -1.039099e-02 9.999290e-01 4.983942e+01
9.999101e-01 1.252280e-02 -4.794848e-03 -6.704779e-01 -1.248084e-02 9.998844e-01 8.683230e-03 -8.674374e-01 4.903032e-03 -8.622605e-03 9.999508e-01 5.105780e+01
9.999105e-01 1.293609e-02 -3.401164e-03 -6.908654e-01 -1.291297e-02 9.998939e-01 6.735085e-03 -8.787623e-01 3.487929e-03 -6.690563e-03 9.999715e-01 5.225904e+01
9.999190e-01 1.246095e-02 -2.585309e-03 -7.167727e-01 -1.244474e-02 9.999034e-01 6.193519e-03 -8.963914e-01 2.662236e-03 -6.160844e-03 9.999775e-01 5.344857e+01
9.999173e-01 1.272807e-02 -1.830767e-03 -7.387107e-01 -1.271766e-02 9.999035e-01 5.585046e-03 -9.051765e-01 1.901678e-03 -5.561301e-03 9.999827e-01 5.464982e+01
9.999192e-01 1.261970e-02 -1.504818e-03 -7.784874e-01 -1.261247e-02 9.999093e-01 4.717528e-03 -9.231706e-01 1.564216e-03 -4.698168e-03 9.999877e-01 5.585720e+01
9.999304e-01 1.128920e-02 -3.432669e-03 -8.170431e-01 -1.127063e-02 9.999220e-01 5.381448e-03 -9.480734e-01 3.493154e-03 -5.342385e-03 9.999796e-01 5.699638e+01
9.999297e-01 1.085966e-02 -4.757303e-03 -8.487129e-01 -1.082766e-02 9.999189e-01 6.700069e-03 -9.657746e-01 4.829678e-03 -6.648088e-03 9.999662e-01 5.814966e+01
9.999273e-01 1.053702e-02 -5.857291e-03 -8.605875e-01 -1.049869e-02 9.999235e-01 6.537614e-03 -9.722884e-01 5.925730e-03 -6.475645e-03 9.999615e-01 5.937317e+01
9.998795e-01 1.241233e-02 -9.327006e-03 -8.760409e-01 -1.237928e-02 9.999169e-01 3.592932e-03 -9.831899e-01 9.370828e-03 -3.477037e-03 9.999500e-01 6.059841e+01
9.998914e-01 1.131754e-02 -9.436856e-03 -9.209373e-01 -1.128314e-02 9.999295e-01 3.690962e-03 -1.017098e+00 9.477964e-03 -3.584084e-03 9.999487e-01 6.178728e+01
9.998725e-01 1.251283e-02 -9.915726e-03 -9.157713e-01 -1.248825e-02 9.999188e-01 2.537473e-03 -1.010824e+00 9.946671e-03 -2.413319e-03 9.999476e-01 6.301358e+01
9.998757e-01 1.200989e-02 -1.021328e-02 -9.358262e-01 -1.199508e-02 9.999269e-01 1.510228e-03 -1.026948e+00 1.023067e-02 -1.387531e-03 9.999467e-01 6.424581e+01
9.998975e-01 9.784796e-03 -1.045293e-02 -9.688604e-01 -9.757800e-03 9.999489e-01 2.630487e-03 -1.059132e+00 1.047814e-02 -2.528220e-03 9.999419e-01 6.545078e+01
9.998845e-01 1.043194e-02 -1.105055e-02 -9.793467e-01 -1.039109e-02 9.999390e-01 3.748178e-03 -1.067113e+00 1.108897e-02 -3.632918e-03 9.999319e-01 6.665863e+01
9.998766e-01 1.120214e-02 -1.101258e-02 -1.007507e+00 -1.117931e-02 9.999352e-01 2.132809e-03 -1.086278e+00 1.103576e-02 -2.009433e-03 9.999371e-01 6.784367e+01
9.998525e-01 1.355370e-02 -1.054712e-02 -1.047423e+00 -1.354265e-02 9.999077e-01 1.118676e-03 -1.109808e+00 1.056131e-02 -9.756751e-04 9.999438e-01 6.903989e+01
9.998263e-01 1.533407e-02 -1.059722e-02 -1.090136e+00 -1.531815e-02 9.998814e-01 1.582516e-03 -1.136256e+00 1.062023e-02 -1.419911e-03 9.999426e-01 7.021388e+01
9.998087e-01 1.680522e-02 -1.001148e-02 -1.136463e+00 -1.678342e-02 9.998566e-01 2.257829e-03 -1.171714e+00 1.004799e-02 -2.089370e-03 9.999473e-01 7.137074e+01
9.998049e-01 1.880469e-02 -6.047130e-03 -1.146301e+00 -1.879495e-02 9.998220e-01 1.662827e-03 -1.190496e+00 6.077323e-03 -1.548847e-03 9.999803e-01 7.257602e+01
9.997931e-01 1.962841e-02 -5.340675e-03 -1.157707e+00 -1.961651e-02 9.998050e-01 2.271603e-03 -1.204892e+00 5.384222e-03 -2.166368e-03 9.999832e-01 7.378641e+01
9.997723e-01 2.110882e-02 -3.125526e-03 -1.175224e+00 -2.109940e-02 9.997728e-01 3.016271e-03 -1.225027e+00 3.188486e-03 -2.949637e-03 9.999906e-01 7.498347e+01
9.998024e-01 1.987679e-02 -4.029934e-04 -1.180888e+00 -1.987657e-02 9.998023e-01 5.506553e-04 -1.242832e+00 4.138590e-04 -5.425364e-04 9.999998e-01 7.618420e+01
9.998626e-01 1.645446e-02 2.026611e-03 -1.178909e+00 -1.644524e-02 9.998547e-01 -4.485471e-03 -1.268171e+00 -2.100123e-03 4.451526e-03 9.999879e-01 7.737502e+01
9.998443e-01 1.707016e-02 4.465234e-03 -1.184775e+00 -1.704772e-02 9.998421e-01 -5.016065e-03 -1.291140e+00 -4.550154e-03 4.939162e-03 9.999775e-01 7.855623e+01
9.998350e-01 1.646592e-02 7.671931e-03 -1.189609e+00 -1.645441e-02 9.998634e-01 -1.560991e-03 -1.320125e+00 -7.696586e-03 1.434496e-03 9.999694e-01 7.976057e+01
9.997924e-01 1.707924e-02 1.110838e-02 -1.183370e+00 -1.707671e-02 9.998541e-01 -3.224635e-04 -1.346884e+00 -1.111226e-02 1.327021e-04 9.999382e-01 8.093920e+01
9.997230e-01 1.774606e-02 1.546076e-02 -1.183893e+00 -1.771505e-02 9.998408e-01 -2.140992e-03 -1.377150e+00 -1.549630e-02 1.866511e-03 9.998782e-01 8.216238e+01
9.996675e-01 1.739263e-02 1.903455e-02 -1.167510e+00 -1.729611e-02 9.998368e-01 -5.224138e-03 -1.403520e+00 -1.912231e-02 4.893178e-03 9.998052e-01 8.333137e+01
9.991467e-01 1.717316e-02 3.756200e-02 -1.154079e+00 -1.680645e-02 9.998082e-01 -1.005712e-02 -1.433479e+00 -3.772751e-02 9.417251e-03 9.992437e-01 8.448097e+01
9.990228e-01 1.665748e-02 4.093761e-02 -1.115029e+00 -1.622414e-02 9.998090e-01 -1.089488e-02 -1.467945e+00 -4.111127e-02 1.022005e-02 9.991023e-01 8.564525e+01
9.988414e-01 1.662498e-02 4.516039e-02 -1.073362e+00 -1.621322e-02 9.998237e-01 -9.468715e-03 -1.497358e+00 -4.530984e-02 8.725550e-03 9.989349e-01 8.679616e+01
9.986240e-01 1.806605e-02 4.923148e-02 -1.027608e+00 -1.763020e-02 9.998016e-01 -9.272963e-03 -1.526040e+00 -4.938924e-02 8.392242e-03 9.987443e-01 8.796889e+01
9.984482e-01 1.716302e-02 5.297679e-02 -9.587056e-01 -1.658611e-02 9.997985e-01 -1.131043e-02 -1.558545e+00 -5.316023e-02 1.041420e-02 9.985317e-01 8.915429e+01
9.982928e-01 1.755019e-02 5.570898e-02 -8.617417e-01 -1.679583e-02 9.997612e-01 -1.398046e-02 -1.581525e+00 -5.594104e-02 1.302091e-02 9.983492e-01 9.036895e+01
9.981331e-01 1.785042e-02 5.840974e-02 -7.624904e-01 -1.703298e-02 9.997503e-01 -1.446307e-02 -1.606251e+00 -5.865333e-02 1.344118e-02 9.981879e-01 9.157863e+01
9.979767e-01 1.668548e-02 6.135294e-02 -6.947451e-01 -1.589260e-02 9.997841e-01 -1.338876e-02 -1.641076e+00 -6.156309e-02 1.238661e-02 9.980263e-01 9.279440e+01
9.978148e-01 1.652907e-02 6.397272e-02 -6.184593e-01 -1.576477e-02 9.997984e-01 -1.243373e-02 -1.659860e+00 -6.416534e-02 1.139805e-02 9.978742e-01 9.399262e+01
9.976550e-01 1.624032e-02 6.648890e-02 -5.367647e-01 -1.555285e-02 9.998202e-01 -1.084427e-02 -1.693606e+00 -6.665306e-02 9.784748e-03 9.977282e-01 9.516040e+01
9.985167e-01 1.524522e-02 5.226759e-02 -4.538593e-01 -1.455797e-02 9.998028e-01 -1.350424e-02 -1.728371e+00 -5.246316e-02 1.272330e-02 9.985418e-01 9.626256e+01
9.984501e-01 1.468796e-02 5.368186e-02 -3.484062e-01 -1.383382e-02 9.997723e-01 -1.624836e-02 -1.751261e+00 -5.390829e-02 1.548055e-02 9.984259e-01 9.748890e+01
9.983720e-01 1.356967e-02 5.540102e-02 -2.566486e-01 -1.247245e-02 9.997201e-01 -2.010315e-02 -1.778163e+00 -5.565830e-02 1.937943e-02 9.982618e-01 9.870982e+01
9.982702e-01 1.483168e-02 5.689155e-02 -1.710712e-01 -1.350613e-02 9.996299e-01 -2.361364e-02 -1.801836e+00 -5.722073e-02 2.280441e-02 9.981011e-01 9.991478e+01
9.981816e-01 1.483808e-02 5.842368e-02 -9.957361e-02 -1.343856e-02 9.996150e-01 -2.427511e-02 -1.852739e+00 -5.876138e-02 2.344584e-02 9.979967e-01 1.010968e+02
9.981495e-01 1.524338e-02 5.886686e-02 -3.558880e-02 -1.385156e-02 9.996165e-01 -2.397953e-02 -1.890655e+00 -5.920981e-02 2.311976e-02 9.979778e-01 1.022862e+02
9.981762e-01 1.524781e-02 5.841011e-02 1.865548e-02 -1.397797e-02 9.996583e-01 -2.208719e-02 -1.942240e+00 -5.872694e-02 2.123045e-02 9.980483e-01 1.034846e+02
9.982500e-01 1.448345e-02 5.733348e-02 7.106396e-02 -1.332531e-02 9.997004e-01 -2.053097e-02 -1.994778e+00 -5.761366e-02 1.973106e-02 9.981440e-01 1.046827e+02
9.983300e-01 1.519708e-02 5.573294e-02 1.218690e-01 -1.410921e-02 9.997032e-01 -1.986117e-02 -2.034069e+00 -5.601823e-02 1.904166e-02 9.982482e-01 1.058912e+02
9.984566e-01 1.585438e-02 5.322681e-02 1.848152e-01 -1.482105e-02 9.996950e-01 -1.975266e-02 -2.064323e+00 -5.352375e-02 1.893330e-02 9.983871e-01 1.071105e+02
9.990536e-01 1.758323e-02 -3.978319e-02 2.247571e-01 -1.836510e-02 9.996436e-01 -1.937380e-02 -2.099596e+00 3.942836e-02 2.008609e-02 9.990205e-01 1.081411e+02
9.988795e-01 1.869733e-02 -4.347543e-02 1.705625e-01 -1.957102e-02 9.996132e-01 -1.975805e-02 -2.144789e+00 4.308919e-02 2.058677e-02 9.988591e-01 1.093586e+02
9.987219e-01 1.924234e-02 -4.673595e-02 7.268695e-02 -2.017526e-02 9.996049e-01 -1.957246e-02 -2.181002e+00 4.634087e-02 2.049035e-02 9.987155e-01 1.105718e+02
9.985414e-01 2.008034e-02 -5.011752e-02 -1.552292e-02 -2.104570e-02 9.996016e-01 -1.880907e-02 -2.218281e+00 4.971986e-02 1.983639e-02 9.985662e-01 1.118043e+02
9.983324e-01 2.074791e-02 -5.386959e-02 -1.119012e-01 -2.176358e-02 9.995950e-01 -1.833647e-02 -2.253330e+00 5.346732e-02 1.947828e-02 9.983796e-01 1.130572e+02
9.980675e-01 2.065546e-02 -5.860642e-02 -1.736578e-01 -2.173891e-02 9.996033e-01 -1.790982e-02 -2.288790e+00 5.821323e-02 1.914925e-02 9.981205e-01 1.143080e+02
9.977440e-01 2.142459e-02 -6.362247e-02 -2.459718e-01 -2.261468e-02 9.995814e-01 -1.804456e-02 -2.324454e+00 6.320924e-02 1.944265e-02 9.978109e-01 1.155468e+02
9.974037e-01 2.241652e-02 -6.843560e-02 -3.459968e-01 -2.371735e-02 9.995520e-01 -1.825504e-02 -2.362641e+00 6.799573e-02 1.983075e-02 9.974885e-01 1.167478e+02
9.970516e-01 2.301959e-02 -7.319921e-02 -4.478310e-01 -2.445776e-02 9.995239e-01 -1.881197e-02 -2.394382e+00 7.273131e-02 2.054680e-02 9.971399e-01 1.179801e+02
9.966618e-01 2.388961e-02 -7.806729e-02 -5.465352e-01 -2.547899e-02 9.994866e-01 -1.942680e-02 -2.437628e+00 7.756311e-02 2.135102e-02 9.967588e-01 1.192284e+02
9.980385e-01 2.645160e-02 -5.674104e-02 -6.473847e-01 -2.681010e-02 9.996250e-01 -5.566107e-03 -2.467227e+00 5.657254e-02 7.076422e-03 9.983734e-01 1.200756e+02
9.978469e-01 2.846192e-02 -5.908831e-02 -7.380927e-01 -2.885310e-02 9.995670e-01 -5.777555e-03 -2.484479e+00 5.889828e-02 7.469996e-03 9.982360e-01 1.213446e+02
9.977455e-01 2.972906e-02 -6.016646e-02 -8.301825e-01 -3.015661e-02 9.995259e-01 -6.210290e-03 -2.507860e+00 5.995331e-02 8.010706e-03 9.981690e-01 1.226129e+02
9.976106e-01 3.242277e-02 -6.100670e-02 -9.269788e-01 -3.285637e-02 9.994414e-01 -6.117550e-03 -2.539249e+00 6.077427e-02 8.107392e-03 9.981186e-01 1.238720e+02
9.975022e-01 3.354063e-02 -6.216477e-02 -1.007110e+00 -3.395214e-02 9.994079e-01 -5.574841e-03 -2.556653e+00 6.194098e-02 7.671543e-03 9.980503e-01 1.250874e+02
9.974667e-01 3.325875e-02 -6.288090e-02 -1.091279e+00 -3.367059e-02 9.994178e-01 -5.500899e-03 -2.568582e+00 6.266134e-02 7.604201e-03 9.980059e-01 1.263274e+02
9.972597e-01 3.720329e-02 -6.394599e-02 -1.189616e+00 -3.751562e-02 9.992892e-01 -3.690135e-03 -2.586555e+00 6.376326e-02 6.078996e-03 9.979465e-01 1.276146e+02
9.971590e-01 3.866728e-02 -6.464384e-02 -1.281194e+00 -3.879237e-02 9.992471e-01 -6.805959e-04 -2.606595e+00 6.456885e-02 3.186350e-03 9.979082e-01 1.288735e+02
9.971692e-01 3.758164e-02 -6.512500e-02 -1.378302e+00 -3.773642e-02 9.992871e-01 -1.147780e-03 -2.628366e+00 6.503544e-02 3.602116e-03 9.978765e-01 1.301246e+02
9.971657e-01 3.736188e-02 -6.530409e-02 -1.493563e+00 -3.760008e-02 9.992899e-01 -2.421849e-03 -2.661012e+00 6.516723e-02 4.870423e-03 9.978625e-01 1.314317e+02
9.994276e-01 3.382876e-02 -1.291413e-05 -1.586323e+00 -3.382733e-02 9.993817e-01 -9.591654e-03 -2.681231e+00 -3.115676e-04 9.586601e-03 9.999540e-01 1.328634e+02
9.994756e-01 3.236763e-02 -8.970543e-04 -1.593392e+00 -3.237352e-02 9.994470e-01 -7.592381e-03 -2.717191e+00 6.508108e-04 7.617440e-03 9.999708e-01 1.341292e+02
9.995847e-01 2.880301e-02 -9.251262e-04 -1.600865e+00 -2.880794e-02 9.995678e-01 -5.856498e-03 -2.744658e+00 7.560416e-04 5.880716e-03 9.999824e-01 1.354151e+02
9.996452e-01 2.660720e-02 -1.237758e-03 -1.610945e+00 -2.661297e-02 9.996338e-01 -4.900100e-03 -2.772866e+00 1.106927e-03 4.931301e-03 9.999872e-01 1.366857e+02
9.997309e-01 2.318459e-02 -7.786301e-04 -1.619244e+00 -2.318938e-02 9.997077e-01 -6.836069e-03 -2.805481e+00 6.199111e-04 6.852285e-03 9.999763e-01 1.379697e+02
9.997934e-01 2.031576e-02 -5.766106e-04 -1.626756e+00 -2.031966e-02 9.997628e-01 -7.838713e-03 -2.835960e+00 4.172245e-04 7.848811e-03 9.999691e-01 1.392509e+02
9.998140e-01 1.927787e-02 -5.751362e-04 -1.613394e+00 -1.928200e-02 9.997793e-01 -8.338643e-03 -2.865815e+00 4.142580e-04 8.348182e-03 9.999651e-01 1.405460e+02
9.998112e-01 1.941925e-02 -6.455417e-04 -1.604900e+00 -1.942400e-02 9.997758e-01 -8.433077e-03 -2.893087e+00 4.816329e-04 8.444024e-03 9.999642e-01 1.418436e+02
9.998020e-01 1.989685e-02 -4.210015e-05 -1.607815e+00 -1.989671e-02 9.997810e-01 -6.493024e-03 -2.920427e+00 -8.709979e-05 6.492576e-03 9.999789e-01 1.431008e+02
9.997588e-01 2.194452e-02 9.329911e-04 -1.620109e+00 -2.193944e-02 9.997461e-01 -5.142000e-03 -2.949948e+00 -1.045593e-03 5.120290e-03 9.999863e-01 1.443980e+02
9.996476e-01 2.239168e-02 1.426027e-02 -1.638377e+00 -2.226191e-02 9.997099e-01 -9.194890e-03 -2.976041e+00 -1.446202e-02 8.874189e-03 9.998560e-01 1.457103e+02
9.996278e-01 2.263399e-02 1.523103e-02 -1.641952e+00 -2.246959e-02 9.996883e-01 -1.087949e-02 -3.015047e+00 -1.547253e-02 1.053321e-02 9.998248e-01 1.469956e+02
9.996167e-01 2.258238e-02 1.601710e-02 -1.641718e+00 -2.236609e-02 9.996579e-01 -1.355716e-02 -3.049818e+00 -1.631777e-02 1.319373e-02 9.997798e-01 1.482730e+02
9.996380e-01 2.144326e-02 1.624698e-02 -1.625642e+00 -2.115593e-02 9.996203e-01 -1.765528e-02 -3.092275e+00 -1.661939e-02 1.730517e-02 9.997121e-01 1.495574e+02
9.996334e-01 2.143484e-02 1.654069e-02 -1.614539e+00 -2.107893e-02 9.995488e-01 -2.139942e-02 -3.137177e+00 -1.699192e-02 2.104292e-02 9.996342e-01 1.508481e+02
9.996360e-01 2.128335e-02 1.657910e-02 -1.596944e+00 -2.091240e-02 9.995340e-01 -2.223502e-02 -3.185953e+00 -1.704461e-02 2.188021e-02 9.996153e-01 1.521273e+02
9.996359e-01 2.129899e-02 1.656706e-02 -1.585601e+00 -2.093171e-02 9.995380e-01 -2.203521e-02 -3.234687e+00 -1.702873e-02 2.168040e-02 9.996199e-01 1.534033e+02
9.996120e-01 2.225755e-02 1.674842e-02 -1.574712e+00 -2.188992e-02 9.995222e-01 -2.182237e-02 -3.280779e+00 -1.722613e-02 2.144728e-02 9.996216e-01 1.546662e+02
9.995842e-01 2.348340e-02 1.673067e-02 -1.566504e+00 -2.313406e-02 9.995165e-01 -2.077638e-02 -3.338993e+00 -1.721048e-02 2.038069e-02 9.996442e-01 1.559823e+02
9.995769e-01 2.375528e-02 1.678328e-02 -1.563600e+00 -2.340848e-02 9.995144e-01 -2.056613e-02 -3.386855e+00 -1.726369e-02 2.016456e-02 9.996476e-01 1.572867e+02
9.994833e-01 2.503679e-02 2.015591e-02 -1.550738e+00 -2.456771e-02 9.994291e-01 -2.319305e-02 -3.436142e+00 -2.072508e-02 2.268588e-02 9.995278e-01 1.585521e+02
9.994865e-01 2.530637e-02 1.965479e-02 -1.541120e+00 -2.485383e-02 9.994279e-01 -2.293717e-02 -3.490379e+00 -2.022400e-02 2.243690e-02 9.995437e-01 1.598418e+02
9.995002e-01 2.516355e-02 1.913446e-02 -1.523873e+00 -2.474912e-02 9.994604e-01 -2.159523e-02 -3.546194e+00 -1.966755e-02 2.111087e-02 9.995837e-01 1.611451e+02
9.995011e-01 2.564324e-02 1.843893e-02 -1.513157e+00 -2.524484e-02 9.994496e-01 -2.152406e-02 -3.590498e+00 -1.898073e-02 2.104784e-02 9.995983e-01 1.624239e+02
9.994997e-01 2.642411e-02 1.738157e-02 -1.489922e+00 -2.603620e-02 9.994150e-01 -2.217741e-02 -3.648350e+00 -1.795741e-02 2.171377e-02 9.996029e-01 1.637071e+02
9.994830e-01 2.735921e-02 1.688535e-02 -1.481986e+00 -2.696007e-02 9.993619e-01 -2.342985e-02 -3.698764e+00 -1.751560e-02 2.296251e-02 9.995829e-01 1.649663e+02
9.994726e-01 2.813854e-02 1.621155e-02 -1.474113e+00 -2.775304e-02 9.993378e-01 -2.353296e-02 -3.749053e+00 -1.686300e-02 2.307063e-02 9.995916e-01 1.662324e+02
9.994915e-01 2.772043e-02 1.575849e-02 -1.473422e+00 -2.733023e-02 9.993272e-01 -2.445942e-02 -3.804652e+00 -1.642591e-02 2.401630e-02 9.995766e-01 1.675105e+02
9.994825e-01 2.833264e-02 1.522867e-02 -1.467707e+00 -2.793642e-02 9.992811e-01 -2.562994e-02 -3.857221e+00 -1.594388e-02 2.519125e-02 9.995555e-01 1.688026e+02
9.995043e-01 2.811337e-02 1.417260e-02 -1.454669e+00 -2.775101e-02 9.992985e-01 -2.514716e-02 -3.914977e+00 -1.486963e-02 2.474139e-02 9.995833e-01 1.700681e+02
9.993835e-01 2.889583e-02 1.993945e-02 -1.430780e+00 -2.835026e-02 9.992300e-01 -2.712189e-02 -3.963382e+00 -2.070780e-02 2.653988e-02 9.994333e-01 1.713599e+02
9.994041e-01 2.863445e-02 1.927446e-02 -1.421404e+00 -2.811529e-02 9.992484e-01 -2.668784e-02 -4.025132e+00 -2.002416e-02 2.613003e-02 9.994580e-01 1.726044e+02
9.993973e-01 2.938174e-02 1.848844e-02 -1.403331e+00 -2.888901e-02 9.992346e-01 -2.637624e-02 -4.076328e+00 -1.924927e-02 2.582623e-02 9.994811e-01 1.738664e+02
9.993921e-01 3.008184e-02 1.762110e-02 -1.385348e+00 -2.961316e-02 9.992159e-01 -2.628086e-02 -4.127857e+00 -1.839786e-02 2.574307e-02 9.994993e-01 1.751455e+02
9.993853e-01 3.057517e-02 1.714969e-02 -1.374227e+00 -3.010269e-02 9.991777e-01 -2.716332e-02 -4.181964e+00 -1.796611e-02 2.663037e-02 9.994839e-01 1.764165e+02
9.993599e-01 3.170539e-02 1.656732e-02 -1.365882e+00 -3.123457e-02 9.991214e-01 -2.794397e-02 -4.233689e+00 -1.743874e-02 2.740861e-02 9.994722e-01 1.776800e+02
9.993512e-01 3.175745e-02 1.698926e-02 -1.369025e+00 -3.128044e-02 9.991283e-01 -2.764269e-02 -4.292106e+00 -1.785231e-02 2.709333e-02 9.994735e-01 1.789729e+02
9.993576e-01 3.175997e-02 1.660684e-02 -1.353485e+00 -3.127066e-02 9.990920e-01 -2.893754e-02 -4.344399e+00 -1.751081e-02 2.839965e-02 9.994433e-01 1.802375e+02
9.993985e-01 3.049872e-02 1.650359e-02 -1.341948e+00 -2.998269e-02 9.990801e-01 -3.066007e-02 -4.398972e+00 -1.742350e-02 3.014681e-02 9.993936e-01 1.814970e+02
9.994842e-01 2.776903e-02 1.612997e-02 -1.316813e+00 -2.726174e-02 9.991518e-01 -3.086153e-02 -4.450903e+00 -1.697328e-02 3.040588e-02 9.993935e-01 1.827723e+02
9.993177e-01 2.893101e-02 2.295847e-02 -1.293800e+00 -2.820191e-02 9.991067e-01 -3.147003e-02 -4.502829e+00 -2.384842e-02 3.080108e-02 9.992410e-01 1.840689e+02
9.993282e-01 2.837087e-02 2.319944e-02 -1.275327e+00 -2.773920e-02 9.992475e-01 -2.711089e-02 -4.565085e+00 -2.395114e-02 2.644914e-02 9.993632e-01 1.853515e+02
9.992888e-01 2.986825e-02 2.301695e-02 -1.245156e+00 -2.921890e-02 9.991794e-01 -2.804977e-02 -4.610630e+00 -2.383585e-02 2.735729e-02 9.993415e-01 1.866490e+02
9.992368e-01 3.166850e-02 2.286945e-02 -1.222681e+00 -3.095290e-02 9.990402e-01 -3.099458e-02 -4.676759e+00 -2.382905e-02 3.026304e-02 9.992579e-01 1.879128e+02
9.992191e-01 3.246539e-02 2.252104e-02 -1.197889e+00 -3.171066e-02 9.989490e-01 -3.309654e-02 -4.732755e+00 -2.357186e-02 3.235653e-02 9.991984e-01 1.891321e+02
9.992241e-01 3.235655e-02 2.245540e-02 -1.186872e+00 -3.160206e-02 9.989497e-01 -3.317792e-02 -4.791922e+00 -2.350534e-02 3.244254e-02 9.991972e-01 1.903826e+02
9.992201e-01 3.237542e-02 2.260724e-02 -1.167956e+00 -3.164567e-02 9.989892e-01 -3.192380e-02 -4.861264e+00 -2.361793e-02 3.118348e-02 9.992346e-01 1.916663e+02
9.992130e-01 3.262429e-02 2.256360e-02 -1.116164e+00 -3.193803e-02 9.990355e-01 -3.013420e-02 -4.915018e+00 -2.352494e-02 2.938984e-02 9.992912e-01 1.929535e+02
9.991967e-01 3.214721e-02 2.392812e-02 -1.114523e+00 -3.144359e-02 9.990782e-01 -2.922284e-02 -4.986684e+00 -2.484549e-02 2.844698e-02 9.992865e-01 1.942537e+02
9.991493e-01 3.236573e-02 2.555791e-02 -1.093879e+00 -3.159856e-02 9.990542e-01 -2.987096e-02 -5.045982e+00 -2.650053e-02 2.903795e-02 9.992270e-01 1.954810e+02
9.990432e-01 3.207761e-02 2.972714e-02 -1.071522e+00 -3.098259e-02 9.988499e-01 -3.659187e-02 -5.101805e+00 -3.086673e-02 3.563583e-02 9.988880e-01 1.966583e+02
9.990426e-01 3.147959e-02 3.037885e-02 -1.032618e+00 -3.030483e-02 9.988034e-01 -3.838564e-02 -5.163202e+00 -3.155086e-02 3.742826e-02 9.988011e-01 1.978799e+02
9.990277e-01 3.081709e-02 3.152870e-02 -9.800512e-01 -2.957538e-02 9.987968e-01 -3.911961e-02 -5.234776e+00 -3.269632e-02 3.814910e-02 9.987370e-01 1.991699e+02
9.989346e-01 3.194769e-02 3.330093e-02 -9.562446e-01 -3.066988e-02 9.987993e-01 -3.820080e-02 -5.317349e+00 -3.448137e-02 3.713876e-02 9.987150e-01 2.004106e+02
9.989010e-01 3.110977e-02 3.505582e-02 -9.367008e-01 -2.982425e-02 9.988843e-01 -3.661562e-02 -5.387117e+00 -3.615581e-02 3.552987e-02 9.987144e-01 2.016889e+02
9.988553e-01 3.188498e-02 3.565812e-02 -8.941797e-01 -3.056564e-02 9.988495e-01 -3.695213e-02 -5.441152e+00 -3.679531e-02 3.581992e-02 9.986806e-01 2.029238e+02
9.988166e-01 3.229757e-02 3.636434e-02 -8.427544e-01 -3.095351e-02 9.988381e-01 -3.693635e-02 -5.515167e+00 -3.751504e-02 3.576704e-02 9.986558e-01 2.041611e+02
9.987667e-01 3.336376e-02 3.676972e-02 -7.874593e-01 -3.199644e-02 9.987967e-01 -3.716726e-02 -5.570651e+00 -3.796551e-02 3.594492e-02 9.986324e-01 2.053458e+02
9.987200e-01 3.364550e-02 3.776755e-02 -7.509156e-01 -3.223289e-02 9.987801e-01 -3.740852e-02 -5.628493e+00 -3.898011e-02 3.614327e-02 9.985861e-01 2.065334e+02
9.986869e-01 3.398969e-02 3.832936e-02 -7.053610e-01 -3.254182e-02 9.987559e-01 -3.778587e-02 -5.694917e+00 -3.956600e-02 3.648895e-02 9.985505e-01 2.077456e+02
9.983829e-01 3.357440e-02 4.587224e-02 -6.609835e-01 -3.231603e-02 9.990881e-01 -2.790381e-02 -5.762916e+00 -4.676726e-02 2.637627e-02 9.985575e-01 2.088787e+02
9.983702e-01 3.266706e-02 4.679518e-02 -6.174841e-01 -3.135761e-02 9.991033e-01 -2.844864e-02 -5.807383e+00 -4.768255e-02 2.693489e-02 9.984993e-01 2.100464e+02
9.983777e-01 3.246612e-02 4.677553e-02 -5.527623e-01 -3.118021e-02 9.991225e-01 -2.796353e-02 -5.859204e+00 -4.764235e-02 2.645969e-02 9.985139e-01 2.112475e+02
9.984184e-01 3.205727e-02 4.618452e-02 -5.051474e-01 -3.082394e-02 9.991554e-01 -2.717362e-02 -5.912266e+00 -4.701662e-02 2.570706e-02 9.985633e-01 2.123880e+02
9.984864e-01 3.250715e-02 4.436366e-02 -4.073032e-01 -3.129149e-02 9.991229e-01 -2.782697e-02 -5.956649e+00 -4.522932e-02 2.639665e-02 9.986278e-01 2.135834e+02
9.985026e-01 3.288787e-02 4.371511e-02 -3.615812e-01 -3.164156e-02 9.990813e-01 -2.890258e-02 -6.007577e+00 -4.462550e-02 2.747608e-02 9.986259e-01 2.146881e+02
9.985268e-01 3.345909e-02 4.271761e-02 -3.083735e-01 -3.218026e-02 9.990233e-01 -3.028161e-02 -6.044014e+00 -4.368908e-02 2.886233e-02 9.986282e-01 2.157798e+02
9.985934e-01 3.343763e-02 4.114687e-02 -2.538518e-01 -3.218625e-02 9.990100e-01 -3.070826e-02 -6.091918e+00 -4.213295e-02 2.934070e-02 9.986811e-01 2.168333e+02
9.986243e-01 3.421733e-02 3.973367e-02 -2.082638e-01 -3.300502e-02 9.989812e-01 -3.077642e-02 -6.141930e+00 -4.074628e-02 2.942267e-02 9.987362e-01 2.179089e+02
9.987284e-01 3.402188e-02 3.720329e-02 -1.540246e-01 -3.290338e-02 9.989999e-01 -3.027472e-02 -6.190791e+00 -3.819609e-02 2.901211e-02 9.988490e-01 2.189877e+02
9.989028e-01 3.019009e-02 3.580242e-02 -8.320700e-02 -2.946807e-02 9.993549e-01 -2.052608e-02 -6.250352e+00 -3.639901e-02 1.944853e-02 9.991481e-01 2.201170e+02
9.989727e-01 3.107855e-02 3.297870e-02 -3.016771e-02 -3.047006e-02 9.993589e-01 -1.879603e-02 -6.293331e+00 -3.354172e-02 1.777185e-02 9.992793e-01 2.211817e+02
9.990372e-01 3.166707e-02 3.036103e-02 2.525014e-03 -3.111035e-02 9.993422e-01 -1.863709e-02 -6.334355e+00 -3.093124e-02 1.767461e-02 9.993652e-01 2.222076e+02
9.991095e-01 3.237938e-02 2.705274e-02 3.551822e-02 -3.187009e-02 9.993105e-01 -1.904962e-02 -6.373848e+00 -2.765091e-02 1.817049e-02 9.994525e-01 2.232092e+02
9.991722e-01 3.297119e-02 2.382793e-02 5.475000e-02 -3.252424e-02 9.992921e-01 -1.890751e-02 -6.408342e+00 -2.443446e-02 1.811687e-02 9.995373e-01 2.241744e+02
9.991942e-01 3.458019e-02 2.037745e-02 8.533891e-02 -3.420225e-02 9.992416e-01 -1.861277e-02 -6.439555e+00 -2.100563e-02 1.790082e-02 9.996191e-01 2.251447e+02
9.992149e-01 3.587231e-02 1.681366e-02 1.076475e-01 -3.555350e-02 9.991892e-01 -1.889171e-02 -6.474006e+00 -1.747772e-02 1.827910e-02 9.996802e-01 2.260850e+02
9.992433e-01 3.667842e-02 1.293957e-02 1.363732e-01 -3.642037e-02 9.991435e-01 -1.964473e-02 -6.503559e+00 -1.364902e-02 1.915860e-02 9.997233e-01 2.270085e+02
9.992657e-01 3.726812e-02 8.898192e-03 1.472889e-01 -3.708167e-02 9.991066e-01 -2.027213e-02 -6.537731e+00 -9.645747e-03 1.992728e-02 9.997549e-01 2.278851e+02
9.992140e-01 3.917358e-02 6.073447e-03 1.264221e-01 -3.904011e-02 9.990227e-01 -2.072578e-02 -6.569375e+00 -6.879415e-03 2.047238e-02 9.997668e-01 2.287239e+02
9.992016e-01 3.954207e-02 5.711541e-03 1.341438e-01 -3.941050e-02 9.989906e-01 -2.155665e-02 -6.602122e+00 -6.558170e-03 2.131435e-02 9.997513e-01 2.295288e+02
9.991088e-01 4.209913e-02 3.042964e-03 1.431666e-01 -4.202346e-02 9.988810e-01 -2.169592e-02 -6.632726e+00 -3.952938e-03 2.154871e-02 9.997600e-01 2.303591e+02
9.990230e-01 4.411216e-02 2.684396e-03 1.348819e-01 -4.404641e-02 9.988096e-01 -2.096061e-02 -6.663976e+00 -3.605819e-03 2.082189e-02 9.997767e-01 2.311664e+02
9.990112e-01 4.438135e-02 2.612416e-03 1.387562e-01 -4.431973e-02 9.988131e-01 -2.020114e-02 -6.697047e+00 -3.505869e-03 2.006539e-02 9.997925e-01 2.319532e+02
9.989986e-01 4.463388e-02 3.101831e-03 1.332730e-01 -4.456353e-02 9.988080e-01 -1.991584e-02 -6.725334e+00 -3.987055e-03 1.975767e-02 9.997968e-01 2.327153e+02
9.989718e-01 4.521937e-02 3.246261e-03 1.336389e-01 -4.514303e-02 9.987672e-01 -2.064315e-02 -6.752996e+00 -4.175729e-03 2.047538e-02 9.997816e-01 2.334631e+02
9.989174e-01 4.637354e-02 3.670679e-03 1.269168e-01 -4.627971e-02 9.986756e-01 -2.247929e-02 -6.782564e+00 -4.708262e-03 2.228507e-02 9.997406e-01 2.341999e+02
9.989095e-01 4.645908e-02 4.613129e-03 1.206378e-01 -4.633166e-02 9.986210e-01 -2.468684e-02 -6.814739e+00 -5.753696e-03 2.444618e-02 9.996846e-01 2.349263e+02
9.988812e-01 4.701464e-02 5.090287e-03 1.349761e-01 -4.686518e-02 9.985546e-01 -2.631363e-02 -6.844996e+00 -6.320055e-03 2.604564e-02 9.996408e-01 2.356617e+02
9.988237e-01 4.811243e-02 6.032764e-03 1.483384e-01 -4.792991e-02 9.984740e-01 -2.742989e-02 -6.869541e+00 -7.343276e-03 2.710848e-02 9.996055e-01 2.363978e+02
9.986705e-01 4.864396e-02 1.705790e-02 1.553691e-01 -4.813001e-02 9.984099e-01 -2.934671e-02 -6.898743e+00 -1.845832e-02 2.848670e-02 9.994237e-01 2.370949e+02
9.986238e-01 4.919632e-02 1.817489e-02 1.817571e-01 -4.864517e-02 9.983770e-01 -2.961527e-02 -6.927840e+00 -1.960235e-02 2.869039e-02 9.993961e-01 2.377971e+02
9.985617e-01 5.014686e-02 1.896658e-02 2.215135e-01 -4.956746e-02 9.983239e-01 -2.987558e-02 -6.962840e+00 -2.043296e-02 2.889248e-02 9.993737e-01 2.385138e+02
9.985587e-01 4.995274e-02 1.962577e-02 2.644049e-01 -4.935339e-02 9.983331e-01 -2.992043e-02 -7.011005e+00 -2.108766e-02 2.890871e-02 9.993596e-01 2.392060e+02
9.984918e-01 5.039900e-02 2.177288e-02 2.886551e-01 -4.976539e-02 9.983478e-01 -2.872338e-02 -7.062752e+00 -2.318454e-02 2.759653e-02 9.993502e-01 2.398839e+02
9.984421e-01 4.987875e-02 2.500778e-02 3.066950e-01 -4.916073e-02 9.983828e-01 -2.854868e-02 -7.092345e+00 -2.639131e-02 2.727480e-02 9.992795e-01 2.406241e+02
9.983977e-01 4.935550e-02 2.767915e-02 3.341152e-01 -4.856674e-02 9.984138e-01 -2.847994e-02 -7.127016e+00 -2.904089e-02 2.709002e-02 9.992111e-01 2.413540e+02
9.982590e-01 5.025131e-02 3.088444e-02 3.555237e-01 -4.935849e-02 9.983594e-01 -2.902133e-02 -7.156227e+00 -3.229213e-02 2.744640e-02 9.991016e-01 2.420771e+02
9.981353e-01 5.102015e-02 3.350799e-02 3.904956e-01 -5.003062e-02 9.983050e-01 -2.973435e-02 -7.188185e+00 -3.496824e-02 2.800248e-02 9.989960e-01 2.427981e+02
9.980341e-01 5.133181e-02 3.595851e-02 4.176381e-01 -5.025612e-02 9.982795e-01 -3.020631e-02 -7.217645e+00 -3.744718e-02 2.833979e-02 9.988967e-01 2.434858e+02
9.971629e-01 5.322561e-02 5.322765e-02 4.457141e-01 -5.126573e-02 9.979795e-01 -3.753274e-02 -7.247067e+00 -5.511781e-02 3.469750e-02 9.978768e-01 2.442216e+02
9.970046e-01 5.341827e-02 5.593213e-02 4.850253e-01 -5.130918e-02 9.979409e-01 -3.848926e-02 -7.282726e+00 -5.787298e-02 3.550413e-02 9.976924e-01 2.449224e+02
9.967709e-01 5.398765e-02 5.944050e-02 5.157008e-01 -5.183287e-02 9.979621e-01 -3.721583e-02 -7.324514e+00 -6.132856e-02 3.401468e-02 9.975379e-01 2.456162e+02
9.965246e-01 5.514237e-02 6.243380e-02 5.542166e-01 -5.288399e-02 9.979051e-01 -3.726585e-02 -7.357358e+00 -6.435793e-02 3.383459e-02 9.973531e-01 2.463210e+02
9.967954e-01 5.333966e-02 5.961421e-02 6.236012e-01 -5.143303e-02 9.981287e-01 -3.307312e-02 -7.425506e+00 -6.126676e-02 2.990099e-02 9.976735e-01 2.469976e+02
9.967126e-01 5.318295e-02 6.111896e-02 6.649730e-01 -5.110854e-02 9.980790e-01 -3.501776e-02 -7.459761e+00 -6.286389e-02 3.177894e-02 9.975160e-01 2.476942e+02
9.965312e-01 5.431749e-02 6.304870e-02 7.045633e-01 -5.200257e-02 9.979315e-01 -3.779544e-02 -7.492075e+00 -6.497124e-02 3.438564e-02 9.972945e-01 2.484046e+02
9.965287e-01 5.313437e-02 6.408847e-02 7.427962e-01 -5.069730e-02 9.979495e-01 -3.907264e-02 -7.529082e+00 -6.603316e-02 3.568790e-02 9.971790e-01 2.491098e+02
9.965230e-01 5.303292e-02 6.426042e-02 7.794606e-01 -5.056135e-02 9.979396e-01 -3.949714e-02 -7.566095e+00 -6.622267e-02 3.611072e-02 9.971512e-01 2.498196e+02
9.965046e-01 5.324940e-02 6.436700e-02 8.245636e-01 -5.070977e-02 9.978933e-01 -4.046635e-02 -7.603202e+00 -6.638621e-02 3.706087e-02 9.971055e-01 2.505440e+02
9.956752e-01 5.539740e-02 7.457931e-02 8.700015e-01 -5.221083e-02 9.976654e-01 -4.402089e-02 -7.633376e+00 -7.684384e-02 3.993666e-02 9.962430e-01 2.512508e+02
9.955800e-01 5.666806e-02 7.489467e-02 9.136105e-01 -5.342317e-02 9.975735e-01 -4.464298e-02 -7.675087e+00 -7.724277e-02 4.044454e-02 9.961916e-01 2.519776e+02
9.957093e-01 5.543234e-02 7.409598e-02 1.011681e+00 -5.209365e-02 9.975703e-01 -4.625786e-02 -7.737005e+00 -7.648013e-02 4.219945e-02 9.961777e-01 2.527658e+02
9.959041e-01 5.118889e-02 7.453048e-02 1.037517e+00 -4.766862e-02 9.976962e-01 -4.827002e-02 -7.774817e+00 -7.682967e-02 4.451954e-02 9.960498e-01 2.534338e+02
9.961443e-01 4.818671e-02 7.331204e-02 1.183571e+00 -4.478029e-02 9.978708e-01 -4.742032e-02 -7.902429e+00 -7.544097e-02 4.395455e-02 9.961810e-01 2.543148e+02
9.960620e-01 5.031683e-02 7.299785e-02 1.259871e+00 -4.732774e-02 9.979911e-01 -4.211621e-02 -7.991505e+00 -7.497037e-02 3.849553e-02 9.964424e-01 2.550559e+02
9.958302e-01 5.390585e-02 7.359647e-02 1.330223e+00 -5.133825e-02 9.980197e-01 -3.634588e-02 -8.035935e+00 -7.540998e-02 3.241601e-02 9.966256e-01 2.558794e+02
9.957788e-01 5.365111e-02 7.447206e-02 1.389513e+00 -5.129015e-02 9.981297e-01 -3.326247e-02 -8.071328e+00 -7.611735e-02 2.930238e-02 9.966682e-01 2.566755e+02
9.956683e-01 5.313386e-02 7.629839e-02 1.449086e+00 -5.053804e-02 9.980889e-01 -3.556027e-02 -8.108704e+00 -7.804202e-02 3.155026e-02 9.964507e-01 2.574539e+02
9.952919e-01 5.422893e-02 8.033225e-02 1.495483e+00 -5.096478e-02 9.978109e-01 -4.214230e-02 -8.146706e+00 -8.244173e-02 3.784977e-02 9.958769e-01 2.582299e+02
9.935192e-01 5.760131e-02 9.798786e-02 1.536868e+00 -5.261566e-02 9.972219e-01 -5.272716e-02 -8.184700e+00 -1.007528e-01 4.722975e-02 9.937898e-01 2.590332e+02
9.930553e-01 5.970684e-02 1.013719e-01 1.605820e+00 -5.452649e-02 9.970979e-01 -5.312862e-02 -8.229389e+00 -1.042499e-01 4.723220e-02 9.934290e-01 2.598346e+02
9.928498e-01 5.798107e-02 1.043430e-01 1.721580e+00 -5.284700e-02 9.972833e-01 -5.131548e-02 -8.283219e+00 -1.070349e-01 4.543435e-02 9.932166e-01 2.607090e+02
9.926291e-01 5.508558e-02 1.079496e-01 1.795575e+00 -5.008128e-02 9.975652e-01 -4.853482e-02 -8.333774e+00 -1.103603e-01 4.277082e-02 9.929709e-01 2.615246e+02
9.924159e-01 5.301558e-02 1.109053e-01 1.885386e+00 -4.799696e-02 9.977201e-01 -4.744371e-02 -8.380937e+00 -1.131677e-01 4.176077e-02 9.926979e-01 2.623552e+02
9.920884e-01 5.202745e-02 1.142534e-01 1.962734e+00 -4.687042e-02 9.977771e-01 -4.737025e-02 -8.438986e+00 -1.164640e-01 4.164037e-02 9.923216e-01 2.631785e+02
9.916804e-01 5.336103e-02 1.171431e-01 2.031309e+00 -4.787867e-02 9.976443e-01 -4.912788e-02 -8.505768e+00 -1.194886e-01 4.311051e-02 9.918992e-01 2.639977e+02
9.913494e-01 5.458430e-02 1.193608e-01 2.125185e+00 -4.865692e-02 9.974598e-01 -5.202408e-02 -8.552881e+00 -1.218973e-01 4.576631e-02 9.914870e-01 2.648255e+02
9.910677e-01 5.475631e-02 1.216002e-01 2.243400e+00 -4.873597e-02 9.974600e-01 -5.194544e-02 -8.620942e+00 -1.241357e-01 4.555514e-02 9.912190e-01 2.656948e+02
9.906288e-01 5.600896e-02 1.245696e-01 2.355399e+00 -5.004034e-02 9.974676e-01 -5.053982e-02 -8.670635e+00 -1.270848e-01 4.383270e-02 9.909229e-01 2.665495e+02
9.889386e-01 5.930613e-02 1.359534e-01 2.451918e+00 -5.225661e-02 9.971262e-01 -5.485058e-02 -8.726831e+00 -1.388156e-01 4.713939e-02 9.891957e-01 2.673842e+02
9.885168e-01 5.853308e-02 1.393141e-01 2.551116e+00 -5.130763e-02 9.971725e-01 -5.490559e-02 -8.797929e+00 -1.421340e-01 4.712722e-02 9.887249e-01 2.682198e+02
9.880206e-01 6.008813e-02 1.421429e-01 2.654250e+00 -5.262589e-02 9.970602e-01 -5.569051e-02 -8.851504e+00 -1.450714e-01 4.754298e-02 9.882783e-01 2.690581e+02
9.877537e-01 5.810196e-02 1.447989e-01 2.774523e+00 -5.040140e-02 9.971411e-01 -5.629659e-02 -8.917252e+00 -1.476558e-01 4.830910e-02 9.878583e-01 2.699035e+02
9.875381e-01 5.630380e-02 1.469637e-01 2.868396e+00 -4.850572e-02 9.972451e-01 -5.611887e-02 -8.963001e+00 -1.497186e-01 4.829094e-02 9.875486e-01 2.707102e+02
9.875267e-01 5.465417e-02 1.476614e-01 3.001005e+00 -4.677458e-02 9.973165e-01 -5.632045e-02 -9.030934e+00 -1.503433e-01 4.871115e-02 9.874331e-01 2.715621e+02
9.875364e-01 5.321986e-02 1.481200e-01 3.112942e+00 -4.532644e-02 9.973920e-01 -5.616768e-02 -9.103030e+00 -1.507229e-01 4.875388e-02 9.873731e-01 2.724060e+02
9.874454e-01 5.347498e-02 1.486335e-01 3.235116e+00 -4.554983e-02 9.973786e-01 -5.622444e-02 -9.164852e+00 -1.512505e-01 4.874833e-02 9.872927e-01 2.732577e+02
9.875409e-01 5.327937e-02 1.480685e-01 3.378312e+00 -4.541227e-02 9.973966e-01 -5.601589e-02 -9.223518e+00 -1.506675e-01 4.859386e-02 9.873895e-01 2.741417e+02
9.874452e-01 5.557357e-02 1.478633e-01 3.476631e+00 -4.771684e-02 9.972806e-01 -5.616456e-02 -9.267722e+00 -1.505824e-01 4.840386e-02 9.874118e-01 2.749664e+02
9.863286e-01 5.650875e-02 1.547990e-01 3.588566e+00 -4.759331e-02 9.970202e-01 -6.070920e-02 -9.326647e+00 -1.577683e-01 5.251182e-02 9.860789e-01 2.758107e+02
9.865911e-01 5.746198e-02 1.527616e-01 3.715363e+00 -4.849691e-02 9.969108e-01 -6.178152e-02 -9.385603e+00 -1.558398e-01 5.354463e-02 9.863300e-01 2.766433e+02
9.867756e-01 5.863827e-02 1.511144e-01 3.842296e+00 -4.965556e-02 9.968059e-01 -6.254915e-02 -9.448816e+00 -1.542995e-01 5.421830e-02 9.865354e-01 2.774873e+02
9.869249e-01 5.981708e-02 1.496701e-01 3.955750e+00 -5.088189e-02 9.967260e-01 -6.283580e-02 -9.518457e+00 -1.529387e-01 5.439873e-02 9.867373e-01 2.783282e+02
9.870375e-01 6.101567e-02 1.484390e-01 4.059772e+00 -5.214485e-02 9.966542e-01 -6.293899e-02 -9.593594e+00 -1.517826e-01 5.438281e-02 9.869167e-01 2.791653e+02
9.873338e-01 6.146348e-02 1.462677e-01 4.183609e+00 -5.280632e-02 9.966561e-01 -6.235478e-02 -9.662358e+00 -1.496112e-01 5.384112e-02 9.872779e-01 2.800221e+02
9.877730e-01 6.065136e-02 1.436174e-01 4.302123e+00 -5.236832e-02 9.967770e-01 -6.077167e-02 -9.733570e+00 -1.468404e-01 5.250761e-02 9.877656e-01 2.808746e+02
9.884819e-01 5.911535e-02 1.393161e-01 4.431818e+00 -5.144739e-02 9.969891e-01 -5.801589e-02 -9.805969e+00 -1.423263e-01 5.018021e-02 9.885470e-01 2.817239e+02
9.892069e-01 5.750168e-02 1.347715e-01 4.527794e+00 -5.033801e-02 9.971624e-01 -5.597483e-02 -9.868596e+00 -1.376077e-01 4.858655e-02 9.892944e-01 2.825339e+02
9.899259e-01 5.562181e-02 1.302035e-01 4.619747e+00 -4.892351e-02 9.973367e-01 -5.409241e-02 -9.939469e+00 -1.328655e-01 4.717747e-02 9.900106e-01 2.833405e+02
9.887896e-01 5.587381e-02 1.384678e-01 4.729764e+00 -4.846889e-02 9.972375e-01 -5.628689e-02 -1.000499e+01 -1.412303e-01 4.894451e-02 9.887661e-01 2.841685e+02
9.894678e-01 5.559321e-02 1.336521e-01 4.843215e+00 -4.848373e-02 9.972599e-01 -5.587491e-02 -1.005912e+01 -1.363921e-01 4.880648e-02 9.894519e-01 2.849905e+02
9.901424e-01 5.399292e-02 1.292391e-01 4.925118e+00 -4.702008e-02 9.972998e-01 -5.641137e-02 -1.009332e+01 -1.319360e-01 4.977846e-02 9.900076e-01 2.857903e+02
9.906603e-01 5.443977e-02 1.250136e-01 5.015971e+00 -4.762246e-02 9.972440e-01 -5.689023e-02 -1.014912e+01 -1.277662e-01 5.040544e-02 9.905226e-01 2.865646e+02
9.910745e-01 5.462074e-02 1.216055e-01 5.081533e+00 -4.797875e-02 9.972267e-01 -5.689501e-02 -1.020793e+01 -1.243759e-01 5.055271e-02 9.909465e-01 2.873180e+02
9.915524e-01 5.457514e-02 1.176668e-01 5.152905e+00 -4.812406e-02 9.972143e-01 -5.698793e-02 -1.026249e+01 -1.204491e-01 5.084392e-02 9.914166e-01 2.880484e+02
9.919913e-01 5.462285e-02 1.138842e-01 5.228783e+00 -4.838015e-02 9.972081e-01 -5.687942e-02 -1.031770e+01 -1.166731e-01 5.091416e-02 9.918645e-01 2.887742e+02
9.925840e-01 5.458149e-02 1.086181e-01 5.350599e+00 -4.860369e-02 9.971936e-01 -5.694331e-02 -1.037787e+01 -1.114213e-01 5.124178e-02 9.924513e-01 2.894281e+02
9.930832e-01 5.601340e-02 1.031901e-01 5.436296e+00 -5.023876e-02 9.970670e-01 -5.773657e-02 -1.045553e+01 -1.061215e-01 5.215308e-02 9.929845e-01 2.901022e+02
9.935532e-01 5.958737e-02 9.644417e-02 5.509216e+00 -5.401096e-02 9.967699e-01 -5.943482e-02 -1.049591e+01 -9.967422e-02 5.384261e-02 9.935623e-01 2.907669e+02
9.927010e-01 6.161458e-02 1.036740e-01 5.597747e+00 -5.536137e-02 9.965301e-01 -6.215148e-02 -1.057347e+01 -1.071437e-01 5.595830e-02 9.926676e-01 2.913953e+02
9.937937e-01 6.218891e-02 9.223093e-02 5.676979e+00 -5.659911e-02 9.964680e-01 -6.203356e-02 -1.064217e+01 -9.576296e-02 5.642837e-02 9.938034e-01 2.920066e+02
9.949531e-01 6.278286e-02 7.827263e-02 5.730334e+00 -5.804494e-02 9.964237e-01 -6.140509e-02 -1.070251e+01 -8.184789e-02 5.655185e-02 9.950391e-01 2.926246e+02
9.960335e-01 6.397732e-02 6.184047e-02 5.748648e+00 -6.026979e-02 9.963732e-01 -6.006682e-02 -1.074819e+01 -6.545910e-02 5.610145e-02 9.962769e-01 2.932636e+02
9.969331e-01 6.617200e-02 4.178161e-02 5.761308e+00 -6.367878e-02 9.962589e-01 -5.842194e-02 -1.079288e+01 -4.549120e-02 5.558216e-02 9.974173e-01 2.938824e+02
9.975001e-01 6.800055e-02 1.922428e-02 5.748591e+00 -6.680796e-02 9.961337e-01 -5.704724e-02 -1.084081e+01 -2.302919e-02 5.562029e-02 9.981864e-01 2.944999e+02
9.975564e-01 6.958661e-02 -6.245995e-03 5.725103e+00 -6.982661e-02 9.960120e-01 -5.553741e-02 -1.088952e+01 2.356426e-03 5.583784e-02 9.984371e-01 2.951039e+02
9.968962e-01 7.090305e-02 -3.421489e-02 5.684284e+00 -7.266762e-02 9.959242e-01 -5.342729e-02 -1.093121e+01 3.028728e-02 5.574778e-02 9.979854e-01 2.956908e+02
9.952237e-01 7.254059e-02 -6.532673e-02 5.639603e+00 -7.586160e-02 9.958702e-01 -4.987626e-02 -1.097982e+01 6.143889e-02 5.459382e-02 9.966167e-01 2.962401e+02
9.923621e-01 7.203466e-02 -1.001423e-01 5.574639e+00 -7.694784e-02 9.959691e-01 -4.609265e-02 -1.100975e+01 9.641836e-02 5.344633e-02 9.939049e-01 2.967993e+02
9.890920e-01 7.235035e-02 -1.283057e-01 5.490404e+00 -7.857714e-02 9.959301e-01 -4.414561e-02 -1.103836e+01 1.245896e-01 5.374597e-02 9.907516e-01 2.973518e+02
9.832086e-01 7.322922e-02 -1.671474e-01 5.398128e+00 -8.081503e-02 9.959645e-01 -3.903339e-02 -1.107103e+01 1.636145e-01 5.188599e-02 9.851589e-01 2.978823e+02
9.753292e-01 7.478148e-02 -2.077034e-01 5.288902e+00 -8.348171e-02 9.959484e-01 -3.343058e-02 -1.110331e+01 2.043619e-01 4.994525e-02 9.776204e-01 2.983844e+02
9.654905e-01 7.535221e-02 -2.492994e-01 5.155064e+00 -8.498692e-02 9.959859e-01 -2.809603e-02 -1.113292e+01 2.461816e-01 4.831364e-02 9.680188e-01 2.988683e+02
9.534225e-01 7.500382e-02 -2.921642e-01 5.005346e+00 -8.548282e-02 9.960684e-01 -2.324829e-02 -1.115030e+01 2.892719e-01 4.714046e-02 9.560855e-01 2.993507e+02
9.386235e-01 7.475450e-02 -3.367458e-01 4.847480e+00 -8.598072e-02 9.961245e-01 -1.852652e-02 -1.117081e+01 3.340558e-01 4.634308e-02 9.414133e-01 2.998294e+02
9.209458e-01 7.418097e-02 -3.825650e-01 4.660868e+00 -8.601354e-02 9.961971e-01 -1.389290e-02 -1.118191e+01 3.800795e-01 4.570038e-02 9.238241e-01 3.002821e+02
9.002889e-01 7.330684e-02 -4.290757e-01 4.454639e+00 -8.517373e-02 9.963299e-01 -8.490741e-03 -1.119979e+01 4.268785e-01 4.419010e-02 9.032286e-01 3.007321e+02
8.768303e-01 7.336736e-02 -4.751692e-01 4.198674e+00 -8.485545e-02 9.963895e-01 -2.738746e-03 -1.120769e+01 4.732527e-01 4.272212e-02 8.798902e-01 3.011446e+02
8.499104e-01 7.489007e-02 -5.215782e-01 3.939312e+00 -8.650444e-02 9.962493e-01 2.086290e-03 -1.120968e+01 5.197782e-01 4.334567e-02 8.532009e-01 3.015372e+02
8.280132e-01 7.552176e-02 -5.555993e-01 3.645237e+00 -8.804584e-02 9.961076e-01 4.184099e-03 -1.123531e+01 5.537527e-01 4.545372e-02 8.314397e-01 3.019180e+02
7.954989e-01 7.414433e-02 -6.014018e-01 3.344913e+00 -8.435020e-02 9.963725e-01 1.126515e-02 -1.124205e+01 6.000554e-01 4.176695e-02 7.988673e-01 3.022396e+02
7.587628e-01 7.263851e-02 -6.473041e-01 3.013662e+00 -7.872639e-02 9.967043e-01 1.956492e-02 -1.123148e+01 6.465919e-01 3.611478e-02 7.619807e-01 3.025528e+02
7.169417e-01 7.262929e-02 -6.933395e-01 2.679978e+00 -7.429619e-02 9.968543e-01 2.759800e-02 -1.123095e+01 6.931628e-01 3.172633e-02 7.200825e-01 3.028532e+02
6.711803e-01 7.645907e-02 -7.373405e-01 2.343161e+00 -7.421787e-02 9.965998e-01 3.578472e-02 -1.123233e+01 7.375695e-01 3.070584e-02 6.745728e-01 3.031084e+02
6.227406e-01 8.337646e-02 -7.779733e-01 1.976894e+00 -7.846124e-02 9.959487e-01 4.393168e-02 -1.121381e+01 7.784844e-01 3.368271e-02 6.267596e-01 3.033415e+02
5.712041e-01 8.829626e-02 -8.160452e-01 1.642614e+00 -8.046583e-02 9.954321e-01 5.138261e-02 -1.120698e+01 8.168544e-01 3.631380e-02 5.756997e-01 3.035475e+02
5.176953e-01 9.008065e-02 -8.508096e-01 1.254354e+00 -7.884818e-02 9.952330e-01 5.739463e-02 -1.117367e+01 8.519240e-01 3.737186e-02 5.223302e-01 3.037449e+02
4.622650e-01 9.130396e-02 -8.820287e-01 8.925070e-01 -7.468380e-02 9.951595e-01 6.387355e-02 -1.114326e+01 8.835912e-01 3.634675e-02 4.668463e-01 3.039204e+02
4.052835e-01 9.480307e-02 -9.092621e-01 5.512646e-01 -7.032282e-02 9.948944e-01 7.238656e-02 -1.113363e+01 9.114823e-01 3.460479e-02 4.098812e-01 3.040694e+02
3.559655e-01 9.905871e-02 -9.292341e-01 1.703996e-01 -6.931343e-02 9.944257e-01 7.945612e-02 -1.109742e+01 9.319250e-01 3.612477e-02 3.608473e-01 3.041893e+02
2.946750e-01 1.024026e-01 -9.500949e-01 -2.074252e-01 -6.396290e-02 9.941256e-01 8.731002e-02 -1.107536e+01 9.534545e-01 3.504275e-02 2.994939e-01 3.042899e+02
2.316152e-01 1.070494e-01 -9.668996e-01 -6.166021e-01 -6.056601e-02 9.935856e-01 9.549567e-02 -1.104856e+01 9.709203e-01 3.644299e-02 2.366131e-01 3.043532e+02
1.669223e-01 1.126642e-01 -9.795120e-01 -1.029479e+00 -5.452698e-02 9.929845e-01 1.049217e-01 -1.101303e+01 9.844611e-01 3.589605e-02 1.718945e-01 3.043954e+02
9.991307e-02 1.192163e-01 -9.878284e-01 -1.463291e+00 -4.845438e-02 9.922012e-01 1.148432e-01 -1.096599e+01 9.938157e-01 3.639027e-02 1.049104e-01 3.044096e+02
3.194269e-02 1.259015e-01 -9.915284e-01 -1.906280e+00 -4.173740e-02 9.913373e-01 1.245326e-01 -1.091388e+01 9.986179e-01 3.740591e-02 3.692078e-02 3.043960e+02
-3.665172e-02 1.323049e-01 -9.905312e-01 -2.362465e+00 -3.466379e-02 9.904324e-01 1.335743e-01 -1.086180e+01 9.987267e-01 3.923129e-02 -3.171486e-02 3.043587e+02
-1.044657e-01 1.379504e-01 -9.849145e-01 -2.836287e+00 -2.591689e-02 9.896192e-01 1.413582e-01 -1.079893e+01 9.941907e-01 4.029301e-02 -9.980598e-02 3.042830e+02
-1.709359e-01 1.424525e-01 -9.749298e-01 -3.308590e+00 -1.633539e-02 9.889473e-01 1.473647e-01 -1.073618e+01 9.851467e-01 4.111578e-02 -1.667196e-01 3.041753e+02
-2.350151e-01 1.451205e-01 -9.610973e-01 -3.791284e+00 -7.406452e-03 9.884955e-01 1.510686e-01 -1.066785e+01 9.719635e-01 4.262172e-02 -2.312366e-01 3.040267e+02
-2.934246e-01 1.476667e-01 -9.445086e-01 -4.256769e+00 -9.909108e-04 9.879506e-01 1.547663e-01 -1.059977e+01 9.559817e-01 4.634818e-02 -2.897427e-01 3.038448e+02
-3.525272e-01 1.479870e-01 -9.240262e-01 -4.759376e+00 7.413332e-03 9.878275e-01 1.553768e-01 -1.051397e+01 9.357722e-01 4.792444e-02 -3.493331e-01 3.036282e+02
-4.075862e-01 1.483564e-01 -9.010349e-01 -5.268051e+00 1.536271e-02 9.876889e-01 1.556747e-01 -1.042385e+01 9.130375e-01 4.960852e-02 -4.048476e-01 3.033741e+02
-4.576620e-01 1.484361e-01 -8.766483e-01 -5.780323e+00 2.217765e-02 9.875651e-01 1.556387e-01 -1.032658e+01 8.888496e-01 5.178794e-02 -4.552630e-01 3.030832e+02
-5.025580e-01 1.485620e-01 -8.516835e-01 -6.302266e+00 2.745009e-02 9.873704e-01 1.560327e-01 -1.022191e+01 8.641076e-01 5.503670e-02 -5.002890e-01 3.027630e+02
-5.431436e-01 1.524032e-01 -8.256926e-01 -6.801248e+00 3.665245e-02 9.867552e-01 1.580214e-01 -1.013013e+01 8.388394e-01 5.556467e-02 -5.415358e-01 3.024108e+02
-5.830600e-01 1.594938e-01 -7.966195e-01 -7.296045e+00 4.999939e-02 9.857263e-01 1.607600e-01 -1.004151e+01 8.108890e-01 5.390227e-02 -5.827122e-01 3.020325e+02
-6.231656e-01 1.640468e-01 -7.646916e-01 -7.838775e+00 6.063240e-02 9.849449e-01 1.618863e-01 -9.918823e+00 7.797361e-01 5.451686e-02 -6.237304e-01 3.016082e+02
-6.600904e-01 1.655866e-01 -7.327085e-01 -8.349561e+00 6.826234e-02 9.845888e-01 1.610127e-01 -9.807939e+00 7.480782e-01 5.626655e-02 -6.612209e-01 3.011347e+02
-6.947739e-01 1.619646e-01 -7.007544e-01 -8.845421e+00 7.225503e-02 9.851032e-01 1.560474e-01 -9.697879e+00 7.155896e-01 5.778465e-02 -6.961267e-01 3.006244e+02
-7.284044e-01 1.602919e-01 -6.661333e-01 -9.315825e+00 7.730998e-02 9.852676e-01 1.525483e-01 -9.591154e+00 6.807718e-01 5.961811e-02 -7.300654e-01 3.000869e+02
-7.578564e-01 1.559043e-01 -6.335200e-01 -9.787021e+00 8.070233e-02 9.859727e-01 1.460990e-01 -9.483581e+00 6.474109e-01 5.959551e-02 -7.598075e-01 2.995005e+02
-7.849961e-01 1.526244e-01 -6.004056e-01 -1.026160e+01 8.464522e-02 9.865120e-01 1.401047e-01 -9.363937e+00 6.136907e-01 5.916017e-02 -7.873270e-01 2.988733e+02
-8.099880e-01 1.513958e-01 -5.665675e-01 -1.071612e+01 8.824455e-02 9.865675e-01 1.374684e-01 -9.250072e+00 5.797692e-01 6.135128e-02 -8.124677e-01 2.982096e+02
-8.339368e-01 1.477332e-01 -5.317182e-01 -1.114838e+01 8.932197e-02 9.869314e-01 1.341193e-01 -9.143359e+00 5.445833e-01 6.435294e-02 -8.362342e-01 2.975051e+02
-8.556737e-01 1.476411e-01 -4.960087e-01 -1.156350e+01 9.466408e-02 9.869240e-01 1.304594e-01 -9.029399e+00 5.087841e-01 6.467650e-02 -8.584612e-01 2.967711e+02
-8.759248e-01 1.489043e-01 -4.588935e-01 -1.196514e+01 1.008856e-01 9.866820e-01 1.275962e-01 -8.913064e+00 4.717816e-01 6.546891e-02 -8.792815e-01 2.960201e+02
-8.937686e-01 1.521013e-01 -4.219514e-01 -1.233789e+01 1.088818e-01 9.861820e-01 1.248591e-01 -8.799287e+00 4.351121e-01 6.565231e-02 -8.979795e-01 2.952167e+02
-9.101539e-01 1.526880e-01 -3.851054e-01 -1.268715e+01 1.129541e-01 9.858429e-01 1.239161e-01 -8.689889e+00 3.985739e-01 6.928351e-02 -9.145155e-01 2.944204e+02
-9.240581e-01 1.556324e-01 -3.491349e-01 -1.299860e+01 1.196114e-01 9.852218e-01 1.226017e-01 -8.591406e+00 3.630561e-01 7.153059e-02 -9.290176e-01 2.935564e+02
-9.389459e-01 1.560179e-01 -3.066578e-01 -1.329444e+01 1.241036e-01 9.848549e-01 1.210745e-01 -8.481904e+00 3.209032e-01 7.562510e-02 -9.440879e-01 2.926568e+02
-9.494068e-01 1.540213e-01 -2.736861e-01 -1.355265e+01 1.267870e-01 9.852804e-01 1.146631e-01 -8.370114e+00 2.873181e-01 7.416207e-02 -9.549598e-01 2.917626e+02
-9.582363e-01 1.522450e-01 -2.420840e-01 -1.376762e+01 1.290598e-01 9.856280e-01 1.090000e-01 -8.271994e+00 2.551995e-01 7.320446e-02 -9.641132e-01 2.907651e+02
-9.655642e-01 1.513229e-01 -2.116297e-01 -1.396699e+01 1.312622e-01 9.856744e-01 1.059071e-01 -8.170168e+00 2.246241e-01 7.448110e-02 -9.715949e-01 2.897543e+02
-9.718678e-01 1.497861e-01 -1.817610e-01 -1.415169e+01 1.326355e-01 9.857809e-01 1.031689e-01 -8.063524e+00 1.946297e-01 7.615854e-02 -9.779157e-01 2.887404e+02
-9.767650e-01 1.493742e-01 -1.536801e-01 -1.431059e+01 1.351445e-01 9.858411e-01 9.926357e-02 -7.964016e+00 1.663316e-01 7.618816e-02 -9.831222e-01 2.876858e+02
-9.805422e-01 1.490077e-01 -1.278035e-01 -1.443927e+01 1.372627e-01 9.858433e-01 9.629127e-02 -7.860632e+00 1.403423e-01 7.687500e-02 -9.871141e-01 2.866071e+02
-9.837940e-01 1.465392e-01 -1.033233e-01 -1.453530e+01 1.368849e-01 9.860141e-01 9.507243e-02 -7.767281e+00 1.158101e-01 7.938829e-02 -9.900937e-01 2.854194e+02
-9.861885e-01 1.450535e-01 -7.994832e-02 -1.462464e+01 1.374632e-01 9.860890e-01 9.344723e-02 -7.657529e+00 9.239100e-02 8.116663e-02 -9.924091e-01 2.842063e+02
-9.879854e-01 1.423876e-01 -6.008773e-02 -1.468950e+01 1.366668e-01 9.864758e-01 9.048526e-02 -7.564713e+00 7.215907e-02 8.118612e-02 -9.940834e-01 2.830089e+02
-9.897057e-01 1.382671e-01 -3.694366e-02 -1.473088e+01 1.346395e-01 9.870476e-01 8.723145e-02 -7.470248e+00 4.852639e-02 8.135939e-02 -9.955028e-01 2.817763e+02
-9.907568e-01 1.332620e-01 -2.534227e-02 -1.474285e+01 1.306854e-01 9.877709e-01 8.502964e-02 -7.378409e+00 3.636357e-02 8.093183e-02 -9.960561e-01 2.805142e+02
-9.915549e-01 1.284677e-01 -1.774793e-02 -1.474793e+01 1.264956e-01 9.882252e-01 8.607990e-02 -7.287945e+00 2.859745e-02 8.310791e-02 -9.961301e-01 2.792267e+02
-9.919740e-01 1.256742e-01 -1.391151e-02 -1.475438e+01 1.240080e-01 9.884569e-01 8.703413e-02 -7.204445e+00 2.468887e-02 8.461046e-02 -9.961082e-01 2.779255e+02
-9.922656e-01 1.234075e-01 -1.340161e-02 -1.476606e+01 1.218229e-01 9.888390e-01 8.577076e-02 -7.109427e+00 2.383678e-02 8.347475e-02 -9.962248e-01 2.766303e+02
-9.925419e-01 1.208721e-01 -1.582593e-02 -1.476095e+01 1.191082e-01 9.892166e-01 8.522782e-02 -7.022053e+00 2.595693e-02 8.270719e-02 -9.962358e-01 2.753243e+02
-9.925463e-01 1.204747e-01 -1.837398e-02 -1.477995e+01 1.184807e-01 9.892285e-01 8.596101e-02 -6.916735e+00 2.853219e-02 8.314332e-02 -9.961291e-01 2.740375e+02
-9.926344e-01 1.193089e-01 -2.103245e-02 -1.479634e+01 1.170666e-01 9.893091e-01 8.696475e-02 -6.825890e+00 3.118326e-02 8.386200e-02 -9.959893e-01 2.726745e+02
-9.926446e-01 1.184382e-01 -2.508079e-02 -1.481661e+01 1.158281e-01 9.893754e-01 8.786396e-02 -6.727877e+00 3.522077e-02 8.431263e-02 -9.958167e-01 2.712777e+02
-9.927175e-01 1.166651e-01 -3.002010e-02 -1.484611e+01 1.135521e-01 9.894316e-01 9.017222e-02 -6.626977e+00 4.022279e-02 8.610669e-02 -9.954736e-01 2.699101e+02
-9.926535e-01 1.170688e-01 -3.055977e-02 -1.488469e+01 1.137743e-01 9.891047e-01 9.341979e-02 -6.531426e+00 4.116336e-02 8.925657e-02 -9.951577e-01 2.685341e+02
-9.926451e-01 1.159173e-01 -3.491331e-02 -1.495105e+01 1.121617e-01 9.891285e-01 9.510252e-02 -6.416336e+00 4.555778e-02 9.048711e-02 -9.948551e-01 2.671738e+02
-9.925416e-01 1.151687e-01 -3.996580e-02 -1.500024e+01 1.109499e-01 9.892479e-01 9.528209e-02 -6.315258e+00 5.050960e-02 9.013724e-02 -9.946477e-01 2.657973e+02
-9.925457e-01 1.132898e-01 -4.492745e-02 -1.506296e+01 1.086492e-01 9.895367e-01 9.493375e-02 -6.206390e+00 5.521239e-02 8.934475e-02 -9.944693e-01 2.643327e+02
-9.925526e-01 1.112254e-01 -4.968176e-02 -1.515999e+01 1.062005e-01 9.898579e-01 9.435466e-02 -6.085712e+00 5.967252e-02 8.837573e-02 -9.942982e-01 2.628571e+02
-9.924631e-01 1.098484e-01 -5.431598e-02 -1.524736e+01 1.044120e-01 9.900404e-01 9.443562e-02 -5.986602e+00 6.414862e-02 8.805264e-02 -9.940481e-01 2.613535e+02
-9.922394e-01 1.094527e-01 -5.900145e-02 -1.531834e+01 1.033854e-01 9.898425e-01 9.758737e-02 -5.884160e+00 6.908334e-02 9.073014e-02 -9.934765e-01 2.598383e+02
-9.919336e-01 1.096752e-01 -6.355413e-02 -1.538797e+01 1.029373e-01 9.895430e-01 1.010373e-01 -5.785589e+00 7.397083e-02 9.368016e-02 -9.928506e-01 2.583707e+02
-9.916140e-01 1.099964e-01 -6.784173e-02 -1.547858e+01 1.028593e-01 9.895565e-01 1.009842e-01 -5.666370e+00 7.824113e-02 9.315918e-02 -9.925723e-01 2.569773e+02
-9.913110e-01 1.105811e-01 -7.123444e-02 -1.557536e+01 1.031458e-01 9.895516e-01 1.007400e-01 -5.554154e+00 8.163010e-02 9.251712e-02 -9.923594e-01 2.555949e+02
-9.914162e-01 1.111726e-01 -6.880761e-02 -1.569405e+01 1.040301e-01 9.895452e-01 9.988969e-02 -5.432826e+00 7.919324e-02 9.187420e-02 -9.926165e-01 2.542298e+02
-9.912626e-01 1.107993e-01 -7.156813e-02 -1.578250e+01 1.036757e-01 9.899115e-01 9.657395e-02 -5.321572e+00 8.154644e-02 8.831027e-02 -9.927495e-01 2.528264e+02
-9.912039e-01 1.100486e-01 -7.351264e-02 -1.589399e+01 1.029185e-01 9.901805e-01 9.460608e-02 -5.219574e+00 8.320205e-02 8.620810e-02 -9.927968e-01 2.514504e+02
-9.911896e-01 1.089258e-01 -7.535444e-02 -1.600914e+01 1.014660e-01 9.901377e-01 9.660243e-02 -5.112900e+00 8.513376e-02 8.810542e-02 -9.924665e-01 2.500359e+02
-9.910372e-01 1.093637e-01 -7.671255e-02 -1.611807e+01 1.016014e-01 9.899185e-01 9.868434e-02 -5.006942e+00 8.673165e-02 9.000576e-02 -9.921575e-01 2.485857e+02
-9.910374e-01 1.088362e-01 -7.745716e-02 -1.622123e+01 1.009866e-01 9.899582e-01 9.891631e-02 -4.896215e+00 8.744502e-02 9.020762e-02 -9.920766e-01 2.471457e+02
-9.909582e-01 1.098115e-01 -7.709324e-02 -1.633371e+01 1.020036e-01 9.898650e-01 9.880577e-02 -4.774757e+00 8.716190e-02 9.004859e-02 -9.921159e-01 2.456802e+02
-9.910548e-01 1.095290e-01 -7.624777e-02 -1.645231e+01 1.018293e-01 9.899186e-01 9.844757e-02 -4.661924e+00 8.626195e-02 8.980268e-02 -9.922169e-01 2.443008e+02
-9.910100e-01 1.103055e-01 -7.570915e-02 -1.656233e+01 1.028067e-01 9.899923e-01 9.667471e-02 -4.551702e+00 8.561523e-02 8.802219e-02 -9.924324e-01 2.428589e+02
-9.909928e-01 1.108437e-01 -7.514647e-02 -1.664732e+01 1.035127e-01 9.900529e-01 9.529116e-02 -4.457653e+00 8.496141e-02 8.665424e-02 -9.926090e-01 2.413659e+02
-9.912137e-01 1.130260e-01 -6.870627e-02 -1.673675e+01 1.062236e-01 9.897271e-01 9.569128e-02 -4.352785e+00 7.881606e-02 8.755228e-02 -9.930371e-01 2.398813e+02
-9.912439e-01 1.130336e-01 -6.825587e-02 -1.680576e+01 1.060521e-01 9.894742e-01 9.845688e-02 -4.247956e+00 7.866636e-02 9.035610e-02 -9.927978e-01 2.384084e+02
-9.914860e-01 1.114189e-01 -6.738917e-02 -1.689663e+01 1.044490e-01 9.895550e-01 9.935412e-02 -4.135104e+00 7.775521e-02 9.146949e-02 -9.927676e-01 2.369431e+02
-9.917592e-01 1.093779e-01 -6.670989e-02 -1.697344e+01 1.024322e-01 9.897107e-01 9.990188e-02 -4.014089e+00 7.695056e-02 9.224536e-02 -9.927585e-01 2.354746e+02
-9.920694e-01 1.070480e-01 -6.587207e-02 -1.706990e+01 1.002458e-01 9.900146e-01 9.910538e-02 -3.890720e+00 7.582334e-02 9.171602e-02 -9.928943e-01 2.340161e+02
-9.923279e-01 1.047996e-01 -6.559256e-02 -1.714463e+01 9.805288e-02 9.902670e-01 9.877681e-02 -3.780353e+00 7.530592e-02 9.158745e-02 -9.929455e-01 2.325018e+02
-9.922419e-01 1.053105e-01 -6.607380e-02 -1.721958e+01 9.863860e-02 9.903647e-01 9.720168e-02 -3.664523e+00 7.567352e-02 8.993015e-02 -9.930690e-01 2.310797e+02
-9.923083e-01 1.047367e-01 -6.598852e-02 -1.730147e+01 9.821629e-02 9.905893e-01 9.532225e-02 -3.547974e+00 7.535126e-02 8.810791e-02 -9.932569e-01 2.296370e+02
-9.922308e-01 1.055999e-01 -6.577838e-02 -1.739157e+01 9.903735e-02 9.904320e-01 9.610463e-02 -3.437994e+00 7.529765e-02 8.884345e-02 -9.931954e-01 2.282146e+02
-9.923245e-01 1.049534e-01 -6.539794e-02 -1.748286e+01 9.837217e-02 9.904287e-01 9.681865e-02 -3.329405e+00 7.493344e-02 8.964218e-02 -9.931512e-01 2.267717e+02
-9.926679e-01 1.054773e-01 -5.903354e-02 -1.755968e+01 9.953192e-02 9.904001e-01 9.592178e-02 -3.207341e+00 6.858439e-02 8.934275e-02 -9.936368e-01 2.253045e+02
-9.928270e-01 1.040456e-01 -5.889907e-02 -1.764920e+01 9.807400e-02 9.904869e-01 9.652580e-02 -3.077574e+00 6.838184e-02 9.005696e-02 -9.935863e-01 2.238176e+02
-9.926661e-01 1.051496e-01 -5.964533e-02 -1.771888e+01 9.913679e-02 9.904213e-01 9.611214e-02 -2.973019e+00 6.918015e-02 8.949422e-02 -9.935818e-01 2.223745e+02
-9.927204e-01 1.044756e-01 -5.992503e-02 -1.779575e+01 9.848828e-02 9.905539e-01 9.540963e-02 -2.874249e+00 6.932695e-02 8.881317e-02 -9.936327e-01 2.209332e+02
-9.925328e-01 1.059691e-01 -6.040903e-02 -1.786708e+01 9.989666e-02 9.903598e-01 9.595891e-02 -2.759483e+00 6.999535e-02 8.920770e-02 -9.935505e-01 2.194709e+02
-9.925108e-01 1.058222e-01 -6.102419e-02 -1.794044e+01 9.958304e-02 9.902376e-01 9.753350e-02 -2.639268e+00 7.074966e-02 9.072607e-02 -9.933596e-01 2.180085e+02
-9.925351e-01 1.051593e-01 -6.177059e-02 -1.800009e+01 9.890758e-02 9.903789e-01 9.678279e-02 -2.538428e+00 7.135390e-02 8.995074e-02 -9.933869e-01 2.164709e+02
-9.924759e-01 1.054693e-01 -6.219160e-02 -1.808068e+01 9.935457e-02 9.905692e-01 9.434730e-02 -2.427597e+00 7.155583e-02 8.745841e-02 -9.935949e-01 2.150284e+02
-9.925270e-01 1.049577e-01 -6.224168e-02 -1.816160e+01 9.881963e-02 9.905963e-01 9.462358e-02 -2.313828e+00 7.158785e-02 8.776576e-02 -9.935655e-01 2.135452e+02
-9.926515e-01 1.035398e-01 -6.263062e-02 -1.824463e+01 9.738635e-02 9.907596e-01 9.439964e-02 -2.198957e+00 7.182601e-02 8.760657e-02 -9.935623e-01 2.121290e+02
-9.930900e-01 1.033514e-01 -5.559392e-02 -1.832319e+01 9.803457e-02 9.910047e-01 9.109875e-02 -2.080401e+00 6.450902e-02 8.501914e-02 -9.942889e-01 2.106567e+02
-9.930960e-01 1.032731e-01 -5.563278e-02 -1.839109e+01 9.788978e-02 9.909288e-01 9.207481e-02 -1.959813e+00 6.463698e-02 8.599324e-02 -9.941968e-01 2.092017e+02
-9.931843e-01 1.023083e-01 -5.583810e-02 -1.846068e+01 9.678882e-02 9.908635e-01 9.392231e-02 -1.853639e+00 6.493697e-02 8.787766e-02 -9.940124e-01 2.077044e+02
-9.932215e-01 1.018138e-01 -5.608001e-02 -1.854073e+01 9.627671e-02 9.909172e-01 9.388273e-02 -1.734859e+00 6.512921e-02 8.784714e-02 -9.940025e-01 2.063167e+02
-9.930906e-01 1.031397e-01 -5.597545e-02 -1.862099e+01 9.765797e-02 9.908529e-01 9.313122e-02 -1.626960e+00 6.506897e-02 8.702129e-02 -9.940791e-01 2.048519e+02
-9.931306e-01 1.030269e-01 -5.547191e-02 -1.871235e+01 9.760858e-02 9.908855e-01 9.283547e-02 -1.521034e+00 6.453086e-02 8.678321e-02 -9.941350e-01 2.033117e+02
-9.930668e-01 1.035019e-01 -5.572952e-02 -1.879256e+01 9.793928e-02 9.906778e-01 9.468578e-02 -1.415471e+00 6.501015e-02 8.857119e-02 -9.939461e-01 2.017689e+02
-9.930044e-01 1.039383e-01 -5.602774e-02 -1.887769e+01 9.817067e-02 9.903937e-01 9.737940e-02 -1.296243e+00 6.561097e-02 9.119789e-02 -9.936690e-01 2.003142e+02
-9.930104e-01 1.031972e-01 -5.727642e-02 -1.895156e+01 9.730922e-02 9.904670e-01 9.749869e-02 -1.177791e+00 6.679200e-02 9.124369e-02 -9.935861e-01 1.988928e+02
-9.930940e-01 1.017405e-01 -5.842236e-02 -1.902452e+01 9.574363e-02 9.906086e-01 9.761001e-02 -1.068304e+00 6.780459e-02 9.134234e-02 -9.935085e-01 1.974084e+02
-9.935571e-01 1.008632e-01 -5.168141e-02 -1.908772e+01 9.560983e-02 9.908137e-01 9.564006e-02 -9.530123e-01 6.085321e-02 9.008260e-02 -9.940734e-01 1.958968e+02
-9.934413e-01 1.014560e-01 -5.273681e-02 -1.915039e+01 9.614826e-02 9.908274e-01 9.495613e-02 -8.435151e-01 6.188694e-02 8.926278e-02 -9.940836e-01 1.943797e+02
-9.932888e-01 1.023918e-01 -5.378852e-02 -1.921677e+01 9.707442e-02 9.908675e-01 9.358477e-02 -7.256726e-01 6.287962e-02 8.773522e-02 -9.941573e-01 1.929015e+02
-9.931600e-01 1.034767e-01 -5.409072e-02 -1.928309e+01 9.812689e-02 9.907591e-01 9.363537e-02 -6.176633e-01 6.327995e-02 8.768715e-02 -9.941361e-01 1.914324e+02
-9.932442e-01 1.022895e-01 -5.479751e-02 -1.936396e+01 9.690260e-02 9.909123e-01 9.328853e-02 -5.062632e-01 6.384196e-02 8.734827e-02 -9.941300e-01 1.900158e+02
-9.932089e-01 1.021933e-01 -5.561059e-02 -1.944031e+01 9.674570e-02 9.909426e-01 9.312906e-02 -3.957485e-01 6.462407e-02 8.711653e-02 -9.940998e-01 1.886013e+02
-9.931604e-01 1.021952e-01 -5.646682e-02 -1.951345e+01 9.663727e-02 9.909024e-01 9.366780e-02 -2.925259e-01 6.552550e-02 8.757036e-02 -9.940009e-01 1.871574e+02
-9.932339e-01 1.010460e-01 -5.723664e-02 -1.959053e+01 9.528345e-02 9.908335e-01 9.576068e-02 -2.021567e-01 6.638821e-02 8.965905e-02 -9.937574e-01 1.857510e+02
-9.931361e-01 1.013790e-01 -5.833474e-02 -1.967046e+01 9.549877e-02 9.907869e-01 9.602764e-02 -9.087493e-02 6.753249e-02 8.979762e-02 -9.936678e-01 1.842522e+02
-9.929591e-01 1.016115e-01 -6.088837e-02 -1.974578e+01 9.556470e-02 9.908680e-01 9.512100e-02 1.234207e-02 6.999773e-02 8.863248e-02 -9.936018e-01 1.828469e+02
-9.933933e-01 1.014716e-01 -5.360266e-02 -1.983971e+01 9.628921e-02 9.911172e-01 9.173379e-02 1.151965e-01 6.243490e-02 8.596637e-02 -9.943398e-01 1.814592e+02
-9.932528e-01 1.016817e-01 -5.576447e-02 -1.990926e+01 9.622285e-02 9.909950e-01 9.311349e-02 2.240554e-01 6.473025e-02 8.711942e-02 -9.940927e-01 1.800435e+02
-9.929614e-01 1.032652e-01 -5.799901e-02 -1.997520e+01 9.750851e-02 9.907300e-01 9.458406e-02 3.305157e-01 6.722861e-02 8.826292e-02 -9.938259e-01 1.786017e+02
-9.927714e-01 1.038693e-01 -6.013384e-02 -2.005936e+01 9.798019e-02 9.907623e-01 9.375491e-02 4.371451e-01 6.931660e-02 8.718527e-02 -9.937776e-01 1.772101e+02
-9.927264e-01 1.033262e-01 -6.179037e-02 -2.014941e+01 9.728809e-02 9.908237e-01 9.382676e-02 5.394829e-01 7.091813e-02 8.713283e-02 -9.936692e-01 1.758390e+02
-9.926384e-01 1.029114e-01 -6.386114e-02 -2.023919e+01 9.660450e-02 9.907757e-01 9.503149e-02 6.406257e-01 7.305190e-02 8.816263e-02 -9.934238e-01 1.744704e+02
-9.924984e-01 1.028470e-01 -6.610112e-02 -2.031818e+01 9.620563e-02 9.906406e-01 9.682804e-02 7.365886e-01 7.544093e-02 8.974238e-02 -9.931037e-01 1.730798e+02
-9.923194e-01 1.032406e-01 -6.814429e-02 -2.040839e+01 9.634492e-02 9.905396e-01 9.771912e-02 8.324673e-01 7.758820e-02 9.040322e-02 -9.928783e-01 1.716983e+02
-9.922441e-01 1.026956e-01 -7.003814e-02 -2.049147e+01 9.566805e-02 9.906534e-01 9.722848e-02 9.282515e-01 7.936846e-02 8.977397e-02 -9.927947e-01 1.704009e+02
-9.920834e-01 1.032406e-01 -7.149751e-02 -2.058659e+01 9.603866e-02 9.905669e-01 9.774340e-02 1.020682e+00 8.091415e-02 9.010308e-02 -9.926401e-01 1.691286e+02
-9.927327e-01 1.027036e-01 -6.272027e-02 -2.067554e+01 9.635977e-02 9.906145e-01 9.694182e-02 1.116837e+00 7.208788e-02 9.019360e-02 -9.933119e-01 1.678745e+02
-9.927066e-01 1.025432e-01 -6.339138e-02 -2.075025e+01 9.614277e-02 9.906408e-01 9.688827e-02 1.204267e+00 7.273332e-02 9.008700e-02 -9.932745e-01 1.666184e+02
-9.927935e-01 1.014540e-01 -6.378264e-02 -2.081694e+01 9.516469e-02 9.909254e-01 9.492395e-02 1.288786e+00 7.283426e-02 8.817002e-02 -9.934391e-01 1.653400e+02
-9.928877e-01 1.005066e-01 -6.381555e-02 -2.088742e+01 9.424817e-02 9.910547e-01 9.448703e-02 1.372140e+00 7.274128e-02 8.780052e-02 -9.934786e-01 1.641117e+02
-9.928664e-01 1.010530e-01 -6.328127e-02 -2.097580e+01 9.484779e-02 9.910068e-01 9.438926e-02 1.452344e+00 7.225049e-02 8.771384e-02 -9.935221e-01 1.628968e+02
-9.928905e-01 1.013056e-01 -6.249475e-02 -2.109246e+01 9.521073e-02 9.910269e-01 9.381165e-02 1.570317e+00 7.143762e-02 8.719452e-02 -9.936266e-01 1.616702e+02
-9.929998e-01 1.005617e-01 -6.195824e-02 -2.117344e+01 9.447615e-02 9.910451e-01 9.436007e-02 1.664246e+00 7.089242e-02 8.784595e-02 -9.936083e-01 1.605239e+02
-9.930022e-01 1.011466e-01 -6.095868e-02 -2.126452e+01 9.503345e-02 9.908356e-01 9.598631e-02 1.741560e+00 7.010872e-02 8.952150e-02 -9.935143e-01 1.593610e+02
-9.930898e-01 1.006520e-01 -6.034709e-02 -2.133755e+01 9.455347e-02 9.908239e-01 9.657922e-02 1.812015e+00 6.951422e-02 9.020581e-02 -9.934942e-01 1.582813e+02
-9.933490e-01 9.887649e-02 -5.900190e-02 -2.147313e+01 9.299177e-02 9.910957e-01 9.529826e-02 1.909684e+00 6.789929e-02 8.917774e-02 -9.936987e-01 1.572462e+02
-9.938794e-01 9.960221e-02 -4.778303e-02 -2.158178e+01 9.499724e-02 9.913536e-01 9.051783e-02 1.994330e+00 5.638566e-02 8.542454e-02 -9.947479e-01 1.561950e+02
-9.939321e-01 9.939501e-02 -4.711304e-02 -2.163152e+01 9.490625e-02 9.914569e-01 8.947647e-02 2.034768e+00 5.560407e-02 8.446222e-02 -9.948740e-01 1.551870e+02
-9.940953e-01 9.810311e-02 -4.637228e-02 -2.170319e+01 9.366591e-02 9.915511e-01 8.973900e-02 2.089821e+00 5.478416e-02 8.486561e-02 -9.948852e-01 1.541781e+02
-9.940570e-01 9.869036e-02 -4.594516e-02 -2.174026e+01 9.426225e-02 9.914519e-01 9.020961e-02 2.169268e+00 5.445524e-02 8.534260e-02 -9.948624e-01 1.532202e+02
-9.941217e-01 9.836351e-02 -4.524037e-02 -2.179809e+01 9.398312e-02 9.914557e-01 9.045894e-02 2.238357e+00 5.375168e-02 8.567536e-02 -9.948721e-01 1.522734e+02
-9.941974e-01 9.782864e-02 -4.473359e-02 -2.184617e+01 9.347746e-02 9.914765e-01 9.075405e-02 2.293722e+00 5.323064e-02 8.604586e-02 -9.948681e-01 1.513614e+02
-9.942026e-01 9.789403e-02 -4.447411e-02 -2.185210e+01 9.357113e-02 9.914781e-01 9.063995e-02 2.357061e+00 5.296822e-02 8.595299e-02 -9.948902e-01 1.504427e+02
-9.944710e-01 9.584395e-02 -4.291040e-02 -2.195465e+01 9.168433e-02 9.916945e-01 9.019969e-02 2.400741e+00 5.119910e-02 8.576677e-02 -9.949989e-01 1.496049e+02
-9.944245e-01 9.644749e-02 -4.263645e-02 -2.199761e+01 9.244578e-02 9.918624e-01 8.753756e-02 2.451880e+00 5.073227e-02 8.310793e-02 -9.952484e-01 1.487187e+02
-9.941533e-01 9.935143e-02 -4.229090e-02 -2.203549e+01 9.548791e-02 9.917748e-01 8.523406e-02 2.513672e+00 5.041117e-02 8.069746e-02 -9.954630e-01 1.478617e+02
-9.944530e-01 1.006315e-01 -3.060262e-02 -2.211807e+01 9.789923e-02 9.919347e-01 8.050653e-02 2.577979e+00 3.845730e-02 7.706399e-02 -9.962842e-01 1.470379e+02
-9.946283e-01 9.905401e-02 -3.004594e-02 -2.218154e+01 9.637499e-02 9.920974e-01 8.034114e-02 2.642136e+00 3.776661e-02 7.701390e-02 -9.963145e-01 1.462218e+02
-9.946625e-01 9.899787e-02 -2.908352e-02 -2.225969e+01 9.642940e-02 9.921710e-01 7.936086e-02 2.687848e+00 3.671238e-02 7.613276e-02 -9.964216e-01 1.454391e+02
-9.945200e-01 1.004916e-01 -2.883381e-02 -2.228400e+01 9.800266e-02 9.921556e-01 7.760698e-02 2.738033e+00 3.640648e-02 7.435590e-02 -9.965670e-01 1.446412e+02
-9.944921e-01 1.007787e-01 -2.879512e-02 -2.231862e+01 9.830758e-02 9.921589e-01 7.717725e-02 2.781951e+00 3.634715e-02 7.392139e-02 -9.966015e-01 1.438623e+02
-9.945727e-01 1.000654e-01 -2.849799e-02 -2.236991e+01 9.760604e-02 9.922023e-01 7.750917e-02 2.832712e+00 3.603176e-02 7.430692e-02 -9.965843e-01 1.430775e+02
-9.945575e-01 1.001072e-01 -2.887950e-02 -2.240799e+01 9.758944e-02 9.921398e-01 7.832625e-02 2.869383e+00 3.649352e-02 7.508163e-02 -9.965094e-01 1.422965e+02
-9.945265e-01 1.003363e-01 -2.914993e-02 -2.244685e+01 9.783056e-02 9.921861e-01 7.743367e-02 2.922087e+00 3.669156e-02 7.415808e-02 -9.965713e-01 1.415191e+02
-9.944063e-01 1.014314e-01 -2.945800e-02 -2.247976e+01 9.894421e-02 9.921672e-01 7.625127e-02 2.980657e+00 3.696154e-02 7.291004e-02 -9.966534e-01 1.407534e+02
-9.943089e-01 1.021814e-01 -3.014438e-02 -2.248530e+01 9.968710e-02 9.921830e-01 7.506883e-02 3.023940e+00 3.757939e-02 7.163660e-02 -9.967226e-01 1.399886e+02
-9.943932e-01 1.039427e-01 -1.944299e-02 -2.251637e+01 1.023838e-01 9.923592e-01 6.885259e-02 3.069520e+00 2.645115e-02 6.647590e-02 -9.974374e-01 1.392338e+02
-9.943677e-01 1.040574e-01 -2.012508e-02 -2.252742e+01 1.025285e-01 9.925340e-01 6.606216e-02 3.106676e+00 2.684908e-02 6.362668e-02 -9.976125e-01 1.384883e+02
-9.942929e-01 1.046318e-01 -2.082751e-02 -2.254903e+01 1.031170e-01 9.926152e-01 6.388947e-02 3.138371e+00 2.735857e-02 6.137718e-02 -9.977396e-01 1.377462e+02
-9.945248e-01 1.023596e-01 -2.104780e-02 -2.258528e+01 1.009017e-01 9.929967e-01 6.145266e-02 3.174377e+00 2.719066e-02 5.899243e-02 -9.978881e-01 1.370061e+02
-9.947184e-01 1.003250e-01 -2.168522e-02 -2.259976e+01 9.886557e-02 9.932744e-01 6.026247e-02 3.194124e+00 2.758521e-02 5.780026e-02 -9.979470e-01 1.362809e+02
-9.945433e-01 1.019594e-01 -2.208959e-02 -2.260400e+01 1.004436e-01 9.930494e-01 6.135153e-02 3.230236e+00 2.819142e-02 5.879799e-02 -9.978718e-01 1.355373e+02
-9.943501e-01 1.038834e-01 -2.182088e-02 -2.264693e+01 1.023107e-01 9.927029e-01 6.382343e-02 3.266253e+00 2.829185e-02 6.123033e-02 -9.977226e-01 1.348105e+02
-9.947619e-01 9.979047e-02 -2.215042e-02 -2.266271e+01 9.823554e-02 9.931845e-01 6.272427e-02 3.300347e+00 2.825873e-02 6.021975e-02 -9.977851e-01 1.340816e+02
-9.953757e-01 9.335221e-02 -2.263825e-02 -2.267270e+01 9.183412e-02 9.939198e-01 6.074467e-02 3.332314e+00 2.817125e-02 5.838481e-02 -9.978966e-01 1.333600e+02
-9.955018e-01 9.207540e-02 -2.232449e-02 -2.269935e+01 9.073189e-02 9.943472e-01 5.514870e-02 3.369499e+00 2.727614e-02 5.287509e-02 -9.982285e-01 1.326551e+02
-9.954605e-01 9.446497e-02 -1.161075e-02 -2.272368e+01 9.387599e-02 9.946245e-01 4.369560e-02 3.406029e+00 1.567604e-02 4.240727e-02 -9.989774e-01 1.319550e+02
-9.958506e-01 9.025473e-02 -1.164415e-02 -2.272691e+01 8.970105e-02 9.951017e-01 4.154819e-02 3.435245e+00 1.533703e-02 4.033129e-02 -9.990686e-01 1.312513e+02
-9.963032e-01 8.525275e-02 -1.058161e-02 -2.273568e+01 8.472576e-02 9.954775e-01 4.296682e-02 3.454224e+00 1.419680e-02 4.191145e-02 -9.990205e-01 1.304975e+02
-9.965864e-01 8.197602e-02 -9.770860e-03 -2.270094e+01 8.143894e-02 9.955949e-01 4.646037e-02 3.480708e+00 1.353645e-02 4.550604e-02 -9.988723e-01 1.297091e+02
-9.967467e-01 8.019006e-02 -8.102372e-03 -2.269343e+01 7.970349e-02 9.956254e-01 4.875965e-02 3.508768e+00 1.197697e-02 4.795523e-02 -9.987777e-01 1.289511e+02
-9.967990e-01 7.970128e-02 -6.289370e-03 -2.268377e+01 7.929899e-02 9.956415e-01 4.908913e-02 3.542237e+00 1.017442e-02 4.843325e-02 -9.987746e-01 1.281771e+02
-9.968728e-01 7.895458e-02 -3.292552e-03 -2.270148e+01 7.870600e-02 9.957386e-01 4.806335e-02 3.551759e+00 7.073343e-03 4.765390e-02 -9.988389e-01 1.274306e+02
-9.970071e-01 7.730763e-02 5.807505e-04 -2.272154e+01 7.725192e-02 9.959418e-01 4.617465e-02 3.570667e+00 2.991259e-03 4.608132e-02 -9.989332e-01 1.266306e+02
-9.971892e-01 7.484475e-02 3.464290e-03 -2.269996e+01 7.492488e-02 9.961170e-01 4.622940e-02 3.606261e+00 9.189836e-06 4.635902e-02 -9.989248e-01 1.258359e+02
-9.972768e-01 7.345168e-02 6.620318e-03 -2.266861e+01 7.368917e-02 9.960670e-01 4.919858e-02 3.632647e+00 -2.980561e-03 4.955245e-02 -9.987671e-01 1.250204e+02
-9.970113e-01 7.421215e-02 2.147127e-02 -2.266070e+01 7.519235e-02 9.959565e-01 4.916083e-02 3.671484e+00 -1.773612e-02 5.062838e-02 -9.985601e-01 1.241677e+02
-9.968737e-01 7.504583e-02 2.471843e-02 -2.262710e+01 7.623357e-02 9.957723e-01 5.124444e-02 3.705567e+00 -2.076825e-02 5.296861e-02 -9.983802e-01 1.233163e+02
-9.967056e-01 7.581962e-02 2.879858e-02 -2.261261e+01 7.721104e-02 9.957226e-01 5.074432e-02 3.750059e+00 -2.482798e-02 5.280072e-02 -9.982964e-01 1.224352e+02
-9.964987e-01 7.695524e-02 3.268393e-02 -2.258515e+01 7.850490e-02 9.957028e-01 4.912147e-02 3.785951e+00 -2.876333e-02 5.151533e-02 -9.982579e-01 1.215593e+02
-9.962876e-01 7.791169e-02 3.661590e-02 -2.253993e+01 7.956155e-02 9.957682e-01 4.599642e-02 3.820394e+00 -3.287729e-02 4.873888e-02 -9.982703e-01 1.206565e+02
-9.960198e-01 7.948845e-02 4.032521e-02 -2.249054e+01 8.126674e-02 9.956957e-01 4.456222e-02 3.855202e+00 -3.660945e-02 4.766196e-02 -9.981924e-01 1.197575e+02
-9.958229e-01 7.991629e-02 4.415994e-02 -2.244568e+01 8.186809e-02 9.956576e-01 4.431314e-02 3.897405e+00 -4.042684e-02 4.774333e-02 -9.980412e-01 1.188228e+02
-9.955413e-01 8.086646e-02 4.856162e-02 -2.239952e+01 8.308435e-02 9.955017e-01 4.553382e-02 3.941519e+00 -4.466102e-02 4.936550e-02 -9.977818e-01 1.178439e+02
-9.952639e-01 8.152945e-02 5.294067e-02 -2.234723e+01 8.405977e-02 9.953295e-01 4.746791e-02 3.965390e+00 -4.882338e-02 5.169328e-02 -9.974688e-01 1.168909e+02
-9.948383e-01 8.402832e-02 5.688580e-02 -2.229635e+01 8.671637e-02 9.951446e-01 4.655717e-02 4.006927e+00 -5.269748e-02 5.124978e-02 -9.972946e-01 1.159141e+02
-9.937187e-01 8.611375e-02 7.146684e-02 -2.222202e+01 8.907743e-02 9.952464e-01 3.936806e-02 4.040305e+00 -6.773698e-02 4.548686e-02 -9.966658e-01 1.149175e+02
-9.933731e-01 8.663527e-02 7.552591e-02 -2.215343e+01 8.954432e-02 9.953314e-01 3.601564e-02 4.048404e+00 -7.205309e-02 4.253988e-02 -9.964932e-01 1.138758e+02
-9.930772e-01 8.724518e-02 7.865022e-02 -2.202794e+01 9.005785e-02 9.953914e-01 3.294706e-02 4.127671e+00 -7.541329e-02 3.980204e-02 -9.963577e-01 1.127975e+02
-9.929563e-01 8.671958e-02 8.073147e-02 -2.190062e+01 8.958296e-02 9.954476e-01 3.254201e-02 4.159792e+00 -7.754192e-02 3.954495e-02 -9.962045e-01 1.117071e+02
-9.928383e-01 8.653679e-02 8.236177e-02 -2.180633e+01 8.946941e-02 9.954559e-01 3.260133e-02 4.137866e+00 -7.916629e-02 3.973671e-02 -9.960691e-01 1.106049e+02
-9.929245e-01 8.488557e-02 8.303801e-02 -2.170589e+01 8.762081e-02 9.957062e-01 2.986298e-02 4.164678e+00 -8.014652e-02 3.692754e-02 -9.960988e-01 1.095002e+02
-9.929669e-01 8.428825e-02 8.313995e-02 -2.160793e+01 8.676242e-02 9.958738e-01 2.660271e-02 4.167054e+00 -8.055460e-02 3.362904e-02 -9.961827e-01 1.083841e+02
-9.928483e-01 8.609875e-02 8.269940e-02 -2.151668e+01 8.836130e-02 9.957971e-01 2.409315e-02 4.179637e+00 -8.027743e-02 3.122827e-02 -9.962833e-01 1.072337e+02
-9.928336e-01 8.716219e-02 8.175726e-02 -2.136837e+01 8.970377e-02 9.955765e-01 2.793980e-02 4.180237e+00 -7.896032e-02 3.507351e-02 -9.962606e-01 1.060302e+02
-9.929118e-01 8.589988e-02 8.214242e-02 -2.126918e+01 8.887938e-02 9.954848e-01 3.332459e-02 4.207773e+00 -7.890895e-02 4.038914e-02 -9.960633e-01 1.048118e+02
-9.919454e-01 8.743391e-02 9.164978e-02 -2.117670e+01 9.061561e-02 9.953989e-01 3.114152e-02 4.219000e+00 -8.850527e-02 3.919559e-02 -9.953042e-01 1.036219e+02
-9.920953e-01 8.603647e-02 9.134954e-02 -2.106634e+01 8.901859e-02 9.956053e-01 2.908121e-02 4.238083e+00 -8.844605e-02 3.698313e-02 -9.953942e-01 1.024196e+02
-9.922609e-01 8.452900e-02 9.095733e-02 -2.094992e+01 8.738613e-02 9.957839e-01 2.789459e-02 4.244045e+00 -8.821595e-02 3.562712e-02 -9.954640e-01 1.011699e+02
-9.924032e-01 8.305285e-02 9.076365e-02 -2.082621e+01 8.591686e-02 9.959057e-01 2.811004e-02 4.261950e+00 -8.805741e-02 3.569462e-02 -9.954757e-01 9.991480e+01
-9.924416e-01 8.289725e-02 9.048575e-02 -2.071222e+01 8.565060e-02 9.959600e-01 2.697534e-02 4.278175e+00 -8.788400e-02 3.452161e-02 -9.955324e-01 9.866571e+01
-9.925469e-01 8.305109e-02 8.918009e-02 -2.056973e+01 8.571895e-02 9.959667e-01 2.650784e-02 4.295398e+00 -8.661889e-02 3.395470e-02 -9.956627e-01 9.737281e+01
-9.927120e-01 8.268239e-02 8.767306e-02 -2.043203e+01 8.555489e-02 9.958960e-01 2.952227e-02 4.311172e+00 -8.487228e-02 3.680797e-02 -9.957117e-01 9.604586e+01
-9.929838e-01 8.156037e-02 8.562117e-02 -2.030306e+01 8.450558e-02 9.959297e-01 3.135070e-02 4.328783e+00 -8.271569e-02 3.836621e-02 -9.958344e-01 9.474273e+01
-9.933959e-01 7.935550e-02 8.286872e-02 -2.017044e+01 8.206877e-02 9.961792e-01 2.986035e-02 4.349130e+00 -8.018252e-02 3.646409e-02 -9.961130e-01 9.342949e+01
-9.936680e-01 7.806891e-02 8.080318e-02 -2.009798e+01 8.068094e-02 9.963010e-01 2.957711e-02 4.401672e+00 -7.819524e-02 3.590910e-02 -9.962911e-01 9.205183e+01
-9.933982e-01 7.619072e-02 8.576084e-02 -1.997287e+01 7.836371e-02 9.966763e-01 2.225819e-02 4.446459e+00 -8.377994e-02 2.883179e-02 -9.960671e-01 9.072821e+01
-9.935197e-01 7.841169e-02 8.228180e-02 -1.985454e+01 7.979136e-02 9.967187e-01 1.361046e-02 4.452823e+00 -8.094459e-02 2.008764e-02 -9.965162e-01 8.936300e+01
-9.938130e-01 7.809396e-02 7.897487e-02 -1.971763e+01 7.921915e-02 9.967942e-01 1.121130e-02 4.457373e+00 -7.784616e-02 1.739826e-02 -9.968136e-01 8.801436e+01
-9.940598e-01 7.777489e-02 7.613327e-02 -1.958383e+01 7.939397e-02 9.966722e-01 1.847123e-02 4.460991e+00 -7.444331e-02 2.440603e-02 -9.969265e-01 8.662723e+01
-9.943183e-01 7.707761e-02 7.341816e-02 -1.945989e+01 7.912204e-02 9.965425e-01 2.535309e-02 4.468855e+00 -7.121016e-02 3.101804e-02 -9.969789e-01 8.523576e+01
-9.946455e-01 7.577036e-02 7.027895e-02 -1.933733e+01 7.775577e-02 9.966345e-01 2.595474e-02 4.491767e+00 -6.807583e-02 3.128036e-02 -9.971897e-01 8.383091e+01
-9.949697e-01 7.468155e-02 6.676746e-02 -1.919920e+01 7.648859e-02 9.967588e-01 2.492734e-02 4.501007e+00 -6.468945e-02 2.990890e-02 -9.974571e-01 8.236908e+01
-9.951832e-01 7.432695e-02 6.392072e-02 -1.907942e+01 7.595766e-02 9.968348e-01 2.346807e-02 4.525541e+00 -6.197409e-02 2.821029e-02 -9.976790e-01 8.090203e+01
-9.953134e-01 7.487505e-02 6.119634e-02 -1.896224e+01 7.646170e-02 9.967835e-01 2.400710e-02 4.541358e+00 -5.920197e-02 2.857377e-02 -9.978370e-01 7.939482e+01
-9.953596e-01 7.638764e-02 5.851740e-02 -1.883335e+01 7.791982e-02 9.966619e-01 2.436189e-02 4.550512e+00 -5.646112e-02 2.880850e-02 -9.979891e-01 7.783979e+01
-9.950165e-01 7.677322e-02 6.362472e-02 -1.871952e+01 7.832850e-02 9.966778e-01 2.231816e-02 4.561823e+00 -6.169991e-02 2.719057e-02 -9.977243e-01 7.631507e+01
-9.951784e-01 7.672522e-02 6.109913e-02 -1.861631e+01 7.836162e-02 9.966153e-01 2.484938e-02 4.573267e+00 -5.898575e-02 2.951740e-02 -9.978223e-01 7.486052e+01
-9.953842e-01 7.547917e-02 5.927223e-02 -1.851099e+01 7.727672e-02 9.965982e-01 2.864115e-02 4.575483e+00 -5.690879e-02 3.308931e-02 -9.978309e-01 7.335121e+01
-9.955716e-01 7.468360e-02 5.709274e-02 -1.840722e+01 7.659767e-02 9.965451e-01 3.210356e-02 4.591110e+00 -5.449788e-02 3.633456e-02 -9.978526e-01 7.185557e+01
-9.956626e-01 7.507861e-02 5.494670e-02 -1.828625e+01 7.697288e-02 9.964800e-01 3.320817e-02 4.597420e+00 -5.226007e-02 3.729353e-02 -9.979369e-01 7.032160e+01
-9.957333e-01 7.540372e-02 5.319242e-02 -1.818178e+01 7.720370e-02 9.964811e-01 3.263478e-02 4.605485e+00 -5.054446e-02 3.660219e-02 -9.980509e-01 6.881176e+01
-9.957754e-01 7.586228e-02 5.173317e-02 -1.810039e+01 7.757073e-02 9.964778e-01 3.185468e-02 4.629086e+00 -4.913439e-02 3.573309e-02 -9.981528e-01 6.736807e+01
-9.959100e-01 7.520895e-02 5.006890e-02 -1.800407e+01 7.684856e-02 9.965398e-01 3.166701e-02 4.653231e+00 -4.751401e-02 3.538521e-02 -9.982436e-01 6.589034e+01
-9.960302e-01 7.433450e-02 4.897109e-02 -1.790966e+01 7.597529e-02 9.965786e-01 3.253991e-02 4.673835e+00 -4.638470e-02 3.613133e-02 -9.982700e-01 6.439574e+01
-9.961666e-01 7.336915e-02 4.763566e-02 -1.782254e+01 7.491612e-02 9.966908e-01 3.154311e-02 4.692571e+00 -4.516373e-02 3.499087e-02 -9.983666e-01 6.291728e+01
-9.958328e-01 7.396924e-02 5.334447e-02 -1.773278e+01 7.538071e-02 9.968427e-01 2.494892e-02 4.718148e+00 -5.133059e-02 2.886610e-02 -9.982645e-01 6.143700e+01
-9.957608e-01 7.528195e-02 5.284879e-02 -1.765301e+01 7.672614e-02 9.967171e-01 2.584870e-02 4.746502e+00 -5.072935e-02 2.979401e-02 -9.982679e-01 6.000751e+01
-9.957769e-01 7.550294e-02 5.222646e-02 -1.756813e+01 7.711944e-02 9.965806e-01 2.965925e-02 4.764169e+00 -4.980852e-02 3.356167e-02 -9.981947e-01 5.856042e+01
-9.958233e-01 7.500284e-02 5.206280e-02 -1.746089e+01 7.676821e-02 9.965100e-01 3.277748e-02 4.759899e+00 -4.942270e-02 3.663735e-02 -9.981058e-01 5.703113e+01
-9.958670e-01 7.458337e-02 5.182862e-02 -1.734341e+01 7.629353e-02 9.965770e-01 3.183831e-02 4.762707e+00 -4.927660e-02 3.566091e-02 -9.981483e-01 5.549020e+01
-9.959055e-01 7.407018e-02 5.182530e-02 -1.723416e+01 7.562626e-02 9.967221e-01 2.873552e-02 4.768699e+00 -4.952698e-02 3.253721e-02 -9.982427e-01 5.397491e+01
-9.959462e-01 7.288477e-02 5.271573e-02 -1.710830e+01 7.432484e-02 9.968979e-01 2.589104e-02 4.747553e+00 -5.066513e-02 2.970417e-02 -9.982739e-01 5.235838e+01
-9.959814e-01 7.233223e-02 5.281229e-02 -1.698948e+01 7.376140e-02 9.969465e-01 2.563066e-02 4.736218e+00 -5.079710e-02 2.942317e-02 -9.982755e-01 5.080758e+01
-9.960993e-01 7.090979e-02 5.251637e-02 -1.686611e+01 7.237626e-02 9.970235e-01 2.656710e-02 4.739468e+00 -5.047618e-02 3.026441e-02 -9.982666e-01 4.927904e+01
-9.960391e-01 7.168122e-02 5.261057e-02 -1.675793e+01 7.330661e-02 9.968688e-01 2.964207e-02 4.735958e+00 -5.032105e-02 3.338136e-02 -9.981751e-01 4.775926e+01
-9.956385e-01 7.161596e-02 5.979160e-02 -1.666165e+01 7.345935e-02 9.968700e-01 2.922086e-02 4.744339e+00 -5.751177e-02 3.348567e-02 -9.977831e-01 4.627661e+01
-9.957926e-01 6.930144e-02 5.995422e-02 -1.656666e+01 7.111492e-02 9.970563e-01 2.865979e-02 4.759422e+00 -5.779156e-02 3.280284e-02 -9.977896e-01 4.483192e+01
-9.958515e-01 6.904847e-02 5.926353e-02 -1.645850e+01 7.058250e-02 9.972126e-01 2.419170e-02 4.766762e+00 -5.742794e-02 2.827431e-02 -9.979492e-01 4.337538e+01
-9.959100e-01 6.859556e-02 5.880468e-02 -1.633460e+01 6.997733e-02 9.973111e-01 2.176717e-02 4.745612e+00 -5.715343e-02 2.579313e-02 -9.980322e-01 4.181370e+01
-9.958773e-01 6.913876e-02 5.872089e-02 -1.624795e+01 7.052646e-02 9.972696e-01 2.189547e-02 4.749479e+00 -5.704673e-02 2.594658e-02 -9.980343e-01 4.037346e+01
-9.958353e-01 6.987017e-02 5.856729e-02 -1.615687e+01 7.143616e-02 9.971297e-01 2.508279e-02 4.755358e+00 -5.664665e-02 2.916215e-02 -9.979683e-01 3.893304e+01
-9.959323e-01 6.897809e-02 5.797275e-02 -1.606911e+01 7.057258e-02 9.971698e-01 2.591979e-02 4.756225e+00 -5.602078e-02 2.990564e-02 -9.979816e-01 3.746196e+01
-9.961129e-01 6.706243e-02 5.711232e-02 -1.600028e+01 6.853536e-02 9.973544e-01 2.423201e-02 4.781156e+00 -5.533617e-02 2.805203e-02 -9.980736e-01 3.609936e+01
-9.962119e-01 6.574778e-02 5.691230e-02 -1.591933e+01 6.717598e-02 9.974631e-01 2.355437e-02 4.791284e+00 -5.521927e-02 2.728828e-02 -9.981013e-01 3.466260e+01
-9.963239e-01 6.461345e-02 5.624681e-02 -1.583318e+01 6.598124e-02 9.975602e-01 2.280811e-02 4.798208e+00 -5.463586e-02 2.643550e-02 -9.981563e-01 3.326949e+01
-9.957773e-01 6.664550e-02 6.313401e-02 -1.577139e+01 6.790649e-02 9.975286e-01 1.804027e-02 4.811184e+00 -6.177568e-02 2.225130e-02 -9.978420e-01 3.187604e+01
-9.956196e-01 6.950542e-02 6.253412e-02 -1.567171e+01 7.074879e-02 9.973337e-01 1.789085e-02 4.817191e+00 -6.112387e-02 2.223670e-02 -9.978825e-01 3.046413e+01
-9.956041e-01 7.043286e-02 6.173830e-02 -1.555938e+01 7.169017e-02 9.972574e-01 1.838961e-02 4.819028e+00 -6.027374e-02 2.273480e-02 -9.979229e-01 2.900850e+01
-9.955926e-01 7.076187e-02 6.154845e-02 -1.545969e+01 7.204379e-02 9.972231e-01 1.886144e-02 4.817308e+00 -6.004287e-02 2.321249e-02 -9.979259e-01 2.757039e+01
-9.956609e-01 7.015783e-02 6.113309e-02 -1.535724e+01 7.134616e-02 9.972985e-01 1.747468e-02 4.814935e+00 -5.974195e-02 2.176047e-02 -9.979766e-01 2.613088e+01
-9.958564e-01 6.764656e-02 6.077873e-02 -1.526660e+01 6.878327e-02 9.974901e-01 1.680655e-02 4.817881e+00 -5.948928e-02 2.091747e-02 -9.980098e-01 2.472741e+01
-9.960301e-01 6.544262e-02 6.034323e-02 -1.517089e+01 6.656842e-02 9.976398e-01 1.683674e-02 4.814452e+00 -5.909897e-02 2.078685e-02 -9.980357e-01 2.331293e+01
-9.962397e-01 6.375715e-02 5.866341e-02 -1.503854e+01 6.484264e-02 9.977543e-01 1.678809e-02 4.796748e+00 -5.746131e-02 2.052885e-02 -9.981366e-01 2.184471e+01
-9.963089e-01 6.309242e-02 5.820646e-02 -1.493578e+01 6.424143e-02 9.977705e-01 1.808296e-02 4.786267e+00 -5.693580e-02 2.175548e-02 -9.981408e-01 2.037597e+01
-9.963165e-01 6.372424e-02 5.738100e-02 -1.483113e+01 6.485648e-02 9.977306e-01 1.808876e-02 4.784992e+00 -5.609809e-02 2.174366e-02 -9.981885e-01 1.897997e+01
-9.958362e-01 6.539027e-02 6.351716e-02 -1.474156e+01 6.646960e-02 9.976753e-01 1.502867e-02 4.789776e+00 -6.238677e-02 1.918806e-02 -9.978676e-01 1.752743e+01
-9.958897e-01 6.477622e-02 6.330602e-02 -1.463022e+01 6.586376e-02 9.977122e-01 1.524367e-02 4.783956e+00 -6.217376e-02 1.935059e-02 -9.978777e-01 1.607731e+01
-9.959918e-01 6.378312e-02 6.270540e-02 -1.450797e+01 6.469492e-02 9.978253e-01 1.261780e-02 4.758197e+00 -6.176423e-02 1.662395e-02 -9.979523e-01 1.462473e+01
-9.962284e-01 6.147986e-02 6.123143e-02 -1.439287e+01 6.211599e-02 9.980324e-01 8.538352e-03 4.741380e+00 -6.058601e-02 1.230960e-02 -9.980871e-01 1.324074e+01
-9.965706e-01 5.726059e-02 5.973534e-02 -1.429100e+01 5.776811e-02 9.983069e-01 6.802683e-03 4.733631e+00 -5.924467e-02 1.023015e-02 -9.981911e-01 1.193098e+01
-9.968059e-01 5.366320e-02 5.914690e-02 -1.419327e+01 5.428285e-02 9.984858e-01 8.918929e-03 4.720955e+00 -5.857872e-02 1.210110e-02 -9.982094e-01 1.059873e+01
-9.968856e-01 5.270443e-02 5.866282e-02 -1.402988e+01 5.345792e-02 9.985056e-01 1.134898e-02 4.698255e+00 -5.797701e-02 1.444963e-02 -9.982133e-01 9.125034e+00
-9.969135e-01 5.340618e-02 5.754354e-02 -1.391237e+01 5.425168e-02 9.984396e-01 1.323133e-02 4.683517e+00 -5.674712e-02 1.631233e-02 -9.982553e-01 7.718542e+00
-9.972089e-01 5.373145e-02 5.183977e-02 -1.320273e+01 5.464171e-02 9.983729e-01 1.630353e-02 4.503604e+00 -5.087941e-02 1.909064e-02 -9.985223e-01 5.894728e+00
-9.970187e-01 5.830485e-02 5.053935e-02 -1.305808e+01 5.925061e-02 9.980911e-01 1.742033e-02 4.499848e+00 -4.942718e-02 2.036288e-02 -9.985701e-01 4.455256e+00
-9.965661e-01 6.172231e-02 5.519386e-02 -1.299138e+01 6.261735e-02 9.979303e-01 1.463489e-02 4.440295e+00 -5.417633e-02 1.804073e-02 -9.983684e-01 3.213401e+00
-9.965321e-01 6.196369e-02 5.553557e-02 -1.292564e+01 6.272427e-02 9.979581e-01 1.205692e-02 4.421053e+00 -5.467508e-02 1.549853e-02 -9.983839e-01 1.813164e+00
-9.966996e-01 6.050138e-02 5.412569e-02 -1.281536e+01 6.109875e-02 9.980870e-01 9.449418e-03 4.422239e+00 -5.345044e-02 1.272524e-02 -9.984894e-01 4.612396e-01
-9.969121e-01 5.814055e-02 5.278130e-02 -1.272174e+01 5.868911e-02 9.982366e-01 8.901979e-03 4.410751e+00 -5.217066e-02 1.197218e-02 -9.985664e-01 -8.733152e-01
-9.970780e-01 5.632638e-02 5.160190e-02 -1.261781e+01 5.687301e-02 9.983392e-01 9.185661e-03 4.405623e+00 -5.099881e-02 1.209358e-02 -9.986255e-01 -2.263177e+00
-9.971439e-01 5.555421e-02 5.116325e-02 -1.253197e+01 5.606028e-02 9.983911e-01 8.508838e-03 4.388608e+00 -5.060823e-02 1.135276e-02 -9.986541e-01 -3.662081e+00
-9.971765e-01 5.572520e-02 5.033711e-02 -1.246087e+01 5.613904e-02 9.983995e-01 6.844201e-03 4.381500e+00 -4.987515e-02 9.650753e-03 -9.987088e-01 -4.996076e+00
-9.973173e-01 5.453179e-02 4.883152e-02 -1.235023e+01 5.490844e-02 9.984709e-01 6.404432e-03 4.357204e+00 -4.840760e-02 9.068513e-03 -9.987865e-01 -6.390066e+00
-9.974809e-01 5.426965e-02 4.567931e-02 -1.222038e+01 5.467116e-02 9.984756e-01 7.585865e-03 4.330187e+00 -4.519799e-02 1.006410e-02 -9.989274e-01 -7.717191e+00
-9.975868e-01 5.291922e-02 4.494613e-02 -1.213459e+01 5.327104e-02 9.985578e-01 6.665423e-03 4.333750e+00 -4.452858e-02 9.043665e-03 -9.989672e-01 -9.190845e+00
-9.974592e-01 5.160808e-02 4.911018e-02 -1.202333e+01 5.190341e-02 9.986408e-01 4.756659e-03 4.309448e+00 -4.879795e-02 7.293559e-03 -9.987820e-01 -1.072116e+01
-9.975720e-01 4.977035e-02 4.871260e-02 -1.193400e+01 5.020614e-02 9.987087e-01 7.763031e-03 4.291456e+00 -4.826333e-02 1.018985e-02 -9.987827e-01 -1.212111e+01
-9.976639e-01 4.818519e-02 4.842458e-02 -1.182739e+01 4.860955e-02 9.987888e-01 7.623545e-03 4.267925e+00 -4.799859e-02 9.959632e-03 -9.987977e-01 -1.358716e+01
-9.977018e-01 4.834249e-02 4.747695e-02 -1.176146e+01 4.861498e-02 9.988070e-01 4.600898e-03 4.264929e+00 -4.719789e-02 6.898416e-03 -9.988617e-01 -1.490283e+01
-9.977393e-01 4.781561e-02 4.722229e-02 -1.169534e+01 4.806267e-02 9.988359e-01 4.109711e-03 4.252676e+00 -4.697081e-02 6.370049e-03 -9.988760e-01 -1.624255e+01
-9.977674e-01 4.702573e-02 4.742092e-02 -1.164664e+01 4.728442e-02 9.988720e-01 4.347626e-03 4.253495e+00 -4.716298e-02 6.580191e-03 -9.988655e-01 -1.757036e+01
-9.978481e-01 4.523902e-02 4.746156e-02 -1.159100e+01 4.537799e-02 9.989682e-01 1.854100e-03 4.242968e+00 -4.732871e-02 4.003820e-03 -9.988713e-01 -1.891567e+01
-9.979056e-01 4.425479e-02 4.718015e-02 -1.148842e+01 4.422327e-02 9.990202e-01 -1.712215e-03 4.215771e+00 -4.720970e-02 3.778310e-04 -9.988849e-01 -2.036708e+01
-9.979306e-01 4.378354e-02 4.709057e-02 -1.140685e+01 4.372168e-02 9.990410e-01 -2.343482e-03 4.183466e+00 -4.714801e-02 -2.797534e-04 -9.988879e-01 -2.181469e+01
-9.979622e-01 4.343660e-02 4.673995e-02 -1.128617e+01 4.348572e-02 9.990540e-01 3.416373e-05 4.112653e+00 -4.669425e-02 2.066614e-03 -9.989071e-01 -2.344693e+01
-9.975131e-01 4.765039e-02 5.193345e-02 -1.122156e+01 4.761644e-02 9.988639e-01 -1.891573e-03 4.097865e+00 -5.196458e-02 5.860171e-04 -9.986488e-01 -2.484914e+01
-9.974246e-01 4.895421e-02 5.241738e-02 -1.113791e+01 4.888934e-02 9.988010e-01 -2.519785e-03 4.071327e+00 -5.247789e-02 4.935607e-05 -9.986221e-01 -2.628330e+01
-9.974782e-01 4.828750e-02 5.201454e-02 -1.104477e+01 4.820784e-02 9.988334e-01 -2.785851e-03 4.044324e+00 -5.208839e-02 -2.713169e-04 -9.986424e-01 -2.769047e+01
-9.975986e-01 4.663195e-02 5.121064e-02 -1.092498e+01 4.642477e-02 9.989081e-01 -5.228509e-03 4.009396e+00 -5.139854e-02 -2.838511e-03 -9.986742e-01 -2.915791e+01
-9.976663e-01 4.529465e-02 5.109120e-02 -1.082125e+01 4.518874e-02 9.989733e-01 -3.226674e-03 3.967013e+00 -5.118489e-02 -9.103967e-04 -9.986888e-01 -3.060261e+01
-9.976891e-01 4.466634e-02 5.120022e-02 -1.070607e+01 4.473438e-02 9.989989e-01 1.830995e-04 3.924808e+00 -5.114078e-02 2.473086e-03 -9.986884e-01 -3.210149e+01
-9.976190e-01 4.614134e-02 5.125738e-02 -1.060887e+01 4.622276e-02 9.989311e-01 4.034186e-04 3.885661e+00 -5.118398e-02 2.771716e-03 -9.986854e-01 -3.359201e+01
-9.975326e-01 4.817568e-02 5.106772e-02 -1.050442e+01 4.818972e-02 9.988377e-01 -9.570578e-04 3.855146e+00 -5.105447e-02 1.506243e-03 -9.986947e-01 -3.508142e+01
-9.975204e-01 4.906807e-02 5.045077e-02 -1.038482e+01 4.909770e-02 9.987938e-01 -6.526203e-04 3.817222e+00 -5.042194e-02 1.826015e-03 -9.987263e-01 -3.660664e+01
-9.974966e-01 4.942935e-02 5.057014e-02 -1.029225e+01 4.948604e-02 9.987748e-01 -1.313332e-04 3.795516e+00 -5.051467e-02 2.371511e-03 -9.987205e-01 -3.811844e+01
-9.971117e-01 5.209870e-02 5.526199e-02 -1.019732e+01 5.208196e-02 9.986413e-01 -1.743955e-03 3.766604e+00 -5.527777e-02 1.139235e-03 -9.984704e-01 -3.954877e+01
-9.970346e-01 5.394527e-02 5.488118e-02 -1.006999e+01 5.395206e-02 9.985426e-01 -1.358808e-03 3.748586e+00 -5.487449e-02 1.606175e-03 -9.984920e-01 -4.096136e+01
-9.969634e-01 5.587248e-02 5.424319e-02 -9.893244e+00 5.593167e-02 9.984345e-01 -4.274052e-04 3.730531e+00 -5.418216e-02 2.607805e-03 -9.985277e-01 -4.243772e+01
-9.968711e-01 5.753973e-02 5.419600e-02 -9.798706e+00 5.764235e-02 9.983372e-01 3.310468e-04 3.703567e+00 -5.408684e-02 3.453996e-03 -9.985303e-01 -4.389291e+01
-9.968152e-01 5.880424e-02 5.386528e-02 -9.706384e+00 5.867043e-02 9.982691e-01 -4.063554e-03 3.670338e+00 -5.401100e-02 -8.903136e-04 -9.985399e-01 -4.534338e+01
-9.967285e-01 6.109497e-02 5.291301e-02 -9.585480e+00 6.073053e-02 9.981183e-01 -8.469701e-03 3.648490e+00 -5.333090e-02 -5.228556e-03 -9.985632e-01 -4.678407e+01
-9.967367e-01 6.183180e-02 5.189223e-02 -9.461946e+00 6.141957e-02 9.980668e-01 -9.502903e-03 3.615719e+00 -5.237949e-02 -6.284693e-03 -9.986075e-01 -4.820031e+01
-9.968680e-01 6.149597e-02 4.972365e-02 -9.236591e+00 6.120657e-02 9.980983e-01 -7.323492e-03 3.566148e+00 -5.007945e-02 -4.257141e-03 -9.987362e-01 -4.972079e+01
-9.969677e-01 6.055474e-02 4.887278e-02 -9.139888e+00 6.029804e-02 9.981579e-01 -6.711160e-03 3.537186e+00 -4.918914e-02 -3.743877e-03 -9.987825e-01 -5.112268e+01
-9.970731e-01 5.957316e-02 4.792038e-02 -9.031592e+00 5.927386e-02 9.982125e-01 -7.644008e-03 3.489413e+00 -4.829010e-02 -4.781209e-03 -9.988219e-01 -5.257989e+01
-9.967865e-01 6.083095e-02 5.211773e-02 -8.938747e+00 6.045636e-02 9.981326e-01 -8.735415e-03 3.440781e+00 -5.255179e-02 -5.556495e-03 -9.986027e-01 -5.401154e+01
-9.968569e-01 6.015451e-02 5.155290e-02 -8.847363e+00 5.979588e-02 9.981747e-01 -8.472370e-03 3.417727e+00 -5.196845e-02 -5.363090e-03 -9.986343e-01 -5.541059e+01
-9.969334e-01 6.062938e-02 4.947551e-02 -8.756072e+00 6.017252e-02 9.981309e-01 -1.067333e-02 3.380927e+00 -5.003015e-02 -7.663531e-03 -9.987183e-01 -5.677667e+01
-9.970532e-01 5.991545e-02 4.790596e-02 -8.667166e+00 5.944351e-02 9.981686e-01 -1.121741e-02 3.353555e+00 -4.849032e-02 -8.336657e-03 -9.987889e-01 -5.817363e+01
-9.971212e-01 5.996591e-02 4.640563e-02 -8.590672e+00 5.953412e-02 9.981696e-01 -1.063275e-02 3.319956e+00 -4.695829e-02 -7.839426e-03 -9.988661e-01 -5.958165e+01
-9.971561e-01 6.018466e-02 4.536041e-02 -8.516854e+00 5.973686e-02 9.981517e-01 -1.116499e-02 3.280008e+00 -4.594853e-02 -8.423550e-03 -9.989083e-01 -6.101269e+01
-9.971694e-01 6.108677e-02 4.383599e-02 -8.437466e+00 6.061336e-02 9.980886e-01 -1.204998e-02 3.227497e+00 -4.448829e-02 -9.358825e-03 -9.989661e-01 -6.244457e+01
-9.973140e-01 6.019805e-02 4.172604e-02 -8.348630e+00 5.972136e-02 9.981358e-01 -1.257921e-02 3.191439e+00 -4.240550e-02 -1.005348e-02 -9.990499e-01 -6.386401e+01
-9.974548e-01 5.903862e-02 3.997969e-02 -8.245517e+00 5.861359e-02 9.982119e-01 -1.172201e-02 3.139425e+00 -4.060026e-02 -9.348821e-03 -9.991317e-01 -6.535199e+01
-9.976099e-01 5.746665e-02 3.836873e-02 -8.173382e+00 5.705632e-02 9.983023e-01 -1.170605e-02 3.105400e+00 -3.897630e-02 -9.488891e-03 -9.991951e-01 -6.679028e+01
-9.975118e-01 5.634225e-02 4.237682e-02 -8.114483e+00 5.585877e-02 9.983603e-01 -1.250876e-02 3.066977e+00 -4.301211e-02 -1.011052e-02 -9.990234e-01 -6.820090e+01
-9.975750e-01 5.578404e-02 4.161925e-02 -8.043997e+00 5.529827e-02 9.983887e-01 -1.273391e-02 3.024572e+00 -4.226254e-02 -1.040155e-02 -9.990524e-01 -6.961746e+01
-9.976219e-01 5.536339e-02 4.105358e-02 -7.963948e+00 5.488504e-02 9.984120e-01 -1.268974e-02 2.973695e+00 -4.169093e-02 -1.040633e-02 -9.990764e-01 -7.106602e+01
-9.975834e-01 5.633614e-02 4.066350e-02 -7.895964e+00 5.579703e-02 9.983401e-01 -1.427397e-02 2.927441e+00 -4.140015e-02 -1.197057e-02 -9.990709e-01 -7.247122e+01
-9.975881e-01 5.638319e-02 4.048272e-02 -7.814664e+00 5.574836e-02 9.983061e-01 -1.664386e-02 2.872216e+00 -4.135258e-02 -1.434687e-02 -9.990416e-01 -7.392072e+01
-9.975757e-01 5.651732e-02 4.060099e-02 -7.746176e+00 5.586420e-02 9.982929e-01 -1.704569e-02 2.821772e+00 -4.149505e-02 -1.473623e-02 -9.990300e-01 -7.532785e+01
-9.974648e-01 5.813673e-02 4.103880e-02 -7.695752e+00 5.753647e-02 9.982206e-01 -1.566023e-02 2.774359e+00 -4.187621e-02 -1.325929e-02 -9.990348e-01 -7.674125e+01
-9.973756e-01 5.927182e-02 4.157895e-02 -7.639913e+00 5.873678e-02 9.981757e-01 -1.397483e-02 2.731664e+00 -4.233141e-02 -1.149594e-02 -9.990375e-01 -7.810853e+01
-9.972673e-01 6.063920e-02 4.220006e-02 -7.567614e+00 6.018751e-02 9.981162e-01 -1.189400e-02 2.685442e+00 -4.284180e-02 -9.321577e-03 -9.990384e-01 -7.949309e+01
-9.972442e-01 6.025439e-02 4.328360e-02 -7.519870e+00 5.974975e-02 9.981305e-01 -1.286064e-02 2.645430e+00 -4.397759e-02 -1.023902e-02 -9.989800e-01 -8.084233e+01
-9.969628e-01 6.073583e-02 4.874775e-02 -7.422017e+00 5.997713e-02 9.980570e-01 -1.687982e-02 2.576936e+00 -4.967824e-02 -1.390480e-02 -9.986685e-01 -8.235081e+01
-9.970578e-01 5.926525e-02 4.861441e-02 -7.344531e+00 5.836071e-02 9.980988e-01 -1.982066e-02 2.542270e+00 -4.969666e-02 -1.692517e-02 -9.986209e-01 -8.368221e+01
-9.971483e-01 5.802765e-02 4.825059e-02 -7.250171e+00 5.721433e-02 9.981984e-01 -1.807104e-02 2.482266e+00 -4.921228e-02 -1.525888e-02 -9.986718e-01 -8.507065e+01
-9.971966e-01 5.745323e-02 4.793824e-02 -7.173960e+00 5.685102e-02 9.982868e-01 -1.383358e-02 2.432974e+00 -4.865090e-02 -1.106946e-02 -9.987545e-01 -8.640315e+01
-9.971853e-01 5.796890e-02 4.755080e-02 -7.093036e+00 5.748207e-02 9.982798e-01 -1.154355e-02 2.393090e+00 -4.813817e-02 -8.777744e-03 -9.988021e-01 -8.775725e+01
-9.972137e-01 5.814396e-02 4.673485e-02 -7.009830e+00 5.766684e-02 9.982697e-01 -1.149437e-02 2.344310e+00 -4.732231e-02 -8.767295e-03 -9.988412e-01 -8.914138e+01
-9.972774e-01 5.776865e-02 4.583158e-02 -6.928378e+00 5.722148e-02 9.982747e-01 -1.316311e-02 2.290554e+00 -4.651293e-02 -1.050472e-02 -9.988625e-01 -9.049411e+01
-9.973656e-01 5.728561e-02 4.449909e-02 -6.821677e+00 5.667580e-02 9.982822e-01 -1.484783e-02 2.247036e+00 -4.527322e-02 -1.228670e-02 -9.988991e-01 -9.191321e+01
-9.975597e-01 5.531882e-02 4.259709e-02 -6.696003e+00 5.469117e-02 9.983789e-01 -1.576240e-02 2.166930e+00 -4.340000e-02 -1.339425e-02 -9.989680e-01 -9.334464e+01
-9.977058e-01 5.341999e-02 4.158746e-02 -6.638519e+00 5.282966e-02 9.984883e-01 -1.516757e-02 2.124982e+00 -4.233485e-02 -1.293572e-02 -9.990197e-01 -9.473440e+01
-9.974945e-01 5.397558e-02 4.573243e-02 -6.573745e+00 5.340605e-02 9.984805e-01 -1.358600e-02 2.077320e+00 -4.639625e-02 -1.110957e-02 -9.988613e-01 -9.606283e+01
-9.975421e-01 5.365174e-02 4.506920e-02 -6.505579e+00 5.303585e-02 9.984836e-01 -1.475275e-02 2.029201e+00 -4.579237e-02 -1.232621e-02 -9.988749e-01 -9.741464e+01
-9.976203e-01 5.295744e-02 4.415067e-02 -6.429806e+00 5.230794e-02 9.985070e-01 -1.573970e-02 1.976423e+00 -4.491828e-02 -1.339282e-02 -9.989009e-01 -9.875735e+01
-9.976653e-01 5.276263e-02 4.336041e-02 -6.332801e+00 5.218604e-02 9.985346e-01 -1.432444e-02 1.917121e+00 -4.405267e-02 -1.202819e-02 -9.989568e-01 -1.001577e+02
-9.977233e-01 5.259108e-02 4.221751e-02 -6.247192e+00 5.206247e-02 9.985522e-01 -1.352526e-02 1.864974e+00 -4.286770e-02 -1.129652e-02 -9.990169e-01 -1.015258e+02
-9.978101e-01 5.215248e-02 4.068312e-02 -6.179049e+00 5.162855e-02 9.985707e-01 -1.382507e-02 1.825803e+00 -4.134598e-02 -1.169438e-02 -9.990764e-01 -1.028666e+02
-9.978738e-01 5.202910e-02 3.925490e-02 -6.089516e+00 5.151987e-02 9.985756e-01 -1.387512e-02 1.769220e+00 -3.992090e-02 -1.182321e-02 -9.991329e-01 -1.042298e+02
-9.979376e-01 5.186960e-02 3.781751e-02 -5.975649e+00 5.137879e-02 9.985834e-01 -1.383724e-02 1.703004e+00 -3.848167e-02 -1.186569e-02 -9.991889e-01 -1.056501e+02
-9.980137e-01 5.131841e-02 3.653792e-02 -5.891963e+00 5.083786e-02 9.986093e-01 -1.396245e-02 1.654466e+00 -3.720363e-02 -1.207721e-02 -9.992347e-01 -1.070258e+02
-9.979883e-01 5.230953e-02 3.582039e-02 -5.842348e+00 5.182217e-02 9.985525e-01 -1.440209e-02 1.639576e+00 -3.652191e-02 -1.251683e-02 -9.992545e-01 -1.084114e+02
-9.978027e-01 5.267346e-02 4.019044e-02 -5.794991e+00 5.212832e-02 9.985352e-01 -1.449426e-02 1.607765e+00 -4.089503e-02 -1.236735e-02 -9.990869e-01 -1.097913e+02
-9.978799e-01 5.208568e-02 3.902230e-02 -5.680730e+00 5.151230e-02 9.985512e-01 -1.555828e-02 1.530247e+00 -3.977613e-02 -1.351516e-02 -9.991172e-01 -1.111691e+02
-9.978994e-01 5.238882e-02 3.810665e-02 -5.624877e+00 5.175986e-02 9.985095e-01 -1.730929e-02 1.483645e+00 -3.895667e-02 -1.530053e-02 -9.991238e-01 -1.124677e+02
-9.979368e-01 5.220031e-02 3.737914e-02 -5.572158e+00 5.162555e-02 9.985354e-01 -1.618076e-02 1.435464e+00 -3.816903e-02 -1.421766e-02 -9.991701e-01 -1.137712e+02
-9.979534e-01 5.219685e-02 3.693883e-02 -5.519386e+00 5.170645e-02 9.985626e-01 -1.410951e-02 1.403065e+00 -3.762221e-02 -1.217066e-02 -9.992179e-01 -1.150856e+02
-9.979274e-01 5.272295e-02 3.689372e-02 -5.471338e+00 5.218377e-02 9.985183e-01 -1.542846e-02 1.371694e+00 -3.765248e-02 -1.347123e-02 -9.992001e-01 -1.164209e+02
-9.979709e-01 5.202532e-02 3.670782e-02 -5.402773e+00 5.145190e-02 9.985409e-01 -1.639717e-02 1.323100e+00 -3.750733e-02 -1.447521e-02 -9.991915e-01 -1.177417e+02
-9.979345e-01 5.271843e-02 3.670940e-02 -5.347779e+00 5.214754e-02 9.985057e-01 -1.634004e-02 1.285898e+00 -3.751597e-02 -1.439198e-02 -9.991924e-01 -1.190167e+02
-9.978946e-01 5.345817e-02 3.672407e-02 -5.288395e+00 5.289122e-02 9.984682e-01 -1.624058e-02 1.248832e+00 -3.753601e-02 -1.426400e-02 -9.991935e-01 -1.203133e+02
-9.979071e-01 5.329096e-02 3.662717e-02 -5.245694e+00 5.275569e-02 9.984882e-01 -1.542911e-02 1.207742e+00 -3.739403e-02 -1.346452e-02 -9.992099e-01 -1.216230e+02
-9.976272e-01 5.421568e-02 4.243485e-02 -5.210291e+00 5.366682e-02 9.984612e-01 -1.396912e-02 1.175787e+00 -4.312690e-02 -1.165863e-02 -9.990016e-01 -1.229237e+02
-9.976198e-01 5.438139e-02 4.239564e-02 -5.163249e+00 5.380464e-02 9.984443e-01 -1.462928e-02 1.144139e+00 -4.312525e-02 -1.231337e-02 -9.989938e-01 -1.241692e+02
-9.976594e-01 5.352622e-02 4.255267e-02 -5.101802e+00 5.295545e-02 9.984926e-01 -1.443003e-02 1.091384e+00 -4.326091e-02 -1.214286e-02 -9.989900e-01 -1.254249e+02
-9.976640e-01 5.390174e-02 4.196564e-02 -5.037773e+00 5.330837e-02 9.984634e-01 -1.513314e-02 1.059631e+00 -4.271686e-02 -1.286067e-02 -9.990044e-01 -1.266582e+02
-9.978040e-01 5.194135e-02 4.110196e-02 -4.980188e+00 5.134884e-02 9.985629e-01 -1.534325e-02 1.002307e+00 -4.183984e-02 -1.319902e-02 -9.990371e-01 -1.278850e+02
-9.978956e-01 5.125375e-02 3.971652e-02 -4.928426e+00 5.069772e-02 9.986031e-01 -1.488368e-02 9.633742e-01 -4.042389e-02 -1.283882e-02 -9.991001e-01 -1.290985e+02
-9.980300e-01 4.975788e-02 3.821466e-02 -4.868914e+00 4.925453e-02 9.986881e-01 -1.400242e-02 9.262470e-01 -3.886126e-02 -1.209259e-02 -9.991714e-01 -1.303034e+02
-9.981545e-01 4.835819e-02 3.673075e-02 -4.808917e+00 4.788863e-02 9.987607e-01 -1.355836e-02 8.763173e-01 -3.734088e-02 -1.177435e-02 -9.992332e-01 -1.315351e+02
-9.982763e-01 4.714223e-02 3.495704e-02 -4.730196e+00 4.665987e-02 9.988058e-01 -1.448886e-02 8.083756e-01 -3.559833e-02 -1.283279e-02 -9.992838e-01 -1.328239e+02
-9.983095e-01 4.720109e-02 3.391369e-02 -4.694111e+00 4.666416e-02 9.987751e-01 -1.645344e-02 7.729605e-01 -3.464877e-02 -1.484307e-02 -9.992893e-01 -1.340751e+02
-9.980399e-01 4.908599e-02 3.881840e-02 -4.600658e+00 4.852009e-02 9.987037e-01 -1.538882e-02 7.534114e-01 -3.952346e-02 -1.347518e-02 -9.991278e-01 -1.353596e+02
-9.979903e-01 5.018537e-02 3.868807e-02 -4.540291e+00 4.969846e-02 9.986737e-01 -1.344694e-02 7.080191e-01 -3.931160e-02 -1.149718e-02 -9.991609e-01 -1.366278e+02
-9.979722e-01 5.005504e-02 3.931985e-02 -4.507914e+00 4.962553e-02 9.986979e-01 -1.182502e-02 6.808883e-01 -3.986055e-02 -9.849768e-03 -9.991567e-01 -1.378130e+02
-9.978569e-01 5.255982e-02 3.897476e-02 -4.466860e+00 5.214800e-02 9.985730e-01 -1.150940e-02 6.725257e-01 -3.952408e-02 -9.452280e-03 -9.991739e-01 -1.388810e+02
-9.978034e-01 5.348448e-02 3.908619e-02 -4.425386e+00 5.303787e-02 9.985158e-01 -1.237597e-02 6.466938e-01 -3.969010e-02 -1.027574e-02 -9.991592e-01 -1.399964e+02
-9.979248e-01 5.175254e-02 3.831067e-02 -4.367741e+00 5.135964e-02 9.986178e-01 -1.117021e-02 6.098030e-01 -3.883580e-02 -9.179404e-03 -9.992034e-01 -1.411071e+02
-9.978911e-01 5.229637e-02 3.845077e-02 -4.364053e+00 5.199779e-02 9.986091e-01 -8.725375e-03 5.978557e-01 -3.885360e-02 -6.707619e-03 -9.992224e-01 -1.421868e+02
-9.979763e-01 5.170462e-02 3.701260e-02 -4.324533e+00 5.138688e-02 9.986338e-01 -9.485905e-03 5.809180e-01 -3.745250e-02 -7.564746e-03 -9.992698e-01 -1.432710e+02
-9.981135e-01 5.033883e-02 3.514861e-02 -4.294594e+00 4.998485e-02 9.986907e-01 -1.087866e-02 5.535262e-01 -3.565021e-02 -9.101239e-03 -9.993229e-01 -1.443227e+02
-9.981634e-01 5.022156e-02 3.387803e-02 -4.265718e+00 4.987414e-02 9.986947e-01 -1.102384e-02 5.326395e-01 -3.438744e-02 -9.313952e-03 -9.993652e-01 -1.453901e+02
-9.978397e-01 5.250945e-02 3.948094e-02 -4.243254e+00 5.221277e-02 9.985997e-01 -8.509230e-03 5.074640e-01 -3.987247e-02 -6.429438e-03 -9.991841e-01 -1.463912e+02
-9.978283e-01 5.342917e-02 3.852273e-02 -4.192114e+00 5.314232e-02 9.985513e-01 -8.432916e-03 4.841752e-01 -3.891749e-02 -6.367415e-03 -9.992221e-01 -1.473383e+02
-9.977720e-01 5.434096e-02 3.870614e-02 -4.148405e+00 5.405109e-02 9.985020e-01 -8.497217e-03 4.591133e-01 -3.910991e-02 -6.386175e-03 -9.992145e-01 -1.482731e+02
-9.975576e-01 5.656435e-02 4.097831e-02 -4.128183e+00 5.622358e-02 9.983737e-01 -9.422153e-03 4.347651e-01 -4.144463e-02 -7.095193e-03 -9.991156e-01 -1.491830e+02
-9.970580e-01 6.013577e-02 4.752873e-02 -4.116156e+00 5.968395e-02 9.981581e-01 -1.087015e-02 4.152003e-01 -4.809487e-02 -8.001467e-03 -9.988107e-01 -1.500665e+02
-9.961896e-01 6.400418e-02 5.924334e-02 -4.066224e+00 6.340015e-02 9.979158e-01 -1.202191e-02 3.778683e-01 -5.988932e-02 -8.220066e-03 -9.981712e-01 -1.508829e+02
-9.947392e-01 6.750203e-02 7.705468e-02 -3.975191e+00 6.667421e-02 9.976866e-01 -1.326869e-02 3.565311e-01 -7.777208e-02 -8.061327e-03 -9.969386e-01 -1.517031e+02
-9.927117e-01 6.828153e-02 9.930286e-02 -3.873659e+00 6.727126e-02 9.976435e-01 -1.349061e-02 3.355076e-01 -9.999001e-02 -6.712059e-03 -9.949658e-01 -1.524668e+02
-9.899326e-01 6.693421e-02 1.247128e-01 -3.746167e+00 6.606490e-02 9.977536e-01 -1.109788e-02 2.937825e-01 -1.251754e-01 -2.747013e-03 -9.921308e-01 -1.531890e+02
-9.860847e-01 6.443560e-02 1.532480e-01 -3.624640e+00 6.379075e-02 9.979216e-01 -9.126337e-03 2.869966e-01 -1.535175e-01 7.764610e-04 -9.881456e-01 -1.538938e+02
-9.796933e-01 6.429620e-02 1.899133e-01 -3.416190e+00 6.396671e-02 9.979210e-01 -7.870803e-03 2.495390e-01 -1.900246e-01 4.437158e-03 -9.817693e-01 -1.545842e+02
-9.720489e-01 6.518459e-02 2.255481e-01 -3.263133e+00 6.428748e-02 9.978671e-01 -1.132789e-02 2.116754e-01 -2.258054e-01 3.488658e-03 -9.741662e-01 -1.552051e+02
-9.618528e-01 6.613599e-02 2.654530e-01 -3.084079e+00 6.420627e-02 9.978092e-01 -1.595055e-02 1.648462e-01 -2.659263e-01 1.701669e-03 -9.639919e-01 -1.557777e+02
-9.489922e-01 6.650149e-02 3.082066e-01 -2.838166e+00 6.338929e-02 9.977862e-01 -2.011094e-02 1.327082e-01 -3.088617e-01 4.518743e-04 -9.511068e-01 -1.563387e+02
-9.328485e-01 6.544975e-02 3.542740e-01 -2.651000e+00 6.133163e-02 9.978558e-01 -2.285320e-02 1.123259e-01 -3.550101e-01 4.096356e-04 -9.348624e-01 -1.568126e+02
-9.129993e-01 6.605332e-02 4.025782e-01 -2.384992e+00 6.119006e-02 9.978144e-01 -2.494538e-02 8.414356e-02 -4.033461e-01 1.858673e-03 -9.150456e-01 -1.572664e+02
-8.882498e-01 6.646495e-02 4.545269e-01 -2.167646e+00 6.059674e-02 9.977839e-01 -2.748486e-02 5.313955e-02 -4.553463e-01 3.129427e-03 -8.903089e-01 -1.576975e+02
-8.591065e-01 6.478498e-02 5.076800e-01 -1.959056e+00 5.761168e-02 9.978927e-01 -2.984930e-02 1.689295e-02 -5.085440e-01 3.604570e-03 -8.610285e-01 -1.580762e+02
-8.255170e-01 6.348600e-02 5.607952e-01 -1.731940e+00 5.486230e-02 9.979740e-01 -3.221785e-02 5.432439e-03 -5.617044e-01 4.170136e-03 -8.273275e-01 -1.584370e+02
-7.872180e-01 6.112454e-02 6.136380e-01 -1.476630e+00 5.144179e-02 9.981163e-01 -3.342931e-02 -1.865206e-02 -6.145255e-01 5.250486e-03 -7.888795e-01 -1.587790e+02
-7.410709e-01 6.074471e-02 6.686733e-01 -1.202311e+00 5.199137e-02 9.981005e-01 -3.305057e-02 -5.708455e-02 -6.694108e-01 1.027243e-02 -7.428214e-01 -1.591032e+02
-6.927755e-01 5.833943e-02 7.187897e-01 -9.207159e-01 4.876858e-02 9.982307e-01 -3.401624e-02 -8.445072e-02 -7.195024e-01 1.148873e-02 -6.943949e-01 -1.594033e+02
-6.387776e-01 5.545741e-02 7.673901e-01 -5.624476e-01 4.580815e-02 9.983708e-01 -3.401899e-02 -1.034765e-01 -7.680265e-01 1.342215e-02 -6.402773e-01 -1.597301e+02
-5.805020e-01 5.105661e-02 8.126566e-01 -1.811712e-01 4.116709e-02 9.985961e-01 -3.333187e-02 -1.310109e-01 -8.132175e-01 1.410549e-02 -5.817889e-01 -1.600126e+02
-5.196372e-01 4.553289e-02 8.531728e-01 2.425581e-01 3.403908e-02 9.988894e-01 -3.257763e-02 -1.343630e-01 -8.537087e-01 1.211267e-02 -5.206100e-01 -1.602978e+02
-4.570177e-01 4.123792e-02 8.885011e-01 6.583088e-01 2.768474e-02 9.991002e-01 -3.213096e-02 -1.643754e-01 -8.890267e-01 9.913503e-03 -4.577481e-01 -1.605022e+02
-3.925471e-01 3.823683e-02 9.189367e-01 1.091861e+00 2.218895e-02 9.992383e-01 -3.209959e-02 -1.898451e-01 -9.194642e-01 7.789640e-03 -3.930965e-01 -1.606620e+02
-3.265614e-01 3.717999e-02 9.444444e-01 1.562440e+00 1.983905e-02 9.992755e-01 -3.247876e-02 -2.165073e-01 -9.449678e-01 8.130573e-03 -3.270624e-01 -1.607755e+02
-2.588294e-01 3.738601e-02 9.651993e-01 2.024258e+00 1.830181e-02 9.992611e-01 -3.379752e-02 -2.362537e-01 -9.657497e-01 8.917105e-03 -2.593224e-01 -1.608583e+02
-1.906215e-01 3.810626e-02 9.809237e-01 2.499386e+00 1.521811e-02 9.992409e-01 -3.586052e-02 -2.686176e-01 -9.815456e-01 8.092019e-03 -1.910567e-01 -1.608986e+02
-1.209390e-01 3.910851e-02 9.918893e-01 2.945104e+00 1.372243e-02 9.991940e-01 -3.772337e-02 -2.900677e-01 -9.925651e-01 9.048909e-03 -1.213782e-01 -1.609135e+02
-5.047635e-02 3.585348e-02 9.980815e-01 3.413319e+00 8.332291e-03 9.993358e-01 -3.547714e-02 -3.089603e-01 -9.986905e-01 6.525549e-03 -5.074156e-02 -1.608935e+02
2.128760e-02 2.745785e-02 9.993963e-01 3.852494e+00 5.652114e-03 9.996035e-01 -2.758394e-02 -3.351505e-01 -9.997574e-01 6.235897e-03 2.112397e-02 -1.608693e+02
9.340937e-02 1.719320e-02 9.954793e-01 4.302825e+00 5.540983e-03 9.998264e-01 -1.778821e-02 -3.448043e-01 -9.956124e-01 7.177519e-03 9.329788e-02 -1.608177e+02
1.655458e-01 5.651617e-03 9.861859e-01 4.758485e+00 3.947209e-03 9.999718e-01 -6.393218e-03 -3.515472e-01 -9.861942e-01 4.951052e-03 1.655189e-01 -1.607370e+02
2.367651e-01 -4.814137e-03 9.715550e-01 5.221226e+00 1.620959e-03 9.999883e-01 4.560003e-03 -3.549884e-01 -9.715656e-01 4.952016e-04 2.367701e-01 -1.606033e+02
3.073076e-01 -1.241922e-02 9.515292e-01 5.674679e+00 -1.758484e-03 9.999057e-01 1.361855e-02 -3.604971e-01 -9.516086e-01 -5.858331e-03 3.072567e-01 -1.604303e+02
3.779944e-01 -1.696870e-02 9.256524e-01 6.140989e+00 -1.193115e-03 9.998223e-01 1.881557e-02 -3.681091e-01 -9.258071e-01 -8.216589e-03 3.779069e-01 -1.602391e+02
4.457610e-01 -1.950987e-02 8.949394e-01 6.587555e+00 9.639362e-05 9.997635e-01 2.174704e-02 -3.594106e-01 -8.951520e-01 -9.607718e-03 4.456575e-01 -1.599916e+02
5.112577e-01 -2.468615e-02 8.590728e-01 7.039116e+00 3.184931e-03 9.996349e-01 2.682988e-02 -3.472865e-01 -8.594215e-01 -1.098089e-02 5.111497e-01 -1.597157e+02
5.708075e-01 -2.977924e-02 8.205437e-01 7.480915e+00 7.874596e-03 9.994947e-01 3.079582e-02 -3.383437e-01 -8.210461e-01 -1.111703e-02 5.707536e-01 -1.594095e+02
6.302809e-01 -3.465377e-02 7.755934e-01 7.912744e+00 1.028153e-02 9.992883e-01 3.629332e-02 -3.344717e-01 -7.762991e-01 -1.490070e-02 6.301886e-01 -1.590612e+02
6.855213e-01 -3.587920e-02 7.271680e-01 8.334298e+00 1.090978e-02 9.991790e-01 3.901555e-02 -3.302832e-01 -7.279709e-01 -1.881275e-02 6.853499e-01 -1.586660e+02
7.357880e-01 -3.482169e-02 6.763161e-01 8.741774e+00 1.159212e-02 9.991785e-01 3.883353e-02 -3.260328e-01 -6.771127e-01 -2.073331e-02 7.355872e-01 -1.582302e+02
7.803133e-01 -3.280718e-02 6.245277e-01 9.117103e+00 1.415805e-02 9.992939e-01 3.480438e-02 -2.969580e-01 -6.252285e-01 -1.831622e-02 7.802268e-01 -1.577455e+02
8.201183e-01 -3.345019e-02 5.712154e-01 9.492517e+00 1.855578e-02 9.993195e-01 3.187850e-02 -2.847768e-01 -5.718930e-01 -1.554479e-02 8.201809e-01 -1.572186e+02
8.554659e-01 -3.416959e-02 5.167306e-01 9.812250e+00 2.113293e-02 9.992930e-01 3.109343e-02 -2.716158e-01 -5.174278e-01 -1.567934e-02 8.555832e-01 -1.566728e+02
8.873947e-01 -3.754222e-02 4.594793e-01 1.011545e+01 2.437888e-02 9.991056e-01 3.454987e-02 -2.924829e-01 -4.603654e-01 -1.945778e-02 8.875163e-01 -1.560776e+02
9.160157e-01 -3.952881e-02 3.991900e-01 1.038589e+01 2.668572e-02 9.989334e-01 3.768159e-02 -3.110811e-01 -4.002537e-01 -2.386426e-02 9.160936e-01 -1.554454e+02
9.405331e-01 -4.331310e-02 3.369295e-01 1.064149e+01 3.188245e-02 9.987152e-01 3.938790e-02 -3.194645e-01 -3.382027e-01 -2.630348e-02 9.407056e-01 -1.547597e+02
9.582469e-01 -4.030658e-02 2.830870e-01 1.083040e+01 3.126514e-02 9.988486e-01 3.638616e-02 -2.850338e-01 -2.842276e-01 -2.601617e-02 9.584038e-01 -1.540706e+02
9.733057e-01 -3.904419e-02 2.261671e-01 1.096053e+01 3.155692e-02 9.988306e-01 3.662780e-02 -2.723569e-01 -2.273327e-01 -2.851292e-02 9.733996e-01 -1.533695e+02
9.842364e-01 -3.382149e-02 1.735939e-01 1.109176e+01 2.827735e-02 9.990110e-01 3.431254e-02 -2.568091e-01 -1.745827e-01 -2.886287e-02 9.842194e-01 -1.525922e+02
9.914697e-01 -2.678469e-02 1.275553e-01 1.115209e+01 2.291801e-02 9.992351e-01 3.168578e-02 -2.322932e-01 -1.283065e-01 -2.849217e-02 9.913252e-01 -1.518243e+02
9.959780e-01 -2.371320e-02 8.640264e-02 1.121999e+01 2.114238e-02 9.993097e-01 3.054868e-02 -2.292036e-01 -8.706740e-02 -2.859906e-02 9.957918e-01 -1.510232e+02
9.984888e-01 -2.349794e-02 4.967793e-02 1.125455e+01 2.196528e-02 9.992725e-01 3.117595e-02 -2.091864e-01 -5.037436e-02 -3.003765e-02 9.982786e-01 -1.502123e+02
9.996224e-01 -2.260276e-02 1.562483e-02 1.125773e+01 2.209519e-02 9.992459e-01 3.192758e-02 -1.843254e-01 -1.633470e-02 -3.157029e-02 9.993680e-01 -1.493960e+02
9.996745e-01 -2.095343e-02 -1.455497e-02 1.122578e+01 2.141652e-02 9.992447e-01 3.242519e-02 -1.578899e-01 1.386456e-02 -3.272636e-02 9.993682e-01 -1.485508e+02
9.990057e-01 -1.692508e-02 -4.124385e-02 1.118704e+01 1.823149e-02 9.993372e-01 3.150763e-02 -1.263656e-01 4.068325e-02 -3.222824e-02 9.986522e-01 -1.476623e+02
9.978600e-01 -1.435159e-02 -6.379214e-02 1.116253e+01 1.634738e-02 9.993896e-01 3.087489e-02 -1.416464e-01 6.331009e-02 -3.185166e-02 9.974855e-01 -1.467211e+02
9.974424e-01 -9.651144e-03 -7.082085e-02 1.108636e+01 1.158842e-02 9.995684e-01 2.699484e-02 -1.380753e-01 7.052975e-02 -2.774650e-02 9.971237e-01 -1.457722e+02
9.966976e-01 -5.975740e-03 -8.098277e-02 1.105896e+01 8.110161e-03 9.996277e-01 2.605324e-02 -1.418966e-01 8.079692e-02 -2.662399e-02 9.963749e-01 -1.447575e+02
9.962615e-01 -1.605971e-03 -8.637360e-02 1.104475e+01 3.875530e-03 9.996514e-01 2.611480e-02 -1.298535e-01 8.630156e-02 -2.635192e-02 9.959205e-01 -1.437483e+02
9.961227e-01 -6.489047e-04 -8.797233e-02 1.097242e+01 2.985918e-03 9.996460e-01 2.643633e-02 -1.034265e-01 8.792404e-02 -2.659650e-02 9.957721e-01 -1.427486e+02
9.960084e-01 -2.019002e-03 -8.923671e-02 1.088286e+01 4.487308e-03 9.996126e-01 2.746826e-02 -8.509275e-02 8.914668e-02 -2.775905e-02 9.956316e-01 -1.417655e+02
9.958266e-01 -2.601030e-03 -9.122850e-02 1.080598e+01 5.190495e-03 9.995900e-01 2.815863e-02 -6.340600e-02 9.111786e-02 -2.851463e-02 9.954318e-01 -1.407915e+02
9.956577e-01 -3.992066e-03 -9.300482e-02 1.070936e+01 6.602925e-03 9.995922e-01 2.778152e-02 -4.878454e-02 9.285599e-02 -2.827498e-02 9.952780e-01 -1.397487e+02
9.954613e-01 -2.517241e-03 -9.513431e-02 1.060354e+01 5.169646e-03 9.996045e-01 2.764446e-02 -3.810363e-02 9.502709e-02 -2.801080e-02 9.950805e-01 -1.386894e+02
9.952024e-01 -3.393786e-03 -9.777879e-02 1.052681e+01 6.205299e-03 9.995756e-01 2.846407e-02 -1.305525e-02 9.764069e-02 -2.893426e-02 9.948010e-01 -1.375864e+02
9.949568e-01 -3.796784e-03 -1.002327e-01 1.042797e+01 6.876046e-03 9.995144e-01 3.039357e-02 2.232658e-02 1.000686e-01 -3.092949e-02 9.944997e-01 -1.365295e+02
9.956663e-01 -5.096409e-03 -9.285779e-02 1.029878e+01 7.792484e-03 9.995578e-01 2.869504e-02 4.424220e-02 9.267049e-02 -2.929428e-02 9.952658e-01 -1.354253e+02
9.954650e-01 -5.185119e-03 -9.498746e-02 1.019831e+01 7.830174e-03 9.995913e-01 2.749483e-02 5.448487e-02 9.480607e-02 -2.811391e-02 9.950987e-01 -1.343227e+02
9.953317e-01 -6.963417e-03 -9.626170e-02 1.008930e+01 9.511036e-03 9.996159e-01 2.603209e-02 6.249316e-02 9.604345e-02 -2.682612e-02 9.950156e-01 -1.331351e+02
9.952078e-01 -7.044495e-03 -9.752834e-02 9.978221e+00 9.634425e-03 9.996126e-01 2.611025e-02 7.687425e-02 9.730663e-02 -2.692475e-02 9.948902e-01 -1.319847e+02
9.951983e-01 -6.436712e-03 -9.766727e-02 9.821101e+00 9.004062e-03 9.996248e-01 2.586875e-02 8.810821e-02 9.746411e-02 -2.662393e-02 9.948829e-01 -1.308601e+02
9.950629e-01 -4.861514e-03 -9.912677e-02 9.756050e+00 7.297860e-03 9.996798e-01 2.423031e-02 1.260265e-01 9.897723e-02 -2.483410e-02 9.947798e-01 -1.295929e+02
9.949686e-01 -6.633516e-03 -9.996787e-02 9.666548e+00 9.048105e-03 9.996777e-01 2.371964e-02 1.204367e-01 9.977831e-02 -2.450481e-02 9.947079e-01 -1.283711e+02
9.949381e-01 -6.012341e-03 -1.003092e-01 9.582492e+00 8.466543e-03 9.996747e-01 2.405863e-02 1.451780e-01 1.001319e-01 -2.478612e-02 9.946654e-01 -1.271125e+02
9.949786e-01 -6.527248e-03 -9.987469e-02 9.452177e+00 8.998325e-03 9.996639e-01 2.431133e-02 1.555931e-01 9.968244e-02 -2.508796e-02 9.947030e-01 -1.258998e+02
9.950769e-01 -6.076558e-03 -9.891908e-02 9.344776e+00 8.345926e-03 9.997110e-01 2.254404e-02 1.600324e-01 9.875350e-02 -2.325863e-02 9.948401e-01 -1.246353e+02
9.960139e-01 -7.218077e-03 -8.890600e-02 9.238092e+00 8.740057e-03 9.998216e-01 1.674160e-02 1.598641e-01 8.876930e-02 -1.745191e-02 9.958993e-01 -1.233383e+02
9.960248e-01 -1.401631e-02 -8.796651e-02 9.153893e+00 1.534943e-02 9.997771e-01 1.449672e-02 9.948381e-02 8.774371e-02 -1.578933e-02 9.960179e-01 -1.220237e+02
9.960058e-01 -1.595960e-02 -8.785020e-02 9.038168e+00 1.724644e-02 9.997545e-01 1.390854e-02 9.614984e-02 8.760666e-02 -1.536809e-02 9.960366e-01 -1.207972e+02
9.959432e-01 -1.724483e-02 -8.831617e-02 8.939975e+00 1.863301e-02 9.997151e-01 1.491801e-02 9.744356e-02 8.803375e-02 -1.650309e-02 9.959808e-01 -1.194570e+02
9.957612e-01 -1.976915e-02 -8.982688e-02 8.828614e+00 2.121427e-02 9.996600e-01 1.516161e-02 7.054127e-02 8.949661e-02 -1.700296e-02 9.958420e-01 -1.181289e+02
9.955858e-01 -2.064845e-02 -9.155593e-02 8.719725e+00 2.187647e-02 9.996834e-01 1.242947e-02 5.979706e-02 9.127030e-02 -1.437752e-02 9.957224e-01 -1.167655e+02
9.952879e-01 -2.276719e-02 -9.425309e-02 8.579375e+00 2.393389e-02 9.996501e-01 1.126635e-02 3.487209e-02 9.396361e-02 -1.346910e-02 9.954845e-01 -1.154460e+02
9.949035e-01 -2.063232e-02 -9.869799e-02 8.486377e+00 2.195141e-02 9.996834e-01 1.229756e-02 4.911775e-02 9.841302e-02 -1.440144e-02 9.950414e-01 -1.140204e+02
9.946363e-01 -1.860651e-02 -1.017472e-01 8.368699e+00 2.015069e-02 9.996965e-01 1.416979e-02 7.090492e-02 1.014526e-01 -1.614407e-02 9.947094e-01 -1.126155e+02
9.944381e-01 -1.760469e-02 -1.038408e-01 8.241175e+00 1.912670e-02 9.997235e-01 1.367958e-02 6.760799e-02 1.035713e-01 -1.558963e-02 9.944998e-01 -1.111816e+02
9.950908e-01 -1.935909e-02 -9.705445e-02 8.136813e+00 2.053753e-02 9.997268e-01 1.115773e-02 4.387134e-02 9.681193e-02 -1.309621e-02 9.952165e-01 -1.097469e+02
9.949084e-01 -1.956127e-02 -9.886631e-02 8.003402e+00 2.067643e-02 9.997335e-01 1.026729e-02 4.131232e-02 9.863912e-02 -1.225922e-02 9.950478e-01 -1.083434e+02
9.947818e-01 -1.737428e-02 -1.005351e-01 7.888905e+00 1.839235e-02 9.997884e-01 9.208355e-03 5.098219e-02 1.003538e-01 -1.100938e-02 9.948909e-01 -1.068777e+02
9.946300e-01 -1.497379e-02 -1.024063e-01 7.764939e+00 1.602939e-02 9.998265e-01 9.492795e-03 4.642199e-02 1.022463e-01 -1.108333e-02 9.946974e-01 -1.053835e+02
9.946221e-01 -1.468198e-02 -1.025250e-01 7.606202e+00 1.581976e-02 9.998219e-01 1.029327e-02 4.660745e-02 1.023556e-01 -1.185984e-02 9.946772e-01 -1.039118e+02
9.946882e-01 -1.313173e-02 -1.020928e-01 7.433182e+00 1.458150e-02 9.998030e-01 1.346712e-02 5.151145e-02 1.018959e-01 -1.488425e-02 9.946837e-01 -1.024715e+02
9.947037e-01 -1.269068e-02 -1.019972e-01 7.257809e+00 1.432028e-02 9.997810e-01 1.526053e-02 6.382933e-02 1.017812e-01 -1.664034e-02 9.946676e-01 -1.010767e+02
9.946805e-01 -1.219847e-02 -1.022834e-01 7.120214e+00 1.410547e-02 9.997395e-01 1.794176e-02 8.329468e-02 1.020379e-01 -1.928907e-02 9.945935e-01 -9.953805e+01
9.946478e-01 -1.032739e-02 -1.028065e-01 6.977521e+00 1.283010e-02 9.996365e-01 2.371244e-02 1.040345e-01 1.025242e-01 -2.490454e-02 9.944187e-01 -9.802366e+01
9.946683e-01 -9.392917e-03 -1.026974e-01 6.811253e+00 1.243636e-02 9.995010e-01 2.903498e-02 1.218990e-01 1.023735e-01 -3.015736e-02 9.942888e-01 -9.649287e+01
9.956262e-01 -6.255374e-03 -9.321655e-02 6.666023e+00 9.058817e-03 9.995183e-01 2.968179e-02 1.469431e-01 9.298598e-02 -3.039640e-02 9.952033e-01 -9.493782e+01
9.956156e-01 -3.538914e-03 -9.347227e-02 6.522324e+00 6.488714e-03 9.994898e-01 3.127299e-02 1.770972e-01 9.331391e-02 -3.174239e-02 9.951306e-01 -9.338598e+01
9.955811e-01 -3.003771e-03 -9.385769e-02 6.395041e+00 6.026213e-03 9.994718e-01 3.193558e-02 2.047639e-01 9.371218e-02 -3.236007e-02 9.950733e-01 -9.184600e+01
9.955503e-01 -3.009188e-03 -9.418406e-02 6.252817e+00 5.838810e-03 9.995394e-01 2.978240e-02 2.270571e-01 9.405106e-02 -3.019980e-02 9.951092e-01 -9.030222e+01
9.956045e-01 -3.735833e-03 -9.358314e-02 6.080455e+00 6.374430e-03 9.995901e-01 2.791217e-02 2.238590e-01 9.344050e-02 -2.838602e-02 9.952201e-01 -8.890539e+01
9.956821e-01 -5.083014e-03 -9.268918e-02 5.923185e+00 7.733352e-03 9.995708e-01 2.825711e-02 2.241868e-01 9.250577e-02 -2.885190e-02 9.952941e-01 -8.746454e+01
9.957044e-01 -4.573020e-03 -9.247603e-02 5.825548e+00 7.429597e-03 9.995050e-01 3.056928e-02 2.301834e-01 9.229046e-02 -3.112503e-02 9.952455e-01 -8.590431e+01
9.957307e-01 -5.971552e-03 -9.211221e-02 5.684920e+00 8.790145e-03 9.995045e-01 3.022427e-02 2.524995e-01 9.188608e-02 -3.090492e-02 9.952898e-01 -8.438811e+01
9.957277e-01 -5.156271e-03 -9.219467e-02 5.563565e+00 7.810345e-03 9.995647e-01 2.845012e-02 2.834453e-01 9.200784e-02 -2.904865e-02 9.953345e-01 -8.281917e+01
9.957797e-01 -4.439625e-03 -9.166818e-02 5.430762e+00 7.076500e-03 9.995699e-01 2.846048e-02 3.198316e-01 9.150239e-02 -2.898906e-02 9.953828e-01 -8.124615e+01
9.966961e-01 -4.440368e-03 -8.109987e-02 5.313445e+00 6.736816e-03 9.995834e-01 2.806465e-02 3.258215e-01 8.094147e-02 -2.851828e-02 9.963108e-01 -7.961085e+01
9.966631e-01 -6.078768e-03 -8.139821e-02 5.231368e+00 8.576927e-03 9.995017e-01 3.037619e-02 3.202691e-01 8.117301e-02 -3.097298e-02 9.962187e-01 -7.802038e+01
9.966360e-01 -6.669678e-03 -8.168402e-02 5.105431e+00 9.305282e-03 9.994469e-01 3.192778e-02 3.288887e-01 8.142589e-02 -3.258046e-02 9.961467e-01 -7.647632e+01
9.966629e-01 -7.608838e-03 -8.127250e-02 4.936052e+00 1.017421e-02 9.994614e-01 3.119776e-02 3.213384e-01 8.099135e-02 -3.192053e-02 9.962035e-01 -7.498569e+01
9.966294e-01 -7.185513e-03 -8.172014e-02 4.804480e+00 9.401289e-03 9.995976e-01 2.676181e-02 3.310448e-01 8.149496e-02 -2.743988e-02 9.962960e-01 -7.340927e+01
9.965134e-01 -4.687191e-03 -8.330124e-02 4.715224e+00 6.811863e-03 9.996582e-01 2.524001e-02 3.176890e-01 8.315447e-02 -2.571945e-02 9.962047e-01 -7.185951e+01
9.964823e-01 -3.797573e-03 -8.371747e-02 4.588145e+00 6.086739e-03 9.996140e-01 2.710571e-02 3.109432e-01 8.358222e-02 -2.751992e-02 9.961208e-01 -7.031590e+01
9.964449e-01 -2.040842e-03 -8.422209e-02 4.445187e+00 4.406456e-03 9.996007e-01 2.791149e-02 3.338602e-01 8.413150e-02 -2.818338e-02 9.960560e-01 -6.883139e+01
9.963190e-01 -6.758884e-03 -8.545585e-02 4.312552e+00 9.028851e-03 9.996158e-01 2.620451e-02 3.150475e-01 8.524591e-02 -2.687962e-02 9.959973e-01 -6.734613e+01
9.961529e-01 -9.880356e-03 -8.707337e-02 4.181444e+00 1.234777e-02 9.995360e-01 2.784428e-02 2.912129e-01 8.675786e-02 -2.881232e-02 9.958127e-01 -6.589262e+01
9.969262e-01 -1.049424e-02 -7.764058e-02 4.072843e+00 1.268824e-02 9.995324e-01 2.781934e-02 3.057142e-01 7.731234e-02 -2.871895e-02 9.965932e-01 -6.435686e+01
9.968400e-01 -1.089487e-02 -7.868492e-02 3.948618e+00 1.299141e-02 9.995728e-01 2.618213e-02 3.155079e-01 7.836605e-02 -2.712162e-02 9.965557e-01 -6.285394e+01
9.966943e-01 -1.322901e-02 -8.015893e-02 3.817934e+00 1.512084e-02 9.996202e-01 2.304005e-02 2.981600e-01 7.982369e-02 -2.417595e-02 9.965158e-01 -6.135468e+01
9.965762e-01 -1.229727e-02 -8.175925e-02 3.730047e+00 1.427258e-02 9.996191e-01 2.361962e-02 3.104400e-01 8.143766e-02 -2.470567e-02 9.963722e-01 -5.979438e+01
9.964678e-01 -1.306192e-02 -8.295317e-02 3.589216e+00 1.545994e-02 9.994790e-01 2.833194e-02 3.087262e-01 8.253989e-02 -2.951432e-02 9.961506e-01 -5.829002e+01
9.963741e-01 -1.437744e-02 -8.385725e-02 3.446178e+00 1.679172e-02 9.994625e-01 2.815639e-02 3.095274e-01 8.340736e-02 -2.946240e-02 9.960799e-01 -5.680364e+01
9.962011e-01 -1.590159e-02 -8.561860e-02 3.314648e+00 1.826891e-02 9.994702e-01 2.693750e-02 3.049366e-01 8.514489e-02 -2.839933e-02 9.959638e-01 -5.535815e+01
9.961742e-01 -1.561326e-02 -8.598413e-02 3.172419e+00 1.796070e-02 9.994849e-01 2.659532e-02 3.060872e-01 8.552460e-02 -2.803791e-02 9.959415e-01 -5.390419e+01
9.961585e-01 -1.376574e-02 -8.647936e-02 3.042834e+00 1.611397e-02 9.995185e-01 2.651454e-02 3.228320e-01 8.607273e-02 -2.780621e-02 9.959007e-01 -5.244185e+01
9.961461e-01 -1.230204e-02 -8.684186e-02 2.911348e+00 1.459346e-02 9.995606e-01 2.580071e-02 3.461640e-01 8.648630e-02 -2.696860e-02 9.958880e-01 -5.096878e+01
9.970740e-01 -1.092844e-02 -7.565782e-02 2.806379e+00 1.268772e-02 9.996593e-01 2.281161e-02 3.633476e-01 7.538275e-02 -2.370479e-02 9.968729e-01 -4.942426e+01
9.970981e-01 -1.146320e-02 -7.525888e-02 2.684823e+00 1.320247e-02 9.996562e-01 2.265380e-02 3.706029e-01 7.497332e-02 -2.358167e-02 9.969067e-01 -4.798735e+01
9.970938e-01 -1.189865e-02 -7.524908e-02 2.592069e+00 1.361253e-02 9.996585e-01 2.230435e-02 3.868540e-01 7.495799e-02 -2.326386e-02 9.969153e-01 -4.647136e+01
9.971330e-01 -1.247854e-02 -7.463296e-02 2.471530e+00 1.415888e-02 9.996571e-01 2.202804e-02 4.008000e-01 7.433249e-02 -2.302161e-02 9.969677e-01 -4.501104e+01
9.972026e-01 -1.266735e-02 -7.366524e-02 2.347351e+00 1.443456e-02 9.996195e-01 2.350700e-02 4.057740e-01 7.333944e-02 -2.450456e-02 9.970059e-01 -4.358671e+01
9.972695e-01 -1.214052e-02 -7.284272e-02 2.236615e+00 1.387165e-02 9.996321e-01 2.330667e-02 4.101620e-01 7.253296e-02 -2.425348e-02 9.970711e-01 -4.212668e+01
9.972697e-01 -1.145715e-02 -7.295106e-02 2.164571e+00 1.311135e-02 9.996667e-01 2.223711e-02 3.960723e-01 7.267198e-02 -2.313288e-02 9.970876e-01 -4.062657e+01
9.972966e-01 -9.469419e-03 -7.286903e-02 2.118666e+00 1.096900e-02 9.997357e-01 2.020647e-02 4.113536e-01 7.265842e-02 -2.095115e-02 9.971368e-01 -3.907942e+01
9.973665e-01 -7.017214e-03 -7.218567e-02 2.016800e+00 8.481376e-03 9.997641e-01 1.999680e-02 4.186911e-01 7.202832e-02 -2.055637e-02 9.971907e-01 -3.762113e+01
9.973639e-01 -7.319491e-03 -7.219149e-02 1.952958e+00 8.969523e-03 9.997053e-01 2.255869e-02 3.728805e-01 7.200510e-02 -2.314675e-02 9.971356e-01 -3.608315e+01
9.982184e-01 -5.859129e-03 -5.937783e-02 1.881278e+00 7.175498e-03 9.997327e-01 2.198044e-02 3.589160e-01 5.923317e-02 -2.236735e-02 9.979936e-01 -3.457997e+01
9.982754e-01 -5.354862e-03 -5.845988e-02 1.786575e+00 6.647794e-03 9.997371e-01 2.194455e-02 3.592364e-01 5.832700e-02 -2.229533e-02 9.980485e-01 -3.311522e+01
9.983048e-01 -5.999062e-03 -5.789198e-02 1.729530e+00 7.206296e-03 9.997604e-01 2.066702e-02 3.316260e-01 5.775413e-02 -2.104918e-02 9.981089e-01 -3.160712e+01
9.982980e-01 -6.870732e-03 -5.791285e-02 1.719643e+00 7.941320e-03 9.998014e-01 1.827637e-02 3.272831e-01 5.777578e-02 -1.870517e-02 9.981543e-01 -3.007961e+01
9.983296e-01 -5.573949e-03 -5.750616e-02 1.691026e+00 6.722532e-03 9.997814e-01 1.979913e-02 3.287842e-01 5.738323e-02 -2.015264e-02 9.981488e-01 -2.856130e+01
9.983054e-01 -5.772942e-03 -5.790454e-02 1.685358e+00 7.017824e-03 9.997481e-01 2.131861e-02 3.053943e-01 5.776688e-02 -2.168885e-02 9.980945e-01 -2.706829e+01
9.983672e-01 -5.267675e-03 -5.687895e-02 1.609434e+00 6.208401e-03 9.998466e-01 1.637507e-02 3.184442e-01 5.678397e-02 -1.670146e-02 9.982468e-01 -2.565645e+01
9.984094e-01 -2.921543e-03 -5.630479e-02 1.564035e+00 3.572350e-03 9.999279e-01 1.146147e-02 3.099825e-01 5.626725e-02 -1.164438e-02 9.983478e-01 -2.413494e+01
9.984420e-01 -1.714493e-03 -5.577383e-02 1.496156e+00 2.232087e-03 9.999550e-01 9.219275e-03 2.961745e-01 5.575552e-02 -9.329403e-03 9.984009e-01 -2.273192e+01
9.984175e-01 -2.838348e-03 -5.616432e-02 1.473046e+00 3.319654e-03 9.999585e-01 8.478150e-03 2.545094e-01 5.613793e-02 -8.651179e-03 9.983855e-01 -2.122295e+01
9.991118e-01 -2.153368e-03 -4.208309e-02 1.405995e+00 2.403278e-03 9.999798e-01 5.888811e-03 2.432220e-01 4.206956e-02 -5.984717e-03 9.990968e-01 -1.980766e+01
9.990960e-01 -2.761646e-03 -4.242112e-02 1.375347e+00 3.115865e-03 9.999608e-01 8.286214e-03 2.000135e-01 4.239657e-02 -8.410902e-03 9.990655e-01 -1.836767e+01
9.990607e-01 -3.772889e-03 -4.316859e-02 1.358994e+00 4.231833e-03 9.999354e-01 1.054499e-02 1.667231e-01 4.312602e-02 -1.071777e-02 9.990122e-01 -1.689559e+01
9.990781e-01 -4.429637e-03 -4.270133e-02 1.288644e+00 4.854487e-03 9.999397e-01 9.850782e-03 1.709937e-01 4.265512e-02 -1.004899e-02 9.990393e-01 -1.544079e+01
9.990384e-01 -4.774666e-03 -4.358356e-02 1.240318e+00 5.136042e-03 9.999533e-01 8.183363e-03 1.600757e-01 4.354245e-02 -8.399341e-03 9.990163e-01 -1.404903e+01
9.989508e-01 -4.186390e-03 -4.560533e-02 1.246969e+00 4.536549e-03 9.999610e-01 7.577225e-03 1.350653e-01 4.557183e-02 -7.776166e-03 9.989308e-01 -1.255665e+01
9.988586e-01 -3.624187e-03 -4.762691e-02 1.216237e+00 4.079467e-03 9.999469e-01 9.465585e-03 9.132082e-02 4.759007e-02 -9.649073e-03 9.988203e-01 -1.112309e+01
9.988019e-01 -2.009159e-04 -4.893641e-02 1.133964e+00 6.630603e-04 9.999553e-01 9.427724e-03 1.273316e-01 4.893233e-02 -9.448876e-03 9.987574e-01 -9.779540e+00
9.986973e-01 -8.619306e-05 -5.102574e-02 1.059055e+00 6.121646e-04 9.999468e-01 1.029243e-02 1.075309e-01 5.102215e-02 -1.031025e-02 9.986443e-01 -8.405602e+00
9.985825e-01 -2.410607e-03 -5.317096e-02 1.018783e+00 3.012523e-03 9.999323e-01 1.124315e-02 6.312937e-02 5.314025e-02 -1.138739e-02 9.985221e-01 -6.992672e+00
9.991907e-01 -5.936784e-04 -4.021995e-02 9.955437e-01 8.672999e-04 9.999766e-01 6.786020e-03 6.361586e-02 4.021498e-02 -6.815411e-03 9.991678e-01 -5.556004e+00
9.991150e-01 -2.133007e-03 -4.200912e-02 9.631862e-01 2.367997e-03 9.999818e-01 5.544821e-03 2.968037e-02 4.199653e-02 -5.639391e-03 9.991018e-01 -4.185998e+00
9.990603e-01 -4.426115e-03 -4.311631e-02 9.346030e-01 4.644186e-03 9.999769e-01 4.958896e-03 -2.577486e-02 4.309337e-02 -5.154476e-03 9.990578e-01 -2.745737e+00
9.990314e-01 -3.364682e-03 -4.387512e-02 8.820800e-01 3.602468e-03 9.999792e-01 5.341669e-03 -3.785474e-02 4.385624e-02 -5.494554e-03 9.990227e-01 -1.359493e+00
9.990243e-01 -1.226914e-03 -4.414607e-02 8.076816e-01 1.483489e-03 9.999822e-01 5.779672e-03 -3.768487e-02 4.413819e-02 -5.839523e-03 9.990084e-01 -6.913901e-03
9.989963e-01 -1.958413e-04 -4.479188e-02 7.669089e-01 4.116869e-04 9.999883e-01 4.809681e-03 -5.488462e-02 4.479041e-02 -4.823294e-03 9.989848e-01 1.415291e+00
9.990103e-01 1.211192e-03 -4.446225e-02 6.741937e-01 -9.809993e-04 9.999860e-01 5.198709e-03 -6.828628e-02 4.446792e-02 -5.149947e-03 9.989975e-01 2.757665e+00
9.989789e-01 9.792278e-04 -4.516960e-02 6.182402e-01 -7.566532e-04 9.999875e-01 4.944366e-03 -8.434058e-02 4.517388e-02 -4.905139e-03 9.989671e-01 4.146710e+00
9.989682e-01 2.719701e-03 -4.533429e-02 5.508919e-01 -2.484909e-03 9.999832e-01 5.234661e-03 -9.481306e-02 4.534777e-02 -5.116608e-03 9.989582e-01 5.548922e+00
9.989651e-01 2.764338e-03 -4.539901e-02 4.861865e-01 -2.571113e-03 9.999874e-01 4.313993e-03 -1.092193e-01 4.541037e-02 -4.192802e-03 9.989596e-01 6.914655e+00
9.995702e-01 2.839993e-03 -2.917748e-02 4.213182e-01 -2.802604e-03 9.999952e-01 1.322227e-03 -1.419411e-01 2.918109e-02 -1.239885e-03 9.995734e-01 8.311086e+00
9.995455e-01 2.290203e-03 -3.005874e-02 3.789174e-01 -2.210970e-03 9.999940e-01 2.668935e-03 -1.743895e-01 3.006468e-02 -2.601263e-03 9.995446e-01 9.674644e+00
9.995121e-01 4.555565e-03 -3.090095e-02 3.599942e-01 -4.435115e-03 9.999823e-01 3.965344e-03 -2.035221e-01 3.091846e-02 -3.826360e-03 9.995146e-01 1.106976e+01
9.995310e-01 4.023819e-03 -3.035763e-02 2.804847e-01 -3.924076e-03 9.999867e-01 3.344462e-03 -2.255045e-01 3.037069e-02 -3.223768e-03 9.995335e-01 1.241186e+01
9.995207e-01 4.060913e-03 -3.068993e-02 2.436038e-01 -3.967653e-03 9.999873e-01 3.099062e-03 -2.535235e-01 3.070213e-02 -2.975809e-03 9.995241e-01 1.378123e+01
9.995244e-01 3.879292e-03 -3.059285e-02 1.951969e-01 -3.801564e-03 9.999894e-01 2.598478e-03 -2.730355e-01 3.060260e-02 -2.480942e-03 9.995286e-01 1.515595e+01
9.995083e-01 4.351581e-03 -3.105092e-02 1.520642e-01 -4.270756e-03 9.999873e-01 2.668831e-03 -2.947626e-01 3.106214e-02 -2.534908e-03 9.995142e-01 1.653246e+01
9.995183e-01 3.255325e-03 -3.086434e-02 1.015022e-01 -3.179914e-03 9.999918e-01 2.492088e-03 -3.092178e-01 3.087220e-02 -2.392742e-03 9.995205e-01 1.790937e+01
9.995455e-01 3.128071e-03 -2.998201e-02 4.281685e-02 -3.043775e-03 9.999913e-01 2.856756e-03 -3.357356e-01 2.999069e-02 -2.764199e-03 9.995464e-01 1.928107e+01
9.995463e-01 4.167127e-03 -2.983161e-02 -1.045345e-02 -4.098167e-03 9.999888e-01 2.372402e-03 -3.571727e-01 2.984117e-02 -2.249071e-03 9.995521e-01 2.062037e+01
9.998977e-01 7.258170e-03 -1.232232e-02 -4.656399e-02 -7.281840e-03 9.999717e-01 -1.877157e-03 -3.577734e-01 1.230834e-02 1.966694e-03 9.999223e-01 2.200376e+01
9.998879e-01 7.880648e-03 -1.273097e-02 -7.977698e-02 -7.901953e-03 9.999675e-01 -1.624045e-03 -3.801118e-01 1.271776e-02 1.724463e-03 9.999176e-01 2.336928e+01
9.998770e-01 8.367696e-03 -1.326731e-02 -9.874967e-02 -8.392826e-03 9.999631e-01 -1.839586e-03 -4.078616e-01 1.325143e-02 1.950709e-03 9.999103e-01 2.474588e+01
9.998637e-01 8.490311e-03 -1.416052e-02 -1.157132e-01 -8.523314e-03 9.999611e-01 -2.271869e-03 -4.330691e-01 1.414068e-02 2.392254e-03 9.998972e-01 2.611117e+01
9.998541e-01 8.125169e-03 -1.502676e-02 -1.204961e-01 -8.140768e-03 9.999664e-01 -9.771625e-04 -4.558075e-01 1.501832e-02 1.099349e-03 9.998866e-01 2.753403e+01
9.998578e-01 7.466480e-03 -1.511898e-02 -1.470478e-01 -7.468334e-03 9.999721e-01 -6.618947e-05 -4.802374e-01 1.511806e-02 1.790937e-04 9.998857e-01 2.886534e+01
9.998608e-01 7.343138e-03 -1.498452e-02 -1.735593e-01 -7.354253e-03 9.999727e-01 -6.867893e-04 -5.037741e-01 1.497907e-02 7.968936e-04 9.998875e-01 3.020010e+01
9.998687e-01 7.267847e-03 -1.448298e-02 -1.996986e-01 -7.287146e-03 9.999726e-01 -1.280225e-03 -5.423718e-01 1.447328e-02 1.385597e-03 9.998943e-01 3.156371e+01
9.998644e-01 8.339544e-03 -1.420093e-02 -2.239995e-01 -8.363346e-03 9.999637e-01 -1.617516e-03 -5.728698e-01 1.418693e-02 1.736064e-03 9.998979e-01 3.291162e+01
9.998769e-01 7.835205e-03 -1.359755e-02 -2.586170e-01 -7.852606e-03 9.999684e-01 -1.226750e-03 -5.945128e-01 1.358750e-02 1.333375e-03 9.999068e-01 3.427547e+01
9.999312e-01 8.010997e-03 -8.568718e-03 -2.728512e-01 -8.019860e-03 9.999673e-01 -1.000474e-03 -6.166019e-01 8.560424e-03 1.069126e-03 9.999628e-01 3.560571e+01
9.999399e-01 7.121610e-03 -8.334683e-03 -2.848827e-01 -7.129835e-03 9.999741e-01 -9.575014e-04 -6.546977e-01 8.327648e-03 1.016869e-03 9.999648e-01 3.692769e+01
9.999496e-01 5.740915e-03 -8.241584e-03 -2.963265e-01 -5.746123e-03 9.999833e-01 -6.084232e-04 -6.930558e-01 8.237954e-03 6.557497e-04 9.999659e-01 3.828449e+01
9.999615e-01 4.856755e-03 -7.304653e-03 -3.383707e-01 -4.856901e-03 9.999882e-01 -2.241363e-06 -7.164224e-01 7.304556e-03 3.771925e-05 9.999733e-01 3.960784e+01
9.999649e-01 4.275779e-03 -7.198708e-03 -3.589544e-01 -4.266845e-03 9.999901e-01 1.255863e-03 -7.405230e-01 7.204006e-03 -1.225104e-03 9.999733e-01 4.092316e+01
9.999584e-01 4.753031e-03 -7.782599e-03 -3.888461e-01 -4.744722e-03 9.999882e-01 1.085827e-03 -7.655934e-01 7.787668e-03 -1.048856e-03 9.999691e-01 4.225921e+01
9.999473e-01 5.462691e-03 -8.689448e-03 -4.172530e-01 -5.454267e-03 9.999846e-01 9.928468e-04 -7.953881e-01 8.694739e-03 -9.453999e-04 9.999618e-01 4.361366e+01
9.999067e-01 8.964345e-03 -1.030998e-02 -4.269992e-01 -8.937257e-03 9.999565e-01 2.670424e-03 -8.241910e-01 1.033347e-02 -2.578032e-03 9.999433e-01 4.490309e+01
9.998991e-01 8.611028e-03 -1.129616e-02 -4.374589e-01 -8.545828e-03 9.999466e-01 5.807473e-03 -8.517848e-01 1.134556e-02 -5.710352e-03 9.999193e-01 4.622601e+01
9.998891e-01 9.257114e-03 -1.166369e-02 -4.724519e-01 -9.154052e-03 9.999189e-01 8.858744e-03 -8.649649e-01 1.174475e-02 -8.750992e-03 9.998927e-01 4.754466e+01
9.998526e-01 1.029954e-02 -1.373436e-02 -5.027415e-01 -1.018798e-02 9.999147e-01 8.168077e-03 -8.704580e-01 1.381732e-02 -8.026947e-03 9.998723e-01 4.880984e+01
9.998336e-01 9.974750e-03 -1.527393e-02 -5.275623e-01 -9.846075e-03 9.999156e-01 8.476661e-03 -8.856654e-01 1.535719e-02 -8.324862e-03 9.998474e-01 5.008416e+01
9.998360e-01 9.132837e-03 -1.563835e-02 -5.680517e-01 -9.037542e-03 9.999402e-01 6.153508e-03 -8.835249e-01 1.569361e-02 -6.011167e-03 9.998588e-01 5.137537e+01
9.998100e-01 9.641502e-03 -1.693937e-02 -5.944926e-01 -9.563884e-03 9.999434e-01 4.657167e-03 -9.029620e-01 1.698331e-02 -4.494276e-03 9.998457e-01 5.265664e+01
9.998128e-01 7.218222e-03 -1.795357e-02 -6.472468e-01 -7.146324e-03 9.999662e-01 4.065608e-03 -9.395132e-01 1.798231e-02 -3.936545e-03 9.998306e-01 5.391474e+01
9.997591e-01 9.518367e-03 -1.977601e-02 -6.550215e-01 -9.453890e-03 9.999497e-01 3.351279e-03 -9.506720e-01 1.980692e-02 -3.163511e-03 9.997988e-01 5.518171e+01
9.997278e-01 9.710578e-03 -2.121327e-02 -6.952962e-01 -9.660613e-03 9.999503e-01 2.456548e-03 -9.709085e-01 2.123607e-02 -2.250946e-03 9.997720e-01 5.641899e+01
9.997031e-01 1.047450e-02 -2.200126e-02 -7.255522e-01 -1.041610e-02 9.999419e-01 2.767203e-03 -9.875420e-01 2.202897e-02 -2.537214e-03 9.997541e-01 5.773026e+01
9.996715e-01 1.022723e-02 -2.350280e-02 -7.555098e-01 -1.016338e-02 9.999443e-01 2.834610e-03 -9.991726e-01 2.353048e-02 -2.594811e-03 9.997198e-01 5.898024e+01
9.996327e-01 1.104220e-02 -2.474939e-02 -7.808828e-01 -1.098312e-02 9.999365e-01 2.522025e-03 -1.015468e+00 2.477567e-02 -2.249273e-03 9.996905e-01 6.026031e+01
9.998026e-01 1.182234e-02 -1.596827e-02 -8.124305e-01 -1.176336e-02 9.999237e-01 3.782595e-03 -1.029986e+00 1.601177e-02 -3.594008e-03 9.998653e-01 6.148194e+01
9.998019e-01 1.154914e-02 -1.621082e-02 -8.511564e-01 -1.149654e-02 9.999284e-01 3.334295e-03 -1.045430e+00 1.624817e-02 -3.147266e-03 9.998630e-01 6.274608e+01
9.997853e-01 1.150349e-02 -1.723533e-02 -8.529289e-01 -1.147516e-02 9.999326e-01 1.741778e-03 -1.051547e+00 1.725421e-02 -1.543626e-03 9.998499e-01 6.404975e+01
9.997825e-01 1.089164e-02 -1.778677e-02 -8.841238e-01 -1.085848e-02 9.999391e-01 1.959679e-03 -1.075964e+00 1.780704e-02 -1.766115e-03 9.998399e-01 6.530286e+01
9.997588e-01 1.070779e-02 -1.917510e-02 -8.999150e-01 -1.064870e-02 9.999382e-01 3.181189e-03 -1.092802e+00 1.920798e-02 -2.976232e-03 9.998111e-01 6.656469e+01
9.997465e-01 1.042616e-02 -1.995738e-02 -9.378212e-01 -1.038006e-02 9.999432e-01 2.412346e-03 -1.128816e+00 1.998140e-02 -2.204576e-03 9.997979e-01 6.778793e+01
9.997242e-01 1.306875e-02 -1.951167e-02 -1.016946e+00 -1.304920e-02 9.999142e-01 1.128974e-03 -1.141038e+00 1.952475e-02 -8.740510e-04 9.998090e-01 6.896396e+01
9.996918e-01 1.553925e-02 -1.935884e-02 -1.066435e+00 -1.551751e-02 9.998788e-01 1.272717e-03 -1.161930e+00 1.937627e-02 -9.719241e-04 9.998118e-01 7.018672e+01
9.996490e-01 1.826593e-02 -1.919007e-02 -1.093661e+00 -1.824873e-02 9.998329e-01 1.071238e-03 -1.179424e+00 1.920643e-02 -7.206674e-04 9.998153e-01 7.144046e+01
9.996266e-01 2.055764e-02 -1.800099e-02 -1.132357e+00 -2.053825e-02 9.997883e-01 1.261804e-03 -1.194888e+00 1.802312e-02 -8.916238e-04 9.998372e-01 7.269101e+01
9.996891e-01 2.078594e-02 -1.376986e-02 -1.160293e+00 -2.077813e-02 9.997839e-01 7.098915e-04 -1.212264e+00 1.378164e-02 -4.235589e-04 9.999049e-01 7.393664e+01
9.996927e-01 2.159664e-02 -1.216808e-02 -1.179653e+00 -2.157150e-02 9.997649e-01 2.193502e-03 -1.237247e+00 1.221260e-02 -1.930344e-03 9.999236e-01 7.516208e+01
9.997722e-01 1.845394e-02 -1.072305e-02 -1.179939e+00 -1.845088e-02 9.998297e-01 3.841950e-04 -1.258811e+00 1.072831e-02 -1.862578e-04 9.999424e-01 7.641758e+01
9.998245e-01 1.650426e-02 -8.869817e-03 -1.188017e+00 -1.653864e-02 9.998559e-01 -3.816848e-03 -1.280114e+00 8.805545e-03 3.962873e-03 9.999534e-01 7.763706e+01
9.998032e-01 1.870922e-02 -6.604240e-03 -1.204686e+00 -1.872811e-02 9.998207e-01 -2.810818e-03 -1.304226e+00 6.550467e-03 2.933950e-03 9.999742e-01 7.880511e+01
9.998311e-01 1.808823e-02 -3.245984e-03 -1.221092e+00 -1.808491e-02 9.998359e-01 1.050728e-03 -1.332108e+00 3.264457e-03 -9.918468e-04 9.999942e-01 7.994553e+01
9.998060e-01 1.969318e-02 3.094195e-04 -1.234817e+00 -1.969363e-02 9.998049e-01 1.549350e-03 -1.352973e+00 -2.788475e-04 -1.555143e-03 9.999988e-01 8.106821e+01
9.997976e-01 1.962672e-02 4.418947e-03 -1.241175e+00 -1.961524e-02 9.998042e-01 -2.625192e-03 -1.369712e+00 -4.469606e-03 2.537982e-03 9.999868e-01 8.215643e+01
9.997811e-01 1.931900e-02 8.027759e-03 -1.247237e+00 -1.925632e-02 9.997840e-01 -7.813418e-03 -1.397523e+00 -8.176973e-03 7.657123e-03 9.999373e-01 8.324730e+01
9.997766e-01 1.790699e-02 1.123141e-02 -1.259518e+00 -1.775656e-02 9.997532e-01 -1.335340e-02 -1.441270e+00 -1.146776e-02 1.315098e-02 9.998478e-01 8.443912e+01
9.998594e-01 1.663004e-02 2.135788e-03 -1.228878e+00 -1.659318e-02 9.997303e-01 -1.624823e-02 -1.466333e+00 -2.405421e-03 1.621051e-02 9.998657e-01 8.550889e+01
9.998746e-01 1.529240e-02 4.104413e-03 -1.218398e+00 -1.523394e-02 9.997871e-01 -1.391375e-02 -1.494486e+00 -4.316314e-03 1.384948e-02 9.998948e-01 8.657535e+01
9.998561e-01 1.610619e-02 5.326221e-03 -1.234410e+00 -1.604177e-02 9.998002e-01 -1.192355e-02 -1.543264e+00 -5.517200e-03 1.183639e-02 9.999147e-01 8.774533e+01
9.998440e-01 1.632370e-02 6.738988e-03 -1.239549e+00 -1.623796e-02 9.997889e-01 -1.258728e-02 -1.587254e+00 -6.943037e-03 1.247589e-02 9.998981e-01 8.886130e+01
9.998460e-01 1.627189e-02 6.579631e-03 -1.155849e+00 -1.617250e-02 9.997584e-01 -1.488766e-02 -1.618097e+00 -6.820292e-03 1.477896e-02 9.998675e-01 9.003812e+01
9.998498e-01 1.627433e-02 5.963664e-03 -1.043698e+00 -1.618125e-02 9.997514e-01 -1.533676e-02 -1.634831e+00 -6.211778e-03 1.523796e-02 9.998646e-01 9.118612e+01
9.998471e-01 1.672550e-02 5.105233e-03 -9.152377e-01 -1.664977e-02 9.997558e-01 -1.453134e-02 -1.646043e+00 -5.347030e-03 1.444412e-02 9.998814e-01 9.235298e+01
9.998714e-01 1.553320e-02 3.989644e-03 -8.126421e-01 -1.547946e-02 9.997935e-01 -1.316574e-02 -1.657568e+00 -4.193327e-03 1.310229e-02 9.999054e-01 9.336541e+01
9.998879e-01 1.461011e-02 3.268890e-03 -7.964597e-01 -1.456918e-02 9.998193e-01 -1.221366e-02 -1.690313e+00 -3.446742e-03 1.216466e-02 9.999201e-01 9.445147e+01
9.999199e-01 1.254815e-02 1.663493e-03 -7.913750e-01 -1.252808e-02 9.998546e-01 -1.156845e-02 -1.715149e+00 -1.808413e-03 1.154668e-02 9.999317e-01 9.552427e+01
9.998533e-01 1.096707e-02 1.315722e-02 -7.864232e-01 -1.082142e-02 9.998799e-01 -1.109032e-02 -1.739554e+00 -1.327727e-02 1.094631e-02 9.998519e-01 9.666696e+01
9.999238e-01 8.864394e-03 8.589024e-03 -6.713993e-01 -8.747346e-03 9.998697e-01 -1.357066e-02 -1.753709e+00 -8.708200e-03 1.349450e-02 9.998710e-01 9.759220e+01
9.999499e-01 8.761927e-03 4.841842e-03 -6.697996e-01 -8.679295e-03 9.998207e-01 -1.683154e-02 -1.800063e+00 -4.988450e-03 1.678868e-02 9.998466e-01 9.867348e+01
9.999528e-01 9.706209e-03 4.374440e-04 -6.486790e-01 -9.695303e-03 9.997460e-01 -2.034324e-02 -1.829972e+00 -6.347886e-04 2.033804e-02 9.997930e-01 9.974837e+01
9.999310e-01 1.095364e-02 -4.244016e-03 -6.482389e-01 -1.104202e-02 9.997102e-01 -2.139276e-02 -1.869186e+00 4.008458e-03 2.143815e-02 9.997621e-01 1.008312e+02
9.998893e-01 1.123352e-02 -9.751994e-03 -6.499325e-01 -1.142975e-02 9.997285e-01 -2.030591e-02 -1.905874e+00 9.521240e-03 2.041512e-02 9.997463e-01 1.019464e+02
9.997982e-01 1.199754e-02 -1.611163e-02 -6.737541e-01 -1.229360e-02 9.997550e-01 -1.840433e-02 -1.945328e+00 1.588688e-02 1.859869e-02 9.997008e-01 1.030345e+02
9.996646e-01 1.175672e-02 -2.307569e-02 -7.042873e-01 -1.217202e-02 9.997650e-01 -1.794035e-02 -1.972729e+00 2.285935e-02 1.821521e-02 9.995727e-01 1.041194e+02
9.994557e-01 1.258011e-02 -3.049741e-02 -7.281453e-01 -1.312173e-02 9.997586e-01 -1.762479e-02 -1.992432e+00 3.026832e-02 1.801538e-02 9.993794e-01 1.051682e+02
9.992234e-01 1.400249e-02 -3.683157e-02 -7.751504e-01 -1.462265e-02 9.997549e-01 -1.662263e-02 -2.022615e+00 3.658979e-02 1.714829e-02 9.991832e-01 1.062489e+02
9.907720e-01 1.966946e-02 -1.341040e-01 -8.096846e-01 -2.173533e-02 9.996663e-01 -1.395824e-02 -2.056254e+00 1.337847e-01 1.674422e-02 9.908690e-01 1.075751e+02
9.904982e-01 2.378161e-02 -1.354540e-01 -9.580611e-01 -2.596183e-02 9.995599e-01 -1.435178e-02 -2.084766e+00 1.350531e-01 1.773204e-02 9.906797e-01 1.086860e+02
9.906187e-01 2.828612e-02 -1.336953e-01 -1.116088e+00 -3.063323e-02 9.994100e-01 -1.553099e-02 -2.115147e+00 1.331771e-01 1.948081e-02 9.909008e-01 1.098060e+02
9.910212e-01 3.206285e-02 -1.298035e-01 -1.254244e+00 -3.448270e-02 9.992701e-01 -1.643748e-02 -2.141945e+00 1.291817e-01 2.076587e-02 9.914035e-01 1.109307e+02
9.916828e-01 3.467109e-02 -1.239479e-01 -1.422913e+00 -3.700405e-02 9.991777e-01 -1.656908e-02 -2.154166e+00 1.232716e-01 2.101785e-02 9.921504e-01 1.120795e+02
9.924310e-01 3.677239e-02 -1.171688e-01 -1.572357e+00 -3.887283e-02 9.991210e-01 -1.569132e-02 -2.188205e+00 1.164888e-01 2.012723e-02 9.929880e-01 1.132551e+02
9.932751e-01 3.765672e-02 -1.094828e-01 -1.696111e+00 -3.960539e-02 9.990924e-01 -1.567827e-02 -2.218676e+00 1.087930e-01 1.990894e-02 9.938650e-01 1.144483e+02
9.941975e-01 3.906450e-02 -1.002265e-01 -1.810857e+00 -4.096403e-02 9.990166e-01 -1.696408e-02 -2.249420e+00 9.946522e-02 2.097133e-02 9.948200e-01 1.155923e+02
9.951185e-01 3.960527e-02 -9.039151e-02 -1.932059e+00 -4.141962e-02 9.989745e-01 -1.828461e-02 -2.290782e+00 8.957465e-02 2.193934e-02 9.957384e-01 1.167839e+02
9.959412e-01 3.928948e-02 -8.097842e-02 -2.041083e+00 -4.094499e-02 9.989829e-01 -1.888501e-02 -2.328319e+00 8.015408e-02 2.212402e-02 9.965369e-01 1.179828e+02
9.976002e-01 3.877337e-02 -5.736296e-02 -2.113088e+00 -3.953806e-02 9.991429e-01 -1.225604e-02 -2.356867e+00 5.683858e-02 1.449465e-02 9.982782e-01 1.187780e+02
9.981777e-01 3.704622e-02 -4.763287e-02 -2.197811e+00 -3.771365e-02 9.992015e-01 -1.319012e-02 -2.392021e+00 4.710619e-02 1.496249e-02 9.987778e-01 1.199697e+02
9.985734e-01 3.581841e-02 -3.959997e-02 -2.243925e+00 -3.636524e-02 9.992517e-01 -1.317546e-02 -2.409746e+00 3.909841e-02 1.459673e-02 9.991287e-01 1.211738e+02
9.988243e-01 3.567326e-02 -3.282305e-02 -2.280675e+00 -3.610650e-02 9.992672e-01 -1.270252e-02 -2.434351e+00 3.234585e-02 1.387272e-02 9.993805e-01 1.223786e+02
9.989807e-01 3.605846e-02 -2.715531e-02 -2.308184e+00 -3.641017e-02 9.992579e-01 -1.257049e-02 -2.455297e+00 2.668189e-02 1.354640e-02 9.995522e-01 1.235759e+02
9.990533e-01 3.755083e-02 -2.196364e-02 -2.343095e+00 -3.783202e-02 9.992056e-01 -1.253022e-02 -2.466529e+00 2.147567e-02 1.334929e-02 9.996802e-01 1.248257e+02
9.990184e-01 4.073694e-02 -1.739796e-02 -2.368828e+00 -4.095075e-02 9.990877e-01 -1.211483e-02 -2.493757e+00 1.688857e-02 1.281540e-02 9.997752e-01 1.260515e+02
9.989629e-01 4.347043e-02 -1.354655e-02 -2.403952e+00 -4.363379e-02 9.989754e-01 -1.200596e-02 -2.521881e+00 1.301077e-02 1.258459e-02 9.998362e-01 1.272676e+02
9.990021e-01 4.335333e-02 -1.073461e-02 -2.422633e+00 -4.347006e-02 9.989954e-01 -1.089067e-02 -2.544091e+00 1.025168e-02 1.134643e-02 9.998831e-01 1.285101e+02
9.990229e-01 4.321870e-02 -9.239861e-03 -2.445977e+00 -4.332233e-02 9.989969e-01 -1.132616e-02 -2.577327e+00 8.741091e-03 1.171539e-02 9.998932e-01 1.297817e+02
9.964254e-01 4.085998e-02 7.393853e-02 -2.477995e+00 -3.963561e-02 9.990529e-01 -1.795205e-02 -2.601981e+00 -7.460203e-02 1.495728e-02 9.971012e-01 1.309252e+02
9.966833e-01 3.643468e-02 7.276627e-02 -2.389764e+00 -3.517045e-02 9.992086e-01 -1.858058e-02 -2.631090e+00 -7.338566e-02 1.595973e-02 9.971759e-01 1.321904e+02
9.969764e-01 3.208364e-02 7.077148e-02 -2.317280e+00 -3.105790e-02 9.993967e-01 -1.554701e-02 -2.674187e+00 -7.122759e-02 1.330199e-02 9.973714e-01 1.335212e+02
9.973100e-01 2.759793e-02 6.790479e-02 -2.243395e+00 -2.672708e-02 9.995489e-01 -1.370000e-02 -2.707327e+00 -6.825225e-02 1.184825e-02 9.975977e-01 1.348211e+02
9.977259e-01 2.315002e-02 6.330107e-02 -2.163435e+00 -2.248777e-02 9.996849e-01 -1.115453e-02 -2.738753e+00 -6.353935e-02 9.705662e-03 9.979321e-01 1.361205e+02
9.981817e-01 1.877573e-02 5.727803e-02 -2.095881e+00 -1.817589e-02 9.997746e-01 -1.097553e-02 -2.773484e+00 -5.747120e-02 9.914493e-03 9.982979e-01 1.374440e+02
9.985665e-01 1.542582e-02 5.125464e-02 -2.038987e+00 -1.482805e-02 9.998178e-01 -1.202259e-02 -2.806846e+00 -5.143076e-02 1.124535e-02 9.986132e-01 1.387705e+02
9.989203e-01 1.310890e-02 4.456933e-02 -1.977689e+00 -1.259151e-02 9.998503e-01 -1.186964e-02 -2.838630e+00 -4.471825e-02 1.129563e-02 9.989358e-01 1.401009e+02
9.992147e-01 1.139245e-02 3.794939e-02 -1.931784e+00 -1.096052e-02 9.998730e-01 -1.157027e-02 -2.873984e+00 -3.807638e-02 1.114524e-02 9.992127e-01 1.414165e+02
9.994012e-01 1.215946e-02 3.239448e-02 -1.891951e+00 -1.183881e-02 9.998792e-01 -1.007167e-02 -2.894989e+00 -3.251303e-02 9.682129e-03 9.994244e-01 1.427718e+02
9.991736e-01 1.406573e-02 3.813536e-02 -1.851214e+00 -1.361769e-02 9.998355e-01 -1.198308e-02 -2.922801e+00 -3.829763e-02 1.145386e-02 9.992007e-01 1.440837e+02
9.993463e-01 1.516729e-02 3.281710e-02 -1.813183e+00 -1.476409e-02 9.998129e-01 -1.249378e-02 -2.960105e+00 -3.300046e-02 1.200110e-02 9.993833e-01 1.454533e+02
9.994943e-01 1.570237e-02 2.765277e-02 -1.788949e+00 -1.527845e-02 9.997635e-01 -1.547533e-02 -2.997309e+00 -2.788923e-02 1.504501e-02 9.994978e-01 1.468399e+02
9.995942e-01 1.726905e-02 2.265454e-02 -1.764164e+00 -1.686924e-02 9.997006e-01 -1.772235e-02 -3.033495e+00 -2.295380e-02 1.733299e-02 9.995863e-01 1.482196e+02
9.996708e-01 1.765082e-02 1.862122e-02 -1.740516e+00 -1.723312e-02 9.996015e-01 -2.235798e-02 -3.070181e+00 -1.900843e-02 2.202972e-02 9.995766e-01 1.496162e+02
9.996813e-01 1.883713e-02 1.680625e-02 -1.738408e+00 -1.839356e-02 9.994883e-01 -2.616863e-02 -3.119357e+00 -1.729060e-02 2.585117e-02 9.995163e-01 1.510283e+02
9.996841e-01 1.991868e-02 1.533016e-02 -1.735239e+00 -1.950612e-02 9.994557e-01 -2.660601e-02 -3.174747e+00 -1.585178e-02 2.629858e-02 9.995284e-01 1.524690e+02
9.996892e-01 2.075091e-02 1.382027e-02 -1.740037e+00 -2.038172e-02 9.994453e-01 -2.633885e-02 -3.241894e+00 -1.435916e-02 2.604898e-02 9.995575e-01 1.539443e+02
9.996781e-01 2.196748e-02 1.269460e-02 -1.750411e+00 -2.165130e-02 9.994646e-01 -2.452921e-02 -3.309221e+00 -1.322665e-02 2.424645e-02 9.996185e-01 1.554227e+02
9.996785e-01 2.279430e-02 1.110585e-02 -1.732520e+00 -2.253066e-02 9.994743e-01 -2.331197e-02 -3.360097e+00 -1.163139e-02 2.305425e-02 9.996666e-01 1.568505e+02
9.995721e-01 2.375452e-02 1.706940e-02 -1.714718e+00 -2.331239e-02 9.993991e-01 -2.565053e-02 -3.426389e+00 -1.766846e-02 2.524163e-02 9.995252e-01 1.582772e+02
9.996036e-01 2.374191e-02 1.512888e-02 -1.705435e+00 -2.336386e-02 9.994220e-01 -2.469418e-02 -3.484604e+00 -1.570642e-02 2.433092e-02 9.995806e-01 1.597007e+02
9.996275e-01 2.394189e-02 1.310204e-02 -1.687138e+00 -2.364735e-02 9.994740e-01 -2.219113e-02 -3.543716e+00 -1.362644e-02 2.187303e-02 9.996679e-01 1.611719e+02
9.996270e-01 2.484144e-02 1.134336e-02 -1.680883e+00 -2.459492e-02 9.994689e-01 -2.137788e-02 -3.601798e+00 -1.186839e-02 2.109092e-02 9.997071e-01 1.626294e+02
9.996306e-01 2.539600e-02 9.684891e-03 -1.681693e+00 -2.517632e-02 9.994372e-01 -2.216736e-02 -3.655854e+00 -1.024240e-02 2.191534e-02 9.997074e-01 1.640909e+02
9.996123e-01 2.648738e-02 8.577760e-03 -1.689872e+00 -2.628270e-02 9.993864e-01 -2.315460e-02 -3.715171e+00 -9.185801e-03 2.292017e-02 9.996951e-01 1.655461e+02
9.995936e-01 2.738368e-02 7.918703e-03 -1.686315e+00 -2.718436e-02 9.993358e-01 -2.426875e-02 -3.770640e+00 -8.578011e-03 2.404362e-02 9.996741e-01 1.669990e+02
9.995703e-01 2.829984e-02 7.633806e-03 -1.689355e+00 -2.809677e-02 9.992796e-01 -2.551215e-02 -3.838142e+00 -8.350296e-03 2.528670e-02 9.996454e-01 1.684568e+02
9.995445e-01 2.907541e-02 8.089887e-03 -1.693937e+00 -2.885794e-02 9.992502e-01 -2.581199e-02 -3.899006e+00 -8.834316e-03 2.556678e-02 9.996341e-01 1.699132e+02
9.995206e-01 2.987727e-02 8.121244e-03 -1.682227e+00 -2.967463e-02 9.992709e-01 -2.402126e-02 -3.954875e+00 -8.833012e-03 2.376875e-02 9.996785e-01 1.713675e+02
9.994585e-01 3.054832e-02 1.222813e-02 -1.672139e+00 -3.021246e-02 9.991850e-01 -2.676800e-02 -4.013338e+00 -1.303589e-02 2.638406e-02 9.995669e-01 1.728137e+02
9.994397e-01 3.090625e-02 1.285039e-02 -1.666712e+00 -3.055870e-02 9.991839e-01 -2.641572e-02 -4.073751e+00 -1.365631e-02 2.600823e-02 9.995684e-01 1.742718e+02
9.993969e-01 3.187583e-02 1.377600e-02 -1.662072e+00 -3.150445e-02 9.991553e-01 -2.638332e-02 -4.138631e+00 -1.460535e-02 2.593341e-02 9.995570e-01 1.757135e+02
9.993475e-01 3.307555e-02 1.451485e-02 -1.647081e+00 -3.266490e-02 9.990833e-01 -2.767058e-02 -4.201692e+00 -1.541676e-02 2.717840e-02 9.995117e-01 1.771582e+02
9.993004e-01 3.380381e-02 1.599961e-02 -1.642146e+00 -3.334967e-02 9.990557e-01 -2.784774e-02 -4.270344e+00 -1.692586e-02 2.729468e-02 9.994841e-01 1.786139e+02
9.992857e-01 3.354301e-02 1.740605e-02 -1.626170e+00 -3.303334e-02 9.990396e-01 -2.878618e-02 -4.336109e+00 -1.835491e-02 2.819063e-02 9.994340e-01 1.800578e+02
9.992905e-01 3.257981e-02 1.889781e-02 -1.613149e+00 -3.198754e-02 9.990124e-01 -3.083874e-02 -4.398159e+00 -1.988387e-02 3.021236e-02 9.993457e-01 1.814778e+02
9.993615e-01 2.955477e-02 2.007934e-02 -1.583665e+00 -2.891989e-02 9.990945e-01 -3.120567e-02 -4.461345e+00 -2.098344e-02 3.060505e-02 9.993113e-01 1.828563e+02
9.993643e-01 2.842834e-02 2.151335e-02 -1.563234e+00 -2.782300e-02 9.992225e-01 -2.793248e-02 -4.532920e+00 -2.229069e-02 2.731616e-02 9.993783e-01 1.842816e+02
9.993133e-01 2.860712e-02 2.355068e-02 -1.541858e+00 -2.805667e-02 9.993329e-01 -2.338091e-02 -4.590412e+00 -2.420383e-02 2.270410e-02 9.994492e-01 1.856957e+02
9.989959e-01 3.054418e-02 3.277648e-02 -1.487981e+00 -2.960884e-02 9.991508e-01 -2.865249e-02 -4.640125e+00 -3.362381e-02 2.765324e-02 9.990519e-01 1.871607e+02
9.989126e-01 3.188974e-02 3.401024e-02 -1.448320e+00 -3.081489e-02 9.990232e-01 -3.167278e-02 -4.710365e+00 -3.498705e-02 3.059032e-02 9.989195e-01 1.885754e+02
9.988217e-01 3.302068e-02 3.556504e-02 -1.430104e+00 -3.185047e-02 9.989483e-01 -3.298215e-02 -4.775395e+00 -3.661673e-02 3.181053e-02 9.988230e-01 1.899368e+02
9.987932e-01 3.260037e-02 3.673300e-02 -1.384678e+00 -3.140203e-02 9.989704e-01 -3.274106e-02 -4.846010e+00 -3.776255e-02 3.154805e-02 9.987886e-01 1.913210e+02
9.987955e-01 3.163302e-02 3.750814e-02 -1.346715e+00 -3.049108e-02 9.990654e-01 -3.063600e-02 -4.923402e+00 -3.844220e-02 2.945543e-02 9.988266e-01 1.927357e+02
9.988041e-01 3.037592e-02 3.831136e-02 -1.306092e+00 -2.926742e-02 9.991459e-01 -2.917055e-02 -4.988707e+00 -3.916471e-02 2.801439e-02 9.988400e-01 1.941451e+02
9.987921e-01 2.964607e-02 3.918467e-02 -1.270319e+00 -2.849302e-02 9.991537e-01 -2.966416e-02 -5.058538e+00 -4.003094e-02 2.851183e-02 9.987916e-01 1.955420e+02
9.988273e-01 2.856870e-02 3.908883e-02 -1.224515e+00 -2.734367e-02 9.991289e-01 -3.152328e-02 -5.122921e+00 -3.995536e-02 3.041748e-02 9.987384e-01 1.969076e+02
9.988213e-01 2.890842e-02 3.899057e-02 -1.191339e+00 -2.764273e-02 9.990855e-01 -3.261897e-02 -5.205482e+00 -3.989788e-02 3.150272e-02 9.987070e-01 1.983314e+02
9.988265e-01 2.892188e-02 3.884659e-02 -1.146350e+00 -2.764331e-02 9.990711e-01 -3.305697e-02 -5.286640e+00 -3.976658e-02 3.194433e-02 9.986982e-01 1.997148e+02
9.985495e-01 3.070469e-02 4.422765e-02 -1.061720e+00 -2.908111e-02 9.988958e-01 -3.689699e-02 -5.348552e+00 -4.531172e-02 3.555728e-02 9.983399e-01 2.011975e+02
9.985510e-01 3.087881e-02 4.407251e-02 -1.010617e+00 -2.929911e-02 9.989204e-01 -3.604997e-02 -5.426357e+00 -4.513811e-02 3.470645e-02 9.983777e-01 2.026192e+02
9.985344e-01 3.191947e-02 4.370676e-02 -9.539596e-01 -3.034688e-02 9.988843e-01 -3.618312e-02 -5.491678e+00 -4.481294e-02 3.480372e-02 9.983890e-01 2.039767e+02
9.985608e-01 3.230332e-02 4.281135e-02 -8.811091e-01 -3.078810e-02 9.988920e-01 -3.559186e-02 -5.565539e+00 -4.391365e-02 3.422256e-02 9.984490e-01 2.053242e+02
9.985343e-01 3.318839e-02 4.275336e-02 -8.253440e-01 -3.165228e-02 9.988461e-01 -3.611882e-02 -5.639189e+00 -4.390275e-02 3.471264e-02 9.984326e-01 2.067005e+02
9.985292e-01 3.389017e-02 4.231952e-02 -7.731113e-01 -3.234467e-02 9.988033e-01 -3.668556e-02 -5.704396e+00 -4.351215e-02 3.526279e-02 9.984304e-01 2.080260e+02
9.985698e-01 3.356324e-02 4.161664e-02 -7.133453e-01 -3.200620e-02 9.987827e-01 -3.753212e-02 -5.774922e+00 -4.282568e-02 3.614645e-02 9.984285e-01 2.093845e+02
9.986096e-01 3.358083e-02 4.063496e-02 -6.049213e-01 -3.200283e-02 9.987313e-01 -3.888007e-02 -5.836304e+00 -4.188903e-02 3.752558e-02 9.984173e-01 2.108331e+02
9.986005e-01 3.393775e-02 4.056157e-02 -5.527912e-01 -3.237843e-02 9.987339e-01 -3.850089e-02 -5.906412e+00 -4.181685e-02 3.713369e-02 9.984350e-01 2.121892e+02
9.986169e-01 3.454716e-02 3.963224e-02 -4.727949e-01 -3.302817e-02 9.987179e-01 -3.836200e-02 -5.978416e+00 -4.090673e-02 3.699996e-02 9.984777e-01 2.135742e+02
9.985795e-01 3.369947e-02 4.127210e-02 -4.264200e-01 -3.279482e-02 9.992110e-01 -2.240372e-02 -6.040462e+00 -4.199453e-02 2.101838e-02 9.988967e-01 2.147691e+02
9.985975e-01 3.409234e-02 4.050532e-02 -3.767217e-01 -3.319949e-02 9.991951e-01 -2.251481e-02 -6.088348e+00 -4.124030e-02 2.113847e-02 9.989256e-01 2.160835e+02
9.987173e-01 3.297591e-02 3.842451e-02 -3.171623e-01 -3.217072e-02 9.992535e-01 -2.138862e-02 -6.137465e+00 -3.910114e-02 2.012504e-02 9.990326e-01 2.173550e+02
9.987689e-01 3.321376e-02 3.684478e-02 -2.697365e-01 -3.250951e-02 9.992802e-01 -1.955130e-02 -6.183958e+00 -3.746763e-02 1.832943e-02 9.991297e-01 2.186661e+02
9.988761e-01 3.238797e-02 3.460562e-02 -2.056545e-01 -3.178788e-02 9.993370e-01 -1.775273e-02 -6.232015e+00 -3.515765e-02 1.663274e-02 9.992434e-01 2.199655e+02
9.989179e-01 3.348954e-02 3.227073e-02 -1.465113e-01 -3.300067e-02 9.993341e-01 -1.556446e-02 -6.277703e+00 -3.277049e-02 1.448266e-02 9.993580e-01 2.212375e+02
9.989383e-01 3.462279e-02 3.038831e-02 -1.062351e-01 -3.413525e-02 9.992824e-01 -1.641844e-02 -6.316923e+00 -3.093496e-02 1.536370e-02 9.994033e-01 2.224892e+02
9.989974e-01 3.496685e-02 2.795481e-02 -5.969678e-02 -3.449412e-02 9.992566e-01 -1.721762e-02 -6.359090e+00 -2.853607e-02 1.623608e-02 9.994609e-01 2.236957e+02
9.990507e-01 3.561589e-02 2.508339e-02 -2.751318e-02 -3.520274e-02 9.992402e-01 -1.672446e-02 -6.406427e+00 -2.565998e-02 1.582558e-02 9.995455e-01 2.248582e+02
9.991447e-01 3.596029e-02 2.041370e-02 4.256938e-03 -3.560763e-02 9.992146e-01 -1.738423e-02 -6.445656e+00 -2.102281e-02 1.664248e-02 9.996405e-01 2.259901e+02
9.988932e-01 3.666961e-02 2.945847e-02 3.407648e-02 -3.608751e-02 9.991474e-01 -2.005453e-02 -6.489087e+00 -3.016874e-02 1.896925e-02 9.993648e-01 2.271475e+02
9.989497e-01 3.848063e-02 2.487436e-02 6.569405e-02 -3.797370e-02 9.990676e-01 -2.054051e-02 -6.529273e+00 -2.564158e-02 1.957437e-02 9.994795e-01 2.282159e+02
9.989767e-01 3.998158e-02 2.114219e-02 1.118748e-01 -3.954117e-02 9.990003e-01 -2.085442e-02 -6.572099e+00 -2.195484e-02 1.999710e-02 9.995590e-01 2.292982e+02
9.988446e-01 4.386792e-02 1.962238e-02 1.018916e-01 -4.346499e-02 9.988444e-01 -2.051040e-02 -6.610799e+00 -2.049945e-02 1.963382e-02 9.995971e-01 2.302914e+02
9.988070e-01 4.514641e-02 1.861124e-02 1.159318e-01 -4.479329e-02 9.988161e-01 -1.897286e-02 -6.647701e+00 -1.944576e-02 1.811657e-02 9.996468e-01 2.312816e+02
9.988268e-01 4.558337e-02 1.634289e-02 1.409148e-01 -4.529480e-02 9.988184e-01 -1.761283e-02 -6.685423e+00 -1.712643e-02 1.685192e-02 9.997113e-01 2.322233e+02
9.988686e-01 4.517078e-02 1.486841e-02 1.462564e-01 -4.491142e-02 9.988405e-01 -1.733904e-02 -6.726121e+00 -1.563439e-02 1.665166e-02 9.997391e-01 2.331326e+02
9.988750e-01 4.573904e-02 1.251379e-02 1.551045e-01 -4.551622e-02 9.988095e-01 -1.754591e-02 -6.761135e+00 -1.330142e-02 1.695660e-02 9.997677e-01 2.340060e+02
9.989125e-01 4.542581e-02 1.049864e-02 1.504977e-01 -4.523073e-02 9.988121e-01 -1.812610e-02 -6.796995e+00 -1.130956e-02 1.763153e-02 9.997806e-01 2.348362e+02
9.988280e-01 4.771785e-02 8.107263e-03 1.715036e-01 -4.754762e-02 9.986681e-01 -2.003242e-02 -6.826157e+00 -9.052368e-03 1.962346e-02 9.997665e-01 2.356716e+02
9.985896e-01 4.953055e-02 1.911828e-02 1.752536e-01 -4.897838e-02 9.983976e-01 -2.834394e-02 -6.864716e+00 -2.049153e-02 2.736758e-02 9.994154e-01 2.364884e+02
9.984575e-01 5.171988e-02 2.019205e-02 1.787919e-01 -5.104284e-02 9.981604e-01 -3.271748e-02 -6.897882e+00 -2.184704e-02 3.163636e-02 9.992607e-01 2.372698e+02
9.982409e-01 5.433369e-02 2.372806e-02 1.918407e-01 -5.345010e-02 9.979066e-01 -3.640738e-02 -6.930896e+00 -2.565653e-02 3.507506e-02 9.990553e-01 2.380677e+02
9.981153e-01 5.450820e-02 2.819043e-02 2.126951e-01 -5.341825e-02 9.978462e-01 -3.807071e-02 -6.965705e+00 -3.020488e-02 3.649308e-02 9.988773e-01 2.388522e+02
9.980614e-01 5.320590e-02 3.228768e-02 2.408266e-01 -5.197121e-02 9.979274e-01 -3.794526e-02 -7.004801e+00 -3.423967e-02 3.619367e-02 9.987581e-01 2.396669e+02
9.979842e-01 5.193086e-02 3.647981e-02 2.652038e-01 -5.058198e-02 9.980353e-01 -3.697436e-02 -7.044395e+00 -3.832824e-02 3.505460e-02 9.986501e-01 2.404569e+02
9.978690e-01 5.125232e-02 4.038030e-02 3.076874e-01 -4.978767e-02 9.980934e-01 -3.647872e-02 -7.087293e+00 -4.217294e-02 3.439055e-02 9.985183e-01 2.412478e+02
9.976777e-01 5.130942e-02 4.479363e-02 3.462743e-01 -4.969525e-02 9.980996e-01 -3.643530e-02 -7.131790e+00 -4.657798e-02 3.412466e-02 9.983316e-01 2.420424e+02
9.974506e-01 5.191454e-02 4.896168e-02 3.885662e-01 -5.010951e-02 9.980432e-01 -3.740067e-02 -7.170968e+00 -5.080751e-02 3.485188e-02 9.981002e-01 2.428322e+02
9.972316e-01 5.230390e-02 5.285252e-02 4.400070e-01 -5.034782e-02 9.980204e-01 -3.768827e-02 -7.213969e+00 -5.471914e-02 3.492293e-02 9.978909e-01 2.436255e+02
9.966206e-01 5.373491e-02 6.212881e-02 4.872749e-01 -5.133456e-02 9.978958e-01 -3.960735e-02 -7.251150e+00 -6.412638e-02 3.628414e-02 9.972819e-01 2.443770e+02
9.964406e-01 5.258114e-02 6.588966e-02 5.335268e-01 -5.011958e-02 9.980020e-01 -3.847179e-02 -7.301034e+00 -6.778090e-02 3.503249e-02 9.970850e-01 2.451360e+02
9.963006e-01 5.230288e-02 6.818758e-02 5.907581e-01 -4.982682e-02 9.980528e-01 -3.752220e-02 -7.345525e+00 -7.001732e-02 3.398582e-02 9.969667e-01 2.458937e+02
9.962197e-01 5.220699e-02 6.943196e-02 6.398631e-01 -4.970246e-02 9.980664e-01 -3.732397e-02 -7.385489e+00 -7.124628e-02 3.373193e-02 9.968882e-01 2.466252e+02
9.962148e-01 5.165921e-02 6.991053e-02 6.885497e-01 -4.906006e-02 9.980574e-01 -3.839903e-02 -7.429730e+00 -7.175838e-02 3.482386e-02 9.968139e-01 2.473591e+02
9.961959e-01 5.195222e-02 6.996165e-02 7.382748e-01 -4.919428e-02 9.979644e-01 -4.058397e-02 -7.474677e+00 -7.192766e-02 3.698787e-02 9.967238e-01 2.480945e+02
9.961673e-01 5.243943e-02 7.000597e-02 7.844096e-01 -4.942755e-02 9.978043e-01 -4.408454e-02 -7.517768e+00 -7.216403e-02 4.045536e-02 9.965720e-01 2.488286e+02
9.961275e-01 5.332058e-02 6.990669e-02 8.304404e-01 -5.015577e-02 9.976689e-01 -4.627238e-02 -7.558245e+00 -7.221100e-02 4.258697e-02 9.964798e-01 2.495687e+02
9.960062e-01 5.561798e-02 6.984469e-02 8.698775e-01 -5.237601e-02 9.975008e-01 -4.742174e-02 -7.594530e+00 -7.230764e-02 4.357416e-02 9.964301e-01 2.503056e+02
9.961090e-01 5.565539e-02 6.833270e-02 9.509962e-01 -5.249745e-02 9.975063e-01 -4.717242e-02 -7.647610e+00 -7.078770e-02 4.340158e-02 9.965467e-01 2.510904e+02
9.954015e-01 5.619666e-02 7.757464e-02 9.869722e-01 -5.230167e-02 9.973097e-01 -5.136099e-02 -7.672975e+00 -8.025225e-02 4.706753e-02 9.956627e-01 2.518478e+02
9.953169e-01 5.689452e-02 7.814848e-02 1.000081e+00 -5.288621e-02 9.972228e-01 -5.243822e-02 -7.721237e+00 -8.091489e-02 4.805967e-02 9.955617e-01 2.525620e+02
9.953532e-01 5.544809e-02 7.872439e-02 1.035294e+00 -5.115541e-02 9.971453e-01 -5.553685e-02 -7.767640e+00 -8.157906e-02 5.125160e-02 9.953482e-01 2.533060e+02
9.955154e-01 5.158869e-02 7.929453e-02 1.112179e+00 -4.719660e-02 9.972977e-01 -5.630065e-02 -7.851710e+00 -8.198473e-02 5.230573e-02 9.952601e-01 2.540815e+02
9.955287e-01 5.132375e-02 7.929951e-02 1.232317e+00 -4.715351e-02 9.974488e-01 -5.359606e-02 -7.935095e+00 -8.184795e-02 4.961717e-02 9.954090e-01 2.549341e+02
9.952287e-01 5.541935e-02 8.030221e-02 1.292772e+00 -5.172171e-02 9.975351e-01 -4.741848e-02 -7.980708e+00 -8.273218e-02 4.303887e-02 9.956420e-01 2.557266e+02
9.951889e-01 5.391514e-02 8.180590e-02 1.354442e+00 -5.052602e-02 9.977988e-01 -4.294951e-02 -8.035828e+00 -8.394146e-02 3.860955e-02 9.957224e-01 2.565248e+02
9.951977e-01 5.229316e-02 8.274697e-02 1.441524e+00 -4.881815e-02 9.978610e-01 -4.347714e-02 -8.087433e+00 -8.484353e-02 3.922879e-02 9.956218e-01 2.573268e+02
9.948463e-01 5.366384e-02 8.602918e-02 1.495880e+00 -4.948587e-02 9.975233e-01 -4.998418e-02 -8.129365e+00 -8.849845e-02 4.546935e-02 9.950380e-01 2.581185e+02
9.945850e-01 5.497687e-02 8.819447e-02 1.557856e+00 -5.025788e-02 9.972282e-01 -5.486455e-02 -8.179016e+00 -9.096629e-02 5.013499e-02 9.945912e-01 2.589114e+02
9.935138e-01 5.709481e-02 9.833841e-02 1.609273e+00 -5.175913e-02 9.970893e-01 -5.598229e-02 -8.230224e+00 -1.012485e-01 5.052927e-02 9.935771e-01 2.596715e+02
9.932587e-01 5.695262e-02 1.009627e-01 1.677102e+00 -5.165304e-02 9.971850e-01 -5.435146e-02 -8.282985e+00 -1.037739e-01 4.877003e-02 9.934045e-01 2.604764e+02
9.932063e-01 5.368094e-02 1.032458e-01 1.734560e+00 -4.847596e-02 9.974552e-01 -5.228011e-02 -8.340003e+00 -1.057895e-01 4.691999e-02 9.932810e-01 2.612564e+02
9.932220e-01 5.085475e-02 1.045170e-01 1.843236e+00 -4.567506e-02 9.976347e-01 -5.136950e-02 -8.392226e+00 -1.068821e-01 4.624751e-02 9.931955e-01 2.621017e+02
9.930392e-01 4.976047e-02 1.067569e-01 1.900428e+00 -4.439413e-02 9.976562e-01 -5.206905e-02 -8.453174e+00 -1.090977e-01 4.696723e-02 9.929208e-01 2.628914e+02
9.927261e-01 5.213334e-02 1.085221e-01 1.978912e+00 -4.635564e-02 9.974042e-01 -5.509989e-02 -8.509589e+00 -1.111130e-01 4.966848e-02 9.925658e-01 2.637301e+02
9.925657e-01 5.426717e-02 1.089421e-01 2.083010e+00 -4.809205e-02 9.971264e-01 -5.853308e-02 -8.564933e+00 -1.118054e-01 5.285869e-02 9.923233e-01 2.645861e+02
9.923946e-01 5.450237e-02 1.103739e-01 2.172314e+00 -4.809117e-02 9.970429e-01 -5.993971e-02 -8.628173e+00 -1.133144e-01 5.417583e-02 9.920811e-01 2.654341e+02
9.920703e-01 5.628742e-02 1.123756e-01 2.266371e+00 -4.987919e-02 9.970083e-01 -5.904630e-02 -8.680308e+00 -1.153630e-01 5.297287e-02 9.919099e-01 2.662960e+02
9.917190e-01 5.720026e-02 1.149847e-01 2.336546e+00 -5.083713e-02 9.970485e-01 -5.753181e-02 -8.740236e+00 -1.179362e-01 5.120990e-02 9.916999e-01 2.671451e+02
9.897735e-01 5.701474e-02 1.307586e-01 2.438415e+00 -4.973004e-02 9.970586e-01 -5.831786e-02 -8.800671e+00 -1.336989e-01 5.121884e-02 9.896975e-01 2.680524e+02
9.895491e-01 5.828547e-02 1.318914e-01 2.526321e+00 -5.082892e-02 9.969503e-01 -5.921548e-02 -8.853516e+00 -1.349406e-01 5.189273e-02 9.894939e-01 2.689277e+02
9.895648e-01 5.779532e-02 1.319897e-01 2.654187e+00 -5.027643e-02 9.969550e-01 -5.960733e-02 -8.903879e+00 -1.350328e-01 5.234934e-02 9.894573e-01 2.698506e+02
9.897685e-01 5.533761e-02 1.315144e-01 2.799256e+00 -4.797509e-02 9.971334e-01 -5.850881e-02 -8.986199e+00 -1.343751e-01 5.160077e-02 9.895861e-01 2.707985e+02
9.895937e-01 5.606318e-02 1.325185e-01 2.893522e+00 -4.863049e-02 9.970918e-01 -5.867641e-02 -9.035164e+00 -1.354227e-01 5.162137e-02 9.894422e-01 2.716978e+02
9.896667e-01 5.521855e-02 1.323282e-01 3.008873e+00 -4.791261e-02 9.971792e-01 -5.777512e-02 -9.109249e+00 -1.351452e-01 5.083792e-02 9.895207e-01 2.725992e+02
9.896745e-01 5.402961e-02 1.327600e-01 3.098828e+00 -4.677136e-02 9.972667e-01 -5.719731e-02 -9.171205e+00 -1.354875e-01 5.039735e-02 9.894965e-01 2.734852e+02
9.896213e-01 5.588947e-02 1.323857e-01 3.219256e+00 -4.881875e-02 9.972327e-01 -5.606891e-02 -9.218865e+00 -1.351530e-01 4.902408e-02 9.896112e-01 2.744273e+02
9.899268e-01 5.517735e-02 1.303856e-01 3.382284e+00 -4.828059e-02 9.972919e-01 -5.547901e-02 -9.295651e+00 -1.330937e-01 4.862507e-02 9.899099e-01 2.754045e+02
9.901821e-01 5.516402e-02 1.284377e-01 3.491807e+00 -4.827369e-02 9.972542e-01 -5.615799e-02 -9.360443e+00 -1.311830e-01 4.940647e-02 9.901263e-01 2.763137e+02
9.884134e-01 5.625017e-02 1.409781e-01 3.595030e+00 -4.829088e-02 9.970739e-01 -5.925898e-02 -9.427612e+00 -1.438990e-01 5.176441e-02 9.882376e-01 2.772129e+02
9.887207e-01 5.701736e-02 1.384936e-01 3.704440e+00 -4.916655e-02 9.970189e-01 -5.946414e-02 -9.502607e+00 -1.414712e-01 5.198417e-02 9.885765e-01 2.781315e+02
9.889435e-01 5.876503e-02 1.361523e-01 3.804197e+00 -5.099489e-02 9.969025e-01 -5.987372e-02 -9.575247e+00 -1.392491e-01 5.226866e-02 9.888770e-01 2.790561e+02
9.891717e-01 6.019897e-02 1.338485e-01 3.912953e+00 -5.262777e-02 9.968457e-01 -5.940441e-02 -9.643278e+00 -1.370024e-01 5.171702e-02 9.892197e-01 2.799760e+02
9.895232e-01 6.046799e-02 1.311006e-01 4.039061e+00 -5.324099e-02 9.968988e-01 -5.794991e-02 -9.720230e+00 -1.341982e-01 5.036286e-02 9.896739e-01 2.809053e+02
9.897849e-01 5.967310e-02 1.294793e-01 4.133949e+00 -5.287163e-02 9.970663e-01 -5.534856e-02 -9.803137e+00 -1.324023e-01 4.793739e-02 9.900362e-01 2.818059e+02
9.899564e-01 6.041071e-02 1.278155e-01 4.240652e+00 -5.384976e-02 9.970780e-01 -5.418177e-02 -9.866233e+00 -1.307152e-01 4.675475e-02 9.903169e-01 2.827285e+02
9.901810e-01 6.068548e-02 1.259316e-01 4.344992e+00 -5.426530e-02 9.970760e-01 -5.380354e-02 -9.931450e+00 -1.288285e-01 4.644153e-02 9.905788e-01 2.836491e+02
9.904107e-01 6.056924e-02 1.241689e-01 4.450044e+00 -5.428416e-02 9.970970e-01 -5.339337e-02 -9.998870e+00 -1.270425e-01 4.614096e-02 9.908235e-01 2.845688e+02
9.905905e-01 6.035402e-02 1.228323e-01 4.550345e+00 -5.408854e-02 9.970900e-01 -5.372188e-02 -1.005791e+01 -1.257172e-01 4.657256e-02 9.909723e-01 2.854681e+02
9.893918e-01 6.233824e-02 1.312167e-01 4.650897e+00 -5.509517e-02 9.967877e-01 -5.812741e-02 -1.010866e+01 -1.344188e-01 5.028138e-02 9.896481e-01 2.863642e+02
9.895961e-01 6.295458e-02 1.293689e-01 4.774289e+00 -5.573038e-02 9.967173e-01 -5.872627e-02 -1.016738e+01 -1.326413e-01 5.090551e-02 9.898560e-01 2.872913e+02
9.898005e-01 6.327988e-02 1.276351e-01 4.900283e+00 -5.623297e-02 9.967268e-01 -5.808224e-02 -1.024573e+01 -1.308928e-01 5.031252e-02 9.901190e-01 2.882060e+02
9.899441e-01 6.418420e-02 1.260602e-01 5.015196e+00 -5.723636e-02 9.966752e-01 -5.798821e-02 -1.030491e+01 -1.293630e-01 5.018986e-02 9.903263e-01 2.890971e+02
9.900066e-01 6.612916e-02 1.245549e-01 5.129021e+00 -5.920093e-02 9.965287e-01 -5.853078e-02 -1.037055e+01 -1.279931e-01 5.057210e-02 9.904848e-01 2.899500e+02
9.898819e-01 6.921500e-02 1.238670e-01 5.220045e+00 -6.212879e-02 9.962516e-01 -6.018869e-02 -1.044777e+01 -1.275686e-01 5.188400e-02 9.904718e-01 2.907495e+02
9.897124e-01 7.252496e-02 1.233265e-01 5.319811e+00 -6.502473e-02 9.958423e-01 -6.379529e-02 -1.050721e+01 -1.274405e-01 5.511973e-02 9.903135e-01 2.916040e+02
9.894924e-01 7.483280e-02 1.237128e-01 5.396587e+00 -6.712533e-02 9.956026e-01 -6.534268e-02 -1.059985e+01 -1.280585e-01 5.635183e-02 9.901644e-01 2.924600e+02
9.892775e-01 7.676883e-02 1.242441e-01 5.485611e+00 -6.898469e-02 9.954459e-01 -6.579162e-02 -1.068414e+01 -1.287290e-01 5.651522e-02 9.900681e-01 2.932721e+02
9.890959e-01 7.825521e-02 1.247615e-01 5.571419e+00 -7.035654e-02 9.953020e-01 -6.651247e-02 -1.075726e+01 -1.293804e-01 5.700942e-02 9.899549e-01 2.941031e+02
9.881582e-01 8.101400e-02 1.303080e-01 5.674639e+00 -7.234628e-02 9.949246e-01 -6.993627e-02 -1.084320e+01 -1.353124e-01 5.968080e-02 9.890039e-01 2.949351e+02
9.877755e-01 8.364966e-02 1.315380e-01 5.787386e+00 -7.477080e-02 9.946659e-01 -7.105698e-02 -1.091236e+01 -1.367803e-01 6.035314e-02 9.887612e-01 2.957784e+02
9.875256e-01 8.511353e-02 1.324723e-01 5.902651e+00 -7.620299e-02 9.945650e-01 -7.094721e-02 -1.099258e+01 -1.377909e-01 5.996740e-02 9.886443e-01 2.966010e+02
9.873520e-01 8.585230e-02 1.332870e-01 6.030685e+00 -7.700478e-02 9.945576e-01 -7.018115e-02 -1.106257e+01 -1.385868e-01 5.902976e-02 9.885895e-01 2.974615e+02
9.872915e-01 8.516123e-02 1.341757e-01 6.138684e+00 -7.648699e-02 9.947122e-01 -6.853677e-02 -1.113478e+01 -1.393029e-01 5.740307e-02 9.885846e-01 2.982870e+02
9.874821e-01 8.341783e-02 1.338677e-01 6.242689e+00 -7.506800e-02 9.949745e-01 -6.626168e-02 -1.120952e+01 -1.387224e-01 5.538304e-02 9.887815e-01 2.990899e+02
9.877893e-01 8.223514e-02 1.323241e-01 6.356590e+00 -7.424134e-02 9.951679e-01 -6.425864e-02 -1.127646e+01 -1.369690e-01 5.365008e-02 9.891214e-01 2.999028e+02
9.880519e-01 8.151122e-02 1.308029e-01 6.463742e+00 -7.383555e-02 9.953098e-01 -6.250292e-02 -1.135259e+01 -1.352841e-01 5.209822e-02 9.894362e-01 3.007140e+02
9.883878e-01 8.100492e-02 1.285604e-01 6.586753e+00 -7.358647e-02 9.953940e-01 -6.144847e-02 -1.141611e+01 -1.329459e-01 5.127461e-02 9.897961e-01 3.014997e+02
9.886931e-01 7.979813e-02 1.269571e-01 6.688121e+00 -7.255079e-02 9.955143e-01 -6.072689e-02 -1.147462e+01 -1.312335e-01 5.082942e-02 9.900475e-01 3.023110e+02
9.891170e-01 7.800128e-02 1.247529e-01 6.790913e+00 -7.091410e-02 9.956592e-01 -6.028194e-02 -1.153304e+01 -1.289135e-01 5.077915e-02 9.903549e-01 3.031122e+02
