1.000000e+00 0.000000e+00 0.000000e+00 0.000000e+00 0.000000e+00 1.000000e+00 0.000000e+00 0.000000e+00 0.000000e+00 0.000000e+00 1.000000e+00 0.000000e+00
9.999788e-01 4.153300e-04 -6.494304e-03 -7.996930e-03 -4.148616e-04 9.999999e-01 7.347237e-05 1.487416e-03 6.494334e-03 -7.077658e-05 9.999789e-01 9.043176e-02
9.999063e-01 6.241506e-04 -1.367203e-02 -8.984663e-03 -6.238642e-04 9.999998e-01 2.521223e-05 2.288949e-03 1.367205e-02 -1.668038e-05 9.999065e-01 1.751650e-01
9.997781e-01 1.174289e-03 -2.103238e-02 -2.086841e-02 -1.184308e-03 9.999992e-01 -4.639215e-04 -7.124386e-04 2.103182e-02 4.887273e-04 9.997787e-01 2.727803e-01
9.995387e-01 1.921669e-03 -3.030974e-02 -3.627439e-02 -1.985806e-03 9.999959e-01 -2.086085e-03 4.802493e-04 3.030560e-02 2.145312e-03 9.995384e-01 3.742388e-01
9.991261e-01 2.198195e-03 -4.174083e-02 -5.417622e-02 -2.345798e-03 9.999912e-01 -3.487527e-03 -1.118770e-03 4.173280e-02 3.582394e-03 9.991224e-01 4.901805e-01
9.984560e-01 1.812519e-03 -5.551791e-02 -7.302782e-02 -2.064450e-03 9.999878e-01 -4.480825e-03 1.892509e-03 5.550911e-02 4.588521e-03 9.984476e-01 6.082040e-01
9.974097e-01 1.843746e-03 -7.190547e-02 -1.000902e-01 -2.172631e-03 9.999875e-01 -4.495910e-03 2.514249e-03 7.189629e-02 4.640489e-03 9.974013e-01 7.515844e-01
9.958873e-01 3.079767e-04 -9.059981e-02 -1.276657e-01 -7.216671e-04 9.999895e-01 -4.533405e-03 2.127927e-03 9.059745e-02 4.580143e-03 9.958771e-01 9.018841e-01
9.938619e-01 -1.215643e-03 -1.106214e-01 -1.598814e-01 6.968725e-04 9.999886e-01 -4.728147e-03 2.996788e-03 1.106259e-01 4.622036e-03 9.938514e-01 1.058838e+00
9.913133e-01 -1.058452e-03 -1.315170e-01 -1.942708e-01 3.327275e-04 9.999846e-01 -5.539953e-03 -1.899541e-02 1.315209e-01 5.448070e-03 9.912984e-01 1.166345e+00
9.878253e-01 3.092720e-03 -1.555367e-01 -2.543038e-01 -4.204348e-03 9.999679e-01 -6.818586e-03 -2.632770e-02 1.555106e-01 7.389502e-03 9.878066e-01 1.341355e+00
9.834996e-01 7.804135e-03 -1.807421e-01 -3.208632e-01 -9.489309e-03 9.999192e-01 -8.460825e-03 -3.036210e-02 1.806615e-01 1.003634e-02 9.834941e-01 1.515825e+00
9.781446e-01 1.018356e-02 -2.076764e-01 -3.950053e-01 -1.230913e-02 9.998842e-01 -8.945306e-03 -3.955833e-02 2.075613e-01 1.130612e-02 9.781567e-01 1.701185e+00
9.715295e-01 1.120598e-02 -2.366533e-01 -4.727323e-01 -1.371118e-02 9.998660e-01 -8.942780e-03 -4.911809e-02 2.365214e-01 1.193297e-02 9.715530e-01 1.882093e+00
9.634281e-01 1.285620e-02 -2.676585e-01 -5.487375e-01 -1.570392e-02 9.998405e-01 -8.501325e-03 -5.049817e-02 2.675065e-01 1.239370e-02 9.634763e-01 2.062751e+00
9.540588e-01 1.466222e-02 -2.992603e-01 -6.447256e-01 -1.778357e-02 9.998121e-01 -7.709353e-03 -4.870581e-02 2.990911e-01 1.267709e-02 9.541404e-01 2.253512e+00
9.427578e-01 1.601049e-02 -3.330935e-01 -7.422602e-01 -1.942343e-02 9.997874e-01 -6.918479e-03 -4.375243e-02 3.329120e-01 1.299227e-02 9.428684e-01 2.448657e+00
9.303209e-01 1.834189e-02 -3.662876e-01 -8.525737e-01 -2.225595e-02 9.997314e-01 -6.465442e-03 -4.860984e-02 3.660707e-01 1.416701e-02 9.304792e-01 2.635764e+00
9.165078e-01 2.017803e-02 -3.995075e-01 -9.749989e-01 -2.473270e-02 9.996746e-01 -6.248329e-03 -4.295704e-02 3.992514e-01 1.560754e-02 9.167086e-01 2.823968e+00
9.026563e-01 2.171052e-02 -4.298141e-01 -1.080352e+00 -2.670321e-02 9.996278e-01 -5.587041e-03 -5.016655e-02 4.295328e-01 1.652060e-02 9.029001e-01 3.003493e+00
8.844102e-01 1.735670e-02 -4.663875e-01 -1.213379e+00 -2.289808e-02 9.997185e-01 -6.216882e-03 -4.849684e-02 4.661483e-01 1.617765e-02 8.845587e-01 3.198204e+00
8.634307e-01 1.179318e-02 -5.043297e-01 -1.359155e+00 -1.780612e-02 9.998162e-01 -7.105148e-03 -4.534168e-02 5.041532e-01 1.511496e-02 8.634820e-01 3.396203e+00
8.386057e-01 1.351475e-02 -5.445712e-01 -1.522194e+00 -1.871799e-02 9.998168e-01 -4.011850e-03 -4.723134e-02 5.444172e-01 1.355764e-02 8.387050e-01 3.590386e+00
8.097315e-01 1.906085e-02 -5.864910e-01 -1.706967e+00 -2.381913e-02 9.997162e-01 -3.950017e-04 -5.083153e-02 5.863170e-01 1.428955e-02 8.099557e-01 3.764317e+00
7.772165e-01 2.165793e-02 -6.288604e-01 -1.901749e+00 -2.699974e-02 9.996349e-01 1.058061e-03 -5.213793e-02 6.286537e-01 1.615673e-02 7.775175e-01 3.931260e+00
7.411568e-01 2.096270e-02 -6.710046e-01 -2.105167e+00 -2.686785e-02 9.996378e-01 1.552617e-03 -5.285270e-02 6.707941e-01 1.687772e-02 7.414516e-01 4.094909e+00
7.010793e-01 1.626780e-02 -7.128977e-01 -2.325615e+00 -2.084503e-02 9.997800e-01 2.314780e-03 -4.882110e-02 7.127786e-01 1.323753e-02 7.012642e-01 4.267195e+00
6.580327e-01 1.256930e-02 -7.528845e-01 -2.556104e+00 -1.576912e-02 9.998714e-01 2.910259e-03 -4.955301e-02 7.528242e-01 9.957279e-03 6.581463e-01 4.427118e+00
6.131664e-01 1.210268e-02 -7.898611e-01 -2.810486e+00 -1.380827e-02 9.998941e-01 4.601605e-03 -4.963940e-02 7.898331e-01 8.085064e-03 6.132685e-01 4.574174e+00
5.616845e-01 1.242860e-02 -8.272582e-01 -3.085808e+00 -1.193842e-02 9.999048e-01 6.916577e-03 -4.968535e-02 8.272654e-01 5.991218e-03 5.617794e-01 4.714319e+00
5.099198e-01 1.304088e-02 -8.601231e-01 -3.365530e+00 -9.774184e-03 9.999084e-01 9.365674e-03 -5.291789e-02 8.601664e-01 3.631258e-03 5.100006e-01 4.844134e+00
4.565106e-01 1.469979e-02 -8.895965e-01 -3.617463e+00 -7.822423e-03 9.998912e-01 1.250811e-02 -6.284124e-02 8.896836e-01 1.248717e-03 4.565759e-01 4.948945e+00
4.012602e-01 1.675758e-02 -9.158108e-01 -3.931302e+00 -6.772235e-03 9.998596e-01 1.532827e-02 -6.238293e-02 9.159391e-01 5.146063e-05 4.013173e-01 5.049723e+00
3.452663e-01 1.882399e-02 -9.383160e-01 -4.244259e+00 -6.098464e-03 9.998227e-01 1.781390e-02 -6.491355e-02 9.384849e-01 -4.282521e-04 3.453199e-01 5.130164e+00
2.899865e-01 2.176105e-02 -9.567833e-01 -4.587056e+00 -3.658213e-03 9.997594e-01 2.162975e-02 -6.415760e-02 9.570237e-01 -2.772218e-03 2.899964e-01 5.192731e+00
2.359637e-01 2.351691e-02 -9.714773e-01 -4.945078e+00 1.237370e-03 9.996990e-01 2.450063e-02 -6.680187e-02 9.717611e-01 -6.983337e-03 2.358636e-01 5.247497e+00
1.848186e-01 2.387214e-02 -9.824827e-01 -5.335290e+00 3.678298e-03 9.996811e-01 2.498196e-02 -6.596091e-02 9.827658e-01 -8.230995e-03 1.846718e-01 5.283408e+00
1.374856e-01 2.451544e-02 -9.902003e-01 -5.733427e+00 1.329740e-03 9.996882e-01 2.493497e-02 -5.693544e-02 9.905029e-01 -4.744910e-03 1.374102e-01 5.292721e+00
9.503773e-02 2.455377e-02 -9.951708e-01 -6.154513e+00 -1.128252e-03 9.996978e-01 2.455772e-02 -5.082847e-02 9.954730e-01 -1.211106e-03 9.503671e-02 5.293387e+00
5.355394e-02 2.287907e-02 -9.983028e-01 -6.597073e+00 -3.209846e-03 9.997363e-01 2.273973e-02 -4.480905e-02 9.985598e-01 1.986596e-03 5.361326e-02 5.288136e+00
1.905172e-02 2.006346e-02 -9.996172e-01 -7.048956e+00 -2.369747e-03 9.997967e-01 2.002189e-02 -4.170657e-02 9.998157e-01 1.987388e-03 1.909539e-02 5.269497e+00
-1.189723e-02 1.700628e-02 -9.997846e-01 -7.518284e+00 -3.182765e-03 9.998497e-01 1.704526e-02 -3.742016e-02 9.999242e-01 3.384871e-03 -1.184132e-02 5.228463e+00
-3.854748e-02 1.528086e-02 -9.991399e-01 -7.990232e+00 -3.759021e-03 9.998738e-01 1.543711e-02 -3.731410e-02 9.992497e-01 4.350850e-03 -3.848517e-02 5.189420e+00
-5.952065e-02 1.227553e-02 -9.981516e-01 -8.511194e+00 -5.209716e-03 9.999069e-01 1.260778e-02 -1.788694e-02 9.982135e-01 5.950510e-03 -5.945116e-02 5.152495e+00
-7.567128e-02 1.157366e-02 -9.970656e-01 -9.021037e+00 -5.408043e-03 9.999132e-01 1.201715e-02 -1.809647e-02 9.971182e-01 6.301527e-03 -7.560212e-02 5.103464e+00
-8.877249e-02 1.151866e-02 -9.959853e-01 -9.561608e+00 -5.399776e-03 9.999129e-01 1.204536e-02 -8.167086e-03 9.960373e-01 6.447394e-03 -8.870256e-02 5.044795e+00
-9.819069e-02 1.246025e-02 -9.950896e-01 -1.010842e+01 -7.178765e-03 9.998867e-01 1.322869e-02 -1.291962e-02 9.951417e-01 8.442449e-03 -9.809012e-02 4.974233e+00
-1.049880e-01 1.369165e-02 -9.943792e-01 -1.068859e+01 -9.493925e-03 9.998459e-01 1.476930e-02 -1.464942e-02 9.944282e-01 1.099116e-02 -1.048418e-01 4.904305e+00
-1.096572e-01 1.430597e-02 -9.938665e-01 -1.128609e+01 -9.815222e-03 9.998321e-01 1.547480e-02 -7.106111e-03 9.939210e-01 1.145194e-02 -1.094983e-01 4.833844e+00
-1.144567e-01 1.443186e-02 -9.933234e-01 -1.189052e+01 -8.232437e-03 9.998464e-01 1.547523e-02 5.330362e-03 9.933941e-01 9.948716e-03 -1.143203e-01 4.771805e+00
-1.135794e-01 1.657223e-02 -9.933907e-01 -1.251413e+01 -6.287609e-03 9.998289e-01 1.739853e-02 1.138334e-02 9.935090e-01 8.222168e-03 -1.134558e-01 4.700670e+00
-1.120494e-01 1.875745e-02 -9.935256e-01 -1.315250e+01 -7.229086e-03 9.997800e-01 1.969082e-02 1.567659e-02 9.936763e-01 9.388627e-03 -1.118892e-01 4.625999e+00
-1.104406e-01 1.846050e-02 -9.937113e-01 -1.379850e+01 -9.305817e-03 9.997645e-01 1.960720e-02 1.926729e-02 9.938392e-01 1.141272e-02 -1.102428e-01 4.549253e+00
-1.089252e-01 1.582205e-02 -9.939240e-01 -1.446574e+01 -1.081646e-02 9.997953e-01 1.710090e-02 2.612847e-02 9.939911e-01 1.261346e-02 -1.087318e-01 4.474347e+00
-1.075440e-01 1.541018e-02 -9.940809e-01 -1.512817e+01 -1.248763e-02 9.997801e-01 1.684950e-02 3.381387e-02 9.941219e-01 1.422578e-02 -1.073279e-01 4.407424e+00
-1.056623e-01 1.804625e-02 -9.942383e-01 -1.584305e+01 -1.202806e-02 9.997390e-01 1.942437e-02 4.373538e-02 9.943293e-01 1.401118e-02 -1.054177e-01 4.320025e+00
-1.041053e-01 2.137022e-02 -9.943367e-01 -1.655657e+01 -1.358014e-02 9.996454e-01 2.290613e-02 4.954535e-02 9.944736e-01 1.588789e-02 -1.037782e-01 4.255905e+00
-1.021933e-01 2.336196e-02 -9.944902e-01 -1.729727e+01 -1.459231e-02 9.995814e-01 2.498106e-02 5.723706e-02 9.946575e-01 1.706480e-02 -1.018096e-01 4.169345e+00
-1.005302e-01 2.265913e-02 -9.946759e-01 -1.803310e+01 -1.654449e-02 9.995643e-01 2.444261e-02 6.623597e-02 9.947964e-01 1.891363e-02 -1.001116e-01 4.093371e+00
-1.014024e-01 1.965769e-02 -9.946513e-01 -1.877498e+01 -1.905228e-02 9.995830e-01 2.169750e-02 7.042680e-02 9.946630e-01 2.115055e-02 -1.009856e-01 4.007954e+00
-1.001406e-01 1.904880e-02 -9.947909e-01 -1.952204e+01 -2.032138e-02 9.995690e-01 2.118595e-02 7.514892e-02 9.947657e-01 2.233710e-02 -9.971039e-02 3.938545e+00
-9.867362e-02 2.139613e-02 -9.948898e-01 -2.032226e+01 -1.781831e-02 9.995706e-01 2.326402e-02 8.595782e-02 9.949603e-01 2.002280e-02 -9.825000e-02 3.856092e+00
-9.762634e-02 2.353233e-02 -9.949449e-01 -2.112617e+01 -1.565307e-02 9.995604e-01 2.517741e-02 9.313696e-02 9.951000e-01 1.803192e-02 -9.721507e-02 3.775726e+00
-9.629961e-02 2.498383e-02 -9.950388e-01 -2.193150e+01 -1.452492e-02 9.995432e-01 2.650264e-02 1.064651e-01 9.952464e-01 1.700506e-02 -9.589274e-02 3.693398e+00
-9.612563e-02 2.012892e-02 -9.951657e-01 -2.273505e+01 -1.491870e-02 9.996541e-01 2.166074e-02 1.124254e-01 9.952574e-01 1.692873e-02 -9.579208e-02 3.622376e+00
-9.580208e-02 1.310160e-02 -9.953142e-01 -2.355590e+01 -1.372295e-02 9.998010e-01 1.448154e-02 1.144461e-01 9.953058e-01 1.504601e-02 -9.560322e-02 3.537845e+00
-9.591444e-02 8.447628e-03 -9.953537e-01 -2.436013e+01 -1.071435e-02 9.998973e-01 9.518648e-03 1.208350e-01 9.953319e-01 1.157755e-02 -9.581408e-02 3.459883e+00
-9.651753e-02 9.045496e-03 -9.952902e-01 -2.518133e+01 -9.164270e-03 9.999082e-01 9.976164e-03 1.276082e-01 9.952891e-01 1.008398e-02 -9.642578e-02 3.378093e+00
-9.662881e-02 1.662299e-02 -9.951817e-01 -2.601605e+01 -9.619670e-03 9.997982e-01 1.763414e-02 1.230129e-01 9.952740e-01 1.127729e-02 -9.644940e-02 3.294297e+00
-9.938208e-02 2.352659e-02 -9.947712e-01 -2.686088e+01 -1.140617e-02 9.996278e-01 2.478098e-02 1.301356e-01 9.949840e-01 1.380932e-02 -9.907674e-02 3.210615e+00
-9.973538e-02 2.880434e-02 -9.945970e-01 -2.770835e+01 -1.327338e-02 9.994534e-01 3.027600e-02 1.341420e-01 9.949255e-01 1.622125e-02 -9.929854e-02 3.116717e+00
-1.001090e-01 2.891272e-02 -9.945563e-01 -2.855594e+01 -1.515015e-02 9.994175e-01 3.057901e-02 1.451649e-01 9.948611e-01 1.812891e-02 -9.961265e-02 3.022816e+00
-1.005770e-01 2.531032e-02 -9.946073e-01 -2.938590e+01 -1.587399e-02 9.995083e-01 2.704026e-02 1.523186e-01 9.948026e-01 1.850801e-02 -1.001258e-01 2.936834e+00
-1.011510e-01 2.231704e-02 -9.946207e-01 -3.021965e+01 -1.642396e-02 9.995747e-01 2.409848e-02 1.635266e-01 9.947355e-01 1.877320e-02 -1.007415e-01 2.851899e+00
-1.012719e-01 2.335519e-02 -9.945846e-01 -3.106025e+01 -1.862122e-02 9.995048e-01 2.536681e-02 1.708247e-01 9.946845e-01 2.108933e-02 -1.007869e-01 2.757236e+00
-1.012518e-01 2.566738e-02 -9.945297e-01 -3.189417e+01 -1.982713e-02 9.994165e-01 2.781207e-02 1.766266e-01 9.946632e-01 2.253469e-02 -1.006838e-01 2.669410e+00
-1.011060e-01 2.383177e-02 -9.945902e-01 -3.273840e+01 -2.123638e-02 9.994336e-01 2.610663e-02 1.838557e-01 9.946490e-01 2.376104e-02 -1.005427e-01 2.572682e+00
-1.004189e-01 1.840266e-02 -9.947750e-01 -3.357729e+01 -2.243344e-02 9.995329e-01 2.075525e-02 1.901597e-01 9.946923e-01 2.440045e-02 -9.995916e-02 2.471748e+00
-1.004302e-01 1.418751e-02 -9.948430e-01 -3.440595e+01 -2.431662e-02 9.995647e-01 1.670963e-02 1.936547e-01 9.946469e-01 2.586937e-02 -1.000414e-01 2.387222e+00
-1.019143e-01 1.471142e-02 -9.946844e-01 -3.524747e+01 -2.459967e-02 9.995476e-01 1.730380e-02 1.994804e-01 9.944890e-01 2.623242e-02 -1.015063e-01 2.299178e+00
-1.016320e-01 1.718715e-02 -9.946736e-01 -3.607604e+01 -2.405679e-02 9.995159e-01 1.972886e-02 1.974704e-01 9.945311e-01 2.593373e-02 -1.011693e-01 2.221020e+00
-1.011881e-01 2.188092e-02 -9.946267e-01 -3.693891e+01 -2.380546e-02 9.994186e-01 2.440818e-02 2.071751e-01 9.945825e-01 2.614736e-02 -1.006084e-01 2.119209e+00
-1.005036e-01 2.717786e-02 -9.945654e-01 -3.777432e+01 -2.311041e-02 9.992934e-01 2.964242e-02 2.180930e-01 9.946683e-01 2.596399e-02 -9.980447e-02 2.030797e+00
-1.008705e-01 3.053259e-02 -9.944309e-01 -3.861376e+01 -2.392151e-02 9.991656e-01 3.310445e-02 2.171721e-01 9.946119e-01 2.712755e-02 -1.000560e-01 1.944332e+00
-1.006330e-01 3.019674e-02 -9.944653e-01 -3.945059e+01 -2.392360e-02 9.991769e-01 3.276071e-02 2.302401e-01 9.946359e-01 2.708799e-02 -9.982775e-02 1.856764e+00
-1.008438e-01 2.567491e-02 -9.945709e-01 -4.026046e+01 -2.412135e-02 9.993100e-01 2.824302e-02 2.381708e-01 9.946098e-01 2.683853e-02 -1.001549e-01 1.780006e+00
-1.005096e-01 2.133864e-02 -9.947072e-01 -4.109258e+01 -2.586182e-02 9.993761e-01 2.405199e-02 2.446509e-01 9.945999e-01 2.814240e-02 -9.989509e-02 1.686940e+00
-1.005837e-01 1.815247e-02 -9.947630e-01 -4.191324e+01 -3.025347e-02 9.993154e-01 2.129456e-02 2.522975e-01 9.944685e-01 3.223692e-02 -9.996566e-02 1.598821e+00
-1.010573e-01 1.643140e-02 -9.947449e-01 -4.274684e+01 -3.374527e-02 9.992317e-01 1.993374e-02 2.529083e-01 9.943081e-01 3.558238e-02 -1.004252e-01 1.501636e+00
-1.032342e-01 1.478082e-02 -9.945472e-01 -4.357699e+01 -3.265828e-02 9.993001e-01 1.824140e-02 2.527002e-01 9.941208e-01 3.436334e-02 -1.026792e-01 1.410619e+00
-1.042706e-01 1.110210e-02 -9.944870e-01 -4.439679e+01 -2.949873e-02 9.994632e-01 1.425055e-02 2.519907e-01 9.941114e-01 3.082202e-02 -1.038871e-01 1.321282e+00
-1.051156e-01 9.649584e-03 -9.944132e-01 -4.521428e+01 -2.532715e-02 9.996026e-01 1.237718e-02 2.522382e-01 9.941374e-01 2.648669e-02 -1.048295e-01 1.234703e+00
-1.069838e-01 1.299459e-02 -9.941758e-01 -4.603878e+01 -2.530192e-02 9.995552e-01 1.578765e-02 2.516311e-01 9.939388e-01 2.684358e-02 -1.066074e-01 1.138973e+00
-1.087260e-01 1.913375e-02 -9.938876e-01 -4.686757e+01 -2.288802e-02 9.995015e-01 2.174566e-02 2.536075e-01 9.938082e-01 2.511244e-02 -1.082339e-01 1.044827e+00
-1.107525e-01 2.274660e-02 -9.935877e-01 -4.770304e+01 -2.146641e-02 9.994501e-01 2.527361e-02 2.558350e-01 9.936162e-01 2.412787e-02 -1.102033e-01 9.521718e-01
-1.121590e-01 2.178249e-02 -9.934515e-01 -4.851291e+01 -2.193024e-02 9.994619e-01 2.439016e-02 2.584101e-01 9.934483e-01 2.452220e-02 -1.116209e-01 8.567223e-01
-1.131758e-01 1.752726e-02 -9.934204e-01 -4.932084e+01 -2.560318e-02 9.994609e-01 2.055069e-02 2.607993e-01 9.932450e-01 2.776056e-02 -1.126661e-01 7.519236e-01
-1.144586e-01 1.357571e-02 -9.933353e-01 -5.011331e+01 -3.064960e-02 9.993824e-01 1.719000e-02 2.646027e-01 9.929551e-01 3.241287e-02 -1.139719e-01 6.502118e-01
-1.154471e-01 1.198667e-02 -9.932413e-01 -5.089594e+01 -3.523172e-02 9.992486e-01 1.615424e-02 2.642169e-01 9.926886e-01 3.685856e-02 -1.149380e-01 5.386250e-01
-1.175506e-01 1.335508e-02 -9.929771e-01 -5.168885e+01 -3.703276e-02 9.991551e-01 1.782218e-02 2.639407e-01 9.923762e-01 3.886769e-02 -1.169567e-01 4.400812e-01
-1.183464e-01 1.464430e-02 -9.928644e-01 -5.247948e+01 -3.696487e-02 9.991332e-01 1.914286e-02 2.656849e-01 9.922841e-01 3.896660e-02 -1.177025e-01 3.382256e-01
-1.191992e-01 1.394026e-02 -9.927725e-01 -5.324353e+01 -4.027046e-02 9.990107e-01 1.886300e-02 2.605736e-01 9.920533e-01 4.222786e-02 -1.185199e-01 2.442216e-01
-1.193719e-01 1.355505e-02 -9.927571e-01 -5.404018e+01 -4.155320e-02 9.989625e-01 1.863625e-02 2.603002e-01 9.919797e-01 4.347688e-02 -1.186848e-01 1.274810e-01
-1.200745e-01 1.518103e-02 -9.926488e-01 -5.482185e+01 -4.043599e-02 9.989785e-01 2.016912e-02 2.631591e-01 9.919410e-01 4.256053e-02 -1.193380e-01 3.044017e-02
-1.204402e-01 1.805359e-02 -9.925564e-01 -5.558645e+01 -4.011469e-02 9.989295e-01 2.303717e-02 2.638997e-01 9.919098e-01 4.259069e-02 -1.195871e-01 -6.536578e-02
-1.208410e-01 2.214499e-02 -9.924248e-01 -5.635175e+01 -4.046184e-02 9.988104e-01 2.721424e-02 2.693329e-01 9.918469e-01 4.344394e-02 -1.198012e-01 -1.599235e-01
-1.221726e-01 2.414138e-02 -9.922152e-01 -5.711594e+01 -4.011112e-02 9.987673e-01 2.923973e-02 2.740997e-01 9.916980e-01 4.337116e-02 -1.210537e-01 -2.476630e-01
-1.227082e-01 2.394870e-02 -9.921538e-01 -5.786512e+01 -4.047648e-02 9.987562e-01 2.911415e-02 2.785088e-01 9.916170e-01 4.373144e-02 -1.215862e-01 -3.465269e-01
-1.231552e-01 2.178081e-02 -9.921484e-01 -5.860863e+01 -4.027807e-02 9.988256e-01 2.692711e-02 2.839570e-01 9.915697e-01 4.327804e-02 -1.221332e-01 -4.400035e-01
-1.240491e-01 1.849401e-02 -9.921037e-01 -5.935326e+01 -4.092232e-02 9.988803e-01 2.373712e-02 2.868887e-01 9.914319e-01 4.354375e-02 -1.231534e-01 -5.410250e-01
-1.239846e-01 1.539481e-02 -9.921647e-01 -6.007858e+01 -4.123657e-02 9.989359e-01 2.065295e-02 2.928907e-01 9.914269e-01 4.347412e-02 -1.232179e-01 -6.348977e-01
-1.228311e-01 1.287335e-02 -9.923441e-01 -6.080125e+01 -4.204915e-02 9.989504e-01 1.816384e-02 2.932761e-01 9.915364e-01 4.395831e-02 -1.221608e-01 -7.346964e-01
-1.204636e-01 1.195844e-02 -9.926457e-01 -6.150022e+01 -4.477614e-02 9.988443e-01 1.746697e-02 2.919620e-01 9.917074e-01 4.655098e-02 -1.197889e-01 -8.299073e-01
-1.165766e-01 1.234316e-02 -9.931050e-01 -6.220041e+01 -4.509267e-02 9.988259e-01 1.770751e-02 2.976181e-01 9.921575e-01 4.684603e-02 -1.158831e-01 -9.193106e-01
-1.107899e-01 1.389829e-02 -9.937467e-01 -6.286902e+01 -4.478222e-02 9.988168e-01 1.896184e-02 2.928766e-01 9.928344e-01 4.660297e-02 -1.100364e-01 -9.954861e-01
-1.038033e-01 1.526432e-02 -9.944807e-01 -6.352856e+01 -4.408199e-02 9.988291e-01 1.993231e-02 2.926447e-01 9.936205e-01 4.590773e-02 -1.030089e-01 -1.062080e+00
-9.498498e-02 1.636187e-02 -9.953442e-01 -6.417537e+01 -4.487812e-02 9.987780e-01 2.070100e-02 2.927116e-01 9.944666e-01 4.663546e-02 -9.413461e-02 -1.130355e+00
-8.311272e-02 1.798052e-02 -9.963779e-01 -6.481274e+01 -4.748729e-02 9.986299e-01 2.198230e-02 2.871969e-01 9.954081e-01 4.914230e-02 -8.214500e-02 -1.189757e+00
-6.855848e-02 1.938474e-02 -9.974588e-01 -6.542924e+01 -5.050337e-02 9.984619e-01 2.287549e-02 2.881952e-01 9.963680e-01 5.194334e-02 -6.747403e-02 -1.228653e+00
-5.080226e-02 2.102435e-02 -9.984874e-01 -6.602056e+01 -5.269607e-02 9.983293e-01 2.370215e-02 2.902969e-01 9.973175e-01 5.382049e-02 -4.960948e-02 -1.248860e+00
-2.873489e-02 2.185474e-02 -9.993481e-01 -6.658691e+01 -5.369119e-02 9.982840e-01 2.337529e-02 2.886161e-01 9.981441e-01 5.432788e-02 -2.751217e-02 -1.254686e+00
-3.626389e-03 2.193087e-02 -9.997529e-01 -6.714052e+01 -5.304613e-02 9.983477e-01 2.209245e-02 2.910179e-01 9.985855e-01 5.311314e-02 -2.457050e-03 -1.234547e+00
2.535264e-02 2.132689e-02 -9.994511e-01 -6.766934e+01 -5.145162e-02 9.984752e-01 2.000092e-02 2.953204e-01 9.983536e-01 5.091630e-02 2.641128e-02 -1.196434e+00
5.912836e-02 2.154091e-02 -9.980179e-01 -6.817671e+01 -5.018426e-02 9.985671e-01 1.857956e-02 2.887755e-01 9.969882e-01 4.898621e-02 6.012465e-02 -1.135099e+00
9.637398e-02 2.144426e-02 -9.951142e-01 -6.866144e+01 -4.951165e-02 9.986335e-01 1.672503e-02 2.922759e-01 9.941130e-01 4.765789e-02 9.730402e-02 -1.047741e+00
1.371010e-01 2.102442e-02 -9.903339e-01 -6.913222e+01 -4.889756e-02 9.986995e-01 1.443268e-02 2.925021e-01 9.893495e-01 4.644618e-02 1.379507e-01 -9.435559e-01
1.823495e-01 2.199452e-02 -9.829877e-01 -6.959848e+01 -4.743699e-02 9.987823e-01 1.354811e-02 2.894880e-01 9.820888e-01 4.415948e-02 1.831709e-01 -8.189913e-01
2.314138e-01 2.059855e-02 -9.726373e-01 -7.005549e+01 -4.356668e-02 9.989922e-01 1.079113e-02 2.838339e-01 9.718794e-01 3.987736e-02 2.320780e-01 -6.806340e-01
2.822340e-01 1.588148e-02 -9.592141e-01 -7.047570e+01 -3.517302e-02 9.993620e-01 6.197077e-03 2.769583e-01 9.587006e-01 3.198943e-02 2.826126e-01 -5.174875e-01
3.342915e-01 1.121450e-02 -9.424030e-01 -7.088604e+01 -2.927703e-02 9.995702e-01 1.509561e-03 2.675580e-01 9.420149e-01 2.708613e-02 3.344762e-01 -3.378445e-01
3.881359e-01 6.250003e-03 -9.215809e-01 -7.129946e+01 -2.308432e-02 9.997292e-01 -2.942273e-03 2.680868e-01 9.213130e-01 2.241607e-02 3.881751e-01 -1.380521e-01
4.407577e-01 5.672305e-03 -8.976082e-01 -7.168716e+01 -2.233687e-02 9.997397e-01 -4.650490e-03 2.655921e-01 8.973482e-01 2.209950e-02 4.407696e-01 7.746190e-02
4.904854e-01 4.374637e-03 -8.714384e-01 -7.206863e+01 -1.930010e-02 9.997967e-01 -5.843981e-03 2.601819e-01 8.712357e-01 1.968524e-02 4.904701e-01 3.170260e-01
5.359524e-01 -2.920916e-05 -8.442482e-01 -7.241874e+01 -1.007289e-02 9.999286e-01 -6.429146e-03 2.516963e-01 8.441881e-01 1.194973e-02 5.359138e-01 5.935825e-01
5.800109e-01 -6.945888e-03 -8.145791e-01 -7.275356e+01 2.477547e-03 9.999741e-01 -6.762638e-03 2.439948e-01 8.146050e-01 1.904246e-03 5.800130e-01 8.970122e-01
6.231701e-01 -1.228521e-02 -7.819899e-01 -7.307452e+01 5.755410e-03 9.999216e-01 -1.112245e-02 2.328214e-01 7.820652e-01 2.430506e-03 6.231919e-01 1.201878e+00
6.657003e-01 -1.751369e-02 -7.460136e-01 -7.339280e+01 4.555846e-03 9.998013e-01 -1.940632e-02 2.254402e-01 7.462053e-01 9.520071e-03 6.656478e-01 1.512813e+00
7.073311e-01 -2.395763e-02 -7.064763e-01 -7.368501e+01 2.548589e-03 9.995054e-01 -3.134299e-02 2.110997e-01 7.068778e-01 2.036936e-02 7.070423e-01 1.844906e+00
7.480079e-01 -2.658220e-02 -6.631573e-01 -7.396443e+01 -4.486271e-04 9.991771e-01 -4.055734e-02 1.959853e-01 6.636897e-01 3.063472e-02 7.473804e-01 2.197599e+00
7.862780e-01 -2.661538e-02 -6.172994e-01 -7.423217e+01 -8.002444e-04 9.990271e-01 -4.409319e-02 1.761968e-01 6.178724e-01 3.516349e-02 7.854917e-01 2.583473e+00
8.215783e-01 -2.759491e-02 -5.694275e-01 -7.448999e+01 1.317326e-03 9.989171e-01 -4.650767e-02 1.535237e-01 5.700942e-01 3.745957e-02 8.207249e-01 3.008005e+00
8.535198e-01 -2.563654e-02 -5.204294e-01 -7.474414e+01 -4.194660e-05 9.987855e-01 -4.926933e-02 1.273502e-01 5.210605e-01 4.207418e-02 8.524821e-01 3.461521e+00
8.807483e-01 -2.340207e-02 -4.730061e-01 -7.497272e+01 7.035580e-04 9.988419e-01 -4.810785e-02 9.218587e-02 4.735842e-01 4.203812e-02 8.797448e-01 3.937015e+00
9.029884e-01 -1.609018e-02 -4.293635e-01 -7.516036e+01 -4.696806e-03 9.988692e-01 -4.730991e-02 5.700095e-02 4.296392e-01 4.473694e-02 9.018918e-01 4.413855e+00
9.215501e-01 -1.120975e-02 -3.880975e-01 -7.537983e+01 -8.591971e-03 9.987495e-01 -4.924965e-02 2.561358e-02 3.881643e-01 4.872054e-02 9.203015e-01 4.947855e+00
9.360650e-01 -5.974462e-03 -3.517763e-01 -7.557826e+01 -1.178857e-02 9.987618e-01 -4.833167e-02 -2.211755e-03 3.516295e-01 4.938853e-02 9.348355e-01 5.490730e+00
9.468241e-01 -3.886313e-03 -3.217283e-01 -7.575450e+01 -1.163907e-02 9.988589e-01 -4.631868e-02 -4.391740e-02 3.215412e-01 4.760026e-02 9.456984e-01 6.046603e+00
9.545992e-01 -4.477888e-03 -2.978594e-01 -7.589926e+01 -9.373082e-03 9.989404e-01 -4.505709e-02 -7.627425e-02 2.977456e-01 4.580333e-02 9.535458e-01 6.599259e+00
9.609080e-01 -3.667973e-03 -2.768435e-01 -7.605621e+01 -8.587944e-03 9.990362e-01 -4.304475e-02 -1.144307e-01 2.767346e-01 4.373957e-02 9.599504e-01 7.184514e+00
9.661227e-01 7.019524e-04 -2.580823e-01 -7.623011e+01 -1.162585e-02 9.990995e-01 -4.080357e-02 -1.513198e-01 2.578213e-01 4.242168e-02 9.652609e-01 7.807145e+00
9.702193e-01 7.080332e-03 -2.421246e-01 -7.641158e+01 -1.713305e-02 9.990751e-01 -3.943853e-02 -1.885966e-01 2.416214e-01 4.241235e-02 9.694433e-01 8.449007e+00
9.734329e-01 1.211095e-02 -2.286518e-01 -7.657213e+01 -2.146397e-02 9.990295e-01 -3.846261e-02 -2.292171e-01 2.279640e-01 4.234855e-02 9.727482e-01 9.097567e+00
9.764556e-01 1.124170e-02 -2.154255e-01 -7.672090e+01 -2.006699e-02 9.990446e-01 -3.882349e-02 -2.651833e-01 2.147832e-01 4.223236e-02 9.757482e-01 9.766455e+00
9.793550e-01 1.145416e-02 -2.018231e-01 -7.685315e+01 -1.979890e-02 9.990283e-01 -3.937669e-02 -3.003970e-01 2.011760e-01 4.255964e-02 9.786301e-01 1.044293e+01
9.821159e-01 1.197634e-02 -1.878959e-01 -7.696980e+01 -1.967070e-02 9.990401e-01 -3.913903e-02 -3.294203e-01 1.872468e-01 4.213510e-02 9.814088e-01 1.113825e+01
9.846721e-01 1.503096e-02 -1.737666e-01 -7.708007e+01 -2.208050e-02 9.990066e-01 -3.870728e-02 -3.730315e-01 1.730122e-01 4.195084e-02 9.840259e-01 1.181701e+01
9.867578e-01 1.538827e-02 -1.614692e-01 -7.718332e+01 -2.236581e-02 9.988888e-01 -4.148447e-02 -4.147174e-01 1.606514e-01 4.454651e-02 9.860054e-01 1.252381e+01
9.884865e-01 1.632192e-02 -1.504264e-01 -7.729861e+01 -2.362117e-02 9.986219e-01 -4.686528e-02 -4.607156e-01 1.494542e-01 4.987894e-02 9.875098e-01 1.325098e+01
9.899028e-01 1.398559e-02 -1.410563e-01 -7.740781e+01 -2.171266e-02 9.983376e-01 -5.339065e-02 -4.941617e-01 1.400751e-01 5.591426e-02 9.885609e-01 1.401155e+01
9.910505e-01 1.523739e-02 -1.326152e-01 -7.750220e+01 -2.257183e-02 9.982869e-01 -5.397982e-02 -5.396022e-01 1.315655e-01 5.649010e-02 9.896966e-01 1.475770e+01
9.918992e-01 1.849856e-02 -1.256732e-01 -7.759905e+01 -2.468895e-02 9.985479e-01 -4.788017e-02 -5.928255e-01 1.246050e-01 5.059504e-02 9.909156e-01 1.550150e+01
9.924292e-01 2.454333e-02 -1.203410e-01 -7.768456e+01 -2.951141e-02 9.987767e-01 -3.967622e-02 -6.486502e-01 1.192200e-01 4.292727e-02 9.919394e-01 1.621674e+01
9.929319e-01 2.596022e-02 -1.158116e-01 -7.779746e+01 -3.034739e-02 9.988807e-01 -3.628070e-02 -6.960846e-01 1.147401e-01 3.953884e-02 9.926084e-01 1.701287e+01
9.933497e-01 2.487029e-02 -1.124184e-01 -7.788515e+01 -2.924161e-02 9.988723e-01 -3.740405e-02 -7.412768e-01 1.113613e-01 4.044259e-02 9.929567e-01 1.777777e+01
9.937022e-01 2.504138e-02 -1.092195e-01 -7.797955e+01 -2.940175e-02 9.988261e-01 -3.849682e-02 -7.841630e-01 1.081273e-01 4.146562e-02 9.932719e-01 1.854807e+01
9.940465e-01 2.405706e-02 -1.062680e-01 -7.805921e+01 -2.807876e-02 9.989387e-01 -3.651211e-02 -8.230513e-01 1.052769e-01 3.927861e-02 9.936669e-01 1.930465e+01
9.943620e-01 2.244420e-02 -1.036366e-01 -7.813917e+01 -2.610479e-02 9.990774e-01 -3.410102e-02 -8.662457e-01 1.027757e-01 3.661417e-02 9.940305e-01 2.006535e+01
9.946612e-01 2.020374e-02 -1.011970e-01 -7.820500e+01 -2.360168e-02 9.991932e-01 -3.249342e-02 -9.086933e-01 1.004588e-01 3.470836e-02 9.943356e-01 2.082308e+01
9.949437e-01 1.937659e-02 -9.854750e-02 -7.828970e+01 -2.305435e-02 9.990743e-01 -3.631881e-02 -9.516275e-01 9.775254e-02 3.840711e-02 9.944694e-01 2.159598e+01
9.950881e-01 2.260478e-02 -9.637738e-02 -7.836641e+01 -2.695002e-02 9.986669e-01 -4.402491e-02 -9.962047e-01 9.525373e-02 4.640604e-02 9.943708e-01 2.233660e+01
9.952145e-01 2.300309e-02 -9.496793e-02 -7.843449e+01 -2.798653e-02 9.982818e-01 -5.148087e-02 -1.045947e+00 9.362054e-02 5.389233e-02 9.941483e-01 2.307488e+01
9.952781e-01 2.424960e-02 -9.398666e-02 -7.850352e+01 -2.957179e-02 9.980121e-01 -5.565433e-02 -1.094846e+00 9.245022e-02 5.817089e-02 9.940167e-01 2.382699e+01
9.954275e-01 2.620335e-02 -9.185604e-02 -7.858112e+01 -3.126996e-02 9.980425e-01 -5.416001e-02 -1.145520e+00 9.025706e-02 5.678470e-02 9.942983e-01 2.458716e+01
9.955515e-01 2.999243e-02 -8.931819e-02 -7.866303e+01 -3.462312e-02 9.981108e-01 -5.075489e-02 -1.195518e+00 8.762719e-02 5.362158e-02 9.947091e-01 2.536720e+01
9.956478e-01 3.373583e-02 -8.687556e-02 -7.874238e+01 -3.782968e-02 9.982288e-01 -4.591583e-02 -1.248859e+00 8.517267e-02 4.900247e-02 9.951605e-01 2.612564e+01
9.959479e-01 3.183306e-02 -8.410915e-02 -7.881783e+01 -3.563685e-02 9.983906e-01 -4.411680e-02 -1.290447e+00 8.256941e-02 4.693542e-02 9.954795e-01 2.686010e+01
9.961132e-01 2.912991e-02 -8.312663e-02 -7.887856e+01 -3.292609e-02 9.984591e-01 -4.466781e-02 -1.335845e+00 8.169737e-02 4.723123e-02 9.955374e-01 2.759946e+01
9.962596e-01 2.721031e-02 -8.201491e-02 -7.894437e+01 -3.096396e-02 9.985138e-01 -4.484871e-02 -1.383890e+00 8.067267e-02 4.722046e-02 9.956215e-01 2.835338e+01
9.963567e-01 2.658939e-02 -8.103310e-02 -7.900255e+01 -3.045752e-02 9.984361e-01 -4.687889e-02 -1.429471e+00 7.965989e-02 4.917616e-02 9.956084e-01 2.909372e+01
9.965065e-01 2.508649e-02 -7.965824e-02 -7.906334e+01 -2.901345e-02 9.984003e-01 -4.852892e-02 -1.470988e+00 7.831339e-02 5.067055e-02 9.956403e-01 2.986057e+01
9.966042e-01 2.240362e-02 -7.923511e-02 -7.912547e+01 -2.631430e-02 9.984687e-01 -4.866065e-02 -1.514338e+00 7.802360e-02 5.058042e-02 9.956676e-01 3.063238e+01
9.965970e-01 2.612795e-02 -7.817725e-02 -7.919794e+01 -2.994059e-02 9.983984e-01 -4.800119e-02 -1.561354e+00 7.679788e-02 5.017852e-02 9.957832e-01 3.139930e+01
9.965738e-01 2.695844e-02 -7.819115e-02 -7.926518e+01 -3.085106e-02 9.983217e-01 -4.901018e-02 -1.610944e+00 7.673868e-02 5.125454e-02 9.957330e-01 3.218385e+01
9.964686e-01 2.617676e-02 -7.978141e-02 -7.933310e+01 -3.016540e-02 9.983330e-01 -4.920639e-02 -1.660596e+00 7.836035e-02 5.143926e-02 9.955971e-01 3.295053e+01
9.963476e-01 2.315102e-02 -8.219229e-02 -7.938729e+01 -2.722189e-02 9.984396e-01 -4.875846e-02 -1.702812e+00 8.093523e-02 5.081781e-02 9.954230e-01 3.372649e+01
9.960242e-01 2.576233e-02 -8.527656e-02 -7.945642e+01 -3.002436e-02 9.983435e-01 -4.907952e-02 -1.755052e+00 8.387090e-02 5.144476e-02 9.951478e-01 3.450276e+01
9.956375e-01 3.019171e-02 -8.828556e-02 -7.950837e+01 -3.465823e-02 9.981724e-01 -4.950414e-02 -1.798166e+00 8.662959e-02 5.234800e-02 9.948643e-01 3.521046e+01
9.953873e-01 3.028001e-02 -9.103467e-02 -7.959198e+01 -3.531455e-02 9.979048e-01 -5.421111e-02 -1.854121e+00 8.920242e-02 5.717589e-02 9.943711e-01 3.601091e+01
9.950643e-01 3.273656e-02 -9.367640e-02 -7.965851e+01 -3.824746e-02 9.976039e-01 -5.765127e-02 -1.914099e+00 9.156463e-02 6.094961e-02 9.939321e-01 3.679367e+01
9.949290e-01 3.416590e-02 -9.459945e-02 -7.972485e+01 -3.986772e-02 9.974584e-01 -5.905404e-02 -1.979447e+00 9.234138e-02 6.252604e-02 9.937623e-01 3.756347e+01
9.947187e-01 3.470721e-02 -9.659292e-02 -7.981898e+01 -4.040181e-02 9.975198e-01 -5.763677e-02 -2.039943e+00 9.435293e-02 6.123490e-02 9.936538e-01 3.839880e+01
9.945680e-01 3.349589e-02 -9.855207e-02 -7.991982e+01 -3.924895e-02 9.976008e-01 -5.702795e-02 -2.098189e+00 9.640542e-02 6.058624e-02 9.934965e-01 3.923657e+01
9.943995e-01 3.361052e-02 -1.001997e-01 -7.999421e+01 -3.928821e-02 9.976999e-01 -5.523934e-02 -2.155593e+00 9.811261e-02 5.886664e-02 9.934328e-01 4.003998e+01
9.943025e-01 3.311023e-02 -1.013222e-01 -8.007897e+01 -3.850863e-02 9.979150e-01 -5.179553e-02 -2.205909e+00 9.939594e-02 5.540220e-02 9.935044e-01 4.086729e+01
9.942104e-01 3.339010e-02 -1.021310e-01 -8.017580e+01 -3.836644e-02 9.981505e-01 -4.715477e-02 -2.263389e+00 1.003676e-01 5.080017e-02 9.936527e-01 4.172595e+01
9.942845e-01 3.335387e-02 -1.014192e-01 -8.026248e+01 -3.808757e-02 9.982561e-01 -4.510173e-02 -2.314770e+00 9.973806e-02 4.870676e-02 9.938209e-01 4.257373e+01
9.943905e-01 3.634109e-02 -9.933179e-02 -8.036189e+01 -4.100675e-02 9.981297e-01 -4.533892e-02 -2.363835e+00 9.749835e-02 4.915787e-02 9.940209e-01 4.343890e+01
9.945681e-01 3.687975e-02 -9.733562e-02 -8.045366e+01 -4.157106e-02 9.980474e-01 -4.661712e-02 -2.420355e+00 9.542633e-02 5.041025e-02 9.941593e-01 4.429772e+01
9.947880e-01 3.518565e-02 -9.570164e-02 -8.054295e+01 -4.002955e-02 9.979877e-01 -4.917431e-02 -2.473595e+00 9.377883e-02 5.274891e-02 9.941947e-01 4.517038e+01
9.951931e-01 3.281304e-02 -9.227127e-02 -8.064079e+01 -3.761406e-02 9.980011e-01 -5.078287e-02 -2.537951e+00 9.042049e-02 5.400946e-02 9.944381e-01 4.606515e+01
9.953946e-01 3.182709e-02 -9.042456e-02 -8.072898e+01 -3.657244e-02 9.980126e-01 -5.131533e-02 -2.591060e+00 8.861163e-02 5.438605e-02 9.945804e-01 4.695266e+01
9.955582e-01 3.020949e-02 -8.916929e-02 -8.080868e+01 -3.467151e-02 9.982006e-01 -4.892238e-02 -2.652931e+00 8.753092e-02 5.179671e-02 9.948143e-01 4.781315e+01
9.956857e-01 2.771934e-02 -8.855329e-02 -8.088063e+01 -3.191858e-02 9.984146e-01 -4.636166e-02 -2.710609e+00 8.712779e-02 4.898813e-02 9.949919e-01 4.868195e+01
9.957888e-01 2.780335e-02 -8.735916e-02 -8.096899e+01 -3.193211e-02 9.984205e-01 -4.622530e-02 -2.771108e+00 8.593597e-02 4.882020e-02 9.951038e-01 4.955465e+01
9.958087e-01 2.928814e-02 -8.664414e-02 -8.103868e+01 -3.364803e-02 9.982173e-01 -4.929451e-02 -2.832495e+00 8.504594e-02 5.200331e-02 9.950190e-01 5.038942e+01
9.957814e-01 3.243348e-02 -8.583440e-02 -8.113116e+01 -3.725574e-02 9.977807e-01 -5.518852e-02 -2.895605e+00 8.385395e-02 5.815352e-02 9.947797e-01 5.125840e+01
9.957799e-01 3.478350e-02 -8.492637e-02 -8.120994e+01 -4.001467e-02 9.973542e-01 -6.069187e-02 -2.961773e+00 8.259059e-02 6.383405e-02 9.945371e-01 5.210194e+01
9.956573e-01 4.002202e-02 -8.405224e-02 -8.128891e+01 -4.565778e-02 9.967589e-01 -6.623498e-02 -3.031017e+00 8.112896e-02 6.978498e-02 9.942576e-01 5.291666e+01
9.958046e-01 3.870208e-02 -8.291830e-02 -8.137506e+01 -4.435303e-02 9.967377e-01 -6.742930e-02 -3.088885e+00 8.003814e-02 7.082409e-02 9.942725e-01 5.378330e+01
9.960061e-01 3.719716e-02 -8.116825e-02 -8.144396e+01 -4.226590e-02 9.972025e-01 -6.164961e-02 -3.156305e+00 7.864800e-02 6.483403e-02 9.947920e-01 5.463290e+01
9.959866e-01 3.701388e-02 -8.149026e-02 -8.151982e+01 -4.140385e-02 9.977434e-01 -5.285687e-02 -3.221494e+00 7.934993e-02 5.601875e-02 9.952716e-01 5.548820e+01
9.959435e-01 3.619047e-02 -8.238187e-02 -8.159768e+01 -4.000497e-02 9.981797e-01 -4.513246e-02 -3.284712e+00 8.059854e-02 4.824507e-02 9.955784e-01 5.634037e+01
9.958104e-01 3.470753e-02 -8.459981e-02 -8.167217e+01 -3.879881e-02 9.981314e-01 -4.720560e-02 -3.346149e+00 8.280334e-02 5.029020e-02 9.952962e-01 5.717887e+01
9.957469e-01 3.108467e-02 -8.672912e-02 -8.174100e+01 -3.555896e-02 9.980893e-01 -5.053026e-02 -3.412129e+00 8.499269e-02 5.339935e-02 9.949496e-01 5.801595e+01
9.955345e-01 2.963766e-02 -8.962472e-02 -8.181919e+01 -3.439520e-02 9.980539e-01 -5.201272e-02 -3.470989e+00 8.790877e-02 5.486312e-02 9.946166e-01 5.885241e+01
9.952439e-01 3.171430e-02 -9.210700e-02 -8.190880e+01 -3.682264e-02 9.978454e-01 -5.430151e-02 -3.531784e+00 9.018641e-02 5.743488e-02 9.942674e-01 5.967786e+01
9.948614e-01 3.352813e-02 -9.553331e-02 -8.199596e+01 -3.912814e-02 9.975865e-01 -5.736075e-02 -3.596362e+00 9.337953e-02 6.080404e-02 9.937722e-01 6.049549e+01
9.944416e-01 3.410212e-02 -9.961354e-02 -8.208651e+01 -4.030986e-02 9.973244e-01 -6.098487e-02 -3.654076e+00 9.726730e-02 6.466130e-02 9.931556e-01 6.131471e+01
9.940437e-01 3.651791e-02 -1.026819e-01 -8.217811e+01 -4.330990e-02 9.969636e-01 -6.471345e-02 -3.721507e+00 1.000069e-01 6.877514e-02 9.926070e-01 6.211643e+01
9.937207e-01 4.124961e-02 -1.040077e-01 -8.227856e+01 -4.812492e-02 9.967576e-01 -6.448430e-02 -3.785856e+00 1.010105e-01 6.908474e-02 9.924838e-01 6.292006e+01
9.931769e-01 4.508891e-02 -1.075483e-01 -8.237239e+01 -5.201483e-02 9.966895e-01 -6.248616e-02 -3.854172e+00 1.043748e-01 6.765392e-02 9.922343e-01 6.371432e+01
9.926080e-01 4.806703e-02 -1.114402e-01 -8.246205e+01 -5.463400e-02 9.968986e-01 -5.664191e-02 -3.916583e+00 1.083719e-01 6.231163e-02 9.921556e-01 6.449023e+01
9.921253e-01 4.827343e-02 -1.155728e-01 -8.255340e+01 -5.441652e-02 9.972354e-01 -5.060043e-02 -3.982251e+00 1.128106e-01 5.649104e-02 9.920093e-01 6.527102e+01
9.915757e-01 4.766235e-02 -1.204408e-01 -8.266212e+01 -5.366607e-02 9.974473e-01 -4.710438e-02 -4.032878e+00 1.178882e-01 5.317114e-02 9.916023e-01 6.606954e+01
9.907803e-01 4.813230e-02 -1.266401e-01 -8.276931e+01 -5.433839e-02 9.974618e-01 -4.601443e-02 -4.088747e+00 1.241039e-01 5.247161e-02 9.908809e-01 6.684628e+01
9.900626e-01 4.625429e-02 -1.328025e-01 -8.285933e+01 -5.224395e-02 9.977518e-01 -4.197576e-02 -4.140753e+00 1.305624e-01 4.849677e-02 9.902533e-01 6.761122e+01
9.891293e-01 4.664074e-02 -1.394557e-01 -8.296850e+01 -5.297684e-02 9.977091e-01 -4.207110e-02 -4.194550e+00 1.371740e-01 4.900168e-02 9.893342e-01 6.837697e+01
9.880860e-01 5.050901e-02 -1.453781e-01 -8.310684e+01 -5.726312e-02 9.974476e-01 -4.265291e-02 -4.242750e+00 1.428527e-01 5.046955e-02 9.884563e-01 6.916351e+01
9.870647e-01 5.282149e-02 -1.513707e-01 -8.323860e+01 -6.050313e-02 9.970798e-01 -4.659592e-02 -4.284222e+00 1.484674e-01 5.515158e-02 9.873782e-01 6.992892e+01
9.864249e-01 5.294463e-02 -1.554439e-01 -8.336287e+01 -6.124009e-02 9.969162e-01 -4.906845e-02 -4.333346e+00 1.523667e-01 5.792174e-02 9.866253e-01 7.068985e+01
9.854709e-01 5.446775e-02 -1.608741e-01 -8.349046e+01 -6.327423e-02 9.967363e-01 -5.013193e-02 -4.383351e+00 1.576184e-01 5.958274e-02 9.857009e-01 7.144868e+01
9.846027e-01 5.655233e-02 -1.654068e-01 -8.363116e+01 -6.480093e-02 9.968875e-01 -4.490051e-02 -4.431002e+00 1.623528e-01 5.492767e-02 9.852028e-01 7.221543e+01
9.835226e-01 5.766665e-02 -1.713416e-01 -8.377253e+01 -6.550511e-02 9.970322e-01 -4.044698e-02 -4.481027e+00 1.685007e-01 5.100427e-02 9.843811e-01 7.297554e+01
9.824586e-01 5.677509e-02 -1.776279e-01 -8.391588e+01 -6.454718e-02 9.971801e-01 -3.828195e-02 -4.528983e+00 1.749535e-01 4.907581e-02 9.833529e-01 7.373394e+01
9.812975e-01 5.408194e-02 -1.847438e-01 -8.406649e+01 -6.281543e-02 9.971516e-01 -4.174824e-02 -4.575474e+00 1.819598e-01 5.257220e-02 9.818996e-01 7.448217e+01
9.797895e-01 5.267763e-02 -1.929705e-01 -8.422391e+01 -6.320178e-02 9.968075e-01 -4.878977e-02 -4.619573e+00 1.897843e-01 5.999978e-02 9.799908e-01 7.522237e+01
9.780712e-01 5.007225e-02 -2.021622e-01 -8.438303e+01 -6.144470e-02 9.968386e-01 -5.037210e-02 -4.666988e+00 1.990008e-01 6.168929e-02 9.780558e-01 7.596164e+01
9.758551e-01 4.974548e-02 -2.126788e-01 -8.455380e+01 -6.106929e-02 9.970261e-01 -4.700627e-02 -4.717131e+00 2.097080e-01 5.885945e-02 9.759908e-01 7.669485e+01
9.733905e-01 4.937888e-02 -2.237693e-01 -8.473201e+01 -5.997005e-02 9.973668e-01 -4.078048e-02 -4.756539e+00 2.211664e-01 5.311479e-02 9.737886e-01 7.743351e+01
9.710950e-01 5.212374e-02 -2.329327e-01 -8.492317e+01 -6.127880e-02 9.976000e-01 -3.223636e-02 -4.800530e+00 2.306933e-01 4.557841e-02 9.719584e-01 7.815766e+01
9.683408e-01 5.307996e-02 -2.439234e-01 -8.511605e+01 -6.180660e-02 9.976881e-01 -2.825728e-02 -4.843725e+00 2.418596e-01 4.243875e-02 9.693827e-01 7.887669e+01
9.652007e-01 5.684655e-02 -2.552570e-01 -8.531714e+01 -6.727824e-02 9.972108e-01 -3.231648e-02 -4.885469e+00 2.527080e-01 4.836513e-02 9.663330e-01 7.957469e+01
9.618713e-01 5.720305e-02 -2.674536e-01 -8.553225e+01 -7.064891e-02 9.966617e-01 -4.091576e-02 -4.930687e+00 2.642203e-01 5.825099e-02 9.627017e-01 8.027671e+01
9.582942e-01 5.626750e-02 -2.801895e-01 -8.572804e+01 -7.185998e-02 9.963680e-01 -4.568288e-02 -4.960990e+00 2.766014e-01 6.391206e-02 9.588571e-01 8.096816e+01
9.548222e-01 5.441906e-02 -2.921526e-01 -8.593617e+01 -6.913206e-02 9.967945e-01 -4.026733e-02 -4.995440e+00 2.890248e-01 5.864525e-02 9.555236e-01 8.165304e+01
9.512569e-01 5.551361e-02 -3.033622e-01 -8.616664e+01 -6.850350e-02 9.971266e-01 -3.233865e-02 -5.037088e+00 3.006953e-01 5.154373e-02 9.523264e-01 8.236792e+01
9.473732e-01 5.598516e-02 -3.151979e-01 -8.639842e+01 -6.768668e-02 9.973601e-01 -2.629198e-02 -5.084274e+00 3.128938e-01 4.624302e-02 9.486617e-01 8.306898e+01
9.432208e-01 5.395937e-02 -3.277544e-01 -8.666033e+01 -6.677007e-02 9.973768e-01 -2.795109e-02 -5.117111e+00 3.253865e-01 4.824823e-02 9.443494e-01 8.377898e+01
9.392437e-01 5.209254e-02 -3.392753e-01 -8.691536e+01 -6.683678e-02 9.972535e-01 -3.191081e-02 -5.153210e+00 3.366812e-01 5.264810e-02 9.401457e-01 8.447591e+01
9.369145e-01 4.816161e-02 -3.462249e-01 -8.717340e+01 -6.524039e-02 9.971520e-01 -3.783732e-02 -5.192227e+00 3.434165e-01 5.803818e-02 9.373882e-01 8.516475e+01
9.341346e-01 4.411207e-02 -3.541844e-01 -8.744182e+01 -6.349670e-02 9.970427e-01 -4.329060e-02 -5.232005e+00 3.512273e-01 6.292879e-02 9.341731e-01 8.586252e+01
9.313288e-01 4.315069e-02 -3.616141e-01 -8.771604e+01 -6.368321e-02 9.969528e-01 -4.505024e-02 -5.267253e+00 3.585683e-01 6.498533e-02 9.312388e-01 8.656436e+01
9.280400e-01 4.707438e-02 -3.694939e-01 -8.799839e+01 -6.835013e-02 9.966597e-01 -4.469497e-02 -5.308187e+00 3.661557e-01 6.673367e-02 9.281576e-01 8.725136e+01
9.249104e-01 4.699230e-02 -3.772697e-01 -8.828373e+01 -6.781184e-02 9.968101e-01 -4.208524e-02 -5.348766e+00 3.740886e-01 6.450843e-02 9.251467e-01 8.794087e+01
9.217938e-01 4.801165e-02 -3.846961e-01 -8.858952e+01 -6.672281e-02 9.971423e-01 -3.543114e-02 -5.384269e+00 3.818956e-01 5.832821e-02 9.223630e-01 8.864581e+01
9.188160e-01 4.936065e-02 -3.915875e-01 -8.887330e+01 -6.501312e-02 9.975243e-01 -2.680536e-02 -5.419250e+00 3.892949e-01 5.008752e-02 9.197504e-01 8.933963e+01
9.158654e-01 5.948068e-02 -3.970549e-01 -8.919772e+01 -7.328980e-02 9.971165e-01 -1.968096e-02 -5.460562e+00 3.947393e-01 4.712519e-02 9.175838e-01 9.003744e+01
9.130207e-01 6.614546e-02 -4.025145e-01 -8.954608e+01 -8.202439e-02 9.963804e-01 -2.231953e-02 -5.490791e+00 3.995812e-01 5.339420e-02 9.151415e-01 9.073521e+01
9.106601e-01 6.105222e-02 -4.086207e-01 -8.986337e+01 -8.014880e-02 9.963386e-01 -2.975775e-02 -5.511272e+00 4.053078e-01 5.984965e-02 9.122190e-01 9.142547e+01
9.099893e-01 5.425698e-02 -4.110665e-01 -9.018748e+01 -7.586628e-02 9.964525e-01 -3.642475e-02 -5.546401e+00 4.076319e-01 6.433222e-02 9.108774e-01 9.212136e+01
9.080401e-01 5.450057e-02 -4.153226e-01 -9.049175e+01 -7.673338e-02 9.963642e-01 -3.701838e-02 -5.579738e+00 4.117950e-01 6.548328e-02 9.089207e-01 9.280695e+01
9.056515e-01 6.096542e-02 -4.196171e-01 -9.082844e+01 -8.163693e-02 9.961654e-01 -3.146432e-02 -5.621451e+00 4.160898e-01 6.275196e-02 9.071557e-01 9.350248e+01
9.030553e-01 6.292256e-02 -4.248905e-01 -9.117231e+01 -8.207984e-02 9.962623e-01 -2.691343e-02 -5.655080e+00 4.216089e-01 5.917925e-02 9.048446e-01 9.420874e+01
9.008114e-01 5.940901e-02 -4.301271e-01 -9.150904e+01 -7.933937e-02 9.964393e-01 -2.853189e-02 -5.697668e+00 4.269005e-01 5.982787e-02 9.023173e-01 9.490546e+01
8.985709e-01 5.737633e-02 -4.350613e-01 -9.185728e+01 -8.043190e-02 9.961542e-01 -3.474934e-02 -5.730930e+00 4.313943e-01 6.621755e-02 8.997301e-01 9.559533e+01
8.960054e-01 5.559864e-02 -4.405487e-01 -9.216370e+01 -8.182328e-02 9.958138e-01 -4.074057e-02 -5.775370e+00 4.364394e-01 7.255091e-02 8.968038e-01 9.626172e+01
8.935466e-01 5.574734e-02 -4.454961e-01 -9.251621e+01 -8.305382e-02 9.956600e-01 -4.199153e-02 -5.810789e+00 4.412217e-01 7.452154e-02 8.942986e-01 9.695072e+01
8.914924e-01 5.892131e-02 -4.491877e-01 -9.287098e+01 -8.475837e-02 9.956915e-01 -3.761009e-02 -5.855318e+00 4.450363e-01 7.160153e-02 8.926454e-01 9.763534e+01
8.893595e-01 6.069783e-02 -4.531617e-01 -9.323185e+01 -8.592870e-02 9.956766e-01 -3.527680e-02 -5.899066e+00 4.490613e-01 7.031336e-02 8.907300e-01 9.832075e+01
8.881492e-01 6.258016e-02 -4.552743e-01 -9.357608e+01 -8.747372e-02 9.955935e-01 -3.379353e-02 -5.941522e+00 4.511533e-01 6.983823e-02 8.897097e-01 9.899715e+01
8.859277e-01 6.085079e-02 -4.598144e-01 -9.393587e+01 -8.623039e-02 9.956820e-01 -3.437442e-02 -5.983981e+00 4.557372e-01 7.010322e-02 8.873495e-01 9.967631e+01
8.839052e-01 5.925678e-02 -4.638967e-01 -9.430211e+01 -8.503120e-02 9.957696e-01 -3.482114e-02 -6.024816e+00 4.598709e-01 7.022428e-02 8.852047e-01 1.003529e+02
8.817247e-01 5.914046e-02 -4.680427e-01 -9.466391e+01 -8.481079e-02 9.958188e-01 -3.394260e-02 -6.066974e+00 4.640783e-01 6.962310e-02 8.830537e-01 1.010220e+02
8.794815e-01 6.085102e-02 -4.720270e-01 -9.503063e+01 -8.679487e-02 9.956675e-01 -3.336059e-02 -6.105702e+00 4.679519e-01 7.030953e-02 8.809527e-01 1.016791e+02
8.771592e-01 6.178709e-02 -4.762081e-01 -9.540188e+01 -8.792478e-02 9.955877e-01 -3.277888e-02 -6.153030e+00 4.720815e-01 7.062278e-02 8.787215e-01 1.023380e+02
8.747637e-01 5.927411e-02 -4.809107e-01 -9.575951e+01 -8.756626e-02 9.954867e-01 -3.658307e-02 -6.193554e+00 4.765718e-01 7.411309e-02 8.760060e-01 1.029843e+02
8.725992e-01 5.542003e-02 -4.852827e-01 -9.612971e+01 -8.602930e-02 9.954482e-01 -4.100976e-02 -6.230922e+00 4.808010e-01 7.753361e-02 8.733951e-01 1.036316e+02
8.707131e-01 5.326957e-02 -4.888979e-01 -9.651366e+01 -8.544588e-02 9.953831e-01 -4.372121e-02 -6.264172e+00 4.843117e-01 7.984294e-02 8.712447e-01 1.042817e+02
8.681254e-01 5.594873e-02 -4.931816e-01 -9.682629e+01 -8.642630e-02 9.954867e-01 -3.919984e-02 -6.317549e+00 4.887626e-01 7.665423e-02 8.690427e-01 1.049007e+02
8.676257e-01 6.015527e-02 -4.935655e-01 -9.717257e+01 -8.595586e-02 9.958554e-01 -2.972567e-02 -6.353326e+00 4.897317e-01 6.821561e-02 8.692005e-01 1.055321e+02
8.662208e-01 6.225616e-02 -4.957678e-01 -9.753797e+01 -8.325355e-02 9.963206e-01 -2.034997e-02 -6.388206e+00 4.926768e-01 5.890200e-02 8.682167e-01 1.061682e+02
8.648377e-01 6.166130e-02 -4.982506e-01 -9.789681e+01 -8.008857e-02 9.966646e-01 -1.567079e-02 -6.418772e+00 4.956225e-01 5.345687e-02 8.668914e-01 1.067782e+02
8.629808e-01 5.835510e-02 -5.018553e-01 -9.823180e+01 -7.714890e-02 9.968789e-01 -1.674797e-02 -6.430832e+00 4.993117e-01 5.317076e-02 8.647894e-01 1.073927e+02
8.612447e-01 5.662530e-02 -5.050258e-01 -9.857781e+01 -7.735679e-02 9.967997e-01 -2.015550e-02 -6.455931e+00 5.022683e-01 5.642599e-02 8.628689e-01 1.079666e+02
8.596660e-01 5.447953e-02 -5.079432e-01 -9.891726e+01 -7.672354e-02 9.967885e-01 -2.293967e-02 -6.481261e+00 5.050622e-01 5.869165e-02 8.610851e-01 1.085293e+02
8.579658e-01 5.305602e-02 -5.109596e-01 -9.923609e+01 -7.583887e-02 9.968352e-01 -2.383565e-02 -6.514554e+00 5.080778e-01 5.920077e-02 8.592742e-01 1.090751e+02
8.566537e-01 5.120220e-02 -5.133447e-01 -9.956015e+01 -7.423121e-02 9.969416e-01 -2.443746e-02 -6.536203e+00 5.105234e-01 5.904064e-02 8.578345e-01 1.096172e+02
8.551038e-01 5.336278e-02 -5.157033e-01 -9.987598e+01 -7.496538e-02 9.969620e-01 -2.114108e-02 -6.618353e+00 5.130085e-01 5.673771e-02 8.565064e-01 1.101365e+02
8.538100e-01 5.345688e-02 -5.178328e-01 -1.001797e+02 -7.429988e-02 9.970437e-01 -1.957992e-02 -6.642674e+00 5.152553e-01 5.519245e-02 8.552577e-01 1.106364e+02
8.538988e-01 5.220843e-02 -5.178139e-01 -1.004591e+02 -7.236333e-02 9.972014e-01 -1.878791e-02 -6.654554e+00 5.153838e-01 5.351371e-02 8.552870e-01 1.111241e+02
8.522923e-01 5.098144e-02 -5.205754e-01 -1.007329e+02 -7.071590e-02 9.973322e-01 -1.810533e-02 -6.686124e+00 5.182635e-01 5.224398e-02 8.536237e-01 1.115946e+02
8.503231e-01 4.990264e-02 -5.238896e-01 -1.009796e+02 -7.064554e-02 9.973076e-01 -1.966684e-02 -6.696656e+00 5.214976e-01 5.373363e-02 8.515591e-01 1.120577e+02
8.489145e-01 5.014462e-02 -5.261460e-01 -1.012439e+02 -7.316836e-02 9.970537e-01 -2.302937e-02 -6.720903e+00 5.234410e-01 5.804721e-02 8.500824e-01 1.124760e+02
8.475221e-01 4.708856e-02 -5.286671e-01 -1.014975e+02 -7.262066e-02 9.969771e-01 -2.761928e-02 -6.729398e+00 5.257685e-01 6.180010e-02 8.483798e-01 1.128659e+02
8.448204e-01 4.361784e-02 -5.332692e-01 -1.017164e+02 -7.003885e-02 9.971109e-01 -2.940060e-02 -6.752119e+00 5.304461e-01 6.218779e-02 8.454346e-01 1.132518e+02
8.424741e-01 3.980788e-02 -5.372641e-01 -1.019523e+02 -6.555048e-02 9.974311e-01 -2.888517e-02 -6.769485e+00 5.347340e-01 5.955293e-02 8.429193e-01 1.136152e+02
8.388635e-01 4.069957e-02 -5.428182e-01 -1.021729e+02 -6.599932e-02 9.974487e-01 -2.720742e-02 -6.784791e+00 5.403260e-01 5.864894e-02 8.394094e-01 1.139611e+02
8.349708e-01 4.479694e-02 -5.484679e-01 -1.023930e+02 -6.967263e-02 9.972662e-01 -2.461427e-02 -6.808897e+00 5.458659e-01 5.876540e-02 8.358092e-01 1.142794e+02
8.306668e-01 5.056587e-02 -5.544689e-01 -1.025989e+02 -7.422770e-02 9.970352e-01 -2.027622e-02 -6.815842e+00 5.517997e-01 5.799974e-02 8.319574e-01 1.145959e+02
8.283597e-01 5.603239e-02 -5.573873e-01 -1.027980e+02 -7.588627e-02 9.970375e-01 -1.254916e-02 -6.825800e+00 5.550329e-01 5.269326e-02 8.301578e-01 1.148947e+02
8.238282e-01 5.786154e-02 -5.638787e-01 -1.029971e+02 -7.550208e-02 9.971136e-01 -7.991457e-03 -6.839755e+00 5.617887e-01 4.915760e-02 8.258190e-01 1.151679e+02
8.183726e-01 5.458319e-02 -5.720900e-01 -1.031741e+02 -7.147274e-02 9.974174e-01 -7.077733e-03 -6.838728e+00 5.702263e-01 4.668107e-02 8.201603e-01 1.154356e+02
8.112285e-01 5.222316e-02 -5.823925e-01 -1.033352e+02 -6.833335e-02 9.976461e-01 -5.724190e-03 -6.845403e+00 5.807227e-01 4.444046e-02 8.128876e-01 1.156707e+02
8.026514e-01 5.047300e-02 -5.943090e-01 -1.035067e+02 -6.587466e-02 9.978190e-01 -4.225868e-03 -6.847292e+00 5.927995e-01 4.254180e-02 8.042257e-01 1.158972e+02
7.925685e-01 5.122787e-02 -6.076273e-01 -1.036754e+02 -6.614626e-02 9.978076e-01 -2.155725e-03 -6.858639e+00 6.061847e-01 4.190083e-02 7.942194e-01 1.160951e+02
7.801957e-01 5.296347e-02 -6.232892e-01 -1.038418e+02 -6.885412e-02 9.976257e-01 -1.415015e-03 -6.865304e+00 6.217344e-01 4.402002e-02 7.819901e-01 1.162838e+02
7.664195e-01 5.155392e-02 -6.402681e-01 -1.040076e+02 -6.948479e-02 9.975789e-01 -2.850994e-03 -6.870495e+00 6.385710e-01 4.667396e-02 7.681462e-01 1.164562e+02
7.512982e-01 4.905706e-02 -6.581370e-01 -1.041599e+02 -7.107365e-02 9.974480e-01 -6.785284e-03 -6.874202e+00 6.561246e-01 5.187397e-02 7.528676e-01 1.166172e+02
7.361322e-01 4.522178e-02 -6.753254e-01 -1.043137e+02 -7.151797e-02 9.973768e-01 -1.117021e-02 -6.872950e+00 6.730487e-01 5.652065e-02 7.374353e-01 1.167693e+02
7.232172e-01 4.606647e-02 -6.890826e-01 -1.044726e+02 -7.618605e-02 9.970048e-01 -1.330836e-02 -6.870105e+00 6.864056e-01 6.212331e-02 7.245606e-01 1.169030e+02
7.070484e-01 5.060522e-02 -7.053521e-01 -1.046345e+02 -8.438652e-02 9.963469e-01 -1.310693e-02 -6.882710e+00 7.021121e-01 6.878945e-02 7.087359e-01 1.170321e+02
6.896151e-01 5.244048e-02 -7.222749e-01 -1.048013e+02 -8.790917e-02 9.960608e-01 -1.161550e-02 -6.877047e+00 7.188205e-01 7.150481e-02 6.915086e-01 1.171645e+02
6.707280e-01 5.098373e-02 -7.399491e-01 -1.049641e+02 -8.555794e-02 9.962934e-01 -8.907848e-03 -6.873515e+00 7.367522e-01 6.928326e-02 6.726039e-01 1.173042e+02
6.507810e-01 5.159294e-02 -7.575106e-01 -1.051316e+02 -8.327222e-02 9.965201e-01 -3.668043e-03 -6.898784e+00 7.546853e-01 6.546668e-02 6.528126e-01 1.174282e+02
6.281397e-01 5.345855e-02 -7.762620e-01 -1.053031e+02 -8.397003e-02 9.964681e-01 6.761002e-04 -6.896446e+00 7.735564e-01 6.475805e-02 6.304101e-01 1.175528e+02
6.035987e-01 5.857171e-02 -7.951340e-01 -1.054842e+02 -8.806921e-02 9.960930e-01 6.520183e-03 -6.900241e+00 7.924093e-01 6.609124e-02 6.063988e-01 1.176639e+02
5.783501e-01 6.268990e-02 -8.133764e-01 -1.056662e+02 -9.086150e-02 9.957895e-01 1.214220e-02 -6.895026e+00 8.107128e-01 6.688216e-02 5.816111e-01 1.177762e+02
5.526013e-01 6.574167e-02 -8.308489e-01 -1.058554e+02 -9.299713e-02 9.955226e-01 1.691883e-02 -6.892009e+00 8.282411e-01 6.791719e-02 5.562408e-01 1.178747e+02
5.262435e-01 6.908643e-02 -8.475228e-01 -1.060427e+02 -9.635637e-02 9.951192e-01 2.128830e-02 -6.891165e+00 8.448569e-01 7.046139e-02 5.303319e-01 1.179640e+02
5.021959e-01 7.495222e-02 -8.614995e-01 -1.062357e+02 -1.003353e-01 9.945585e-01 2.803994e-02 -6.896629e+00 8.589133e-01 7.235727e-02 5.069835e-01 1.180453e+02
4.741836e-01 7.820546e-02 -8.769457e-01 -1.064291e+02 -1.025398e-01 9.941742e-01 3.321433e-02 -6.895164e+00 8.744344e-01 7.417213e-02 4.794403e-01 1.181183e+02
4.438888e-01 7.805130e-02 -8.926761e-01 -1.066222e+02 -1.010556e-01 9.942045e-01 3.667793e-02 -6.898021e+00 8.903654e-01 7.392896e-02 4.492038e-01 1.181978e+02
4.107757e-01 7.478856e-02 -9.086638e-01 -1.068366e+02 -1.000273e-01 9.943106e-01 3.661892e-02 -6.891809e+00 9.062328e-01 7.584900e-02 4.159196e-01 1.182789e+02
3.763254e-01 7.168501e-02 -9.237102e-01 -1.070509e+02 -9.856039e-02 9.944422e-01 3.702008e-02 -6.898229e+00 9.212302e-01 7.710964e-02 3.812991e-01 1.183377e+02
3.370838e-01 6.964980e-02 -9.388948e-01 -1.072897e+02 -9.665317e-02 9.945507e-01 3.907791e-02 -6.890126e+00 9.365002e-01 7.757463e-02 3.419788e-01 1.183974e+02
2.953837e-01 6.793083e-02 -9.529606e-01 -1.075557e+02 -9.526738e-02 9.945917e-01 4.136898e-02 -6.865460e+00 9.506170e-01 7.856633e-02 3.002578e-01 1.184562e+02
2.518556e-01 6.730342e-02 -9.654217e-01 -1.078198e+02 -9.260653e-02 9.946770e-01 4.518408e-02 -6.863794e+00 9.633238e-01 7.802448e-02 2.567478e-01 1.184960e+02
2.038921e-01 6.400946e-02 -9.768986e-01 -1.081192e+02 -8.938593e-02 9.949094e-01 4.653352e-02 -6.838345e+00 9.749042e-01 7.783317e-02 2.085758e-01 1.185406e+02
1.540068e-01 6.262927e-02 -9.860829e-01 -1.084337e+02 -8.701483e-02 9.949713e-01 4.960379e-02 -6.826053e+00 9.842308e-01 7.816452e-02 1.586820e-01 1.185688e+02
1.030649e-01 6.373300e-02 -9.926307e-01 -1.087799e+02 -8.444125e-02 9.949032e-01 5.511137e-02 -6.817188e+00 9.910839e-01 7.813893e-02 1.079213e-01 1.186289e+02
5.058569e-02 6.508624e-02 -9.965966e-01 -1.091318e+02 -8.116390e-02 9.948414e-01 6.085186e-02 -6.794344e+00 9.954162e-01 7.780944e-02 5.560739e-02 1.186187e+02
-3.377731e-03 6.789302e-02 -9.976869e-01 -1.094910e+02 -7.510537e-02 9.948574e-01 6.795475e-02 -6.777592e+00 9.971699e-01 7.516118e-02 1.738770e-03 1.185961e+02
-5.761555e-02 6.938098e-02 -9.959251e-01 -1.098543e+02 -6.920332e-02 9.949050e-01 7.331342e-02 -6.746401e+00 9.959374e-01 7.314531e-02 -5.252060e-02 1.185559e+02
-1.116390e-01 7.067160e-02 -9.912327e-01 -1.102250e+02 -6.255986e-02 9.949897e-01 7.798536e-02 -6.715545e+00 9.917777e-01 7.071759e-02 -1.066585e-01 1.184903e+02
-1.649754e-01 7.360265e-02 -9.835475e-01 -1.105965e+02 -5.516051e-02 9.949624e-01 8.370921e-02 -6.697007e+00 9.847540e-01 6.806294e-02 -1.600843e-01 1.184029e+02
-2.170918e-01 7.487964e-02 -9.732750e-01 -1.110136e+02 -4.986599e-02 9.949010e-01 8.766621e-02 -6.661925e+00 9.748767e-01 6.756494e-02 -2.122509e-01 1.182913e+02
-2.669294e-01 7.676212e-02 -9.606541e-01 -1.114397e+02 -4.270977e-02 9.949011e-01 9.136609e-02 -6.632815e+00 9.627692e-01 6.541761e-02 -2.622898e-01 1.181511e+02
-3.152222e-01 7.842297e-02 -9.457721e-01 -1.118596e+02 -3.447143e-02 9.949760e-01 9.399213e-02 -6.597680e+00 9.483916e-01 6.223052e-02 -3.109352e-01 1.179892e+02
-3.618070e-01 8.041775e-02 -9.287781e-01 -1.122940e+02 -2.562738e-02 9.950380e-01 9.613802e-02 -6.562335e+00 9.319007e-01 5.858555e-02 -3.579508e-01 1.177954e+02
-4.021307e-01 8.308845e-02 -9.118043e-01 -1.127201e+02 -1.666215e-02 9.950447e-01 9.802222e-02 -6.515866e+00 9.154306e-01 5.461037e-02 -3.987537e-01 1.175719e+02
-4.436357e-01 8.394025e-02 -8.922676e-01 -1.131468e+02 -1.031660e-02 9.950598e-01 9.873986e-02 -6.463004e+00 8.961478e-01 5.300969e-02 -4.405780e-01 1.173353e+02
-4.819892e-01 8.494169e-02 -8.720501e-01 -1.135534e+02 -5.054584e-03 9.950035e-01 9.971163e-02 -6.421348e+00 8.761626e-01 5.246778e-02 -4.791516e-01 1.170956e+02
-5.154957e-01 8.537752e-02 -8.526282e-01 -1.139940e+02 -9.627221e-04 9.949656e-01 1.002125e-01 -6.368300e+00 8.568916e-01 5.247993e-02 -5.128183e-01 1.168001e+02
-5.438034e-01 8.543748e-02 -8.348523e-01 -1.144223e+02 2.093087e-03 9.949392e-01 1.004571e-01 -6.318787e+00 8.392101e-01 5.288151e-02 -5.412301e-01 1.165109e+02
-5.663935e-01 8.420377e-02 -8.198220e-01 -1.148688e+02 2.869848e-03 9.949622e-01 1.002097e-01 -6.268790e+00 8.241300e-01 5.440534e-02 -5.637818e-01 1.161810e+02
-5.838826e-01 8.208219e-02 -8.076779e-01 -1.153262e+02 2.447677e-03 9.950491e-01 9.935476e-02 -6.215933e+00 8.118344e-01 5.603458e-02 -5.811927e-01 1.158257e+02
-5.976923e-01 8.164768e-02 -7.975572e-01 -1.158014e+02 2.758508e-03 9.950043e-01 9.979353e-02 -6.162905e+00 8.017208e-01 5.744576e-02 -5.949317e-01 1.154630e+02
-6.087010e-01 8.229861e-02 -7.891198e-01 -1.163003e+02 4.599389e-03 9.949549e-01 1.002177e-01 -6.100567e+00 7.933864e-01 5.737314e-02 -6.060086e-01 1.150637e+02
-6.182006e-01 8.304246e-02 -7.816213e-01 -1.168227e+02 5.977749e-03 9.948714e-01 1.009710e-01 -6.041826e+00 7.859976e-01 5.774803e-02 -6.155266e-01 1.146416e+02
-6.230696e-01 8.493219e-02 -7.775415e-01 -1.173386e+02 8.410932e-03 9.947571e-01 1.019191e-01 -5.983035e+00 7.821212e-01 5.696282e-02 -6.205172e-01 1.142277e+02
-6.294483e-01 8.441266e-02 -7.724437e-01 -1.178759e+02 7.654460e-03 9.947072e-01 1.024642e-01 -5.918802e+00 7.770047e-01 5.858325e-02 -6.267629e-01 1.137832e+02
-6.350240e-01 8.438069e-02 -7.678700e-01 -1.184070e+02 7.779660e-03 9.946645e-01 1.028692e-01 -5.854736e+00 7.724532e-01 5.935067e-02 -6.322923e-01 1.133406e+02
-6.394250e-01 8.472218e-02 -7.641713e-01 -1.189402e+02 8.493112e-03 9.946279e-01 1.031658e-01 -5.790580e+00 7.688065e-01 5.947659e-02 -6.367096e-01 1.128941e+02
-6.426714e-01 8.547551e-02 -7.613590e-01 -1.194955e+02 9.498155e-03 9.945695e-01 1.036399e-01 -5.727985e+00 7.660831e-01 5.937487e-02 -6.399932e-01 1.124251e+02
-6.449657e-01 8.620469e-02 -7.593339e-01 -1.200689e+02 1.044535e-02 9.945191e-01 1.040324e-01 -5.659924e+00 7.641402e-01 5.916581e-02 -6.423311e-01 1.119393e+02
-6.458003e-01 8.668332e-02 -7.585697e-01 -1.206494e+02 1.107580e-02 9.944933e-01 1.042135e-01 -5.591204e+00 7.634261e-01 5.889935e-02 -6.432041e-01 1.114384e+02
-6.466363e-01 8.613079e-02 -7.579202e-01 -1.212435e+02 1.096451e-02 9.945516e-01 1.036672e-01 -5.521784e+00 7.627197e-01 5.872475e-02 -6.440575e-01 1.109334e+02
-6.473724e-01 8.584745e-02 -7.573237e-01 -1.218450e+02 1.152394e-02 9.946253e-01 1.028962e-01 -5.453937e+00 7.620867e-01 5.788483e-02 -6.448823e-01 1.104169e+02
-6.479772e-01 8.514195e-02 -7.568860e-01 -1.224575e+02 1.166527e-02 9.947253e-01 1.019097e-01 -5.379990e+00 7.615704e-01 5.720588e-02 -6.455525e-01 1.098906e+02
-6.458781e-01 8.657944e-02 -7.585153e-01 -1.230947e+02 1.253357e-02 9.946172e-01 1.028565e-01 -5.302457e+00 7.633377e-01 5.692586e-02 -6.434866e-01 1.093446e+02
-6.466746e-01 8.719015e-02 -7.577663e-01 -1.237414e+02 1.078851e-02 9.943915e-01 1.052099e-01 -5.223754e+00 7.626897e-01 5.986137e-02 -6.439884e-01 1.087895e+02
-6.474859e-01 8.778448e-02 -7.570046e-01 -1.243861e+02 9.490410e-03 9.941952e-01 1.071724e-01 -5.143809e+00 7.620183e-01 6.220834e-02 -6.445604e-01 1.082319e+02
-6.481701e-01 8.783407e-02 -7.564131e-01 -1.250480e+02 9.920656e-03 9.942153e-01 1.069465e-01 -5.064302e+00 7.614310e-01 6.181538e-02 -6.452920e-01 1.076617e+02
-6.489432e-01 8.676438e-02 -7.558735e-01 -1.257207e+02 1.094326e-02 9.944380e-01 1.047533e-01 -4.980830e+00 7.607582e-01 5.970723e-02 -6.462833e-01 1.070822e+02
-6.493697e-01 8.597854e-02 -7.555969e-01 -1.263986e+02 1.154031e-02 9.945879e-01 1.032552e-01 -4.899948e+00 7.603853e-01 5.833097e-02 -6.468475e-01 1.064985e+02
-6.497985e-01 8.768682e-02 -7.550317e-01 -1.270760e+02 1.449657e-02 9.945726e-01 1.030302e-01 -4.813727e+00 7.599683e-01 5.600349e-02 -6.475429e-01 1.059070e+02
-6.505190e-01 8.871612e-02 -7.542907e-01 -1.277838e+02 1.687674e-02 9.945976e-01 1.024250e-01 -4.731097e+00 7.593024e-01 5.389941e-02 -6.485019e-01 1.053038e+02
-6.515368e-01 8.668725e-02 -7.536479e-01 -1.284850e+02 1.680481e-02 9.948552e-01 9.990383e-02 -4.650299e+00 7.584309e-01 5.242611e-02 -6.496415e-01 1.046911e+02
-6.528161e-01 8.306744e-02 -7.529482e-01 -1.292027e+02 1.664296e-02 9.953023e-01 9.537499e-02 -4.568491e+00 7.573336e-01 4.973104e-02 -6.511318e-01 1.040665e+02
-6.511333e-01 7.950744e-02 -7.547874e-01 -1.299234e+02 1.520163e-02 9.956645e-01 9.176682e-02 -4.485766e+00 7.588111e-01 4.827843e-02 -6.495189e-01 1.034514e+02
-6.512716e-01 7.736740e-02 -7.548904e-01 -1.306664e+02 1.262111e-02 9.957559e-01 9.116458e-02 -4.410524e+00 7.587397e-01 4.984535e-02 -6.494840e-01 1.028042e+02
-6.509971e-01 7.794024e-02 -7.550683e-01 -1.313893e+02 1.125459e-02 9.955964e-01 9.306486e-02 -4.336630e+00 7.589968e-01 5.208697e-02 -6.490076e-01 1.021605e+02
-6.511202e-01 7.954483e-02 -7.547948e-01 -1.321403e+02 1.052953e-02 9.953437e-01 9.581208e-02 -4.256603e+00 7.589016e-01 5.443754e-02 -6.489260e-01 1.015137e+02
-6.512004e-01 8.193729e-02 -7.544696e-01 -1.328844e+02 1.154617e-02 9.951090e-01 9.810557e-02 -4.172560e+00 7.588180e-01 5.517515e-02 -6.489614e-01 1.008730e+02
-6.511872e-01 8.416955e-02 -7.542352e-01 -1.336249e+02 1.294551e-02 9.949181e-01 9.985195e-02 -4.087253e+00 7.588068e-01 5.525835e-02 -6.489675e-01 1.002259e+02
-6.514294e-01 8.469806e-02 -7.539669e-01 -1.343776e+02 1.313202e-02 9.948592e-01 1.004130e-01 -4.000863e+00 7.585956e-01 5.551086e-02 -6.491927e-01 9.957829e+01
-6.513155e-01 8.532263e-02 -7.539948e-01 -1.351203e+02 1.389074e-02 9.948323e-01 1.005769e-01 -3.912248e+00 7.586799e-01 5.503375e-02 -6.491349e-01 9.892487e+01
-6.516106e-01 8.407188e-02 -7.538803e-01 -1.358601e+02 1.184588e-02 9.948458e-01 1.007052e-01 -3.829833e+00 7.584611e-01 5.669019e-02 -6.492480e-01 9.827474e+01
-6.516483e-01 8.482977e-02 -7.537628e-01 -1.366173e+02 1.215003e-02 9.947666e-01 1.014487e-01 -3.740652e+00 7.584239e-01 5.695065e-02 -6.492687e-01 9.761409e+01
-6.489974e-01 8.636437e-02 -7.558727e-01 -1.373629e+02 1.235747e-02 9.946014e-01 1.030308e-01 -3.657194e+00 7.606903e-01 5.752603e-02 -6.465610e-01 9.696744e+01
-6.490179e-01 8.699163e-02 -7.557831e-01 -1.381149e+02 1.222505e-02 9.945052e-01 1.039708e-01 -3.572772e+00 7.606749e-01 5.823940e-02 -6.465152e-01 9.631647e+01
-6.494107e-01 8.639973e-02 -7.555137e-01 -1.388621e+02 1.199180e-02 9.945645e-01 1.034296e-01 -3.488395e+00 7.603433e-01 5.810833e-02 -6.469169e-01 9.566080e+01
-6.496869e-01 8.609770e-02 -7.553106e-01 -1.396118e+02 1.260084e-02 9.946490e-01 1.025411e-01 -3.404338e+00 7.600974e-01 5.710206e-02 -6.472953e-01 9.500154e+01
-6.505494e-01 8.569880e-02 -7.546132e-01 -1.403582e+02 1.301021e-02 9.947248e-01 1.017514e-01 -3.323531e+00 7.593525e-01 5.637663e-02 -6.482326e-01 9.435125e+01
-6.512321e-01 8.650895e-02 -7.539317e-01 -1.411128e+02 1.408896e-02 9.946883e-01 1.019645e-01 -3.238921e+00 7.587478e-01 5.578043e-02 -6.489917e-01 9.368792e+01
-6.518853e-01 8.533388e-02 -7.535010e-01 -1.418622e+02 1.317124e-02 9.947725e-01 1.012629e-01 -3.150601e+00 7.582032e-01 5.608722e-02 -6.496015e-01 9.301217e+01
-6.522943e-01 8.392912e-02 -7.533047e-01 -1.425992e+02 1.199864e-02 9.948694e-01 1.004532e-01 -3.069044e+00 7.578708e-01 5.648642e-02 -6.499547e-01 9.235680e+01
-6.530150e-01 8.227292e-02 -7.528629e-01 -1.433380e+02 1.084799e-02 9.949960e-01 9.932397e-02 -2.988793e+00 7.572672e-01 5.669300e-02 -6.506399e-01 9.172105e+01
-6.533727e-01 8.094595e-02 -7.526964e-01 -1.440803e+02 9.026835e-03 9.950295e-01 9.917108e-02 -2.907017e+00 7.569826e-01 5.800121e-02 -6.508557e-01 9.107291e+01
-6.508751e-01 7.977163e-02 -7.549821e-01 -1.448232e+02 6.280966e-03 9.949960e-01 9.971670e-02 -2.825051e+00 7.591588e-01 6.016111e-02 -6.481192e-01 9.042891e+01
-6.502391e-01 7.836145e-02 -7.556775e-01 -1.455639e+02 4.388368e-03 9.950373e-01 9.940626e-02 -2.747662e+00 7.597169e-01 6.132165e-02 -6.473561e-01 8.979003e+01
-6.492806e-01 7.700297e-02 -7.566408e-01 -1.463087e+02 3.496126e-03 9.951530e-01 9.827619e-02 -2.669395e+00 7.605410e-01 6.116350e-02 -6.464027e-01 8.914240e+01
-6.480808e-01 7.379795e-02 -7.579875e-01 -1.470449e+02 1.241114e-03 9.953949e-01 9.585087e-02 -2.577851e+00 7.615706e-01 6.117836e-02 -6.451880e-01 8.850226e+01
-6.466529e-01 7.430045e-02 -7.591570e-01 -1.477719e+02 1.630355e-03 9.953770e-01 9.603109e-02 -2.499438e+00 7.627826e-01 6.086109e-02 -6.437846e-01 8.788802e+01
-6.457110e-01 7.656629e-02 -7.597335e-01 -1.485252e+02 3.154696e-03 9.952190e-01 9.761740e-02 -2.416540e+00 7.635754e-01 6.063590e-02 -6.428654e-01 8.725268e+01
-6.444153e-01 8.226560e-02 -7.602377e-01 -1.492736e+02 6.078947e-03 9.947159e-01 1.024858e-01 -2.338564e+00 7.646515e-01 6.142195e-02 -6.415102e-01 8.662021e+01
-6.435983e-01 8.903529e-02 -7.601670e-01 -1.500193e+02 8.500169e-03 9.939808e-01 1.092243e-01 -2.257590e+00 7.653162e-01 6.383500e-02 -6.404812e-01 8.599592e+01
-6.432752e-01 9.062722e-02 -7.602524e-01 -1.507567e+02 8.837749e-03 9.937825e-01 1.109877e-01 -2.181267e+00 7.655840e-01 6.467670e-02 -6.400766e-01 8.538304e+01
-6.432913e-01 8.685983e-02 -7.606784e-01 -1.514741e+02 8.135778e-03 9.942631e-01 1.066520e-01 -2.098935e+00 7.655783e-01 6.241957e-02 -6.403075e-01 8.479412e+01
-6.406930e-01 8.428927e-02 -7.631564e-01 -1.522187e+02 9.025637e-03 9.947140e-01 1.022871e-01 -2.009140e+00 7.677441e-01 5.864665e-02 -6.380671e-01 8.416899e+01
-6.407769e-01 8.426658e-02 -7.630885e-01 -1.529599e+02 9.125293e-03 9.947238e-01 1.021830e-01 -1.928889e+00 7.676729e-01 5.851312e-02 -6.381650e-01 8.355672e+01
-6.409570e-01 8.645163e-02 -7.626928e-01 -1.537188e+02 8.581776e-03 9.943821e-01 1.055017e-01 -1.841566e+00 7.675288e-01 6.107680e-02 -6.380980e-01 8.291251e+01
-6.412068e-01 8.800333e-02 -7.623052e-01 -1.544597e+02 9.467154e-03 9.942339e-01 1.068148e-01 -1.760510e+00 7.673097e-01 6.127351e-02 -6.383426e-01 8.229372e+01
-6.414560e-01 8.708457e-02 -7.622011e-01 -1.551961e+02 9.607707e-03 9.943702e-01 1.055251e-01 -1.690978e+00 7.670997e-01 6.036673e-02 -6.386814e-01 8.165509e+01
-6.420265e-01 8.606066e-02 -7.618369e-01 -1.559274e+02 1.020912e-02 9.945515e-01 1.037456e-01 -1.604454e+00 7.666145e-01 5.882974e-02 -6.394070e-01 8.103495e+01
-6.426974e-01 8.684649e-02 -7.611818e-01 -1.566504e+02 1.019417e-02 9.944356e-01 1.048521e-01 -1.517226e+00 7.660523e-01 5.962853e-02 -6.400065e-01 8.042517e+01
-6.431918e-01 9.036439e-02 -7.603542e-01 -1.573854e+02 1.094586e-02 9.939955e-01 1.088723e-01 -1.430972e+00 7.656268e-01 6.170304e-02 -6.403189e-01 7.979986e+01
-6.436575e-01 9.329408e-02 -7.596060e-01 -1.581020e+02 1.197427e-02 9.936482e-01 1.118924e-01 -1.348439e+00 7.652200e-01 6.292468e-02 -6.406862e-01 7.920160e+01
-6.441208e-01 9.446130e-02 -7.590688e-01 -1.588343e+02 1.325161e-02 9.935748e-01 1.123992e-01 -1.261472e+00 7.648090e-01 6.233978e-02 -6.412339e-01 7.857989e+01
-6.420161e-01 9.534422e-02 -7.607397e-01 -1.595547e+02 1.546911e-02 9.936463e-01 1.114797e-01 -1.175133e+00 7.665351e-01 5.980378e-02 -6.394118e-01 7.796638e+01
-6.426153e-01 9.380972e-02 -7.604245e-01 -1.602835e+02 1.535604e-02 9.938539e-01 1.096297e-01 -1.090918e+00 7.660351e-01 5.877264e-02 -6.401062e-01 7.734323e+01
-6.427185e-01 9.131295e-02 -7.606411e-01 -1.610070e+02 1.262908e-02 9.939992e-01 1.086558e-01 -1.011509e+00 7.659983e-01 6.022889e-02 -6.400149e-01 7.672055e+01
-6.421155e-01 8.917568e-02 -7.614035e-01 -1.617342e+02 1.011935e-02 9.941106e-01 1.078964e-01 -9.250474e-01 7.665411e-01 6.157704e-02 -6.392363e-01 7.609176e+01
-6.416880e-01 8.782902e-02 -7.619203e-01 -1.624497e+02 8.459889e-03 9.941716e-01 1.074765e-01 -8.428074e-01 7.669191e-01 6.252061e-02 -6.386911e-01 7.547676e+01
-6.414368e-01 8.624928e-02 -7.623122e-01 -1.631575e+02 6.101061e-03 9.942023e-01 1.073521e-01 -7.597245e-01 7.671516e-01 6.420865e-02 -6.382442e-01 7.489414e+01
-6.410729e-01 8.562546e-02 -7.626886e-01 -1.638756e+02 4.430657e-03 9.941533e-01 1.078874e-01 -6.764764e-01 7.674672e-01 6.578444e-02 -6.377040e-01 7.430032e+01
-6.404289e-01 8.544516e-02 -7.632496e-01 -1.646054e+02 4.341030e-03 9.941788e-01 1.076550e-01 -5.891548e-01 7.680052e-01 6.563210e-02 -6.370718e-01 7.366616e+01
-6.402318e-01 8.343893e-02 -7.636368e-01 -1.653206e+02 2.818786e-03 9.943320e-01 1.062826e-01 -5.072841e-01 7.681766e-01 6.589299e-02 -6.368382e-01 7.307127e+01
-6.397320e-01 8.213589e-02 -7.641968e-01 -1.660262e+02 2.190339e-03 9.944644e-01 1.050515e-01 -4.323465e-01 7.685949e-01 6.553093e-02 -6.363706e-01 7.247875e+01
-6.366589e-01 8.365540e-02 -7.665945e-01 -1.667590e+02 3.754652e-03 9.944229e-01 1.053992e-01 -3.465549e-01 7.711364e-01 6.422501e-02 -6.334223e-01 7.185800e+01
-6.357839e-01 8.714023e-02 -7.669325e-01 -1.674755e+02 7.401839e-03 9.942495e-01 1.068323e-01 -2.675567e-01 7.718316e-01 6.224555e-02 -6.327728e-01 7.127169e+01
-6.355709e-01 8.819883e-02 -7.669880e-01 -1.681878e+02 9.097403e-03 9.942397e-01 1.067927e-01 -1.862800e-01 7.719889e-01 6.089674e-02 -6.327122e-01 7.069151e+01
-6.351903e-01 8.557050e-02 -7.676008e-01 -1.689011e+02 7.972797e-03 9.945172e-01 1.042692e-01 -1.090559e-01 7.723145e-01 6.011083e-02 -6.323899e-01 7.009426e+01
-6.349055e-01 8.306238e-02 -7.681117e-01 -1.695880e+02 8.816664e-03 9.949181e-01 1.003012e-01 -3.457736e-02 7.725395e-01 5.690958e-02 -6.324113e-01 6.953803e+01
-6.340626e-01 8.154273e-02 -7.689703e-01 -1.702817e+02 8.998757e-03 9.951353e-01 9.810557e-02 4.264948e-02 7.732293e-01 5.528530e-02 -6.317119e-01 6.896457e+01
-6.336074e-01 8.010979e-02 -7.694960e-01 -1.709694e+02 5.535884e-03 9.950685e-01 9.903517e-02 1.179951e-01 7.736349e-01 5.848958e-02 -6.309263e-01 6.839484e+01
-6.335622e-01 8.051777e-02 -7.694907e-01 -1.716566e+02 4.901702e-03 9.949678e-01 1.000754e-01 1.871257e-01 7.736763e-01 5.963215e-02 -6.307686e-01 6.783123e+01
-6.338504e-01 8.029428e-02 -7.692766e-01 -1.723408e+02 4.779119e-03 9.949845e-01 9.991506e-02 2.493098e-01 7.734409e-01 5.965473e-02 -6.310550e-01 6.727460e+01
-6.339667e-01 7.968377e-02 -7.692443e-01 -1.729984e+02 4.735795e-03 9.950590e-01 9.917229e-02 3.136027e-01 7.733459e-01 5.922895e-02 -6.312116e-01 6.673700e+01
-6.318888e-01 8.066156e-02 -7.708503e-01 -1.736611e+02 5.596699e-03 9.950188e-01 9.953071e-02 3.872428e-01 7.750388e-01 5.857813e-02 -6.291927e-01 6.622411e+01
-6.321727e-01 8.015905e-02 -7.706700e-01 -1.743017e+02 4.964673e-03 9.950329e-01 9.942305e-02 4.470150e-01 7.748116e-01 5.902641e-02 -6.294305e-01 6.570561e+01
-6.328775e-01 7.907145e-02 -7.702037e-01 -1.750011e+02 3.462210e-03 9.950505e-01 9.931000e-02 5.207252e-01 7.742442e-01 6.018446e-02 -6.300189e-01 6.516889e+01
-6.330537e-01 7.873062e-02 -7.700938e-01 -1.756219e+02 3.235456e-03 9.950750e-01 9.907189e-02 5.798374e-01 7.741011e-01 6.022622e-02 -6.301907e-01 6.465487e+01
-6.333258e-01 7.967670e-02 -7.697727e-01 -1.762328e+02 3.701529e-03 9.949863e-01 9.994243e-02 6.411247e-01 7.738764e-01 6.044679e-02 -6.304455e-01 6.414922e+01
-6.342219e-01 8.117444e-02 -7.688779e-01 -1.768957e+02 3.635673e-03 9.947752e-01 1.020246e-01 6.889843e-01 7.731425e-01 6.191088e-02 -6.312034e-01 6.365340e+01
-6.345064e-01 8.305308e-02 -7.684425e-01 -1.774934e+02 3.545447e-03 9.945123e-01 1.045592e-01 7.472997e-01 7.729095e-01 6.361899e-02 -6.313189e-01 6.316910e+01
-6.345557e-01 8.479395e-02 -7.682116e-01 -1.781015e+02 4.350113e-03 9.943395e-01 1.061603e-01 8.062607e-01 7.728649e-01 6.402282e-02 -6.313326e-01 6.266535e+01
-6.346619e-01 8.642333e-02 -7.679423e-01 -1.786864e+02 5.780603e-03 9.942301e-01 1.071122e-01 8.718252e-01 7.727683e-01 6.354083e-02 -6.314996e-01 6.217250e+01
-6.352020e-01 8.770558e-02 -7.673501e-01 -1.792730e+02 7.125804e-03 9.941547e-01 1.077299e-01 9.389824e-01 7.723132e-01 6.296228e-02 -6.321140e-01 6.169917e+01
-6.331934e-01 8.914071e-02 -7.688434e-01 -1.798348e+02 8.632809e-03 9.940974e-01 1.081473e-01 1.002320e+00 7.739455e-01 6.184086e-02 -6.302254e-01 6.123822e+01
-6.339958e-01 8.918487e-02 -7.681766e-01 -1.803866e+02 8.369162e-03 9.940609e-01 1.085026e-01 1.065708e+00 7.732912e-01 6.236121e-02 -6.309769e-01 6.076535e+01
-6.348390e-01 8.983657e-02 -7.674040e-01 -1.809159e+02 9.864389e-03 9.940789e-01 1.082120e-01 1.126986e+00 7.725815e-01 6.112724e-02 -6.319662e-01 6.032812e+01
-6.369364e-01 8.983296e-02 -7.656645e-01 -1.814424e+02 1.162622e-02 9.941938e-01 1.069740e-01 1.178966e+00 7.708287e-01 5.923386e-02 -6.342826e-01 5.989410e+01
-6.402889e-01 9.036259e-02 -7.628006e-01 -1.819509e+02 1.448243e-02 9.943000e-01 1.056299e-01 1.233442e+00 7.679977e-01 5.658647e-02 -6.379479e-01 5.946187e+01
-6.454440e-01 9.159965e-02 -7.582951e-01 -1.824453e+02 1.759166e-02 9.943024e-01 1.051349e-01 1.283762e+00 7.636050e-01 5.451905e-02 -6.433779e-01 5.903379e+01
-6.529259e-01 9.279115e-02 -7.517164e-01 -1.829329e+02 2.068756e-02 9.942819e-01 1.047644e-01 1.339934e+00 7.571392e-01 5.285222e-02 -6.511120e-01 5.859701e+01
-6.618012e-01 9.455470e-02 -7.436926e-01 -1.834095e+02 2.435872e-02 9.942025e-01 1.047286e-01 1.402558e+00 7.492836e-01 5.119412e-02 -6.602676e-01 5.817063e+01
-6.717884e-01 9.587424e-02 -7.345124e-01 -1.838673e+02 2.702529e-02 9.941007e-01 1.050403e-01 1.450314e+00 7.402500e-01 5.071441e-02 -6.704163e-01 5.773551e+01
-6.838695e-01 9.803345e-02 -7.229882e-01 -1.843176e+02 3.132039e-02 9.939630e-01 1.051505e-01 1.504662e+00 7.289318e-01 4.926494e-02 -6.828114e-01 5.729614e+01
-6.954046e-01 1.018398e-01 -7.113657e-01 -1.847373e+02 3.770814e-02 9.937148e-01 1.053990e-01 1.553578e+00 7.176284e-01 4.647070e-02 -6.948740e-01 5.687200e+01
-7.112696e-01 1.038261e-01 -6.952091e-01 -1.851444e+02 4.287098e-02 9.935975e-01 1.045276e-01 1.607339e+00 7.016107e-01 4.454303e-02 -7.111669e-01 5.644277e+01
-7.293231e-01 1.051416e-01 -6.760422e-01 -1.855245e+02 4.611383e-02 9.934284e-01 1.047550e-01 1.655813e+00 6.826136e-01 4.522535e-02 -7.293788e-01 5.600347e+01
-7.491114e-01 1.041759e-01 -6.542014e-01 -1.858798e+02 4.610080e-02 9.933613e-01 1.053951e-01 1.700971e+00 6.608380e-01 4.879345e-02 -7.489408e-01 5.556246e+01
-7.694497e-01 1.028404e-01 -6.303737e-01 -1.862025e+02 4.551294e-02 9.932716e-01 1.064901e-01 1.742364e+00 6.370838e-01 5.324863e-02 -7.689531e-01 5.512508e+01
-7.910661e-01 1.006051e-01 -6.034012e-01 -1.865083e+02 4.498406e-02 9.932801e-01 1.066350e-01 1.789795e+00 6.100745e-01 5.721189e-02 -7.902759e-01 5.467877e+01
-8.136200e-01 9.923738e-02 -5.728651e-01 -1.867920e+02 4.583753e-02 9.932070e-01 1.069518e-01 1.831501e+00 5.795872e-01 6.075938e-02 -8.126419e-01 5.422577e+01
-8.366793e-01 1.000508e-01 -5.384770e-01 -1.870542e+02 4.949478e-02 9.929624e-01 1.075913e-01 1.876015e+00 5.454521e-01 6.336762e-02 -8.357431e-01 5.376731e+01
-8.609224e-01 9.575986e-02 -4.996425e-01 -1.872776e+02 4.824550e-02 9.930665e-01 1.071972e-01 1.908959e+00 5.064434e-01 6.818297e-02 -8.595732e-01 5.333283e+01
-8.843120e-01 8.813535e-02 -4.585025e-01 -1.874756e+02 4.483788e-02 9.935137e-01 1.044989e-01 1.950748e+00 4.647385e-01 7.185137e-02 -8.825279e-01 5.286391e+01
-9.046109e-01 7.758692e-02 -4.191174e-01 -1.876452e+02 3.837201e-02 9.941247e-01 1.012111e-01 1.990390e+00 4.245076e-01 7.547430e-02 -9.022732e-01 5.240124e+01
-9.238120e-01 6.877953e-02 -3.766175e-01 -1.877859e+02 3.423251e-02 9.946295e-01 9.767404e-02 2.027507e+00 3.813129e-01 7.733989e-02 -9.212052e-01 5.193347e+01
-9.416299e-01 6.123843e-02 -3.310332e-01 -1.879184e+02 3.217247e-02 9.951848e-01 9.258588e-02 2.062749e+00 3.351090e-01 7.653148e-02 -9.390660e-01 5.147231e+01
-9.574562e-01 5.874578e-02 -2.825360e-01 -1.880417e+02 3.467065e-02 9.953857e-01 8.947206e-02 2.099857e+00 2.864884e-01 7.586987e-02 -9.550750e-01 5.100413e+01
-9.708296e-01 5.767216e-02 -2.327314e-01 -1.881376e+02 3.799919e-02 9.953822e-01 8.814929e-02 2.137392e+00 2.367404e-01 7.673433e-02 -9.685380e-01 5.052212e+01
-9.814496e-01 5.734250e-02 -1.829439e-01 -1.882034e+02 4.173565e-02 9.952414e-01 8.804985e-02 2.172864e+00 1.871223e-01 7.878121e-02 -9.791725e-01 5.004787e+01
-9.899623e-01 4.937452e-02 -1.324266e-01 -1.882267e+02 3.756444e-02 9.952110e-01 9.024389e-02 2.197950e+00 1.362481e-01 8.436352e-02 -9.870761e-01 4.959862e+01
-9.958761e-01 3.903174e-02 -8.189867e-02 -1.882186e+02 3.127250e-02 9.950834e-01 9.397349e-02 2.227217e+00 8.516396e-02 9.102477e-02 -9.922004e-01 4.912598e+01
-9.989120e-01 3.496571e-02 -3.085851e-02 -1.881904e+02 3.188979e-02 9.949578e-01 9.508923e-02 2.268742e+00 3.402778e-02 9.400170e-02 -9.949903e-01 4.867286e+01
-9.990450e-01 3.800465e-02 2.155862e-02 -1.881569e+02 3.984693e-02 9.948980e-01 9.268339e-02 2.302168e+00 -1.792622e-02 9.345392e-02 -9.954622e-01 4.821210e+01
-9.963993e-01 4.670037e-02 7.076431e-02 -1.881057e+02 5.288840e-02 9.946927e-01 8.825709e-02 2.335361e+00 -6.626710e-02 9.168191e-02 -9.935809e-01 4.775792e+01
-9.912280e-01 4.953127e-02 1.225302e-01 -1.880339e+02 5.994724e-02 9.947586e-01 8.283455e-02 2.367343e+00 -1.177851e-01 8.945328e-02 -9.890019e-01 4.730544e+01
-9.836787e-01 4.994912e-02 1.728623e-01 -1.879257e+02 6.424116e-02 9.948740e-01 7.809435e-02 2.396040e+00 -1.680755e-01 8.792462e-02 -9.818451e-01 4.687072e+01
-9.736398e-01 4.890363e-02 2.227868e-01 -1.878023e+02 6.672000e-02 9.950863e-01 7.315471e-02 2.418337e+00 -2.181146e-01 8.609067e-02 -9.721185e-01 4.642522e+01
-9.609209e-01 4.996067e-02 2.722773e-01 -1.876570e+02 7.102442e-02 9.951501e-01 6.805741e-02 2.449762e+00 -2.675566e-01 8.473613e-02 -9.598090e-01 4.602338e+01
-9.452885e-01 5.525539e-02 3.215220e-01 -1.875013e+02 8.010364e-02 9.946933e-01 6.456442e-02 2.470418e+00 -3.162483e-01 8.678709e-02 -9.446984e-01 4.562196e+01
-9.286499e-01 5.758930e-02 3.664599e-01 -1.873121e+02 8.558083e-02 9.944874e-01 6.058722e-02 2.494941e+00 -3.609506e-01 8.762626e-02 -9.284591e-01 4.517162e+01
-9.114855e-01 5.250695e-02 4.079671e-01 -1.870886e+02 8.394786e-02 9.946900e-01 5.953699e-02 2.513806e+00 -4.026746e-01 8.851507e-02 -9.110534e-01 4.475379e+01
-8.934018e-01 4.788600e-02 4.466991e-01 -1.868460e+02 8.368549e-02 9.946389e-01 6.074667e-02 2.543926e+00 -4.413954e-01 9.165342e-02 -8.926196e-01 4.431928e+01
-8.760168e-01 4.767881e-02 4.799181e-01 -1.865915e+02 8.806283e-02 9.941851e-01 6.197507e-02 2.555546e+00 -4.741725e-01 9.655414e-02 -8.751216e-01 4.396678e+01
-8.601883e-01 5.188245e-02 5.073306e-01 -1.863269e+02 9.620329e-02 9.934589e-01 6.151780e-02 2.569578e+00 -5.008204e-01 1.017238e-01 -8.595529e-01 4.352431e+01
-8.444199e-01 5.067525e-02 5.332796e-01 -1.860390e+02 9.713876e-02 9.934963e-01 5.940642e-02 2.609966e+00 -5.268009e-01 1.019661e-01 -8.438506e-01 4.305128e+01
-8.306224e-01 4.879336e-02 5.546941e-01 -1.857491e+02 9.736179e-02 9.935343e-01 5.839797e-02 2.622519e+00 -5.482582e-01 1.025127e-01 -8.300025e-01 4.267510e+01
-8.188107e-01 4.764649e-02 5.720829e-01 -1.854562e+02 9.714745e-02 9.936772e-01 5.628581e-02 2.631699e+00 -5.657839e-01 1.016638e-01 -8.182622e-01 4.230961e+01
-8.085932e-01 4.737572e-02 5.864576e-01 -1.851570e+02 9.766891e-02 9.937318e-01 5.438699e-02 2.657007e+00 -5.802049e-01 1.012556e-01 -8.081519e-01 4.187789e+01
-8.005410e-01 4.671459e-02 5.974545e-01 -1.848478e+02 9.708559e-02 9.938970e-01 5.237471e-02 2.679641e+00 -5.913615e-01 9.993232e-02 -8.001906e-01 4.148222e+01
-7.940219e-01 4.537912e-02 6.061930e-01 -1.845271e+02 9.553202e-02 9.941337e-01 5.071257e-02 2.696430e+00 -6.003357e-01 9.817773e-02 -7.936991e-01 4.106748e+01
-7.886992e-01 4.477134e-02 6.131469e-01 -1.842049e+02 9.351090e-02 9.944764e-01 4.766872e-02 2.715029e+00 -6.076259e-01 9.493219e-02 -7.885294e-01 4.066982e+01
-7.839629e-01 4.629761e-02 6.190789e-01 -1.838776e+02 9.461124e-02 9.944768e-01 4.543815e-02 2.733399e+00 -6.135560e-01 9.419365e-02 -7.840132e-01 4.024100e+01
-7.800988e-01 4.802802e-02 6.238102e-01 -1.835354e+02 9.680959e-02 9.943071e-01 4.451105e-02 2.753309e+00 -6.181212e-01 9.511383e-02 -7.803074e-01 3.977298e+01
-7.788392e-01 5.222178e-02 6.250459e-01 -1.832151e+02 1.011152e-01 9.939471e-01 4.295168e-02 2.762687e+00 -6.190196e-01 9.665408e-02 -7.794054e-01 3.938816e+01
-7.765548e-01 5.133919e-02 6.279546e-01 -1.828564e+02 9.921654e-02 9.942037e-01 4.141296e-02 2.773977e+00 -6.221887e-01 9.446291e-02 -7.771473e-01 3.892372e+01
-7.747118e-01 4.856897e-02 6.304464e-01 -1.824588e+02 9.463186e-02 9.947223e-01 3.965409e-02 2.794878e+00 -6.251932e-01 9.038081e-02 -7.752192e-01 3.838449e+01
-7.733436e-01 4.663104e-02 6.322699e-01 -1.820607e+02 9.233630e-02 9.949417e-01 3.955988e-02 2.820040e+00 -6.272270e-01 8.897484e-02 -7.737375e-01 3.787259e+01
-7.726489e-01 4.826194e-02 6.329964e-01 -1.816784e+02 9.496070e-02 9.946741e-01 4.007350e-02 2.844811e+00 -6.276911e-01 9.107252e-02 -7.731169e-01 3.740377e+01
-7.723532e-01 5.263738e-02 6.330086e-01 -1.812791e+02 1.005976e-01 9.941197e-01 4.007695e-02 2.865023e+00 -6.271767e-01 9.463273e-02 -7.731067e-01 3.688279e+01
-7.728051e-01 5.394376e-02 6.323467e-01 -1.808870e+02 1.015093e-01 9.940598e-01 3.925632e-02 2.874761e+00 -6.264727e-01 9.452656e-02 -7.736903e-01 3.641507e+01
-7.729209e-01 5.389291e-02 6.322095e-01 -1.804682e+02 9.805383e-02 9.945621e-01 3.509597e-02 2.892161e+00 -6.268802e-01 8.911697e-02 -7.740022e-01 3.588732e+01
-7.731400e-01 5.699215e-02 6.316695e-01 -1.800524e+02 9.651295e-02 9.949276e-01 2.836129e-02 2.910699e+00 -6.268491e-01 8.289154e-02 -7.747188e-01 3.538297e+01
-7.736464e-01 5.882769e-02 6.308808e-01 -1.796254e+02 9.512822e-02 9.951791e-01 2.385794e-02 2.932718e+00 -6.264359e-01 7.847218e-02 -7.755129e-01 3.487669e+01
-7.749601e-01 6.269723e-02 6.288926e-01 -1.791796e+02 9.898670e-02 9.948276e-01 2.279850e-02 2.949490e+00 -6.242103e-01 7.991993e-02 -7.771579e-01 3.430222e+01
-7.754167e-01 5.943894e-02 6.286462e-01 -1.787335e+02 9.646276e-02 9.950250e-01 2.490367e-02 2.966435e+00 -6.240384e-01 7.995167e-02 -7.772926e-01 3.375087e+01
-7.757657e-01 5.360032e-02 6.287404e-01 -1.782607e+02 9.102429e-02 9.954704e-01 2.744533e-02 2.975407e+00 -6.244214e-01 7.852179e-02 -7.771308e-01 3.316501e+01
-7.752137e-01 5.171154e-02 6.295790e-01 -1.777956e+02 9.000160e-02 9.955178e-01 2.905228e-02 2.975452e+00 -6.252547e-01 7.918484e-02 -7.763931e-01 3.257370e+01
-7.754758e-01 5.007159e-02 6.293887e-01 -1.773115e+02 8.877877e-02 9.955940e-01 3.017978e-02 2.994591e+00 -6.251045e-01 7.928004e-02 -7.765044e-01 3.201986e+01
-7.750573e-01 4.875087e-02 6.300076e-01 -1.767975e+02 8.954962e-02 9.954309e-01 3.313922e-02 3.016610e+00 -6.255134e-01 8.210173e-02 -7.758816e-01 3.134313e+01
-7.758170e-01 4.660741e-02 6.292342e-01 -1.763022e+02 9.020620e-02 9.952167e-01 3.750436e-02 3.027464e+00 -6.244764e-01 8.585735e-02 -7.763103e-01 3.077368e+01
-7.758266e-01 4.273810e-02 6.294970e-01 -1.757886e+02 8.639851e-02 9.955011e-01 3.889524e-02 3.053885e+00 -6.250027e-01 8.456357e-02 -7.760288e-01 3.014120e+01
-7.754190e-01 4.223453e-02 6.300331e-01 -1.752670e+02 8.347043e-02 9.958607e-01 3.597406e-02 3.080856e+00 -6.259058e-01 8.048410e-02 -7.757346e-01 2.949443e+01
-7.750261e-01 4.454667e-02 6.303571e-01 -1.747342e+02 8.369800e-02 9.959603e-01 3.252351e-02 3.113282e+00 -6.263619e-01 7.796620e-02 -7.756237e-01 2.885419e+01
-7.753072e-01 4.792578e-02 6.297634e-01 -1.741973e+02 8.778850e-02 9.956150e-01 3.230964e-02 3.138654e+00 -6.254534e-01 8.033587e-02 -7.761148e-01 2.817308e+01
-7.753572e-01 4.581392e-02 6.298590e-01 -1.736497e+02 8.936351e-02 9.952886e-01 3.761249e-02 3.165472e+00 -6.251683e-01 8.544952e-02 -7.757983e-01 2.748584e+01
-7.755312e-01 4.709731e-02 6.295500e-01 -1.731012e+02 9.271338e-02 9.948978e-01 3.978256e-02 3.191679e+00 -6.244642e-01 8.922032e-02 -7.759408e-01 2.682021e+01
-7.752765e-01 4.848498e-02 6.297583e-01 -1.725483e+02 9.384028e-02 9.948257e-01 3.893249e-02 3.215364e+00 -6.246122e-01 8.928015e-02 -7.758149e-01 2.614670e+01
-7.749896e-01 5.282919e-02 6.297620e-01 -1.719661e+02 9.594850e-02 9.947839e-01 3.462494e-02 3.253834e+00 -6.246478e-01 8.725868e-02 -7.760161e-01 2.541019e+01
-7.747112e-01 5.861255e-02 6.295928e-01 -1.713867e+02 9.999242e-02 9.945220e-01 3.045424e-02 3.269704e+00 -6.243590e-01 8.654776e-02 -7.763281e-01 2.471584e+01
-7.747027e-01 6.019404e-02 6.294541e-01 -1.708045e+02 9.975495e-02 9.946275e-01 2.765853e-02 3.301016e+00 -6.244075e-01 8.421831e-02 -7.765453e-01 2.398046e+01
-7.752152e-01 5.983216e-02 6.288573e-01 -1.702153e+02 9.863044e-02 9.947594e-01 2.693968e-02 3.310929e+00 -6.239499e-01 8.290852e-02 -7.770539e-01 2.325544e+01
-7.755619e-01 5.755219e-02 6.286426e-01 -1.696208e+02 9.727342e-02 9.948371e-01 2.892979e-02 3.335381e+00 -6.237320e-01 8.358706e-02 -7.771561e-01 2.251302e+01
-7.756343e-01 5.427242e-02 6.288449e-01 -1.690243e+02 9.571458e-02 9.948881e-01 3.219321e-02 3.355428e+00 -6.238831e-01 8.515978e-02 -7.768640e-01 2.175278e+01
-7.768133e-01 5.487079e-02 6.273359e-01 -1.684273e+02 9.757736e-02 9.946528e-01 3.382878e-02 3.370677e+00 -6.221252e-01 8.749243e-02 -7.780137e-01 2.100394e+01
-7.764016e-01 5.800246e-02 6.275637e-01 -1.678417e+02 1.025556e-01 9.941114e-01 3.499787e-02 3.396441e+00 -6.218383e-01 9.153255e-02 -7.777782e-01 2.024352e+01
-7.762395e-01 6.235980e-02 6.273464e-01 -1.672611e+02 1.088547e-01 9.934077e-01 3.594282e-02 3.422368e+00 -6.209693e-01 9.618982e-02 -7.779104e-01 1.950507e+01
-7.760291e-01 6.304512e-02 6.275381e-01 -1.666727e+02 1.120308e-01 9.929476e-01 3.878438e-02 3.446413e+00 -6.206673e-01 1.004014e-01 -7.776192e-01 1.875828e+01
-7.758967e-01 6.159219e-02 6.278461e-01 -1.660800e+02 1.144182e-01 9.924561e-01 4.403812e-02 3.484242e+00 -6.203973e-01 1.060061e-01 -7.770906e-01 1.800371e+01
-7.752434e-01 6.070564e-02 6.287388e-01 -1.654957e+02 1.173345e-01 9.918875e-01 4.890689e-02 3.516809e+00 -6.206692e-01 1.116875e-01 -7.760771e-01 1.723290e+01
-7.753071e-01 6.306802e-02 6.284276e-01 -1.649002e+02 1.187195e-01 9.918182e-01 4.692995e-02 3.550250e+00 -6.203261e-01 1.109917e-01 -7.764511e-01 1.649483e+01
-7.759827e-01 6.608038e-02 6.272833e-01 -1.643056e+02 1.162978e-01 9.924358e-01 3.931957e-02 3.570916e+00 -6.199401e-01 1.034629e-01 -7.777980e-01 1.580038e+01
-7.759981e-01 7.194331e-02 6.266188e-01 -1.637298e+02 1.167122e-01 9.926954e-01 3.056189e-02 3.594383e+00 -6.198429e-01 9.685003e-02 -7.787265e-01 1.505101e+01
-7.763885e-01 7.438545e-02 6.258495e-01 -1.631556e+02 1.174774e-01 9.926878e-01 2.774876e-02 3.607198e+00 -6.192091e-01 9.506698e-02 -7.794500e-01 1.434274e+01
-7.775241e-01 7.437775e-02 6.244391e-01 -1.625771e+02 1.185274e-01 9.925165e-01 2.936515e-02 3.623451e+00 -6.175820e-01 9.684523e-02 -7.805213e-01 1.360164e+01
-7.778400e-01 7.317060e-02 6.241883e-01 -1.620066e+02 1.189546e-01 9.923870e-01 3.190396e-02 3.635900e+00 -6.171019e-01 9.906623e-02 -7.806223e-01 1.287727e+01
-7.781215e-01 7.190335e-02 6.239846e-01 -1.614268e+02 1.179064e-01 9.924873e-01 3.266484e-02 3.659709e+00 -6.169481e-01 9.898901e-02 -7.807536e-01 1.212474e+01
-7.802397e-01 6.929731e-02 6.216300e-01 -1.608587e+02 1.146450e-01 9.928510e-01 3.321697e-02 3.678490e+00 -6.148841e-01 9.718395e-02 -7.826064e-01 1.139981e+01
-7.840836e-01 6.713251e-02 6.170139e-01 -1.603009e+02 1.116900e-01 9.931656e-01 3.387379e-02 3.697427e+00 -6.105229e-01 9.547417e-02 -7.862229e-01 1.065913e+01
-7.895674e-01 6.563619e-02 6.101437e-01 -1.597520e+02 1.095168e-01 9.933735e-01 3.486007e-02 3.714091e+00 -6.038124e-01 9.434536e-02 -7.915235e-01 9.937034e+00
-7.959252e-01 6.700410e-02 6.016756e-01 -1.592153e+02 1.099030e-01 9.933342e-01 3.476472e-02 3.737560e+00 -5.953355e-01 9.379605e-02 -7.979836e-01 9.174216e+00
-8.045331e-01 6.822096e-02 5.899767e-01 -1.587054e+02 1.108028e-01 9.931810e-01 3.625361e-02 3.776910e+00 -5.834803e-01 9.453831e-02 -8.066060e-01 8.465510e+00
-8.139536e-01 6.943159e-02 5.767658e-01 -1.582332e+02 1.138739e-01 9.926402e-01 4.120822e-02 3.774614e+00 -5.696598e-01 9.922015e-02 -8.158696e-01 7.706987e+00
-8.253778e-01 7.032652e-02 5.601836e-01 -1.577443e+02 1.153532e-01 9.922870e-01 4.538848e-02 3.814449e+00 -5.526709e-01 1.020816e-01 -8.271241e-01 6.948722e+00
-8.386168e-01 7.329066e-02 5.397688e-01 -1.572956e+02 1.172442e-01 9.919681e-01 4.746660e-02 3.854522e+00 -5.319546e-01 1.030911e-01 -8.404740e-01 6.176205e+00
-8.532394e-01 7.708217e-02 5.157915e-01 -1.568595e+02 1.194859e-01 9.916028e-01 4.946800e-02 3.897536e+00 -5.076472e-01 1.038379e-01 -8.552847e-01 5.409428e+00
-8.688611e-01 8.021280e-02 4.885144e-01 -1.564169e+02 1.213866e-01 9.911815e-01 5.314605e-02 3.933660e+00 -4.799434e-01 1.054756e-01 -8.709358e-01 4.602574e+00
-8.842285e-01 8.338459e-02 4.595509e-01 -1.560164e+02 1.226208e-01 9.908641e-01 5.614609e-02 3.975779e+00 -4.506708e-01 1.059965e-01 -8.863750e-01 3.797786e+00
-8.989168e-01 8.586597e-02 4.296227e-01 -1.556110e+02 1.224798e-01 9.907600e-01 5.825248e-02 3.993118e+00 -4.206510e-01 1.049842e-01 -9.011276e-01 2.963286e+00
-9.123383e-01 9.141298e-02 3.991021e-01 -1.552729e+02 1.223453e-01 9.910889e-01 5.267295e-02 4.010776e+00 -3.907306e-01 9.688380e-02 -9.153923e-01 2.135033e+00
-9.251967e-01 9.584709e-02 3.671843e-01 -1.549391e+02 1.209864e-01 9.915871e-01 4.601350e-02 4.042742e+00 -3.596850e-01 8.699583e-02 -9.290094e-01 1.297665e+00
-9.372021e-01 9.517257e-02 3.355510e-01 -1.546321e+02 1.158757e-01 9.923678e-01 4.217774e-02 4.080195e+00 -3.289758e-01 7.841128e-02 -9.410774e-01 4.595271e-01
-9.477856e-01 9.115661e-02 3.056025e-01 -1.543707e+02 1.097345e-01 9.929805e-01 4.413600e-02 4.109399e+00 -2.994340e-01 7.536661e-02 -9.511357e-01 -3.870382e-01
-9.565421e-01 8.916557e-02 2.776268e-01 -1.541253e+02 1.062124e-01 9.932345e-01 4.694908e-02 4.112204e+00 -2.715623e-01 7.439618e-02 -9.595411e-01 -1.227185e+00
-9.632754e-01 9.215179e-02 2.522074e-01 -1.539157e+02 1.072653e-01 9.931275e-01 4.681697e-02 4.149386e+00 -2.461598e-01 7.215075e-02 -9.665400e-01 -2.070457e+00
-9.681804e-01 9.553702e-02 2.312994e-01 -1.537424e+02 1.089622e-01 9.929833e-01 4.595095e-02 4.191666e+00 -2.252864e-01 6.969170e-02 -9.717968e-01 -2.895814e+00
-9.726758e-01 9.421369e-02 2.121924e-01 -1.535476e+02 1.067824e-01 9.930965e-01 4.854711e-02 4.231580e+00 -2.061538e-01 6.987900e-02 -9.760213e-01 -3.764723e+00
-9.768728e-01 9.002005e-02 1.939482e-01 -1.533922e+02 1.025517e-01 9.931752e-01 5.555242e-02 4.257710e+00 -1.876237e-01 7.415737e-02 -9.794376e-01 -4.626722e+00
-9.803324e-01 8.965508e-02 1.758133e-01 -1.532418e+02 1.014099e-01 9.930914e-01 5.903812e-02 4.298122e+00 -1.693057e-01 7.570619e-02 -9.826516e-01 -5.509995e+00
-9.833534e-01 8.934373e-02 1.582204e-01 -1.530998e+02 9.992286e-02 9.931720e-01 6.020579e-02 4.332041e+00 -1.517611e-01 7.501341e-02 -9.855666e-01 -6.388674e+00
-9.858148e-01 8.938256e-02 1.420563e-01 -1.529776e+02 9.832270e-02 9.935094e-01 5.719953e-02 4.370380e+00 -1.360216e-01 7.035549e-02 -9.882046e-01 -7.278110e+00
-9.874878e-01 9.257989e-02 1.276588e-01 -1.528633e+02 1.002576e-01 9.934360e-01 5.507617e-02 4.408561e+00 -1.217219e-01 6.718581e-02 -9.902878e-01 -8.176891e+00
-9.882985e-01 9.761414e-02 1.172077e-01 -1.527419e+02 1.050828e-01 9.926929e-01 5.931652e-02 4.447814e+00 -1.105611e-01 7.093894e-02 -9.913344e-01 -9.105290e+00
-9.885900e-01 1.016909e-01 1.111249e-01 -1.526579e+02 1.097721e-01 9.915458e-01 6.918767e-02 4.494501e+00 -1.031497e-01 8.059666e-02 -9.913951e-01 -1.002925e+01
-9.885288e-01 1.052191e-01 1.083500e-01 -1.525627e+02 1.139526e-01 9.904329e-01 7.783008e-02 4.554272e+00 -9.912415e-02 8.928403e-02 -9.910614e-01 -1.096206e+01
-9.888870e-01 1.034802e-01 1.067442e-01 -1.524617e+02 1.120485e-01 9.906638e-01 7.765501e-02 4.619540e+00 -9.771186e-02 8.875256e-02 -9.912494e-01 -1.188968e+01
-9.893751e-01 9.997927e-02 1.055510e-01 -1.523515e+02 1.081596e-01 9.913123e-01 7.484317e-02 4.682127e+00 -9.715121e-02 8.546432e-02 -9.915934e-01 -1.284612e+01
-9.899924e-01 9.494952e-02 1.044015e-01 -1.522472e+02 1.025879e-01 9.922299e-01 7.039604e-02 4.742016e+00 -9.690622e-02 8.040187e-02 -9.920407e-01 -1.379815e+01
-9.908526e-01 8.673158e-02 1.033866e-01 -1.521176e+02 9.406711e-02 9.932190e-01 6.831811e-02 4.798930e+00 -9.676023e-02 7.741846e-02 -9.922922e-01 -1.477559e+01
-9.912836e-01 8.177346e-02 1.032953e-01 -1.519991e+02 8.905779e-02 9.937033e-01 6.798925e-02 4.857286e+00 -9.708518e-02 7.659588e-02 -9.923243e-01 -1.577490e+01
-9.914607e-01 7.895356e-02 1.037885e-01 -1.518814e+02 8.647241e-02 9.937881e-01 7.005486e-02 4.911971e+00 -9.761266e-02 7.843148e-02 -9.921292e-01 -1.678147e+01
-9.916318e-01 7.636797e-02 1.040880e-01 -1.517580e+02 8.404377e-02 9.938961e-01 7.146492e-02 4.970111e+00 -9.799505e-02 7.961484e-02 -9.919972e-01 -1.779280e+01
-9.916111e-01 7.568450e-02 1.047822e-01 -1.516390e+02 8.343378e-02 9.939336e-01 7.165806e-02 5.028213e+00 -9.872314e-02 7.979931e-02 -9.919102e-01 -1.880920e+01
-9.916394e-01 7.351182e-02 1.060534e-01 -1.515228e+02 8.123550e-02 9.942025e-01 7.044266e-02 5.086185e+00 -1.002602e-01 7.846902e-02 -9.918621e-01 -1.982520e+01
-9.916090e-01 7.276330e-02 1.068512e-01 -1.514048e+02 8.034620e-02 9.944131e-01 6.846188e-02 5.145172e+00 -1.012728e-01 7.647250e-02 -9.919152e-01 -2.084797e+01
-9.917611e-01 7.010636e-02 1.072152e-01 -1.512821e+02 7.752174e-02 9.947616e-01 6.663165e-02 5.194659e+00 -1.019822e-01 7.439419e-02 -9.920006e-01 -2.188221e+01
-9.920723e-01 6.631424e-02 1.067471e-01 -1.511605e+02 7.358941e-02 9.951209e-01 6.571927e-02 5.248414e+00 -1.018681e-01 7.305372e-02 -9.921119e-01 -2.292086e+01
-9.923302e-01 6.421865e-02 1.056252e-01 -1.510487e+02 7.140247e-02 9.952817e-01 6.569619e-02 5.300442e+00 -1.009080e-01 7.273422e-02 -9.922335e-01 -2.395611e+01
-9.926423e-01 6.224573e-02 1.038591e-01 -1.509249e+02 6.937337e-02 9.953727e-01 6.648659e-02 5.351635e+00 -9.924003e-02 7.320246e-02 -9.923673e-01 -2.499117e+01
-9.928639e-01 6.040326e-02 1.028240e-01 -1.508234e+02 6.748024e-02 9.954821e-01 6.679698e-02 5.416567e+00 -9.832467e-02 7.325889e-02 -9.924542e-01 -2.606294e+01
-9.930361e-01 5.931068e-02 1.017912e-01 -1.507129e+02 6.630653e-02 9.955623e-01 6.677688e-02 5.472627e+00 -9.737894e-02 7.306128e-02 -9.925620e-01 -2.711416e+01
-9.932008e-01 5.919147e-02 1.002419e-01 -1.505858e+02 6.623668e-02 9.954516e-01 6.847522e-02 5.517510e+00 -9.573283e-02 7.464934e-02 -9.926040e-01 -2.812911e+01
-9.933133e-01 5.829981e-02 9.964822e-02 -1.504964e+02 6.552255e-02 9.953352e-01 7.081478e-02 5.559321e+00 -9.505489e-02 7.687047e-02 -9.924996e-01 -2.924443e+01
-9.935587e-01 5.584425e-02 9.860247e-02 -1.503883e+02 6.314149e-02 9.953673e-01 7.250559e-02 5.617603e+00 -9.409666e-02 7.826447e-02 -9.924820e-01 -3.032059e+01
-9.936181e-01 5.517871e-02 9.837860e-02 -1.502753e+02 6.232447e-02 9.955198e-01 7.110517e-02 5.676465e+00 -9.401435e-02 7.678278e-02 -9.926055e-01 -3.134920e+01
-9.936769e-01 5.568898e-02 9.749380e-02 -1.501619e+02 6.248910e-02 9.957166e-01 6.814312e-02 5.730557e+00 -9.328137e-02 7.380454e-02 -9.929005e-01 -3.238309e+01
-9.937862e-01 5.485240e-02 9.685192e-02 -1.500530e+02 6.145009e-02 9.958920e-01 6.650540e-02 5.788949e+00 -9.280607e-02 7.204370e-02 -9.930744e-01 -3.340848e+01
-9.938930e-01 5.456529e-02 9.591293e-02 -1.499470e+02 6.110762e-02 9.959034e-01 6.665088e-02 5.836513e+00 -9.188319e-02 7.210485e-02 -9.931558e-01 -3.444219e+01
-9.941602e-01 5.299139e-02 9.400729e-02 -1.498414e+02 5.947460e-02 9.959411e-01 6.755836e-02 5.887705e+00 -9.004571e-02 7.275488e-02 -9.932766e-01 -3.546721e+01
-9.944396e-01 5.217204e-02 9.147696e-02 -1.497428e+02 5.860219e-02 9.958888e-01 6.907517e-02 5.939779e+00 -8.749709e-02 7.405183e-02 -9.934086e-01 -3.650614e+01
-9.946918e-01 5.236970e-02 8.857518e-02 -1.496439e+02 5.857673e-02 9.958960e-01 6.899252e-02 5.987409e+00 -8.459854e-02 7.381474e-02 -9.936772e-01 -3.752097e+01
-9.950408e-01 5.098804e-02 8.540522e-02 -1.495428e+02 5.690247e-02 9.960400e-01 6.831136e-02 6.037398e+00 -8.158395e-02 7.283236e-02 -9.940018e-01 -3.852796e+01
-9.953981e-01 4.954797e-02 8.202181e-02 -1.494467e+02 5.514203e-02 9.962009e-01 6.740327e-02 6.088843e+00 -7.837050e-02 7.161594e-02 -9.943486e-01 -3.953975e+01
-9.956911e-01 4.814358e-02 7.925526e-02 -1.493723e+02 5.364744e-02 9.961838e-01 6.884633e-02 6.140578e+00 -7.563830e-02 7.280152e-02 -9.944741e-01 -4.058593e+01
-9.957812e-01 4.860722e-02 7.782709e-02 -1.492855e+02 5.414760e-02 9.960243e-01 7.073618e-02 6.182874e+00 -7.407939e-02 7.465192e-02 -9.944543e-01 -4.159900e+01
-9.960179e-01 4.781465e-02 7.524711e-02 -1.492181e+02 5.323847e-02 9.959967e-01 7.180659e-02 6.243030e+00 -7.151246e-02 7.552669e-02 -9.945761e-01 -4.264422e+01
-9.961952e-01 4.766804e-02 7.295853e-02 -1.491433e+02 5.292427e-02 9.960073e-01 7.189269e-02 6.303942e+00 -6.924024e-02 7.548043e-02 -9.947404e-01 -4.368784e+01
-9.963997e-01 4.719727e-02 7.042805e-02 -1.490518e+02 5.222603e-02 9.960825e-01 7.135823e-02 6.349706e+00 -6.678423e-02 7.477949e-02 -9.949613e-01 -4.471020e+01
-9.965007e-01 4.802916e-02 6.840695e-02 -1.489750e+02 5.287582e-02 9.960812e-01 7.089705e-02 6.377684e+00 -6.473375e-02 7.426603e-02 -9.951352e-01 -4.571947e+01
-9.966716e-01 4.630720e-02 6.709159e-02 -1.489123e+02 5.104841e-02 9.961857e-01 7.076794e-02 6.436918e+00 -6.355861e-02 7.395732e-02 -9.952340e-01 -4.674031e+01
-9.968736e-01 4.393896e-02 6.566914e-02 -1.488345e+02 4.858595e-02 9.962975e-01 7.092792e-02 6.504481e+00 -6.230950e-02 7.389676e-02 -9.953174e-01 -4.773935e+01
-9.969763e-01 4.253405e-02 6.503142e-02 -1.487683e+02 4.704850e-02 9.964690e-01 6.954136e-02 6.550982e+00 -6.184392e-02 7.239072e-02 -9.954571e-01 -4.874242e+01
-9.970488e-01 4.171446e-02 6.444770e-02 -1.487069e+02 4.590132e-02 9.968347e-01 6.491209e-02 6.601577e+00 -6.153593e-02 6.767876e-02 -9.958077e-01 -4.975212e+01
-9.971478e-01 3.954694e-02 6.428225e-02 -1.486403e+02 4.353090e-02 9.971385e-01 6.180500e-02 6.655816e+00 -6.165411e-02 6.442698e-02 -9.960160e-01 -5.073764e+01
-9.969502e-01 4.100390e-02 6.640032e-02 -1.485708e+02 4.508312e-02 9.971101e-01 6.114767e-02 6.694342e+00 -6.370114e-02 6.395471e-02 -9.959176e-01 -5.176012e+01
-9.968813e-01 4.132338e-02 6.723060e-02 -1.485133e+02 4.548645e-02 9.970628e-01 6.161758e-02 6.753961e+00 -6.448688e-02 6.448350e-02 -9.958330e-01 -5.278029e+01
-9.968071e-01 4.228558e-02 6.773183e-02 -1.484310e+02 4.651367e-02 9.969846e-01 6.211372e-02 6.802597e+00 -6.490108e-02 6.506585e-02 -9.957682e-01 -5.376823e+01
-9.966745e-01 4.396563e-02 6.860780e-02 -1.483649e+02 4.831652e-02 9.968368e-01 6.310190e-02 6.841160e+00 -6.561647e-02 6.620695e-02 -9.956461e-01 -5.473658e+01
-9.965561e-01 4.473095e-02 6.982224e-02 -1.482982e+02 4.920066e-02 9.967577e-01 6.366588e-02 6.882771e+00 -6.674802e-02 6.688192e-02 -9.955257e-01 -5.571877e+01
-9.965252e-01 4.432059e-02 7.052055e-02 -1.482246e+02 4.887156e-02 9.967413e-01 6.417392e-02 6.927372e+00 -6.744652e-02 6.739738e-02 -9.954439e-01 -5.667143e+01
-9.965065e-01 4.317255e-02 7.149121e-02 -1.481576e+02 4.779334e-02 9.967895e-01 6.423766e-02 6.972099e+00 -6.848838e-02 6.743004e-02 -9.953705e-01 -5.764921e+01
-9.965019e-01 4.210574e-02 7.218783e-02 -1.480845e+02 4.670132e-02 9.969075e-01 6.320221e-02 7.016052e+00 -6.930341e-02 6.635238e-02 -9.953866e-01 -5.860143e+01
-9.962884e-01 4.398276e-02 7.399246e-02 -1.480102e+02 4.860154e-02 9.969030e-01 6.182534e-02 7.054565e+00 -7.104406e-02 6.519202e-02 -9.953405e-01 -5.956931e+01
-9.960538e-01 4.437162e-02 7.686378e-02 -1.479317e+02 4.907609e-02 9.969648e-01 6.043788e-02 7.098964e+00 -7.394875e-02 6.397155e-02 -9.952081e-01 -6.053283e+01
-9.956436e-01 4.432374e-02 8.203182e-02 -1.478515e+02 4.934580e-02 9.969634e-01 6.024112e-02 7.133988e+00 -7.911261e-02 6.402661e-02 -9.948074e-01 -6.147450e+01
-9.954618e-01 4.385727e-02 8.445298e-02 -1.477683e+02 4.890071e-02 9.970828e-01 5.860605e-02 7.170749e+00 -8.163631e-02 6.246989e-02 -9.947025e-01 -6.242842e+01
-9.952873e-01 4.374459e-02 8.654208e-02 -1.476868e+02 4.885505e-02 9.971296e-01 5.784215e-02 7.206548e+00 -8.376339e-02 6.179757e-02 -9.945676e-01 -6.337251e+01
-9.952688e-01 4.265183e-02 8.729754e-02 -1.475922e+02 4.782541e-02 9.971671e-01 5.805591e-02 7.243965e+00 -8.457404e-02 6.195627e-02 -9.944891e-01 -6.431445e+01
-9.952985e-01 4.095472e-02 8.776969e-02 -1.475061e+02 4.631176e-02 9.971299e-01 5.989365e-02 7.285531e+00 -8.506485e-02 6.367683e-02 -9.943386e-01 -6.527736e+01
-9.953836e-01 3.955121e-02 8.744826e-02 -1.474270e+02 4.505841e-02 9.970631e-01 6.192632e-02 7.320250e+00 -8.474217e-02 6.558072e-02 -9.942424e-01 -6.619762e+01
-9.955004e-01 3.907354e-02 8.632588e-02 -1.473378e+02 4.456631e-02 9.970403e-01 6.264494e-02 7.355754e+00 -8.362262e-02 6.621029e-02 -9.942955e-01 -6.709918e+01
-9.956516e-01 3.782792e-02 8.512915e-02 -1.472598e+02 4.324377e-02 9.970951e-01 6.270113e-02 7.394399e+00 -8.251000e-02 6.610978e-02 -9.943951e-01 -6.798020e+01
-9.958188e-01 3.610545e-02 8.391299e-02 -1.472170e+02 4.144531e-02 9.971658e-01 6.278998e-02 7.416066e+00 -8.140811e-02 6.600524e-02 -9.944929e-01 -6.885219e+01
-9.961638e-01 3.524848e-02 8.009531e-02 -1.471470e+02 4.034303e-02 9.972038e-01 6.290435e-02 7.453787e+00 -7.765407e-02 6.589432e-02 -9.948004e-01 -6.970425e+01
-9.963096e-01 3.615134e-02 7.784804e-02 -1.471050e+02 4.113916e-02 9.971367e-01 6.345063e-02 7.489356e+00 -7.533132e-02 6.641907e-02 -9.949441e-01 -7.052584e+01
-9.968093e-01 3.633682e-02 7.106999e-02 -1.470495e+02 4.089164e-02 9.971296e-01 6.372093e-02 7.519188e+00 -6.855058e-02 6.642378e-02 -9.954339e-01 -7.137378e+01
-9.972805e-01 3.791044e-02 6.320170e-02 -1.469972e+02 4.197038e-02 9.970542e-01 6.419890e-02 7.558122e+00 -6.058171e-02 6.667691e-02 -9.959338e-01 -7.218871e+01
-9.976468e-01 4.012549e-02 5.559533e-02 -1.469590e+02 4.374767e-02 9.968901e-01 6.554536e-02 7.596541e+00 -5.279240e-02 6.782328e-02 -9.962996e-01 -7.298128e+01
-9.979320e-01 4.298446e-02 4.779102e-02 -1.469267e+02 4.609284e-02 9.967569e-01 6.596361e-02 7.631669e+00 -4.480062e-02 6.803003e-02 -9.966769e-01 -7.374822e+01
-9.981761e-01 4.473247e-02 4.053886e-02 -1.469073e+02 4.736047e-02 9.966705e-01 6.636994e-02 7.666052e+00 -3.743500e-02 6.816883e-02 -9.969712e-01 -7.449049e+01
-9.984039e-01 4.582431e-02 3.301300e-02 -1.468736e+02 4.796493e-02 9.965813e-01 6.726806e-02 7.696636e+00 -2.981763e-02 6.874416e-02 -9.971886e-01 -7.522317e+01
-9.985892e-01 4.634268e-02 2.592127e-02 -1.468529e+02 4.799363e-02 9.965857e-01 6.718315e-02 7.727649e+00 -2.271932e-02 6.833243e-02 -9.974039e-01 -7.591070e+01
-9.986689e-01 4.753030e-02 2.003048e-02 -1.468518e+02 4.876908e-02 9.965791e-01 6.672125e-02 7.756775e+00 -1.679067e-02 6.760931e-02 -9.975706e-01 -7.657902e+01
-9.987171e-01 4.853186e-02 1.444894e-02 -1.468541e+02 4.939163e-02 9.965492e-01 6.670926e-02 7.780128e+00 -1.116156e-02 6.733734e-02 -9.976678e-01 -7.721640e+01
-9.986349e-01 5.066837e-02 1.268967e-02 -1.468641e+02 5.141081e-02 9.964054e-01 6.732905e-02 7.796479e+00 -9.232606e-03 6.788952e-02 -9.976501e-01 -7.782796e+01
-9.986108e-01 5.202740e-02 8.348243e-03 -1.468745e+02 5.247018e-02 9.963822e-01 6.685418e-02 7.821742e+00 -4.839792e-03 6.719933e-02 -9.977278e-01 -7.841728e+01
-9.985629e-01 5.342221e-02 4.274615e-03 -1.468908e+02 5.358945e-02 9.962291e-01 6.823282e-02 7.850625e+00 -6.133477e-04 6.836383e-02 -9.976603e-01 -7.898661e+01
-9.985611e-01 5.362010e-02 7.541036e-04 -1.469020e+02 5.354089e-02 9.960997e-01 7.013451e-02 7.870339e+00 3.009457e-03 7.007397e-02 -9.975373e-01 -7.951768e+01
-9.985561e-01 5.371343e-02 -6.988393e-04 -1.469611e+02 5.352830e-02 9.960383e-01 7.100986e-02 7.897589e+00 4.510254e-03 7.086993e-02 -9.974754e-01 -7.999955e+01
-9.985659e-01 5.353387e-02 -6.007765e-04 -1.470368e+02 5.335179e-02 9.959774e-01 7.199013e-02 7.907095e+00 4.452270e-03 7.185484e-02 -9.974052e-01 -8.044079e+01
-9.985137e-01 5.450121e-02 -1.213048e-04 -1.471062e+02 5.434653e-02 9.958425e-01 7.310422e-02 7.920306e+00 4.105069e-03 7.298898e-02 -9.973243e-01 -8.085004e+01
-9.984488e-01 5.561529e-02 2.651953e-03 -1.472007e+02 5.566087e-02 9.958025e-01 7.265786e-02 7.957442e+00 1.400067e-03 7.269276e-02 -9.973534e-01 -8.118113e+01
-9.984017e-01 5.625153e-02 5.463663e-03 -1.472579e+02 5.649965e-02 9.957763e-01 7.236969e-02 7.989460e+00 -1.369680e-03 7.256272e-02 -9.973629e-01 -8.146649e+01
-9.982422e-01 5.309280e-02 2.633863e-02 -1.462438e+02 5.508245e-02 9.951362e-01 8.166961e-02 7.909647e+00 -2.187445e-02 8.297684e-02 -9.963114e-01 -8.164411e+01
-9.973126e-01 6.745174e-02 -2.859626e-02 -1.446885e+02 6.430406e-02 9.929572e-01 9.950379e-02 7.748407e+00 3.510657e-02 9.739754e-02 -9.946262e-01 -8.209144e+01
-9.930723e-01 8.196002e-02 -8.420180e-02 -1.432135e+02 7.186146e-02 9.905682e-01 1.166645e-01 7.563999e+00 9.296944e-02 1.098054e-01 -9.895956e-01 -8.265724e+01
-9.934442e-01 7.912851e-02 -8.250654e-02 -1.432320e+02 6.928761e-02 9.908312e-01 1.159863e-01 7.574217e+00 9.092787e-02 1.095092e-01 -9.898181e-01 -8.290471e+01
-9.937572e-01 7.741394e-02 -8.033519e-02 -1.432432e+02 6.788283e-02 9.910135e-01 1.152571e-01 7.593840e+00 8.853576e-02 1.090842e-01 -9.900818e-01 -8.313082e+01
-9.940367e-01 7.637663e-02 -7.783043e-02 -1.432624e+02 6.722806e-02 9.911969e-01 1.140572e-01 7.611169e+00 8.585659e-02 1.081447e-01 -9.904208e-01 -8.333140e+01
-9.942976e-01 7.566459e-02 -7.514741e-02 -1.432754e+02 6.706168e-02 9.915485e-01 1.110596e-01 7.630436e+00 8.291559e-02 1.053868e-01 -9.909685e-01 -8.353263e+01
-9.944614e-01 7.580188e-02 -7.280528e-02 -1.432885e+02 6.763261e-02 9.917629e-01 1.087761e-01 7.648362e+00 8.045100e-02 1.032496e-01 -9.913966e-01 -8.372993e+01
-9.946179e-01 7.613893e-02 -7.027112e-02 -1.433086e+02 6.825185e-02 9.917480e-01 1.085242e-01 7.664338e+00 7.795416e-02 1.031440e-01 -9.916070e-01 -8.391659e+01
-9.948855e-01 7.490223e-02 -6.776777e-02 -1.433170e+02 6.722269e-02 9.917373e-01 1.092623e-01 7.681092e+00 7.539182e-02 1.041479e-01 -9.917002e-01 -8.408465e+01
-9.952558e-01 7.241803e-02 -6.497290e-02 -1.433279e+02 6.505818e-02 9.919095e-01 1.090087e-01 7.700589e+00 7.234143e-02 1.042645e-01 -9.919151e-01 -8.425525e+01
-9.957381e-01 7.137925e-02 -5.840085e-02 -1.433344e+02 6.468919e-02 9.918942e-01 1.093676e-01 7.705533e+00 6.573404e-02 1.051236e-01 -9.922843e-01 -8.441107e+01
-9.959367e-01 7.154542e-02 -5.469382e-02 -1.433414e+02 6.529973e-02 9.919481e-01 1.085123e-01 7.716266e+00 6.201698e-02 1.044999e-01 -9.925894e-01 -8.456221e+01
-9.961374e-01 7.229865e-02 -4.983096e-02 -1.433522e+02 6.660849e-02 9.919522e-01 1.076760e-01 7.725287e+00 5.721476e-02 1.039409e-01 -9.929364e-01 -8.469901e+01
-9.964108e-01 7.201094e-02 -4.449656e-02 -1.433524e+02 6.690486e-02 9.919860e-01 1.071797e-01 7.731127e+00 5.185808e-02 1.038180e-01 -9.932435e-01 -8.482718e+01
-9.967869e-01 7.076902e-02 -3.751749e-02 -1.433569e+02 6.642005e-02 9.920749e-01 1.066577e-01 7.741946e+00 4.476822e-02 1.038230e-01 -9.935877e-01 -8.495040e+01
-9.971959e-01 6.864712e-02 -2.979858e-02 -1.433490e+02 6.513100e-02 9.922113e-01 1.061824e-01 7.747979e+00 3.685560e-02 1.039438e-01 -9.939001e-01 -8.506506e+01
-9.975608e-01 6.629349e-02 -2.185476e-02 -1.433450e+02 6.362495e-02 9.923338e-01 1.059501e-01 7.758630e+00 2.871102e-02 1.043011e-01 -9.941313e-01 -8.517605e+01
-9.978038e-01 6.458329e-02 -1.471785e-02 -1.433403e+02 6.266223e-02 9.923547e-01 1.063279e-01 7.767554e+00 2.147233e-02 1.051721e-01 -9.942222e-01 -8.527708e+01
-9.980016e-01 6.264321e-02 -8.279050e-03 -1.433344e+02 6.141084e-02 9.924274e-01 1.063796e-01 7.777024e+00 1.488032e-02 1.056586e-01 -9.942911e-01 -8.535947e+01
-9.980846e-01 6.176828e-02 -3.425700e-03 -1.433322e+02 6.105789e-02 9.924864e-01 1.060315e-01 7.784114e+00 9.949346e-03 1.056193e-01 -9.943569e-01 -8.542323e+01
-9.980522e-01 6.224444e-02 4.167212e-03 -1.433233e+02 6.233523e-02 9.924134e-01 1.059715e-01 7.786740e+00 2.460537e-03 1.060248e-01 -9.943604e-01 -8.547043e+01
-9.980599e-01 6.181391e-02 7.450314e-03 -1.433219e+02 6.225525e-02 9.924583e-01 1.055972e-01 7.789016e+00 -8.667517e-04 1.058561e-01 -9.943811e-01 -8.550790e+01
-9.980496e-01 6.169307e-02 9.541309e-03 -1.433170e+02 6.235596e-02 9.924736e-01 1.053938e-01 7.790408e+00 -2.967433e-03 1.057831e-01 -9.943848e-01 -8.553354e+01
-9.980725e-01 6.092083e-02 1.182532e-02 -1.433227e+02 6.182763e-02 9.925499e-01 1.049862e-01 7.788728e+00 -5.341379e-03 1.055149e-01 -9.944034e-01 -8.555028e+01
-9.980893e-01 6.053757e-02 1.236749e-02 -1.433216e+02 6.150361e-02 9.925718e-01 1.049695e-01 7.790330e+00 -5.921017e-03 1.055296e-01 -9.943985e-01 -8.556127e+01
-9.981071e-01 6.026213e-02 1.227454e-02 -1.433212e+02 6.121944e-02 9.925971e-01 1.048957e-01 7.790106e+00 -5.862434e-03 1.054486e-01 -9.944075e-01 -8.556191e+01
-9.980833e-01 6.064954e-02 1.229973e-02 -1.433207e+02 6.160466e-02 9.926217e-01 1.044365e-01 7.784947e+00 -5.874952e-03 1.049940e-01 -9.944555e-01 -8.555875e+01
-9.980877e-01 6.055386e-02 1.241302e-02 -1.433232e+02 6.151370e-02 9.927601e-01 1.031672e-01 7.781902e+00 -6.075985e-03 1.037334e-01 -9.945866e-01 -8.555849e+01
-9.981216e-01 6.004149e-02 1.217970e-02 -1.433227e+02 6.097830e-02 9.928205e-01 1.029038e-01 7.780906e+00 -5.913763e-03 1.034532e-01 -9.946167e-01 -8.556126e+01
-9.981501e-01 5.954923e-02 1.225610e-02 -1.433228e+02 6.049738e-02 9.928358e-01 1.030393e-01 7.782033e+00 -6.032383e-03 1.035901e-01 -9.946018e-01 -8.555929e+01
-9.980784e-01 5.988847e-02 1.590375e-02 -1.433244e+02 6.121793e-02 9.927400e-01 1.035356e-01 7.779786e+00 -9.587702e-03 1.043102e-01 -9.944986e-01 -8.555812e+01
-9.980945e-01 5.963261e-02 1.585048e-02 -1.433259e+02 6.095751e-02 9.927600e-01 1.034974e-01 7.778714e+00 -9.563905e-03 1.042664e-01 -9.945034e-01 -8.555779e+01
-9.981100e-01 5.936018e-02 1.590254e-02 -1.433255e+02 6.069395e-02 9.927548e-01 1.037022e-01 7.776285e+00 -9.631547e-03 1.044714e-01 -9.944813e-01 -8.556007e+01
-9.981280e-01 5.905662e-02 1.590164e-02 -1.433268e+02 6.038964e-02 9.927979e-01 1.034670e-01 7.776000e+00 -9.676701e-03 1.042336e-01 -9.945058e-01 -8.556101e+01
-9.981427e-01 5.879971e-02 1.592876e-02 -1.433268e+02 6.013697e-02 9.928128e-01 1.034711e-01 7.774578e+00 -9.730204e-03 1.042369e-01 -9.945049e-01 -8.556063e+01
-9.981604e-01 5.849996e-02 1.592289e-02 -1.433269e+02 5.983818e-02 9.928312e-01 1.034683e-01 7.774190e+00 -9.755848e-03 1.042308e-01 -9.945053e-01 -8.556081e+01
-9.981813e-01 5.815265e-02 1.588288e-02 -1.433263e+02 5.948808e-02 9.928572e-01 1.034203e-01 7.773859e+00 -9.755271e-03 1.041770e-01 -9.945109e-01 -8.556072e+01
-9.982019e-01 5.778255e-02 1.594349e-02 -1.433263e+02 5.912602e-02 9.928814e-01 1.033952e-01 7.773587e+00 -9.855559e-03 1.041520e-01 -9.945126e-01 -8.556098e+01
-9.982156e-01 5.752944e-02 1.599668e-02 -1.433266e+02 5.887994e-02 9.928946e-01 1.034096e-01 7.771919e+00 -9.933925e-03 1.041669e-01 -9.945102e-01 -8.556123e+01
-9.982303e-01 5.728325e-02 1.596363e-02 -1.433253e+02 5.863162e-02 9.929093e-01 1.034095e-01 7.770532e+00 -9.926802e-03 1.041625e-01 -9.945107e-01 -8.556066e+01
-9.981351e-01 5.783766e-02 1.952335e-02 -1.433245e+02 5.956459e-02 9.927740e-01 1.041720e-01 7.769285e+00 -1.335721e-02 1.051406e-01 -9.943677e-01 -8.556078e+01
-9.981491e-01 5.760941e-02 1.948188e-02 -1.433230e+02 5.933242e-02 9.927941e-01 1.041134e-01 7.768296e+00 -1.334358e-02 1.050766e-01 -9.943746e-01 -8.556196e+01
-9.981625e-01 5.735676e-02 1.954273e-02 -1.433226e+02 5.908744e-02 9.928093e-01 1.041077e-01 7.766902e+00 -1.343092e-02 1.050711e-01 -9.943740e-01 -8.556209e+01
-9.981719e-01 5.715667e-02 1.964467e-02 -1.433233e+02 5.889937e-02 9.928187e-01 1.041245e-01 7.765043e+00 -1.355218e-02 1.050912e-01 -9.943702e-01 -8.556133e+01
-9.981830e-01 5.693989e-02 1.971225e-02 -1.433214e+02 5.869060e-02 9.928331e-01 1.041052e-01 7.763094e+00 -1.364323e-02 1.050730e-01 -9.943709e-01 -8.556060e+01
-9.981927e-01 5.666297e-02 2.001556e-02 -1.433222e+02 5.844598e-02 9.928554e-01 1.040302e-01 7.762373e+00 -1.397790e-02 1.050121e-01 -9.943727e-01 -8.556033e+01
-9.982019e-01 5.644043e-02 2.018581e-02 -1.433217e+02 5.824252e-02 9.928673e-01 1.040302e-01 7.760009e+00 -1.417033e-02 1.050188e-01 -9.943693e-01 -8.555968e+01
-9.982072e-01 5.625825e-02 2.043013e-02 -1.433215e+02 5.808626e-02 9.928817e-01 1.039807e-01 7.758625e+00 -1.443493e-02 1.049810e-01 -9.943695e-01 -8.555816e+01
-9.982135e-01 5.610332e-02 2.054901e-02 -1.433210e+02 5.794455e-02 9.928906e-01 1.039747e-01 7.757433e+00 -1.456959e-02 1.049797e-01 -9.943676e-01 -8.555844e+01
-9.982264e-01 5.586346e-02 2.057454e-02 -1.433216e+02 5.770859e-02 9.929048e-01 1.039705e-01 7.755669e+00 -1.462041e-02 1.049734e-01 -9.943676e-01 -8.555857e+01
-9.981145e-01 5.643356e-02 2.414044e-02 -1.433216e+02 5.866459e-02 9.927673e-01 1.047449e-01 7.753901e+00 -1.805471e-02 1.059636e-01 -9.942061e-01 -8.555838e+01
-9.981314e-01 5.615072e-02 2.409861e-02 -1.433179e+02 5.837903e-02 9.927830e-01 1.047557e-01 7.751504e+00 -1.804258e-02 1.059668e-01 -9.942060e-01 -8.555788e+01
-9.981453e-01 5.588677e-02 2.413650e-02 -1.433186e+02 5.812106e-02 9.927950e-01 1.047855e-01 7.749180e+00 -1.810647e-02 1.059940e-01 -9.942019e-01 -8.555759e+01
-9.981574e-01 5.564333e-02 2.419788e-02 -1.433182e+02 5.788541e-02 9.928089e-01 1.047843e-01 7.747117e+00 -1.819333e-02 1.059919e-01 -9.942005e-01 -8.555832e+01
-9.981658e-01 5.542340e-02 2.435848e-02 -1.433208e+02 5.768275e-02 9.928260e-01 1.047340e-01 7.746246e+00 -1.837901e-02 1.059470e-01 -9.942019e-01 -8.555675e+01
-9.981765e-01 5.522282e-02 2.437633e-02 -1.433209e+02 5.748508e-02 9.928378e-01 1.047309e-01 7.744755e+00 -1.841821e-02 1.059412e-01 -9.942018e-01 -8.555708e+01
-9.981902e-01 5.495775e-02 2.441307e-02 -1.433200e+02 5.722568e-02 9.928507e-01 1.047503e-01 7.742678e+00 -1.848170e-02 1.059577e-01 -9.941989e-01 -8.555781e+01
-9.982052e-01 5.469733e-02 2.438504e-02 -1.433196e+02 5.696327e-02 9.928682e-01 1.047277e-01 7.741021e+00 -1.848280e-02 1.059288e-01 -9.942019e-01 -8.555729e+01
-9.982202e-01 5.441051e-02 2.441195e-02 -1.433196e+02 5.668092e-02 9.928839e-01 1.047325e-01 7.739293e+00 -1.853968e-02 1.059298e-01 -9.942008e-01 -8.555836e+01
-9.982370e-01 5.408983e-02 2.443644e-02 -1.433196e+02 5.636400e-02 9.929050e-01 1.047030e-01 7.737661e+00 -1.859970e-02 1.058957e-01 -9.942033e-01 -8.555702e+01
-9.981066e-01 5.470367e-02 2.811952e-02 -1.433209e+02 5.738108e-02 9.927715e-01 1.054138e-01 7.737115e+00 -2.214974e-02 1.068277e-01 -9.940308e-01 -8.555600e+01
-9.981199e-01 5.445507e-02 2.812892e-02 -1.433186e+02 5.713468e-02 9.927864e-01 1.054081e-01 7.735684e+00 -2.218600e-02 1.068170e-01 -9.940311e-01 -8.555750e+01
-9.981330e-01 5.417732e-02 2.820191e-02 -1.433186e+02 5.686646e-02 9.928006e-01 1.054191e-01 7.733715e+00 -2.228755e-02 1.068260e-01 -9.940279e-01 -8.555852e+01
-9.981457e-01 5.394911e-02 2.819058e-02 -1.433189e+02 5.663758e-02 9.928169e-01 1.053887e-01 7.732821e+00 -2.230246e-02 1.067899e-01 -9.940314e-01 -8.555718e+01
-9.981561e-01 5.371186e-02 2.827535e-02 -1.433192e+02 5.641018e-02 9.928321e-01 1.053676e-01 7.731042e+00 -2.241318e-02 1.067684e-01 -9.940313e-01 -8.555843e+01
-9.981750e-01 5.337329e-02 2.824737e-02 -1.433197e+02 5.607187e-02 9.928445e-01 1.054316e-01 7.727589e+00 -2.241802e-02 1.068231e-01 -9.940253e-01 -8.555703e+01
-9.981926e-01 5.304420e-02 2.824499e-02 -1.433199e+02 5.574402e-02 9.928641e-01 1.054201e-01 7.725452e+00 -2.245151e-02 1.068040e-01 -9.940266e-01 -8.555738e+01
-9.982099e-01 5.274942e-02 2.818630e-02 -1.433192e+02 5.544482e-02 9.928796e-01 1.054324e-01 7.722957e+00 -2.242411e-02 1.068064e-01 -9.940269e-01 -8.555771e+01
-9.982296e-01 5.238796e-02 2.816265e-02 -1.433192e+02 5.508228e-02 9.929020e-01 1.054110e-01 7.721252e+00 -2.244049e-02 1.067756e-01 -9.940299e-01 -8.555706e+01
-9.982472e-01 5.207807e-02 2.811580e-02 -1.433185e+02 5.476924e-02 9.929184e-01 1.054199e-01 7.719116e+00 -2.242663e-02 1.067750e-01 -9.940303e-01 -8.555723e+01
-9.981166e-01 5.259188e-02 3.158152e-02 -1.433164e+02 5.566855e-02 9.927963e-01 1.060963e-01 7.718275e+00 -2.577421e-02 1.076546e-01 -9.938542e-01 -8.555674e+01
-9.981320e-01 5.230218e-02 3.157361e-02 -1.433165e+02 5.538014e-02 9.928100e-01 1.061191e-01 7.716249e+00 -2.579634e-02 1.076694e-01 -9.938520e-01 -8.555667e+01
-9.981467e-01 5.203833e-02 3.154756e-02 -1.433166e+02 5.511446e-02 9.928266e-01 1.061027e-01 7.714929e+00 -2.579985e-02 1.076448e-01 -9.938546e-01 -8.555601e+01
-9.981621e-01 5.177494e-02 3.149286e-02 -1.433158e+02 5.484548e-02 9.928460e-01 1.060599e-01 7.713963e+00 -2.577631e-02 1.075923e-01 -9.938609e-01 -8.555576e+01
-9.981779e-01 5.152483e-02 3.140138e-02 -1.433141e+02 5.458504e-02 9.928679e-01 1.059898e-01 7.713921e+00 -2.571632e-02 1.075108e-01 -9.938713e-01 -8.555569e+01
-9.981921e-01 5.127242e-02 3.136417e-02 -1.433135e+02 5.432902e-02 9.928858e-01 1.059536e-01 7.712673e+00 -2.570854e-02 1.074660e-01 -9.938763e-01 -8.555607e+01
-9.982069e-01 5.100861e-02 3.132320e-02 -1.433126e+02 5.406096e-02 9.929056e-01 1.059051e-01 7.712121e+00 -2.569891e-02 1.074086e-01 -9.938828e-01 -8.555588e+01
-9.981944e-01 5.078049e-02 3.208093e-02 -1.433145e+02 5.391541e-02 9.929139e-01 1.059010e-01 7.709227e+00 -2.647590e-02 1.074395e-01 -9.938590e-01 -8.555850e+01
-9.981242e-01 5.036454e-02 3.480555e-02 -1.433193e+02 5.377835e-02 9.929810e-01 1.053407e-01 7.712183e+00 -2.925582e-02 1.070149e-01 -9.938269e-01 -8.556196e+01
-9.980863e-01 4.970479e-02 3.678470e-02 -1.433181e+02 5.332527e-02 9.930351e-01 1.050606e-01 7.711345e+00 -3.130648e-02 1.068211e-01 -9.937853e-01 -8.557202e+01
-9.978026e-01 4.986882e-02 4.362409e-02 -1.433149e+02 5.423774e-02 9.929404e-01 1.054873e-01 7.710610e+00 -3.805559e-02 1.076216e-01 -9.934633e-01 -8.558276e+01
-9.975595e-01 4.967159e-02 4.906910e-02 -1.433200e+02 5.462365e-02 9.929331e-01 1.053570e-01 7.707808e+00 -4.348908e-02 1.077802e-01 -9.932231e-01 -8.559850e+01
-9.972843e-01 4.928727e-02 5.472511e-02 -1.433146e+02 5.483951e-02 9.929501e-01 1.050848e-01 7.706543e+00 -4.915996e-02 1.078006e-01 -9.929564e-01 -8.562208e+01
-9.969337e-01 4.829550e-02 6.156944e-02 -1.433152e+02 5.457390e-02 9.930006e-01 1.047452e-01 7.706970e+00 -5.607977e-02 1.077841e-01 -9.925914e-01 -8.564685e+01
-9.964364e-01 4.779374e-02 6.950027e-02 -1.433077e+02 5.489681e-02 9.930432e-01 1.041712e-01 7.711444e+00 -6.403803e-02 1.076153e-01 -9.921281e-01 -8.567346e+01
-9.957882e-01 4.729277e-02 7.854448e-02 -1.432959e+02 5.533236e-02 9.930835e-01 1.035545e-01 7.714704e+00 -7.310385e-02 1.074644e-01 -9.915176e-01 -8.570561e+01
-9.950138e-01 4.668694e-02 8.813534e-02 -1.432828e+02 5.573466e-02 9.931023e-01 1.031578e-01 7.715058e+00 -8.271128e-02 1.075557e-01 -9.907526e-01 -8.574322e+01
-9.940340e-01 4.614642e-02 9.882790e-02 -1.432671e+02 5.630090e-02 9.931326e-01 1.025570e-01 7.719782e+00 -9.341657e-02 1.075092e-01 -9.898056e-01 -8.578598e+01
-9.927848e-01 4.572438e-02 1.108491e-01 -1.432488e+02 5.710777e-02 9.931649e-01 1.017950e-01 7.724810e+00 -1.054369e-01 1.073908e-01 -9.886103e-01 -8.583138e+01
-9.912437e-01 4.519782e-02 1.240691e-01 -1.432313e+02 5.792318e-02 9.932034e-01 1.009547e-01 7.727243e+00 -1.186629e-01 1.072572e-01 -9.871246e-01 -8.587670e+01
-9.888533e-01 4.511646e-02 1.418930e-01 -1.432070e+02 5.971795e-02 9.931543e-01 1.003903e-01 7.723732e+00 -1.363924e-01 1.077448e-01 -9.847782e-01 -8.593030e+01
-9.864696e-01 4.392235e-02 1.579514e-01 -1.431792e+02 5.987801e-02 9.934111e-01 9.771923e-02 7.727619e+00 -1.526186e-01 1.058549e-01 -9.825998e-01 -8.599312e+01
-9.835893e-01 4.254614e-02 1.753340e-01 -1.431477e+02 5.990418e-02 9.936803e-01 9.492653e-02 7.732882e+00 -1.701872e-01 1.038720e-01 -9.799219e-01 -8.607071e+01
-9.803254e-01 4.070420e-02 1.931457e-01 -1.431060e+02 5.965581e-02 9.938454e-01 9.334107e-02 7.738122e+00 -1.881576e-01 1.030269e-01 -9.767201e-01 -8.616590e+01
-9.765422e-01 3.986733e-02 2.116034e-01 -1.430682e+02 6.077133e-02 9.937890e-01 9.322182e-02 7.747182e+00 -2.065726e-01 1.038945e-01 -9.728996e-01 -8.628249e+01
-9.721407e-01 4.065590e-02 2.308452e-01 -1.430232e+02 6.366798e-02 9.936165e-01 9.312677e-02 7.759735e+00 -2.255855e-01 1.052298e-01 -9.685236e-01 -8.641112e+01
-9.669167e-01 4.149193e-02 2.516953e-01 -1.429675e+02 6.687276e-02 9.934050e-01 9.313680e-02 7.772804e+00 -2.461710e-01 1.068871e-01 -9.633146e-01 -8.654822e+01
-9.608194e-01 3.973095e-02 2.743127e-01 -1.428990e+02 6.767874e-02 9.933464e-01 9.317996e-02 7.783784e+00 -2.687854e-01 1.080943e-01 -9.571155e-01 -8.669847e+01
-9.539493e-01 3.693220e-02 2.976857e-01 -1.428225e+02 6.805851e-02 9.931594e-01 9.488128e-02 7.792851e+00 -2.921452e-01 1.107720e-01 -9.499372e-01 -8.685652e+01
-9.459786e-01 3.556015e-02 3.222732e-01 -1.427686e+02 6.990696e-02 9.929587e-01 9.563542e-02 7.801486e+00 -3.166031e-01 1.129982e-01 -9.418035e-01 -8.700058e+01
-9.357173e-01 3.704124e-02 3.508006e-01 -1.426800e+02 7.505037e-02 9.926080e-01 9.537756e-02 7.814277e+00 -3.446745e-01 1.155741e-01 -9.315804e-01 -8.717837e+01
-9.251907e-01 3.746151e-02 3.776491e-01 -1.425953e+02 7.923430e-02 9.922531e-01 9.568550e-02 7.832879e+00 -3.711389e-01 1.184501e-01 -9.209916e-01 -8.735164e+01
-9.127406e-01 3.658381e-02 4.068984e-01 -1.424906e+02 8.282429e-02 9.918702e-01 9.661060e-02 7.847420e+00 -4.000560e-01 1.218815e-01 -9.083502e-01 -8.754129e+01
-8.980684e-01 3.622510e-02 4.383616e-01 -1.423756e+02 8.659508e-02 9.916597e-01 9.545847e-02 7.863527e+00 -4.312476e-01 1.236882e-01 -8.937152e-01 -8.773476e+01
-8.805622e-01 3.574579e-02 4.725807e-01 -1.422520e+02 8.955463e-02 9.917374e-01 9.185307e-02 7.879923e+00 -4.653925e-01 1.232041e-01 -8.764876e-01 -8.792512e+01
-8.599708e-01 3.366446e-02 5.092318e-01 -1.421028e+02 9.037969e-02 9.920962e-01 8.704387e-02 7.895346e+00 -5.022766e-01 1.208794e-01 -8.562163e-01 -8.813054e+01
-8.360172e-01 3.126310e-02 5.478119e-01 -1.419314e+02 9.044996e-02 9.925696e-01 8.139094e-02 7.917315e+00 -5.411969e-01 1.175938e-01 -8.326330e-01 -8.834284e+01
-8.078702e-01 3.080079e-02 5.885551e-01 -1.417390e+02 9.317521e-02 9.927493e-01 7.594194e-02 7.935775e+00 -5.819486e-01 1.161900e-01 -8.048825e-01 -8.856588e+01
-7.753180e-01 3.457383e-02 6.306240e-01 -1.415210e+02 1.000081e-01 9.926235e-01 6.853417e-02 7.962529e+00 -6.236027e-01 1.162033e-01 -7.730566e-01 -8.879995e+01
-7.397184e-01 3.840933e-02 6.718194e-01 -1.412675e+02 1.058830e-01 9.925766e-01 5.983657e-02 7.989865e+00 -6.645340e-01 1.153964e-01 -7.382941e-01 -8.905041e+01
-6.997227e-01 4.065583e-02 7.132568e-01 -1.409764e+02 1.103901e-01 9.925417e-01 5.172028e-02 8.012437e+00 -7.058344e-01 1.149263e-01 -6.989920e-01 -8.930848e+01
-6.605382e-01 4.024216e-02 7.497132e-01 -1.406420e+02 1.129018e-01 9.925316e-01 4.619674e-02 8.028686e+00 -7.422550e-01 1.151587e-01 -6.601484e-01 -8.957038e+01
-6.191105e-01 4.011235e-02 7.842788e-01 -1.402677e+02 1.159974e-01 9.924107e-01 4.081107e-02 8.045305e+00 -7.766896e-01 1.162408e-01 -6.190648e-01 -8.983533e+01
-5.753674e-01 3.846912e-02 8.169899e-01 -1.398607e+02 1.197905e-01 9.920851e-01 3.764907e-02 8.051745e+00 -8.090752e-01 1.195297e-01 -5.754216e-01 -9.010389e+01
-5.300437e-01 3.443567e-02 8.472708e-01 -1.394066e+02 1.205747e-01 9.920832e-01 3.510900e-02 8.069208e+00 -8.393542e-01 1.207688e-01 -5.299995e-01 -9.036526e+01
-4.830615e-01 3.044222e-02 8.750571e-01 -1.389162e+02 1.238598e-01 9.917214e-01 3.387404e-02 8.084710e+00 -8.667816e-01 1.247477e-01 -4.828329e-01 -9.060763e+01
-4.334731e-01 2.707754e-02 9.007596e-01 -1.383914e+02 1.297505e-01 9.910090e-01 3.264940e-02 8.094800e+00 -8.917768e-01 1.310266e-01 -4.330890e-01 -9.084267e+01
-3.826933e-01 2.378244e-02 9.235693e-01 -1.378451e+02 1.333467e-01 9.906230e-01 2.974489e-02 8.114089e+00 -9.142016e-01 1.345381e-01 -3.822761e-01 -9.104885e+01
-3.313663e-01 1.953409e-02 9.433000e-01 -1.372870e+02 1.358973e-01 9.903486e-01 2.723017e-02 8.117545e+00 -9.336639e-01 1.372151e-01 -3.308228e-01 -9.122747e+01
-2.814756e-01 1.550076e-02 9.594432e-01 -1.366602e+02 1.369273e-01 9.902861e-01 2.417186e-02 8.128366e+00 -9.497486e-01 1.381778e-01 -2.808639e-01 -9.138568e+01
-2.282932e-01 1.376045e-02 9.734952e-01 -1.360063e+02 1.397589e-01 9.900074e-01 1.878084e-02 8.137012e+00 -9.635090e-01 1.403422e-01 -2.279351e-01 -9.152862e+01
-1.828987e-01 1.438511e-02 9.830265e-01 -1.353383e+02 1.421738e-01 9.897693e-01 1.196862e-02 8.143430e+00 -9.727973e-01 1.419497e-01 -1.830727e-01 -9.162943e+01
-1.426499e-01 1.523271e-02 9.896560e-01 -1.346213e+02 1.405314e-01 9.900635e-01 5.017332e-03 8.150525e+00 -9.797459e-01 1.397934e-01 -1.433731e-01 -9.171933e+01
-1.083891e-01 1.602772e-02 9.939793e-01 -1.338877e+02 1.383743e-01 9.903796e-01 -8.805705e-04 8.152350e+00 -9.844310e-01 1.374457e-01 -1.095642e-01 -9.179010e+01
-8.149088e-02 1.782969e-02 9.965146e-01 -1.331621e+02 1.362542e-01 9.906520e-01 -6.582484e-03 8.139323e+00 -9.873166e-01 1.352429e-01 -8.315848e-02 -9.181747e+01
-5.999570e-02 1.996566e-02 9.979989e-01 -1.323940e+02 1.357977e-01 9.906680e-01 -1.165538e-02 8.126932e+00 -9.889183e-01 1.348267e-01 -6.214711e-02 -9.184971e+01
-4.274384e-02 2.059113e-02 9.988739e-01 -1.315933e+02 1.349147e-01 9.907489e-01 -1.465037e-02 8.116846e+00 -9.899348e-01 1.341366e-01 -4.512646e-02 -9.188045e+01
-2.701923e-02 2.234526e-02 9.993851e-01 -1.307566e+02 1.344462e-01 9.907479e-01 -1.851727e-02 8.116014e+00 -9.905525e-01 1.338632e-01 -2.977348e-02 -9.192065e+01
-1.265185e-02 2.478395e-02 9.996128e-01 -1.298970e+02 1.352568e-01 9.905471e-01 -2.284727e-02 8.096703e+00 -9.907298e-01 1.349154e-01 -1.588446e-02 -9.193883e+01
2.578559e-03 2.875564e-02 9.995831e-01 -1.290510e+02 1.361549e-01 9.902677e-01 -2.883889e-02 8.072197e+00 -9.906842e-01 1.361725e-01 -1.361756e-03 -9.193492e+01
2.061030e-02 3.215262e-02 9.992704e-01 -1.282022e+02 1.372543e-01 9.899285e-01 -3.468295e-02 8.032689e+00 -9.903214e-01 1.378690e-01 1.598964e-02 -9.190743e+01
3.329823e-02 3.285136e-02 9.989054e-01 -1.272666e+02 1.328138e-01 9.904501e-01 -3.700060e-02 8.001206e+00 -9.905815e-01 1.339005e-01 2.861712e-02 -9.189060e+01
4.259634e-02 3.303773e-02 9.985460e-01 -1.263189e+02 1.272270e-01 9.911370e-01 -3.821989e-02 7.962862e+00 -9.909585e-01 1.286701e-01 3.801552e-02 -9.185699e+01
4.759254e-02 3.268384e-02 9.983320e-01 -1.253976e+02 1.223873e-01 9.917430e-01 -3.830258e-02 7.904488e+00 -9.913407e-01 1.240060e-01 4.319949e-02 -9.179121e+01
5.001042e-02 3.345165e-02 9.981883e-01 -1.244106e+02 1.193030e-01 9.920828e-01 -3.922426e-02 7.867766e+00 -9.915976e-01 1.210485e-01 4.562360e-02 -9.174651e+01
5.089675e-02 3.272117e-02 9.981677e-01 -1.234172e+02 1.172128e-01 9.923600e-01 -3.850749e-02 7.833602e+00 -9.918017e-01 1.189579e-01 4.667255e-02 -9.169756e+01
5.246520e-02 3.248369e-02 9.980943e-01 -1.223803e+02 1.163107e-01 9.924697e-01 -3.841455e-02 7.808807e+00 -9.918262e-01 1.181045e-01 4.829192e-02 -9.165733e+01
5.646661e-02 3.366848e-02 9.978366e-01 -1.212968e+02 1.127560e-01 9.928221e-01 -3.988004e-02 7.807563e+00 -9.920169e-01 1.147640e-01 5.226497e-02 -9.164358e+01
6.092099e-02 3.394376e-02 9.975653e-01 -1.202102e+02 1.116008e-01 9.929234e-01 -4.060124e-02 7.766789e+00 -9.918840e-01 1.138025e-01 5.670173e-02 -9.159302e+01
6.593207e-02 3.480415e-02 9.972169e-01 -1.191295e+02 1.103527e-01 9.930067e-01 -4.195329e-02 7.718760e+00 -9.917032e-01 1.128116e-01 6.163025e-02 -9.153078e+01
7.378640e-02 3.534512e-02 9.966475e-01 -1.180431e+02 1.106256e-01 9.929140e-01 -4.340283e-02 7.664417e+00 -9.911193e-01 1.134573e-01 6.935347e-02 -9.144967e+01
7.946586e-02 3.524746e-02 9.962142e-01 -1.168733e+02 1.079700e-01 9.931909e-01 -4.375302e-02 7.615946e+00 -9.909731e-01 1.110381e-01 7.511910e-02 -9.139395e+01
8.481269e-02 3.347785e-02 9.958343e-01 -1.157472e+02 1.092486e-01 9.930973e-01 -4.269027e-02 7.562237e+00 -9.903896e-01 1.124142e-01 8.056985e-02 -9.130485e+01
9.041897e-02 2.970973e-02 9.954606e-01 -1.145936e+02 1.098626e-01 9.931568e-01 -3.961994e-02 7.510343e+00 -9.898255e-01 1.129463e-01 8.653623e-02 -9.122200e+01
9.502689e-02 2.802927e-02 9.950800e-01 -1.134113e+02 1.088481e-01 9.933174e-01 -3.837426e-02 7.463161e+00 -9.895059e-01 1.119592e-01 9.134094e-02 -9.112863e+01
9.775038e-02 2.859648e-02 9.948000e-01 -1.122265e+02 1.081843e-01 9.933583e-01 -3.918537e-02 7.407373e+00 -9.893134e-01 1.114521e-01 9.400745e-02 -9.104053e+01
9.778643e-02 3.102306e-02 9.947238e-01 -1.110274e+02 1.055890e-01 9.935491e-01 -4.136637e-02 7.357851e+00 -9.895902e-01 1.090770e-01 9.387992e-02 -9.093248e+01
9.744447e-02 3.177025e-02 9.947337e-01 -1.098266e+02 1.053004e-01 9.935511e-01 -4.204774e-02 7.306814e+00 -9.896547e-01 1.088432e-01 9.347064e-02 -9.083792e+01
9.670352e-02 3.013202e-02 9.948570e-01 -1.085976e+02 1.056112e-01 9.935881e-01 -4.035936e-02 7.251151e+00 -9.896943e-01 1.089709e-01 9.290119e-02 -9.072458e+01
9.581161e-02 2.876092e-02 9.949839e-01 -1.073732e+02 1.056633e-01 9.936409e-01 -3.889691e-02 7.197715e+00 -9.897754e-01 1.088600e-01 9.216336e-02 -9.061114e+01
9.847252e-02 2.731995e-02 9.947647e-01 -1.061912e+02 1.071719e-01 9.935181e-01 -3.789474e-02 7.139638e+00 -9.893520e-01 1.103424e-01 9.490629e-02 -9.050059e+01
9.882326e-02 2.682092e-02 9.947435e-01 -1.049827e+02 1.071838e-01 9.935342e-01 -3.743653e-02 7.070413e+00 -9.893157e-01 1.103199e-01 9.530952e-02 -9.040563e+01
9.807610e-02 2.686376e-02 9.948163e-01 -1.037610e+02 1.072665e-01 9.935265e-01 -3.740403e-02 7.006162e+00 -9.893811e-01 1.103789e-01 9.455962e-02 -9.028872e+01
9.843356e-02 2.907374e-02 9.947188e-01 -1.025594e+02 1.062505e-01 9.935524e-01 -3.955379e-02 6.948294e+00 -9.894552e-01 1.095828e-01 9.470979e-02 -9.019379e+01
9.835733e-02 3.170680e-02 9.946459e-01 -1.013589e+02 1.055821e-01 9.935185e-01 -4.211153e-02 6.888383e+00 -9.895344e-01 1.091587e-01 9.437216e-02 -9.009090e+01
9.869427e-02 3.204587e-02 9.946017e-01 -1.001522e+02 1.054024e-01 9.935223e-01 -4.247016e-02 6.809817e+00 -9.895200e-01 1.090249e-01 9.467725e-02 -8.999725e+01
9.823658e-02 3.030669e-02 9.947015e-01 -9.893326e+01 1.052139e-01 9.936178e-01 -4.066458e-02 6.742548e+00 -9.895856e-01 1.086512e-01 9.442094e-02 -8.988586e+01
9.832389e-02 2.859723e-02 9.947435e-01 -9.773896e+01 1.047155e-01 9.937404e-01 -3.891884e-02 6.676615e+00 -9.896298e-01 1.079917e-01 9.471385e-02 -8.979351e+01
9.834805e-02 2.989951e-02 9.947028e-01 -9.658818e+01 1.049766e-01 9.936599e-01 -4.024739e-02 6.596587e+00 -9.895997e-01 1.083788e-01 9.458576e-02 -8.967319e+01
9.814622e-02 3.210456e-02 9.946540e-01 -9.542052e+01 1.054931e-01 9.935124e-01 -4.247711e-02 6.528501e+00 -9.895648e-01 1.090981e-01 9.412267e-02 -8.955630e+01
1.013034e-01 3.359069e-02 9.942883e-01 -9.424456e+01 1.060383e-01 9.933719e-01 -4.436348e-02 6.458987e+00 -9.891883e-01 1.099268e-01 9.707008e-02 -8.945472e+01
1.005766e-01 3.154869e-02 9.944290e-01 -9.308726e+01 1.033273e-01 9.937612e-01 -4.197802e-02 6.398963e+00 -9.895493e-01 1.069736e-01 9.668925e-02 -8.932460e+01
1.008970e-01 2.816017e-02 9.944983e-01 -9.191975e+01 1.026703e-01 9.939677e-01 -3.856157e-02 6.326457e+00 -9.895851e-01 1.059961e-01 9.739711e-02 -8.921906e+01
1.010557e-01 2.644138e-02 9.945293e-01 -9.067777e+01 1.008329e-01 9.942270e-01 -3.667913e-02 6.260092e+00 -9.897578e-01 1.039879e-01 9.780612e-02 -8.913367e+01
1.001477e-01 2.821921e-02 9.945723e-01 -8.951292e+01 9.717492e-02 9.945415e-01 -3.800328e-02 6.199323e+00 -9.902159e-01 1.004534e-01 9.685882e-02 -8.900129e+01
1.001751e-01 2.978209e-02 9.945240e-01 -8.833834e+01 9.496749e-02 9.947022e-01 -3.935319e-02 6.139058e+00 -9.904272e-01 9.838966e-02 9.681609e-02 -8.889298e+01
1.004745e-01 3.082965e-02 9.944619e-01 -8.715917e+01 9.284585e-02 9.948677e-01 -4.022282e-02 6.086311e+00 -9.905981e-01 9.637302e-02 9.709639e-02 -8.879577e+01
9.992982e-02 3.005781e-02 9.945404e-01 -8.599965e+01 9.080594e-02 9.950969e-01 -3.919867e-02 6.022768e+00 -9.908422e-01 9.422729e-02 9.671042e-02 -8.867883e+01
1.002594e-01 2.953577e-02 9.945228e-01 -8.483616e+01 8.965468e-02 9.952248e-01 -3.859485e-02 5.982155e+00 -9.909138e-01 9.303312e-02 9.713262e-02 -8.857577e+01
9.986657e-02 3.006114e-02 9.945466e-01 -8.370146e+01 8.948931e-02 9.952213e-01 -3.906752e-02 5.921307e+00 -9.909684e-01 9.290283e-02 9.669919e-02 -8.845018e+01
1.026575e-01 3.173607e-02 9.942104e-01 -8.254854e+01 9.204045e-02 9.949000e-01 -4.126175e-02 5.862629e+00 -9.904494e-01 9.574340e-02 9.921291e-02 -8.835209e+01
1.033659e-01 3.250169e-02 9.941122e-01 -8.140392e+01 9.383725e-02 9.946895e-01 -4.227758e-02 5.785202e+00 -9.902071e-01 9.765482e-02 9.976712e-02 -8.823831e+01
1.053947e-01 3.271251e-02 9.938923e-01 -8.026130e+01 9.481415e-02 9.945750e-01 -4.278929e-02 5.732617e+00 -9.899001e-01 9.874481e-02 1.017213e-01 -8.813700e+01
1.078791e-01 3.117328e-02 9.936752e-01 -7.915264e+01 9.649910e-02 9.944602e-01 -4.167441e-02 5.650108e+00 -9.894696e-01 1.003846e-01 1.042733e-01 -8.799707e+01
1.118211e-01 3.034432e-02 9.932649e-01 -7.799406e+01 9.627176e-02 9.945012e-01 -4.122030e-02 5.582302e+00 -9.890540e-01 1.002327e-01 1.082850e-01 -8.789672e+01
1.151469e-01 3.018196e-02 9.928898e-01 -7.683660e+01 9.397621e-02 9.947242e-01 -4.113628e-02 5.521161e+00 -9.888931e-01 9.804474e-02 1.117031e-01 -8.777263e+01
1.178255e-01 3.146166e-02 9.925358e-01 -7.571482e+01 9.089425e-02 9.949606e-01 -4.232872e-02 5.447366e+00 -9.888657e-01 9.520320e-02 1.143721e-01 -8.762658e+01
1.200533e-01 3.369628e-02 9.921954e-01 -7.457691e+01 8.857956e-02 9.950740e-01 -4.451196e-02 5.383823e+00 -9.888078e-01 9.323204e-02 1.164771e-01 -8.747203e+01
1.218105e-01 3.348820e-02 9.919883e-01 -7.346969e+01 8.752617e-02 9.951748e-01 -4.434349e-02 5.311765e+00 -9.886867e-01 9.222644e-02 1.182917e-01 -8.733367e+01
1.243896e-01 3.247009e-02 9.917020e-01 -7.231015e+01 8.734593e-02 9.952260e-01 -4.354130e-02 5.242561e+00 -9.883815e-01 9.203722e-02 1.209596e-01 -8.720807e+01
1.287505e-01 3.067711e-02 9.912024e-01 -7.124118e+01 9.029262e-02 9.950070e-01 -4.252326e-02 5.171389e+00 -9.875579e-01 9.497316e-02 1.253377e-01 -8.707773e+01
1.296912e-01 2.930425e-02 9.911213e-01 -7.031147e+01 9.044481e-02 9.950466e-01 -4.125527e-02 5.082205e+00 -9.874209e-01 9.499222e-02 1.263983e-01 -8.692454e+01
1.306363e-01 2.918034e-02 9.910008e-01 -6.917261e+01 8.832626e-02 9.952495e-01 -4.094884e-02 5.032605e+00 -9.874880e-01 9.288081e-02 1.274383e-01 -8.677332e+01
1.314557e-01 2.907673e-02 9.908955e-01 -6.804836e+01 8.582024e-02 9.954832e-01 -4.059656e-02 4.966021e+00 -9.876003e-01 9.037554e-02 1.283665e-01 -8.662865e+01
1.312778e-01 2.933812e-02 9.909114e-01 -6.692804e+01 8.310186e-02 9.957182e-01 -4.048993e-02 4.907773e+00 -9.878564e-01 8.766201e-02 1.282776e-01 -8.648096e+01
1.305175e-01 3.049268e-02 9.909770e-01 -6.582517e+01 8.058374e-02 9.958936e-01 -4.125733e-02 4.841332e+00 -9.881657e-01 8.524143e-02 1.275244e-01 -8.633790e+01
1.292246e-01 3.081439e-02 9.911365e-01 -6.474875e+01 7.954582e-02 9.959738e-01 -4.133598e-02 4.774904e+00 -9.884197e-01 8.418239e-02 1.262531e-01 -8.618676e+01
1.278728e-01 3.099576e-02 9.913061e-01 -6.364130e+01 7.936221e-02 9.959866e-01 -4.137938e-02 4.718610e+00 -9.886102e-01 8.396355e-02 1.248997e-01 -8.605678e+01
1.253881e-01 3.165230e-02 9.916027e-01 -6.251975e+01 8.018588e-02 9.958977e-01 -4.192889e-02 4.663584e+00 -9.888620e-01 8.476992e-02 1.223356e-01 -8.592726e+01
1.229384e-01 3.320799e-02 9.918585e-01 -6.140904e+01 8.031687e-02 9.958286e-01 -4.329599e-02 4.612482e+00 -9.891589e-01 8.498572e-02 1.197584e-01 -8.579939e+01
1.224282e-01 3.283078e-02 9.919342e-01 -6.035462e+01 8.313349e-02 9.956011e-01 -4.321279e-02 4.547362e+00 -9.889895e-01 8.775342e-02 1.191603e-01 -8.566614e+01
1.203058e-01 3.249003e-02 9.922051e-01 -5.922624e+01 8.368987e-02 9.955745e-01 -4.274784e-02 4.492763e+00 -9.892030e-01 8.818032e-02 1.170543e-01 -8.555066e+01
1.179469e-01 3.062610e-02 9.925475e-01 -5.811956e+01 8.289656e-02 9.957318e-01 -4.057516e-02 4.429351e+00 -9.895538e-01 8.706449e-02 1.149047e-01 -8.542883e+01
1.157841e-01 2.966233e-02 9.928314e-01 -5.702942e+01 8.138709e-02 9.959096e-01 -3.924567e-02 4.366219e+00 -9.899344e-01 8.534768e-02 1.128964e-01 -8.530872e+01
1.131126e-01 3.029741e-02 9.931201e-01 -5.593713e+01 7.946331e-02 9.960574e-01 -3.943758e-02 4.312804e+00 -9.903995e-01 8.337750e-02 1.102591e-01 -8.518130e+01
1.109795e-01 3.188736e-02 9.933110e-01 -5.487628e+01 7.666303e-02 9.962323e-01 -4.054645e-02 4.252078e+00 -9.908614e-01 8.065005e-02 1.081167e-01 -8.505536e+01
1.087094e-01 3.449707e-02 9.934748e-01 -5.382584e+01 7.551044e-02 9.962237e-01 -4.285513e-02 4.187836e+00 -9.912015e-01 7.967648e-02 1.056940e-01 -8.492696e+01
1.075525e-01 3.781701e-02 9.934799e-01 -5.274785e+01 7.462628e-02 9.961502e-01 -4.599758e-02 4.123593e+00 -9.913947e-01 7.908687e-02 1.043163e-01 -8.482112e+01
1.059750e-01 3.990198e-02 9.935679e-01 -5.166049e+01 7.379773e-02 9.961234e-01 -4.787595e-02 4.061597e+00 -9.916265e-01 7.839671e-02 1.026195e-01 -8.471286e+01
1.052939e-01 4.066627e-02 9.936093e-01 -5.059987e+01 7.254061e-02 9.961875e-01 -4.845900e-02 3.998925e+00 -9.917918e-01 7.717947e-02 1.019425e-01 -8.460805e+01
1.062803e-01 3.738440e-02 9.936332e-01 -4.951878e+01 7.328813e-02 9.962804e-01 -4.532299e-02 3.935714e+00 -9.916317e-01 7.763846e-02 1.031452e-01 -8.450390e+01
1.062705e-01 3.497471e-02 9.937220e-01 -4.842761e+01 7.061719e-02 9.965922e-01 -4.262766e-02 3.875573e+00 -9.918265e-01 7.470391e-02 1.034386e-01 -8.439783e+01
1.066120e-01 3.367870e-02 9.937302e-01 -4.735159e+01 6.720555e-02 9.968965e-01 -4.099613e-02 3.813548e+00 -9.920269e-01 7.115486e-02 1.040178e-01 -8.428031e+01
1.070576e-01 3.362634e-02 9.936840e-01 -4.623971e+01 6.206893e-02 9.972525e-01 -4.043429e-02 3.765601e+00 -9.923135e-01 6.600570e-02 1.046763e-01 -8.417172e+01
1.073256e-01 3.462635e-02 9.936208e-01 -4.513659e+01 5.642788e-02 9.975703e-01 -4.085902e-02 3.706655e+00 -9.926213e-01 6.045314e-02 1.051110e-01 -8.405873e+01
1.071699e-01 3.568847e-02 9.936000e-01 -4.406240e+01 5.136455e-02 9.978223e-01 -4.138032e-02 3.648924e+00 -9.929130e-01 5.547054e-02 1.051034e-01 -8.393275e+01
1.074131e-01 3.671551e-02 9.935363e-01 -4.300155e+01 4.741999e-02 9.979914e-01 -4.200681e-02 3.583862e+00 -9.930830e-01 5.162557e-02 1.054563e-01 -8.381147e+01
1.076005e-01 3.833307e-02 9.934549e-01 -4.192334e+01 4.533722e-02 9.980277e-01 -4.341996e-02 3.521362e+00 -9.931599e-01 4.971249e-02 1.056504e-01 -8.369267e+01
1.084153e-01 4.039401e-02 9.932847e-01 -4.084939e+01 4.257768e-02 9.980686e-01 -4.523584e-02 3.455364e+00 -9.931935e-01 4.719602e-02 1.064860e-01 -8.358306e+01
1.090622e-01 4.120528e-02 9.931805e-01 -3.980296e+01 4.299581e-02 9.980098e-01 -4.612706e-02 3.393269e+00 -9.931046e-01 4.773332e-02 1.070735e-01 -8.346385e+01
1.105039e-01 3.446802e-02 9.932778e-01 -3.876836e+01 4.643825e-02 9.981279e-01 -3.980266e-02 3.337319e+00 -9.927902e-01 5.052443e-02 1.086964e-01 -8.333857e+01
1.115652e-01 2.928854e-02 9.933254e-01 -3.771283e+01 4.705755e-02 9.982886e-01 -3.472014e-02 3.283304e+00 -9.926423e-01 5.061702e-02 1.099960e-01 -8.323019e+01
1.128007e-01 2.855399e-02 9.932073e-01 -3.662651e+01 4.889710e-02 9.982164e-01 -3.425135e-02 3.226837e+00 -9.924138e-01 5.242853e-02 1.112033e-01 -8.311969e+01
1.136514e-01 3.302708e-02 9.929716e-01 -3.559783e+01 4.962598e-02 9.980110e-01 -3.887468e-02 3.181901e+00 -9.922805e-01 5.369535e-02 1.117863e-01 -8.299639e+01
1.146986e-01 3.684239e-02 9.927169e-01 -3.453591e+01 4.913463e-02 9.978785e-01 -4.271097e-02 3.127281e+00 -9.921845e-01 5.367566e-02 1.126450e-01 -8.288560e+01
1.152115e-01 3.849173e-02 9.925949e-01 -3.348787e+01 4.740786e-02 9.978972e-01 -4.420002e-02 3.062932e+00 -9.922091e-01 5.214915e-02 1.131444e-01 -8.277346e+01
1.155820e-01 3.875617e-02 9.925416e-01 -3.246200e+01 4.692486e-02 9.979098e-01 -4.443021e-02 2.996032e+00 -9.921889e-01 5.171021e-02 1.135218e-01 -8.265297e+01
1.159508e-01 3.937749e-02 9.924741e-01 -3.139999e+01 4.753170e-02 9.978491e-01 -4.514388e-02 2.934136e+00 -9.921170e-01 5.240845e-02 1.138297e-01 -8.253135e+01
1.161031e-01 4.144811e-02 9.923720e-01 -3.037441e+01 4.904689e-02 9.976707e-01 -4.740769e-02 2.866486e+00 -9.920254e-01 5.417694e-02 1.137997e-01 -8.241456e+01
1.160348e-01 4.437846e-02 9.922532e-01 -2.933249e+01 5.123912e-02 9.974037e-01 -5.060076e-02 2.800673e+00 -9.919226e-01 5.671363e-02 1.134596e-01 -8.230541e+01
1.159901e-01 4.265069e-02 9.923342e-01 -2.829979e+01 5.333000e-02 9.973691e-01 -4.910062e-02 2.733482e+00 -9.918176e-01 5.861636e-02 1.134103e-01 -8.218118e+01
1.152675e-01 4.099333e-02 9.924883e-01 -2.725723e+01 5.434261e-02 9.973916e-01 -4.750720e-02 2.672302e+00 -9.918469e-01 5.941044e-02 1.127391e-01 -8.207251e+01
1.145209e-01 3.733177e-02 9.927192e-01 -2.621566e+01 5.516630e-02 9.975127e-01 -4.387606e-02 2.607539e+00 -9.918879e-01 5.978936e-02 1.121766e-01 -8.195953e+01
1.132723e-01 3.633010e-02 9.928995e-01 -2.518227e+01 5.474837e-02 9.975847e-01 -4.274735e-02 2.546392e+00 -9.920544e-01 5.920172e-02 1.110097e-01 -8.184380e+01
1.121307e-01 3.782514e-02 9.929733e-01 -2.414934e+01 5.245832e-02 9.976565e-01 -4.392734e-02 2.486643e+00 -9.923078e-01 5.701531e-02 1.098836e-01 -8.172863e+01
1.110393e-01 3.985608e-02 9.930165e-01 -2.313521e+01 4.993714e-02 9.977095e-01 -4.562842e-02 2.424547e+00 -9.925606e-01 5.465495e-02 1.087947e-01 -8.161053e+01
1.099422e-01 3.938596e-02 9.931573e-01 -2.211694e+01 4.882449e-02 9.977943e-01 -4.497470e-02 2.358942e+00 -9.927381e-01 5.343502e-02 1.077767e-01 -8.149824e+01
1.091057e-01 3.785226e-02 9.933092e-01 -2.111078e+01 4.808806e-02 9.979037e-01 -4.330937e-02 2.299255e+00 -9.928663e-01 5.249161e-02 1.070567e-01 -8.139520e+01
1.079996e-01 3.674989e-02 9.934715e-01 -2.008794e+01 4.744002e-02 9.979876e-01 -4.207412e-02 2.238918e+00 -9.930184e-01 5.167430e-02 1.060388e-01 -8.128590e+01
1.071785e-01 3.701183e-02 9.935507e-01 -1.908967e+01 4.850987e-02 9.979220e-01 -4.240763e-02 2.174161e+00 -9.930557e-01 5.274219e-02 1.051603e-01 -8.117637e+01
1.069953e-01 3.464897e-02 9.936556e-01 -1.807963e+01 4.937310e-02 9.979745e-01 -4.011599e-02 2.115513e+00 -9.930329e-01 5.335208e-02 1.050679e-01 -8.108173e+01
1.081118e-01 3.489682e-02 9.935261e-01 -1.717080e+01 4.973092e-02 9.979427e-01 -4.046348e-02 2.080897e+00 -9.928941e-01 5.378354e-02 1.061540e-01 -8.107148e+01
1.071659e-01 3.376710e-02 9.936676e-01 -1.617777e+01 4.683734e-02 9.981421e-01 -3.897051e-02 2.026712e+00 -9.931373e-01 5.071705e-02 1.053852e-01 -8.095254e+01
1.066450e-01 3.353636e-02 9.937314e-01 -1.525868e+01 4.603600e-02 9.981927e-01 -3.862740e-02 1.968274e+00 -9.932309e-01 4.986684e-02 1.049084e-01 -8.085860e+01
1.064594e-01 3.321823e-02 9.937620e-01 -1.434739e+01 4.550624e-02 9.982318e-01 -3.824261e-02 1.909374e+00 -9.932752e-01 4.929366e-02 1.047595e-01 -8.077692e+01
1.057617e-01 3.205962e-02 9.938746e-01 -1.341329e+01 4.429881e-02 9.983360e-01 -3.691752e-02 1.855649e+00 -9.934043e-01 4.793192e-02 1.041655e-01 -8.066809e+01
1.057871e-01 3.106860e-02 9.939033e-01 -1.251171e+01 4.283144e-02 9.984418e-01 -3.576927e-02 1.808313e+00 -9.934659e-01 4.635424e-02 1.042916e-01 -8.057013e+01
1.071315e-01 3.087553e-02 9.937653e-01 -1.161220e+01 4.418547e-02 9.983823e-01 -3.578233e-02 1.756933e+00 -9.932625e-01 4.774340e-02 1.055940e-01 -8.048067e+01
1.097641e-01 3.247741e-02 9.934269e-01 -1.079015e+01 4.279972e-02 9.983846e-01 -3.736845e-02 1.719946e+00 -9.930358e-01 4.662011e-02 1.081968e-01 -8.039441e+01
1.132887e-01 3.372906e-02 9.929894e-01 -9.961404e+00 4.235589e-02 9.983511e-01 -3.874350e-02 1.680909e+00 -9.926589e-01 4.644815e-02 1.116732e-01 -8.030279e+01
1.170438e-01 3.103370e-02 9.926418e-01 -9.138688e+00 4.043833e-02 9.985338e-01 -3.598604e-02 1.634387e+00 -9.923031e-01 4.435272e-02 1.156172e-01 -8.018908e+01
1.215422e-01 3.229749e-02 9.920607e-01 -8.338014e+00 3.771154e-02 9.985986e-01 -3.713057e-02 1.597068e+00 -9.918696e-01 4.192507e-02 1.201539e-01 -8.008289e+01
1.261680e-01 3.415171e-02 9.914208e-01 -7.541921e+00 3.413516e-02 9.986659e-01 -3.874532e-02 1.568502e+00 -9.914214e-01 3.873072e-02 1.248339e-01 -7.997072e+01
1.339378e-01 3.537876e-02 9.903580e-01 -6.736602e+00 3.502240e-02 9.985693e-01 -4.040858e-02 1.505805e+00 -9.903707e-01 4.009695e-02 1.325071e-01 -7.988988e+01
1.433447e-01 3.679697e-02 9.889885e-01 -5.990934e+00 3.655811e-02 9.984296e-01 -4.244700e-02 1.452632e+00 -9.889974e-01 4.224011e-02 1.417744e-01 -7.978719e+01
1.542578e-01 3.828978e-02 9.872884e-01 -5.268481e+00 3.711349e-02 9.983190e-01 -4.451633e-02 1.396855e+00 -9.873333e-01 4.350871e-02 1.525774e-01 -7.966357e+01
1.664728e-01 3.894302e-02 9.852767e-01 -4.598679e+00 3.549776e-02 9.983354e-01 -4.545688e-02 1.356269e+00 -9.854069e-01 4.254245e-02 1.648133e-01 -7.954228e+01
1.789256e-01 3.932038e-02 9.830766e-01 -3.912557e+00 3.443142e-02 9.983388e-01 -4.619754e-02 1.309605e+00 -9.832599e-01 4.211465e-02 1.772745e-01 -7.940819e+01
1.928364e-01 3.904460e-02 9.804538e-01 -3.245676e+00 3.367441e-02 9.983561e-01 -4.638063e-02 1.277652e+00 -9.806529e-01 4.196008e-02 1.912046e-01 -7.927656e+01
2.088868e-01 3.725185e-02 9.772301e-01 -2.626328e+00 3.338226e-02 9.984203e-01 -4.519520e-02 1.238131e+00 -9.773699e-01 4.206283e-02 2.073133e-01 -7.915265e+01
2.250407e-01 3.412524e-02 9.737516e-01 -2.029001e+00 3.214224e-02 9.985825e-01 -4.242374e-02 1.196495e+00 -9.738191e-01 4.084562e-02 2.236249e-01 -7.899491e+01
2.432279e-01 3.618653e-02 9.692939e-01 -1.442109e+00 2.735649e-02 9.986504e-01 -4.414714e-02 1.161293e+00 -9.695833e-01 3.725430e-02 2.419097e-01 -7.883247e+01
2.626996e-01 3.757890e-02 9.641456e-01 -8.747144e-01 2.316415e-02 9.987077e-01 -4.523751e-02 1.117595e+00 -9.645996e-01 3.421749e-02 2.614896e-01 -7.865799e+01
2.837745e-01 3.732601e-02 9.581643e-01 -3.077408e-01 2.240267e-02 9.987113e-01 -4.554043e-02 1.085222e+00 -9.586293e-01 3.438865e-02 2.825726e-01 -7.848168e+01
3.060672e-01 3.669004e-02 9.513026e-01 2.252937e-01 1.971321e-02 9.987986e-01 -4.486430e-02 1.048397e+00 -9.518058e-01 3.248472e-02 3.049762e-01 -7.829997e+01
3.291023e-01 3.715774e-02 9.435629e-01 7.401726e-01 1.643491e-02 9.988488e-01 -4.506719e-02 1.016112e+00 -9.441513e-01 3.033908e-02 3.281127e-01 -7.809149e+01
3.549106e-01 3.813168e-02 9.341223e-01 1.254750e+00 1.414992e-02 9.988343e-01 -4.614941e-02 9.755742e-01 -9.347932e-01 2.959667e-02 3.539573e-01 -7.788141e+01
3.833059e-01 4.067425e-02 9.227254e-01 1.753327e+00 1.134191e-02 9.987473e-01 -4.873683e-02 9.436130e-01 -9.235518e-01 2.914658e-02 3.823644e-01 -7.764843e+01
4.158772e-01 4.343666e-02 9.083828e-01 2.235272e+00 9.082776e-03 9.986105e-01 -5.190942e-02 9.188611e-01 -9.093754e-01 2.983859e-02 4.149048e-01 -7.742343e+01
4.514247e-01 4.533371e-02 8.911569e-01 2.841043e+00 8.289737e-03 9.984524e-01 -5.499115e-02 8.889367e-01 -8.922707e-01 3.221182e-02 4.503503e-01 -7.719958e+01
4.900525e-01 3.968837e-02 8.707890e-01 3.313022e+00 1.210874e-02 9.985566e-01 -5.232611e-02 8.733488e-01 -8.716088e-01 3.618670e-02 4.888646e-01 -7.693194e+01
5.343145e-01 3.544097e-02 8.445424e-01 3.700598e+00 1.298288e-02 9.986587e-01 -5.012226e-02 8.413378e-01 -8.451860e-01 3.774564e-02 5.331377e-01 -7.668382e+01
5.778135e-01 3.514804e-02 8.154116e-01 4.097857e+00 7.493706e-03 9.988017e-01 -4.836317e-02 8.164595e-01 -8.161344e-01 3.405535e-02 5.768578e-01 -7.637526e+01
6.194861e-01 3.839944e-02 7.840679e-01 4.456057e+00 2.263261e-04 9.987941e-01 -4.909439e-02 7.875298e-01 -7.850076e-01 3.059075e-02 6.187304e-01 -7.605145e+01
6.602596e-01 4.173321e-02 7.498770e-01 4.795689e+00 -5.076312e-03 9.986801e-01 -5.111030e-02 7.642184e-01 -7.510203e-01 2.993946e-02 6.596000e-01 -7.571622e+01
6.999045e-01 4.200088e-02 7.130005e-01 5.120529e+00 -5.569332e-03 9.985601e-01 -5.335536e-02 7.386570e-01 -7.142148e-01 3.337272e-02 6.991305e-01 -7.537043e+01
7.370983e-01 4.019066e-02 6.745894e-01 5.429134e+00 -4.447420e-03 9.984968e-01 -5.462888e-02 7.189503e-01 -6.757709e-01 3.726667e-02 7.361691e-01 -7.502226e+01
7.710850e-01 4.257974e-02 6.353069e-01 5.706507e+00 -1.242528e-02 9.985778e-01 -5.184617e-02 6.899339e-01 -6.366110e-01 3.208394e-02 7.705174e-01 -7.463836e+01
8.025244e-01 4.843439e-02 5.946501e-01 5.955667e+00 -2.449030e-02 9.985336e-01 -4.827931e-02 6.637761e-01 -5.961165e-01 2.418216e-02 8.025337e-01 -7.424090e+01
8.324506e-01 5.167804e-02 5.516841e-01 6.190634e+00 -3.300870e-02 9.984982e-01 -4.372486e-02 6.399046e-01 -5.531152e-01 1.818840e-02 8.329062e-01 -7.382800e+01
8.599881e-01 4.543291e-02 5.082876e-01 6.402974e+00 -3.224725e-02 9.988766e-01 -3.472368e-02 6.264564e-01 -5.092942e-01 1.347107e-02 8.604871e-01 -7.341208e+01
8.851532e-01 4.045128e-02 4.635380e-01 6.598931e+00 -3.185547e-02 9.991448e-01 -2.636184e-02 6.094289e-01 -4.642080e-01 8.568051e-03 8.856848e-01 -7.298752e+01
9.077922e-01 3.958352e-02 4.175482e-01 6.764288e+00 -3.554183e-02 9.992158e-01 -1.745399e-02 5.851896e-01 -4.179117e-01 1.004171e-03 9.084871e-01 -7.256472e+01
9.274780e-01 4.719258e-02 3.708874e-01 6.897213e+00 -4.744007e-02 9.988382e-01 -8.461163e-03 5.587165e-01 -3.708559e-01 -9.747383e-03 9.286393e-01 -7.211865e+01
9.446798e-01 5.249907e-02 3.237653e-01 7.022200e+00 -5.355822e-02 9.985488e-01 -5.644564e-03 5.612914e-01 -3.235918e-01 -1.200799e-02 9.461206e-01 -7.165305e+01
9.595410e-01 5.486531e-02 2.761719e-01 7.135323e+00 -5.546116e-02 9.984448e-01 -5.658506e-03 5.558287e-01 -2.760528e-01 -9.887246e-03 9.610916e-01 -7.118120e+01
9.709645e-01 5.530084e-02 2.327440e-01 7.221830e+00 -5.554212e-02 9.984411e-01 -5.521955e-03 5.437687e-01 -2.326866e-01 -7.565473e-03 9.725224e-01 -7.072322e+01
9.795473e-01 5.646181e-02 1.931297e-01 7.302536e+00 -5.676934e-02 9.983795e-01 -3.945829e-03 5.266023e-01 -1.930395e-01 -7.098719e-03 9.811653e-01 -7.030345e+01
9.856397e-01 6.326126e-02 1.565644e-01 7.340625e+00 -6.360660e-02 9.979711e-01 -2.808566e-03 5.197135e-01 -1.564244e-01 -7.190294e-03 9.876638e-01 -6.982738e+01
9.899786e-01 7.013840e-02 1.225684e-01 7.363828e+00 -7.040335e-02 9.975162e-01 -2.173375e-03 5.146587e-01 -1.224164e-01 -6.477633e-03 9.924577e-01 -6.931335e+01
9.930596e-01 6.839289e-02 9.568206e-02 7.387638e+00 -6.865246e-02 9.976405e-01 -5.803803e-04 5.031099e-01 -9.549599e-02 -5.992457e-03 9.954118e-01 -6.881174e+01
9.947991e-01 7.089785e-02 7.313215e-02 7.425636e+00 -7.116883e-02 9.974637e-01 1.102849e-03 5.038922e-01 -7.286847e-02 -6.301842e-03 9.973216e-01 -6.829015e+01
9.960300e-01 7.191237e-02 5.246774e-02 7.421670e+00 -7.215477e-02 9.973897e-01 2.737957e-03 5.041599e-01 -5.213389e-02 -6.512885e-03 9.986189e-01 -6.774198e+01
9.969950e-01 6.964519e-02 3.391878e-02 7.434357e+00 -6.979701e-02 9.975557e-01 3.311444e-03 4.971095e-01 -3.360524e-02 -5.668923e-03 9.994191e-01 -6.721927e+01
9.974236e-01 6.918436e-02 1.896358e-02 7.438154e+00 -6.925144e-02 9.975950e-01 2.902788e-03 4.756534e-01 -1.871715e-02 -4.208565e-03 9.998160e-01 -6.670905e+01
9.974805e-01 7.075038e-02 5.194102e-03 7.407252e+00 -7.076382e-02 9.974901e-01 2.451885e-03 4.705954e-01 -5.007594e-03 -2.813262e-03 9.999835e-01 -6.613325e+01
9.974485e-01 7.067503e-02 -1.007715e-02 7.451881e+00 -7.065150e-02 9.974975e-01 2.672761e-03 4.899390e-01 1.024083e-02 -1.953975e-03 9.999457e-01 -6.563292e+01
9.972495e-01 6.983647e-02 -2.482618e-02 7.500164e+00 -6.977960e-02 9.975575e-01 3.150789e-03 4.984586e-01 2.498558e-02 -1.409762e-03 9.996868e-01 -6.512289e+01
9.969247e-01 6.741801e-02 -3.994984e-02 7.550804e+00 -6.732904e-02 9.977244e-01 3.569854e-03 5.282263e-01 4.009960e-02 -8.690916e-04 9.991953e-01 -6.459702e+01
9.964399e-01 6.439057e-02 -5.441883e-02 7.509403e+00 -6.423015e-02 9.979241e-01 4.693581e-03 5.381918e-01 5.460808e-02 -1.181542e-03 9.985072e-01 -6.397039e+01
9.959533e-01 6.090608e-02 -6.608612e-02 7.475009e+00 -6.075588e-02 9.981435e-01 4.282046e-03 5.346119e-01 6.622423e-02 -2.495979e-04 9.978047e-01 -6.333864e+01
9.951784e-01 6.194162e-02 -7.604717e-02 7.405951e+00 -6.186028e-02 9.980789e-01 3.426931e-03 5.353655e-01 7.611334e-02 1.293891e-03 9.970983e-01 -6.268577e+01
9.943965e-01 6.347362e-02 -8.453772e-02 7.338149e+00 -6.348967e-02 9.979794e-01 2.501309e-03 5.316960e-01 8.452567e-02 2.879979e-03 9.964171e-01 -6.202305e+01
9.938504e-01 6.345977e-02 -9.074309e-02 7.266981e+00 -6.358970e-02 9.979751e-01 1.461442e-03 5.305922e-01 9.065208e-02 4.317871e-03 9.958733e-01 -6.134017e+01
9.933667e-01 6.468792e-02 -9.506838e-02 7.213877e+00 -6.487676e-02 9.978927e-01 1.106446e-03 5.156476e-01 9.493962e-02 5.068622e-03 9.954701e-01 -6.066420e+01
9.930153e-01 6.525328e-02 -9.829896e-02 7.138831e+00 -6.546533e-02 9.978543e-01 1.070207e-03 5.003482e-01 9.815787e-02 5.372442e-03 9.951564e-01 -5.993683e+01
9.927471e-01 6.523626e-02 -1.009820e-01 7.045804e+00 -6.533478e-02 9.978607e-01 2.334834e-03 4.939461e-01 1.009182e-01 4.279735e-03 9.948855e-01 -5.918956e+01
9.925282e-01 6.356377e-02 -1.041508e-01 6.993810e+00 -6.351509e-02 9.979737e-01 3.787325e-03 5.007919e-01 1.041805e-01 2.856119e-03 9.945543e-01 -5.846549e+01
9.922229e-01 6.347796e-02 -1.070713e-01 6.890907e+00 -6.317024e-02 9.979831e-01 6.266637e-03 4.892593e-01 1.072532e-01 5.458194e-04 9.942316e-01 -5.767889e+01
9.919726e-01 6.263807e-02 -1.098493e-01 6.780740e+00 -6.204188e-02 9.980344e-01 8.840298e-03 4.827494e-01 1.101871e-01 -1.954078e-03 9.939089e-01 -5.689077e+01
9.921414e-01 5.883906e-02 -1.104236e-01 6.661229e+00 -5.801998e-02 9.982589e-01 1.061905e-02 4.812711e-01 1.108561e-01 -4.128827e-03 9.938279e-01 -5.609758e+01
9.918047e-01 5.801152e-02 -1.138335e-01 6.569150e+00 -5.699350e-02 9.983002e-01 1.218001e-02 4.770347e-01 1.143466e-01 -5.592427e-03 9.934252e-01 -5.532672e+01
9.915589e-01 5.648788e-02 -1.167049e-01 6.448105e+00 -5.537616e-02 9.983842e-01 1.274907e-02 4.703817e-01 1.172365e-01 -6.178782e-03 9.930848e-01 -5.453760e+01
9.911726e-01 5.594826e-02 -1.201945e-01 6.348027e+00 -5.480095e-02 9.984148e-01 1.283229e-02 4.558843e-01 1.207219e-01 -6.132246e-03 9.926674e-01 -5.375975e+01
9.907990e-01 5.570832e-02 -1.233451e-01 6.223595e+00 -5.456834e-02 9.984305e-01 1.260388e-02 4.546598e-01 1.238536e-01 -5.757171e-03 9.922838e-01 -5.297577e+01
9.903755e-01 5.593292e-02 -1.266009e-01 6.121502e+00 -5.481812e-02 9.984209e-01 1.227531e-02 4.490348e-01 1.270876e-01 -5.217141e-03 9.918778e-01 -5.221995e+01
9.899847e-01 5.652983e-02 -1.293626e-01 6.013983e+00 -5.540494e-02 9.983884e-01 1.228087e-02 4.471510e-01 1.298484e-01 -4.990542e-03 9.915213e-01 -5.145876e+01
9.896652e-01 5.779131e-02 -1.312361e-01 5.916400e+00 -5.667604e-02 9.983178e-01 1.222063e-02 4.461366e-01 1.317216e-01 -4.656388e-03 9.912758e-01 -5.070949e+01
9.895056e-01 5.780860e-02 -1.324268e-01 5.809896e+00 -5.674710e-02 9.983191e-01 1.177900e-02 4.490309e-01 1.328851e-01 -4.140546e-03 9.911228e-01 -4.994905e+01
9.893755e-01 5.940943e-02 -1.326901e-01 5.677229e+00 -5.840319e-02 9.982272e-01 1.146607e-02 4.448038e-01 1.331361e-01 -3.594720e-03 9.910912e-01 -4.916319e+01
9.898887e-01 5.708877e-02 -1.298506e-01 5.569311e+00 -5.608037e-02 9.983610e-01 1.141216e-02 4.350765e-01 1.302893e-01 -4.014700e-03 9.914679e-01 -4.841218e+01
9.898849e-01 5.681240e-02 -1.300005e-01 5.465524e+00 -5.574900e-02 9.983750e-01 1.180751e-02 4.330363e-01 1.304601e-01 -4.440676e-03 9.914436e-01 -4.766123e+01
9.898269e-01 5.727452e-02 -1.302397e-01 5.355620e+00 -5.611352e-02 9.983453e-01 1.256965e-02 4.272661e-01 1.307441e-01 -5.133562e-03 9.914029e-01 -4.689092e+01
9.898447e-01 5.619776e-02 -1.305732e-01 5.228270e+00 -5.496284e-02 9.984032e-01 1.304518e-02 4.445569e-01 1.310978e-01 -5.736026e-03 9.913528e-01 -4.609390e+01
9.898894e-01 5.535098e-02 -1.305954e-01 5.107495e+00 -5.404014e-02 9.984467e-01 1.356281e-02 4.511159e-01 1.311432e-01 -6.368294e-03 9.913430e-01 -4.531618e+01
9.898539e-01 5.510073e-02 -1.309699e-01 5.011778e+00 -5.379806e-02 9.984610e-01 1.346647e-02 4.505746e-01 1.315104e-01 -6.283909e-03 9.912949e-01 -4.456087e+01
9.898082e-01 5.685967e-02 -1.305632e-01 4.900608e+00 -5.558686e-02 9.983643e-01 1.337542e-02 4.361343e-01 1.311101e-01 -5.981506e-03 9.913498e-01 -4.381364e+01
9.899587e-01 5.521243e-02 -1.301282e-01 4.793683e+00 -5.402676e-02 9.984596e-01 1.262695e-02 4.412079e-01 1.306249e-01 -5.469754e-03 9.914168e-01 -4.304324e+01
9.900876e-01 5.482235e-02 -1.293099e-01 4.701072e+00 -5.371920e-02 9.984839e-01 1.200613e-02 4.344037e-01 1.297721e-01 -4.940696e-03 9.915315e-01 -4.230102e+01
9.902349e-01 5.537274e-02 -1.279404e-01 4.594280e+00 -5.432798e-02 9.984553e-01 1.164400e-02 4.343265e-01 1.283875e-01 -4.579550e-03 9.917135e-01 -4.155729e+01
9.909668e-01 5.292676e-02 -1.232213e-01 4.495515e+00 -5.195804e-02 9.985880e-01 1.106406e-02 4.262069e-01 1.236329e-01 -4.561778e-03 9.923175e-01 -4.082493e+01
9.912165e-01 5.000569e-02 -1.224304e-01 4.405604e+00 -4.887503e-02 9.987301e-01 1.222287e-02 4.228048e-01 1.228862e-01 -6.131719e-03 9.924018e-01 -4.009022e+01
9.914289e-01 4.907902e-02 -1.210782e-01 4.305899e+00 -4.777671e-02 9.987649e-01 1.363744e-02 4.186787e-01 1.215979e-01 -7.735835e-03 9.925493e-01 -3.936769e+01
9.913692e-01 5.318902e-02 -1.198247e-01 4.210560e+00 -5.165214e-02 9.985386e-01 1.589783e-02 4.105837e-01 1.204951e-01 -9.571420e-03 9.926678e-01 -3.865127e+01
9.915044e-01 5.357970e-02 -1.185253e-01 4.113156e+00 -5.210673e-02 9.985213e-01 1.549394e-02 4.035269e-01 1.191802e-01 -9.186344e-03 9.928301e-01 -3.793772e+01
9.916272e-01 5.174928e-02 -1.183108e-01 4.020412e+00 -5.064986e-02 9.986409e-01 1.228264e-02 3.993283e-01 1.187856e-01 -6.187379e-03 9.929006e-01 -3.724548e+01
9.916678e-01 5.081406e-02 -1.183763e-01 3.932577e+00 -4.998600e-02 9.987003e-01 9.955621e-03 3.948225e-01 1.187283e-01 -3.955512e-03 9.929189e-01 -3.656051e+01
9.916230e-01 5.341394e-02 -1.176044e-01 3.848594e+00 -5.304040e-02 9.985725e-01 6.305977e-03 3.934941e-01 1.177734e-01 -1.536523e-05 9.930405e-01 -3.589750e+01
9.915139e-01 5.567451e-02 -1.174759e-01 3.747897e+00 -5.549316e-02 9.984474e-01 4.816585e-03 3.921087e-01 1.175616e-01 1.743396e-03 9.930641e-01 -3.521972e+01
9.913935e-01 5.808622e-02 -1.173243e-01 3.673397e+00 -5.796379e-02 9.983087e-01 4.458198e-03 3.663926e-01 1.173848e-01 2.380732e-03 9.930837e-01 -3.457209e+01
9.920707e-01 5.466875e-02 -1.131682e-01 3.600207e+00 -5.453145e-02 9.985027e-01 4.310755e-03 3.594890e-01 1.132344e-01 1.894653e-03 9.935665e-01 -3.390822e+01
9.920951e-01 5.466864e-02 -1.129539e-01 3.527150e+00 -5.464195e-02 9.985004e-01 3.334548e-03 3.533242e-01 1.129669e-01 2.863835e-03 9.935946e-01 -3.327016e+01
9.920081e-01 5.580120e-02 -1.131643e-01 3.455241e+00 -5.587547e-02 9.984346e-01 2.517855e-03 3.418192e-01 1.131276e-01 3.825373e-03 9.935731e-01 -3.263763e+01
9.919145e-01 5.669726e-02 -1.135391e-01 3.391002e+00 -5.686466e-02 9.983803e-01 1.766414e-03 3.355538e-01 1.134554e-01 4.704232e-03 9.935320e-01 -3.202081e+01
9.918497e-01 5.726222e-02 -1.138206e-01 3.308920e+00 -5.747834e-02 9.983458e-01 1.384842e-03 3.369936e-01 1.137116e-01 5.168664e-03 9.935004e-01 -3.138234e+01
9.917588e-01 5.783157e-02 -1.143240e-01 3.232373e+00 -5.800503e-02 9.983146e-01 1.811555e-03 3.254216e-01 1.142361e-01 4.834739e-03 9.934419e-01 -3.074742e+01
9.917195e-01 5.764921e-02 -1.147565e-01 3.142359e+00 -5.777929e-02 9.983270e-01 2.195223e-03 3.196270e-01 1.146911e-01 4.453506e-03 9.933912e-01 -3.010435e+01
9.916182e-01 5.803675e-02 -1.154341e-01 3.050661e+00 -5.819759e-02 9.983031e-01 1.979311e-03 3.112340e-01 1.153531e-01 4.755268e-03 9.933132e-01 -2.946564e+01
9.914497e-01 5.876660e-02 -1.165073e-01 2.974764e+00 -5.900725e-02 9.982566e-01 1.385541e-03 2.915792e-01 1.163856e-01 5.501079e-03 9.931889e-01 -2.887091e+01
9.912399e-01 5.904653e-02 -1.181392e-01 2.900162e+00 -5.944778e-02 9.982314e-01 1.277520e-04 2.752091e-01 1.179378e-01 6.896482e-03 9.929970e-01 -2.826387e+01
9.917574e-01 5.581212e-02 -1.153357e-01 2.810372e+00 -5.621524e-02 9.984186e-01 -2.429580e-04 2.691216e-01 1.151397e-01 6.724579e-03 9.933265e-01 -2.762765e+01
9.915830e-01 5.509637e-02 -1.171646e-01 2.722894e+00 -5.551999e-02 9.984575e-01 -3.524457e-04 2.624504e-01 1.169645e-01 6.854457e-03 9.931124e-01 -2.701402e+01
9.913571e-01 5.488239e-02 -1.191595e-01 2.644919e+00 -5.530174e-02 9.984697e-01 -2.129904e-04 2.487020e-01 1.189655e-01 6.800880e-03 9.928751e-01 -2.641265e+01
9.911750e-01 5.368608e-02 -1.212020e-01 2.571574e+00 -5.413880e-02 9.985333e-01 -4.429550e-04 2.391745e-01 1.210005e-01 7.000778e-03 9.926278e-01 -2.581674e+01
9.910468e-01 5.216877e-02 -1.229010e-01 2.492008e+00 -5.259201e-02 9.986161e-01 -1.999695e-04 2.303155e-01 1.227204e-01 6.661788e-03 9.924189e-01 -2.521029e+01
9.908136e-01 5.134806e-02 -1.251069e-01 2.413223e+00 -5.170260e-02 9.986624e-01 4.136044e-04 2.265091e-01 1.249608e-01 6.058545e-03 9.921432e-01 -2.460225e+01
9.905595e-01 5.190776e-02 -1.268755e-01 2.332782e+00 -5.217000e-02 9.986374e-01 1.257441e-03 2.175889e-01 1.267679e-01 5.373524e-03 9.919179e-01 -2.400882e+01
9.903297e-01 5.274693e-02 -1.283156e-01 2.243935e+00 -5.290195e-02 9.985973e-01 2.202154e-03 2.083890e-01 1.282518e-01 4.607288e-03 9.917309e-01 -2.341473e+01
9.900879e-01 5.286307e-02 -1.301209e-01 2.165864e+00 -5.288141e-02 9.985953e-01 3.316656e-03 2.018632e-01 1.301134e-01 3.597194e-03 9.914926e-01 -2.283607e+01
9.899661e-01 5.303458e-02 -1.309749e-01 2.068911e+00 -5.297474e-02 9.985881e-01 3.943544e-03 1.944084e-01 1.309992e-01 3.034389e-03 9.913778e-01 -2.225027e+01
9.907012e-01 4.969289e-02 -1.266557e-01 1.981710e+00 -4.952099e-02 9.987629e-01 4.507547e-03 1.912146e-01 1.267230e-01 1.806482e-03 9.919365e-01 -2.167680e+01
9.906596e-01 5.047878e-02 -1.266705e-01 1.890056e+00 -5.033370e-02 9.987230e-01 4.347984e-03 1.848195e-01 1.267283e-01 2.068425e-03 9.919353e-01 -2.110373e+01
9.906626e-01 5.257693e-02 -1.257904e-01 1.818056e+00 -5.245120e-02 9.986142e-01 4.313722e-03 1.740076e-01 1.258429e-01 2.324416e-03 9.920475e-01 -2.057692e+01
9.908209e-01 5.268357e-02 -1.244924e-01 1.746910e+00 -5.262812e-02 9.986072e-01 3.736345e-03 1.727899e-01 1.245158e-01 2.849752e-03 9.922135e-01 -2.005183e+01
9.910373e-01 5.161056e-02 -1.232128e-01 1.678158e+00 -5.156249e-02 9.986633e-01 3.580973e-03 1.748779e-01 1.232329e-01 2.804281e-03 9.923738e-01 -1.953279e+01
9.912310e-01 5.074395e-02 -1.220088e-01 1.619619e+00 -5.073699e-02 9.987070e-01 3.165842e-03 1.696889e-01 1.220116e-01 3.052275e-03 9.925240e-01 -1.903465e+01
9.914091e-01 5.112355e-02 -1.203924e-01 1.556188e+00 -5.117487e-02 9.986861e-01 2.667521e-03 1.609355e-01 1.203706e-01 3.516459e-03 9.927228e-01 -1.854602e+01
9.916033e-01 5.104127e-02 -1.188176e-01 1.495845e+00 -5.121913e-02 9.986862e-01 1.558330e-03 1.545068e-01 1.187410e-01 4.540489e-03 9.929149e-01 -1.806354e+01
9.917363e-01 5.077963e-02 -1.178159e-01 1.441285e+00 -5.099701e-02 9.986981e-01 1.170705e-03 1.529588e-01 1.177219e-01 4.847227e-03 9.930348e-01 -1.759494e+01
9.918717e-01 5.084845e-02 -1.166404e-01 1.385004e+00 -5.107756e-02 9.986942e-01 1.025970e-03 1.466292e-01 1.165402e-01 4.940074e-03 9.931737e-01 -1.714078e+01
9.928014e-01 4.652571e-02 -1.103660e-01 1.332047e+00 -4.661449e-02 9.989114e-01 1.777072e-03 1.520125e-01 1.103285e-01 3.380373e-03 9.938894e-01 -1.669238e+01
9.929391e-01 4.621992e-02 -1.092501e-01 1.271342e+00 -4.628397e-02 9.989264e-01 1.950921e-03 1.485437e-01 1.092230e-01 3.119382e-03 9.940124e-01 -1.623622e+01
9.930957e-01 4.570266e-02 -1.080381e-01 1.219589e+00 -4.576554e-02 9.989504e-01 1.898651e-03 1.435483e-01 1.080115e-01 3.058881e-03 9.941449e-01 -1.581227e+01
9.932071e-01 4.559953e-02 -1.070528e-01 1.179677e+00 -4.559697e-02 9.989569e-01 2.472877e-03 1.349438e-01 1.070539e-01 2.425204e-03 9.942503e-01 -1.541452e+01
9.932375e-01 4.737784e-02 -1.059935e-01 1.130887e+00 -4.725940e-02 9.988761e-01 3.630161e-03 1.261762e-01 1.060464e-01 1.403580e-03 9.943602e-01 -1.501742e+01
9.934983e-01 4.450345e-02 -1.047886e-01 1.047168e+00 -4.438742e-02 9.990085e-01 3.440179e-03 1.686280e-01 1.048378e-01 1.233484e-03 9.944886e-01 -1.460487e+01
9.935490e-01 4.566965e-02 -1.038007e-01 9.952880e-01 -4.558606e-02 9.989554e-01 3.178744e-03 1.581662e-01 1.038374e-01 1.573627e-03 9.945930e-01 -1.424141e+01
9.937054e-01 4.451015e-02 -1.028027e-01 9.543249e-01 -4.446734e-02 9.990072e-01 2.709327e-03 1.494892e-01 1.028212e-01 1.879089e-03 9.946981e-01 -1.390749e+01
9.937581e-01 4.414914e-02 -1.024488e-01 9.290748e-01 -4.416330e-02 9.990221e-01 2.131092e-03 1.416724e-01 1.024427e-01 2.406687e-03 9.947360e-01 -1.360465e+01
9.938426e-01 4.418809e-02 -1.016089e-01 8.881620e-01 -4.423527e-02 9.990195e-01 1.789849e-03 1.299702e-01 1.015884e-01 2.715871e-03 9.948228e-01 -1.330362e+01
9.947324e-01 3.789597e-02 -9.524386e-02 8.332982e-01 -3.785800e-02 9.992807e-01 2.206351e-03 1.548808e-01 9.525896e-02 1.411013e-03 9.954515e-01 -1.299849e+01
9.947780e-01 3.789520e-02 -9.476646e-02 8.059157e-01 -3.795686e-02 9.992787e-01 1.152530e-03 1.498227e-01 9.474178e-02 2.450526e-03 9.954989e-01 -1.272344e+01
9.947995e-01 3.790652e-02 -9.453616e-02 7.861710e-01 -3.813784e-02 9.992723e-01 -6.406173e-04 1.408676e-01 9.444308e-02 4.242690e-03 9.955212e-01 -1.246231e+01
9.948066e-01 3.777169e-02 -9.451489e-02 7.716414e-01 -3.817348e-02 9.992681e-01 -2.445989e-03 1.369654e-01 9.435333e-02 6.041248e-03 9.955204e-01 -1.220822e+01
9.948162e-01 3.828824e-02 -9.420619e-02 7.592878e-01 -3.872305e-02 9.992461e-01 -2.791145e-03 1.279708e-01 9.402830e-02 6.424627e-03 9.955488e-01 -1.196588e+01
9.948110e-01 3.801639e-02 -9.437069e-02 7.417295e-01 -3.844225e-02 9.992572e-01 -2.698094e-03 1.330035e-01 9.419801e-02 6.311915e-03 9.955335e-01 -1.171113e+01
9.948371e-01 3.789484e-02 -9.414419e-02 7.110666e-01 -3.828589e-02 9.992641e-01 -2.350310e-03 1.272639e-01 9.398584e-02 5.942570e-03 9.955558e-01 -1.144945e+01
9.948200e-01 3.809511e-02 -9.424429e-02 6.985729e-01 -3.848263e-02 9.992566e-01 -2.297197e-03 1.221970e-01 9.408672e-02 5.912066e-03 9.955465e-01 -1.121206e+01
9.948215e-01 3.784049e-02 -9.433064e-02 6.945840e-01 -3.822402e-02 9.992666e-01 -2.261592e-03 1.182657e-01 9.417588e-02 5.855577e-03 9.955384e-01 -1.100624e+01
9.947714e-01 3.841838e-02 -9.462524e-02 6.790096e-01 -3.881269e-02 9.992438e-01 -2.329397e-03 1.144096e-01 9.446420e-02 5.989878e-03 9.955102e-01 -1.077094e+01
9.954970e-01 3.268996e-02 -8.897837e-02 6.579879e-01 -3.292531e-02 9.994571e-01 -1.178207e-03 1.292536e-01 8.889155e-02 4.102542e-03 9.960329e-01 -1.052897e+01
9.955420e-01 2.996775e-02 -8.943135e-02 5.959405e-01 -3.023547e-02 9.995415e-01 -1.640077e-03 1.443467e-01 8.934120e-02 4.336765e-03 9.959916e-01 -1.024576e+01
9.953076e-01 2.791713e-02 -9.264669e-02 5.812784e-01 -2.817516e-02 9.996019e-01 -1.478066e-03 1.429747e-01 9.256855e-02 4.081466e-03 9.956979e-01 -1.000241e+01
9.948875e-01 2.813365e-02 -9.699186e-02 5.387978e-01 -2.841384e-02 9.995951e-01 -1.508535e-03 1.426871e-01 9.691015e-02 4.256734e-03 9.952840e-01 -9.745744e+00
9.942597e-01 2.892867e-02 -1.030086e-01 5.045748e-01 -2.923197e-02 9.995716e-01 -1.435733e-03 1.387548e-01 1.029229e-01 4.438635e-03 9.946794e-01 -9.503339e+00
9.935143e-01 2.895855e-02 -1.099583e-01 4.544430e-01 -2.932665e-02 9.995684e-01 -1.731518e-03 1.371820e-01 1.098607e-01 4.944998e-03 9.939347e-01 -9.252220e+00
9.926094e-01 3.038916e-02 -1.174867e-01 4.210938e-01 -3.079983e-02 9.995242e-01 -1.681056e-03 1.362823e-01 1.173797e-01 5.287204e-03 9.930730e-01 -9.013553e+00
9.918947e-01 3.160004e-02 -1.230707e-01 3.707262e-01 -3.205160e-02 9.994848e-01 -1.690512e-03 1.410811e-01 1.229538e-01 5.621421e-03 9.923965e-01 -8.763317e+00
9.913001e-01 3.270187e-02 -1.274936e-01 3.256018e-01 -3.321294e-02 9.994465e-01 -1.884173e-03 1.381747e-01 1.273614e-01 6.102218e-03 9.918376e-01 -8.523014e+00
9.906987e-01 3.200244e-02 -1.322568e-01 2.905218e-01 -3.252889e-02 9.994691e-01 -1.821292e-03 1.256118e-01 1.321283e-01 6.106519e-03 9.912138e-01 -8.294163e+00
9.909588e-01 2.791241e-02 -1.312309e-01 2.588838e-01 -2.823545e-02 9.996011e-01 -6.012193e-04 1.233055e-01 1.311617e-01 4.301146e-03 9.913517e-01 -8.062303e+00
9.904252e-01 2.869681e-02 -1.350349e-01 2.238833e-01 -2.906295e-02 9.995773e-01 -7.405680e-04 1.244309e-01 1.349566e-01 4.657990e-03 9.908406e-01 -7.837536e+00
9.900415e-01 3.108932e-02 -1.372999e-01 1.813121e-01 -3.150943e-02 9.995031e-01 -8.869222e-04 1.239033e-01 1.372040e-01 5.204330e-03 9.905291e-01 -7.599597e+00
9.898997e-01 3.250658e-02 -1.379926e-01 1.514026e-01 -3.298102e-02 9.994553e-01 -1.152449e-03 1.208786e-01 1.378799e-01 5.691945e-03 9.904326e-01 -7.370708e+00
9.899964e-01 3.282813e-02 -1.372207e-01 1.192956e-01 -3.333340e-02 9.994433e-01 -1.385268e-03 1.128632e-01 1.370988e-01 5.945442e-03 9.905395e-01 -7.141417e+00
9.902078e-01 3.233650e-02 -1.358045e-01 8.738587e-02 -3.284911e-02 9.994591e-01 -1.534851e-03 1.152427e-01 1.356815e-01 5.980880e-03 9.907345e-01 -6.905817e+00
9.904285e-01 3.187577e-02 -1.342953e-01 6.019752e-02 -3.236430e-02 9.994751e-01 -1.455705e-03 1.112144e-01 1.341784e-01 5.788145e-03 9.909403e-01 -6.674833e+00
9.907059e-01 3.175116e-02 -1.322635e-01 3.829151e-02 -3.226069e-02 9.994780e-01 -1.710753e-03 1.191029e-01 1.321402e-01 5.961766e-03 9.912131e-01 -6.471043e+00
9.910546e-01 3.174881e-02 -1.296260e-01 1.028787e-02 -3.224921e-02 9.994783e-01 -1.762632e-03 1.137956e-01 1.295024e-01 5.927200e-03 9.915614e-01 -6.252798e+00
9.913859e-01 3.059421e-02 -1.273496e-01 -1.129385e-02 -3.114635e-02 9.995121e-01 -2.346033e-03 1.093393e-01 1.272157e-01 6.292300e-03 9.918551e-01 -6.026614e+00
9.926253e-01 2.708102e-02 -1.181591e-01 -3.840058e-02 -2.739789e-02 9.996240e-01 -1.057918e-03 1.034617e-01 1.180860e-01 4.287426e-03 9.929941e-01 -5.809724e+00
9.930099e-01 2.591136e-02 -1.151518e-01 -5.540666e-02 -2.622662e-02 9.996553e-01 -1.223349e-03 1.057426e-01 1.150804e-01 4.234842e-03 9.933472e-01 -5.598684e+00
9.934606e-01 2.559120e-02 -1.112705e-01 -7.168890e-02 -2.591518e-02 9.996631e-01 -1.466096e-03 1.067522e-01 1.111954e-01 4.340102e-03 9.937891e-01 -5.384749e+00
9.938987e-01 2.504319e-02 -1.074165e-01 -8.463282e-02 -2.537895e-02 9.996764e-01 -1.759652e-03 1.027299e-01 1.073377e-01 4.475035e-03 9.942125e-01 -5.176295e+00
9.943573e-01 2.422801e-02 -1.032787e-01 -1.093119e-01 -2.461941e-02 9.996937e-01 -2.516480e-03 9.721750e-02 1.031861e-01 5.044941e-03 9.946493e-01 -4.944492e+00
9.947547e-01 2.403408e-02 -9.942569e-02 -1.235639e-01 -2.460747e-02 9.996869e-01 -4.544559e-03 9.441197e-02 9.928534e-02 6.967337e-03 9.950346e-01 -4.717968e+00
9.951643e-01 2.236700e-02 -9.564416e-02 -1.245391e-01 -2.304146e-02 9.997168e-01 -5.952969e-03 9.192482e-02 9.548392e-02 8.127963e-03 9.953978e-01 -4.483708e+00
9.955911e-01 2.222703e-02 -9.112790e-02 -1.416625e-01 -2.290374e-02 9.997173e-01 -6.386826e-03 8.688319e-02 9.096018e-02 8.445837e-03 9.958187e-01 -4.232875e+00
9.960071e-01 2.171764e-02 -8.659173e-02 -1.677085e-01 -2.236247e-02 9.997289e-01 -6.483673e-03 8.573729e-02 8.642745e-02 8.394190e-03 9.962228e-01 -3.948451e+00
9.964184e-01 2.148985e-02 -8.178379e-02 -1.750607e-01 -2.209541e-02 9.997347e-01 -6.506490e-03 7.617175e-02 8.162226e-02 8.290232e-03 9.966289e-01 -3.690910e+00
9.974001e-01 1.591182e-02 -7.028423e-02 -1.891641e-01 -1.623899e-02 9.998598e-01 -4.085885e-03 7.001941e-02 7.020936e-02 5.216607e-03 9.975186e-01 -3.401908e+00
9.977809e-01 1.443880e-02 -6.499902e-02 -2.120800e-01 -1.465214e-02 9.998887e-01 -2.806681e-03 6.557750e-02 6.495126e-02 3.752828e-03 9.978814e-01 -3.084324e+00
9.980948e-01 1.333681e-02 -6.023969e-02 -2.239341e-01 -1.347699e-02 9.999073e-01 -1.921296e-03 6.188753e-02 6.020849e-02 2.729485e-03 9.981821e-01 -2.776987e+00
9.983742e-01 1.227513e-02 -5.566243e-02 -2.384292e-01 -1.238894e-02 9.999218e-01 -1.700036e-03 6.194694e-02 5.563721e-02 2.386871e-03 9.984482e-01 -2.456490e+00
9.985958e-01 1.285946e-02 -5.139138e-02 -2.513602e-01 -1.293740e-02 9.999156e-01 -1.184178e-03 5.780141e-02 5.137181e-02 1.847386e-03 9.986779e-01 -2.135643e+00
9.988186e-01 1.168927e-02 -4.716744e-02 -2.709748e-01 -1.171396e-02 9.999314e-01 -2.469264e-04 5.682044e-02 4.716132e-02 7.991520e-04 9.988870e-01 -1.788251e+00
9.990123e-01 1.024722e-02 -4.323595e-02 -2.707699e-01 -1.021795e-02 9.999474e-01 8.977688e-04 5.122656e-02 4.324287e-02 -4.550993e-04 9.990645e-01 -1.463662e+00
9.991481e-01 9.134614e-03 -4.024352e-02 -2.372114e-01 -9.093096e-03 9.999579e-01 1.214577e-03 3.375831e-02 4.025292e-02 -8.476038e-04 9.991892e-01 -1.181465e+00
9.992587e-01 6.775064e-03 -3.789753e-02 -2.419172e-01 -6.801178e-03 9.999767e-01 -5.602046e-04 2.699941e-02 3.789285e-02 8.175371e-04 9.992815e-01 -8.283178e-01
9.993267e-01 5.499038e-03 -3.627550e-02 -2.536309e-01 -5.616642e-03 9.999793e-01 -3.140860e-03 1.941566e-02 3.625747e-02 3.342492e-03 9.993369e-01 -4.613068e-01
9.996852e-01 5.612494e-03 -2.445304e-02 -2.683065e-01 -5.813868e-03 9.999497e-01 -8.171843e-03 1.358151e-02 2.440595e-02 8.311437e-03 9.996676e-01 -7.393629e-02
9.997260e-01 9.262463e-03 -2.149868e-02 -2.786915e-01 -9.444268e-03 9.999204e-01 -8.370498e-03 1.132558e-02 2.141944e-02 8.571243e-03 9.997338e-01 3.069012e-01
9.997805e-01 1.358780e-02 -1.594758e-02 -2.957934e-01 -1.370274e-02 9.998808e-01 -7.120814e-03 9.296215e-03 1.584892e-02 7.337777e-03 9.998475e-01 7.197526e-01
9.999217e-01 9.824420e-03 -7.747566e-03 -3.081325e-01 -9.874612e-03 9.999303e-01 -6.467002e-03 1.017274e-02 7.683492e-03 6.543000e-03 9.999491e-01 1.146848e+00
9.999991e-01 1.212275e-03 -5.113448e-04 -2.877028e-01 -1.215541e-03 9.999785e-01 -6.436387e-03 -3.117565e-04 5.035311e-04 6.437003e-03 9.999792e-01 1.552002e+00
9.999710e-01 -7.142383e-03 2.630554e-03 -2.667198e-01 7.166686e-03 9.999306e-01 -9.348347e-03 -1.716268e-02 -2.563602e-03 9.366928e-03 9.999528e-01 1.947423e+00
9.999504e-01 -9.869509e-03 -1.303472e-03 -2.648562e-01 9.852077e-03 9.998700e-01 -1.276375e-02 -3.527340e-02 1.429275e-03 1.275027e-02 9.999177e-01 2.334111e+00
9.998932e-01 -6.758872e-03 -1.296073e-02 -2.890754e-01 6.565585e-03 9.998675e-01 -1.489830e-02 -4.842587e-02 1.305971e-02 1.481161e-02 9.998050e-01 2.716075e+00
9.995542e-01 -2.913385e-04 -2.985379e-02 -3.094289e-01 -2.638440e-04 9.998271e-01 -1.859109e-02 -6.548073e-02 2.985405e-02 1.859068e-02 9.993814e-01 3.072319e+00
9.988489e-01 8.094743e-03 -4.728006e-02 -3.560679e-01 -9.137781e-03 9.997187e-01 -2.188652e-02 -8.308960e-02 4.708959e-02 2.229336e-02 9.986419e-01 3.434612e+00
9.977675e-01 8.099925e-03 -6.629011e-02 -3.885391e-01 -9.520572e-03 9.997311e-01 -2.114297e-02 -8.373487e-02 6.610103e-02 2.172689e-02 9.975764e-01 3.760764e+00
9.959721e-01 3.194555e-03 -8.960712e-02 -4.187642e-01 -5.054101e-03 9.997764e-01 -2.053300e-02 -8.170598e-02 8.952149e-02 2.090318e-02 9.957655e-01 4.102912e+00
9.935125e-01 5.177503e-03 -1.136049e-01 -4.767176e-01 -6.851290e-03 9.998736e-01 -1.434791e-02 -1.025182e-01 1.135163e-01 1.503317e-02 9.934224e-01 4.453877e+00
9.902530e-01 1.147245e-02 -1.388067e-01 -5.407294e-01 -1.263311e-02 9.998922e-01 -7.483477e-03 -1.223741e-01 1.387059e-01 9.164096e-03 9.902912e-01 4.770745e+00
9.861102e-01 1.636383e-02 -1.652842e-01 -6.123390e-01 -1.718029e-02 9.998462e-01 -3.511218e-03 -1.170763e-01 1.652014e-01 6.302079e-03 9.862397e-01 5.096836e+00
9.814818e-01 1.902931e-02 -1.906078e-01 -7.017234e-01 -1.959508e-02 9.998074e-01 -1.083723e-03 -1.173995e-01 1.905505e-01 4.798629e-03 9.816657e-01 5.423487e+00
9.764635e-01 2.024814e-02 -2.147301e-01 -7.824693e-01 -2.014662e-02 9.997935e-01 2.661590e-03 -1.260405e-01 2.147397e-01 1.727141e-03 9.766698e-01 5.739519e+00
9.718047e-01 1.968399e-02 -2.349643e-01 -8.570721e-01 -1.885335e-02 9.998055e-01 5.781282e-03 -1.263417e-01 2.350324e-01 -1.188413e-03 9.719868e-01 6.046208e+00
9.683621e-01 2.511671e-02 -2.482822e-01 -9.534944e-01 -2.354775e-02 9.996796e-01 9.287502e-03 -1.363518e-01 2.484359e-01 -3.147179e-03 9.686432e-01 6.363413e+00
9.662296e-01 3.273457e-02 -2.555949e-01 -1.064682e+00 -3.032922e-02 9.994508e-01 1.334769e-02 -1.428489e-01 2.558915e-01 -5.144939e-03 9.666918e-01 6.695582e+00
9.655656e-01 3.711955e-02 -2.574981e-01 -1.153516e+00 -3.410849e-02 9.992876e-01 1.615204e-02 -1.493861e-01 2.579142e-01 -6.812980e-03 9.661438e-01 7.018368e+00
9.667391e-01 3.813809e-02 -2.529051e-01 -1.223317e+00 -3.520187e-02 9.992501e-01 1.612648e-02 -1.474533e-01 2.533304e-01 -6.687369e-03 9.673567e-01 7.328116e+00
9.687696e-01 3.602495e-02 -2.453319e-01 -1.298123e+00 -3.315302e-02 9.993250e-01 1.582752e-02 -1.531692e-01 2.457365e-01 -7.199726e-03 9.693099e-01 7.659058e+00
9.709621e-01 3.037368e-02 -2.372974e-01 -1.359039e+00 -2.678660e-02 9.994732e-01 1.832682e-02 -1.550101e-01 2.377291e-01 -1.143826e-02 9.712642e-01 7.968393e+00
9.732617e-01 2.959178e-02 -2.277849e-01 -1.410294e+00 -2.568154e-02 9.994678e-01 2.011186e-02 -1.616161e-01 2.282588e-01 -1.372423e-02 9.735038e-01 8.236576e+00
9.755174e-01 3.124708e-02 -2.176912e-01 -1.450454e+00 -2.721834e-02 9.993987e-01 2.148149e-02 -1.631848e-01 2.182315e-01 -1.503037e-02 9.757813e-01 8.472050e+00
9.775777e-01 3.250928e-02 -2.080503e-01 -1.487240e+00 -2.870830e-02 9.993616e-01 2.126379e-02 -1.697581e-01 2.086087e-01 -1.481424e-02 9.778870e-01 8.675434e+00
9.795778e-01 3.274456e-02 -1.983812e-01 -1.508554e+00 -2.932340e-02 9.993667e-01 2.015949e-02 -1.812266e-01 1.989157e-01 -1.393057e-02 9.799176e-01 8.834358e+00
9.811652e-01 2.980129e-02 -1.908580e-01 -1.529101e+00 -2.665790e-02 9.994637e-01 1.901675e-02 -1.864437e-01 1.913223e-01 -1.357070e-02 9.814334e-01 8.975277e+00
9.821810e-01 2.865508e-02 -1.857399e-01 -1.535419e+00 -2.580055e-02 9.995092e-01 1.776791e-02 -1.873786e-01 1.861579e-01 -1.265911e-02 9.824383e-01 9.068843e+00
9.828610e-01 2.990153e-02 -1.819069e-01 -1.536880e+00 -2.724344e-02 9.994827e-01 1.709413e-02 -1.937464e-01 1.823239e-01 -1.184539e-02 9.831672e-01 9.120816e+00
9.831139e-01 3.055712e-02 -1.804254e-01 -1.542646e+00 -2.821200e-02 9.994810e-01 1.555019e-02 -1.893608e-01 1.808069e-01 -1.019744e-02 9.834657e-01 9.154099e+00
9.830765e-01 3.074873e-02 -1.805964e-01 -1.542812e+00 -2.841604e-02 9.994762e-01 1.549022e-02 -1.894863e-01 1.809781e-01 -1.009624e-02 9.834353e-01 9.150236e+00
9.829915e-01 3.189178e-02 -1.808609e-01 -1.530048e+00 -2.995700e-02 9.994611e-01 1.341984e-02 -1.912557e-01 1.811915e-01 -7.773536e-03 9.834171e-01 9.121192e+00
9.828975e-01 3.180377e-02 -1.813863e-01 -1.502795e+00 -3.080710e-02 9.994908e-01 8.310156e-03 -1.991959e-01 1.815583e-01 -2.580044e-03 9.833768e-01 9.099001e+00
9.828213e-01 3.245173e-02 -1.816843e-01 -1.485275e+00 -3.203438e-02 9.994731e-01 5.231915e-03 -2.036642e-01 1.817583e-01 6.781062e-04 9.833430e-01 9.077269e+00
9.828671e-01 3.242189e-02 -1.814418e-01 -1.487947e+00 -3.188981e-02 9.994743e-01 5.849797e-03 -2.011896e-01 1.815361e-01 3.657222e-05 9.833843e-01 9.075954e+00
9.829066e-01 3.270132e-02 -1.811775e-01 -1.487611e+00 -3.211041e-02 9.994651e-01 6.194485e-03 -1.938267e-01 1.812832e-01 -2.709155e-04 9.834309e-01 9.075320e+00
9.828690e-01 3.340693e-02 -1.812524e-01 -1.484796e+00 -3.280013e-02 9.994418e-01 6.345019e-03 -1.985043e-01 1.813632e-01 -2.912192e-04 9.834161e-01 9.071743e+00
9.828257e-01 3.382664e-02 -1.814096e-01 -1.471844e+00 -3.314411e-02 9.994275e-01 6.793432e-03 -1.969975e-01 1.815355e-01 -6.641001e-04 9.833842e-01 9.064756e+00
9.828085e-01 3.431401e-02 -1.814112e-01 -1.466013e+00 -3.365714e-02 9.994110e-01 6.699036e-03 -1.977760e-01 1.815342e-01 -4.780866e-04 9.833845e-01 9.058708e+00
