1.000000e+00 0.000000e+00 0.000000e+00 0.000000e+00 0.000000e+00 1.000000e+00 0.000000e+00 0.000000e+00 0.000000e+00 0.000000e+00 1.000000e+00 0.000000e+00
9.999948e-01 3.152177e-03 6.473711e-04 -1.012798e-02 -3.153378e-03 9.999933e-01 1.861737e-03 -2.410198e-02 -6.414983e-04 -1.863769e-03 9.999981e-01 7.433520e-01
9.999799e-01 6.187273e-03 1.404953e-03 -3.257899e-02 -6.189876e-03 9.999791e-01 1.855677e-03 -3.082105e-02 -1.393442e-03 -1.864336e-03 9.999973e-01 1.490455e+00
9.999725e-01 6.817573e-03 2.909833e-03 -8.716445e-02 -6.822159e-03 9.999755e-01 1.569058e-03 -4.476859e-02 -2.899065e-03 -1.588866e-03 9.999945e-01 2.228489e+00
9.999624e-01 7.955962e-03 3.435787e-03 -1.156056e-01 -7.960892e-03 9.999673e-01 1.423514e-03 -6.381050e-02 -3.424349e-03 -1.450813e-03 9.999931e-01 2.926173e+00
9.999566e-01 8.414054e-03 3.991102e-03 -1.221008e-01 -8.418935e-03 9.999638e-01 1.207770e-03 -8.077468e-02 -3.980795e-03 -1.241318e-03 9.999913e-01 3.635509e+00
9.999554e-01 8.293233e-03 4.528846e-03 -1.390074e-01 -8.304644e-03 9.999624e-01 2.506787e-03 -1.070639e-01 -4.507886e-03 -2.544285e-03 9.999866e-01 4.321596e+00
9.999461e-01 8.901445e-03 5.343244e-03 -1.464459e-01 -8.930430e-03 9.999454e-01 5.425364e-03 -1.235131e-01 -5.294659e-03 -5.472789e-03 9.999710e-01 5.000879e+00
9.999369e-01 8.898512e-03 6.862552e-03 -1.477648e-01 -8.962253e-03 9.999165e-01 9.314128e-03 -1.340731e-01 -6.779097e-03 -9.375044e-03 9.999331e-01 5.675458e+00
9.999294e-01 8.306980e-03 8.490582e-03 -1.545999e-01 -8.417413e-03 9.998794e-01 1.305466e-02 -1.500915e-01 -8.381113e-03 -1.312521e-02 9.998787e-01 6.326236e+00
9.999260e-01 7.665286e-03 9.449229e-03 -1.452275e-01 -7.807040e-03 9.998562e-01 1.505717e-02 -1.573556e-01 -9.332452e-03 -1.512982e-02 9.998420e-01 6.946911e+00
9.999077e-01 8.475007e-03 1.062100e-02 -1.384451e-01 -8.631732e-03 9.998532e-01 1.479821e-02 -1.669621e-01 -1.049402e-02 -1.488852e-02 9.998341e-01 7.538024e+00
9.998879e-01 9.294605e-03 1.173586e-02 -1.360696e-01 -9.435146e-03 9.998838e-01 1.197730e-02 -1.707580e-01 -1.162318e-02 -1.208668e-02 9.998594e-01 8.104763e+00
9.998765e-01 9.410643e-03 1.258546e-02 -1.287160e-01 -9.525058e-03 9.999136e-01 9.062188e-03 -1.776912e-01 -1.249909e-02 -9.180947e-03 9.998797e-01 8.643041e+00
9.998651e-01 8.067014e-03 1.430936e-02 -1.198052e-01 -8.173093e-03 9.999394e-01 7.370310e-03 -1.809116e-01 -1.424903e-02 -7.486267e-03 9.998705e-01 9.151661e+00
9.998575e-01 4.640962e-03 1.623377e-02 -1.080598e-01 -4.716461e-03 9.999782e-01 4.615537e-03 -1.811211e-01 -1.621200e-02 -4.691445e-03 9.998576e-01 9.618446e+00
9.998249e-01 2.983700e-03 1.847600e-02 -1.035694e-01 -3.050335e-03 9.999889e-01 3.579429e-03 -1.922160e-01 -1.846511e-02 -3.635160e-03 9.998229e-01 1.005839e+01
9.997684e-01 7.045242e-03 2.033628e-02 -9.639935e-02 -7.079112e-03 9.999737e-01 1.593980e-03 -2.033095e-01 -2.032451e-02 -1.737574e-03 9.997919e-01 1.047371e+01
9.996544e-01 1.148323e-02 2.364617e-02 -1.054938e-01 -1.150456e-02 9.999335e-01 7.662543e-04 -2.126368e-01 -2.363580e-02 -1.038028e-03 9.997201e-01 1.084350e+01
9.995559e-01 1.200008e-02 2.727714e-02 -9.661835e-02 -1.204664e-02 9.999262e-01 1.543147e-03 -2.135724e-01 -2.725661e-02 -1.871060e-03 9.996267e-01 1.119957e+01
9.995110e-01 7.432375e-03 3.037156e-02 -7.953027e-02 -7.498140e-03 9.999698e-01 2.052052e-03 -2.193731e-01 -3.035539e-02 -2.278779e-03 9.995366e-01 1.152200e+01
9.994667e-01 2.392746e-03 3.256551e-02 -4.966562e-02 -2.460238e-03 9.999949e-01 2.032601e-03 -2.270272e-01 -3.256048e-02 -2.111636e-03 9.994675e-01 1.181953e+01
9.993935e-01 -1.564096e-03 3.478904e-02 -2.018263e-02 1.445942e-03 9.999931e-01 3.421214e-03 -2.365745e-01 -3.479416e-02 -3.368836e-03 9.993888e-01 1.207207e+01
9.993034e-01 -1.570709e-03 3.728556e-02 -6.652799e-03 1.414437e-03 9.999901e-01 4.217236e-03 -2.368879e-01 -3.729182e-02 -4.161560e-03 9.992958e-01 1.230383e+01
9.992375e-01 -1.105293e-03 3.902921e-02 1.141899e-02 9.683655e-04 9.999933e-01 3.527072e-03 -2.433850e-01 -3.903285e-02 -3.486588e-03 9.992318e-01 1.251611e+01
9.990409e-01 1.772345e-03 4.375137e-02 2.405645e-02 -1.840469e-03 9.999972e-01 1.516840e-03 -2.562938e-01 -4.374856e-02 -1.595908e-03 9.990413e-01 1.287865e+01
9.989574e-01 4.411292e-03 4.543851e-02 2.831664e-02 -4.452379e-03 9.999898e-01 8.030644e-04 -2.609358e-01 -4.543450e-02 -1.004537e-03 9.989668e-01 1.304185e+01
9.988821e-01 5.753333e-03 4.691911e-02 3.551858e-02 -5.739190e-03 9.999834e-01 -4.361529e-04 -2.711007e-01 -4.692084e-02 1.663877e-04 9.988986e-01 1.319738e+01
9.987818e-01 5.326253e-03 4.905739e-02 3.995872e-02 -5.230124e-03 9.999841e-01 -2.087676e-03 -2.755980e-01 -4.906774e-02 1.828556e-03 9.987938e-01 1.334632e+01
9.987195e-01 3.355657e-03 5.047831e-02 5.072360e-02 -3.177061e-03 9.999884e-01 -3.617902e-03 -2.752651e-01 -5.048987e-02 3.452897e-03 9.987186e-01 1.349539e+01
9.986650e-01 2.234769e-03 5.160709e-02 6.488225e-02 -2.001125e-03 9.999875e-01 -4.578587e-03 -2.780832e-01 -5.161667e-02 4.469203e-03 9.986570e-01 1.363930e+01
9.986019e-01 2.858035e-03 5.278243e-02 8.243101e-02 -2.561542e-03 9.999806e-01 -5.684067e-03 -2.844896e-01 -5.279765e-02 5.540916e-03 9.985899e-01 1.378011e+01
9.985424e-01 3.528869e-03 5.385670e-02 9.857453e-02 -3.111064e-03 9.999644e-01 -7.839581e-03 -2.869486e-01 -5.388245e-02 7.660602e-03 9.985179e-01 1.390439e+01
9.985129e-01 3.630612e-03 5.439524e-02 1.283512e-01 -3.074423e-03 9.999422e-01 -1.030515e-02 -2.813054e-01 -5.442951e-02 1.012259e-02 9.984663e-01 1.398546e+01
9.984938e-01 2.707175e-03 5.479742e-02 1.424871e-01 -2.012936e-03 9.999171e-01 -1.272041e-02 -2.815827e-01 -5.482731e-02 1.259095e-02 9.984165e-01 1.410821e+01
9.985145e-01 1.982473e-03 5.445075e-02 1.455031e-01 -1.185183e-03 9.998917e-01 -1.467078e-02 -2.857458e-01 -5.447393e-02 1.458446e-02 9.984087e-01 1.422299e+01
9.986346e-01 1.509938e-03 5.221682e-02 1.733873e-01 -6.916651e-04 9.998767e-01 -1.568520e-02 -2.935623e-01 -5.223407e-02 1.562767e-02 9.985126e-01 1.430746e+01
9.988237e-01 1.194490e-03 4.847391e-02 2.007553e-01 -3.902769e-04 9.998622e-01 -1.659671e-02 -2.879498e-01 -4.848705e-02 1.655827e-02 9.986866e-01 1.446911e+01
9.990145e-01 2.020451e-03 4.434011e-02 2.063587e-01 -1.235519e-03 9.998422e-01 -1.772278e-02 -2.891332e-01 -4.436892e-02 1.765053e-02 9.988593e-01 1.459324e+01
9.992533e-01 2.070246e-03 3.858135e-02 2.082220e-01 -1.344405e-03 9.998218e-01 -1.882972e-02 -2.906826e-01 -3.861346e-02 1.876379e-02 9.990780e-01 1.472474e+01
9.994869e-01 1.946817e-03 3.196951e-02 2.109163e-01 -1.334421e-03 9.998154e-01 -1.916580e-02 -2.962015e-01 -3.200092e-02 1.911331e-02 9.993051e-01 1.483615e+01
9.996953e-01 1.825085e-03 2.461585e-02 2.083719e-01 -1.336398e-03 9.998020e-01 -1.985439e-02 -2.962758e-01 -2.464721e-02 1.981545e-02 9.994998e-01 1.498828e+01
9.998654e-01 2.143407e-03 1.626371e-02 2.085339e-01 -1.802209e-03 9.997786e-01 -2.096479e-02 -2.928852e-01 -1.630504e-02 2.093266e-02 9.996479e-01 1.513772e+01
9.999813e-01 7.784444e-04 6.068141e-03 2.026199e-01 -6.439671e-04 9.997549e-01 -2.213173e-02 -2.988173e-01 -6.083882e-03 2.212741e-02 9.997366e-01 1.528163e+01
9.999733e-01 -7.537984e-04 -7.272613e-03 2.106924e-01 5.818713e-04 9.997210e-01 -2.361357e-02 -3.099863e-01 7.288384e-03 2.360870e-02 9.996947e-01 1.543724e+01
9.997212e-01 -2.018472e-03 -2.352755e-02 1.868464e-01 1.413673e-03 9.996688e-01 -2.569437e-02 -3.074470e-01 2.357162e-02 2.565394e-02 9.993929e-01 1.559841e+01
9.990802e-01 -1.921830e-03 -4.283775e-02 1.593362e-01 7.835074e-04 9.996465e-01 -2.657385e-02 -3.141036e-01 4.287368e-02 2.651584e-02 9.987286e-01 1.577251e+01
9.978659e-01 -1.037414e-03 -6.528911e-02 1.723967e-01 -7.066849e-04 9.996436e-01 -2.668471e-02 -3.021212e-01 6.529353e-02 2.667390e-02 9.975095e-01 1.590411e+01
9.960160e-01 -7.681628e-04 -8.917112e-02 1.310286e-01 -1.503389e-03 9.996761e-01 -2.540412e-02 -3.053070e-01 8.916176e-02 2.543697e-02 9.956923e-01 1.611836e+01
9.932500e-01 2.481668e-04 -1.159930e-01 9.047813e-02 -3.125083e-03 9.996920e-01 -2.462129e-02 -2.919065e-01 1.159512e-01 2.481759e-02 9.929448e-01 1.631594e+01
9.892798e-01 2.293553e-03 -1.460141e-01 4.430191e-02 -5.643971e-03 9.997301e-01 -2.253572e-02 -2.982190e-01 1.459230e-01 2.311823e-02 9.890258e-01 1.651305e+01
9.837078e-01 2.627919e-03 -1.797556e-01 9.483697e-03 -6.124434e-03 9.998026e-01 -1.889929e-02 -3.146990e-01 1.796704e-01 1.969228e-02 9.835297e-01 1.672251e+01
9.761904e-01 4.611396e-03 -2.168666e-01 -5.058483e-02 -7.956641e-03 9.998624e-01 -1.455473e-02 -3.353517e-01 2.167696e-01 1.593371e-02 9.760927e-01 1.694790e+01
9.664695e-01 7.379850e-03 -2.566755e-01 -1.364817e-01 -1.000835e-02 9.999100e-01 -8.935709e-03 -3.547642e-01 2.565865e-01 1.120499e-02 9.664563e-01 1.718251e+01
9.543646e-01 1.175395e-02 -2.984125e-01 -2.326433e-01 -1.354416e-02 9.999005e-01 -3.931753e-03 -3.647746e-01 2.983366e-01 7.794072e-03 9.544289e-01 1.741770e+01
9.400201e-01 1.650284e-02 -3.407196e-01 -3.511791e-01 -1.721279e-02 9.998514e-01 9.392444e-04 -3.812273e-01 3.406845e-01 4.981827e-03 9.401645e-01 1.767177e+01
9.232186e-01 1.981554e-02 -3.837639e-01 -4.963950e-01 -1.867998e-02 9.998032e-01 6.686230e-03 -3.845553e-01 3.838209e-01 9.958520e-04 9.234070e-01 1.793128e+01
8.817095e-01 2.725158e-02 -4.710049e-01 -8.527267e-01 -1.968299e-02 9.995859e-01 2.098835e-02 -3.877836e-01 4.713819e-01 -9.234841e-03 8.818809e-01 1.848731e+01
8.564867e-01 3.244765e-02 -5.151482e-01 -1.055881e+00 -2.252086e-02 9.994209e-01 2.550731e-02 -3.901778e-01 5.156775e-01 -1.024509e-02 8.567215e-01 1.876123e+01
8.281600e-01 3.577015e-02 -5.593492e-01 -1.282931e+00 -2.358584e-02 9.993016e-01 2.898427e-02 -3.908382e-01 5.599953e-01 -1.081089e-02 8.284253e-01 1.903667e+01
7.969962e-01 3.827389e-02 -6.027704e-01 -1.533009e+00 -2.526573e-02 9.992293e-01 3.004079e-02 -3.757330e-01 6.034556e-01 -8.712958e-03 7.973490e-01 1.930514e+01
7.625220e-01 4.035002e-02 -6.457027e-01 -1.801626e+00 -2.554751e-02 9.991527e-01 3.226763e-02 -3.596692e-01 6.464576e-01 -8.108685e-03 7.629068e-01 1.958073e+01
7.246542e-01 4.420148e-02 -6.876936e-01 -2.100934e+00 -2.674834e-02 9.989929e-01 3.602427e-02 -3.443099e-01 6.885933e-01 -7.710479e-03 7.251067e-01 1.985544e+01
6.852085e-01 4.508381e-02 -7.269503e-01 -2.425810e+00 -2.438693e-02 9.989429e-01 3.896555e-02 -3.275467e-01 7.279386e-01 -8.971441e-03 6.855836e-01 2.011498e+01
6.435981e-01 4.496242e-02 -7.640418e-01 -2.779007e+00 -2.172267e-02 9.989439e-01 4.048766e-02 -3.146411e-01 7.650553e-01 -9.460753e-03 6.438951e-01 2.037870e+01
6.001297e-01 4.379195e-02 -7.987031e-01 -3.153298e+00 -1.625769e-02 9.989618e-01 4.255619e-02 -3.018313e-01 7.997375e-01 -1.255417e-02 6.002186e-01 2.063172e+01
5.547010e-01 4.380626e-02 -8.308958e-01 -3.554838e+00 -1.170279e-02 9.989251e-01 4.485234e-02 -2.865925e-01 8.319674e-01 -1.515584e-02 5.546174e-01 2.087123e+01
5.071748e-01 4.516692e-02 -8.606589e-01 -3.978229e+00 -9.951629e-03 9.988661e-01 4.655560e-02 -2.668230e-01 8.617858e-01 -1.504687e-02 5.070492e-01 2.109287e+01
4.566871e-01 4.443277e-02 -8.885171e-01 -4.442172e+00 -9.079682e-03 9.989327e-01 4.528756e-02 -2.413515e-01 8.895811e-01 -1.261479e-02 4.566031e-01 2.130094e+01
4.038971e-01 4.363279e-02 -9.137633e-01 -4.933214e+00 -4.274288e-03 9.989410e-01 4.581078e-02 -2.249563e-01 9.147944e-01 -1.459716e-02 4.036559e-01 2.148837e+01
3.499901e-01 4.308426e-02 -9.357621e-01 -5.447608e+00 1.104579e-03 9.989221e-01 4.640539e-02 -2.105572e-01 9.367528e-01 -1.727505e-02 3.495652e-01 2.165444e+01
2.956404e-01 4.197584e-02 -9.543767e-01 -5.992722e+00 3.522913e-03 9.989795e-01 4.502889e-02 -1.823145e-01 9.552928e-01 -1.667454e-02 2.951908e-01 2.179729e+01
2.417921e-01 4.757950e-02 -9.691609e-01 -6.559180e+00 3.959432e-03 9.987404e-01 5.001949e-02 -1.517089e-01 9.703200e-01 -1.593164e-02 2.412991e-01 2.190691e+01
1.897817e-01 5.250703e-02 -9.804213e-01 -7.149028e+00 6.343905e-03 9.984826e-01 5.470231e-02 -1.220851e-01 9.818058e-01 -1.660120e-02 1.891606e-01 2.199725e+01
1.412637e-01 5.372979e-02 -9.885129e-01 -7.752639e+00 1.179924e-02 9.983638e-01 5.595140e-02 -9.518353e-02 9.899017e-01 -1.956761e-02 1.403986e-01 2.206037e+01
9.584846e-02 5.497258e-02 -9.938768e-01 -8.489278e+00 1.433985e-02 9.982940e-01 5.659982e-02 -8.429143e-02 9.952926e-01 -1.967705e-02 9.489664e-02 2.216475e+01
5.489440e-02 5.313432e-02 -9.970774e-01 -9.137991e+00 1.371396e-02 9.984488e-01 5.396242e-02 -5.314751e-02 9.983980e-01 -1.663611e-02 5.408057e-02 2.217667e+01
1.792287e-02 4.834768e-02 -9.986698e-01 -9.877035e+00 1.106702e-02 9.987594e-01 4.855064e-02 -1.913287e-02 9.997781e-01 -1.192247e-02 1.736557e-02 2.223470e+01
-1.141260e-02 4.800506e-02 -9.987819e-01 -1.069600e+01 8.495234e-03 9.988155e-01 4.790961e-02 1.493662e-02 9.998988e-01 -7.938113e-03 -1.180689e-02 2.226178e+01
-3.337368e-02 5.180826e-02 -9.980992e-01 -1.146627e+01 6.972158e-03 9.986433e-01 5.160337e-02 5.439647e-02 9.994186e-01 -5.236711e-03 -3.368962e-02 2.226537e+01
-4.672861e-02 5.745745e-02 -9.972538e-01 -1.222347e+01 8.194682e-03 9.983328e-01 5.713564e-02 9.460400e-02 9.988740e-01 -5.502309e-03 -4.712155e-02 2.224335e+01
-5.484092e-02 6.009871e-02 -9.966848e-01 -1.298935e+01 7.512416e-03 9.981836e-01 5.977573e-02 1.260772e-01 9.984668e-01 -4.209355e-03 -5.519279e-02 2.220222e+01
-5.874102e-02 5.731375e-02 -9.966266e-01 -1.375693e+01 8.104875e-03 9.983450e-01 5.693487e-02 1.519883e-01 9.982404e-01 -4.733122e-03 -5.910832e-02 2.214675e+01
-5.997048e-02 5.375544e-02 -9.967517e-01 -1.469137e+01 1.536221e-02 9.984804e-01 5.292438e-02 1.650253e-01 9.980819e-01 -1.213841e-02 -6.070515e-02 2.223219e+01
-5.601511e-02 5.163305e-02 -9.970939e-01 -1.552902e+01 2.599425e-02 9.983988e-01 5.024031e-02 2.266525e-01 9.980915e-01 -2.310449e-02 -5.726758e-02 2.221940e+01
-5.286902e-02 5.188859e-02 -9.972524e-01 -1.653252e+01 2.593761e-02 9.983835e-01 5.057237e-02 2.412007e-01 9.982645e-01 -2.319263e-02 -5.412942e-02 2.233597e+01
-5.010063e-02 5.048331e-02 -9.974675e-01 -1.759641e+01 2.323666e-02 9.985103e-01 4.936896e-02 2.570331e-01 9.984738e-01 -2.070439e-02 -5.119906e-02 2.245273e+01
-4.669504e-02 4.445451e-02 -9.979195e-01 -1.843118e+01 2.677588e-02 9.987060e-01 4.323664e-02 2.796896e-01 9.985503e-01 -2.470124e-02 -4.782493e-02 2.239030e+01
-4.681984e-02 3.357678e-02 -9.983389e-01 -1.949028e+01 2.362829e-02 9.991925e-01 3.249738e-02 3.028054e-01 9.986239e-01 -2.206752e-02 -4.757539e-02 2.249155e+01
-4.632833e-02 2.502419e-02 -9.986128e-01 -2.038104e+01 1.574138e-02 9.995803e-01 2.431816e-02 3.240717e-01 9.988022e-01 -1.459292e-02 -4.670281e-02 2.243524e+01
-4.809559e-02 2.183890e-02 -9.986040e-01 -2.131710e+01 9.208177e-03 9.997282e-01 2.141999e-02 3.495792e-01 9.988003e-01 -8.165115e-03 -4.828361e-02 2.239037e+01
-5.155942e-02 2.759608e-02 -9.982886e-01 -2.223522e+01 -4.154743e-04 9.996175e-01 2.765427e-02 3.665907e-01 9.986698e-01 1.840601e-03 -5.152823e-02 2.232130e+01
-5.638316e-02 3.550931e-02 -9.977775e-01 -2.319190e+01 -6.346150e-03 9.993344e-01 3.592333e-02 3.941290e-01 9.983890e-01 8.357517e-03 -5.612029e-02 2.224274e+01
-6.071720e-02 4.476582e-02 -9.971507e-01 -2.421500e+01 -8.922033e-03 9.989295e-01 4.538895e-02 4.377810e-01 9.981151e-01 1.165250e-02 -6.025280e-02 2.217227e+01
-6.249960e-02 5.475793e-02 -9.965417e-01 -2.523593e+01 -9.769602e-03 9.984124e-01 5.547344e-02 4.771661e-01 9.979972e-01 1.320288e-02 -6.186541e-02 2.210724e+01
-6.382821e-02 6.249832e-02 -9.960020e-01 -2.622616e+01 -8.677025e-03 9.979646e-01 6.317753e-02 5.230864e-01 9.979232e-01 1.267484e-02 -6.315599e-02 2.205665e+01
-6.543072e-02 6.298531e-02 -9.958673e-01 -2.723291e+01 -7.603786e-03 9.979455e-01 6.361633e-02 5.779458e-01 9.978281e-01 1.173482e-02 -6.481736e-02 2.198947e+01
-6.715291e-02 6.006382e-02 -9.959331e-01 -2.826989e+01 -9.491867e-03 9.981027e-01 6.083468e-02 6.271185e-01 9.976975e-01 1.353849e-02 -6.645539e-02 2.190247e+01
-6.997102e-02 5.489080e-02 -9.960377e-01 -2.929386e+01 -1.042851e-02 9.983901e-01 5.575303e-02 6.700142e-01 9.974945e-01 1.428828e-02 -6.928594e-02 2.182092e+01
-7.451104e-02 4.944507e-02 -9.959936e-01 -3.031679e+01 -1.121951e-02 9.986652e-01 5.041704e-02 7.166394e-01 9.971571e-01 1.493119e-02 -7.385684e-02 2.173642e+01
-8.041042e-02 4.474248e-02 -9.957571e-01 -3.131199e+01 -1.152458e-02 9.988835e-01 4.581360e-02 7.505770e-01 9.966952e-01 1.515957e-02 -7.980501e-02 2.165522e+01
-8.735357e-02 4.260137e-02 -9.952660e-01 -3.229378e+01 -1.310318e-02 9.989496e-01 4.390910e-02 7.865397e-01 9.960912e-01 1.687677e-02 -8.670360e-02 2.157234e+01
-9.407187e-02 4.493179e-02 -9.945510e-01 -3.328288e+01 -1.329078e-02 9.988353e-01 4.638249e-02 8.208692e-01 9.954767e-01 1.758164e-02 -9.336513e-02 2.147231e+01
-1.005814e-01 4.959472e-02 -9.936920e-01 -3.435751e+01 -1.477569e-02 9.985722e-01 5.133389e-02 8.608782e-01 9.948191e-01 1.984572e-02 -9.970503e-02 2.135993e+01
-1.066164e-01 5.221245e-02 -9.929284e-01 -3.542092e+01 -1.756548e-02 9.983656e-01 5.438446e-02 9.027423e-01 9.941451e-01 2.323954e-02 -1.055250e-01 2.123259e+01
-1.115264e-01 5.477126e-02 -9.922510e-01 -3.648206e+01 -2.071285e-02 9.981350e-01 5.742412e-02 9.313356e-01 9.935456e-01 2.695664e-02 -1.101839e-01 2.110485e+01
-1.143306e-01 5.576059e-02 -9.918766e-01 -3.754935e+01 -2.545301e-02 9.979314e-01 5.903486e-02 9.814314e-01 9.931166e-01 3.199574e-02 -1.126748e-01 2.097559e+01
-1.163154e-01 5.691312e-02 -9.915804e-01 -3.860522e+01 -2.945442e-02 9.977201e-01 6.072062e-02 1.024573e+00 9.927755e-01 3.626917e-02 -1.143739e-01 2.085181e+01
-1.178423e-01 5.612283e-02 -9.914451e-01 -3.969595e+01 -3.164362e-02 9.976824e-01 6.023704e-02 1.080283e+00 9.925280e-01 3.847138e-02 -1.157932e-01 2.071624e+01
-1.193247e-01 5.518831e-02 -9.913203e-01 -4.079381e+01 -3.245030e-02 9.977037e-01 5.944971e-02 1.128737e+00 9.923248e-01 3.926246e-02 -1.172598e-01 2.058104e+01
-1.205377e-01 5.424190e-02 -9.912257e-01 -4.189329e+01 -3.397574e-02 9.976957e-01 5.872756e-02 1.180407e+00 9.921272e-01 4.075652e-02 -1.184171e-01 2.044482e+01
-1.215790e-01 5.309987e-02 -9.911604e-01 -4.298834e+01 -3.612113e-02 9.976699e-01 5.787934e-02 1.229296e+00 9.919243e-01 4.283875e-02 -1.193776e-01 2.030648e+01
-1.224771e-01 5.039420e-02 -9.911911e-01 -4.408905e+01 -4.056539e-02 9.976213e-01 5.573361e-02 1.273379e+00 9.916420e-01 4.703414e-02 -1.201415e-01 2.015765e+01
-1.228255e-01 4.516396e-02 -9.914001e-01 -4.517614e+01 -4.627558e-02 9.976167e-01 5.118029e-02 1.314982e+00 9.913488e-01 5.216386e-02 -1.204428e-01 2.001374e+01
-1.219504e-01 4.423770e-02 -9.915499e-01 -4.626439e+01 -4.825921e-02 9.975604e-01 5.044125e-02 1.361679e+00 9.913623e-01 5.400274e-02 -1.195180e-01 1.987121e+01
-1.203982e-01 4.837047e-02 -9.915466e-01 -4.735915e+01 -4.906681e-02 9.973015e-01 5.460914e-02 1.401176e+00 9.915123e-01 5.522687e-02 -1.176999e-01 1.973790e+01
-1.186916e-01 5.146052e-02 -9.915968e-01 -4.847689e+01 -4.945727e-02 9.971101e-01 5.766655e-02 1.443242e+00 9.916987e-01 5.588620e-02 -1.158035e-01 1.960220e+01
-1.172164e-01 5.104316e-02 -9.917938e-01 -4.957082e+01 -4.800079e-02 9.972199e-01 5.699545e-02 1.493078e+00 9.919457e-01 5.428768e-02 -1.144404e-01 1.946654e+01
-1.147598e-01 4.990358e-02 -9.921390e-01 -5.068505e+01 -4.862055e-02 9.972583e-01 5.578497e-02 1.544050e+00 9.922027e-01 5.464021e-02 -1.120188e-01 1.933402e+01
-1.110480e-01 5.026702e-02 -9.925430e-01 -5.181085e+01 -5.334837e-02 9.969785e-01 5.646040e-02 1.591404e+00 9.923821e-01 5.922037e-02 -1.080308e-01 1.920497e+01
-1.056713e-01 5.091934e-02 -9.930966e-01 -5.294171e+01 -5.916703e-02 9.965968e-01 5.739452e-02 1.639860e+00 9.926393e-01 6.482353e-02 -1.022990e-01 1.907286e+01
-9.955738e-02 5.029940e-02 -9.937597e-01 -5.404910e+01 -6.315108e-02 9.963887e-01 5.675911e-02 1.687808e+00 9.930258e-01 6.840778e-02 -9.602138e-02 1.894384e+01
-9.409989e-02 4.911436e-02 -9.943505e-01 -5.519929e+01 -6.572960e-02 9.962967e-01 5.543077e-02 1.742238e+00 9.933906e-01 7.057429e-02 -9.052314e-02 1.883562e+01
-8.856540e-02 4.828505e-02 -9.948994e-01 -5.633648e+01 -6.666418e-02 9.962975e-01 5.428732e-02 1.793842e+00 9.938370e-01 7.113213e-02 -8.501860e-02 1.873619e+01
-8.312234e-02 4.806357e-02 -9.953796e-01 -5.746351e+01 -6.580618e-02 9.963914e-01 5.360778e-02 1.841066e+00 9.943642e-01 6.995814e-02 -7.965950e-02 1.863526e+01
-7.763886e-02 4.848245e-02 -9.958020e-01 -5.864998e+01 -6.482299e-02 9.964579e-01 5.356838e-02 1.884233e+00 9.948719e-01 6.870986e-02 -7.422108e-02 1.853439e+01
-7.187008e-02 4.985615e-02 -9.961672e-01 -5.981062e+01 -6.469991e-02 9.964134e-01 5.453635e-02 1.934630e+00 9.953133e-01 6.837146e-02 -6.838662e-02 1.844945e+01
-6.649878e-02 5.081013e-02 -9.964920e-01 -6.097811e+01 -6.615041e-02 9.962809e-01 5.521378e-02 1.987450e+00 9.955913e-01 6.959000e-02 -6.289035e-02 1.837099e+01
-6.155433e-02 4.974351e-02 -9.968634e-01 -6.214101e+01 -6.647928e-02 9.963351e-01 5.382212e-02 2.035422e+00 9.958873e-01 6.958375e-02 -5.802182e-02 1.830632e+01
-5.710926e-02 4.532215e-02 -9.973387e-01 -6.327060e+01 -6.642630e-02 9.965829e-01 4.909149e-02 2.069672e+00 9.961557e-01 6.905310e-02 -5.390353e-02 1.824612e+01
-5.299676e-02 3.982268e-02 -9.978003e-01 -6.442254e+01 -6.630176e-02 9.968594e-01 4.330665e-02 2.106345e+00 9.963912e-01 6.845103e-02 -5.019000e-02 1.818727e+01
-4.907862e-02 3.927030e-02 -9.980226e-01 -6.557226e+01 -6.652996e-02 9.968790e-01 4.249697e-02 2.141099e+00 9.965767e-01 6.848409e-02 -4.631280e-02 1.812103e+01
-4.593955e-02 4.171755e-02 -9.980727e-01 -6.673162e+01 -6.618823e-02 9.968049e-01 4.471109e-02 2.169250e+00 9.967491e-01 6.811467e-02 -4.303155e-02 1.806323e+01
-4.418626e-02 4.111292e-02 -9.981770e-01 -6.788310e+01 -6.646018e-02 9.968185e-01 4.399896e-02 2.206640e+00 9.968102e-01 6.828317e-02 -4.131331e-02 1.801837e+01
-4.319800e-02 4.058562e-02 -9.982418e-01 -6.906041e+01 -6.891384e-02 9.966736e-01 4.350404e-02 2.247460e+00 9.966869e-01 7.067197e-02 -4.025739e-02 1.796198e+01
-4.247316e-02 4.108330e-02 -9.982526e-01 -7.024039e+01 -7.040163e-02 9.965475e-01 4.400854e-02 2.285722e+00 9.966141e-01 7.214779e-02 -3.943418e-02 1.790735e+01
-4.146729e-02 4.043246e-02 -9.983214e-01 -7.143181e+01 -7.160300e-02 9.964915e-01 4.333253e-02 2.322103e+00 9.965709e-01 7.327969e-02 -3.842671e-02 1.785670e+01
-4.052158e-02 3.802615e-02 -9.984548e-01 -7.261718e+01 -7.142193e-02 9.966092e-01 4.085446e-02 2.355465e+00 9.966228e-01 7.296706e-02 -3.766827e-02 1.780720e+01
-3.942993e-02 3.665849e-02 -9.985497e-01 -7.379280e+01 -6.964838e-02 9.967954e-01 3.934431e-02 2.385404e+00 9.967920e-01 7.109871e-02 -3.675037e-02 1.774795e+01
-3.884570e-02 3.645141e-02 -9.985801e-01 -7.497302e+01 -6.835835e-02 9.968963e-01 3.904914e-02 2.422584e+00 9.969043e-01 6.977818e-02 -3.623338e-02 1.769221e+01
-3.853532e-02 3.692363e-02 -9.985748e-01 -7.615531e+01 -6.611540e-02 9.970331e-01 3.941804e-02 2.453325e+00 9.970676e-01 6.754016e-02 -3.597977e-02 1.764295e+01
-3.816079e-02 3.957361e-02 -9.984877e-01 -7.732358e+01 -6.571290e-02 9.969532e-01 4.202425e-02 2.483183e+00 9.971086e-01 6.721720e-02 -3.544403e-02 1.758258e+01
-3.786213e-02 4.297868e-02 -9.983583e-01 -7.849786e+01 -6.857544e-02 9.966076e-01 4.550400e-02 2.514822e+00 9.969272e-01 7.018574e-02 -3.478641e-02 1.753178e+01
-3.708422e-02 4.273267e-02 -9.983981e-01 -7.967510e+01 -7.077469e-02 9.964641e-01 4.527873e-02 2.551496e+00 9.968027e-01 7.234044e-02 -3.392870e-02 1.747695e+01
-3.670185e-02 4.056219e-02 -9.985027e-01 -8.084612e+01 -7.205690e-02 9.964676e-01 4.312811e-02 2.585895e+00 9.967250e-01 7.353189e-02 -3.364942e-02 1.742641e+01
-3.644504e-02 3.811055e-02 -9.986087e-01 -8.203754e+01 -7.206491e-02 9.965707e-01 4.066284e-02 2.614182e+00 9.967339e-01 7.344660e-02 -3.357362e-02 1.738274e+01
-3.609155e-02 3.744390e-02 -9.986468e-01 -8.320781e+01 -7.016069e-02 9.967371e-01 3.990794e-02 2.644260e+00 9.968826e-01 7.150609e-02 -3.334670e-02 1.733007e+01
-3.633846e-02 3.888965e-02 -9.985826e-01 -8.437892e+01 -6.962817e-02 9.967156e-01 4.135072e-02 2.679895e+00 9.969109e-01 7.103209e-02 -3.351129e-02 1.729090e+01
-3.623383e-02 4.157759e-02 -9.984780e-01 -8.556377e+01 -6.916484e-02 9.966340e-01 4.401073e-02 2.711857e+00 9.969470e-01 7.065426e-02 -3.323616e-02 1.725265e+01
-3.562991e-02 4.341380e-02 -9.984216e-01 -8.674704e+01 -6.993732e-02 9.964982e-01 4.582596e-02 2.748586e+00 9.969149e-01 7.145971e-02 -3.246890e-02 1.720957e+01
-3.582505e-02 4.311688e-02 -9.984275e-01 -8.791390e+01 -7.119465e-02 9.964203e-01 4.558477e-02 2.786027e+00 9.968189e-01 7.271578e-02 -3.262712e-02 1.717189e+01
-3.563988e-02 4.082185e-02 -9.985306e-01 -8.908110e+01 -7.081752e-02 9.965504e-01 4.326853e-02 2.819720e+00 9.968524e-01 7.225555e-02 -3.262604e-02 1.712836e+01
-3.589632e-02 3.925246e-02 -9.985843e-01 -9.023705e+01 -6.981514e-02 9.966885e-01 4.168759e-02 2.852738e+00 9.969139e-01 7.121273e-02 -3.303703e-02 1.710115e+01
-3.558264e-02 4.030989e-02 -9.985534e-01 -9.141402e+01 -6.818738e-02 9.967597e-01 4.266728e-02 2.884080e+00 9.970378e-01 6.960696e-02 -3.271871e-02 1.704842e+01
-3.583579e-02 4.294806e-02 -9.984344e-01 -9.260445e+01 -6.544925e-02 9.968304e-01 4.522816e-02 2.916114e+00 9.972122e-01 6.696757e-02 -3.291129e-02 1.701816e+01
-3.586238e-02 4.515668e-02 -9.983360e-01 -9.380189e+01 -6.540757e-02 9.967306e-01 4.743365e-02 2.961901e+00 9.972140e-01 6.699982e-02 -3.279155e-02 1.698473e+01
-3.540594e-02 4.867308e-02 -9.981870e-01 -9.614497e+01 -6.800127e-02 9.963810e-01 5.099704e-02 3.036702e+00 9.970568e-01 6.968359e-02 -3.196797e-02 1.688494e+01
-3.496348e-02 4.787349e-02 -9.982413e-01 -9.730387e+01 -7.060225e-02 9.962380e-01 5.025026e-02 3.068860e+00 9.968916e-01 7.223501e-02 -3.145197e-02 1.683302e+01
-3.525938e-02 4.354779e-02 -9.984289e-01 -9.843763e+01 -7.250431e-02 9.963060e-01 4.601567e-02 3.106386e+00 9.967447e-01 7.401289e-02 -3.197173e-02 1.679337e+01
-3.538988e-02 4.153648e-02 -9.985100e-01 -9.961280e+01 -7.353908e-02 9.963189e-01 4.405176e-02 3.142115e+00 9.966642e-01 7.498850e-02 -3.220505e-02 1.675697e+01
-3.472412e-02 3.986773e-02 -9.986014e-01 -1.007478e+02 -7.412434e-02 9.963491e-01 4.235532e-02 3.172162e+00 9.966443e-01 7.549142e-02 -3.164218e-02 1.669257e+01
-3.487881e-02 3.996911e-02 -9.985920e-01 -1.018972e+02 -7.301533e-02 9.964277e-01 4.243277e-02 3.205480e+00 9.967207e-01 7.439252e-02 -3.183586e-02 1.665653e+01
-3.490415e-02 4.203388e-02 -9.985063e-01 -1.030099e+02 -7.274952e-02 9.963576e-01 4.448649e-02 3.229628e+00 9.967393e-01 7.419362e-02 -3.171907e-02 1.660040e+01
-3.491561e-02 4.430538e-02 -9.984077e-01 -1.041775e+02 -7.204371e-02 9.963061e-01 4.673158e-02 3.260615e+00 9.967902e-01 7.356066e-02 -3.159471e-02 1.655555e+01
-3.506631e-02 4.298229e-02 -9.984603e-01 -1.053468e+02 -7.556614e-02 9.961006e-01 4.553462e-02 3.297874e+00 9.965240e-01 7.704652e-02 -3.168157e-02 1.649722e+01
-3.573095e-02 4.367432e-02 -9.984067e-01 -1.065426e+02 -7.930413e-02 9.957701e-01 4.639712e-02 3.341274e+00 9.962099e-01 8.083558e-02 -3.211626e-02 1.645477e+01
-3.545775e-02 4.283761e-02 -9.984526e-01 -1.076864e+02 -8.342219e-02 9.954671e-01 4.567207e-02 3.375905e+00 9.958833e-01 8.491253e-02 -3.172342e-02 1.638825e+01
-3.576514e-02 3.854382e-02 -9.986167e-01 -1.088650e+02 -8.482258e-02 9.955330e-01 4.146270e-02 3.419953e+00 9.957540e-01 8.618816e-02 -3.233599e-02 1.634221e+01
-3.677845e-02 3.466844e-02 -9.987219e-01 -1.100304e+02 -8.509946e-02 9.956591e-01 3.769595e-02 3.446277e+00 9.956934e-01 8.637709e-02 -3.366853e-02 1.630273e+01
-3.767463e-02 3.395211e-02 -9.987131e-01 -1.112194e+02 -8.134484e-02 9.960017e-01 3.692852e-02 3.469317e+00 9.959737e-01 8.263143e-02 -3.476216e-02 1.625888e+01
-3.826750e-02 3.329654e-02 -9.987126e-01 -1.124375e+02 -7.774676e-02 9.963159e-01 3.619564e-02 3.499716e+00 9.962384e-01 7.903179e-02 -3.553782e-02 1.621364e+01
-3.912340e-02 3.539685e-02 -9.986072e-01 -1.136367e+02 -7.710909e-02 9.962854e-01 3.833552e-02 3.520856e+00 9.962548e-01 7.850151e-02 -3.624865e-02 1.616447e+01
-4.021472e-02 3.925866e-02 -9.984195e-01 -1.148996e+02 -7.651388e-02 9.961729e-01 4.225217e-02 3.558208e+00 9.962572e-01 7.809211e-02 -3.705698e-02 1.612474e+01
-4.087511e-02 3.918099e-02 -9.983958e-01 -1.161403e+02 -7.551318e-02 9.962519e-01 4.218843e-02 3.599272e+00 9.963067e-01 7.711649e-02 -3.776322e-02 1.607531e+01
-4.143688e-02 3.458615e-02 -9.985423e-01 -1.173894e+02 -7.587950e-02 9.964055e-01 3.766094e-02 3.639427e+00 9.962556e-01 7.732945e-02 -3.866355e-02 1.601861e+01
-4.271510e-02 3.080896e-02 -9.986122e-01 -1.186447e+02 -7.705331e-02 9.964458e-01 3.403804e-02 3.677482e+00 9.961115e-01 7.840031e-02 -4.018935e-02 1.596774e+01
-4.330613e-02 2.908748e-02 -9.986383e-01 -1.198954e+02 -7.689075e-02 9.965142e-01 3.235999e-02 3.712147e+00 9.960986e-01 7.818744e-02 -4.091861e-02 1.590035e+01
-4.413751e-02 2.985953e-02 -9.985791e-01 -1.211781e+02 -8.007565e-02 9.962314e-01 3.332869e-02 3.753502e+00 9.958111e-01 8.143292e-02 -4.158015e-02 1.585095e+01
-4.499614e-02 3.388141e-02 -9.984124e-01 -1.224537e+02 -8.420596e-02 9.957393e-01 3.758566e-02 3.783185e+00 9.954319e-01 8.576349e-02 -4.195141e-02 1.580094e+01
-4.538750e-02 3.684317e-02 -9.982898e-01 -1.237147e+02 -8.945382e-02 9.951552e-01 4.079453e-02 3.814259e+00 9.949563e-01 9.115240e-02 -4.187184e-02 1.573239e+01
-4.517628e-02 3.609166e-02 -9.983268e-01 -1.250018e+02 -9.749927e-02 9.944168e-01 4.036234e-02 3.854635e+00 9.942097e-01 9.915956e-02 -4.140514e-02 1.565718e+01
-4.523732e-02 3.404655e-02 -9.983959e-01 -1.262605e+02 -1.015355e-01 9.940867e-01 3.850017e-02 3.889385e+00 9.938029e-01 1.031142e-01 -4.151289e-02 1.559232e+01
-4.605308e-02 3.284897e-02 -9.983987e-01 -1.275178e+02 -1.043893e-01 9.938288e-01 3.751377e-02 3.919125e+00 9.934697e-01 1.059498e-01 -4.233980e-02 1.552291e+01
-4.673793e-02 3.186546e-02 -9.983988e-01 -1.287903e+02 -1.048148e-01 9.938171e-01 3.662591e-02 3.955966e+00 9.933929e-01 1.063588e-01 -4.310898e-02 1.545850e+01
-4.758438e-02 3.107929e-02 -9.983836e-01 -1.300345e+02 -1.028501e-01 9.940508e-01 3.584639e-02 3.976357e+00 9.935580e-01 1.043896e-01 -4.410478e-02 1.540200e+01
-4.834860e-02 3.134018e-02 -9.983387e-01 -1.313082e+02 -1.033867e-01 9.939819e-01 3.621033e-02 4.009411e+00 9.934654e-01 1.049657e-01 -4.481748e-02 1.533947e+01
-4.922613e-02 3.613505e-02 -9.981338e-01 -1.325580e+02 -1.031465e-01 9.938181e-01 4.106581e-02 4.038491e+00 9.934473e-01 1.049755e-01 -4.519462e-02 1.527908e+01
-4.958457e-02 3.990905e-02 -9.979723e-01 -1.338287e+02 -1.021374e-01 9.937603e-01 4.481534e-02 4.075552e+00 9.935338e-01 1.041524e-01 -4.519897e-02 1.520527e+01
-4.973622e-02 3.837356e-02 -9.980249e-01 -1.350783e+02 -1.018325e-01 9.938593e-01 4.328818e-02 4.111892e+00 9.935575e-01 1.037844e-01 -4.552312e-02 1.513877e+01
-4.902077e-02 3.687660e-02 -9.981168e-01 -1.363337e+02 -1.020007e-01 9.939087e-01 4.173072e-02 4.147989e+00 9.935758e-01 1.038543e-01 -4.496073e-02 1.507278e+01
-4.789777e-02 3.582490e-02 -9.982096e-01 -1.376152e+02 -1.020431e-01 9.939524e-01 4.056851e-02 4.191711e+00 9.936262e-01 1.038035e-01 -4.395242e-02 1.502500e+01
-4.754854e-02 3.434121e-02 -9.982784e-01 -1.389222e+02 -1.020939e-01 9.940077e-01 3.905708e-02 4.240362e+00 9.936378e-01 1.037752e-01 -4.375759e-02 1.499529e+01
-4.693722e-02 3.617699e-02 -9.982425e-01 -1.401869e+02 -1.027555e-01 9.938675e-01 4.084999e-02 4.273492e+00 9.935986e-01 1.044923e-01 -4.293200e-02 1.494285e+01
-4.590165e-02 3.950340e-02 -9.981646e-01 -1.414610e+02 -1.036757e-01 9.936334e-01 4.409171e-02 4.312004e+00 9.935514e-01 1.055093e-01 -4.151387e-02 1.487572e+01
-4.501347e-02 4.010372e-02 -9.981811e-01 -1.427069e+02 -1.055998e-01 9.934047e-01 4.467390e-02 4.352133e+00 9.933894e-01 1.074187e-01 -4.048165e-02 1.482210e+01
-4.449953e-02 3.682786e-02 -9.983304e-01 -1.439895e+02 -1.093132e-01 9.931403e-01 4.150892e-02 4.401429e+00 9.930108e-01 1.109778e-01 -4.016850e-02 1.477522e+01
-4.533756e-02 3.314426e-02 -9.984217e-01 -1.452561e+02 -1.083822e-01 9.933866e-01 3.789867e-02 4.441974e+00 9.930749e-01 1.099294e-01 -4.144548e-02 1.476250e+01
-4.509085e-02 3.169523e-02 -9.984800e-01 -1.465078e+02 -1.056307e-01 9.937421e-01 3.631506e-02 4.464951e+00 9.933826e-01 1.071076e-01 -4.146068e-02 1.470442e+01
-4.590738e-02 3.072281e-02 -9.984731e-01 -1.477715e+02 -1.043604e-01 9.939100e-01 3.538065e-02 4.492245e+00 9.934795e-01 1.058253e-01 -4.242156e-02 1.465469e+01
-4.610725e-02 3.072989e-02 -9.984637e-01 -1.490085e+02 -1.019176e-01 9.941662e-01 3.530400e-02 4.520331e+00 9.937238e-01 1.033888e-01 -4.270635e-02 1.459262e+01
-4.673298e-02 2.926958e-02 -9.984785e-01 -1.502365e+02 -9.986535e-02 9.944259e-01 3.382489e-02 4.542426e+00 9.939029e-01 1.012941e-01 -4.354946e-02 1.453656e+01
-4.674390e-02 2.906596e-02 -9.984839e-01 -1.514852e+02 -9.935046e-02 9.944850e-01 3.360063e-02 4.569389e+00 9.939540e-01 1.007705e-01 -4.359839e-02 1.447542e+01
-4.714246e-02 3.178953e-02 -9.983822e-01 -1.527426e+02 -9.724025e-02 9.946002e-01 3.626067e-02 4.588045e+00 9.941438e-01 9.879235e-02 -4.379667e-02 1.440931e+01
-4.767996e-02 3.331575e-02 -9.983069e-01 -1.539660e+02 -9.578323e-02 9.946854e-01 3.776958e-02 4.615046e+00 9.942596e-01 9.742192e-02 -4.423547e-02 1.434866e+01
-4.744709e-02 3.154744e-02 -9.983754e-01 -1.551954e+02 -9.466931e-02 9.948600e-01 3.593544e-02 4.651139e+00 9.943774e-01 9.622055e-02 -4.421664e-02 1.427434e+01
-4.821808e-02 3.127288e-02 -9.983471e-01 -1.563886e+02 -9.578192e-02 9.947588e-01 3.578654e-02 4.685493e+00 9.942338e-01 9.734916e-02 -4.496998e-02 1.420604e+01
-4.855959e-02 3.605787e-02 -9.981692e-01 -1.576416e+02 -9.721454e-02 9.944329e-01 4.065226e-02 4.712310e+00 9.940781e-01 9.901062e-02 -4.478391e-02 1.415153e+01
-4.853875e-02 4.229157e-02 -9.979256e-01 -1.589210e+02 -1.030916e-01 9.935551e-01 4.712069e-02 4.755258e+00 9.934868e-01 1.051649e-01 -4.386602e-02 1.409426e+01
-4.709320e-02 4.199108e-02 -9.980075e-01 -1.601520e+02 -1.084902e-01 9.929906e-01 4.689935e-02 4.796394e+00 9.929814e-01 1.104827e-01 -4.220748e-02 1.402463e+01
-4.591460e-02 3.778099e-02 -9.982307e-01 -1.613938e+02 -1.130628e-01 9.926668e-01 4.277085e-02 4.837320e+00 9.925264e-01 1.148266e-01 -4.130627e-02 1.396033e+01
-4.441108e-02 3.212073e-02 -9.984968e-01 -1.626518e+02 -1.151600e-01 9.926556e-01 3.705490e-02 4.864439e+00 9.923537e-01 1.166326e-01 -4.038588e-02 1.389859e+01
-4.350860e-02 3.022992e-02 -9.985956e-01 -1.638658e+02 -1.183481e-01 9.923482e-01 3.519720e-02 4.893161e+00 9.920185e-01 1.197133e-01 -3.959803e-02 1.382773e+01
-4.264123e-02 2.717601e-02 -9.987208e-01 -1.651124e+02 -1.154643e-01 9.927978e-01 3.194469e-02 4.925675e+00 9.923959e-01 1.166788e-01 -3.919626e-02 1.378792e+01
-4.243417e-02 2.266693e-02 -9.988421e-01 -1.663391e+02 -1.123945e-01 9.932881e-01 2.731579e-02 4.946647e+00 9.927572e-01 1.134234e-01 -3.960172e-02 1.372593e+01
-4.299167e-02 1.926376e-02 -9.988897e-01 -1.675576e+02 -1.074649e-01 9.939241e-01 2.379323e-02 4.967512e+00 9.932789e-01 1.083685e-01 -4.066028e-02 1.368271e+01
-4.432058e-02 2.200523e-02 -9.987750e-01 -1.687881e+02 -1.045414e-01 9.941663e-01 2.654271e-02 4.980856e+00 9.935325e-01 1.055897e-01 -4.176157e-02 1.363224e+01
-4.252965e-02 3.157674e-02 -9.985961e-01 -1.712190e+02 -1.064245e-01 9.936705e-01 3.595355e-02 5.012686e+00 9.934108e-01 1.078042e-01 -3.889992e-02 1.351753e+01
-4.086802e-02 2.794915e-02 -9.987736e-01 -1.724351e+02 -1.069647e-01 9.937418e-01 3.218515e-02 5.036655e+00 9.934226e-01 1.081488e-01 -3.762269e-02 1.345844e+01
-4.022903e-02 2.785482e-02 -9.988021e-01 -1.736644e+02 -1.093271e-01 9.934871e-01 3.210999e-02 5.056589e+00 9.931914e-01 1.104879e-01 -3.692173e-02 1.340874e+01
-3.960867e-02 2.877769e-02 -9.988008e-01 -1.748939e+02 -1.072218e-01 9.936912e-01 3.288248e-02 5.076001e+00 9.934458e-01 1.083957e-01 -3.627319e-02 1.336352e+01
-3.891702e-02 2.642556e-02 -9.988930e-01 -1.760771e+02 -1.082708e-01 9.936533e-01 3.050519e-02 5.102105e+00 9.933594e-01 1.093381e-01 -3.580890e-02 1.330805e+01
-3.791603e-02 2.480325e-02 -9.989731e-01 -1.772341e+02 -1.086974e-01 9.936577e-01 2.879688e-02 5.122092e+00 9.933515e-01 1.096776e-01 -3.497951e-02 1.327991e+01
-3.646919e-02 2.639162e-02 -9.989862e-01 -1.783877e+02 -1.101887e-01 9.934497e-01 3.026793e-02 5.132809e+00 9.932414e-01 1.111809e-01 -3.332225e-02 1.324071e+01
-3.519490e-02 2.802408e-02 -9.989875e-01 -1.795607e+02 -1.102780e-01 9.933935e-01 3.175232e-02 5.146802e+00 9.932774e-01 1.112839e-01 -3.187194e-02 1.319093e+01
-3.497168e-02 2.915477e-02 -9.989630e-01 -1.806768e+02 -1.114636e-01 9.932241e-01 3.288940e-02 5.158394e+00 9.931530e-01 1.124982e-01 -3.148502e-02 1.314914e+01
-3.465351e-02 3.033151e-02 -9.989390e-01 -1.817454e+02 -1.122050e-01 9.931016e-01 3.404669e-02 5.165097e+00 9.930806e-01 1.132658e-01 -3.101111e-02 1.310274e+01
-3.456310e-02 3.067211e-02 -9.989317e-01 -1.828422e+02 -1.117378e-01 9.931435e-01 3.436052e-02 5.191424e+00 9.931365e-01 1.128061e-01 -3.089888e-02 1.305435e+01
-3.435874e-02 2.951322e-02 -9.989737e-01 -1.838986e+02 -1.125439e-01 9.930916e-01 3.321028e-02 5.206698e+00 9.930525e-01 1.135694e-01 -3.079985e-02 1.302432e+01
-3.321994e-02 2.950386e-02 -9.990125e-01 -1.848662e+02 -1.136214e-01 9.929725e-01 3.310371e-02 5.208016e+00 9.929686e-01 1.146089e-01 -2.963421e-02 1.298899e+01
-3.207605e-02 2.969963e-02 -9.990441e-01 -1.858619e+02 -1.152445e-01 9.927817e-01 3.321358e-02 5.231477e+00 9.928191e-01 1.161997e-01 -2.842179e-02 1.296190e+01
-3.340243e-02 2.780245e-02 -9.990552e-01 -1.868056e+02 -1.143209e-01 9.929458e-01 3.145464e-02 5.241650e+00 9.928822e-01 1.152635e-01 -2.998840e-02 1.293941e+01
-3.739262e-02 2.477095e-02 -9.989936e-01 -1.877543e+02 -1.126269e-01 9.932186e-01 2.884342e-02 5.249270e+00 9.929335e-01 1.135921e-01 -3.434918e-02 1.291777e+01
-4.221992e-02 2.100924e-02 -9.988874e-01 -1.887199e+02 -1.128561e-01 9.932799e-01 2.566138e-02 5.255963e+00 9.927140e-01 1.138139e-01 -3.956518e-02 1.286660e+01
-4.791334e-02 1.741680e-02 -9.986996e-01 -1.896929e+02 -1.154260e-01 9.930531e-01 2.285597e-02 5.270055e+00 9.921598e-01 1.163710e-01 -4.557014e-02 1.283121e+01
-5.207701e-02 1.635072e-02 -9.985092e-01 -1.906255e+02 -1.179859e-01 9.927624e-01 2.241014e-02 5.277497e+00 9.916488e-01 1.189771e-01 -4.977094e-02 1.277965e+01
-5.566595e-02 1.660209e-02 -9.983114e-01 -1.915437e+02 -1.199518e-01 9.925087e-01 2.319412e-02 5.285796e+00 9.912179e-01 1.210404e-01 -5.325749e-02 1.273409e+01
-5.796153e-02 1.784198e-02 -9.981594e-01 -1.924734e+02 -1.187193e-01 9.926222e-01 2.463684e-02 5.299750e+00 9.912347e-01 1.199287e-01 -5.541571e-02 1.267981e+01
-5.997093e-02 1.914123e-02 -9.980166e-01 -1.934036e+02 -1.161370e-01 9.928923e-01 2.602163e-02 5.310018e+00 9.914210e-01 1.174672e-01 -5.732167e-02 1.262895e+01
-6.126114e-02 1.968631e-02 -9.979276e-01 -1.943102e+02 -1.148004e-01 9.930314e-01 2.663713e-02 5.312066e+00 9.914978e-01 1.161943e-01 -5.857424e-02 1.256468e+01
-6.262927e-02 1.860923e-02 -9.978634e-01 -1.952275e+02 -1.152588e-01 9.930016e-01 2.575260e-02 5.314114e+00 9.913592e-01 1.166254e-01 -6.004609e-02 1.250509e+01
-6.336165e-02 1.717570e-02 -9.978428e-01 -1.961237e+02 -1.177440e-01 9.927401e-01 2.456445e-02 5.322481e+00 9.910205e-01 1.190464e-01 -6.087932e-02 1.244222e+01
-6.312276e-02 1.661541e-02 -9.978674e-01 -1.970229e+02 -1.212210e-01 9.923307e-01 2.419137e-02 5.325260e+00 9.906165e-01 1.224895e-01 -6.062452e-02 1.237017e+01
-6.223810e-02 1.439557e-02 -9.979575e-01 -1.979353e+02 -1.240597e-01 9.920298e-01 2.204711e-02 5.338636e+00 9.903210e-01 1.251785e-01 -5.995614e-02 1.230043e+01
-6.135553e-02 1.165903e-02 -9.980479e-01 -1.988423e+02 -1.244308e-01 9.920418e-01 1.923831e-02 5.344333e+00 9.903295e-01 1.253682e-01 -5.941650e-02 1.223734e+01
-6.106170e-02 8.730847e-03 -9.980958e-01 -1.997446e+02 -1.243716e-01 9.921020e-01 1.628724e-02 5.350601e+00 9.903551e-01 1.251293e-01 -5.949357e-02 1.217994e+01
-6.082604e-02 8.912947e-03 -9.981086e-01 -2.006713e+02 -1.246481e-01 9.920646e-01 1.645519e-02 5.345190e+00 9.903348e-01 1.254133e-01 -5.923237e-02 1.211544e+01
-6.072779e-02 1.142776e-02 -9.980889e-01 -2.015988e+02 -1.220755e-01 9.923429e-01 1.878954e-02 5.349305e+00 9.906612e-01 1.229833e-01 -5.886774e-02 1.206086e+01
-6.115010e-02 1.243893e-02 -9.980511e-01 -2.025254e+02 -1.213264e-01 9.924151e-01 1.980229e-02 5.353953e+00 9.907273e-01 1.223008e-01 -5.917711e-02 1.200470e+01
-6.070829e-02 8.771262e-03 -9.981170e-01 -2.034567e+02 -1.161861e-01 9.931019e-01 1.579395e-02 5.356891e+00 9.913704e-01 1.169261e-01 -5.927042e-02 1.194946e+01
-6.072195e-02 5.408071e-03 -9.981401e-01 -2.043941e+02 -1.145914e-01 9.933359e-01 1.235322e-02 5.362491e+00 9.915552e-01 1.151284e-01 -5.969758e-02 1.188626e+01
-6.030169e-02 5.460349e-03 -9.981653e-01 -2.053234e+02 -1.188603e-01 9.928309e-01 1.261182e-02 5.367271e+00 9.910782e-01 1.194027e-01 -5.922036e-02 1.182212e+01
-5.860171e-02 9.698730e-03 -9.982343e-01 -2.062831e+02 -1.201450e-01 9.926159e-01 1.669730e-02 5.364616e+00 9.910252e-01 1.209114e-01 -5.700373e-02 1.175856e+01
-5.689344e-02 9.357599e-03 -9.983364e-01 -2.072604e+02 -1.174316e-01 9.929521e-01 1.599935e-02 5.365600e+00 9.914499e-01 1.181465e-01 -5.539358e-02 1.169949e+01
-5.493187e-02 1.010468e-02 -9.984390e-01 -2.082566e+02 -1.148400e-01 9.932491e-01 1.637040e-02 5.383286e+00 9.918640e-01 1.155600e-01 -5.340061e-02 1.163052e+01
-5.326312e-02 1.412368e-02 -9.984806e-01 -2.092497e+02 -1.148588e-01 9.931769e-01 2.017571e-02 5.398818e+00 9.919529e-01 1.157589e-01 -5.127747e-02 1.157645e+01
-5.181990e-02 1.883185e-02 -9.984789e-01 -2.102226e+02 -1.120933e-01 9.933943e-01 2.455346e-02 5.394301e+00 9.923456e-01 1.131952e-01 -4.936667e-02 1.153346e+01
-5.048232e-02 1.907375e-02 -9.985428e-01 -2.112084e+02 -1.111607e-01 9.934980e-01 2.459723e-02 5.411050e+00 9.925194e-01 1.122405e-01 -4.803383e-02 1.148615e+01
-4.806981e-02 1.951928e-02 -9.986532e-01 -2.122295e+02 -1.150382e-01 9.930478e-01 2.494704e-02 5.422361e+00 9.921973e-01 1.160824e-01 -4.549015e-02 1.142351e+01
-4.511488e-02 2.125781e-02 -9.987556e-01 -2.132540e+02 -1.186719e-01 9.925802e-01 2.648691e-02 5.425344e+00 9.919081e-01 1.197192e-01 -4.225743e-02 1.137073e+01
-4.133514e-02 2.118844e-02 -9.989206e-01 -2.142681e+02 -1.184957e-01 9.926152e-01 2.595802e-02 5.442541e+00 9.920938e-01 1.194408e-01 -3.851915e-02 1.131419e+01
-3.789620e-02 1.890163e-02 -9.991029e-01 -2.152764e+02 -1.207547e-01 9.924076e-01 2.335522e-02 5.442077e+00 9.919588e-01 1.215314e-01 -3.532602e-02 1.125010e+01
-3.563727e-02 1.562819e-02 -9.992426e-01 -2.163188e+02 -1.218104e-01 9.923546e-01 1.986474e-02 5.453853e+00 9.919134e-01 1.224260e-01 -3.346113e-02 1.122298e+01
-3.406183e-02 1.508137e-02 -9.993059e-01 -2.173599e+02 -1.215611e-01 9.923998e-01 1.912061e-02 5.448277e+00 9.919993e-01 1.221280e-01 -3.196964e-02 1.118278e+01
-3.245238e-02 1.786055e-02 -9.993137e-01 -2.183985e+02 -1.217003e-01 9.923299e-01 2.168791e-02 5.437769e+00 9.920362e-01 1.223206e-01 -3.002984e-02 1.115190e+01
-3.134291e-02 2.115911e-02 -9.992847e-01 -2.194828e+02 -1.242222e-01 9.919420e-01 2.489990e-02 5.441321e+00 9.917593e-01 1.249138e-01 -2.846192e-02 1.112125e+01
-2.921941e-02 2.101567e-02 -9.993521e-01 -2.205206e+02 -1.229989e-01 9.921053e-01 2.445956e-02 5.442080e+00 9.919766e-01 1.236339e-01 -2.640383e-02 1.105553e+01
-2.935639e-02 1.803678e-02 -9.994063e-01 -2.215998e+02 -1.223421e-01 9.922551e-01 2.150138e-02 5.456115e+00 9.920537e-01 1.229007e-01 -2.692237e-02 1.105262e+01
-2.960248e-02 1.514549e-02 -9.994470e-01 -2.226914e+02 -1.192363e-01 9.926921e-01 1.857477e-02 5.452233e+00 9.924245e-01 1.197202e-01 -2.758026e-02 1.102700e+01
-2.998109e-02 1.452500e-02 -9.994449e-01 -2.237947e+02 -1.168440e-01 9.929883e-01 1.793622e-02 5.445628e+00 9.926976e-01 1.173169e-01 -2.807371e-02 1.100251e+01
-2.900626e-02 1.377944e-02 -9.994842e-01 -2.260115e+02 -1.170731e-01 9.929763e-01 1.708732e-02 5.449221e+00 9.926996e-01 1.175084e-01 -2.718933e-02 1.090353e+01
-2.919497e-02 1.411945e-02 -9.994740e-01 -2.271176e+02 -1.193345e-01 9.926997e-01 1.750955e-02 5.465171e+00 9.924248e-01 1.197829e-01 -2.729691e-02 1.086541e+01
-2.983895e-02 1.625669e-02 -9.994225e-01 -2.282198e+02 -1.204425e-01 9.925240e-01 1.974043e-02 5.470529e+00 9.922718e-01 1.209620e-01 -2.765787e-02 1.083213e+01
-3.071601e-02 1.771786e-02 -9.993711e-01 -2.293103e+02 -1.207052e-01 9.924597e-01 2.130524e-02 5.482772e+00 9.922131e-01 1.212837e-01 -2.834577e-02 1.078922e+01
-3.132445e-02 1.921705e-02 -9.993245e-01 -2.304350e+02 -1.221426e-01 9.922481e-01 2.290960e-02 5.498827e+00 9.920181e-01 1.227778e-01 -2.873441e-02 1.074463e+01
-3.236989e-02 1.991187e-02 -9.992776e-01 -2.315670e+02 -1.246647e-01 9.919134e-01 2.380343e-02 5.513372e+00 9.916708e-01 1.253452e-01 -2.962582e-02 1.070688e+01
-3.359792e-02 1.870871e-02 -9.992603e-01 -2.327220e+02 -1.267328e-01 9.916742e-01 2.282778e-02 5.519034e+00 9.913677e-01 1.274060e-01 -3.094718e-02 1.065442e+01
-3.437728e-02 1.422236e-02 -9.993077e-01 -2.338713e+02 -1.251944e-01 9.919611e-01 1.842463e-02 5.528277e+00 9.915365e-01 1.257412e-01 -3.232037e-02 1.059945e+01
-3.595564e-02 8.058909e-03 -9.993209e-01 -2.350294e+02 -1.222316e-01 9.924241e-01 1.240119e-02 5.534774e+00 9.918501e-01 1.225945e-01 -3.469819e-02 1.055256e+01
-3.822398e-02 3.639114e-03 -9.992626e-01 -2.361871e+02 -1.176241e-01 9.930250e-01 8.115778e-03 5.534117e+00 9.923223e-01 1.178476e-01 -3.752932e-02 1.050023e+01
-4.049208e-02 3.976973e-03 -9.991719e-01 -2.373552e+02 -1.115956e-01 9.937175e-01 8.477744e-03 5.533488e+00 9.929284e-01 1.118464e-01 -3.979387e-02 1.043664e+01
-4.272146e-02 7.837807e-03 -9.990563e-01 -2.385500e+02 -1.072928e-01 9.941503e-01 1.238736e-02 5.533783e+00 9.933092e-01 1.077208e-01 -4.163061e-02 1.038268e+01
-4.480680e-02 1.032453e-02 -9.989423e-01 -2.397504e+02 -1.053505e-01 9.943220e-01 1.500220e-02 5.530720e+00 9.934252e-01 1.059113e-01 -4.346470e-02 1.032104e+01
-4.670130e-02 9.756469e-03 -9.988613e-01 -2.409683e+02 -1.038596e-01 9.944853e-01 1.456963e-02 5.533357e+00 9.934949e-01 1.044217e-01 -4.543045e-02 1.024992e+01
-4.939037e-02 1.021174e-02 -9.987273e-01 -2.421561e+02 -1.027838e-01 9.945868e-01 1.525240e-02 5.537152e+00 9.934768e-01 1.034063e-01 -4.807341e-02 1.020192e+01
-5.366652e-02 1.132698e-02 -9.984947e-01 -2.445951e+02 -1.010007e-01 9.947460e-01 1.671298e-02 5.544497e+00 9.934379e-01 1.017456e-01 -5.224052e-02 1.006031e+01
-5.588633e-02 1.001510e-02 -9.983869e-01 -2.458324e+02 -1.009654e-01 9.947671e-01 1.563049e-02 5.544168e+00 9.933190e-01 1.016761e-01 -5.458271e-02 9.976861e+00
-5.806730e-02 9.647301e-03 -9.982661e-01 -2.470659e+02 -1.011876e-01 9.947466e-01 1.549918e-02 5.547557e+00 9.931713e-01 1.019121e-01 -5.678607e-02 9.894790e+00
-6.025975e-02 1.032255e-02 -9.981294e-01 -2.483176e+02 -1.015504e-01 9.946949e-01 1.641790e-02 5.557136e+00 9.930037e-01 1.023498e-01 -5.889181e-02 9.812558e+00
-6.216656e-02 1.035394e-02 -9.980121e-01 -2.495465e+02 -1.019319e-01 9.946517e-01 1.666846e-02 5.561533e+00 9.928470e-01 1.027655e-01 -6.077868e-02 9.710015e+00
-6.462856e-02 1.109893e-02 -9.978477e-01 -2.507855e+02 -1.027338e-01 9.945511e-01 1.771612e-02 5.565869e+00 9.926071e-01 1.036577e-01 -6.313617e-02 9.628199e+00
-6.699527e-02 1.262692e-02 -9.976734e-01 -2.520437e+02 -1.048594e-01 9.942934e-01 1.962561e-02 5.572344e+00 9.922279e-01 1.059303e-01 -6.528890e-02 9.540965e+00
-6.830526e-02 1.308453e-02 -9.975787e-01 -2.532953e+02 -1.057805e-01 9.941826e-01 2.028289e-02 5.579118e+00 9.920408e-01 1.069098e-01 -6.652382e-02 9.441978e+00
-6.951599e-02 1.291923e-02 -9.974972e-01 -2.545346e+02 -1.081240e-01 9.939279e-01 2.040821e-02 5.591690e+00 9.917039e-01 1.092721e-01 -6.769700e-02 9.356097e+00
-6.967544e-02 1.280105e-02 -9.974876e-01 -2.557987e+02 -1.087443e-01 9.938614e-01 2.035041e-02 5.600090e+00 9.916249e-01 1.098890e-01 -6.785569e-02 9.260021e+00
-6.974752e-02 1.163821e-02 -9.974968e-01 -2.570140e+02 -1.077601e-01 9.939928e-01 1.913219e-02 5.597455e+00 9.917273e-01 1.088248e-01 -6.807440e-02 9.166042e+00
-6.952425e-02 1.045481e-02 -9.975255e-01 -2.582645e+02 -1.059105e-01 9.942163e-01 1.780174e-02 5.601104e+00 9.919422e-01 1.068860e-01 -6.801487e-02 9.074889e+00
-6.956670e-02 1.022206e-02 -9.975249e-01 -2.595228e+02 -1.049998e-01 9.943180e-01 1.751181e-02 5.600988e+00 9.920360e-01 1.059582e-01 -6.809811e-02 8.966401e+00
-6.967887e-02 1.043317e-02 -9.975149e-01 -2.607898e+02 -1.054752e-01 9.942632e-01 1.776687e-02 5.604317e+00 9.919777e-01 1.064511e-01 -6.817869e-02 8.866671e+00
-6.934098e-02 1.024046e-02 -9.975405e-01 -2.620132e+02 -1.047813e-01 9.943415e-01 1.749117e-02 5.609247e+00 9.920749e-01 1.057365e-01 -6.787561e-02 8.773227e+00
-6.903752e-02 1.073189e-02 -9.975563e-01 -2.632745e+02 -1.043205e-01 9.943823e-01 1.791741e-02 5.614742e+00 9.921447e-01 1.053025e-01 -6.753014e-02 8.679610e+00
-6.917234e-02 1.159253e-02 -9.975374e-01 -2.645110e+02 -1.016575e-01 9.946454e-01 1.860817e-02 5.616216e+00 9.924117e-01 1.026943e-01 -6.762348e-02 8.590471e+00
-6.971170e-02 1.392282e-02 -9.974700e-01 -2.657664e+02 -9.765390e-02 9.950049e-01 2.071330e-02 5.625574e+00 9.927759e-01 9.885080e-02 -6.800387e-02 8.511243e+00
-6.965684e-02 1.732915e-02 -9.974205e-01 -2.670025e+02 -9.477051e-02 9.952120e-01 2.390927e-02 5.632589e+00 9.930591e-01 9.619149e-02 -6.768103e-02 8.421321e+00
-6.976101e-02 1.967902e-02 -9.973696e-01 -2.682767e+02 -9.227834e-02 9.953913e-01 2.609440e-02 5.642335e+00 9.932865e-01 9.385599e-02 -6.762356e-02 8.339319e+00
-7.011543e-02 1.764188e-02 -9.973829e-01 -2.695246e+02 -9.183834e-02 9.954831e-01 2.406445e-02 5.657375e+00 9.933023e-01 9.328527e-02 -6.817852e-02 8.252511e+00
-6.986056e-02 1.597340e-02 -9.974289e-01 -2.707396e+02 -9.445388e-02 9.952737e-01 2.255450e-02 5.668170e+00 9.930750e-01 9.578669e-02 -6.802163e-02 8.156863e+00
-6.997859e-02 1.848098e-02 -9.973773e-01 -2.720023e+02 -1.011967e-01 9.945388e-01 2.552861e-02 5.686080e+00 9.924022e-01 1.027178e-01 -6.772621e-02 8.054835e+00
-6.973135e-02 2.423706e-02 -9.972713e-01 -2.732145e+02 -1.066038e-01 9.937991e-01 3.160664e-02 5.695436e+00 9.918534e-01 1.085169e-01 -6.671519e-02 7.944975e+00
-6.942975e-02 2.354434e-02 -9.973090e-01 -2.744244e+02 -1.108169e-01 9.933521e-01 3.116568e-02 5.706756e+00 9.914127e-01 1.126825e-01 -6.635907e-02 7.841056e+00
-6.926657e-02 1.635001e-02 -9.974642e-01 -2.756716e+02 -1.100255e-01 9.936407e-01 2.392780e-02 5.727424e+00 9.915122e-01 1.114039e-01 -6.702717e-02 7.752010e+00
-6.979777e-02 1.088971e-02 -9.975017e-01 -2.768870e+02 -1.076872e-01 9.940148e-01 1.838679e-02 5.738830e+00 9.917317e-01 1.087016e-01 -6.820734e-02 7.653811e+00
-7.047366e-02 1.016883e-02 -9.974618e-01 -2.780827e+02 -1.018712e-01 9.946465e-01 1.733764e-02 5.738580e+00 9.922982e-01 1.028345e-01 -6.906047e-02 7.574534e+00
-6.976981e-02 1.161453e-02 -9.974955e-01 -2.793180e+02 -9.957512e-02 9.948571e-01 1.854859e-02 5.739882e+00 9.925810e-01 1.006199e-01 -6.825447e-02 7.491690e+00
-6.762225e-02 1.570335e-02 -9.975874e-01 -2.817337e+02 -1.003470e-01 9.946990e-01 2.245999e-02 5.751045e+00 9.926519e-01 1.016237e-01 -6.568800e-02 7.316839e+00
-6.644245e-02 1.691679e-02 -9.976468e-01 -2.829523e+02 -1.026221e-01 9.944381e-01 2.369693e-02 5.762576e+00 9.924989e-01 1.039551e-01 -6.433687e-02 7.221564e+00
-6.635010e-02 1.768906e-02 -9.976396e-01 -2.841566e+02 -1.025323e-01 9.944291e-01 2.445126e-02 5.763881e+00 9.925144e-01 1.039127e-01 -6.416678e-02 7.148892e+00
-6.557318e-02 1.701231e-02 -9.977027e-01 -2.853668e+02 -1.027496e-01 9.944246e-01 2.370954e-02 5.769467e+00 9.925435e-01 1.040683e-01 -6.345958e-02 7.056587e+00
-6.536588e-02 1.499771e-02 -9.977487e-01 -2.866028e+02 -1.037315e-01 9.943677e-01 2.174268e-02 5.782678e+00 9.924551e-01 1.049191e-01 -6.344198e-02 6.967765e+00
-6.495064e-02 1.349428e-02 -9.977972e-01 -2.878010e+02 -1.032221e-01 9.944538e-01 2.016821e-02 5.789015e+00 9.925354e-01 1.043047e-01 -6.319750e-02 6.870045e+00
-6.514286e-02 1.322589e-02 -9.977883e-01 -2.890410e+02 -1.042095e-01 9.943546e-01 1.998393e-02 5.788567e+00 9.924197e-01 1.052808e-01 -6.339684e-02 6.791225e+00
-6.491405e-02 1.296069e-02 -9.978067e-01 -2.902262e+02 -1.049794e-01 9.942784e-01 1.974448e-02 5.792919e+00 9.923535e-01 1.060308e-01 -6.318203e-02 6.693913e+00
-6.493489e-02 1.320129e-02 -9.978022e-01 -2.914391e+02 -1.060039e-01 9.941635e-01 2.005166e-02 5.792557e+00 9.922432e-01 1.070730e-01 -6.315651e-02 6.609131e+00
-6.516677e-02 1.357352e-02 -9.977821e-01 -2.926829e+02 -1.054133e-01 9.942190e-01 2.040976e-02 5.783926e+00 9.922910e-01 1.065095e-01 -6.335921e-02 6.532229e+00
-6.543304e-02 1.205522e-02 -9.977841e-01 -2.938915e+02 -1.052573e-01 9.942651e-01 1.891530e-02 5.780683e+00 9.922900e-01 1.062617e-01 -6.378889e-02 6.443594e+00
-6.569305e-02 9.021620e-03 -9.977991e-01 -2.951289e+02 -1.059397e-01 9.942444e-01 1.596433e-02 5.792830e+00 9.922002e-01 1.067553e-01 -6.435920e-02 6.360361e+00
-6.586289e-02 6.368336e-03 -9.978084e-01 -2.963528e+02 -1.071200e-01 9.941556e-01 1.341575e-02 5.785536e+00 9.920622e-01 1.077688e-01 -6.479579e-02 6.264012e+00
-6.652829e-02 4.711592e-03 -9.977734e-01 -2.975862e+02 -1.095547e-01 9.939084e-01 1.199809e-02 5.784370e+00 9.917519e-01 1.101090e-01 -6.560685e-02 6.195372e+00
-6.704058e-02 4.774038e-03 -9.977388e-01 -2.988335e+02 -1.132812e-01 9.934860e-01 1.236534e-02 5.777214e+00 9.912986e-01 1.138540e-01 -6.606307e-02 6.113543e+00
-6.718939e-02 5.437750e-03 -9.977254e-01 -3.000700e+02 -1.165435e-01 9.930971e-01 1.326086e-02 5.777456e+00 9.909103e-01 1.171694e-01 -6.609185e-02 6.013298e+00
-6.772768e-02 6.080191e-03 -9.976853e-01 -3.013157e+02 -1.202730e-01 9.926391e-01 1.421415e-02 5.775650e+00 9.904279e-01 1.209573e-01 -6.649786e-02 5.918248e+00
-6.854590e-02 6.008269e-03 -9.976299e-01 -3.025522e+02 -1.217568e-01 9.924563e-01 1.434287e-02 5.771270e+00 9.901903e-01 1.224514e-01 -6.729726e-02 5.837687e+00
-6.962128e-02 3.275206e-03 -9.975681e-01 -3.037913e+02 -1.216065e-01 9.925089e-01 1.174564e-02 5.780483e+00 9.901337e-01 1.221285e-01 -6.870145e-02 5.761892e+00
-7.105755e-02 7.021300e-04 -9.974720e-01 -3.050476e+02 -1.195775e-01 9.927821e-01 9.217244e-03 5.778503e+00 9.902788e-01 1.199301e-01 -7.046070e-02 5.688500e+00
-7.281286e-02 3.604066e-04 -9.973456e-01 -3.062927e+02 -1.168536e-01 9.931094e-01 8.889963e-03 5.769148e+00 9.904764e-01 1.171907e-01 -7.226902e-02 5.611323e+00
-7.399085e-02 2.692479e-03 -9.972553e-01 -3.075337e+02 -1.146299e-01 9.933453e-01 1.118683e-02 5.754526e+00 9.906489e-01 1.151430e-01 -7.318983e-02 5.517736e+00
-7.511860e-02 3.489692e-03 -9.971685e-01 -3.087756e+02 -1.137464e-01 9.934368e-01 1.204537e-02 5.754801e+00 9.906659e-01 1.143292e-01 -7.422864e-02 5.426248e+00
-7.554079e-02 2.809280e-03 -9.971388e-01 -3.100056e+02 -1.153019e-01 9.932635e-01 1.153335e-02 5.749796e+00 9.904540e-01 1.158432e-01 -7.470799e-02 5.319635e+00
-7.477770e-02 7.599432e-04 -9.971999e-01 -3.112433e+02 -1.168995e-01 9.930981e-01 9.522840e-03 5.752871e+00 9.903246e-01 1.172843e-01 -7.417275e-02 5.201487e+00
-7.441437e-02 3.642440e-04 -9.972273e-01 -3.124858e+02 -1.169285e-01 9.930988e-01 9.088088e-03 5.744550e+00 9.903485e-01 1.172806e-01 -7.385823e-02 5.104031e+00
-7.346747e-02 -2.714762e-04 -9.972976e-01 -3.137265e+02 -1.154448e-01 9.932798e-01 8.234037e-03 5.740230e+00 9.905933e-01 1.157377e-01 -7.300509e-02 5.002747e+00
-7.291980e-02 5.191299e-04 -9.973377e-01 -3.149798e+02 -1.132915e-01 9.935228e-01 8.800387e-03 5.734481e+00 9.908823e-01 1.136316e-01 -7.238867e-02 4.904130e+00
-7.281467e-02 1.541525e-03 -9.973443e-01 -3.162195e+02 -1.100936e-01 9.938751e-01 9.573936e-03 5.723941e+00 9.912504e-01 1.104983e-01 -7.219897e-02 4.810073e+00
-7.284727e-02 2.130624e-03 -9.973408e-01 -3.174476e+02 -1.079214e-01 9.941091e-01 1.000646e-02 5.715478e+00 9.914869e-01 1.083634e-01 -7.218820e-02 4.718081e+00
-7.225828e-02 2.055093e-03 -9.973838e-01 -3.186870e+02 -1.072242e-01 9.941864e-01 9.816665e-03 5.706540e+00 9.916056e-01 1.076530e-01 -7.161784e-02 4.618120e+00
-7.196118e-02 1.255837e-03 -9.974066e-01 -3.199418e+02 -1.071635e-01 9.942008e-01 8.983466e-03 5.701984e+00 9.916338e-01 1.075321e-01 -7.140928e-02 4.522048e+00
-7.088411e-02 1.853463e-03 -9.974828e-01 -3.211909e+02 -1.088914e-01 9.940074e-01 9.585151e-03 5.697866e+00 9.915231e-01 1.092967e-01 -7.025751e-02 4.421497e+00
-6.916760e-02 3.210882e-03 -9.975999e-01 -3.224423e+02 -1.114473e-01 9.937103e-01 1.092545e-02 5.696762e+00 9.913603e-01 1.119355e-01 -6.837471e-02 4.322365e+00
-6.737004e-02 3.538045e-03 -9.977218e-01 -3.236890e+02 -1.131162e-01 9.935191e-01 1.116119e-02 5.693574e+00 9.912951e-01 1.136104e-01 -6.653321e-02 4.225866e+00
-6.537516e-02 3.995531e-03 -9.978528e-01 -3.249481e+02 -1.162287e-01 9.931548e-01 1.159154e-02 5.692220e+00 9.910686e-01 1.167369e-01 -6.446326e-02 4.132311e+00
-6.342007e-02 6.741368e-03 -9.979642e-01 -3.262078e+02 -1.184212e-01 9.928615e-01 1.423250e-02 5.685506e+00 9.909361e-01 1.190827e-01 -6.216902e-02 4.036595e+00
-6.215059e-02 1.074708e-02 -9.980089e-01 -3.274700e+02 -1.207665e-01 9.925139e-01 1.820859e-02 5.688031e+00 9.907334e-01 1.216577e-01 -6.038744e-02 3.939677e+00
-6.200903e-02 1.297904e-02 -9.979912e-01 -3.287259e+02 -1.227514e-01 9.922251e-01 2.053106e-02 5.689105e+00 9.904983e-01 1.237779e-01 -5.993372e-02 3.849293e+00
-6.179484e-02 1.459466e-02 -9.979822e-01 -3.299821e+02 -1.267368e-01 9.916846e-01 2.235007e-02 5.703636e+00 9.900097e-01 1.278622e-01 -5.943131e-02 3.758672e+00
-6.195513e-02 1.641289e-02 -9.979440e-01 -3.312259e+02 -1.329408e-01 9.908199e-01 2.454905e-02 5.710590e+00 9.891857e-01 1.341884e-01 -5.920443e-02 3.672937e+00
-6.173767e-02 1.606229e-02 -9.979632e-01 -3.324967e+02 -1.370319e-01 9.902657e-01 2.441569e-02 5.715963e+00 9.886408e-01 1.382601e-01 -5.893565e-02 3.577210e+00
-6.137342e-02 9.601461e-03 -9.980687e-01 -3.337568e+02 -1.384492e-01 9.902052e-01 1.803936e-02 5.722333e+00 9.884660e-01 1.392890e-01 -5.944296e-02 3.484417e+00
-6.155692e-02 2.522603e-03 -9.981004e-01 -3.350290e+02 -1.389054e-01 9.902438e-01 1.106961e-02 5.727396e+00 9.883906e-01 1.393229e-01 -6.060595e-02 3.401858e+00
-6.187355e-02 1.827798e-03 -9.980823e-01 -3.362717e+02 -1.409884e-01 9.899550e-01 1.055313e-02 5.722117e+00 9.880759e-01 1.413710e-01 -6.099433e-02 3.306969e+00
-6.225688e-02 4.601455e-03 -9.980496e-01 -3.375088e+02 -1.393038e-01 9.901610e-01 1.325465e-02 5.715210e+00 9.882907e-01 1.398573e-01 -6.100333e-02 3.230571e+00
-6.135629e-02 4.538082e-03 -9.981056e-01 -3.387354e+02 -1.403486e-01 9.900151e-01 1.312891e-02 5.724227e+00 9.881992e-01 1.408883e-01 -6.010674e-02 3.129967e+00
-6.159729e-02 6.815856e-03 -9.980778e-01 -3.399662e+02 -1.404086e-01 9.899735e-01 1.542596e-02 5.715064e+00 9.881757e-01 1.410889e-01 -6.002268e-02 3.050315e+00
-6.214452e-02 1.045148e-02 -9.980124e-01 -3.411990e+02 -1.401656e-01 9.899439e-01 1.909486e-02 5.706999e+00 9.881759e-01 1.410737e-01 -6.005465e-02 2.964602e+00
-6.292854e-02 1.151079e-02 -9.979517e-01 -3.424907e+02 -1.409314e-01 9.898111e-01 2.030370e-02 5.726054e+00 9.880174e-01 1.419204e-01 -6.066514e-02 2.899442e+00
-6.292631e-02 1.166410e-02 -9.979500e-01 -3.437049e+02 -1.425838e-01 9.895692e-01 2.055685e-02 5.731454e+00 9.877804e-01 1.435850e-01 -6.060683e-02 2.808764e+00
-6.318770e-02 9.565673e-03 -9.979558e-01 -3.449132e+02 -1.447880e-01 9.892869e-01 1.865014e-02 5.737719e+00 9.874430e-01 1.456705e-01 -6.112577e-02 2.723856e+00
-6.247426e-02 7.081061e-03 -9.980215e-01 -3.460747e+02 -1.470735e-01 9.889925e-01 1.622352e-02 5.737920e+00 9.871506e-01 1.477961e-01 -6.074514e-02 2.629649e+00
-6.261789e-02 9.670042e-03 -9.979907e-01 -3.484166e+02 -1.481595e-01 9.887833e-01 1.887694e-02 5.734685e+00 9.869791e-01 1.490439e-01 -6.048281e-02 2.455082e+00
-6.315128e-02 1.231044e-02 -9.979280e-01 -3.495679e+02 -1.466170e-01 9.889601e-01 2.147808e-02 5.725973e+00 9.871755e-01 1.476696e-01 -6.064918e-02 2.379573e+00
-6.325459e-02 1.471476e-02 -9.978889e-01 -3.507169e+02 -1.440656e-01 9.892838e-01 2.371996e-02 5.732453e+00 9.875444e-01 1.452619e-01 -6.045685e-02 2.288182e+00
-6.401950e-02 1.975054e-02 -9.977532e-01 -3.529055e+02 -1.473101e-01 9.886645e-01 2.902259e-02 5.757818e+00 9.870163e-01 1.488372e-01 -6.038435e-02 2.128450e+00
-6.500304e-02 1.469420e-02 -9.977769e-01 -3.539724e+02 -1.481445e-01 9.886693e-01 2.421137e-02 5.758803e+00 9.868271e-01 1.493890e-01 -6.208965e-02 2.055260e+00
-6.577190e-02 2.630688e-03 -9.978312e-01 -3.550913e+02 -1.497820e-01 9.886403e-01 1.247932e-02 5.765221e+00 9.865290e-01 1.502780e-01 -6.463072e-02 1.991773e+00
-6.644663e-02 -8.737992e-03 -9.977517e-01 -3.561340e+02 -1.516723e-01 9.884298e-01 1.444469e-03 5.759679e+00 9.861949e-01 1.514273e-01 -6.700314e-02 1.905117e+00
-6.791166e-02 -1.056644e-02 -9.976354e-01 -3.582057e+02 -1.539212e-01 9.880831e-01 1.255604e-05 5.731661e+00 9.857466e-01 1.535581e-01 -6.872877e-02 1.747486e+00
-6.836803e-02 -3.772927e-03 -9.976530e-01 -3.592183e+02 -1.533784e-01 9.881443e-01 6.773880e-03 5.720580e+00 9.857996e-01 1.534815e-01 -6.813616e-02 1.660338e+00
-6.923848e-02 1.656677e-03 -9.975988e-01 -3.602544e+02 -1.547176e-01 9.878812e-01 1.237874e-02 5.713094e+00 9.855296e-01 1.552032e-01 -6.814308e-02 1.584016e+00
-6.838301e-02 4.533634e-03 -9.976488e-01 -3.612135e+02 -1.559422e-01 9.876496e-01 1.517712e-02 5.702444e+00 9.853963e-01 1.566134e-01 -6.683147e-02 1.469024e+00
-6.787756e-02 6.631396e-03 -9.976716e-01 -3.622169e+02 -1.600518e-01 9.869544e-01 1.744944e-02 5.700622e+00 9.847721e-01 1.608636e-01 -6.593069e-02 1.387476e+00
-6.626657e-02 7.521802e-03 -9.977736e-01 -3.631868e+02 -1.636750e-01 9.863445e-01 1.830602e-02 5.703082e+00 9.842862e-01 1.645236e-01 -6.413053e-02 1.307512e+00
-6.445173e-02 6.416261e-03 -9.979002e-01 -3.641549e+02 -1.668483e-01 9.858340e-01 1.711497e-02 5.699761e+00 9.838738e-01 1.676011e-01 -6.246817e-02 1.250571e+00
-6.140240e-02 3.266850e-03 -9.981077e-01 -3.650974e+02 -1.692789e-01 9.854738e-01 1.363934e-02 5.693921e+00 9.836536e-01 1.697961e-01 -5.995744e-02 1.192729e+00
-5.783640e-02 1.139175e-04 -9.983261e-01 -3.659856e+02 -1.712756e-01 9.851721e-01 1.003499e-02 5.696315e+00 9.835241e-01 1.715692e-01 -5.695930e-02 1.150636e+00
-5.244363e-02 -3.130799e-03 -9.986190e-01 -3.668622e+02 -1.705757e-01 9.853271e-01 5.868854e-03 5.680728e+00 9.839480e-01 1.706479e-01 -5.220816e-02 1.101247e+00
-4.425320e-02 -6.668163e-03 -9.989981e-01 -3.677232e+02 -1.711430e-01 9.852457e-01 1.004854e-03 5.690644e+00 9.842519e-01 1.710160e-01 -4.474149e-02 1.055398e+00
-3.163963e-02 -9.676511e-03 -9.994525e-01 -3.685569e+02 -1.699693e-01 9.854406e-01 -4.160140e-03 5.670425e+00 9.849413e-01 1.697446e-01 -3.282369e-02 1.024319e+00
-1.531919e-02 -1.085917e-02 -9.998237e-01 -3.693504e+02 -1.688378e-01 9.856104e-01 -8.117885e-03 5.644353e+00 9.855248e-01 1.686836e-01 -1.693220e-02 1.041928e+00
5.766447e-03 -1.100795e-02 -9.999228e-01 -3.701384e+02 -1.655674e-01 9.861278e-01 -1.181089e-02 5.615567e+00 9.861816e-01 1.656227e-01 3.863896e-03 1.069443e+00
3.074201e-02 -9.465602e-03 -9.994825e-01 -3.708897e+02 -1.604117e-01 9.869469e-01 -1.428082e-02 5.579930e+00 9.865713e-01 1.607678e-01 2.882234e-02 1.105084e+00
5.922546e-02 -7.245818e-03 -9.982183e-01 -3.716238e+02 -1.562323e-01 9.875835e-01 -1.643807e-02 5.536982e+00 9.859431e-01 1.569275e-01 5.735806e-02 1.147005e+00
8.979501e-02 -4.139111e-03 -9.959517e-01 -3.723206e+02 -1.512392e-01 9.883379e-01 -1.774320e-02 5.508361e+00 9.844103e-01 1.522202e-01 8.812182e-02 1.247730e+00
1.234212e-01 8.872301e-06 -9.923544e-01 -3.729984e+02 -1.456882e-01 9.891648e-01 -1.811070e-02 5.480238e+00 9.816018e-01 1.468096e-01 1.220852e-01 1.353671e+00
1.586042e-01 4.583057e-03 -9.873316e-01 -3.736573e+02 -1.395549e-01 9.900539e-01 -1.782230e-02 5.440045e+00 9.774299e-01 1.406137e-01 1.576663e-01 1.488455e+00
1.955197e-01 7.599120e-03 -9.806703e-01 -3.742945e+02 -1.336364e-01 9.908489e-01 -1.896558e-02 5.398370e+00 9.715520e-01 1.347614e-01 1.947460e-01 1.668150e+00
2.351086e-01 7.466521e-03 -9.719404e-01 -3.748782e+02 -1.283430e-01 9.914531e-01 -2.342924e-02 5.355572e+00 9.634584e-01 1.302501e-01 2.340574e-01 1.869850e+00
2.780713e-01 5.998970e-03 -9.605417e-01 -3.754647e+02 -1.240327e-01 9.918332e-01 -2.971236e-02 5.323045e+00 9.525189e-01 1.274008e-01 2.765444e-01 2.074716e+00
3.239217e-01 5.353028e-03 -9.460688e-01 -3.760489e+02 -1.203689e-01 9.920907e-01 -3.559932e-02 5.292466e+00 9.383955e-01 1.254086e-01 3.220040e-01 2.292033e+00
3.713878e-01 5.027020e-03 -9.284642e-01 -3.766049e+02 -1.149921e-01 9.925354e-01 -4.062319e-02 5.250373e+00 9.213294e-01 1.218530e-01 3.691936e-01 2.534646e+00
4.179921e-01 4.649622e-03 -9.084388e-01 -3.771437e+02 -1.102857e-01 9.928504e-01 -4.566313e-02 5.210944e+00 9.017315e-01 1.192746e-01 4.155164e-01 2.816046e+00
5.065369e-01 -4.178085e-03 -8.622082e-01 -3.781565e+02 -9.716293e-02 9.933420e-01 -6.189558e-02 5.118874e+00 8.567262e-01 1.151271e-01 5.027584e-01 3.455321e+00
5.494865e-01 -5.827361e-03 -8.354822e-01 -3.786862e+02 -9.197253e-02 9.934766e-01 -6.741857e-02 5.081153e+00 8.304249e-01 1.138870e-01 5.453661e-01 3.838945e+00
5.899520e-01 -3.572450e-03 -8.074304e-01 -3.791678e+02 -8.803427e-02 9.937442e-01 -6.871936e-02 5.031001e+00 8.026248e-01 1.116227e-01 5.859469e-01 4.225213e+00
6.650001e-01 -2.164440e-03 -7.468401e-01 -3.800428e+02 -7.208633e-02 9.951407e-01 -6.707103e-02 4.924131e+00 7.433562e-01 9.843921e-02 6.616126e-01 5.052070e+00
7.002790e-01 -1.896256e-03 -7.138667e-01 -3.804572e+02 -6.858982e-02 9.951912e-01 -6.992782e-02 4.867891e+00 7.105665e-01 9.793297e-02 6.967814e-01 5.476453e+00
7.334389e-01 -8.777604e-05 -6.797554e-01 -3.808711e+02 -6.690185e-02 9.951356e-01 -7.231391e-02 4.804960e+00 6.764551e-01 9.851473e-02 7.298653e-01 5.939207e+00
7.652028e-01 -1.018740e-04 -6.437893e-01 -3.812658e+02 -6.249378e-02 9.952656e-01 -7.443709e-02 4.747528e+00 6.407489e-01 9.719230e-02 7.615737e-01 6.423493e+00
7.937013e-01 -6.739632e-03 -6.082703e-01 -3.816451e+02 -5.163072e-02 9.955840e-01 -7.840140e-02 4.693792e+00 6.061126e-01 9.363273e-02 7.898484e-01 6.954388e+00
8.195348e-01 -1.301364e-02 -5.728816e-01 -3.820190e+02 -4.304021e-02 9.955201e-01 -8.418543e-02 4.636075e+00 5.714107e-01 9.364983e-02 8.153033e-01 7.508099e+00
8.433836e-01 -1.707781e-02 -5.370404e-01 -3.823592e+02 -3.718078e-02 9.952440e-01 -9.003838e-02 4.568231e+00 5.360240e-01 9.590448e-02 8.387375e-01 8.060955e+00
8.645690e-01 -1.846877e-02 -5.021746e-01 -3.827007e+02 -3.395203e-02 9.948940e-01 -9.504332e-02 4.503233e+00 5.013659e-01 9.922136e-02 8.595274e-01 8.640719e+00
8.835970e-01 -2.073044e-02 -4.677890e-01 -3.830272e+02 -2.915164e-02 9.946461e-01 -9.914247e-02 4.436928e+00 4.673398e-01 1.012388e-01 8.782620e-01 9.251553e+00
9.011775e-01 -1.898143e-02 -4.330344e-01 -3.833294e+02 -2.688023e-02 9.946704e-01 -9.953974e-02 4.359019e+00 4.326159e-01 1.013430e-01 8.958644e-01 9.890145e+00
9.171880e-01 -1.338296e-02 -3.982299e-01 -3.836188e+02 -2.828207e-02 9.947284e-01 -9.856717e-02 4.274580e+00 3.974497e-01 1.016674e-01 9.119745e-01 1.054692e+01
9.311574e-01 -9.029106e-03 -3.645056e-01 -3.838732e+02 -2.906131e-02 9.946751e-01 -9.887827e-02 4.192919e+00 3.634574e-01 1.026642e-01 9.259367e-01 1.120752e+01
9.431824e-01 -7.016768e-03 -3.322014e-01 -3.841202e+02 -2.894794e-02 9.942404e-01 -1.031890e-01 4.108396e+00 3.310121e-01 1.069426e-01 9.375470e-01 1.192352e+01
9.612210e-01 -6.295201e-04 -2.757784e-01 -3.845900e+02 -3.101398e-02 9.934070e-01 -1.103664e-01 3.913788e+00 2.740297e-01 1.146395e-01 9.548641e-01 1.343942e+01
9.671587e-01 3.712674e-03 -2.541461e-01 -3.847927e+02 -3.345712e-02 9.930526e-01 -1.128149e-01 3.826909e+00 2.519616e-01 1.176129e-01 9.605637e-01 1.422381e+01
9.718443e-01 9.849570e-03 -2.354181e-01 -3.849967e+02 -3.712134e-02 9.930489e-01 -1.116951e-01 3.718136e+00 2.326816e-01 1.172893e-01 9.654546e-01 1.504321e+01
9.758040e-01 1.639059e-02 -2.180319e-01 -3.851897e+02 -4.148865e-02 9.929498e-01 -1.110377e-01 3.610273e+00 2.146748e-01 1.173969e-01 9.696044e-01 1.588040e+01
9.793913e-01 2.206283e-02 -2.007635e-01 -3.853594e+02 -4.501497e-02 9.928575e-01 -1.104883e-01 3.509181e+00 1.968919e-01 1.172486e-01 9.733891e-01 1.667878e+01
9.828115e-01 2.558673e-02 -1.828301e-01 -3.855197e+02 -4.651801e-02 9.927165e-01 -1.111309e-01 3.429112e+00 1.786549e-01 1.177256e-01 9.768434e-01 1.745680e+01
9.859109e-01 2.705653e-02 -1.650688e-01 -3.856805e+02 -4.580566e-02 9.927802e-01 -1.108574e-01 3.323833e+00 1.608776e-01 1.168566e-01 9.800321e-01 1.829528e+01
9.883420e-01 2.877725e-02 -1.495057e-01 -3.858134e+02 -4.568945e-02 9.927753e-01 -1.109487e-01 3.223373e+00 1.452328e-01 1.164861e-01 9.825164e-01 1.916889e+01
9.901370e-01 2.664201e-02 -1.375460e-01 -3.859346e+02 -4.216544e-02 9.929019e-01 -1.112113e-01 3.124638e+00 1.336068e-01 1.159141e-01 9.842323e-01 2.005674e+01
9.913409e-01 2.651815e-02 -1.286083e-01 -3.860628e+02 -4.108226e-02 9.928644e-01 -1.119492e-01 3.016313e+00 1.247219e-01 1.162634e-01 9.853564e-01 2.098347e+01
9.922021e-01 2.713308e-02 -1.216506e-01 -3.861947e+02 -4.101263e-02 9.927386e-01 -1.130842e-01 2.913784e+00 1.176989e-01 1.171915e-01 9.861101e-01 2.187621e+01
9.929605e-01 2.733065e-02 -1.152496e-01 -3.863165e+02 -4.060130e-02 9.926023e-01 -1.144213e-01 2.799113e+00 1.112698e-01 1.182952e-01 9.867245e-01 2.277950e+01
9.935897e-01 2.795901e-02 -1.095347e-01 -3.864349e+02 -4.064580e-02 9.924916e-01 -1.153622e-01 2.682539e+00 1.054869e-01 1.190748e-01 9.872658e-01 2.373480e+01
9.941941e-01 2.762034e-02 -1.039959e-01 -3.865455e+02 -3.964553e-02 9.925273e-01 -1.154027e-01 2.566041e+00 1.000313e-01 1.188557e-01 9.878598e-01 2.470732e+01
9.946600e-01 2.497443e-02 -1.001387e-01 -3.866475e+02 -3.635819e-02 9.928703e-01 -1.135193e-01 2.438495e+00 9.658967e-02 1.165539e-01 9.884764e-01 2.568921e+01
9.949291e-01 2.338808e-02 -9.782209e-02 -3.867594e+02 -3.429457e-02 9.931901e-01 -1.113435e-01 2.317419e+00 9.455182e-02 1.141337e-01 9.889557e-01 2.669812e+01
9.951315e-01 2.143871e-02 -9.619617e-02 -3.868635e+02 -3.190297e-02 9.935737e-01 -1.085980e-01 2.186547e+00 9.324978e-02 1.111382e-01 9.894204e-01 2.771246e+01
9.953270e-01 2.059414e-02 -9.433994e-02 -3.869623e+02 -3.060773e-02 9.938993e-01 -1.059594e-01 2.061765e+00 9.158225e-02 1.083518e-01 9.898851e-01 2.870898e+01
9.955510e-01 1.959756e-02 -9.216402e-02 -3.870707e+02 -2.930410e-02 9.940219e-01 -1.051747e-01 1.938845e+00 8.955189e-02 1.074075e-01 9.901738e-01 2.972650e+01
9.957250e-01 1.974489e-02 -9.023173e-02 -3.871672e+02 -2.925064e-02 9.940131e-01 -1.052724e-01 1.814764e+00 8.761293e-02 1.074617e-01 9.903413e-01 3.072386e+01
9.961031e-01 1.800720e-02 -8.633815e-02 -3.873671e+02 -2.713142e-02 9.940278e-01 -1.057010e-01 1.562194e+00 8.391914e-02 1.076316e-01 9.906427e-01 3.273554e+01
9.963592e-01 1.810449e-02 -8.330964e-02 -3.874519e+02 -2.695994e-02 9.939545e-01 -1.064312e-01 1.439572e+00 8.087911e-02 1.082897e-01 9.908239e-01 3.372749e+01
9.966250e-01 1.775280e-02 -8.014660e-02 -3.875338e+02 -2.627185e-02 9.939630e-01 -1.065242e-01 1.318827e+00 7.777165e-02 1.082702e-01 9.910747e-01 3.472081e+01
9.968709e-01 1.683292e-02 -7.723380e-02 -3.876074e+02 -2.498403e-02 9.940716e-01 -1.058179e-01 1.197845e+00 7.499470e-02 1.074164e-01 9.913816e-01 3.572478e+01
9.970657e-01 1.658507e-02 -7.473254e-02 -3.876893e+02 -2.433773e-02 9.942738e-01 -1.040539e-01 1.057231e+00 7.257887e-02 1.055674e-01 9.917600e-01 3.673727e+01
9.972512e-01 1.597856e-02 -7.235176e-02 -3.877836e+02 -2.341647e-02 9.943900e-01 -1.031513e-01 9.103133e-01 7.029766e-02 1.045620e-01 9.920308e-01 3.776651e+01
9.973548e-01 1.606115e-02 -7.088965e-02 -3.878490e+02 -2.337541e-02 9.943457e-01 -1.035869e-01 7.941877e-01 6.882510e-02 1.049700e-01 9.920909e-01 3.873635e+01
9.974799e-01 1.612372e-02 -6.909361e-02 -3.879325e+02 -2.335375e-02 9.941825e-01 -1.051468e-01 6.689838e-01 6.699629e-02 1.064954e-01 9.920535e-01 3.974988e+01
9.975871e-01 1.626899e-02 -6.749288e-02 -3.880109e+02 -2.338213e-02 9.940934e-01 -1.059789e-01 5.568743e-01 6.537006e-02 1.073013e-01 9.920752e-01 4.075468e+01
9.977056e-01 1.644532e-02 -6.567437e-02 -3.880863e+02 -2.330455e-02 9.941903e-01 -1.050836e-01 4.286979e-01 6.356468e-02 1.063731e-01 9.922924e-01 4.173881e+01
9.977991e-01 1.711062e-02 -6.406367e-02 -3.881460e+02 -2.373158e-02 9.942878e-01 -1.040600e-01 3.178465e-01 6.191720e-02 1.053514e-01 9.925056e-01 4.271879e+01
9.979218e-01 1.640298e-02 -6.231322e-02 -3.882093e+02 -2.281624e-02 9.943526e-01 -1.036454e-01 1.947460e-01 6.026122e-02 1.048518e-01 9.926604e-01 4.369220e+01
9.980128e-01 1.673439e-02 -6.074942e-02 -3.882683e+02 -2.299853e-02 9.943190e-01 -1.039271e-01 7.078796e-02 5.866514e-02 1.051177e-01 9.927279e-01 4.466410e+01
9.981109e-01 1.722040e-02 -5.897522e-02 -3.883334e+02 -2.327423e-02 9.943515e-01 -1.035541e-01 -4.750537e-02 5.685885e-02 1.047311e-01 9.928738e-01 4.562266e+01
9.982097e-01 1.637190e-02 -5.752780e-02 -3.883880e+02 -2.227885e-02 9.943707e-01 -1.035887e-01 -1.660710e-01 5.550801e-02 1.046849e-01 9.929552e-01 4.657269e+01
9.982951e-01 1.687460e-02 -5.587589e-02 -3.884465e+02 -2.262060e-02 9.943351e-01 -1.038556e-01 -2.800010e-01 5.380683e-02 1.049425e-01 9.930216e-01 4.750817e+01
9.983590e-01 1.821376e-02 -5.429197e-02 -3.885048e+02 -2.383736e-02 9.942072e-01 -1.048036e-01 -4.028880e-01 5.206860e-02 1.059258e-01 9.930099e-01 4.842825e+01
9.984169e-01 2.049523e-02 -5.237969e-02 -3.885676e+02 -2.597936e-02 9.939987e-01 -1.062626e-01 -5.230917e-01 4.988746e-02 1.074552e-01 9.929575e-01 4.935017e+01
9.985216e-01 2.160963e-02 -4.987589e-02 -3.886309e+02 -2.690280e-02 9.937844e-01 -1.080225e-01 -6.458375e-01 4.723156e-02 1.092046e-01 9.928965e-01 5.026260e+01
9.986032e-01 2.331502e-02 -4.741362e-02 -3.886627e+02 -2.834993e-02 9.936970e-01 -1.084554e-01 -7.538228e-01 4.458614e-02 1.096481e-01 9.929700e-01 5.116871e+01
9.986994e-01 2.446582e-02 -4.473146e-02 -3.886827e+02 -2.917297e-02 9.937440e-01 -1.078048e-01 -8.585587e-01 4.181408e-02 1.089696e-01 9.931653e-01 5.203275e+01
9.988542e-01 2.423965e-02 -4.126400e-02 -3.887148e+02 -2.853159e-02 9.938688e-01 -1.068211e-01 -9.724444e-01 3.842170e-02 1.078761e-01 9.934216e-01 5.287626e+01
9.989848e-01 2.484617e-02 -3.757758e-02 -3.887077e+02 -2.873255e-02 9.938765e-01 -1.066956e-01 -1.091103e+00 3.469650e-02 1.076669e-01 9.935814e-01 5.368914e+01
9.991679e-01 2.575084e-02 -3.162764e-02 -3.887464e+02 -2.900193e-02 9.938302e-01 -1.070531e-01 -1.195291e+00 2.867579e-02 1.078812e-01 9.937501e-01 5.452701e+01
9.993409e-01 2.726527e-02 -2.396501e-02 -3.887797e+02 -2.967930e-02 9.938220e-01 -1.069442e-01 -1.289749e+00 2.090109e-02 1.075849e-01 9.939762e-01 5.534313e+01
9.994872e-01 2.872550e-02 -1.414593e-02 -3.887958e+02 -3.007257e-02 9.938428e-01 -1.066403e-01 -1.392249e+00 1.099553e-02 1.070110e-01 9.941970e-01 5.616858e+01
9.995217e-01 3.086978e-02 -1.837686e-03 -3.888173e+02 -3.088955e-02 9.938079e-01 -1.067320e-01 -1.497773e+00 -1.468486e-03 1.067377e-01 9.942861e-01 5.700708e+01
9.994063e-01 3.215209e-02 1.238097e-02 -3.888177e+02 -3.063180e-02 9.936919e-01 -1.078804e-01 -1.596689e+00 -1.577145e-02 1.074371e-01 9.940868e-01 5.782491e+01
9.983230e-01 3.316261e-02 4.744936e-02 -3.887636e+02 -2.781390e-02 9.936249e-01 -1.092521e-01 -1.800195e+00 -5.076995e-02 1.077492e-01 9.928809e-01 5.940278e+01
9.971751e-01 3.154598e-02 6.816692e-02 -3.886871e+02 -2.411696e-02 9.939470e-01 -1.071811e-01 -1.893876e+00 -7.113544e-02 1.052343e-01 9.918999e-01 6.018316e+01
9.955106e-01 2.614150e-02 9.096848e-02 -3.885948e+02 -1.662682e-02 9.944570e-01 -1.038208e-01 -1.980513e+00 -9.317828e-02 1.018422e-01 9.904272e-01 6.093602e+01
9.931815e-01 1.784139e-02 1.152050e-01 -3.884803e+02 -5.942142e-03 9.946827e-01 -1.028158e-01 -2.076339e+00 -1.164268e-01 1.014302e-01 9.880064e-01 6.168412e+01
9.898565e-01 1.084791e-02 1.416562e-01 -3.883537e+02 3.857663e-03 9.946608e-01 -1.031266e-01 -2.169405e+00 -1.420186e-01 1.026270e-01 9.845295e-01 6.240265e+01
9.854626e-01 3.266717e-03 1.698608e-01 -3.881909e+02 1.492041e-02 9.942878e-01 -1.056840e-01 -2.253928e+00 -1.692358e-01 1.066820e-01 9.797848e-01 6.312156e+01
9.798143e-01 -6.633438e-03 1.997998e-01 -3.880122e+02 2.862505e-02 9.938057e-01 -1.073819e-01 -2.335599e+00 -1.978499e-01 1.109336e-01 9.739349e-01 6.381313e+01
9.726305e-01 -1.448131e-02 2.319058e-01 -3.878184e+02 4.027481e-02 9.934559e-01 -1.068795e-01 -2.421036e+00 -2.288404e-01 1.132942e-01 9.668487e-01 6.448773e+01
9.637653e-01 -2.187663e-02 2.658529e-01 -3.876167e+02 5.138584e-02 9.931907e-01 -1.045549e-01 -2.508305e+00 -2.617553e-01 1.144275e-01 9.583269e-01 6.515350e+01
9.534986e-01 -2.834783e-02 3.000615e-01 -3.873967e+02 6.140500e-02 9.929573e-01 -1.013172e-01 -2.594767e+00 -2.950762e-01 1.150311e-01 9.485241e-01 6.579074e+01
9.415889e-01 -3.260545e-02 3.351825e-01 -3.871519e+02 6.977733e-02 9.925919e-01 -9.946122e-02 -2.674086e+00 -3.294564e-01 1.170397e-01 9.368886e-01 6.641347e+01
9.274858e-01 -3.240029e-02 3.724517e-01 -3.869027e+02 7.370239e-02 9.925329e-01 -9.719265e-02 -2.752638e+00 -3.665215e-01 1.175954e-01 9.229482e-01 6.701295e+01
9.110983e-01 -3.186031e-02 4.109560e-01 -3.866316e+02 7.725445e-02 9.925394e-01 -9.432586e-02 -2.823811e+00 -4.048848e-01 1.176883e-01 9.067622e-01 6.760263e+01
8.923643e-01 -2.702985e-02 4.505057e-01 -3.863533e+02 7.738183e-02 9.925864e-01 -9.372428e-02 -2.895710e+00 -4.446325e-01 1.184972e-01 8.878403e-01 6.815424e+01
8.702683e-01 -2.226464e-02 4.920746e-01 -3.860441e+02 7.947122e-02 9.922371e-01 -9.565518e-02 -2.967026e+00 -4.861249e-01 1.223514e-01 8.652819e-01 6.869152e+01
8.438016e-01 -2.140923e-02 5.362280e-01 -3.856995e+02 8.530063e-02 9.918515e-01 -9.462771e-02 -3.034805e+00 -5.298326e-01 1.255876e-01 8.387521e-01 6.920946e+01
8.138345e-01 -2.259383e-02 5.806573e-01 -3.853207e+02 9.217643e-02 9.916117e-01 -9.060776e-02 -3.100991e+00 -5.737394e-01 1.272626e-01 8.090904e-01 6.971277e+01
7.822654e-01 -2.401909e-02 6.224820e-01 -3.849121e+02 1.004204e-01 9.910496e-01 -8.795648e-02 -3.156673e+00 -6.147980e-01 1.313152e-01 7.776759e-01 7.017448e+01
7.485457e-01 -2.355679e-02 6.626646e-01 -3.844801e+02 1.042484e-01 9.911215e-01 -8.252598e-02 -3.215225e+00 -6.548371e-01 1.308562e-01 7.443555e-01 7.062739e+01
7.134577e-01 -2.374227e-02 7.002959e-01 -3.840293e+02 1.092135e-01 9.909793e-01 -7.766877e-02 -3.269073e+00 -6.921347e-01 1.318952e-01 7.096148e-01 7.104471e+01
6.775204e-01 -2.016668e-02 7.352275e-01 -3.836302e+02 1.093153e-01 9.912826e-01 -7.354518e-02 -3.317183e+00 -7.273351e-01 1.301999e-01 6.738187e-01 7.137760e+01
6.385686e-01 -1.720613e-02 7.693725e-01 -3.831469e+02 1.126687e-01 9.910676e-01 -7.134940e-02 -3.359632e+00 -7.612726e-01 1.322457e-01 6.348032e-01 7.175845e+01
5.985778e-01 -1.293574e-02 8.009602e-01 -3.826630e+02 1.125267e-01 9.913134e-01 -6.808402e-02 -3.402762e+00 -7.931219e-01 1.308830e-01 5.948338e-01 7.211621e+01
5.594502e-01 -9.301616e-03 8.288118e-01 -3.821537e+02 1.153091e-01 9.910870e-01 -6.671112e-02 -3.442243e+00 -8.208041e-01 1.328911e-01 5.555364e-01 7.242174e+01
5.206112e-01 -5.986331e-03 8.537729e-01 -3.816248e+02 1.163570e-01 9.911431e-01 -6.400235e-02 -3.488047e+00 -8.458280e-01 1.326628e-01 5.166968e-01 7.273404e+01
4.833926e-01 -4.276615e-03 8.753932e-01 -3.810804e+02 1.148159e-01 9.916594e-01 -5.855678e-02 -3.532754e+00 -8.678415e-01 1.288150e-01 4.798518e-01 7.301609e+01
4.473263e-01 -3.694913e-03 8.943632e-01 -3.805029e+02 1.132941e-01 9.921700e-01 -5.256638e-02 -3.559700e+00 -8.871661e-01 1.248404e-01 4.442423e-01 7.329752e+01
4.125305e-01 -6.585465e-03 9.109200e-01 -3.799157e+02 1.102253e-01 9.929873e-01 -4.273921e-02 -3.595600e+00 -9.042505e-01 1.180376e-01 4.103634e-01 7.356579e+01
3.789161e-01 -9.780518e-03 9.253793e-01 -3.793306e+02 1.130232e-01 9.929477e-01 -3.578507e-02 -3.621652e+00 -9.185033e-01 1.181489e-01 3.773493e-01 7.379107e+01
3.465742e-01 -9.726485e-03 9.379721e-01 -3.786932e+02 1.148493e-01 9.928629e-01 -3.214032e-02 -3.659925e+00 -9.309651e-01 1.188644e-01 3.452177e-01 7.402561e+01
3.155858e-01 -8.655537e-03 9.488576e-01 -3.780642e+02 1.151070e-01 9.929230e-01 -2.922659e-02 -3.683958e+00 -9.418896e-01 1.184437e-01 3.143488e-01 7.421463e+01
2.850148e-01 -3.058257e-03 9.585182e-01 -3.774391e+02 1.085006e-01 9.936706e-01 -2.909216e-02 -3.705646e+00 -9.523624e-01 1.122915e-01 2.835426e-01 7.440273e+01
2.564453e-01 -1.916863e-03 9.665568e-01 -3.768224e+02 1.068263e-01 9.939279e-01 -2.637183e-02 -3.725368e+00 -9.606373e-01 1.100166e-01 2.550929e-01 7.455963e+01
2.295144e-01 -5.201415e-03 9.732914e-01 -3.761453e+02 1.090126e-01 9.938311e-01 -2.039537e-02 -3.747620e+00 -9.671812e-01 1.107821e-01 2.286656e-01 7.470383e+01
2.047100e-01 -7.070761e-03 9.787971e-01 -3.754718e+02 1.110393e-01 9.936865e-01 -1.604494e-02 -3.765102e+00 -9.725040e-01 1.119695e-01 2.042027e-01 7.483907e+01
1.838783e-01 -7.257837e-03 9.829222e-01 -3.747515e+02 1.142492e-01 9.933529e-01 -1.403809e-02 -3.778608e+00 -9.762868e-01 1.148793e-01 1.834853e-01 7.496007e+01
1.664282e-01 -7.171289e-03 9.860275e-01 -3.740320e+02 1.159433e-01 9.931791e-01 -1.234636e-02 -3.792411e+00 -9.792134e-01 1.163780e-01 1.661244e-01 7.507404e+01
1.517488e-01 -6.680227e-03 9.883965e-01 -3.733107e+02 1.168100e-01 9.930909e-01 -1.122191e-02 -3.807939e+00 -9.814926e-01 1.171575e-01 1.514806e-01 7.518104e+01
1.394727e-01 -7.267567e-03 9.901993e-01 -3.725667e+02 1.156660e-01 9.932474e-01 -9.001973e-03 -3.813881e+00 -9.834474e-01 1.157879e-01 1.393715e-01 7.527238e+01
1.285822e-01 -8.873579e-03 9.916591e-01 -3.718167e+02 1.152714e-01 9.933156e-01 -6.058127e-03 -3.826922e+00 -9.849767e-01 1.150889e-01 1.287456e-01 7.536487e+01
1.188533e-01 -1.091071e-02 9.928519e-01 -3.710425e+02 1.162817e-01 9.932117e-01 -3.005299e-03 -3.837891e+00 -9.860793e-01 1.158077e-01 1.193152e-01 7.545078e+01
1.089438e-01 -1.260786e-02 9.939679e-01 -3.703435e+02 1.159452e-01 9.932556e-01 -1.093479e-04 -3.857840e+00 -9.872629e-01 1.152577e-01 1.096709e-01 7.551970e+01
9.002333e-02 -1.215899e-02 9.958654e-01 -3.687529e+02 1.156027e-01 9.932941e-01 1.677450e-03 -3.872958e+00 -9.892077e-01 1.149737e-01 9.082526e-02 7.566728e+01
8.098708e-02 -1.148989e-02 9.966489e-01 -3.679534e+02 1.146955e-01 9.933984e-01 2.132325e-03 -3.884153e+00 -9.900939e-01 1.141385e-01 8.177028e-02 7.572937e+01
7.288755e-02 -1.097471e-02 9.972798e-01 -3.671411e+02 1.168410e-01 9.931478e-01 2.389758e-03 -3.890003e+00 -9.904724e-01 1.163490e-01 7.367040e-02 7.577614e+01
6.480531e-02 -1.073458e-02 9.978402e-01 -3.663040e+02 1.184860e-01 9.929512e-01 2.986843e-03 -3.897851e+00 -9.908387e-01 1.180365e-01 6.562041e-02 7.583099e+01
5.794116e-02 -1.059609e-02 9.982638e-01 -3.654609e+02 1.184501e-01 9.929532e-01 3.664650e-03 -3.905434e+00 -9.912681e-01 1.180322e-01 5.878797e-02 7.587453e+01
5.125196e-02 -1.149948e-02 9.986195e-01 -3.646430e+02 1.181301e-01 9.929836e-01 5.371817e-03 -3.916340e+00 -9.916746e-01 1.176917e-01 5.225079e-02 7.590596e+01
4.501187e-02 -1.109609e-02 9.989248e-01 -3.637814e+02 1.191078e-01 9.928652e-01 5.661742e-03 -3.910609e+00 -9.918605e-01 1.187249e-01 4.601235e-02 7.593050e+01
3.816037e-02 -1.195262e-02 9.992001e-01 -3.629129e+02 1.203452e-01 9.927054e-01 7.278838e-03 -3.916123e+00 -9.919984e-01 1.199712e-01 3.932045e-02 7.596713e+01
2.566254e-02 -1.153660e-02 9.996041e-01 -3.611429e+02 1.236205e-01 9.922950e-01 8.278575e-03 -3.927033e+00 -9.919977e-01 1.233591e-01 2.689097e-02 7.601546e+01
2.137257e-02 -1.028831e-02 9.997186e-01 -3.602536e+02 1.268034e-01 9.918995e-01 7.496962e-03 -3.931310e+00 -9.916976e-01 1.266075e-01 2.250403e-02 7.603364e+01
1.900932e-02 -9.577266e-03 9.997734e-01 -3.593505e+02 1.307693e-01 9.913880e-01 7.010540e-03 -3.936142e+00 -9.912306e-01 1.306064e-01 2.009802e-02 7.604014e+01
1.735182e-02 -9.558259e-03 9.998038e-01 -3.584583e+02 1.332232e-01 9.910602e-01 7.162550e-03 -3.939628e+00 -9.909342e-01 1.330728e-01 1.847008e-02 7.605016e+01
1.641259e-02 -7.420278e-03 9.998378e-01 -3.575625e+02 1.364010e-01 9.906405e-01 5.112964e-03 -3.954460e+00 -9.905177e-01 1.362949e-01 1.727111e-02 7.605974e+01
1.507328e-02 -2.386808e-03 9.998835e-01 -3.566654e+02 1.388931e-01 9.903073e-01 2.701311e-04 -3.970595e+00 -9.901927e-01 1.388728e-01 1.525869e-02 7.608261e+01
1.527538e-02 2.503714e-03 9.998802e-01 -3.557493e+02 1.404390e-01 9.900785e-01 -4.624687e-03 -3.978059e+00 -9.899715e-01 1.404928e-01 1.477220e-02 7.608944e+01
1.624449e-02 3.048231e-03 9.998634e-01 -3.548476e+02 1.425049e-01 9.897797e-01 -5.332724e-03 -3.991892e+00 -9.896608e-01 1.425720e-01 1.564408e-02 7.610710e+01
1.801422e-02 1.414291e-03 9.998367e-01 -3.539326e+02 1.433771e-01 9.896601e-01 -3.983144e-03 -4.008376e+00 -9.895042e-01 1.434254e-01 1.762518e-02 7.612639e+01
2.021384e-02 2.045321e-04 9.997957e-01 -3.530259e+02 1.453444e-01 9.893761e-01 -3.140971e-03 -4.027564e+00 -9.891746e-01 1.453782e-01 1.996936e-02 7.614382e+01
2.324689e-02 3.542749e-04 9.997297e-01 -3.521055e+02 1.462518e-01 9.892403e-01 -3.751375e-03 -4.037635e+00 -9.889742e-01 1.462994e-01 2.294494e-02 7.616166e+01
2.697038e-02 6.900575e-04 9.996360e-01 -3.512109e+02 1.460594e-01 9.892650e-01 -4.623611e-03 -4.053918e+00 -9.889081e-01 1.461310e-01 2.658006e-02 7.617518e+01
3.102819e-02 7.806136e-04 9.995182e-01 -3.502937e+02 1.483155e-01 9.889255e-01 -5.376519e-03 -4.074125e+00 -9.884532e-01 1.484108e-01 3.056879e-02 7.620645e+01
3.672137e-02 -2.221780e-06 9.993255e-01 -3.493851e+02 1.493337e-01 9.887716e-01 -5.485241e-03 -4.097170e+00 -9.881047e-01 1.494344e-01 3.630938e-02 7.623970e+01
4.305207e-02 -1.749661e-04 9.990728e-01 -3.484793e+02 1.488362e-01 9.888422e-01 -6.240480e-03 -4.118029e+00 -9.879242e-01 1.489669e-01 4.259775e-02 7.628124e+01
4.949574e-02 -3.798119e-05 9.987743e-01 -3.475874e+02 1.499460e-01 9.886665e-01 -7.393201e-03 -4.134648e+00 -9.874545e-01 1.501282e-01 4.894048e-02 7.633146e+01
5.641801e-02 -5.659043e-04 9.984071e-01 -3.466908e+02 1.493255e-01 9.887567e-01 -7.877651e-03 -4.159239e+00 -9.871772e-01 1.495320e-01 5.586819e-02 7.638325e+01
6.268652e-02 -1.099499e-03 9.980327e-01 -3.458086e+02 1.463899e-01 9.891938e-01 -8.105000e-03 -4.175807e+00 -9.872388e-01 1.466100e-01 6.217007e-02 7.643751e+01
6.848052e-02 -5.828787e-04 9.976523e-01 -3.448300e+02 1.436371e-01 9.895869e-01 -9.281325e-03 -4.198910e+00 -9.872582e-01 1.439355e-01 6.785115e-02 7.650979e+01
7.292310e-02 1.569365e-03 9.973363e-01 -3.439387e+02 1.409165e-01 9.899504e-01 -1.186126e-02 -4.208728e+00 -9.873321e-01 1.414061e-01 7.196910e-02 7.658145e+01
7.658142e-02 2.340078e-03 9.970606e-01 -3.431218e+02 1.413179e-01 9.898766e-01 -1.317745e-02 -4.227456e+00 -9.869977e-01 1.419117e-01 7.547546e-02 7.661711e+01
7.837571e-02 2.549462e-03 9.969206e-01 -3.422507e+02 1.409058e-01 9.899295e-01 -1.360928e-02 -4.254011e+00 -9.869158e-01 1.415385e-01 7.722719e-02 7.669089e+01
8.022948e-02 2.354848e-03 9.967736e-01 -3.413729e+02 1.422107e-01 9.897404e-01 -1.378465e-02 -4.278896e+00 -9.865796e-01 1.428578e-01 7.907148e-02 7.676056e+01
8.169964e-02 3.426136e-03 9.966511e-01 -3.404904e+02 1.402854e-01 9.899989e-01 -1.490305e-02 -4.312115e+00 -9.867346e-01 1.410332e-01 8.040192e-02 7.684569e+01
8.252017e-02 3.866425e-03 9.965819e-01 -3.396146e+02 1.408626e-01 9.899077e-01 -1.550440e-02 -4.335729e+00 -9.865841e-01 1.416605e-01 8.114272e-02 7.691732e+01
8.307582e-02 4.031639e-03 9.965351e-01 -3.387664e+02 1.377578e-01 9.903448e-01 -1.549073e-02 -4.366233e+00 -9.869758e-01 1.385674e-01 8.171832e-02 7.698693e+01
8.307302e-02 3.780017e-03 9.965363e-01 -3.379004e+02 1.361517e-01 9.905728e-01 -1.510724e-02 -4.403049e+00 -9.871989e-01 1.369351e-01 8.177522e-02 7.705191e+01
8.317169e-02 3.376341e-03 9.965295e-01 -3.370792e+02 1.346166e-01 9.907903e-01 -1.459218e-02 -4.424888e+00 -9.874011e-01 1.353631e-01 8.195120e-02 7.711998e+01
8.243220e-02 3.012190e-03 9.965921e-01 -3.361961e+02 1.337278e-01 9.909184e-01 -1.405621e-02 -4.452023e+00 -9.875838e-01 1.344307e-01 8.128078e-02 7.720214e+01
7.698558e-02 4.348209e-03 9.970227e-01 -3.345558e+02 1.306580e-01 9.913227e-01 -1.441217e-02 -4.493024e+00 -9.884340e-01 1.313785e-01 7.574943e-02 7.733276e+01
7.327813e-02 4.265822e-03 9.973024e-01 -3.337231e+02 1.301706e-01 9.913955e-01 -1.380501e-02 -4.513340e+00 -9.887800e-01 1.308311e-01 7.209233e-02 7.739063e+01
6.968513e-02 4.340742e-03 9.975596e-01 -3.328216e+02 1.296168e-01 9.914740e-01 -1.336872e-02 -4.535185e+00 -9.891125e-01 1.302321e-01 6.852836e-02 7.746239e+01
6.615047e-02 4.787801e-03 9.977982e-01 -3.319192e+02 1.301989e-01 9.913975e-01 -1.338881e-02 -4.562620e+00 -9.892787e-01 1.307979e-01 6.495804e-02 7.752989e+01
6.324790e-02 5.733826e-03 9.979814e-01 -3.310526e+02 1.302991e-01 9.913765e-01 -1.395369e-02 -4.589472e+00 -9.894553e-01 1.309186e-01 6.195537e-02 7.758185e+01
6.084628e-02 5.220609e-03 9.981335e-01 -3.301856e+02 1.301810e-01 9.914034e-01 -1.312125e-02 -4.614831e+00 -9.896215e-01 1.307364e-01 5.964359e-02 7.763090e+01
5.893445e-02 4.941909e-03 9.982496e-01 -3.292896e+02 1.290915e-01 9.915535e-01 -1.253004e-02 -4.641020e+00 -9.898798e-01 1.296040e-01 5.779870e-02 7.770040e+01
5.737781e-02 4.168222e-03 9.983438e-01 -3.284252e+02 1.289327e-01 9.915861e-01 -1.155015e-02 -4.669107e+00 -9.899920e-01 1.293819e-01 5.635762e-02 7.774255e+01
5.705895e-02 4.841429e-03 9.983591e-01 -3.276140e+02 1.304911e-01 9.913736e-01 -1.226548e-02 -4.685748e+00 -9.898062e-01 1.309769e-01 5.593497e-02 7.778522e+01
5.721878e-02 5.391139e-03 9.983471e-01 -3.267267e+02 1.317603e-01 9.911976e-01 -1.290418e-02 -4.721107e+00 -9.896288e-01 1.322809e-01 5.600478e-02 7.785077e+01
5.848318e-02 5.531170e-03 9.982731e-01 -3.258817e+02 1.333597e-01 9.909784e-01 -1.330354e-02 -4.754824e+00 -9.893406e-01 1.339074e-01 5.721793e-02 7.790174e+01
6.069187e-02 6.597919e-03 9.981347e-01 -3.250130e+02 1.347097e-01 9.907755e-01 -1.474033e-02 -4.791042e+00 -9.890247e-01 1.353530e-01 5.924321e-02 7.794773e+01
6.398757e-02 7.418271e-03 9.979231e-01 -3.241360e+02 1.359618e-01 9.905836e-01 -1.608168e-02 -4.820782e+00 -9.886455e-01 1.367084e-01 6.237643e-02 7.800427e+01
6.781959e-02 7.819659e-03 9.976670e-01 -3.232860e+02 1.351298e-01 9.906829e-01 -1.695080e-02 -4.834603e+00 -9.885041e-01 1.359641e-01 6.613104e-02 7.806570e+01
7.137002e-02 6.775265e-03 9.974269e-01 -3.223961e+02 1.346660e-01 9.907559e-01 -1.636586e-02 -4.864251e+00 -9.883175e-01 1.354875e-01 6.979787e-02 7.813725e+01
7.502164e-02 5.245615e-03 9.971681e-01 -3.216022e+02 1.333024e-01 9.909582e-01 -1.524191e-02 -4.885861e+00 -9.882319e-01 1.340684e-01 7.364406e-02 7.818662e+01
7.797099e-02 3.309899e-03 9.969501e-01 -3.207519e+02 1.326487e-01 9.910689e-01 -1.366476e-02 -4.917833e+00 -9.880915e-01 1.333096e-01 7.683557e-02 7.826144e+01
8.096439e-02 1.829354e-04 9.967170e-01 -3.199332e+02 1.310954e-01 9.913106e-01 -1.083096e-02 -4.944582e+00 -9.880581e-01 1.315419e-01 8.023687e-02 7.829950e+01
8.340308e-02 -2.667005e-03 9.965123e-01 -3.190581e+02 1.313391e-01 9.913024e-01 -8.339362e-03 -4.965893e+00 -9.878228e-01 1.315766e-01 8.302796e-02 7.837129e+01
8.649884e-02 -2.864856e-03 9.962478e-01 -3.182351e+02 1.294419e-01 9.915515e-01 -8.387393e-03 -4.990777e+00 -9.878070e-01 1.296817e-01 8.613889e-02 7.840084e+01
8.792366e-02 -1.687050e-03 9.961258e-01 -3.174086e+02 1.277339e-01 9.917621e-01 -9.594850e-03 -5.017724e+00 -9.879036e-01 1.280826e-01 8.741484e-02 7.846375e+01
8.852984e-02 -8.516916e-04 9.960732e-01 -3.166374e+02 1.288220e-01 9.916111e-01 -1.060168e-02 -5.041934e+00 -9.877081e-01 1.292547e-01 8.789688e-02 7.849525e+01
8.808738e-02 2.621419e-04 9.961127e-01 -3.157845e+02 1.278908e-01 9.917208e-01 -1.157052e-02 -5.067987e+00 -9.878687e-01 1.284129e-01 8.732456e-02 7.857855e+01
8.796198e-02 1.189826e-03 9.961231e-01 -3.149448e+02 1.268443e-01 9.918453e-01 -1.238562e-02 -5.090840e+00 -9.880148e-01 1.274421e-01 8.709376e-02 7.864687e+01
8.820872e-02 1.295382e-03 9.961012e-01 -3.140865e+02 1.275918e-01 9.917469e-01 -1.258848e-02 -5.117475e+00 -9.878965e-01 1.282047e-01 8.731544e-02 7.871430e+01
8.824246e-02 1.151051e-03 9.960984e-01 -3.132577e+02 1.282629e-01 9.916613e-01 -1.250849e-02 -5.134920e+00 -9.878066e-01 1.288663e-01 8.735899e-02 7.878804e+01
8.882442e-02 8.412045e-04 9.960469e-01 -3.124192e+02 1.267751e-01 9.918572e-01 -1.214308e-02 -5.155417e+00 -9.879465e-01 1.273525e-01 8.799449e-02 7.886463e+01
8.955482e-02 5.697576e-04 9.959817e-01 -3.116464e+02 1.265532e-01 9.918879e-01 -1.194659e-02 -5.171306e+00 -9.879090e-01 1.271146e-01 8.875624e-02 7.894428e+01
9.033711e-02 9.235861e-04 9.959108e-01 -3.108240e+02 1.239412e-01 9.922150e-01 -1.216262e-02 -5.205299e+00 -9.881689e-01 1.245331e-01 8.951937e-02 7.901228e+01
9.063495e-02 2.181579e-03 9.958818e-01 -3.091820e+02 1.235527e-01 9.922473e-01 -1.341812e-02 -5.246884e+00 -9.881903e-01 1.242600e-01 8.966275e-02 7.917635e+01
9.113897e-02 2.706568e-03 9.958345e-01 -3.083489e+02 1.244065e-01 9.921314e-01 -1.408221e-02 -5.274681e+00 -9.880368e-01 1.251717e-01 9.008512e-02 7.925079e+01
9.307450e-02 2.726247e-03 9.956554e-01 -3.075312e+02 1.263190e-01 9.918833e-01 -1.452430e-02 -5.300748e+00 -9.876136e-01 1.271221e-01 9.197467e-02 7.931406e+01
9.684301e-02 3.328028e-03 9.952941e-01 -3.067039e+02 1.281964e-01 9.916231e-01 -1.578938e-02 -5.329563e+00 -9.870092e-01 1.291222e-01 9.560512e-02 7.938950e+01
9.996579e-02 4.038077e-03 9.949827e-01 -3.058502e+02 1.276737e-01 9.916730e-01 -1.685201e-02 -5.358891e+00 -9.867656e-01 1.287178e-01 9.861782e-02 7.947765e+01
1.026597e-01 5.092243e-03 9.947035e-01 -3.050584e+02 1.243918e-01 9.920714e-01 -1.791679e-02 -5.396240e+00 -9.869081e-01 1.255723e-01 1.012123e-01 7.954050e+01
1.072117e-01 7.091379e-03 9.942109e-01 -3.033482e+02 1.209529e-01 9.924543e-01 -2.012193e-02 -5.457882e+00 -9.868516e-01 1.224100e-01 1.055450e-01 7.973215e+01
1.094040e-01 7.571869e-03 9.939685e-01 -3.025078e+02 1.201834e-01 9.925340e-01 -2.078927e-02 -5.489616e+00 -9.867050e-01 1.217329e-01 1.076772e-01 7.982040e+01
1.115496e-01 7.587853e-03 9.937299e-01 -3.016501e+02 1.207096e-01 9.924630e-01 -2.112826e-02 -5.518290e+00 -9.864005e-01 1.223096e-01 1.097930e-01 7.991011e+01
1.136592e-01 8.609195e-03 9.934825e-01 -3.007737e+02 1.192576e-01 9.926141e-01 -2.224531e-02 -5.551134e+00 -9.863363e-01 1.210087e-01 1.117930e-01 8.001622e+01
1.145413e-01 1.198940e-02 9.933461e-01 -2.998938e+02 1.167190e-01 9.928391e-01 -2.544197e-02 -5.586049e+00 -9.865379e-01 1.188565e-01 1.123217e-01 8.012559e+01
1.155861e-01 1.491959e-02 9.931854e-01 -2.990825e+02 1.138306e-01 9.931008e-01 -2.816583e-02 -5.628030e+00 -9.867535e-01 1.163104e-01 1.130904e-01 8.021194e+01
1.159575e-01 1.640762e-02 9.931186e-01 -2.982326e+02 1.121978e-01 9.932476e-01 -2.951007e-02 -5.659588e+00 -9.868969e-01 1.148476e-01 1.133336e-01 8.032096e+01
1.158120e-01 1.497409e-02 9.931583e-01 -2.974189e+02 1.107950e-01 9.934516e-01 -2.789830e-02 -5.698526e+00 -9.870725e-01 1.132679e-01 1.133946e-01 8.038544e+01
1.133200e-01 1.337995e-02 9.934684e-01 -2.965891e+02 1.072732e-01 9.938994e-01 -2.562188e-02 -5.747079e+00 -9.877505e-01 1.094760e-01 1.111934e-01 8.046830e+01
1.102943e-01 1.368596e-02 9.938047e-01 -2.957401e+02 1.050975e-01 9.941387e-01 -2.535447e-02 -5.788088e+00 -9.883267e-01 1.072429e-01 1.082094e-01 8.055788e+01
1.071153e-01 1.528701e-02 9.941291e-01 -2.948358e+02 1.037901e-01 9.942469e-01 -2.647198e-02 -5.827907e+00 -9.888144e-01 1.060163e-01 1.049124e-01 8.067046e+01
1.042217e-01 1.741896e-02 9.944015e-01 -2.940601e+02 1.044133e-01 9.941296e-01 -2.835760e-02 -5.867694e+00 -9.890580e-01 1.067843e-01 1.017911e-01 8.070642e+01
9.869345e-02 1.799688e-02 9.949551e-01 -2.931959e+02 1.016523e-01 9.944239e-01 -2.807056e-02 -5.902140e+00 -9.899123e-01 1.039099e-01 9.631370e-02 8.078896e+01
9.172970e-02 1.732615e-02 9.956332e-01 -2.922963e+02 1.002198e-01 9.946112e-01 -2.654182e-02 -5.949497e+00 -9.907278e-01 1.022168e-01 8.949897e-02 8.087119e+01
8.488677e-02 1.704288e-02 9.962448e-01 -2.913391e+02 1.007774e-01 9.945796e-01 -2.560131e-02 -5.976365e+00 -9.912811e-01 1.025722e-01 8.270911e-02 8.094285e+01
7.154048e-02 1.616114e-02 9.973068e-01 -2.894337e+02 1.021380e-01 9.944940e-01 -2.344230e-02 -6.049640e+00 -9.921944e-01 1.035400e-01 6.949591e-02 8.108049e+01
6.593386e-02 1.594518e-02 9.976966e-01 -2.885013e+02 1.038186e-01 9.943360e-01 -2.275244e-02 -6.082965e+00 -9.924084e-01 1.050796e-01 6.390501e-02 8.112956e+01
6.181074e-02 1.523074e-02 9.979717e-01 -2.875488e+02 1.059730e-01 9.941314e-01 -2.173572e-02 -6.123031e+00 -9.924460e-01 1.071016e-01 5.983395e-02 8.118459e+01
5.936119e-02 1.331247e-02 9.981478e-01 -2.865872e+02 1.080264e-01 9.939532e-01 -1.968100e-02 -6.153560e+00 -9.923742e-01 1.089946e-01 5.756415e-02 8.123361e+01
5.802228e-02 1.147357e-02 9.982494e-01 -2.856867e+02 1.088581e-01 9.938988e-01 -1.775084e-02 -6.193386e+00 -9.923625e-01 1.096975e-01 5.641928e-02 8.125165e+01
5.633641e-02 1.127776e-02 9.983481e-01 -2.847358e+02 1.087928e-01 9.939127e-01 -1.736679e-02 -6.226598e+00 -9.924668e-01 1.095914e-01 5.476653e-02 8.130615e+01
5.463412e-02 1.246582e-02 9.984286e-01 -2.837020e+02 1.072911e-01 9.940595e-01 -1.828225e-02 -6.246999e+00 -9.927254e-01 1.081213e-01 5.297210e-02 8.134236e+01
5.343558e-02 1.288529e-02 9.984882e-01 -2.828141e+02 1.091293e-01 9.938523e-01 -1.866568e-02 -6.281657e+00 -9.925903e-01 1.099617e-01 5.170091e-02 8.137890e+01
5.224896e-02 1.228643e-02 9.985585e-01 -2.820114e+02 1.105872e-01 9.937032e-01 -1.801309e-02 -6.331572e+00 -9.924921e-01 1.113690e-01 5.056124e-02 8.140307e+01
5.122977e-02 1.176481e-02 9.986176e-01 -2.809355e+02 1.114225e-01 9.936204e-01 -1.742199e-02 -6.355393e+00 -9.924518e-01 1.121610e-01 4.959208e-02 8.142064e+01
4.958775e-02 1.155796e-02 9.987029e-01 -2.799875e+02 1.126669e-01 9.934858e-01 -1.709174e-02 -6.388180e+00 -9.923947e-01 1.133683e-01 4.796252e-02 8.147248e+01
4.768343e-02 1.212580e-02 9.987889e-01 -2.791004e+02 1.137157e-01 9.933594e-01 -1.748881e-02 -6.417586e+00 -9.923684e-01 1.144119e-01 4.598789e-02 8.150695e+01
4.446449e-02 1.201945e-02 9.989387e-01 -2.781671e+02 1.131170e-01 9.934364e-01 -1.698828e-02 -6.446751e+00 -9.925862e-01 1.137524e-01 4.281304e-02 8.155738e+01
4.005747e-02 1.113988e-02 9.991353e-01 -2.773457e+02 1.121388e-01 9.935705e-01 -1.557372e-02 -6.484329e+00 -9.928848e-01 1.126657e-01 3.855071e-02 8.160499e+01
3.635204e-02 1.162458e-02 9.992714e-01 -2.764147e+02 1.126966e-01 9.935061e-01 -1.565725e-02 -6.510390e+00 -9.929642e-01 1.131837e-01 3.480592e-02 8.163543e+01
3.285639e-02 1.311846e-02 9.993740e-01 -2.754724e+02 1.144037e-01 9.932923e-01 -1.679987e-02 -6.532329e+00 -9.928909e-01 1.148840e-01 3.113520e-02 8.165556e+01
2.961237e-02 1.589966e-02 9.994350e-01 -2.745265e+02 1.163262e-01 9.930246e-01 -1.924432e-02 -6.553661e+00 -9.927695e-01 1.168303e-01 2.755627e-02 8.166835e+01
2.569706e-02 1.464064e-02 9.995626e-01 -2.728673e+02 1.210051e-01 9.924950e-01 -1.764796e-02 -6.619156e+00 -9.923192e-01 1.214056e-01 2.373262e-02 8.174629e+01
2.531840e-02 1.143904e-02 9.996140e-01 -2.720115e+02 1.213355e-01 9.925066e-01 -1.443092e-02 -6.641595e+00 -9.922886e-01 1.216540e-01 2.374072e-02 8.178132e+01
2.599499e-02 1.191498e-02 9.995911e-01 -2.710353e+02 1.197869e-01 9.926871e-01 -1.494782e-02 -6.640718e+00 -9.924592e-01 1.201265e-01 2.437763e-02 8.179848e+01
2.815570e-02 1.463404e-02 9.994964e-01 -2.701099e+02 1.203943e-01 9.925643e-01 -1.792404e-02 -6.658913e+00 -9.923268e-01 1.208383e-01 2.618449e-02 8.182653e+01
3.139225e-02 1.647563e-02 9.993713e-01 -2.692326e+02 1.214480e-01 9.923927e-01 -2.017550e-02 -6.691514e+00 -9.921013e-01 1.220050e-01 2.915250e-02 8.186503e+01
3.573846e-02 1.679040e-02 9.992201e-01 -2.684144e+02 1.212237e-01 9.924028e-01 -2.101158e-02 -6.712449e+00 -9.919816e-01 1.218801e-01 3.343155e-02 8.192010e+01
4.035664e-02 1.673872e-02 9.990451e-01 -2.675410e+02 1.194235e-01 9.926116e-01 -2.145506e-02 -6.741248e+00 -9.920229e-01 1.201753e-01 3.805947e-02 8.200371e+01
4.696937e-02 1.598087e-02 9.987685e-01 -2.666693e+02 1.198332e-01 9.925608e-01 -2.151697e-02 -6.774345e+00 -9.916824e-01 1.206962e-01 4.470492e-02 8.205958e+01
5.411905e-02 1.453885e-02 9.984286e-01 -2.657880e+02 1.198730e-01 9.925681e-01 -2.095114e-02 -6.807675e+00 -9.913131e-01 1.208185e-01 5.197403e-02 8.211555e+01
6.122560e-02 1.138771e-02 9.980590e-01 -2.649059e+02 1.180734e-01 9.928312e-01 -1.857123e-02 -6.837909e+00 -9.911156e-01 1.189812e-01 5.944210e-02 8.218499e+01
6.834294e-02 9.102586e-03 9.976204e-01 -2.640553e+02 1.185797e-01 9.927959e-01 -1.718198e-02 -6.883198e+00 -9.905898e-01 1.194718e-01 6.677120e-02 8.225293e+01
7.629717e-02 1.076342e-02 9.970270e-01 -2.631715e+02 1.181029e-01 9.928048e-01 -1.975562e-02 -6.913002e+00 -9.900659e-01 1.192590e-01 7.447701e-02 8.233031e+01
8.401956e-02 1.291013e-02 9.963805e-01 -2.622699e+02 1.157764e-01 9.930175e-01 -2.262937e-02 -6.942667e+00 -9.897154e-01 1.172586e-01 8.193820e-02 8.243231e+01
9.241682e-02 1.423705e-02 9.956186e-01 -2.613918e+02 1.146149e-01 9.930994e-01 -2.483998e-02 -6.975965e+00 -9.891019e-01 1.164084e-01 9.014731e-02 8.251319e+01
1.002944e-01 1.411845e-02 9.948576e-01 -2.604902e+02 1.125236e-01 9.933233e-01 -2.544050e-02 -7.017354e+00 -9.885745e-01 1.144965e-01 9.803613e-02 8.261911e+01
1.085537e-01 1.354327e-02 9.939983e-01 -2.596125e+02 1.110099e-01 9.934880e-01 -2.565961e-02 -7.049481e+00 -9.878729e-01 1.131291e-01 1.063433e-01 8.270754e+01
1.165545e-01 1.381602e-02 9.930882e-01 -2.587322e+02 1.077511e-01 9.938254e-01 -2.647255e-02 -7.083147e+00 -9.873220e-01 1.100918e-01 1.143461e-01 8.282847e+01
1.239392e-01 1.386165e-02 9.921930e-01 -2.578648e+02 1.057697e-01 9.940213e-01 -2.709936e-02 -7.124558e+00 -9.866366e-01 1.083026e-01 1.217320e-01 8.294589e+01
1.293795e-01 1.502742e-02 9.914813e-01 -2.569454e+02 1.020808e-01 9.943709e-01 -2.839186e-02 -7.164207e+00 -9.863267e-01 1.048846e-01 1.271172e-01 8.307395e+01
1.324724e-01 1.603286e-02 9.910570e-01 -2.560468e+02 9.870619e-02 9.946856e-01 -2.928540e-02 -7.210251e+00 -9.862597e-01 1.017030e-01 1.301859e-01 8.319991e+01
1.340024e-01 1.670812e-02 9.908401e-01 -2.551465e+02 9.548307e-02 9.949881e-01 -2.969131e-02 -7.254573e+00 -9.863703e-01 9.858716e-02 1.317355e-01 8.333849e+01
1.353229e-01 1.671624e-02 9.906605e-01 -2.542294e+02 9.357676e-02 9.951727e-01 -2.957484e-02 -7.296585e+00 -9.863727e-01 9.670496e-02 1.331054e-01 8.347826e+01
1.370289e-01 1.643311e-02 9.904307e-01 -2.533092e+02 9.311917e-02 9.952209e-01 -2.939589e-02 -7.332022e+00 -9.861805e-01 9.625617e-02 1.348438e-01 8.361146e+01
1.387996e-01 1.662146e-02 9.901810e-01 -2.524247e+02 9.306955e-02 9.952150e-01 -2.975207e-02 -7.378111e+00 -9.859375e-01 9.628527e-02 1.365885e-01 8.373414e+01
1.395918e-01 1.661294e-02 9.900698e-01 -2.515372e+02 8.982030e-02 9.955249e-01 -2.936841e-02 -7.421915e+00 -9.861270e-01 9.302795e-02 1.374749e-01 8.386596e+01
1.383175e-01 1.704955e-02 9.902412e-01 -2.506280e+02 8.684287e-02 9.957918e-01 -2.927539e-02 -7.453713e+00 -9.865732e-01 9.004468e-02 1.362548e-01 8.400991e+01
1.357875e-01 1.746836e-02 9.905840e-01 -2.497994e+02 8.338153e-02 9.960958e-01 -2.899534e-02 -7.497263e+00 -9.872230e-01 8.653361e-02 1.338008e-01 8.410149e+01
1.311712e-01 1.894586e-02 9.911787e-01 -2.488926e+02 8.154219e-02 9.962233e-01 -2.983346e-02 -7.533265e+00 -9.880005e-01 8.473617e-02 1.291309e-01 8.422541e+01
1.255252e-01 1.941214e-02 9.919005e-01 -2.480308e+02 8.007792e-02 9.963480e-01 -2.963305e-02 -7.582354e+00 -9.888534e-01 8.314902e-02 1.235123e-01 8.431512e+01
1.185011e-01 2.051831e-02 9.927419e-01 -2.471409e+02 8.011012e-02 9.963298e-01 -3.015501e-02 -7.620063e+00 -9.897171e-01 8.310207e-02 1.164224e-01 8.441830e+01
1.111710e-01 2.144362e-02 9.935699e-01 -2.462397e+02 7.968674e-02 9.963557e-01 -3.041993e-02 -7.668636e+00 -9.906013e-01 8.255616e-02 1.090571e-01 8.451835e+01
1.035826e-01 2.258603e-02 9.943644e-01 -2.453655e+02 7.856409e-02 9.964326e-01 -3.081700e-02 -7.716164e+00 -9.915132e-01 8.131344e-02 1.014386e-01 8.460334e+01
9.579124e-02 2.401687e-02 9.951117e-01 -2.444747e+02 7.942386e-02 9.963370e-01 -3.169193e-02 -7.754435e+00 -9.922277e-01 8.207142e-02 9.353285e-02 8.468422e+01
8.581907e-02 2.572216e-02 9.959786e-01 -2.435537e+02 7.767720e-02 9.964511e-01 -3.242747e-02 -7.800661e+00 -9.932781e-01 8.014773e-02 8.351648e-02 8.478281e+01
7.560997e-02 2.710609e-02 9.967690e-01 -2.426759e+02 7.882070e-02 9.963400e-01 -3.307337e-02 -7.846578e+00 -9.940173e-01 8.106671e-02 7.319671e-02 8.484358e+01
6.478423e-02 2.724733e-02 9.975272e-01 -2.418123e+02 7.868626e-02 9.963752e-01 -3.232613e-02 -7.893789e+00 -9.947922e-01 8.058591e-02 6.240540e-02 8.491429e+01
5.437821e-02 2.582593e-02 9.981864e-01 -2.408911e+02 7.981016e-02 9.963547e-01 -3.012636e-02 -7.918147e+00 -9.953258e-01 8.130363e-02 5.211881e-02 8.494221e+01
4.514216e-02 2.422375e-02 9.986868e-01 -2.400092e+02 8.529747e-02 9.959616e-01 -2.801323e-02 -7.971879e+00 -9.953324e-01 8.645004e-02 4.289364e-02 8.495812e+01
3.486513e-02 2.381725e-02 9.991082e-01 -2.391417e+02 8.740015e-02 9.958130e-01 -2.678864e-02 -8.011111e+00 -9.955630e-01 8.825620e-02 3.263752e-02 8.498223e+01
2.454167e-02 2.462017e-02 9.993956e-01 -2.382550e+02 9.027648e-02 9.955576e-01 -2.674250e-02 -8.054871e+00 -9.956143e-01 9.087822e-02 2.221002e-02 8.501035e+01
1.487057e-02 2.536779e-02 9.995676e-01 -2.373803e+02 9.278779e-02 9.953294e-01 -2.664064e-02 -8.089207e+00 -9.955749e-01 9.314383e-02 1.244729e-02 8.501832e+01
6.981033e-03 2.527827e-02 9.996561e-01 -2.365226e+02 9.742312e-02 9.949076e-01 -2.583854e-02 -8.126768e+00 -9.952186e-01 9.757000e-02 4.482794e-03 8.502064e+01
1.485150e-03 2.481902e-02 9.996909e-01 -2.356706e+02 1.026297e-01 9.944094e-01 -2.484037e-02 -8.162277e+00 -9.947185e-01 1.026349e-01 -1.070321e-03 8.502233e+01
-1.724587e-03 2.323950e-02 9.997284e-01 -2.348135e+02 1.077392e-01 9.939150e-01 -2.291850e-02 -8.205466e+00 -9.941777e-01 1.076704e-01 -4.217897e-03 8.501309e+01
-7.056850e-03 2.008746e-02 9.997733e-01 -2.331504e+02 1.127255e-01 9.934413e-01 -1.916457e-02 -8.272084e+00 -9.936011e-01 1.125647e-01 -9.274935e-03 8.499568e+01
-8.471163e-03 2.035388e-02 9.997569e-01 -2.315803e+02 1.199572e-01 9.925935e-01 -1.919162e-02 -8.340631e+00 -9.927429e-01 1.197655e-01 -1.085002e-02 8.498374e+01
-7.634256e-03 2.030191e-02 9.997647e-01 -2.308463e+02 1.222098e-01 9.923182e-01 -1.921750e-02 -8.365122e+00 -9.924749e-01 1.220343e-01 -1.005670e-02 8.497065e+01
-6.528694e-03 1.985071e-02 9.997816e-01 -2.300755e+02 1.239210e-01 9.921123e-01 -1.888921e-02 -8.390917e+00 -9.922706e-01 1.237706e-01 -8.937117e-03 8.495249e+01
-5.747572e-03 1.953092e-02 9.997927e-01 -2.293303e+02 1.251847e-01 9.919580e-01 -1.865821e-02 -8.435738e+00 -9.921168e-01 1.250515e-01 -8.146321e-03 8.494720e+01
-4.324755e-03 1.857296e-02 9.998182e-01 -2.278865e+02 1.292521e-01 9.914509e-01 -1.785844e-02 -8.504901e+00 -9.916023e-01 1.291514e-01 -6.688377e-03 8.494620e+01
-3.898525e-03 1.868176e-02 9.998179e-01 -2.272261e+02 1.310516e-01 9.912119e-01 -1.800996e-02 -8.537963e+00 -9.913679e-01 1.309575e-01 -6.312539e-03 8.495203e+01
-3.015771e-03 1.789026e-02 9.998354e-01 -2.266287e+02 1.336397e-01 9.908785e-01 -1.732690e-02 -8.550019e+00 -9.910254e-01 1.335654e-01 -5.379110e-03 8.495106e+01
-2.275180e-03 1.778281e-02 9.998393e-01 -2.260095e+02 1.342741e-01 9.907929e-01 -1.731637e-02 -8.577282e+00 -9.909416e-01 1.342131e-01 -4.642003e-03 8.494154e+01
-1.559808e-03 1.790799e-02 9.998384e-01 -2.254140e+02 1.346128e-01 9.907431e-01 -1.753509e-02 -8.598562e+00 -9.908970e-01 1.345637e-01 -3.956015e-03 8.494707e+01
5.825263e-05 1.816309e-02 9.998350e-01 -2.248579e+02 1.363240e-01 9.905007e-01 -1.800147e-02 -8.631813e+00 -9.906643e-01 1.363025e-01 -2.418365e-03 8.494327e+01
2.319560e-03 2.041040e-02 9.997890e-01 -2.243161e+02 1.406477e-01 9.898467e-01 -2.053375e-02 -8.653641e+00 -9.900570e-01 1.406657e-01 -5.746689e-04 8.493935e+01
5.856538e-03 2.244422e-02 9.997309e-01 -2.237700e+02 1.425823e-01 9.895145e-01 -2.305013e-02 -8.686206e+00 -9.897656e-01 1.426790e-01 2.594979e-03 8.494560e+01
1.161618e-02 2.375514e-02 9.996503e-01 -2.232766e+02 1.427604e-01 9.894371e-01 -2.517135e-02 -8.706282e+00 -9.896891e-01 1.430029e-01 8.102185e-03 8.494112e+01
1.816869e-02 2.229409e-02 9.995864e-01 -2.227628e+02 1.444694e-01 9.892012e-01 -2.468838e-02 -8.726721e+00 -9.893425e-01 1.448582e-01 1.475167e-02 8.496248e+01
2.724397e-02 1.872290e-02 9.994535e-01 -2.223259e+02 1.448123e-01 9.892038e-01 -2.247831e-02 -8.750664e+00 -9.890840e-01 1.453456e-01 2.423854e-02 8.497085e+01
3.931155e-02 1.697913e-02 9.990827e-01 -2.218820e+02 1.484415e-01 9.886619e-01 -2.264286e-02 -8.769208e+00 -9.881395e-01 1.491955e-01 3.634543e-02 8.498710e+01
5.604633e-02 1.763824e-02 9.982724e-01 -2.214840e+02 1.516210e-01 9.880975e-01 -2.597097e-02 -8.799471e+00 -9.868485e-01 1.528146e-01 5.270490e-02 8.499580e+01
7.634154e-02 1.966404e-02 9.968878e-01 -2.210252e+02 1.506831e-01 9.880950e-01 -3.102988e-02 -8.831674e+00 -9.856300e-01 1.525830e-01 7.246966e-02 8.504965e+01
1.019747e-01 2.250424e-02 9.945324e-01 -2.206162e+02 1.452183e-01 9.886977e-01 -3.726222e-02 -8.864426e+00 -9.841305e-01 1.482241e-01 9.755411e-02 8.511213e+01
1.332308e-01 2.493791e-02 9.907712e-01 -2.202187e+02 1.429904e-01 9.887404e-01 -4.411496e-02 -8.896870e+00 -9.807157e-01 1.475483e-01 1.281648e-01 8.518741e+01
1.680369e-01 2.615465e-02 9.854337e-01 -2.198091e+02 1.396059e-01 9.889413e-01 -5.005345e-02 -8.922287e+00 -9.758452e-01 1.459831e-01 1.625273e-01 8.528307e+01
2.053804e-01 2.525367e-02 9.783564e-01 -2.194195e+02 1.340795e-01 9.895152e-01 -5.368820e-02 -8.951508e+00 -9.694543e-01 1.422041e-01 1.998410e-01 8.539059e+01
2.444157e-01 2.264991e-02 9.694060e-01 -2.190483e+02 1.289458e-01 9.900892e-01 -5.564419e-02 -8.981629e+00 -9.610588e-01 1.386011e-01 2.390728e-01 8.551525e+01
2.829751e-01 2.021074e-02 9.589143e-01 -2.186681e+02 1.218519e-01 9.909192e-01 -5.684372e-02 -9.017825e+00 -9.513555e-01 1.329308e-01 2.779428e-01 8.566722e+01
3.225717e-01 1.733685e-02 9.463863e-01 -2.182967e+02 1.156566e-01 9.916185e-01 -5.758652e-02 -9.058367e+00 -9.394525e-01 1.280316e-01 3.178629e-01 8.583091e+01
3.626743e-01 1.745303e-02 9.317525e-01 -2.179353e+02 1.067830e-01 9.924610e-01 -6.015427e-02 -9.096318e+00 -9.257779e-01 1.213117e-01 3.580765e-01 8.601372e+01
4.022492e-01 2.008540e-02 9.153099e-01 -2.175975e+02 1.000038e-01 9.928133e-01 -6.573455e-02 -9.129657e+00 -9.100521e-01 1.179761e-01 3.973497e-01 8.620481e+01
4.417884e-01 2.309509e-02 8.968220e-01 -2.172673e+02 9.339688e-02 9.930524e-01 -7.158197e-02 -9.164665e+00 -8.922444e-01 1.153845e-01 4.365620e-01 8.640242e+01
4.812864e-01 2.363790e-02 8.762446e-01 -2.169481e+02 8.946675e-02 9.930913e-01 -7.593054e-02 -9.195691e+00 -8.719857e-01 1.149391e-01 4.758466e-01 8.660392e+01
5.190135e-01 2.298349e-02 8.544570e-01 -2.166346e+02 8.627579e-02 9.931247e-01 -7.911898e-02 -9.224633e+00 -8.504008e-01 1.147828e-01 5.134622e-01 8.682349e+01
5.555893e-01 2.369706e-02 8.311191e-01 -2.163490e+02 7.942281e-02 9.935103e-01 -8.142003e-02 -9.264626e+00 -8.276549e-01 1.112459e-01 5.501016e-01 8.705252e+01
5.914775e-01 2.606382e-02 8.059001e-01 -2.160726e+02 7.286331e-02 9.936606e-01 -8.561310e-02 -9.304262e+00 -8.030226e-01 1.093588e-01 5.858288e-01 8.728869e+01
6.271093e-01 3.015888e-02 7.783472e-01 -2.157905e+02 6.547725e-02 9.936724e-01 -9.125676e-02 -9.343326e+00 -7.761743e-01 1.081920e-01 6.211666e-01 8.754843e+01
6.617267e-01 3.136691e-02 7.490887e-01 -2.155076e+02 6.219205e-02 9.933847e-01 -9.653536e-02 -9.384403e+00 -7.471613e-01 1.104674e-01 6.553983e-01 8.782761e+01
6.966986e-01 3.016378e-02 7.167296e-01 -2.152343e+02 6.140750e-02 9.929406e-01 -1.014795e-01 -9.427356e+00 -7.147309e-01 1.147132e-01 6.899280e-01 8.811847e+01
7.317383e-01 2.791332e-02 6.810138e-01 -2.149410e+02 6.104877e-02 9.924609e-01 -1.062748e-01 -9.467659e+00 -6.788461e-01 1.193404e-01 7.245176e-01 8.843326e+01
7.959513e-01 3.186150e-02 6.045216e-01 -2.144619e+02 4.713013e-02 9.923214e-01 -1.143551e-01 -9.563015e+00 -6.035233e-01 1.195123e-01 7.883378e-01 8.909879e+01
8.267261e-01 3.552887e-02 5.614817e-01 -2.142178e+02 3.535296e-02 9.927510e-01 -1.148720e-01 -9.629451e+00 -5.614928e-01 1.148177e-01 8.194771e-01 8.949387e+01
8.547261e-01 3.509520e-02 5.178915e-01 -2.140089e+02 2.867525e-02 9.929959e-01 -1.146164e-01 -9.681172e+00 -5.182866e-01 1.128163e-01 8.477331e-01 8.989899e+01
8.798842e-01 2.854086e-02 4.743302e-01 -2.137945e+02 2.973257e-02 9.929320e-01 -1.148996e-01 -9.745319e+00 -4.742570e-01 1.152014e-01 8.728167e-01 9.031771e+01
9.022924e-01 2.206786e-02 4.305594e-01 -2.135736e+02 2.962583e-02 9.931546e-01 -1.129878e-01 -9.823231e+00 -4.301055e-01 1.147037e-01 8.954621e-01 9.078950e+01
9.214809e-01 1.901431e-02 3.879581e-01 -2.133921e+02 2.505958e-02 9.938100e-01 -1.082296e-01 -9.889506e+00 -3.876145e-01 1.094535e-01 9.153004e-01 9.127236e+01
9.377788e-01 2.224029e-02 3.465202e-01 -2.132056e+02 1.594685e-02 9.941352e-01 -1.069619e-01 -9.946163e+00 -3.468668e-01 1.058326e-01 9.319243e-01 9.181068e+01
9.510750e-01 2.282691e-02 3.081156e-01 -2.130590e+02 1.060111e-02 9.942686e-01 -1.063839e-01 -1.000661e+01 -3.087781e-01 1.044454e-01 9.453821e-01 9.237080e+01
9.624990e-01 1.992673e-02 2.705524e-01 -2.129089e+02 8.453877e-03 9.946112e-01 -1.033301e-01 -1.007627e+01 -2.711535e-01 1.017423e-01 9.571438e-01 9.295594e+01
9.721132e-01 8.650540e-03 2.343526e-01 -2.127722e+02 1.486619e-02 9.950364e-01 -9.839541e-02 -1.014066e+01 -2.340405e-01 9.913541e-02 9.671594e-01 9.351262e+01
9.801100e-01 3.100550e-03 1.984310e-01 -2.126625e+02 1.665352e-02 9.950663e-01 -9.780497e-02 -1.022055e+01 -1.977552e-01 9.916420e-02 9.752227e-01 9.413391e+01
9.867397e-01 2.687354e-04 1.623107e-01 -2.125696e+02 1.636503e-02 9.947381e-01 -1.011353e-01 -1.029954e+01 -1.614838e-01 1.024505e-01 9.815431e-01 9.474997e+01
9.919410e-01 -1.493918e-03 1.266917e-01 -2.124860e+02 1.490548e-02 9.943628e-01 -1.049781e-01 -1.037689e+01 -1.258207e-01 1.060205e-01 9.863715e-01 9.538214e+01
9.956431e-01 -3.530737e-04 9.324512e-02 -2.124398e+02 1.070926e-02 9.938087e-01 -1.105872e-01 -1.044446e+01 -9.262877e-02 1.111040e-01 9.894826e-01 9.603032e+01
9.980866e-01 1.971387e-03 6.180069e-02 -2.124135e+02 4.979880e-03 9.936819e-01 -1.121231e-01 -1.052526e+01 -6.163126e-02 1.122163e-01 9.917707e-01 9.672487e+01
9.994380e-01 2.321760e-03 3.343946e-02 -2.124110e+02 1.326957e-03 9.940758e-01 -1.086805e-01 -1.061303e+01 -3.349369e-02 1.086638e-01 9.935141e-01 9.745778e+01
9.999669e-01 2.250977e-03 7.817292e-03 -2.124215e+02 -1.442968e-03 9.947967e-01 -1.018695e-01 -1.069531e+01 -8.005923e-03 1.018548e-01 9.947671e-01 9.819586e+01
9.998841e-01 4.140530e-03 -1.464842e-02 -2.124392e+02 -5.532411e-03 9.953376e-01 -9.629333e-02 -1.077434e+01 1.418142e-02 9.636322e-02 9.952452e-01 9.896358e+01
9.993970e-01 6.497329e-03 -3.410889e-02 -2.124833e+02 -9.660524e-03 9.955809e-01 -9.340916e-02 -1.085991e+01 3.335125e-02 9.368235e-02 9.950434e-01 9.974579e+01
9.986553e-01 6.327145e-03 -5.145422e-02 -2.125425e+02 -1.116172e-02 9.954887e-01 -9.422170e-02 -1.095236e+01 5.062594e-02 9.466932e-02 9.942207e-01 1.005772e+02
9.977342e-01 4.602921e-03 -6.712194e-02 -2.126004e+02 -1.122581e-02 9.950609e-01 -9.862923e-02 -1.103836e+01 6.633644e-02 9.915925e-02 9.928580e-01 1.014224e+02
9.967039e-01 4.637366e-03 -8.099222e-02 -2.126754e+02 -1.280421e-02 9.948436e-01 -1.006091e-01 -1.112648e+01 8.010804e-02 1.013145e-01 9.916240e-01 1.022778e+02
9.958135e-01 4.827019e-03 -9.128115e-02 -2.127928e+02 -1.401441e-02 9.948607e-01 -1.002784e-01 -1.122031e+01 9.032799e-02 1.011378e-01 9.907633e-01 1.031707e+02
9.950052e-01 8.037048e-03 -9.949917e-02 -2.128930e+02 -1.740893e-02 9.954498e-01 -9.368415e-02 -1.131085e+01 9.829348e-02 9.494839e-02 9.906176e-01 1.040710e+02
9.945465e-01 1.174958e-02 -1.036300e-01 -2.130092e+02 -2.093776e-02 9.958981e-01 -8.802659e-02 -1.141057e+01 1.021707e-01 8.971632e-02 9.907129e-01 1.050136e+02
9.943533e-01 1.533653e-02 -1.050062e-01 -2.130917e+02 -2.442017e-02 9.960152e-01 -8.577459e-02 -1.150146e+01 1.032723e-01 8.785452e-02 9.907656e-01 1.059044e+02
9.945297e-01 1.562928e-02 -1.032784e-01 -2.131918e+02 -2.512683e-02 9.955055e-01 -9.130994e-02 -1.158785e+01 1.013871e-01 9.340551e-02 9.904525e-01 1.068519e+02
9.948167e-01 1.478324e-02 -1.006042e-01 -2.132534e+02 -2.461338e-02 9.949621e-01 -9.718329e-02 -1.169248e+01 9.866064e-02 9.915577e-02 9.901688e-01 1.077617e+02
9.951313e-01 1.618054e-02 -9.722130e-02 -2.133084e+02 -2.584044e-02 9.947580e-01 -9.893819e-02 -1.179725e+01 9.511079e-02 1.009687e-01 9.903329e-01 1.086637e+02
9.955235e-01 1.552105e-02 -9.323110e-02 -2.133964e+02 -2.460333e-02 9.949732e-01 -9.707229e-02 -1.191430e+01 9.125578e-02 9.893154e-02 9.909011e-01 1.096092e+02
9.959770e-01 1.485787e-02 -8.836912e-02 -2.134936e+02 -2.351690e-02 9.949313e-01 -9.776874e-02 -1.202738e+01 8.646856e-02 9.945358e-02 9.912781e-01 1.105811e+02
9.964444e-01 1.421754e-02 -8.304510e-02 -2.135726e+02 -2.256438e-02 9.946859e-01 -1.004534e-01 -1.213391e+01 8.117559e-02 1.019701e-01 9.914699e-01 1.115526e+02
9.968709e-01 1.556239e-02 -7.749981e-02 -2.136368e+02 -2.331664e-02 9.946962e-01 -1.001788e-01 -1.223216e+01 7.552975e-02 1.016723e-01 9.919466e-01 1.125236e+02
9.973727e-01 1.343893e-02 -7.118420e-02 -2.137135e+02 -2.012986e-02 9.953565e-01 -9.412829e-02 -1.233304e+01 6.958867e-02 9.531391e-02 9.930119e-01 1.135419e+02
9.977921e-01 1.226188e-02 -6.527271e-02 -2.137986e+02 -1.773732e-02 9.963097e-01 -8.397887e-02 -1.243140e+01 6.400210e-02 8.495122e-02 9.943274e-01 1.145597e+02
9.980612e-01 9.031161e-03 -6.158186e-02 -2.138553e+02 -1.402726e-02 9.966002e-01 -8.118633e-02 -1.254150e+01 6.063929e-02 8.189275e-02 9.947947e-01 1.155334e+02
9.982308e-01 6.848674e-03 -5.906177e-02 -2.139040e+02 -1.199319e-02 9.961191e-01 -8.719472e-02 -1.264576e+01 5.823539e-02 8.774879e-02 9.944389e-01 1.164885e+02
9.983974e-01 6.761613e-03 -5.618570e-02 -2.139458e+02 -1.221915e-02 9.951736e-01 -9.736614e-02 -1.274329e+01 5.525618e-02 9.789665e-02 9.936614e-01 1.174132e+02
9.985521e-01 9.944126e-03 -5.286640e-02 -2.140079e+02 -1.523189e-02 9.948124e-01 -1.005800e-01 -1.284581e+01 5.159197e-02 1.012396e-01 9.935234e-01 1.183766e+02
9.986396e-01 1.403087e-02 -5.021944e-02 -2.140695e+02 -1.885317e-02 9.951177e-01 -9.687797e-02 -1.295898e+01 4.861497e-02 9.769298e-02 9.940285e-01 1.193502e+02
9.986517e-01 1.939090e-02 -4.815429e-02 -2.141259e+02 -2.387408e-02 9.952534e-01 -9.434334e-02 -1.306952e+01 4.609632e-02 9.536578e-02 9.943744e-01 1.203015e+02
9.985792e-01 2.459546e-02 -4.727227e-02 -2.141776e+02 -2.900440e-02 9.950578e-01 -9.496659e-02 -1.317430e+01 4.470289e-02 9.620276e-02 9.943574e-01 1.212592e+02
9.985437e-01 2.420789e-02 -4.821222e-02 -2.142205e+02 -2.890630e-02 9.946405e-01 -9.927056e-02 -1.327751e+01 4.555070e-02 1.005196e-01 9.938918e-01 1.222062e+02
9.985381e-01 2.108829e-02 -4.976796e-02 -2.142806e+02 -2.603215e-02 9.945580e-01 -1.008794e-01 -1.340024e+01 4.736975e-02 1.020275e-01 9.936531e-01 1.231879e+02
9.984386e-01 1.804006e-02 -5.286682e-02 -2.143136e+02 -2.329496e-02 9.946610e-01 -1.005327e-01 -1.351286e+01 5.077095e-02 1.016073e-01 9.935282e-01 1.241297e+02
9.982378e-01 1.806838e-02 -5.652368e-02 -2.143743e+02 -2.345140e-02 9.950982e-01 -9.607053e-02 -1.362343e+01 5.451078e-02 9.722679e-02 9.937683e-01 1.250941e+02
9.980626e-01 1.570234e-02 -6.020440e-02 -2.144271e+02 -2.135304e-02 9.953057e-01 -9.439570e-02 -1.373289e+01 5.843955e-02 9.549837e-02 9.937127e-01 1.260299e+02
9.978813e-01 1.390484e-02 -6.355770e-02 -2.144976e+02 -1.996356e-02 9.952092e-01 -9.570884e-02 -1.383107e+01 6.192239e-02 9.677490e-02 9.933782e-01 1.269648e+02
9.977319e-01 1.239073e-02 -6.616311e-02 -2.145723e+02 -1.885530e-02 9.950083e-01 -9.799501e-02 -1.393687e+01 6.461861e-02 9.902027e-02 9.929851e-01 1.279027e+02
9.975014e-01 1.301534e-02 -6.943755e-02 -2.146428e+02 -1.960395e-02 9.952780e-01 -9.506497e-02 -1.404017e+01 6.787236e-02 9.618869e-02 9.930464e-01 1.288204e+02
9.972930e-01 1.279989e-02 -7.240724e-02 -2.147182e+02 -1.946713e-02 9.955560e-01 -9.213754e-02 -1.413986e+01 7.090611e-02 9.329768e-02 9.931102e-01 1.297249e+02
9.971305e-01 9.236252e-03 -7.513621e-02 -2.147988e+02 -1.625329e-02 9.955032e-01 -9.332293e-02 -1.423931e+01 7.393639e-02 9.427635e-02 9.927967e-01 1.306309e+02
9.969017e-01 9.784279e-03 -7.804707e-02 -2.148776e+02 -1.744701e-02 9.950224e-01 -9.811229e-02 -1.431889e+01 7.669862e-02 9.916999e-02 9.921102e-01 1.315041e+02
9.967236e-01 1.035678e-02 -8.021751e-02 -2.149590e+02 -1.855818e-02 9.945928e-01 -1.021797e-01 -1.441344e+01 7.872551e-02 1.033336e-01 9.915263e-01 1.323541e+02
9.965276e-01 1.169569e-02 -8.243762e-02 -2.150426e+02 -1.995023e-02 9.947844e-01 -1.000304e-01 -1.451288e+01 8.083773e-02 1.013277e-01 9.915634e-01 1.331868e+02
9.962754e-01 1.097480e-02 -8.552709e-02 -2.151010e+02 -1.940018e-02 9.949665e-01 -9.831231e-02 -1.460958e+01 8.401763e-02 9.960538e-02 9.914736e-01 1.340091e+02
9.959433e-01 9.658255e-03 -8.946309e-02 -2.151600e+02 -1.844023e-02 9.950290e-01 -9.786356e-02 -1.470798e+01 8.807318e-02 9.911628e-02 9.911706e-01 1.348121e+02
9.954983e-01 1.043138e-02 -9.420384e-02 -2.152256e+02 -1.973580e-02 9.949527e-01 -9.838481e-02 -1.479974e+01 9.270207e-02 9.980110e-02 9.906796e-01 1.355755e+02
9.949970e-01 1.235708e-02 -9.913764e-02 -2.153096e+02 -2.197193e-02 9.950916e-01 -9.648782e-02 -1.489103e+01 9.745873e-02 9.818333e-02 9.903847e-01 1.363280e+02
9.944003e-01 1.406563e-02 -1.047390e-01 -2.153975e+02 -2.419431e-02 9.950804e-01 -9.607104e-02 -1.497630e+01 1.028725e-01 9.806716e-02 9.898485e-01 1.370633e+02
9.937216e-01 1.516945e-02 -1.108482e-01 -2.154870e+02 -2.570769e-02 9.952149e-01 -9.426791e-02 -1.505419e+01 1.088877e-01 9.652570e-02 9.893565e-01 1.377639e+02
9.929073e-01 1.651729e-02 -1.177382e-01 -2.155722e+02 -2.747954e-02 9.953704e-01 -9.210108e-02 -1.514202e+01 1.156719e-01 9.468323e-02 9.887644e-01 1.384403e+02
9.918948e-01 1.791076e-02 -1.257927e-01 -2.156807e+02 -2.970315e-02 9.952691e-01 -9.250436e-02 -1.521076e+01 1.235408e-01 9.549104e-02 9.877343e-01 1.390851e+02
9.904072e-01 1.829085e-02 -1.369636e-01 -2.157625e+02 -3.103058e-02 9.953246e-01 -9.146650e-02 -1.528399e+01 1.346502e-01 9.483914e-02 9.863442e-01 1.396915e+02
9.884854e-01 1.803075e-02 -1.502383e-01 -2.158719e+02 -3.202594e-02 9.953119e-01 -9.126140e-02 -1.535741e+01 1.478884e-01 9.502208e-02 9.844287e-01 1.402809e+02
9.859192e-01 1.703786e-02 -1.663524e-01 -2.159888e+02 -3.276510e-02 9.951957e-01 -9.226039e-02 -1.542453e+01 1.639813e-01 9.641184e-02 9.817407e-01 1.408336e+02
9.824313e-01 1.927997e-02 -1.856258e-01 -2.161051e+02 -3.721994e-02 9.949090e-01 -9.365190e-02 -1.548448e+01 1.828752e-01 9.891554e-02 9.781474e-01 1.413737e+02
9.781984e-01 2.146100e-02 -2.065607e-01 -2.162432e+02 -4.213335e-02 9.944693e-01 -9.620644e-02 -1.555198e+01 2.033535e-01 1.028121e-01 9.736925e-01 1.418884e+02
9.727208e-01 2.405511e-02 -2.307284e-01 -2.164038e+02 -4.770869e-02 9.940921e-01 -9.749228e-02 -1.560678e+01 2.270201e-01 1.058405e-01 9.681217e-01 1.423973e+02
9.659218e-01 2.329704e-02 -2.577837e-01 -2.165680e+02 -4.956035e-02 9.941605e-01 -9.585720e-02 -1.566114e+01 2.540452e-01 1.053664e-01 9.614359e-01 1.428983e+02
9.578506e-01 2.556524e-02 -2.861269e-01 -2.167557e+02 -5.437327e-02 9.941621e-01 -9.319459e-02 -1.571949e+01 2.820740e-01 1.048242e-01 9.536489e-01 1.433845e+02
9.481289e-01 2.937220e-02 -3.165263e-01 -2.169417e+02 -6.070991e-02 9.941257e-01 -8.960128e-02 -1.577611e+01 3.120351e-01 1.041698e-01 9.443425e-01 1.438451e+02
9.361460e-01 3.503287e-02 -3.498620e-01 -2.171436e+02 -6.896818e-02 9.939902e-01 -8.501051e-02 -1.582483e+01 3.447813e-01 1.037116e-01 9.329361e-01 1.442925e+02
9.212950e-01 4.020720e-02 -3.867802e-01 -2.173611e+02 -7.718463e-02 9.937580e-01 -8.054595e-02 -1.587514e+01 3.811274e-01 1.040601e-01 9.186476e-01 1.447421e+02
9.037537e-01 4.378756e-02 -4.258073e-01 -2.175937e+02 -8.444055e-02 9.934442e-01 -7.706059e-02 -1.591736e+01 4.196415e-01 1.055992e-01 9.015264e-01 1.451683e+02
8.836627e-01 5.130406e-02 -4.653043e-01 -2.178444e+02 -9.511063e-02 9.929210e-01 -7.114664e-02 -1.596480e+01 4.583603e-01 1.071250e-01 8.822868e-01 1.455914e+02
8.622004e-01 5.931387e-02 -5.030828e-01 -2.181168e+02 -1.052912e-01 9.924155e-01 -6.344514e-02 -1.599498e+01 4.955039e-01 1.076726e-01 8.619063e-01 1.460064e+02
8.395424e-01 6.403036e-02 -5.395078e-01 -2.184021e+02 -1.117067e-01 9.921577e-01 -5.607767e-02 -1.603590e+01 5.316861e-01 1.073462e-01 8.401111e-01 1.463958e+02
8.149793e-01 6.519515e-02 -5.758110e-01 -2.186971e+02 -1.152032e-01 9.920456e-01 -5.073130e-02 -1.606576e+01 5.679233e-01 1.076802e-01 8.160074e-01 1.467805e+02
7.882768e-01 6.606235e-02 -6.117643e-01 -2.190128e+02 -1.184400e-01 9.919182e-01 -4.549965e-02 -1.611443e+01 6.038143e-01 1.083237e-01 7.897305e-01 1.471766e+02
7.599042e-01 6.694191e-02 -6.465789e-01 -2.193434e+02 -1.219655e-01 9.917008e-01 -4.066906e-02 -1.613582e+01 6.384904e-01 1.097649e-01 7.617622e-01 1.475436e+02
7.291998e-01 7.094541e-02 -6.806133e-01 -2.197252e+02 -1.274131e-01 9.912946e-01 -3.317862e-02 -1.614975e+01 6.723344e-01 1.109129e-01 7.318912e-01 1.479157e+02
6.969003e-01 7.403971e-02 -7.133359e-01 -2.200950e+02 -1.300231e-01 9.912169e-01 -2.414535e-02 -1.617285e+01 7.052829e-01 1.095771e-01 7.004062e-01 1.482487e+02
6.616636e-01 7.417053e-02 -7.461233e-01 -2.205046e+02 -1.289788e-01 9.915213e-01 -1.581365e-02 -1.618440e+01 7.386242e-01 1.066974e-01 6.656199e-01 1.485984e+02
6.240767e-01 7.325399e-02 -7.779217e-01 -2.209339e+02 -1.259523e-01 9.920070e-01 -7.629890e-03 -1.621672e+01 7.711448e-01 1.027427e-01 6.283149e-01 1.489225e+02
5.837826e-01 6.981619e-02 -8.089027e-01 -2.213953e+02 -1.257080e-01 9.920542e-01 -5.099164e-03 -1.622862e+01 8.021193e-01 1.046624e-01 5.879205e-01 1.492369e+02
5.404098e-01 6.551019e-02 -8.388478e-01 -2.218831e+02 -1.245861e-01 9.922049e-01 -2.775233e-03 -1.624665e+01 8.321272e-01 1.060085e-01 5.443589e-01 1.495364e+02
4.950430e-01 6.003204e-02 -8.667921e-01 -2.223895e+02 -1.225452e-01 9.924621e-01 -1.252430e-03 -1.624307e+01 8.601832e-01 1.068412e-01 4.986681e-01 1.498060e+02
4.470230e-01 5.416393e-02 -8.928811e-01 -2.229247e+02 -1.207627e-01 9.926814e-01 -2.421081e-04 -1.624569e+01 8.863334e-01 1.079349e-01 4.502924e-01 1.500607e+02
3.982623e-01 5.397919e-02 -9.156819e-01 -2.234861e+02 -1.238684e-01 9.922879e-01 4.620355e-03 -1.623762e+01 9.088695e-01 1.115840e-01 4.018772e-01 1.502786e+02
3.488268e-01 5.716995e-02 -9.354419e-01 -2.240788e+02 -1.275800e-01 9.917426e-01 1.303614e-02 -1.623707e+01 9.284628e-01 1.147963e-01 3.532401e-01 1.504716e+02
2.996770e-01 5.974222e-02 -9.521684e-01 -2.246861e+02 -1.283606e-01 9.914877e-01 2.181017e-02 -1.621772e+01 9.453662e-01 1.156849e-01 3.047946e-01 1.506412e+02
2.519507e-01 6.205468e-02 -9.657484e-01 -2.253126e+02 -1.293540e-01 9.911464e-01 2.993992e-02 -1.619913e+01 9.590560e-01 1.173801e-01 2.577471e-01 1.507802e+02
2.066247e-01 6.529328e-02 -9.762392e-01 -2.259636e+02 -1.299870e-01 9.907581e-01 3.875209e-02 -1.618146e+01 9.697472e-01 1.188913e-01 2.132024e-01 1.508915e+02
1.630338e-01 6.592810e-02 -9.844153e-01 -2.266320e+02 -1.308087e-01 9.904010e-01 4.466511e-02 -1.615391e+01 9.779106e-01 1.214881e-01 1.700928e-01 1.509726e+02
1.216431e-01 6.343039e-02 -9.905451e-01 -2.273115e+02 -1.320073e-01 9.901247e-01 4.719242e-02 -1.612151e+01 9.837566e-01 1.250185e-01 1.288151e-01 1.510286e+02
8.441481e-02 5.992003e-02 -9.946274e-01 -2.280135e+02 -1.325492e-01 9.899944e-01 4.839137e-02 -1.608379e+01 9.875752e-01 1.277521e-01 9.151255e-02 1.510615e+02
5.188213e-02 5.908047e-02 -9.969041e-01 -2.287198e+02 -1.313162e-01 9.899844e-01 5.183626e-02 -1.604796e+01 9.899820e-01 1.282202e-01 5.912072e-02 1.510782e+02
2.435296e-02 5.996393e-02 -9.979034e-01 -2.294478e+02 -1.304372e-01 9.898569e-01 5.629722e-02 -1.600946e+01 9.911574e-01 1.287927e-01 3.192747e-02 1.510844e+02
2.962266e-03 6.413946e-02 -9.979365e-01 -2.301901e+02 -1.288235e-01 9.896500e-01 6.322447e-02 -1.597291e+01 9.916631e-01 1.283704e-01 1.119428e-02 1.510724e+02
-1.388525e-02 6.764374e-02 -9.976129e-01 -2.309477e+02 -1.275788e-01 9.894348e-01 6.886492e-02 -1.593066e+01 9.917312e-01 1.282305e-01 -5.108646e-03 1.510536e+02
-2.572391e-02 6.871047e-02 -9.973049e-01 -2.317204e+02 -1.254755e-01 9.895233e-01 7.141079e-02 -1.588138e+01 9.917632e-01 1.269743e-01 -1.683293e-02 1.510289e+02
-3.423541e-02 6.886657e-02 -9.970383e-01 -2.325120e+02 -1.263180e-01 9.893243e-01 7.267115e-02 -1.583048e+01 9.913989e-01 1.284318e-01 -2.517084e-02 1.509872e+02
-4.011028e-02 6.818147e-02 -9.968663e-01 -2.333042e+02 -1.249884e-01 9.894906e-01 7.270609e-02 -1.578558e+01 9.913471e-01 1.275130e-01 -3.116686e-02 1.509580e+02
-4.351350e-02 6.704408e-02 -9.968007e-01 -2.341082e+02 -1.249713e-01 9.895436e-01 7.201136e-02 -1.573686e+01 9.912057e-01 1.277049e-01 -3.467992e-02 1.509217e+02
-4.465991e-02 6.697810e-02 -9.967544e-01 -2.349221e+02 -1.254672e-01 9.894736e-01 7.211046e-02 -1.568111e+01 9.910921e-01 1.282805e-01 -3.578625e-02 1.508820e+02
-4.401790e-02 6.757066e-02 -9.967430e-01 -2.357490e+02 -1.248729e-01 9.895134e-01 7.259515e-02 -1.562938e+01 9.911958e-01 1.276617e-01 -3.511855e-02 1.508488e+02
-4.313465e-02 6.747167e-02 -9.967883e-01 -2.365893e+02 -1.243442e-01 9.895968e-01 7.236571e-02 -1.557785e+01 9.913011e-01 1.270663e-01 -3.429620e-02 1.508138e+02
-4.227720e-02 6.713464e-02 -9.968478e-01 -2.374426e+02 -1.217770e-01 9.899546e-01 7.183507e-02 -1.552631e+01 9.916567e-01 1.244301e-01 -3.367705e-02 1.507825e+02
-4.177702e-02 6.685967e-02 -9.968874e-01 -2.383076e+02 -1.193090e-01 9.902853e-01 7.141681e-02 -1.547391e+01 9.919778e-01 1.219212e-01 -3.339422e-02 1.507503e+02
-4.137617e-02 6.723847e-02 -9.968786e-01 -2.391958e+02 -1.176828e-01 9.904601e-01 7.169006e-02 -1.541934e+01 9.921889e-01 1.202817e-01 -3.306864e-02 1.507190e+02
-4.107300e-02 6.811156e-02 -9.968319e-01 -2.400913e+02 -1.153069e-01 9.906848e-01 7.244260e-02 -1.536087e+01 9.924804e-01 1.179170e-01 -3.283667e-02 1.506949e+02
-4.048064e-02 6.846826e-02 -9.968317e-01 -2.409915e+02 -1.130535e-01 9.909290e-01 7.265386e-02 -1.530082e+01 9.927639e-01 1.156364e-01 -3.237286e-02 1.506628e+02
-4.024694e-02 6.792239e-02 -9.968785e-01 -2.419027e+02 -1.106350e-01 9.912493e-01 7.200551e-02 -1.524477e+01 9.930459e-01 1.131877e-01 -3.238015e-02 1.506364e+02
-3.992172e-02 6.761037e-02 -9.969128e-01 -2.428474e+02 -1.080665e-01 9.915637e-01 7.157516e-02 -1.518154e+01 9.933418e-01 1.105903e-01 -3.227852e-02 1.505919e+02
-3.970590e-02 6.795160e-02 -9.968982e-01 -2.437657e+02 -1.055027e-01 9.918230e-01 7.180777e-02 -1.513022e+01 9.936260e-01 1.080266e-01 -3.221215e-02 1.505740e+02
-3.988799e-02 6.815889e-02 -9.968768e-01 -2.447188e+02 -1.039066e-01 9.919789e-01 7.198162e-02 -1.506749e+01 9.937869e-01 1.064533e-01 -3.248588e-02 1.505464e+02
-4.028821e-02 6.766301e-02 -9.968945e-01 -2.456875e+02 -1.007016e-01 9.923496e-01 7.142426e-02 -1.501063e+01 9.941006e-01 1.032664e-01 -3.316622e-02 1.505138e+02
-4.227732e-02 6.601298e-02 -9.969227e-01 -2.466822e+02 -9.875260e-02 9.926527e-01 6.991811e-02 -1.494856e+01 9.942135e-01 1.014047e-01 -3.544775e-02 1.504891e+02
-4.392539e-02 6.410788e-02 -9.969758e-01 -2.476533e+02 -9.595827e-02 9.930542e-01 6.808350e-02 -1.489328e+01 9.944157e-01 9.865867e-02 -3.746861e-02 1.504556e+02
-4.688218e-02 6.346013e-02 -9.968826e-01 -2.486626e+02 -9.395577e-02 9.932753e-01 6.764912e-02 -1.482751e+01 9.944719e-01 9.683441e-02 -4.060447e-02 1.504183e+02
-5.009899e-02 6.614941e-02 -9.965512e-01 -2.496935e+02 -9.035385e-02 9.934124e-01 7.048336e-02 -1.476475e+01 9.946488e-01 9.357338e-02 -4.379211e-02 1.503654e+02
-5.517208e-02 6.963999e-02 -9.960453e-01 -2.507130e+02 -8.925283e-02 9.932273e-01 7.438678e-02 -1.469982e+01 9.944798e-01 9.300394e-02 -4.858285e-02 1.503045e+02
-6.126493e-02 7.131465e-02 -9.955706e-01 -2.517483e+02 -8.706656e-02 9.932603e-01 7.650702e-02 -1.463604e+01 9.943169e-01 9.136810e-02 -5.464291e-02 1.502464e+02
-6.880908e-02 6.958077e-02 -9.952004e-01 -2.527881e+02 -8.767314e-02 9.932834e-01 7.550854e-02 -1.456452e+01 9.937700e-01 9.244801e-02 -6.224655e-02 1.501786e+02
-8.360324e-02 7.327753e-02 -9.938012e-01 -2.549425e+02 -8.913638e-02 9.927449e-01 8.069822e-02 -1.441805e+01 9.925045e-01 9.533047e-02 -7.646500e-02 1.500041e+02
-9.105342e-02 7.675348e-02 -9.928838e-01 -2.560308e+02 -8.983009e-02 9.923277e-01 8.494845e-02 -1.434111e+01 9.917862e-01 9.692568e-02 -8.346006e-02 1.499046e+02
-9.832854e-02 7.516336e-02 -9.923114e-01 -2.571152e+02 -8.972640e-02 9.924126e-01 8.406204e-02 -1.426195e+01 9.911007e-01 9.730223e-02 -9.083834e-02 1.497968e+02
-1.055919e-01 6.765886e-02 -9.921051e-01 -2.581898e+02 -9.029760e-02 9.929085e-01 7.732422e-02 -1.418751e+01 9.903013e-01 9.774953e-02 -9.873370e-02 1.496811e+02
-1.127326e-01 6.224188e-02 -9.916740e-01 -2.592486e+02 -9.063476e-02 9.932313e-01 7.264290e-02 -1.412219e+01 9.894831e-01 9.806935e-02 -1.063282e-01 1.495612e+02
-1.200063e-01 6.275505e-02 -9.907877e-01 -2.603172e+02 -9.098740e-02 9.931046e-01 7.392238e-02 -1.405973e+01 9.885949e-01 9.902035e-02 -1.134689e-01 1.494265e+02
-1.270820e-01 6.483678e-02 -9.897709e-01 -2.613953e+02 -9.013730e-02 9.929777e-01 7.662006e-02 -1.399128e+01 9.877882e-01 9.895230e-02 -1.203454e-01 1.492878e+02
-1.340674e-01 6.467214e-02 -9.888597e-01 -2.624481e+02 -8.897208e-02 9.930527e-01 7.700900e-02 -1.392537e+01 9.869701e-01 9.830530e-02 -1.273819e-01 1.491503e+02
-1.410491e-01 6.439014e-02 -9.879064e-01 -2.635077e+02 -9.017130e-02 9.928993e-01 7.758984e-02 -1.385586e+01 9.858876e-01 1.000248e-01 -1.342414e-01 1.490054e+02
-1.475182e-01 6.393071e-02 -9.869910e-01 -2.645694e+02 -9.182285e-02 9.927137e-01 7.802548e-02 -1.379137e+01 9.847878e-01 1.021385e-01 -1.405731e-01 1.488435e+02
-1.533441e-01 6.368084e-02 -9.861188e-01 -2.656443e+02 -9.375962e-02 9.924817e-01 7.867161e-02 -1.371929e+01 9.837148e-01 1.045220e-01 -1.462205e-01 1.486663e+02
-1.587539e-01 6.482259e-02 -9.851879e-01 -2.667020e+02 -9.459345e-02 9.922535e-01 8.053034e-02 -1.365525e+01 9.827763e-01 1.059768e-01 -1.513923e-01 1.484989e+02
-1.627904e-01 6.643626e-02 -9.844214e-01 -2.677526e+02 -9.627662e-02 9.918996e-01 8.286188e-02 -1.357984e+01 9.819522e-01 1.082659e-01 -1.550754e-01 1.483194e+02
-1.656254e-01 6.705436e-02 -9.839065e-01 -2.687830e+02 -9.783742e-02 9.916467e-01 8.405128e-02 -1.351258e+01 9.813236e-01 1.101839e-01 -1.576814e-01 1.481467e+02
-1.665845e-01 6.383398e-02 -9.839588e-01 -2.697996e+02 -1.019413e-01 9.914399e-01 8.157800e-02 -1.344316e+01 9.807434e-01 1.138956e-01 -1.586512e-01 1.479622e+02
-1.673263e-01 6.244013e-02 -9.839223e-01 -2.707897e+02 -1.059849e-01 9.910699e-01 8.091757e-02 -1.338824e+01 9.801883e-01 1.178206e-01 -1.592143e-01 1.477944e+02
-1.675431e-01 6.450059e-02 -9.837525e-01 -2.717819e+02 -1.071162e-01 9.907590e-01 8.320296e-02 -1.332338e+01 9.800283e-01 1.193159e-01 -1.590857e-01 1.476221e+02
-1.680607e-01 6.950079e-02 -9.833236e-01 -2.727520e+02 -1.090304e-01 9.900809e-01 8.861287e-02 -1.326062e+01 9.797285e-01 1.221045e-01 -1.588160e-01 1.474548e+02
-1.682932e-01 6.972680e-02 -9.832678e-01 -2.736974e+02 -1.104609e-01 9.898784e-01 8.910174e-02 -1.319617e+01 9.795284e-01 1.236078e-01 -1.588877e-01 1.472848e+02
-1.691663e-01 6.674791e-02 -9.833247e-01 -2.746129e+02 -1.121533e-01 9.899198e-01 8.648987e-02 -1.313429e+01 9.791856e-01 1.249143e-01 -1.599750e-01 1.471250e+02
-1.695103e-01 6.435029e-02 -9.834253e-01 -2.755070e+02 -1.139378e-01 9.898953e-01 8.441279e-02 -1.307294e+01 9.789200e-01 1.263581e-01 -1.604655e-01 1.469725e+02
-1.677847e-01 6.476360e-02 -9.836940e-01 -2.763816e+02 -1.171331e-01 9.894615e-01 8.512222e-02 -1.301459e+01 9.788402e-01 1.295053e-01 -1.584305e-01 1.468189e+02
-1.649502e-01 6.592867e-02 -9.840959e-01 -2.772328e+02 -1.208341e-01 9.888964e-01 8.650400e-02 -1.296296e+01 9.788721e-01 1.331812e-01 -1.551523e-01 1.466746e+02
-1.607677e-01 6.460424e-02 -9.848756e-01 -2.780657e+02 -1.238751e-01 9.886444e-01 8.507240e-02 -1.290914e+01 9.791878e-01 1.356784e-01 -1.509392e-01 1.465295e+02
-1.565560e-01 6.155254e-02 -9.857492e-01 -2.789009e+02 -1.250048e-01 9.887952e-01 8.159590e-02 -1.285810e+01 9.797265e-01 1.359977e-01 -1.471074e-01 1.463935e+02
-1.527678e-01 5.915470e-02 -9.864901e-01 -2.797524e+02 -1.251714e-01 9.890096e-01 7.868981e-02 -1.280201e+01 9.803031e-01 1.355016e-01 -1.436843e-01 1.462719e+02
-1.494054e-01 5.863489e-02 -9.870360e-01 -2.805806e+02 -1.257784e-01 9.890038e-01 7.779058e-02 -1.274739e+01 9.807435e-01 1.357701e-01 -1.403875e-01 1.461488e+02
-1.468647e-01 5.912458e-02 -9.873880e-01 -2.813996e+02 -1.282345e-01 9.886502e-01 7.827383e-02 -1.269603e+01 9.808092e-01 1.381128e-01 -1.376160e-01 1.460243e+02
-1.439790e-01 5.921356e-02 -9.878076e-01 -2.822420e+02 -1.288252e-01 9.885920e-01 7.803764e-02 -1.263978e+01 9.811596e-01 1.384902e-01 -1.347083e-01 1.459007e+02
-1.423529e-01 5.737038e-02 -9.881520e-01 -2.830670e+02 -1.299094e-01 9.886003e-01 7.611113e-02 -1.259162e+01 9.812539e-01 1.392049e-01 -1.332772e-01 1.457899e+02
-1.391953e-01 5.524849e-02 -9.887225e-01 -2.838872e+02 -1.311011e-01 9.886257e-01 7.369988e-02 -1.254922e+01 9.815484e-01 1.398813e-01 -1.303689e-01 1.456782e+02
-1.352927e-01 5.303021e-02 -9.893855e-01 -2.847099e+02 -1.345104e-01 9.883388e-01 7.136762e-02 -1.250075e+01 9.816327e-01 1.427382e-01 -1.265819e-01 1.455605e+02
-1.305817e-01 5.479475e-02 -9.899222e-01 -2.855455e+02 -1.354999e-01 9.881162e-01 7.256871e-02 -1.244687e+01 9.821345e-01 1.436105e-01 -1.216052e-01 1.454489e+02
-1.254481e-01 6.022517e-02 -9.902705e-01 -2.863788e+02 -1.348530e-01 9.878566e-01 7.716162e-02 -1.239810e+01 9.828924e-01 1.432207e-01 -1.158032e-01 1.453417e+02
-1.208310e-01 6.549799e-02 -9.905099e-01 -2.871899e+02 -1.345732e-01 9.875284e-01 8.171725e-02 -1.235243e+01 9.835090e-01 1.431700e-01 -1.105098e-01 1.452485e+02
-1.163974e-01 6.626041e-02 -9.909900e-01 -2.880100e+02 -1.336818e-01 9.876477e-01 8.173863e-02 -1.230362e+01 9.841650e-01 1.419915e-01 -1.061018e-01 1.451538e+02
-1.128330e-01 6.497950e-02 -9.914870e-01 -2.888428e+02 -1.333005e-01 9.878488e-01 7.991090e-02 -1.225381e+01 9.846318e-01 1.411823e-01 -1.028001e-01 1.450546e+02
-1.089442e-01 6.340500e-02 -9.920237e-01 -2.896638e+02 -1.317046e-01 9.882449e-01 7.762730e-02 -1.220123e+01 9.852843e-01 1.391111e-01 -9.931281e-02 1.449673e+02
-1.055731e-01 6.183138e-02 -9.924874e-01 -2.904824e+02 -1.323145e-01 9.883170e-01 7.564617e-02 -1.214930e+01 9.855695e-01 1.393067e-01 -9.615854e-02 1.448815e+02
-1.005772e-01 6.010902e-02 -9.931118e-01 -2.921203e+02 -1.314533e-01 9.886198e-01 7.315004e-02 -1.205547e+01 9.862070e-01 1.379051e-01 -9.153108e-02 1.447247e+02
-9.893497e-02 5.998655e-02 -9.932842e-01 -2.929463e+02 -1.304892e-01 9.887798e-01 7.271176e-02 -1.200768e+01 9.865011e-01 1.368066e-01 -8.999731e-02 1.446489e+02
-9.728245e-02 6.038512e-02 -9.934233e-01 -2.937767e+02 -1.293777e-01 9.889208e-01 7.278094e-02 -1.196007e+01 9.868118e-01 1.356072e-01 -8.839215e-02 1.445708e+02
-9.695016e-02 6.152574e-02 -9.933858e-01 -2.946116e+02 -1.299002e-01 9.887680e-01 7.391744e-02 -1.191331e+01 9.867759e-01 1.362073e-01 -8.786900e-02 1.444946e+02
-9.672425e-02 6.194384e-02 -9.933818e-01 -2.954647e+02 -1.293706e-01 9.888121e-01 7.425553e-02 -1.185702e+01 9.868676e-01 1.356967e-01 -8.762840e-02 1.444104e+02
-9.741680e-02 6.228942e-02 -9.932925e-01 -2.963320e+02 -1.282783e-01 9.889287e-01 7.459661e-02 -1.179943e+01 9.869421e-01 1.346848e-01 -8.834789e-02 1.443176e+02
-9.887568e-02 6.395521e-02 -9.930425e-01 -2.971601e+02 -1.267202e-01 9.889987e-01 7.631211e-02 -1.175475e+01 9.869983e-01 1.333839e-01 -8.968350e-02 1.442315e+02
-1.008757e-01 6.512507e-02 -9.927652e-01 -2.979954e+02 -1.276190e-01 9.887648e-01 7.783011e-02 -1.170098e+01 9.866800e-01 1.345468e-01 -9.143116e-02 1.441434e+02
-1.028517e-01 6.577463e-02 -9.925196e-01 -2.988270e+02 -1.275857e-01 9.886969e-01 7.874260e-02 -1.165004e+01 9.864803e-01 1.347301e-01 -9.329730e-02 1.440540e+02
-1.049526e-01 6.533421e-02 -9.923288e-01 -2.996479e+02 -1.268027e-01 9.888158e-01 7.851407e-02 -1.160360e+01 9.863600e-01 1.340702e-01 -9.549427e-02 1.439639e+02
-1.074487e-01 6.360396e-02 -9.921740e-01 -3.004817e+02 -1.276873e-01 9.888042e-01 7.721598e-02 -1.155137e+01 9.859770e-01 1.349848e-01 -9.812430e-02 1.438753e+02
-1.096825e-01 6.194986e-02 -9.920343e-01 -3.013051e+02 -1.277152e-01 9.889043e-01 7.587502e-02 -1.151236e+01 9.857274e-01 1.350201e-01 -1.005536e-01 1.437940e+02
-1.121649e-01 6.036849e-02 -9.918542e-01 -3.021241e+02 -1.282280e-01 9.889281e-01 7.469120e-02 -1.147084e+01 9.853815e-01 1.355612e-01 -1.031821e-01 1.437038e+02
-1.143044e-01 5.828816e-02 -9.917343e-01 -3.029709e+02 -1.288743e-01 9.889719e-01 7.297947e-02 -1.141947e+01 9.850512e-01 1.361509e-01 -1.055320e-01 1.436074e+02
-1.157522e-01 5.507488e-02 -9.917501e-01 -3.038411e+02 -1.318627e-01 9.887720e-01 7.029986e-02 -1.136655e+01 9.844865e-01 1.389122e-01 -1.071902e-01 1.435214e+02
-1.160904e-01 5.436323e-02 -9.917498e-01 -3.046946e+02 -1.318371e-01 9.888225e-01 6.963512e-02 -1.130994e+01 9.844501e-01 1.388333e-01 -1.076258e-01 1.434202e+02
-1.162702e-01 5.743112e-02 -9.915558e-01 -3.055469e+02 -1.306350e-01 9.887697e-01 7.258806e-02 -1.125968e+01 9.845891e-01 1.379717e-01 -1.074620e-01 1.433216e+02
-1.168199e-01 6.195388e-02 -9.912189e-01 -3.064360e+02 -1.317067e-01 9.882709e-01 7.729189e-02 -1.120325e+01 9.843813e-01 1.395794e-01 -1.072900e-01 1.432246e+02
-1.173593e-01 6.352600e-02 -9.910556e-01 -3.073006e+02 -1.314669e-01 9.881750e-01 7.890945e-02 -1.115006e+01 9.843492e-01 1.395518e-01 -1.076199e-01 1.431273e+02
-1.181668e-01 6.032124e-02 -9.911599e-01 -3.081689e+02 -1.330009e-01 9.881979e-01 7.599744e-02 -1.108184e+01 9.840464e-01 1.408056e-01 -1.087494e-01 1.430224e+02
-1.185211e-01 5.775752e-02 -9.912703e-01 -3.090537e+02 -1.327028e-01 9.884300e-01 7.345862e-02 -1.102591e+01 9.840441e-01 1.402508e-01 -1.094853e-01 1.429234e+02
-1.193150e-01 5.526261e-02 -9.913173e-01 -3.099414e+02 -1.340645e-01 9.884089e-01 7.123649e-02 -1.096786e+01 9.837635e-01 1.414001e-01 -1.105233e-01 1.428219e+02
-1.198337e-01 5.502910e-02 -9.912677e-01 -3.108306e+02 -1.346054e-01 9.883424e-01 7.113905e-02 -1.091639e+01 9.836266e-01 1.419548e-01 -1.110295e-01 1.427157e+02
-1.211884e-01 5.687502e-02 -9.909988e-01 -3.126672e+02 -1.361812e-01 9.879645e-01 7.335435e-02 -1.079883e+01 9.832436e-01 1.438451e-01 -1.119845e-01 1.424984e+02
-1.213041e-01 5.619354e-02 -9.910235e-01 -3.135932e+02 -1.366751e-01 9.879411e-01 7.274819e-02 -1.073955e+01 9.831608e-01 1.442729e-01 -1.121611e-01 1.423932e+02
-1.205655e-01 5.396041e-02 -9.912377e-01 -3.145223e+02 -1.377527e-01 9.879518e-01 7.053656e-02 -1.068424e+01 9.831013e-01 1.450499e-01 -1.116797e-01 1.422848e+02
-1.202462e-01 5.244392e-02 -9.913579e-01 -3.154531e+02 -1.389530e-01 9.878842e-01 6.911439e-02 -1.062916e+01 9.829715e-01 1.460629e-01 -1.115021e-01 1.421797e+02
-1.206386e-01 5.124908e-02 -9.913727e-01 -3.163984e+02 -1.382685e-01 9.880642e-01 6.790374e-02 -1.057514e+01 9.830199e-01 1.452675e-01 -1.121126e-01 1.420700e+02
-1.210613e-01 4.961469e-02 -9.914043e-01 -3.173445e+02 -1.366413e-01 9.884095e-01 6.615022e-02 -1.052530e+01 9.831955e-01 1.434750e-01 -1.128787e-01 1.419576e+02
-1.213073e-01 4.755817e-02 -9.914750e-01 -3.182946e+02 -1.357272e-01 9.886750e-01 6.403011e-02 -1.047749e+01 9.832918e-01 1.423374e-01 -1.134785e-01 1.418475e+02
-1.206829e-01 4.684640e-02 -9.915851e-01 -3.192449e+02 -1.357705e-01 9.887202e-01 6.323528e-02 -1.042941e+01 9.833626e-01 1.422594e-01 -1.129613e-01 1.417299e+02
-1.201960e-01 4.724048e-02 -9.916256e-01 -3.201957e+02 -1.350912e-01 9.887976e-01 6.348030e-02 -1.038251e+01 9.835158e-01 1.415900e-01 -1.124677e-01 1.416181e+02
-1.193243e-01 4.841230e-02 -9.916743e-01 -3.211435e+02 -1.324909e-01 9.891010e-01 6.422878e-02 -1.033702e+01 9.839755e-01 1.390519e-01 -1.116096e-01 1.415030e+02
-1.187764e-01 4.804172e-02 -9.917581e-01 -3.220998e+02 -1.320678e-01 9.891896e-01 6.373419e-02 -1.028737e+01 9.840987e-01 1.385495e-01 -1.111476e-01 1.413953e+02
-1.180077e-01 4.756602e-02 -9.918728e-01 -3.230484e+02 -1.320745e-01 9.892260e-01 6.315260e-02 -1.023851e+01 9.841903e-01 1.384536e-01 -1.104540e-01 1.412857e+02
-1.172150e-01 4.759491e-02 -9.919654e-01 -3.239972e+02 -1.299750e-01 9.895242e-01 6.283619e-02 -1.018988e+01 9.845645e-01 1.362960e-01 -1.098009e-01 1.411772e+02
-1.164561e-01 4.917817e-02 -9.919776e-01 -3.249485e+02 -1.292589e-01 9.895284e-01 6.423148e-02 -1.014840e+01 9.847488e-01 1.357021e-01 -1.088799e-01 1.410716e+02
-1.157004e-01 5.070115e-02 -9.919893e-01 -3.259039e+02 -1.293395e-01 9.894244e-01 6.565554e-02 -1.010310e+01 9.848272e-01 1.358998e-01 -1.079192e-01 1.409664e+02
-1.143768e-01 5.117717e-02 -9.921184e-01 -3.268471e+02 -1.283329e-01 9.895433e-01 6.583925e-02 -1.005784e+01 9.851135e-01 1.348519e-01 -1.066131e-01 1.408597e+02
-1.129856e-01 5.148740e-02 -9.922617e-01 -3.277763e+02 -1.274142e-01 9.896605e-01 6.586067e-02 -1.001166e+01 9.853933e-01 1.338695e-01 -1.052571e-01 1.407560e+02
-1.118198e-01 5.039425e-02 -9.924499e-01 -3.287115e+02 -1.271454e-01 9.897792e-01 6.458417e-02 -9.969034e+00 9.855609e-01 1.334072e-01 -1.042695e-01 1.406525e+02
-1.111957e-01 4.814914e-02 -9.926314e-01 -3.296489e+02 -1.282394e-01 9.897797e-01 6.237634e-02 -9.925604e+00 9.854898e-01 1.342305e-01 -1.038847e-01 1.405453e+02
-1.109655e-01 4.527194e-02 -9.927926e-01 -3.305776e+02 -1.280870e-01 9.899789e-01 5.946006e-02 -9.883442e+00 9.855356e-01 1.337618e-01 -1.040548e-01 1.404387e+02
-1.107547e-01 4.754193e-02 -9.927100e-01 -3.315148e+02 -1.276892e-01 9.898961e-01 6.165320e-02 -9.838368e+00 9.856109e-01 1.335867e-01 -1.035650e-01 1.403319e+02
-1.100389e-01 4.989727e-02 -9.926740e-01 -3.324339e+02 -1.274729e-01 9.897827e-01 6.388243e-02 -9.797458e+00 9.857191e-01 1.335685e-01 -1.025540e-01 1.402278e+02
-1.098778e-01 5.065828e-02 -9.926533e-01 -3.333456e+02 -1.285885e-01 9.895829e-01 6.473518e-02 -9.759229e+00 9.855921e-01 1.347568e-01 -1.022191e-01 1.401272e+02
-1.092690e-01 4.898237e-02 -9.928046e-01 -3.342614e+02 -1.273526e-01 9.898640e-01 6.285384e-02 -9.713378e+00 9.858203e-01 1.333043e-01 -1.019234e-01 1.400273e+02
-1.091156e-01 5.160317e-02 -9.926887e-01 -3.361588e+02 -1.274753e-01 9.896793e-01 6.545871e-02 -9.613585e+00 9.858214e-01 1.336859e-01 -1.014113e-01 1.398593e+02
-1.089920e-01 5.104071e-02 -9.927314e-01 -3.370806e+02 -1.288260e-01 9.895333e-01 6.502011e-02 -9.566231e+00 9.856595e-01 1.349763e-01 -1.012759e-01 1.397678e+02
-1.085662e-01 4.941065e-02 -9.928605e-01 -3.379799e+02 -1.292344e-01 9.895866e-01 6.337909e-02 -9.522288e+00 9.856530e-01 1.351925e-01 -1.010501e-01 1.396661e+02
-1.086206e-01 4.925669e-02 -9.928622e-01 -3.389072e+02 -1.299031e-01 9.895040e-01 6.330168e-02 -9.473382e+00 9.855591e-01 1.358518e-01 -1.010819e-01 1.395820e+02
-1.083574e-01 5.090375e-02 -9.928079e-01 -3.397914e+02 -1.292538e-01 9.894893e-01 6.484067e-02 -9.430637e+00 9.856734e-01 1.353502e-01 -1.006390e-01 1.394880e+02
-1.075951e-01 5.325055e-02 -9.927677e-01 -3.406458e+02 -1.293926e-01 9.893213e-01 6.708913e-02 -9.395330e+00 9.857387e-01 1.356753e-01 -9.955594e-02 1.393820e+02
-1.071687e-01 5.339657e-02 -9.928060e-01 -3.415116e+02 -1.302276e-01 9.892001e-01 6.726008e-02 -9.354468e+00 9.856752e-01 1.364989e-01 -9.905756e-02 1.392845e+02
-1.070288e-01 5.233303e-02 -9.928777e-01 -3.423689e+02 -1.306246e-01 9.892179e-01 6.622101e-02 -9.310188e+00 9.856379e-01 1.367818e-01 -9.903885e-02 1.391917e+02
-1.067142e-01 4.966123e-02 -9.930488e-01 -3.432301e+02 -1.308348e-01 9.893661e-01 6.353672e-02 -9.269767e+00 9.856441e-01 1.367056e-01 -9.908198e-02 1.390948e+02
-1.065162e-01 4.679893e-02 -9.932090e-01 -3.440787e+02 -1.299045e-01 9.896751e-01 6.056396e-02 -9.232674e+00 9.857886e-01 1.354733e-01 -9.933708e-02 1.390049e+02
-1.065257e-01 4.551202e-02 -9.932678e-01 -3.449257e+02 -1.300779e-01 9.897288e-01 5.930042e-02 -9.190773e+00 9.857647e-01 1.355192e-01 -9.951144e-02 1.389101e+02
-1.072629e-01 4.727699e-02 -9.931060e-01 -3.457861e+02 -1.293950e-01 9.897095e-01 6.109092e-02 -9.149327e+00 9.857746e-01 1.350557e-01 -1.000417e-01 1.388276e+02
-1.083645e-01 5.106617e-02 -9.927988e-01 -3.466352e+02 -1.288645e-01 9.895320e-01 6.496377e-02 -9.108620e+00 9.857236e-01 1.349762e-01 -1.006496e-01 1.387402e+02
-1.091125e-01 5.396807e-02 -9.925633e-01 -3.474599e+02 -1.280432e-01 9.894433e-01 6.787420e-02 -9.073508e+00 9.857482e-01 1.344969e-01 -1.010503e-01 1.386409e+02
-1.103711e-01 5.452740e-02 -9.923936e-01 -3.483123e+02 -1.278205e-01 9.894234e-01 6.858003e-02 -9.027532e+00 9.856369e-01 1.344175e-01 -1.022341e-01 1.385548e+02
-1.120908e-01 5.486830e-02 -9.921820e-01 -3.491539e+02 -1.265805e-01 9.895520e-01 6.902315e-02 -8.981411e+00 9.856029e-01 1.333277e-01 -1.039744e-01 1.384692e+02
-1.135875e-01 5.518442e-02 -9.919942e-01 -3.499878e+02 -1.247779e-01 9.897582e-01 6.934762e-02 -8.938869e+00 9.856614e-01 1.316560e-01 -1.055383e-01 1.383754e+02
-1.160969e-01 5.425694e-02 -9.917549e-01 -3.508284e+02 -1.252814e-01 9.897320e-01 6.881198e-02 -8.902112e+00 9.853051e-01 1.322373e-01 -1.081074e-01 1.382690e+02
-1.196733e-01 5.171186e-02 -9.914657e-01 -3.516590e+02 -1.241904e-01 9.900190e-01 6.662661e-02 -8.861200e+00 9.850153e-01 1.311040e-01 -1.120567e-01 1.381711e+02
-1.236876e-01 4.777625e-02 -9.911704e-01 -3.524964e+02 -1.249127e-01 9.901455e-01 6.331463e-02 -8.816030e+00 9.844279e-01 1.316410e-01 -1.165009e-01 1.380638e+02
-1.267111e-01 4.668375e-02 -9.908405e-01 -3.533233e+02 -1.269458e-01 9.899149e-01 6.287428e-02 -8.774112e+00 9.837830e-01 1.337500e-01 -1.195069e-01 1.379516e+02
-1.309064e-01 5.078490e-02 -9.900931e-01 -3.550084e+02 -1.293471e-01 9.892757e-01 6.784476e-02 -8.688660e+00 9.829206e-01 1.369470e-01 -1.229336e-01 1.377173e+02
-1.327037e-01 5.144177e-02 -9.898199e-01 -3.558540e+02 -1.276991e-01 9.894417e-01 6.854253e-02 -8.647898e+00 9.828951e-01 1.354949e-01 -1.247335e-01 1.376111e+02
-1.344263e-01 4.878966e-02 -9.897217e-01 -3.567050e+02 -1.271283e-01 9.896844e-01 6.605468e-02 -8.603180e+00 9.827349e-01 1.347012e-01 -1.268371e-01 1.374965e+02
-1.361706e-01 4.686210e-02 -9.895764e-01 -3.575655e+02 -1.265652e-01 9.898726e-01 6.429212e-02 -8.560880e+00 9.825675e-01 1.340006e-01 -1.288605e-01 1.373860e+02
-1.376125e-01 4.674197e-02 -9.893826e-01 -3.584230e+02 -1.266815e-01 9.898517e-01 6.438416e-02 -8.514413e+00 9.823516e-01 1.341965e-01 -1.302946e-01 1.372747e+02
-1.377750e-01 4.809214e-02 -9.892953e-01 -3.592731e+02 -1.267679e-01 9.897497e-01 6.576865e-02 -8.465367e+00 9.823176e-01 1.344721e-01 -1.302662e-01 1.371472e+02
-1.386156e-01 4.856775e-02 -9.891546e-01 -3.609830e+02 -1.295974e-01 9.893183e-01 6.673697e-02 -8.374739e+00 9.818300e-01 1.374426e-01 -1.308407e-01 1.369044e+02
-1.393898e-01 4.869316e-02 -9.890397e-01 -3.618456e+02 -1.306901e-01 9.891488e-01 6.711728e-02 -8.327112e+00 9.815756e-01 1.386131e-01 -1.315135e-01 1.367868e+02
-1.400486e-01 4.791325e-02 -9.889847e-01 -3.627281e+02 -1.330068e-01 9.888653e-01 6.674236e-02 -8.289680e+00 9.811705e-01 1.408888e-01 -1.321165e-01 1.366608e+02
-1.403881e-01 4.601855e-02 -9.890265e-01 -3.636057e+02 -1.343946e-01 9.887882e-01 6.508420e-02 -8.244011e+00 9.809329e-01 1.420569e-01 -1.326294e-01 1.365302e+02
-1.414426e-01 4.484969e-02 -9.889300e-01 -3.644754e+02 -1.350533e-01 9.887590e-01 6.415806e-02 -8.200660e+00 9.806909e-01 1.426329e-01 -1.337956e-01 1.364130e+02
-1.420442e-01 4.565574e-02 -9.888069e-01 -3.653495e+02 -1.362603e-01 9.885241e-01 6.521675e-02 -8.159594e+00 9.804369e-01 1.439987e-01 -1.341930e-01 1.362926e+02
-1.434114e-01 4.749576e-02 -9.885228e-01 -3.661969e+02 -1.385939e-01 9.880409e-01 6.757932e-02 -8.131121e+00 9.799107e-01 1.466949e-01 -1.351137e-01 1.361972e+02
-1.440457e-01 4.909220e-02 -9.883526e-01 -3.670789e+02 -1.380729e-01 9.880018e-01 6.919796e-02 -8.076778e+00 9.798912e-01 1.464323e-01 -1.355391e-01 1.360671e+02
-1.448762e-01 5.219069e-02 -9.880724e-01 -3.679396e+02 -1.366411e-01 9.879845e-01 7.222106e-02 -8.030824e+00 9.799694e-01 1.454744e-01 -1.360040e-01 1.359495e+02
-1.456091e-01 5.407347e-02 -9.878634e-01 -3.688269e+02 -1.347928e-01 9.881101e-01 7.395517e-02 -7.984396e+00 9.801168e-01 1.439254e-01 -1.365891e-01 1.358332e+02
-1.459995e-01 5.291180e-02 -9.878687e-01 -3.696946e+02 -1.357661e-01 9.880488e-01 7.298665e-02 -7.938709e+00 9.799243e-01 1.447751e-01 -1.370710e-01 1.357005e+02
-1.453271e-01 4.756987e-02 -9.882394e-01 -3.722866e+02 -1.397083e-01 9.878484e-01 6.809607e-02 -7.793753e+00 9.794701e-01 1.479614e-01 -1.369152e-01 1.353487e+02
-1.418695e-01 4.853597e-02 -9.886947e-01 -3.731555e+02 -1.422896e-01 9.874248e-01 6.889100e-02 -7.747948e+00 9.796054e-01 1.504545e-01 -1.331793e-01 1.352211e+02
-1.382011e-01 4.698188e-02 -9.892892e-01 -3.739991e+02 -1.437652e-01 9.873430e-01 6.697306e-02 -7.708181e+00 9.799143e-01 1.514811e-01 -1.296975e-01 1.351149e+02
-1.336556e-01 4.398661e-02 -9.900512e-01 -3.748604e+02 -1.436394e-01 9.876056e-01 6.326909e-02 -7.660969e+00 9.805631e-01 1.506667e-01 -1.256808e-01 1.349871e+02
-1.292825e-01 4.255952e-02 -9.906941e-01 -3.756968e+02 -1.452317e-01 9.874923e-01 6.137426e-02 -7.609061e+00 9.809148e-01 1.518148e-01 -1.214844e-01 1.348721e+02
-1.249957e-01 4.233631e-02 -9.912536e-01 -3.765375e+02 -1.449211e-01 9.875946e-01 6.045439e-02 -7.576287e+00 9.815161e-01 1.512101e-01 -1.173097e-01 1.347640e+02
-1.206870e-01 4.183853e-02 -9.918085e-01 -3.773628e+02 -1.447934e-01 9.876843e-01 5.928355e-02 -7.545999e+00 9.820741e-01 1.507621e-01 -1.131427e-01 1.346658e+02
-1.164740e-01 4.092140e-02 -9.923504e-01 -3.781680e+02 -1.446534e-01 9.877979e-01 5.771191e-02 -7.510039e+00 9.826033e-01 1.502688e-01 -1.091334e-01 1.345860e+02
-1.121951e-01 4.126206e-02 -9.928291e-01 -3.789554e+02 -1.457464e-01 9.876486e-01 5.751690e-02 -7.469397e+00 9.829396e-01 1.511544e-01 -1.047955e-01 1.345047e+02
-1.011869e-01 4.717621e-02 -9.937483e-01 -3.805325e+02 -1.423318e-01 9.879133e-01 6.139192e-02 -7.403796e+00 9.846334e-01 1.476540e-01 -9.324918e-02 1.343412e+02
-9.264384e-02 4.474345e-02 -9.946935e-01 -3.812814e+02 -1.460229e-01 9.875781e-01 5.802368e-02 -7.373785e+00 9.849337e-01 1.506236e-01 -8.495946e-02 1.342829e+02
-8.174680e-02 4.112212e-02 -9.958044e-01 -3.820039e+02 -1.504520e-01 9.871893e-01 5.311715e-02 -7.348455e+00 9.852318e-01 1.541629e-01 -7.451267e-02 1.342249e+02
-6.777061e-02 3.779010e-02 -9.969850e-01 -3.827208e+02 -1.485109e-01 9.877676e-01 4.753583e-02 -7.326733e+00 9.865859e-01 1.512846e-01 -6.132937e-02 1.341856e+02
-5.016692e-02 3.743022e-02 -9.980392e-01 -3.834090e+02 -1.492331e-01 9.877981e-01 4.454742e-02 -7.315800e+00 9.875286e-01 1.511753e-01 -4.396895e-02 1.341611e+02
-3.078567e-02 3.889097e-02 -9.987691e-01 -3.840779e+02 -1.487744e-01 9.879334e-01 4.305480e-02 -7.306909e+00 9.883918e-01 1.499167e-01 -2.462822e-02 1.341460e+02
-1.291374e-02 3.915389e-02 -9.991497e-01 -3.847302e+02 -1.492448e-01 9.879646e-01 4.064452e-02 -7.288188e+00 9.887159e-01 1.496428e-01 -6.914804e-03 1.341462e+02
6.371359e-03 4.140261e-02 -9.991222e-01 -3.853486e+02 -1.466239e-01 9.883823e-01 4.002255e-02 -7.277229e+00 9.891718e-01 1.462401e-01 1.236795e-02 1.341617e+02
2.613056e-02 4.446042e-02 -9.986693e-01 -3.859629e+02 -1.423335e-01 9.889978e-01 4.030563e-02 -7.272670e+00 9.894738e-01 1.410909e-01 3.217128e-02 1.341954e+02
4.602750e-02 4.623839e-02 -9.978695e-01 -3.865544e+02 -1.374109e-01 9.897253e-01 3.952283e-02 -7.266584e+00 9.894441e-01 1.352990e-01 5.190824e-02 1.342529e+02
6.773254e-02 4.645988e-02 -9.966212e-01 -3.871295e+02 -1.348790e-01 9.901713e-01 3.699254e-02 -7.257848e+00 9.885444e-01 1.319177e-01 7.333328e-02 1.343049e+02
9.144909e-02 4.470480e-02 -9.948058e-01 -3.876793e+02 -1.339208e-01 9.904688e-01 3.219903e-02 -7.256723e+00 9.867635e-01 1.302806e-01 9.656437e-02 1.343693e+02
1.172225e-01 4.096700e-02 -9.922603e-01 -3.882250e+02 -1.343796e-01 9.906139e-01 2.502385e-02 -7.250526e+00 9.839721e-01 1.304061e-01 1.216274e-01 1.344413e+02
1.455323e-01 3.701941e-02 -9.886607e-01 -3.887352e+02 -1.337769e-01 9.908585e-01 1.740956e-02 -7.246961e+00 9.802674e-01 1.297263e-01 1.491542e-01 1.345297e+02
1.768698e-01 3.218424e-02 -9.837079e-01 -3.892348e+02 -1.318201e-01 9.912352e-01 8.729372e-03 -7.247683e+00 9.753669e-01 1.281285e-01 1.795621e-01 1.346410e+02
2.136074e-01 2.805406e-02 -9.765167e-01 -3.897051e+02 -1.271318e-01 9.918856e-01 6.862264e-04 -7.256817e+00 9.686121e-01 1.239998e-01 2.154407e-01 1.347651e+02
2.533306e-01 2.604110e-02 -9.670292e-01 -3.901711e+02 -1.213240e-01 9.926001e-01 -5.053299e-03 -7.266460e+00 9.597417e-01 1.186040e-01 2.546154e-01 1.349111e+02
2.928956e-01 2.569564e-02 -9.557991e-01 -3.906212e+02 -1.184811e-01 9.929098e-01 -9.614102e-03 -7.283465e+00 9.487752e-01 1.160601e-01 2.938634e-01 1.350773e+02
3.327857e-01 2.409738e-02 -9.426945e-01 -3.910677e+02 -1.190978e-01 9.927426e-01 -1.666664e-02 -7.298222e+00 9.354514e-01 1.178193e-01 3.332405e-01 1.352575e+02
3.730420e-01 1.986547e-02 -9.276018e-01 -3.914915e+02 -1.168927e-01 9.928107e-01 -2.574728e-02 -7.325869e+00 9.204215e-01 1.180347e-01 3.726822e-01 1.354619e+02
4.131522e-01 1.633653e-02 -9.105154e-01 -3.919119e+02 -1.132828e-01 9.929949e-01 -3.358642e-02 -7.350244e+00 9.035885e-01 1.170221e-01 4.121087e-01 1.356863e+02
4.523475e-01 1.201091e-02 -8.917609e-01 -3.923313e+02 -1.051484e-01 9.936536e-01 -3.995348e-02 -7.373721e+00 8.856216e-01 1.118401e-01 4.507397e-01 1.359311e+02
4.893738e-01 7.971560e-03 -8.720377e-01 -3.927368e+02 -9.923012e-02 9.939727e-01 -4.660018e-02 -7.396468e+00 8.664102e-01 1.093373e-01 4.872152e-01 1.361912e+02
5.257967e-01 1.013028e-02 -8.505500e-01 -3.931304e+02 -1.022837e-01 9.934265e-01 -5.139821e-02 -7.422366e+00 8.444382e-01 1.140224e-01 5.233765e-01 1.364465e+02
5.614479e-01 1.377814e-02 -8.273974e-01 -3.935265e+02 -1.096617e-01 9.922818e-01 -5.788943e-02 -7.447629e+00 8.202137e-01 1.232357e-01 5.586255e-01 1.367100e+02
5.945700e-01 1.215475e-02 -8.039520e-01 -3.939226e+02 -1.109242e-01 9.915649e-01 -6.704380e-02 -7.475682e+00 7.963556e-01 1.290400e-01 5.909030e-01 1.370097e+02
6.266171e-01 3.797616e-03 -7.793180e-01 -3.943011e+02 -1.003686e-01 9.920535e-01 -7.586793e-02 -7.514042e+00 7.728371e-01 1.257592e-01 6.220188e-01 1.373457e+02
6.578340e-01 -4.941940e-03 -7.531468e-01 -3.946640e+02 -8.684150e-02 9.928114e-01 -8.236602e-02 -7.558184e+00 7.481397e-01 1.195876e-01 6.526759e-01 1.377093e+02
6.897972e-01 -6.694426e-03 -7.239717e-01 -3.950164e+02 -8.064780e-02 9.930236e-01 -8.602319e-02 -7.615045e+00 7.194969e-01 1.177253e-01 6.844451e-01 1.380808e+02
7.220757e-01 5.307026e-04 -6.918138e-01 -3.953593e+02 -8.797587e-02 9.919515e-01 -9.106324e-02 -7.663325e+00 6.861974e-01 1.266175e-01 7.163108e-01 1.384644e+02
7.542029e-01 9.744682e-03 -6.565691e-01 -3.957084e+02 -9.550758e-02 9.908848e-01 -9.500332e-02 -7.717774e+00 6.496586e-01 1.343591e-01 7.482589e-01 1.388808e+02
7.852607e-01 1.558075e-02 -6.189692e-01 -3.960403e+02 -9.584685e-02 9.906919e-01 -9.665915e-02 -7.795969e+00 6.117017e-01 1.352289e-01 7.794448e-01 1.393375e+02
8.146630e-01 1.446619e-02 -5.797542e-01 -3.963402e+02 -8.986308e-02 9.907632e-01 -1.015526e-01 -7.845439e+00 5.729300e-01 1.348297e-01 8.084381e-01 1.398142e+02
8.427229e-01 1.359404e-02 -5.381759e-01 -3.966709e+02 -8.482274e-02 9.905472e-01 -1.078022e-01 -7.912565e+00 5.316231e-01 1.364969e-01 8.359099e-01 1.403611e+02
8.690055e-01 1.267198e-02 -4.946400e-01 -3.969724e+02 -7.985730e-02 9.901585e-01 -1.149304e-01 -7.981280e+00 4.883156e-01 1.393757e-01 8.614652e-01 1.409196e+02
8.924026e-01 1.336653e-02 -4.510421e-01 -3.972458e+02 -7.498478e-02 9.900563e-01 -1.190199e-01 -8.062143e+00 4.449662e-01 1.400350e-01 8.845311e-01 1.414967e+02
9.119389e-01 1.201922e-02 -4.101500e-01 -3.974802e+02 -6.801881e-02 9.901697e-01 -1.222185e-01 -8.135892e+00 4.046491e-01 1.393537e-01 9.037918e-01 1.421009e+02
9.285200e-01 1.221649e-02 -3.710813e-01 -3.977186e+02 -6.318504e-02 9.900786e-01 -1.255070e-01 -8.228920e+00 3.658664e-01 1.399825e-01 9.200797e-01 1.427404e+02
9.421892e-01 1.309000e-02 -3.348254e-01 -3.979385e+02 -5.916247e-02 9.900369e-01 -1.277760e-01 -8.318771e+00 3.298170e-01 1.401983e-01 9.335766e-01 1.434107e+02
9.532007e-01 1.324185e-02 -3.020482e-01 -3.981380e+02 -5.461421e-02 9.901470e-01 -1.289427e-01 -8.414421e+00 2.973647e-01 1.394044e-01 9.445320e-01 1.441034e+02
9.621466e-01 1.402517e-02 -2.721713e-01 -3.983281e+02 -5.090814e-02 9.903460e-01 -1.289310e-01 -8.514252e+00 2.677355e-01 1.379063e-01 9.535720e-01 1.448093e+02
9.694933e-01 1.469247e-02 -2.446770e-01 -3.985005e+02 -4.745616e-02 9.905662e-01 -1.285555e-01 -8.614837e+00 2.404800e-01 1.362451e-01 9.610446e-01 1.455308e+02
9.754302e-01 1.461160e-02 -2.198235e-01 -3.986483e+02 -4.356678e-02 9.908869e-01 -1.274564e-01 -8.723859e+00 2.159579e-01 1.339018e-01 9.671776e-01 1.463046e+02
9.800910e-01 1.562012e-02 -1.979334e-01 -3.987823e+02 -4.148601e-02 9.910070e-01 -1.272166e-01 -8.830359e+00 1.941663e-01 1.328953e-01 9.719250e-01 1.470864e+02
9.837693e-01 1.538459e-02 -1.787772e-01 -3.989207e+02 -3.882731e-02 9.909646e-01 -1.283806e-01 -8.936505e+00 1.751868e-01 1.332383e-01 9.754779e-01 1.478804e+02
9.865306e-01 1.595327e-02 -1.627971e-01 -3.990458e+02 -3.753146e-02 9.907578e-01 -1.303469e-01 -9.048546e+00 1.592131e-01 1.347013e-01 9.780116e-01 1.486824e+02
9.887243e-01 1.363813e-02 -1.491250e-01 -3.991617e+02 -3.372958e-02 9.905360e-01 -1.330441e-01 -9.159711e+00 1.458992e-01 1.365739e-01 9.798270e-01 1.495114e+02
9.903223e-01 1.174426e-02 -1.382889e-01 -3.992619e+02 -3.049109e-02 9.904800e-01 -1.342374e-01 -9.277635e+00 1.353958e-01 1.371549e-01 9.812525e-01 1.503841e+02
9.914471e-01 1.050628e-02 -1.300853e-01 -3.993634e+02 -2.815918e-02 9.904973e-01 -1.346185e-01 -9.395115e+00 1.274348e-01 1.371302e-01 9.823216e-01 1.512638e+02
9.921593e-01 8.990221e-03 -1.246563e-01 -3.994627e+02 -2.595467e-02 9.904861e-01 -1.351434e-01 -9.517765e+00 1.222554e-01 1.373192e-01 9.829532e-01 1.521257e+02
9.925215e-01 6.393191e-03 -1.219022e-01 -3.995625e+02 -2.328440e-02 9.902074e-01 -1.376487e-01 -9.649360e+00 1.198284e-01 1.394578e-01 9.829510e-01 1.530233e+02
9.926457e-01 3.697317e-03 -1.209997e-01 -3.996670e+02 -2.084965e-02 9.898186e-01 -1.407990e-01 -9.782088e+00 1.192472e-01 1.422863e-01 9.826163e-01 1.539281e+02
9.927391e-01 2.292345e-03 -1.202658e-01 -3.997808e+02 -1.971949e-02 9.893933e-01 -1.439168e-01 -9.922110e+00 1.186603e-01 1.452435e-01 9.822546e-01 1.548507e+02
9.928390e-01 2.004127e-03 -1.194431e-01 -3.998952e+02 -1.960615e-02 9.890347e-01 -1.463760e-01 -1.006464e+01 1.178400e-01 1.476697e-01 9.819916e-01 1.557888e+02
9.929421e-01 1.633690e-03 -1.185887e-01 -4.000130e+02 -1.937353e-02 9.887085e-01 -1.485938e-01 -1.021007e+01 1.170069e-01 1.498426e-01 9.817620e-01 1.567123e+02
9.929963e-01 7.340581e-04 -1.181428e-01 -4.001292e+02 -1.833316e-02 9.888253e-01 -1.479473e-01 -1.036216e+01 1.167140e-01 1.490771e-01 9.819134e-01 1.576380e+02
9.930042e-01 6.453742e-04 -1.180777e-01 -4.002466e+02 -1.805541e-02 9.890554e-01 -1.464357e-01 -1.052206e+01 1.166909e-01 1.475432e-01 9.821478e-01 1.585853e+02
9.930291e-01 -9.802528e-04 -1.178656e-01 -4.003698e+02 -1.597772e-02 9.896162e-01 -1.428442e-01 -1.067422e+01 1.167818e-01 1.437316e-01 9.827020e-01 1.595587e+02
9.929772e-01 -3.502830e-03 -1.182537e-01 -4.004774e+02 -1.328801e-02 9.899343e-01 -1.409027e-01 -1.081649e+01 1.175569e-01 1.414846e-01 9.829357e-01 1.604997e+02
9.929265e-01 -4.646663e-03 -1.186395e-01 -4.005920e+02 -1.190712e-02 9.902992e-01 -1.384402e-01 -1.096921e+01 1.181319e-01 1.388736e-01 9.832390e-01 1.614645e+02
9.928830e-01 -6.151843e-03 -1.189352e-01 -4.007145e+02 -1.045404e-02 9.903080e-01 -1.384944e-01 -1.112179e+01 1.186345e-01 1.387521e-01 9.831957e-01 1.624331e+02
9.928698e-01 -7.184187e-03 -1.189873e-01 -4.008435e+02 -9.707323e-03 9.899941e-01 -1.407748e-01 -1.128532e+01 1.188080e-01 1.409261e-01 9.828654e-01 1.634119e+02
9.929073e-01 -5.696583e-03 -1.187547e-01 -4.009579e+02 -1.150513e-02 9.895598e-01 -1.436628e-01 -1.143931e+01 1.183333e-01 1.440101e-01 9.824756e-01 1.643452e+02
9.929813e-01 -4.603846e-03 -1.181815e-01 -4.010826e+02 -1.254401e-02 9.895063e-01 -1.439439e-01 -1.159936e+01 1.176040e-01 1.444161e-01 9.825036e-01 1.653094e+02
9.929462e-01 -2.148327e-03 -1.185464e-01 -4.011745e+02 -1.496574e-02 9.895681e-01 -1.432865e-01 -1.174639e+01 1.176175e-01 1.440499e-01 9.825557e-01 1.662350e+02
9.930244e-01 -2.470707e-03 -1.178834e-01 -4.013043e+02 -1.466869e-02 9.894248e-01 -1.443031e-01 -1.189681e+01 1.169933e-01 1.450257e-01 9.824867e-01 1.672163e+02
9.930499e-01 -2.854984e-03 -1.176599e-01 -4.014234e+02 -1.434354e-02 9.893181e-01 -1.450651e-01 -1.205004e+01 1.168172e-01 1.457445e-01 9.824013e-01 1.681734e+02
9.931004e-01 -2.793112e-03 -1.172337e-01 -4.015330e+02 -1.425358e-02 9.894288e-01 -1.443171e-01 -1.220691e+01 1.163975e-01 1.449924e-01 9.825624e-01 1.691215e+02
9.931299e-01 -1.854415e-03 -1.170022e-01 -4.016463e+02 -1.489909e-02 9.897327e-01 -1.421521e-01 -1.236365e+01 1.160645e-01 1.429188e-01 9.829055e-01 1.700682e+02
9.931936e-01 -1.441093e-03 -1.164659e-01 -4.017693e+02 -1.487767e-02 9.901631e-01 -1.391250e-01 -1.252548e+01 1.155207e-01 1.399108e-01 9.834022e-01 1.710304e+02
9.931971e-01 -1.883261e-03 -1.164298e-01 -4.018760e+02 -1.416922e-02 9.904848e-01 -1.368908e-01 -1.268014e+01 1.155798e-01 1.376092e-01 9.837200e-01 1.719711e+02
9.931889e-01 -7.834734e-04 -1.165130e-01 -4.019899e+02 -1.516965e-02 9.905966e-01 -1.359714e-01 -1.282775e+01 1.155239e-01 1.368127e-01 9.838376e-01 1.729089e+02
9.932009e-01 9.588917e-04 -1.164092e-01 -4.021166e+02 -1.695615e-02 9.904935e-01 -1.365106e-01 -1.297630e+01 1.151717e-01 1.375563e-01 9.837753e-01 1.738427e+02
9.931979e-01 2.486298e-03 -1.164120e-01 -4.022363e+02 -1.838080e-02 9.905844e-01 -1.356637e-01 -1.311971e+01 1.149786e-01 1.368806e-01 9.838921e-01 1.747726e+02
9.931794e-01 3.661898e-03 -1.165385e-01 -4.023436e+02 -1.933076e-02 9.908456e-01 -1.336085e-01 -1.326630e+01 1.149824e-01 1.349500e-01 9.841583e-01 1.756867e+02
9.932107e-01 5.986289e-03 -1.161748e-01 -4.024633e+02 -2.121133e-02 9.912524e-01 -1.302640e-01 -1.340496e+01 1.143788e-01 1.318438e-01 9.846495e-01 1.766045e+02
9.932286e-01 8.704590e-03 -1.158501e-01 -4.025824e+02 -2.359239e-02 9.915236e-01 -1.277671e-01 -1.354304e+01 1.137559e-01 1.296351e-01 9.850149e-01 1.774900e+02
9.933417e-01 1.039477e-02 -1.147356e-01 -4.027039e+02 -2.522010e-02 9.913849e-01 -1.285299e-01 -1.367779e+01 1.124111e-01 1.305677e-01 9.850461e-01 1.783702e+02
9.935775e-01 1.184959e-02 -1.125312e-01 -4.028087e+02 -2.695256e-02 9.906611e-01 -1.336565e-01 -1.381177e+01 1.098965e-01 1.358311e-01 9.846180e-01 1.792230e+02
9.939036e-01 1.275778e-02 -1.095117e-01 -4.029127e+02 -2.840453e-02 9.893824e-01 -1.425330e-01 -1.394520e+01 1.065305e-01 1.447747e-01 9.837131e-01 1.800519e+02
9.942602e-01 1.325637e-02 -1.061644e-01 -4.030087e+02 -2.897874e-02 9.885694e-01 -1.479551e-01 -1.407577e+01 1.029895e-01 1.501824e-01 9.832794e-01 1.808546e+02
9.951275e-01 1.680487e-02 -9.715396e-02 -4.032124e+02 -3.050630e-02 9.894945e-01 -1.413152e-01 -1.434164e+01 9.375853e-02 1.435905e-01 9.851858e-01 1.824345e+02
9.957697e-01 1.937441e-02 -8.981890e-02 -4.032962e+02 -3.166893e-02 9.899885e-01 -1.375492e-01 -1.447033e+01 8.625475e-02 1.398118e-01 9.864141e-01 1.831850e+02
9.966297e-01 2.006553e-02 -7.954001e-02 -4.033620e+02 -3.089561e-02 9.900389e-01 -1.373626e-01 -1.457693e+01 7.599145e-02 1.393571e-01 9.873221e-01 1.839178e+02
9.976609e-01 2.178126e-02 -6.479469e-02 -4.034077e+02 -3.052125e-02 9.900843e-01 -1.371188e-01 -1.468613e+01 6.116558e-02 1.387757e-01 9.884331e-01 1.846468e+02
9.986954e-01 2.226885e-02 -4.595176e-02 -4.034535e+02 -2.828651e-02 9.904731e-01 -1.347699e-01 -1.479954e+01 4.251281e-02 1.358939e-01 9.898108e-01 1.853837e+02
9.994588e-01 2.236639e-02 -2.412185e-02 -4.034812e+02 -2.537115e-02 9.908624e-01 -1.324692e-01 -1.490735e+01 2.093858e-02 1.330095e-01 9.908936e-01 1.860978e+02
9.997448e-01 2.242876e-02 2.700556e-03 -4.034916e+02 -2.187732e-02 9.910346e-01 -1.318022e-01 -1.501137e+01 -5.632504e-03 1.317094e-01 9.912724e-01 1.868036e+02
9.991368e-01 2.240548e-02 3.498205e-02 -4.034727e+02 -1.753258e-02 9.908444e-01 -1.338657e-01 -1.511730e+01 -3.766110e-02 1.331368e-01 9.903819e-01 1.874985e+02
9.971401e-01 2.280661e-02 7.205139e-02 -4.034182e+02 -1.268753e-02 9.903654e-01 -1.378965e-01 -1.522078e+01 -7.450215e-02 1.365879e-01 9.878224e-01 1.881804e+02
9.934608e-01 2.296572e-02 1.118400e-01 -4.032991e+02 -6.709028e-03 9.896108e-01 -1.436156e-01 -1.530217e+01 -1.139763e-01 1.419261e-01 9.832936e-01 1.888383e+02
9.876186e-01 2.256840e-02 1.552423e-01 -4.031609e+02 5.063700e-04 9.891338e-01 -1.470171e-01 -1.540659e+01 -1.568733e-01 1.452754e-01 9.768755e-01 1.894486e+02
9.789742e-01 2.077306e-02 2.029234e-01 -4.030006e+02 9.914394e-03 9.887798e-01 -1.490509e-01 -1.550143e+01 -2.037428e-01 1.479289e-01 9.677840e-01 1.900721e+02
9.674091e-01 2.011856e-02 2.524182e-01 -4.028054e+02 1.887793e-02 9.883345e-01 -1.511244e-01 -1.560563e+01 -2.525140e-01 1.509642e-01 9.557439e-01 1.907342e+02
9.533580e-01 1.706546e-02 3.013590e-01 -4.025894e+02 3.030637e-02 9.879433e-01 -1.518207e-01 -1.570986e+01 -3.003165e-01 1.538726e-01 9.413465e-01 1.913159e+02
9.366722e-01 1.630597e-02 3.498276e-01 -4.023443e+02 3.871801e-02 9.879702e-01 -1.497192e-01 -1.581135e+01 -3.480605e-01 1.537824e-01 9.247729e-01 1.919328e+02
9.177362e-01 1.498903e-02 3.969076e-01 -4.020675e+02 4.718396e-02 9.880974e-01 -1.464146e-01 -1.591575e+01 -3.943779e-01 1.530976e-01 9.061055e-01 1.925385e+02
8.965689e-01 1.447699e-02 4.426676e-01 -4.017649e+02 5.438000e-02 9.883054e-01 -1.424615e-01 -1.602201e+01 -4.395531e-01 1.517989e-01 8.852966e-01 1.931078e+02
8.730782e-01 1.540999e-02 4.873366e-01 -4.014202e+02 6.094503e-02 9.882127e-01 -1.404330e-01 -1.612555e+01 -4.837563e-01 1.523097e-01 8.618478e-01 1.936630e+02
8.470764e-01 2.110998e-02 5.310518e-01 -4.010691e+02 6.576978e-02 9.873666e-01 -1.441579e-01 -1.621744e+01 -5.273860e-01 1.570399e-01 8.349865e-01 1.941698e+02
8.182086e-01 2.448116e-02 5.744000e-01 -4.006763e+02 7.401602e-02 9.862933e-01 -1.474689e-01 -1.631248e+01 -5.701371e-01 1.631751e-01 8.051817e-01 1.946712e+02
7.868113e-01 2.994836e-02 6.164666e-01 -4.002429e+02 7.951369e-02 9.855798e-01 -1.493654e-01 -1.639678e+01 -6.120503e-01 1.665399e-01 7.730840e-01 1.951735e+02
7.529213e-01 3.029655e-02 6.574128e-01 -3.997977e+02 8.861169e-02 9.851763e-01 -1.468865e-01 -1.649731e+01 -6.521176e-01 1.688485e-01 7.390756e-01 1.956471e+02
7.170567e-01 2.847251e-02 6.964331e-01 -3.992785e+02 9.638952e-02 9.855146e-01 -1.395350e-01 -1.658271e+01 -6.903179e-01 1.671834e-01 7.039254e-01 1.961199e+02
6.802432e-01 2.670000e-02 7.325000e-01 -3.987709e+02 1.024797e-01 9.860567e-01 -1.311110e-01 -1.667552e+01 -7.257872e-01 1.642538e-01 6.680222e-01 1.965613e+02
6.426201e-01 2.734253e-02 7.656969e-01 -3.982335e+02 1.074085e-01 9.862796e-01 -1.253632e-01 -1.676914e+01 -7.586190e-01 1.628033e-01 6.308663e-01 1.969782e+02
6.049037e-01 2.671273e-02 7.958504e-01 -3.976788e+02 1.139242e-01 9.862528e-01 -1.196942e-01 -1.686131e+01 -7.881071e-01 1.630701e-01 5.935448e-01 1.973548e+02
5.682297e-01 2.899639e-02 8.223590e-01 -3.970133e+02 1.183376e-01 9.861110e-01 -1.165387e-01 -1.696008e+01 -8.143164e-01 1.635367e-01 5.569062e-01 1.977771e+02
5.322191e-01 2.876446e-02 8.461178e-01 -3.964053e+02 1.259637e-01 9.856079e-01 -1.127394e-01 -1.704636e+01 -8.371833e-01 1.665822e-01 5.209361e-01 1.981385e+02
4.978485e-01 2.872095e-02 8.667883e-01 -3.957738e+02 1.304835e-01 9.855942e-01 -1.076021e-01 -1.712118e+01 -8.573919e-01 1.666712e-01 4.869290e-01 1.984608e+02
4.640896e-01 2.989192e-02 8.852837e-01 -3.951337e+02 1.331108e-01 9.857278e-01 -1.030637e-01 -1.720010e+01 -8.757296e-01 1.656716e-01 4.534871e-01 1.987665e+02
4.311066e-01 3.114594e-02 9.017633e-01 -3.945545e+02 1.354264e-01 9.858496e-01 -9.879360e-02 -1.726398e+01 -8.920800e-01 1.647132e-01 4.207883e-01 1.990049e+02
3.995794e-01 3.201591e-02 9.161394e-01 -3.938507e+02 1.407688e-01 9.853934e-01 -9.583320e-02 -1.734292e+01 -9.058259e-01 1.672568e-01 3.892360e-01 1.992804e+02
3.702744e-01 3.407849e-02 9.282971e-01 -3.931882e+02 1.463476e-01 9.847069e-01 -9.452371e-02 -1.740357e+01 -9.173218e-01 1.708538e-01 3.596244e-01 1.995294e+02
3.430840e-01 3.175013e-02 9.387680e-01 -3.924459e+02 1.521238e-01 9.843563e-01 -8.888745e-02 -1.747839e+01 -9.269044e-01 1.733048e-01 3.328869e-01 1.997744e+02
3.194420e-01 2.889624e-02 9.471651e-01 -3.916884e+02 1.548454e-01 9.845082e-01 -8.225884e-02 -1.754499e+01 -9.348688e-01 1.729411e-01 3.100188e-01 2.000144e+02
2.982612e-01 2.619925e-02 9.541246e-01 -3.909077e+02 1.595441e-01 9.841912e-01 -7.689865e-02 -1.761438e+01 -9.410557e-01 1.751609e-01 2.893661e-01 2.002389e+02
2.794037e-01 2.659157e-02 9.598054e-01 -3.901054e+02 1.620892e-01 9.839639e-01 -7.444579e-02 -1.768673e+01 -9.463935e-01 1.763746e-01 2.706129e-01 2.004521e+02
2.626684e-01 2.960792e-02 9.644318e-01 -3.893103e+02 1.645309e-01 9.835161e-01 -7.500472e-02 -1.775526e+01 -9.507549e-01 1.783802e-01 2.534672e-01 2.006567e+02
2.475676e-01 3.187224e-02 9.683462e-01 -3.884897e+02 1.659939e-01 9.832857e-01 -7.480199e-02 -1.781800e+01 -9.545451e-01 1.792581e-01 2.381391e-01 2.008516e+02
2.229785e-01 3.021075e-02 9.743551e-01 -3.868230e+02 1.677209e-01 9.834257e-01 -6.887446e-02 -1.795747e+01 -9.602866e-01 1.787772e-01 2.142158e-01 2.012202e+02
2.137005e-01 2.887605e-02 9.764724e-01 -3.859024e+02 1.676016e-01 9.836586e-01 -6.576809e-02 -1.803548e+01 -9.624146e-01 1.777130e-01 2.053687e-01 2.014094e+02
2.062596e-01 2.689578e-02 9.781276e-01 -3.850216e+02 1.676621e-01 9.838671e-01 -6.240882e-02 -1.809755e+01 -9.640261e-01 1.768674e-01 1.984226e-01 2.015919e+02
2.006422e-01 2.528538e-02 9.793382e-01 -3.841167e+02 1.695317e-01 9.836886e-01 -6.013056e-02 -1.816175e+01 -9.648843e-01 1.780936e-01 1.930828e-01 2.017638e+02
1.968315e-01 2.469914e-02 9.801262e-01 -3.831987e+02 1.719848e-01 9.833121e-01 -5.931786e-02 -1.822340e+01 -9.652350e-01 1.802424e-01 1.892989e-01 2.019339e+02
1.939845e-01 2.549895e-02 9.806731e-01 -3.822849e+02 1.738900e-01 9.829383e-01 -5.995460e-02 -1.828930e+01 -9.654700e-01 1.821596e-01 1.862408e-01 2.020890e+02
1.906457e-01 2.558359e-02 9.813255e-01 -3.813832e+02 1.742936e-01 9.828954e-01 -5.948517e-02 -1.835935e+01 -9.660621e-01 1.823793e-01 1.829257e-01 2.022461e+02
1.868455e-01 2.449171e-02 9.820840e-01 -3.803913e+02 1.730425e-01 9.832378e-01 -5.744254e-02 -1.842930e+01 -9.670290e-01 1.806751e-01 1.794755e-01 2.024311e+02
1.829830e-01 2.353135e-02 9.828344e-01 -3.794251e+02 1.731276e-01 9.833188e-01 -5.577565e-02 -1.849830e+01 -9.677521e-01 1.803618e-01 1.758567e-01 2.026032e+02
1.783733e-01 2.403170e-02 9.836694e-01 -3.784452e+02 1.718028e-01 9.835846e-01 -5.518343e-02 -1.856576e+01 -9.688482e-01 1.788404e-01 1.713165e-01 2.027867e+02
1.737492e-01 2.614081e-02 9.844429e-01 -3.774951e+02 1.694053e-01 9.839527e-01 -5.602698e-02 -1.862988e+01 -9.701098e-01 1.765045e-01 1.665326e-01 2.029536e+02
1.689003e-01 2.924227e-02 9.851993e-01 -3.765542e+02 1.659306e-01 9.844499e-01 -5.766678e-02 -1.869026e+01 -9.715656e-01 1.732146e-01 1.614217e-01 2.031207e+02
1.640896e-01 3.171709e-02 9.859354e-01 -3.755715e+02 1.627523e-01 9.849150e-01 -5.877119e-02 -1.876343e+01 -9.729267e-01 1.701070e-01 1.564523e-01 2.032837e+02
1.592907e-01 3.309262e-02 9.866769e-01 -3.745641e+02 1.613035e-01 9.851348e-01 -5.908198e-02 -1.883193e+01 -9.739649e-01 1.685656e-01 1.515848e-01 2.034441e+02
1.548109e-01 3.304314e-02 9.873914e-01 -3.735729e+02 1.593551e-01 9.855181e-01 -5.796539e-02 -1.890543e+01 -9.750074e-01 1.663196e-01 1.473034e-01 2.035925e+02
1.502537e-01 3.291410e-02 9.880994e-01 -3.725447e+02 1.583234e-01 9.857458e-01 -5.691089e-02 -1.896754e+01 -9.758881e-01 1.649904e-01 1.429009e-01 2.037407e+02
1.454292e-01 3.224107e-02 9.888432e-01 -3.715206e+02 1.567995e-01 9.860860e-01 -5.521168e-02 -1.904330e+01 -9.768645e-01 1.630795e-01 1.383503e-01 2.038868e+02
1.403948e-01 3.209031e-02 9.895754e-01 -3.704816e+02 1.550953e-01 9.864230e-01 -5.399204e-02 -1.911594e+01 -9.778726e-01 1.610587e-01 1.335116e-01 2.040520e+02
1.359910e-01 3.062954e-02 9.902365e-01 -3.694648e+02 1.547236e-01 9.866007e-01 -5.176556e-02 -1.918913e+01 -9.785535e-01 1.602526e-01 1.294297e-01 2.041849e+02
1.321497e-01 2.833595e-02 9.908247e-01 -3.684489e+02 1.556659e-01 9.865949e-01 -4.897668e-02 -1.925433e+01 -9.789303e-01 1.607098e-01 1.259673e-01 2.043011e+02
1.281800e-01 2.608677e-02 9.914078e-01 -3.674192e+02 1.558535e-01 9.867032e-01 -4.611342e-02 -1.931744e+01 -9.794282e-01 1.604252e-01 1.224099e-01 2.044346e+02
1.250079e-01 2.579193e-02 9.918204e-01 -3.664087e+02 1.567605e-01 9.865920e-01 -4.541389e-02 -1.938382e+01 -9.796934e-01 1.611554e-01 1.192887e-01 2.045494e+02
1.189317e-01 3.444245e-02 9.923049e-01 -3.643778e+02 1.552961e-01 9.864531e-01 -5.285221e-02 -1.951931e+01 -9.806826e-01 1.603869e-01 1.119718e-01 2.048005e+02
1.164817e-01 3.800038e-02 9.924656e-01 -3.634250e+02 1.540027e-01 9.864909e-01 -5.584629e-02 -1.958209e+01 -9.811805e-01 1.593475e-01 1.090560e-01 2.048887e+02
1.130277e-01 3.877820e-02 9.928348e-01 -3.624056e+02 1.506348e-01 9.870191e-01 -5.569983e-02 -1.965218e+01 -9.821069e-01 1.558511e-01 1.057191e-01 2.050063e+02
1.100733e-01 3.697326e-02 9.932355e-01 -3.614317e+02 1.480276e-01 9.875531e-01 -5.316659e-02 -1.972340e+01 -9.828386e-01 1.528785e-01 1.032302e-01 2.051030e+02
1.065513e-01 3.321763e-02 9.937522e-01 -3.604537e+02 1.464555e-01 9.880163e-01 -4.872903e-02 -1.978969e+01 -9.834621e-01 1.507326e-01 1.004095e-01 2.051882e+02
1.025903e-01 3.250512e-02 9.941925e-01 -3.594235e+02 1.446162e-01 9.883597e-01 -4.723730e-02 -1.985526e+01 -9.841552e-01 1.486224e-01 9.669534e-02 2.052886e+02
9.804059e-02 3.650850e-02 9.945125e-01 -3.584115e+02 1.410836e-01 9.887239e-01 -5.020424e-02 -1.992052e+01 -9.851312e-01 1.452314e-01 9.178432e-02 2.053888e+02
9.284289e-02 3.911912e-02 9.949120e-01 -3.573906e+02 1.387509e-01 9.889699e-01 -5.183339e-02 -1.999303e+01 -9.859657e-01 1.428573e-01 8.639101e-02 2.054837e+02
8.689059e-02 3.795710e-02 9.954945e-01 -3.563668e+02 1.358548e-01 9.894871e-01 -4.958598e-02 -2.003810e+01 -9.869111e-01 1.395513e-01 8.082046e-02 2.055610e+02
8.036214e-02 3.718861e-02 9.960718e-01 -3.553484e+02 1.345724e-01 9.897497e-01 -4.780975e-02 -2.010490e+01 -9.876397e-01 1.378858e-01 7.453384e-02 2.056455e+02
7.359330e-02 3.737223e-02 9.965879e-01 -3.543824e+02 1.350551e-01 9.897186e-01 -4.708780e-02 -2.017172e+01 -9.881013e-01 1.380596e-01 6.778935e-02 2.057423e+02
6.761417e-02 3.616335e-02 9.970559e-01 -3.533515e+02 1.372407e-01 9.895061e-01 -4.519633e-02 -2.022733e+01 -9.882274e-01 1.398926e-01 6.194155e-02 2.058109e+02
6.157153e-02 3.360885e-02 9.975367e-01 -3.523139e+02 1.378782e-01 9.895646e-01 -4.185059e-02 -2.027327e+01 -9.885335e-01 1.401153e-01 5.629508e-02 2.058546e+02
5.561842e-02 3.144245e-02 9.979569e-01 -3.512923e+02 1.398543e-01 9.894050e-01 -3.896741e-02 -2.032480e+01 -9.886088e-01 1.417359e-01 5.063179e-02 2.059126e+02
5.074653e-02 3.344710e-02 9.981513e-01 -3.502518e+02 1.439545e-01 9.887572e-01 -4.045103e-02 -2.037282e+01 -9.882823e-01 1.457411e-01 4.536114e-02 2.059463e+02
4.702125e-02 3.868369e-02 9.981446e-01 -3.492400e+02 1.481642e-01 9.879262e-01 -4.526749e-02 -2.042143e+01 -9.878443e-01 1.500178e-01 4.072198e-02 2.059725e+02
4.424669e-02 4.107845e-02 9.981757e-01 -3.482063e+02 1.515633e-01 9.873128e-01 -4.734983e-02 -2.047989e+01 -9.874567e-01 1.533819e-01 3.745934e-02 2.060132e+02
4.245861e-02 3.585987e-02 9.984545e-01 -3.471927e+02 1.514144e-01 9.875816e-01 -4.190816e-02 -2.054103e+01 -9.875581e-01 1.529598e-01 3.650164e-02 2.060594e+02
4.272522e-02 2.978290e-02 9.986428e-01 -3.461831e+02 1.554913e-01 9.871777e-01 -3.609340e-02 -2.060365e+01 -9.869129e-01 1.568223e-01 3.754641e-02 2.060896e+02
4.380012e-02 2.638957e-02 9.986917e-01 -3.451608e+02 1.579697e-01 9.868922e-01 -3.300593e-02 -2.065207e+01 -9.864721e-01 1.592087e-01 3.905724e-02 2.061281e+02
4.594781e-02 3.173205e-02 9.984397e-01 -3.441885e+02 1.619438e-01 9.860373e-01 -3.879047e-02 -2.070378e+01 -9.857297e-01 1.634734e-01 4.016745e-02 2.061625e+02
4.907761e-02 3.663435e-02 9.981229e-01 -3.431615e+02 1.641402e-01 9.854445e-01 -4.423977e-02 -2.076212e+01 -9.852154e-01 1.660033e-01 4.235009e-02 2.062105e+02
5.484112e-02 4.085056e-02 9.976591e-01 -3.421280e+02 1.733038e-01 9.836085e-01 -4.980171e-02 -2.082405e+01 -9.833404e-01 1.756293e-01 4.686263e-02 2.062545e+02
6.154838e-02 4.038629e-02 9.972867e-01 -3.411373e+02 1.774305e-01 9.828239e-01 -5.075087e-02 -2.089869e+01 -9.822068e-01 1.800727e-01 5.332546e-02 2.063039e+02
6.699940e-02 3.957225e-02 9.969680e-01 -3.401036e+02 1.773828e-01 9.828231e-01 -5.093149e-02 -2.096065e+01 -9.818587e-01 1.802574e-01 5.882913e-02 2.063594e+02
7.259491e-02 3.682777e-02 9.966813e-01 -3.390708e+02 1.770069e-01 9.829784e-01 -4.921403e-02 -2.101349e+01 -9.815287e-01 1.799922e-01 6.484046e-02 2.064141e+02
7.923732e-02 3.621555e-02 9.961977e-01 -3.380755e+02 1.774761e-01 9.828619e-01 -4.984715e-02 -2.108673e+01 -9.809300e-01 1.807511e-01 7.145194e-02 2.064708e+02
8.614313e-02 3.974391e-02 9.954897e-01 -3.370882e+02 1.785489e-01 9.824109e-01 -5.467220e-02 -2.115247e+01 -9.801529e-01 1.824532e-01 7.753172e-02 2.065683e+02
9.443112e-02 4.164095e-02 9.946601e-01 -3.360475e+02 1.806330e-01 9.818240e-01 -5.825252e-02 -2.122257e+01 -9.790069e-01 1.851693e-01 8.519301e-02 2.066481e+02
1.019627e-01 3.865877e-02 9.940368e-01 -3.350451e+02 1.812317e-01 9.818004e-01 -5.677261e-02 -2.128780e+01 -9.781404e-01 1.859396e-01 9.310081e-02 2.067435e+02
1.094499e-01 3.525127e-02 9.933670e-01 -3.340267e+02 1.825514e-01 9.816596e-01 -5.494946e-02 -2.137552e+01 -9.770853e-01 1.873548e-01 1.010074e-01 2.068433e+02
1.162692e-01 3.706329e-02 9.925260e-01 -3.330235e+02 1.816276e-01 9.816593e-01 -5.793423e-02 -2.146170e+01 -9.764696e-01 1.870061e-01 1.074051e-01 2.069712e+02
1.235062e-01 4.044188e-02 9.915194e-01 -3.320232e+02 1.804859e-01 9.815886e-01 -6.251862e-02 -2.152610e+01 -9.757925e-01 1.866767e-01 1.139331e-01 2.070996e+02
1.303824e-01 4.051268e-02 9.906357e-01 -3.310394e+02 1.793778e-01 9.817121e-01 -6.375653e-02 -2.159771e+01 -9.751021e-01 1.860107e-01 1.207309e-01 2.072377e+02
1.368811e-01 3.763508e-02 9.898723e-01 -3.300380e+02 1.797975e-01 9.817359e-01 -6.218841e-02 -2.168625e+01 -9.741337e-01 1.864890e-01 1.276144e-01 2.073801e+02
1.475133e-01 3.550168e-02 9.884227e-01 -3.280528e+02 1.763197e-01 9.824036e-01 -6.159964e-02 -2.185381e+01 -9.732169e-01 1.833652e-01 1.386580e-01 2.076524e+02
1.512015e-01 3.617655e-02 9.878408e-01 -3.270889e+02 1.749956e-01 9.825664e-01 -6.276867e-02 -2.193010e+01 -9.728898e-01 1.823585e-01 1.422348e-01 2.077732e+02
1.538757e-01 3.819398e-02 9.873518e-01 -3.260967e+02 1.727673e-01 9.828193e-01 -6.494389e-02 -2.201231e+01 -9.728688e-01 1.805754e-01 1.446333e-01 2.079136e+02
1.561586e-01 4.005114e-02 9.869197e-01 -3.250846e+02 1.721544e-01 9.827804e-01 -6.712286e-02 -2.208692e+01 -9.726137e-01 1.803844e-01 1.465746e-01 2.080645e+02
1.597170e-01 3.267357e-02 9.866220e-01 -3.230865e+02 1.704574e-01 9.835265e-01 -6.016515e-02 -2.225343e+01 -9.723347e-01 1.777864e-01 1.515164e-01 2.083892e+02
1.607362e-01 2.963989e-02 9.865523e-01 -3.220539e+02 1.694676e-01 9.838762e-01 -5.717037e-02 -2.232925e+01 -9.723398e-01 1.763780e-01 1.531215e-01 2.085672e+02
1.618888e-01 2.813328e-02 9.864079e-01 -3.210266e+02 1.677277e-01 9.842642e-01 -5.559953e-02 -2.241587e+01 -9.724502e-01 1.744489e-01 1.546226e-01 2.087201e+02
1.622312e-01 2.840987e-02 9.863437e-01 -3.200172e+02 1.667721e-01 9.844161e-01 -5.578458e-02 -2.248860e+01 -9.725575e-01 1.735446e-01 1.549650e-01 2.088837e+02
1.628660e-01 3.010580e-02 9.861888e-01 -3.190141e+02 1.642351e-01 9.847623e-01 -5.718515e-02 -2.256773e+01 -9.728831e-01 1.712803e-01 1.554398e-01 2.090392e+02
1.634868e-01 3.125207e-02 9.860504e-01 -3.179997e+02 1.634368e-01 9.848290e-01 -5.831111e-02 -2.264640e+01 -9.729134e-01 1.706900e-01 1.558988e-01 2.092022e+02
1.636267e-01 3.187181e-02 9.860074e-01 -3.170127e+02 1.611558e-01 9.851884e-01 -5.858894e-02 -2.271505e+01 -9.732703e-01 1.684876e-01 1.560668e-01 2.093653e+02
1.622411e-01 3.317159e-02 9.861934e-01 -3.160015e+02 1.577750e-01 9.857043e-01 -5.911110e-02 -2.278909e+01 -9.740559e-01 1.651869e-01 1.546881e-01 2.095389e+02
1.601551e-01 3.378022e-02 9.865137e-01 -3.149787e+02 1.545131e-01 9.862362e-01 -5.885507e-02 -2.286202e+01 -9.749236e-01 1.618552e-01 1.527313e-01 2.097103e+02
1.574395e-01 3.473365e-02 9.869176e-01 -3.139934e+02 1.515627e-01 9.866910e-01 -5.890394e-02 -2.293378e+01 -9.758286e-01 1.588537e-01 1.500798e-01 2.098745e+02
1.547445e-01 3.338503e-02 9.873903e-01 -3.130000e+02 1.508953e-01 9.869041e-01 -5.701702e-02 -2.300850e+01 -9.763630e-01 1.578157e-01 1.476804e-01 2.100335e+02
1.530002e-01 3.377460e-02 9.876488e-01 -3.119747e+02 1.508040e-01 9.869126e-01 -5.711100e-02 -2.308537e+01 -9.766520e-01 1.576794e-01 1.459045e-01 2.101831e+02
1.524036e-01 3.367564e-02 9.877444e-01 -3.109983e+02 1.528419e-01 9.865928e-01 -5.721905e-02 -2.315515e+01 -9.764284e-01 1.596891e-01 1.452133e-01 2.103179e+02
1.526678e-01 3.437305e-02 9.876796e-01 -3.100089e+02 1.523650e-01 9.866275e-01 -5.788783e-02 -2.322740e+01 -9.764617e-01 1.593254e-01 1.453891e-01 2.104538e+02
1.527660e-01 3.659226e-02 9.875847e-01 -3.080802e+02 1.511933e-01 9.866849e-01 -5.994648e-02 -2.336557e+01 -9.766285e-01 1.584740e-01 1.451993e-01 2.107356e+02
1.527306e-01 3.591187e-02 9.876152e-01 -3.071283e+02 1.507760e-01 9.867938e-01 -5.919889e-02 -2.344164e+01 -9.766985e-01 1.579502e-01 1.452990e-01 2.108637e+02
1.527210e-01 3.600330e-02 9.876133e-01 -3.061677e+02 1.490932e-01 9.870591e-01 -5.903834e-02 -2.352407e+01 -9.769583e-01 1.562628e-01 1.453768e-01 2.110017e+02
1.519901e-01 3.823766e-02 9.876421e-01 -3.051998e+02 1.489222e-01 9.869577e-01 -6.112907e-02 -2.360312e+01 -9.770984e-01 1.563728e-01 1.443133e-01 2.111437e+02
1.503395e-01 4.197246e-02 9.877431e-01 -3.042516e+02 1.487006e-01 9.867723e-01 -6.456419e-02 -2.367652e+01 -9.773874e-01 1.565845e-01 1.421095e-01 2.112884e+02
1.484782e-01 4.406864e-02 9.879333e-01 -3.033043e+02 1.466757e-01 9.869757e-01 -6.607007e-02 -2.374919e+01 -9.779777e-01 1.547158e-01 1.400805e-01 2.114154e+02
1.465604e-01 4.476004e-02 9.881885e-01 -3.023571e+02 1.441687e-01 9.873427e-01 -6.610370e-02 -2.383375e+01 -9.786396e-01 1.521540e-01 1.382523e-01 2.115556e+02
1.443341e-01 4.454852e-02 9.885257e-01 -3.014207e+02 1.441723e-01 9.873793e-01 -6.554737e-02 -2.391677e+01 -9.789699e-01 1.519787e-01 1.360898e-01 2.116848e+02
1.411009e-01 4.469569e-02 9.889858e-01 -3.004608e+02 1.437394e-01 9.874697e-01 -6.513481e-02 -2.399649e+01 -9.795047e-01 1.513468e-01 1.329084e-01 2.118328e+02
1.366073e-01 4.312850e-02 9.896860e-01 -2.986378e+02 1.454043e-01 9.873582e-01 -6.309735e-02 -2.413130e+01 -9.798959e-01 1.525242e-01 1.286092e-01 2.120666e+02
1.337717e-01 4.226780e-02 9.901104e-01 -2.977564e+02 1.450148e-01 9.875008e-01 -6.174904e-02 -2.420520e+01 -9.803448e-01 1.518409e-01 1.259702e-01 2.121874e+02
1.308995e-01 4.303282e-02 9.904613e-01 -2.968598e+02 1.461287e-01 9.873077e-01 -6.220820e-02 -2.428137e+01 -9.805670e-01 1.528778e-01 1.229498e-01 2.123067e+02
1.285537e-01 4.552342e-02 9.906571e-01 -2.959610e+02 1.483678e-01 9.868200e-01 -6.460021e-02 -2.434597e+01 -9.805411e-01 1.552862e-01 1.201051e-01 2.124136e+02
1.258579e-01 4.713559e-02 9.909279e-01 -2.950870e+02 1.486215e-01 9.867019e-01 -6.581101e-02 -2.442111e+01 -9.808524e-01 1.555560e-01 1.171789e-01 2.125144e+02
1.232147e-01 4.828269e-02 9.912048e-01 -2.942025e+02 1.499120e-01 9.864478e-01 -6.668625e-02 -2.449286e+01 -9.809916e-01 1.568103e-01 1.143068e-01 2.126144e+02
1.215633e-01 4.747942e-02 9.914475e-01 -2.933319e+02 1.511978e-01 9.863130e-01 -6.577219e-02 -2.456296e+01 -9.810003e-01 1.579001e-01 1.127206e-01 2.127142e+02
1.197801e-01 4.514939e-02 9.917733e-01 -2.924582e+02 1.520554e-01 9.863450e-01 -6.326657e-02 -2.463499e+01 -9.810871e-01 1.583826e-01 1.112793e-01 2.128094e+02
1.182323e-01 4.251658e-02 9.920753e-01 -2.916054e+02 1.535881e-01 9.862767e-01 -6.057221e-02 -2.471185e+01 -9.810361e-01 1.595326e-01 1.100798e-01 2.129069e+02
1.165641e-01 4.324004e-02 9.922415e-01 -2.899214e+02 1.530022e-01 9.863440e-01 -6.095705e-02 -2.484951e+01 -9.813272e-01 1.589205e-01 1.083565e-01 2.130935e+02
1.162582e-01 4.412945e-02 9.922382e-01 -2.891159e+02 1.529186e-01 9.863056e-01 -6.178271e-02 -2.491071e+01 -9.813765e-01 1.589144e-01 1.079179e-01 2.131760e+02
1.148002e-01 4.411525e-02 9.924086e-01 -2.883382e+02 1.529355e-01 9.863184e-01 -6.153585e-02 -2.497375e+01 -9.815455e-01 1.588388e-01 1.064827e-01 2.132783e+02
1.146499e-01 4.482597e-02 9.923941e-01 -2.875651e+02 1.532802e-01 9.862198e-01 -6.225533e-02 -2.502528e+01 -9.815093e-01 1.592519e-01 1.061991e-01 2.133618e+02
1.146789e-01 4.393631e-02 9.924305e-01 -2.867945e+02 1.533549e-01 9.862628e-01 -6.138395e-02 -2.509178e+01 -9.814943e-01 1.592335e-01 1.063656e-01 2.134492e+02
1.173409e-01 4.006742e-02 9.922831e-01 -2.854436e+02 1.574280e-01 9.858008e-01 -5.842208e-02 -2.512547e+01 -9.805343e-01 1.630684e-01 1.093670e-01 2.135473e+02
1.177781e-01 3.734064e-02 9.923376e-01 -2.846932e+02 1.572116e-01 9.859895e-01 -5.576082e-02 -2.518321e+01 -9.805166e-01 1.625744e-01 1.102576e-01 2.136342e+02
1.187866e-01 3.649758e-02 9.922488e-01 -2.839419e+02 1.582292e-01 9.858580e-01 -5.520485e-02 -2.523855e+01 -9.802312e-01 1.635603e-01 1.113318e-01 2.137141e+02
1.205616e-01 3.624706e-02 9.920439e-01 -2.832337e+02 1.607752e-01 9.854269e-01 -5.554406e-02 -2.527736e+01 -9.796000e-01 1.661925e-01 1.129771e-01 2.137773e+02
1.217341e-01 3.766538e-02 9.918478e-01 -2.825536e+02 1.600802e-01 9.854529e-01 -5.706992e-02 -2.530190e+01 -9.795689e-01 1.657225e-01 1.139337e-01 2.138360e+02
1.225212e-01 3.916900e-02 9.916927e-01 -2.818535e+02 1.600504e-01 9.853624e-01 -5.869281e-02 -2.535274e+01 -9.794756e-01 1.659119e-01 1.144588e-01 2.139131e+02
1.230938e-01 3.983078e-02 9.915954e-01 -2.811476e+02 1.586373e-01 9.855557e-01 -5.928094e-02 -2.541755e+01 -9.796337e-01 1.646011e-01 1.149971e-01 2.139958e+02
1.238683e-01 3.999904e-02 9.914922e-01 -2.804382e+02 1.592117e-01 9.854411e-01 -5.964542e-02 -2.546583e+01 -9.794429e-01 1.652453e-01 1.156966e-01 2.140755e+02
1.251226e-01 3.942181e-02 9.913578e-01 -2.798131e+02 1.598052e-01 9.853626e-01 -5.935297e-02 -2.550301e+01 -9.791867e-01 1.658506e-01 1.169913e-01 2.141406e+02
1.257483e-01 3.930368e-02 9.912833e-01 -2.791448e+02 1.604982e-01 9.852457e-01 -5.942414e-02 -2.555465e+01 -9.789932e-01 1.665717e-01 1.175848e-01 2.142265e+02
1.261714e-01 4.014675e-02 9.911957e-01 -2.784780e+02 1.606388e-01 9.851665e-01 -6.035059e-02 -2.560748e+01 -9.789157e-01 1.668390e-01 1.178507e-01 2.143071e+02
1.283082e-01 4.185066e-02 9.908509e-01 -2.764945e+02 1.613098e-01 9.849235e-01 -6.248879e-02 -2.576162e+01 -9.785275e-01 1.678518e-01 1.196229e-01 2.145705e+02
1.288040e-01 4.224899e-02 9.907697e-01 -2.758777e+02 1.606018e-01 9.850141e-01 -6.288243e-02 -2.581222e+01 -9.785789e-01 1.672189e-01 1.200885e-01 2.146504e+02
1.294302e-01 4.229966e-02 9.906859e-01 -2.752600e+02 1.607685e-01 9.849756e-01 -6.305978e-02 -2.586128e+01 -9.784689e-01 1.674329e-01 1.206852e-01 2.147254e+02
1.300083e-01 4.302157e-02 9.905791e-01 -2.746551e+02 1.605494e-01 9.849605e-01 -6.384882e-02 -2.590652e+01 -9.784282e-01 1.673378e-01 1.211460e-01 2.148029e+02
1.306841e-01 4.372663e-02 9.904593e-01 -2.740591e+02 1.604346e-01 9.849269e-01 -6.465059e-02 -2.595817e+01 -9.783570e-01 1.673528e-01 1.216990e-01 2.148785e+02
1.313951e-01 4.357321e-02 9.903720e-01 -2.734844e+02 1.614067e-01 9.847622e-01 -6.474062e-02 -2.600704e+01 -9.781018e-01 1.683593e-01 1.223599e-01 2.149475e+02
1.313859e-01 4.376855e-02 9.903646e-01 -2.729021e+02 1.608963e-01 9.848372e-01 -6.486945e-02 -2.605751e+01 -9.781872e-01 1.678689e-01 1.223515e-01 2.150301e+02
1.315520e-01 4.365829e-02 9.903474e-01 -2.723368e+02 1.608911e-01 9.848435e-01 -6.478749e-02 -2.610041e+01 -9.781657e-01 1.678610e-01 1.225339e-01 2.150973e+02
1.318088e-01 4.290973e-02 9.903460e-01 -2.717726e+02 1.600559e-01 9.850322e-01 -6.398191e-02 -2.615400e+01 -9.782681e-01 1.669441e-01 1.229679e-01 2.151651e+02
1.317394e-01 4.271530e-02 9.903636e-01 -2.712035e+02 1.602930e-01 9.850050e-01 -6.380655e-02 -2.620165e+01 -9.782387e-01 1.671542e-01 1.229170e-01 2.152377e+02
1.320817e-01 4.307781e-02 9.903023e-01 -2.706529e+02 1.599716e-01 9.850327e-01 -6.418482e-02 -2.624303e+01 -9.782451e-01 1.668979e-01 1.232135e-01 2.153050e+02
1.324838e-01 4.341657e-02 9.902338e-01 -2.695409e+02 1.603801e-01 9.849364e-01 -6.464164e-02 -2.633491e+01 -9.781238e-01 1.673778e-01 1.235250e-01 2.154395e+02
1.325331e-01 4.453024e-02 9.901778e-01 -2.689380e+02 1.584330e-01 9.851940e-01 -6.551202e-02 -2.636579e+01 -9.784344e-01 1.655594e-01 1.235158e-01 2.154969e+02
1.324934e-01 4.776672e-02 9.900322e-01 -2.678362e+02 1.570970e-01 9.852007e-01 -6.855747e-02 -2.645978e+01 -9.786552e-01 1.646145e-01 1.230286e-01 2.156397e+02
1.327823e-01 4.963434e-02 9.899017e-01 -2.672973e+02 1.578838e-01 9.849333e-01 -7.056325e-02 -2.650482e+01 -9.784894e-01 1.656590e-01 1.229452e-01 2.157050e+02
1.331459e-01 5.060478e-02 9.898037e-01 -2.667658e+02 1.588648e-01 9.846924e-01 -7.171355e-02 -2.655037e+01 -9.782812e-01 1.667933e-01 1.230685e-01 2.157675e+02
1.330192e-01 5.098466e-02 9.898012e-01 -2.662333e+02 1.568491e-01 9.850080e-01 -7.181669e-02 -2.659017e+01 -9.786236e-01 1.648025e-01 1.230281e-01 2.158454e+02
1.333376e-01 4.961182e-02 9.898281e-01 -2.656579e+02 1.547884e-01 9.854473e-01 -7.024346e-02 -2.662553e+01 -9.789084e-01 1.625800e-01 1.237178e-01 2.158991e+02
1.334876e-01 4.838228e-02 9.898688e-01 -2.651149e+02 1.553140e-01 9.854447e-01 -6.911073e-02 -2.667604e+01 -9.788047e-01 1.629659e-01 1.240302e-01 2.159669e+02
1.338623e-01 4.867642e-02 9.898038e-01 -2.645472e+02 1.543523e-01 9.855795e-01 -6.934347e-02 -2.670889e+01 -9.789056e-01 1.620609e-01 1.244186e-01 2.160202e+02
1.344288e-01 4.861245e-02 9.897301e-01 -2.640183e+02 1.550823e-01 9.854562e-01 -6.946638e-02 -2.675899e+01 -9.787126e-01 1.628279e-01 1.249348e-01 2.160892e+02
1.347773e-01 4.934840e-02 9.896463e-01 -2.634842e+02 1.539932e-01 9.855809e-01 -7.011761e-02 -2.680191e+01 -9.788366e-01 1.618491e-01 1.252346e-01 2.161527e+02
1.352910e-01 5.098597e-02 9.894932e-01 -2.629635e+02 1.516974e-01 9.858347e-01 -7.153867e-02 -2.683838e+01 -9.791242e-01 1.597820e-01 1.256401e-01 2.162127e+02
1.360954e-01 5.161388e-02 9.893503e-01 -2.624593e+02 1.507408e-01 9.859353e-01 -7.217169e-02 -2.688045e+01 -9.791605e-01 1.589577e-01 1.264010e-01 2.162779e+02
1.370913e-01 5.082331e-02 9.892537e-01 -2.619360e+02 1.515320e-01 9.858522e-01 -7.164794e-02 -2.692559e+01 -9.788994e-01 1.597259e-01 1.274504e-01 2.163467e+02
1.385572e-01 5.066139e-02 9.890578e-01 -2.614860e+02 1.525099e-01 9.856864e-01 -7.185383e-02 -2.695705e+01 -9.785411e-01 1.607970e-01 1.288476e-01 2.163837e+02
1.413054e-01 5.281332e-02 9.885563e-01 -2.611844e+02 1.591930e-01 9.843682e-01 -7.534482e-02 -2.695413e+01 -9.770826e-01 1.680179e-01 1.306891e-01 2.163893e+02
1.431167e-01 5.724642e-02 9.880488e-01 -2.606958e+02 1.569653e-01 9.843773e-01 -7.976978e-02 -2.699589e+01 -9.771794e-01 1.665058e-01 1.318952e-01 2.164430e+02
1.468461e-01 6.508382e-02 9.870159e-01 -2.597861e+02 1.627269e-01 9.826484e-01 -8.900599e-02 -2.704087e+01 -9.756824e-01 1.736842e-01 1.337072e-01 2.165455e+02
1.482241e-01 6.828986e-02 9.865932e-01 -2.593183e+02 1.629942e-01 9.822833e-01 -9.247951e-02 -2.707960e+01 -9.754294e-01 1.745166e-01 1.344672e-01 2.166095e+02
1.495452e-01 6.913405e-02 9.863350e-01 -2.588972e+02 1.639780e-01 9.820046e-01 -9.369237e-02 -2.711272e+01 -9.750628e-01 1.757484e-01 1.355176e-01 2.166456e+02
1.497974e-01 6.901639e-02 9.863050e-01 -2.584332e+02 1.600183e-01 9.827168e-01 -9.306848e-02 -2.716453e+01 -9.756817e-01 1.717683e-01 1.361646e-01 2.167089e+02
1.507060e-01 6.859674e-02 9.861958e-01 -2.579992e+02 1.615604e-01 9.824685e-01 -9.302641e-02 -2.716807e+01 -9.752876e-01 1.733498e-01 1.369814e-01 2.167610e+02
1.509002e-01 6.735175e-02 9.862519e-01 -2.574946e+02 1.606276e-01 9.827471e-01 -9.168902e-02 -2.722494e+01 -9.754117e-01 1.722551e-01 1.374782e-01 2.168336e+02
1.513453e-01 6.612356e-02 9.862668e-01 -2.570213e+02 1.618898e-01 9.826297e-01 -9.072214e-02 -2.727414e+01 -9.751340e-01 1.733969e-01 1.380117e-01 2.168895e+02
1.513341e-01 6.686205e-02 9.862188e-01 -2.565511e+02 1.596030e-01 9.829658e-01 -9.113241e-02 -2.732873e+01 -9.755126e-01 1.711950e-01 1.380849e-01 2.169444e+02
1.513184e-01 6.995611e-02 9.860065e-01 -2.561547e+02 1.590150e-01 9.827785e-01 -9.413048e-02 -2.732793e+01 -9.756111e-01 1.710335e-01 1.375884e-01 2.169948e+02
1.508309e-01 7.224993e-02 9.859158e-01 -2.556315e+02 1.571682e-01 9.828877e-01 -9.607250e-02 -2.739436e+01 -9.759858e-01 1.694453e-01 1.368945e-01 2.170416e+02
1.500661e-01 7.430694e-02 9.858796e-01 -2.552108e+02 1.575233e-01 9.826365e-01 -9.803997e-02 -2.738148e+01 -9.760464e-01 1.700115e-01 1.357553e-01 2.170727e+02
1.484853e-01 7.595287e-02 9.859935e-01 -2.547269e+02 1.576793e-01 9.824721e-01 -9.942728e-02 -2.743476e+01 -9.762629e-01 1.702343e-01 1.339065e-01 2.171385e+02
1.466458e-01 7.710796e-02 9.861792e-01 -2.542469e+02 1.572681e-01 9.824592e-01 -1.002030e-01 -2.749242e+01 -9.766073e-01 1.697889e-01 1.319469e-01 2.172062e+02
1.448752e-01 7.654083e-02 9.864850e-01 -2.537643e+02 1.560626e-01 9.827561e-01 -9.917086e-02 -2.753993e+01 -9.770648e-01 1.683208e-01 1.304318e-01 2.172739e+02
1.432862e-01 7.550285e-02 9.867970e-01 -2.532399e+02 1.560730e-01 9.828853e-01 -9.786586e-02 -2.759450e+01 -9.772974e-01 1.680352e-01 1.290499e-01 2.173452e+02
1.415599e-01 7.537548e-02 9.870559e-01 -2.527150e+02 1.559479e-01 9.829487e-01 -9.742731e-02 -2.765188e+01 -9.775690e-01 1.677211e-01 1.273914e-01 2.174293e+02
1.399446e-01 7.472899e-02 9.873353e-01 -2.522070e+02 1.555221e-01 9.831122e-01 -9.645301e-02 -2.770787e+01 -9.778693e-01 1.670505e-01 1.259593e-01 2.174978e+02
1.377988e-01 7.205862e-02 9.878355e-01 -2.511976e+02 1.568477e-01 9.831776e-01 -9.359841e-02 -2.781832e+01 -9.779623e-01 1.678374e-01 1.241785e-01 2.176213e+02
1.364846e-01 7.082886e-02 9.881069e-01 -2.507062e+02 1.589899e-01 9.829450e-01 -9.241970e-02 -2.786391e+01 -9.778007e-01 1.697129e-01 1.228958e-01 2.176850e+02
1.351582e-01 6.844669e-02 9.884570e-01 -2.501580e+02 1.597197e-01 9.830592e-01 -8.991244e-02 -2.791295e+01 -9.778660e-01 1.700285e-01 1.219363e-01 2.177521e+02
1.338998e-01 6.567754e-02 9.888161e-01 -2.496749e+02 1.604408e-01 9.832011e-01 -8.703057e-02 -2.794939e+01 -9.779210e-01 1.702999e-01 1.211131e-01 2.178188e+02
1.326355e-01 6.326054e-02 9.891440e-01 -2.491557e+02 1.602504e-01 9.834627e-01 -8.438537e-02 -2.799666e+01 -9.781245e-01 1.697033e-01 1.203046e-01 2.178781e+02
1.313113e-01 6.061962e-02 9.894860e-01 -2.486465e+02 1.600109e-01 9.837448e-01 -8.150239e-02 -2.805497e+01 -9.783424e-01 1.690307e-01 1.194770e-01 2.179419e+02
1.304629e-01 5.792426e-02 9.897597e-01 -2.481457e+02 1.599756e-01 9.839809e-01 -7.867288e-02 -2.809626e+01 -9.784617e-01 1.686013e-01 1.191065e-01 2.179978e+02
1.296765e-01 5.570068e-02 9.899906e-01 -2.476255e+02 1.623639e-01 9.837519e-01 -7.661732e-02 -2.815059e+01 -9.781728e-01 1.706742e-01 1.185257e-01 2.180560e+02
1.269246e-01 5.414451e-02 9.904335e-01 -2.466065e+02 1.649652e-01 9.834511e-01 -7.490318e-02 -2.825953e+01 -9.780985e-01 1.728941e-01 1.158922e-01 2.181818e+02
1.256311e-01 5.442831e-02 9.905829e-01 -2.460850e+02 1.636169e-01 9.836841e-01 -7.480004e-02 -2.830843e+01 -9.784919e-01 1.714733e-01 1.146759e-01 2.182411e+02
1.234413e-01 5.503969e-02 9.908243e-01 -2.455420e+02 1.617441e-01 9.839930e-01 -7.481101e-02 -2.835030e+01 -9.790818e-01 1.694947e-01 1.125630e-01 2.183004e+02
1.202305e-01 5.537525e-02 9.912004e-01 -2.450351e+02 1.604108e-01 9.842390e-01 -7.444384e-02 -2.839946e+01 -9.797005e-01 1.679497e-01 1.094528e-01 2.183609e+02
1.160077e-01 5.546923e-02 9.916982e-01 -2.445052e+02 1.611208e-01 9.841644e-01 -7.389557e-02 -2.844579e+01 -9.800930e-01 1.683557e-01 1.052334e-01 2.184149e+02
1.105432e-01 5.522902e-02 9.923356e-01 -2.439895e+02 1.641557e-01 9.837269e-01 -7.303635e-02 -2.848992e+01 -9.802209e-01 1.709712e-01 9.967814e-02 2.184669e+02
1.033065e-01 5.587085e-02 9.930792e-01 -2.434716e+02 1.646665e-01 9.836833e-01 -7.247191e-02 -2.853481e+01 -9.809244e-01 1.710137e-01 9.242078e-02 2.185249e+02
9.534435e-02 5.674581e-02 9.938256e-01 -2.429714e+02 1.651007e-01 9.836449e-01 -7.200372e-02 -2.858272e+01 -9.816574e-01 1.709464e-01 8.441621e-02 2.185657e+02
8.639847e-02 5.739525e-02 9.946060e-01 -2.424369e+02 1.645892e-01 9.837986e-01 -7.106897e-02 -2.862905e+01 -9.825710e-01 1.698416e-01 7.555206e-02 2.186023e+02
7.655460e-02 5.759395e-02 9.954006e-01 -2.419230e+02 1.650025e-01 9.838333e-01 -6.961474e-02 -2.867582e+01 -9.833176e-01 1.695729e-01 6.581382e-02 2.186156e+02
6.501166e-02 6.024544e-02 9.960642e-01 -2.414470e+02 1.676478e-01 9.833288e-01 -7.041729e-02 -2.872047e+01 -9.837010e-01 1.715659e-01 5.382782e-02 2.186226e+02
3.505197e-02 6.634965e-02 9.971806e-01 -2.404815e+02 1.727852e-01 9.823655e-01 -7.143748e-02 -2.879802e+01 -9.843356e-01 1.748021e-01 2.296961e-02 2.186288e+02
1.694580e-02 7.139902e-02 9.973039e-01 -2.400195e+02 1.740736e-01 9.820036e-01 -7.326144e-02 -2.883418e+01 -9.845868e-01 1.748458e-01 4.212152e-03 2.186094e+02
-3.032860e-03 7.689441e-02 9.970346e-01 -2.395714e+02 1.752340e-01 9.816526e-01 -7.517505e-02 -2.886562e+01 -9.845221e-01 1.744864e-01 -1.645173e-02 2.185893e+02
-2.348671e-02 7.877298e-02 9.966159e-01 -2.391380e+02 1.796685e-01 9.809922e-01 -7.330393e-02 -2.890547e+01 -9.834468e-01 1.773388e-01 -3.719330e-02 2.185514e+02
-4.417951e-02 7.719955e-02 9.960363e-01 -2.387110e+02 1.828993e-01 9.807838e-01 -6.790481e-02 -2.893072e+01 -9.821385e-01 1.791743e-01 -5.745029e-02 2.184999e+02
-6.489470e-02 7.582991e-02 9.950068e-01 -2.382729e+02 1.883030e-01 9.801257e-01 -6.241463e-02 -2.896186e+01 -9.799646e-01 1.833124e-01 -7.788396e-02 2.184363e+02
-8.532171e-02 7.464600e-02 9.935533e-01 -2.378576e+02 1.918427e-01 9.797612e-01 -5.713523e-02 -2.899303e+01 -9.777099e-01 1.857311e-01 -9.791519e-02 2.183765e+02
-1.046090e-01 7.227590e-02 9.918836e-01 -2.374125e+02 1.939446e-01 9.796894e-01 -5.093297e-02 -2.902968e+01 -9.754191e-01 1.870425e-01 -1.165018e-01 2.183075e+02
-1.230353e-01 7.024992e-02 9.899128e-01 -2.370256e+02 1.951465e-01 9.797286e-01 -4.527262e-02 -2.906392e+01 -9.730263e-01 1.876079e-01 -1.342502e-01 2.182362e+02
-1.415989e-01 6.984373e-02 9.874571e-01 -2.366751e+02 1.959012e-01 9.797575e-01 -4.120738e-02 -2.907973e+01 -9.703466e-01 1.876091e-01 -1.524151e-01 2.181664e+02
-1.607333e-01 7.035953e-02 9.844869e-01 -2.362950e+02 1.969939e-01 9.796737e-01 -3.785313e-02 -2.909332e+01 -9.671392e-01 1.878537e-01 -1.713265e-01 2.180665e+02
-1.812720e-01 6.995145e-02 9.809420e-01 -2.359645e+02 1.968840e-01 9.798546e-01 -3.349095e-02 -2.910633e+01 -9.635233e-01 1.870609e-01 -1.913926e-01 2.179759e+02
-2.030061e-01 6.827295e-02 9.767944e-01 -2.356452e+02 1.981982e-01 9.797820e-01 -2.729045e-02 -2.912748e+01 -9.589088e-01 1.880588e-01 -2.124333e-01 2.178791e+02
-2.269309e-01 6.741387e-02 9.715749e-01 -2.353046e+02 1.987237e-01 9.798182e-01 -2.156991e-02 -2.914015e+01 -9.534208e-01 1.881801e-01 -2.357478e-01 2.177930e+02
-2.532215e-01 6.716526e-02 9.650739e-01 -2.349932e+02 1.999015e-01 9.796897e-01 -1.573118e-02 -2.914435e+01 -9.465296e-01 1.889362e-01 -2.615049e-01 2.176993e+02
-2.805085e-01 6.685171e-02 9.575207e-01 -2.346814e+02 2.018050e-01 9.793820e-01 -9.258650e-03 -2.915074e+01 -9.383974e-01 1.906353e-01 -2.882160e-01 2.175799e+02
-3.090096e-01 6.666381e-02 9.487197e-01 -2.343572e+02 2.015629e-01 9.794704e-01 -3.173064e-03 -2.916324e+01 -9.294544e-01 1.902462e-01 -3.161027e-01 2.174520e+02
-3.384357e-01 6.903875e-02 9.384535e-01 -2.340405e+02 2.014370e-01 9.795013e-01 5.859882e-04 -2.916708e+01 -9.191759e-01 1.892375e-01 -3.454052e-01 2.173147e+02
-3.682019e-01 7.379215e-02 9.268128e-01 -2.337208e+02 2.004333e-01 9.797060e-01 1.624172e-03 -2.916783e+01 -9.078843e-01 1.863621e-01 -3.755201e-01 2.171739e+02
-3.988091e-01 7.943051e-02 9.135875e-01 -2.334172e+02 1.988442e-01 9.800298e-01 1.594365e-03 -2.916992e+01 -8.952163e-01 1.822974e-01 -4.066391e-01 2.170278e+02
-4.304330e-01 8.578323e-02 8.985370e-01 -2.331171e+02 1.973559e-01 9.803315e-01 9.487229e-04 -2.915512e+01 -8.807827e-01 1.777399e-01 -4.388968e-01 2.168643e+02
-4.641814e-01 9.257025e-02 8.808896e-01 -2.328252e+02 1.944115e-01 9.809199e-01 -6.377511e-04 -2.913057e+01 -8.641411e-01 1.709590e-01 -4.733214e-01 2.166966e+02
-4.992243e-01 9.862056e-02 8.608421e-01 -2.325617e+02 1.926751e-01 9.812624e-01 -6.790614e-04 -2.912091e+01 -8.447789e-01 1.655238e-01 -5.088717e-01 2.165314e+02
-5.351531e-01 1.019570e-01 8.385797e-01 -2.322883e+02 1.904161e-01 9.817011e-01 2.158978e-03 -2.911638e+01 -8.230145e-01 1.608345e-01 -5.447747e-01 2.163438e+02
-5.718231e-01 1.038856e-01 8.137728e-01 -2.320103e+02 1.887538e-01 9.819975e-01 7.272788e-03 -2.910938e+01 -7.983673e-01 1.577614e-01 -5.811376e-01 2.161274e+02
-6.086632e-01 1.056940e-01 7.863573e-01 -2.317365e+02 1.892856e-01 9.818143e-01 1.454718e-02 -2.909648e+01 -7.705193e-01 1.577005e-01 -6.176006e-01 2.158922e+02
-6.448160e-01 1.079493e-01 7.566765e-01 -2.315004e+02 1.918609e-01 9.811401e-01 2.352606e-02 -2.908249e+01 -7.398660e-01 1.603466e-01 -6.533661e-01 2.156374e+02
-7.160237e-01 1.054488e-01 6.900657e-01 -2.309920e+02 1.895742e-01 9.807486e-01 4.683741e-02 -2.903536e+01 -6.718420e-01 1.643554e-01 -7.222296e-01 2.150580e+02
-7.501135e-01 1.014637e-01 6.534790e-01 -2.307609e+02 1.841256e-01 9.811294e-01 5.901654e-02 -2.899818e+01 -6.351594e-01 1.645913e-01 -7.546405e-01 2.147513e+02
-7.830007e-01 9.881088e-02 6.141224e-01 -2.305276e+02 1.790672e-01 9.813135e-01 7.041805e-02 -2.896690e+01 -5.956886e-01 1.651066e-01 -7.860629e-01 2.144141e+02
-8.131885e-01 9.940538e-02 5.734484e-01 -2.303098e+02 1.772292e-01 9.808055e-01 8.130361e-02 -2.892945e+01 -5.543593e-01 1.677470e-01 -8.151973e-01 2.140527e+02
-8.404324e-01 9.697660e-02 5.331688e-01 -2.301277e+02 1.715799e-01 9.808599e-01 9.205506e-02 -2.889227e+01 -5.140367e-01 1.688471e-01 -8.409857e-01 2.136957e+02
-8.653599e-01 9.216295e-02 4.926036e-01 -2.299317e+02 1.614800e-01 9.817979e-01 9.998495e-02 -2.884713e+01 -4.744223e-01 1.660686e-01 -8.644910e-01 2.133068e+02
-8.872551e-01 8.827224e-02 4.527542e-01 -2.297441e+02 1.512452e-01 9.829301e-01 1.047535e-01 -2.879756e+01 -4.357789e-01 1.614200e-01 -8.854605e-01 2.128946e+02
-9.058422e-01 9.033726e-02 4.138709e-01 -2.295723e+02 1.471484e-01 9.832614e-01 1.074444e-01 -2.874240e+01 -3.972371e-01 1.582281e-01 -9.039727e-01 2.124535e+02
-9.210652e-01 9.512123e-02 3.776120e-01 -2.294201e+02 1.464141e-01 9.831471e-01 1.094743e-01 -2.868771e+01 -3.608349e-01 1.561207e-01 -9.194697e-01 2.119938e+02
-9.464734e-01 9.373186e-02 3.088729e-01 -2.291306e+02 1.337774e-01 9.847652e-01 1.110907e-01 -2.855668e+01 -2.937545e-01 1.464647e-01 -9.445932e-01 2.110268e+02
-9.564190e-01 8.982602e-02 2.778380e-01 -2.289954e+02 1.260954e-01 9.852684e-01 1.155254e-01 -2.849406e+01 -2.633678e-01 1.455248e-01 -9.536561e-01 2.104958e+02
-9.643267e-01 8.889463e-02 2.493425e-01 -2.288701e+02 1.226322e-01 9.847771e-01 1.231883e-01 -2.844089e+01 -2.345960e-01 1.493712e-01 -9.605483e-01 2.099415e+02
-9.711561e-01 9.043934e-02 2.206275e-01 -2.287515e+02 1.207496e-01 9.843971e-01 1.279916e-01 -2.837165e+01 -2.056096e-01 1.509405e-01 -9.669238e-01 2.093771e+02
-9.771016e-01 9.138458e-02 1.921491e-01 -2.286554e+02 1.178550e-01 9.843299e-01 1.311674e-01 -2.829246e+01 -1.771515e-01 1.508096e-01 -9.725604e-01 2.087634e+02
-9.820410e-01 8.974410e-02 1.659565e-01 -2.285702e+02 1.125540e-01 9.846259e-01 1.335790e-01 -2.821404e+01 -1.514171e-01 1.498591e-01 -9.770441e-01 2.081512e+02
-9.856502e-01 9.061227e-02 1.424188e-01 -2.284903e+02 1.101580e-01 9.845713e-01 1.359583e-01 -2.813289e+01 -1.279020e-01 1.496959e-01 -9.804245e-01 2.075106e+02
-9.879449e-01 9.365461e-02 1.232629e-01 -2.284213e+02 1.107101e-01 9.839842e-01 1.397081e-01 -2.804676e+01 -1.082045e-01 1.516704e-01 -9.824907e-01 2.068469e+02
-9.891034e-01 9.858749e-02 1.093389e-01 -2.283660e+02 1.137843e-01 9.831883e-01 1.428072e-01 -2.794664e+01 -9.342170e-02 1.536921e-01 -9.836926e-01 2.061642e+02
-9.899428e-01 1.009699e-01 9.908731e-02 -2.283036e+02 1.146573e-01 9.829285e-01 1.438934e-01 -2.784498e+01 -8.286683e-02 1.538074e-01 -9.846199e-01 2.054796e+02
-9.902966e-01 1.031550e-01 9.312185e-02 -2.282536e+02 1.159741e-01 9.826399e-01 1.448059e-01 -2.774580e+01 -7.656780e-02 1.542005e-01 -9.850683e-01 2.047653e+02
-9.908004e-01 9.999202e-02 9.119248e-02 -2.281880e+02 1.125687e-01 9.829738e-01 1.452267e-01 -2.763864e+01 -7.511831e-02 1.541561e-01 -9.851869e-01 2.040289e+02
-9.908479e-01 1.004627e-01 9.015335e-02 -2.281212e+02 1.128495e-01 9.829905e-01 1.448951e-01 -2.753646e+01 -7.406333e-02 1.537427e-01 -9.853313e-01 2.032752e+02
-9.907309e-01 1.012947e-01 9.050740e-02 -2.280479e+02 1.136891e-01 9.829730e-01 1.443564e-01 -2.742601e+01 -7.434380e-02 1.533081e-01 -9.853779e-01 2.024989e+02
-9.901847e-01 1.053127e-01 9.188838e-02 -2.279768e+02 1.178655e-01 9.825268e-01 1.440447e-01 -2.731332e+01 -7.511306e-02 1.534613e-01 -9.852957e-01 2.017077e+02
-9.899582e-01 1.053726e-01 9.423005e-02 -2.279006e+02 1.182817e-01 9.824870e-01 1.439747e-01 -2.719487e+01 -7.740881e-02 1.536746e-01 -9.850848e-01 2.008986e+02
-9.900082e-01 1.023711e-01 9.697352e-02 -2.278023e+02 1.158709e-01 9.825155e-01 1.457300e-01 -2.707512e+01 -8.035944e-02 1.555103e-01 -9.845603e-01 2.000751e+02
-9.899760e-01 9.924055e-02 1.004933e-01 -2.277164e+02 1.133941e-01 9.826683e-01 1.466452e-01 -2.696348e+01 -8.419847e-02 1.565705e-01 -9.840713e-01 1.992398e+02
-9.897724e-01 9.775997e-02 1.038924e-01 -2.276159e+02 1.124665e-01 9.827667e-01 1.467002e-01 -2.683542e+01 -8.776063e-02 1.568842e-01 -9.837100e-01 1.983776e+02
-9.891068e-01 1.006901e-01 1.073744e-01 -2.275225e+02 1.157457e-01 9.826803e-01 1.447146e-01 -2.670945e+01 -9.094339e-02 1.555664e-01 -9.836302e-01 1.975142e+02
-9.890129e-01 9.799644e-02 1.106804e-01 -2.274163e+02 1.136826e-01 9.827773e-01 1.456885e-01 -2.658739e+01 -9.449725e-02 1.566703e-01 -9.831199e-01 1.966352e+02
-9.886044e-01 9.891259e-02 1.134800e-01 -2.273077e+02 1.147534e-01 9.830737e-01 1.428211e-01 -2.646719e+01 -9.743239e-02 1.542157e-01 -9.832215e-01 1.957398e+02
-9.882999e-01 9.788276e-02 1.169716e-01 -2.271850e+02 1.137928e-01 9.838531e-01 1.381456e-01 -2.634703e+01 -1.015608e-01 1.498398e-01 -9.834803e-01 1.948523e+02
-9.877884e-01 9.922114e-02 1.201216e-01 -2.270721e+02 1.154394e-01 9.838776e-01 1.365968e-01 -2.622682e+01 -1.046317e-01 1.487955e-01 -9.833169e-01 1.939420e+02
-9.868398e-01 1.041834e-01 1.236652e-01 -2.269632e+02 1.210895e-01 9.829795e-01 1.381617e-01 -2.610626e+01 -1.071662e-01 1.513180e-01 -9.826588e-01 1.930150e+02
-9.862454e-01 1.058726e-01 1.269292e-01 -2.268513e+02 1.237969e-01 9.819736e-01 1.428360e-01 -2.598706e+01 -1.095187e-01 1.565848e-01 -9.815737e-01 1.920724e+02
-9.856735e-01 1.097080e-01 1.281091e-01 -2.267338e+02 1.281776e-01 9.809193e-01 1.461772e-01 -2.586141e+01 -1.096279e-01 1.605037e-01 -9.809283e-01 1.911258e+02
-9.856287e-01 1.090052e-01 1.290499e-01 -2.266081e+02 1.281211e-01 9.802686e-01 1.505270e-01 -2.573460e+01 -1.100954e-01 1.648978e-01 -9.801468e-01 1.902135e+02
-9.857019e-01 1.096652e-01 1.279271e-01 -2.264869e+02 1.288291e-01 9.798422e-01 1.526840e-01 -2.560161e+01 -1.086043e-01 1.669817e-01 -9.799603e-01 1.892627e+02
-9.861867e-01 1.064105e-01 1.269351e-01 -2.263561e+02 1.257991e-01 9.797024e-01 1.560701e-01 -2.547021e+01 -1.077511e-01 1.698826e-01 -9.795558e-01 1.883388e+02
-9.864546e-01 1.059133e-01 1.252585e-01 -2.262405e+02 1.250548e-01 9.797413e-01 1.564231e-01 -2.533937e+01 -1.061536e-01 1.699685e-01 -9.797153e-01 1.874145e+02
-9.867509e-01 1.040391e-01 1.244931e-01 -2.261143e+02 1.229805e-01 9.801237e-01 1.556706e-01 -2.521923e+01 -1.058228e-01 1.689183e-01 -9.799327e-01 1.865163e+02
-9.868555e-01 1.050154e-01 1.228329e-01 -2.259834e+02 1.237178e-01 9.799533e-01 1.561584e-01 -2.508148e+01 -1.039714e-01 1.693024e-01 -9.800646e-01 1.855921e+02
-9.870049e-01 1.042574e-01 1.222773e-01 -2.258576e+02 1.232634e-01 9.794086e-01 1.598907e-01 -2.493794e+01 -1.030896e-01 1.728852e-01 -9.795322e-01 1.846579e+02
-9.872680e-01 1.021624e-01 1.219212e-01 -2.257350e+02 1.209925e-01 9.798918e-01 1.586593e-01 -2.481354e+01 -1.032606e-01 1.713908e-01 -9.797767e-01 1.837411e+02
-9.876263e-01 9.930443e-02 1.213790e-01 -2.256137e+02 1.173363e-01 9.814225e-01 1.517959e-01 -2.469088e+01 -1.040501e-01 1.641598e-01 -9.809307e-01 1.828402e+02
-9.879213e-01 9.723523e-02 1.206517e-01 -2.255035e+02 1.140775e-01 9.833275e-01 1.416100e-01 -2.456823e+01 -1.048706e-01 1.536632e-01 -9.825425e-01 1.819551e+02
-9.884598e-01 9.202483e-02 1.203272e-01 -2.253827e+02 1.086366e-01 9.842154e-01 1.397075e-01 -2.445076e+01 -1.055713e-01 1.511672e-01 -9.828546e-01 1.810488e+02
-9.887408e-01 8.736238e-02 1.214884e-01 -2.252553e+02 1.042140e-01 9.846379e-01 1.400984e-01 -2.432643e+01 -1.073828e-01 1.511818e-01 -9.826561e-01 1.800993e+02
-9.888634e-01 8.217039e-02 1.240854e-01 -2.251527e+02 9.981817e-02 9.846100e-01 1.434556e-01 -2.419250e+01 -1.103879e-01 1.542440e-01 -9.818469e-01 1.791879e+02
-9.888141e-01 7.962104e-02 1.261239e-01 -2.250391e+02 9.789800e-02 9.844189e-01 1.460664e-01 -2.406663e+01 -1.125288e-01 1.567798e-01 -9.812020e-01 1.782414e+02
-9.885963e-01 7.896342e-02 1.282270e-01 -2.249243e+02 9.781822e-02 9.841196e-01 1.481224e-01 -2.393158e+01 -1.144944e-01 1.589761e-01 -9.806210e-01 1.773099e+02
-9.881719e-01 7.953580e-02 1.311117e-01 -2.248049e+02 9.911783e-02 9.836551e-01 1.503272e-01 -2.380309e+01 -1.170123e-01 1.615447e-01 -9.799038e-01 1.763992e+02
-9.877278e-01 7.930568e-02 1.345527e-01 -2.246844e+02 9.923778e-02 9.839103e-01 1.485681e-01 -2.367280e+01 -1.206055e-01 1.600975e-01 -9.797056e-01 1.754998e+02
-9.871336e-01 7.964533e-02 1.386500e-01 -2.245709e+02 9.956183e-02 9.846714e-01 1.432121e-01 -2.353877e+01 -1.251185e-01 1.551737e-01 -9.799319e-01 1.745526e+02
-9.866617e-01 7.858753e-02 1.425578e-01 -2.244473e+02 9.840134e-02 9.855688e-01 1.377365e-01 -2.341272e+01 -1.296761e-01 1.499272e-01 -9.801561e-01 1.736351e+02
-9.859470e-01 8.099790e-02 1.461092e-01 -2.243245e+02 1.008248e-01 9.858606e-01 1.338401e-01 -2.329882e+01 -1.332025e-01 1.466907e-01 -9.801729e-01 1.727726e+02
-9.855026e-01 8.069897e-02 1.492392e-01 -2.241965e+02 1.010702e-01 9.857618e-01 1.343817e-01 -2.318945e+01 -1.362698e-01 1.475172e-01 -9.796271e-01 1.719327e+02
-9.852361e-01 7.729514e-02 1.527587e-01 -2.240570e+02 9.879649e-02 9.854099e-01 1.385876e-01 -2.309048e+01 -1.398178e-01 1.516335e-01 -9.784980e-01 1.711264e+02
-9.850463e-01 7.321076e-02 1.559616e-01 -2.239227e+02 9.558776e-02 9.853576e-01 1.411859e-01 -2.299038e+01 -1.433416e-01 1.539827e-01 -9.776208e-01 1.703211e+02
-9.844714e-01 7.523890e-02 1.586038e-01 -2.237976e+02 9.786891e-02 9.852918e-01 1.400778e-01 -2.289347e+01 -1.457317e-01 1.534250e-01 -9.773551e-01 1.695402e+02
-9.839206e-01 7.666355e-02 1.613165e-01 -2.236706e+02 9.934567e-02 9.854934e-01 1.375980e-01 -2.279398e+01 -1.484276e-01 1.514116e-01 -9.772634e-01 1.687745e+02
-9.836465e-01 7.559828e-02 1.634759e-01 -2.235271e+02 9.848891e-02 9.856920e-01 1.367887e-01 -2.270414e+01 -1.507960e-01 1.506523e-01 -9.770182e-01 1.680354e+02
-9.833401e-01 7.230818e-02 1.667747e-01 -2.234132e+02 9.587665e-02 9.857946e-01 1.379006e-01 -2.260501e+01 -1.544343e-01 1.515930e-01 -9.763041e-01 1.672941e+02
-9.826858e-01 7.426792e-02 1.697438e-01 -2.233076e+02 9.811534e-02 9.857385e-01 1.367225e-01 -2.250932e+01 -1.571689e-01 1.510097e-01 -9.759580e-01 1.665667e+02
-9.824269e-01 7.173938e-02 1.723102e-01 -2.231916e+02 9.589317e-02 9.860275e-01 1.362138e-01 -2.241713e+01 -1.601307e-01 1.503435e-01 -9.755793e-01 1.658660e+02
-9.825703e-01 6.528060e-02 1.740521e-01 -2.230483e+02 8.965246e-02 9.866356e-01 1.360608e-01 -2.233099e+01 -1.628439e-01 1.492935e-01 -9.752914e-01 1.651850e+02
-9.824638e-01 6.142690e-02 1.760446e-01 -2.229155e+02 8.612331e-02 9.869212e-01 1.362695e-01 -2.224632e+01 -1.653716e-01 1.490414e-01 -9.749046e-01 1.645167e+02
-9.820425e-01 6.088510e-02 1.785654e-01 -2.227912e+02 8.572011e-02 9.871525e-01 1.348409e-01 -2.217119e+01 -1.680615e-01 1.477261e-01 -9.746447e-01 1.638551e+02
-9.821442e-01 5.950738e-02 1.784704e-01 -2.226648e+02 8.395653e-02 9.875899e-01 1.327309e-01 -2.209390e+01 -1.683571e-01 1.453446e-01 -9.749517e-01 1.632235e+02
-9.830277e-01 5.332079e-02 1.755377e-01 -2.225369e+02 7.736365e-02 9.880774e-01 1.331083e-01 -2.201495e+01 -1.663474e-01 1.444294e-01 -9.754326e-01 1.625985e+02
-9.839866e-01 4.812023e-02 1.716238e-01 -2.224200e+02 7.200134e-02 9.881219e-01 1.357603e-01 -2.194991e+01 -1.630524e-01 1.459435e-01 -9.757635e-01 1.620078e+02
-9.848177e-01 4.614736e-02 1.673458e-01 -2.223247e+02 6.984504e-02 9.878804e-01 1.386145e-01 -2.187791e+01 -1.589209e-01 1.481983e-01 -9.761052e-01 1.614235e+02
-9.853930e-01 4.756030e-02 1.635194e-01 -2.222366e+02 7.074443e-02 9.877590e-01 1.390229e-01 -2.181719e+01 -1.549058e-01 1.485603e-01 -9.766955e-01 1.608873e+02
-9.856970e-01 5.016845e-02 1.608868e-01 -2.221594e+02 7.285742e-02 9.876951e-01 1.383843e-01 -2.176529e+01 -1.519645e-01 1.481268e-01 -9.772232e-01 1.603938e+02
-9.860668e-01 5.169595e-02 1.581133e-01 -2.220877e+02 7.366513e-02 9.879102e-01 1.364071e-01 -2.170793e+01 -1.491500e-01 1.461540e-01 -9.779536e-01 1.599296e+02
-9.865656e-01 5.004567e-02 1.555113e-01 -2.220087e+02 7.104196e-02 9.886289e-01 1.325367e-01 -2.165049e+01 -1.471101e-01 1.418040e-01 -9.789026e-01 1.594576e+02
-9.868230e-01 4.927418e-02 1.541185e-01 -2.219245e+02 6.964476e-02 9.891039e-01 1.297039e-01 -2.159662e+01 -1.460481e-01 1.387283e-01 -9.795021e-01 1.589822e+02
-9.867810e-01 4.892964e-02 1.544962e-01 -2.218507e+02 6.928935e-02 9.891846e-01 1.292781e-01 -2.154207e+01 -1.464997e-01 1.382741e-01 -9.794989e-01 1.585150e+02
-9.867743e-01 4.856774e-02 1.546533e-01 -2.217767e+02 6.908171e-02 9.890827e-01 1.301657e-01 -2.149274e+01 -1.466430e-01 1.391278e-01 -9.793566e-01 1.580687e+02
-9.867337e-01 4.750943e-02 1.552400e-01 -2.216888e+02 6.800967e-02 9.892396e-01 1.295364e-01 -2.143404e+01 -1.474153e-01 1.383758e-01 -9.793472e-01 1.576106e+02
-9.863266e-01 4.922940e-02 1.572780e-01 -2.216132e+02 6.974791e-02 9.893536e-01 1.277289e-01 -2.138962e+01 -1.493155e-01 1.369522e-01 -9.792594e-01 1.571632e+02
-9.859649e-01 4.740796e-02 1.600801e-01 -2.215348e+02 6.787740e-02 9.898413e-01 1.249274e-01 -2.132505e+01 -1.525313e-01 1.340398e-01 -9.791667e-01 1.567031e+02
-9.854341e-01 4.607821e-02 1.636964e-01 -2.214542e+02 6.624074e-02 9.905700e-01 1.199305e-01 -2.127405e+01 -1.566266e-01 1.290269e-01 -9.791936e-01 1.562423e+02
-9.847234e-01 4.635202e-02 1.678430e-01 -2.213772e+02 6.618115e-02 9.912112e-01 1.145445e-01 -2.122448e+01 -1.610585e-01 1.239027e-01 -9.791365e-01 1.557997e+02
-9.840045e-01 4.744586e-02 1.717090e-01 -2.212994e+02 6.699481e-02 9.916815e-01 1.099070e-01 -2.117192e+01 -1.650660e-01 1.196526e-01 -9.789977e-01 1.553642e+02
-9.832332e-01 5.006706e-02 1.753447e-01 -2.212183e+02 6.984276e-02 9.916410e-01 1.084902e-01 -2.112263e+01 -1.684472e-01 1.189177e-01 -9.785112e-01 1.549456e+02
-9.822680e-01 5.292752e-02 1.798561e-01 -2.211393e+02 7.338334e-02 9.913235e-01 1.090528e-01 -2.106690e+01 -1.725237e-01 1.203176e-01 -9.776294e-01 1.545030e+02
-9.815727e-01 5.228653e-02 1.837964e-01 -2.210566e+02 7.369784e-02 9.910095e-01 1.116634e-01 -2.100243e+01 -1.763055e-01 1.231512e-01 -9.766013e-01 1.540332e+02
-9.808788e-01 5.037555e-02 1.879868e-01 -2.209579e+02 7.324470e-02 9.904555e-01 1.167605e-01 -2.095631e+01 -1.803107e-01 1.282970e-01 -9.752066e-01 1.535902e+02
-9.800162e-01 4.783670e-02 1.930800e-01 -2.208585e+02 7.260911e-02 9.897050e-01 1.233369e-01 -2.090870e+01 -1.851922e-01 1.348915e-01 -9.734003e-01 1.531207e+02
-9.789533e-01 4.759038e-02 1.984580e-01 -2.207584e+02 7.416972e-02 9.889028e-01 1.287246e-01 -2.086195e+01 -1.901296e-01 1.407350e-01 -9.716195e-01 1.526528e+02
-9.776498e-01 5.057258e-02 2.040671e-01 -2.206589e+02 7.825669e-02 9.884263e-01 1.299591e-01 -2.081002e+01 -1.951329e-01 1.430241e-01 -9.702924e-01 1.521652e+02
-9.764871e-01 5.260936e-02 2.090580e-01 -2.205556e+02 8.073982e-02 9.884318e-01 1.283884e-01 -2.074838e+01 -1.998852e-01 1.422489e-01 -9.694386e-01 1.516729e+02
-9.756349e-01 5.073072e-02 2.134545e-01 -2.204367e+02 7.914338e-02 9.887733e-01 1.267430e-01 -2.068695e+01 -2.046284e-01 1.405484e-01 -9.686967e-01 1.511796e+02
-9.749763e-01 4.685789e-02 2.173143e-01 -2.203128e+02 7.578918e-02 9.890327e-01 1.267688e-01 -2.062429e+01 -2.089908e-01 1.400667e-01 -9.678348e-01 1.506763e+02
-9.746161e-01 4.276095e-02 2.197613e-01 -2.201855e+02 7.233342e-02 9.890896e-01 1.283342e-01 -2.055475e+01 -2.118760e-01 1.409727e-01 -9.670756e-01 1.501426e+02
-9.742972e-01 4.061683e-02 2.215743e-01 -2.200558e+02 7.085032e-02 9.889457e-01 1.302562e-01 -2.049544e+01 -2.138343e-01 1.426069e-01 -9.664048e-01 1.496297e+02
-9.740541e-01 3.881730e-02 2.229616e-01 -2.199249e+02 6.943792e-02 9.889232e-01 1.311838e-01 -2.042135e+01 -2.153998e-01 1.432621e-01 -9.659601e-01 1.490543e+02
-9.741572e-01 3.694659e-02 2.228290e-01 -2.197923e+02 6.738004e-02 9.891478e-01 1.305625e-01 -2.035388e+01 -2.155870e-01 1.422026e-01 -9.660749e-01 1.484971e+02
-9.746544e-01 3.534643e-02 2.209060e-01 -2.196530e+02 6.515824e-02 9.894808e-01 1.291597e-01 -2.028746e+01 -2.140170e-01 1.402799e-01 -9.667049e-01 1.479329e+02
-9.753017e-01 3.256370e-02 2.184631e-01 -2.195233e+02 6.141615e-02 9.900495e-01 1.266100e-01 -2.019839e+01 -2.121664e-01 1.369001e-01 -9.675969e-01 1.473220e+02
-9.759923e-01 3.216025e-02 2.154177e-01 -2.193680e+02 6.027019e-02 9.902964e-01 1.252222e-01 -2.012883e+01 -2.093002e-01 1.351991e-01 -9.684599e-01 1.467334e+02
-9.768087e-01 2.982356e-02 2.120268e-01 -2.192269e+02 5.774339e-02 9.902544e-01 1.267355e-01 -2.005033e+01 -2.061808e-01 1.360395e-01 -9.690112e-01 1.461061e+02
-9.776261e-01 3.061518e-02 2.081102e-01 -2.190958e+02 5.848228e-02 9.899052e-01 1.291031e-01 -1.996434e+01 -2.020569e-01 1.383853e-01 -9.695476e-01 1.454262e+02
-9.785476e-01 2.894091e-02 2.039778e-01 -2.189654e+02 5.628170e-02 9.899755e-01 1.295412e-01 -1.989042e+01 -1.981840e-01 1.382424e-01 -9.703670e-01 1.447312e+02
-9.797971e-01 2.481927e-02 1.984483e-01 -2.188300e+02 5.124341e-02 9.903001e-01 1.291501e-01 -1.981106e+01 -1.933179e-01 1.367100e-01 -9.715650e-01 1.440474e+02
-9.815362e-01 2.080962e-02 1.901411e-01 -2.187073e+02 4.528929e-02 9.910818e-01 1.253230e-01 -1.970805e+01 -1.858375e-01 1.316204e-01 -9.737251e-01 1.433327e+02
-9.834599e-01 1.836231e-02 1.801930e-01 -2.185890e+02 4.110132e-02 9.915199e-01 1.232839e-01 -1.961903e+01 -1.764012e-01 1.286510e-01 -9.758748e-01 1.426208e+02
-9.882280e-01 1.673704e-02 1.520702e-01 -2.183382e+02 3.607051e-02 9.914652e-01 1.252822e-01 -1.945027e+01 -1.486755e-01 1.292926e-01 -9.803974e-01 1.411578e+02
-9.902686e-01 1.764744e-02 1.380460e-01 -2.182485e+02 3.510766e-02 9.915241e-01 1.250898e-01 -1.934915e+01 -1.346685e-01 1.287189e-01 -9.824947e-01 1.403449e+02
-9.922508e-01 1.694396e-02 1.230901e-01 -2.181505e+02 3.234496e-02 9.917271e-01 1.242223e-01 -1.925515e+01 -1.199670e-01 1.272410e-01 -9.845901e-01 1.395518e+02
-9.938790e-01 1.862057e-02 1.088934e-01 -2.180967e+02 3.213068e-02 9.918040e-01 1.236628e-01 -1.917629e+01 -1.056982e-01 1.264047e-01 -9.863315e-01 1.387613e+02
-9.951969e-01 1.942291e-02 9.594743e-02 -2.180258e+02 3.142380e-02 9.916340e-01 1.251983e-01 -1.907220e+01 -9.271302e-02 1.276120e-01 -9.874814e-01 1.379297e+02
-9.961622e-01 2.056260e-02 8.507642e-02 -2.179727e+02 3.143885e-02 9.912048e-01 1.285485e-01 -1.898126e+01 -8.168486e-02 1.307298e-01 -9.880472e-01 1.370973e+02
-9.968723e-01 1.995650e-02 7.646804e-02 -2.179075e+02 2.987896e-02 9.909451e-01 1.309006e-01 -1.887459e+01 -7.316332e-02 1.327760e-01 -9.884420e-01 1.362340e+02
-9.972888e-01 2.126975e-02 7.044632e-02 -2.178459e+02 3.030906e-02 9.910711e-01 1.298443e-01 -1.876815e+01 -6.705556e-02 1.316274e-01 -9.890287e-01 1.353700e+02
-9.975774e-01 2.106358e-02 6.629924e-02 -2.177812e+02 2.951688e-02 9.911756e-01 1.292273e-01 -1.866811e+01 -6.299220e-02 1.308711e-01 -9.893961e-01 1.345045e+02
-9.977350e-01 2.192844e-02 6.359226e-02 -2.177349e+02 3.005186e-02 9.910921e-01 1.297436e-01 -1.854619e+01 -6.018071e-02 1.313608e-01 -9.895063e-01 1.335807e+02
-9.978523e-01 2.183216e-02 6.175837e-02 -2.176817e+02 2.994293e-02 9.905803e-01 1.336193e-01 -1.843917e+01 -5.825942e-02 1.351815e-01 -9.891066e-01 1.326618e+02
-9.978839e-01 2.441960e-02 6.026127e-02 -2.176140e+02 3.247662e-02 9.900974e-01 1.365738e-01 -1.832930e+01 -5.632944e-02 1.382419e-01 -9.887953e-01 1.317416e+02
-9.977697e-01 2.797438e-02 6.060512e-02 -2.175716e+02 3.585705e-02 9.904462e-01 1.331564e-01 -1.821926e+01 -5.630114e-02 1.350326e-01 -9.892403e-01 1.307926e+02
-9.976853e-01 2.978212e-02 6.113173e-02 -2.175161e+02 3.735019e-02 9.912439e-01 1.266510e-01 -1.810100e+01 -5.682452e-02 1.286411e-01 -9.900618e-01 1.298448e+02
-9.975184e-01 3.259650e-02 6.240624e-02 -2.174610e+02 4.001767e-02 9.917691e-01 1.216251e-01 -1.797838e+01 -5.792803e-02 1.238206e-01 -9.906123e-01 1.288747e+02
-9.974524e-01 3.208932e-02 6.370965e-02 -2.173930e+02 3.984292e-02 9.914286e-01 1.244263e-01 -1.785278e+01 -5.917081e-02 1.266477e-01 -9.901814e-01 1.279016e+02
-9.973018e-01 3.396690e-02 6.508017e-02 -2.173249e+02 4.212207e-02 9.908344e-01 1.283469e-01 -1.773099e+01 -6.012412e-02 1.307419e-01 -9.895917e-01 1.269230e+02
-9.971088e-01 3.651156e-02 6.664003e-02 -2.172605e+02 4.497305e-02 9.904609e-01 1.302482e-01 -1.761729e+01 -6.124878e-02 1.328686e-01 -9.892394e-01 1.259438e+02
-9.969631e-01 3.761400e-02 6.818856e-02 -2.171782e+02 4.636851e-02 9.902010e-01 1.317270e-01 -1.750503e+01 -6.256560e-02 1.344888e-01 -9.889380e-01 1.249691e+02
-9.968235e-01 3.583196e-02 7.112638e-02 -2.171108e+02 4.513207e-02 9.899820e-01 1.337859e-01 -1.738260e+01 -6.562003e-02 1.365710e-01 -9.884545e-01 1.239780e+02
-9.961856e-01 4.305260e-02 7.589972e-02 -2.169607e+02 5.301740e-02 9.894819e-01 1.345908e-01 -1.714258e+01 -6.930692e-02 1.381014e-01 -9.879902e-01 1.219971e+02
-9.956852e-01 4.708858e-02 7.996047e-02 -2.168814e+02 5.727340e-02 9.898221e-01 1.302764e-01 -1.703842e+01 -7.301211e-02 1.342939e-01 -9.882481e-01 1.210034e+02
-9.948996e-01 5.496565e-02 8.457875e-02 -2.168093e+02 6.537466e-02 9.899144e-01 1.256810e-01 -1.691695e+01 -7.681758e-02 1.305693e-01 -9.884588e-01 1.199956e+02
-9.941588e-01 5.874495e-02 9.053872e-02 -2.167317e+02 6.981004e-02 9.897808e-01 1.243407e-01 -1.680455e+01 -8.230910e-02 1.299349e-01 -9.881003e-01 1.189971e+02
-9.933687e-01 6.035306e-02 9.785814e-02 -2.166420e+02 7.253244e-02 9.893616e-01 1.261055e-01 -1.669560e+01 -8.920624e-02 1.323671e-01 -9.871784e-01 1.180142e+02
-9.927392e-01 5.849201e-02 1.051078e-01 -2.165265e+02 7.177049e-02 9.892575e-01 1.273523e-01 -1.658701e+01 -9.652959e-02 1.339712e-01 -9.862727e-01 1.170543e+02
-9.919961e-01 5.913232e-02 1.115667e-01 -2.164093e+02 7.338170e-02 9.890199e-01 1.282758e-01 -1.647807e+01 -1.027565e-01 1.354361e-01 -9.854431e-01 1.160672e+02
-9.915906e-01 5.344304e-02 1.178642e-01 -2.162906e+02 6.810201e-02 9.899328e-01 1.240775e-01 -1.637299e+01 -1.100466e-01 1.310609e-01 -9.852476e-01 1.150922e+02
-9.910615e-01 5.105662e-02 1.232494e-01 -2.161486e+02 6.588558e-02 9.906566e-01 1.194090e-01 -1.626949e+01 -1.160012e-01 1.264620e-01 -9.851655e-01 1.141176e+02
-9.902873e-01 5.009336e-02 1.296986e-01 -2.160332e+02 6.583581e-02 9.905781e-01 1.200860e-01 -1.616126e+01 -1.224611e-01 1.274584e-01 -9.842549e-01 1.131203e+02
-9.898596e-01 4.547453e-02 1.345737e-01 -2.158868e+02 6.260633e-02 9.900597e-01 1.259457e-01 -1.605981e+01 -1.275086e-01 1.330937e-01 -9.828670e-01 1.121462e+02
-9.893529e-01 4.579649e-02 1.381429e-01 -2.157537e+02 6.430046e-02 9.890801e-01 1.326123e-01 -1.595638e+01 -1.305612e-01 1.400830e-01 -9.814940e-01 1.111640e+02
-9.889592e-01 4.189493e-02 1.421424e-01 -2.156142e+02 6.092430e-02 9.893375e-01 1.322858e-01 -1.585167e+01 -1.350847e-01 1.394852e-01 -9.809669e-01 1.102441e+02
-9.888518e-01 4.006891e-02 1.434106e-01 -2.154464e+02 5.897259e-02 9.897461e-01 1.300957e-01 -1.574108e+01 -1.367273e-01 1.371027e-01 -9.810752e-01 1.092686e+02
-9.888014e-01 3.537116e-02 1.449851e-01 -2.153055e+02 5.415256e-02 9.903313e-01 1.277163e-01 -1.563444e+01 -1.390658e-01 1.341373e-01 -9.811564e-01 1.083381e+02
-9.886096e-01 3.749661e-02 1.457568e-01 -2.151601e+02 5.642766e-02 9.901675e-01 1.280009e-01 -1.552939e+01 -1.395240e-01 1.347676e-01 -9.810050e-01 1.073995e+02
-9.882036e-01 4.046653e-02 1.477026e-01 -2.150379e+02 5.938814e-02 9.902465e-01 1.260353e-01 -1.542634e+01 -1.411618e-01 1.333203e-01 -9.809684e-01 1.064956e+02
-9.879346e-01 4.452248e-02 1.483338e-01 -2.149149e+02 6.332668e-02 9.901887e-01 1.245633e-01 -1.533025e+01 -1.413326e-01 1.324539e-01 -9.810612e-01 1.056385e+02
-9.875815e-01 4.904991e-02 1.492541e-01 -2.147701e+02 6.817077e-02 9.897081e-01 1.258196e-01 -1.523838e+01 -1.415466e-01 1.344319e-01 -9.807612e-01 1.047575e+02
-9.872721e-01 5.034962e-02 1.508598e-01 -2.146366e+02 6.986202e-02 9.894432e-01 1.269704e-01 -1.514775e+01 -1.428743e-01 1.358937e-01 -9.803672e-01 1.039135e+02
-9.872537e-01 4.629011e-02 1.522741e-01 -2.145168e+02 6.614376e-02 9.895639e-01 1.280168e-01 -1.506630e+01 -1.447591e-01 1.364570e-01 -9.800124e-01 1.031200e+02
-9.873555e-01 4.434510e-02 1.521928e-01 -2.143936e+02 6.393532e-02 9.899240e-01 1.263438e-01 -1.497756e+01 -1.450566e-01 1.344767e-01 -9.802421e-01 1.023224e+02
-9.875735e-01 4.225796e-02 1.513697e-01 -2.142761e+02 6.162370e-02 9.901621e-01 1.256243e-01 -1.490406e+01 -1.445719e-01 1.333912e-01 -9.804620e-01 1.015743e+02
-9.879911e-01 3.812829e-02 1.497323e-01 -2.141700e+02 5.728132e-02 9.904051e-01 1.257643e-01 -1.482583e+01 -1.435005e-01 1.328309e-01 -9.806954e-01 1.008138e+02
-9.883885e-01 3.456134e-02 1.479649e-01 -2.140593e+02 5.340989e-02 9.906710e-01 1.253730e-01 -1.475383e+01 -1.422515e-01 1.318200e-01 -9.810138e-01 1.001134e+02
-9.886083e-01 3.103548e-02 1.472766e-01 -2.139633e+02 4.978812e-02 9.908555e-01 1.254053e-01 -1.468306e+01 -1.420379e-01 1.313094e-01 -9.811132e-01 9.945290e+01
-9.887149e-01 2.941211e-02 1.468938e-01 -2.138868e+02 4.830132e-02 9.907605e-01 1.267302e-01 -1.460651e+01 -1.418092e-01 1.323952e-01 -9.810003e-01 9.879479e+01
-9.888765e-01 2.733920e-02 1.462050e-01 -2.138019e+02 4.622812e-02 9.907732e-01 1.274030e-01 -1.453326e+01 -1.413729e-01 1.327446e-01 -9.810161e-01 9.816240e+01
-9.892555e-01 2.395978e-02 1.442203e-01 -2.136242e+02 4.337740e-02 9.901608e-01 1.330415e-01 -1.443019e+01 -1.396137e-01 1.378680e-01 -9.805613e-01 9.707411e+01
-9.896299e-01 1.900691e-02 1.423776e-01 -2.135378e+02 3.825405e-02 9.902840e-01 1.336945e-01 -1.436905e+01 -1.384532e-01 1.377546e-01 -9.807417e-01 9.655991e+01
-9.899223e-01 1.487570e-02 1.408283e-01 -2.134065e+02 3.364593e-02 9.906972e-01 1.318595e-01 -1.426663e+01 -1.375567e-01 1.352689e-01 -9.812138e-01 9.559616e+01
-9.897451e-01 2.030500e-02 1.413940e-01 -2.133544e+02 3.847138e-02 9.911615e-01 1.269596e-01 -1.421700e+01 -1.375664e-01 1.310973e-01 -9.817785e-01 9.515742e+01
-9.895034e-01 2.555145e-02 1.422327e-01 -2.133006e+02 4.316809e-02 9.915679e-01 1.221869e-01 -1.416948e+01 -1.379114e-01 1.270443e-01 -9.822628e-01 9.472047e+01
-9.893665e-01 2.744672e-02 1.428310e-01 -2.132322e+02 4.446857e-02 9.920905e-01 1.173841e-01 -1.413314e+01 -1.384794e-01 1.224873e-01 -9.827616e-01 9.430721e+01
-9.892583e-01 2.059459e-02 1.447200e-01 -2.131722e+02 3.743326e-02 9.927047e-01 1.146132e-01 -1.408413e+01 -1.413038e-01 1.187994e-01 -9.828123e-01 9.386326e+01
-9.889867e-01 1.745702e-02 1.469713e-01 -2.131042e+02 3.446030e-02 9.928882e-01 1.139537e-01 -1.404771e+01 -1.439367e-01 1.177633e-01 -9.825548e-01 9.343402e+01
-9.885557e-01 2.070930e-02 1.494284e-01 -2.130509e+02 3.820331e-02 9.926108e-01 1.151711e-01 -1.399836e+01 -1.459391e-01 1.195617e-01 -9.820422e-01 9.299633e+01
-9.879820e-01 2.756246e-02 1.520914e-01 -2.129977e+02 4.570635e-02 9.920652e-01 1.171223e-01 -1.395621e+01 -1.476564e-01 1.226663e-01 -9.814023e-01 9.257611e+01
-9.876044e-01 3.308320e-02 1.534371e-01 -2.129387e+02 5.137743e-02 9.918206e-01 1.168425e-01 -1.391622e+01 -1.483166e-01 1.232774e-01 -9.812262e-01 9.215266e+01
-9.873919e-01 3.379566e-02 1.546449e-01 -2.128715e+02 5.199696e-02 9.919792e-01 1.152110e-01 -1.387477e+01 -1.495109e-01 1.217995e-01 -9.812295e-01 9.175240e+01
-9.872718e-01 3.297380e-02 1.555864e-01 -2.127985e+02 5.113139e-02 9.921426e-01 1.141865e-01 -1.384056e+01 -1.505987e-01 1.206885e-01 -9.812004e-01 9.135946e+01
-9.868936e-01 3.207438e-02 1.581528e-01 -2.127402e+02 5.058803e-02 9.921385e-01 1.144638e-01 -1.380172e+01 -1.532381e-01 1.209642e-01 -9.807577e-01 9.095441e+01
-9.859523e-01 3.554594e-02 1.632011e-01 -2.126772e+02 5.507926e-02 9.916304e-01 1.167706e-01 -1.376136e+01 -1.576844e-01 1.241192e-01 -9.796581e-01 9.056773e+01
-9.849161e-01 3.842533e-02 1.687123e-01 -2.126178e+02 5.875469e-02 9.913676e-01 1.172103e-01 -1.370082e+01 -1.627521e-01 1.253549e-01 -9.786715e-01 9.014664e+01
-9.841003e-01 3.575533e-02 1.739776e-01 -2.125366e+02 5.665096e-02 9.915545e-01 1.166637e-01 -1.364815e+01 -1.683370e-01 1.246647e-01 -9.778146e-01 8.973847e+01
-9.830597e-01 3.224988e-02 1.804260e-01 -2.124513e+02 5.388314e-02 9.917495e-01 1.163167e-01 -1.361845e+01 -1.751862e-01 1.240681e-01 -9.766867e-01 8.932667e+01
-9.818200e-01 3.125492e-02 1.872235e-01 -2.123697e+02 5.363555e-02 9.918357e-01 1.156944e-01 -1.356929e+01 -1.820790e-01 1.236329e-01 -9.754805e-01 8.890860e+01
-9.804436e-01 3.396825e-02 1.938468e-01 -2.123025e+02 5.715260e-02 9.916861e-01 1.152924e-01 -1.351219e+01 -1.883189e-01 1.241165e-01 -9.742336e-01 8.846726e+01
-9.792028e-01 3.845222e-02 1.992066e-01 -2.122131e+02 6.213990e-02 9.915288e-01 1.140579e-01 -1.347905e+01 -1.931333e-01 1.240645e-01 -9.732973e-01 8.803471e+01
-9.781876e-01 3.835798e-02 2.041513e-01 -2.121137e+02 6.187319e-02 9.919952e-01 1.100784e-01 -1.342985e+01 -1.982947e-01 1.203088e-01 -9.727307e-01 8.760228e+01
-9.773426e-01 3.452230e-02 2.088294e-01 -2.120017e+02 5.763311e-02 9.927354e-01 1.056163e-01 -1.338126e+01 -2.036662e-01 1.152588e-01 -9.722322e-01 8.717145e+01
-9.762550e-01 3.058767e-02 2.144543e-01 -2.118893e+02 5.416490e-02 9.930023e-01 1.049414e-01 -1.334340e+01 -2.097437e-01 1.140654e-01 -9.710802e-01 8.673062e+01
-9.749450e-01 3.004713e-02 2.204074e-01 -2.117641e+02 5.492902e-02 9.926708e-01 1.076455e-01 -1.330948e+01 -2.155575e-01 1.170552e-01 -9.694499e-01 8.628606e+01
-9.735369e-01 3.288913e-02 2.261507e-01 -2.116455e+02 5.851505e-02 9.924750e-01 1.075607e-01 -1.326004e+01 -2.209113e-01 1.179475e-01 -9.681356e-01 8.583611e+01
-9.723620e-01 3.483716e-02 2.308646e-01 -2.115241e+02 6.088360e-02 9.924281e-01 1.066752e-01 -1.320348e+01 -2.254003e-01 1.177828e-01 -9.671204e-01 8.535408e+01
-9.714103e-01 3.598328e-02 2.346640e-01 -2.113928e+02 6.255810e-02 9.923101e-01 1.068038e-01 -1.315239e+01 -2.290163e-01 1.184305e-01 -9.661914e-01 8.485385e+01
-9.709143e-01 3.326766e-02 2.371046e-01 -2.112529e+02 5.995636e-02 9.925297e-01 1.062541e-01 -1.309993e+01 -2.317986e-01 1.173796e-01 -9.656560e-01 8.434705e+01
-9.706161e-01 2.975271e-02 2.387870e-01 -2.111117e+02 5.563890e-02 9.931851e-01 1.024095e-01 -1.305175e+01 -2.341128e-01 1.126862e-01 -9.656568e-01 8.381887e+01
-9.704579e-01 2.544930e-02 2.399246e-01 -2.109801e+02 5.011132e-02 9.939969e-01 9.725722e-02 -1.299225e+01 -2.360092e-01 1.064070e-01 -9.659075e-01 8.324947e+01
-9.706276e-01 2.428644e-02 2.393581e-01 -2.108322e+02 4.791824e-02 9.944739e-01 9.341038e-02 -1.294169e+01 -2.357668e-01 1.021363e-01 -9.664275e-01 8.271913e+01
-9.708719e-01 2.235978e-02 2.385537e-01 -2.106928e+02 4.584870e-02 9.945749e-01 9.337406e-02 -1.288250e+01 -2.351717e-01 1.015916e-01 -9.666299e-01 8.214285e+01
-9.715463e-01 1.869858e-02 2.361107e-01 -2.105413e+02 4.267750e-02 9.943826e-01 9.685976e-02 -1.281941e+01 -2.329732e-01 1.041803e-01 -9.668867e-01 8.154457e+01
-9.724028e-01 1.323677e-02 2.329326e-01 -2.103810e+02 3.862972e-02 9.937435e-01 1.047930e-01 -1.276493e+01 -2.300881e-01 1.108991e-01 -9.668303e-01 8.094072e+01
-9.732273e-01 6.001494e-03 2.297663e-01 -2.102401e+02 3.302093e-02 9.929396e-01 1.139321e-01 -1.270970e+01 -2.274603e-01 1.184689e-01 -9.665542e-01 8.034925e+01
-9.742993e-01 4.720215e-04 2.252566e-01 -2.100966e+02 2.778585e-02 9.926127e-01 1.181017e-01 -1.265239e+01 -2.235369e-01 1.213254e-01 -9.671150e-01 7.971983e+01
-9.754348e-01 -4.916376e-03 2.202335e-01 -2.099418e+02 2.103529e-02 9.931037e-01 1.153368e-01 -1.257739e+01 -2.192817e-01 1.171362e-01 -9.686045e-01 7.905564e+01
-9.768937e-01 -8.464188e-03 2.135580e-01 -2.098076e+02 1.589048e-02 9.935734e-01 1.120684e-01 -1.250654e+01 -2.131341e-01 1.128725e-01 -9.704812e-01 7.841198e+01
-9.789738e-01 -8.489540e-03 2.038094e-01 -2.096576e+02 1.342071e-02 9.942882e-01 1.058811e-01 -1.244342e+01 -2.035442e-01 1.063901e-01 -9.732682e-01 7.774614e+01
-9.815115e-01 -5.960526e-03 1.913105e-01 -2.095289e+02 1.367964e-02 9.947745e-01 1.011764e-01 -1.237511e+01 -1.909139e-01 1.019228e-01 -9.763010e-01 7.705154e+01
-9.840643e-01 -5.905872e-03 1.777149e-01 -2.094195e+02 1.166256e-02 9.951524e-01 9.765051e-02 -1.231580e+01 -1.774301e-01 9.816699e-02 -9.792251e-01 7.637839e+01
-9.867849e-01 -4.672324e-03 1.619680e-01 -2.093190e+02 1.111272e-02 9.952792e-01 9.641490e-02 -1.225586e+01 -1.616539e-01 9.694068e-02 -9.820746e-01 7.568656e+01
-9.893560e-01 -4.627648e-03 1.454418e-01 -2.092236e+02 9.544888e-03 9.952779e-01 9.659593e-02 -1.220124e+01 -1.452020e-01 9.695598e-02 -9.846400e-01 7.496919e+01
-9.918485e-01 -4.044892e-03 1.273584e-01 -2.091517e+02 8.757678e-03 9.949686e-01 9.980361e-02 -1.213731e+01 -1.271213e-01 1.001054e-01 -9.868227e-01 7.422141e+01
-9.941913e-01 -4.525661e-03 1.075324e-01 -2.090814e+02 6.708920e-03 9.945667e-01 1.038851e-01 -1.206281e+01 -1.074183e-01 1.040031e-01 -9.887591e-01 7.345179e+01
-9.961563e-01 -5.839085e-03 8.739821e-02 -2.090300e+02 3.784331e-03 9.939751e-01 1.095410e-01 -1.199007e+01 -8.751126e-02 1.094508e-01 -9.901325e-01 7.267641e+01
-9.977327e-01 -6.323226e-03 6.700284e-02 -2.089876e+02 1.239797e-03 9.936806e-01 1.122378e-01 -1.191924e+01 -6.728913e-02 1.120664e-01 -9.914198e-01 7.191442e+01
-9.988324e-01 -3.638718e-03 4.817336e-02 -2.089582e+02 1.635497e-03 9.940410e-01 1.089943e-01 -1.184649e+01 -4.828290e-02 1.089458e-01 -9.928744e-01 7.114474e+01
-9.994956e-01 2.665962e-04 3.175727e-02 -2.089490e+02 3.438171e-03 9.949959e-01 9.985665e-02 -1.178086e+01 -3.157173e-02 9.991547e-02 -9.944949e-01 7.036417e+01
-9.998155e-01 5.432988e-03 1.842254e-02 -2.089299e+02 7.134473e-03 9.955853e-01 9.358935e-02 -1.170447e+01 -1.783274e-02 9.370352e-02 -9.954404e-01 6.959617e+01
-9.998720e-01 1.159454e-02 1.102698e-02 -2.089351e+02 1.257165e-02 9.955758e-01 9.311750e-02 -1.163074e+01 -9.898537e-03 9.324421e-02 -9.955941e-01 6.879364e+01
-9.998199e-01 1.722295e-02 7.976963e-03 -2.089338e+02 1.790915e-02 9.952278e-01 9.592176e-02 -1.155590e+01 -6.286839e-03 9.604734e-02 -9.953569e-01 6.799206e+01
-9.997010e-01 2.301382e-02 8.263694e-03 -2.089250e+02 2.371129e-02 9.949396e-01 9.763717e-02 -1.148242e+01 -5.974872e-03 9.780392e-02 -9.951878e-01 6.717059e+01
-9.994525e-01 2.878695e-02 1.631166e-02 -2.088963e+02 3.035209e-02 9.939429e-01 1.056230e-01 -1.133989e+01 -1.317230e-02 1.060603e-01 -9.942724e-01 6.552026e+01
-9.992286e-01 3.211824e-02 2.259814e-02 -2.088821e+02 3.441335e-02 9.933542e-01 1.098328e-01 -1.125661e+01 -1.892032e-02 1.105257e-01 -9.936932e-01 6.466745e+01
-9.989784e-01 3.317053e-02 3.068976e-02 -2.088494e+02 3.637210e-02 9.932169e-01 1.104412e-01 -1.117335e+01 -2.681819e-02 1.114446e-01 -9.934087e-01 6.382312e+01
-9.985395e-01 3.726124e-02 3.912095e-02 -2.088136e+02 4.121856e-02 9.935355e-01 1.057744e-01 -1.107992e+01 -3.492676e-02 1.072324e-01 -9.936203e-01 6.291433e+01
-9.979816e-01 4.114991e-02 4.836821e-02 -2.087725e+02 4.587062e-02 9.938356e-01 1.009296e-01 -1.100009e+01 -4.391680e-02 1.029445e-01 -9.937171e-01 6.203429e+01
-9.975914e-01 3.968329e-02 5.689133e-02 -2.087140e+02 4.507172e-02 9.942834e-01 9.679361e-02 -1.091368e+01 -5.272502e-02 9.912467e-02 -9.936772e-01 6.115733e+01
-9.971189e-01 3.738161e-02 6.600394e-02 -2.086394e+02 4.358070e-02 9.945108e-01 9.512667e-02 -1.084353e+01 -6.208564e-02 9.772910e-02 -9.932746e-01 6.028070e+01
-9.963863e-01 3.909416e-02 7.540544e-02 -2.085848e+02 4.625741e-02 9.943331e-01 9.571761e-02 -1.075863e+01 -7.123613e-02 9.885977e-02 -9.925483e-01 5.934100e+01
-9.957375e-01 3.988938e-02 8.316032e-02 -2.085097e+02 4.813169e-02 9.938638e-01 9.958983e-02 -1.067784e+01 -7.867746e-02 1.031680e-01 -9.915474e-01 5.838539e+01
-9.952251e-01 3.691450e-02 9.035636e-02 -2.084148e+02 4.604136e-02 9.938098e-01 1.011056e-01 -1.059927e+01 -8.606477e-02 1.047829e-01 -9.907640e-01 5.747231e+01
-9.946332e-01 3.391315e-02 9.774854e-02 -2.083041e+02 4.365861e-02 9.940942e-01 9.935122e-02 -1.051710e+01 -9.380194e-02 1.030856e-01 -9.902396e-01 5.652296e+01
-9.939771e-01 3.294488e-02 1.045191e-01 -2.081949e+02 4.349335e-02 9.940054e-01 1.003070e-01 -1.043024e+01 -1.005880e-01 1.042488e-01 -9.894515e-01 5.557355e+01
-9.933251e-01 3.341178e-02 1.104033e-01 -2.080816e+02 4.468199e-02 9.938582e-01 1.012395e-01 -1.035187e+01 -1.063426e-01 1.054968e-01 -9.887172e-01 5.465294e+01
-9.929221e-01 3.243344e-02 1.142527e-01 -2.079660e+02 4.433364e-02 9.936714e-01 1.032069e-01 -1.027085e+01 -1.101823e-01 1.075416e-01 -9.880762e-01 5.372599e+01
-9.926532e-01 3.120309e-02 1.169019e-01 -2.078347e+02 4.365121e-02 9.934624e-01 1.054852e-01 -1.018840e+01 -1.128462e-01 1.098131e-01 -9.875256e-01 5.283122e+01
-9.922916e-01 3.220630e-02 1.196669e-01 -2.077122e+02 4.465601e-02 9.936932e-01 1.028572e-01 -1.011418e+01 -1.155995e-01 1.074082e-01 -9.874716e-01 5.189831e+01
-9.920548e-01 2.970348e-02 1.222494e-01 -2.075893e+02 4.194278e-02 9.942235e-01 9.879510e-02 -1.003093e+01 -1.186086e-01 1.031376e-01 -9.875701e-01 5.096186e+01
-9.918197e-01 3.150699e-02 1.236974e-01 -2.074707e+02 4.379575e-02 9.942303e-01 9.791866e-02 -9.950929e+00 -1.198986e-01 1.025351e-01 -9.874770e-01 5.005321e+01
-9.917037e-01 3.111428e-02 1.247221e-01 -2.073634e+02 4.401978e-02 9.938005e-01 1.020925e-01 -9.873148e+00 -1.207723e-01 1.067357e-01 -9.869253e-01 4.910876e+01
-9.918095e-01 3.133900e-02 1.238217e-01 -2.072395e+02 4.431487e-02 9.936447e-01 1.034720e-01 -9.790368e+00 -1.197920e-01 1.081117e-01 -9.868950e-01 4.819445e+01
-9.916710e-01 3.635637e-02 1.235590e-01 -2.071285e+02 4.926817e-02 9.934495e-01 1.031054e-01 -9.710446e+00 -1.190011e-01 1.083341e-01 -9.869663e-01 4.728245e+01
-9.916294e-01 3.839118e-02 1.232775e-01 -2.070147e+02 5.088254e-02 9.937023e-01 9.983343e-02 -9.625808e+00 -1.186684e-01 1.052704e-01 -9.873378e-01 4.637558e+01
-9.915851e-01 4.050336e-02 1.229573e-01 -2.069024e+02 5.250924e-02 9.939927e-01 9.602791e-02 -9.545651e+00 -1.183292e-01 1.016762e-01 -9.877551e-01 4.546350e+01
-9.914926e-01 4.382737e-02 1.225628e-01 -2.067888e+02 5.592810e-02 9.937019e-01 9.710083e-02 -9.467805e+00 -1.175352e-01 1.031295e-01 -9.876992e-01 4.457161e+01
-9.915587e-01 4.284487e-02 1.223754e-01 -2.066839e+02 5.568202e-02 9.930712e-01 1.034847e-01 -9.388446e+00 -1.170937e-01 1.094253e-01 -9.870740e-01 4.365727e+01
-9.919978e-01 3.561058e-02 1.211293e-01 -2.065656e+02 4.932094e-02 9.924672e-01 1.121441e-01 -9.293899e+00 -1.162233e-01 1.172209e-01 -9.862816e-01 4.272129e+01
-9.924939e-01 2.959860e-02 1.186586e-01 -2.064535e+02 4.374170e-02 9.919997e-01 1.184201e-01 -9.201842e+00 -1.142042e-01 1.227216e-01 -9.858483e-01 4.180851e+01
-9.929402e-01 2.638231e-02 1.156449e-01 -2.063427e+02 4.019398e-02 9.921069e-01 1.187787e-01 -9.114826e+00 -1.115984e-01 1.225884e-01 -9.861632e-01 4.091770e+01
-9.931316e-01 2.989574e-02 1.131188e-01 -2.062433e+02 4.266130e-02 9.927728e-01 1.121707e-01 -9.028520e+00 -1.089478e-01 1.162261e-01 -9.872294e-01 4.004599e+01
-9.932538e-01 3.088285e-02 1.117731e-01 -2.061469e+02 4.257790e-02 9.936857e-01 1.038069e-01 -8.941217e+00 -1.078615e-01 1.078656e-01 -9.882970e-01 3.917654e+01
-9.932943e-01 3.122999e-02 1.113157e-01 -2.060436e+02 4.250986e-02 9.940340e-01 1.004453e-01 -8.860786e+00 -1.075146e-01 1.045038e-01 -9.886959e-01 3.832346e+01
-9.932427e-01 3.365760e-02 1.110684e-01 -2.059375e+02 4.498804e-02 9.938547e-01 1.011384e-01 -8.781206e+00 -1.069818e-01 1.054517e-01 -9.886530e-01 3.747875e+01
-9.931392e-01 3.448407e-02 1.117381e-01 -2.058451e+02 4.592233e-02 9.937784e-01 1.014671e-01 -8.717470e+00 -1.075439e-01 1.059022e-01 -9.885439e-01 3.665064e+01
-9.932317e-01 3.326132e-02 1.112860e-01 -2.057358e+02 4.447947e-02 9.940036e-01 9.989166e-02 -8.650571e+00 -1.072961e-01 1.041655e-01 -9.887553e-01 3.583111e+01
-9.931195e-01 3.601075e-02 1.114306e-01 -2.056442e+02 4.732153e-02 9.938024e-01 1.005861e-01 -8.569332e+00 -1.071179e-01 1.051671e-01 -9.886686e-01 3.501135e+01
-9.928778e-01 3.825210e-02 1.128291e-01 -2.055625e+02 5.002280e-02 9.933801e-01 1.034100e-01 -8.504466e+00 -1.081266e-01 1.083175e-01 -9.882186e-01 3.422762e+01
-9.929107e-01 3.550297e-02 1.134364e-01 -2.054615e+02 4.791945e-02 9.929213e-01 1.086783e-01 -8.442455e+00 -1.087750e-01 1.133437e-01 -9.875835e-01 3.345381e+01
-9.928699e-01 3.357114e-02 1.143784e-01 -2.053649e+02 4.630433e-02 9.927908e-01 1.105546e-01 -8.376526e+00 -1.098424e-01 1.150625e-01 -9.872666e-01 3.270371e+01
-9.926869e-01 3.464711e-02 1.156387e-01 -2.052771e+02 4.735718e-02 9.929085e-01 1.090417e-01 -8.314087e+00 -1.110407e-01 1.137206e-01 -9.872880e-01 3.197408e+01
-9.925295e-01 3.639635e-02 1.164493e-01 -2.052002e+02 4.855485e-02 9.934603e-01 1.033394e-01 -8.255621e+00 -1.119266e-01 1.082215e-01 -9.878059e-01 3.126980e+01
-9.925153e-01 3.565370e-02 1.167996e-01 -2.051189e+02 4.733407e-02 9.939801e-01 9.880791e-02 -8.193168e+00 -1.125736e-01 1.035970e-01 -9.882281e-01 3.059683e+01
-9.921420e-01 3.327203e-02 1.206116e-01 -2.049533e+02 4.531598e-02 9.941015e-01 9.853211e-02 -8.082209e+00 -1.166218e-01 1.032235e-01 -9.877977e-01 2.932555e+01
-9.909886e-01 3.288549e-02 1.298464e-01 -2.048069e+02 4.657697e-02 9.935010e-01 1.038571e-01 -7.978129e+00 -1.255872e-01 1.089691e-01 -9.860799e-01 2.809256e+01
-9.903387e-01 3.118510e-02 1.351172e-01 -2.047244e+02 4.547980e-02 9.935332e-01 1.040355e-01 -7.931373e+00 -1.309991e-01 1.091754e-01 -9.853527e-01 2.754370e+01
-9.896267e-01 2.893104e-02 1.407197e-01 -2.046504e+02 4.388623e-02 9.935705e-01 1.043632e-01 -7.894749e+00 -1.367956e-01 1.094563e-01 -9.845335e-01 2.703007e+01
-9.887863e-01 2.790448e-02 1.467071e-01 -2.045784e+02 4.359298e-02 9.935337e-01 1.048354e-01 -7.856852e+00 -1.428331e-01 1.100552e-01 -9.836090e-01 2.654401e+01
-9.879088e-01 2.775221e-02 1.525320e-01 -2.044921e+02 4.402763e-02 9.935622e-01 1.043829e-01 -7.824603e+00 -1.486532e-01 1.098364e-01 -9.827707e-01 2.608401e+01
-9.868280e-01 2.837065e-02 1.592657e-01 -2.044214e+02 4.509440e-02 9.937212e-01 1.023943e-01 -7.790748e+00 -1.553607e-01 1.082275e-01 -9.819113e-01 2.565086e+01
-9.856718e-01 2.721946e-02 1.664641e-01 -2.043434e+02 4.456402e-02 9.938508e-01 1.013637e-01 -7.768711e+00 -1.626814e-01 1.073297e-01 -9.808237e-01 2.523739e+01
-9.844571e-01 2.426000e-02 1.739415e-01 -2.042620e+02 4.245751e-02 9.939114e-01 1.016739e-01 -7.731423e+00 -1.704158e-01 1.074787e-01 -9.794931e-01 2.483460e+01
-9.829388e-01 2.249221e-02 1.825525e-01 -2.041762e+02 4.153389e-02 9.940023e-01 1.011652e-01 -7.701400e+00 -1.791822e-01 1.070213e-01 -9.779776e-01 2.445582e+01
-9.811344e-01 2.235520e-02 1.920300e-01 -2.040983e+02 4.220308e-02 9.941022e-01 9.989867e-02 -7.681487e+00 -1.886642e-01 1.061183e-01 -9.762913e-01 2.409466e+01
-9.790379e-01 2.371040e-02 2.022933e-01 -2.040241e+02 4.430485e-02 9.942103e-01 9.789255e-02 -7.663342e+00 -1.988010e-01 1.048031e-01 -9.744201e-01 2.373799e+01
-9.767667e-01 2.203650e-02 2.131696e-01 -2.039438e+02 4.333138e-02 9.944622e-01 9.574618e-02 -7.633691e+00 -2.098792e-01 1.027586e-01 -9.723124e-01 2.337416e+01
-9.742605e-01 2.036498e-02 2.245033e-01 -2.038545e+02 4.212799e-02 9.948137e-01 9.257892e-02 -7.611677e+00 -2.214536e-01 9.965385e-02 -9.700657e-01 2.305057e+01
-9.713811e-01 1.948981e-02 2.367254e-01 -2.037670e+02 4.160003e-02 9.951833e-01 8.876765e-02 -7.590176e+00 -2.338551e-01 9.607500e-02 -9.675130e-01 2.273695e+01
-9.681012e-01 1.879958e-02 2.498531e-01 -2.036754e+02 4.140600e-02 9.954746e-01 8.553306e-02 -7.570855e+00 -2.471144e-01 9.315008e-02 -9.644986e-01 2.243505e+01
-9.644929e-01 1.762703e-02 2.635200e-01 -2.035733e+02 4.112807e-02 9.956223e-01 8.393242e-02 -7.554104e+00 -2.608869e-01 9.179029e-02 -9.609956e-01 2.215855e+01
-9.603317e-01 1.602612e-02 2.783993e-01 -2.034721e+02 4.080899e-02 9.956757e-01 8.345334e-02 -7.527237e+00 -2.758580e-01 9.150409e-02 -9.568330e-01 2.187566e+01
-9.553207e-01 1.524872e-02 2.951776e-01 -2.033688e+02 4.151578e-02 9.956906e-01 8.292595e-02 -7.500923e+00 -2.926410e-01 9.147541e-02 -9.518369e-01 2.160201e+01
-9.491022e-01 1.555201e-02 3.145842e-01 -2.032760e+02 4.365540e-02 9.956355e-01 8.248760e-02 -7.466075e+00 -3.119284e-01 9.202246e-02 -9.456387e-01 2.132675e+01
-9.416651e-01 1.605716e-02 3.361682e-01 -2.031713e+02 4.656043e-02 9.954717e-01 8.287485e-02 -7.444051e+00 -3.333152e-01 9.369249e-02 -9.381486e-01 2.107344e+01
-9.330415e-01 1.302019e-02 3.595331e-01 -2.030449e+02 4.638940e-02 9.953565e-01 8.434135e-02 -7.425450e+00 -3.567654e-01 9.537250e-02 -9.293129e-01 2.082991e+01
-9.230924e-01 7.399394e-03 3.845070e-01 -2.029145e+02 4.396594e-02 9.952902e-01 8.639658e-02 -7.406852e+00 -3.820568e-01 9.665724e-02 -9.190702e-01 2.059457e+01
-9.122266e-01 1.133623e-03 4.096845e-01 -2.027722e+02 4.091042e-02 9.952500e-01 8.833953e-02 -7.388512e+00 -4.076383e-01 9.734604e-02 -9.079398e-01 2.034642e+01
-9.007351e-01 -2.917760e-03 4.343589e-01 -2.026273e+02 4.036049e-02 9.950891e-01 9.038042e-02 -7.374591e+00 -4.324896e-01 9.893976e-02 -8.961940e-01 2.012221e+01
-8.745142e-01 -7.016798e-03 4.849492e-01 -2.023354e+02 4.295646e-02 9.948451e-01 9.185841e-02 -7.340618e+00 -4.830939e-01 1.011632e-01 -8.697047e-01 1.969159e+01
-8.595626e-01 -7.617520e-03 5.109736e-01 -2.021876e+02 4.489186e-02 9.948979e-01 9.034912e-02 -7.313147e+00 -5.090548e-01 1.005993e-01 -8.548351e-01 1.947491e+01
-8.433436e-01 -7.668374e-03 5.373200e-01 -2.020246e+02 4.704657e-02 9.950052e-01 8.804158e-02 -7.297394e+00 -5.353113e-01 9.952837e-02 -8.387705e-01 1.928002e+01
-8.257680e-01 -7.886046e-03 5.639547e-01 -2.018562e+02 4.856577e-02 9.951942e-01 8.502847e-02 -7.266604e+00 -5.619150e-01 9.760269e-02 -8.214166e-01 1.904387e+01
-8.069327e-01 -9.398846e-03 5.905686e-01 -2.016681e+02 4.807439e-02 9.955107e-01 8.153067e-02 -7.244216e+00 -5.886836e-01 9.418099e-02 -8.028583e-01 1.885436e+01
-7.861525e-01 -1.095598e-02 6.179355e-01 -2.014673e+02 4.776799e-02 9.957748e-01 7.842666e-02 -7.224451e+00 -6.161838e-01 9.117285e-02 -7.823075e-01 1.865151e+01
-7.630962e-01 -1.161094e-02 6.461806e-01 -2.013044e+02 4.843297e-02 9.959997e-01 7.509280e-02 -7.212293e+00 -6.444675e-01 8.859948e-02 -7.594812e-01 1.846176e+01
-7.384238e-01 -8.160973e-03 6.742875e-01 -2.010745e+02 5.354619e-02 9.960598e-01 7.069476e-02 -7.188756e+00 -6.722076e-01 8.830822e-02 -7.350772e-01 1.823491e+01
-7.124077e-01 -4.859385e-03 7.017490e-01 -2.008286e+02 5.831472e-02 9.961076e-01 6.609817e-02 -7.170352e+00 -6.993387e-01 8.801115e-02 -7.093514e-01 1.803570e+01
-6.849044e-01 -3.353339e-03 7.286252e-01 -2.005432e+02 6.173089e-02 9.961271e-01 6.261121e-02 -7.153302e+00 -7.260133e-01 8.786138e-02 -6.820448e-01 1.781501e+01
-6.553228e-01 -1.605754e-03 7.553472e-01 -2.002713e+02 6.654638e-02 9.959866e-01 5.985151e-02 -7.141752e+00 -7.524119e-01 8.948768e-02 -6.525859e-01 1.760333e+01
-6.235106e-01 3.278305e-04 7.818148e-01 -1.999671e+02 7.074696e-02 9.959209e-01 5.600429e-02 -7.120715e+00 -7.786073e-01 9.023029e-02 -6.209904e-01 1.740043e+01
-5.905104e-01 4.372026e-04 8.070299e-01 -1.996239e+02 7.204471e-02 9.960357e-01 5.217611e-02 -7.096565e+00 -8.038079e-01 8.895277e-02 -5.882009e-01 1.717924e+01
-5.567661e-01 -1.474297e-03 8.306680e-01 -1.992868e+02 7.129820e-02 9.962232e-01 4.955668e-02 -7.080215e+00 -8.276038e-01 8.681661e-02 -5.545582e-01 1.700059e+01
-5.206647e-01 -3.541305e-03 8.537539e-01 -1.989331e+02 7.274830e-02 9.961705e-01 4.849784e-02 -7.067186e+00 -8.506562e-01 8.736026e-02 -5.184132e-01 1.680286e+01
-4.842769e-01 -5.186936e-03 8.748994e-01 -1.985698e+02 7.636897e-02 9.959151e-01 4.817637e-02 -7.059973e+00 -8.715754e-01 9.014587e-02 -4.819026e-01 1.662632e+01
-4.474321e-01 -4.534157e-03 8.943064e-01 -1.981692e+02 8.014566e-02 9.957603e-01 4.514635e-02 -7.038470e+00 -8.907195e-01 9.187470e-02 -4.451717e-01 1.643507e+01
-4.102400e-01 -5.671516e-03 9.119600e-01 -1.977572e+02 8.327900e-02 9.955697e-01 4.365407e-02 -7.031001e+00 -9.081673e-01 9.385575e-02 -4.079501e-01 1.626406e+01
-3.747797e-01 -7.739424e-03 9.270816e-01 -1.973136e+02 8.542137e-02 9.954234e-01 4.284219e-02 -7.018940e+00 -9.231703e-01 9.524896e-02 -3.724034e-01 1.610907e+01
-3.410977e-01 -9.152968e-03 9.399833e-01 -1.968467e+02 8.938569e-02 9.951058e-01 4.212567e-02 -7.018141e+00 -9.357684e-01 9.839002e-02 -3.386102e-01 1.594323e+01
-3.114800e-01 -9.556522e-03 9.502047e-01 -1.963334e+02 9.179433e-02 9.949704e-01 4.009721e-02 -7.001483e+00 -9.458087e-01 9.971288e-02 -3.090361e-01 1.580379e+01
-2.861531e-01 -1.024616e-02 9.581291e-01 -1.958014e+02 9.345206e-02 9.948772e-01 3.854935e-02 -6.990020e+00 -9.536158e-01 1.005702e-01 -2.837296e-01 1.566185e+01
-2.649960e-01 -1.080850e-02 9.641889e-01 -1.952533e+02 9.432116e-02 9.948512e-01 3.707528e-02 -6.983257e+00 -9.596253e-01 1.007682e-01 -2.626121e-01 1.552448e+01
-2.466943e-01 -1.109822e-02 9.690298e-01 -1.946726e+02 9.834902e-02 9.944851e-01 3.642732e-02 -6.967192e+00 -9.640899e-01 1.042895e-01 -2.442423e-01 1.538517e+01
-2.301415e-01 -8.699852e-03 9.731183e-01 -1.940064e+02 1.026678e-01 9.941625e-01 3.316883e-02 -6.921996e+00 -9.677263e-01 1.075415e-01 -2.279048e-01 1.525725e+01
-2.125844e-01 -7.600299e-03 9.771132e-01 -1.933701e+02 1.110496e-01 9.933032e-01 3.188659e-02 -6.900985e+00 -9.708120e-01 1.152866e-01 -2.103167e-01 1.513104e+01
-1.922809e-01 -9.606823e-03 9.812929e-01 -1.927466e+02 1.169358e-01 9.926033e-01 3.263072e-02 -6.892053e+00 -9.743480e-01 1.210226e-01 -1.897353e-01 1.500484e+01
-1.695501e-01 -1.348544e-02 9.854293e-01 -1.921164e+02 1.235561e-01 9.917261e-01 3.483032e-02 -6.883446e+00 -9.777457e-01 1.276613e-01 -1.664811e-01 1.489653e+01
-1.439458e-01 -1.763483e-02 9.894284e-01 -1.914704e+02 1.290396e-01 9.909698e-01 3.643547e-02 -6.865703e+00 -9.811363e-01 1.329202e-01 -1.403704e-01 1.479943e+01
-1.154410e-01 -2.249919e-02 9.930595e-01 -1.908030e+02 1.334767e-01 9.903249e-01 3.795361e-02 -6.853928e+00 -9.843055e-01 1.369318e-01 -1.113210e-01 1.471460e+01
-8.723629e-02 -2.648250e-02 9.958356e-01 -1.901959e+02 1.368816e-01 9.898462e-01 3.831421e-02 -6.843190e+00 -9.867387e-01 1.396539e-01 -8.272554e-02 1.466410e+01
-5.861349e-02 -2.940267e-02 9.978477e-01 -1.895254e+02 1.388577e-01 9.896090e-01 3.731640e-02 -6.826535e+00 -9.885762e-01 1.407461e-01 -5.392166e-02 1.464301e+01
-3.039507e-02 -3.151404e-02 9.990410e-01 -1.889235e+02 1.393730e-01 9.896050e-01 3.545670e-02 -6.819968e+00 -9.897734e-01 1.403170e-01 -2.568690e-02 1.462052e+01
-3.527025e-03 -3.130082e-02 9.995038e-01 -1.883201e+02 1.389704e-01 9.897958e-01 3.148720e-02 -6.805126e+00 -9.902903e-01 1.390125e-01 8.588529e-04 1.463133e+01
2.271737e-02 -2.856732e-02 9.993337e-01 -1.877831e+02 1.368406e-01 9.902726e-01 2.519756e-02 -6.775171e+00 -9.903326e-01 1.361770e-01 2.640556e-02 1.466772e+01
4.764218e-02 -2.579247e-02 9.985314e-01 -1.871574e+02 1.342675e-01 9.907594e-01 1.918551e-02 -6.771158e+00 -9.897992e-01 1.331563e-01 5.066503e-02 1.472371e+01
6.923299e-02 -2.286179e-02 9.973385e-01 -1.866407e+02 1.322440e-01 9.911247e-01 1.353927e-02 -6.772766e+00 -9.887964e-01 1.309546e-01 7.164187e-02 1.475665e+01
8.687295e-02 -2.017775e-02 9.960150e-01 -1.860448e+02 1.287183e-01 9.916416e-01 8.862273e-03 -6.775567e+00 -9.878688e-01 1.274354e-01 8.874408e-02 1.482001e+01
9.996612e-02 -1.866210e-02 9.948158e-01 -1.854672e+02 1.245010e-01 9.922007e-01 6.102298e-03 -6.773023e+00 -9.871708e-01 1.232456e-01 1.015099e-01 1.490732e+01
1.104374e-01 -1.798787e-02 9.937203e-01 -1.848837e+02 1.193261e-01 9.928439e-01 4.710673e-03 -6.791736e+00 -9.866939e-01 1.180565e-01 1.117935e-01 1.496449e+01
1.190794e-01 -1.831426e-02 9.927158e-01 -1.843013e+02 1.178440e-01 9.930233e-01 4.184179e-03 -6.802439e+00 -9.858666e-01 1.164873e-01 1.204068e-01 1.504144e+01
1.277824e-01 -2.006831e-02 9.915992e-01 -1.837472e+02 1.180382e-01 9.929970e-01 4.885601e-03 -6.815179e+00 -9.847531e-01 1.164223e-01 1.292564e-01 1.511591e+01
1.367959e-01 -2.240041e-02 9.903459e-01 -1.831609e+02 1.182498e-01 9.929650e-01 6.125872e-03 -6.827036e+00 -9.835161e-01 1.162702e-01 1.384824e-01 1.520034e+01
1.454844e-01 -2.286400e-02 9.890963e-01 -1.826046e+02 1.181392e-01 9.929814e-01 5.576911e-03 -6.837192e+00 -9.822817e-01 1.160397e-01 1.471645e-01 1.527920e+01
1.537565e-01 -2.210221e-02 9.878615e-01 -1.820124e+02 1.183252e-01 9.929676e-01 3.799628e-03 -6.844899e+00 -9.809985e-01 1.163047e-01 1.552905e-01 1.540890e+01
1.615484e-01 -2.010523e-02 9.866600e-01 -1.814133e+02 1.175020e-01 9.930721e-01 9.969867e-04 -6.850355e+00 -9.798446e-01 1.157734e-01 1.627916e-01 1.550745e+01
1.666740e-01 -1.840090e-02 9.858403e-01 -1.808004e+02 1.154288e-01 9.933153e-01 -9.748939e-04 -6.870248e+00 -9.792323e-01 1.139569e-01 1.676838e-01 1.562231e+01
1.701833e-01 -1.617115e-02 9.852797e-01 -1.801623e+02 1.155406e-01 9.932960e-01 -3.654137e-03 -6.879342e+00 -9.786154e-01 1.144617e-01 1.709108e-01 1.574810e+01
1.732660e-01 -1.515552e-02 9.847584e-01 -1.795463e+02 1.155875e-01 9.932845e-01 -5.050618e-03 -6.888458e+00 -9.780687e-01 1.147008e-01 1.738543e-01 1.587611e+01
1.766140e-01 -1.573894e-02 9.841544e-01 -1.789220e+02 1.175172e-01 9.930572e-01 -5.208037e-03 -6.900860e+00 -9.772396e-01 1.165749e-01 1.772374e-01 1.597913e+01
1.796212e-01 -1.660803e-02 9.835957e-01 -1.782647e+02 1.183250e-01 9.929631e-01 -4.841940e-03 -6.909862e+00 -9.765938e-01 1.172537e-01 1.803223e-01 1.610583e+01
1.832398e-01 -1.713692e-02 9.829189e-01 -1.775792e+02 1.162385e-01 9.932118e-01 -4.353294e-03 -6.919672e+00 -9.761720e-01 1.150508e-01 1.839879e-01 1.623709e+01
1.869053e-01 -1.732737e-02 9.822251e-01 -1.769033e+02 1.157328e-01 9.932702e-01 -4.500291e-03 -6.933637e+00 -9.755370e-01 1.145168e-01 1.876528e-01 1.635994e+01
1.904854e-01 -1.750888e-02 9.815339e-01 -1.762218e+02 1.151978e-01 9.933318e-01 -4.636994e-03 -6.945996e+00 -9.749076e-01 1.139538e-01 1.912321e-01 1.649478e+01
1.942644e-01 -1.726843e-02 9.807972e-01 -1.755120e+02 1.149793e-01 9.933538e-01 -5.284185e-03 -6.959272e+00 -9.741874e-01 1.137979e-01 1.949588e-01 1.664052e+01
1.978410e-01 -1.675998e-02 9.800908e-01 -1.747810e+02 1.152796e-01 9.933132e-01 -6.284239e-03 -6.969745e+00 -9.734318e-01 1.142278e-01 1.984502e-01 1.679918e+01
2.010783e-01 -1.563429e-02 9.794504e-01 -1.740590e+02 1.144894e-01 9.933950e-01 -7.647454e-03 -6.984882e+00 -9.728616e-01 1.136744e-01 2.015401e-01 1.695684e+01
2.033005e-01 -1.203686e-02 9.790424e-01 -1.732976e+02 1.118623e-01 9.936627e-01 -1.101188e-02 -6.998467e+00 -9.727054e-01 1.117567e-01 2.033586e-01 1.713274e+01
2.043079e-01 -7.041357e-03 9.788814e-01 -1.725682e+02 1.094885e-01 9.938640e-01 -1.570283e-02 -7.010956e+00 -9.727644e-01 1.103844e-01 2.038252e-01 1.726775e+01
2.039321e-01 -4.142036e-03 9.789763e-01 -1.718106e+02 1.082472e-01 9.939548e-01 -1.834374e-02 -7.033605e+00 -9.729821e-01 1.097123e-01 2.031477e-01 1.742990e+01
2.040679e-01 -4.675486e-03 9.789456e-01 -1.710547e+02 1.085703e-01 9.939279e-01 -1.788518e-02 -7.041963e+00 -9.729177e-01 1.099342e-01 2.033364e-01 1.757569e+01
2.034828e-01 -7.822047e-03 9.790473e-01 -1.702528e+02 1.088097e-01 9.939543e-01 -1.467359e-02 -7.067349e+00 -9.730135e-01 1.095156e-01 2.031037e-01 1.774589e+01
2.042619e-01 -1.009022e-02 9.788643e-01 -1.694559e+02 1.084418e-01 9.940257e-01 -1.238230e-02 -7.093094e+00 -9.728913e-01 1.086791e-01 2.041357e-01 1.790521e+01
2.059189e-01 -7.807383e-03 9.785379e-01 -1.686038e+02 1.087989e-01 9.939511e-01 -1.496476e-02 -7.121461e+00 -9.725020e-01 1.095454e-01 2.055228e-01 1.810572e+01
2.091990e-01 -6.297915e-03 9.778528e-01 -1.677928e+02 1.090425e-01 9.938930e-01 -1.692701e-02 -7.145426e+00 -9.717744e-01 1.101686e-01 2.086082e-01 1.826540e+01
2.129424e-01 -7.718850e-03 9.770343e-01 -1.669463e+02 1.096746e-01 9.938379e-01 -1.605173e-02 -7.164489e+00 -9.708898e-01 1.105739e-01 2.124768e-01 1.845403e+01
2.169049e-01 -1.248487e-02 9.761129e-01 -1.660697e+02 1.112851e-01 9.937158e-01 -1.201898e-02 -7.183285e+00 -9.698288e-01 1.112338e-01 2.169312e-01 1.866209e+01
2.218498e-01 -1.461211e-02 9.749714e-01 -1.651941e+02 1.120448e-01 9.936466e-01 -1.060323e-02 -7.207092e+00 -9.686220e-01 1.115928e-01 2.220775e-01 1.887212e+01
2.272875e-01 -1.511537e-02 9.737104e-01 -1.643104e+02 1.145494e-01 9.933531e-01 -1.131830e-02 -7.226933e+00 -9.670671e-01 1.141105e-01 2.275082e-01 1.907509e+01
2.331793e-01 -1.185931e-02 9.723614e-01 -1.634193e+02 1.146809e-01 9.932832e-01 -1.538684e-02 -7.240721e+00 -9.656478e-01 1.150992e-01 2.329731e-01 1.928460e+01
2.376941e-01 -7.921743e-03 9.713078e-01 -1.625256e+02 1.136360e-01 9.933270e-01 -1.970717e-02 -7.270662e+00 -9.646701e-01 1.150598e-01 2.370081e-01 1.950892e+01
2.413034e-01 -4.079786e-03 9.704412e-01 -1.615972e+02 1.111452e-01 9.935272e-01 -2.345978e-02 -7.296863e+00 -9.640640e-01 1.135208e-01 2.401949e-01 1.974597e+01
2.427867e-01 -5.413249e-04 9.700796e-01 -1.606674e+02 1.049149e-01 9.941490e-01 -2.570283e-02 -7.324311e+00 -9.643897e-01 1.080161e-01 2.414229e-01 1.998638e+01
2.424990e-01 -1.174779e-03 9.701510e-01 -1.597086e+02 9.835253e-02 9.948770e-01 -2.337948e-02 -7.365004e+00 -9.651534e-01 1.010863e-01 2.413722e-01 2.025254e+01
2.421317e-01 -5.156750e-04 9.702433e-01 -1.587518e+02 9.337548e-02 9.953705e-01 -2.277354e-02 -7.401967e+00 -9.657398e-01 9.611113e-02 2.410588e-01 2.050046e+01
2.409787e-01 1.819817e-03 9.705287e-01 -1.577480e+02 8.875972e-02 9.957661e-01 -2.390585e-02 -7.433018e+00 -9.664631e-01 9.190466e-02 2.397969e-01 2.077667e+01
2.382360e-01 2.909700e-03 9.712029e-01 -1.557969e+02 8.169231e-02 9.963916e-01 -2.302429e-02 -7.510000e+00 -9.677654e-01 8.482503e-02 2.371387e-01 2.126128e+01
2.349949e-01 -2.367913e-03 9.719937e-01 -1.547868e+02 7.766221e-02 9.968457e-01 -1.634762e-02 -7.545409e+00 -9.688890e-01 7.932879e-02 2.344376e-01 2.152991e+01
2.313809e-01 -6.607413e-03 9.728408e-01 -1.537743e+02 7.632410e-02 9.970181e-01 -1.138133e-02 -7.576619e+00 -9.698647e-01 7.688462e-02 2.311952e-01 2.176510e+01
2.256631e-01 -4.669684e-03 9.741942e-01 -1.527547e+02 7.464332e-02 9.971318e-01 -1.251081e-02 -7.602324e+00 -9.713416e-01 7.554031e-02 2.253645e-01 2.201031e+01
2.184236e-01 -1.292356e-03 9.758532e-01 -1.517247e+02 7.311795e-02 9.972098e-01 -1.504523e-02 -7.631513e+00 -9.731109e-01 7.463861e-02 2.179086e-01 2.224060e+01
2.089494e-01 7.935861e-04 9.779261e-01 -1.507373e+02 7.111886e-02 9.973394e-01 -1.600501e-02 -7.669854e+00 -9.753370e-01 7.289323e-02 2.083370e-01 2.245045e+01
1.967534e-01 -5.351793e-04 9.804529e-01 -1.496675e+02 7.234671e-02 9.972816e-01 -1.397389e-02 -7.698123e+00 -9.777802e-01 7.368195e-02 1.962573e-01 2.267616e+01
1.834885e-01 -3.493348e-03 9.830156e-01 -1.486208e+02 7.029237e-02 9.974805e-01 -9.575937e-03 -7.726183e+00 -9.805055e-01 7.085557e-02 1.832718e-01 2.286257e+01
1.694563e-01 -7.612393e-03 9.855083e-01 -1.475696e+02 7.212465e-02 9.973846e-01 -4.697570e-03 -7.748111e+00 -9.828950e-01 7.187547e-02 1.695621e-01 2.303852e+01
1.556932e-01 -7.354049e-03 9.877781e-01 -1.465069e+02 7.262238e-02 9.973514e-01 -4.021386e-03 -7.768421e+00 -9.851323e-01 7.236090e-02 1.558149e-01 2.321690e+01
1.420737e-01 -3.994408e-03 9.898480e-01 -1.454341e+02 7.129386e-02 9.974360e-01 -6.207838e-03 -7.790251e+00 -9.872853e-01 7.145206e-02 1.419942e-01 2.338811e+01
1.213183e-01 -1.841843e-03 9.926119e-01 -1.432609e+02 7.863706e-02 9.968731e-01 -7.761375e-03 -7.826873e+00 -9.894938e-01 7.899768e-02 1.210838e-01 2.365837e+01
1.125554e-01 -3.290313e-03 9.936400e-01 -1.421656e+02 8.112354e-02 9.966867e-01 -5.888939e-03 -7.846401e+00 -9.903284e-01 8.127043e-02 1.124494e-01 2.380316e+01
1.064204e-01 -3.277125e-03 9.943158e-01 -1.411094e+02 8.498966e-02 9.963649e-01 -5.812464e-03 -7.876383e+00 -9.906823e-01 8.512513e-02 1.063121e-01 2.391203e+01
1.037723e-01 -2.236027e-03 9.945986e-01 -1.400217e+02 8.835466e-02 9.960646e-01 -6.979233e-03 -7.890048e+00 -9.906689e-01 8.860167e-02 1.035614e-01 2.401595e+01
1.033508e-01 -2.751115e-03 9.946412e-01 -1.389238e+02 9.103706e-02 9.958249e-01 -6.705055e-03 -7.912462e+00 -9.904700e-01 9.124218e-02 1.031698e-01 2.411892e+01
1.053109e-01 -4.898809e-03 9.944273e-01 -1.378140e+02 9.294802e-02 9.956587e-01 -4.938420e-03 -7.928839e+00 -9.900860e-01 9.295012e-02 1.053091e-01 2.422988e+01
1.082317e-01 -5.784867e-03 9.941089e-01 -1.367121e+02 9.379203e-02 9.955820e-01 -4.417989e-03 -7.954490e+00 -9.896913e-01 9.371765e-02 1.082961e-01 2.435072e+01
1.112316e-01 -4.486281e-03 9.937844e-01 -1.356062e+02 9.595818e-02 9.953658e-01 -6.246921e-03 -7.973258e+00 -9.891509e-01 9.605659e-02 1.111466e-01 2.448293e+01
1.146060e-01 -3.667721e-03 9.934043e-01 -1.344984e+02 9.762800e-02 9.951940e-01 -7.588713e-03 -7.992148e+00 -9.886022e-01 9.785378e-02 1.144133e-01 2.461440e+01
1.185086e-01 -4.779061e-03 9.929415e-01 -1.333864e+02 1.003972e-01 9.949214e-01 -7.193911e-03 -8.013734e+00 -9.878644e-01 1.005411e-01 1.183865e-01 2.473349e+01
1.225073e-01 -5.096496e-03 9.924545e-01 -1.322538e+02 1.025626e-01 9.946979e-01 -7.552179e-03 -8.039968e+00 -9.871539e-01 1.027139e-01 1.223804e-01 2.487154e+01
1.259463e-01 -2.875210e-03 9.920329e-01 -1.311079e+02 1.025918e-01 9.946718e-01 -1.014197e-02 -8.054944e+00 -9.867180e-01 1.030518e-01 1.255702e-01 2.503943e+01
1.294063e-01 -4.153259e-03 9.915830e-01 -1.299708e+02 1.041291e-01 9.945191e-01 -9.423782e-03 -8.083410e+00 -9.861091e-01 1.044721e-01 1.291295e-01 2.518933e+01
1.315720e-01 -9.020484e-03 9.912656e-01 -1.287996e+02 1.050427e-01 9.944557e-01 -4.892952e-03 -8.098570e+00 -9.857255e-01 1.047690e-01 1.317901e-01 2.534667e+01
1.317853e-01 -1.286084e-02 9.911948e-01 -1.276697e+02 1.040039e-01 9.945765e-01 -9.232247e-04 -8.121732e+00 -9.858072e-01 1.032098e-01 1.324082e-01 2.551713e+01
1.330234e-01 -1.292451e-02 9.910286e-01 -1.264984e+02 1.055797e-01 9.944101e-01 -1.203097e-03 -8.147145e+00 -9.854733e-01 1.047925e-01 1.336444e-01 2.566601e+01
1.331138e-01 -1.102232e-02 9.910395e-01 -1.253279e+02 1.070391e-01 9.942493e-01 -3.319192e-03 -8.170253e+00 -9.853037e-01 1.065218e-01 1.335281e-01 2.582524e+01
1.333582e-01 -9.387721e-03 9.910234e-01 -1.241651e+02 1.060713e-01 9.943467e-01 -4.854400e-03 -8.195395e+00 -9.853753e-01 1.057665e-01 1.336000e-01 2.598451e+01
1.339223e-01 -7.999918e-03 9.909595e-01 -1.229791e+02 1.043675e-01 9.945202e-01 -6.075995e-03 -8.212396e+00 -9.854807e-01 1.042377e-01 1.340234e-01 2.614104e+01
1.343886e-01 -6.808831e-03 9.909053e-01 -1.218061e+02 1.004385e-01 9.949201e-01 -6.785257e-03 -8.234843e+00 -9.858254e-01 1.004369e-01 1.343898e-01 2.630747e+01
1.350280e-01 -6.732076e-03 9.908189e-01 -1.206360e+02 9.943757e-02 9.950206e-01 -6.790652e-03 -8.259202e+00 -9.858395e-01 9.944155e-02 1.350251e-01 2.645690e+01
1.349435e-01 -8.341977e-03 9.908182e-01 -1.194417e+02 9.725079e-02 9.952480e-01 -4.865706e-03 -8.285183e+00 -9.860692e-01 9.701444e-02 1.351136e-01 2.662996e+01
1.352133e-01 -1.029170e-02 9.907631e-01 -1.182480e+02 9.565276e-02 9.954111e-01 -2.714124e-03 -8.308757e+00 -9.861886e-01 9.513621e-02 1.355773e-01 2.680181e+01
1.358070e-01 -9.675190e-03 9.906881e-01 -1.170153e+02 9.631943e-02 9.953444e-01 -3.483140e-03 -8.324268e+00 -9.860421e-01 9.589555e-02 1.361066e-01 2.697408e+01
1.365412e-01 -7.004083e-03 9.906096e-01 -1.157744e+02 9.860781e-02 9.951048e-01 -6.555799e-03 -8.340925e+00 -9.857145e-01 9.857699e-02 1.365635e-01 2.713603e+01
1.374560e-01 -3.628344e-03 9.905012e-01 -1.145304e+02 9.971110e-02 9.949642e-01 -1.019263e-02 -8.365149e+00 -9.854763e-01 1.001650e-01 1.371256e-01 2.730373e+01
1.384839e-01 -7.398326e-04 9.903644e-01 -1.133233e+02 1.009409e-01 9.948026e-01 -1.337154e-02 -8.395641e+00 -9.852072e-01 1.018200e-01 1.378388e-01 2.746322e+01
1.390679e-01 -1.691296e-03 9.902814e-01 -1.120972e+02 1.043692e-01 9.944542e-01 -1.295843e-02 -8.419967e+00 -9.847676e-01 1.051570e-01 1.384732e-01 2.763303e+01
1.393695e-01 -5.731095e-03 9.902239e-01 -1.108865e+02 1.063885e-01 9.942819e-01 -9.219111e-03 -8.453096e+00 -9.845088e-01 1.066333e-01 1.391823e-01 2.779844e+01
1.404035e-01 -6.758262e-03 9.900713e-01 -1.096154e+02 1.086780e-01 9.940396e-01 -8.626443e-03 -8.467169e+00 -9.841118e-01 1.088101e-01 1.403011e-01 2.797317e+01
1.412717e-01 -5.982263e-03 9.899528e-01 -1.083771e+02 1.113803e-01 9.937286e-01 -9.889495e-03 -8.492235e+00 -9.836853e-01 1.116583e-01 1.410520e-01 2.813361e+01
1.422409e-01 1.146379e-04 9.898321e-01 -1.059990e+02 1.069853e-01 9.941399e-01 -1.548915e-02 -8.541908e+00 -9.840334e-01 1.081007e-01 1.413951e-01 2.848043e+01
1.424878e-01 3.125625e-03 9.897916e-01 -1.047460e+02 1.014466e-01 9.946827e-01 -1.774506e-02 -8.584840e+00 -9.845841e-01 1.029395e-01 1.414131e-01 2.867662e+01
1.423440e-01 2.240662e-03 9.898147e-01 -1.034963e+02 9.701772e-02 9.951507e-01 -1.620474e-02 -8.625915e+00 -9.850511e-01 9.833621e-02 1.414364e-01 2.886375e+01
1.428510e-01 3.489415e-04 9.897441e-01 -1.022347e+02 9.415208e-02 9.954602e-01 -1.394005e-02 -8.667539e+00 -9.852558e-01 9.517782e-02 1.421697e-01 2.905136e+01
1.438701e-01 -9.392606e-04 9.895961e-01 -1.010210e+02 9.547915e-02 9.953474e-01 -1.293630e-02 -8.700225e+00 -9.849798e-01 9.634695e-02 1.432904e-01 2.921350e+01
1.453350e-01 -2.721495e-03 9.893788e-01 -9.977164e+01 9.754881e-02 9.951632e-01 -1.159205e-02 -8.730026e+00 -9.845618e-01 9.819745e-02 1.448976e-01 2.939496e+01
1.472980e-01 -6.214225e-04 9.890920e-01 -9.853635e+01 9.793458e-02 9.950949e-01 -1.395947e-02 -8.755400e+00 -9.842317e-01 9.892250e-02 1.466364e-01 2.956130e+01
1.486998e-01 -8.289231e-04 9.888820e-01 -9.725332e+01 9.699135e-02 9.951902e-01 -1.375054e-02 -8.793017e+00 -9.841143e-01 9.795770e-02 1.480650e-01 2.976213e+01
1.503949e-01 -5.390082e-04 9.886259e-01 -9.596697e+01 9.269328e-02 9.956024e-01 -1.355817e-02 -8.810289e+00 -9.842710e-01 9.367805e-02 1.497835e-01 2.993612e+01
1.514676e-01 6.237902e-04 9.884620e-01 -9.473990e+01 9.215698e-02 9.956352e-01 -1.475005e-02 -8.855157e+00 -9.841568e-01 9.332783e-02 1.507490e-01 3.011756e+01
1.525678e-01 3.841910e-04 9.882929e-01 -9.348211e+01 8.993405e-02 9.958455e-01 -1.427071e-02 -8.891357e+00 -9.841925e-01 9.105843e-02 1.518994e-01 3.032039e+01
1.537422e-01 -2.017594e-03 9.881089e-01 -9.221188e+01 9.097134e-02 9.957797e-01 -1.212119e-02 -8.933612e+00 -9.839144e-01 9.175313e-02 1.532770e-01 3.053386e+01
1.554519e-01 -5.416027e-03 9.878286e-01 -9.094999e+01 9.322597e-02 9.956024e-01 -9.212069e-03 -8.965786e+00 -9.834346e-01 9.352331e-02 1.552732e-01 3.072760e+01
1.574505e-01 -8.342888e-03 9.874916e-01 -8.966123e+01 9.641125e-02 9.953172e-01 -6.963282e-03 -8.992092e+00 -9.828093e-01 9.630167e-02 1.575176e-01 3.092159e+01
1.592734e-01 -1.006559e-02 9.871832e-01 -8.841393e+01 9.734321e-02 9.952354e-01 -5.557794e-03 -9.021743e+00 -9.824237e-01 9.698079e-02 1.594944e-01 3.111075e+01
1.619988e-01 -6.567621e-03 9.867691e-01 -8.593550e+01 9.768238e-02 9.951731e-01 -9.413048e-03 -9.083022e+00 -9.819443e-01 9.791485e-02 1.618584e-01 3.153469e+01
1.633021e-01 -5.834159e-03 9.865589e-01 -8.471356e+01 9.580390e-02 9.953503e-01 -9.971983e-03 -9.117811e+00 -9.819135e-01 9.614463e-02 1.631017e-01 3.174531e+01
1.647024e-01 -7.499494e-03 9.863148e-01 -8.348216e+01 9.498363e-02 9.954443e-01 -8.292188e-03 -9.149999e+00 -9.817592e-01 9.504950e-02 1.646644e-01 3.195415e+01
1.660691e-01 -9.825481e-03 9.860652e-01 -8.224914e+01 9.541612e-02 9.954185e-01 -6.150917e-03 -9.177755e+00 -9.814870e-01 9.510799e-02 1.662458e-01 3.217113e+01
1.675161e-01 -1.073637e-02 9.858109e-01 -8.100083e+01 9.690312e-02 9.952779e-01 -5.627009e-03 -9.205702e+00 -9.810954e-01 9.647077e-02 1.677655e-01 3.238146e+01
1.686926e-01 -9.279076e-03 9.856250e-01 -7.973625e+01 9.607784e-02 9.953487e-01 -7.073386e-03 -9.239563e+00 -9.809749e-01 9.588995e-02 1.687995e-01 3.261099e+01
1.703233e-01 -6.462565e-03 9.853670e-01 -7.850635e+01 9.440833e-02 9.954854e-01 -9.789799e-03 -9.277606e+00 -9.808553e-01 9.469429e-02 1.701644e-01 3.281978e+01
1.715993e-01 -5.015578e-03 9.851541e-01 -7.730773e+01 9.335006e-02 9.955704e-01 -1.119160e-02 -9.323913e+00 -9.807341e-01 9.388466e-02 1.713074e-01 3.302531e+01
1.713985e-01 -5.307427e-03 9.851875e-01 -7.608416e+01 9.117951e-02 9.957791e-01 -1.049852e-02 -9.355597e+00 -9.809734e-01 9.162834e-02 1.711590e-01 3.324746e+01
1.703836e-01 -8.503850e-03 9.853411e-01 -7.483193e+01 8.982157e-02 9.959337e-01 -6.936537e-03 -9.387148e+00 -9.812754e-01 8.968676e-02 1.704546e-01 3.348302e+01
1.692871e-01 -1.022949e-02 9.855137e-01 -7.358241e+01 9.083428e-02 9.958521e-01 -5.266304e-03 -9.419490e+00 -9.813720e-01 9.040994e-02 1.695141e-01 3.370664e+01
1.691313e-01 -9.914494e-03 9.855437e-01 -7.236397e+01 9.419059e-02 9.955352e-01 -6.149247e-03 -9.447483e+00 -9.810824e-01 9.386897e-02 1.693100e-01 3.391256e+01
1.693673e-01 -8.422920e-03 9.855170e-01 -7.115663e+01 9.516897e-02 9.954302e-01 -7.847743e-03 -9.479433e+00 -9.809473e-01 9.511979e-02 1.693949e-01 3.412104e+01
1.688880e-01 -2.689394e-03 9.856316e-01 -6.865502e+01 9.242723e-02 9.956330e-01 -1.312072e-02 -9.558990e+00 -9.812920e-01 9.331513e-02 1.683990e-01 3.463042e+01
1.688077e-01 -4.189210e-03 9.856401e-01 -6.751410e+01 8.911483e-02 9.959603e-01 -1.102937e-02 -9.607858e+00 -9.816122e-01 8.969700e-02 1.684991e-01 3.481611e+01
1.696502e-01 -3.838617e-03 9.854969e-01 -6.622208e+01 8.771563e-02 9.960824e-01 -1.122013e-02 -9.630271e+00 -9.815930e-01 8.834698e-02 1.693223e-01 3.502973e+01
1.707825e-01 -2.803606e-03 9.853048e-01 -6.500564e+01 8.776007e-02 9.960647e-01 -1.237719e-02 -9.654191e+00 -9.813926e-01 8.858422e-02 1.703564e-01 3.523338e+01
1.717745e-01 -3.769000e-03 9.851291e-01 -6.384771e+01 9.056350e-02 9.958186e-01 -1.198143e-02 -9.685580e+00 -9.809647e-01 9.127484e-02 1.713975e-01 3.540691e+01
1.730385e-01 -4.058522e-03 9.849067e-01 -6.264287e+01 8.908340e-02 9.959572e-01 -1.154702e-02 -9.718883e+00 -9.808781e-01 8.973691e-02 1.727005e-01 3.562222e+01
1.737028e-01 6.364432e-04 9.847979e-01 -6.149798e+01 9.047679e-02 9.957602e-01 -1.660220e-02 -9.754927e+00 -9.806331e-01 9.198521e-02 1.729087e-01 3.582817e+01
1.741824e-01 5.392870e-03 9.846986e-01 -6.031824e+01 8.982743e-02 9.957286e-01 -2.134276e-02 -9.796758e+00 -9.806077e-01 9.217048e-02 1.729539e-01 3.604287e+01
1.747107e-01 6.414454e-03 9.845989e-01 -5.911908e+01 8.852192e-02 9.958269e-01 -2.219525e-02 -9.846161e+00 -9.806325e-01 9.103633e-02 1.734138e-01 3.625723e+01
1.757218e-01 7.998818e-04 9.844395e-01 -5.684612e+01 9.075112e-02 9.957284e-01 -1.700807e-02 -9.929609e+00 -9.802480e-01 9.232768e-02 1.748986e-01 3.666542e+01
1.765414e-01 -1.057266e-03 9.842927e-01 -5.565210e+01 9.268248e-02 9.955742e-01 -1.555402e-02 -9.970081e+00 -9.799199e-01 9.397262e-02 1.758580e-01 3.688088e+01
1.774556e-01 -1.111777e-03 9.841282e-01 -5.452000e+01 9.462924e-02 9.953850e-01 -1.593882e-02 -1.001769e+01 -9.795687e-01 9.595574e-02 1.767418e-01 3.707781e+01
1.777319e-01 1.371283e-03 9.840780e-01 -5.336353e+01 9.321849e-02 9.954789e-01 -1.822313e-02 -1.005258e+01 -9.796539e-01 9.497309e-02 1.768005e-01 3.731926e+01
1.781040e-01 2.954806e-03 9.840072e-01 -5.223183e+01 9.229909e-02 9.955365e-01 -1.969544e-02 -1.009414e+01 -9.796733e-01 9.433081e-02 1.770363e-01 3.753226e+01
1.785265e-01 3.609312e-03 9.839285e-01 -5.109466e+01 8.996946e-02 9.957442e-01 -1.997694e-02 -1.013674e+01 -9.798131e-01 9.208993e-02 1.774420e-01 3.773317e+01
1.785249e-01 2.521517e-03 9.839322e-01 -4.992257e+01 8.820209e-02 9.959298e-01 -1.855567e-02 -1.018219e+01 -9.799741e-01 9.009752e-02 1.775759e-01 3.795244e+01
1.794423e-01 7.831084e-04 9.837682e-01 -4.878646e+01 8.920352e-02 9.958672e-01 -1.706373e-02 -1.022336e+01 -9.797159e-01 9.081754e-02 1.786308e-01 3.815150e+01
1.801824e-01 -1.087068e-04 9.836332e-01 -4.767992e+01 9.137873e-02 9.956774e-01 -1.662876e-02 -1.025920e+01 -9.793795e-01 9.287936e-02 1.794135e-01 3.834635e+01
1.812902e-01 -3.569939e-04 9.834296e-01 -4.656282e+01 9.212693e-02 9.956085e-01 -1.662171e-02 -1.030097e+01 -9.791049e-01 9.361371e-02 1.805270e-01 3.854085e+01
1.817504e-01 -1.140816e-04 9.833447e-01 -4.543757e+01 9.212905e-02 9.956034e-01 -1.691260e-02 -1.033653e+01 -9.790194e-01 9.366849e-02 1.809619e-01 3.876091e+01
1.821437e-01 -5.032385e-06 9.832719e-01 -4.431720e+01 9.244318e-02 9.955708e-01 -1.711931e-02 -1.037792e+01 -9.789167e-01 9.401496e-02 1.813374e-01 3.897353e+01
1.821718e-01 2.126334e-03 9.832644e-01 -4.319742e+01 9.145089e-02 9.956265e-01 -1.909640e-02 -1.041123e+01 -9.790047e-01 9.339923e-02 1.811806e-01 3.919911e+01
1.842451e-01 1.942713e-03 9.828784e-01 -4.207773e+01 9.574777e-02 9.952064e-01 -1.991544e-02 -1.043694e+01 -9.782056e-01 9.777774e-02 1.831759e-01 3.937267e+01
1.857259e-01 1.036664e-03 9.826011e-01 -4.096495e+01 9.783618e-02 9.950106e-01 -1.954221e-02 -1.048122e+01 -9.777188e-01 9.976343e-02 1.846978e-01 3.956958e+01
1.864791e-01 -3.948535e-04 9.824588e-01 -3.986398e+01 9.964725e-02 9.948506e-01 -1.851407e-02 -1.052083e+01 -9.773924e-01 1.013518e-01 1.855582e-01 3.977115e+01
1.871708e-01 -1.482593e-03 9.823263e-01 -3.880152e+01 1.001692e-01 9.948150e-01 -1.758463e-02 -1.056151e+01 -9.772069e-01 1.016902e-01 1.863488e-01 3.996940e+01
1.879693e-01 -3.075680e-03 9.821701e-01 -3.775316e+01 1.003209e-01 9.948251e-01 -1.608427e-02 -1.059988e+01 -9.770380e-01 1.015555e-01 1.873051e-01 4.016571e+01
1.892223e-01 -4.269558e-03 9.819250e-01 -3.671387e+01 1.005766e-01 9.948154e-01 -1.505606e-02 -1.063877e+01 -9.767698e-01 1.016077e-01 1.886707e-01 4.036038e+01
1.899661e-01 -4.897362e-03 9.817784e-01 -3.571943e+01 1.003409e-01 9.948481e-01 -1.445259e-02 -1.067582e+01 -9.766497e-01 1.012581e-01 1.894788e-01 4.054517e+01
1.906140e-01 -2.828926e-03 9.816610e-01 -3.474320e+01 9.736528e-02 9.951195e-01 -1.603819e-02 -1.070470e+01 -9.768246e-01 9.863680e-02 1.899591e-01 4.072706e+01
1.909215e-01 -3.225826e-03 9.816000e-01 -3.377017e+01 9.805192e-02 9.950559e-01 -1.580108e-02 -1.073630e+01 -9.766959e-01 9.926453e-02 1.902938e-01 4.091608e+01
1.914275e-01 -6.142123e-03 9.814875e-01 -3.280765e+01 9.905833e-02 9.949955e-01 -1.309350e-02 -1.076455e+01 -9.764952e-01 9.973097e-02 1.910780e-01 4.110960e+01
1.918278e-01 -1.104733e-02 9.813664e-01 -3.188052e+01 1.000318e-01 9.949492e-01 -8.352994e-03 -1.079693e+01 -9.763174e-01 9.977017e-02 1.919640e-01 4.128470e+01
1.916107e-01 -1.028610e-02 9.814171e-01 -3.092039e+01 1.029498e-01 9.946395e-01 -9.675112e-03 -1.082548e+01 -9.760567e-01 1.028905e-01 1.916426e-01 4.149969e+01
1.915431e-01 -2.500778e-03 9.814810e-01 -3.001617e+01 9.992002e-02 9.948508e-01 -1.696526e-02 -1.086083e+01 -9.763848e-01 1.013192e-01 1.908066e-01 4.168547e+01
1.901077e-01 6.262009e-03 9.817433e-01 -2.912283e+01 1.006386e-01 9.945876e-01 -2.583190e-02 -1.089034e+01 -9.765915e-01 1.037121e-01 1.884485e-01 4.185882e+01
1.879618e-01 5.544273e-03 9.821607e-01 -2.824643e+01 1.053605e-01 9.941000e-01 -2.577513e-02 -1.091935e+01 -9.765088e-01 1.083257e-01 1.862687e-01 4.200628e+01
1.851324e-01 4.436942e-04 9.827135e-01 -2.739048e+01 1.059525e-01 9.941617e-01 -2.040914e-02 -1.094571e+01 -9.769852e-01 1.078993e-01 1.840045e-01 4.215187e+01
1.818273e-01 -3.862870e-03 9.833229e-01 -2.654436e+01 1.090176e-01 9.939069e-01 -1.625411e-02 -1.095003e+01 -9.772686e-01 1.101549e-01 1.811406e-01 4.229273e+01
1.781259e-01 -4.486626e-03 9.839975e-01 -2.567914e+01 1.146463e-01 9.932739e-01 -1.622467e-02 -1.098039e+01 -9.773062e-01 1.157017e-01 1.774422e-01 4.247601e+01
1.748540e-01 -7.126625e-03 9.845686e-01 -2.484803e+01 1.203231e-01 9.926335e-01 -1.418371e-02 -1.098546e+01 -9.772146e-01 1.209464e-01 1.744234e-01 4.262231e+01
1.704357e-01 -9.723573e-03 9.853208e-01 -2.405803e+01 1.221280e-01 9.924497e-01 -1.133115e-02 -1.101284e+01 -9.777712e-01 1.222665e-01 1.703364e-01 4.275936e+01
1.682881e-01 -1.251683e-02 9.856584e-01 -2.329000e+01 1.242235e-01 9.922169e-01 -8.609399e-03 -1.099728e+01 -9.778792e-01 1.238908e-01 1.685331e-01 4.285771e+01
1.645775e-01 -1.325014e-02 9.862751e-01 -2.250860e+01 1.238613e-01 9.922724e-01 -7.337759e-03 -1.102996e+01 -9.785564e-01 1.233690e-01 1.649469e-01 4.300009e+01
1.616621e-01 -1.461850e-02 9.867379e-01 -2.176886e+01 1.238363e-01 9.922869e-01 -5.587998e-03 -1.104901e+01 -9.790454e-01 1.230973e-01 1.622255e-01 4.311228e+01
1.601513e-01 -1.326096e-02 9.870034e-01 -2.108604e+01 1.305195e-01 9.914146e-01 -7.857897e-03 -1.103543e+01 -9.784254e-01 1.300817e-01 1.605072e-01 4.316756e+01
1.595650e-01 -1.029326e-02 9.871338e-01 -2.033577e+01 1.347970e-01 9.908070e-01 -1.145767e-02 -1.097942e+01 -9.779411e-01 1.348909e-01 1.594857e-01 4.321069e+01
1.570197e-01 -7.192778e-03 9.875693e-01 -1.967802e+01 1.394104e-01 9.901218e-01 -1.495435e-02 -1.098930e+01 -9.777063e-01 1.400256e-01 1.564714e-01 4.329977e+01
1.557730e-01 -4.931960e-03 9.877806e-01 -1.904478e+01 1.423258e-01 9.896651e-01 -1.750340e-02 -1.096931e+01 -9.774856e-01 1.433132e-01 1.548650e-01 4.336252e+01
1.517992e-01 -1.796239e-03 9.884097e-01 -1.766798e+01 1.422218e-01 9.896319e-01 -2.004385e-02 -1.100670e+01 -9.781257e-01 1.436160e-01 1.504808e-01 4.355319e+01
1.516203e-01 8.663231e-05 9.884388e-01 -1.703273e+01 1.427572e-01 9.895135e-01 -2.198477e-02 -1.101493e+01 -9.780755e-01 1.444400e-01 1.500179e-01 4.360738e+01
1.487480e-01 1.848830e-03 9.888734e-01 -1.649168e+01 1.416962e-01 9.896391e-01 -2.316445e-02 -1.105716e+01 -9.786706e-01 1.435653e-01 1.469449e-01 4.371587e+01
1.469954e-01 2.501779e-03 9.891340e-01 -1.596448e+01 1.390331e-01 9.900167e-01 -2.316575e-02 -1.108242e+01 -9.793172e-01 1.409276e-01 1.451801e-01 4.377412e+01
1.451943e-01 1.605794e-03 9.894019e-01 -1.544965e+01 1.372097e-01 9.903034e-01 -2.174273e-02 -1.111352e+01 -9.798429e-01 1.389125e-01 1.435661e-01 4.386658e+01
1.451332e-01 2.051516e-03 9.894100e-01 -1.494091e+01 1.355035e-01 9.905341e-01 -2.193039e-02 -1.113995e+01 -9.800894e-01 1.372513e-01 1.434814e-01 4.394436e+01
1.453765e-01 3.222072e-03 9.893712e-01 -1.446012e+01 1.361948e-01 9.904095e-01 -2.323769e-02 -1.115372e+01 -9.799575e-01 1.381254e-01 1.435434e-01 4.402048e+01
1.478813e-01 3.932358e-03 9.889973e-01 -1.399956e+01 1.340537e-01 9.906838e-01 -2.398364e-02 -1.117956e+01 -9.798779e-01 1.361255e-01 1.459764e-01 4.409583e+01
1.526480e-01 4.241805e-03 9.882715e-01 -1.356072e+01 1.344808e-01 9.906002e-01 -2.502364e-02 -1.120478e+01 -9.790881e-01 1.367233e-01 1.506427e-01 4.416629e+01
1.590441e-01 4.600768e-03 9.872608e-01 -1.314609e+01 1.334429e-01 9.907124e-01 -2.611402e-02 -1.121640e+01 -9.782116e-01 1.358962e-01 1.569530e-01 4.423974e+01
1.671620e-01 5.040309e-03 9.859166e-01 -1.275943e+01 1.314710e-01 9.909425e-01 -2.735688e-02 -1.123998e+01 -9.771245e-01 1.341925e-01 1.649852e-01 4.430619e+01
1.759283e-01 5.416542e-03 9.843881e-01 -1.239613e+01 1.284038e-01 9.913152e-01 -2.840278e-02 -1.125614e+01 -9.759927e-01 1.313961e-01 1.737048e-01 4.437069e+01
1.854366e-01 6.266841e-03 9.826362e-01 -1.204913e+01 1.259728e-01 9.915771e-01 -3.009662e-02 -1.126346e+01 -9.745482e-01 1.293665e-01 1.830853e-01 4.445033e+01
1.972877e-01 6.535410e-03 9.803238e-01 -1.171682e+01 1.237300e-01 9.918154e-01 -3.151237e-02 -1.129018e+01 -9.725063e-01 1.275125e-01 1.948644e-01 4.452966e+01
2.109942e-01 5.926782e-03 9.774694e-01 -1.142553e+01 1.221119e-01 9.919882e-01 -3.237359e-02 -1.130807e+01 -9.698300e-01 1.261913e-01 2.085800e-01 4.461909e+01
2.291642e-01 5.446789e-03 9.733725e-01 -1.114685e+01 1.217012e-01 9.919773e-01 -3.420339e-02 -1.132455e+01 -9.657498e-01 1.262988e-01 2.266628e-01 4.470274e+01
2.529000e-01 4.657958e-03 9.674812e-01 -1.083074e+01 1.228340e-01 9.917416e-01 -3.688362e-02 -1.133427e+01 -9.596632e-01 1.281674e-01 2.502393e-01 4.480179e+01
2.809924e-01 3.176778e-03 9.597047e-01 -1.054344e+01 1.232168e-01 9.915990e-01 -3.935906e-02 -1.134075e+01 -9.517672e-01 1.293113e-01 2.782404e-01 4.490142e+01
3.111073e-01 1.773687e-03 9.503731e-01 -1.027960e+01 1.184505e-01 9.921285e-01 -4.062673e-02 -1.136895e+01 -9.429643e-01 1.252115e-01 3.084483e-01 4.502577e+01
3.417482e-01 1.625548e-03 9.397901e-01 -1.003922e+01 1.124103e-01 9.927485e-01 -4.259436e-02 -1.139299e+01 -9.330445e-01 1.201986e-01 3.390873e-01 4.514964e+01
3.744826e-01 2.544386e-03 9.272304e-01 -9.791227e+00 1.047990e-01 9.934725e-01 -4.505156e-02 -1.141169e+01 -9.212925e-01 1.140438e-01 3.717715e-01 4.527348e+01
4.093230e-01 3.031539e-03 9.123845e-01 -9.575767e+00 9.817828e-02 9.940418e-01 -4.734857e-02 -1.144307e+01 -9.070919e-01 1.089572e-01 4.065865e-01 4.539382e+01
4.441651e-01 4.218229e-03 8.959350e-01 -9.375469e+00 9.173927e-02 9.945188e-01 -5.016267e-02 -1.146958e+01 -8.912358e-01 1.044729e-01 4.413436e-01 4.551660e+01
4.782429e-01 5.623596e-03 8.782096e-01 -9.158268e+00 8.612171e-02 9.948595e-01 -5.326950e-02 -1.149477e+01 -8.739947e-01 1.011087e-01 4.753002e-01 4.564644e+01
5.119037e-01 7.954468e-03 8.590060e-01 -8.941873e+00 8.083415e-02 9.950742e-01 -5.738562e-02 -1.151683e+01 -8.552312e-01 9.881294e-02 5.087392e-01 4.580975e+01
5.466274e-01 1.163675e-02 8.372951e-01 -8.730853e+00 7.481942e-02 9.952254e-01 -6.267747e-02 -1.153509e+01 -8.340267e-01 9.690716e-02 5.431468e-01 4.597624e+01
5.810651e-01 1.301171e-02 8.137531e-01 -8.474174e+00 7.106190e-02 9.952423e-01 -6.665584e-02 -1.155481e+01 -8.107488e-01 9.655823e-02 5.773759e-01 4.617877e+01
6.154627e-01 1.435597e-02 7.880352e-01 -8.244714e+00 6.643719e-02 9.953307e-01 -7.002042e-02 -1.157690e+01 -7.853609e-01 9.544980e-02 6.116352e-01 4.639768e+01
6.501013e-01 1.407123e-02 7.597173e-01 -7.988944e+00 6.400342e-02 9.952612e-01 -7.320257e-02 -1.160471e+01 -7.571472e-01 9.621359e-02 6.461200e-01 4.663456e+01
6.849701e-01 1.290071e-02 7.284570e-01 -7.735111e+00 6.082228e-02 9.953406e-01 -7.481848e-02 -1.163909e+01 -7.260280e-01 9.555484e-02 6.809939e-01 4.689426e+01
7.192456e-01 1.294049e-02 6.946354e-01 -7.484551e+00 5.725688e-02 9.953213e-01 -7.782746e-02 -1.166991e+01 -6.923925e-01 9.574971e-02 7.151396e-01 4.716893e+01
7.855795e-01 2.061243e-02 6.184173e-01 -7.055572e+00 4.152720e-02 9.954353e-01 -8.593107e-02 -1.172216e+01 -6.173656e-01 9.318683e-02 7.811376e-01 4.778050e+01
8.169123e-01 2.447242e-02 5.762424e-01 -6.831170e+00 3.314033e-02 9.954571e-01 -8.925755e-02 -1.174166e+01 -5.758089e-01 9.201246e-02 8.123902e-01 4.812566e+01
8.444314e-01 2.469250e-02 5.350942e-01 -6.611952e+00 2.788347e-02 9.955564e-01 -8.994388e-02 -1.178355e+01 -5.349375e-01 9.087172e-02 8.399906e-01 4.849647e+01
8.687871e-01 2.443974e-02 4.945824e-01 -6.420566e+00 2.285816e-02 9.957373e-01 -8.935707e-02 -1.182905e+01 -4.946580e-01 8.893751e-02 8.645251e-01 4.889603e+01
8.907014e-01 2.461683e-02 4.539218e-01 -6.194879e+00 1.757441e-02 9.959215e-01 -8.849538e-02 -1.189102e+01 -4.542489e-01 8.680037e-02 8.866361e-01 4.933772e+01
9.093278e-01 2.661047e-02 4.152287e-01 -6.041838e+00 1.283674e-02 9.956835e-01 -9.192139e-02 -1.193149e+01 -4.158825e-01 8.891685e-02 9.050611e-01 4.977580e+01
9.254659e-01 2.602716e-02 3.779357e-01 -5.885721e+00 1.076922e-02 9.954264e-01 -9.492270e-02 -1.199250e+01 -3.786777e-01 9.191780e-02 9.209529e-01 5.022354e+01
9.391404e-01 2.705308e-02 3.424667e-01 -5.710882e+00 7.079290e-03 9.951587e-01 -9.802576e-02 -1.203940e+01 -3.434606e-01 9.448438e-02 9.344022e-01 5.073055e+01
9.506299e-01 2.517841e-02 3.093039e-01 -5.553249e+00 6.241702e-03 9.949502e-01 -1.001760e-01 -1.208222e+01 -3.102642e-01 9.716084e-02 9.456722e-01 5.125128e+01
9.611651e-01 2.215623e-02 2.750831e-01 -5.406629e+00 5.662912e-03 9.949787e-01 -9.992609e-02 -1.214101e+01 -2.759158e-01 9.760325e-02 9.562134e-01 5.181075e+01
9.710162e-01 1.668169e-02 2.384308e-01 -5.268838e+00 6.833894e-03 9.952159e-01 -9.746099e-02 -1.217987e+01 -2.389160e-01 9.626561e-02 9.662567e-01 5.237530e+01
9.793124e-01 7.615395e-03 2.022107e-01 -5.147989e+00 1.122420e-02 9.957088e-01 -9.185824e-02 -1.224128e+01 -2.020425e-01 9.222757e-02 9.750246e-01 5.298222e+01
9.859278e-01 5.494400e-03 1.670816e-01 -5.051425e+00 9.073573e-03 9.962277e-01 -8.630248e-02 -1.228115e+01 -1.669255e-01 8.660403e-02 9.821586e-01 5.361840e+01
9.909107e-01 5.295144e-03 1.344172e-01 -4.967123e+00 6.146830e-03 9.963990e-01 -8.456531e-02 -1.235795e+01 -1.343810e-01 8.462291e-02 9.873098e-01 5.426407e+01
9.946340e-01 1.166117e-03 1.034495e-01 -4.893486e+00 8.011094e-03 9.960660e-01 -8.825207e-02 -1.241391e+01 -1.031455e-01 8.860725e-02 9.907117e-01 5.493995e+01
9.972419e-01 -6.672180e-03 7.391878e-02 -4.852208e+00 1.366186e-02 9.954348e-01 -9.446128e-02 -1.247273e+01 -7.295106e-02 9.521062e-02 9.927805e-01 5.565291e+01
9.988990e-01 -8.633562e-03 4.611177e-02 -4.823137e+00 1.306566e-02 9.952280e-01 -9.669797e-02 -1.253085e+01 -4.505688e-02 9.719398e-02 9.942450e-01 5.639902e+01
9.996707e-01 -1.665175e-02 1.952220e-02 -4.813892e+00 1.839832e-02 9.954964e-01 -9.299699e-02 -1.261054e+01 -1.788572e-02 9.332555e-02 9.954750e-01 5.719556e+01
9.996695e-01 -2.370914e-02 -9.933912e-03 -4.813208e+00 2.275049e-02 9.959057e-01 -8.748825e-02 -1.268109e+01 1.196751e-02 8.723334e-02 9.961160e-01 5.799019e+01
9.987876e-01 -2.943673e-02 -3.945585e-02 -4.842657e+00 2.596709e-02 9.959795e-01 -8.573568e-02 -1.275559e+01 4.182100e-02 8.460718e-02 9.955364e-01 5.881916e+01
9.971099e-01 -3.371605e-02 -6.808074e-02 -4.897644e+00 2.800836e-02 9.961461e-01 -8.311740e-02 -1.283176e+01 7.062075e-02 8.097036e-02 9.942115e-01 5.965444e+01
9.949220e-01 -3.490066e-02 -9.440386e-02 -4.980194e+00 2.745345e-02 9.964913e-01 -7.906620e-02 -1.290814e+01 9.683208e-02 7.607299e-02 9.923893e-01 6.053200e+01
9.927302e-01 -2.647887e-02 -1.174124e-01 -5.122905e+00 1.749329e-02 9.968845e-01 -7.691060e-02 -1.299163e+01 1.190831e-01 7.429755e-02 9.901005e-01 6.142663e+01
9.901679e-01 -1.792039e-02 -1.387315e-01 -5.272045e+00 7.121992e-03 9.969322e-01 -7.794511e-02 -1.308270e+01 1.397027e-01 7.619070e-02 9.872579e-01 6.234727e+01
9.873130e-01 -1.424877e-02 -1.581458e-01 -5.426265e+00 1.196532e-03 9.966050e-01 -8.232302e-02 -1.316867e+01 1.587819e-01 8.108936e-02 9.839781e-01 6.328179e+01
9.846637e-01 -1.158468e-02 -1.740782e-01 -5.604975e+00 -3.701664e-03 9.961811e-01 -8.723283e-02 -1.326326e+01 1.744239e-01 8.653937e-02 9.808605e-01 6.425867e+01
9.824064e-01 -7.874120e-03 -1.865898e-01 -5.813576e+00 -9.186734e-03 9.958637e-01 -9.039431e-02 -1.335261e+01 1.865298e-01 9.051809e-02 9.782705e-01 6.523905e+01
9.803358e-01 -2.030039e-03 -1.973260e-01 -6.025489e+00 -1.569784e-02 9.959760e-01 -8.823484e-02 -1.345684e+01 1.967111e-01 8.959737e-02 9.763591e-01 6.624277e+01
9.784182e-01 2.676464e-04 -2.066341e-01 -6.240455e+00 -1.764761e-02 9.964537e-01 -8.227126e-02 -1.356409e+01 2.058793e-01 8.414230e-02 9.749532e-01 6.726611e+01
9.767041e-01 3.258027e-03 -2.145659e-01 -6.454067e+00 -2.101131e-02 9.965322e-01 -8.051187e-02 -1.366195e+01 2.135595e-01 8.314459e-02 9.733855e-01 6.828381e+01
9.754848e-01 4.114421e-03 -2.200283e-01 -6.704773e+00 -2.221705e-02 9.965582e-01 -7.986306e-02 -1.374407e+01 2.189424e-01 8.279358e-02 9.722188e-01 6.934283e+01
9.748896e-01 6.269899e-03 -2.226005e-01 -6.963922e+00 -2.366736e-02 9.968593e-01 -7.557422e-02 -1.384377e+01 2.214275e-01 7.894488e-02 9.719761e-01 7.040125e+01
9.745003e-01 8.690614e-03 -2.242179e-01 -7.203312e+00 -2.616154e-02 9.968353e-01 -7.506679e-02 -1.394819e+01 2.228559e-01 7.901850e-02 9.716436e-01 7.143607e+01
9.744728e-01 1.085571e-02 -2.242429e-01 -7.455573e+00 -2.900709e-02 9.965461e-01 -7.781030e-02 -1.406872e+01 2.226237e-01 8.232866e-02 9.714220e-01 7.247409e+01
9.745394e-01 1.100628e-02 -2.239459e-01 -7.690822e+00 -2.983058e-02 9.962799e-01 -8.084877e-02 -1.416768e+01 2.222229e-01 8.547075e-02 9.712424e-01 7.354899e+01
9.747766e-01 1.350243e-02 -2.227741e-01 -7.941103e+00 -3.225678e-02 9.962112e-01 -8.076291e-02 -1.427566e+01 2.208395e-01 8.591177e-02 9.715190e-01 7.459715e+01
9.748232e-01 1.591584e-02 -2.224103e-01 -8.186553e+00 -3.408296e-02 9.963639e-01 -7.808491e-02 -1.439604e+01 2.203588e-01 8.369939e-02 9.718212e-01 7.567804e+01
9.748703e-01 1.293429e-02 -2.223975e-01 -8.413894e+00 -3.083562e-02 9.965379e-01 -7.720960e-02 -1.448111e+01 2.206289e-01 8.212711e-02 9.718940e-01 7.669669e+01
9.749145e-01 1.507311e-02 -2.220689e-01 -8.648445e+00 -3.304284e-02 9.964502e-01 -7.742795e-02 -1.460002e+01 2.201135e-01 8.282341e-02 9.719518e-01 7.775672e+01
9.751116e-01 1.465686e-02 -2.212296e-01 -8.878827e+00 -3.250583e-02 9.964812e-01 -7.725693e-02 -1.468262e+01 2.193188e-01 8.252538e-02 9.721568e-01 7.876609e+01
9.752082e-01 1.590615e-02 -2.207168e-01 -9.112142e+00 -3.385216e-02 9.963968e-01 -7.776512e-02 -1.478516e+01 2.186846e-01 8.330893e-02 9.722328e-01 7.979658e+01
9.752871e-01 1.594181e-02 -2.203653e-01 -9.339394e+00 -3.465001e-02 9.960877e-01 -8.129352e-02 -1.487857e+01 2.182072e-01 8.692019e-02 9.720239e-01 8.080105e+01
9.753776e-01 1.469522e-02 -2.200512e-01 -9.574549e+00 -3.389590e-02 9.959113e-01 -8.373583e-02 -1.498460e+01 2.179210e-01 8.913289e-02 9.718877e-01 8.184772e+01
9.754413e-01 1.239420e-02 -2.199104e-01 -9.797935e+00 -3.156014e-02 9.959780e-01 -8.385557e-02 -1.507599e+01 2.179866e-01 8.873659e-02 9.719093e-01 8.285551e+01
9.756120e-01 1.125725e-02 -2.192135e-01 -1.002011e+01 -2.963462e-02 9.962956e-01 -8.072654e-02 -1.516630e+01 2.174927e-01 8.525409e-02 9.723316e-01 8.385472e+01
9.758624e-01 1.000189e-02 -2.181573e-01 -1.025049e+01 -2.755971e-02 9.966045e-01 -7.758877e-02 -1.527538e+01 2.166405e-01 8.172831e-02 9.728244e-01 8.487931e+01
9.760285e-01 8.245082e-03 -2.174866e-01 -1.046309e+01 -2.562048e-02 9.966869e-01 -7.719353e-02 -1.535921e+01 2.161295e-01 8.091519e-02 9.730060e-01 8.588454e+01
9.762199e-01 5.631407e-03 -2.167097e-01 -1.067609e+01 -2.339007e-02 9.965629e-01 -7.946943e-02 -1.544718e+01 2.155173e-01 8.264849e-02 9.729962e-01 8.688196e+01
9.764320e-01 5.518021e-03 -2.157549e-01 -1.090575e+01 -2.393036e-02 9.962771e-01 -8.282033e-02 -1.555306e+01 2.144947e-01 8.603151e-02 9.729289e-01 8.788427e+01
9.767688e-01 6.323248e-03 -2.142025e-01 -1.116590e+01 -2.465526e-02 9.962429e-01 -8.301954e-02 -1.567291e+01 2.128728e-01 8.637211e-02 9.732549e-01 8.893920e+01
9.769973e-01 6.896180e-03 -2.131402e-01 -1.139839e+01 -2.423134e-02 9.965937e-01 -7.882732e-02 -1.577269e+01 2.118706e-01 8.217875e-02 9.738365e-01 8.995491e+01
9.772519e-01 7.366200e-03 -2.119539e-01 -1.160960e+01 -2.374172e-02 9.969145e-01 -7.481893e-02 -1.586460e+01 2.107488e-01 7.814909e-02 9.744114e-01 9.093811e+01
9.774263e-01 6.111156e-03 -2.111880e-01 -1.183418e+01 -2.248431e-02 9.969138e-01 -7.521476e-02 -1.593892e+01 2.100766e-01 7.826531e-02 9.745473e-01 9.193468e+01
9.775711e-01 5.438254e-03 -2.105353e-01 -1.204214e+01 -2.218252e-02 9.967648e-01 -7.725226e-02 -1.601909e+01 2.094341e-01 8.018978e-02 9.745291e-01 9.287307e+01
9.777805e-01 5.881595e-03 -2.095489e-01 -1.225368e+01 -2.257973e-02 9.967457e-01 -7.738320e-02 -1.610866e+01 2.084118e-01 8.039534e-02 9.747313e-01 9.381948e+01
9.779244e-01 6.744600e-03 -2.088503e-01 -1.245566e+01 -2.329164e-02 9.967689e-01 -7.687157e-02 -1.619670e+01 2.076570e-01 8.003905e-02 9.749217e-01 9.474112e+01
9.779469e-01 8.078737e-03 -2.086973e-01 -1.265319e+01 -2.486455e-02 9.966484e-01 -7.793369e-02 -1.626940e+01 2.073683e-01 8.140418e-02 9.748701e-01 9.564567e+01
9.780031e-01 5.378256e-03 -2.085209e-01 -1.283899e+01 -2.265391e-02 9.964932e-01 -8.054921e-02 -1.636207e+01 2.073565e-01 8.350119e-02 9.746953e-01 9.652001e+01
9.778956e-01 7.915835e-03 -2.089439e-01 -1.298784e+01 -2.596781e-02 9.961446e-01 -8.379514e-02 -1.646137e+01 2.074751e-01 8.736871e-02 9.743310e-01 9.734914e+01
9.780528e-01 6.757998e-03 -2.082477e-01 -1.317385e+01 -2.467357e-02 9.961978e-01 -8.355311e-02 -1.654566e+01 2.068913e-01 8.685757e-02 9.745008e-01 9.821615e+01
9.780051e-01 6.760137e-03 -2.084714e-01 -1.333828e+01 -2.361086e-02 9.966386e-01 -7.844781e-02 -1.662465e+01 2.072403e-01 8.164455e-02 9.748772e-01 9.903800e+01
9.781890e-01 8.758668e-03 -2.075322e-01 -1.354146e+01 -2.405144e-02 9.971663e-01 -7.128052e-02 -1.671366e+01 2.063198e-01 7.471726e-02 9.756277e-01 9.989869e+01
9.782473e-01 9.177772e-03 -2.072389e-01 -1.370955e+01 -2.377693e-02 9.973975e-01 -6.806555e-02 -1.679552e+01 2.060748e-01 7.151245e-02 9.759196e-01 1.007003e+02
9.783074e-01 7.565440e-03 -2.070205e-01 -1.387381e+01 -2.226591e-02 9.973839e-01 -6.877221e-02 -1.688131e+01 2.059586e-01 7.188986e-02 9.759164e-01 1.014793e+02
9.785189e-01 6.036345e-03 -2.060688e-01 -1.405403e+01 -2.131521e-02 9.971765e-01 -7.200523e-02 -1.695063e+01 2.050524e-01 7.485088e-02 9.758847e-01 1.022619e+02
9.789549e-01 7.584137e-03 -2.039355e-01 -1.436505e+01 -2.373454e-02 9.967590e-01 -7.686495e-02 -1.709265e+01 2.026916e-01 8.008764e-02 9.759621e-01 1.036868e+02
9.797135e-01 1.047955e-02 -2.001289e-01 -1.454013e+01 -2.657478e-02 9.966063e-01 -7.790821e-02 -1.716314e+01 1.986333e-01 8.164611e-02 9.766672e-01 1.043964e+02
9.811718e-01 1.372730e-02 -1.926486e-01 -1.465257e+01 -2.923930e-02 9.965316e-01 -7.790916e-02 -1.723548e+01 1.909109e-01 8.207518e-02 9.781701e-01 1.050248e+02
9.834097e-01 1.617848e-02 -1.806754e-01 -1.477571e+01 -3.070107e-02 9.964903e-01 -7.787465e-02 -1.730014e+01 1.787814e-01 8.212961e-02 9.804550e-01 1.056639e+02
9.861982e-01 1.822363e-02 -1.645631e-01 -1.488101e+01 -3.130852e-02 9.965183e-01 -7.727268e-02 -1.736703e+01 1.625819e-01 8.135841e-02 9.833351e-01 1.062706e+02
9.893376e-01 1.945494e-02 -1.443348e-01 -1.495463e+01 -3.083821e-02 9.965499e-01 -7.705408e-02 -1.742691e+01 1.423377e-01 8.068353e-02 9.865243e-01 1.068535e+02
9.955821e-01 2.300370e-02 -9.103373e-02 -1.503844e+01 -3.027651e-02 9.963881e-01 -7.933466e-02 -1.753416e+01 8.887993e-02 8.174035e-02 9.926827e-01 1.079496e+02
9.980699e-01 2.454647e-02 -5.704268e-02 -1.504468e+01 -2.918701e-02 9.962051e-01 -8.199761e-02 -1.758557e+01 5.481345e-02 8.350426e-02 9.949988e-01 1.084427e+02
9.995605e-01 2.351532e-02 -1.805068e-02 -1.501639e+01 -2.494947e-02 9.961671e-01 -8.383725e-02 -1.763773e+01 1.601003e-02 8.425076e-02 9.963160e-01 1.089241e+02
9.995456e-01 1.969746e-02 2.281762e-02 -1.496267e+01 -1.769150e-02 9.962234e-01 -8.500506e-02 -1.768632e+01 -2.440583e-02 8.456276e-02 9.961192e-01 1.093979e+02
9.978174e-01 1.618670e-02 6.401818e-02 -1.490252e+01 -1.062820e-02 9.962183e-01 -8.623310e-02 -1.773284e+01 -6.517191e-02 8.536449e-02 9.942160e-01 1.098276e+02
9.941129e-01 1.425501e-02 1.074070e-01 -1.481226e+01 -4.779573e-03 9.961120e-01 -8.796584e-02 -1.777751e+01 -1.082434e-01 8.693462e-02 9.903160e-01 1.102499e+02
9.879714e-01 1.581363e-02 1.538261e-01 -1.471367e+01 -1.957156e-03 9.959564e-01 -8.981616e-02 -1.782313e+01 -1.546244e-01 8.843474e-02 9.840074e-01 1.106513e+02
9.794477e-01 1.702236e-02 2.009788e-01 -1.461328e+01 1.296680e-03 9.958804e-01 -9.066758e-02 -1.786320e+01 -2.016942e-01 8.906475e-02 9.753906e-01 1.110241e+02
9.690231e-01 1.663302e-02 2.464095e-01 -1.448000e+01 5.899836e-03 9.958858e-01 -9.042535e-02 -1.789321e+01 -2.468998e-01 8.907802e-02 9.649381e-01 1.114006e+02
9.566842e-01 1.486634e-02 2.907478e-01 -1.434013e+01 1.199050e-02 9.958359e-01 -9.037235e-02 -1.792781e+01 -2.908806e-01 8.994402e-02 9.525222e-01 1.117424e+02
9.425298e-01 1.359842e-02 3.338453e-01 -1.419614e+01 1.799283e-02 9.956559e-01 -9.135403e-02 -1.796283e+01 -3.336374e-01 9.211072e-02 9.381907e-01 1.120592e+02
9.267668e-01 1.493316e-02 3.753402e-01 -1.404364e+01 2.135697e-02 9.954985e-01 -9.233990e-02 -1.799956e+01 -3.750295e-01 9.359368e-02 9.222760e-01 1.123559e+02
9.091603e-01 1.632853e-02 4.161260e-01 -1.388845e+01 2.489901e-02 9.953121e-01 -9.345527e-02 -1.803149e+01 -4.157013e-01 9.532695e-02 9.044917e-01 1.126326e+02
8.900949e-01 1.607570e-02 4.554917e-01 -1.372129e+01 3.064196e-02 9.950060e-01 -9.499551e-02 -1.806033e+01 -4.547441e-01 9.851217e-02 8.851571e-01 1.128869e+02
8.705518e-01 1.352663e-02 4.918908e-01 -1.354908e+01 3.891173e-02 9.945995e-01 -9.621698e-02 -1.808929e+01 -4.905359e-01 1.029022e-01 8.653240e-01 1.131165e+02
8.514296e-01 9.678021e-03 5.243796e-01 -1.337302e+01 4.879755e-02 9.940308e-01 -9.757804e-02 -1.811351e+01 -5.221939e-01 1.086693e-01 8.458750e-01 1.133255e+02
8.324170e-01 4.700039e-03 5.541298e-01 -1.320369e+01 5.981865e-02 9.933588e-01 -9.828542e-02 -1.813752e+01 -5.509117e-01 1.149618e-01 8.266076e-01 1.135055e+02
8.138418e-01 2.384347e-03 5.810816e-01 -1.305906e+01 6.670682e-02 9.929973e-01 -9.750170e-02 -1.816100e+01 -5.772449e-01 1.181131e-01 8.079837e-01 1.136630e+02
7.965234e-01 4.853017e-03 6.045882e-01 -1.291323e+01 6.881607e-02 9.927418e-01 -9.863143e-02 -1.817735e+01 -6.006786e-01 1.201676e-01 7.904081e-01 1.138175e+02
7.791557e-01 1.142060e-02 6.267264e-01 -1.278336e+01 6.661291e-02 9.926637e-01 -1.009031e-01 -1.819164e+01 -6.232810e-01 1.203673e-01 7.726788e-01 1.139431e+02
7.607967e-01 1.883359e-02 6.487169e-01 -1.265322e+01 6.312271e-02 9.926922e-01 -1.028484e-01 -1.819925e+01 -6.459132e-01 1.191955e-01 7.540481e-01 1.140640e+02
7.419439e-01 2.336094e-02 6.700548e-01 -1.252367e+01 6.248698e-02 9.926335e-01 -1.037985e-01 -1.820246e+01 -6.675437e-01 1.188824e-01 7.350186e-01 1.141802e+02
7.224461e-01 2.645008e-02 6.909211e-01 -1.238301e+01 6.105084e-02 9.929249e-01 -1.018479e-01 -1.820887e+01 -6.887266e-01 1.157610e-01 7.157199e-01 1.143017e+02
7.022629e-01 2.899266e-02 7.113271e-01 -1.223866e+01 5.861657e-02 9.934231e-01 -9.836013e-02 -1.822009e+01 -7.095004e-01 1.107702e-01 6.959448e-01 1.144285e+02
6.814186e-01 3.238338e-02 7.311771e-01 -1.214281e+01 5.463035e-02 9.939833e-01 -9.493551e-02 -1.823113e+01 -7.298522e-01 1.046353e-01 6.755496e-01 1.145279e+02
6.601600e-01 3.272484e-02 7.504118e-01 -1.192126e+01 5.838597e-02 9.937920e-01 -9.470235e-02 -1.823318e+01 -7.488524e-01 1.063322e-01 6.541510e-01 1.146636e+02
6.385395e-01 3.187133e-02 7.689288e-01 -1.178131e+01 6.430134e-02 9.934390e-01 -9.457463e-02 -1.824127e+01 -7.668981e-01 1.098328e-01 6.323006e-01 1.147440e+02
6.164748e-01 2.968725e-02 7.868148e-01 -1.165611e+01 7.148334e-02 9.930520e-01 -9.347646e-02 -1.825370e+01 -7.841230e-01 1.138700e-01 6.100694e-01 1.148084e+02
5.938028e-01 2.579285e-02 8.041971e-01 -1.151923e+01 7.760826e-02 9.929898e-01 -8.915233e-02 -1.826392e+01 -8.008590e-01 1.153512e-01 5.876384e-01 1.148766e+02
5.720340e-01 2.107356e-02 8.199592e-01 -1.137067e+01 8.198061e-02 9.931953e-01 -8.271858e-02 -1.827497e+01 -8.161227e-01 1.145386e-01 5.664138e-01 1.149562e+02
5.509038e-01 1.846393e-02 8.343645e-01 -1.116080e+01 8.405659e-02 9.934439e-01 -7.748408e-02 -1.828943e+01 -8.303250e-01 1.128201e-01 5.457399e-01 1.150600e+02
5.104149e-01 1.858239e-02 8.597275e-01 -1.091361e+01 9.018756e-02 9.930961e-01 -7.500885e-02 -1.832182e+01 -8.551859e-01 1.158224e-01 5.052151e-01 1.151586e+02
4.901140e-01 1.885860e-02 8.714543e-01 -1.075175e+01 9.259099e-02 9.929831e-01 -7.356257e-02 -1.833286e+01 -8.667267e-01 1.167429e-01 4.849288e-01 1.152252e+02
4.709601e-01 1.905080e-02 8.819488e-01 -1.057108e+01 9.215092e-02 9.932346e-01 -7.066320e-02 -1.834415e+01 -8.773282e-01 1.145519e-01 4.660183e-01 1.153095e+02
4.515325e-01 2.003281e-02 8.920298e-01 -1.039401e+01 8.808511e-02 9.938634e-01 -6.690713e-02 -1.835059e+01 -8.878961e-01 1.087853e-01 4.469970e-01 1.153874e+02
4.315270e-01 2.009709e-02 9.018761e-01 -1.021897e+01 8.608399e-02 9.942721e-01 -6.334523e-02 -1.836199e+01 -8.979833e-01 1.049723e-01 4.273252e-01 1.154656e+02
3.966972e-01 1.245882e-02 9.178650e-01 -9.918174e+00 9.856337e-02 9.935491e-01 -5.608479e-02 -1.839144e+01 -9.126426e-01 1.127165e-01 3.929102e-01 1.155319e+02
3.813517e-01 8.951236e-03 9.243867e-01 -9.741722e+00 1.054324e-01 9.930071e-01 -5.311139e-02 -1.840120e+01 -9.183980e-01 1.177144e-01 3.777413e-01 1.155734e+02
3.663832e-01 6.652618e-03 9.304403e-01 -9.552117e+00 1.069928e-01 9.930402e-01 -4.923117e-02 -1.841462e+01 -9.242921e-01 1.175878e-01 3.631214e-01 1.156369e+02
3.527380e-01 6.154928e-03 9.357019e-01 -9.391442e+00 1.038334e-01 9.935452e-01 -4.567820e-02 -1.843331e+01 -9.299433e-01 1.132695e-01 3.498221e-01 1.156909e+02
3.413710e-01 7.225860e-03 9.399009e-01 -9.207521e+00 1.029350e-01 9.936685e-01 -4.502510e-02 -1.844018e+01 -9.342752e-01 1.121189e-01 3.384658e-01 1.157448e+02
3.299142e-01 1.002385e-02 9.439577e-01 -9.041013e+00 1.009212e-01 9.938385e-01 -4.582559e-02 -1.845657e+01 -9.386009e-01 1.103839e-01 3.268698e-01 1.157985e+02
3.195193e-01 1.317025e-02 9.474882e-01 -8.862223e+00 1.068774e-01 9.930220e-01 -4.984519e-02 -1.846454e+01 -9.415331e-01 1.171915e-01 3.158821e-01 1.158355e+02
2.958102e-01 1.662711e-02 9.551020e-01 -8.513994e+00 1.188861e-01 9.914340e-01 -5.408050e-02 -1.848215e+01 -9.478198e-01 1.295459e-01 2.912995e-01 1.158994e+02
2.838361e-01 1.741233e-02 9.587147e-01 -8.332602e+00 1.151892e-01 9.919753e-01 -5.211922e-02 -1.850015e+01 -9.519288e-01 1.252269e-01 2.795527e-01 1.159465e+02
2.720792e-01 1.870747e-02 9.620930e-01 -8.167109e+00 1.096525e-01 9.926958e-01 -5.031216e-02 -1.852041e+01 -9.560069e-01 1.191848e-01 2.680406e-01 1.159891e+02
2.611111e-01 2.001597e-02 9.651012e-01 -7.973062e+00 1.088186e-01 9.928018e-01 -5.003167e-02 -1.853252e+01 -9.591556e-01 1.180847e-01 2.570534e-01 1.160411e+02
2.524319e-01 2.116085e-02 9.673833e-01 -7.761630e+00 1.102188e-01 9.926249e-01 -5.047381e-02 -1.854004e+01 -9.613168e-01 1.193650e-01 2.482379e-01 1.160885e+02
2.461153e-01 2.355904e-02 9.689542e-01 -7.542149e+00 1.134910e-01 9.921271e-01 -5.294928e-02 -1.855085e+01 -9.625732e-01 1.229992e-01 2.415039e-01 1.161347e+02
2.417099e-01 2.848405e-02 9.699304e-01 -7.305094e+00 1.167780e-01 9.914503e-01 -5.821748e-02 -1.856493e+01 -9.632960e-01 1.273382e-01 2.363170e-01 1.161843e+02
2.403780e-01 3.305627e-02 9.701163e-01 -7.081057e+00 1.174501e-01 9.910865e-01 -6.287291e-02 -1.857706e+01 -9.635476e-01 1.290535e-01 2.343529e-01 1.162331e+02
2.398260e-01 3.703696e-02 9.701092e-01 -6.841402e+00 1.125221e-01 9.914768e-01 -6.566995e-02 -1.859953e+01 -9.642729e-01 1.249081e-01 2.336144e-01 1.163040e+02
2.395119e-01 3.769870e-02 9.701613e-01 -6.595829e+00 1.092390e-01 9.918544e-01 -6.551042e-02 -1.861600e+01 -9.647284e-01 1.216700e-01 2.334428e-01 1.163636e+02
2.397273e-01 3.539755e-02 9.701947e-01 -6.305412e+00 1.099670e-01 9.919136e-01 -6.336191e-02 -1.863474e+01 -9.645922e-01 1.218789e-01 2.338962e-01 1.164257e+02
2.398290e-01 3.428427e-02 9.702096e-01 -5.995743e+00 1.109272e-01 9.918632e-01 -6.246986e-02 -1.865159e+01 -9.644570e-01 1.226047e-01 2.340745e-01 1.165060e+02
2.390841e-01 3.416683e-02 9.703975e-01 -5.681036e+00 1.097331e-01 9.920278e-01 -6.196417e-02 -1.867821e+01 -9.647784e-01 1.212993e-01 2.334289e-01 1.165864e+02
2.385624e-01 3.334815e-02 9.705544e-01 -5.375513e+00 1.073086e-01 9.923848e-01 -6.047470e-02 -1.870009e+01 -9.651802e-01 1.185758e-01 2.331671e-01 1.166587e+02
2.380255e-01 3.204781e-02 9.707300e-01 -5.065525e+00 1.025066e-01 9.930447e-01 -5.791939e-02 -1.872638e+01 -9.658345e-01 1.132926e-01 2.330848e-01 1.167330e+02
2.369525e-01 3.041929e-02 9.710449e-01 -4.752113e+00 1.022400e-01 9.931788e-01 -5.606109e-02 -1.875113e+01 -9.661265e-01 1.125635e-01 2.322261e-01 1.168097e+02
2.351909e-01 2.867228e-02 9.715262e-01 -4.412233e+00 1.025214e-01 9.932568e-01 -5.413238e-02 -1.878013e+01 -9.665271e-01 1.123336e-01 2.306654e-01 1.168916e+02
2.331849e-01 2.778359e-02 9.720354e-01 -4.068149e+00 1.028592e-01 9.932794e-01 -5.306605e-02 -1.880093e+01 -9.669771e-01 1.123570e-01 2.287599e-01 1.169727e+02
2.316643e-01 2.791281e-02 9.723953e-01 -3.732287e+00 1.013236e-01 9.934590e-01 -5.265687e-02 -1.882480e+01 -9.675046e-01 1.107253e-01 2.273207e-01 1.170482e+02
2.300385e-01 2.740049e-02 9.727957e-01 -3.370149e+00 1.006642e-01 9.935716e-01 -5.178989e-02 -1.885000e+01 -9.679613e-01 1.098394e-01 2.258014e-01 1.171381e+02
2.276428e-01 2.505803e-02 9.734222e-01 -3.009578e+00 1.009109e-01 9.936793e-01 -4.917834e-02 -1.887440e+01 -9.685018e-01 1.094240e-01 2.236753e-01 1.172193e+02
2.253191e-01 2.222165e-02 9.740316e-01 -2.649516e+00 1.052040e-01 9.933394e-01 -4.699860e-02 -1.889643e+01 -9.685884e-01 1.130617e-01 2.214805e-01 1.172901e+02
2.226777e-01 2.070777e-02 9.746722e-01 -2.276379e+00 1.086339e-01 9.930208e-01 -4.591656e-02 -1.891647e+01 -9.688206e-01 1.161070e-01 2.188740e-01 1.173667e+02
2.196053e-01 1.806545e-02 9.754215e-01 -1.900424e+00 1.124837e-01 9.926917e-01 -4.370976e-02 -1.894104e+01 -9.690825e-01 1.193179e-01 2.159683e-01 1.174355e+02
2.134239e-01 1.785060e-02 9.767966e-01 -1.519881e+00 1.120211e-01 9.927915e-01 -4.261880e-02 -1.896729e+01 -9.705161e-01 1.185177e-01 2.098858e-01 1.175169e+02
2.056056e-01 2.009094e-02 9.784287e-01 -1.130073e+00 1.068593e-01 9.933503e-01 -4.285260e-02 -1.899043e+01 -9.727833e-01 1.133649e-01 2.020915e-01 1.176069e+02
1.976302e-01 2.159195e-02 9.800388e-01 -7.487694e-01 1.026193e-01 9.938086e-01 -4.258906e-02 -1.901204e+01 -9.748906e-01 1.089877e-01 1.941908e-01 1.176937e+02
1.905029e-01 2.208834e-02 9.814381e-01 -3.733495e-01 1.038077e-01 9.936884e-01 -4.251373e-02 -1.903492e+01 -9.761827e-01 1.099799e-01 1.870075e-01 1.177586e+02
1.840195e-01 2.292053e-02 9.826553e-01 4.264846e-03 1.090994e-01 9.930744e-01 -4.359434e-02 -1.905847e+01 -9.768491e-01 1.152293e-01 1.802445e-01 1.178102e+02
1.770981e-01 2.581389e-02 9.838546e-01 3.736018e-01 1.132148e-01 9.924856e-01 -4.641950e-02 -1.908189e+01 -9.776598e-01 1.196077e-01 1.728448e-01 1.178666e+02
1.690220e-01 2.872540e-02 9.851936e-01 7.649883e-01 1.182255e-01 9.917672e-01 -4.920009e-02 -1.909957e+01 -9.784959e-01 1.247909e-01 1.642344e-01 1.179214e+02
1.614224e-01 2.901342e-02 9.864588e-01 1.189562e+00 1.214712e-01 9.913830e-01 -4.903557e-02 -1.911991e+01 -9.793812e-01 1.277417e-01 1.565071e-01 1.179765e+02
1.541893e-01 2.864572e-02 9.876260e-01 1.596190e+00 1.210600e-01 9.915005e-01 -4.765812e-02 -1.913967e+01 -9.805968e-01 1.269104e-01 1.494109e-01 1.180313e+02
1.482797e-01 2.895967e-02 9.885214e-01 2.025773e+00 1.198821e-01 9.916734e-01 -4.703450e-02 -1.916282e+01 -9.816524e-01 1.254802e-01 1.435733e-01 1.180975e+02
1.443938e-01 2.870798e-02 9.891038e-01 2.471670e+00 1.207361e-01 9.915993e-01 -4.640601e-02 -1.918834e+01 -9.821269e-01 1.261213e-01 1.397147e-01 1.181476e+02
1.404875e-01 2.643063e-02 9.897296e-01 2.915210e+00 1.237623e-01 9.913341e-01 -4.404095e-02 -1.921698e+01 -9.823167e-01 1.286784e-01 1.359989e-01 1.182073e+02
1.397291e-01 2.438405e-02 9.898895e-01 3.382554e+00 1.306447e-01 9.905032e-01 -4.284048e-02 -1.923933e+01 -9.815334e-01 1.353098e-01 1.352165e-01 1.182611e+02
1.415398e-01 2.457192e-02 9.896276e-01 3.866130e+00 1.380055e-01 9.894400e-01 -4.430525e-02 -1.926289e+01 -9.802658e-01 1.428450e-01 1.366540e-01 1.183127e+02
1.458783e-01 2.656038e-02 9.889459e-01 4.359605e+00 1.426256e-01 9.886319e-01 -4.759050e-02 -1.928896e+01 -9.789675e-01 1.479915e-01 1.404318e-01 1.183927e+02
1.569396e-01 2.722290e-02 9.872329e-01 4.856202e+00 1.456582e-01 9.880503e-01 -5.040060e-02 -1.930656e+01 -9.768079e-01 1.517084e-01 1.510990e-01 1.184783e+02
1.739600e-01 2.661943e-02 9.843929e-01 5.352744e+00 1.458016e-01 9.879209e-01 -5.248060e-02 -1.933879e+01 -9.738993e-01 1.526556e-01 1.679775e-01 1.185791e+02
1.942548e-01 2.624746e-02 9.805999e-01 5.849633e+00 1.436772e-01 9.881001e-01 -5.491036e-02 -1.937233e+01 -9.703721e-01 1.515564e-01 1.881720e-01 1.186818e+02
2.143221e-01 2.449139e-02 9.764559e-01 6.369174e+00 1.402017e-01 9.885624e-01 -5.556788e-02 -1.940593e+01 -9.666486e-01 1.488102e-01 2.084371e-01 1.188081e+02
2.325828e-01 2.090344e-02 9.723519e-01 6.893889e+00 1.364996e-01 9.891719e-01 -5.391520e-02 -1.944422e+01 -9.629502e-01 1.452654e-01 2.272110e-01 1.189439e+02
2.482350e-01 1.907977e-02 9.685119e-01 7.441406e+00 1.302617e-01 9.900679e-01 -5.289122e-02 -1.948363e+01 -9.599017e-01 1.392895e-01 2.432841e-01 1.191053e+02
2.614062e-01 2.177845e-02 9.649832e-01 7.995674e+00 1.223647e-01 9.909315e-01 -5.551170e-02 -1.953016e+01 -9.574412e-01 1.325910e-01 2.563707e-01 1.192760e+02
2.702328e-01 2.751928e-02 9.624016e-01 8.554748e+00 1.140416e-01 9.916396e-01 -6.037707e-02 -1.957523e+01 -9.560171e-01 1.260697e-01 2.648352e-01 1.194439e+02
2.738371e-01 3.394328e-02 9.611769e-01 9.127921e+00 1.112118e-01 9.915559e-01 -6.670009e-02 -1.961528e+01 -9.553246e-01 1.251592e-01 2.677499e-01 1.196000e+02
2.729008e-01 3.961174e-02 9.612263e-01 9.748918e+00 1.095573e-01 9.913724e-01 -7.195835e-02 -1.964908e+01 -9.557836e-01 1.249469e-01 2.662066e-01 1.197840e+02
2.680195e-01 4.033043e-02 9.625690e-01 1.035678e+01 1.086396e-01 9.914854e-01 -7.179179e-02 -1.969933e+01 -9.572685e-01 1.238147e-01 2.613559e-01 1.199577e+02
2.611730e-01 3.803767e-02 9.645423e-01 1.100461e+01 1.060336e-01 9.920461e-01 -6.783347e-02 -1.974946e+01 -9.594506e-01 1.199902e-01 2.550624e-01 1.201306e+02
2.518631e-01 3.165009e-02 9.672452e-01 1.165600e+01 1.058394e-01 9.925691e-01 -6.003849e-02 -1.980035e+01 -9.619579e-01 1.174942e-01 2.466417e-01 1.202997e+02
2.425015e-01 2.662723e-02 9.697856e-01 1.231102e+01 1.061348e-01 9.928952e-01 -5.380147e-02 -1.985394e+01 -9.643280e-01 1.159749e-01 2.379525e-01 1.204541e+02
2.328883e-01 2.492132e-02 9.721841e-01 1.297253e+01 1.074879e-01 9.928871e-01 -5.120093e-02 -1.990387e+01 -9.665451e-01 1.164221e-01 2.285531e-01 1.206091e+02
2.242456e-01 2.762853e-02 9.741409e-01 1.364506e+01 1.069346e-01 9.928644e-01 -5.277573e-02 -1.995390e+01 -9.686480e-01 1.160041e-01 2.196911e-01 1.207596e+02
2.155082e-01 3.329591e-02 9.759342e-01 1.431568e+01 1.066459e-01 9.926379e-01 -5.741560e-02 -1.999684e+01 -9.706611e-01 1.164529e-01 2.103707e-01 1.209066e+02
2.081782e-01 3.791180e-02 9.773559e-01 1.498733e+01 1.065948e-01 9.924173e-01 -6.120086e-02 -2.004391e+01 -9.722651e-01 1.169217e-01 2.025584e-01 1.210345e+02
2.021423e-01 3.872686e-02 9.785902e-01 1.567709e+01 1.064609e-01 9.924276e-01 -6.126554e-02 -2.009446e+01 -9.735525e-01 1.165659e-01 1.964887e-01 1.211693e+02
1.975184e-01 3.690523e-02 9.796042e-01 1.638822e+01 1.036482e-01 9.929036e-01 -5.830494e-02 -2.014830e+01 -9.748043e-01 1.130505e-01 1.922916e-01 1.213180e+02
1.937155e-01 3.458077e-02 9.804481e-01 1.709226e+01 1.006261e-01 9.934074e-01 -5.491942e-02 -2.020683e+01 -9.758835e-01 1.092975e-01 1.889587e-01 1.214566e+02
1.914572e-01 3.311379e-02 9.809422e-01 1.778666e+01 1.016377e-01 9.933888e-01 -5.337128e-02 -2.025719e+01 -9.762243e-01 1.099190e-01 1.868258e-01 1.215824e+02
1.892624e-01 3.197431e-02 9.814058e-01 1.849364e+01 1.013997e-01 9.934899e-01 -5.192276e-02 -2.030695e+01 -9.766769e-01 1.093412e-01 1.847881e-01 1.217057e+02
1.866834e-01 2.964122e-02 9.819729e-01 1.920982e+01 1.013220e-01 9.936336e-01 -4.925559e-02 -2.035126e+01 -9.771812e-01 1.086907e-01 1.824916e-01 1.218418e+02
1.849824e-01 2.710819e-02 9.823679e-01 1.990976e+01 1.000692e-01 9.939040e-01 -4.626982e-02 -2.039816e+01 -9.776337e-01 1.068639e-01 1.811421e-01 1.219763e+02
1.834791e-01 2.730773e-02 9.826442e-01 2.061315e+01 1.008925e-01 9.938121e-01 -4.645672e-02 -2.045442e+01 -9.778324e-01 1.076653e-01 1.795886e-01 1.221079e+02
1.830175e-01 3.145019e-02 9.826065e-01 2.133667e+01 1.017666e-01 9.935128e-01 -5.075401e-02 -2.050647e+01 -9.778283e-01 1.092854e-01 1.786296e-01 1.222282e+02
1.832081e-01 3.690937e-02 9.823810e-01 2.201865e+01 1.016672e-01 9.932254e-01 -5.627713e-02 -2.056118e+01 -9.778029e-01 1.101864e-01 1.782145e-01 1.223457e+02
1.821915e-01 4.010560e-02 9.824448e-01 2.343992e+01 9.986745e-02 9.932460e-01 -5.906665e-02 -2.066357e+01 -9.781783e-01 1.088757e-01 1.769557e-01 1.226194e+02
1.824831e-01 3.785026e-02 9.824802e-01 2.413865e+01 9.914213e-02 9.934573e-01 -5.668754e-02 -2.072892e+01 -9.781977e-01 1.077497e-01 1.775367e-01 1.227444e+02
1.827722e-01 3.743251e-02 9.824424e-01 2.484798e+01 9.769359e-02 9.936378e-01 -5.603385e-02 -2.078652e+01 -9.782895e-01 1.062198e-01 1.779525e-01 1.228869e+02
1.840649e-01 3.961511e-02 9.821154e-01 2.553820e+01 9.529972e-02 9.937607e-01 -5.794560e-02 -2.083713e+01 -9.782832e-01 1.042611e-01 1.791412e-01 1.230120e+02
1.850812e-01 3.923177e-02 9.819398e-01 2.619354e+01 9.117007e-02 9.942081e-01 -5.690615e-02 -2.088797e+01 -9.784850e-01 1.000558e-01 1.804325e-01 1.231318e+02
1.851727e-01 3.624556e-02 9.820373e-01 2.688869e+01 8.887719e-02 9.946065e-01 -5.346813e-02 -2.094645e+01 -9.786787e-01 9.718156e-02 1.809525e-01 1.232674e+02
1.860913e-01 3.235488e-02 9.819996e-01 2.759144e+01 8.782998e-02 9.949086e-01 -4.942420e-02 -2.099881e+01 -9.785990e-01 9.544642e-02 1.823021e-01 1.234009e+02
1.867892e-01 3.148878e-02 9.818952e-01 2.828280e+01 8.420776e-02 9.952944e-01 -4.793760e-02 -2.104882e+01 -9.787844e-01 9.163743e-02 1.832587e-01 1.235398e+02
1.876270e-01 3.403084e-02 9.816507e-01 2.897881e+01 7.812104e-02 9.957167e-01 -4.945007e-02 -2.109619e+01 -9.791288e-01 8.596574e-02 1.841648e-01 1.236941e+02
1.896115e-01 3.790766e-02 9.811272e-01 2.967333e+01 7.572278e-02 9.957138e-01 -5.310533e-02 -2.114503e+01 -9.789349e-01 8.436306e-02 1.859283e-01 1.238403e+02
1.949313e-01 4.746552e-02 9.796677e-01 3.101866e+01 7.324826e-02 9.953346e-01 -6.279931e-02 -2.124886e+01 -9.780779e-01 8.400050e-02 1.905451e-01 1.241043e+02
1.987446e-01 4.912949e-02 9.788191e-01 3.166129e+01 6.638045e-02 9.957744e-01 -6.345876e-02 -2.136657e+01 -9.778007e-01 7.758654e-02 1.946435e-01 1.241835e+02
2.035964e-01 4.993030e-02 9.777809e-01 3.315276e+01 6.751925e-02 9.956049e-01 -6.489954e-02 -2.147473e+01 -9.767239e-01 7.923234e-02 1.993303e-01 1.245642e+02
2.047712e-01 5.369831e-02 9.773358e-01 3.383554e+01 7.019494e-02 9.951174e-01 -6.938253e-02 -2.152672e+01 -9.762896e-01 8.281157e-02 2.000021e-01 1.247104e+02
2.038270e-01 5.950598e-02 9.771968e-01 3.452777e+01 6.613599e-02 9.950340e-01 -7.438703e-02 -2.158899e+01 -9.767705e-01 7.978996e-02 1.988793e-01 1.248732e+02
2.031964e-01 6.190582e-02 9.771790e-01 3.523227e+01 6.580213e-02 9.948797e-01 -7.671020e-02 -2.164107e+01 -9.769244e-01 7.988770e-02 1.980825e-01 1.250200e+02
2.031346e-01 6.066525e-02 9.772697e-01 3.588748e+01 6.974877e-02 9.946468e-01 -7.624188e-02 -2.170093e+01 -9.766634e-01 8.365073e-02 1.978158e-01 1.251547e+02
2.022721e-01 5.752708e-02 9.776383e-01 3.659469e+01 7.225953e-02 9.946754e-01 -7.348000e-02 -2.176599e+01 -9.766599e-01 8.550664e-02 1.970382e-01 1.252830e+02
2.009231e-01 5.461008e-02 9.780837e-01 3.727275e+01 7.308718e-02 9.948265e-01 -7.055885e-02 -2.182487e+01 -9.768767e-01 8.566228e-02 1.958923e-01 1.254167e+02
2.000446e-01 5.223147e-02 9.783936e-01 3.800828e+01 7.446612e-02 9.948793e-01 -6.833707e-02 -2.188694e+01 -9.769529e-01 8.652764e-02 1.951308e-01 1.255681e+02
1.991604e-01 5.278847e-02 9.785441e-01 3.867403e+01 7.472901e-02 9.948224e-01 -6.887601e-02 -2.195101e+01 -9.771135e-01 8.684300e-02 1.941844e-01 1.257014e+02
1.993360e-01 5.475225e-02 9.784004e-01 3.932487e+01 7.899599e-02 9.942905e-01 -7.173586e-02 -2.201688e+01 -9.767419e-01 9.158925e-02 1.938727e-01 1.258202e+02
1.994708e-01 5.662001e-02 9.782666e-01 4.003013e+01 8.404926e-02 9.936615e-01 -7.464888e-02 -2.206783e+01 -9.762925e-01 9.711286e-02 1.934476e-01 1.259443e+02
1.987694e-01 5.713341e-02 9.783795e-01 4.069122e+01 8.456516e-02 9.935761e-01 -7.520124e-02 -2.213048e+01 -9.763910e-01 9.768452e-02 1.926610e-01 1.260751e+02
1.986220e-01 5.602537e-02 9.784735e-01 4.135283e+01 8.509522e-02 9.936087e-01 -7.416560e-02 -2.219591e+01 -9.763750e-01 9.799434e-02 1.925850e-01 1.262043e+02
1.993250e-01 5.237911e-02 9.785326e-01 4.202151e+01 8.634079e-02 9.937481e-01 -7.078101e-02 -2.225893e+01 -9.761223e-01 9.859570e-02 1.935564e-01 1.263373e+02
2.003011e-01 5.292302e-02 9.783040e-01 4.268840e+01 8.912229e-02 9.934158e-01 -7.198770e-02 -2.232011e+01 -9.756724e-01 1.016079e-01 1.942656e-01 1.264665e+02
2.012407e-01 5.249681e-02 9.781341e-01 4.334558e+01 8.421748e-02 9.939381e-01 -7.067186e-02 -2.237503e+01 -9.759148e-01 9.659804e-02 1.955996e-01 1.265931e+02
2.008296e-01 5.314745e-02 9.781834e-01 4.400394e+01 8.149925e-02 9.941592e-01 -7.074796e-02 -2.243778e+01 -9.762302e-01 9.392949e-02 1.953251e-01 1.267326e+02
1.993235e-01 5.440971e-02 9.784221e-01 4.465534e+01 7.948052e-02 9.942701e-01 -7.148273e-02 -2.250151e+01 -9.767052e-01 9.201368e-02 1.938569e-01 1.268791e+02
1.993640e-01 5.496164e-02 9.783830e-01 4.532761e+01 8.278823e-02 9.939116e-01 -7.270363e-02 -2.256695e+01 -9.764221e-01 9.549308e-02 1.936000e-01 1.269991e+02
1.971450e-01 5.760229e-02 9.786807e-01 4.600402e+01 8.159845e-02 9.938445e-01 -7.493194e-02 -2.262379e+01 -9.769726e-01 9.463128e-02 1.912312e-01 1.271328e+02
1.966735e-01 5.690309e-02 9.788164e-01 4.665847e+01 7.817486e-02 9.942261e-01 -7.350659e-02 -2.268189e+01 -9.773476e-01 9.097563e-02 1.910895e-01 1.272711e+02
1.973581e-01 5.454164e-02 9.788130e-01 4.732407e+01 8.403699e-02 9.938346e-01 -7.232306e-02 -2.274196e+01 -9.767229e-01 9.653005e-02 1.915578e-01 1.274009e+02
1.964573e-01 5.305144e-02 9.790761e-01 4.796954e+01 9.021797e-02 9.933214e-01 -7.192608e-02 -2.281190e+01 -9.763530e-01 1.024607e-01 1.903590e-01 1.275368e+02
1.956191e-01 5.372768e-02 9.792071e-01 4.863255e+01 9.093244e-02 9.932027e-01 -7.266144e-02 -2.287119e+01 -9.764551e-01 1.032557e-01 1.894038e-01 1.276640e+02
1.952728e-01 5.386330e-02 9.792687e-01 4.928331e+01 8.631874e-02 9.936720e-01 -7.186807e-02 -2.292823e+01 -9.769430e-01 9.856313e-02 1.893877e-01 1.278040e+02
1.941282e-01 5.432924e-02 9.794706e-01 4.996754e+01 8.279567e-02 9.939951e-01 -7.154475e-02 -2.298293e+01 -9.774759e-01 9.498477e-02 1.884643e-01 1.279460e+02
1.950004e-01 5.439464e-02 9.792936e-01 5.063845e+01 8.317046e-02 9.939476e-01 -7.176979e-02 -2.303814e+01 -9.772704e-01 9.544344e-02 1.892962e-01 1.280789e+02
1.955027e-01 5.485332e-02 9.791679e-01 5.131504e+01 8.941181e-02 9.932793e-01 -7.349599e-02 -2.309728e+01 -9.766188e-01 1.019178e-01 1.892843e-01 1.281988e+02
1.960483e-01 6.013338e-02 9.787487e-01 5.196115e+01 9.308222e-02 9.924697e-01 -7.962122e-02 -2.316509e+01 -9.761664e-01 1.067137e-01 1.889746e-01 1.283311e+02
1.962144e-01 6.578479e-02 9.783518e-01 5.270240e+01 9.040468e-02 9.922837e-01 -8.485279e-02 -2.322517e+01 -9.763846e-01 1.050969e-01 1.887532e-01 1.284751e+02
1.961111e-01 6.563629e-02 9.783825e-01 5.328345e+01 8.938213e-02 9.924070e-01 -8.449328e-02 -2.329059e+01 -9.764995e-01 1.040200e-01 1.887553e-01 1.286171e+02
1.972111e-01 6.192166e-02 9.784035e-01 5.389602e+01 8.766574e-02 9.928913e-01 -8.050884e-02 -2.335781e+01 -9.764336e-01 1.016497e-01 1.903808e-01 1.287177e+02
1.974877e-01 5.578047e-02 9.787171e-01 5.455771e+01 8.860732e-02 9.932774e-01 -7.448969e-02 -2.342673e+01 -9.762927e-01 1.014323e-01 1.912175e-01 1.288468e+02
1.975761e-01 5.207111e-02 9.789036e-01 5.522132e+01 8.836528e-02 9.935769e-01 -7.068675e-02 -2.349037e+01 -9.762967e-01 1.004671e-01 1.917057e-01 1.289764e+02
1.962136e-01 5.192176e-02 9.791856e-01 5.587231e+01 8.735021e-02 9.937015e-01 -7.019510e-02 -2.356046e+01 -9.766628e-01 9.930530e-02 1.904424e-01 1.291262e+02
1.949910e-01 5.609489e-02 9.791996e-01 5.653178e+01 8.341976e-02 9.937971e-01 -7.354276e-02 -2.362113e+01 -9.772511e-01 9.602477e-02 1.891021e-01 1.292657e+02
1.938211e-01 5.923330e-02 9.792471e-01 5.717045e+01 8.566150e-02 9.933412e-01 -7.704071e-02 -2.367281e+01 -9.772899e-01 9.881589e-02 1.874565e-01 1.294112e+02
1.942230e-01 6.034082e-02 9.790998e-01 5.784122e+01 8.816394e-02 9.929933e-01 -7.868605e-02 -2.373274e+01 -9.769875e-01 1.016039e-01 1.875423e-01 1.295343e+02
1.938746e-01 5.722655e-02 9.793558e-01 5.850209e+01 9.042390e-02 9.930050e-01 -7.592455e-02 -2.379074e+01 -9.768501e-01 1.032770e-01 1.873438e-01 1.296518e+02
1.937286e-01 5.265811e-02 9.796409e-01 5.917832e+01 8.585311e-02 9.938176e-01 -7.039799e-02 -2.385054e+01 -9.772914e-01 9.774332e-02 1.880100e-01 1.297786e+02
1.930970e-01 4.867193e-02 9.799717e-01 5.983611e+01 8.467033e-02 9.942166e-01 -6.606315e-02 -2.391645e+01 -9.775196e-01 9.573113e-02 1.878592e-01 1.299140e+02
1.940616e-01 5.096556e-02 9.796645e-01 6.051629e+01 8.702346e-02 9.938180e-01 -6.894034e-02 -2.397319e+01 -9.771218e-01 9.863248e-02 1.884267e-01 1.300203e+02
1.932470e-01 5.551091e-02 9.795785e-01 6.116857e+01 8.623312e-02 9.935737e-01 -7.331569e-02 -2.401995e+01 -9.773533e-01 9.864015e-02 1.872183e-01 1.301537e+02
1.922687e-01 5.909912e-02 9.795612e-01 6.182832e+01 8.295259e-02 9.936337e-01 -7.623011e-02 -2.407468e+01 -9.778301e-01 9.591380e-02 1.861422e-01 1.302828e+02
1.913606e-01 5.765770e-02 9.798248e-01 6.247652e+01 8.487526e-02 9.935617e-01 -7.504225e-02 -2.412730e+01 -9.778432e-01 9.752301e-02 1.852348e-01 1.304126e+02
1.916119e-01 5.192165e-02 9.800964e-01 6.315113e+01 8.751557e-02 9.937181e-01 -6.975284e-02 -2.419408e+01 -9.775612e-01 9.913917e-02 1.858643e-01 1.305314e+02
1.915882e-01 5.296607e-02 9.800452e-01 6.382716e+01 8.830044e-02 9.935633e-01 -7.095843e-02 -2.425493e+01 -9.774953e-01 1.001332e-01 1.856781e-01 1.306483e+02
1.909199e-01 5.683574e-02 9.799588e-01 6.448554e+01 8.521238e-02 9.935940e-01 -7.422801e-02 -2.431327e+01 -9.779000e-01 9.767622e-02 1.848537e-01 1.307780e+02
1.925243e-01 5.902109e-02 9.795156e-01 6.514114e+01 9.038375e-02 9.928798e-01 -7.759133e-02 -2.437057e+01 -9.771209e-01 1.034705e-01 1.858190e-01 1.308816e+02
1.926154e-01 6.075316e-02 9.793918e-01 6.580650e+01 9.428171e-02 9.923182e-01 -8.009723e-02 -2.442733e+01 -9.767345e-01 1.077667e-01 1.854078e-01 1.310050e+02
1.916625e-01 6.143028e-02 9.795365e-01 6.647396e+01 9.531178e-02 9.921570e-01 -8.087108e-02 -2.449498e+01 -9.768220e-01 1.088613e-01 1.843043e-01 1.311350e+02
1.921662e-01 6.686320e-02 9.790819e-01 6.712324e+01 9.283723e-02 9.919634e-01 -8.596423e-02 -2.455143e+01 -9.769613e-01 1.074147e-01 1.844145e-01 1.312600e+02
1.927817e-01 6.763190e-02 9.789081e-01 6.843066e+01 9.158576e-02 9.920266e-01 -8.657472e-02 -2.467555e+01 -9.769582e-01 1.063441e-01 1.850504e-01 1.315226e+02
1.925555e-01 6.231651e-02 9.793054e-01 6.909108e+01 8.770961e-02 9.928940e-01 -8.042706e-02 -2.473183e+01 -9.773584e-01 1.013812e-01 1.857214e-01 1.316656e+02
1.935910e-01 5.619068e-02 9.794719e-01 6.976755e+01 8.675951e-02 9.934666e-01 -7.414141e-02 -2.480125e+01 -9.772386e-01 9.933160e-02 1.874511e-01 1.317918e+02
1.956663e-01 5.536040e-02 9.791067e-01 7.041384e+01 8.859821e-02 9.933245e-01 -7.386992e-02 -2.486482e+01 -9.766601e-01 1.012010e-01 1.894553e-01 1.319044e+02
1.965699e-01 5.993471e-02 9.786563e-01 7.106736e+01 8.961776e-02 9.928537e-01 -7.880454e-02 -2.492830e+01 -9.763856e-01 1.031956e-01 1.897939e-01 1.320297e+02
1.973468e-01 6.376361e-02 9.782579e-01 7.172512e+01 9.127689e-02 9.923526e-01 -8.309587e-02 -2.498606e+01 -9.760752e-01 1.056910e-01 1.900174e-01 1.321556e+02
1.980357e-01 6.228352e-02 9.782140e-01 7.239461e+01 9.013235e-02 9.925939e-01 -8.144605e-02 -2.505000e+01 -9.760420e-01 1.042980e-01 1.909552e-01 1.322947e+02
1.984307e-01 5.672441e-02 9.784721e-01 7.306504e+01 9.072932e-02 9.929741e-01 -7.596472e-02 -2.511460e+01 -9.759065e-01 1.038498e-01 1.918900e-01 1.324308e+02
1.991724e-01 4.954928e-02 9.787110e-01 7.374674e+01 9.903150e-02 9.925905e-01 -7.040534e-02 -2.517780e+01 -9.749478e-01 1.109460e-01 1.927897e-01 1.325491e+02
1.997927e-01 5.228260e-02 9.784423e-01 7.440449e+01 1.004754e-01 9.922184e-01 -7.353527e-02 -2.523991e+01 -9.746731e-01 1.130012e-01 1.929849e-01 1.326771e+02
1.987348e-01 6.316091e-02 9.780159e-01 7.505791e+01 9.627314e-02 9.918366e-01 -8.361635e-02 -2.530799e+01 -9.753133e-01 1.107741e-01 1.910317e-01 1.328168e+02
1.982541e-01 7.217724e-02 9.774895e-01 7.570495e+01 9.323706e-02 9.913738e-01 -9.211276e-02 -2.537355e+01 -9.757060e-01 1.094000e-01 1.898144e-01 1.329507e+02
1.991360e-01 7.403606e-02 9.771712e-01 7.636569e+01 9.473900e-02 9.910170e-01 -9.439180e-02 -2.544858e+01 -9.753816e-01 1.113730e-01 1.903331e-01 1.330769e+02
1.993135e-01 6.782015e-02 9.775861e-01 7.700023e+01 1.010694e-01 9.908592e-01 -8.934733e-02 -2.551087e+01 -9.747098e-01 1.166121e-01 1.906371e-01 1.331960e+02
1.980470e-01 6.281488e-02 9.781777e-01 7.767193e+01 9.745660e-02 9.917378e-01 -8.341723e-02 -2.559032e+01 -9.753356e-01 1.118504e-01 1.902889e-01 1.333341e+02
1.976748e-01 6.339755e-02 9.782154e-01 7.832345e+01 9.263655e-02 9.922324e-01 -8.302569e-02 -2.565703e+01 -9.758807e-01 1.070306e-01 1.902664e-01 1.334742e+02
1.988783e-01 7.021012e-02 9.775060e-01 7.897861e+01 9.464783e-02 9.913920e-01 -9.046405e-02 -2.572574e+01 -9.754431e-01 1.105102e-01 1.905211e-01 1.335980e+02
2.000747e-01 7.466676e-02 9.769314e-01 7.959818e+01 9.679223e-02 9.907083e-01 -9.554269e-02 -2.580427e+01 -9.749879e-01 1.136750e-01 1.909885e-01 1.337007e+02
2.002036e-01 7.551892e-02 9.768395e-01 8.024386e+01 9.972557e-02 9.902760e-01 -9.699648e-02 -2.588268e+01 -9.746658e-01 1.168349e-01 1.907256e-01 1.338253e+02
1.994387e-01 6.542228e-02 9.777240e-01 8.150814e+01 9.314011e-02 9.919859e-01 -8.537554e-02 -2.602431e+01 -9.754738e-01 1.080925e-01 1.917469e-01 1.340806e+02
1.991744e-01 6.284695e-02 9.779467e-01 8.213909e+01 8.892118e-02 9.926656e-01 -8.190305e-02 -2.609651e+01 -9.759214e-01 1.032732e-01 1.921251e-01 1.342034e+02
1.987253e-01 6.391612e-02 9.779688e-01 8.277400e+01 8.799213e-02 9.926775e-01 -8.275760e-02 -2.615746e+01 -9.760971e-01 1.024996e-01 1.916460e-01 1.343349e+02
1.987064e-01 6.525155e-02 9.778844e-01 8.339166e+01 9.033719e-02 9.923139e-01 -8.457094e-02 -2.622052e+01 -9.758867e-01 1.051441e-01 1.912845e-01 1.344567e+02
1.990992e-01 6.538171e-02 9.777959e-01 8.399829e+01 9.569140e-02 9.917067e-01 -8.579660e-02 -2.628239e+01 -9.752962e-01 1.106487e-01 1.911916e-01 1.345524e+02
1.986595e-01 6.271606e-02 9.780599e-01 8.458961e+01 1.001591e-01 9.914263e-01 -8.391708e-02 -2.633523e+01 -9.749372e-01 1.146326e-01 1.906747e-01 1.346576e+02
1.987068e-01 6.059901e-02 9.781837e-01 8.517792e+01 9.961607e-02 9.916686e-01 -8.167027e-02 -2.640239e+01 -9.749832e-01 1.136713e-01 1.910147e-01 1.347644e+02
1.988218e-01 6.081778e-02 9.781468e-01 8.575978e+01 9.885575e-02 9.917376e-01 -8.175660e-02 -2.645917e+01 -9.750372e-01 1.129504e-01 1.911668e-01 1.348722e+02
1.978812e-01 6.217392e-02 9.782522e-01 8.633305e+01 9.645364e-02 9.919082e-01 -8.255251e-02 -2.652787e+01 -9.754690e-01 1.106916e-01 1.902831e-01 1.349921e+02
2.000448e-01 6.233199e-02 9.778020e-01 8.684575e+01 1.075488e-01 9.905469e-01 -8.514745e-02 -2.658390e+01 -9.738662e-01 1.221948e-01 1.914501e-01 1.350563e+02
2.000911e-01 6.238702e-02 9.777890e-01 8.736153e+01 1.154725e-01 9.895140e-01 -8.676498e-02 -2.664568e+01 -9.729489e-01 1.302686e-01 1.907890e-01 1.351444e+02
1.975790e-01 5.944873e-02 9.784827e-01 8.843252e+01 1.092530e-01 9.906056e-01 -8.224605e-02 -2.675573e+01 -9.741798e-01 1.231523e-01 1.892279e-01 1.353655e+02
1.970332e-01 5.858839e-02 9.786446e-01 8.890381e+01 1.079760e-01 9.908435e-01 -8.105780e-02 -2.680646e+01 -9.744327e-01 1.216412e-01 1.889029e-01 1.354543e+02
1.975095e-01 5.785304e-02 9.785924e-01 8.936294e+01 1.112945e-01 9.904795e-01 -8.101838e-02 -2.685576e+01 -9.739628e-01 1.249138e-01 1.891904e-01 1.355305e+02
1.979457e-01 5.706064e-02 9.785508e-01 8.976670e+01 1.170707e-01 9.897823e-01 -8.139715e-02 -2.690222e+01 -9.731968e-01 1.306718e-01 1.892430e-01 1.355994e+02
1.974806e-01 5.742283e-02 9.786235e-01 9.019345e+01 1.190645e-01 9.894874e-01 -8.208683e-02 -2.694978e+01 -9.730494e-01 1.327299e-01 1.885676e-01 1.356774e+02
1.959255e-01 5.901057e-02 9.788416e-01 9.060320e+01 1.177686e-01 9.895471e-01 -8.322860e-02 -2.699246e+01 -9.735213e-01 1.315834e-01 1.869280e-01 1.357634e+02
1.939728e-01 5.813365e-02 9.792829e-01 9.135078e+01 1.147121e-01 9.900504e-01 -8.149460e-02 -2.707017e+01 -9.742770e-01 1.281434e-01 1.853742e-01 1.359083e+02
1.929961e-01 5.526406e-02 9.796420e-01 9.170564e+01 1.187000e-01 9.897649e-01 -7.921982e-02 -2.710432e+01 -9.739932e-01 1.315726e-01 1.844609e-01 1.359720e+02
1.923251e-01 5.294764e-02 9.799018e-01 9.204642e+01 1.232333e-01 9.893356e-01 -7.764433e-02 -2.713879e+01 -9.735629e-01 1.356894e-01 1.837491e-01 1.360358e+02
1.915347e-01 5.290637e-02 9.800589e-01 9.236582e+01 1.249347e-01 9.891091e-01 -7.781114e-02 -2.717231e+01 -9.735018e-01 1.373468e-01 1.828389e-01 1.360885e+02
1.910466e-01 5.254021e-02 9.801738e-01 9.266672e+01 1.238025e-01 9.893024e-01 -7.715999e-02 -2.720293e+01 -9.737423e-01 1.360891e-01 1.824983e-01 1.361502e+02
1.911072e-01 5.139591e-02 9.802227e-01 9.294333e+01 1.210630e-01 9.897695e-01 -7.549930e-02 -2.723622e+01 -9.740748e-01 1.330972e-01 1.829299e-01 1.362027e+02
1.905190e-01 5.074881e-02 9.803709e-01 9.320359e+01 1.185411e-01 9.901660e-01 -7.429237e-02 -2.726012e+01 -9.745001e-01 1.303683e-01 1.826296e-01 1.362579e+02
1.899590e-01 5.131233e-02 9.804502e-01 9.343378e+01 1.154365e-01 9.905392e-01 -7.420579e-02 -2.728198e+01 -9.749821e-01 1.272758e-01 1.822385e-01 1.363041e+02
1.905524e-01 5.274115e-02 9.802592e-01 9.364753e+01 1.144320e-01 9.905549e-01 -7.553950e-02 -2.730167e+01 -9.749847e-01 1.265673e-01 1.827173e-01 1.363493e+02
1.929567e-01 5.517869e-02 9.796545e-01 9.384123e+01 1.145429e-01 9.903245e-01 -7.834050e-02 -2.731983e+01 -9.744987e-01 1.273288e-01 1.847694e-01 1.363912e+02
1.979884e-01 5.765512e-02 9.785073e-01 9.402012e+01 1.155493e-01 9.899354e-01 -8.170840e-02 -2.733522e+01 -9.733699e-01 1.292432e-01 1.893337e-01 1.364302e+02
2.058341e-01 5.965620e-02 9.767668e-01 9.418849e+01 1.154371e-01 9.896909e-01 -8.477161e-02 -2.735403e+01 -9.717544e-01 1.302040e-01 1.968256e-01 1.364704e+02
2.193129e-01 6.068915e-02 9.737652e-01 9.434020e+01 1.161056e-01 9.893477e-01 -8.780980e-02 -2.737133e+01 -9.687215e-01 1.323174e-01 2.099303e-01 1.365110e+02
2.370034e-01 6.124245e-02 9.695766e-01 9.449732e+01 1.139057e-01 9.893760e-01 -9.033617e-02 -2.738799e+01 -9.648082e-01 1.318503e-01 2.275096e-01 1.365611e+02
2.557520e-01 5.904579e-02 9.649376e-01 9.464810e+01 1.129361e-01 9.894740e-01 -9.048038e-02 -2.740293e+01 -9.601231e-01 1.321169e-01 2.463915e-01 1.366140e+02
2.771885e-01 5.570212e-02 9.591996e-01 9.480167e+01 1.122166e-01 9.896091e-01 -8.989628e-02 -2.741662e+01 -9.542400e-01 1.325563e-01 2.680576e-01 1.366757e+02
3.035746e-01 5.192815e-02 9.513916e-01 9.495174e+01 1.103132e-01 9.898835e-01 -8.922835e-02 -2.743357e+01 -9.464003e-01 1.320385e-01 2.947751e-01 1.367515e+02
3.316275e-01 5.034956e-02 9.420659e-01 9.509134e+01 1.031339e-01 9.906551e-01 -8.925184e-02 -2.745585e+01 -9.377561e-01 1.267573e-01 3.233358e-01 1.368400e+02
3.610844e-01 5.057153e-02 9.311609e-01 9.521999e+01 9.579512e-02 9.912344e-01 -9.098144e-02 -2.747245e+01 -9.275998e-01 1.220526e-01 3.530748e-01 1.369275e+02
3.948544e-01 5.129509e-02 9.173107e-01 9.534632e+01 8.567998e-02 9.920331e-01 -9.235425e-02 -2.748959e+01 -9.147398e-01 1.150616e-01 3.873136e-01 1.370264e+02
4.307156e-01 5.269951e-02 9.009477e-01 9.546294e+01 7.612361e-02 9.926146e-01 -9.445379e-02 -2.750332e+01 -8.992715e-01 1.092661e-01 4.235229e-01 1.371247e+02
4.646150e-01 5.625613e-02 8.837240e-01 9.557274e+01 6.472119e-02 9.931534e-01 -9.724915e-02 -2.751711e+01 -8.831444e-01 1.023791e-01 4.577931e-01 1.372294e+02
4.970482e-01 6.045431e-02 8.656144e-01 9.567831e+01 5.202025e-02 9.936998e-01 -9.927054e-02 -2.754114e+01 -8.661622e-01 9.437173e-02 4.907719e-01 1.373452e+02
5.325791e-01 6.373594e-02 8.439770e-01 9.578600e+01 4.469085e-02 9.936519e-01 -1.032407e-01 -2.754655e+01 -8.451995e-01 9.270187e-02 5.263498e-01 1.374495e+02
5.684859e-01 6.605962e-02 8.200365e-01 9.588787e+01 3.621816e-02 9.937950e-01 -1.051651e-01 -2.756812e+01 -8.218954e-01 8.948509e-02 5.625659e-01 1.375673e+02
6.036853e-01 6.851660e-02 7.942730e-01 9.600083e+01 2.819206e-02 9.938421e-01 -1.071594e-01 -2.758672e+01 -7.967241e-01 8.708275e-02 5.980362e-01 1.377014e+02
6.382847e-01 7.158623e-02 7.664647e-01 9.610374e+01 1.718312e-02 9.940937e-01 -1.071558e-01 -2.760778e+01 -7.696086e-01 8.156616e-02 6.332847e-01 1.378525e+02
6.744844e-01 7.464897e-02 7.345055e-01 9.620990e+01 5.684634e-03 9.943206e-01 -1.062745e-01 -2.762766e+01 -7.382672e-01 7.585589e-02 6.702294e-01 1.380011e+02
7.108238e-01 7.612727e-02 6.992383e-01 9.631716e+01 -1.868693e-03 9.943265e-01 -1.063544e-01 -2.765397e+01 -7.033676e-01 7.429257e-02 7.069332e-01 1.381624e+02
7.457776e-01 7.770701e-02 6.616474e-01 9.641370e+01 -7.590876e-03 9.941006e-01 -1.081958e-01 -2.767468e+01 -6.661517e-01 7.566754e-02 7.419679e-01 1.383310e+02
7.793141e-01 7.871643e-02 6.216697e-01 9.651070e+01 -1.275665e-02 9.938660e-01 -1.098528e-01 -2.769665e+01 -6.265036e-01 7.767940e-02 7.755380e-01 1.385032e+02
8.093771e-01 8.133199e-02 5.816302e-01 9.659097e+01 -2.048305e-02 9.936710e-01 -1.104460e-01 -2.772523e+01 -5.869319e-01 7.747890e-02 8.059206e-01 1.386803e+02
8.356772e-01 8.592330e-02 5.424582e-01 9.667674e+01 -3.029058e-02 9.933937e-01 -1.106860e-01 -2.775378e+01 -5.483850e-01 7.606640e-02 8.327591e-01 1.388901e+02
8.586583e-01 9.008968e-02 5.045688e-01 9.676277e+01 -3.984804e-02 9.931856e-01 -1.095191e-01 -2.778320e+01 -5.109970e-01 7.393341e-02 8.563970e-01 1.391102e+02
8.786798e-01 9.406166e-02 4.680536e-01 9.684676e+01 -4.784725e-02 9.928130e-01 -1.096952e-01 -2.780824e+01 -4.750078e-01 7.399186e-02 8.768653e-01 1.393449e+02
8.974223e-01 9.625419e-02 4.305443e-01 9.692941e+01 -5.312747e-02 9.923856e-01 -1.111233e-01 -2.783122e+01 -4.379620e-01 7.685077e-02 8.957027e-01 1.395875e+02
9.145452e-01 9.732521e-02 3.926001e-01 9.700728e+01 -5.849680e-02 9.922408e-01 -1.097098e-01 -2.786142e+01 -4.002314e-01 7.736872e-02 9.131423e-01 1.398355e+02
9.284526e-01 9.876356e-02 3.580804e-01 9.707142e+01 -6.366814e-02 9.920512e-01 -1.085389e-01 -2.789076e+01 -3.659538e-01 7.797491e-02 9.273606e-01 1.400894e+02
9.405482e-01 1.040597e-01 3.233274e-01 9.712801e+01 -7.256686e-02 9.914979e-01 -1.080091e-01 -2.791508e+01 -3.318179e-01 7.812495e-02 9.401029e-01 1.403574e+02
9.521532e-01 1.061383e-01 2.865989e-01 9.718113e+01 -7.853598e-02 9.912409e-01 -1.061775e-01 -2.794624e+01 -2.953580e-01 7.858891e-02 9.521488e-01 1.406323e+02
9.618535e-01 1.090707e-01 2.508813e-01 9.722962e+01 -8.476254e-02 9.907717e-01 -1.057673e-01 -2.797813e+01 -2.601022e-01 8.046733e-02 9.622223e-01 1.409195e+02
9.700059e-01 1.095715e-01 2.169853e-01 9.726592e+01 -8.850777e-02 9.905735e-01 -1.045487e-01 -2.800871e+01 -2.263955e-01 8.220793e-02 9.705601e-01 1.412173e+02
9.775941e-01 1.079230e-01 1.807273e-01 9.729613e+01 -9.045703e-02 9.906358e-01 -1.022651e-01 -2.804397e+01 -1.900717e-01 8.362572e-02 9.782022e-01 1.415143e+02
9.840207e-01 1.047047e-01 1.440145e-01 9.731913e+01 -9.051434e-02 9.906785e-01 -1.018001e-01 -2.807936e+01 -1.533310e-01 8.713807e-02 9.843254e-01 1.418329e+02
9.884975e-01 1.070350e-01 1.068464e-01 9.731890e+01 -9.615275e-02 9.900976e-01 -1.022810e-01 -2.811290e+01 -1.167361e-01 9.083090e-02 9.890007e-01 1.421569e+02
9.914137e-01 1.124772e-01 6.669155e-02 9.731224e+01 -1.053657e-01 9.891917e-01 -1.019702e-01 -2.814261e+01 -7.744005e-02 9.406769e-02 9.925494e-01 1.425078e+02
9.929068e-01 1.158259e-01 2.684188e-02 9.728790e+01 -1.125570e-01 9.884350e-01 -1.016226e-01 -2.818071e+01 -3.830198e-02 9.788051e-02 9.944608e-01 1.428499e+02
9.931387e-01 1.164126e-01 -1.111775e-02 9.726521e+01 -1.169385e-01 9.878474e-01 -1.023856e-01 -2.821758e+01 -9.363354e-04 1.029832e-01 9.946827e-01 1.432168e+02
9.920843e-01 1.164599e-01 -4.696712e-02 9.722128e+01 -1.208336e-01 9.871420e-01 -1.046416e-01 -2.825377e+01 3.417667e-02 1.094885e-01 9.934003e-01 1.435880e+02
9.892133e-01 1.221338e-01 -8.087213e-02 9.715371e+01 -1.305140e-01 9.855410e-01 -1.080511e-01 -2.828617e+01 6.650610e-02 1.174406e-01 9.908505e-01 1.439724e+02
9.856433e-01 1.258456e-01 -1.125622e-01 9.708514e+01 -1.379793e-01 9.845923e-01 -1.074234e-01 -2.832505e+01 9.730911e-02 1.214124e-01 9.878208e-01 1.443704e+02
9.829118e-01 1.255936e-01 -1.345760e-01 9.700732e+01 -1.401115e-01 9.846111e-01 -1.044497e-01 -2.837373e+01 1.193869e-01 1.215205e-01 9.853829e-01 1.447926e+02
9.807316e-01 1.271645e-01 -1.483064e-01 9.692944e+01 -1.431735e-01 9.843479e-01 -1.027647e-01 -2.841759e+01 1.329171e-01 1.220182e-01 9.835876e-01 1.452339e+02
9.792198e-01 1.278049e-01 -1.574627e-01 9.684107e+01 -1.449231e-01 9.841220e-01 -1.024750e-01 -2.846643e+01 1.418657e-01 1.231655e-01 9.821937e-01 1.456797e+02
9.781683e-01 1.253441e-01 -1.657575e-01 9.675596e+01 -1.433222e-01 9.844757e-01 -1.013226e-01 -2.852510e+01 1.504840e-01 1.228673e-01 9.809476e-01 1.461674e+02
9.766320e-01 1.263270e-01 -1.738719e-01 9.666143e+01 -1.452715e-01 9.842348e-01 -1.008867e-01 -2.858763e+01 1.583860e-01 1.237878e-01 9.795869e-01 1.466686e+02
9.752547e-01 1.264241e-01 -1.813703e-01 9.655305e+01 -1.466928e-01 9.838019e-01 -1.030298e-01 -2.864379e+01 1.654070e-01 1.270860e-01 9.780029e-01 1.471924e+02
9.734763e-01 1.293397e-01 -1.887199e-01 9.643718e+01 -1.506750e-01 9.831591e-01 -1.034178e-01 -2.870185e+01 1.721657e-01 1.291101e-01 9.765703e-01 1.477338e+02
9.721517e-01 1.311018e-01 -1.942507e-01 9.630568e+01 -1.530747e-01 9.828595e-01 -1.027394e-01 -2.875270e+01 1.774518e-01 1.296132e-01 9.755569e-01 1.483081e+02
9.712161e-01 1.325088e-01 -1.979412e-01 9.617737e+01 -1.549214e-01 9.826117e-01 -1.023409e-01 -2.881859e+01 1.809383e-01 1.300604e-01 9.748567e-01 1.489128e+02
9.708262e-01 1.332043e-01 -1.993816e-01 9.604254e+01 -1.558083e-01 9.824779e-01 -1.022784e-01 -2.888754e+01 1.822641e-01 1.303599e-01 9.745697e-01 1.495254e+02
9.704566e-01 1.345880e-01 -2.002502e-01 9.589933e+01 -1.573772e-01 9.821997e-01 -1.025489e-01 -2.895474e+01 1.828838e-01 1.310340e-01 9.743632e-01 1.501595e+02
9.704666e-01 1.341527e-01 -2.004934e-01 9.575441e+01 -1.570788e-01 9.821866e-01 -1.031294e-01 -2.902759e+01 1.830869e-01 1.315769e-01 9.742519e-01 1.508104e+02
9.704371e-01 1.337401e-01 -2.009116e-01 9.560164e+01 -1.567614e-01 9.822133e-01 -1.033580e-01 -2.910174e+01 1.835149e-01 1.317977e-01 9.741415e-01 1.514956e+02
9.705213e-01 1.322923e-01 -2.014625e-01 9.546274e+01 -1.550670e-01 9.826500e-01 -1.017503e-01 -2.917592e+01 1.845064e-01 1.299911e-01 9.741970e-01 1.521777e+02
9.700590e-01 1.350350e-01 -2.018690e-01 9.531654e+01 -1.574716e-01 9.824985e-01 -9.949602e-02 -2.926015e+01 1.849005e-01 1.283057e-01 9.743457e-01 1.528732e+02
9.700980e-01 1.344626e-01 -2.020634e-01 9.515547e+01 -1.566489e-01 9.827722e-01 -9.808133e-02 -2.933276e+01 1.853940e-01 1.268015e-01 9.744488e-01 1.535914e+02
9.696717e-01 1.347683e-01 -2.038979e-01 9.499155e+01 -1.573323e-01 9.825945e-01 -9.876543e-02 -2.941845e+01 1.870385e-01 1.278498e-01 9.739974e-01 1.543364e+02
9.691086e-01 1.354913e-01 -2.060839e-01 9.481307e+01 -1.586493e-01 9.822299e-01 -1.002736e-01 -2.950418e+01 1.888355e-01 1.298710e-01 9.733831e-01 1.551152e+02
9.684259e-01 1.378049e-01 -2.077525e-01 9.462929e+01 -1.612298e-01 9.818050e-01 -1.003191e-01 -2.958269e+01 1.901480e-01 1.306475e-01 9.730236e-01 1.559046e+02
9.675937e-01 1.408336e-01 -2.095909e-01 9.442283e+01 -1.641728e-01 9.815120e-01 -9.839488e-02 -2.967384e+01 1.918586e-01 1.296154e-01 9.728258e-01 1.567365e+02
9.670095e-01 1.423201e-01 -2.112761e-01 9.421588e+01 -1.652290e-01 9.816714e-01 -9.497746e-02 -2.976892e+01 1.938865e-01 1.267530e-01 9.728010e-01 1.575627e+02
9.663388e-01 1.425803e-01 -2.141498e-01 9.400891e+01 -1.659173e-01 9.815347e-01 -9.518955e-02 -2.985101e+01 1.966233e-01 1.275165e-01 9.721516e-01 1.583966e+02
9.654652e-01 1.426703e-01 -2.179958e-01 9.382590e+01 -1.663424e-01 9.815473e-01 -9.431432e-02 -2.994379e+01 2.005173e-01 1.273191e-01 9.713818e-01 1.592088e+02
9.645385e-01 1.422703e-01 -2.223164e-01 9.361146e+01 -1.661643e-01 9.817349e-01 -9.266124e-02 -3.002822e+01 2.050728e-01 1.263164e-01 9.705613e-01 1.600807e+02
9.634903e-01 1.421117e-01 -2.269158e-01 9.341621e+01 -1.664509e-01 9.817574e-01 -9.190461e-02 -3.012024e+01 2.097155e-01 1.263195e-01 9.695683e-01 1.609100e+02
9.608241e-01 1.452021e-01 -2.360793e-01 9.299301e+01 -1.709155e-01 9.809558e-01 -9.226917e-02 -3.032282e+01 2.181857e-01 1.290040e-01 9.673432e-01 1.626101e+02
9.599157e-01 1.448573e-01 -2.399547e-01 9.277793e+01 -1.706721e-01 9.811686e-01 -9.043950e-02 -3.040959e+01 2.223351e-01 1.277679e-01 9.665622e-01 1.634752e+02
9.588619e-01 1.473368e-01 -2.426433e-01 9.253291e+01 -1.729394e-01 9.810183e-01 -8.772110e-02 -3.050234e+01 2.251130e-01 1.260750e-01 9.661414e-01 1.643747e+02
9.586394e-01 1.458913e-01 -2.443897e-01 9.230251e+01 -1.711734e-01 9.815232e-01 -8.551007e-02 -3.058922e+01 2.273989e-01 1.238063e-01 9.658994e-01 1.652584e+02
9.573724e-01 1.482725e-01 -2.478980e-01 9.186742e+01 -1.729928e-01 9.815880e-01 -8.098497e-02 -3.079347e+01 2.313258e-01 1.204173e-01 9.653953e-01 1.669227e+02
9.568539e-01 1.493809e-01 -2.492309e-01 9.159562e+01 -1.736398e-01 9.816959e-01 -7.824594e-02 -3.088532e+01 2.329805e-01 1.181463e-01 9.652780e-01 1.678445e+02
9.565921e-01 1.491085e-01 -2.503963e-01 9.132887e+01 -1.729699e-01 9.819878e-01 -7.603533e-02 -3.097457e+01 2.345486e-01 1.160458e-01 9.651530e-01 1.687868e+02
9.566015e-01 1.480265e-01 -2.510015e-01 9.111097e+01 -1.720164e-01 9.821290e-01 -7.637426e-02 -3.105201e+01 2.352104e-01 1.162361e-01 9.649690e-01 1.696407e+02
9.571899e-01 1.448481e-01 -2.506124e-01 9.086250e+01 -1.688956e-01 9.826095e-01 -7.715518e-02 -3.112810e+01 2.350784e-01 1.161795e-01 9.650080e-01 1.705828e+02
9.575372e-01 1.440877e-01 -2.497224e-01 9.061643e+01 -1.683511e-01 9.825900e-01 -7.858054e-02 -3.121749e+01 2.340523e-01 1.172848e-01 9.651237e-01 1.714754e+02
9.583488e-01 1.410043e-01 -2.483653e-01 9.037033e+01 -1.654540e-01 9.829362e-01 -8.038332e-02 -3.130209e+01 2.327928e-01 1.181283e-01 9.653254e-01 1.723657e+02
9.597585e-01 1.340445e-01 -2.467704e-01 9.020229e+01 -1.584745e-01 9.839632e-01 -8.186708e-02 -3.138230e+01 2.318392e-01 1.176795e-01 9.656097e-01 1.731459e+02
9.609837e-01 1.314965e-01 -2.433494e-01 8.999021e+01 -1.556942e-01 9.843165e-01 -8.294800e-02 -3.147090e+01 2.286254e-01 1.175998e-01 9.663854e-01 1.739810e+02
9.622848e-01 1.291066e-01 -2.394567e-01 8.976434e+01 -1.529043e-01 9.847031e-01 -8.354634e-02 -3.155882e+01 2.250074e-01 1.170093e-01 9.673058e-01 1.748642e+02
9.633497e-01 1.270757e-01 -2.362396e-01 8.955867e+01 -1.504249e-01 9.850871e-01 -8.352152e-02 -3.165416e+01 2.221031e-01 1.159967e-01 9.680986e-01 1.757258e+02
9.644228e-01 1.253318e-01 -2.327673e-01 8.933827e+01 -1.481338e-01 9.854661e-01 -8.314456e-02 -3.174130e+01 2.189636e-01 1.146672e-01 9.689718e-01 1.766043e+02
9.651857e-01 1.251084e-01 -2.297052e-01 8.913188e+01 -1.475200e-01 9.855643e-01 -8.307108e-02 -3.183328e+01 2.159964e-01 1.140651e-01 9.697086e-01 1.774620e+02
9.661642e-01 1.228388e-01 -2.267982e-01 8.891722e+01 -1.449444e-01 9.859124e-01 -8.347430e-02 -3.192734e+01 2.133493e-01 1.135230e-01 9.703580e-01 1.783314e+02
9.668773e-01 1.202087e-01 -2.251626e-01 8.875770e+01 -1.421656e-01 9.862784e-01 -8.392808e-02 -3.201126e+01 2.119841e-01 1.131585e-01 9.706997e-01 1.791180e+02
9.675142e-01 1.164654e-01 -2.243926e-01 8.858587e+01 -1.378755e-01 9.870341e-01 -8.218255e-02 -3.209014e+01 2.119117e-01 1.104510e-01 9.710273e-01 1.799370e+02
9.674898e-01 1.199019e-01 -2.226813e-01 8.838090e+01 -1.401005e-01 9.871243e-01 -7.718508e-02 -3.218247e+01 2.105594e-01 1.058735e-01 9.718310e-01 1.807849e+02
9.676369e-01 1.217214e-01 -2.210490e-01 8.818523e+01 -1.406890e-01 9.874225e-01 -7.213502e-02 -3.226844e+01 2.094884e-01 1.008997e-01 9.725913e-01 1.816149e+02
9.677778e-01 1.216290e-01 -2.204823e-01 8.799149e+01 -1.401111e-01 9.876466e-01 -7.016425e-02 -3.234160e+01 2.092246e-01 9.879544e-02 9.728641e-01 1.824384e+02
9.676159e-01 1.239564e-01 -2.198960e-01 8.781072e+01 -1.424906e-01 9.872844e-01 -7.046919e-02 -3.242017e+01 2.083648e-01 9.952022e-02 9.729747e-01 1.832287e+02
9.677795e-01 1.220824e-01 -2.202241e-01 8.762339e+01 -1.405981e-01 9.875605e-01 -7.040187e-02 -3.249034e+01 2.088898e-01 9.909657e-02 9.729054e-01 1.840238e+02
9.675085e-01 1.225854e-01 -2.211336e-01 8.728242e+01 -1.422165e-01 9.869829e-01 -7.509464e-02 -3.263922e+01 2.090496e-01 1.041036e-01 9.723480e-01 1.855024e+02
9.673396e-01 1.220425e-01 -2.221706e-01 8.712265e+01 -1.425365e-01 9.866624e-01 -7.861720e-02 -3.270762e+01 2.096127e-01 1.077169e-01 9.718331e-01 1.862075e+02
9.672741e-01 1.205273e-01 -2.232799e-01 8.698127e+01 -1.417936e-01 9.865155e-01 -8.174166e-02 -3.279141e+01 2.104170e-01 1.107263e-01 9.713209e-01 1.868602e+02
9.671255e-01 1.199537e-01 -2.242307e-01 8.687145e+01 -1.414602e-01 9.865095e-01 -8.238952e-02 -3.287201e+01 2.113228e-01 1.114007e-01 9.710472e-01 1.874010e+02
9.667111e-01 1.221228e-01 -2.248457e-01 8.672350e+01 -1.437605e-01 9.861709e-01 -8.246081e-02 -3.294722e+01 2.116659e-01 1.120397e-01 9.708989e-01 1.880258e+02
9.663771e-01 1.224644e-01 -2.260922e-01 8.656817e+01 -1.443334e-01 9.860577e-01 -8.281387e-02 -3.301522e+01 2.127982e-01 1.126621e-01 9.705793e-01 1.886544e+02
9.660675e-01 1.237847e-01 -2.266956e-01 8.644163e+01 -1.457307e-01 9.858604e-01 -8.271551e-02 -3.308408e+01 2.132513e-01 1.129453e-01 9.704469e-01 1.892017e+02
9.656735e-01 1.248100e-01 -2.278093e-01 8.631886e+01 -1.468162e-01 9.857348e-01 -8.229215e-02 -3.314444e+01 2.142887e-01 1.129135e-01 9.702221e-01 1.897405e+02
9.655331e-01 1.251972e-01 -2.281919e-01 8.618761e+01 -1.477016e-01 9.854325e-01 -8.430359e-02 -3.321321e+01 2.143131e-01 1.151022e-01 9.699595e-01 1.902759e+02
9.654422e-01 1.254618e-01 -2.284310e-01 8.604677e+01 -1.482244e-01 9.852669e-01 -8.531550e-02 -3.327752e+01 2.143616e-01 1.162262e-01 9.698147e-01 1.908215e+02
9.654319e-01 1.250392e-01 -2.287059e-01 8.592492e+01 -1.477971e-01 9.853426e-01 -8.518190e-02 -3.333675e+01 2.147026e-01 1.160394e-01 9.697617e-01 1.913285e+02
9.654812e-01 1.249570e-01 -2.285429e-01 8.580597e+01 -1.476018e-01 9.854075e-01 -8.476842e-02 -3.338713e+01 2.146155e-01 1.155756e-01 9.698363e-01 1.918176e+02
9.655331e-01 1.250998e-01 -2.282453e-01 8.568259e+01 -1.476932e-01 9.854009e-01 -8.468620e-02 -3.344367e+01 2.143188e-01 1.154776e-01 9.699136e-01 1.923025e+02
9.655245e-01 1.251091e-01 -2.282763e-01 8.557150e+01 -1.475438e-01 9.854863e-01 -8.395004e-02 -3.349198e+01 2.144603e-01 1.147366e-01 9.699703e-01 1.927556e+02
9.655111e-01 1.258360e-01 -2.279332e-01 8.545298e+01 -1.478790e-01 9.855756e-01 -8.229581e-02 -3.354053e+01 2.142896e-01 1.131641e-01 9.701927e-01 1.932008e+02
9.656462e-01 1.263625e-01 -2.270680e-01 8.535530e+01 -1.483570e-01 9.854872e-01 -8.249409e-02 -3.358687e+01 2.133484e-01 1.133472e-01 9.703787e-01 1.936093e+02
9.659604e-01 1.279926e-01 -2.248073e-01 8.526018e+01 -1.499501e-01 9.851688e-01 -8.341156e-02 -3.362858e+01 2.107971e-01 1.142821e-01 9.708265e-01 1.939923e+02
9.668436e-01 1.290125e-01 -2.203844e-01 8.519386e+01 -1.506124e-01 9.850068e-01 -8.412803e-02 -3.366639e+01 2.062265e-01 1.145313e-01 9.717784e-01 1.943203e+02
9.681896e-01 1.286213e-01 -2.146286e-01 8.512174e+01 -1.497454e-01 9.850478e-01 -8.518835e-02 -3.370390e+01 2.004624e-01 1.146181e-01 9.729735e-01 1.946572e+02
9.694434e-01 1.264775e-01 -2.101973e-01 8.506109e+01 -1.474974e-01 9.851869e-01 -8.747198e-02 -3.373901e+01 1.960204e-01 1.158027e-01 9.737380e-01 1.949668e+02
9.705744e-01 1.251189e-01 -2.057438e-01 8.501886e+01 -1.458783e-01 9.852930e-01 -8.897930e-02 -3.377665e+01 1.915849e-01 1.163746e-01 9.745523e-01 1.952366e+02
9.716131e-01 1.249119e-01 -2.009106e-01 8.496905e+01 -1.452579e-01 9.853026e-01 -8.988321e-02 -3.380839e+01 1.867302e-01 1.165156e-01 9.754773e-01 1.955087e+02
9.725918e-01 1.247187e-01 -1.962406e-01 8.490518e+01 -1.446847e-01 9.852955e-01 -9.088014e-02 -3.383491e+01 1.820205e-01 1.167823e-01 9.763352e-01 1.957894e+02
9.733137e-01 1.253395e-01 -1.922252e-01 8.485382e+01 -1.451886e-01 9.850367e-01 -9.285967e-02 -3.387148e+01 1.777099e-01 1.182905e-01 9.769476e-01 1.960417e+02
9.744188e-01 1.230721e-01 -1.880460e-01 8.481961e+01 -1.429236e-01 9.850776e-01 -9.589069e-02 -3.390062e+01 1.734384e-01 1.203139e-01 9.774680e-01 1.962702e+02
9.753070e-01 1.219236e-01 -1.841489e-01 8.477629e+01 -1.415751e-01 9.851051e-01 -9.759295e-02 -3.393274e+01 1.695071e-01 1.212540e-01 9.780413e-01 1.965158e+02
9.760216e-01 1.221569e-01 -1.801651e-01 8.472596e+01 -1.414863e-01 9.850160e-01 -9.861641e-02 -3.396120e+01 1.654188e-01 1.217426e-01 9.786804e-01 1.967673e+02
9.767157e-01 1.220748e-01 -1.764206e-01 8.467291e+01 -1.411211e-01 9.849547e-01 -9.974508e-02 -3.398970e+01 1.615899e-01 1.223193e-01 9.792480e-01 1.970292e+02
9.775493e-01 1.205926e-01 -1.727852e-01 8.462613e+01 -1.393165e-01 9.851197e-01 -1.006487e-01 -3.402080e+01 1.580766e-01 1.224609e-01 9.798036e-01 1.972813e+02
9.782095e-01 1.188885e-01 -1.702105e-01 8.459040e+01 -1.373714e-01 9.853314e-01 -1.012482e-01 -3.404855e+01 1.556765e-01 1.224240e-01 9.801924e-01 1.975181e+02
9.784636e-01 1.190079e-01 -1.686596e-01 8.454285e+01 -1.374061e-01 9.852548e-01 -1.019440e-01 -3.408181e+01 1.540406e-01 1.229233e-01 9.803884e-01 1.977657e+02
9.785645e-01 1.197030e-01 -1.675793e-01 8.450880e+01 -1.380690e-01 9.850959e-01 -1.025815e-01 -3.411461e+01 1.528024e-01 1.235201e-01 9.805071e-01 1.979853e+02
9.786725e-01 1.191491e-01 -1.673428e-01 8.446803e+01 -1.375605e-01 9.851141e-01 -1.030889e-01 -3.414725e+01 1.525688e-01 1.239101e-01 9.804943e-01 1.982227e+02
9.786779e-01 1.189638e-01 -1.674433e-01 8.442727e+01 -1.373841e-01 9.851405e-01 -1.030720e-01 -3.417154e+01 1.526933e-01 1.238784e-01 9.804789e-01 1.984584e+02
9.786048e-01 1.195678e-01 -1.674399e-01 8.438201e+01 -1.379595e-01 9.850817e-01 -1.028650e-01 -3.420076e+01 1.526426e-01 1.237641e-01 9.805012e-01 1.986991e+02
9.785622e-01 1.188473e-01 -1.682003e-01 8.432218e+01 -1.378117e-01 9.847763e-01 -1.059411e-01 -3.423073e+01 1.530488e-01 1.268499e-01 9.800434e-01 1.989661e+02
9.794350e-01 1.103216e-01 -1.689269e-01 8.423658e+01 -1.299461e-01 9.854141e-01 -1.098775e-01 -3.429865e+01 1.543411e-01 1.295693e-01 9.794849e-01 1.995259e+02
9.791908e-01 1.111212e-01 -1.698159e-01 8.418118e+01 -1.306986e-01 9.854340e-01 -1.088015e-01 -3.433709e+01 1.552522e-01 1.287321e-01 9.794513e-01 1.998287e+02
9.785806e-01 1.153472e-01 -1.705138e-01 8.411189e+01 -1.349198e-01 9.849511e-01 -1.080185e-01 -3.438318e+01 1.554882e-01 1.287105e-01 9.794167e-01 2.001428e+02
9.778140e-01 1.200231e-01 -1.716805e-01 8.405484e+01 -1.396090e-01 9.844155e-01 -1.069370e-01 -3.442807e+01 1.561700e-01 1.285327e-01 9.793315e-01 2.004593e+02
9.772154e-01 1.211443e-01 -1.742815e-01 8.402461e+01 -1.409855e-01 9.842841e-01 -1.063382e-01 -3.446958e+01 1.586603e-01 1.284865e-01 9.789372e-01 2.007430e+02
9.766021e-01 1.225780e-01 -1.767001e-01 8.399073e+01 -1.425989e-01 9.841509e-01 -1.054166e-01 -3.450890e+01 1.609778e-01 1.281474e-01 9.786033e-01 2.010322e+02
9.759556e-01 1.246406e-01 -1.788165e-01 8.395565e+01 -1.446488e-01 9.840487e-01 -1.035608e-01 -3.455519e+01 1.630563e-01 1.269363e-01 9.784170e-01 2.013503e+02
9.754613e-01 1.251999e-01 -1.811081e-01 8.386546e+01 -1.453150e-01 9.840733e-01 -1.023876e-01 -3.461253e+01 1.654047e-01 1.261929e-01 9.781189e-01 2.017606e+02
9.754402e-01 1.215640e-01 -1.836806e-01 8.383524e+01 -1.420529e-01 9.845058e-01 -1.028072e-01 -3.467474e+01 1.683370e-01 1.263746e-01 9.775951e-01 2.020983e+02
9.754852e-01 1.193538e-01 -1.848874e-01 8.373871e+01 -1.399668e-01 9.848121e-01 -1.027351e-01 -3.472217e+01 1.698175e-01 1.260947e-01 9.773751e-01 2.025310e+02
9.746891e-01 1.229865e-01 -1.866961e-01 8.366650e+01 -1.434630e-01 9.845491e-01 -1.004067e-01 -3.477445e+01 1.714628e-01 1.246493e-01 9.772733e-01 2.029289e+02
9.735787e-01 1.284929e-01 -1.887699e-01 8.360799e+01 -1.487579e-01 9.840675e-01 -9.737691e-02 -3.482328e+01 1.732500e-01 1.228851e-01 9.771815e-01 2.032984e+02
9.725297e-01 1.332918e-01 -1.908383e-01 8.353652e+01 -1.538346e-01 9.833081e-01 -9.715968e-02 -3.487036e+01 1.747022e-01 1.238482e-01 9.768013e-01 2.037108e+02
9.717331e-01 1.366731e-01 -1.924974e-01 8.342117e+01 -1.577991e-01 9.824956e-01 -9.900378e-02 -3.492749e+01 1.755967e-01 1.265812e-01 9.762904e-01 2.042054e+02
9.715170e-01 1.353127e-01 -1.945386e-01 8.332422e+01 -1.566421e-01 9.827079e-01 -9.873424e-02 -3.499268e+01 1.778146e-01 1.263949e-01 9.759131e-01 2.046821e+02
9.718078e-01 1.310719e-01 -1.959841e-01 8.323772e+01 -1.522476e-01 9.835566e-01 -9.714431e-02 -3.504531e+01 1.800286e-01 1.242437e-01 9.757834e-01 2.051794e+02
9.717353e-01 1.304055e-01 -1.967864e-01 8.310966e+01 -1.516304e-01 9.836765e-01 -9.689609e-02 -3.510034e+01 1.809384e-01 1.239962e-01 9.756466e-01 2.057333e+02
9.712991e-01 1.312424e-01 -1.983772e-01 8.299457e+01 -1.526079e-01 9.835646e-01 -9.649571e-02 -3.516707e+01 1.824524e-01 1.240001e-01 9.753641e-01 2.062881e+02
9.707417e-01 1.322326e-01 -2.004373e-01 8.289529e+01 -1.538670e-01 9.833735e-01 -9.644470e-02 -3.522709e+01 1.843516e-01 1.244636e-01 9.749478e-01 2.068269e+02
9.705314e-01 1.315009e-01 -2.019315e-01 8.280862e+01 -1.531284e-01 9.835862e-01 -9.544548e-02 -3.528634e+01 1.860659e-01 1.235543e-01 9.747378e-01 2.073491e+02
9.701153e-01 1.323323e-01 -2.033826e-01 8.268445e+01 -1.541513e-01 9.834297e-01 -9.541137e-02 -3.534897e+01 1.873865e-01 1.239117e-01 9.744394e-01 2.079361e+02
9.698036e-01 1.310193e-01 -2.057060e-01 8.261679e+01 -1.531751e-01 9.835547e-01 -9.569508e-02 -3.541051e+01 1.897852e-01 1.243145e-01 9.739238e-01 2.084592e+02
9.695285e-01 1.305179e-01 -2.073153e-01 8.248560e+01 -1.527780e-01 9.836643e-01 -9.520218e-02 -3.547906e+01 1.915031e-01 1.239745e-01 9.736308e-01 2.090911e+02
9.691585e-01 1.308676e-01 -2.088193e-01 8.234158e+01 -1.532690e-01 9.836164e-01 -9.490738e-02 -3.555179e+01 1.929778e-01 1.239858e-01 9.733381e-01 2.097368e+02
9.685395e-01 1.299288e-01 -2.122491e-01 8.205353e+01 -1.526892e-01 9.837405e-01 -9.455539e-02 -3.569109e+01 1.965125e-01 1.239888e-01 9.726303e-01 2.110807e+02
9.680282e-01 1.314450e-01 -2.136438e-01 8.188780e+01 -1.541878e-01 9.836113e-01 -9.346077e-02 -3.576425e+01 1.978575e-01 1.234139e-01 9.724307e-01 2.117913e+02
9.678548e-01 1.308036e-01 -2.148197e-01 8.171966e+01 -1.536013e-01 9.837431e-01 -9.303897e-02 -3.583762e+01 1.991575e-01 1.230448e-01 9.722120e-01 2.125261e+02
9.676405e-01 1.307836e-01 -2.157952e-01 8.155346e+01 -1.536444e-01 9.837648e-01 -9.273716e-02 -3.591768e+01 2.001632e-01 1.228919e-01 9.720248e-01 2.132649e+02
9.671567e-01 1.319880e-01 -2.172258e-01 8.119639e+01 -1.553357e-01 9.833697e-01 -9.410001e-02 -3.607408e+01 2.011932e-01 1.247524e-01 9.715751e-01 2.147996e+02
9.667504e-01 1.336792e-01 -2.179991e-01 8.100373e+01 -1.572430e-01 9.830266e-01 -9.451619e-02 -3.616075e+01 2.016641e-01 1.256524e-01 9.713615e-01 2.155922e+02
9.666756e-01 1.329607e-01 -2.187689e-01 8.083544e+01 -1.566785e-01 9.830867e-01 -9.482777e-02 -3.623778e+01 2.024604e-01 1.259441e-01 9.711580e-01 2.163677e+02
9.667537e-01 1.320691e-01 -2.189638e-01 8.064451e+01 -1.557844e-01 9.832348e-01 -9.476538e-02 -3.631822e+01 2.027772e-01 1.257259e-01 9.711202e-01 2.171835e+02
9.665614e-01 1.329476e-01 -2.192806e-01 8.044077e+01 -1.565333e-01 9.832014e-01 -9.387405e-02 -3.640987e+01 2.031167e-01 1.250597e-01 9.711352e-01 2.180357e+02
9.663686e-01 1.342715e-01 -2.193239e-01 8.023628e+01 -1.576299e-01 9.831422e-01 -9.265131e-02 -3.650337e+01 2.031861e-01 1.241073e-01 9.712429e-01 2.188851e+02
9.660350e-01 1.359255e-01 -2.197742e-01 8.005064e+01 -1.589837e-01 9.830967e-01 -9.080220e-02 -3.659797e+01 2.037170e-01 1.226586e-01 9.713157e-01 2.197099e+02
9.660235e-01 1.362953e-01 -2.195957e-01 7.986531e+01 -1.591957e-01 9.831245e-01 -9.012710e-02 -3.668987e+01 2.036060e-01 1.220236e-01 9.714190e-01 2.205361e+02
9.663052e-01 1.367591e-01 -2.180623e-01 7.966097e+01 -1.596719e-01 9.829586e-01 -9.108981e-02 -3.677823e+01 2.018888e-01 1.228390e-01 9.716746e-01 2.214016e+02
9.669782e-01 1.356306e-01 -2.157720e-01 7.945498e+01 -1.587890e-01 9.828458e-01 -9.380983e-02 -3.686873e+01 1.993472e-01 1.249743e-01 9.719270e-01 2.222757e+02
9.675128e-01 1.350541e-01 -2.137272e-01 7.925481e+01 -1.581152e-01 9.828700e-01 -9.468982e-02 -3.696096e+01 1.972778e-01 1.254071e-01 9.722934e-01 2.231627e+02
9.681949e-01 1.329173e-01 -2.119708e-01 7.905622e+01 -1.556727e-01 9.832802e-01 -9.447826e-02 -3.706149e+01 1.958689e-01 1.244714e-01 9.726984e-01 2.240590e+02
9.688646e-01 1.297722e-01 -2.108569e-01 7.885802e+01 -1.523652e-01 9.837835e-01 -9.463062e-02 -3.716274e+01 1.951571e-01 1.238115e-01 9.729257e-01 2.249596e+02
9.691771e-01 1.277382e-01 -2.106625e-01 7.865803e+01 -1.506711e-01 9.838523e-01 -9.660724e-02 -3.726605e+01 1.949203e-01 1.253703e-01 9.727735e-01 2.258551e+02
9.693437e-01 1.265040e-01 -2.106408e-01 7.846351e+01 -1.497381e-01 9.838353e-01 -9.821691e-02 -3.737051e+01 1.948111e-01 1.267469e-01 9.726170e-01 2.267415e+02
9.693302e-01 1.269833e-01 -2.104142e-01 7.826256e+01 -1.500831e-01 9.838382e-01 -9.765982e-02 -3.747374e+01 1.946124e-01 1.262442e-01 9.727222e-01 2.276205e+02
9.694192e-01 1.270968e-01 -2.099353e-01 7.806030e+01 -1.497640e-01 9.840696e-01 -9.580082e-02 -3.757672e+01 1.944150e-01 1.243119e-01 9.730105e-01 2.285087e+02
9.694066e-01 1.274323e-01 -2.097898e-01 7.786320e+01 -1.497219e-01 9.842516e-01 -9.397963e-02 -3.768122e+01 1.945099e-01 1.225146e-01 9.732194e-01 2.293923e+02
9.694993e-01 1.269415e-01 -2.096592e-01 7.766124e+01 -1.490920e-01 9.844019e-01 -9.340488e-02 -3.778198e+01 1.945320e-01 1.218145e-01 9.733029e-01 2.302778e+02
9.694673e-01 1.271792e-01 -2.096628e-01 7.746521e+01 -1.494070e-01 9.843194e-01 -9.377052e-02 -3.788189e+01 1.944495e-01 1.222325e-01 9.732670e-01 2.311489e+02
9.695991e-01 1.259335e-01 -2.098056e-01 7.726688e+01 -1.483092e-01 9.844142e-01 -9.451514e-02 -3.797955e+01 1.946330e-01 1.227579e-01 9.731642e-01 2.320202e+02
9.695184e-01 1.243044e-01 -2.111458e-01 7.706637e+01 -1.470998e-01 9.844646e-01 -9.587048e-02 -3.807939e+01 1.959484e-01 1.240077e-01 9.727416e-01 2.328926e+02
9.683524e-01 1.211281e-01 -2.182237e-01 7.671887e+01 -1.448553e-01 9.847675e-01 -9.617643e-02 -3.827495e+01 2.032500e-01 1.247435e-01 9.711480e-01 2.345698e+02
9.674076e-01 1.202901e-01 -2.228290e-01 7.651246e+01 -1.441946e-01 9.850500e-01 -9.425728e-02 -3.836879e+01 2.081595e-01 1.233160e-01 9.702901e-01 2.354238e+02
9.661258e-01 1.207174e-01 -2.280972e-01 7.630737e+01 -1.446920e-01 9.852436e-01 -9.142881e-02 -3.846669e+01 2.136942e-01 1.213356e-01 9.693361e-01 2.362592e+02
9.648512e-01 1.211213e-01 -2.332203e-01 7.610277e+01 -1.452523e-01 9.853676e-01 -8.917666e-02 -3.855667e+01 2.190066e-01 1.199180e-01 9.683263e-01 2.370842e+02
9.636699e-01 1.225863e-01 -2.373034e-01 7.589078e+01 -1.466597e-01 9.853944e-01 -8.653787e-02 -3.864652e+01 2.232291e-01 1.181968e-01 9.675734e-01 2.378867e+02
9.625265e-01 1.248136e-01 -2.407576e-01 7.567965e+01 -1.486560e-01 9.853588e-01 -8.348284e-02 -3.873063e+01 2.268129e-01 1.161445e-01 9.669883e-01 2.386958e+02
9.618057e-01 1.261777e-01 -2.429177e-01 7.548690e+01 -1.498402e-01 9.853488e-01 -8.145990e-02 -3.881438e+01 2.290803e-01 1.147474e-01 9.666205e-01 2.394506e+02
9.612901e-01 1.271312e-01 -2.444566e-01 7.527873e+01 -1.509974e-01 9.851746e-01 -8.142920e-02 -3.889186e+01 2.304803e-01 1.151894e-01 9.662351e-01 2.402187e+02
9.608332e-01 1.289957e-01 -2.452748e-01 7.508342e+01 -1.527941e-01 9.849713e-01 -8.053264e-02 -3.896644e+01 2.312002e-01 1.148550e-01 9.661029e-01 2.409616e+02
9.607611e-01 1.293291e-01 -2.453814e-01 7.489145e+01 -1.529059e-01 9.850364e-01 -7.951752e-02 -3.903392e+01 2.314257e-01 1.139176e-01 9.661599e-01 2.416818e+02
9.605908e-01 1.316703e-01 -2.448024e-01 7.469583e+01 -1.547791e-01 9.848964e-01 -7.760468e-02 -3.910868e+01 2.308868e-01 1.124366e-01 9.664623e-01 2.423915e+02
9.607357e-01 1.322938e-01 -2.438959e-01 7.450909e+01 -1.552781e-01 9.848285e-01 -7.746968e-02 -3.918388e+01 2.299469e-01 1.122996e-01 9.667022e-01 2.430825e+02
9.607412e-01 1.332016e-01 -2.433795e-01 7.433672e+01 -1.563610e-01 9.845858e-01 -7.837180e-02 -3.924793e+01 2.291888e-01 1.133501e-01 9.667597e-01 2.437492e+02
9.612525e-01 1.324877e-01 -2.417451e-01 7.415168e+01 -1.555399e-01 9.846797e-01 -7.882357e-02 -3.931040e+01 2.275983e-01 1.133704e-01 9.671330e-01 2.444130e+02
9.617086e-01 1.327108e-01 -2.398008e-01 7.398030e+01 -1.555218e-01 9.846873e-01 -7.876524e-02 -3.937095e+01 2.256758e-01 1.130435e-01 9.676216e-01 2.450611e+02
9.623965e-01 1.311887e-01 -2.378709e-01 7.383866e+01 -1.537290e-01 9.849703e-01 -7.874527e-02 -3.942844e+01 2.239653e-01 1.123518e-01 9.680995e-01 2.456618e+02
9.630956e-01 1.312166e-01 -2.350085e-01 7.367009e+01 -1.540375e-01 9.847013e-01 -8.145979e-02 -3.949419e+01 2.207243e-01 1.146537e-01 9.685739e-01 2.462746e+02
9.647711e-01 1.303197e-01 -2.285464e-01 7.337719e+01 -1.538518e-01 9.841413e-01 -8.829177e-02 -3.962263e+01 2.134158e-01 1.203436e-01 9.695211e-01 2.474567e+02
9.658839e-01 1.296918e-01 -2.241615e-01 7.325105e+01 -1.531067e-01 9.840688e-01 -9.037079e-02 -3.968100e+01 2.088700e-01 1.216083e-01 9.703529e-01 2.480269e+02
9.672008e-01 1.291047e-01 -2.187571e-01 7.311563e+01 -1.520006e-01 9.841619e-01 -9.122077e-02 -3.974721e+01 2.035154e-01 1.214800e-01 9.715061e-01 2.486009e+02
9.685304e-01 1.276104e-01 -2.136924e-01 7.298999e+01 -1.499538e-01 9.844241e-01 -9.177727e-02 -3.981535e+01 1.986522e-01 1.209331e-01 9.725803e-01 2.491789e+02
9.695983e-01 1.263049e-01 -2.095858e-01 7.286739e+01 -1.485183e-01 9.844496e-01 -9.381481e-02 -3.988052e+01 1.944774e-01 1.220900e-01 9.732793e-01 2.497592e+02
9.705051e-01 1.263938e-01 -2.052910e-01 7.274320e+01 -1.482767e-01 9.843813e-01 -9.490767e-02 -3.995895e+01 1.900888e-01 1.225483e-01 9.740884e-01 2.503240e+02
9.712570e-01 1.270994e-01 -2.012601e-01 7.262833e+01 -1.486614e-01 9.842308e-01 -9.586220e-02 -4.002411e+01 1.859024e-01 1.230264e-01 9.748358e-01 2.508788e+02
9.722477e-01 1.258907e-01 -1.971950e-01 7.251083e+01 -1.471227e-01 9.843552e-01 -9.695229e-02 -4.008773e+01 1.819045e-01 1.232735e-01 9.755585e-01 2.514159e+02
9.730682e-01 1.232248e-01 -1.948179e-01 7.240404e+01 -1.444179e-01 9.845958e-01 -9.856285e-02 -4.015196e+01 1.796715e-01 1.240436e-01 9.758747e-01 2.519844e+02
9.737467e-01 1.210376e-01 -1.927883e-01 7.229821e+01 -1.419594e-01 9.849453e-01 -9.864217e-02 -4.021547e+01 1.779466e-01 1.234206e-01 9.762696e-01 2.525260e+02
9.739791e-01 1.198906e-01 -1.923304e-01 7.219690e+01 -1.408479e-01 9.850457e-01 -9.923141e-02 -4.027529e+01 1.775573e-01 1.237386e-01 9.763002e-01 2.530665e+02
9.738464e-01 1.201323e-01 -1.928509e-01 7.209090e+01 -1.413200e-01 9.848888e-01 -1.001134e-01 -4.033721e+01 1.779098e-01 1.247487e-01 9.761075e-01 2.535957e+02
9.737818e-01 1.191899e-01 -1.937596e-01 7.198191e+01 -1.404654e-01 9.850214e-01 -1.000111e-01 -4.040171e+01 1.789370e-01 1.246055e-01 9.759380e-01 2.541070e+02
9.736038e-01 1.172339e-01 -1.958365e-01 7.188129e+01 -1.384880e-01 9.854460e-01 -9.857602e-02 -4.046702e+01 1.814299e-01 1.230950e-01 9.756694e-01 2.546089e+02
9.732941e-01 1.154970e-01 -1.983910e-01 7.177784e+01 -1.368416e-01 9.857888e-01 -9.744100e-02 -4.052983e+01 1.843175e-01 1.219869e-01 9.752673e-01 2.551040e+02
9.727000e-01 1.144501e-01 -2.018808e-01 7.167806e+01 -1.362846e-01 9.858348e-01 -9.775635e-02 -4.058915e+01 1.878329e-01 1.226008e-01 9.745193e-01 2.555773e+02
9.708451e-01 1.164474e-01 -2.095227e-01 7.146574e+01 -1.392564e-01 9.854370e-01 -9.757832e-02 -4.070198e+01 1.951087e-01 1.239108e-01 9.729228e-01 2.564814e+02
9.699285e-01 1.165319e-01 -2.136797e-01 7.138887e+01 -1.398311e-01 9.853800e-01 -9.733249e-02 -4.076330e+01 1.992134e-01 1.242846e-01 9.720429e-01 2.568960e+02
9.692483e-01 1.141774e-01 -2.179939e-01 7.132284e+01 -1.381567e-01 9.855417e-01 -9.808289e-02 -4.082762e+01 2.036432e-01 1.251840e-01 9.710090e-01 2.572985e+02
9.686358e-01 1.107709e-01 -2.224284e-01 7.122719e+01 -1.354426e-01 9.858394e-01 -9.887320e-02 -4.087395e+01 2.083265e-01 1.258984e-01 9.699225e-01 2.577426e+02
9.676502e-01 1.098080e-01 -2.271461e-01 7.118191e+01 -1.348274e-01 9.860414e-01 -9.769254e-02 -4.092831e+01 2.132481e-01 1.251577e-01 9.689483e-01 2.581106e+02
9.665007e-01 1.098942e-01 -2.319476e-01 7.108248e+01 -1.352332e-01 9.861241e-01 -9.628762e-02 -4.097795e+01 2.181476e-01 1.244291e-01 9.679509e-01 2.585328e+02
9.652972e-01 1.108846e-01 -2.364445e-01 7.097589e+01 -1.367024e-01 9.859783e-01 -9.570388e-02 -4.102279e+01 2.225171e-01 1.247052e-01 9.669202e-01 2.589556e+02
9.637313e-01 1.131753e-01 -2.416883e-01 7.091120e+01 -1.394664e-01 9.857028e-01 -9.454699e-02 -4.108349e+01 2.275325e-01 1.248253e-01 9.657368e-01 2.593339e+02
9.622233e-01 1.157065e-01 -2.464513e-01 7.084458e+01 -1.425536e-01 9.853155e-01 -9.397796e-02 -4.114109e+01 2.319585e-01 1.255603e-01 9.645879e-01 2.597102e+02
9.614542e-01 1.144314e-01 -2.500226e-01 7.079381e+01 -1.417033e-01 9.854463e-01 -9.389224e-02 -4.118042e+01 2.356396e-01 1.257021e-01 9.636768e-01 2.600683e+02
9.612888e-01 1.111262e-01 -2.521406e-01 7.073963e+01 -1.388132e-01 9.857740e-01 -9.476563e-02 -4.120756e+01 2.380227e-01 1.260976e-01 9.630393e-01 2.604386e+02
9.614141e-01 1.087309e-01 -2.527066e-01 7.068421e+01 -1.364167e-01 9.861146e-01 -9.470198e-02 -4.125303e+01 2.389006e-01 1.255212e-01 9.628972e-01 2.608010e+02
9.616231e-01 1.084162e-01 -2.520453e-01 7.062821e+01 -1.359261e-01 9.862132e-01 -9.438060e-02 -4.130407e+01 2.383380e-01 1.250181e-01 9.631020e-01 2.611591e+02
9.617355e-01 1.092282e-01 -2.512648e-01 7.057693e+01 -1.365539e-01 9.861655e-01 -9.397137e-02 -4.135321e+01 2.375243e-01 1.246868e-01 9.633459e-01 2.615092e+02
9.618796e-01 1.090376e-01 -2.507957e-01 7.050895e+01 -1.364217e-01 9.861351e-01 -9.448107e-02 -4.139835e+01 2.370164e-01 1.250934e-01 9.634183e-01 2.618863e+02
9.622345e-01 1.077513e-01 -2.499890e-01 7.041245e+01 -1.352899e-01 9.861754e-01 -9.568006e-02 -4.144379e+01 2.362234e-01 1.258876e-01 9.635096e-01 2.622945e+02
9.628605e-01 1.059408e-01 -2.483470e-01 7.029806e+01 -1.333853e-01 9.863670e-01 -9.637703e-02 -4.149015e+01 2.347511e-01 1.259235e-01 9.638647e-01 2.627258e+02
9.639388e-01 1.018653e-01 -2.458567e-01 7.019378e+01 -1.283289e-01 9.872577e-01 -9.409546e-02 -4.154417e+01 2.331388e-01 1.222528e-01 9.647282e-01 2.631636e+02
9.647737e-01 9.822508e-02 -2.440563e-01 7.011024e+01 -1.241377e-01 9.878846e-01 -9.313313e-02 -4.159040e+01 2.319514e-01 1.201490e-01 9.652786e-01 2.635993e+02
9.652927e-01 1.054487e-01 -2.389365e-01 6.985833e+01 -1.318394e-01 9.864879e-01 -9.726305e-02 -4.169818e+01 2.254517e-01 1.253885e-01 9.661518e-01 2.645159e+02
9.653742e-01 1.088153e-01 -2.370904e-01 6.978079e+01 -1.349428e-01 9.861069e-01 -9.686923e-02 -4.175609e+01 2.232556e-01 1.255087e-01 9.666460e-01 2.649282e+02
9.659857e-01 1.060697e-01 -2.358409e-01 6.970756e+01 -1.318843e-01 9.865585e-01 -9.648201e-02 -4.181890e+01 2.224370e-01 1.243039e-01 9.669903e-01 2.653365e+02
9.665570e-01 9.923931e-02 -2.364723e-01 6.963533e+01 -1.250538e-01 9.874206e-01 -9.675845e-02 -4.187824e+01 2.238954e-01 1.230943e-01 9.668085e-01 2.657748e+02
9.670826e-01 9.443974e-02 -2.362886e-01 6.951341e+01 -1.199713e-01 9.881163e-01 -9.608910e-02 -4.192666e+01 2.244059e-01 1.212740e-01 9.669202e-01 2.662774e+02
9.664913e-01 9.975439e-02 -2.365240e-01 6.937750e+01 -1.245701e-01 9.879016e-01 -9.237298e-02 -4.197880e+01 2.244478e-01 1.187415e-01 9.672247e-01 2.667816e+02
9.655301e-01 1.052100e-01 -2.380808e-01 6.924490e+01 -1.299148e-01 9.873834e-01 -9.053235e-02 -4.203431e+01 2.255521e-01 1.183419e-01 9.670168e-01 2.672879e+02
9.647423e-01 1.082003e-01 -2.399269e-01 6.910697e+01 -1.335009e-01 9.867887e-01 -9.179110e-02 -4.209167e+01 2.268254e-01 1.205852e-01 9.664416e-01 2.678025e+02
9.641088e-01 1.088328e-01 -2.421768e-01 6.897834e+01 -1.344474e-01 9.866557e-01 -9.183952e-02 -4.215044e+01 2.289499e-01 1.211033e-01 9.658757e-01 2.683191e+02
9.632037e-01 1.073847e-01 -2.463882e-01 6.883920e+01 -1.333145e-01 9.868828e-01 -9.104738e-02 -4.220896e+01 2.333791e-01 1.205443e-01 9.648851e-01 2.688592e+02
9.618342e-01 1.058233e-01 -2.523417e-01 6.870090e+01 -1.324387e-01 9.870154e-01 -9.088788e-02 -4.226913e+01 2.394471e-01 1.208389e-01 9.633603e-01 2.694003e+02
9.596741e-01 1.061970e-01 -2.602842e-01 6.854126e+01 -1.340855e-01 9.867090e-01 -9.179523e-02 -4.232166e+01 2.470764e-01 1.229939e-01 9.611585e-01 2.699501e+02
9.566325e-01 1.086593e-01 -2.702730e-01 6.836160e+01 -1.379659e-01 9.861682e-01 -9.185651e-02 -4.239116e+01 2.565536e-01 1.251614e-01 9.583918e-01 2.705128e+02
9.528358e-01 1.115038e-01 -2.822602e-01 6.817207e+01 -1.426629e-01 9.854585e-01 -9.229790e-02 -4.245286e+01 2.678642e-01 1.282128e-01 9.548876e-01 2.710819e+02
9.484091e-01 1.124382e-01 -2.964418e-01 6.798337e+01 -1.460960e-01 9.848062e-01 -9.387651e-02 -4.250762e+01 2.813824e-01 1.323423e-01 9.504259e-01 2.716539e+02
9.433645e-01 1.126412e-01 -3.120502e-01 6.778322e+01 -1.487002e-01 9.843850e-01 -9.420360e-02 -4.256746e+01 2.965664e-01 1.352703e-01 9.453837e-01 2.722285e+02
9.375075e-01 1.168350e-01 -3.277640e-01 6.756020e+01 -1.545039e-01 9.837688e-01 -9.125469e-02 -4.263231e+01 3.117823e-01 1.361928e-01 9.403421e-01 2.728143e+02
9.315797e-01 1.231713e-01 -3.420351e-01 6.732270e+01 -1.623817e-01 9.827635e-01 -8.836300e-02 -4.269215e+01 3.252559e-01 1.378574e-01 9.355234e-01 2.734090e+02
9.266341e-01 1.299960e-01 -3.527752e-01 6.706221e+01 -1.702517e-01 9.816885e-01 -8.545234e-02 -4.276063e+01 3.352069e-01 1.392436e-01 9.317980e-01 2.740143e+02
9.228761e-01 1.350126e-01 -3.606540e-01 6.682060e+01 -1.762055e-01 9.807859e-01 -8.372949e-02 -4.282088e+01 3.424198e-01 1.408212e-01 9.289338e-01 2.745969e+02
9.202587e-01 1.389829e-01 -3.657974e-01 6.655819e+01 -1.810668e-01 9.799456e-01 -8.319519e-02 -4.288468e+01 3.468988e-01 1.427948e-01 9.269686e-01 2.752273e+02
9.187586e-01 1.414627e-01 -3.686068e-01 6.630676e+01 -1.839459e-01 9.794601e-01 -8.259421e-02 -4.294568e+01 3.493517e-01 1.436878e-01 9.259088e-01 2.758434e+02
9.176583e-01 1.471380e-01 -3.691256e-01 6.603893e+01 -1.896989e-01 9.784475e-01 -8.157654e-02 -4.301069e+01 3.491670e-01 1.448821e-01 9.257924e-01 2.764770e+02
9.184816e-01 1.492877e-01 -3.662032e-01 6.577291e+01 -1.911195e-01 9.782560e-01 -8.055136e-02 -4.307481e+01 3.462152e-01 1.439735e-01 9.270419e-01 2.771198e+02
9.203300e-01 1.516976e-01 -3.605281e-01 6.551618e+01 -1.924652e-01 9.780554e-01 -7.977980e-02 -4.313647e+01 3.405141e-01 1.428129e-01 9.293302e-01 2.777721e+02
9.226237e-01 1.553137e-01 -3.530483e-01 6.524597e+01 -1.951739e-01 9.774983e-01 -8.002638e-02 -4.320220e+01 3.326749e-01 1.427401e-01 9.321763e-01 2.784495e+02
9.254009e-01 1.585181e-01 -3.442457e-01 6.498658e+01 -1.977974e-01 9.768142e-01 -8.191577e-02 -4.327355e+01 3.232790e-01 1.438958e-01 9.352993e-01 2.791298e+02
9.291629e-01 1.577195e-01 -3.343364e-01 6.474910e+01 -1.965945e-01 9.767417e-01 -8.559378e-02 -4.334101e+01 3.130605e-01 1.452593e-01 9.385589e-01 2.798121e+02
9.330922e-01 1.577821e-01 -3.231777e-01 6.450489e+01 -1.961516e-01 9.764711e-01 -8.960367e-02 -4.341649e+01 3.014358e-01 1.470003e-01 9.420867e-01 2.805195e+02
9.371535e-01 1.563491e-01 -3.119266e-01 6.428088e+01 -1.937250e-01 9.766877e-01 -9.247625e-02 -4.349268e+01 2.901963e-01 1.470924e-01 9.455950e-01 2.812207e+02
9.408521e-01 1.567539e-01 -3.003757e-01 6.405012e+01 -1.929868e-01 9.766080e-01 -9.483102e-02 -4.357121e+01 2.784842e-01 1.471905e-01 9.490951e-01 2.819522e+02
9.443718e-01 1.583598e-01 -2.882430e-01 6.382445e+01 -1.933446e-01 9.763172e-01 -9.707012e-02 -4.365811e+01 2.660446e-01 1.474005e-01 9.526245e-01 2.826776e+02
9.476213e-01 1.589631e-01 -2.770283e-01 6.359738e+01 -1.927307e-01 9.762358e-01 -9.908809e-02 -4.374282e+01 2.546936e-01 1.472898e-01 9.557389e-01 2.834417e+02
9.504592e-01 1.588430e-01 -2.672006e-01 6.337297e+01 -1.915790e-01 9.762552e-01 -1.011102e-01 -4.383103e+01 2.447954e-01 1.472911e-01 9.583217e-01 2.842177e+02
9.527839e-01 1.594333e-01 -2.584259e-01 6.315535e+01 -1.912857e-01 9.761104e-01 -1.030449e-01 -4.392431e+01 2.358234e-01 1.476127e-01 9.605196e-01 2.849931e+02
9.546773e-01 1.590680e-01 -2.515725e-01 6.295490e+01 -1.904469e-01 9.760019e-01 -1.055944e-01 -4.402169e+01 2.287385e-01 1.487198e-01 9.620609e-01 2.857656e+02
9.561414e-01 1.587429e-01 -2.461593e-01 6.274740e+01 -1.898320e-01 9.758534e-01 -1.080458e-01 -4.411816e+01 2.230639e-01 1.500359e-01 9.631883e-01 2.865590e+02
9.573852e-01 1.570994e-01 -2.423498e-01 6.254354e+01 -1.878717e-01 9.760766e-01 -1.094473e-01 -4.421754e+01 2.193579e-01 1.503139e-01 9.639958e-01 2.873633e+02
9.583025e-01 1.555313e-01 -2.397212e-01 6.233893e+01 -1.859165e-01 9.764212e-01 -1.097118e-01 -4.431362e+01 2.170052e-01 1.497052e-01 9.646228e-01 2.881765e+02
9.586476e-01 1.549624e-01 -2.387079e-01 6.214639e+01 -1.852652e-01 9.765007e-01 -1.101058e-01 -4.441125e+01 2.160361e-01 1.497769e-01 9.648291e-01 2.889840e+02
9.587212e-01 1.551121e-01 -2.383147e-01 6.193374e+01 -1.851248e-01 9.766431e-01 -1.090738e-01 -4.451715e+01 2.158298e-01 1.486893e-01 9.650435e-01 2.898132e+02
9.585955e-01 1.561997e-01 -2.381101e-01 6.171653e+01 -1.856349e-01 9.768256e-01 -1.065427e-01 -4.462039e+01 2.159501e-01 1.463329e-01 9.653767e-01 2.906556e+02
9.581377e-01 1.592581e-01 -2.379264e-01 6.150454e+01 -1.875246e-01 9.770348e-01 -1.011812e-01 -4.472437e+01 2.163484e-01 1.415625e-01 9.659987e-01 2.914962e+02
9.578286e-01 1.624129e-01 -2.370369e-01 6.127175e+01 -1.890603e-01 9.774323e-01 -9.424604e-02 -4.482442e+01 2.163808e-01 1.350858e-01 9.669184e-01 2.923546e+02
9.574207e-01 1.648729e-01 -2.369865e-01 6.104183e+01 -1.906282e-01 9.775219e-01 -9.006614e-02 -4.492121e+01 2.168100e-01 1.314075e-01 9.673291e-01 2.932099e+02
9.569086e-01 1.670364e-01 -2.375390e-01 6.081605e+01 -1.927254e-01 9.771877e-01 -8.922575e-02 -4.502435e+01 2.172163e-01 1.311607e-01 9.672714e-01 2.940653e+02
9.567107e-01 1.654737e-01 -2.394225e-01 6.061131e+01 -1.919539e-01 9.771091e-01 -9.171440e-02 -4.510883e+01 2.187656e-01 1.337022e-01 9.665740e-01 2.948990e+02
9.561660e-01 1.666861e-01 -2.407536e-01 6.039062e+01 -1.937439e-01 9.766045e-01 -9.331092e-02 -4.520216e+01 2.195675e-01 1.358653e-01 9.660904e-01 2.957354e+02
9.555739e-01 1.687146e-01 -2.416898e-01 6.016481e+01 -1.958994e-01 9.761959e-01 -9.308552e-02 -4.529781e+01 2.202317e-01 1.362970e-01 9.658784e-01 2.965692e+02
9.551745e-01 1.698649e-01 -2.424616e-01 5.993976e+01 -1.968805e-01 9.761250e-01 -9.175002e-02 -4.539240e+01 2.210877e-01 1.353732e-01 9.658128e-01 2.974031e+02
9.548225e-01 1.702907e-01 -2.435468e-01 5.971678e+01 -1.974390e-01 9.760254e-01 -9.160916e-02 -4.548898e+01 2.221076e-01 1.355561e-01 9.655531e-01 2.982434e+02
9.542840e-01 1.715266e-01 -2.447868e-01 5.951404e+01 -1.989067e-01 9.757169e-01 -9.172073e-02 -4.558336e+01 2.231100e-01 1.362173e-01 9.652289e-01 2.990413e+02
9.543201e-01 1.696447e-01 -2.459549e-01 5.930440e+01 -1.973989e-01 9.759221e-01 -9.278827e-02 -4.566701e+01 2.242918e-01 1.371009e-01 9.648298e-01 2.998571e+02
9.539767e-01 1.699577e-01 -2.470684e-01 5.907693e+01 -1.984031e-01 9.755032e-01 -9.502484e-02 -4.576269e+01 2.248658e-01 1.396706e-01 9.643275e-01 3.006832e+02
9.534568e-01 1.726467e-01 -2.472110e-01 5.885153e+01 -2.009040e-01 9.751034e-01 -9.386676e-02 -4.585661e+01 2.248505e-01 1.391636e-01 9.644043e-01 3.015126e+02
9.529984e-01 1.759441e-01 -2.466529e-01 5.863022e+01 -2.034847e-01 9.748570e-01 -9.081708e-02 -4.594366e+01 2.244726e-01 1.367386e-01 9.648392e-01 3.023231e+02
9.531749e-01 1.765443e-01 -2.455399e-01 5.841252e+01 -2.031686e-01 9.752263e-01 -8.749938e-02 -4.604033e+01 2.240094e-01 1.332882e-01 9.654295e-01 3.031378e+02
9.535710e-01 1.750385e-01 -2.450795e-01 5.819921e+01 -2.019194e-01 9.753465e-01 -8.903757e-02 -4.613333e+01 2.234524e-01 1.343899e-01 9.654058e-01 3.039146e+02
9.532772e-01 1.777389e-01 -2.442772e-01 5.798880e+01 -2.051341e-01 9.744470e-01 -9.150476e-02 -4.622454e+01 2.217713e-01 1.373390e-01 9.653784e-01 3.046801e+02
9.533018e-01 1.784853e-01 -2.436362e-01 5.778986e+01 -2.059297e-01 9.742273e-01 -9.205484e-02 -4.631176e+01 2.209266e-01 1.379280e-01 9.654881e-01 3.054596e+02
9.537283e-01 1.778746e-01 -2.424106e-01 5.759083e+01 -2.048218e-01 9.745865e-01 -9.071461e-02 -4.640589e+01 2.201143e-01 1.361681e-01 9.659234e-01 3.062177e+02
9.539378e-01 1.789125e-01 -2.408172e-01 5.738304e+01 -2.055284e-01 9.744888e-01 -9.016440e-02 -4.650013e+01 2.185422e-01 1.355060e-01 9.663733e-01 3.069907e+02
9.540370e-01 1.802999e-01 -2.393852e-01 5.718341e+01 -2.067478e-01 9.742278e-01 -9.019728e-02 -4.657770e+01 2.169532e-01 1.355439e-01 9.667260e-01 3.077483e+02
9.542001e-01 1.813454e-01 -2.379413e-01 5.699753e+01 -2.075539e-01 9.740791e-01 -8.995168e-02 -4.666597e+01 2.154613e-01 1.352176e-01 9.671053e-01 3.084687e+02
9.545546e-01 1.808835e-01 -2.368685e-01 5.681384e+01 -2.069524e-01 9.741976e-01 -9.005448e-02 -4.674981e+01 2.144674e-01 1.349824e-01 9.673590e-01 3.091896e+02
9.547839e-01 1.814335e-01 -2.355200e-01 5.663720e+01 -2.073750e-01 9.740853e-01 -9.029631e-02 -4.682747e+01 2.130338e-01 1.350544e-01 9.676657e-01 3.098739e+02
9.550074e-01 1.813072e-01 -2.347096e-01 5.646683e+01 -2.072298e-01 9.740743e-01 -9.074748e-02 -4.691265e+01 2.121714e-01 1.353033e-01 9.678204e-01 3.105566e+02
9.550352e-01 1.810713e-01 -2.347784e-01 5.630531e+01 -2.070628e-01 9.740827e-01 -9.103814e-02 -4.698851e+01 2.122092e-01 1.355585e-01 9.677764e-01 3.112109e+02
9.551148e-01 1.799875e-01 -2.352873e-01 5.615950e+01 -2.062240e-01 9.741777e-01 -9.192060e-02 -4.706024e+01 2.126671e-01 1.363166e-01 9.675694e-01 3.118352e+02
9.549923e-01 1.804321e-01 -2.354443e-01 5.598704e+01 -2.070429e-01 9.738555e-01 -9.348122e-02 -4.714537e+01 2.124217e-01 1.380209e-01 9.673816e-01 3.124664e+02
9.551856e-01 1.796487e-01 -2.352589e-01 5.578314e+01 -2.066521e-01 9.737461e-01 -9.546462e-02 -4.719443e+01 2.119323e-01 1.398032e-01 9.672330e-01 3.131492e+02
9.552495e-01 1.785002e-01 -2.358731e-01 5.563193e+01 -2.062976e-01 9.734916e-01 -9.876987e-02 -4.726876e+01 2.119900e-01 1.430099e-01 9.667515e-01 3.137353e+02
9.556166e-01 1.756276e-01 -2.365415e-01 5.548489e+01 -2.044800e-01 9.733985e-01 -1.033596e-01 -4.733667e+01 2.120963e-01 1.471402e-01 9.661081e-01 3.143109e+02
9.558232e-01 1.741721e-01 -2.367828e-01 5.534517e+01 -2.038332e-01 9.731414e-01 -1.069943e-01 -4.740978e+01 2.117877e-01 1.505318e-01 9.656532e-01 3.148701e+02
9.557294e-01 1.750754e-01 -2.364950e-01 5.519290e+01 -2.056281e-01 9.722908e-01 -1.112097e-01 -4.748194e+01 2.104718e-01 1.549164e-01 9.652474e-01 3.154404e+02
9.561090e-01 1.731272e-01 -2.363947e-01 5.506640e+01 -2.042213e-01 9.722732e-01 -1.139232e-01 -4.754339e+01 2.101170e-01 1.571999e-01 9.649555e-01 3.159969e+02
9.565401e-01 1.720572e-01 -2.354303e-01 5.491616e+01 -2.031224e-01 9.724228e-01 -1.146090e-01 -4.762131e+01 2.092185e-01 1.574493e-01 9.651100e-01 3.165538e+02
9.577388e-01 1.682698e-01 -2.332847e-01 5.482027e+01 -1.987671e-01 9.734050e-01 -1.139048e-01 -4.769170e+01 2.079137e-01 1.554604e-01 9.657142e-01 3.170406e+02
9.581156e-01 1.683067e-01 -2.317055e-01 5.470251e+01 -1.984179e-01 9.735465e-01 -1.133028e-01 -4.776311e+01 2.065064e-01 1.545317e-01 9.661651e-01 3.175526e+02
9.583875e-01 1.697120e-01 -2.295455e-01 5.457962e+01 -1.996274e-01 9.732259e-01 -1.139307e-01 -4.783281e+01 2.040643e-01 1.550133e-01 9.666068e-01 3.180720e+02
9.585100e-01 1.734014e-01 -2.262531e-01 5.445796e+01 -2.029490e-01 9.724749e-01 -1.144742e-01 -4.789202e+01 2.001755e-01 1.556425e-01 9.673186e-01 3.185732e+02
9.597242e-01 1.740744e-01 -2.205168e-01 5.433030e+01 -2.028622e-01 9.723972e-01 -1.152851e-01 -4.795612e+01 1.943617e-01 1.553764e-01 9.685462e-01 3.190592e+02
9.618927e-01 1.703125e-01 -2.139067e-01 5.423990e+01 -1.984593e-01 9.730145e-01 -1.177148e-01 -4.802067e+01 1.880860e-01 1.556808e-01 9.697356e-01 3.195062e+02
9.643182e-01 1.676366e-01 -2.049108e-01 5.414138e+01 -1.948012e-01 9.734268e-01 -1.203858e-01 -4.808846e+01 1.792846e-01 1.560071e-01 9.713490e-01 3.199635e+02
9.662853e-01 1.693584e-01 -1.939339e-01 5.407575e+01 -1.951211e-01 9.731111e-01 -1.224030e-01 -4.815481e+01 1.679893e-01 1.561169e-01 9.733484e-01 3.203804e+02
9.680569e-01 1.726692e-01 -1.817997e-01 5.399394e+01 -1.967735e-01 9.725674e-01 -1.240677e-01 -4.821674e+01 1.553898e-01 1.558780e-01 9.754773e-01 3.207986e+02
9.701095e-01 1.732959e-01 -1.698705e-01 5.393551e+01 -1.958673e-01 9.724328e-01 -1.265324e-01 -4.827978e+01 1.432601e-01 1.560223e-01 9.773094e-01 3.212028e+02
9.730071e-01 1.707707e-01 -1.552243e-01 5.387349e+01 -1.914960e-01 9.728316e-01 -1.301075e-01 -4.834264e+01 1.287885e-01 1.563203e-01 9.792740e-01 3.215904e+02
9.759802e-01 1.680065e-01 -1.386955e-01 5.382452e+01 -1.866579e-01 9.731503e-01 -1.346752e-01 -4.840120e+01 1.123453e-01 1.573289e-01 9.811351e-01 3.219749e+02
9.787071e-01 1.667566e-01 -1.196858e-01 5.378746e+01 -1.828374e-01 9.732538e-01 -1.390955e-01 -4.846054e+01 9.328957e-02 1.580168e-01 9.830197e-01 3.223371e+02
9.812515e-01 1.650846e-01 -9.946160e-02 5.377178e+01 -1.782649e-01 9.735677e-01 -1.427847e-01 -4.852178e+01 7.326105e-02 1.578382e-01 9.847436e-01 3.226747e+02
9.836859e-01 1.622443e-01 -7.771005e-02 5.375928e+01 -1.722929e-01 9.739296e-01 -1.475682e-01 -4.857919e+01 5.174201e-02 1.585496e-01 9.859943e-01 3.230128e+02
9.858606e-01 1.584239e-01 -5.459659e-02 5.374960e+01 -1.650466e-01 9.743467e-01 -1.529973e-01 -4.863775e+01 2.895758e-02 1.598450e-01 9.867173e-01 3.233535e+02
9.878027e-01 1.525914e-01 -3.101258e-02 5.376797e+01 -1.555887e-01 9.751443e-01 -1.577521e-01 -4.870084e+01 6.170120e-03 1.606532e-01 9.869916e-01 3.236782e+02
9.891073e-01 1.470307e-01 -6.985837e-03 5.378890e+01 -1.462027e-01 9.758160e-01 -1.625051e-01 -4.876544e+01 -1.707634e-02 1.617563e-01 9.866830e-01 3.239984e+02
9.894652e-01 1.438256e-01 1.651864e-02 5.381058e+01 -1.390873e-01 9.760679e-01 -1.671713e-01 -4.882165e+01 -4.016682e-02 1.631126e-01 9.857895e-01 3.243162e+02
9.894094e-01 1.392962e-01 4.081094e-02 5.384445e+01 -1.303239e-01 9.763007e-01 -1.727789e-01 -4.888198e+01 -6.391120e-02 1.656305e-01 9.841148e-01 3.246040e+02
9.881711e-01 1.382779e-01 6.631087e-02 5.388052e+01 -1.247205e-01 9.762463e-01 -1.771663e-01 -4.894108e+01 -8.923392e-02 1.668002e-01 9.819445e-01 3.248802e+02
9.858588e-01 1.396259e-01 9.266625e-02 5.392606e+01 -1.212832e-01 9.760842e-01 -1.804164e-01 -4.899119e+01 -1.156409e-01 1.666262e-01 9.792155e-01 3.251551e+02
9.826581e-01 1.417842e-01 1.194999e-01 5.397343e+01 -1.187003e-01 9.761002e-01 -1.820400e-01 -4.904393e+01 -1.424543e-01 1.646984e-01 9.760027e-01 3.254302e+02
9.788139e-01 1.408263e-01 1.486314e-01 5.403417e+01 -1.129552e-01 9.768481e-01 -1.816833e-01 -4.909324e+01 -1.707761e-01 1.610455e-01 9.720596e-01 3.257011e+02
9.744969e-01 1.364156e-01 1.781759e-01 5.410952e+01 -1.040283e-01 9.781611e-01 -1.799416e-01 -4.915194e+01 -1.988315e-01 1.568172e-01 9.674060e-01 3.259715e+02
9.694835e-01 1.310892e-01 2.071649e-01 5.418724e+01 -9.423825e-02 9.793775e-01 -1.787143e-01 -4.920804e+01 -2.263202e-01 1.537377e-01 9.618440e-01 3.262407e+02
9.638572e-01 1.245699e-01 2.355029e-01 5.427539e+01 -8.357091e-02 9.807082e-01 -1.767123e-01 -4.927212e+01 -2.529727e-01 1.506443e-01 9.556731e-01 3.265014e+02
9.571456e-01 1.192119e-01 2.639332e-01 5.436785e+01 -7.376797e-02 9.816461e-01 -1.758672e-01 -4.932417e+01 -2.800545e-01 1.488607e-01 9.483723e-01 3.267549e+02
9.492852e-01 1.153179e-01 2.925055e-01 5.445904e+01 -6.500389e-02 9.821947e-01 -1.762614e-01 -4.937842e+01 -3.076234e-01 1.483084e-01 9.398790e-01 3.269986e+02
9.405972e-01 1.127868e-01 3.202438e-01 5.455911e+01 -5.788649e-02 9.826744e-01 -1.760684e-01 -4.943645e+01 -3.345536e-01 1.470717e-01 9.308296e-01 3.272452e+02
9.310357e-01 1.126223e-01 3.471149e-01 5.466836e+01 -5.336546e-02 9.829797e-01 -1.757928e-01 -4.949711e+01 -3.610051e-01 1.451454e-01 9.211993e-01 3.275121e+02
9.208465e-01 1.126344e-01 3.733032e-01 5.479024e+01 -4.922310e-02 9.832907e-01 -1.752610e-01 -4.955622e+01 -3.868060e-01 1.430133e-01 9.110040e-01 3.277799e+02
9.111904e-01 1.107533e-01 3.968196e-01 5.492247e+01 -4.373391e-02 9.837486e-01 -1.741435e-01 -4.962195e+01 -4.096577e-01 1.413234e-01 9.012260e-01 3.280475e+02
9.049848e-01 1.062398e-01 4.119655e-01 5.506884e+01 -3.639150e-02 9.841009e-01 -1.738421e-01 -4.967919e+01 -4.238845e-01 1.423324e-01 8.944626e-01 3.283153e+02
9.030419e-01 9.983301e-02 4.177903e-01 5.521752e+01 -2.801640e-02 9.842353e-01 -1.746311e-01 -4.973168e+01 -4.286379e-01 1.459942e-01 8.916026e-01 3.285871e+02
9.037265e-01 9.705934e-02 4.169626e-01 5.535689e+01 -2.534381e-02 9.843821e-01 -1.742113e-01 -4.977737e+01 -4.273594e-01 1.468720e-01 8.920721e-01 3.288432e+02
9.054510e-01 9.620744e-02 4.134037e-01 5.547693e+01 -2.625396e-02 9.848027e-01 -1.716813e-01 -4.983086e+01 -4.236380e-01 1.445955e-01 8.942164e-01 3.290963e+02
9.096451e-01 9.718467e-02 4.038575e-01 5.558453e+01 -2.949788e-02 9.849043e-01 -1.705676e-01 -4.987727e+01 -4.143376e-01 1.432430e-01 8.987802e-01 3.293373e+02
9.163964e-01 9.735825e-02 3.882513e-01 5.567367e+01 -3.243442e-02 9.848403e-01 -1.704039e-01 -4.992484e+01 -3.989558e-01 1.435648e-01 9.056619e-01 3.295614e+02
9.230188e-01 9.957620e-02 3.716461e-01 5.574819e+01 -3.714226e-02 9.844789e-01 -1.715278e-01 -4.996109e+01 -3.829579e-01 1.445196e-01 9.123910e-01 3.297747e+02
9.301261e-01 9.945244e-02 3.535176e-01 5.581315e+01 -3.968547e-02 9.842155e-01 -1.724671e-01 -4.999986e+01 -3.650898e-01 1.463866e-01 9.193913e-01 3.299800e+02
9.399408e-01 9.802694e-02 3.269588e-01 5.588599e+01 -4.229067e-02 9.839392e-01 -1.734219e-01 -5.003229e+01 -3.387076e-01 1.491790e-01 9.289902e-01 3.301896e+02
9.504912e-01 9.389213e-02 2.962276e-01 5.593886e+01 -4.349724e-02 9.840759e-01 -1.723446e-01 -5.007706e+01 -3.076923e-01 1.509270e-01 9.394395e-01 3.303974e+02
9.604833e-01 9.248132e-02 2.625244e-01 5.597592e+01 -4.805839e-02 9.841234e-01 -1.708555e-01 -5.011591e+01 -2.741574e-01 1.514873e-01 9.496785e-01 3.306116e+02
9.703562e-01 9.245891e-02 2.232941e-01 5.599469e+01 -5.514984e-02 9.842619e-01 -1.678898e-01 -5.015479e+01 -2.353028e-01 1.505983e-01 9.601837e-01 3.308240e+02
9.794625e-01 9.360013e-02 1.785838e-01 5.600024e+01 -6.410541e-02 9.843227e-01 -1.643144e-01 -5.019042e+01 -1.911640e-01 1.494916e-01 9.701075e-01 3.310248e+02
9.864934e-01 9.683130e-02 1.321152e-01 5.598994e+01 -7.508706e-02 9.841518e-01 -1.606462e-01 -5.022008e+01 -1.455770e-01 1.485563e-01 9.781300e-01 3.312206e+02
9.912725e-01 1.010529e-01 8.465919e-02 5.596597e+01 -8.699695e-02 9.839447e-01 -1.558344e-01 -5.024622e+01 -9.904749e-02 1.471093e-01 9.841486e-01 3.314111e+02
9.938675e-01 1.048923e-01 3.499944e-02 5.593160e+01 -9.854389e-02 9.837638e-01 -1.499927e-01 -5.027290e+01 -5.016427e-02 1.456239e-01 9.880674e-01 3.316014e+02
9.941253e-01 1.072074e-01 -1.488482e-02 5.588958e+01 -1.082326e-01 9.836024e-01 -1.442635e-01 -5.029887e+01 -8.253642e-04 1.450270e-01 9.894274e-01 3.317869e+02
9.920381e-01 1.087807e-01 -6.346025e-02 5.583443e+01 -1.167261e-01 9.833831e-01 -1.390418e-01 -5.031976e+01 4.728068e-02 1.453422e-01 9.882511e-01 3.319687e+02
9.877035e-01 1.097442e-01 -1.113466e-01 5.577834e+01 -1.242355e-01 9.833165e-01 -1.328694e-01 -5.034632e+01 9.490734e-02 1.450688e-01 9.848592e-01 3.321499e+02
9.809800e-01 1.113673e-01 -1.589828e-01 5.571046e+01 -1.320005e-01 9.832437e-01 -1.257284e-01 -5.036499e+01 1.423168e-01 1.443229e-01 9.792430e-01 3.323287e+02
9.718299e-01 1.144816e-01 -2.060112e-01 5.563427e+01 -1.405316e-01 9.831893e-01 -1.165745e-01 -5.038619e+01 1.892024e-01 1.422417e-01 9.715811e-01 3.325014e+02
9.606904e-01 1.164133e-01 -2.520355e-01 5.557571e+01 -1.469710e-01 9.834484e-01 -1.059659e-01 -5.039188e+01 2.355281e-01 1.388423e-01 9.618988e-01 3.326299e+02
9.469098e-01 1.185532e-01 -2.988426e-01 5.553302e+01 -1.529082e-01 9.837360e-01 -9.424772e-02 -5.041784e+01 2.828089e-01 1.349396e-01 9.496370e-01 3.327610e+02
9.307299e-01 1.189227e-01 -3.458313e-01 5.543303e+01 -1.566766e-01 9.841358e-01 -8.324136e-02 -5.042389e+01 3.304457e-01 1.316589e-01 9.345970e-01 3.329111e+02
9.116816e-01 1.207948e-01 -3.927408e-01 5.533026e+01 -1.611582e-01 9.843463e-01 -7.134740e-02 -5.043871e+01 3.779745e-01 1.283395e-01 9.168774e-01 3.330560e+02
8.908022e-01 1.252253e-01 -4.367951e-01 5.518363e+01 -1.670117e-01 9.842216e-01 -5.843684e-02 -5.044990e+01 4.225854e-01 1.250055e-01 8.976609e-01 3.332139e+02
8.685867e-01 1.312626e-01 -4.778361e-01 5.504642e+01 -1.734318e-01 9.838173e-01 -4.499906e-02 -5.045977e+01 4.641967e-01 1.219576e-01 8.772957e-01 3.333620e+02
8.464452e-01 1.376927e-01 -5.143648e-01 5.489219e+01 -1.798660e-01 9.831439e-01 -3.280746e-02 -5.046751e+01 5.011773e-01 1.202865e-01 8.569437e-01 3.335318e+02
8.267357e-01 1.437181e-01 -5.439239e-01 5.475165e+01 -1.856623e-01 9.823529e-01 -2.263493e-02 -5.047680e+01 5.310721e-01 1.196992e-01 8.388292e-01 3.336808e+02
8.101216e-01 1.464385e-01 -5.676784e-01 5.459991e+01 -1.872734e-01 9.822097e-01 -1.388277e-02 -5.048203e+01 5.555463e-01 1.175578e-01 8.231333e-01 3.338607e+02
7.956745e-01 1.487350e-01 -5.871797e-01 5.445985e+01 -1.876977e-01 9.822112e-01 -5.547094e-03 -5.049177e+01 5.759094e-01 1.146260e-01 8.094376e-01 3.340296e+02
7.709304e-01 1.529334e-01 -6.182861e-01 5.412998e+01 -1.904824e-01 9.816763e-01 5.308874e-03 -5.049697e+01 6.077687e-01 1.136798e-01 7.859352e-01 3.343813e+02
7.592683e-01 1.567508e-01 -6.316176e-01 5.397451e+01 -1.994390e-01 9.799042e-01 3.440459e-03 -5.050255e+01 6.194640e-01 1.233570e-01 7.752724e-01 3.345473e+02
7.513740e-01 1.598389e-01 -6.402255e-01 5.380628e+01 -2.076954e-01 9.781934e-01 4.631123e-04 -5.050470e+01 6.263384e-01 1.326239e-01 7.681869e-01 3.347298e+02
7.474322e-01 1.593831e-01 -6.449358e-01 5.360816e+01 -2.079520e-01 9.781388e-01 7.268424e-04 -5.050129e+01 6.309526e-01 1.335724e-01 7.642364e-01 3.349457e+02
7.452311e-01 1.523562e-01 -6.491673e-01 5.340681e+01 -2.019861e-01 9.793863e-01 -2.019048e-03 -5.049476e+01 6.354780e-01 1.326274e-01 7.606430e-01 3.351818e+02
7.443590e-01 1.488713e-01 -6.509739e-01 5.322694e+01 -2.045060e-01 9.788142e-01 -9.998148e-03 -5.050690e+01 6.356941e-01 1.405703e-01 7.590343e-01 3.354074e+02
7.481620e-01 1.481766e-01 -6.467591e-01 5.301436e+01 -2.139476e-01 9.765562e-01 -2.375644e-02 -5.051576e+01 6.280764e-01 1.561462e-01 7.623243e-01 3.356363e+02
7.548002e-01 1.475719e-01 -6.391394e-01 5.280575e+01 -2.238606e-01 9.738194e-01 -3.952452e-02 -5.052967e+01 6.165737e-01 1.729113e-01 7.680746e-01 3.358767e+02
7.665318e-01 1.396996e-01 -6.268277e-01 5.260958e+01 -2.243796e-01 9.727991e-01 -5.758275e-02 -5.054374e+01 6.017331e-01 1.847864e-01 7.770272e-01 3.361442e+02
7.829829e-01 1.340422e-01 -6.074294e-01 5.241551e+01 -2.242886e-01 9.716560e-01 -7.469392e-02 -5.057041e+01 5.802003e-01 1.947236e-01 7.908542e-01 3.364252e+02
7.974498e-01 1.385373e-01 -5.872660e-01 5.221615e+01 -2.328138e-01 9.685633e-01 -8.765227e-02 -5.059689e+01 5.566611e-01 2.066219e-01 8.046339e-01 3.367278e+02
8.115419e-01 1.394984e-01 -5.673975e-01 5.200597e+01 -2.347512e-01 9.671035e-01 -9.799312e-02 -5.061548e+01 5.350622e-01 2.127228e-01 8.175925e-01 3.370584e+02
8.262839e-01 1.392253e-01 -5.457757e-01 5.180861e+01 -2.287177e-01 9.684223e-01 -9.922910e-02 -5.065547e+01 5.147262e-01 2.068200e-01 8.320351e-01 3.374046e+02
8.406170e-01 1.437189e-01 -5.222145e-01 5.160849e+01 -2.251698e-01 9.696170e-01 -9.561072e-02 -5.069829e+01 4.926070e-01 1.979589e-01 8.474376e-01 3.377794e+02
8.516556e-01 1.537175e-01 -5.010525e-01 5.140428e+01 -2.264934e-01 9.700865e-01 -8.736637e-02 -5.074989e+01 4.726345e-01 1.878912e-01 8.609956e-01 3.381552e+02
8.599427e-01 1.652625e-01 -4.828942e-01 5.120203e+01 -2.305092e-01 9.698935e-01 -7.856306e-02 -5.081868e+01 4.553724e-01 1.788713e-01 8.721474e-01 3.385510e+02
8.687346e-01 1.690788e-01 -4.655240e-01 5.099049e+01 -2.294856e-01 9.703545e-01 -7.581935e-02 -5.087610e+01 4.389039e-01 1.726980e-01 8.817816e-01 3.389601e+02
8.769796e-01 1.672418e-01 -4.504853e-01 5.080655e+01 -2.252466e-01 9.711786e-01 -7.794949e-02 -5.092140e+01 4.244653e-01 1.698304e-01 8.893744e-01 3.393855e+02
8.844825e-01 1.661264e-01 -4.359962e-01 5.060285e+01 -2.230284e-01 9.713279e-01 -8.234357e-02 -5.098101e+01 4.098158e-01 1.700710e-01 8.961735e-01 3.398147e+02
8.916638e-01 1.617293e-01 -4.228231e-01 5.041374e+01 -2.184859e-01 9.717685e-01 -8.905026e-02 -5.102483e+01 3.964841e-01 1.717838e-01 9.018263e-01 3.402766e+02
8.983232e-01 1.596572e-01 -4.092981e-01 5.021569e+01 -2.163004e-01 9.716226e-01 -9.572746e-02 -5.107518e+01 3.823997e-01 1.745255e-01 9.073650e-01 3.407568e+02
9.050190e-01 1.574183e-01 -3.951711e-01 5.001823e+01 -2.122938e-01 9.721864e-01 -9.891919e-02 -5.113307e+01 3.686082e-01 1.734161e-01 9.132660e-01 3.412560e+02
9.109345e-01 1.581699e-01 -3.810257e-01 4.981331e+01 -2.099649e-01 9.727689e-01 -9.816002e-02 -5.119745e+01 3.551240e-01 1.694194e-01 9.193389e-01 3.417688e+02
9.158982e-01 1.601451e-01 -3.680816e-01 4.960969e+01 -2.084050e-01 9.734118e-01 -9.506201e-02 -5.125873e+01 3.430713e-01 1.637772e-01 9.249212e-01 3.423329e+02
9.202295e-01 1.600476e-01 -3.571588e-01 4.939874e+01 -2.054035e-01 9.742831e-01 -9.263861e-02 -5.132356e+01 3.331472e-01 1.586105e-01 9.294384e-01 3.429009e+02
9.237391e-01 1.569472e-01 -3.493903e-01 4.918109e+01 -2.012583e-01 9.750056e-01 -9.412329e-02 -5.139651e+01 3.258851e-01 1.572631e-01 9.322378e-01 3.435062e+02
9.267246e-01 1.492301e-01 -3.448360e-01 4.897218e+01 -1.933591e-01 9.763077e-01 -9.713640e-02 -5.146376e+01 3.221704e-01 1.566959e-01 9.336234e-01 3.441174e+02
9.284303e-01 1.432727e-01 -3.427683e-01 4.875671e+01 -1.883016e-01 9.768276e-01 -1.017370e-01 -5.153287e+01 3.202493e-01 1.589995e-01 9.338948e-01 3.447465e+02
9.296307e-01 1.422693e-01 -3.399209e-01 4.851850e+01 -1.883884e-01 9.762922e-01 -1.065992e-01 -5.160117e+01 3.166963e-01 1.631351e-01 9.343931e-01 3.453880e+02
9.298535e-01 1.484501e-01 -3.366528e-01 4.828149e+01 -1.941927e-01 9.751808e-01 -1.063562e-01 -5.167954e+01 3.125088e-01 1.642712e-01 9.356031e-01 3.460358e+02
9.316225e-01 1.489884e-01 -3.314846e-01 4.804994e+01 -1.944885e-01 9.748937e-01 -1.084272e-01 -5.175797e+01 3.070079e-01 1.654832e-01 9.372094e-01 3.466943e+02
9.332551e-01 1.549967e-01 -3.240538e-01 4.779811e+01 -1.992072e-01 9.740065e-01 -1.078320e-01 -5.184579e+01 2.989169e-01 1.651886e-01 9.398731e-01 3.474017e+02
9.360212e-01 1.575886e-01 -3.146906e-01 4.754568e+01 -1.999262e-01 9.739585e-01 -1.069317e-01 -5.193307e+01 2.896443e-01 1.630053e-01 9.431519e-01 3.481295e+02
9.393258e-01 1.574117e-01 -3.047762e-01 4.729236e+01 -1.982398e-01 9.742054e-01 -1.078184e-01 -5.202163e+01 2.799428e-01 1.616954e-01 9.463016e-01 3.488864e+02
9.418016e-01 1.610064e-01 -2.951046e-01 4.703819e+01 -2.007419e-01 9.735034e-01 -1.095161e-01 -5.211465e+01 2.696525e-01 1.623823e-01 9.491678e-01 3.496514e+02
9.435423e-01 1.652381e-01 -2.870964e-01 4.679418e+01 -2.057223e-01 9.716030e-01 -1.169010e-01 -5.220311e+01 2.596272e-01 1.693632e-01 9.507417e-01 3.504180e+02
9.455786e-01 1.671849e-01 -2.791599e-01 4.656089e+01 -2.077552e-01 9.704790e-01 -1.225081e-01 -5.231241e+01 2.504374e-01 1.738380e-01 9.523978e-01 3.511836e+02
9.489803e-01 1.617207e-01 -2.707079e-01 4.634259e+01 -2.002203e-01 9.722422e-01 -1.210659e-01 -5.241451e+01 2.436148e-01 1.690903e-01 9.550185e-01 3.519810e+02
9.513194e-01 1.618180e-01 -2.623095e-01 4.612166e+01 -1.974989e-01 9.734449e-01 -1.157547e-01 -5.252471e+01 2.366126e-01 1.619255e-01 9.580160e-01 3.528067e+02
9.529289e-01 1.631226e-01 -2.555731e-01 4.589466e+01 -1.971084e-01 9.738015e-01 -1.133969e-01 -5.263600e+01 2.303799e-01 1.584348e-01 9.601164e-01 3.536417e+02
9.541235e-01 1.627208e-01 -2.513369e-01 4.563406e+01 -1.969887e-01 9.733199e-01 -1.176595e-01 -5.274606e+01 2.254856e-01 1.617722e-01 9.607216e-01 3.545254e+02
9.544455e-01 1.639515e-01 -2.493066e-01 4.541774e+01 -1.991207e-01 9.722323e-01 -1.229445e-01 -5.286060e+01 2.222270e-01 1.669859e-01 9.605888e-01 3.553595e+02
9.554894e-01 1.614829e-01 -2.469075e-01 4.519323e+01 -1.968602e-01 9.723144e-01 -1.258999e-01 -5.298391e+01 2.197411e-01 1.689023e-01 9.608256e-01 3.562147e+02
9.567407e-01 1.569222e-01 -2.449951e-01 4.495737e+01 -1.925049e-01 9.728260e-01 -1.286527e-01 -5.310621e+01 2.181491e-01 1.702501e-01 9.609505e-01 3.570953e+02
9.574947e-01 1.546143e-01 -2.435125e-01 4.473095e+01 -1.899022e-01 9.733315e-01 -1.286971e-01 -5.323460e+01 2.171200e-01 1.694704e-01 9.613213e-01 3.579831e+02
9.587035e-01 1.488048e-01 -2.423731e-01 4.450037e+01 -1.833967e-01 9.748087e-01 -1.269397e-01 -5.335475e+01 2.173782e-01 1.661480e-01 9.618428e-01 3.588875e+02
9.589886e-01 1.477688e-01 -2.418787e-01 4.428788e+01 -1.803900e-01 9.764073e-01 -1.186936e-01 -5.348948e+01 2.186329e-01 1.574583e-01 9.630195e-01 3.597787e+02
9.595784e-01 1.451910e-01 -2.410994e-01 4.407511e+01 -1.766863e-01 9.775836e-01 -1.145089e-01 -5.361738e+01 2.190691e-01 1.524792e-01 9.637213e-01 3.606648e+02
9.594962e-01 1.450031e-01 -2.415389e-01 4.387417e+01 -1.766129e-01 9.775726e-01 -1.147159e-01 -5.374259e+01 2.194877e-01 1.527283e-01 9.635866e-01 3.615462e+02
9.587825e-01 1.493599e-01 -2.417184e-01 4.362632e+01 -1.819688e-01 9.761220e-01 -1.186301e-01 -5.385984e+01 2.182281e-01 1.577257e-01 9.630676e-01 3.624585e+02
9.577101e-01 1.536843e-01 -2.432538e-01 4.337798e+01 -1.873041e-01 9.747463e-01 -1.216007e-01 -5.398674e+01 2.184227e-01 1.620207e-01 9.623102e-01 3.633757e+02
9.569950e-01 1.561221e-01 -2.445127e-01 4.311627e+01 -1.903323e-01 9.739774e-01 -1.230517e-01 -5.411108e+01 2.189387e-01 1.642985e-01 9.618066e-01 3.643186e+02
9.573357e-01 1.532945e-01 -2.449678e-01 4.283308e+01 -1.880123e-01 9.741608e-01 -1.251487e-01 -5.423293e+01 2.194534e-01 1.658663e-01 9.614201e-01 3.652914e+02
9.567593e-01 1.541884e-01 -2.466529e-01 4.259944e+01 -1.895095e-01 9.737070e-01 -1.264150e-01 -5.436289e+01 2.206760e-01 1.676918e-01 9.608234e-01 3.662285e+02
9.572202e-01 1.507954e-01 -2.469619e-01 4.235367e+01 -1.858571e-01 9.745529e-01 -1.253150e-01 -5.448622e+01 2.217805e-01 1.658537e-01 9.608881e-01 3.671822e+02
9.570058e-01 1.501458e-01 -2.481856e-01 4.209658e+01 -1.846024e-01 9.752319e-01 -1.218385e-01 -5.461666e+01 2.237450e-01 1.624158e-01 9.610199e-01 3.681246e+02
9.569392e-01 1.489781e-01 -2.491444e-01 4.183928e+01 -1.827388e-01 9.760231e-01 -1.182601e-01 -5.474666e+01 2.255525e-01 1.586961e-01 9.612188e-01 3.690822e+02
9.569735e-01 1.465166e-01 -2.504688e-01 4.158799e+01 -1.804973e-01 9.764162e-01 -1.184577e-01 -5.487270e+01 2.272058e-01 1.585698e-01 9.608502e-01 3.700290e+02
9.569721e-01 1.442215e-01 -2.518025e-01 4.135207e+01 -1.791422e-01 9.762717e-01 -1.216616e-01 -5.499802e+01 2.282815e-01 1.615352e-01 9.601010e-01 3.709434e+02
9.564312e-01 1.452563e-01 -2.532587e-01 4.110965e+01 -1.813522e-01 9.753844e-01 -1.254456e-01 -5.512499e+01 2.288028e-01 1.659091e-01 9.592306e-01 3.718600e+02
9.559497e-01 1.452964e-01 -2.550474e-01 4.086677e+01 -1.818910e-01 9.751865e-01 -1.262024e-01 -5.526254e+01 2.303820e-01 1.670339e-01 9.586573e-01 3.727778e+02
9.550089e-01 1.436950e-01 -2.594411e-01 4.037455e+01 -1.796332e-01 9.763279e-01 -1.204812e-01 -5.553026e+01 2.359870e-01 1.616649e-01 9.582143e-01 3.745948e+02
9.548585e-01 1.416880e-01 -2.610933e-01 4.013188e+01 -1.768066e-01 9.773595e-01 -1.162236e-01 -5.567278e+01 2.387146e-01 1.571401e-01 9.582914e-01 3.755028e+02
9.546395e-01 1.390301e-01 -2.633137e-01 3.988948e+01 -1.737063e-01 9.782648e-01 -1.132435e-01 -5.580469e+01 2.418462e-01 1.538459e-01 9.580406e-01 3.764146e+02
9.546449e-01 1.350764e-01 -2.653441e-01 3.962606e+01 -1.707494e-01 9.784348e-01 -1.162325e-01 -5.593382e+01 2.439217e-01 1.562681e-01 9.571220e-01 3.773203e+02
9.546517e-01 1.289769e-01 -2.683378e-01 3.938419e+01 -1.660957e-01 9.787212e-01 -1.204868e-01 -5.603766e+01 2.470878e-01 1.595927e-01 9.557603e-01 3.782275e+02
9.541512e-01 1.246508e-01 -2.721354e-01 3.914808e+01 -1.634891e-01 9.785971e-01 -1.249761e-01 -5.618052e+01 2.507325e-01 1.637373e-01 9.541086e-01 3.791150e+02
9.535499e-01 1.228391e-01 -2.750511e-01 3.888406e+01 -1.624215e-01 9.786412e-01 -1.260188e-01 -5.630858e+01 2.536963e-01 1.648394e-01 9.531349e-01 3.800293e+02
9.535086e-01 1.185633e-01 -2.770633e-01 3.859384e+01 -1.584364e-01 9.792711e-01 -1.261982e-01 -5.643955e+01 2.563576e-01 1.642280e-01 9.525282e-01 3.809507e+02
9.526467e-01 1.209230e-01 -2.790016e-01 3.832209e+01 -1.598000e-01 9.797033e-01 -1.210183e-01 -5.656620e+01 2.587049e-01 1.598721e-01 9.526346e-01 3.818614e+02
9.520614e-01 1.237260e-01 -2.797694e-01 3.803644e+01 -1.616198e-01 9.799375e-01 -1.166254e-01 -5.670392e+01 2.597269e-01 1.562508e-01 9.529573e-01 3.827658e+02
9.513760e-01 1.270632e-01 -2.806040e-01 3.749625e+01 -1.644250e-01 9.798029e-01 -1.138014e-01 -5.694700e+01 2.604766e-01 1.544062e-01 9.530533e-01 3.844919e+02
9.508977e-01 1.298429e-01 -2.809528e-01 3.723942e+01 -1.676134e-01 9.791483e-01 -1.147800e-01 -5.705800e+01 2.601910e-01 1.562355e-01 9.528332e-01 3.853154e+02
9.507372e-01 1.302065e-01 -2.813273e-01 3.698444e+01 -1.688210e-01 9.786062e-01 -1.175980e-01 -5.717384e+01 2.599966e-01 1.592987e-01 9.523790e-01 3.861334e+02
9.507923e-01 1.278403e-01 -2.822248e-01 3.674869e+01 -1.671077e-01 9.786491e-01 -1.196703e-01 -5.728999e+01 2.609003e-01 1.609436e-01 9.518551e-01 3.869283e+02
9.510150e-01 1.257828e-01 -2.823991e-01 3.652229e+01 -1.647861e-01 9.791464e-01 -1.188186e-01 -5.740124e+01 2.615647e-01 1.595337e-01 9.519101e-01 3.877014e+02
9.509743e-01 1.276957e-01 -2.816765e-01 3.629428e+01 -1.657518e-01 9.793674e-01 -1.156103e-01 -5.751217e+01 2.611018e-01 1.566308e-01 9.525191e-01 3.884490e+02
9.511378e-01 1.280059e-01 -2.809828e-01 3.606909e+01 -1.658113e-01 9.794188e-01 -1.150889e-01 -5.761883e+01 2.604678e-01 1.560555e-01 9.527871e-01 3.891749e+02
9.519404e-01 1.253171e-01 -2.794731e-01 3.585330e+01 -1.629612e-01 9.798226e-01 -1.157210e-01 -5.772407e+01 2.593322e-01 1.557027e-01 9.531545e-01 3.898749e+02
9.524129e-01 1.248098e-01 -2.780866e-01 3.565936e+01 -1.633345e-01 9.792586e-01 -1.198938e-01 -5.782643e+01 2.573548e-01 1.596095e-01 9.530442e-01 3.905426e+02
9.530917e-01 1.268165e-01 -2.748340e-01 3.545955e+01 -1.662360e-01 9.781110e-01 -1.251576e-01 -5.792681e+01 2.529461e-01 1.649740e-01 9.533110e-01 3.911880e+02
9.538570e-01 1.293345e-01 -2.709785e-01 3.526686e+01 -1.689265e-01 9.772559e-01 -1.281979e-01 -5.802581e+01 2.482349e-01 1.680579e-01 9.540105e-01 3.918149e+02
9.549998e-01 1.284576e-01 -2.673464e-01 3.509959e+01 -1.684133e-01 9.768043e-01 -1.322507e-01 -5.812250e+01 2.441565e-01 1.713241e-01 9.544819e-01 3.924117e+02
9.563888e-01 1.260639e-01 -2.634925e-01 3.494726e+01 -1.659331e-01 9.768643e-01 -1.349158e-01 -5.821903e+01 2.403884e-01 1.727541e-01 9.551803e-01 3.929861e+02
9.576964e-01 1.264082e-01 -2.585317e-01 3.480112e+01 -1.656535e-01 9.767529e-01 -1.360614e-01 -5.831105e+01 2.353223e-01 1.731322e-01 9.563727e-01 3.935346e+02
9.588225e-01 1.300678e-01 -2.524712e-01 3.465652e+01 -1.689317e-01 9.757986e-01 -1.388496e-01 -5.840214e+01 2.283012e-01 1.757826e-01 9.575902e-01 3.940620e+02
9.608334e-01 1.320768e-01 -2.436287e-01 3.452284e+01 -1.700954e-01 9.751140e-01 -1.421976e-01 -5.849172e+01 2.187847e-01 1.780683e-01 9.593878e-01 3.945653e+02
9.633841e-01 1.343179e-01 -2.320556e-01 3.440373e+01 -1.707926e-01 9.745881e-01 -1.449408e-01 -5.856697e+01 2.066905e-01 1.792670e-01 9.618432e-01 3.950466e+02
9.666732e-01 1.331131e-01 -2.186868e-01 3.430189e+01 -1.677653e-01 9.746011e-01 -1.483493e-01 -5.863061e+01 1.933851e-01 1.800933e-01 9.644525e-01 3.955214e+02
9.702458e-01 1.310726e-01 -2.035756e-01 3.421907e+01 -1.639222e-01 9.743959e-01 -1.538899e-01 -5.869847e+01 1.781925e-01 1.826816e-01 9.668893e-01 3.959605e+02
9.739380e-01 1.305155e-01 -1.855004e-01 3.413880e+01 -1.609306e-01 9.739644e-01 -1.596708e-01 -5.876645e+01 1.598313e-01 1.853622e-01 9.695849e-01 3.963807e+02
9.774516e-01 1.311991e-01 -1.654545e-01 3.407911e+01 -1.584338e-01 9.736727e-01 -1.638907e-01 -5.883449e+01 1.395962e-01 1.864088e-01 9.725043e-01 3.967785e+02
9.811770e-01 1.291101e-01 -1.436049e-01 3.403985e+01 -1.526052e-01 9.740926e-01 -1.668988e-01 -5.889811e+01 1.183361e-01 1.856721e-01 9.754601e-01 3.971684e+02
9.848962e-01 1.258489e-01 -1.189180e-01 3.401508e+01 -1.450254e-01 9.747999e-01 -1.695075e-01 -5.897397e+01 9.458892e-02 1.841935e-01 9.783280e-01 3.975479e+02
9.877069e-01 1.256227e-01 -9.302724e-02 3.401697e+01 -1.405002e-01 9.743003e-01 -1.760641e-01 -5.904682e+01 6.851883e-02 1.869700e-01 9.799731e-01 3.978972e+02
9.897177e-01 1.280284e-01 -6.377832e-02 3.400822e+01 -1.376776e-01 9.735919e-01 -1.821092e-01 -5.911893e+01 3.877891e-02 1.890175e-01 9.812077e-01 3.982538e+02
9.909134e-01 1.304027e-01 -3.294998e-02 3.400572e+01 -1.342607e-01 9.736430e-01 -1.843727e-01 -5.919186e+01 8.038833e-03 1.871212e-01 9.823039e-01 3.986130e+02
9.905201e-01 1.335345e-01 3.222665e-02 3.406580e+01 -1.255206e-01 9.751424e-01 -1.825975e-01 -5.934349e+01 -5.580865e-02 1.768214e-01 9.826594e-01 3.992973e+02
9.886013e-01 1.344455e-01 6.776368e-02 3.411706e+01 -1.201487e-01 9.757345e-01 -1.830480e-01 -5.941313e+01 -9.072934e-02 1.728198e-01 9.807658e-01 3.996329e+02
9.858589e-01 1.309770e-01 1.045339e-01 3.418898e+01 -1.100954e-01 9.765102e-01 -1.852210e-01 -5.947909e+01 -1.263381e-01 1.710931e-01 9.771212e-01 3.999584e+02
9.811586e-01 1.284363e-01 1.443324e-01 3.427135e+01 -1.005456e-01 9.773515e-01 -1.862112e-01 -5.953992e+01 -1.649797e-01 1.681907e-01 9.718506e-01 4.002737e+02
9.742402e-01 1.258278e-01 1.871455e-01 3.436359e+01 -9.086588e-02 9.785475e-01 -1.849007e-01 -5.960297e+01 -2.063964e-01 1.631325e-01 9.647737e-01 4.005884e+02
9.645075e-01 1.310392e-01 2.292465e-01 3.445508e+01 -9.043348e-02 9.795987e-01 -1.794664e-01 -5.966265e+01 -2.480867e-01 1.523651e-01 9.566806e-01 4.009036e+02
9.539203e-01 1.296677e-01 2.705962e-01 3.456742e+01 -8.419144e-02 9.812447e-01 -1.734091e-01 -5.973425e+01 -2.880067e-01 1.426366e-01 9.469461e-01 4.012184e+02
9.424637e-01 1.264252e-01 3.094816e-01 3.469891e+01 -7.490379e-02 9.820567e-01 -1.730722e-01 -5.980208e+01 -3.258092e-01 1.399329e-01 9.350226e-01 4.015119e+02
9.303862e-01 1.175405e-01 3.472258e-01 3.484517e+01 -5.803555e-02 9.824842e-01 -1.770784e-01 -5.986660e+01 -3.619578e-01 1.445999e-01 9.209112e-01 4.017880e+02
9.168956e-01 1.049977e-01 3.850687e-01 3.501805e+01 -3.656202e-02 9.828164e-01 -1.809285e-01 -5.993313e+01 -3.974489e-01 1.518137e-01 9.049790e-01 4.020600e+02
9.011526e-01 1.013562e-01 4.214865e-01 3.519410e+01 -2.332004e-02 9.822093e-01 -1.863359e-01 -6.000230e+01 -4.328742e-01 1.580880e-01 8.874841e-01 4.023329e+02
8.822889e-01 1.077314e-01 4.582143e-01 3.536922e+01 -1.894572e-02 9.807956e-01 -1.941163e-01 -6.006872e+01 -4.703270e-01 1.625854e-01 8.673860e-01 4.026283e+02
8.616803e-01 1.192506e-01 4.932407e-01 3.555741e+01 -2.091196e-02 9.795146e-01 -2.002842e-01 -6.014441e+01 -5.070205e-01 1.622663e-01 8.465222e-01 4.029463e+02
8.402330e-01 1.302545e-01 5.263481e-01 3.576217e+01 -2.239756e-02 9.782269e-01 -2.063260e-01 -6.021795e+01 -5.417628e-01 1.615730e-01 8.248559e-01 4.032569e+02
8.188290e-01 1.367320e-01 5.575155e-01 3.598949e+01 -1.914608e-02 9.771826e-01 -2.115362e-01 -6.029288e+01 -5.737182e-01 1.625378e-01 8.027633e-01 4.035572e+02
7.996231e-01 1.329578e-01 5.855980e-01 3.625086e+01 -6.923939e-03 9.771571e-01 -2.124054e-01 -6.037211e+01 -6.004623e-01 1.657896e-01 7.822780e-01 4.038504e+02
7.804346e-01 1.230309e-01 6.130133e-01 3.654163e+01 1.239669e-02 9.772111e-01 -2.119073e-01 -6.046378e+01 -6.251146e-01 1.729791e-01 7.611242e-01 4.041312e+02
7.591595e-01 1.162124e-01 6.404464e-01 3.685180e+01 2.812463e-02 9.771573e-01 -2.106481e-01 -6.056077e+01 -6.502968e-01 1.779279e-01 7.385498e-01 4.044405e+02
7.380928e-01 1.116060e-01 6.654045e-01 3.716886e+01 4.455197e-02 9.760094e-01 -2.131214e-01 -6.065090e+01 -6.732267e-01 1.869485e-01 7.154133e-01 4.047295e+02
7.160053e-01 1.159547e-01 6.883973e-01 3.750831e+01 5.045034e-02 9.749353e-01 -2.166932e-01 -6.073764e+01 -6.962694e-01 1.898834e-01 6.922089e-01 4.050466e+02
6.925721e-01 1.235274e-01 7.106932e-01 3.784905e+01 4.729853e-02 9.753317e-01 -2.156174e-01 -6.084228e+01 -7.197963e-01 1.829453e-01 6.696449e-01 4.053758e+02
6.689018e-01 1.313089e-01 7.316614e-01 3.820829e+01 4.038288e-02 9.764022e-01 -2.121507e-01 -6.095201e+01 -7.422531e-01 1.714546e-01 6.478146e-01 4.057109e+02
6.457224e-01 1.330552e-01 7.518902e-01 3.861434e+01 4.102442e-02 9.772333e-01 -2.081638e-01 -6.106582e+01 -7.624694e-01 1.652619e-01 6.255629e-01 4.060515e+02
6.221100e-01 1.310774e-01 7.718795e-01 3.905307e+01 4.754665e-02 9.777410e-01 -2.043570e-01 -6.118690e+01 -7.814848e-01 1.638328e-01 6.020302e-01 4.063783e+02
5.967546e-01 1.330835e-01 7.913108e-01 3.951326e+01 5.018373e-02 9.780305e-01 -2.023315e-01 -6.130285e+01 -8.008530e-01 1.604531e-01 5.769655e-01 4.067027e+02
5.698973e-01 1.396576e-01 8.097609e-01 4.000010e+01 4.714825e-02 9.782702e-01 -2.019022e-01 -6.141895e+01 -8.203622e-01 1.532423e-01 5.509290e-01 4.070335e+02
5.436417e-01 1.451038e-01 8.266792e-01 4.050306e+01 4.411846e-02 9.786403e-01 -2.007902e-01 -6.155086e+01 -8.381570e-01 1.456297e-01 5.256280e-01 4.073599e+02
5.182577e-01 1.472738e-01 8.424485e-01 4.103665e+01 4.530604e-02 9.789501e-01 -1.990079e-01 -6.168584e+01 -8.540236e-01 1.413054e-01 5.006760e-01 4.076779e+02
4.645491e-01 1.496648e-01 8.728085e-01 4.216673e+01 5.717294e-02 9.784894e-01 -1.982165e-01 -6.194526e+01 -8.836998e-01 1.419823e-01 4.459996e-01 4.082654e+02
4.366933e-01 1.507134e-01 8.868960e-01 4.278749e+01 6.086138e-02 9.786585e-01 -1.962741e-01 -6.208020e+01 -8.975494e-01 1.396893e-01 4.182009e-01 4.085447e+02
4.102332e-01 1.504976e-01 8.994772e-01 4.343793e+01 6.629084e-02 9.787598e-01 -1.939969e-01 -6.222251e+01 -9.095681e-01 1.392111e-01 3.915432e-01 4.088141e+02
3.848991e-01 1.485950e-01 9.109183e-01 4.412306e+01 7.440531e-02 9.787467e-01 -1.910988e-01 -6.236597e+01 -9.199546e-01 1.413309e-01 3.656625e-01 4.090818e+02
3.612410e-01 1.449881e-01 9.211316e-01 4.482074e+01 8.267065e-02 9.789681e-01 -1.865128e-01 -6.250765e+01 -9.288006e-01 1.435266e-01 3.416572e-01 4.093224e+02
3.381111e-01 1.410043e-01 9.304830e-01 4.555990e+01 8.930229e-02 9.794436e-01 -1.808737e-01 -6.265153e+01 -9.368596e-01 1.442497e-01 3.185688e-01 4.095625e+02
3.178351e-01 1.378649e-01 9.380694e-01 4.628902e+01 9.794145e-02 9.793057e-01 -1.771096e-01 -6.279841e+01 -9.430739e-01 1.481675e-01 2.977550e-01 4.097803e+02
3.016127e-01 1.372650e-01 9.434978e-01 4.704560e+01 1.088691e-01 9.781512e-01 -1.771093e-01 -6.294750e+01 -9.471944e-01 1.561362e-01 2.800789e-01 4.099791e+02
2.864875e-01 1.392159e-01 9.479155e-01 4.781832e+01 1.141663e-01 9.773767e-01 -1.780471e-01 -6.310625e+01 -9.512576e-01 1.592283e-01 2.641124e-01 4.101855e+02
2.740662e-01 1.394992e-01 9.515397e-01 4.862814e+01 1.189643e-01 9.769071e-01 -1.774827e-01 -6.326053e+01 -9.543245e-01 1.618412e-01 2.511418e-01 4.104129e+02
2.657793e-01 1.367679e-01 9.542829e-01 4.937380e+01 1.264294e-01 9.763906e-01 -1.751484e-01 -6.342507e+01 -9.557076e-01 1.672002e-01 2.422129e-01 4.105954e+02
2.602141e-01 1.348035e-01 9.560945e-01 5.019823e+01 1.317573e-01 9.759861e-01 -1.734677e-01 -6.357608e+01 -9.565190e-01 1.711112e-01 2.362040e-01 4.107831e+02
2.568440e-01 1.331963e-01 9.572303e-01 5.106329e+01 1.354369e-01 9.757228e-01 -1.721099e-01 -6.374288e+01 -9.569159e-01 1.738497e-01 2.325689e-01 4.109733e+02
2.545614e-01 1.314175e-01 9.580856e-01 5.190699e+01 1.384539e-01 9.755642e-01 -1.706019e-01 -6.391055e+01 -9.570941e-01 1.760794e-01 2.301457e-01 4.111770e+02
2.532665e-01 1.307759e-01 9.585164e-01 5.279758e+01 1.414840e-01 9.751593e-01 -1.704306e-01 -6.407468e+01 -9.569944e-01 1.787791e-01 2.284725e-01 4.113814e+02
2.522802e-01 1.329091e-01 9.584831e-01 5.368544e+01 1.433836e-01 9.744534e-01 -1.728633e-01 -6.422969e+01 -9.569722e-01 1.810408e-01 2.267783e-01 4.115784e+02
2.512623e-01 1.345341e-01 9.585238e-01 5.459802e+01 1.439831e-01 9.740803e-01 -1.744605e-01 -6.439035e+01 -9.571500e-01 1.818465e-01 2.253790e-01 4.117941e+02
2.509501e-01 1.332952e-01 9.587786e-01 5.548487e+01 1.470474e-01 9.737295e-01 -1.738619e-01 -6.455573e+01 -9.567660e-01 1.846165e-01 2.247568e-01 4.120029e+02
2.512098e-01 1.322080e-01 9.588611e-01 5.640473e+01 1.504520e-01 9.732544e-01 -1.736091e-01 -6.473844e+01 -9.561683e-01 1.878749e-01 2.246001e-01 4.122181e+02
2.517703e-01 1.329510e-01 9.586114e-01 5.737065e+01 1.528450e-01 9.726254e-01 -1.750379e-01 -6.491226e+01 -9.556412e-01 1.905883e-01 2.245573e-01 4.124365e+02
2.531424e-01 1.311763e-01 9.584945e-01 5.834381e+01 1.546080e-01 9.725452e-01 -1.739318e-01 -6.508681e+01 -9.549949e-01 1.922205e-01 2.259115e-01 4.126613e+02
2.547685e-01 1.253993e-01 9.588368e-01 5.935305e+01 1.558768e-01 9.732634e-01 -1.687034e-01 -6.526300e+01 -9.543560e-01 1.924407e-01 2.284100e-01 4.128862e+02
2.563659e-01 1.207291e-01 9.590104e-01 6.035582e+01 1.564611e-01 9.739009e-01 -1.644294e-01 -6.544256e+01 -9.538325e-01 1.922019e-01 2.307855e-01 4.131238e+02
2.584811e-01 1.201808e-01 9.585114e-01 6.134715e+01 1.574963e-01 9.737122e-01 -1.645586e-01 -6.561611e+01 -9.530910e-01 1.934973e-01 2.327582e-01 4.133589e+02
2.600285e-01 1.211525e-01 9.579704e-01 6.233887e+01 1.575368e-01 9.734821e-01 -1.658755e-01 -6.579556e+01 -9.526633e-01 1.940480e-01 2.340471e-01 4.136131e+02
2.627201e-01 1.223871e-01 9.570787e-01 6.335759e+01 1.613011e-01 9.723931e-01 -1.686229e-01 -6.597774e+01 -9.512939e-01 1.986785e-01 2.357260e-01 4.138555e+02
2.659979e-01 1.245647e-01 9.558916e-01 6.437217e+01 1.642968e-01 9.712489e-01 -1.722852e-01 -6.616762e+01 -9.498693e-01 2.028774e-01 2.378846e-01 4.140941e+02
2.690245e-01 1.255539e-01 9.549147e-01 6.541043e+01 1.661747e-01 9.705472e-01 -1.744251e-01 -6.636014e+01 -9.486895e-01 2.056073e-01 2.402370e-01 4.143640e+02
2.729566e-01 1.235082e-01 9.540652e-01 6.642368e+01 1.674272e-01 9.704914e-01 -1.735353e-01 -6.654085e+01 -9.473452e-01 2.071041e-01 2.442234e-01 4.146041e+02
2.759656e-01 1.203136e-01 9.536077e-01 6.747973e+01 1.683038e-01 9.707575e-01 -1.711830e-01 -6.674564e+01 -9.463175e-01 2.077364e-01 2.476464e-01 4.148762e+02
2.771250e-01 1.199786e-01 9.533136e-01 6.851866e+01 1.660304e-01 9.712686e-01 -1.705028e-01 -6.694186e+01 -9.463803e-01 2.055296e-01 2.492427e-01 4.151435e+02
2.782590e-01 1.219174e-01 9.527372e-01 6.959328e+01 1.636165e-01 9.713980e-01 -1.720916e-01 -6.714179e+01 -9.464680e-01 2.037696e-01 2.503525e-01 4.154237e+02
2.784659e-01 1.236982e-01 9.524471e-01 7.064308e+01 1.629234e-01 9.712158e-01 -1.737695e-01 -6.734196e+01 -9.465267e-01 2.035648e-01 2.502971e-01 4.157069e+02
2.784983e-01 1.245972e-01 9.523205e-01 7.169773e+01 1.598889e-01 9.716983e-01 -1.738907e-01 -6.755350e+01 -9.470345e-01 2.006938e-01 2.506946e-01 4.159928e+02
2.778346e-01 1.283005e-01 9.520225e-01 7.379635e+01 1.584938e-01 9.713367e-01 -1.771576e-01 -6.796735e+01 -9.474638e-01 2.001102e-01 2.495361e-01 4.165342e+02
2.774931e-01 1.298777e-01 9.519083e-01 7.483607e+01 1.588164e-01 9.709870e-01 -1.787778e-01 -6.818022e+01 -9.475098e-01 2.007883e-01 2.488155e-01 4.168039e+02
2.770170e-01 1.295515e-01 9.520914e-01 7.591815e+01 1.587392e-01 9.710835e-01 -1.783220e-01 -6.839393e+01 -9.476621e-01 2.005325e-01 2.484418e-01 4.170907e+02
2.759522e-01 1.273544e-01 9.526968e-01 7.698092e+01 1.586728e-01 9.715478e-01 -1.758345e-01 -6.861104e+01 -9.479838e-01 1.996890e-01 2.478931e-01 4.173723e+02
2.750053e-01 1.260847e-01 9.531394e-01 7.807564e+01 1.563647e-01 9.722995e-01 -1.737346e-01 -6.883047e+01 -9.486423e-01 1.968153e-01 2.476723e-01 4.176584e+02
2.738254e-01 1.260703e-01 9.534810e-01 7.911622e+01 1.548903e-01 9.726509e-01 -1.730871e-01 -6.904489e+01 -9.492253e-01 1.950806e-01 2.468094e-01 4.179229e+02
2.728674e-01 1.266735e-01 9.536756e-01 8.021566e+01 1.518539e-01 9.731957e-01 -1.727150e-01 -6.925882e+01 -9.499915e-01 1.919476e-01 2.463176e-01 4.182105e+02
2.716174e-01 1.261678e-01 9.540994e-01 8.130413e+01 1.493577e-01 9.738324e-01 -1.712971e-01 -6.946138e+01 -9.507451e-01 1.890294e-01 2.456657e-01 4.185001e+02
2.711722e-01 1.249580e-01 9.543852e-01 8.241835e+01 1.496209e-01 9.740123e-01 -1.700400e-01 -6.967715e+01 -9.508308e-01 1.889061e-01 2.454288e-01 4.187933e+02
2.712550e-01 1.254273e-01 9.543001e-01 8.351266e+01 1.512709e-01 9.735961e-01 -1.709615e-01 -6.989963e+01 -9.505461e-01 1.907320e-01 2.451193e-01 4.190586e+02
2.714466e-01 1.282423e-01 9.538714e-01 8.459990e+01 1.545976e-01 9.724040e-01 -1.747283e-01 -7.011753e+01 -9.499560e-01 1.948957e-01 2.441298e-01 4.193410e+02
2.716739e-01 1.301856e-01 9.535434e-01 8.567971e+01 1.576623e-01 9.714015e-01 -1.775433e-01 -7.033284e+01 -9.493871e-01 1.985717e-01 2.433791e-01 4.196237e+02
2.721549e-01 1.296256e-01 9.534825e-01 8.678507e+01 1.599442e-01 9.710068e-01 -1.776614e-01 -7.055594e+01 -9.488675e-01 2.008555e-01 2.435314e-01 4.199016e+02
2.722235e-01 1.270220e-01 9.538133e-01 8.790453e+01 1.611050e-01 9.712400e-01 -1.753230e-01 -7.077588e+01 -9.486514e-01 2.013911e-01 2.439305e-01 4.201883e+02
2.713767e-01 1.230709e-01 9.545723e-01 8.895757e+01 1.620350e-01 9.717930e-01 -1.713563e-01 -7.099306e+01 -9.487357e-01 2.011763e-01 2.437801e-01 4.204790e+02
2.710120e-01 1.206651e-01 9.549830e-01 9.003120e+01 1.609171e-01 9.724709e-01 -1.685410e-01 -7.119498e+01 -9.490301e-01 1.993497e-01 2.441342e-01 4.207547e+02
2.718642e-01 1.199799e-01 9.548270e-01 9.116218e+01 1.626437e-01 9.721957e-01 -1.684713e-01 -7.141211e+01 -9.484919e-01 2.010979e-01 2.447913e-01 4.210224e+02
2.729037e-01 1.224661e-01 9.542146e-01 9.228292e+01 1.634906e-01 9.715332e-01 -1.714469e-01 -7.161895e+01 -9.480477e-01 2.027936e-01 2.451130e-01 4.212948e+02
2.735855e-01 1.258821e-01 9.535747e-01 9.332791e+01 1.644366e-01 9.706823e-01 -1.753182e-01 -7.183260e+01 -9.476875e-01 2.047671e-01 2.448650e-01 4.215735e+02
2.743248e-01 1.291950e-01 9.529190e-01 9.443673e+01 1.645476e-01 9.700130e-01 -1.788823e-01 -7.205198e+01 -9.474545e-01 2.058724e-01 2.448399e-01 4.218606e+02
2.744393e-01 1.313407e-01 9.525926e-01 9.557652e+01 1.615278e-01 9.702559e-01 -1.803117e-01 -7.227767e+01 -9.479409e-01 2.033548e-01 2.450611e-01 4.221609e+02
2.747014e-01 1.297403e-01 9.527364e-01 9.785291e+01 1.559450e-01 9.717251e-01 -1.772896e-01 -7.273804e+01 -9.487994e-01 1.972761e-01 2.467019e-01 4.227680e+02
2.746276e-01 1.322184e-01 9.524169e-01 9.898968e+01 1.536347e-01 9.717423e-01 -1.792015e-01 -7.297302e+01 -9.491976e-01 1.955380e-01 2.465539e-01 4.230768e+02
2.745266e-01 1.352533e-01 9.520198e-01 1.001203e+02 1.506304e-01 9.717865e-01 -1.814977e-01 -7.319765e+01 -9.497082e-01 1.932291e-01 2.464080e-01 4.233837e+02
2.745956e-01 1.349353e-01 9.520450e-01 1.012371e+02 1.487555e-01 9.722238e-01 -1.807004e-01 -7.343032e+01 -9.499837e-01 1.912415e-01 2.468960e-01 4.236856e+02
2.749555e-01 1.341181e-01 9.520566e-01 1.023812e+02 1.472134e-01 9.726738e-01 -1.795380e-01 -7.367071e+01 -9.501198e-01 1.895204e-01 2.476980e-01 4.239936e+02
2.755217e-01 1.337764e-01 9.519410e-01 1.034980e+02 1.474121e-01 9.726773e-01 -1.793561e-01 -7.390047e+01 -9.499250e-01 1.897442e-01 2.482735e-01 4.242907e+02
2.760649e-01 1.324163e-01 9.519738e-01 1.046580e+02 1.467299e-01 9.730481e-01 -1.778982e-01 -7.413511e+01 -9.498729e-01 1.887944e-01 2.491950e-01 4.245948e+02
2.764082e-01 1.288850e-01 9.523587e-01 1.057751e+02 1.483338e-01 9.733699e-01 -1.747802e-01 -7.436468e+01 -9.495239e-01 1.895777e-01 2.499294e-01 4.248842e+02
2.762761e-01 1.272653e-01 9.526148e-01 1.069327e+02 1.477977e-01 9.737771e-01 -1.729566e-01 -7.459965e+01 -9.496459e-01 1.885781e-01 2.502218e-01 4.251938e+02
2.761862e-01 1.278277e-01 9.525656e-01 1.080482e+02 1.477847e-01 9.736807e-01 -1.735098e-01 -7.483048e+01 -9.496741e-01 1.886957e-01 2.500262e-01 4.254884e+02
2.760045e-01 1.284548e-01 9.525339e-01 1.091619e+02 1.473203e-01 9.736650e-01 -1.739917e-01 -7.505373e+01 -9.497990e-01 1.883501e-01 2.498119e-01 4.257907e+02
2.757139e-01 1.296954e-01 9.524500e-01 1.103031e+02 1.476438e-01 9.733839e-01 -1.752857e-01 -7.528155e+01 -9.498332e-01 1.889520e-01 2.492267e-01 4.260915e+02
2.756059e-01 1.312341e-01 9.522704e-01 1.114305e+02 1.475862e-01 9.731149e-01 -1.768211e-01 -7.550276e+01 -9.498735e-01 1.892749e-01 2.488278e-01 4.263840e+02
2.759978e-01 1.311909e-01 9.521629e-01 1.126015e+02 1.493431e-01 9.727565e-01 -1.773176e-01 -7.573924e+01 -9.494851e-01 1.911382e-01 2.488861e-01 4.266850e+02
2.766829e-01 1.292831e-01 9.522250e-01 1.137379e+02 1.513424e-01 9.726804e-01 -1.760351e-01 -7.596959e+01 -9.489690e-01 1.928179e-01 2.495580e-01 4.269745e+02
2.767021e-01 1.290023e-01 9.522575e-01 1.148787e+02 1.526711e-01 9.724607e-01 -1.761016e-01 -7.619888e+01 -9.487505e-01 1.941099e-01 2.493870e-01 4.272740e+02
2.765162e-01 1.288885e-01 9.523269e-01 1.160563e+02 1.531206e-01 9.723967e-01 -1.760646e-01 -7.642732e+01 -9.487322e-01 1.945056e-01 2.491480e-01 4.275950e+02
2.761679e-01 1.290224e-01 9.524098e-01 1.171769e+02 1.509226e-01 9.728329e-01 -1.755518e-01 -7.665948e+01 -9.491858e-01 1.922220e-01 2.491928e-01 4.278867e+02
2.756942e-01 1.293754e-01 9.524992e-01 1.183130e+02 1.505011e-01 9.728708e-01 -1.757039e-01 -7.688469e+01 -9.493904e-01 1.917927e-01 2.487437e-01 4.281930e+02
2.749837e-01 1.312527e-01 9.524477e-01 1.194183e+02 1.476725e-01 9.731173e-01 -1.767360e-01 -7.710987e+01 -9.500404e-01 1.892499e-01 2.482090e-01 4.284927e+02
2.736243e-01 1.343335e-01 9.524097e-01 1.205773e+02 1.451987e-01 9.730823e-01 -1.789644e-01 -7.733717e+01 -9.508139e-01 1.872577e-01 2.467539e-01 4.288068e+02
2.724259e-01 1.363727e-01 9.524634e-01 1.217112e+02 1.441078e-01 9.729562e-01 -1.805249e-01 -7.757544e+01 -9.513238e-01 1.864371e-01 2.454061e-01 4.291085e+02
2.712885e-01 1.375506e-01 9.526187e-01 1.228287e+02 1.424354e-01 9.731009e-01 -1.810711e-01 -7.781085e+01 -9.519006e-01 1.848092e-01 2.443990e-01 4.294023e+02
2.708260e-01 1.351874e-01 9.530885e-01 1.239454e+02 1.432749e-01 9.734011e-01 -1.787810e-01 -7.804032e+01 -9.519063e-01 1.849722e-01 2.442534e-01 4.296828e+02
2.697449e-01 1.339875e-01 9.535644e-01 1.250485e+02 1.430523e-01 9.737075e-01 -1.772845e-01 -7.826865e+01 -9.522467e-01 1.842312e-01 2.434855e-01 4.299677e+02
2.684780e-01 1.343046e-01 9.538773e-01 1.261459e+02 1.411394e-01 9.740617e-01 -1.768716e-01 -7.849190e+01 -9.528899e-01 1.821158e-01 2.425585e-01 4.302579e+02
2.682581e-01 1.353679e-01 9.537888e-01 1.272236e+02 1.428916e-01 9.735348e-01 -1.783594e-01 -7.871629e+01 -9.526907e-01 1.841348e-01 2.418157e-01 4.305216e+02
2.684921e-01 1.382257e-01 9.533130e-01 1.283326e+02 1.425895e-01 9.730458e-01 -1.812459e-01 -7.893786e+01 -9.526701e-01 1.845955e-01 2.415456e-01 4.308147e+02
2.695230e-01 1.381215e-01 9.530371e-01 1.294333e+02 1.440463e-01 9.727438e-01 -1.817145e-01 -7.915903e+01 -9.521596e-01 1.862578e-01 2.422810e-01 4.310991e+02
2.712774e-01 1.350308e-01 9.529823e-01 1.304615e+02 1.447154e-01 9.731328e-01 -1.790809e-01 -7.938205e+01 -9.515598e-01 1.864918e-01 2.444479e-01 4.313443e+02
2.725136e-01 1.321234e-01 9.530371e-01 1.315626e+02 1.454858e-01 9.734789e-01 -1.765578e-01 -7.960657e+01 -9.510890e-01 1.867678e-01 2.460642e-01 4.316271e+02
2.731333e-01 1.322888e-01 9.528367e-01 1.326271e+02 1.453233e-01 9.734576e-01 -1.768090e-01 -7.982263e+01 -9.509360e-01 1.867618e-01 2.466591e-01 4.319052e+02
2.745715e-01 1.335829e-01 9.522427e-01 1.337381e+02 1.449194e-01 9.732431e-01 -1.783152e-01 -8.004112e+01 -9.505834e-01 1.869587e-01 2.478660e-01 4.321709e+02
2.755068e-01 1.355732e-01 9.516911e-01 1.348287e+02 1.459457e-01 9.726299e-01 -1.808062e-01 -8.026833e+01 -9.501557e-01 1.887085e-01 2.481799e-01 4.324537e+02
2.761823e-01 1.372526e-01 9.512545e-01 1.358653e+02 1.463018e-01 9.722125e-01 -1.827530e-01 -8.048755e+01 -9.499048e-01 1.896434e-01 2.484276e-01 4.327317e+02
2.765142e-01 1.371368e-01 9.511747e-01 1.369319e+02 1.479894e-01 9.718834e-01 -1.831443e-01 -8.072112e+01 -9.495467e-01 1.914058e-01 2.484448e-01 4.330181e+02
2.778092e-01 1.363991e-01 9.509034e-01 1.379819e+02 1.503151e-01 9.715029e-01 -1.832689e-01 -8.094169e+01 -9.488031e-01 1.938490e-01 2.493896e-01 4.332861e+02
2.784641e-01 1.352163e-01 9.508808e-01 1.390380e+02 1.507001e-01 9.716258e-01 -1.822986e-01 -8.116679e+01 -9.485501e-01 1.940615e-01 2.501858e-01 4.335718e+02
2.790060e-01 1.325543e-01 9.510967e-01 1.401185e+02 1.513674e-01 9.719750e-01 -1.798681e-01 -8.138667e+01 -9.482845e-01 1.941494e-01 2.511225e-01 4.338592e+02
2.789372e-01 1.311834e-01 9.513070e-01 1.411925e+02 1.509209e-01 9.723270e-01 -1.783342e-01 -8.160771e+01 -9.483759e-01 1.933161e-01 2.514198e-01 4.341523e+02
2.792410e-01 1.307979e-01 9.512709e-01 1.422538e+02 1.512325e-01 9.723240e-01 -1.780862e-01 -8.182417e+01 -9.482369e-01 1.935921e-01 2.517319e-01 4.344341e+02
2.799298e-01 1.317982e-01 9.509304e-01 1.433286e+02 1.520066e-01 9.719509e-01 -1.794586e-01 -8.204841e+01 -9.479100e-01 1.947835e-01 2.520438e-01 4.347141e+02
2.799790e-01 1.346917e-01 9.505103e-01 1.443942e+02 1.518763e-01 9.714252e-01 -1.823915e-01 -8.225977e+01 -9.479163e-01 1.954258e-01 2.515222e-01 4.350062e+02
2.808245e-01 1.362865e-01 9.500335e-01 1.454798e+02 1.534786e-01 9.707510e-01 -1.846260e-01 -8.247732e+01 -9.474080e-01 1.976573e-01 2.516937e-01 4.352951e+02
2.814242e-01 1.357864e-01 9.499276e-01 1.465311e+02 1.548364e-01 9.705395e-01 -1.846044e-01 -8.270317e+01 -9.470090e-01 1.990355e-01 2.521086e-01 4.355680e+02
2.820259e-01 1.350362e-01 9.498561e-01 1.475887e+02 1.562190e-01 9.703689e-01 -1.843361e-01 -8.291585e+01 -9.466029e-01 2.003731e-01 2.525740e-01 4.358421e+02
2.814778e-01 1.371974e-01 9.497090e-01 1.486282e+02 1.540787e-01 9.704212e-01 -1.858559e-01 -8.314302e+01 -9.471167e-01 1.986443e-01 2.520128e-01 4.361251e+02
2.806633e-01 1.403061e-01 9.494958e-01 1.497050e+02 1.533550e-01 9.699936e-01 -1.886655e-01 -8.337875e+01 -9.474758e-01 1.985615e-01 2.507250e-01 4.364144e+02
2.788772e-01 1.416208e-01 9.498269e-01 1.507935e+02 1.514006e-01 9.702135e-01 -1.891129e-01 -8.361545e+01 -9.483171e-01 1.965437e-01 2.491290e-01 4.367115e+02
2.775256e-01 1.401386e-01 9.504424e-01 1.518700e+02 1.486260e-01 9.711310e-01 -1.865873e-01 -8.384799e+01 -9.491522e-01 1.930432e-01 2.486854e-01 4.369950e+02
2.753671e-01 1.394596e-01 9.511698e-01 1.529611e+02 1.463792e-01 9.718020e-01 -1.848620e-01 -8.407932e+01 -9.501295e-01 1.901364e-01 2.471883e-01 4.372867e+02
2.735513e-01 1.399336e-01 9.516240e-01 1.540448e+02 1.443534e-01 9.721829e-01 -1.844521e-01 -8.430421e+01 -9.509636e-01 1.878273e-01 2.457420e-01 4.375725e+02
2.715517e-01 1.408079e-01 9.520676e-01 1.551032e+02 1.418192e-01 9.725860e-01 -1.842926e-01 -8.453056e+01 -9.519175e-01 1.850665e-01 2.441381e-01 4.378502e+02
2.688041e-01 1.429317e-01 9.525308e-01 1.561859e+02 1.397380e-01 9.726789e-01 -1.853891e-01 -8.476262e+01 -9.530045e-01 1.829381e-01 2.414870e-01 4.381458e+02
2.672483e-01 1.447963e-01 9.526869e-01 1.572617e+02 1.374416e-01 9.728109e-01 -1.864101e-01 -8.498749e+01 -9.537757e-01 1.807566e-01 2.400810e-01 4.384211e+02
2.657971e-01 1.453633e-01 9.530065e-01 1.583256e+02 1.378069e-01 9.726845e-01 -1.867997e-01 -8.521826e+01 -9.541285e-01 1.809817e-01 2.385047e-01 4.386940e+02
2.654936e-01 1.449566e-01 9.531531e-01 1.594328e+02 1.382166e-01 9.726976e-01 -1.864282e-01 -8.545076e+01 -9.541537e-01 1.812371e-01 2.382096e-01 4.389670e+02
2.645823e-01 1.446463e-01 9.534535e-01 1.605401e+02 1.374441e-01 9.729382e-01 -1.857428e-01 -8.568898e+01 -9.545184e-01 1.801908e-01 2.375415e-01 4.392538e+02
2.647406e-01 1.430123e-01 9.536561e-01 1.616130e+02 1.384941e-01 9.730509e-01 -1.843675e-01 -8.592004e+01 -9.543227e-01 1.808853e-01 2.377997e-01 4.395286e+02
2.651260e-01 1.423564e-01 9.536471e-01 1.626985e+02 1.397288e-01 9.729286e-01 -1.840811e-01 -8.614269e+01 -9.540357e-01 1.820567e-01 2.380574e-01 4.398004e+02
2.657863e-01 1.426583e-01 9.534182e-01 1.638125e+02 1.401274e-01 9.727696e-01 -1.846174e-01 -8.636850e+01 -9.537935e-01 1.826688e-01 2.385585e-01 4.400684e+02
2.656404e-01 1.431784e-01 9.533809e-01 1.649425e+02 1.402111e-01 9.726582e-01 -1.851404e-01 -8.659726e+01 -9.538218e-01 1.828553e-01 2.383021e-01 4.403454e+02
2.655672e-01 1.419770e-01 9.535809e-01 1.660753e+02 1.394366e-01 9.730412e-01 -1.837068e-01 -8.682900e+01 -9.539557e-01 1.817506e-01 2.386111e-01 4.406271e+02
2.658527e-01 1.395310e-01 9.538624e-01 1.671461e+02 1.394513e-01 9.734961e-01 -1.812698e-01 -8.706676e+01 -9.538740e-01 1.812084e-01 2.393488e-01 4.409019e+02
2.655279e-01 1.403743e-01 9.538291e-01 1.682692e+02 1.385063e-01 9.735264e-01 -1.818307e-01 -8.729601e+01 -9.541022e-01 1.803924e-01 2.390557e-01 4.411811e+02
2.651428e-01 1.427549e-01 9.535829e-01 1.693228e+02 1.380396e-01 9.731719e-01 -1.840693e-01 -8.753527e+01 -9.542769e-01 1.804368e-01 2.383236e-01 4.414681e+02
2.648150e-01 1.454652e-01 9.532643e-01 1.704084e+02 1.372064e-01 9.728146e-01 -1.865642e-01 -8.776832e+01 -9.544880e-01 1.801990e-01 2.376571e-01 4.417493e+02
2.648308e-01 1.468615e-01 9.530458e-01 1.714684e+02 1.365865e-01 9.726567e-01 -1.878380e-01 -8.799317e+01 -9.545725e-01 1.799185e-01 2.375302e-01 4.420180e+02
2.645275e-01 1.470559e-01 9.531001e-01 1.725565e+02 1.349258e-01 9.729411e-01 -1.875651e-01 -8.822065e+01 -9.548928e-01 1.782140e-01 2.375280e-01 4.422899e+02
2.645394e-01 1.452968e-01 9.533665e-01 1.736799e+02 1.341244e-01 9.734340e-01 -1.855719e-01 -8.845725e+01 -9.550024e-01 1.769608e-01 2.380238e-01 4.425626e+02
2.651869e-01 1.447457e-01 9.532705e-01 1.747674e+02 1.329554e-01 9.737337e-01 -1.848392e-01 -8.868879e+01 -9.549863e-01 1.757594e-01 2.389767e-01 4.428347e+02
2.657014e-01 1.466963e-01 9.528289e-01 1.758614e+02 1.305878e-01 9.737690e-01 -1.863353e-01 -8.891617e+01 -9.551699e-01 1.739374e-01 2.395750e-01 4.431137e+02
2.669705e-01 1.481744e-01 9.522453e-01 1.769505e+02 1.294901e-01 9.736330e-01 -1.878062e-01 -8.914897e+01 -9.549655e-01 1.734450e-01 2.407441e-01 4.433839e+02
2.677853e-01 1.491581e-01 9.518628e-01 1.780143e+02 1.269023e-01 9.738766e-01 -1.883089e-01 -8.937294e+01 -9.550847e-01 1.712199e-01 2.418613e-01 4.436578e+02
2.687557e-01 1.490356e-01 9.516085e-01 1.790870e+02 1.257702e-01 9.740689e-01 -1.880736e-01 -8.960702e+01 -9.549619e-01 1.702298e-01 2.430424e-01 4.439393e+02
2.703980e-01 1.490657e-01 9.511384e-01 1.801355e+02 1.257413e-01 9.740101e-01 -1.883971e-01 -8.983014e+01 -9.545020e-01 1.705395e-01 2.446267e-01 4.441982e+02
2.716991e-01 1.489203e-01 9.507904e-01 1.812050e+02 1.264476e-01 9.738661e-01 -1.886684e-01 -9.006101e+01 -9.540391e-01 1.714862e-01 2.457679e-01 4.444707e+02
2.729274e-01 1.481488e-01 9.505591e-01 1.822715e+02 1.278076e-01 9.737296e-01 -1.884565e-01 -9.029135e+01 -9.535071e-01 1.729236e-01 2.468229e-01 4.447563e+02
2.742388e-01 1.467121e-01 9.504045e-01 1.833498e+02 1.283130e-01 9.738748e-01 -1.873598e-01 -9.051736e+01 -9.530629e-01 1.733306e-01 2.482491e-01 4.450475e+02
2.762928e-01 1.445128e-01 9.501465e-01 1.844170e+02 1.304278e-01 9.738460e-01 -1.860445e-01 -9.074818e+01 -9.521821e-01 1.753283e-01 2.502182e-01 4.453173e+02
2.779068e-01 1.439133e-01 9.497667e-01 1.854678e+02 1.329776e-01 9.734314e-01 -1.864091e-01 -9.097442e+01 -9.513594e-01 1.781020e-01 2.513859e-01 4.455942e+02
2.788953e-01 1.453053e-01 9.492649e-01 1.865035e+02 1.327751e-01 9.731584e-01 -1.879722e-01 -9.119637e+01 -9.510984e-01 1.784633e-01 2.521164e-01 4.458780e+02
2.800031e-01 1.460814e-01 9.488195e-01 1.875842e+02 1.331728e-01 9.728880e-01 -1.890872e-01 -9.141881e+01 -9.507172e-01 1.793020e-01 2.529576e-01 4.461696e+02
2.812416e-01 1.458803e-01 9.484841e-01 1.886232e+02 1.351648e-01 9.725030e-01 -1.896532e-01 -9.164562e+01 -9.500703e-01 1.815400e-01 2.537904e-01 4.464512e+02
2.832148e-01 1.465028e-01 9.478008e-01 1.896827e+02 1.395792e-01 9.714449e-01 -1.918655e-01 -9.188272e+01 -9.488451e-01 1.866325e-01 2.546789e-01 4.467249e+02
2.844755e-01 1.473071e-01 9.472984e-01 1.907621e+02 1.414460e-01 9.708610e-01 -1.934476e-01 -9.211426e+01 -9.481913e-01 1.890227e-01 2.553502e-01 4.470121e+02
2.847152e-01 1.461999e-01 9.473979e-01 1.917960e+02 1.413882e-01 9.710882e-01 -1.923462e-01 -9.234466e+01 -9.481280e-01 1.887148e-01 2.558126e-01 4.473115e+02
2.848935e-01 1.465527e-01 9.472898e-01 1.928537e+02 1.394021e-01 9.714027e-01 -1.922078e-01 -9.257302e+01 -9.483684e-01 1.868130e-01 2.563166e-01 4.476073e+02
2.838441e-01 1.493643e-01 9.471657e-01 1.950071e+02 1.342499e-01 9.718733e-01 -1.934923e-01 -9.302865e+01 -9.494259e-01 1.820785e-01 2.558083e-01 4.481800e+02
2.830712e-01 1.515445e-01 9.470507e-01 1.960586e+02 1.330519e-01 9.716854e-01 -1.952554e-01 -9.326443e+01 -9.498252e-01 1.812781e-01 2.548929e-01 4.484642e+02
2.817509e-01 1.520690e-01 9.473603e-01 1.971540e+02 1.317059e-01 9.718848e-01 -1.951758e-01 -9.349886e+01 -9.504052e-01 1.797639e-01 2.538010e-01 4.487673e+02
2.817472e-01 1.494642e-01 9.477758e-01 1.981895e+02 1.334159e-01 9.720939e-01 -1.929600e-01 -9.372796e+01 -9.501677e-01 1.808143e-01 2.539439e-01 4.490477e+02
2.810615e-01 1.496423e-01 9.479513e-01 1.992493e+02 1.334140e-01 9.720846e-01 -1.930083e-01 -9.395629e+01 -9.503711e-01 1.807172e-01 2.532511e-01 4.493247e+02
2.797832e-01 1.517492e-01 9.479945e-01 2.003027e+02 1.328287e-01 9.718145e-01 -1.947641e-01 -9.419361e+01 -9.508301e-01 1.804126e-01 2.517407e-01 4.496107e+02
2.775267e-01 1.543884e-01 9.482316e-01 2.013635e+02 1.303981e-01 9.718159e-01 -1.963930e-01 -9.443557e+01 -9.518273e-01 1.781519e-01 2.495729e-01 4.499050e+02
2.755938e-01 1.553722e-01 9.486346e-01 2.035701e+02 1.270887e-01 9.722993e-01 -1.961694e-01 -9.489507e+01 -9.528360e-01 1.746239e-01 2.482136e-01 4.504502e+02
2.739366e-01 1.512610e-01 9.497783e-01 2.045517e+02 1.303366e-01 9.726051e-01 -1.924883e-01 -9.514998e+01 -9.528752e-01 1.765205e-01 2.467173e-01 4.507493e+02
2.729751e-01 1.503064e-01 9.502066e-01 2.055929e+02 1.314476e-01 9.726279e-01 -1.916154e-01 -9.538502e+01 -9.529985e-01 1.772086e-01 2.457458e-01 4.510288e+02
2.715766e-01 1.512562e-01 9.504566e-01 2.066358e+02 1.319546e-01 9.723942e-01 -1.924511e-01 -9.560593e+01 -9.533279e-01 1.776824e-01 2.441205e-01 4.513001e+02
2.685898e-01 1.506020e-01 9.514087e-01 2.086992e+02 1.316615e-01 9.726925e-01 -1.911402e-01 -9.604227e+01 -9.542142e-01 1.766022e-01 2.414268e-01 4.518241e+02
2.676397e-01 1.499374e-01 9.517814e-01 2.097335e+02 1.323638e-01 9.727310e-01 -1.904582e-01 -9.626945e+01 -9.543840e-01 1.769555e-01 2.404952e-01 4.520852e+02
2.658985e-01 1.523781e-01 9.518818e-01 2.117763e+02 1.363085e-01 9.715642e-01 -1.936052e-01 -9.673677e+01 -9.543154e-01 1.812289e-01 2.375671e-01 4.526197e+02
2.655989e-01 1.535088e-01 9.517837e-01 2.127900e+02 1.392146e-01 9.707881e-01 -1.954223e-01 -9.697030e+01 -9.539793e-01 1.844061e-01 2.364696e-01 4.528798e+02
2.658404e-01 1.543086e-01 9.515870e-01 2.138603e+02 1.400348e-01 9.704547e-01 -1.964890e-01 -9.720209e+01 -9.537920e-01 1.854900e-01 2.363775e-01 4.531336e+02
2.656598e-01 1.534248e-01 9.517803e-01 2.148930e+02 1.387183e-01 9.708987e-01 -1.952255e-01 -9.742814e+01 -9.540347e-01 1.838929e-01 2.366459e-01 4.533962e+02
2.655227e-01 1.522502e-01 9.520071e-01 2.159404e+02 1.386187e-01 9.711634e-01 -1.939757e-01 -9.766621e+01 -9.540873e-01 1.834709e-01 2.367613e-01 4.536531e+02
2.650522e-01 1.527848e-01 9.520526e-01 2.170069e+02 1.364802e-01 9.714815e-01 -1.938990e-01 -9.789330e+01 -9.545263e-01 1.813297e-01 2.366412e-01 4.539166e+02
2.631278e-01 1.536179e-01 9.524523e-01 2.179819e+02 1.335848e-01 9.719307e-01 -1.936642e-01 -9.812200e+01 -9.554679e-01 1.781916e-01 2.352210e-01 4.541845e+02
2.623542e-01 1.544259e-01 9.525350e-01 2.189976e+02 1.318719e-01 9.721134e-01 -1.939211e-01 -9.835652e+01 -9.559184e-01 1.764886e-01 2.346736e-01 4.544428e+02
2.629676e-01 1.556961e-01 9.521590e-01 2.200108e+02 1.321932e-01 9.717711e-01 -1.954122e-01 -9.857660e+01 -9.557055e-01 1.772560e-01 2.349624e-01 4.546818e+02
2.602361e-01 1.586925e-01 9.524148e-01 2.220737e+02 1.298332e-01 9.716916e-01 -1.973799e-01 -9.904828e+01 -9.567761e-01 1.750204e-01 2.322656e-01 4.552351e+02
2.609423e-01 1.565063e-01 9.525833e-01 2.230838e+02 1.308892e-01 9.719222e-01 -1.955383e-01 -9.927671e+01 -9.564398e-01 1.757071e-01 2.331307e-01 4.554629e+02
2.605736e-01 1.552309e-01 9.528929e-01 2.240874e+02 1.287438e-01 9.725876e-01 -1.936449e-01 -9.951717e+01 -9.568315e-01 1.731378e-01 2.334456e-01 4.557044e+02
2.608926e-01 1.535912e-01 9.530712e-01 2.251341e+02 1.280790e-01 9.730276e-01 -1.918674e-01 -9.974502e+01 -9.568338e-01 1.721252e-01 2.341839e-01 4.559631e+02
2.603904e-01 1.513623e-01 9.535650e-01 2.261456e+02 1.282509e-01 9.734606e-01 -1.895420e-01 -9.996943e+01 -9.569475e-01 1.716505e-01 2.340674e-01 4.562211e+02
2.602255e-01 1.525420e-01 9.534221e-01 2.271635e+02 1.274030e-01 9.733832e-01 -1.905089e-01 -1.001916e+02 -9.571056e-01 1.710441e-01 2.338648e-01 4.564791e+02
2.606414e-01 1.553199e-01 9.528598e-01 2.281599e+02 1.295376e-01 9.724230e-01 -1.939420e-01 -1.004203e+02 -9.567058e-01 1.739805e-01 2.333339e-01 4.567203e+02
2.610094e-01 1.571502e-01 9.524589e-01 2.291780e+02 1.306387e-01 9.718333e-01 -1.961468e-01 -1.006498e+02 -9.564558e-01 1.756242e-01 2.331277e-01 4.569668e+02
2.611683e-01 1.563315e-01 9.525500e-01 2.301936e+02 1.327178e-01 9.716118e-01 -1.958482e-01 -1.008673e+02 -9.561261e-01 1.775697e-01 2.330062e-01 4.572179e+02
2.616874e-01 1.541105e-01 9.527695e-01 2.311913e+02 1.346939e-01 9.716779e-01 -1.941639e-01 -1.010985e+02 -9.557077e-01 1.791425e-01 2.335181e-01 4.574614e+02
2.621055e-01 1.523040e-01 9.529450e-01 2.321961e+02 1.373247e-01 9.715325e-01 -1.930456e-01 -1.013154e+02 -9.552186e-01 1.814612e-01 2.337289e-01 4.577061e+02
2.620391e-01 1.508096e-01 9.532009e-01 2.331981e+02 1.374288e-01 9.718168e-01 -1.915347e-01 -1.015436e+02 -9.552219e-01 1.811868e-01 2.339284e-01 4.579571e+02
2.621474e-01 1.506643e-01 9.531941e-01 2.341912e+02 1.390154e-01 9.715395e-01 -1.917961e-01 -1.017624e+02 -9.549625e-01 1.827875e-01 2.337419e-01 4.581906e+02
2.625229e-01 1.526516e-01 9.527745e-01 2.351877e+02 1.398435e-01 9.709634e-01 -1.940976e-01 -1.019777e+02 -9.547385e-01 1.841944e-01 2.335528e-01 4.584343e+02
2.630895e-01 1.518251e-01 9.527502e-01 2.361835e+02 1.417172e-01 9.707459e-01 -1.938262e-01 -1.021988e+02 -9.543061e-01 1.860147e-01 2.338769e-01 4.586780e+02
2.641877e-01 1.498366e-01 9.527612e-01 2.370534e+02 1.439031e-01 9.706770e-01 -1.925565e-01 -1.023833e+02 -9.536754e-01 1.879764e-01 2.348790e-01 4.588424e+02
2.652176e-01 1.500675e-01 9.524387e-01 2.379218e+02 1.433193e-01 9.707043e-01 -1.928543e-01 -1.025842e+02 -9.534774e-01 1.876512e-01 2.359403e-01 4.589736e+02
2.658058e-01 1.511926e-01 9.520967e-01 2.388706e+02 1.429727e-01 9.705204e-01 -1.940333e-01 -1.027985e+02 -9.533657e-01 1.876990e-01 2.363536e-01 4.592004e+02
2.666110e-01 1.531194e-01 9.515635e-01 2.398314e+02 1.399474e-01 9.706857e-01 -1.954072e-01 -1.030185e+02 -9.535897e-01 1.852665e-01 2.373668e-01 4.594459e+02
2.688395e-01 1.548366e-01 9.506582e-01 2.408067e+02 1.394836e-01 9.703317e-01 -1.974858e-01 -1.032419e+02 -9.530318e-01 1.856932e-01 2.392664e-01 4.596969e+02
2.738652e-01 1.558794e-01 9.490519e-01 2.417881e+02 1.403743e-01 9.697327e-01 -1.997836e-01 -1.034677e+02 -9.514688e-01 1.879363e-01 2.436946e-01 4.599588e+02
2.816658e-01 1.541264e-01 9.470530e-01 2.427435e+02 1.411994e-01 9.696112e-01 -1.997922e-01 -1.036883e+02 -9.490664e-01 1.899980e-01 2.513438e-01 4.602004e+02
2.917712e-01 1.519342e-01 9.443440e-01 2.436874e+02 1.391045e-01 9.700662e-01 -1.990513e-01 -1.039094e+02 -9.463189e-01 1.894400e-01 2.619027e-01 4.604608e+02
3.040220e-01 1.506267e-01 9.406818e-01 2.446265e+02 1.376340e-01 9.701175e-01 -1.998224e-01 -1.041350e+02 -9.426704e-01 1.902202e-01 2.742056e-01 4.607294e+02
3.185175e-01 1.511680e-01 9.357857e-01 2.455365e+02 1.344694e-01 9.700129e-01 -2.024670e-01 -1.043619e+02 -9.383307e-01 1.903238e-01 2.886387e-01 4.610141e+02
3.340544e-01 1.515808e-01 9.302854e-01 2.464292e+02 1.311453e-01 9.699086e-01 -2.051297e-01 -1.045680e+02 -9.333855e-01 1.905271e-01 3.041232e-01 4.613103e+02
3.521511e-01 1.495464e-01 9.239185e-01 2.473094e+02 1.287334e-01 9.700309e-01 -2.060769e-01 -1.047968e+02 -9.270476e-01 1.915094e-01 3.223459e-01 4.616331e+02
3.715575e-01 1.480645e-01 9.165271e-01 2.481704e+02 1.242936e-01 9.703808e-01 -2.071527e-01 -1.050165e+02 -9.200522e-01 1.908876e-01 3.421488e-01 4.619440e+02
3.921198e-01 1.466534e-01 9.081491e-01 2.490320e+02 1.195398e-01 9.707169e-01 -2.083720e-01 -1.052408e+02 -9.121142e-01 1.902668e-01 3.631064e-01 4.622950e+02
4.128998e-01 1.456954e-01 8.990476e-01 2.499067e+02 1.127110e-01 9.713603e-01 -2.091781e-01 -1.054572e+02 -9.037754e-01 1.877021e-01 3.846529e-01 4.626622e+02
4.336463e-01 1.456238e-01 8.892382e-01 2.507222e+02 1.059309e-01 9.717730e-01 -2.107982e-01 -1.056762e+02 -8.948349e-01 1.856096e-01 4.059797e-01 4.630285e+02
4.770983e-01 1.489493e-01 8.661359e-01 2.522713e+02 9.237576e-02 9.715749e-01 -2.179655e-01 -1.060636e+02 -8.739817e-01 1.840009e-01 4.497774e-01 4.638090e+02
4.996649e-01 1.496932e-01 8.531864e-01 2.530543e+02 8.592031e-02 9.715326e-01 -2.207762e-01 -1.062581e+02 -8.619471e-01 1.836201e-01 4.725790e-01 4.642176e+02
5.212348e-01 1.494355e-01 8.402282e-01 2.538305e+02 7.825215e-02 9.720336e-01 -2.214208e-01 -1.064799e+02 -8.498182e-01 1.811619e-01 4.949641e-01 4.646816e+02
5.426290e-01 1.478067e-01 8.268657e-01 2.546118e+02 7.186426e-02 9.726176e-01 -2.210214e-01 -1.067154e+02 -8.368926e-01 1.793547e-01 5.171485e-01 4.651669e+02
5.631013e-01 1.473247e-01 8.131497e-01 2.553628e+02 6.548728e-02 9.729309e-01 -2.216231e-01 -1.069443e+02 -8.237890e-01 1.780472e-01 5.382108e-01 4.656616e+02
5.830795e-01 1.480400e-01 7.988131e-01 2.560643e+02 5.943720e-02 9.728490e-01 -2.236783e-01 -1.071474e+02 -8.102379e-01 1.779014e-01 5.584493e-01 4.661443e+02
6.022418e-01 1.501010e-01 7.840756e-01 2.568108e+02 5.191857e-02 9.727212e-01 -2.260929e-01 -1.073662e+02 -7.966237e-01 1.768707e-01 5.780203e-01 4.666712e+02
6.188691e-01 1.519706e-01 7.706530e-01 2.575010e+02 4.481513e-02 9.726766e-01 -2.277976e-01 -1.075906e+02 -7.842147e-01 1.755138e-01 5.951489e-01 4.672236e+02
6.333740e-01 1.534936e-01 7.584702e-01 2.581086e+02 3.808083e-02 9.727612e-01 -2.286603e-01 -1.077901e+02 -7.729083e-01 1.737107e-01 6.102764e-01 4.677667e+02
6.465876e-01 1.536960e-01 7.471961e-01 2.588150e+02 3.239052e-02 9.730780e-01 -2.281885e-01 -1.080307e+02 -7.621518e-01 1.717459e-01 6.242019e-01 4.683571e+02
6.587617e-01 1.525618e-01 7.367211e-01 2.595037e+02 2.703291e-02 9.737922e-01 -2.258272e-01 -1.082620e+02 -7.518659e-01 1.686820e-01 6.373728e-01 4.689550e+02
6.703104e-01 1.511227e-01 7.265301e-01 2.601922e+02 2.203470e-02 9.745593e-01 -2.230439e-01 -1.084844e+02 -7.417536e-01 1.655175e-01 6.499273e-01 4.695523e+02
6.807909e-01 1.511965e-01 7.167032e-01 2.608719e+02 1.710470e-02 9.749155e-01 -2.219169e-01 -1.087099e+02 -7.322781e-01 1.633380e-01 6.611274e-01 4.701900e+02
6.905235e-01 1.532901e-01 7.068801e-01 2.615346e+02 1.174266e-02 9.747805e-01 -2.228565e-01 -1.089297e+02 -7.232146e-01 1.621883e-01 6.713088e-01 4.707537e+02
6.969658e-01 1.575986e-01 6.995723e-01 2.622035e+02 4.747286e-03 9.745162e-01 -2.242671e-01 -1.091653e+02 -7.170886e-01 1.596276e-01 6.784563e-01 4.714266e+02
7.012603e-01 1.594702e-01 6.948404e-01 2.628711e+02 4.811505e-04 9.745541e-01 -2.241519e-01 -1.093889e+02 -7.129051e-01 1.575232e-01 6.833394e-01 4.720767e+02
7.023915e-01 1.618140e-01 6.931539e-01 2.635458e+02 -3.467023e-03 9.745832e-01 -2.239992e-01 -1.096283e+02 -7.117823e-01 1.549320e-01 6.851000e-01 4.727846e+02
7.025121e-01 1.639075e-01 6.925396e-01 2.642221e+02 -6.298703e-03 9.745104e-01 -2.242539e-01 -1.098567e+02 -7.116440e-01 1.531789e-01 6.856377e-01 4.734373e+02
7.021329e-01 1.642788e-01 6.928361e-01 2.648918e+02 -6.165538e-03 9.743879e-01 -2.247894e-01 -1.100891e+02 -7.120193e-01 1.535603e-01 6.851626e-01 4.741125e+02
7.010025e-01 1.637784e-01 6.940980e-01 2.655524e+02 -5.891046e-03 9.745694e-01 -2.240084e-01 -1.103197e+02 -7.131344e-01 1.529415e-01 6.841405e-01 4.747595e+02
6.980361e-01 1.666618e-01 6.963975e-01 2.661870e+02 -7.946120e-03 9.742802e-01 -2.251998e-01 -1.105537e+02 -7.160185e-01 1.516639e-01 6.814071e-01 4.753466e+02
6.929323e-01 1.694258e-01 7.008136e-01 2.668397e+02 -9.183745e-03 9.739938e-01 -2.263883e-01 -1.107846e+02 -7.209441e-01 1.504357e-01 6.764678e-01 4.759796e+02
6.856835e-01 1.719725e-01 7.072931e-01 2.674950e+02 -1.041658e-02 9.739090e-01 -2.266996e-01 -1.110122e+02 -7.278253e-01 1.480766e-01 6.695847e-01 4.766079e+02
6.765590e-01 1.724610e-01 7.159086e-01 2.681786e+02 -1.013467e-02 9.742774e-01 -2.251239e-01 -1.112426e+02 -7.363187e-01 1.450541e-01 6.609040e-01 4.772393e+02
6.654095e-01 1.735449e-01 7.260251e-01 2.688572e+02 -9.151330e-03 9.744234e-01 -2.245333e-01 -1.114697e+02 -7.464225e-01 1.427625e-01 6.499788e-01 4.778346e+02
6.518672e-01 1.743762e-01 7.380123e-01 2.695327e+02 -6.415984e-03 9.744366e-01 -2.245710e-01 -1.116913e+02 -7.583060e-01 1.416554e-01 6.363220e-01 4.784491e+02
6.371197e-01 1.746916e-01 7.507072e-01 2.702458e+02 -3.521110e-03 9.746265e-01 -2.238099e-01 -1.119244e+02 -7.707569e-01 1.399504e-01 6.215688e-01 4.790563e+02
6.218127e-01 1.761291e-01 7.631039e-01 2.709402e+02 -6.450381e-04 9.744981e-01 -2.243946e-01 -1.121703e+02 -7.831657e-01 1.390392e-01 6.060689e-01 4.796170e+02
6.058711e-01 1.800364e-01 7.749239e-01 2.716362e+02 3.660533e-03 9.734163e-01 -2.290137e-01 -1.124104e+02 -7.955544e-01 1.415895e-01 5.891058e-01 4.801449e+02
5.884564e-01 1.862447e-01 7.867859e-01 2.723564e+02 8.163371e-03 9.716896e-01 -2.361200e-01 -1.126641e+02 -8.084878e-01 1.453691e-01 5.702766e-01 4.806663e+02
5.694039e-01 1.917310e-01 7.993863e-01 2.730709e+02 1.356149e-02 9.700977e-01 -2.423357e-01 -1.128848e+02 -8.219460e-01 1.488278e-01 5.497773e-01 4.811578e+02
5.491051e-01 1.910291e-01 8.136286e-01 2.738364e+02 2.002238e-02 9.702409e-01 -2.413124e-01 -1.131180e+02 -8.355134e-01 1.487966e-01 5.289394e-01 4.816735e+02
5.286359e-01 1.829619e-01 8.288963e-01 2.746284e+02 2.881852e-02 9.720634e-01 -2.329424e-01 -1.133489e+02 -8.483593e-01 1.470293e-01 5.085949e-01 4.821538e+02
5.078583e-01 1.742251e-01 8.436383e-01 2.754306e+02 3.778408e-02 9.738866e-01 -2.238689e-01 -1.135871e+02 -8.606116e-01 1.455698e-01 4.880135e-01 4.826190e+02
4.868622e-01 1.722005e-01 8.563365e-01 2.762295e+02 4.614362e-02 9.739353e-01 -2.220829e-01 -1.138093e+02 -8.722591e-01 1.476382e-01 4.662263e-01 4.830316e+02
4.649621e-01 1.770370e-01 8.674492e-01 2.770111e+02 5.143747e-02 9.727456e-01 -2.260978e-01 -1.140272e+02 -8.838351e-01 1.497463e-01 4.431835e-01 4.834331e+02
4.435697e-01 1.813271e-01 8.777052e-01 2.778181e+02 5.837006e-02 9.713956e-01 -2.301815e-01 -1.142359e+02 -8.943371e-01 1.533333e-01 4.202976e-01 4.837977e+02
4.207090e-01 1.839331e-01 8.883538e-01 2.786282e+02 6.376332e-02 9.708137e-01 -2.312035e-01 -1.144590e+02 -9.049520e-01 1.539138e-01 3.967019e-01 4.841663e+02
3.980711e-01 1.837950e-01 8.987540e-01 2.794807e+02 7.130711e-02 9.705600e-01 -2.300623e-01 -1.146866e+02 -9.145790e-01 1.556687e-01 3.732460e-01 4.845238e+02
3.753040e-01 1.842143e-01 9.084118e-01 2.803354e+02 7.608526e-02 9.706218e-01 -2.282638e-01 -1.149136e+02 -9.237737e-01 1.547851e-01 3.502623e-01 4.848685e+02
3.534392e-01 1.841543e-01 9.171521e-01 2.812280e+02 8.385314e-02 9.702478e-01 -2.271295e-01 -1.151432e+02 -9.316917e-01 1.571825e-01 3.274817e-01 4.851932e+02
3.328270e-01 1.848035e-01 9.247020e-01 2.821068e+02 9.190836e-02 9.695826e-01 -2.268534e-01 -1.153775e+02 -9.384983e-01 1.604908e-01 3.057182e-01 4.854988e+02
3.148372e-01 1.859123e-01 9.307600e-01 2.829480e+02 1.014334e-01 9.684230e-01 -2.277459e-01 -1.155888e+02 -9.437101e-01 1.661130e-01 2.860379e-01 4.857447e+02
2.974849e-01 1.860451e-01 9.364240e-01 2.838090e+02 1.080306e-01 9.679707e-01 -2.266320e-01 -1.158109e+02 -9.485948e-01 1.685821e-01 2.678581e-01 4.859711e+02
2.809096e-01 1.844767e-01 9.418376e-01 2.846713e+02 1.141823e-01 9.679585e-01 -2.236486e-01 -1.160276e+02 -9.529177e-01 1.703662e-01 2.508449e-01 4.861991e+02
2.650545e-01 1.841561e-01 9.464844e-01 2.855729e+02 1.182668e-01 9.679721e-01 -2.214565e-01 -1.162519e+02 -9.569530e-01 1.706357e-01 2.347858e-01 4.864036e+02
2.499089e-01 1.855220e-01 9.503300e-01 2.864412e+02 1.218210e-01 9.676496e-01 -2.209385e-01 -1.164710e+02 -9.605755e-01 1.709846e-01 2.192237e-01 4.865961e+02
2.356970e-01 1.860736e-01 9.538467e-01 2.873499e+02 1.253384e-01 9.674813e-01 -2.197047e-01 -1.166827e+02 -9.637101e-01 1.713374e-01 2.047103e-01 4.867961e+02
2.230907e-01 1.857061e-01 9.569450e-01 2.882746e+02 1.286028e-01 9.674982e-01 -2.177350e-01 -1.169098e+02 -9.662773e-01 1.716405e-01 1.919576e-01 4.869706e+02
2.131376e-01 1.855284e-01 9.592453e-01 2.892042e+02 1.330952e-01 9.671391e-01 -2.166280e-01 -1.171332e+02 -9.679143e-01 1.738425e-01 1.814408e-01 4.871256e+02
2.053061e-01 1.850377e-01 9.610465e-01 2.901669e+02 1.369830e-01 9.668657e-01 -2.154215e-01 -1.173479e+02 -9.690640e-01 1.758744e-01 1.731564e-01 4.872910e+02
1.987995e-01 1.832990e-01 9.627462e-01 2.911338e+02 1.436407e-01 9.662956e-01 -2.136355e-01 -1.175611e+02 -9.694566e-01 1.807602e-01 1.657699e-01 4.874290e+02
1.925611e-01 1.808828e-01 9.644696e-01 2.920866e+02 1.462055e-01 9.666047e-01 -2.104739e-01 -1.177746e+02 -9.703320e-01 1.815398e-01 1.596844e-01 4.875791e+02
1.866084e-01 1.791978e-01 9.659531e-01 2.930731e+02 1.493517e-01 9.666217e-01 -2.081745e-01 -1.179967e+02 -9.710156e-01 1.831139e-01 1.536163e-01 4.877383e+02
1.814242e-01 1.759201e-01 9.675419e-01 2.940393e+02 1.507591e-01 9.672638e-01 -2.041385e-01 -1.182069e+02 -9.717803e-01 1.829014e-01 1.489635e-01 4.878885e+02
1.776141e-01 1.730175e-01 9.687715e-01 2.950272e+02 1.527858e-01 9.676389e-01 -2.008269e-01 -1.184248e+02 -9.721676e-01 1.836842e-01 1.454317e-01 4.880175e+02
1.748911e-01 1.716725e-01 9.695059e-01 2.960467e+02 1.552531e-01 9.675550e-01 -1.993335e-01 -1.186486e+02 -9.722703e-01 1.853804e-01 1.425641e-01 4.881612e+02
1.738365e-01 1.705489e-01 9.698938e-01 2.970592e+02 1.613287e-01 9.666510e-01 -1.988941e-01 -1.188599e+02 -9.714700e-01 1.910467e-01 1.405248e-01 4.882903e+02
1.724391e-01 1.698034e-01 9.702740e-01 2.980849e+02 1.656083e-01 9.660103e-01 -1.984895e-01 -1.190858e+02 -9.709988e-01 1.949127e-01 1.384570e-01 4.884360e+02
1.687765e-01 1.777791e-01 9.694891e-01 3.000545e+02 1.629978e-01 9.650227e-01 -2.053361e-01 -1.195308e+02 -9.720834e-01 1.926805e-01 1.338956e-01 4.886864e+02
1.649241e-01 1.827297e-01 9.692316e-01 3.010485e+02 1.565258e-01 9.653856e-01 -2.086390e-01 -1.197617e+02 -9.738068e-01 1.861194e-01 1.306134e-01 4.888266e+02
1.607388e-01 1.848554e-01 9.695316e-01 3.020034e+02 1.488048e-01 9.665376e-01 -2.089550e-01 -1.199898e+02 -9.757152e-01 1.778582e-01 1.278527e-01 4.889420e+02
1.558742e-01 1.857573e-01 9.701533e-01 3.030322e+02 1.394029e-01 9.681914e-01 -2.077795e-01 -1.202277e+02 -9.778906e-01 1.676297e-01 1.250209e-01 4.891003e+02
1.509314e-01 1.846324e-01 9.711491e-01 3.040623e+02 1.330061e-01 9.696776e-01 -2.050238e-01 -1.204677e+02 -9.795556e-01 1.601132e-01 1.217975e-01 4.892389e+02
1.456085e-01 1.863493e-01 9.716337e-01 3.051103e+02 1.299001e-01 9.699973e-01 -2.055022e-01 -1.206988e+02 -9.807773e-01 1.561382e-01 1.170331e-01 4.893964e+02
1.399320e-01 1.902970e-01 9.717027e-01 3.061274e+02 1.254757e-01 9.700387e-01 -2.080405e-01 -1.209389e+02 -9.821786e-01 1.510366e-01 1.118618e-01 4.894985e+02
1.335576e-01 1.933792e-01 9.719912e-01 3.070922e+02 1.216753e-01 9.701582e-01 -2.097335e-01 -1.211732e+02 -9.835433e-01 1.462788e-01 1.060425e-01 4.895948e+02
1.278190e-01 1.953160e-01 9.723754e-01 3.080599e+02 1.183352e-01 9.704105e-01 -2.104764e-01 -1.214081e+02 -9.847127e-01 1.419691e-01 1.009241e-01 4.897108e+02
1.214733e-01 1.931604e-01 9.736187e-01 3.090897e+02 1.176137e-01 9.711712e-01 -2.073489e-01 -1.216340e+02 -9.856020e-01 1.396983e-01 9.525304e-02 4.898526e+02
1.015362e-01 1.872788e-01 9.770451e-01 3.111783e+02 1.127724e-01 9.736235e-01 -1.983425e-01 -1.220852e+02 -9.884193e-01 1.303227e-01 7.773811e-02 4.901350e+02
8.686840e-02 1.888723e-01 9.781519e-01 3.122392e+02 1.133909e-01 9.736081e-01 -1.980650e-01 -1.223055e+02 -9.897456e-01 1.281191e-01 6.315939e-02 4.903066e+02
7.145663e-02 1.886899e-01 9.794336e-01 3.131653e+02 1.133308e-01 9.740489e-01 -1.959208e-01 -1.225031e+02 -9.909844e-01 1.249999e-01 4.821787e-02 4.903633e+02
5.229333e-02 1.870216e-01 9.809630e-01 3.140645e+02 1.134066e-01 9.748402e-01 -1.918997e-01 -1.227015e+02 -9.921715e-01 1.212828e-01 2.976815e-02 4.903791e+02
2.871055e-02 1.871922e-01 9.819037e-01 3.149526e+02 1.191046e-01 9.746698e-01 -1.892957e-01 -1.228901e+02 -9.924665e-01 1.223840e-01 5.687861e-03 4.903964e+02
-2.013626e-03 1.879795e-01 9.821709e-01 3.158335e+02 1.276696e-01 9.741838e-01 -1.861891e-01 -1.230801e+02 -9.918147e-01 1.250184e-01 -2.596091e-02 4.904452e+02
-3.495196e-02 1.871036e-01 9.817182e-01 3.166435e+02 1.372537e-01 9.739089e-01 -1.807286e-01 -1.232425e+02 -9.899191e-01 1.284277e-01 -5.972069e-02 4.903867e+02
-7.044885e-02 1.843925e-01 9.803246e-01 3.174019e+02 1.477871e-01 9.738501e-01 -1.725543e-01 -1.233950e+02 -9.865069e-01 1.327231e-01 -9.585746e-02 4.902733e+02
-1.093130e-01 1.801541e-01 9.775455e-01 3.181556e+02 1.605812e-01 9.737216e-01 -1.614926e-01 -1.235283e+02 -9.809507e-01 1.393222e-01 -1.353698e-01 4.901511e+02
-1.528861e-01 1.778021e-01 9.721174e-01 3.188663e+02 1.694940e-01 9.738236e-01 -1.514577e-01 -1.236560e+02 -9.736003e-01 1.416123e-01 -1.790205e-01 4.900331e+02
-1.948662e-01 1.785133e-01 9.644481e-01 3.195489e+02 1.802113e-01 9.730748e-01 -1.436984e-01 -1.237727e+02 -9.641323e-01 1.458025e-01 -2.217895e-01 4.898445e+02
-2.397191e-01 1.811619e-01 9.537899e-01 3.202172e+02 1.860561e-01 9.727982e-01 -1.380103e-01 -1.238799e+02 -9.528473e-01 1.443748e-01 -2.669046e-01 4.896571e+02
-2.859416e-01 1.861653e-01 9.399893e-01 3.208534e+02 1.890949e-01 9.726199e-01 -1.351058e-01 -1.239709e+02 -9.394043e-01 1.391148e-01 -3.133154e-01 4.894304e+02
-3.341234e-01 1.888370e-01 9.234187e-01 3.214586e+02 1.888075e-01 9.732755e-01 -1.307158e-01 -1.240637e+02 -9.234247e-01 1.306731e-01 -3.608480e-01 4.892009e+02
-3.816286e-01 1.915034e-01 9.042600e-01 3.220406e+02 1.940410e-01 9.731006e-01 -1.241905e-01 -1.241475e+02 -9.037188e-01 1.280688e-01 -4.085225e-01 4.889277e+02
-4.282798e-01 1.942398e-01 8.825233e-01 3.226055e+02 2.041960e-01 9.721664e-01 -1.148755e-01 -1.242319e+02 -8.802729e-01 1.310089e-01 -4.560223e-01 4.886166e+02
-4.743040e-01 1.963379e-01 8.581883e-01 3.231224e+02 2.123377e-01 9.715477e-01 -1.049176e-01 -1.243083e+02 -8.543702e-01 1.324629e-01 -5.024989e-01 4.882879e+02
-5.181257e-01 1.992921e-01 8.317622e-01 3.236343e+02 2.219079e-01 9.704969e-01 -9.430117e-02 -1.243629e+02 -8.260161e-01 1.357148e-01 -5.470639e-01 4.879098e+02
-5.595957e-01 2.008579e-01 8.040577e-01 3.241326e+02 2.322461e-01 9.693196e-01 -8.050619e-02 -1.244140e+02 -7.955592e-01 1.416883e-01 -5.890756e-01 4.875136e+02
-5.994555e-01 1.988847e-01 7.753051e-01 3.246034e+02 2.389069e-01 9.689418e-01 -6.383759e-02 -1.244603e+02 -7.639219e-01 1.469580e-01 -6.283524e-01 4.870937e+02
-6.375849e-01 1.981100e-01 7.444716e-01 3.250349e+02 2.458825e-01 9.681568e-01 -4.705427e-02 -1.244953e+02 -7.300872e-01 1.530515e-01 -6.659940e-01 4.866629e+02
-6.738262e-01 1.982008e-01 7.118108e-01 3.254506e+02 2.504545e-01 9.675883e-01 -3.233159e-02 -1.245214e+02 -6.951480e-01 1.564904e-01 -7.016267e-01 4.862045e+02
-7.088354e-01 1.995635e-01 6.765551e-01 3.258541e+02 2.531558e-01 9.672174e-01 -2.006566e-02 -1.245387e+02 -6.583802e-01 1.570506e-01 -7.361186e-01 4.857304e+02
-7.430167e-01 1.991899e-01 6.389441e-01 3.262516e+02 2.512391e-01 9.678777e-01 -9.573051e-03 -1.245527e+02 -6.203266e-01 1.534148e-01 -7.691936e-01 4.852346e+02
-7.739313e-01 2.008116e-01 6.005873e-01 3.266205e+02 2.511425e-01 9.679501e-01 -1.436226e-05 -1.245473e+02 -5.813414e-01 1.508219e-01 -7.995592e-01 4.847134e+02
-8.013807e-01 2.036038e-01 5.624362e-01 3.269599e+02 2.534095e-01 9.672976e-01 1.090267e-02 -1.245356e+02 -5.418234e-01 1.512639e-01 -8.267688e-01 4.841672e+02
-8.268863e-01 2.047809e-01 5.237593e-01 3.272786e+02 2.536357e-01 9.670420e-01 2.233131e-02 -1.245234e+02 -5.019243e-01 1.513095e-01 -8.515735e-01 4.836040e+02
-8.506474e-01 2.029829e-01 4.849711e-01 3.275761e+02 2.497413e-01 9.677501e-01 3.300216e-02 -1.245058e+02 -4.626319e-01 1.491905e-01 -8.739073e-01 4.830192e+02
-8.719535e-01 2.002385e-01 4.467680e-01 3.278507e+02 2.438525e-01 9.689170e-01 4.166278e-02 -1.244880e+02 -4.245386e-01 1.452735e-01 -8.936792e-01 4.824229e+02
-8.901190e-01 2.005979e-01 4.092049e-01 3.281165e+02 2.408762e-01 9.693290e-01 4.878516e-02 -1.244534e+02 -3.868679e-01 1.419923e-01 -9.111374e-01 4.818075e+02
-9.045180e-01 2.035816e-01 3.747021e-01 3.283504e+02 2.410206e-01 9.689389e-01 5.537552e-02 -1.244187e+02 -3.517901e-01 1.403991e-01 -9.254901e-01 4.811765e+02
-9.151519e-01 2.102622e-01 3.439284e-01 3.285630e+02 2.460665e-01 9.671728e-01 6.346755e-02 -1.243716e+02 -3.192933e-01 1.427117e-01 -9.368485e-01 4.805299e+02
-9.242077e-01 2.115863e-01 3.179172e-01 3.287683e+02 2.464893e-01 9.663611e-01 7.341093e-02 -1.243271e+02 -2.916900e-01 1.462101e-01 -9.452722e-01 4.798703e+02
-9.313790e-01 2.109313e-01 2.967172e-01 3.289594e+02 2.450716e-01 9.659829e-01 8.256518e-02 -1.242868e+02 -2.692082e-01 1.496164e-01 -9.513894e-01 4.792210e+02
-9.363486e-01 2.109561e-01 2.806221e-01 3.291380e+02 2.445284e-01 9.654424e-01 9.014926e-02 -1.242378e+02 -2.519069e-01 1.530312e-01 -9.555754e-01 4.785684e+02
-9.392693e-01 2.142782e-01 2.680634e-01 3.293098e+02 2.471450e-01 9.642947e-01 9.515806e-02 -1.241781e+02 -2.381018e-01 1.556296e-01 -9.586902e-01 4.779108e+02
-9.416019e-01 2.153646e-01 2.588513e-01 3.294749e+02 2.475404e-01 9.638547e-01 9.852882e-02 -1.241209e+02 -2.282754e-01 1.568511e-01 -9.608788e-01 4.772655e+02
-9.461575e-01 2.119938e-01 2.446314e-01 3.297995e+02 2.428747e-01 9.645175e-01 1.035270e-01 -1.240160e+02 -2.140042e-01 1.573677e-01 -9.640735e-01 4.759576e+02
-9.477219e-01 2.114415e-01 2.389889e-01 3.299630e+02 2.413457e-01 9.649177e-01 1.033731e-01 -1.239628e+02 -2.087473e-01 1.556479e-01 -9.655042e-01 4.753027e+02
-9.489846e-01 2.104243e-01 2.348399e-01 3.301132e+02 2.395340e-01 9.654190e-01 1.029059e-01 -1.239095e+02 -2.050650e-01 1.539083e-01 -9.665716e-01 4.746593e+02
-9.491398e-01 2.140311e-01 2.309206e-01 3.302558e+02 2.420503e-01 9.650535e-01 1.004157e-01 -1.238458e+02 -2.013586e-01 1.512030e-01 -9.677770e-01 4.740130e+02
-9.492091e-01 2.162521e-01 2.285545e-01 3.303985e+02 2.435490e-01 9.648688e-01 9.854991e-02 -1.237940e+02 -1.992135e-01 1.492087e-01 -9.685302e-01 4.733742e+02
-9.493286e-01 2.189247e-01 2.254931e-01 3.305458e+02 2.457988e-01 9.642917e-01 9.861301e-02 -1.237461e+02 -1.958523e-01 1.490421e-01 -9.692411e-01 4.727426e+02
-9.501868e-01 2.175151e-01 2.232315e-01 3.307022e+02 2.441215e-01 9.646631e-01 9.914503e-02 -1.236850e+02 -1.937777e-01 1.487019e-01 -9.697102e-01 4.720987e+02
-9.504151e-01 2.176487e-01 2.221263e-01 3.308688e+02 2.445666e-01 9.642980e-01 1.015708e-01 -1.236283e+02 -1.920892e-01 1.508591e-01 -9.697130e-01 4.714230e+02
-9.506390e-01 2.174428e-01 2.213688e-01 3.310263e+02 2.449296e-01 9.638295e-01 1.050820e-01 -1.235703e+02 -1.905125e-01 1.541149e-01 -9.695120e-01 4.707653e+02
-9.506251e-01 2.181090e-01 2.207721e-01 3.311597e+02 2.458715e-01 9.633856e-01 1.069363e-01 -1.235123e+02 -1.893649e-01 1.559379e-01 -9.694454e-01 4.701342e+02
-9.509709e-01 2.169756e-01 2.203995e-01 3.313069e+02 2.447728e-01 9.636023e-01 1.075028e-01 -1.234536e+02 -1.890520e-01 1.561799e-01 -9.694675e-01 4.695031e+02
-9.505387e-01 2.187510e-01 2.205089e-01 3.314608e+02 2.465556e-01 9.631671e-01 1.073287e-01 -1.233923e+02 -1.889086e-01 1.563878e-01 -9.694619e-01 4.688558e+02
-9.501584e-01 2.193181e-01 2.215819e-01 3.316178e+02 2.472365e-01 9.630320e-01 1.069742e-01 -1.233310e+02 -1.899291e-01 1.564256e-01 -9.692564e-01 4.682105e+02
-9.498783e-01 2.168858e-01 2.251481e-01 3.318956e+02 2.451935e-01 9.636434e-01 1.061673e-01 -1.232103e+02 -1.939363e-01 1.560509e-01 -9.685230e-01 4.670131e+02
-9.488597e-01 2.197771e-01 2.266345e-01 3.320375e+02 2.479308e-01 9.631810e-01 1.039841e-01 -1.231400e+02 -1.954367e-01 1.548560e-01 -9.684132e-01 4.663742e+02
-9.477016e-01 2.229761e-01 2.283490e-01 3.321567e+02 2.512585e-01 9.624238e-01 1.030026e-01 -1.230835e+02 -1.968014e-01 1.549903e-01 -9.681153e-01 4.657996e+02
-9.470380e-01 2.259124e-01 2.282159e-01 3.322950e+02 2.535878e-01 9.621403e-01 9.989607e-02 -1.230223e+02 -1.970080e-01 1.524782e-01 -9.684721e-01 4.651976e+02
-9.470110e-01 2.261689e-01 2.280742e-01 3.324411e+02 2.535444e-01 9.622944e-01 9.851284e-02 -1.229684e+02 -1.971940e-01 1.511197e-01 -9.686472e-01 4.645797e+02
-9.469229e-01 2.253537e-01 2.292440e-01 3.325797e+02 2.531410e-01 9.622801e-01 9.968278e-02 -1.229187e+02 -1.981331e-01 1.524230e-01 -9.682513e-01 4.639747e+02
-9.465381e-01 2.263597e-01 2.298410e-01 3.327319e+02 2.543267e-01 9.619331e-01 1.000129e-01 -1.228520e+02 -1.984528e-01 1.531207e-01 -9.680757e-01 4.633420e+02
-9.459944e-01 2.278719e-01 2.305839e-01 3.328789e+02 2.562154e-01 9.613135e-01 1.011434e-01 -1.228072e+02 -1.986156e-01 1.547603e-01 -9.677815e-01 4.627299e+02
-9.459254e-01 2.275417e-01 2.311925e-01 3.330201e+02 2.558920e-01 9.614439e-01 1.007222e-01 -1.227569e+02 -1.993601e-01 1.544360e-01 -9.676803e-01 4.621142e+02
-9.460934e-01 2.268473e-01 2.311874e-01 3.331727e+02 2.549327e-01 9.618263e-01 9.949670e-02 -1.227133e+02 -1.997916e-01 1.530704e-01 -9.678082e-01 4.615015e+02
-9.458207e-01 2.280332e-01 2.311367e-01 3.333119e+02 2.555146e-01 9.619754e-01 9.651730e-02 -1.226508e+02 -2.003386e-01 1.503468e-01 -9.681220e-01 4.608872e+02
-9.447322e-01 2.322712e-01 2.313680e-01 3.334641e+02 2.588842e-01 9.615364e-01 9.179747e-02 -1.225983e+02 -2.011469e-01 1.466216e-01 -9.685257e-01 4.602757e+02
-9.433934e-01 2.369567e-01 2.320784e-01 3.336138e+02 2.631999e-01 9.606189e-01 8.909047e-02 -1.225370e+02 -2.018284e-01 1.451304e-01 -9.686085e-01 4.596500e+02
-9.428201e-01 2.365425e-01 2.348145e-01 3.337640e+02 2.633258e-01 9.605275e-01 8.970157e-02 -1.224820e+02 -2.043276e-01 1.464052e-01 -9.678924e-01 4.590218e+02
-9.423689e-01 2.347528e-01 2.383946e-01 3.339232e+02 2.621585e-01 9.608018e-01 9.018248e-02 -1.224367e+02 -2.078794e-01 1.474823e-01 -9.669721e-01 4.584261e+02
-9.403268e-01 2.347400e-01 2.463383e-01 3.342394e+02 2.645521e-01 9.596417e-01 9.539379e-02 -1.223263e+02 -2.140038e-01 1.548707e-01 -9.644778e-01 4.571480e+02
-9.390585e-01 2.352932e-01 2.506116e-01 3.343983e+02 2.655957e-01 9.594518e-01 9.439865e-02 -1.222700e+02 -2.182384e-01 1.552072e-01 -9.634743e-01 4.565127e+02
-9.387855e-01 2.326739e-01 2.540565e-01 3.345727e+02 2.631395e-01 9.602750e-01 9.289513e-02 -1.222241e+02 -2.223498e-01 1.540609e-01 -9.627179e-01 4.558954e+02
-9.382703e-01 2.308754e-01 2.575760e-01 3.347413e+02 2.611749e-01 9.610949e-01 8.991315e-02 -1.221709e+02 -2.267963e-01 1.516352e-01 -9.620656e-01 4.552676e+02
-9.371098e-01 2.304627e-01 2.621301e-01 3.349133e+02 2.608482e-01 9.614293e-01 8.724581e-02 -1.221191e+02 -2.319127e-01 1.501351e-01 -9.610806e-01 4.546390e+02
-9.357507e-01 2.314665e-01 2.660713e-01 3.350942e+02 2.621521e-01 9.612072e-01 8.577274e-02 -1.220756e+02 -2.358961e-01 1.500130e-01 -9.601297e-01 4.540177e+02
-9.347811e-01 2.303593e-01 2.704049e-01 3.352642e+02 2.614258e-01 9.615064e-01 8.462850e-02 -1.220483e+02 -2.405010e-01 1.497999e-01 -9.590199e-01 4.533950e+02
-9.329384e-01 2.333852e-01 2.741482e-01 3.354697e+02 2.641401e-01 9.611037e-01 8.068299e-02 -1.219841e+02 -2.446546e-01 1.476858e-01 -9.582969e-01 4.527072e+02
-9.316359e-01 2.338682e-01 2.781371e-01 3.356533e+02 2.644419e-01 9.612843e-01 7.747886e-02 -1.219446e+02 -2.492490e-01 1.457332e-01 -9.574115e-01 4.520873e+02
-9.302807e-01 2.352417e-01 2.814947e-01 3.358415e+02 2.655939e-01 9.612049e-01 7.446458e-02 -1.219030e+02 -2.530569e-01 1.440362e-01 -9.566691e-01 4.514568e+02
-9.298384e-01 2.327007e-01 2.850455e-01 3.360397e+02 2.633597e-01 9.618656e-01 7.386585e-02 -1.218611e+02 -2.569868e-01 1.437528e-01 -9.556636e-01 4.508124e+02
-9.302603e-01 2.292205e-01 2.864851e-01 3.362193e+02 2.605027e-01 9.624940e-01 7.578741e-02 -1.218291e+02 -2.583682e-01 1.451322e-01 -9.550825e-01 4.501932e+02
-9.314104e-01 2.281909e-01 2.835551e-01 3.364329e+02 2.589704e-01 9.629100e-01 7.575396e-02 -1.217808e+02 -2.557517e-01 1.439904e-01 -9.559591e-01 4.495152e+02
-9.326985e-01 2.281965e-01 2.792845e-01 3.366240e+02 2.577418e-01 9.634083e-01 7.357736e-02 -1.217368e+02 -2.522749e-01 1.406088e-01 -9.573853e-01 4.488496e+02
-9.341313e-01 2.278127e-01 2.747729e-01 3.368094e+02 2.568329e-01 9.636013e-01 7.422507e-02 -1.216888e+02 -2.478622e-01 1.399067e-01 -9.586399e-01 4.481705e+02
-9.363519e-01 2.261540e-01 2.685136e-01 3.369967e+02 2.545210e-01 9.641125e-01 7.553924e-02 -1.216448e+02 -2.417939e-01 1.390737e-01 -9.603095e-01 4.474998e+02
-9.385371e-01 2.257082e-01 2.611589e-01 3.371811e+02 2.534452e-01 9.642432e-01 7.746281e-02 -1.215968e+02 -2.343367e-01 1.388912e-01 -9.621827e-01 4.468167e+02
-9.410918e-01 2.250185e-01 2.524141e-01 3.373576e+02 2.517756e-01 9.645697e-01 7.883056e-02 -1.215472e+02 -2.257327e-01 1.377385e-01 -9.644028e-01 4.461188e+02
-9.435243e-01 2.244671e-01 2.436727e-01 3.375049e+02 2.494082e-01 9.653765e-01 7.644483e-02 -1.214782e+02 -2.180765e-01 1.329015e-01 -9.668401e-01 4.453606e+02
-9.455576e-01 2.247273e-01 2.354115e-01 3.376707e+02 2.482632e-01 9.657659e-01 7.524336e-02 -1.214194e+02 -2.104431e-01 1.295909e-01 -9.689788e-01 4.446441e+02
-9.475796e-01 2.237522e-01 2.280961e-01 3.378466e+02 2.465298e-01 9.661158e-01 7.644197e-02 -1.213714e+02 -2.032632e-01 1.286673e-01 -9.706332e-01 4.438996e+02
-9.488847e-01 2.240148e-01 2.223405e-01 3.380133e+02 2.466581e-01 9.658312e-01 7.956085e-02 -1.213141e+02 -1.969205e-01 1.303361e-01 -9.717174e-01 4.431428e+02
-9.504406e-01 2.225787e-01 2.170748e-01 3.381676e+02 2.449703e-01 9.660542e-01 8.202999e-02 -1.212546e+02 -1.914479e-01 1.311415e-01 -9.727022e-01 4.423659e+02
-9.519065e-01 2.214179e-01 2.117737e-01 3.383302e+02 2.434217e-01 9.662877e-01 8.386909e-02 -1.211860e+02 -1.860642e-01 1.313858e-01 -9.737134e-01 4.415461e+02
-9.531760e-01 2.210795e-01 2.063479e-01 3.384918e+02 2.426360e-01 9.663454e-01 8.546566e-02 -1.211184e+02 -1.805086e-01 1.315312e-01 -9.747390e-01 4.407642e+02
-9.542782e-01 2.213784e-01 2.008600e-01 3.386456e+02 2.425373e-01 9.661982e-01 8.738763e-02 -1.210418e+02 -1.747248e-01 1.321082e-01 -9.757144e-01 4.399307e+02
-9.556144e-01 2.204722e-01 1.954307e-01 3.388054e+02 2.413534e-01 9.662444e-01 9.011303e-02 -1.209770e+02 -1.689664e-01 1.332812e-01 -9.765687e-01 4.391155e+02
-9.567513e-01 2.206400e-01 1.895918e-01 3.389426e+02 2.411309e-01 9.660684e-01 9.256198e-02 -1.209060e+02 -1.627358e-01 1.342752e-01 -9.774903e-01 4.382613e+02
-9.583562e-01 2.197327e-01 1.824030e-01 3.390959e+02 2.395296e-01 9.662824e-01 9.446578e-02 -1.208381e+02 -1.554956e-01 1.342228e-01 -9.786753e-01 4.374250e+02
-9.597042e-01 2.208002e-01 1.738249e-01 3.392490e+02 2.397738e-01 9.659943e-01 9.676545e-02 -1.207639e+02 -1.465480e-01 1.345449e-01 -9.800109e-01 4.365924e+02
-9.616852e-01 2.184042e-01 1.657141e-01 3.394023e+02 2.367196e-01 9.664119e-01 1.000597e-01 -1.206908e+02 -1.382946e-01 1.354537e-01 -9.810845e-01 4.357554e+02
-9.631251e-01 2.182004e-01 1.574126e-01 3.395392e+02 2.359502e-01 9.661381e-01 1.044250e-01 -1.206161e+02 -1.292967e-01 1.377159e-01 -9.819963e-01 4.349061e+02
-9.643474e-01 2.182860e-01 1.496173e-01 3.396661e+02 2.354526e-01 9.658088e-01 1.085144e-01 -1.205334e+02 -1.208146e-01 1.398734e-01 -9.827712e-01 4.340546e+02
-9.660195e-01 2.161673e-01 1.416969e-01 3.397699e+02 2.327027e-01 9.659867e-01 1.127796e-01 -1.204381e+02 -1.124981e-01 1.419206e-01 -9.834647e-01 4.331739e+02
-9.679159e-01 2.136385e-01 1.322774e-01 3.398838e+02 2.294100e-01 9.661116e-01 1.183190e-01 -1.203490e+02 -1.025172e-01 1.448686e-01 -9.841257e-01 4.323049e+02
-9.702361e-01 2.096576e-01 1.211842e-01 3.399720e+02 2.242463e-01 9.667633e-01 1.228098e-01 -1.202608e+02 -9.140848e-02 1.463296e-01 -9.850036e-01 4.314432e+02
-9.756941e-01 2.017649e-01 8.550938e-02 3.401083e+02 2.110422e-01 9.702395e-01 1.187283e-01 -1.200660e+02 -5.900937e-02 1.338886e-01 -9.892380e-01 4.297341e+02
-9.777319e-01 2.006801e-01 6.138342e-02 3.401761e+02 2.065702e-01 9.718968e-01 1.128953e-01 -1.199856e+02 -3.700252e-02 1.230613e-01 -9.917090e-01 4.288829e+02
-9.780637e-01 2.079848e-01 1.156264e-02 3.401818e+02 2.079805e-01 9.719291e-01 1.099908e-01 -1.198045e+02 1.163834e-02 1.099828e-01 -9.938654e-01 4.272142e+02
-9.779019e-01 2.086541e-01 -1.308950e-02 3.401362e+02 2.058141e-01 9.718077e-01 1.150229e-01 -1.197065e+02 3.672048e-02 1.097872e-01 -9.932766e-01 4.263904e+02
-9.769233e-01 2.102180e-01 -3.780542e-02 3.401155e+02 2.042818e-01 9.712788e-01 1.220099e-01 -1.195966e+02 6.236828e-02 1.114714e-01 -9.918086e-01 4.255381e+02
-9.757960e-01 2.098816e-01 -6.141567e-02 3.400503e+02 2.004715e-01 9.707364e-01 1.322196e-01 -1.194879e+02 8.736889e-02 1.167073e-01 -9.893160e-01 4.246426e+02
-9.744140e-01 2.080921e-01 -8.494110e-02 3.399502e+02 1.950922e-01 9.707273e-01 1.400983e-01 -1.193651e+02 1.116080e-01 1.199424e-01 -9.864874e-01 4.237886e+02
-9.720009e-01 2.077229e-01 -1.098432e-01 3.398557e+02 1.910426e-01 9.707713e-01 1.452783e-01 -1.192607e+02 1.368103e-01 1.202259e-01 -9.832745e-01 4.229519e+02
-9.693801e-01 2.052959e-01 -1.347433e-01 3.397284e+02 1.852752e-01 9.715727e-01 1.473755e-01 -1.191392e+02 1.611685e-01 1.178983e-01 -9.798595e-01 4.221046e+02
-9.661259e-01 2.020611e-01 -1.605368e-01 3.396100e+02 1.784328e-01 9.724309e-01 1.501331e-01 -1.190126e+02 1.864470e-01 1.164024e-01 -9.755450e-01 4.212521e+02
-9.614177e-01 2.041372e-01 -1.844017e-01 3.394611e+02 1.764786e-01 9.718954e-01 1.558031e-01 -1.189015e+02 2.110244e-01 1.172489e-01 -9.704233e-01 4.204303e+02
-9.560545e-01 2.086640e-01 -2.059590e-01 3.392800e+02 1.765807e-01 9.705860e-01 1.636522e-01 -1.187779e+02 2.340492e-01 1.200921e-01 -9.647792e-01 4.195806e+02
-9.513960e-01 2.104372e-01 -2.248595e-01 3.390928e+02 1.738009e-01 9.696305e-01 1.720755e-01 -1.186411e+02 2.542417e-01 1.246311e-01 -9.590768e-01 4.187496e+02
-9.473157e-01 2.119520e-01 -2.401443e-01 3.388862e+02 1.703329e-01 9.683013e-01 1.826997e-01 -1.185098e+02 2.712556e-01 1.321698e-01 -9.533895e-01 4.179110e+02
-9.433575e-01 2.156489e-01 -2.521352e-01 3.386527e+02 1.700638e-01 9.668201e-01 1.906229e-01 -1.183677e+02 2.848770e-01 1.369465e-01 -9.487311e-01 4.170957e+02
-9.394323e-01 2.186343e-01 -2.639432e-01 3.384160e+02 1.708696e-01 9.663461e-01 1.922987e-01 -1.182204e+02 2.971036e-01 1.355517e-01 -9.451747e-01 4.162766e+02
-9.366660e-01 2.163354e-01 -2.754194e-01 3.381903e+02 1.679605e-01 9.675501e-01 1.887754e-01 -1.180736e+02 3.073209e-01 1.305600e-01 -9.426070e-01 4.154742e+02
-9.339254e-01 2.164694e-01 -2.844719e-01 3.379399e+02 1.670678e-01 9.678546e-01 1.880046e-01 -1.179194e+02 3.160247e-01 1.280562e-01 -9.400691e-01 4.146785e+02
-9.319203e-01 2.161484e-01 -2.912121e-01 3.376857e+02 1.645044e-01 9.675640e-01 1.917245e-01 -1.177712e+02 3.232073e-01 1.307663e-01 -9.372498e-01 4.138891e+02
-9.293420e-01 2.166555e-01 -2.989712e-01 3.374244e+02 1.622166e-01 9.669910e-01 1.965047e-01 -1.176209e+02 3.316763e-01 1.341220e-01 -9.338105e-01 4.130928e+02
-9.262773e-01 2.167704e-01 -3.082547e-01 3.371601e+02 1.612878e-01 9.673317e-01 1.955904e-01 -1.174683e+02 3.405828e-01 1.314533e-01 -9.309798e-01 4.123107e+02
-9.234138e-01 2.150930e-01 -3.178708e-01 3.368856e+02 1.593790e-01 9.683201e-01 1.922355e-01 -1.173194e+02 3.491492e-01 1.268510e-01 -9.284415e-01 4.115261e+02
-9.208890e-01 2.106954e-01 -3.279801e-01 3.366131e+02 1.551112e-01 9.699270e-01 1.875692e-01 -1.171796e+02 3.576367e-01 1.218570e-01 -9.258763e-01 4.107536e+02
-9.170825e-01 1.952646e-01 -3.476080e-01 3.360502e+02 1.416895e-01 9.745640e-01 1.736347e-01 -1.168915e+02 3.726710e-01 1.099850e-01 -9.214226e-01 4.092382e+02
-9.144559e-01 1.913505e-01 -3.565885e-01 3.357536e+02 1.365111e-01 9.753597e-01 1.733151e-01 -1.167678e+02 3.809660e-01 1.098107e-01 -9.180450e-01 4.084797e+02
-9.114087e-01 1.924500e-01 -3.637268e-01 3.354423e+02 1.349668e-01 9.748068e-01 1.775830e-01 -1.166355e+02 3.887392e-01 1.127596e-01 -9.144217e-01 4.077136e+02
-9.087747e-01 1.925837e-01 -3.701893e-01 3.351331e+02 1.318382e-01 9.742026e-01 1.831612e-01 -1.165111e+02 3.959133e-01 1.176472e-01 -9.107205e-01 4.069524e+02
-9.071278e-01 1.905043e-01 -3.752697e-01 3.348315e+02 1.272397e-01 9.740991e-01 1.869254e-01 -1.163671e+02 4.011600e-01 1.218160e-01 -9.078720e-01 4.061984e+02
-9.056272e-01 1.935821e-01 -3.773133e-01 3.344880e+02 1.287970e-01 9.732607e-01 1.901970e-01 -1.162186e+02 4.040430e-01 1.236508e-01 -9.063442e-01 4.054648e+02
-9.036574e-01 2.000976e-01 -3.786348e-01 3.341429e+02 1.347893e-01 9.720886e-01 1.920302e-01 -1.160608e+02 4.064914e-01 1.224936e-01 -9.054060e-01 4.047040e+02
-9.029805e-01 2.039481e-01 -3.781950e-01 3.338053e+02 1.395517e-01 9.716606e-01 1.907903e-01 -1.159049e+02 4.063885e-01 1.195022e-01 -9.058519e-01 4.039525e+02
-9.034369e-01 2.036780e-01 -3.772492e-01 3.334796e+02 1.410602e-01 9.721670e-01 1.870650e-01 -1.157537e+02 4.048503e-01 1.157866e-01 -9.070224e-01 4.031821e+02
-9.049721e-01 2.025602e-01 -3.741588e-01 3.331525e+02 1.414564e-01 9.726163e-01 1.844117e-01 -1.156071e+02 4.012674e-01 1.139603e-01 -9.088440e-01 4.024256e+02
-9.063692e-01 2.058607e-01 -3.689393e-01 3.328069e+02 1.455779e-01 9.719548e-01 1.846914e-01 -1.154516e+02 3.966130e-01 1.136892e-01 -9.109187e-01 4.016582e+02
-9.079487e-01 2.107993e-01 -3.622055e-01 3.324893e+02 1.499872e-01 9.704870e-01 1.888356e-01 -1.152918e+02 3.913221e-01 1.171269e-01 -9.127696e-01 4.008795e+02
-9.099256e-01 2.162028e-01 -3.539657e-01 3.321829e+02 1.545787e-01 9.686852e-01 1.943050e-01 -1.151385e+02 3.848906e-01 1.220875e-01 -9.148518e-01 4.001026e+02
-9.123976e-01 2.198806e-01 -3.452291e-01 3.318772e+02 1.583301e-01 9.673921e-01 1.976970e-01 -1.149773e+02 3.774416e-01 1.257181e-01 -9.174600e-01 3.993105e+02
-9.148361e-01 2.221538e-01 -3.372277e-01 3.315882e+02 1.614923e-01 9.666626e-01 1.987049e-01 -1.148256e+02 3.701284e-01 1.273228e-01 -9.202140e-01 3.985254e+02
-9.184753e-01 2.279971e-01 -3.231414e-01 3.310127e+02 1.733500e-01 9.665124e-01 1.892185e-01 -1.145324e+02 3.554614e-01 1.177760e-01 -9.272411e-01 3.969635e+02
-9.204857e-01 2.286399e-01 -3.169066e-01 3.307446e+02 1.770505e-01 9.669666e-01 1.833812e-01 -1.143881e+02 3.483663e-01 1.126913e-01 -9.305598e-01 3.961834e+02
-9.228003e-01 2.293082e-01 -3.096083e-01 3.304796e+02 1.793864e-01 9.668994e-01 1.814555e-01 -1.142473e+02 3.409693e-01 1.119076e-01 -9.333899e-01 3.954065e+02
-9.249247e-01 2.318305e-01 -3.012789e-01 3.302229e+02 1.822824e-01 9.659388e-01 1.836721e-01 -1.141148e+02 3.335977e-01 1.149650e-01 -9.356792e-01 3.946167e+02
-9.269812e-01 2.330665e-01 -2.939146e-01 3.299745e+02 1.836216e-01 9.651921e-01 1.862453e-01 -1.139803e+02 3.270916e-01 1.186769e-01 -9.375110e-01 3.938275e+02
-9.285618e-01 2.348592e-01 -2.874267e-01 3.297279e+02 1.857268e-01 9.644403e-01 1.880439e-01 -1.138466e+02 3.213697e-01 1.212276e-01 -9.391621e-01 3.930513e+02
-9.304602e-01 2.318598e-01 -2.836985e-01 3.294982e+02 1.838270e-01 9.652123e-01 1.859378e-01 -1.137061e+02 3.169408e-01 1.208563e-01 -9.407137e-01 3.922526e+02
-9.319248e-01 2.283016e-01 -2.817703e-01 3.292745e+02 1.811733e-01 9.661592e-01 1.836100e-01 -1.135709e+02 3.141535e-01 1.200615e-01 -9.417499e-01 3.914522e+02
-9.330003e-01 2.258679e-01 -2.801682e-01 3.290416e+02 1.793223e-01 9.667665e-01 1.822254e-01 -1.134283e+02 3.120161e-01 1.197759e-01 -9.424965e-01 3.906561e+02
-9.326839e-01 2.279661e-01 -2.795214e-01 3.288141e+02 1.816813e-01 9.663829e-01 1.819228e-01 -1.132960e+02 3.115970e-01 1.188927e-01 -9.427470e-01 3.898724e+02
-9.327456e-01 2.287707e-01 -2.786568e-01 3.285516e+02 1.827950e-01 9.662683e-01 1.814152e-01 -1.131364e+02 3.107598e-01 1.182772e-01 -9.431007e-01 3.890524e+02
-9.343565e-01 2.218397e-01 -2.788638e-01 3.282986e+02 1.774340e-01 9.683050e-01 1.757915e-01 -1.129760e+02 3.090227e-01 1.147720e-01 -9.441040e-01 3.882607e+02
-9.356592e-01 2.153385e-01 -2.795911e-01 3.280683e+02 1.726259e-01 9.702762e-01 1.696007e-01 -1.128460e+02 3.078022e-01 1.104238e-01 -9.450209e-01 3.874714e+02
-9.358895e-01 2.136448e-01 -2.801190e-01 3.278231e+02 1.721546e-01 9.710752e-01 1.654565e-01 -1.126991e+02 3.073655e-01 1.066252e-01 -9.455990e-01 3.866802e+02
-9.362270e-01 2.118817e-01 -2.803303e-01 3.275738e+02 1.701138e-01 9.713368e-01 1.660305e-01 -1.125531e+02 3.074740e-01 1.077541e-01 -9.454358e-01 3.858819e+02
-9.363691e-01 2.101946e-01 -2.811246e-01 3.273735e+02 1.668274e-01 9.711419e-01 1.704468e-01 -1.124482e+02 3.088389e-01 1.127018e-01 -9.444135e-01 3.851427e+02
-9.373983e-01 2.060397e-01 -2.807705e-01 3.271425e+02 1.626614e-01 9.719012e-01 1.701451e-01 -1.123124e+02 3.079378e-01 1.138232e-01 -9.445732e-01 3.843494e+02
-9.379094e-01 2.056113e-01 -2.793741e-01 3.269110e+02 1.631337e-01 9.722199e-01 1.678567e-01 -1.121890e+02 3.061263e-01 1.118590e-01 -9.453963e-01 3.835747e+02
-9.385020e-01 2.060156e-01 -2.770768e-01 3.266736e+02 1.650146e-01 9.725306e-01 1.641781e-01 -1.120576e+02 3.032889e-01 1.083598e-01 -9.467175e-01 3.827751e+02
-9.398963e-01 2.052193e-01 -2.729103e-01 3.264442e+02 1.653868e-01 9.728401e-01 1.619546e-01 -1.119292e+02 2.987342e-01 1.070848e-01 -9.483094e-01 3.819972e+02
-9.417913e-01 2.033467e-01 -2.677299e-01 3.262411e+02 1.645113e-01 9.732312e-01 1.604903e-01 -1.118120e+02 2.931983e-01 1.071037e-01 -9.500335e-01 3.812196e+02
-9.435827e-01 2.027455e-01 -2.618128e-01 3.260121e+02 1.650331e-01 9.733878e-01 1.589978e-01 -1.116794e+02 2.870814e-01 1.068198e-01 -9.519316e-01 3.804228e+02
-9.451611e-01 2.024303e-01 -2.563054e-01 3.257854e+02 1.657274e-01 9.734789e-01 1.577124e-01 -1.115606e+02 2.814336e-01 1.065868e-01 -9.536427e-01 3.796309e+02
-9.467103e-01 2.018958e-01 -2.509537e-01 3.255769e+02 1.660251e-01 9.735565e-01 1.569188e-01 -1.114410e+02 2.759988e-01 1.068920e-01 -9.551957e-01 3.788364e+02
-9.479870e-01 2.024514e-01 -2.456301e-01 3.253731e+02 1.671452e-01 9.733279e-01 1.571473e-01 -1.113140e+02 2.708933e-01 1.079177e-01 -9.565409e-01 3.780347e+02
-9.489633e-01 2.039264e-01 -2.405881e-01 3.251605e+02 1.690485e-01 9.728858e-01 1.578476e-01 -1.111960e+02 2.662540e-01 1.091205e-01 -9.577064e-01 3.772237e+02
-9.495533e-01 2.038894e-01 -2.382806e-01 3.249698e+02 1.693435e-01 9.728715e-01 1.576190e-01 -1.110811e+02 2.639533e-01 1.093164e-01 -9.583207e-01 3.764199e+02
-9.500269e-01 2.031370e-01 -2.370323e-01 3.247623e+02 1.691091e-01 9.731421e-01 1.561937e-01 -1.109696e+02 2.623948e-01 1.083039e-01 -9.588635e-01 3.756448e+02
-9.503931e-01 2.018017e-01 -2.367046e-01 3.245643e+02 1.685018e-01 9.736687e-01 1.535458e-01 -1.108487e+02 2.614577e-01 1.060437e-01 -9.593720e-01 3.748229e+02
-9.506540e-01 2.004147e-01 -2.368354e-01 3.243657e+02 1.673807e-01 9.740435e-01 1.523907e-01 -1.107260e+02 2.612293e-01 1.052292e-01 -9.595239e-01 3.740064e+02
-9.507263e-01 2.006223e-01 -2.363687e-01 3.241572e+02 1.670809e-01 9.737678e-01 1.544677e-01 -1.105999e+02 2.611579e-01 1.073638e-01 -9.593068e-01 3.731870e+02
-9.504495e-01 2.033640e-01 -2.351359e-01 3.239513e+02 1.683054e-01 9.725297e-01 1.608083e-01 -1.104895e+02 2.613793e-01 1.132656e-01 -9.585676e-01 3.723883e+02
-9.503733e-01 2.042066e-01 -2.347131e-01 3.237575e+02 1.676474e-01 9.716743e-01 1.665637e-01 -1.103713e+02 2.620781e-01 1.189486e-01 -9.576880e-01 3.715777e+02
-9.501699e-01 2.055889e-01 -2.343295e-01 3.235554e+02 1.683094e-01 9.710543e-01 1.694857e-01 -1.102577e+02 2.623911e-01 1.216004e-01 -9.572692e-01 3.707626e+02
-9.501795e-01 2.044737e-01 -2.352646e-01 3.233674e+02 1.674429e-01 9.714538e-01 1.680488e-01 -1.101336e+02 2.629103e-01 1.202831e-01 -9.572931e-01 3.699456e+02
-9.501220e-01 2.036104e-01 -2.362434e-01 3.231703e+02 1.673256e-01 9.720286e-01 1.648104e-01 -1.100077e+02 2.631924e-01 1.170604e-01 -9.576151e-01 3.691349e+02
-9.502275e-01 2.019175e-01 -2.372698e-01 3.229747e+02 1.659215e-01 9.725487e-01 1.631537e-01 -1.098797e+02 2.637000e-01 1.156649e-01 -9.576450e-01 3.683366e+02
-9.503545e-01 1.998290e-01 -2.385262e-01 3.227727e+02 1.641387e-01 9.731594e-01 1.613052e-01 -1.097515e+02 2.643575e-01 1.141458e-01 -9.576460e-01 3.675307e+02
-9.501531e-01 1.986299e-01 -2.403233e-01 3.225736e+02 1.627983e-01 9.734484e-01 1.609193e-01 -1.096351e+02 2.659057e-01 1.137737e-01 -9.572616e-01 3.667212e+02
-9.495681e-01 1.998308e-01 -2.416361e-01 3.223675e+02 1.638790e-01 9.732727e-01 1.608849e-01 -1.095086e+02 2.673276e-01 1.131720e-01 -9.569368e-01 3.659129e+02
-9.490233e-01 2.000674e-01 -2.435730e-01 3.221672e+02 1.639791e-01 9.733098e-01 1.605578e-01 -1.093886e+02 2.691944e-01 1.124323e-01 -9.565006e-01 3.651055e+02
-9.485123e-01 1.986856e-01 -2.466747e-01 3.219637e+02 1.625512e-01 9.737594e-01 1.592791e-01 -1.092669e+02 2.718483e-01 1.109810e-01 -9.559193e-01 3.642974e+02
-9.469025e-01 1.958873e-01 -2.549584e-01 3.215347e+02 1.588213e-01 9.744488e-01 1.588251e-01 -1.090263e+02 2.795557e-01 1.098990e-01 -9.538191e-01 3.626792e+02
-9.439676e-01 1.963803e-01 -2.652544e-01 3.210905e+02 1.566656e-01 9.740116e-01 1.635767e-01 -1.087913e+02 2.904841e-01 1.128548e-01 -9.502014e-01 3.610741e+02
-9.429534e-01 1.942021e-01 -2.704152e-01 3.208662e+02 1.536201e-01 9.744083e-01 1.641015e-01 -1.086731e+02 2.953637e-01 1.131989e-01 -9.486550e-01 3.602850e+02
-9.417151e-01 1.935140e-01 -2.751816e-01 3.206354e+02 1.525421e-01 9.746948e-01 1.634045e-01 -1.085526e+02 2.998391e-01 1.119037e-01 -9.474039e-01 3.595116e+02
-9.404099e-01 1.934904e-01 -2.796261e-01 3.204021e+02 1.517108e-01 9.746863e-01 1.642268e-01 -1.084348e+02 3.043240e-01 1.120182e-01 -9.459592e-01 3.587344e+02
-9.388803e-01 1.940711e-01 -2.843240e-01 3.201738e+02 1.511900e-01 9.744836e-01 1.659017e-01 -1.083134e+02 3.092658e-01 1.127749e-01 -9.442651e-01 3.579643e+02
-9.374963e-01 1.957173e-01 -2.877421e-01 3.199350e+02 1.512450e-01 9.738359e-01 1.696132e-01 -1.081981e+02 3.134098e-01 1.154922e-01 -9.425688e-01 3.571940e+02
-9.364915e-01 1.975668e-01 -2.897431e-01 3.196968e+02 1.519352e-01 9.732160e-01 1.725292e-01 -1.080785e+02 3.160687e-01 1.175499e-01 -9.414258e-01 3.564281e+02
-9.355231e-01 1.994082e-01 -2.916041e-01 3.194644e+02 1.531574e-01 9.727868e-01 1.738638e-01 -1.079545e+02 3.183385e-01 1.179923e-01 -9.406054e-01 3.556645e+02
-9.349268e-01 2.001714e-01 -2.929902e-01 3.192242e+02 1.539071e-01 9.727401e-01 1.734625e-01 -1.078319e+02 3.197256e-01 1.170815e-01 -9.402486e-01 3.549081e+02
-9.341861e-01 2.007933e-01 -2.949211e-01 3.189942e+02 1.548683e-01 9.728799e-01 1.718151e-01 -1.077131e+02 3.214222e-01 1.148333e-01 -9.399474e-01 3.541594e+02
-9.338333e-01 2.015849e-01 -2.954976e-01 3.187560e+02 1.562195e-01 9.729717e-01 1.700635e-01 -1.075918e+02 3.217930e-01 1.126484e-01 -9.400849e-01 3.534174e+02
-9.339926e-01 2.009780e-01 -2.954077e-01 3.185171e+02 1.562420e-01 9.732952e-01 1.681812e-01 -1.074662e+02 3.213196e-01 1.109249e-01 -9.404517e-01 3.526708e+02
-9.342478e-01 1.997848e-01 -2.954100e-01 3.182808e+02 1.553262e-01 9.736071e-01 1.672211e-01 -1.073360e+02 3.210215e-01 1.103410e-01 -9.406222e-01 3.519015e+02
-9.345392e-01 1.982838e-01 -2.954997e-01 3.180566e+02 1.540058e-01 9.739448e-01 1.664743e-01 -1.072172e+02 3.208095e-01 1.100681e-01 -9.407265e-01 3.511530e+02
-9.348181e-01 1.974926e-01 -2.951471e-01 3.178226e+02 1.534318e-01 9.741394e-01 1.658647e-01 -1.071013e+02 3.202714e-01 1.097684e-01 -9.409448e-01 3.504128e+02
-9.352252e-01 1.946827e-01 -2.957237e-01 3.175823e+02 1.504066e-01 9.745978e-01 1.659430e-01 -1.069676e+02 3.205179e-01 1.107153e-01 -9.407499e-01 3.496649e+02
-9.348470e-01 1.940173e-01 -2.973521e-01 3.173371e+02 1.495948e-01 9.747632e-01 1.657047e-01 -1.068396e+02 3.219975e-01 1.104262e-01 -9.402785e-01 3.489077e+02
-9.343575e-01 1.933098e-01 -2.993450e-01 3.171041e+02 1.488021e-01 9.749778e-01 1.651553e-01 -1.067206e+02 3.237808e-01 1.097709e-01 -9.397427e-01 3.481593e+02
-9.339333e-01 1.934614e-01 -3.005682e-01 3.168529e+02 1.490319e-01 9.750505e-01 1.645178e-01 -1.065928e+02 3.248970e-01 1.088544e-01 -9.394640e-01 3.474043e+02
-9.333664e-01 1.940000e-01 -3.019787e-01 3.166246e+02 1.496627e-01 9.750695e-01 1.638306e-01 -1.064735e+02 3.262333e-01 1.077190e-01 -9.391317e-01 3.466483e+02
-9.330344e-01 1.936413e-01 -3.032324e-01 3.163989e+02 1.494182e-01 9.752419e-01 1.630260e-01 -1.063539e+02 3.272935e-01 1.068004e-01 -9.388678e-01 3.458814e+02
-9.332057e-01 1.909332e-01 -3.044201e-01 3.161439e+02 1.470029e-01 9.758741e-01 1.614309e-01 -1.062173e+02 3.278982e-01 1.058976e-01 -9.387590e-01 3.450915e+02
-9.327019e-01 1.916613e-01 -3.055048e-01 3.158961e+02 1.481051e-01 9.759276e-01 1.600944e-01 -1.061047e+02 3.288345e-01 1.040735e-01 -9.386355e-01 3.443196e+02
-9.322636e-01 1.915282e-01 -3.069228e-01 3.156362e+02 1.481209e-01 9.760737e-01 1.591864e-01 -1.059738e+02 3.300680e-01 1.029420e-01 -9.383273e-01 3.435243e+02
-9.321601e-01 1.902982e-01 -3.080002e-01 3.153501e+02 1.468103e-01 9.763185e-01 1.588992e-01 -1.058369e+02 3.309445e-01 1.029019e-01 -9.380229e-01 3.427100e+02
-9.314724e-01 1.903324e-01 -3.100529e-01 3.151245e+02 1.466548e-01 9.763622e-01 1.587743e-01 -1.057306e+02 3.329438e-01 1.024231e-01 -9.373675e-01 3.419234e+02
-9.311622e-01 1.906499e-01 -3.107886e-01 3.148416e+02 1.469414e-01 9.763364e-01 1.586677e-01 -1.055993e+02 3.336842e-01 1.020777e-01 -9.371419e-01 3.411109e+02
-9.305971e-01 1.918217e-01 -3.117587e-01 3.145675e+02 1.480002e-01 9.761493e-01 1.588347e-01 -1.054620e+02 3.347909e-01 1.016708e-01 -9.367914e-01 3.402840e+02
-9.302498e-01 1.923414e-01 -3.124743e-01 3.142794e+02 1.483523e-01 9.760451e-01 1.591466e-01 -1.053335e+02 3.355994e-01 1.016898e-01 -9.365000e-01 3.394533e+02
-9.300642e-01 1.908651e-01 -3.139284e-01 3.140008e+02 1.467964e-01 9.763524e-01 1.587034e-01 -1.052013e+02 3.367956e-01 1.015208e-01 -9.360888e-01 3.386018e+02
-9.301395e-01 1.898954e-01 -3.142932e-01 3.136977e+02 1.458986e-01 9.765599e-01 1.582542e-01 -1.050666e+02 3.369779e-01 1.013435e-01 -9.360424e-01 3.377431e+02
-9.299600e-01 1.906885e-01 -3.143442e-01 3.134292e+02 1.460394e-01 9.762284e-01 1.601580e-01 -1.049447e+02 3.374120e-01 1.030339e-01 -9.357014e-01 3.369075e+02
-9.299123e-01 1.927157e-01 -3.132470e-01 3.131573e+02 1.470344e-01 9.754986e-01 1.636562e-01 -1.048133e+02 3.371111e-01 1.061279e-01 -9.354640e-01 3.360588e+02
-9.304505e-01 1.934058e-01 -3.112170e-01 3.128635e+02 1.472794e-01 9.751223e-01 1.656661e-01 -1.046782e+02 3.355155e-01 1.083083e-01 -9.357877e-01 3.351982e+02
-9.311044e-01 1.927771e-01 -3.096477e-01 3.125944e+02 1.471870e-01 9.753147e-01 1.646125e-01 -1.045425e+02 3.337374e-01 1.076953e-01 -9.364940e-01 3.343382e+02
-9.318157e-01 1.928463e-01 -3.074570e-01 3.123140e+02 1.486302e-01 9.756192e-01 1.614813e-01 -1.044165e+02 3.311020e-01 1.047735e-01 -9.377601e-01 3.334735e+02
-9.328161e-01 1.926267e-01 -3.045475e-01 3.120427e+02 1.499175e-01 9.759738e-01 1.581138e-01 -1.042784e+02 3.276873e-01 1.018341e-01 -9.392821e-01 3.326086e+02
-9.339928e-01 1.929729e-01 -3.006975e-01 3.117702e+02 1.506260e-01 9.758220e-01 1.583769e-01 -1.041444e+02 3.239896e-01 1.026300e-01 -9.404774e-01 3.317441e+02
-9.351200e-01 1.939142e-01 -2.965601e-01 3.114996e+02 1.508278e-01 9.751860e-01 1.620594e-01 -1.040054e+02 3.206269e-01 1.068154e-01 -9.411636e-01 3.308642e+02
-9.360953e-01 1.954559e-01 -2.924424e-01 3.112273e+02 1.515758e-01 9.743971e-01 1.660577e-01 -1.038658e+02 3.174120e-01 1.111186e-01 -9.417549e-01 3.299771e+02
-9.368204e-01 1.972513e-01 -2.888936e-01 3.109543e+02 1.537772e-01 9.740000e-01 1.663628e-01 -1.037256e+02 3.141976e-01 1.114268e-01 -9.427958e-01 3.290804e+02
-9.381133e-01 1.954908e-01 -2.858789e-01 3.106888e+02 1.531129e-01 9.745129e-01 1.639542e-01 -1.035808e+02 3.106442e-01 1.100359e-01 -9.441357e-01 3.281922e+02
-9.385990e-01 1.957162e-01 -2.841252e-01 3.104279e+02 1.547447e-01 9.748589e-01 1.603252e-01 -1.034411e+02 3.083602e-01 1.065142e-01 -9.452876e-01 3.273061e+02
-9.393644e-01 1.955871e-01 -2.816739e-01 3.101578e+02 1.550971e-01 9.749040e-01 1.597092e-01 -1.033025e+02 3.058421e-01 1.063383e-01 -9.461251e-01 3.264023e+02
-9.400424e-01 1.949949e-01 -2.798165e-01 3.098966e+02 1.546265e-01 9.749413e-01 1.599377e-01 -1.031648e+02 3.039917e-01 1.070811e-01 -9.466376e-01 3.255070e+02
-9.406035e-01 1.945844e-01 -2.782122e-01 3.096338e+02 1.538001e-01 9.747678e-01 1.617818e-01 -1.030201e+02 3.026725e-01 1.093835e-01 -9.467970e-01 3.245848e+02
-9.409601e-01 1.934068e-01 -2.778271e-01 3.093687e+02 1.525757e-01 9.749340e-01 1.619395e-01 -1.028820e+02 3.021833e-01 1.099889e-01 -9.468831e-01 3.236739e+02
-9.411531e-01 1.900951e-01 -2.794542e-01 3.091051e+02 1.498196e-01 9.758097e-01 1.592156e-01 -1.027477e+02 3.029602e-01 1.079786e-01 -9.468663e-01 3.227685e+02
-9.409516e-01 1.858356e-01 -2.829757e-01 3.088359e+02 1.469943e-01 9.772353e-01 1.529833e-01 -1.026173e+02 3.049636e-01 1.023540e-01 -9.468479e-01 3.218647e+02
-9.405176e-01 1.826299e-01 -2.864837e-01 3.085636e+02 1.441941e-01 9.780934e-01 1.501376e-01 -1.024864e+02 3.076274e-01 9.989776e-02 -9.462483e-01 3.209528e+02
-9.393940e-01 1.783406e-01 -2.928030e-01 3.079756e+02 1.374987e-01 9.783383e-01 1.547524e-01 -1.022086e+02 3.140590e-01 1.051134e-01 -9.435667e-01 3.190608e+02
-9.384825e-01 1.760277e-01 -2.970940e-01 3.076750e+02 1.347440e-01 9.787938e-01 1.542943e-01 -1.020708e+02 3.179539e-01 1.047708e-01 -9.422995e-01 3.181339e+02
-9.373187e-01 1.742392e-01 -3.017852e-01 3.073771e+02 1.323738e-01 9.791362e-01 1.541738e-01 -1.019347e+02 3.223519e-01 1.045615e-01 -9.408274e-01 3.171981e+02
-9.363288e-01 1.730769e-01 -3.055042e-01 3.070680e+02 1.296599e-01 9.790105e-01 1.572477e-01 -1.017935e+02 3.263078e-01 1.076239e-01 -9.391168e-01 3.162316e+02
-9.347687e-01 1.750093e-01 -3.091589e-01 3.067600e+02 1.299692e-01 9.783806e-01 1.608707e-01 -1.016490e+02 3.306289e-01 1.101957e-01 -9.373054e-01 3.152824e+02
-9.335394e-01 1.750539e-01 -3.128264e-01 3.064461e+02 1.289207e-01 9.782211e-01 1.626745e-01 -1.014945e+02 3.344902e-01 1.115333e-01 -9.357760e-01 3.143102e+02
-9.323457e-01 1.758366e-01 -3.159319e-01 3.061098e+02 1.292205e-01 9.781199e-01 1.630448e-01 -1.013358e+02 3.376885e-01 1.111892e-01 -9.346676e-01 3.133284e+02
-9.313469e-01 1.778839e-01 -3.177266e-01 3.057819e+02 1.306553e-01 9.777034e-01 1.643938e-01 -1.011786e+02 3.398854e-01 1.115950e-01 -9.338225e-01 3.123692e+02
-9.304755e-01 1.807437e-01 -3.186644e-01 3.054457e+02 1.327913e-01 9.770684e-01 1.664445e-01 -1.010163e+02 3.414407e-01 1.125567e-01 -9.331395e-01 3.114052e+02
-9.297844e-01 1.829075e-01 -3.194460e-01 3.051111e+02 1.343713e-01 9.765754e-01 1.680618e-01 -1.008543e+02 3.427029e-01 1.133369e-01 -9.325822e-01 3.104233e+02
-9.290959e-01 1.841087e-01 -3.207565e-01 3.047732e+02 1.359738e-01 9.765893e-01 1.666870e-01 -1.006981e+02 3.439358e-01 1.112537e-01 -9.323791e-01 3.094452e+02
-9.286503e-01 1.846386e-01 -3.217408e-01 3.044351e+02 1.374581e-01 9.768622e-01 1.638459e-01 -1.005380e+02 3.445487e-01 1.079297e-01 -9.325435e-01 3.084687e+02
-9.286839e-01 1.829250e-01 -3.226216e-01 3.041014e+02 1.366494e-01 9.774703e-01 1.608685e-01 -1.003839e+02 3.447799e-01 1.053099e-01 -9.327575e-01 3.074832e+02
-9.286320e-01 1.828153e-01 -3.228332e-01 3.037661e+02 1.372681e-01 9.777195e-01 1.588142e-01 -1.002290e+02 3.446740e-01 1.031653e-01 -9.330363e-01 3.065092e+02
-9.291047e-01 1.809751e-01 -3.225098e-01 3.034345e+02 1.357548e-01 9.781003e-01 1.577668e-01 -1.000734e+02 3.439988e-01 1.027996e-01 -9.333258e-01 3.055367e+02
-9.304376e-01 1.765857e-01 -3.210970e-01 3.027136e+02 1.323490e-01 9.790243e-01 1.549039e-01 -9.973666e+01 3.417156e-01 1.016315e-01 -9.342920e-01 3.034847e+02
-9.312523e-01 1.744817e-01 -3.198832e-01 3.023439e+02 1.314984e-01 9.796650e-01 1.515408e-01 -9.956008e+01 3.398195e-01 9.905856e-02 -9.352594e-01 3.024389e+02
-9.319307e-01 1.728235e-01 -3.188059e-01 3.019833e+02 1.301053e-01 9.799492e-01 1.509043e-01 -9.938849e+01 3.384935e-01 9.915404e-02 -9.357300e-01 3.013855e+02
-9.327486e-01 1.724948e-01 -3.165843e-01 3.016215e+02 1.293623e-01 9.797693e-01 1.527006e-01 -9.922468e+01 3.365197e-01 1.014771e-01 -9.361928e-01 3.003436e+02
-9.336770e-01 1.705901e-01 -3.148750e-01 3.012725e+02 1.273888e-01 9.799541e-01 1.531732e-01 -9.906461e+01 3.346929e-01 1.029028e-01 -9.366919e-01 2.992969e+02
-9.345130e-01 1.679733e-01 -3.138000e-01 3.009357e+02 1.256235e-01 9.805552e-01 1.507657e-01 -9.889886e+01 3.330228e-01 1.014719e-01 -9.374429e-01 2.982484e+02
-9.354825e-01 1.656671e-01 -3.121329e-01 3.006216e+02 1.234536e-01 9.808563e-01 1.505992e-01 -9.876886e+01 3.311068e-01 1.023490e-01 -9.380261e-01 2.972463e+02
-9.366228e-01 1.629089e-01 -3.101586e-01 3.002727e+02 1.202957e-01 9.810311e-01 1.520095e-01 -9.860946e+01 3.290389e-01 1.050648e-01 -9.384534e-01 2.961858e+02
-9.371032e-01 1.640032e-01 -3.081242e-01 2.999618e+02 1.201965e-01 9.803749e-01 1.562618e-01 -9.847192e+01 3.277047e-01 1.093980e-01 -9.384251e-01 2.951736e+02
-9.379711e-01 1.647690e-01 -3.050598e-01 2.996226e+02 1.201416e-01 9.798089e-01 1.598139e-01 -9.832333e+01 3.252326e-01 1.132504e-01 -9.388280e-01 2.941412e+02
-9.385221e-01 1.653462e-01 -3.030462e-01 2.992916e+02 1.204460e-01 9.795087e-01 1.614171e-01 -9.817157e+01 3.235261e-01 1.149928e-01 -9.392058e-01 2.931169e+02
-9.382635e-01 1.682453e-01 -3.022501e-01 2.989635e+02 1.238549e-01 9.792184e-01 1.605967e-01 -9.801277e+01 3.229885e-01 1.132469e-01 -9.396029e-01 2.920754e+02
-9.382092e-01 1.699444e-01 -3.014671e-01 2.986326e+02 1.265478e-01 9.792642e-01 1.582003e-01 -9.785957e+01 3.221012e-01 1.102749e-01 -9.402607e-01 2.910503e+02
-9.381826e-01 1.717175e-01 -3.005436e-01 2.982873e+02 1.298404e-01 9.794546e-01 1.543052e-01 -9.769496e+01 3.208657e-01 1.057437e-01 -9.412032e-01 2.899925e+02
-9.385672e-01 1.714524e-01 -2.994923e-01 2.979624e+02 1.305380e-01 9.797536e-01 1.517985e-01 -9.754810e+01 3.194549e-01 1.033780e-01 -9.419456e-01 2.889622e+02
-9.394030e-01 1.698477e-01 -2.977814e-01 2.976158e+02 1.291324e-01 9.799731e-01 1.515837e-01 -9.737862e+01 3.175639e-01 1.039450e-01 -9.425225e-01 2.878845e+02
-9.398731e-01 1.692489e-01 -2.966368e-01 2.972976e+02 1.287529e-01 9.800751e-01 1.512463e-01 -9.722969e+01 3.163246e-01 1.039595e-01 -9.429375e-01 2.868452e+02
-9.404689e-01 1.680164e-01 -2.954466e-01 2.969700e+02 1.281320e-01 9.803987e-01 1.496680e-01 -9.708588e+01 3.148021e-01 1.029020e-01 -9.435628e-01 2.858107e+02
-9.410801e-01 1.659443e-01 -2.946706e-01 2.966528e+02 1.266085e-01 9.808467e-01 1.480203e-01 -9.693843e+01 3.135898e-01 1.019912e-01 -9.440653e-01 2.847622e+02
-9.414206e-01 1.657730e-01 -2.936775e-01 2.963538e+02 1.263454e-01 9.807909e-01 1.486139e-01 -9.679627e+01 3.126724e-01 1.028034e-01 -9.442814e-01 2.837321e+02
-9.417473e-01 1.673755e-01 -2.917145e-01 2.960357e+02 1.277849e-01 9.803954e-01 1.499861e-01 -9.665947e+01 3.110996e-01 1.039723e-01 -9.446729e-01 2.826900e+02
-9.420668e-01 1.681844e-01 -2.902141e-01 2.957232e+02 1.290592e-01 9.803499e-01 1.491904e-01 -9.652412e+01 3.096029e-01 1.030925e-01 -9.452608e-01 2.816656e+02
-9.425102e-01 1.689028e-01 -2.883511e-01 2.953971e+02 1.303629e-01 9.803382e-01 1.481301e-01 -9.636972e+01 3.077012e-01 1.020239e-01 -9.459974e-01 2.806181e+02
-9.432136e-01 1.689008e-01 -2.860432e-01 2.950665e+02 1.300268e-01 9.801034e-01 1.499676e-01 -9.622675e+01 3.056816e-01 1.042582e-01 -9.464085e-01 2.795721e+02
-9.436894e-01 1.706353e-01 -2.834324e-01 2.947303e+02 1.314993e-01 9.796052e-01 1.519260e-01 -9.607448e+01 3.035758e-01 1.060998e-01 -9.468815e-01 2.785217e+02
-9.442859e-01 1.711131e-01 -2.811483e-01 2.943706e+02 1.322406e-01 9.794956e-01 1.519896e-01 -9.591690e+01 3.013910e-01 1.063424e-01 -9.475520e-01 2.774073e+02
-9.442832e-01 1.735551e-01 -2.796567e-01 2.940791e+02 1.351732e-01 9.792062e-01 1.512730e-01 -9.578391e+01 3.000957e-01 1.050425e-01 -9.481079e-01 2.763698e+02
-9.442890e-01 1.756941e-01 -2.782983e-01 2.937675e+02 1.374938e-01 9.788572e-01 1.514401e-01 -9.563640e+01 2.990214e-01 1.047390e-01 -9.484809e-01 2.753151e+02
-9.445363e-01 1.767917e-01 -2.767597e-01 2.934699e+02 1.384902e-01 9.785598e-01 1.524509e-01 -9.548818e+01 2.977780e-01 1.056669e-01 -9.487691e-01 2.742743e+02
-9.447269e-01 1.775025e-01 -2.756519e-01 2.931747e+02 1.394175e-01 9.784596e-01 1.522483e-01 -9.534238e+01 2.967387e-01 1.054024e-01 -9.491241e-01 2.732263e+02
-9.446938e-01 1.784944e-01 -2.751244e-01 2.928889e+02 1.409078e-01 9.784459e-01 1.509588e-01 -9.520820e+01 2.961396e-01 1.038426e-01 -9.494830e-01 2.721818e+02
-9.446300e-01 1.798059e-01 -2.744886e-01 2.925645e+02 1.428421e-01 9.784141e-01 1.493384e-01 -9.506393e+01 2.954154e-01 1.018610e-01 -9.499232e-01 2.711105e+02
-9.445835e-01 1.804188e-01 -2.742465e-01 2.922680e+02 1.438546e-01 9.784375e-01 1.482092e-01 -9.492852e+01 2.950728e-01 1.005443e-01 -9.501699e-01 2.700774e+02
-9.445257e-01 1.806519e-01 -2.742921e-01 2.919743e+02 1.441165e-01 9.784114e-01 1.481270e-01 -9.478897e+01 2.951299e-01 1.003798e-01 -9.501696e-01 2.690291e+02
-9.445018e-01 1.808645e-01 -2.742341e-01 2.916923e+02 1.439434e-01 9.782412e-01 1.494134e-01 -9.465144e+01 2.952907e-01 1.016470e-01 -9.499849e-01 2.680003e+02
-9.442413e-01 1.826521e-01 -2.739464e-01 2.914086e+02 1.456908e-01 9.779156e-01 1.498506e-01 -9.452074e+01 2.952670e-01 1.015836e-01 -9.499990e-01 2.669867e+02
-9.443129e-01 1.825322e-01 -2.737793e-01 2.911170e+02 1.457218e-01 9.779783e-01 1.494106e-01 -9.438639e+01 2.950225e-01 1.011948e-01 -9.501165e-01 2.659712e+02
-9.445381e-01 1.814978e-01 -2.736901e-01 2.908363e+02 1.450115e-01 9.782561e-01 1.482790e-01 -9.425352e+01 2.946514e-01 1.003669e-01 -9.503194e-01 2.649725e+02
-9.449093e-01 1.797626e-01 -2.735540e-01 2.905657e+02 1.434907e-01 9.786078e-01 1.474351e-01 -9.412664e+01 2.942055e-01 1.000603e-01 -9.504899e-01 2.640119e+02
-9.453537e-01 1.785332e-01 -2.728230e-01 2.902881e+02 1.423281e-01 9.787926e-01 1.473356e-01 -9.399924e+01 2.933414e-01 1.004538e-01 -9.507154e-01 2.630483e+02
-9.456640e-01 1.784112e-01 -2.718255e-01 2.900123e+02 1.416269e-01 9.785570e-01 1.495594e-01 -9.387752e+01 2.926798e-01 1.029352e-01 -9.506539e-01 2.620979e+02
-9.460248e-01 1.775059e-01 -2.711617e-01 2.897688e+02 1.397817e-01 9.783282e-01 1.527578e-01 -9.375912e+01 2.924006e-01 1.066092e-01 -9.503349e-01 2.611882e+02
-9.462263e-01 1.776262e-01 -2.703787e-01 2.895292e+02 1.387026e-01 9.778148e-01 1.569705e-01 -9.365023e+01 2.922624e-01 1.110274e-01 -9.498714e-01 2.603139e+02
-9.463403e-01 1.784913e-01 -2.694084e-01 2.892659e+02 1.388419e-01 9.773350e-01 1.598099e-01 -9.351613e+01 2.918270e-01 1.138294e-01 -9.496736e-01 2.594329e+02
-9.464215e-01 1.780423e-01 -2.694203e-01 2.890241e+02 1.383802e-01 9.774024e-01 1.597984e-01 -9.340623e+01 2.917829e-01 1.139542e-01 -9.496721e-01 2.586249e+02
-9.460776e-01 1.754563e-01 -2.723092e-01 2.888175e+02 1.357658e-01 9.779874e-01 1.584563e-01 -9.330232e+01 2.941171e-01 1.129416e-01 -9.490729e-01 2.578411e+02
-9.450415e-01 1.743497e-01 -2.765841e-01 2.885863e+02 1.345571e-01 9.783912e-01 1.569872e-01 -9.318995e+01 2.979781e-01 1.111430e-01 -9.480803e-01 2.570288e+02
-9.436176e-01 1.741551e-01 -2.815240e-01 2.883354e+02 1.337059e-01 9.784824e-01 1.571463e-01 -9.306650e+01 3.028342e-01 1.106446e-01 -9.465988e-01 2.562027e+02
-9.420604e-01 1.744721e-01 -2.864991e-01 2.880781e+02 1.332174e-01 9.784424e-01 1.578088e-01 -9.294049e+01 3.078561e-01 1.104988e-01 -9.449945e-01 2.553792e+02
-9.401829e-01 1.763616e-01 -2.914666e-01 2.878217e+02 1.346223e-01 9.782702e-01 1.576843e-01 -9.281530e+01 3.129425e-01 1.090141e-01 -9.434950e-01 2.545660e+02
-9.385106e-01 1.778862e-01 -2.958959e-01 2.875695e+02 1.360152e-01 9.782376e-01 1.566880e-01 -9.269015e+01 3.173291e-01 1.068070e-01 -9.422815e-01 2.537573e+02
-9.373928e-01 1.792150e-01 -2.986248e-01 2.873155e+02 1.372082e-01 9.781315e-01 1.563094e-01 -9.256923e+01 3.201073e-01 1.055495e-01 -9.414832e-01 2.529329e+02
-9.372609e-01 1.802035e-01 -2.984437e-01 2.870444e+02 1.385807e-01 9.780880e-01 1.553681e-01 -9.244470e+01 3.199021e-01 1.042619e-01 -9.416964e-01 2.521038e+02
-9.386745e-01 1.790634e-01 -2.946633e-01 2.865483e+02 1.396961e-01 9.787991e-01 1.497910e-01 -9.221339e+01 3.152382e-01 9.944170e-02 -9.437882e-01 2.504757e+02
-9.402908e-01 1.764469e-01 -2.910666e-01 2.862986e+02 1.387290e-01 9.795608e-01 1.456537e-01 -9.209578e+01 3.108176e-01 9.657742e-02 -9.455502e-01 2.496615e+02
-9.413986e-01 1.764390e-01 -2.874681e-01 2.860529e+02 1.401035e-01 9.798184e-01 1.425722e-01 -9.198674e+01 3.068218e-01 9.394201e-02 -9.471195e-01 2.488431e+02
-9.425619e-01 1.761188e-01 -2.838296e-01 2.858017e+02 1.404718e-01 9.799131e-01 1.415558e-01 -9.187415e+01 3.030590e-01 9.355503e-02 -9.483684e-01 2.480130e+02
-9.436519e-01 1.740727e-01 -2.814601e-01 2.855655e+02 1.385465e-01 9.801674e-01 1.416924e-01 -9.175871e+01 3.005428e-01 9.471299e-02 -9.490540e-01 2.471793e+02
-9.447228e-01 1.721169e-01 -2.790603e-01 2.853282e+02 1.369101e-01 9.804637e-01 1.412322e-01 -9.164701e+01 2.979170e-01 9.521910e-02 -9.498309e-01 2.463664e+02
-9.451525e-01 1.719711e-01 -2.776916e-01 2.850936e+02 1.367842e-01 9.804272e-01 1.416074e-01 -9.153615e+01 2.966088e-01 9.585678e-02 -9.501761e-01 2.455451e+02
-9.452151e-01 1.709432e-01 -2.781130e-01 2.848552e+02 1.355214e-01 9.805320e-01 1.420949e-01 -9.142453e+01 2.969889e-01 9.661998e-02 -9.499801e-01 2.446979e+02
-9.449649e-01 1.689237e-01 -2.801894e-01 2.846131e+02 1.330559e-01 9.808003e-01 1.425725e-01 -9.131303e+01 2.988938e-01 9.744516e-02 -9.492981e-01 2.438457e+02
-9.445517e-01 1.663319e-01 -2.831178e-01 2.843627e+02 1.300392e-01 9.811991e-01 1.426120e-01 -9.119106e+01 3.015159e-01 9.788801e-02 -9.484230e-01 2.429911e+02
-9.438224e-01 1.646707e-01 -2.865011e-01 2.841132e+02 1.283475e-01 9.816009e-01 1.413737e-01 -9.107275e+01 3.045099e-01 9.665994e-02 -9.475920e-01 2.421160e+02
-9.431924e-01 1.649429e-01 -2.884127e-01 2.838542e+02 1.288838e-01 9.817326e-01 1.399648e-01 -9.096075e+01 3.062303e-01 9.484205e-02 -9.472212e-01 2.412850e+02
-9.426943e-01 1.664186e-01 -2.891926e-01 2.835912e+02 1.304825e-01 9.815843e-01 1.395224e-01 -9.085031e+01 3.070861e-01 9.379243e-02 -9.470486e-01 2.404529e+02
-9.417953e-01 1.667426e-01 -2.919221e-01 2.830728e+02 1.296981e-01 9.813201e-01 1.420887e-01 -9.062086e+01 3.101613e-01 9.595673e-02 -9.458289e-01 2.387111e+02
-9.413418e-01 1.674966e-01 -2.929514e-01 2.828013e+02 1.303532e-01 9.812236e-01 1.421557e-01 -9.049707e+01 3.112615e-01 9.562996e-02 -9.455005e-01 2.378191e+02
-9.412532e-01 1.669436e-01 -2.935511e-01 2.825303e+02 1.299352e-01 9.813763e-01 1.414830e-01 -9.037348e+01 3.117038e-01 9.502870e-02 -9.454154e-01 2.369407e+02
-9.414072e-01 1.659889e-01 -2.935987e-01 2.822652e+02 1.290546e-01 9.815448e-01 1.411197e-01 -9.025792e+01 3.116045e-01 9.496089e-02 -9.454549e-01 2.360598e+02
-9.419249e-01 1.646901e-01 -2.926683e-01 2.819934e+02 1.279330e-01 9.817504e-01 1.407097e-01 -9.014292e+01 3.105007e-01 9.509603e-02 -9.458045e-01 2.351869e+02
-9.422580e-01 1.644700e-01 -2.917182e-01 2.817199e+02 1.278750e-01 9.817894e-01 1.404907e-01 -9.001968e+01 3.095124e-01 9.507501e-02 -9.461305e-01 2.342886e+02
-9.425725e-01 1.641229e-01 -2.908966e-01 2.814460e+02 1.274268e-01 9.817718e-01 1.410200e-01 -8.990265e+01 3.087386e-01 9.585356e-02 -9.463047e-01 2.333880e+02
-9.428923e-01 1.637767e-01 -2.900540e-01 2.811461e+02 1.269417e-01 9.817401e-01 1.416764e-01 -8.976417e+01 3.079610e-01 9.676564e-02 -9.464652e-01 2.324527e+02
-9.430716e-01 1.625795e-01 -2.901445e-01 2.808677e+02 1.249951e-01 9.816815e-01 1.437972e-01 -8.963859e+01 3.082080e-01 9.934442e-02 -9.461176e-01 2.315306e+02
-9.429665e-01 1.624427e-01 -2.905624e-01 2.805779e+02 1.245821e-01 9.816328e-01 1.444865e-01 -8.950681e+01 3.086963e-01 1.000471e-01 -9.458843e-01 2.306041e+02
-9.427616e-01 1.618793e-01 -2.915400e-01 2.802900e+02 1.240983e-01 9.817885e-01 1.438434e-01 -8.938070e+01 3.095159e-01 9.943046e-02 -9.456815e-01 2.296596e+02
-9.425551e-01 1.615089e-01 -2.924118e-01 2.799922e+02 1.237946e-01 9.819060e-01 1.433023e-01 -8.925824e+01 3.102655e-01 9.887134e-02 -9.454945e-01 2.287602e+02
-9.420171e-01 1.600261e-01 -2.949500e-01 2.797011e+02 1.217329e-01 9.820579e-01 1.440258e-01 -8.913073e+01 3.127059e-01 9.976959e-02 -9.445957e-01 2.278270e+02
-9.407330e-01 1.594346e-01 -2.993361e-01 2.794067e+02 1.205150e-01 9.821565e-01 1.443770e-01 -8.899382e+01 3.170136e-01 9.974566e-02 -9.431613e-01 2.268718e+02
-9.396421e-01 1.594913e-01 -3.027131e-01 2.791042e+02 1.199358e-01 9.821121e-01 1.451592e-01 -8.885491e+01 3.204498e-01 1.000916e-01 -9.419626e-01 2.259167e+02
-9.376502e-01 1.628810e-01 -3.070536e-01 2.784825e+02 1.226425e-01 9.816230e-01 1.462024e-01 -8.858984e+01 3.252245e-01 9.942893e-02 -9.403951e-01 2.240232e+02
-9.370168e-01 1.633076e-01 -3.087557e-01 2.781733e+02 1.229595e-01 9.816083e-01 1.460343e-01 -8.845444e+01 3.269257e-01 9.887215e-02 -9.398638e-01 2.230473e+02
-9.367245e-01 1.633365e-01 -3.096262e-01 2.778613e+02 1.228441e-01 9.816015e-01 1.461773e-01 -8.831501e+01 3.278056e-01 9.889209e-02 -9.395551e-01 2.220753e+02
-9.362436e-01 1.639791e-01 -3.107392e-01 2.775444e+02 1.231236e-01 9.814508e-01 1.469518e-01 -8.818023e+01 3.290722e-01 9.932337e-02 -9.390667e-01 2.210970e+02
-9.359129e-01 1.649479e-01 -3.112222e-01 2.772270e+02 1.241527e-01 9.813497e-01 1.467616e-01 -8.803591e+01 3.296258e-01 9.871699e-02 -9.389365e-01 2.201212e+02
-9.361072e-01 1.647293e-01 -3.107532e-01 2.768786e+02 1.238527e-01 9.813352e-01 1.471111e-01 -8.788326e+01 3.291866e-01 9.922407e-02 -9.390371e-01 2.190963e+02
-9.369410e-01 1.613015e-01 -3.100378e-01 2.765418e+02 1.203948e-01 9.817890e-01 1.469536e-01 -8.770250e+01 3.280956e-01 1.003599e-01 -9.392982e-01 2.180769e+02
-9.366427e-01 1.650100e-01 -3.089856e-01 2.761506e+02 1.245923e-01 9.813487e-01 1.463949e-01 -8.752933e+01 3.273792e-01 9.862250e-02 -9.397321e-01 2.169887e+02
-9.364416e-01 1.670314e-01 -3.085087e-01 2.758376e+02 1.270191e-01 9.811474e-01 1.456570e-01 -8.740405e+01 3.270218e-01 9.721281e-02 -9.400034e-01 2.159893e+02
-9.359651e-01 1.709921e-01 -3.077841e-01 2.755278e+02 1.316133e-01 9.806979e-01 1.446017e-01 -8.729188e+01 3.265689e-01 9.483367e-02 -9.404038e-01 2.150372e+02
-9.360515e-01 1.714624e-01 -3.072593e-01 2.751789e+02 1.328224e-01 9.808142e-01 1.426944e-01 -8.713810e+01 3.258310e-01 9.275840e-02 -9.408666e-01 2.139764e+02
-9.360947e-01 1.725182e-01 -3.065359e-01 2.748724e+02 1.343415e-01 9.807493e-01 1.417149e-01 -8.701813e+01 3.250833e-01 9.147810e-02 -9.412506e-01 2.129942e+02
-9.366093e-01 1.706518e-01 -3.060081e-01 2.745553e+02 1.328110e-01 9.811126e-01 1.406387e-01 -8.686817e+01 3.242287e-01 9.108222e-02 -9.415837e-01 2.119946e+02
-9.365505e-01 1.734952e-01 -3.045860e-01 2.742302e+02 1.361538e-01 9.807467e-01 1.399932e-01 -8.675550e+01 3.230099e-01 8.964012e-02 -9.421408e-01 2.109856e+02
-9.365663e-01 1.751645e-01 -3.035804e-01 2.739014e+02 1.386349e-01 9.806620e-01 1.381392e-01 -8.663353e+01 3.219068e-01 8.728970e-02 -9.427388e-01 2.099421e+02
-9.372208e-01 1.734253e-01 -3.025573e-01 2.735681e+02 1.376696e-01 9.811086e-01 1.359153e-01 -8.649633e+01 3.204128e-01 8.572971e-02 -9.433907e-01 2.088966e+02
-9.386640e-01 1.705503e-01 -2.997041e-01 2.726101e+02 1.368726e-01 9.820028e-01 1.301400e-01 -8.613630e+01 3.165057e-01 8.113647e-02 -9.451143e-01 2.057656e+02
-9.392430e-01 1.696920e-01 -2.983743e-01 2.722729e+02 1.364256e-01 9.821961e-01 1.291466e-01 -8.600271e+01 3.149772e-01 8.059415e-02 -9.456712e-01 2.047014e+02
-9.394883e-01 1.716775e-01 -2.964600e-01 2.719393e+02 1.380938e-01 9.817320e-01 1.308905e-01 -8.587902e+01 3.135152e-01 8.203079e-02 -9.460334e-01 2.036463e+02
-9.396516e-01 1.745197e-01 -2.942748e-01 2.716141e+02 1.395344e-01 9.808161e-01 1.361246e-01 -8.576106e+01 3.123859e-01 8.684819e-02 -9.459770e-01 2.026141e+02
-9.399753e-01 1.746282e-01 -2.931746e-01 2.712876e+02 1.381738e-01 9.803316e-01 1.409181e-01 -8.561009e+01 3.120166e-01 9.195053e-02 -9.456166e-01 2.015119e+02
-9.401058e-01 1.750159e-01 -2.925245e-01 2.709679e+02 1.384166e-01 9.801979e-01 1.416086e-01 -8.547439e+01 3.115156e-01 9.263683e-02 -9.457148e-01 2.004621e+02
-9.403825e-01 1.734832e-01 -2.925479e-01 2.706635e+02 1.370610e-01 9.804955e-01 1.408648e-01 -8.533401e+01 3.112796e-01 9.236994e-02 -9.458186e-01 1.993984e+02
-9.407149e-01 1.731152e-01 -2.916960e-01 2.703241e+02 1.364134e-01 9.804317e-01 1.419336e-01 -8.518339e+01 3.105589e-01 9.372780e-02 -9.459219e-01 1.982873e+02
-9.409548e-01 1.735760e-01 -2.906466e-01 2.699671e+02 1.363148e-01 9.801392e-01 1.440323e-01 -8.501682e+01 3.098747e-01 9.590848e-02 -9.459277e-01 1.971628e+02
-9.409094e-01 1.751327e-01 -2.898586e-01 2.696258e+02 1.373751e-01 9.796997e-01 1.460022e-01 -8.486419e+01 3.095441e-01 9.755552e-02 -9.458675e-01 1.960513e+02
-9.407262e-01 1.760469e-01 -2.898995e-01 2.692916e+02 1.379283e-01 9.794418e-01 1.472059e-01 -8.471406e+01 3.098548e-01 9.849512e-02 -9.456684e-01 1.949454e+02
-9.406969e-01 1.763794e-01 -2.897925e-01 2.689271e+02 1.385101e-01 9.794622e-01 1.465221e-01 -8.458007e+01 3.096843e-01 9.769365e-02 -9.458074e-01 1.938230e+02
-9.406899e-01 1.751801e-01 -2.905417e-01 2.685762e+02 1.382050e-01 9.799677e-01 1.433968e-01 -8.442135e+01 3.098418e-01 9.473760e-02 -9.460565e-01 1.927059e+02
-9.407788e-01 1.722083e-01 -2.920267e-01 2.682487e+02 1.361803e-01 9.807903e-01 1.396611e-01 -8.427479e+01 3.104678e-01 9.162193e-02 -9.461581e-01 1.916084e+02
-9.406718e-01 1.712110e-01 -2.929564e-01 2.679096e+02 1.359136e-01 9.811993e-01 1.370236e-01 -8.413088e+01 3.109085e-01 8.907747e-02 -9.462564e-01 1.905042e+02
-9.406450e-01 1.706075e-01 -2.933941e-01 2.675665e+02 1.352847e-01 9.813047e-01 1.368911e-01 -8.398173e+01 3.112636e-01 8.907415e-02 -9.461399e-01 1.894062e+02
-9.403739e-01 1.722479e-01 -2.933047e-01 2.672172e+02 1.365688e-01 9.809410e-01 1.382159e-01 -8.384988e+01 3.115220e-01 8.991838e-02 -9.459750e-01 1.883381e+02
-9.400592e-01 1.721526e-01 -2.943675e-01 2.668838e+02 1.366866e-01 9.810617e-01 1.372396e-01 -8.370323e+01 3.124188e-01 8.877732e-02 -9.457870e-01 1.872256e+02
-9.400274e-01 1.711665e-01 -2.950433e-01 2.665279e+02 1.363726e-01 9.814330e-01 1.348769e-01 -8.355859e+01 3.126517e-01 8.655218e-02 -9.459163e-01 1.861503e+02
-9.400142e-01 1.697914e-01 -2.958787e-01 2.661937e+02 1.354265e-01 9.817989e-01 1.331565e-01 -8.342418e+01 3.131022e-01 8.509920e-02 -9.458991e-01 1.850753e+02
-9.401566e-01 1.691039e-01 -2.958199e-01 2.658474e+02 1.347527e-01 9.819074e-01 1.330397e-01 -8.328549e+01 3.129653e-01 8.521564e-02 -9.459339e-01 1.839941e+02
-9.402741e-01 1.698094e-01 -2.950414e-01 2.655009e+02 1.352141e-01 9.817004e-01 1.340952e-01 -8.315135e+01 3.124129e-01 8.619252e-02 -9.460280e-01 1.829170e+02
-9.404676e-01 1.706558e-01 -2.939343e-01 2.651568e+02 1.358029e-01 9.814523e-01 1.353105e-01 -8.301661e+01 3.115740e-01 8.733802e-02 -9.461996e-01 1.818410e+02
-9.404361e-01 1.708552e-01 -2.939191e-01 2.648445e+02 1.358915e-01 9.813894e-01 1.356776e-01 -8.288124e+01 3.116303e-01 8.765501e-02 -9.461518e-01 1.807751e+02
-9.405605e-01 1.700276e-01 -2.940009e-01 2.645285e+02 1.351702e-01 9.815519e-01 1.352213e-01 -8.274838e+01 3.115685e-01 8.744363e-02 -9.461917e-01 1.796963e+02
-9.408595e-01 1.686729e-01 -2.938244e-01 2.642008e+02 1.342361e-01 9.818728e-01 1.338147e-01 -8.261749e+01 3.110691e-01 8.645900e-02 -9.464464e-01 1.786254e+02
-9.407171e-01 1.707058e-01 -2.931056e-01 2.638427e+02 1.372905e-01 9.818066e-01 1.311762e-01 -8.249411e+01 3.101655e-01 8.315909e-02 -9.470385e-01 1.775485e+02
-9.410715e-01 1.683505e-01 -2.933299e-01 2.635311e+02 1.350599e-01 9.822168e-01 1.304185e-01 -8.235839e+01 3.100696e-01 8.311599e-02 -9.470737e-01 1.764988e+02
-9.403180e-01 1.736312e-01 -2.926676e-01 2.632058e+02 1.402041e-01 9.813212e-01 1.317248e-01 -8.226135e+01 3.100725e-01 8.283000e-02 -9.470978e-01 1.754552e+02
-9.401178e-01 1.746182e-01 -2.927233e-01 2.628863e+02 1.409523e-01 9.811003e-01 1.325695e-01 -8.213759e+01 3.103400e-01 8.337088e-02 -9.469627e-01 1.744150e+02
-9.401858e-01 1.740890e-01 -2.928202e-01 2.625608e+02 1.403166e-01 9.811607e-01 1.327968e-01 -8.200965e+01 3.104222e-01 8.376614e-02 -9.469009e-01 1.733871e+02
-9.399094e-01 1.743627e-01 -2.935438e-01 2.622546e+02 1.407076e-01 9.811754e-01 1.322731e-01 -8.189637e+01 3.110814e-01 8.302091e-02 -9.467502e-01 1.723790e+02
-9.398985e-01 1.739260e-01 -2.938377e-01 2.619327e+02 1.405363e-01 9.813272e-01 1.313257e-01 -8.177567e+01 3.111919e-01 8.213794e-02 -9.467909e-01 1.713726e+02
-9.403312e-01 1.716103e-01 -2.938149e-01 2.615981e+02 1.380724e-01 9.816572e-01 1.314729e-01 -8.164814e+01 3.109876e-01 8.306033e-02 -9.467775e-01 1.703477e+02
-9.401944e-01 1.704295e-01 -2.949377e-01 2.613073e+02 1.361957e-01 9.816984e-01 1.331125e-01 -8.152420e+01 3.122261e-01 8.498238e-02 -9.461992e-01 1.693390e+02
-9.397727e-01 1.712513e-01 -2.958043e-01 2.609979e+02 1.365178e-01 9.814664e-01 1.344864e-01 -8.140572e+01 3.133529e-01 8.600411e-02 -9.457342e-01 1.683460e+02
-9.399700e-01 1.720337e-01 -2.947217e-01 2.606174e+02 1.368434e-01 9.811729e-01 1.362848e-01 -8.126138e+01 3.126185e-01 8.777294e-02 -9.458148e-01 1.673212e+02
-9.393785e-01 1.733930e-01 -2.958089e-01 2.603036e+02 1.375540e-01 9.808193e-01 1.381025e-01 -8.114160e+01 3.140811e-01 8.904086e-02 -9.452115e-01 1.663230e+02
-9.391914e-01 1.740309e-01 -2.960284e-01 2.599812e+02 1.378696e-01 9.806353e-01 1.390910e-01 -8.102910e+01 3.145021e-01 8.981980e-02 -9.449978e-01 1.653331e+02
-9.388792e-01 1.733130e-01 -2.974363e-01 2.596472e+02 1.372974e-01 9.808498e-01 1.381416e-01 -8.088295e+01 3.156821e-01 8.886107e-02 -9.446949e-01 1.643111e+02
-9.383900e-01 1.730617e-01 -2.991218e-01 2.593424e+02 1.364936e-01 9.808040e-01 1.392589e-01 -8.075300e+01 3.174802e-01 8.985096e-02 -9.439985e-01 1.633054e+02
-9.382452e-01 1.750822e-01 -2.983994e-01 2.586862e+02 1.372873e-01 9.800972e-01 1.433933e-01 -8.047410e+01 3.175661e-01 9.357167e-02 -9.436080e-01 1.613113e+02
-9.391700e-01 1.745342e-01 -2.957998e-01 2.583518e+02 1.375110e-01 9.802955e-01 1.418150e-01 -8.033466e+01 3.147228e-01 9.251266e-02 -9.446645e-01 1.603404e+02
-9.403199e-01 1.708083e-01 -2.943179e-01 2.580265e+02 1.350116e-01 9.811760e-01 1.380782e-01 -8.018192e+01 3.123626e-01 9.010140e-02 -9.456804e-01 1.593580e+02
-9.402011e-01 1.721645e-01 -2.939069e-01 2.577447e+02 1.373242e-01 9.812173e-01 1.354795e-01 -8.007484e+01 3.117113e-01 8.701748e-02 -9.461839e-01 1.583975e+02
-9.408065e-01 1.718809e-01 -2.921302e-01 2.574278e+02 1.374630e-01 9.813088e-01 1.346736e-01 -7.995284e+01 3.098177e-01 8.654469e-02 -9.468490e-01 1.574247e+02
-9.418515e-01 1.700148e-01 -2.898459e-01 2.571218e+02 1.355545e-01 9.814972e-01 1.352337e-01 -7.982645e+01 3.074747e-01 8.808012e-02 -9.474710e-01 1.564576e+02
-9.420716e-01 1.706092e-01 -2.887796e-01 2.568350e+02 1.364540e-01 9.814479e-01 1.346861e-01 -7.972331e+01 3.064008e-01 8.747881e-02 -9.478745e-01 1.555039e+02
-9.423390e-01 1.713701e-01 -2.874535e-01 2.565489e+02 1.379364e-01 9.814791e-01 1.329372e-01 -7.960958e+01 3.049110e-01 8.562161e-02 -9.485242e-01 1.545586e+02
-9.411934e-01 1.791393e-01 -2.864683e-01 2.562686e+02 1.457936e-01 9.802045e-01 1.339527e-01 -7.953152e+01 3.047937e-01 8.431019e-02 -9.486794e-01 1.536060e+02
-9.407900e-01 1.838472e-01 -2.848058e-01 2.559921e+02 1.501196e-01 9.792373e-01 1.362295e-01 -7.943236e+01 3.039379e-01 8.540846e-02 -9.488557e-01 1.526660e+02
-9.421357e-01 1.818643e-01 -2.816127e-01 2.556875e+02 1.482222e-01 9.794666e-01 1.366578e-01 -7.929731e+01 3.006834e-01 8.700891e-02 -9.497468e-01 1.517181e+02
-9.424104e-01 1.823073e-01 -2.804046e-01 2.554070e+02 1.487889e-01 9.793768e-01 1.366858e-01 -7.918330e+01 2.995406e-01 8.709304e-02 -9.501001e-01 1.507755e+02
-9.416309e-01 1.866225e-01 -2.801843e-01 2.551316e+02 1.535461e-01 9.787534e-01 1.358876e-01 -7.909130e+01 2.995910e-01 8.493472e-02 -9.502796e-01 1.498370e+02
-9.413094e-01 1.897692e-01 -2.791493e-01 2.548386e+02 1.573533e-01 9.783425e-01 1.344841e-01 -7.899551e+01 2.986246e-01 8.266608e-02 -9.507837e-01 1.488968e+02
-9.414898e-01 1.903122e-01 -2.781695e-01 2.545469e+02 1.583837e-01 9.783414e-01 1.332770e-01 -7.888352e+01 2.975090e-01 8.142144e-02 -9.512407e-01 1.479573e+02
-9.412170e-01 1.927697e-01 -2.773992e-01 2.540671e+02 1.609573e-01 9.779002e-01 1.334313e-01 -7.868566e+01 2.969903e-01 8.093841e-02 -9.514440e-01 1.461516e+02
-9.409094e-01 1.937329e-01 -2.777717e-01 2.538146e+02 1.618449e-01 9.777186e-01 1.336883e-01 -7.858089e+01 2.974824e-01 8.083267e-02 -9.512993e-01 1.452377e+02
-9.411419e-01 1.939345e-01 -2.768416e-01 2.535296e+02 1.620061e-01 9.776346e-01 1.341068e-01 -7.845702e+01 2.966579e-01 8.136353e-02 -9.515115e-01 1.443003e+02
-9.410502e-01 1.952037e-01 -2.762608e-01 2.532689e+02 1.631700e-01 9.773500e-01 1.347685e-01 -7.834819e+01 2.963108e-01 8.174646e-02 -9.515868e-01 1.433841e+02
-9.413591e-01 1.961741e-01 -2.745155e-01 2.529752e+02 1.644225e-01 9.771798e-01 1.344798e-01 -7.823563e+01 2.946325e-01 8.145728e-02 -9.521326e-01 1.425236e+02
-9.413790e-01 1.974777e-01 -2.735107e-01 2.527025e+02 1.663637e-01 9.770728e-01 1.328606e-01 -7.812892e+01 2.934768e-01 7.956996e-02 -9.526489e-01 1.416278e+02
-9.415315e-01 1.983034e-01 -2.723860e-01 2.524303e+02 1.678010e-01 9.770398e-01 1.312860e-01 -7.800870e+01 2.921664e-01 7.790329e-02 -9.531893e-01 1.406799e+02
-9.423028e-01 1.976081e-01 -2.702155e-01 2.521443e+02 1.676544e-01 9.772366e-01 1.300024e-01 -7.790528e+01 2.897540e-01 7.719882e-02 -9.539827e-01 1.398010e+02
-9.428898e-01 1.988093e-01 -2.672709e-01 2.518766e+02 1.693624e-01 9.770373e-01 1.292846e-01 -7.781560e+01 2.868366e-01 7.663549e-02 -9.549093e-01 1.389343e+02
-9.437878e-01 1.999443e-01 -2.632242e-01 2.516500e+02 1.713315e-01 9.768971e-01 1.277404e-01 -7.772495e+01 2.826839e-01 7.546126e-02 -9.562403e-01 1.380230e+02
-9.453327e-01 2.018550e-01 -2.561261e-01 2.514099e+02 1.745522e-01 9.766257e-01 1.254340e-01 -7.763350e+01 2.754588e-01 7.386949e-02 -9.584705e-01 1.371457e+02
-9.472772e-01 2.046255e-01 -2.465652e-01 2.511780e+02 1.792015e-01 9.762532e-01 1.217234e-01 -7.753398e+01 2.656177e-01 7.112099e-02 -9.614515e-01 1.362607e+02
-9.500479e-01 2.060613e-01 -2.344092e-01 2.509657e+02 1.829502e-01 9.761786e-01 1.166387e-01 -7.743220e+01 2.528600e-01 6.792715e-02 -9.651154e-01 1.353933e+02
-9.535245e-01 2.062410e-01 -2.196719e-01 2.507689e+02 1.857107e-01 9.763648e-01 1.105591e-01 -7.733027e+01 2.372818e-01 6.462539e-02 -9.692889e-01 1.345170e+02
-9.575194e-01 2.070386e-01 -2.007278e-01 2.505665e+02 1.891289e-01 9.763390e-01 1.048451e-01 -7.725629e+01 2.176853e-01 6.242779e-02 -9.740205e-01 1.336585e+02
-9.614475e-01 2.090316e-01 -1.786741e-01 2.504032e+02 1.936360e-01 9.759795e-01 9.984534e-02 -7.715326e+01 1.952531e-01 6.139833e-02 -9.788291e-01 1.328082e+02
-9.655593e-01 2.100417e-01 -1.535501e-01 2.502550e+02 1.968806e-01 9.756593e-01 9.657571e-02 -7.707371e+01 1.700975e-01 6.301854e-02 -9.834101e-01 1.319367e+02
-9.693327e-01 2.101685e-01 -1.273709e-01 2.501659e+02 1.994391e-01 9.755847e-01 9.196987e-02 -7.697550e+01 1.435902e-01 6.374667e-02 -9.875820e-01 1.310118e+02
-9.727342e-01 2.095647e-01 -9.935145e-02 2.500768e+02 2.014359e-01 9.757276e-01 8.590179e-02 -7.690424e+01 1.149419e-01 6.354666e-02 -9.913376e-01 1.301265e+02
-9.753127e-01 2.095085e-01 -6.979470e-02 2.499917e+02 2.039319e-01 9.757685e-01 7.929484e-02 -7.682890e+01 8.471641e-02 6.310389e-02 -9.944049e-01 1.292338e+02
-9.770728e-01 2.091240e-01 -3.994904e-02 2.499412e+02 2.059339e-01 9.759160e-01 7.196664e-02 -7.677498e+01 5.403686e-02 6.208978e-02 -9.966067e-01 1.283495e+02
-9.780420e-01 2.081582e-01 -1.020272e-02 2.499327e+02 2.070992e-01 9.762123e-01 6.418334e-02 -7.671255e+01 2.332031e-02 6.066103e-02 -9.978860e-01 1.274570e+02
-9.781310e-01 2.069979e-01 2.028686e-02 2.499319e+02 2.078384e-01 9.764788e-01 5.737956e-02 -7.665735e+01 -7.932235e-03 6.034112e-02 -9.981463e-01 1.265654e+02
-9.772524e-01 2.057592e-01 5.138965e-02 2.499500e+02 2.083499e-01 9.766983e-01 5.148468e-02 -7.661027e+01 -3.959874e-02 6.102055e-02 -9.973507e-01 1.256909e+02
-9.754392e-01 2.045169e-01 8.179955e-02 2.500095e+02 2.087092e-01 9.768765e-01 4.639856e-02 -7.657611e+01 -7.041876e-02 6.233130e-02 -9.955682e-01 1.248107e+02
-9.728483e-01 2.027915e-01 1.115429e-01 2.501150e+02 2.085015e-01 9.771182e-01 4.203820e-02 -7.654664e+01 -1.004656e-01 6.415366e-02 -9.928701e-01 1.239365e+02
-9.693437e-01 2.017913e-01 1.401894e-01 2.502376e+02 2.091018e-01 9.771005e-01 3.938352e-02 -7.654155e+01 -1.290319e-01 6.749003e-02 -9.893411e-01 1.231074e+02
-9.614911e-01 1.983523e-01 1.902397e-01 2.505376e+02 2.077571e-01 9.777007e-01 3.063184e-02 -7.650545e+01 -1.799216e-01 6.897589e-02 -9.812597e-01 1.213827e+02
-9.575539e-01 1.963720e-01 2.110181e-01 2.507031e+02 2.065318e-01 9.780669e-01 2.701375e-02 -7.650033e+01 -2.010851e-01 6.944906e-02 -9.771088e-01 1.204953e+02
-9.542344e-01 1.924026e-01 2.289497e-01 2.508559e+02 2.033161e-01 9.787979e-01 2.484374e-02 -7.651829e+01 -2.193155e-01 7.025590e-02 -9.731212e-01 1.196956e+02
-9.489599e-01 1.907576e-01 2.511704e-01 2.508310e+02 2.024136e-01 9.790713e-01 2.116924e-02 -7.649700e+01 -2.418756e-01 7.092907e-02 -9.677114e-01 1.189046e+02
-9.462003e-01 1.902142e-01 2.617700e-01 2.510533e+02 2.015580e-01 9.793302e-01 1.693008e-02 -7.649039e+01 -2.531390e-01 6.878110e-02 -9.649818e-01 1.180861e+02
-9.440307e-01 1.874445e-01 2.714232e-01 2.512265e+02 1.987119e-01 9.799524e-01 1.438137e-02 -7.650338e+01 -2.632861e-01 6.751149e-02 -9.623526e-01 1.173402e+02
-9.412828e-01 1.869228e-01 2.811523e-01 2.513155e+02 1.980067e-01 9.801358e-01 1.127716e-02 -7.647390e+01 -2.734595e-01 6.628504e-02 -9.595969e-01 1.166277e+02
-9.400029e-01 1.864527e-01 2.857096e-01 2.514763e+02 1.976384e-01 9.802181e-01 1.055758e-02 -7.646395e+01 -2.780893e-01 6.639135e-02 -9.582581e-01 1.158934e+02
-9.405996e-01 1.819252e-01 2.866631e-01 2.516440e+02 1.940586e-01 9.808865e-01 1.424491e-02 -7.652153e+01 -2.785924e-01 6.902819e-02 -9.579256e-01 1.151813e+02
-9.419440e-01 1.792853e-01 2.838983e-01 2.518009e+02 1.914222e-01 9.813876e-01 1.535963e-02 -7.653175e+01 -2.758605e-01 6.881234e-02 -9.587314e-01 1.144782e+02
-9.455184e-01 1.757553e-01 2.740529e-01 2.520154e+02 1.873003e-01 9.821670e-01 1.632825e-02 -7.652116e+01 -2.662959e-01 6.676884e-02 -9.615760e-01 1.137511e+02
-9.500721e-01 1.734210e-01 2.593997e-01 2.521987e+02 1.840950e-01 9.827572e-01 1.724264e-02 -7.650446e+01 -2.519367e-01 6.413594e-02 -9.656161e-01 1.130407e+02
-9.564393e-01 1.693165e-01 2.378148e-01 2.523886e+02 1.792513e-01 9.835871e-01 2.062730e-02 -7.649663e+01 -2.304190e-01 6.235737e-02 -9.710915e-01 1.123243e+02
-9.618961e-01 1.667202e-01 2.167032e-01 2.524452e+02 1.762077e-01 9.840334e-01 2.508144e-02 -7.648678e+01 -2.090616e-01 6.231051e-02 -9.759153e-01 1.116404e+02
-9.674692e-01 1.653539e-01 1.914717e-01 2.524939e+02 1.735435e-01 9.844641e-01 2.670377e-02 -7.642894e+01 -1.840814e-01 5.906373e-02 -9.811348e-01 1.109624e+02
-9.730258e-01 1.658082e-01 1.604009e-01 2.525885e+02 1.729311e-01 9.844327e-01 3.141746e-02 -7.642099e+01 -1.526946e-01 5.830831e-02 -9.865518e-01 1.102728e+02
-9.778783e-01 1.634757e-01 1.304982e-01 2.525897e+02 1.697353e-01 9.847450e-01 3.830364e-02 -7.643949e+01 -1.222457e-01 5.960644e-02 -9.907084e-01 1.096154e+02
-9.821435e-01 1.605792e-01 9.802269e-02 2.525720e+02 1.654874e-01 9.852240e-01 4.413145e-02 -7.641179e+01 -8.948771e-02 5.956494e-02 -9.942052e-01 1.089482e+02
-9.852201e-01 1.590050e-01 6.370873e-02 2.525456e+02 1.624708e-01 9.852624e-01 5.349041e-02 -7.639045e+01 -5.426457e-02 6.305063e-02 -9.965340e-01 1.082842e+02
-9.871066e-01 1.582934e-01 2.374409e-02 2.525557e+02 1.594910e-01 9.852331e-01 6.227600e-02 -7.634346e+01 -1.353558e-02 6.526002e-02 -9.977765e-01 1.076126e+02
-9.874772e-01 1.570234e-01 -1.524513e-02 2.524997e+02 1.555317e-01 9.851531e-01 7.268668e-02 -7.632289e+01 2.643229e-02 6.940534e-02 -9.972383e-01 1.069458e+02
-9.858865e-01 1.553607e-01 -6.237647e-02 2.524895e+02 1.501238e-01 9.853149e-01 8.134732e-02 -7.630997e+01 7.409864e-02 7.083503e-02 -9.947320e-01 1.062803e+02
-9.823289e-01 1.544367e-01 -1.057316e-01 2.523678e+02 1.460926e-01 9.858153e-01 8.261487e-02 -7.621587e+01 1.169906e-01 6.570837e-02 -9.909569e-01 1.056282e+02
-9.762809e-01 1.531766e-01 -1.530115e-01 2.522539e+02 1.409628e-01 9.861161e-01 8.777543e-02 -7.616250e+01 1.643323e-01 6.412454e-02 -9.843185e-01 1.049900e+02
-9.668083e-01 1.576524e-01 -2.010659e-01 2.521039e+02 1.418682e-01 9.857193e-01 9.072465e-02 -7.608191e+01 2.124975e-01 5.918849e-02 -9.753674e-01 1.043466e+02
-9.547879e-01 1.631812e-01 -2.484993e-01 2.519242e+02 1.431388e-01 9.849557e-01 9.681743e-02 -7.600707e+01 2.605595e-01 5.687023e-02 -9.637814e-01 1.037172e+02
-9.413737e-01 1.642305e-01 -2.946929e-01 2.517146e+02 1.394827e-01 9.848248e-01 1.032698e-01 -7.593358e+01 3.071809e-01 5.611089e-02 -9.499955e-01 1.031099e+02
-9.260505e-01 1.640134e-01 -3.398970e-01 2.514771e+02 1.353731e-01 9.850540e-01 1.065020e-01 -7.584266e+01 3.522847e-01 5.261335e-02 -9.344128e-01 1.025293e+02
-9.086721e-01 1.645738e-01 -3.837062e-01 2.512119e+02 1.316457e-01 9.850903e-01 1.107546e-01 -7.575967e+01 3.962126e-01 5.012632e-02 -9.167895e-01 1.019740e+02
-8.894401e-01 1.643753e-01 -4.264704e-01 2.509171e+02 1.267119e-01 9.851972e-01 1.154581e-01 -7.568450e+01 4.391359e-01 4.865420e-02 -8.971023e-01 1.014527e+02
-8.672793e-01 1.652694e-01 -4.695878e-01 2.505957e+02 1.222178e-01 9.851025e-01 1.209792e-01 -7.561211e+01 4.825862e-01 4.753074e-02 -8.745578e-01 1.009445e+02
-8.420400e-01 1.665206e-01 -5.130687e-01 2.502506e+02 1.179322e-01 9.849782e-01 1.261343e-01 -7.552765e+01 5.263655e-01 4.570282e-02 -8.490292e-01 1.004343e+02
-8.144395e-01 1.670720e-01 -5.556755e-01 2.499126e+02 1.119347e-01 9.849007e-01 1.320649e-01 -7.546353e+01 5.693495e-01 4.535950e-02 -8.208433e-01 9.996692e+01
-7.847809e-01 1.666913e-01 -5.969363e-01 2.495789e+02 1.062062e-01 9.850754e-01 1.354498e-01 -7.537847e+01 6.106055e-01 4.290012e-02 -7.907721e-01 9.955037e+01
-7.532472e-01 1.662008e-01 -6.363929e-01 2.491758e+02 9.944278e-02 9.852029e-01 1.395938e-01 -7.530686e+01 6.501767e-01 4.186396e-02 -7.586288e-01 9.910515e+01
-7.203468e-01 1.684073e-01 -6.728592e-01 2.487541e+02 9.618277e-02 9.849580e-01 1.435503e-01 -7.521110e+01 6.869130e-01 3.868856e-02 -7.257092e-01 9.870019e+01
-6.869128e-01 1.715391e-01 -7.062048e-01 2.483520e+02 9.224520e-02 9.844640e-01 1.494038e-01 -7.512554e+01 7.208617e-01 3.748335e-02 -6.920646e-01 9.834962e+01
-6.529730e-01 1.746908e-01 -7.369596e-01 2.479256e+02 8.807742e-02 9.839492e-01 1.551980e-01 -7.503998e+01 7.522424e-01 3.643061e-02 -6.578785e-01 9.802359e+01
-6.186293e-01 1.776875e-01 -7.653267e-01 2.474913e+02 8.282344e-02 9.834120e-01 1.613729e-01 -7.497342e+01 7.813054e-01 3.644298e-02 -6.230841e-01 9.771072e+01
-5.838335e-01 1.795960e-01 -7.917599e-01 2.470452e+02 7.713997e-02 9.830850e-01 1.661125e-01 -7.489055e+01 8.082004e-01 3.590570e-02 -5.878119e-01 9.743727e+01
-5.490444e-01 1.803672e-01 -8.160992e-01 2.465712e+02 7.160775e-02 9.829979e-01 1.690784e-01 -7.480722e+01 8.327200e-01 3.439253e-02 -5.526252e-01 9.722974e+01
-5.136633e-01 1.809869e-01 -8.386858e-01 2.461603e+02 6.566841e-02 9.829243e-01 1.718939e-01 -7.473439e+01 8.554751e-01 3.322041e-02 -5.167772e-01 9.702267e+01
-4.780089e-01 1.817260e-01 -8.593504e-01 2.457727e+02 5.849846e-02 9.827778e-01 1.752877e-01 -7.466906e+01 8.764048e-01 3.351838e-02 -4.804072e-01 9.684764e+01
-4.416534e-01 1.811627e-01 -8.787049e-01 2.454018e+02 4.755108e-02 9.827514e-01 1.787139e-01 -7.459780e+01 8.959248e-01 3.714622e-02 -4.426500e-01 9.668994e+01
-4.042289e-01 1.811287e-01 -8.965441e-01 2.450443e+02 3.783101e-02 9.826683e-01 1.814713e-01 -7.453510e+01 9.138751e-01 3.943879e-02 -4.040752e-01 9.656207e+01
-3.653804e-01 1.826863e-01 -9.127556e-01 2.447348e+02 3.006249e-02 9.823571e-01 1.845827e-01 -7.448531e+01 9.303727e-01 4.000320e-02 -3.644261e-01 9.646539e+01
-3.251971e-01 1.828478e-01 -9.278004e-01 2.443903e+02 2.264304e-02 9.823527e-01 1.856623e-01 -7.442900e+01 9.453751e-01 3.936863e-02 -3.235985e-01 9.638913e+01
-2.828906e-01 1.821779e-01 -9.416922e-01 2.440296e+02 1.527152e-02 9.825275e-01 1.854901e-01 -7.437258e+01 9.590306e-01 3.809234e-02 -2.807299e-01 9.632726e+01
-2.388176e-01 1.811005e-01 -9.540277e-01 2.436847e+02 3.524146e-03 9.826107e-01 1.856441e-01 -7.431823e+01 9.710580e-01 4.097296e-02 -2.353030e-01 9.627166e+01
-1.908684e-01 1.816108e-01 -9.646693e-01 2.433521e+02 -8.829894e-03 9.823788e-01 1.866919e-01 -7.426498e+01 9.815759e-01 4.415151e-02 -1.859014e-01 9.623042e+01
-1.390386e-01 1.843784e-01 -9.729712e-01 2.430153e+02 -2.148164e-02 9.817216e-01 1.891063e-01 -7.421713e+01 9.900539e-01 4.719411e-02 -1.325365e-01 9.621621e+01
-8.385793e-02 1.866800e-01 -9.788352e-01 2.426842e+02 -3.351601e-02 9.812110e-01 1.900045e-01 -7.415819e+01 9.959139e-01 4.874004e-02 -7.602555e-02 9.622096e+01
-2.649966e-02 1.889771e-01 -9.816239e-01 2.423540e+02 -4.336016e-02 9.808272e-01 1.899943e-01 -7.411481e+01 9.987080e-01 4.759816e-02 -1.779751e-02 9.625721e+01
3.234730e-02 1.895903e-01 -9.813303e-01 2.420304e+02 -5.372314e-02 9.807545e-01 1.877082e-01 -7.405509e+01 9.980318e-01 4.664829e-02 4.191015e-02 9.631316e+01
9.161294e-02 1.906688e-01 -9.773702e-01 2.417118e+02 -6.280840e-02 9.806498e-01 1.854213e-01 -7.401204e+01 9.938119e-01 4.440006e-02 1.018158e-01 9.639158e+01
1.505767e-01 1.904755e-01 -9.700751e-01 2.413978e+02 -7.341548e-02 9.807081e-01 1.811676e-01 -7.395273e+01 9.858686e-01 4.393890e-02 1.616557e-01 9.648240e+01
2.080587e-01 1.908261e-01 -9.593211e-01 2.410851e+02 -8.609248e-02 9.805504e-01 1.763772e-01 -7.391110e+01 9.743201e-01 4.589354e-02 2.204407e-01 9.658697e+01
2.653105e-01 1.910567e-01 -9.450437e-01 2.407877e+02 -1.011214e-01 9.802782e-01 1.697913e-01 -7.386552e+01 9.588456e-01 5.051669e-02 2.793980e-01 9.669577e+01
3.232078e-01 1.914953e-01 -9.267504e-01 2.404854e+02 -1.150504e-01 9.799991e-01 1.623738e-01 -7.382382e+01 9.393083e-01 5.414254e-02 3.387750e-01 9.683248e+01
3.792652e-01 1.902074e-01 -9.055269e-01 2.402108e+02 -1.257775e-01 9.801574e-01 1.532038e-01 -7.377575e+01 9.166995e-01 5.579001e-02 3.956634e-01 9.699568e+01
4.349309e-01 1.885907e-01 -8.804934e-01 2.399272e+02 -1.336430e-01 9.805121e-01 1.439988e-01 -7.373389e+01 8.904913e-01 5.504227e-02 4.516588e-01 9.718758e+01
4.887430e-01 1.856991e-01 -8.524354e-01 2.396576e+02 -1.379650e-01 9.812407e-01 1.346566e-01 -7.368876e+01 8.614499e-01 5.179374e-02 5.051945e-01 9.740422e+01
5.398552e-01 1.856629e-01 -8.210272e-01 2.393687e+02 -1.423377e-01 9.814612e-01 1.283505e-01 -7.365543e+01 8.296363e-01 4.757244e-02 5.562738e-01 9.764568e+01
5.873957e-01 1.874450e-01 -7.872933e-01 2.390714e+02 -1.490456e-01 9.812237e-01 1.224153e-01 -7.361525e+01 7.954569e-01 4.543639e-02 6.043044e-01 9.790614e+01
6.292819e-01 1.909934e-01 -7.533431e-01 2.387919e+02 -1.572342e-01 9.805748e-01 1.172621e-01 -7.357099e+01 7.611055e-01 4.466036e-02 6.470887e-01 9.819509e+01
6.677906e-01 1.933975e-01 -7.187859e-01 2.385111e+02 -1.630903e-01 9.802086e-01 1.122166e-01 -7.353157e+01 7.262625e-01 4.228981e-02 6.861154e-01 9.849922e+01
7.325951e-01 1.998145e-01 -6.506754e-01 2.379589e+02 -1.740282e-01 9.791537e-01 1.047480e-01 -7.346606e+01 6.580414e-01 3.649804e-02 7.520966e-01 9.917103e+01
7.589267e-01 2.047859e-01 -6.181367e-01 2.376905e+02 -1.825241e-01 9.781082e-01 9.994618e-02 -7.343022e+01 6.250722e-01 3.697299e-02 7.796908e-01 9.953035e+01
7.819293e-01 2.135017e-01 -5.856650e-01 2.374250e+02 -1.952474e-01 9.761260e-01 9.516519e-02 -7.338718e+01 5.920008e-01 3.993714e-02 8.049472e-01 9.991038e+01
8.052711e-01 2.158912e-01 -5.522042e-01 2.371564e+02 -1.992525e-01 9.757227e-01 9.090429e-02 -7.333990e+01 5.584236e-01 3.682545e-02 8.287382e-01 1.003208e+02
8.257153e-01 2.158044e-01 -5.211744e-01 2.369115e+02 -2.001000e-01 9.758991e-01 8.706804e-02 -7.330823e+01 5.274033e-01 3.239361e-02 8.489973e-01 1.007527e+02
8.585769e-01 2.114380e-01 -4.670543e-01 2.364481e+02 -2.003403e-01 9.769293e-01 7.397958e-02 -7.324383e+01 4.719211e-01 3.005263e-02 8.811284e-01 1.016650e+02
8.690890e-01 2.184688e-01 -4.437969e-01 2.361970e+02 -2.103041e-01 9.752508e-01 6.824944e-02 -7.321361e+01 4.477237e-01 3.401747e-02 8.935247e-01 1.021394e+02
8.770300e-01 2.222224e-01 -4.259527e-01 2.359641e+02 -2.180562e-01 9.741366e-01 5.923939e-02 -7.318617e+01 4.281004e-01 4.092688e-02 9.028040e-01 1.026251e+02
8.844138e-01 2.208955e-01 -4.111172e-01 2.357296e+02 -2.196625e-01 9.742461e-01 5.092001e-02 -7.315070e+01 4.117773e-01 4.527266e-02 9.101592e-01 1.031393e+02
8.919197e-01 2.148697e-01 -3.978823e-01 2.355069e+02 -2.143549e-01 9.756544e-01 4.637340e-02 -7.312762e+01 3.981598e-01 4.392668e-02 9.162637e-01 1.036750e+02
8.963282e-01 2.162780e-01 -3.870652e-01 2.352908e+02 -2.152592e-01 9.754460e-01 4.656736e-02 -7.310876e+01 3.876327e-01 4.157972e-02 9.208757e-01 1.042181e+02
8.993219e-01 2.212627e-01 -3.771776e-01 2.350454e+02 -2.202309e-01 9.743403e-01 4.646814e-02 -7.308397e+01 3.777810e-01 4.127634e-02 9.249745e-01 1.047831e+02
9.016272e-01 2.253624e-01 -3.691615e-01 2.348100e+02 -2.243485e-01 9.734086e-01 4.629692e-02 -7.306130e+01 3.697786e-01 4.107826e-02 9.282114e-01 1.053605e+02
9.034491e-01 2.280069e-01 -3.630326e-01 2.345708e+02 -2.281084e-01 9.726757e-01 4.322607e-02 -7.304757e+01 3.629688e-01 4.375823e-02 9.307733e-01 1.059486e+02
9.039485e-01 2.334121e-01 -3.583236e-01 2.343279e+02 -2.364910e-01 9.709706e-01 3.589116e-02 -7.303445e+01 3.562991e-01 5.229654e-02 9.329073e-01 1.065434e+02
9.052369e-01 2.326892e-01 -3.555303e-01 2.340904e+02 -2.390219e-01 9.706474e-01 2.668631e-02 -7.301607e+01 3.513042e-01 6.082210e-02 9.342837e-01 1.071537e+02
9.063127e-01 2.312781e-01 -3.537057e-01 2.338610e+02 -2.391130e-01 9.707413e-01 2.205232e-02 -7.299838e+01 3.484570e-01 6.458933e-02 9.350968e-01 1.077732e+02
9.071454e-01 2.294357e-01 -3.527696e-01 2.336263e+02 -2.382800e-01 9.710146e-01 1.879651e-02 -7.297922e+01 3.468570e-01 6.700678e-02 9.355214e-01 1.084034e+02
9.062432e-01 2.365391e-01 -3.503891e-01 2.333598e+02 -2.455347e-01 9.691970e-01 1.923242e-02 -7.296724e+01 3.441453e-01 6.860344e-02 9.364067e-01 1.090570e+02
9.050959e-01 2.419559e-01 -3.496552e-01 2.330953e+02 -2.513976e-01 9.676997e-01 1.888087e-02 -7.296232e+01 3.429296e-01 7.081347e-02 9.366882e-01 1.097223e+02
9.037504e-01 2.473195e-01 -3.493826e-01 2.328321e+02 -2.569270e-01 9.662365e-01 1.938044e-02 -7.294665e+01 3.423794e-01 7.225075e-02 9.367797e-01 1.104060e+02
9.045043e-01 2.470110e-01 -3.476458e-01 2.325626e+02 -2.562720e-01 9.664002e-01 1.988323e-02 -7.292889e+01 3.408764e-01 7.110743e-02 9.374151e-01 1.111158e+02
9.046830e-01 2.492607e-01 -3.455687e-01 2.323007e+02 -2.578049e-01 9.659505e-01 2.182429e-02 -7.292234e+01 3.392422e-01 6.934523e-02 9.381396e-01 1.118188e+02
9.048872e-01 2.525418e-01 -3.426396e-01 2.320233e+02 -2.606155e-01 9.651661e-01 2.310656e-02 -7.290957e+01 3.365395e-01 6.838834e-02 9.391827e-01 1.125349e+02
9.047054e-01 2.568814e-01 -3.398823e-01 2.317384e+02 -2.646934e-01 9.640328e-01 2.404506e-02 -7.289670e+01 3.338344e-01 6.821093e-02 9.401605e-01 1.132617e+02
9.056735e-01 2.574263e-01 -3.368787e-01 2.314606e+02 -2.648293e-01 9.639801e-01 2.465277e-02 -7.288632e+01 3.310906e-01 6.688799e-02 9.412253e-01 1.139983e+02
9.057666e-01 2.572004e-01 -3.368008e-01 2.311888e+02 -2.657623e-01 9.638034e-01 2.129430e-02 -7.287838e+01 3.300866e-01 7.022129e-02 9.413351e-01 1.147389e+02
9.060843e-01 2.567589e-01 -3.362829e-01 2.309086e+02 -2.663429e-01 9.637070e-01 1.817268e-02 -7.286681e+01 3.287442e-01 7.310059e-02 9.415857e-01 1.154879e+02
9.057949e-01 2.578835e-01 -3.362019e-01 2.306238e+02 -2.681713e-01 9.632327e-01 1.634022e-02 -7.285422e+01 3.280545e-01 7.535880e-02 9.416482e-01 1.162506e+02
9.069705e-01 2.615518e-01 -3.301441e-01 2.300596e+02 -2.678332e-01 9.630814e-01 2.719697e-02 -7.283011e+01 3.250691e-01 6.375670e-02 9.435386e-01 1.178137e+02
9.068867e-01 2.648665e-01 -3.277228e-01 2.297674e+02 -2.699149e-01 9.623887e-01 3.088680e-02 -7.281493e+01 3.235776e-01 6.044641e-02 9.442689e-01 1.186105e+02
9.071650e-01 2.651229e-01 -3.267439e-01 2.294736e+02 -2.709067e-01 9.621812e-01 2.858275e-02 -7.280219e+01 3.219647e-01 6.258782e-02 9.446806e-01 1.194215e+02
9.078263e-01 2.625575e-01 -3.269786e-01 2.291808e+02 -2.688386e-01 9.628147e-01 2.671550e-02 -7.278429e+01 3.218341e-01 6.365143e-02 9.446541e-01 1.202450e+02
9.080144e-01 2.618046e-01 -3.270600e-01 2.288846e+02 -2.684965e-01 9.629459e-01 2.539293e-02 -7.276753e+01 3.215891e-01 6.475732e-02 9.446623e-01 1.210786e+02
9.067457e-01 2.656310e-01 -3.274941e-01 2.285834e+02 -2.724343e-01 9.618273e-01 2.584042e-02 -7.275128e+01 3.218568e-01 6.578992e-02 9.444998e-01 1.219142e+02
9.065133e-01 2.671161e-01 -3.269292e-01 2.282729e+02 -2.732306e-01 9.615408e-01 2.800564e-02 -7.273706e+01 3.218366e-01 6.393958e-02 9.446338e-01 1.227673e+02
9.067452e-01 2.642783e-01 -3.285881e-01 2.279621e+02 -2.708310e-01 9.622602e-01 2.656763e-02 -7.272165e+01 3.232085e-01 6.490175e-02 9.440996e-01 1.236298e+02
9.059356e-01 2.606160e-01 -3.337065e-01 2.273118e+02 -2.683977e-01 9.630225e-01 2.345783e-02 -7.268638e+01 3.274804e-01 6.831478e-02 9.423851e-01 1.253971e+02
9.060687e-01 2.576632e-01 -3.356326e-01 2.269935e+02 -2.614908e-01 9.645859e-01 3.459038e-02 -7.266389e+01 3.326591e-01 5.642357e-02 9.413577e-01 1.262899e+02
9.076308e-01 2.524453e-01 -3.353770e-01 2.266777e+02 -2.500061e-01 9.668893e-01 5.120643e-02 -7.264399e+01 3.371993e-01 3.736977e-02 9.406913e-01 1.272017e+02
9.095265e-01 2.437699e-01 -3.366567e-01 2.263131e+02 -2.378821e-01 9.694810e-01 5.931919e-02 -7.260616e+01 3.408425e-01 2.613223e-02 9.397572e-01 1.281483e+02
9.102596e-01 2.373530e-01 -3.392507e-01 2.260148e+02 -2.290668e-01 9.712447e-01 6.490067e-02 -7.257759e+01 3.448999e-01 1.863463e-02 9.384545e-01 1.290268e+02
9.106685e-01 2.286642e-01 -3.440865e-01 2.256923e+02 -2.211396e-01 9.732988e-01 6.153618e-02 -7.253553e+01 3.489701e-01 2.005207e-02 9.369193e-01 1.299367e+02
9.107195e-01 2.211373e-01 -3.488386e-01 2.254099e+02 -2.156437e-01 9.749197e-01 5.504028e-02 -7.250222e+01 3.522610e-01 2.509857e-02 9.355652e-01 1.307826e+02
9.092903e-01 2.199325e-01 -3.533000e-01 2.250566e+02 -2.186919e-01 9.748026e-01 4.397502e-02 -7.246564e+01 3.540693e-01 3.727777e-02 9.344760e-01 1.316535e+02
9.073532e-01 2.237661e-01 -3.558635e-01 2.246949e+02 -2.248771e-01 9.736131e-01 3.883140e-02 -7.243067e+01 3.551626e-01 4.479176e-02 9.337308e-01 1.325668e+02
9.063749e-01 2.258631e-01 -3.570300e-01 2.243715e+02 -2.287988e-01 9.728584e-01 3.460589e-02 -7.242381e+01 3.551558e-01 5.032211e-02 9.334517e-01 1.334018e+02
9.068381e-01 2.254737e-01 -3.560988e-01 2.242069e+02 -2.266479e-01 9.731946e-01 3.902526e-02 -7.246908e+01 3.553526e-01 4.531944e-02 9.336331e-01 1.339640e+02
9.080346e-01 2.264846e-01 -3.523889e-01 2.238490e+02 -2.254276e-01 9.732371e-01 4.463017e-02 -7.244058e+01 3.530660e-01 3.891246e-02 9.347889e-01 1.348462e+02
9.087582e-01 2.262578e-01 -3.506650e-01 2.235063e+02 -2.233744e-01 9.734883e-01 4.923774e-02 -7.241760e+01 3.525087e-01 3.358440e-02 9.352057e-01 1.357650e+02
9.096677e-01 2.235900e-01 -3.500173e-01 2.231434e+02 -2.217161e-01 9.740265e-01 4.598250e-02 -7.239061e+01 3.512073e-01 3.577565e-02 9.356140e-01 1.367075e+02
9.103069e-01 2.216351e-01 -3.495987e-01 2.228046e+02 -2.198063e-01 9.744843e-01 4.544863e-02 -7.236070e+01 3.507515e-01 3.547180e-02 9.357965e-01 1.376291e+02
9.109526e-01 2.193321e-01 -3.493691e-01 2.224751e+02 -2.169607e-01 9.750751e-01 4.643925e-02 -7.234670e+01 3.508467e-01 3.349539e-02 9.358337e-01 1.385452e+02
9.111342e-01 2.165781e-01 -3.506115e-01 2.221329e+02 -2.139920e-01 9.757224e-01 4.661757e-02 -7.232541e+01 3.521959e-01 3.255319e-02 9.353600e-01 1.394645e+02
9.111399e-01 2.128875e-01 -3.528498e-01 2.217739e+02 -2.100109e-01 9.765732e-01 4.690632e-02 -7.228762e+01 3.545694e-01 3.136408e-02 9.345035e-01 1.404039e+02
9.112944e-01 2.104921e-01 -3.538863e-01 2.214141e+02 -2.053839e-01 9.772776e-01 5.240112e-02 -7.224871e+01 3.568752e-01 2.492972e-02 9.338193e-01 1.413516e+02
9.115909e-01 2.079265e-01 -3.546386e-01 2.210477e+02 -2.012333e-01 9.779354e-01 5.610278e-02 -7.221890e+01 3.584789e-01 2.022231e-02 9.333188e-01 1.422988e+02
9.121886e-01 2.027286e-01 -3.561081e-01 2.207152e+02 -1.977252e-01 9.789394e-01 5.081684e-02 -7.218541e+01 3.589103e-01 2.405702e-02 9.330620e-01 1.432110e+02
9.121723e-01 2.034844e-01 -3.557186e-01 2.203602e+02 -2.015421e-01 9.785380e-01 4.294423e-02 -7.214869e+01 3.568227e-01 3.251974e-02 9.336059e-01 1.441308e+02
9.129893e-01 2.019159e-01 -3.545146e-01 2.199741e+02 -2.018925e-01 9.786903e-01 3.748061e-02 -7.211141e+01 3.545279e-01 3.735444e-02 9.342990e-01 1.451066e+02
9.134442e-01 2.038393e-01 -3.522347e-01 2.196087e+02 -2.028993e-01 9.783816e-01 4.001720e-02 -7.208243e+01 3.527771e-01 3.491470e-02 9.350558e-01 1.460422e+02
9.139621e-01 2.052760e-01 -3.500502e-01 2.192481e+02 -2.029727e-01 9.782092e-01 4.368949e-02 -7.205461e+01 3.513907e-01 3.112009e-02 9.357116e-01 1.470075e+02
9.146493e-01 2.065496e-01 -3.474968e-01 2.188912e+02 -2.031195e-01 9.780393e-01 4.670693e-02 -7.203365e+01 3.495128e-01 2.786291e-02 9.365172e-01 1.479543e+02
9.145909e-01 2.068136e-01 -3.474934e-01 2.185556e+02 -2.048394e-01 9.778572e-01 4.284936e-02 -7.201036e+01 3.486608e-01 3.199072e-02 9.367029e-01 1.488717e+02
9.136153e-01 2.116244e-01 -3.471629e-01 2.181887e+02 -2.104235e-01 9.767235e-01 4.162995e-02 -7.198273e+01 3.478921e-01 3.501750e-02 9.368804e-01 1.498135e+02
9.135329e-01 2.138164e-01 -3.460350e-01 2.178486e+02 -2.113866e-01 9.763553e-01 4.523278e-02 -7.196518e+01 3.475246e-01 3.182552e-02 9.371306e-01 1.507377e+02
9.133889e-01 2.150022e-01 -3.456802e-01 2.175098e+02 -2.113950e-01 9.761920e-01 4.859275e-02 -7.194328e+01 3.478978e-01 2.869100e-02 9.370933e-01 1.516584e+02
9.136805e-01 2.121741e-01 -3.466557e-01 2.171825e+02 -2.086662e-01 9.768138e-01 4.788723e-02 -7.191880e+01 3.487785e-01 2.858168e-02 9.367693e-01 1.525498e+02
9.168109e-01 1.991819e-01 -3.460987e-01 2.164829e+02 -1.966037e-01 9.795427e-01 4.293209e-02 -7.186646e+01 3.475698e-01 2.868366e-02 9.372153e-01 1.544611e+02
9.164673e-01 2.002342e-01 -3.464014e-01 2.161262e+02 -1.991159e-01 9.791910e-01 3.921559e-02 -7.183383e+01 3.470454e-01 3.303422e-02 9.372664e-01 1.553890e+02
9.151211e-01 2.034376e-01 -3.480898e-01 2.157739e+02 -2.063745e-01 9.780417e-01 2.905240e-02 -7.182245e+01 3.463567e-01 4.525038e-02 9.370109e-01 1.562918e+02
9.136265e-01 2.085648e-01 -3.489804e-01 2.153991e+02 -2.141643e-01 9.765284e-01 2.293329e-02 -7.180322e+01 3.455724e-01 5.378670e-02 9.368494e-01 1.572274e+02
9.111847e-01 2.183880e-01 -3.493553e-01 2.150560e+02 -2.255644e-01 9.740114e-01 2.055662e-02 -7.180080e+01 3.447654e-01 6.007125e-02 9.367648e-01 1.581068e+02
9.082401e-01 2.314865e-01 -3.485885e-01 2.146842e+02 -2.389857e-01 9.707741e-01 2.198761e-02 -7.178798e+01 3.434905e-01 6.333764e-02 9.370179e-01 1.590177e+02
9.050272e-01 2.406562e-01 -3.507284e-01 2.143115e+02 -2.499637e-01 9.680641e-01 1.923627e-02 -7.177276e+01 3.441569e-01 7.026002e-02 9.362796e-01 1.599355e+02
9.042023e-01 2.410625e-01 -3.525720e-01 2.139487e+02 -2.505698e-01 9.679086e-01 1.917551e-02 -7.176749e+01 3.458800e-01 7.100534e-02 9.355882e-01 1.608615e+02
9.041599e-01 2.391724e-01 -3.539654e-01 2.136201e+02 -2.467196e-01 9.687801e-01 2.438516e-02 -7.176338e+01 3.487468e-01 6.528209e-02 9.349406e-01 1.617640e+02
9.047975e-01 2.381353e-01 -3.530341e-01 2.132480e+02 -2.414448e-01 9.697707e-01 3.534509e-02 -7.174553e+01 3.507791e-01 5.325810e-02 9.349426e-01 1.627258e+02
9.059954e-01 2.328616e-01 -3.534797e-01 2.128799e+02 -2.338190e-01 9.714299e-01 4.065233e-02 -7.173275e+01 3.528471e-01 4.581945e-02 9.345584e-01 1.637223e+02
9.064570e-01 2.271682e-01 -3.559920e-01 2.125230e+02 -2.303954e-01 9.725054e-01 3.392974e-02 -7.171683e+01 3.539119e-01 5.126309e-02 9.338728e-01 1.646587e+02
9.066564e-01 2.221626e-01 -3.586334e-01 2.121560e+02 -2.303990e-01 9.728864e-01 2.020518e-02 -7.169282e+01 3.533984e-01 6.430962e-02 9.332598e-01 1.655892e+02
9.067753e-01 2.195700e-01 -3.599270e-01 2.117635e+02 -2.312779e-01 9.728278e-01 1.079858e-02 -7.172453e+01 3.525181e-01 7.345129e-02 9.329180e-01 1.665810e+02
9.065444e-01 2.213184e-01 -3.594376e-01 2.113998e+02 -2.338313e-01 9.722366e-01 8.889921e-03 -7.173526e+01 3.514259e-01 7.598863e-02 9.331268e-01 1.675047e+02
9.074681e-01 2.265957e-01 -3.537740e-01 2.106234e+02 -2.349784e-01 9.718009e-01 1.970308e-02 -7.172114e+01 3.482625e-01 6.524933e-02 9.351234e-01 1.694888e+02
9.081966e-01 2.256878e-01 -3.524826e-01 2.102439e+02 -2.336117e-01 9.721137e-01 2.050842e-02 -7.171357e+01 3.472817e-01 6.371837e-02 9.355936e-01 1.704574e+02
9.086705e-01 2.228044e-01 -3.530951e-01 2.098695e+02 -2.309079e-01 9.727782e-01 1.959829e-02 -7.170580e+01 3.478498e-01 6.372403e-02 9.353822e-01 1.714231e+02
9.089330e-01 2.172631e-01 -3.558617e-01 2.095039e+02 -2.265944e-01 9.738609e-01 1.580650e-02 -7.170389e+01 3.499940e-01 6.626924e-02 9.344049e-01 1.724105e+02
9.088210e-01 2.161493e-01 -3.568247e-01 2.091195e+02 -2.246493e-01 9.742734e-01 1.799902e-02 -7.169805e+01 3.515353e-01 6.380251e-02 9.339980e-01 1.733923e+02
9.083266e-01 2.173577e-01 -3.573492e-01 2.087602e+02 -2.242447e-01 9.742707e-01 2.260482e-02 -7.169456e+01 3.530682e-01 5.960111e-02 9.336973e-01 1.743454e+02
9.075491e-01 2.209072e-01 -3.571478e-01 2.083897e+02 -2.262692e-01 9.736827e-01 2.728033e-02 -7.170375e+01 3.537751e-01 5.605331e-02 9.336494e-01 1.752958e+02
9.077858e-01 2.168624e-01 -3.590203e-01 2.080326e+02 -2.229555e-01 9.745106e-01 2.489805e-02 -7.168960e+01 3.552686e-01 5.744344e-02 9.329976e-01 1.762616e+02
9.089323e-01 2.123975e-01 -3.587888e-01 2.076505e+02 -2.175116e-01 9.756961e-01 2.656721e-02 -7.167532e+01 3.557117e-01 5.389296e-02 9.330406e-01 1.772523e+02
9.104514e-01 2.056524e-01 -3.588666e-01 2.072763e+02 -2.104083e-01 9.772619e-01 2.622074e-02 -7.167325e+01 3.560991e-01 5.163582e-02 9.330205e-01 1.782471e+02
9.116560e-01 1.982059e-01 -3.599968e-01 2.069014e+02 -2.055825e-01 9.784723e-01 1.810709e-02 -7.166511e+01 3.558358e-01 5.750160e-02 9.327778e-01 1.792470e+02
9.121013e-01 1.933731e-01 -3.614943e-01 2.065217e+02 -2.040146e-01 9.789274e-01 8.897030e-03 -7.165641e+01 3.555971e-01 6.563511e-02 9.323319e-01 1.802212e+02
9.124948e-01 1.931006e-01 -3.606459e-01 2.061562e+02 -2.039260e-01 9.789520e-01 8.193016e-03 -7.169139e+01 3.546371e-01 6.606899e-02 9.326668e-01 1.811772e+02
9.127728e-01 1.951030e-01 -3.588601e-01 2.057749e+02 -2.041113e-01 9.788611e-01 1.301760e-02 -7.169840e+01 3.538140e-01 6.136528e-02 9.333006e-01 1.821586e+02
9.114508e-01 2.039175e-01 -3.573164e-01 2.054060e+02 -2.117208e-01 9.771717e-01 1.760142e-02 -7.171336e+01 3.527487e-01 5.960850e-02 9.338175e-01 1.831095e+02
9.109924e-01 2.081660e-01 -3.560334e-01 2.050361e+02 -2.152496e-01 9.763524e-01 2.008977e-02 -7.171271e+01 3.517961e-01 5.833444e-02 9.342573e-01 1.840622e+02
9.099084e-01 2.138305e-01 -3.554479e-01 2.046377e+02 -2.210340e-01 9.750454e-01 2.074503e-02 -7.169732e+01 3.510137e-01 5.968999e-02 9.344659e-01 1.850410e+02
9.094084e-01 2.183675e-01 -3.539660e-01 2.042557e+02 -2.244900e-01 9.741752e-01 2.422558e-02 -7.168550e+01 3.501150e-01 5.743090e-02 9.349445e-01 1.860060e+02
9.077662e-01 2.254279e-01 -3.537552e-01 2.038598e+02 -2.307469e-01 9.726201e-01 2.767872e-02 -7.167431e+01 3.503089e-01 5.650208e-02 9.349284e-01 1.869780e+02
9.069637e-01 2.273107e-01 -3.546078e-01 2.034511e+02 -2.331266e-01 9.720753e-01 2.686289e-02 -7.165990e+01 3.508117e-01 5.830484e-02 9.346292e-01 1.879602e+02
9.069321e-01 2.249029e-01 -3.562201e-01 2.030639e+02 -2.313356e-01 9.725514e-01 2.505177e-02 -7.165067e+01 3.520766e-01 5.968612e-02 9.340662e-01 1.889383e+02
9.058726e-01 2.255550e-01 -3.584966e-01 2.026783e+02 -2.339217e-01 9.720395e-01 2.048854e-02 -7.164399e+01 3.530942e-01 6.530013e-02 9.333062e-01 1.898897e+02
9.050026e-01 2.273750e-01 -3.595427e-01 2.022927e+02 -2.368469e-01 9.713777e-01 1.813385e-02 -7.163481e+01 3.533749e-01 6.874540e-02 9.329524e-01 1.908446e+02
9.038706e-01 2.318264e-01 -3.595476e-01 2.019329e+02 -2.415071e-01 9.702237e-01 1.844634e-02 -7.164017e+01 3.531179e-01 7.016017e-02 9.329444e-01 1.917702e+02
9.036138e-01 2.363062e-01 -3.572695e-01 2.015522e+02 -2.454644e-01 9.691948e-01 2.021376e-02 -7.163266e+01 3.510404e-01 6.943150e-02 9.337826e-01 1.927131e+02
9.031718e-01 2.407091e-01 -3.554432e-01 2.011732e+02 -2.488064e-01 9.682679e-01 2.350872e-02 -7.163024e+01 3.498230e-01 6.720412e-02 9.344022e-01 1.936647e+02
9.037444e-01 2.388865e-01 -3.552173e-01 2.008191e+02 -2.466109e-01 9.688147e-01 2.410793e-02 -7.163041e+01 3.498988e-01 6.581306e-02 9.344728e-01 1.946014e+02
9.033005e-01 2.402395e-01 -3.554338e-01 2.004461e+02 -2.488850e-01 9.682843e-01 2.195111e-02 -7.162600e+01 3.494345e-01 6.863369e-02 9.344437e-01 1.955411e+02
9.027773e-01 2.409345e-01 -3.562915e-01 2.000763e+02 -2.512756e-01 9.677531e-01 1.773586e-02 -7.161626e+01 3.490754e-01 7.351584e-02 9.342065e-01 1.964729e+02
9.025159e-01 2.400648e-01 -3.575389e-01 1.996997e+02 -2.516149e-01 9.677170e-01 1.462301e-02 -7.160224e+01 3.495069e-01 7.676462e-02 9.337838e-01 1.974120e+02
9.024977e-01 2.399707e-01 -3.576478e-01 1.993230e+02 -2.514292e-01 9.677614e-01 1.487520e-02 -7.159484e+01 3.496874e-01 7.649826e-02 9.337381e-01 1.983477e+02
9.022769e-01 2.436210e-01 -3.557319e-01 1.989416e+02 -2.526842e-01 9.673088e-01 2.154888e-02 -7.158960e+01 3.493524e-01 7.044479e-02 9.343396e-01 1.992878e+02
9.030748e-01 2.451923e-01 -3.526140e-01 1.985679e+02 -2.492234e-01 9.678242e-01 3.470000e-02 -7.157776e+01 3.497766e-01 5.654296e-02 9.351253e-01 2.002183e+02
9.026442e-01 2.463447e-01 -3.529133e-01 1.981979e+02 -2.473064e-01 9.679763e-01 4.314399e-02 -7.156316e+01 3.522400e-01 4.833406e-02 9.346608e-01 2.011522e+02
9.032445e-01 2.391441e-01 -3.563137e-01 1.978545e+02 -2.423001e-01 9.695154e-01 3.647815e-02 -7.155773e+01 3.541751e-01 5.338614e-02 9.336541e-01 2.020513e+02
9.032130e-01 2.298535e-01 -3.624551e-01 1.974902e+02 -2.395080e-01 9.707134e-01 1.874746e-02 -7.154290e+01 3.561492e-01 6.987796e-02 9.318127e-01 2.029758e+02
9.022296e-01 2.288149e-01 -3.655482e-01 1.971203e+02 -2.445724e-01 9.696254e-01 3.294541e-03 -7.153971e+01 3.551987e-01 8.643057e-02 9.307866e-01 2.038873e+02
9.012495e-01 2.320583e-01 -3.659211e-01 1.967187e+02 -2.504994e-01 9.681120e-01 -3.017048e-03 -7.154328e+01 3.535525e-01 9.438213e-02 9.306410e-01 2.048236e+02
9.000923e-01 2.407494e-01 -3.631440e-01 1.963254e+02 -2.563030e-01 9.665807e-01 5.527849e-03 -7.153827e+01 3.523388e-01 8.809932e-02 9.317166e-01 2.057655e+02
9.003403e-01 2.454313e-01 -3.593755e-01 1.959411e+02 -2.566822e-01 9.663482e-01 1.689260e-02 -7.154539e+01 3.514279e-01 7.703620e-02 9.330401e-01 2.066870e+02
9.012285e-01 2.464235e-01 -3.564586e-01 1.955942e+02 -2.551397e-01 9.666265e-01 2.317319e-02 -7.153978e+01 3.502727e-01 7.006240e-02 9.340237e-01 2.075679e+02
9.011896e-01 2.475930e-01 -3.557457e-01 1.952263e+02 -2.567838e-01 9.662190e-01 2.197691e-02 -7.153437e+01 3.491696e-01 7.154436e-02 9.343244e-01 2.084722e+02
9.013481e-01 2.479948e-01 -3.550636e-01 1.948905e+02 -2.571497e-01 9.661211e-01 2.200062e-02 -7.153278e+01 3.484905e-01 7.147428e-02 9.345832e-01 2.093203e+02
9.025161e-01 2.431229e-01 -3.554658e-01 1.945482e+02 -2.527495e-01 9.673274e-01 1.988637e-02 -7.153764e+01 3.486866e-01 7.189603e-02 9.344777e-01 2.102112e+02
9.028654e-01 2.405838e-01 -3.563054e-01 1.942067e+02 -2.511851e-01 9.677902e-01 1.697499e-02 -7.153303e+01 3.489128e-01 7.417250e-02 9.342153e-01 2.111078e+02
9.031174e-01 2.389835e-01 -3.567435e-01 1.938681e+02 -2.508227e-01 9.679396e-01 1.345297e-02 -7.152942e+01 3.485212e-01 7.732975e-02 9.341055e-01 2.119854e+02
9.044807e-01 2.344311e-01 -3.563100e-01 1.935504e+02 -2.459274e-01 9.691957e-01 1.339596e-02 -7.153551e+01 3.484745e-01 7.550998e-02 9.342718e-01 2.128353e+02
9.052573e-01 2.323449e-01 -3.557036e-01 1.932127e+02 -2.425139e-01 9.700090e-01 1.641580e-02 -7.153551e+01 3.488498e-01 7.140252e-02 9.344547e-01 2.137146e+02
9.062129e-01 2.305619e-01 -3.544281e-01 1.928608e+02 -2.391442e-01 9.707769e-01 2.005659e-02 -7.152668e+01 3.486949e-01 6.658390e-02 9.348681e-01 2.146053e+02
9.070038e-01 2.301731e-01 -3.526536e-01 1.925147e+02 -2.372700e-01 9.711566e-01 2.361898e-02 -7.152093e+01 3.479183e-01 6.225161e-02 9.354558e-01 2.154930e+02
9.078488e-01 2.279836e-01 -3.519005e-01 1.921860e+02 -2.358968e-01 9.715543e-01 2.085780e-02 -7.151994e+01 3.466457e-01 6.407648e-02 9.358050e-01 2.163570e+02
9.083136e-01 2.274555e-01 -3.510420e-01 1.918606e+02 -2.368505e-01 9.714048e-01 1.657004e-02 -7.152060e+01 3.447728e-01 6.809370e-02 9.362131e-01 2.172193e+02
9.086541e-01 2.248745e-01 -3.518226e-01 1.915174e+02 -2.374964e-01 9.713596e-01 7.480845e-03 -7.151650e+01 3.434285e-01 7.675911e-02 9.360368e-01 2.180892e+02
9.089353e-01 2.212424e-01 -3.533957e-01 1.911884e+02 -2.356810e-01 9.718279e-01 2.237383e-03 -7.151968e+01 3.439348e-01 8.125503e-02 9.354713e-01 2.189390e+02
9.081804e-01 2.201912e-01 -3.559834e-01 1.908714e+02 -2.342951e-01 9.721589e-01 3.591814e-03 -7.153681e+01 3.468633e-01 8.014314e-02 9.344854e-01 2.197839e+02
9.060717e-01 2.269130e-01 -3.571337e-01 1.905267e+02 -2.374503e-01 9.712884e-01 1.470305e-02 -7.153683e+01 3.502162e-01 7.147949e-02 9.339375e-01 2.206358e+02
9.054404e-01 2.261812e-01 -3.591932e-01 1.901867e+02 -2.340127e-01 9.719810e-01 2.215863e-02 -7.153415e+01 3.541408e-01 6.399246e-02 9.330001e-01 2.214920e+02
9.044744e-01 2.277216e-01 -3.606508e-01 1.898645e+02 -2.341244e-01 9.718459e-01 2.648213e-02 -7.153127e+01 3.565275e-01 6.048472e-02 9.323249e-01 2.223215e+02
9.039883e-01 2.301222e-01 -3.603457e-01 1.895204e+02 -2.367969e-01 9.712063e-01 2.618174e-02 -7.151987e+01 3.559950e-01 6.166077e-02 9.324513e-01 2.231689e+02
9.034555e-01 2.326876e-01 -3.600342e-01 1.891734e+02 -2.396342e-01 9.705175e-01 2.591015e-02 -7.151062e+01 3.554485e-01 6.286784e-02 9.325792e-01 2.240106e+02
9.037331e-01 2.301720e-01 -3.609534e-01 1.888483e+02 -2.385588e-01 9.708829e-01 2.182156e-02 -7.150253e+01 3.554662e-01 6.638774e-02 9.323285e-01 2.248301e+02
9.040206e-01 2.291123e-01 -3.609075e-01 1.885281e+02 -2.372250e-01 9.711982e-01 2.232471e-02 -7.149716e+01 3.556276e-01 6.543428e-02 9.323344e-01 2.256580e+02
9.035361e-01 2.318190e-01 -3.603920e-01 1.881889e+02 -2.396269e-01 9.705794e-01 2.355006e-02 -7.149210e+01 3.552484e-01 6.508128e-02 9.325036e-01 2.264840e+02
9.030649e-01 2.329934e-01 -3.608154e-01 1.878491e+02 -2.417581e-01 9.701016e-01 2.135181e-02 -7.148170e+01 3.550024e-01 6.794798e-02 9.323928e-01 2.273190e+02
9.018565e-01 2.340026e-01 -3.631771e-01 1.875191e+02 -2.451968e-01 9.693464e-01 1.568738e-02 -7.147248e+01 3.557153e-01 7.490207e-02 9.315881e-01 2.281396e+02
9.005777e-01 2.374150e-01 -3.641346e-01 1.871850e+02 -2.494694e-01 9.682767e-01 1.432676e-02 -7.147139e+01 3.559844e-01 7.793805e-02 9.312361e-01 2.289457e+02
9.006274e-01 2.392495e-01 -3.628084e-01 1.868477e+02 -2.492404e-01 9.682395e-01 1.978495e-02 -7.146793e+01 3.560190e-01 7.260763e-02 9.316537e-01 2.297776e+02
9.000411e-01 2.437261e-01 -3.612804e-01 1.864920e+02 -2.518094e-01 9.674452e-01 2.533431e-02 -7.145529e+01 3.556937e-01 6.817189e-02 9.321130e-01 2.306272e+02
8.994151e-01 2.465546e-01 -3.609201e-01 1.861538e+02 -2.551390e-01 9.665939e-01 2.449932e-02 -7.145174e+01 3.549036e-01 7.004975e-02 9.322749e-01 2.314469e+02
8.994846e-01 2.433652e-01 -3.629061e-01 1.858323e+02 -2.548541e-01 9.668355e-01 1.668952e-02 -7.144347e+01 3.549322e-01 7.747616e-02 9.316762e-01 2.322606e+02
8.995392e-01 2.409479e-01 -3.643808e-01 1.855045e+02 -2.549577e-01 9.669009e-01 9.957502e-03 -7.144594e+01 3.547194e-01 8.394452e-02 9.311968e-01 2.330841e+02
8.993752e-01 2.411929e-01 -3.646234e-01 1.851793e+02 -2.562844e-01 9.665744e-01 7.226921e-03 -7.144442e+01 3.541787e-01 8.694756e-02 9.311270e-01 2.339024e+02
8.993066e-01 2.430193e-01 -3.635783e-01 1.848356e+02 -2.577461e-01 9.661773e-01 8.270619e-03 -7.144058e+01 3.532910e-01 8.627305e-02 9.315269e-01 2.347528e+02
8.998477e-01 2.433388e-01 -3.620225e-01 1.844836e+02 -2.566417e-01 9.664359e-01 1.169251e-02 -7.144373e+01 3.527167e-01 8.238858e-02 9.320960e-01 2.356116e+02
8.996044e-01 2.458449e-01 -3.609324e-01 1.841360e+02 -2.579067e-01 9.660503e-01 1.519543e-02 -7.144191e+01 3.524146e-01 7.941701e-02 9.324682e-01 2.364815e+02
8.988784e-01 2.485943e-01 -3.608580e-01 1.837936e+02 -2.602028e-01 9.654058e-01 1.691445e-02 -7.143794e+01 3.525792e-01 7.869222e-02 9.324674e-01 2.373333e+02
8.997012e-01 2.427748e-01 -3.627646e-01 1.834468e+02 -2.562503e-01 9.665442e-01 1.131280e-02 -7.144007e+01 3.533745e-01 8.278041e-02 9.318121e-01 2.381929e+02
9.001036e-01 2.384406e-01 -3.646362e-01 1.831113e+02 -2.537570e-01 9.672488e-01 6.098503e-03 -7.144164e+01 3.541481e-01 8.703972e-02 9.311301e-01 2.390472e+02
9.002802e-01 2.372490e-01 -3.649775e-01 1.827667e+02 -2.530932e-01 9.674311e-01 4.568313e-03 -7.144484e+01 3.541744e-01 8.826054e-02 9.310051e-01 2.399026e+02
9.004672e-01 2.376426e-01 -3.642594e-01 1.824130e+02 -2.515306e-01 9.678018e-01 9.597431e-03 -7.144671e+01 3.548116e-01 8.298018e-02 9.312481e-01 2.407691e+02
9.004856e-01 2.381717e-01 -3.638681e-01 1.820638e+02 -2.509088e-01 9.679284e-01 1.262372e-02 -7.145007e+01 3.552048e-01 7.993023e-02 9.313650e-01 2.416365e+02
9.007145e-01 2.377342e-01 -3.635873e-01 1.817274e+02 -2.498470e-01 9.681826e-01 1.410750e-02 -7.145070e+01 3.553728e-01 7.813438e-02 9.314533e-01 2.424975e+02
9.005746e-01 2.392576e-01 -3.629342e-01 1.813845e+02 -2.521920e-01 9.676017e-01 1.209135e-02 -7.145179e+01 3.540687e-01 8.063993e-02 9.317363e-01 2.433391e+02
9.005590e-01 2.413389e-01 -3.615924e-01 1.810318e+02 -2.552493e-01 9.668278e-01 9.585536e-03 -7.145707e+01 3.519109e-01 8.366387e-02 9.322870e-01 2.441918e+02
9.002927e-01 2.431575e-01 -3.610368e-01 1.806907e+02 -2.580229e-01 9.661115e-01 7.259867e-03 -7.146149e+01 3.505671e-01 8.661976e-02 9.325233e-01 2.450314e+02
9.000489e-01 2.436250e-01 -3.613293e-01 1.803567e+02 -2.588357e-01 9.658994e-01 6.510773e-03 -7.147036e+01 3.505939e-01 8.766489e-02 9.324156e-01 2.458732e+02
9.005117e-01 2.420059e-01 -3.612643e-01 1.800232e+02 -2.572116e-01 9.663353e-01 6.191571e-03 -7.147855e+01 3.506009e-01 8.734579e-02 9.324429e-01 2.467164e+02
9.006194e-01 2.415173e-01 -3.613227e-01 1.796895e+02 -2.572356e-01 9.663371e-01 4.748515e-03 -7.149077e+01 3.503063e-01 8.866844e-02 9.324287e-01 2.475549e+02
9.009369e-01 2.408503e-01 -3.609761e-01 1.793477e+02 -2.578383e-01 9.661874e-01 1.137155e-03 -7.150032e+01 3.490445e-01 9.204896e-02 9.325744e-01 2.483919e+02
9.002841e-01 2.441615e-01 -3.603799e-01 1.790111e+02 -2.618261e-01 9.651150e-01 -2.050936e-04 -7.151028e+01 3.477580e-01 9.454152e-02 9.328056e-01 2.492139e+02
8.995743e-01 2.498217e-01 -3.582669e-01 1.786814e+02 -2.659414e-01 9.639790e-01 4.434714e-03 -7.151512e+01 3.464696e-01 9.128863e-02 9.336087e-01 2.500445e+02
8.990863e-01 2.560340e-01 -3.550921e-01 1.783493e+02 -2.695438e-01 9.629156e-01 1.181670e-02 -7.151828e+01 3.449492e-01 8.508863e-02 9.347566e-01 2.508719e+02
8.979116e-01 2.619227e-01 -3.537672e-01 1.780191e+02 -2.741501e-01 9.615524e-01 1.608359e-02 -7.151735e+01 3.443784e-01 8.254367e-02 9.351952e-01 2.516823e+02
8.977145e-01 2.613933e-01 -3.546578e-01 1.776925e+02 -2.745766e-01 9.614688e-01 1.361885e-02 -7.151538e+01 3.445523e-01 8.515490e-02 9.348970e-01 2.525040e+02
8.972190e-01 2.619398e-01 -3.555077e-01 1.773639e+02 -2.759491e-01 9.611009e-01 1.171231e-02 -7.150918e+01 3.447467e-01 8.759350e-02 9.346000e-01 2.533409e+02
8.976377e-01 2.613850e-01 -3.548584e-01 1.770209e+02 -2.759400e-01 9.611234e-01 9.945002e-03 -7.151406e+01 3.436622e-01 8.899263e-02 9.348672e-01 2.541874e+02
8.989512e-01 2.545358e-01 -3.565084e-01 1.767183e+02 -2.702600e-01 9.627692e-01 5.914862e-03 -7.152522e+01 3.447409e-01 9.103280e-02 9.342734e-01 2.550089e+02
8.998962e-01 2.497785e-01 -3.574877e-01 1.764081e+02 -2.671429e-01 9.636566e-01 8.386163e-04 -7.153807e+01 3.447048e-01 9.474563e-02 9.339175e-01 2.558185e+02
9.008419e-01 2.469903e-01 -3.570430e-01 1.761101e+02 -2.642496e-01 9.644542e-01 4.585893e-04 -7.156120e+01 3.444649e-01 9.393533e-02 9.340878e-01 2.566268e+02
9.009861e-01 2.494214e-01 -3.549830e-01 1.757811e+02 -2.644812e-01 9.643702e-01 6.312218e-03 -7.156757e+01 3.439094e-01 8.819910e-02 9.348514e-01 2.574614e+02
9.019920e-01 2.493453e-01 -3.524731e-01 1.751467e+02 -2.606230e-01 9.653092e-01 1.593132e-02 -7.157958e+01 3.442179e-01 7.749269e-02 9.356863e-01 2.591470e+02
9.018432e-01 2.520274e-01 -3.509431e-01 1.748206e+02 -2.626500e-01 9.647258e-01 1.786097e-02 -7.157655e+01 3.430653e-01 7.606743e-02 9.362264e-01 2.599738e+02
9.017906e-01 2.530708e-01 -3.503267e-01 1.744973e+02 -2.642422e-01 9.643167e-01 1.641107e-02 -7.157511e+01 3.419791e-01 7.777177e-02 9.364838e-01 2.607891e+02
9.015550e-01 2.542269e-01 -3.500961e-01 1.741693e+02 -2.663292e-01 9.637802e-01 1.402025e-02 -7.157755e+01 3.409800e-01 8.060079e-02 9.366088e-01 2.616166e+02
9.022446e-01 2.512583e-01 -3.504625e-01 1.738572e+02 -2.651463e-01 9.641695e-01 8.641947e-03 -7.158483e+01 3.400766e-01 8.512669e-02 9.365369e-01 2.624247e+02
9.022317e-01 2.501100e-01 -3.513162e-01 1.735544e+02 -2.659620e-01 9.639780e-01 3.248186e-03 -7.159366e+01 3.394735e-01 9.050614e-02 9.362513e-01 2.632285e+02
9.025022e-01 2.485120e-01 -3.517549e-01 1.732555e+02 -2.653182e-01 9.641608e-01 4.414517e-04 -7.160874e+01 3.392580e-01 9.292857e-02 9.360920e-01 2.640264e+02
9.018091e-01 2.524058e-01 -3.507587e-01 1.729511e+02 -2.685397e-01 9.632647e-01 2.742853e-03 -7.162243e+01 3.385658e-01 9.171910e-02 9.364618e-01 2.648224e+02
9.009561e-01 2.576697e-01 -3.491194e-01 1.726386e+02 -2.726969e-01 9.620792e-01 6.332400e-03 -7.163688e+01 3.375122e-01 8.949857e-02 9.370568e-01 2.656232e+02
9.006071e-01 2.587526e-01 -3.492190e-01 1.723305e+02 -2.740693e-01 9.616927e-01 5.760658e-03 -7.165042e+01 3.373319e-01 9.052210e-02 9.370234e-01 2.664189e+02
8.991217e-01 2.618207e-01 -3.507565e-01 1.720212e+02 -2.786757e-01 9.603819e-01 2.521664e-03 -7.166045e+01 3.375204e-01 9.548004e-02 9.364633e-01 2.672080e+02
8.993443e-01 2.596810e-01 -3.517749e-01 1.717147e+02 -2.774426e-01 9.607422e-01 -8.519415e-05 -7.166633e+01 3.379429e-01 9.767399e-02 9.360846e-01 2.680030e+02
9.001701e-01 2.585728e-01 -3.504767e-01 1.714068e+02 -2.738660e-01 9.617482e-01 6.151546e-03 -7.167508e+01 3.386610e-01 9.044619e-02 9.365513e-01 2.688099e+02
9.005857e-01 2.608016e-01 -3.477468e-01 1.710863e+02 -2.727646e-01 9.619631e-01 1.504999e-02 -7.167909e+01 3.384447e-01 8.129922e-02 9.374677e-01 2.696258e+02
9.008365e-01 2.633755e-01 -3.451478e-01 1.707729e+02 -2.727392e-01 9.618340e-01 2.210656e-02 -7.168687e+01 3.377972e-01 7.422095e-02 9.382880e-01 2.704260e+02
9.025365e-01 2.581746e-01 -3.446355e-01 1.701714e+02 -2.705638e-01 9.626200e-01 1.256505e-02 -7.169157e+01 3.349971e-01 8.190549e-02 9.386525e-01 2.719966e+02
9.029930e-01 2.543300e-01 -3.462945e-01 1.698717e+02 -2.711031e-01 9.625503e-01 3.351904e-06 -7.170088e+01 3.333267e-01 9.387850e-02 9.381258e-01 2.727662e+02
9.032830e-01 2.536081e-01 -3.460676e-01 1.692824e+02 -2.746124e-01 9.614779e-01 -1.217707e-02 -7.171726e+01 3.296482e-01 1.060338e-01 9.381306e-01 2.743087e+02
9.022115e-01 2.614472e-01 -3.430158e-01 1.689859e+02 -2.797331e-01 9.600695e-01 -3.996617e-03 -7.173481e+01 3.282741e-01 9.955867e-02 9.393211e-01 2.750723e+02
9.013503e-01 2.674427e-01 -3.406496e-01 1.686753e+02 -2.833886e-01 9.590002e-01 3.068283e-03 -7.174860e+01 3.275036e-01 9.377061e-02 9.401853e-01 2.758602e+02
9.001853e-01 2.710441e-01 -3.408833e-01 1.683723e+02 -2.870671e-01 9.579038e-01 3.580633e-03 -7.176153e+01 3.275039e-01 9.463316e-02 9.400988e-01 2.766434e+02
8.998861e-01 2.702485e-01 -3.423021e-01 1.680604e+02 -2.882903e-01 9.575411e-01 -1.911819e-03 -7.176086e+01 3.272517e-01 1.004028e-01 9.395880e-01 2.774368e+02
9.001585e-01 2.689476e-01 -3.426104e-01 1.677454e+02 -2.881278e-01 9.575772e-01 -5.319669e-03 -7.176148e+01 3.266452e-01 1.035041e-01 9.394625e-01 2.782449e+02
9.011421e-01 2.675217e-01 -3.411379e-01 1.674472e+02 -2.849958e-01 9.585281e-01 -1.156867e-03 -7.177026e+01 3.266808e-01 9.826536e-02 9.400125e-01 2.790458e+02
9.015620e-01 2.656396e-01 -3.414991e-01 1.671477e+02 -2.820903e-01 9.593866e-01 1.549504e-03 -7.178403e+01 3.280413e-01 9.493662e-02 9.398808e-01 2.798499e+02
9.003124e-01 2.668482e-01 -3.438454e-01 1.668661e+02 -2.834031e-01 9.589984e-01 2.197658e-03 -7.180832e+01 3.303336e-01 9.546827e-02 9.390237e-01 2.806219e+02
9.009322e-01 2.626138e-01 -3.454781e-01 1.665566e+02 -2.791554e-01 9.602439e-01 1.948424e-03 -7.180966e+01 3.322550e-01 9.468671e-02 9.384248e-01 2.814351e+02
9.009461e-01 2.619265e-01 -3.459633e-01 1.662383e+02 -2.771226e-01 9.608173e-01 5.754901e-03 -7.181426e+01 3.339149e-01 9.068940e-02 9.382304e-01 2.822640e+02
8.998775e-01 2.654193e-01 -3.460826e-01 1.659229e+02 -2.804728e-01 9.598376e-01 6.842895e-03 -7.181765e+01 3.339993e-01 9.090900e-02 9.381791e-01 2.830776e+02
8.990554e-01 2.658894e-01 -3.478538e-01 1.655912e+02 -2.826084e-01 9.592313e-01 2.785194e-03 -7.183566e+01 3.344128e-01 9.580238e-02 9.375446e-01 2.838992e+02
8.991635e-01 2.599979e-01 -3.520029e-01 1.652471e+02 -2.798368e-01 9.600306e-01 -5.718855e-03 -7.185010e+01 3.364466e-01 1.036455e-01 9.359814e-01 2.847442e+02
8.995617e-01 2.525226e-01 -3.564001e-01 1.649291e+02 -2.739811e-01 9.616815e-01 -1.014746e-02 -7.186489e+01 3.401810e-01 1.067752e-01 9.342783e-01 2.855726e+02
8.992625e-01 2.480707e-01 -3.602609e-01 1.646082e+02 -2.693578e-01 9.629957e-01 -9.249897e-03 -7.188898e+01 3.446351e-01 1.053572e-01 9.328057e-01 2.863942e+02
8.986595e-01 2.458313e-01 -3.632879e-01 1.642979e+02 -2.649193e-01 9.642665e-01 -2.822402e-03 -7.190536e+01 3.496125e-01 9.877834e-02 9.316726e-01 2.872330e+02
8.978843e-01 2.467965e-01 -3.645481e-01 1.639448e+02 -2.631655e-01 9.647381e-01 4.942768e-03 -7.190309e+01 3.529133e-01 9.149843e-02 9.311714e-01 2.881112e+02
8.957785e-01 2.535416e-01 -3.650994e-01 1.635809e+02 -2.670511e-01 9.635815e-01 1.393965e-02 -7.190882e+01 3.553373e-01 8.501338e-02 9.308642e-01 2.889702e+02
8.947127e-01 2.546671e-01 -3.669249e-01 1.632258e+02 -2.676754e-01 9.633773e-01 1.593772e-02 -7.190861e+01 3.575459e-01 8.395707e-02 9.301140e-01 2.898353e+02
8.939614e-01 2.528867e-01 -3.699748e-01 1.628746e+02 -2.695449e-01 9.629630e-01 6.913257e-03 -7.191447e+01 3.580203e-01 9.354465e-02 9.290161e-01 2.906804e+02
8.928429e-01 2.523270e-01 -3.730451e-01 1.625265e+02 -2.742024e-01 9.616544e-01 -5.812434e-03 -7.192516e+01 3.572738e-01 1.074794e-01 9.277950e-01 2.915258e+02
8.931623e-01 2.493624e-01 -3.742719e-01 1.621723e+02 -2.740277e-01 9.616306e-01 -1.324358e-02 -7.193931e+01 3.566089e-01 1.143895e-01 9.272244e-01 2.923810e+02
8.926207e-01 2.541239e-01 -3.723564e-01 1.618095e+02 -2.768857e-01 9.608697e-01 -7.986814e-03 -7.195594e+01 3.557564e-01 1.102294e-01 9.280554e-01 2.932550e+02
8.934009e-01 2.582174e-01 -3.676392e-01 1.614439e+02 -2.774457e-01 9.607411e-01 5.706803e-04 -7.197047e+01 3.533535e-01 1.014901e-01 9.299683e-01 2.941401e+02
8.935678e-01 2.639663e-01 -3.631231e-01 1.610790e+02 -2.796475e-01 9.600533e-01 9.742623e-03 -7.198014e+01 3.511893e-01 9.284076e-02 9.316902e-01 2.950249e+02
8.941508e-01 2.638263e-01 -3.617872e-01 1.607343e+02 -2.786183e-01 9.603306e-01 1.170214e-02 -7.198849e+01 3.505227e-01 9.033706e-02 9.321873e-01 2.958935e+02
8.947011e-01 2.627403e-01 -3.612166e-01 1.603848e+02 -2.772349e-01 9.607257e-01 1.212286e-02 -7.199007e+01 3.502152e-01 8.929553e-02 9.324031e-01 2.967713e+02
8.933895e-01 2.647941e-01 -3.629590e-01 1.600334e+02 -2.818938e-01 9.594263e-01 6.087295e-03 -7.199789e+01 3.498442e-01 9.687756e-02 9.317852e-01 2.976321e+02
8.929605e-01 2.652983e-01 -3.636458e-01 1.596814e+02 -2.832429e-01 9.590392e-01 4.143482e-03 -7.200642e+01 3.498499e-01 9.930014e-02 9.315281e-01 2.984931e+02
8.929549e-01 2.644757e-01 -3.642584e-01 1.593362e+02 -2.824466e-01 9.592743e-01 4.097771e-03 -7.201437e+01 3.505075e-01 9.922442e-02 9.312889e-01 2.993585e+02
8.919422e-01 2.711309e-01 -3.618386e-01 1.589859e+02 -2.875309e-01 9.577303e-01 8.869522e-03 -7.201342e+01 3.489486e-01 9.612869e-02 9.321986e-01 3.002277e+02
8.904447e-01 2.795199e-01 -3.591334e-01 1.586267e+02 -2.948802e-01 9.554523e-01 1.251171e-02 -7.201756e+01 3.466321e-01 9.476035e-02 9.332024e-01 3.010797e+02
8.916470e-01 2.750080e-01 -3.596335e-01 1.579439e+02 -2.924795e-01 9.562524e-01 6.085611e-03 -7.202663e+01 3.455740e-01 9.975920e-02 9.330738e-01 3.027785e+02
8.932454e-01 2.677344e-01 -3.611523e-01 1.576182e+02 -2.884533e-01 9.574871e-01 -3.619873e-03 -7.204019e+01 3.448295e-01 1.074090e-01 9.324998e-01 3.036267e+02
8.927617e-01 2.668530e-01 -3.629959e-01 1.573030e+02 -2.897591e-01 9.570566e-01 -9.070132e-03 -7.206583e+01 3.449872e-01 1.132788e-01 9.317466e-01 3.044313e+02
8.930018e-01 2.674755e-01 -3.619457e-01 1.569589e+02 -2.890694e-01 9.572908e-01 -5.767690e-03 -7.207927e+01 3.449446e-01 1.097780e-01 9.321813e-01 3.052885e+02
8.941741e-01 2.651072e-01 -3.607921e-01 1.566285e+02 -2.842111e-01 9.587617e-01 1.119418e-04 -7.208900e+01 3.459433e-01 1.024410e-01 9.326463e-01 3.061401e+02
8.957838e-01 2.615996e-01 -3.593563e-01 1.563006e+02 -2.784886e-01 9.604267e-01 4.957795e-03 -7.210296e+01 3.464324e-01 9.563553e-02 9.331873e-01 3.069910e+02
8.962342e-01 2.597072e-01 -3.596060e-01 1.559881e+02 -2.763016e-01 9.610555e-01 5.456237e-03 -7.211735e+01 3.470184e-01 9.446965e-02 9.330883e-01 3.078205e+02
8.974275e-01 2.558150e-01 -3.594199e-01 1.556683e+02 -2.720165e-01 9.622757e-01 5.702179e-03 -7.212993e+01 3.473197e-01 9.265083e-02 9.331585e-01 3.086524e+02
8.989489e-01 2.496999e-01 -3.599179e-01 1.553388e+02 -2.654538e-01 9.641058e-01 5.856012e-03 -7.214553e+01 3.484612e-01 9.027732e-02 9.329656e-01 3.094910e+02
9.003102e-01 2.467364e-01 -3.585563e-01 1.546961e+02 -2.601128e-01 9.655123e-01 1.128094e-02 -7.216706e+01 3.489739e-01 8.310874e-02 9.334400e-01 3.111615e+02
9.000897e-01 2.483704e-01 -3.579813e-01 1.543599e+02 -2.620556e-01 9.649943e-01 1.062220e-02 -7.217507e+01 3.480881e-01 8.425005e-02 9.336683e-01 3.119903e+02
8.983410e-01 2.539577e-01 -3.584536e-01 1.540281e+02 -2.696977e-01 9.629244e-01 6.309300e-03 -7.217928e+01 3.467660e-01 9.100620e-02 9.335262e-01 3.128028e+02
8.978851e-01 2.551854e-01 -3.587239e-01 1.537044e+02 -2.731240e-01 9.619786e-01 6.939299e-04 -7.218455e+01 3.452618e-01 9.735302e-02 9.334435e-01 3.136137e+02
8.975675e-01 2.569495e-01 -3.582591e-01 1.533694e+02 -2.760360e-01 9.611447e-01 -2.219848e-03 -7.218866e+01 3.437684e-01 1.008849e-01 9.336196e-01 3.144321e+02
8.972208e-01 2.618063e-01 -3.556012e-01 1.530402e+02 -2.796222e-01 9.601092e-01 1.349271e-03 -7.220409e+01 3.417692e-01 9.822339e-02 9.346368e-01 3.152547e+02
8.965592e-01 2.662911e-01 -3.539358e-01 1.527131e+02 -2.829092e-01 9.591338e-01 4.983745e-03 -7.221324e+01 3.407989e-01 9.566348e-02 9.352564e-01 3.161087e+02
8.959404e-01 2.708416e-01 -3.520450e-01 1.523963e+02 -2.857924e-01 9.582406e-01 9.880766e-03 -7.222032e+01 3.400199e-01 9.175921e-02 9.359309e-01 3.169241e+02
8.971574e-01 2.667156e-01 -3.520958e-01 1.520887e+02 -2.818717e-01 9.594141e-01 8.541368e-03 -7.222797e+01 3.400838e-01 9.158291e-02 9.359250e-01 3.177485e+02
8.984075e-01 2.619473e-01 -3.524876e-01 1.517789e+02 -2.783477e-01 9.604707e-01 4.320857e-03 -7.223799e+01 3.396859e-01 9.423221e-02 9.358065e-01 3.185542e+02
8.965238e-01 2.672360e-01 -3.533130e-01 1.514824e+02 -2.843814e-01 9.587048e-01 3.525880e-03 -7.224686e+01 3.396650e-01 9.731459e-02 9.354985e-01 3.193407e+02
8.948009e-01 2.726084e-01 -3.535760e-01 1.511546e+02 -2.886306e-01 9.574094e-01 7.723578e-03 -7.224695e+01 3.406225e-01 9.514181e-02 9.353739e-01 3.201584e+02
8.940007e-01 2.760723e-01 -3.529120e-01 1.508416e+02 -2.894640e-01 9.570649e-01 1.540938e-02 -7.225174e+01 3.420138e-01 8.837932e-02 9.355296e-01 3.209711e+02
8.934847e-01 2.786706e-01 -3.521757e-01 1.505074e+02 -2.910802e-01 9.565218e-01 1.839643e-02 -7.225154e+01 3.419903e-01 8.607445e-02 9.357531e-01 3.217724e+02
8.927467e-01 2.790082e-01 -3.537764e-01 1.501861e+02 -2.932934e-01 9.559232e-01 1.377622e-02 -7.225070e+01 3.420268e-01 9.146160e-02 9.352286e-01 3.225482e+02
8.900366e-01 2.859722e-01 -3.550420e-01 1.498707e+02 -3.026591e-01 9.530571e-01 8.929101e-03 -7.224145e+01 3.409287e-01 9.950945e-02 9.348077e-01 3.232956e+02
8.880355e-01 2.918640e-01 -3.552581e-01 1.495596e+02 -3.106687e-01 9.505084e-01 4.318849e-03 -7.223980e+01 3.389363e-01 1.065323e-01 9.347583e-01 3.240243e+02
8.876981e-01 2.947443e-01 -3.537201e-01 1.492692e+02 -3.141641e-01 9.493650e-01 2.649275e-03 -7.224459e+01 3.365904e-01 1.087744e-01 9.353476e-01 3.247430e+02
8.885281e-01 2.952631e-01 -3.511945e-01 1.489761e+02 -3.149171e-01 9.491184e-01 1.215753e-03 -7.224586e+01 3.336841e-01 1.095169e-01 9.363017e-01 3.254608e+02
8.888733e-01 2.985387e-01 -3.475326e-01 1.487149e+02 -3.178692e-01 9.481334e-01 1.464779e-03 -7.224542e+01 3.299446e-01 1.091679e-01 9.376667e-01 3.261292e+02
8.893470e-01 3.029130e-01 -3.424990e-01 1.484649e+02 -3.204926e-01 9.472348e-01 5.549197e-03 -7.224681e+01 3.261079e-01 1.048332e-01 9.395018e-01 3.267785e+02
8.898960e-01 3.081555e-01 -3.363410e-01 1.482051e+02 -3.240055e-01 9.460078e-01 9.473304e-03 -7.226001e+01 3.211004e-01 1.005461e-01 9.416926e-01 3.274172e+02
8.926412e-01 3.060277e-01 -3.309663e-01 1.479800e+02 -3.226009e-01 9.465212e-01 5.121064e-03 -7.227520e+01 3.148338e-01 1.021988e-01 9.436287e-01 3.280281e+02
8.972122e-01 2.980504e-01 -3.258468e-01 1.477781e+02 -3.166929e-01 9.485179e-01 -4.402629e-03 -7.229682e+01 3.077593e-01 1.071435e-01 9.454123e-01 3.286195e+02
9.013507e-01 2.916999e-01 -3.201218e-01 1.475829e+02 -3.117899e-01 9.500731e-01 -1.216982e-02 -7.232127e+01 3.005892e-01 1.107800e-01 9.472982e-01 3.292091e+02
9.059061e-01 2.863698e-01 -3.119719e-01 1.474076e+02 -3.066744e-01 9.516634e-01 -1.695838e-02 -7.234271e+01 2.920358e-01 1.110365e-01 9.499400e-01 3.297827e+02
9.088204e-01 2.869331e-01 -3.028446e-01 1.472294e+02 -3.063197e-01 9.517681e-01 -1.748696e-02 -7.236502e+01 2.832202e-01 1.086598e-01 9.528795e-01 3.303313e+02
9.126592e-01 2.831218e-01 -2.947798e-01 1.470716e+02 -3.010395e-01 9.534728e-01 -1.627503e-02 -7.238850e+01 2.764567e-01 1.035939e-01 9.554266e-01 3.308731e+02
9.163758e-01 2.795393e-01 -2.865541e-01 1.469227e+02 -2.958356e-01 9.551317e-01 -1.430720e-02 -7.241279e+01 2.696974e-01 9.788367e-02 9.579572e-01 3.314049e+02
9.202812e-01 2.749316e-01 -2.783797e-01 1.467782e+02 -2.909088e-01 9.566007e-01 -1.694861e-02 -7.243101e+01 2.616385e-01 9.658058e-02 9.603216e-01 3.319172e+02
9.216048e-01 2.763344e-01 -2.725506e-01 1.466321e+02 -2.926262e-01 9.560135e-01 -2.020274e-02 -7.245476e+01 2.549793e-01 9.837437e-02 9.619293e-01 3.324199e+02
9.240543e-01 2.742499e-01 -2.662905e-01 1.465063e+02 -2.907380e-01 9.565068e-01 -2.379279e-02 -7.248840e+01 2.481836e-01 9.940659e-02 9.635991e-01 3.329132e+02
9.275668e-01 2.666977e-01 -2.617101e-01 1.463830e+02 -2.833137e-01 9.586408e-01 -2.722514e-02 -7.252260e+01 2.436251e-01 9.939920e-02 9.647625e-01 3.334032e+02
9.307307e-01 2.561897e-01 -2.609736e-01 1.462624e+02 -2.742344e-01 9.610402e-01 -3.460038e-02 -7.255552e+01 2.419419e-01 1.037716e-01 9.647257e-01 3.338768e+02
9.324846e-01 2.479772e-01 -2.626400e-01 1.461471e+02 -2.678055e-01 9.625569e-01 -4.200542e-02 -7.258607e+01 2.423896e-01 1.095058e-01 9.639791e-01 3.343464e+02
9.314800e-01 2.498342e-01 -2.644389e-01 1.460105e+02 -2.708563e-01 9.615366e-01 -4.565316e-02 -7.260882e+01 2.428619e-01 1.141500e-01 9.633213e-01 3.347910e+02
9.283603e-01 2.583450e-01 -2.672173e-01 1.458565e+02 -2.797480e-01 9.590321e-01 -4.470420e-02 -7.263159e+01 2.447209e-01 1.162551e-01 9.625988e-01 3.352369e+02
9.261771e-01 2.600431e-01 -2.730815e-01 1.457225e+02 -2.818663e-01 9.584781e-01 -4.325642e-02 -7.265512e+01 2.504941e-01 1.170356e-01 9.610179e-01 3.356742e+02
9.268265e-01 2.511026e-01 -2.791776e-01 1.456008e+02 -2.721818e-01 9.614622e-01 -3.882677e-02 -7.267385e+01 2.586692e-01 1.119727e-01 9.594542e-01 3.361084e+02
9.266299e-01 2.435814e-01 -2.864003e-01 1.454906e+02 -2.632829e-01 9.641946e-01 -3.179420e-02 -7.270293e+01 2.684011e-01 1.048657e-01 9.575824e-01 3.365316e+02
9.244039e-01 2.410097e-01 -2.956210e-01 1.453616e+02 -2.599912e-01 9.652596e-01 -2.604669e-02 -7.273564e+01 2.790735e-01 1.009365e-01 9.549502e-01 3.369262e+02
9.197851e-01 2.433166e-01 -3.078837e-01 1.452188e+02 -2.626226e-01 9.646426e-01 -2.222523e-02 -7.275000e+01 2.915900e-01 1.012997e-01 9.511644e-01 3.373142e+02
9.141976e-01 2.466978e-01 -3.215323e-01 1.450698e+02 -2.665651e-01 9.636383e-01 -1.855395e-02 -7.276542e+01 3.052636e-01 1.026713e-01 9.467168e-01 3.376827e+02
9.076976e-01 2.503871e-01 -3.367365e-01 1.449272e+02 -2.710166e-01 9.624595e-01 -1.488907e-02 -7.278232e+01 3.203672e-01 1.047760e-01 9.414812e-01 3.380363e+02
9.012181e-01 2.502504e-01 -3.538089e-01 1.447809e+02 -2.724778e-01 9.620662e-01 -1.357925e-02 -7.278424e+01 3.369894e-01 1.086429e-01 9.352192e-01 3.383867e+02
8.953312e-01 2.436327e-01 -3.728607e-01 1.446444e+02 -2.677161e-01 9.634054e-01 -1.334959e-02 -7.279715e+01 3.559636e-01 1.117731e-01 9.277913e-01 3.387296e+02
8.888816e-01 2.374936e-01 -3.917733e-01 1.444971e+02 -2.622679e-01 9.649422e-01 -1.010139e-02 -7.281267e+01 3.756396e-01 1.117285e-01 9.200063e-01 3.390608e+02
8.794399e-01 2.368101e-01 -4.129242e-01 1.443389e+02 -2.616025e-01 9.651689e-01 -3.637260e-03 -7.280795e+01 3.976802e-01 1.112207e-01 9.107581e-01 3.393845e+02
8.672078e-01 2.380481e-01 -4.373600e-01 1.441698e+02 -2.620211e-01 9.650452e-01 5.717103e-03 -7.280844e+01 4.234331e-01 1.096396e-01 8.992684e-01 3.396926e+02
8.537322e-01 2.361952e-01 -4.640616e-01 1.440004e+02 -2.595956e-01 9.656174e-01 1.389716e-02 -7.279554e+01 4.513884e-01 1.086039e-01 8.856939e-01 3.399882e+02
8.380905e-01 2.362764e-01 -4.917090e-01 1.438096e+02 -2.582183e-01 9.657894e-01 2.396333e-02 -7.279361e+01 4.805493e-01 1.068848e-01 8.704298e-01 3.402777e+02
8.190408e-01 2.412296e-01 -5.205578e-01 1.436127e+02 -2.619168e-01 9.644614e-01 3.483972e-02 -7.278253e+01 5.104623e-01 1.078077e-01 8.531153e-01 3.405487e+02
7.985850e-01 2.478589e-01 -5.484779e-01 1.433972e+02 -2.674499e-01 9.624947e-01 4.554669e-02 -7.277110e+01 5.391962e-01 1.103175e-01 8.349236e-01 3.408047e+02
7.601217e-01 2.454701e-01 -6.016306e-01 1.429873e+02 -2.590160e-01 9.636212e-01 6.591499e-02 -7.273591e+01 5.959242e-01 1.057285e-01 7.960502e-01 3.413178e+02
7.403289e-01 2.420231e-01 -6.271666e-01 1.427760e+02 -2.513370e-01 9.649363e-01 7.568150e-02 -7.270555e+01 6.234925e-01 1.016009e-01 7.751996e-01 3.415699e+02
7.189264e-01 2.446440e-01 -6.506106e-01 1.425446e+02 -2.500499e-01 9.643773e-01 8.632143e-02 -7.268038e+01 6.485521e-01 1.006264e-01 7.544895e-01 3.417928e+02
6.964456e-01 2.470131e-01 -6.737566e-01 1.423103e+02 -2.493592e-01 9.636857e-01 9.555053e-02 -7.263981e+01 6.728919e-01 1.014617e-01 7.327497e-01 3.420147e+02
6.718865e-01 2.493438e-01 -6.974211e-01 1.420727e+02 -2.485702e-01 9.629278e-01 1.047991e-01 -7.259384e+01 6.976972e-01 1.029450e-01 7.089576e-01 3.422268e+02
6.474198e-01 2.515144e-01 -7.194360e-01 1.418141e+02 -2.447617e-01 9.625879e-01 1.162594e-01 -7.256413e+01 7.217613e-01 1.008218e-01 6.847595e-01 3.424421e+02
6.226844e-01 2.519825e-01 -7.407894e-01 1.415465e+02 -2.393346e-01 9.626894e-01 1.262855e-01 -7.252006e+01 7.449719e-01 9.866051e-02 6.597598e-01 3.426457e+02
5.959720e-01 2.517413e-01 -7.625245e-01 1.412661e+02 -2.322779e-01 9.630385e-01 1.363961e-01 -7.247227e+01 7.686770e-01 9.582936e-02 6.324179e-01 3.428543e+02
5.683814e-01 2.511779e-01 -7.834872e-01 1.409705e+02 -2.233767e-01 9.636033e-01 1.468725e-01 -7.242221e+01 7.918620e-01 9.153316e-02 6.038015e-01 3.430558e+02
5.390991e-01 2.529722e-01 -8.033538e-01 1.406553e+02 -2.186160e-01 9.631647e-01 1.565913e-01 -7.236286e+01 8.133752e-01 9.120775e-02 5.745449e-01 3.432406e+02
5.079250e-01 2.543591e-01 -8.229907e-01 1.403315e+02 -2.145528e-01 9.626557e-01 1.651094e-01 -7.230264e+01 8.342537e-01 9.271176e-02 5.435304e-01 3.434180e+02
4.761028e-01 2.533574e-01 -8.421022e-01 1.399887e+02 -2.091113e-01 9.627484e-01 1.714293e-01 -7.223437e+01 8.541654e-01 9.447507e-02 5.113471e-01 3.435942e+02
4.431789e-01 2.512413e-01 -8.605058e-01 1.396372e+02 -1.997030e-01 9.634695e-01 1.784523e-01 -7.217786e+01 8.739057e-01 9.275937e-02 4.771630e-01 3.437585e+02
4.086081e-01 2.481171e-01 -8.783378e-01 1.392705e+02 -1.882283e-01 9.645614e-01 1.849090e-01 -7.210863e+01 8.930899e-01 8.977268e-02 4.408303e-01 3.439174e+02
3.723303e-01 2.460871e-01 -8.948806e-01 1.388857e+02 -1.757298e-01 9.654579e-01 1.923801e-01 -7.203088e+01 9.113118e-01 8.562823e-02 4.027141e-01 3.440704e+02
3.342917e-01 2.472524e-01 -9.094588e-01 1.384839e+02 -1.639996e-01 9.655129e-01 2.022100e-01 -7.194995e+01 9.280912e-01 8.155372e-02 3.633122e-01 3.442091e+02
2.942911e-01 2.500575e-01 -9.224229e-01 1.380635e+02 -1.540697e-01 9.649534e-01 2.124324e-01 -7.186061e+01 9.432154e-01 7.960043e-02 3.225034e-01 3.443327e+02
2.524679e-01 2.517750e-01 -9.342747e-01 1.376266e+02 -1.424450e-01 9.647045e-01 2.214827e-01 -7.176724e+01 9.570629e-01 7.716546e-02 2.794211e-01 3.444440e+02
2.089762e-01 2.522937e-01 -9.448158e-01 1.371889e+02 -1.289927e-01 9.648172e-01 2.291039e-01 -7.167044e+01 9.693760e-01 7.399705e-02 2.341678e-01 3.445363e+02
1.643939e-01 2.531703e-01 -9.533517e-01 1.367653e+02 -1.158484e-01 9.647677e-01 2.362253e-01 -7.157258e+01 9.795682e-01 7.161023e-02 1.879313e-01 3.446038e+02
1.179126e-01 2.545571e-01 -9.598423e-01 1.363164e+02 -1.021938e-01 9.645638e-01 2.432552e-01 -7.147777e+01 9.877515e-01 6.940705e-02 1.397484e-01 3.446557e+02
6.980311e-02 2.546635e-01 -9.645071e-01 1.358152e+02 -8.537475e-02 9.648432e-01 2.485735e-01 -7.136450e+01 9.939007e-01 6.499335e-02 8.909089e-02 3.446798e+02
2.072691e-02 2.536135e-01 -9.670836e-01 1.353151e+02 -6.938429e-02 9.653241e-01 2.516650e-01 -7.122879e+01 9.973747e-01 6.188417e-02 3.760497e-02 3.446581e+02
-2.996028e-02 2.532840e-01 -9.669279e-01 1.347812e+02 -5.564713e-02 9.654392e-01 2.546183e-01 -7.109223e+01 9.980009e-01 6.143520e-02 -1.483030e-02 3.446395e+02
-7.912305e-02 2.540142e-01 -9.639587e-01 1.342628e+02 -4.315430e-02 9.652110e-01 2.578864e-01 -7.095742e+01 9.959303e-01 6.200372e-02 -6.540864e-02 3.445806e+02
-1.267150e-01 2.554304e-01 -9.584877e-01 1.337598e+02 -3.140184e-02 9.647594e-01 2.612532e-01 -7.083533e+01 9.914420e-01 6.320299e-02 -1.142285e-01 3.445125e+02
-1.721920e-01 2.563857e-01 -9.511132e-01 1.331773e+02 -1.931589e-02 9.644705e-01 2.634833e-01 -7.068294e+01 9.848740e-01 6.374131e-02 -1.611218e-01 3.444159e+02
-2.139304e-01 2.557703e-01 -9.427700e-01 1.326023e+02 -9.255916e-03 9.645394e-01 2.637765e-01 -7.051763e+01 9.768051e-01 6.515603e-02 -2.039769e-01 3.442710e+02
-2.510676e-01 2.552839e-01 -9.336997e-01 1.320109e+02 -9.517544e-04 9.645306e-01 2.639693e-01 -7.035285e+01 9.679691e-01 6.716280e-02 -2.419194e-01 3.441017e+02
-2.840216e-01 2.531436e-01 -9.247973e-01 1.313757e+02 3.449151e-03 9.647817e-01 2.630291e-01 -7.016843e+01 9.588117e-01 7.151619e-02 -2.748920e-01 3.438970e+02
-3.118174e-01 2.509379e-01 -9.164061e-01 1.307422e+02 6.588801e-03 9.650416e-01 2.620138e-01 -6.998667e+01 9.501192e-01 7.566244e-02 -3.025701e-01 3.436722e+02
-3.339200e-01 2.495766e-01 -9.089604e-01 1.301047e+02 1.063947e-02 9.652469e-01 2.611228e-01 -6.981754e+01 9.425414e-01 7.752327e-02 -3.249706e-01 3.434294e+02
-3.516324e-01 2.481170e-01 -9.026586e-01 1.294376e+02 1.221630e-02 9.653706e-01 2.605960e-01 -6.962239e+01 9.360584e-01 8.060687e-02 -3.424867e-01 3.431698e+02
-3.646335e-01 2.466796e-01 -8.978817e-01 1.287457e+02 1.188813e-02 9.654254e-01 2.604083e-01 -6.942209e+01 9.310752e-01 8.427949e-02 -3.549590e-01 3.428890e+02
-3.723937e-01 2.455248e-01 -8.950087e-01 1.280484e+02 1.055032e-02 9.654288e-01 2.604531e-01 -6.922169e+01 9.280149e-01 8.754848e-02 -3.621100e-01 3.425884e+02
-3.764279e-01 2.446418e-01 -8.935617e-01 1.273408e+02 8.691211e-03 9.653950e-01 2.606472e-01 -6.902689e+01 9.264052e-01 9.034874e-02 -3.655278e-01 3.422965e+02
-3.769810e-01 2.434426e-01 -8.936560e-01 1.266178e+02 6.483189e-03 9.655109e-01 2.602818e-01 -6.882191e+01 9.261983e-01 9.232755e-02 -3.655575e-01 3.420035e+02
-3.759771e-01 2.427105e-01 -8.942778e-01 1.258596e+02 4.041156e-03 9.655076e-01 2.603435e-01 -6.860724e+01 9.266201e-01 9.426929e-02 -3.639896e-01 3.416847e+02
-3.744354e-01 2.432069e-01 -8.947897e-01 1.250900e+02 4.408896e-03 9.654458e-01 2.605665e-01 -6.839032e+01 9.272425e-01 9.362029e-02 -3.625694e-01 3.413669e+02
-3.729769e-01 2.410752e-01 -8.959749e-01 1.242875e+02 5.155125e-03 9.661795e-01 2.578188e-01 -6.817010e+01 9.278263e-01 9.154159e-02 -3.616054e-01 3.410450e+02
-3.717938e-01 2.363594e-01 -8.977214e-01 1.234883e+02 5.510398e-03 9.675884e-01 2.524724e-01 -6.795296e+01 9.282990e-01 8.892086e-02 -3.610458e-01 3.407196e+02
-3.706826e-01 2.317506e-01 -8.993809e-01 1.226608e+02 4.832933e-03 9.688360e-01 2.476557e-01 -6.772253e+01 9.287470e-01 8.745502e-02 -3.602507e-01 3.403849e+02
-3.700017e-01 2.308793e-01 -8.998853e-01 1.217994e+02 3.256698e-03 9.689441e-01 2.472584e-01 -6.748959e+01 9.290254e-01 8.855535e-02 -3.592628e-01 3.400344e+02
-3.686127e-01 2.337050e-01 -8.997259e-01 1.209094e+02 3.415711e-03 9.682151e-01 2.500958e-01 -6.725594e+01 9.295768e-01 8.911526e-02 -3.576946e-01 3.396753e+02
-3.675036e-01 2.358656e-01 -8.996158e-01 1.199921e+02 3.115996e-03 9.676126e-01 2.524204e-01 -6.700437e+01 9.300169e-01 8.996221e-02 -3.563361e-01 3.393064e+02
-3.669949e-01 2.364938e-01 -8.996585e-01 1.190666e+02 3.712837e-03 9.675076e-01 2.528147e-01 -6.675372e+01 9.302155e-01 8.944145e-02 -3.559485e-01 3.389426e+02
-3.677760e-01 2.358464e-01 -8.995095e-01 1.181196e+02 4.998918e-03 9.677910e-01 2.517055e-01 -6.649702e+01 9.299010e-01 8.807466e-02 -3.571092e-01 3.385719e+02
-3.691602e-01 2.351725e-01 -8.991188e-01 1.171537e+02 5.065188e-03 9.679489e-01 2.510960e-01 -6.623050e+01 9.293520e-01 8.814044e-02 -3.585194e-01 3.381814e+02
-3.700508e-01 2.372146e-01 -8.982158e-01 1.161430e+02 7.098239e-03 9.675448e-01 2.525997e-01 -6.595210e+01 9.289844e-01 8.709896e-02 -3.597246e-01 3.377668e+02
-3.716350e-01 2.376025e-01 -8.974589e-01 1.151545e+02 5.795752e-03 9.672696e-01 2.536849e-01 -6.567900e+01 9.283608e-01 8.907674e-02 -3.608483e-01 3.373639e+02
-3.733354e-01 2.397828e-01 -8.961724e-01 1.141431e+02 7.976023e-03 9.668129e-01 2.553609e-01 -6.540533e+01 9.276622e-01 8.818735e-02 -3.628580e-01 3.369595e+02
-3.758310e-01 2.397505e-01 -8.951373e-01 1.131461e+02 6.693058e-03 9.666301e-01 2.560887e-01 -6.512613e+01 9.266641e-01 9.025487e-02 -3.648942e-01 3.365390e+02
-3.774222e-01 2.392473e-01 -8.946023e-01 1.121046e+02 6.424435e-03 9.667033e-01 2.558192e-01 -6.483604e+01 9.260190e-01 9.080453e-02 -3.663923e-01 3.361123e+02
-3.787095e-01 2.382464e-01 -8.943253e-01 1.110665e+02 4.521841e-03 9.667643e-01 2.556291e-01 -6.454191e+01 9.255046e-01 9.276518e-02 -3.672001e-01 3.356706e+02
-3.799262e-01 2.364752e-01 -8.942793e-01 1.100104e+02 1.931450e-03 9.669716e-01 2.548768e-01 -6.425096e+01 9.250148e-01 9.510710e-02 -3.678346e-01 3.352256e+02
-3.804633e-01 2.351267e-01 -8.944066e-01 1.089336e+02 1.581382e-03 9.673033e-01 2.536175e-01 -6.395495e+01 9.247947e-01 9.507775e-02 -3.683952e-01 3.347738e+02
-3.816975e-01 2.351646e-01 -8.938706e-01 1.078424e+02 7.334858e-04 9.671685e-01 2.541350e-01 -6.365642e+01 9.242870e-01 9.634706e-02 -3.693383e-01 3.343209e+02
-3.823404e-01 2.356594e-01 -8.934654e-01 1.067267e+02 5.848291e-04 9.669929e-01 2.548026e-01 -6.334651e+01 9.240214e-01 9.689881e-02 -3.698583e-01 3.338644e+02
-3.831393e-01 2.375321e-01 -8.926269e-01 1.056101e+02 2.411094e-03 9.666239e-01 2.561881e-01 -6.304214e+01 9.236874e-01 9.600353e-02 -3.709243e-01 3.333932e+02
-3.847469e-01 2.398519e-01 -8.913141e-01 1.044844e+02 4.773658e-03 9.661518e-01 2.579301e-01 -6.273854e+01 9.230098e-01 9.498298e-02 -3.728689e-01 3.329273e+02
-3.863929e-01 2.425949e-01 -8.898586e-01 1.033643e+02 6.469874e-03 9.654788e-01 2.604013e-01 -6.243106e+01 9.223116e-01 9.485993e-02 -3.746237e-01 3.324495e+02
-3.883028e-01 2.472128e-01 -8.877537e-01 1.022457e+02 7.837151e-03 9.641968e-01 2.650720e-01 -6.212104e+01 9.214985e-01 9.597074e-02 -3.763378e-01 3.319624e+02
-3.900825e-01 2.496168e-01 -8.862996e-01 1.011254e+02 6.376013e-03 9.632624e-01 2.684863e-01 -6.180774e+01 9.207578e-01 9.908077e-02 -3.773434e-01 3.314709e+02
-3.906908e-01 2.496467e-01 -8.860232e-01 9.997277e+01 4.352625e-03 9.630129e-01 2.694201e-01 -6.148107e+01 9.205117e-01 1.014035e-01 -3.773269e-01 3.309373e+02
-3.912511e-01 2.482987e-01 -8.861548e-01 9.892649e+01 1.972832e-03 9.631386e-01 2.689984e-01 -6.118477e+01 9.202819e-01 1.034977e-01 -3.773189e-01 3.305011e+02
-3.908463e-01 2.465685e-01 -8.868163e-01 9.782509e+01 3.992646e-04 9.634986e-01 2.677131e-01 -6.087691e+01 9.204559e-01 1.042806e-01 -3.766783e-01 3.300227e+02
-3.908544e-01 2.450084e-01 -8.872450e-01 9.674031e+01 -7.795748e-04 9.638342e-01 2.665016e-01 -6.056603e+01 9.204522e-01 1.048550e-01 -3.765278e-01 3.295596e+02
-3.907258e-01 2.461000e-01 -8.869995e-01 9.563363e+01 -2.305788e-05 9.635962e-01 2.673620e-01 -6.025758e+01 9.205071e-01 1.044857e-01 -3.764962e-01 3.290803e+02
-3.910142e-01 2.468899e-01 -8.866528e-01 9.453074e+01 8.925431e-04 9.634516e-01 2.678810e-01 -5.994399e+01 9.203842e-01 1.039539e-01 -3.769436e-01 3.286068e+02
-3.918827e-01 2.469374e-01 -8.862561e-01 9.344504e+01 1.276103e-03 9.634509e-01 2.678819e-01 -5.964663e+01 9.200143e-01 1.038473e-01 -3.778748e-01 3.281377e+02
-3.932576e-01 2.456972e-01 -8.859917e-01 9.236759e+01 5.050576e-04 9.636909e-01 2.670200e-01 -5.934489e+01 9.194282e-01 1.045602e-01 -3.791028e-01 3.276707e+02
-3.935971e-01 2.453479e-01 -8.859378e-01 9.126530e+01 5.859414e-04 9.637936e-01 2.666486e-01 -5.903200e+01 9.192828e-01 1.044330e-01 -3.794902e-01 3.271889e+02
-3.942124e-01 2.450370e-01 -8.857502e-01 9.017528e+01 2.993653e-04 9.638335e-01 2.665050e-01 -5.872902e+01 9.190193e-01 1.047944e-01 -3.800285e-01 3.267165e+02
-3.940727e-01 2.454736e-01 -8.856915e-01 8.909473e+01 2.016881e-03 9.639012e-01 2.662524e-01 -5.843114e+01 9.190771e-01 1.031365e-01 -3.803423e-01 3.262442e+02
-3.943467e-01 2.456751e-01 -8.855136e-01 8.800321e+01 2.489699e-03 9.638844e-01 2.663094e-01 -5.812943e+01 9.189584e-01 1.028136e-01 -3.807163e-01 3.257761e+02
-3.939886e-01 2.463585e-01 -8.854832e-01 8.692670e+01 4.272588e-03 9.638886e-01 2.662714e-01 -5.782523e+01 9.191054e-01 1.011246e-01 -3.808138e-01 3.253130e+02
-3.938643e-01 2.482704e-01 -8.850044e-01 8.584169e+01 3.181007e-03 9.631938e-01 2.687892e-01 -5.751966e+01 9.191631e-01 1.030513e-01 -3.801574e-01 3.248417e+02
-3.935364e-01 2.459434e-01 -8.857996e-01 8.475650e+01 1.785515e-03 9.637520e-01 2.667937e-01 -5.720974e+01 9.193073e-01 1.034114e-01 -3.797107e-01 3.243594e+02
-3.933059e-01 2.425880e-01 -8.868267e-01 8.367767e+01 1.188347e-03 9.646964e-01 2.633619e-01 -5.690400e+01 9.194069e-01 1.025279e-01 -3.797091e-01 3.238935e+02
-3.936481e-01 2.412577e-01 -8.870377e-01 8.267483e+01 -5.793180e-04 9.648810e-01 2.626867e-01 -5.664242e+01 9.192610e-01 1.039200e-01 -3.796838e-01 3.234859e+02
-3.930554e-01 2.440707e-01 -8.865309e-01 8.158359e+01 -1.410399e-03 9.639678e-01 2.660152e-01 -5.633238e+01 9.195137e-01 1.058090e-01 -3.785485e-01 3.229931e+02
-3.928747e-01 2.459263e-01 -8.860981e-01 8.051722e+01 -1.162821e-04 9.635641e-01 2.674776e-01 -5.603210e+01 9.195920e-01 1.051882e-01 -3.785313e-01 3.225421e+02
-3.926970e-01 2.428124e-01 -8.870351e-01 7.943950e+01 4.049036e-04 9.645623e-01 2.638551e-01 -5.573901e+01 9.196678e-01 1.032559e-01 -3.788790e-01 3.220753e+02
-3.925844e-01 2.372557e-01 -8.885872e-01 7.838325e+01 9.220623e-04 9.662550e-01 2.575858e-01 -5.544005e+01 9.197155e-01 1.003049e-01 -3.795554e-01 3.216200e+02
-3.929374e-01 2.363201e-01 -8.886805e-01 7.732747e+01 3.837896e-04 9.664558e-01 2.568326e-01 -5.516032e+01 9.195651e-01 1.005781e-01 -3.798474e-01 3.211702e+02
-3.927675e-01 2.371791e-01 -8.885267e-01 7.626173e+01 3.869711e-05 9.661746e-01 2.578890e-01 -5.487632e+01 9.196378e-01 1.012560e-01 -3.794912e-01 3.207085e+02
-3.927385e-01 2.378081e-01 -8.883714e-01 7.519367e+01 -2.866425e-04 9.659567e-01 2.587036e-01 -5.458530e+01 9.196502e-01 1.018575e-01 -3.793002e-01 3.202401e+02
-3.929414e-01 2.374093e-01 -8.883884e-01 7.414389e+01 -6.486934e-04 9.660261e-01 2.584438e-01 -5.430304e+01 9.195633e-01 1.021296e-01 -3.794376e-01 3.197901e+02
-3.934342e-01 2.372368e-01 -8.882163e-01 7.308382e+01 -1.614538e-03 9.659524e-01 2.587148e-01 -5.400965e+01 9.193514e-01 1.032213e-01 -3.796557e-01 3.193312e+02
-3.937049e-01 2.371953e-01 -8.881075e-01 7.202377e+01 -3.491392e-03 9.657427e-01 2.594779e-01 -5.372498e+01 9.192303e-01 1.052584e-01 -3.793895e-01 3.188661e+02
-3.935951e-01 2.375423e-01 -8.880634e-01 7.097908e+01 -3.256957e-03 9.656718e-01 2.597447e-01 -5.343961e+01 9.192781e-01 1.051266e-01 -3.793101e-01 3.184152e+02
-3.937148e-01 2.376580e-01 -8.879793e-01 6.992971e+01 -2.722264e-03 9.656950e-01 2.596648e-01 -5.315477e+01 9.192286e-01 1.046512e-01 -3.795614e-01 3.179659e+02
-3.940145e-01 2.377824e-01 -8.878131e-01 6.888283e+01 -2.346763e-03 9.656913e-01 2.596820e-01 -5.287422e+01 9.191012e-01 1.044019e-01 -3.799383e-01 3.175144e+02
-3.943156e-01 2.376530e-01 -8.877141e-01 6.783666e+01 -1.684799e-03 9.657942e-01 2.593044e-01 -5.258680e+01 9.189735e-01 1.037434e-01 -3.804273e-01 3.170613e+02
-3.945066e-01 2.376595e-01 -8.876275e-01 6.679342e+01 -1.447684e-03 9.658127e-01 2.592367e-01 -5.230802e+01 9.188920e-01 1.035556e-01 -3.806754e-01 3.166081e+02
-3.950167e-01 2.379499e-01 -8.873227e-01 6.576113e+01 -5.790601e-04 9.658087e-01 2.592550e-01 -5.203009e+01 9.186737e-01 1.029239e-01 -3.813728e-01 3.161576e+02
-3.955617e-01 2.380199e-01 -8.870611e-01 6.471817e+01 6.352439e-04 9.659059e-01 2.588926e-01 -5.174599e+01 9.184392e-01 1.018445e-01 -3.822266e-01 3.156920e+02
-3.967982e-01 2.382893e-01 -8.864363e-01 6.368348e+01 1.976015e-03 9.659355e-01 2.587755e-01 -5.146631e+01 9.179038e-01 1.009300e-01 -3.837523e-01 3.152372e+02
-3.987328e-01 2.412623e-01 -8.847625e-01 6.266331e+01 3.258841e-03 9.651406e-01 2.617117e-01 -5.118481e+01 9.170613e-01 1.014697e-01 -3.856195e-01 3.147852e+02
-4.014509e-01 2.454981e-01 -8.823649e-01 6.163468e+01 3.770734e-03 9.638410e-01 2.664514e-01 -5.090090e+01 9.158728e-01 1.036400e-01 -3.878606e-01 3.143321e+02
-4.044508e-01 2.485976e-01 -8.801243e-01 6.060655e+01 5.254076e-03 9.629632e-01 2.695816e-01 -5.060412e+01 9.145447e-01 1.044083e-01 -3.907774e-01 3.138602e+02
-4.084417e-01 2.494592e-01 -8.780350e-01 5.957860e+01 7.603087e-03 9.628268e-01 2.700126e-01 -5.029584e+01 9.127528e-01 1.036086e-01 -3.951552e-01 3.133759e+02
-4.143687e-01 2.475238e-01 -8.758028e-01 5.857481e+01 5.939426e-03 9.630203e-01 2.693635e-01 -5.001531e+01 9.100897e-01 1.064141e-01 -4.005156e-01 3.129008e+02
-4.204277e-01 2.447896e-01 -8.736811e-01 5.756506e+01 6.615868e-03 9.637200e-01 2.668332e-01 -4.972038e+01 9.073019e-01 1.064039e-01 -4.067941e-01 3.124171e+02
-4.272335e-01 2.412139e-01 -8.713710e-01 5.655105e+01 5.011128e-03 9.643722e-01 2.645017e-01 -4.943733e+01 9.041274e-01 1.086374e-01 -4.132209e-01 3.119211e+02
-4.338022e-01 2.397638e-01 -8.685211e-01 5.554350e+01 5.037557e-03 9.645741e-01 2.637641e-01 -4.917059e+01 9.009940e-01 1.100462e-01 -4.196422e-01 3.114171e+02
-4.416121e-01 2.399234e-01 -8.645319e-01 5.453899e+01 5.779186e-03 9.643230e-01 2.646652e-01 -4.888133e+01 8.971875e-01 1.118831e-01 -4.272433e-01 3.109062e+02
-4.493318e-01 2.412262e-01 -8.601807e-01 5.357471e+01 8.197638e-03 9.639276e-01 2.660384e-01 -4.860118e+01 8.933274e-01 1.124881e-01 -4.351008e-01 3.104034e+02
-4.566811e-01 2.411697e-01 -8.563174e-01 5.259137e+01 1.060142e-02 9.639610e-01 2.658322e-01 -4.831993e+01 8.895673e-01 1.123224e-01 -4.427796e-01 3.098881e+02
-4.643302e-01 2.393258e-01 -8.527137e-01 5.160096e+01 1.105593e-02 9.642892e-01 2.646207e-01 -4.804127e+01 8.855932e-01 1.134438e-01 -4.503946e-01 3.093740e+02
-4.712013e-01 2.374507e-01 -8.494625e-01 5.063354e+01 9.577172e-03 9.644019e-01 2.642672e-01 -4.776573e+01 8.819737e-01 1.163876e-01 -4.567015e-01 3.088511e+02
-4.762483e-01 2.367339e-01 -8.468439e-01 4.968011e+01 5.987051e-03 9.639275e-01 2.660974e-01 -4.748596e+01 8.792905e-01 1.216583e-01 -4.604862e-01 3.083058e+02
-4.799077e-01 2.335765e-01 -8.456540e-01 4.873595e+01 4.303561e-03 9.645222e-01 2.639666e-01 -4.720541e+01 8.773084e-01 1.230403e-01 -4.638868e-01 3.077903e+02
-4.823971e-01 2.255059e-01 -8.464279e-01 4.779718e+01 4.928806e-03 9.669776e-01 2.548138e-01 -4.694116e+01 8.759388e-01 1.187496e-01 -4.675786e-01 3.072714e+02
-4.855961e-01 2.156716e-01 -8.471613e-01 4.685499e+01 3.643790e-03 9.695798e-01 2.447485e-01 -4.667767e+01 8.741757e-01 1.157620e-01 -4.716100e-01 3.067456e+02
-4.870212e-01 2.113842e-01 -8.474238e-01 4.592046e+01 6.292688e-03 9.710935e-01 2.386164e-01 -4.643065e+01 8.733675e-01 1.108787e-01 -4.742733e-01 3.062138e+02
-4.890145e-01 2.120758e-01 -8.461020e-01 4.497536e+01 6.247319e-03 9.708205e-01 2.397258e-01 -4.617491e+01 8.722533e-01 1.119435e-01 -4.760703e-01 3.056749e+02
-4.901331e-01 2.183166e-01 -8.438646e-01 4.404222e+01 6.063766e-03 9.689564e-01 2.471572e-01 -4.592239e+01 8.716265e-01 1.160229e-01 -4.762414e-01 3.051394e+02
-4.914203e-01 2.198784e-01 -8.427097e-01 4.308813e+01 4.317057e-03 9.682088e-01 2.501060e-01 -4.566413e+01 8.709118e-01 1.192691e-01 -4.767467e-01 3.045906e+02
-4.913784e-01 2.155120e-01 -8.438613e-01 4.217649e+01 1.948319e-03 9.691713e-01 2.463801e-01 -4.540618e+01 8.709440e-01 1.194217e-01 -4.766497e-01 3.040624e+02
-4.909063e-01 2.119651e-01 -8.450336e-01 4.125912e+01 -1.657057e-03 9.697224e-01 2.442042e-01 -4.515600e+01 8.712108e-01 1.212816e-01 -4.756916e-01 3.035350e+02
-4.881101e-01 2.152037e-01 -8.458344e-01 4.034112e+01 -2.362233e-03 9.687951e-01 2.478515e-01 -4.490767e+01 8.727789e-01 1.229769e-01 -4.723703e-01 3.030185e+02
-4.837885e-01 2.227073e-01 -8.463747e-01 3.942789e+01 -3.521839e-03 9.665778e-01 2.563495e-01 -4.465135e+01 8.751778e-01 1.269997e-01 -4.668349e-01 3.025071e+02
-4.794364e-01 2.294852e-01 -8.470403e-01 3.852243e+01 -9.731233e-03 9.637542e-01 2.666141e-01 -4.439239e+01 8.775227e-01 1.360672e-01 -4.598257e-01 3.020045e+02
-4.724801e-01 2.330729e-01 -8.499645e-01 3.762495e+01 -1.065370e-02 9.628179e-01 2.699411e-01 -4.413089e+01 8.812769e-01 1.365971e-01 -4.524292e-01 3.015163e+02
-4.661319e-01 2.287784e-01 -8.546236e-01 3.672329e+01 -1.771693e-02 9.633797e-01 2.675551e-01 -4.385836e+01 8.845378e-01 1.398572e-01 -4.450087e-01 3.010285e+02
-4.598433e-01 2.241009e-01 -8.592572e-01 3.579166e+01 -2.658051e-02 9.637246e-01 2.655717e-01 -4.357863e+01 8.876022e-01 1.449609e-01 -4.372056e-01 3.005207e+02
-4.548580e-01 2.220333e-01 -8.624416e-01 3.485657e+01 -3.454110e-02 9.632946e-01 2.662148e-01 -4.331128e+01 8.898939e-01 1.508796e-01 -4.304930e-01 3.000383e+02
-4.424331e-01 2.187653e-01 -8.697096e-01 3.299046e+01 -4.565565e-02 9.630384e-01 2.654667e-01 -4.277055e+01 8.956386e-01 1.571584e-01 -4.160922e-01 2.991084e+02
-4.360647e-01 2.172650e-01 -8.732946e-01 3.202515e+01 -5.267721e-02 9.625922e-01 2.657846e-01 -4.249016e+01 8.983723e-01 1.619020e-01 -4.083075e-01 2.986231e+02
-4.304549e-01 2.144468e-01 -8.767674e-01 3.107236e+01 -5.976212e-02 9.624641e-01 2.647478e-01 -4.221929e+01 9.006315e-01 1.663595e-01 -4.014816e-01 2.981770e+02
-4.244958e-01 2.113703e-01 -8.804124e-01 3.011524e+01 -6.563381e-02 9.626278e-01 2.627544e-01 -4.194974e+01 9.030479e-01 1.693230e-01 -3.947584e-01 2.977338e+02
-4.188299e-01 2.070225e-01 -8.841511e-01 2.916524e+01 -6.935717e-02 9.635280e-01 2.584635e-01 -4.168834e+01 9.054121e-01 1.695745e-01 -3.891959e-01 2.973189e+02
-4.129449e-01 2.025888e-01 -8.879382e-01 2.817034e+01 -7.276557e-02 9.644908e-01 2.538951e-01 -4.141087e+01 9.078445e-01 1.694560e-01 -3.835401e-01 2.968875e+02
-4.070077e-01 2.016633e-01 -8.908853e-01 2.718278e+01 -7.334984e-02 9.649588e-01 2.519412e-01 -4.113819e+01 9.104749e-01 1.678883e-01 -3.779537e-01 2.964568e+02
-4.028360e-01 2.064137e-01 -8.916931e-01 2.619698e+01 -7.099461e-02 9.642561e-01 2.552839e-01 -4.087296e+01 9.125146e-01 1.661429e-01 -3.737828e-01 2.960469e+02
-4.005219e-01 2.105077e-01 -8.917784e-01 2.518975e+01 -6.867997e-02 9.636172e-01 2.583116e-01 -4.059963e+01 9.137096e-01 1.647068e-01 -3.714921e-01 2.956246e+02
-3.997249e-01 2.107468e-01 -8.920795e-01 2.419161e+01 -6.857393e-02 9.636087e-01 2.583717e-01 -4.032232e+01 9.140665e-01 1.644510e-01 -3.707266e-01 2.951933e+02
-3.998750e-01 2.086581e-01 -8.925031e-01 2.318152e+01 -6.904101e-02 9.641193e-01 2.563343e-01 -4.004430e+01 9.139657e-01 1.641210e-01 -3.711213e-01 2.947726e+02
-3.997130e-01 2.061972e-01 -8.931474e-01 2.117574e+01 -7.121238e-02 9.644404e-01 2.545262e-01 -3.949906e+01 9.138700e-01 1.653406e-01 -3.708155e-01 2.939038e+02
-3.992848e-01 2.064185e-01 -8.932878e-01 2.016471e+01 -6.944113e-02 9.647178e-01 2.539634e-01 -3.922809e+01 9.141934e-01 1.634346e-01 -3.708632e-01 2.934692e+02
-3.995597e-01 2.063405e-01 -8.931829e-01 1.915514e+01 -6.902408e-02 9.648005e-01 2.537629e-01 -3.895235e+01 9.141049e-01 1.630446e-01 -3.712530e-01 2.930341e+02
-3.999113e-01 2.074488e-01 -8.927687e-01 1.814806e+01 -6.717683e-02 9.647956e-01 2.542769e-01 -3.868467e+01 9.140887e-01 1.616616e-01 -3.718969e-01 2.925987e+02
-4.005805e-01 2.086295e-01 -8.921933e-01 1.711256e+01 -6.639055e-02 9.645637e-01 2.553608e-01 -3.840996e+01 9.138531e-01 1.615258e-01 -3.725344e-01 2.921511e+02
-4.013565e-01 2.089397e-01 -8.917719e-01 1.608672e+01 -6.539288e-02 9.646117e-01 2.554370e-01 -3.812849e+01 9.135846e-01 1.608368e-01 -3.734900e-01 2.917084e+02
-4.023812e-01 2.092099e-01 -8.912467e-01 1.505039e+01 -6.483703e-02 9.645804e-01 2.556968e-01 -3.785029e+01 9.131733e-01 1.606734e-01 -3.745645e-01 2.912657e+02
-4.035081e-01 2.092959e-01 -8.907168e-01 1.402063e+01 -6.447568e-02 9.645624e-01 2.558561e-01 -3.757483e+01 9.127016e-01 1.606696e-01 -3.757142e-01 2.908200e+02
-4.044450e-01 2.102394e-01 -8.900695e-01 1.298859e+01 -6.332736e-02 9.644453e-01 2.565831e-01 -3.729734e+01 9.123672e-01 1.601395e-01 -3.767512e-01 2.903746e+02
-4.054615e-01 2.106885e-01 -8.895006e-01 1.196385e+01 -6.252867e-02 9.644043e-01 2.569328e-01 -3.702072e+01 9.119710e-01 1.597956e-01 -3.778548e-01 2.899306e+02
-4.063443e-01 2.108161e-01 -8.890674e-01 1.093413e+01 -6.213598e-02 9.643915e-01 2.570760e-01 -3.674071e+01 9.116049e-01 1.597044e-01 -3.787757e-01 2.894773e+02
-4.076004e-01 2.108648e-01 -8.884807e-01 9.912211e+00 -6.256222e-02 9.642387e-01 2.575457e-01 -3.646591e+01 9.110148e-01 1.605610e-01 -3.798319e-01 2.890289e+02
-4.082681e-01 2.098519e-01 -8.884139e-01 8.890834e+00 -6.394918e-02 9.642524e-01 2.571534e-01 -3.619115e+01 9.106194e-01 1.618009e-01 -3.802537e-01 2.885817e+02
-4.083334e-01 2.076060e-01 -8.889115e-01 7.885343e+00 -6.477155e-02 9.647502e-01 2.550718e-01 -3.591972e+01 9.105320e-01 1.617305e-01 -3.804927e-01 2.881372e+02
-4.085175e-01 2.038874e-01 -8.896872e-01 6.873564e+00 -6.578847e-02 9.656196e-01 2.514967e-01 -3.564420e+01 9.103765e-01 1.612720e-01 -3.810591e-01 2.876914e+02
-4.087813e-01 2.032940e-01 -8.897019e-01 5.865246e+00 -6.656033e-02 9.656370e-01 2.512266e-01 -3.537994e+01 9.102019e-01 1.619156e-01 -3.812030e-01 2.872509e+02
-4.085707e-01 2.058354e-01 -8.892141e-01 4.870879e+00 -6.471986e-02 9.652534e-01 2.531741e-01 -3.512521e+01 9.104292e-01 1.609893e-01 -3.810527e-01 2.868216e+02
-4.084099e-01 2.073536e-01 -8.889352e-01 3.838194e+00 -6.369389e-02 9.650093e-01 2.543620e-01 -3.486476e+01 9.105737e-01 1.605037e-01 -3.809122e-01 2.863809e+02
-4.083290e-01 2.063960e-01 -8.891952e-01 2.837877e+00 -6.368014e-02 9.652892e-01 2.533013e-01 -3.460125e+01 9.106109e-01 1.600543e-01 -3.810123e-01 2.859384e+02
-4.082313e-01 2.061502e-01 -8.892971e-01 1.812424e+00 -6.421282e-02 9.652704e-01 2.532387e-01 -3.432354e+01 9.106173e-01 1.604842e-01 -3.808161e-01 2.854868e+02
-4.082511e-01 2.078626e-01 -8.888893e-01 8.344943e-01 -6.362735e-02 9.648833e-01 2.548564e-01 -3.407191e+01 9.106495e-01 1.606031e-01 -3.806890e-01 2.850581e+02
-4.082253e-01 2.071991e-01 -8.890560e-01 -1.536132e-01 -6.387275e-02 9.650313e-01 2.542338e-01 -3.381220e+01 9.106439e-01 1.605711e-01 -3.807158e-01 2.846146e+02
-4.083810e-01 2.057243e-01 -8.893270e-01 -1.142192e+00 -6.466380e-02 9.653045e-01 2.529936e-01 -3.355424e+01 9.105183e-01 1.608251e-01 -3.809092e-01 2.841794e+02
-4.084658e-01 2.051724e-01 -8.894155e-01 -2.116101e+00 -6.500643e-02 9.653966e-01 2.525542e-01 -3.329393e+01 9.104558e-01 1.609775e-01 -3.809940e-01 2.837518e+02
-4.085914e-01 2.055583e-01 -8.892687e-01 -3.068690e+00 -6.593956e-02 9.651149e-01 2.533876e-01 -3.304026e+01 9.103324e-01 1.621700e-01 -3.807832e-01 2.833220e+02
-4.083329e-01 2.068141e-01 -8.890962e-01 -4.036986e+00 -6.512110e-02 9.649150e-01 2.543584e-01 -3.278777e+01 9.105073e-01 1.617619e-01 -3.805386e-01 2.828924e+02
-4.081396e-01 2.069353e-01 -8.891568e-01 -4.982425e+00 -6.524010e-02 9.648690e-01 2.545024e-01 -3.253980e+01 9.105854e-01 1.618812e-01 -3.803008e-01 2.824645e+02
-4.077321e-01 2.067790e-01 -8.893801e-01 -5.919780e+00 -6.431450e-02 9.650983e-01 2.538680e-01 -3.229802e+01 9.108338e-01 1.607102e-01 -3.802027e-01 2.820420e+02
-4.077921e-01 2.056177e-01 -8.896218e-01 -6.872009e+00 -6.551492e-02 9.652139e-01 2.531205e-01 -3.204350e+01 9.107213e-01 1.615040e-01 -3.801356e-01 2.816196e+02
-4.075627e-01 2.049377e-01 -8.898838e-01 -7.807603e+00 -6.599045e-02 9.653343e-01 2.525371e-01 -3.179611e+01 9.107897e-01 1.616485e-01 -3.799103e-01 2.812048e+02
-4.067296e-01 2.037343e-01 -8.905411e-01 -8.768623e+00 -6.587578e-02 9.657366e-01 2.510241e-01 -3.154898e+01 9.111704e-01 1.607640e-01 -3.793725e-01 2.807864e+02
-4.057743e-01 2.018534e-01 -8.914048e-01 -9.739114e+00 -6.693048e-02 9.661259e-01 2.492408e-01 -3.129351e+01 9.115194e-01 1.607977e-01 -3.785189e-01 2.803599e+02
-4.048922e-01 2.011497e-01 -8.919647e-01 -1.073062e+01 -6.737354e-02 9.662876e-01 2.484936e-01 -3.102791e+01 9.118789e-01 1.607079e-01 -3.776902e-01 2.799491e+02
-4.045610e-01 2.067022e-01 -8.908449e-01 -1.273214e+01 -6.789266e-02 9.646449e-01 2.546582e-01 -3.049549e+01 9.119874e-01 1.635066e-01 -3.762242e-01 2.791263e+02
-4.043846e-01 2.091749e-01 -8.903477e-01 -1.364940e+01 -6.799298e-02 9.639252e-01 2.573424e-01 -3.024246e+01 9.120581e-01 1.646027e-01 -3.755741e-01 2.787074e+02
-4.049228e-01 2.085218e-01 -8.902562e-01 -1.458513e+01 -7.044775e-02 9.636394e-01 2.577524e-01 -2.998494e+01 9.116329e-01 1.670864e-01 -3.755097e-01 2.782991e+02
-4.050997e-01 2.060552e-01 -8.907500e-01 -1.554575e+01 -7.115655e-02 9.642109e-01 2.554097e-01 -2.973457e+01 9.114993e-01 1.668491e-01 -3.759393e-01 2.778773e+02
-4.053233e-01 2.044780e-01 -8.910116e-01 -1.644950e+01 -7.241586e-02 9.644193e-01 2.542665e-01 -2.949005e+01 9.113007e-01 1.675835e-01 -3.760942e-01 2.774588e+02
-4.056329e-01 2.042866e-01 -8.909147e-01 -1.737027e+01 -7.246020e-02 9.644495e-01 2.541392e-01 -2.924431e+01 9.111594e-01 1.676431e-01 -3.764098e-01 2.770493e+02
-4.056495e-01 2.045668e-01 -8.908428e-01 -1.830048e+01 -7.167588e-02 9.645127e-01 2.541217e-01 -2.899473e+01 9.112140e-01 1.669363e-01 -3.765916e-01 2.766455e+02
-4.056770e-01 2.032289e-01 -8.911364e-01 -1.918073e+01 -7.161082e-02 9.649036e-01 2.526517e-01 -2.876325e+01 9.112069e-01 1.663100e-01 -3.768859e-01 2.762386e+02
-4.064288e-01 2.036637e-01 -8.906945e-01 -2.110936e+01 -7.266379e-02 9.645478e-01 2.537077e-01 -2.824474e+01 9.107884e-01 1.678354e-01 -3.772210e-01 2.754311e+02
-4.067933e-01 2.033431e-01 -8.906014e-01 -2.204337e+01 -7.300830e-02 9.645564e-01 2.535760e-01 -2.798915e+01 9.105981e-01 1.681743e-01 -3.775294e-01 2.750325e+02
-4.064808e-01 2.020848e-01 -8.910303e-01 -2.297011e+01 -7.384531e-02 9.647755e-01 2.524978e-01 -2.774409e+01 9.106702e-01 1.684339e-01 -3.772397e-01 2.746275e+02
-4.060497e-01 2.011453e-01 -8.914394e-01 -2.389970e+01 -7.565723e-02 9.647277e-01 2.521439e-01 -2.749073e+01 9.107138e-01 1.698268e-01 -3.765093e-01 2.742310e+02
-4.052318e-01 2.016630e-01 -8.916946e-01 -2.484302e+01 -7.606970e-02 9.645473e-01 2.527091e-01 -2.723489e+01 9.110437e-01 1.702367e-01 -3.755248e-01 2.738351e+02
-4.042701e-01 2.017355e-01 -8.921146e-01 -2.576573e+01 -7.822165e-02 9.641736e-01 2.534773e-01 -2.698237e+01 9.112887e-01 1.722560e-01 -3.740065e-01 2.734337e+02
-4.029590e-01 2.023788e-01 -8.925619e-01 -2.668643e+01 -7.830637e-02 9.640451e-01 2.539393e-01 -2.674590e+01 9.118619e-01 1.722204e-01 -3.726231e-01 2.730392e+02
-4.021121e-01 2.013522e-01 -8.931759e-01 -2.760087e+01 -7.894148e-02 9.642620e-01 2.529172e-01 -2.650422e+01 9.121810e-01 1.722097e-01 -3.718464e-01 2.726487e+02
-4.012524e-01 2.000478e-01 -8.938554e-01 -2.851515e+01 -7.892836e-02 9.646782e-01 2.513291e-01 -2.626521e+01 9.125606e-01 1.713970e-01 -3.712900e-01 2.722664e+02
-4.005790e-01 1.998620e-01 -8.941989e-01 -2.940605e+01 -7.938157e-02 9.646808e-01 2.511763e-01 -2.601835e+01 9.128171e-01 1.715989e-01 -3.705655e-01 2.718938e+02
-4.001138e-01 2.005068e-01 -8.942628e-01 -3.024599e+01 -8.056846e-02 9.643000e-01 2.522583e-01 -2.580239e+01 9.129171e-01 1.729814e-01 -3.696752e-01 2.715312e+02
-4.000436e-01 2.016042e-01 -8.940475e-01 -3.117308e+01 -8.070651e-02 9.639672e-01 2.534831e-01 -2.556009e+01 9.129357e-01 1.735597e-01 -3.693581e-01 2.711398e+02
-4.008105e-01 2.003561e-01 -8.939845e-01 -3.206112e+01 -8.153232e-02 9.641218e-01 2.526293e-01 -2.533050e+01 9.125258e-01 1.741451e-01 -3.700947e-01 2.707609e+02
-4.005712e-01 1.997290e-01 -8.942321e-01 -3.292337e+01 -7.948678e-02 9.646988e-01 2.510740e-01 -2.511112e+01 9.128114e-01 1.716526e-01 -3.705547e-01 2.703816e+02
-4.010416e-01 1.973455e-01 -8.945504e-01 -3.383427e+01 -7.905672e-02 9.654203e-01 2.484225e-01 -2.487624e+01 9.126421e-01 1.703479e-01 -3.715722e-01 2.700108e+02
-4.015261e-01 1.970520e-01 -8.943977e-01 -3.470316e+01 -7.852378e-02 9.655760e-01 2.479859e-01 -2.464721e+01 9.124751e-01 1.698043e-01 -3.722307e-01 2.696477e+02
-4.013729e-01 2.000504e-01 -8.938007e-01 -3.550380e+01 -7.615080e-02 9.651883e-01 2.502249e-01 -2.445017e+01 9.127436e-01 1.684971e-01 -3.721664e-01 2.692880e+02
-4.024274e-01 1.999919e-01 -8.933395e-01 -3.715569e+01 -7.676476e-02 9.650363e-01 2.506233e-01 -2.402043e+01 9.122277e-01 1.694347e-01 -3.730047e-01 2.685849e+02
-4.032241e-01 1.970898e-01 -8.936252e-01 -3.796219e+01 -7.732583e-02 9.657006e-01 2.478772e-01 -2.380922e+01 9.118284e-01 1.690504e-01 -3.741536e-01 2.682455e+02
-4.035187e-01 1.960141e-01 -8.937288e-01 -3.874528e+01 -7.779509e-02 9.658962e-01 2.469664e-01 -2.360680e+01 9.116582e-01 1.691833e-01 -3.745082e-01 2.679114e+02
-4.042201e-01 1.965307e-01 -8.932983e-01 -3.947524e+01 -7.854060e-02 9.655781e-01 2.479725e-01 -2.341866e+01 9.112834e-01 1.703957e-01 -3.748704e-01 2.676145e+02
-4.041609e-01 1.963626e-01 -8.933620e-01 -4.021748e+01 -7.897142e-02 9.655472e-01 2.479560e-01 -2.323399e+01 9.112725e-01 1.707642e-01 -3.747293e-01 2.672993e+02
-4.046989e-01 1.954245e-01 -8.933242e-01 -4.092343e+01 -7.955093e-02 9.656705e-01 2.472897e-01 -2.306511e+01 9.109832e-01 1.711426e-01 -3.752596e-01 2.670292e+02
-4.045976e-01 1.944591e-01 -8.935807e-01 -4.162574e+01 -7.990047e-02 9.658768e-01 2.463695e-01 -2.289116e+01 9.109976e-01 1.710781e-01 -3.752541e-01 2.667425e+02
-4.044410e-01 1.945251e-01 -8.936372e-01 -4.233498e+01 -7.976698e-02 9.658918e-01 2.463541e-01 -2.270986e+01 9.110788e-01 1.709184e-01 -3.751296e-01 2.664585e+02
-4.041516e-01 1.948766e-01 -8.936916e-01 -4.301876e+01 -8.057445e-02 9.656579e-01 2.470074e-01 -2.253346e+01 9.111362e-01 1.718371e-01 -3.745701e-01 2.661811e+02
-4.030400e-01 1.943792e-01 -8.943017e-01 -4.371346e+01 -8.239766e-02 9.655082e-01 2.469908e-01 -2.236246e+01 9.114655e-01 1.732355e-01 -3.731221e-01 2.658859e+02
-4.009213e-01 1.935474e-01 -8.954337e-01 -4.440265e+01 -8.431787e-02 9.654830e-01 2.464409e-01 -2.219067e+01 9.122240e-01 1.743045e-01 -3.707632e-01 2.656043e+02
-3.965027e-01 1.932228e-01 -8.974690e-01 -4.507206e+01 -8.484385e-02 9.657027e-01 2.453974e-01 -2.202212e+01 9.141045e-01 1.734455e-01 -3.665100e-01 2.653387e+02
-3.909889e-01 1.928589e-01 -8.999628e-01 -4.573988e+01 -8.796195e-02 9.654948e-01 2.451173e-01 -2.185443e+01 9.161825e-01 1.750006e-01 -3.605335e-01 2.650723e+02
-3.842160e-01 1.941241e-01 -9.026040e-01 -4.637056e+01 -9.056765e-02 9.650045e-01 2.460970e-01 -2.170195e+01 9.187903e-01 1.763011e-01 -3.531888e-01 2.648464e+02
-3.759971e-01 1.952390e-01 -9.058189e-01 -4.700739e+01 -9.165264e-02 9.649212e-01 2.460220e-01 -2.154201e+01 9.220770e-01 1.755242e-01 -3.449134e-01 2.646084e+02
-3.575909e-01 1.946095e-01 -9.133761e-01 -4.823379e+01 -9.581497e-02 9.652393e-01 2.431718e-01 -2.125618e+01 9.289501e-01 1.744711e-01 -3.265142e-01 2.641634e+02
-3.476944e-01 1.922466e-01 -9.176872e-01 -4.882763e+01 -9.845223e-02 9.658572e-01 2.396394e-01 -2.111416e+01 9.324247e-01 1.736696e-01 -3.168960e-01 2.639657e+02
-3.387628e-01 1.897643e-01 -9.215363e-01 -4.948006e+01 -1.019685e-01 9.662756e-01 2.364614e-01 -2.096488e+01 9.353300e-01 1.740720e-01 -3.079883e-01 2.638005e+02
-3.292328e-01 1.894625e-01 -9.250458e-01 -5.005596e+01 -1.038717e-01 9.664508e-01 2.349117e-01 -2.081916e+01 9.385182e-01 1.734267e-01 -2.985075e-01 2.636907e+02
-3.178350e-01 1.900340e-01 -9.289069e-01 -5.062425e+01 -1.049008e-01 9.666461e-01 2.336475e-01 -2.068920e+01 9.423252e-01 1.717045e-01 -2.872992e-01 2.635320e+02
-3.082955e-01 1.901635e-01 -9.320900e-01 -5.117706e+01 -1.049638e-01 9.670336e-01 2.320101e-01 -2.056406e+01 9.454821e-01 1.693634e-01 -2.781719e-01 2.634653e+02
-2.994260e-01 1.901988e-01 -9.349698e-01 -5.175923e+01 -1.037299e-01 9.676317e-01 2.300629e-01 -2.042639e+01 9.484641e-01 1.658712e-01 -2.700048e-01 2.633999e+02
-2.915843e-01 1.899659e-01 -9.374922e-01 -5.233980e+01 -1.027120e-01 9.681969e-01 2.281338e-01 -2.027092e+01 9.510146e-01 1.628120e-01 -2.627992e-01 2.633517e+02
-2.850901e-01 1.899256e-01 -9.394956e-01 -5.293410e+01 -1.008731e-01 9.687838e-01 2.264563e-01 -2.011666e+01 9.531780e-01 1.593303e-01 -2.570323e-01 2.633138e+02
-2.691064e-01 1.931537e-01 -9.435430e-01 -5.401071e+01 -9.539165e-02 9.695204e-01 2.256781e-01 -1.986785e+01 9.583748e-01 1.507375e-01 -2.424789e-01 2.630461e+02
-2.662903e-01 1.936941e-01 -9.442309e-01 -5.465268e+01 -9.212940e-02 9.700020e-01 2.249628e-01 -1.970847e+01 9.594799e-01 1.468968e-01 -2.404572e-01 2.630627e+02
-2.602483e-01 1.944166e-01 -9.457658e-01 -5.520369e+01 -9.093162e-02 9.702298e-01 2.244674e-01 -1.957929e+01 9.612504e-01 1.444173e-01 -2.348220e-01 2.629385e+02
-2.539739e-01 1.968219e-01 -9.469733e-01 -5.573267e+01 -8.890325e-02 9.701809e-01 2.254889e-01 -1.948807e+01 9.631165e-01 1.414573e-01 -2.289025e-01 2.628230e+02
-2.477068e-01 1.986036e-01 -9.482605e-01 -5.626505e+01 -8.667378e-02 9.702963e-01 2.258599e-01 -1.937098e+01 9.649503e-01 1.381364e-01 -2.231353e-01 2.627110e+02
-2.416695e-01 1.994022e-01 -9.496497e-01 -5.678365e+01 -8.458021e-02 9.706050e-01 2.253265e-01 -1.925718e+01 9.666654e-01 1.347761e-01 -2.177001e-01 2.626176e+02
-2.350409e-01 1.995372e-01 -9.512837e-01 -5.730132e+01 -8.324231e-02 9.709735e-01 2.242346e-01 -1.914383e+01 9.684144e-01 1.318914e-01 -2.116086e-01 2.625105e+02
-2.276785e-01 1.997044e-01 -9.530376e-01 -5.779776e+01 -8.312999e-02 9.711832e-01 2.233663e-01 -1.902775e+01 9.701814e-01 1.300817e-01 -2.045161e-01 2.624114e+02
-2.193052e-01 2.006343e-01 -9.548042e-01 -5.829531e+01 -8.173363e-02 9.714096e-01 2.228967e-01 -1.892578e+01 9.722267e-01 1.269220e-01 -1.966366e-01 2.623163e+02
-2.113953e-01 2.008765e-01 -9.565358e-01 -5.878648e+01 -8.073990e-02 9.717189e-01 2.219086e-01 -1.881713e+01 9.740601e-01 1.241410e-01 -1.891981e-01 2.622269e+02
-2.028280e-01 2.013951e-01 -9.582801e-01 -5.925878e+01 -8.088617e-02 9.718311e-01 2.213633e-01 -1.871891e+01 9.758679e-01 1.224103e-01 -1.808245e-01 2.621444e+02
-1.930440e-01 2.021451e-01 -9.601413e-01 -5.971274e+01 -8.121881e-02 9.718974e-01 2.209499e-01 -1.862483e+01 9.778229e-01 1.206346e-01 -1.712010e-01 2.620686e+02
-1.832707e-01 2.037473e-01 -9.617166e-01 -6.017180e+01 -8.274207e-02 9.716180e-01 2.216128e-01 -1.852929e+01 9.795742e-01 1.201896e-01 -1.612106e-01 2.620069e+02
-1.725333e-01 2.041747e-01 -9.636104e-01 -6.061933e+01 -8.293648e-02 9.717958e-01 2.207587e-01 -1.843222e+01 9.815059e-01 1.180067e-01 -1.507336e-01 2.619501e+02
-1.605602e-01 2.036260e-01 -9.657934e-01 -6.106282e+01 -8.277209e-02 9.722638e-01 2.187508e-01 -1.834669e+01 9.835493e-01 1.150634e-01 -1.392523e-01 2.618978e+02
-1.468828e-01 2.014971e-01 -9.684133e-01 -6.148498e+01 -8.390785e-02 9.729650e-01 2.151708e-01 -1.825582e+01 9.855886e-01 1.128624e-01 -1.260047e-01 2.618547e+02
-1.321400e-01 1.994293e-01 -9.709619e-01 -6.189076e+01 -8.859250e-02 9.732552e-01 2.119570e-01 -1.817915e+01 9.872641e-01 1.140279e-01 -1.109380e-01 2.618032e+02
-1.164986e-01 1.978311e-01 -9.732887e-01 -6.229673e+01 -9.355871e-02 9.734179e-01 2.090559e-01 -1.810633e+01 9.887744e-01 1.154144e-01 -9.489300e-02 2.617791e+02
-9.912510e-02 1.947212e-01 -9.758370e-01 -6.269182e+01 -9.821162e-02 9.739642e-01 2.043238e-01 -1.803203e+01 9.902165e-01 1.160921e-01 -7.742042e-02 2.617586e+02
-7.957618e-02 1.907626e-01 -9.784055e-01 -6.308358e+01 -1.024809e-01 9.747517e-01 1.983852e-01 -1.795311e+01 9.915469e-01 1.160547e-01 -5.801750e-02 2.617468e+02
-5.784552e-02 1.893935e-01 -9.801959e-01 -6.346049e+01 -1.067601e-01 9.750361e-01 1.946969e-01 -1.789499e+01 9.926007e-01 1.159082e-01 -3.618179e-02 2.617442e+02
-7.397299e-03 1.936532e-01 -9.810422e-01 -6.417279e+01 -1.153637e-01 9.743531e-01 1.932027e-01 -1.779544e+01 9.932958e-01 1.146058e-01 1.513297e-02 2.617650e+02
1.989296e-02 1.958788e-01 -9.804263e-01 -6.447490e+01 -1.182006e-01 9.742040e-01 1.922373e-01 -1.775000e+01 9.927905e-01 1.120628e-01 4.253278e-02 2.617887e+02
4.581520e-02 1.957043e-01 -9.795921e-01 -6.472883e+01 -1.189440e-01 9.747144e-01 1.891669e-01 -1.771047e+01 9.918434e-01 1.078499e-01 6.793459e-02 2.618200e+02
6.890678e-02 1.953892e-01 -9.783021e-01 -6.497479e+01 -1.221022e-01 9.749120e-01 1.861119e-01 -1.766056e+01 9.901227e-01 1.066285e-01 9.103550e-02 2.618615e+02
8.862271e-02 1.944829e-01 -9.768943e-01 -6.516675e+01 -1.280472e-01 9.748401e-01 1.824576e-01 -1.762202e+01 9.878006e-01 1.089187e-01 1.112960e-01 2.618915e+02
1.052252e-01 1.920894e-01 -9.757199e-01 -6.531763e+01 -1.321310e-01 9.751682e-01 1.777313e-01 -1.759654e+01 9.856313e-01 1.102210e-01 1.279933e-01 2.619171e+02
1.186379e-01 1.912757e-01 -9.743401e-01 -6.542917e+01 -1.323661e-01 9.755587e-01 1.753977e-01 -1.757885e+01 9.840753e-01 1.081608e-01 1.410566e-01 2.619457e+02
1.281578e-01 1.917829e-01 -9.730339e-01 -6.550431e+01 -1.310792e-01 9.757927e-01 1.750623e-01 -1.757185e+01 9.830533e-01 1.051089e-01 1.501942e-01 2.619667e+02
1.328325e-01 1.908806e-01 -9.725843e-01 -6.555796e+01 -1.307740e-01 9.760762e-01 1.737052e-01 -1.756063e+01 9.824733e-01 1.041150e-01 1.546168e-01 2.619832e+02
1.333442e-01 1.905296e-01 -9.725831e-01 -6.556659e+01 -1.311795e-01 9.761054e-01 1.732345e-01 -1.756012e+01 9.823499e-01 1.044832e-01 1.551516e-01 2.619828e+02
1.317105e-01 1.891956e-01 -9.730660e-01 -6.555672e+01 -1.349232e-01 9.759041e-01 1.714847e-01 -1.756249e+01 9.820632e-01 1.087028e-01 1.540637e-01 2.619739e+02
1.316049e-01 1.841036e-01 -9.740565e-01 -6.555339e+01 -1.375353e-01 9.764908e-01 1.659813e-01 -1.756264e+01 9.817149e-01 1.121232e-01 1.538317e-01 2.619696e+02
1.316118e-01 1.796150e-01 -9.748932e-01 -6.555749e+01 -1.372678e-01 9.772758e-01 1.615227e-01 -1.756297e+01 9.817514e-01 1.125632e-01 1.532764e-01 2.619697e+02
1.314871e-01 1.796052e-01 -9.749118e-01 -6.555631e+01 -1.361624e-01 9.774012e-01 1.616995e-01 -1.756369e+01 9.819221e-01 1.114849e-01 1.529711e-01 2.619696e+02
1.322783e-01 1.811497e-01 -9.745190e-01 -6.555955e+01 -1.355208e-01 9.772312e-01 1.632587e-01 -1.756108e+01 9.819046e-01 1.104720e-01 1.538161e-01 2.619721e+02
1.321988e-01 1.813324e-01 -9.744958e-01 -6.556165e+01 -1.360062e-01 9.771443e-01 1.633748e-01 -1.755843e+01 9.818482e-01 1.109395e-01 1.538396e-01 2.619726e+02
1.320454e-01 1.816409e-01 -9.744591e-01 -6.556120e+01 -1.366740e-01 9.770140e-01 1.635970e-01 -1.755925e+01 9.817761e-01 1.115810e-01 1.538358e-01 2.619718e+02
1.324042e-01 1.816710e-01 -9.744048e-01 -6.556483e+01 -1.370940e-01 9.769679e-01 1.635202e-01 -1.755569e+01 9.816692e-01 1.119343e-01 1.542606e-01 2.619726e+02
1.323834e-01 1.814085e-01 -9.744566e-01 -6.556662e+01 -1.370925e-01 9.770117e-01 1.632596e-01 -1.755426e+01 9.816722e-01 1.119778e-01 1.542099e-01 2.619750e+02
1.324054e-01 1.812740e-01 -9.744786e-01 -6.557136e+01 -1.372535e-01 9.770163e-01 1.630971e-01 -1.755126e+01 9.816467e-01 1.121556e-01 1.542427e-01 2.619760e+02
1.325187e-01 1.815288e-01 -9.744158e-01 -6.557631e+01 -1.375835e-01 9.769380e-01 1.632876e-01 -1.754974e+01 9.815852e-01 1.124249e-01 1.544379e-01 2.619754e+02
1.324762e-01 1.814696e-01 -9.744326e-01 -6.557442e+01 -1.377221e-01 9.769313e-01 1.632113e-01 -1.755187e+01 9.815715e-01 1.125793e-01 1.544125e-01 2.619758e+02
1.325703e-01 1.813357e-01 -9.744447e-01 -6.557535e+01 -1.378261e-01 9.769436e-01 1.630498e-01 -1.755073e+01 9.815442e-01 1.126884e-01 1.545065e-01 2.619741e+02
1.324558e-01 1.814015e-01 -9.744480e-01 -6.557938e+01 -1.381583e-01 9.768921e-01 1.630768e-01 -1.754765e+01 9.815130e-01 1.130276e-01 1.544571e-01 2.619761e+02
1.327943e-01 1.812614e-01 -9.744280e-01 -6.557259e+01 -1.390679e-01 9.768170e-01 1.627537e-01 -1.754883e+01 9.813388e-01 1.138989e-01 1.549234e-01 2.619731e+02
1.345220e-01 1.805487e-01 -9.743234e-01 -6.558677e+01 -1.395039e-01 9.769184e-01 1.617687e-01 -1.754100e+01 9.810415e-01 1.141605e-01 1.566043e-01 2.619802e+02
1.355637e-01 1.799286e-01 -9.742937e-01 -6.559115e+01 -1.391567e-01 9.770815e-01 1.610811e-01 -1.753559e+01 9.809475e-01 1.137428e-01 1.574950e-01 2.619860e+02
1.373176e-01 1.798149e-01 -9.740690e-01 -6.559924e+01 -1.396007e-01 9.770824e-01 1.606912e-01 -1.753666e+01 9.806404e-01 1.139150e-01 1.592729e-01 2.619929e+02
1.409287e-01 1.799137e-01 -9.735349e-01 -6.562744e+01 -1.410249e-01 9.769694e-01 1.601336e-01 -1.753535e+01 9.799240e-01 1.147252e-01 1.630553e-01 2.619895e+02
1.445713e-01 1.798983e-01 -9.730035e-01 -6.564784e+01 -1.415914e-01 9.769756e-01 1.595947e-01 -1.753411e+01 9.793115e-01 1.146961e-01 1.667147e-01 2.619977e+02
1.485227e-01 1.796394e-01 -9.724560e-01 -6.567584e+01 -1.422146e-01 9.770207e-01 1.587623e-01 -1.752759e+01 9.786297e-01 1.147177e-01 1.706571e-01 2.620055e+02
1.542357e-01 1.792347e-01 -9.716410e-01 -6.571496e+01 -1.434422e-01 9.770515e-01 1.574631e-01 -1.751457e+01 9.775662e-01 1.150879e-01 1.764060e-01 2.620156e+02
1.619752e-01 1.782630e-01 -9.705598e-01 -6.574210e+01 -1.464060e-01 9.770037e-01 1.550130e-01 -1.751318e+01 9.758736e-01 1.169875e-01 1.843492e-01 2.620240e+02
1.719015e-01 1.759751e-01 -9.692691e-01 -6.579252e+01 -1.492527e-01 9.772097e-01 1.509465e-01 -1.750529e+01 9.737420e-01 1.187181e-01 1.942485e-01 2.620390e+02
1.842834e-01 1.742662e-01 -9.673008e-01 -6.585675e+01 -1.518042e-01 9.773936e-01 1.471638e-01 -1.749815e+01 9.710793e-01 1.197205e-01 2.065718e-01 2.620606e+02
1.997351e-01 1.734597e-01 -9.643742e-01 -6.594221e+01 -1.542422e-01 9.775015e-01 1.438752e-01 -1.748722e+01 9.676338e-01 1.200103e-01 2.219962e-01 2.620892e+02
2.174960e-01 1.733579e-01 -9.605428e-01 -6.604962e+01 -1.569189e-01 9.775105e-01 1.408891e-01 -1.746913e+01 9.633649e-01 1.200845e-01 2.398077e-01 2.621290e+02
2.373488e-01 1.739056e-01 -9.557313e-01 -6.615851e+01 -1.602541e-01 9.773750e-01 1.380460e-01 -1.745638e+01 9.581149e-01 1.203948e-01 2.598479e-01 2.621691e+02
2.590217e-01 1.740973e-01 -9.500515e-01 -6.630627e+01 -1.641980e-01 9.772405e-01 1.343128e-01 -1.743102e+01 9.518124e-01 1.212067e-01 2.817129e-01 2.622219e+02
2.820713e-01 1.741358e-01 -9.434578e-01 -6.644921e+01 -1.677681e-01 9.771904e-01 1.302032e-01 -1.741127e+01 9.446109e-01 1.215555e-01 3.048518e-01 2.622863e+02
3.065623e-01 1.744507e-01 -9.357278e-01 -6.661353e+01 -1.714660e-01 9.771010e-01 1.259885e-01 -1.738859e+01 9.362793e-01 1.218221e-01 3.294547e-01 2.623571e+02
3.311514e-01 1.745458e-01 -9.272931e-01 -6.679442e+01 -1.744880e-01 9.771204e-01 1.216124e-01 -1.736307e+01 9.273040e-01 1.215294e-01 3.540309e-01 2.624369e+02
3.549781e-01 1.740757e-01 -9.185250e-01 -6.698776e+01 -1.761747e-01 9.773640e-01 1.171412e-01 -1.733448e+01 9.181247e-01 1.202383e-01 3.776106e-01 2.625293e+02
3.770775e-01 1.736662e-01 -9.097541e-01 -6.719112e+01 -1.782695e-01 9.775052e-01 1.127098e-01 -1.731067e+01 9.088633e-01 1.196811e-01 3.995546e-01 2.626327e+02
4.129295e-01 1.731003e-01 -8.941619e-01 -6.764339e+01 -1.899222e-01 9.765547e-01 1.013434e-01 -1.725597e+01 8.907406e-01 1.279735e-01 4.361238e-01 2.628686e+02
4.307866e-01 1.731844e-01 -8.856806e-01 -6.789673e+01 -1.966964e-01 9.758373e-01 9.514228e-02 -1.723372e+01 8.807573e-01 1.332241e-01 4.544424e-01 2.630058e+02
4.521489e-01 1.756575e-01 -8.744746e-01 -6.818276e+01 -2.023214e-01 9.750586e-01 9.125131e-02 -1.721188e+01 8.686929e-01 1.356658e-01 4.764109e-01 2.631651e+02
4.758832e-01 1.780126e-01 -8.613052e-01 -6.855947e+01 -2.075919e-01 9.743674e-01 8.668256e-02 -1.714814e+01 8.546583e-01 1.375492e-01 5.006391e-01 2.633486e+02
5.004317e-01 1.790487e-01 -8.470595e-01 -6.887106e+01 -2.122262e-01 9.739010e-01 8.047956e-02 -1.712028e+01 8.393618e-01 1.394937e-01 5.253697e-01 2.635570e+02
5.271408e-01 1.778010e-01 -8.309689e-01 -6.919158e+01 -2.142257e-01 9.740880e-01 7.252584e-02 -1.709678e+01 8.223320e-01 1.397835e-01 5.515710e-01 2.637877e+02
5.547966e-01 1.745083e-01 -8.134787e-01 -6.956445e+01 -2.142048e-01 9.747539e-01 6.301650e-02 -1.704773e+01 8.039384e-01 1.392897e-01 5.781707e-01 2.640630e+02
5.830926e-01 1.703496e-01 -7.943451e-01 -6.992112e+01 -2.145495e-01 9.753452e-01 5.167460e-02 -1.701408e+01 7.835634e-01 1.402952e-01 6.052649e-01 2.643539e+02
6.114905e-01 1.688534e-01 -7.730251e-01 -7.026022e+01 -2.170805e-01 9.752791e-01 4.131368e-02 -1.700187e+01 7.608912e-01 1.425457e-01 6.330287e-01 2.646641e+02
6.397531e-01 1.695813e-01 -7.496387e-01 -7.061512e+01 -2.204627e-01 9.748577e-01 3.238346e-02 -1.698734e+01 7.362827e-01 1.445500e-01 6.610546e-01 2.650093e+02
6.665644e-01 1.707078e-01 -7.256382e-01 -7.097904e+01 -2.244014e-01 9.742240e-01 2.305509e-02 -1.697663e+01 7.108698e-01 1.474665e-01 6.876901e-01 2.653814e+02
6.913511e-01 1.713942e-01 -7.018958e-01 -7.132846e+01 -2.258552e-01 9.740394e-01 1.538616e-02 -1.697293e+01 6.863112e-01 1.478896e-01 7.121135e-01 2.657695e+02
7.141258e-01 1.710239e-01 -6.788042e-01 -7.168575e+01 -2.241922e-01 9.744970e-01 9.665265e-03 -1.696892e+01 6.631457e-01 1.452804e-01 7.342557e-01 2.661922e+02
7.346648e-01 1.696908e-01 -6.568658e-01 -7.202600e+01 -2.211042e-01 9.752391e-01 4.645719e-03 -1.696652e+01 6.413895e-01 1.418227e-01 7.539932e-01 2.666427e+02
7.530801e-01 1.697804e-01 -6.356453e-01 -7.240413e+01 -2.191099e-01 9.756997e-01 1.018510e-03 -1.697690e+01 6.203718e-01 1.385092e-01 7.719806e-01 2.671172e+02
7.684996e-01 1.718251e-01 -6.163477e-01 -7.276685e+01 -2.191075e-01 9.757000e-01 -1.191337e-03 -1.698842e+01 6.011658e-01 1.359619e-01 7.874732e-01 2.676278e+02
7.819994e-01 1.717456e-01 -5.991498e-01 -7.313254e+01 -2.202857e-01 9.754033e-01 -7.914638e-03 -1.699666e+01 5.830534e-01 1.381734e-01 8.005978e-01 2.681600e+02
7.943365e-01 1.700358e-01 -5.831958e-01 -7.349617e+01 -2.213519e-01 9.750421e-01 -1.720845e-02 -1.701779e+01 5.657144e-01 1.427608e-01 8.121493e-01 2.686851e+02
8.059504e-01 1.690403e-01 -5.673353e-01 -7.384864e+01 -2.214605e-01 9.748706e-01 -2.413705e-02 -1.703897e+01 5.489983e-01 1.450956e-01 8.231331e-01 2.692345e+02
8.178945e-01 1.678022e-01 -5.503554e-01 -7.420780e+01 -2.200224e-01 9.750429e-01 -2.969125e-02 -1.705249e+01 5.316378e-01 1.453748e-01 8.344024e-01 2.698192e+02
8.289153e-01 1.689830e-01 -5.332394e-01 -7.457082e+01 -2.197713e-01 9.750047e-01 -3.265432e-02 -1.707492e+01 5.143929e-01 1.442584e-01 8.453339e-01 2.704246e+02
8.396307e-01 1.720566e-01 -5.151862e-01 -7.495348e+01 -2.204419e-01 9.748175e-01 -3.370818e-02 -1.710792e+01 4.964128e-01 1.418711e-01 8.564152e-01 2.710490e+02
8.495573e-01 1.719097e-01 -4.986978e-01 -7.531340e+01 -2.210195e-01 9.744232e-01 -4.061765e-02 -1.714730e+01 4.789601e-01 1.447289e-01 8.658237e-01 2.716806e+02
8.583738e-01 1.660856e-01 -4.853968e-01 -7.565717e+01 -2.176276e-01 9.746801e-01 -5.135070e-02 -1.718859e+01 4.645780e-01 1.497138e-01 8.727847e-01 2.723387e+02
8.654487e-01 1.626995e-01 -4.738433e-01 -7.597863e+01 -2.152719e-01 9.748020e-01 -5.847292e-02 -1.722206e+01 4.523898e-01 1.526104e-01 8.786657e-01 2.729864e+02
8.702749e-01 1.643368e-01 -4.643436e-01 -7.634275e+01 -2.151741e-01 9.748355e-01 -5.827413e-02 -1.727111e+01 4.430821e-01 1.506292e-01 8.837359e-01 2.736820e+02
8.735444e-01 1.676496e-01 -4.569614e-01 -7.671047e+01 -2.162508e-01 9.747431e-01 -5.578007e-02 -1.732216e+01 4.360685e-01 1.475446e-01 8.877358e-01 2.743890e+02
8.760791e-01 1.689206e-01 -4.516096e-01 -7.709140e+01 -2.161276e-01 9.748351e-01 -5.463822e-02 -1.737527e+01 4.310154e-01 1.454727e-01 8.905411e-01 2.751105e+02
8.778452e-01 1.685966e-01 -4.482889e-01 -7.744207e+01 -2.156713e-01 9.748767e-01 -5.568990e-02 -1.741794e+01 4.276372e-01 1.455702e-01 8.921523e-01 2.758359e+02
8.791688e-01 1.687861e-01 -4.456158e-01 -7.781530e+01 -2.156087e-01 9.748652e-01 -5.613065e-02 -1.746935e+01 4.249413e-01 1.454270e-01 8.934629e-01 2.765948e+02
