1.000000e+00 0.000000e+00 0.000000e+00 0.000000e+00 0.000000e+00 1.000000e+00 0.000000e+00 0.000000e+00 0.000000e+00 0.000000e+00 1.000000e+00 0.000000e+00
9.999361e-01 -2.717877e-03 1.097246e-02 2.318168e-02 2.713172e-03 9.999962e-01 4.437029e-04 1.350392e-04 -1.097362e-02 -4.139044e-04 9.999397e-01 2.897556e-01
9.998369e-01 -5.251851e-03 1.727847e-02 4.151749e-02 5.262413e-03 9.999860e-01 -5.658464e-04 4.224127e-03 -1.727525e-02 6.566806e-04 9.998506e-01 5.864744e-01
9.997930e-01 -7.918447e-03 1.874048e-02 5.985740e-02 7.962100e-03 9.999658e-01 -2.255853e-03 7.139006e-04 -1.872198e-02 2.404599e-03 9.998218e-01 8.816178e-01
9.998316e-01 -9.370205e-03 1.578026e-02 8.184557e-02 9.446241e-03 9.999441e-01 -4.750780e-03 8.055956e-03 -1.573486e-02 4.899044e-03 9.998642e-01 1.187540e+00
9.998925e-01 -1.174994e-02 8.771549e-03 8.536062e-02 1.180741e-02 9.999090e-01 -6.529450e-03 7.292287e-03 -8.694030e-03 6.632317e-03 9.999402e-01 1.507270e+00
9.999029e-01 -1.328853e-02 -4.207541e-03 9.385883e-02 1.324984e-02 9.998709e-01 -9.093862e-03 8.919453e-03 4.327841e-03 9.037229e-03 9.999498e-01 1.835141e+00
9.996884e-01 -1.243013e-02 -2.164914e-02 9.065302e-02 1.222361e-02 9.998788e-01 -9.645584e-03 4.743170e-03 2.176641e-02 9.377947e-03 9.997191e-01 2.169584e+00
9.991081e-01 -7.747174e-03 -4.150818e-02 6.551676e-02 7.348045e-03 9.999254e-01 -9.759621e-03 -8.222977e-04 4.158069e-02 9.445913e-03 9.990905e-01 2.514743e+00
9.980817e-01 -4.069824e-03 -6.177725e-02 3.303754e-02 3.403253e-03 9.999349e-01 -1.089130e-02 -8.923053e-03 6.181756e-02 1.066016e-02 9.980305e-01 2.873072e+00
5.737126e-01 4.119228e-01 7.079360e-01 6.175522e+00 6.659768e-01 2.685378e-01 -6.959614e-01 -7.474514e+00 -4.767900e-01 8.707508e-01 -1.202675e-01 1.965558e+00
5.894080e-01 4.104996e-01 6.957645e-01 6.435782e+00 6.512638e-01 2.681265e-01 -7.099039e-01 -7.753543e+00 -4.779682e-01 8.715493e-01 -1.093076e-01 1.923908e+00
6.038320e-01 4.088133e-01 6.842943e-01 6.694006e+00 6.373754e-01 2.679036e-01 -7.224820e-01 -8.045046e+00 -4.786852e-01 8.724101e-01 -9.879877e-02 1.887738e+00
6.157631e-01 4.089216e-01 6.735123e-01 6.959445e+00 6.238700e-01 2.690765e-01 -7.337466e-01 -8.352643e+00 -4.812712e-01 8.719982e-01 -8.942652e-02 1.854617e+00
6.262231e-01 4.088626e-01 6.638343e-01 7.232582e+00 6.115515e-01 2.705225e-01 -7.435202e-01 -8.674596e+00 -4.835797e-01 8.715784e-01 -8.063306e-02 1.817228e+00
6.349407e-01 4.095771e-01 6.550549e-01 7.504146e+00 6.010968e-01 2.707379e-01 -7.519200e-01 -9.016345e+00 -4.853174e-01 8.711760e-01 -7.429301e-02 1.790731e+00
6.439283e-01 4.085420e-01 6.468770e-01 7.785726e+00 5.923174e-01 2.689652e-01 -7.594852e-01 -9.363909e+00 -4.842690e-01 8.722105e-01 -6.879222e-02 1.764458e+00
6.520265e-01 4.074111e-01 6.394355e-01 8.082183e+00 5.855637e-01 2.651536e-01 -7.660344e-01 -9.723666e+00 -4.816395e-01 8.739049e-01 -6.567795e-02 1.729176e+00
6.560796e-01 4.103739e-01 6.333663e-01 8.376059e+00 5.789144e-01 2.647473e-01 -7.712114e-01 -1.009272e+01 -4.841670e-01 8.726409e-01 -6.387608e-02 1.699579e+00
6.607765e-01 4.116198e-01 6.276492e-01 8.680987e+00 5.727613e-01 2.639204e-01 -7.760738e-01 -1.047105e+01 -4.850968e-01 8.723045e-01 -6.136744e-02 1.668285e+00
9.499870e-01 1.944270e-01 -2.443824e-01 1.512987e+01 -2.195482e-01 9.723259e-01 -7.988114e-02 -1.812554e+01 2.220882e-01 1.295398e-01 9.663831e-01 3.670415e-01
9.488646e-01 1.896826e-01 -2.523419e-01 1.493671e+01 -2.157394e-01 9.731936e-01 -7.969181e-02 -1.816349e+01 2.304614e-01 1.300568e-01 9.643510e-01 9.247238e-01
9.480186e-01 1.828098e-01 -2.604636e-01 1.482530e+01 -2.096068e-01 9.745990e-01 -7.887833e-02 -1.820716e+01 2.394278e-01 1.293731e-01 9.622562e-01 1.422519e+00
9.456580e-01 1.821200e-01 -2.693756e-01 1.465026e+01 -2.102744e-01 9.744131e-01 -7.939681e-02 -1.824931e+01 2.480234e-01 1.317250e-01 9.597567e-01 1.954437e+00
9.420183e-01 1.865184e-01 -2.789488e-01 1.453757e+01 -2.168039e-01 9.727905e-01 -8.169929e-02 -1.829040e+01 2.561203e-01 1.374394e-01 9.568243e-01 2.432547e+00
9.389917e-01 1.880452e-01 -2.879819e-01 1.434666e+01 -2.199453e-01 9.720220e-01 -8.244535e-02 -1.832221e+01 2.644213e-01 1.407558e-01 9.540803e-01 2.973978e+00
9.369837e-01 1.844353e-01 -2.967239e-01 1.415751e+01 -2.174410e-01 9.726166e-01 -8.207575e-02 -1.835803e+01 2.734609e-01 1.414236e-01 9.514297e-01 3.542838e+00
9.347392e-01 1.810581e-01 -3.057458e-01 1.398107e+01 -2.153975e-01 9.730526e-01 -8.229522e-02 -1.840123e+01 2.826066e-01 1.427815e-01 9.485499e-01 4.109871e+00
9.318390e-01 1.822057e-01 -3.138106e-01 1.379612e+01 -2.182168e-01 9.723281e-01 -8.342377e-02 -1.843715e+01 2.899266e-01 1.462163e-01 9.458136e-01 4.664090e+00
9.287890e-01 1.822555e-01 -3.226979e-01 1.363994e+01 -2.201771e-01 9.717603e-01 -8.487629e-02 -1.848964e+01 2.981158e-01 1.498829e-01 9.426888e-01 5.204864e+00
7.787988e-01 2.784757e-01 -5.620709e-01 1.042082e+01 7.249559e-03 8.919978e-01 4.519815e-01 -1.625389e+01 6.272319e-01 -3.560774e-01 6.926680e-01 8.535767e+00
7.755895e-01 2.738078e-01 -5.687620e-01 9.920202e+00 1.021841e-02 8.954628e-01 4.450191e-01 -1.590263e+01 6.311549e-01 -3.509640e-01 6.917136e-01 9.031628e+00
7.725796e-01 2.701829e-01 -5.745625e-01 9.558908e+00 1.114319e-02 8.990303e-01 4.377446e-01 -1.561787e+01 6.348202e-01 -3.445950e-01 6.915618e-01 9.472932e+00
7.696824e-01 2.664855e-01 -5.801503e-01 9.128281e+00 1.139896e-02 9.028373e-01 4.298311e-01 -1.530873e+01 6.383252e-01 -3.374466e-01 6.918604e-01 9.936136e+00
7.659247e-01 2.642516e-01 -5.861147e-01 8.725626e+00 9.819458e-03 9.067159e-01 4.216275e-01 -1.502345e+01 6.428553e-01 -3.286903e-01 6.918813e-01 1.040054e+01
7.625524e-01 2.626072e-01 -5.912286e-01 8.262584e+00 8.454439e-03 9.097806e-01 4.150035e-01 -1.471684e+01 6.468712e-01 -3.214604e-01 6.915352e-01 1.088243e+01
7.584755e-01 2.613851e-01 -5.969865e-01 7.843364e+00 7.450247e-03 9.125050e-01 4.089976e-01 -1.443476e+01 6.516590e-01 -3.146623e-01 6.901653e-01 1.135422e+01
7.541803e-01 2.612889e-01 -6.024451e-01 7.422543e+00 5.404829e-03 9.149271e-01 4.035828e-01 -1.416721e+01 6.566451e-01 -3.076304e-01 6.886078e-01 1.183206e+01
7.498365e-01 2.612505e-01 -6.078596e-01 6.967752e+00 3.390649e-03 9.172106e-01 3.983883e-01 -1.387720e+01 6.616144e-01 -3.007872e-01 6.868722e-01 1.232419e+01
7.454604e-01 2.628801e-01 -6.125217e-01 6.504236e+00 9.880030e-04 9.185067e-01 3.954042e-01 -1.359661e+01 6.665492e-01 -2.953633e-01 6.844507e-01 1.281370e+01
8.025415e-01 2.173533e-01 -5.555940e-01 3.394418e+00 1.109922e-02 9.256722e-01 3.781637e-01 -1.125985e+01 5.964930e-01 -3.096587e-01 7.404779e-01 1.577714e+01
7.990852e-01 2.176513e-01 -5.604380e-01 2.911949e+00 1.349074e-02 9.254454e-01 3.786407e-01 -1.095116e+01 6.010664e-01 -3.101269e-01 7.365735e-01 1.635986e+01
7.951878e-01 2.188403e-01 -5.654955e-01 2.457652e+00 1.537490e-02 9.250254e-01 3.795941e-01 -1.065763e+01 6.061682e-01 -3.105431e-01 7.322043e-01 1.692195e+01
7.911822e-01 2.199138e-01 -5.706739e-01 1.986451e+00 1.780057e-02 9.244374e-01 3.809181e-01 -1.036873e+01 6.113214e-01 -3.115340e-01 7.274838e-01 1.748890e+01
7.861227e-01 2.221199e-01 -5.767788e-01 1.513221e+00 2.038455e-02 9.233675e-01 3.833758e-01 -1.008647e+01 6.177342e-01 -3.131378e-01 7.213523e-01 1.805231e+01
7.809314e-01 2.250705e-01 -5.826572e-01 1.008764e+00 2.398601e-02 9.213295e-01 3.880421e-01 -9.759745e+00 6.241561e-01 -3.170099e-01 7.140965e-01 1.865473e+01
7.751616e-01 2.289580e-01 -5.888146e-01 4.980817e-01 2.643721e-02 9.194460e-01 3.923265e-01 -9.441186e+00 6.312095e-01 -3.196831e-01 7.066663e-01 1.923636e+01
7.689223e-01 2.338122e-01 -5.950549e-01 -1.974365e-02 2.689121e-02 9.180787e-01 3.954849e-01 -9.127425e+00 6.387765e-01 -3.200989e-01 6.996437e-01 1.982066e+01
7.632075e-01 2.348034e-01 -6.019814e-01 -5.739573e-01 3.033733e-02 9.175899e-01 3.963692e-01 -8.784187e+00 6.454409e-01 -3.207744e-01 6.931882e-01 2.040706e+01
7.572552e-01 2.353138e-01 -6.092553e-01 -1.158446e+00 3.338261e-02 9.176749e-01 3.959272e-01 -8.433560e+00 6.522654e-01 -3.201564e-01 6.870587e-01 2.099860e+01
8.164488e-01 1.111655e-01 -5.666159e-01 -3.669889e+00 5.681946e-02 9.610628e-01 2.704252e-01 -6.744717e+00 5.746155e-01 -2.529831e-01 7.783422e-01 2.363397e+01
8.106991e-01 1.126657e-01 -5.745201e-01 -4.073189e+00 5.879287e-02 9.606818e-01 2.713555e-01 -6.553884e+00 5.825035e-01 -2.537654e-01 7.722000e-01 2.426057e+01
8.056127e-01 1.131346e-01 -5.815400e-01 -4.567015e+00 6.189814e-02 9.601516e-01 2.725390e-01 -6.333997e+00 5.892001e-01 -2.555571e-01 7.665075e-01 2.492681e+01
8.005869e-01 1.141318e-01 -5.882471e-01 -5.122127e+00 6.567090e-02 9.590683e-01 2.754548e-01 -6.088140e+00 5.956073e-01 -2.591562e-01 7.603223e-01 2.561636e+01
7.954402e-01 1.176869e-01 -5.944954e-01 -5.602552e+00 6.746818e-02 9.576689e-01 2.798541e-01 -5.860261e+00 6.022649e-01 -2.627167e-01 7.538282e-01 2.627118e+01
7.907325e-01 1.194630e-01 -6.003921e-01 -6.215650e+00 7.025875e-02 9.565820e-01 2.828685e-01 -5.609965e+00 6.081166e-01 -2.658562e-01 7.480071e-01 2.697119e+01
7.859939e-01 1.197202e-01 -6.065317e-01 -6.750471e+00 7.330132e-02 9.561042e-01 2.837104e-01 -5.372900e+00 6.138734e-01 -2.674542e-01 7.427165e-01 2.765317e+01
7.817270e-01 1.194181e-01 -6.120803e-01 -7.306062e+00 7.609345e-02 9.558949e-01 2.836808e-01 -5.123193e+00 6.189610e-01 -2.683362e-01 7.381619e-01 2.833368e+01
7.774904e-01 1.197512e-01 -6.173883e-01 -7.862673e+00 7.915734e-02 9.552620e-01 2.849712e-01 -4.872986e+00 6.238932e-01 -2.704332e-01 7.332279e-01 2.901910e+01
7.734491e-01 1.189111e-01 -6.226047e-01 -8.391279e+00 8.311643e-02 9.547381e-01 2.855990e-01 -4.623069e+00 6.283854e-01 -2.726450e-01 7.285579e-01 2.971896e+01
8.380166e-01 -4.534516e-02 -5.437574e-01 -1.023597e+01 1.007012e-01 9.922754e-01 7.244843e-02 -3.821216e+00 5.362719e-01 -1.154700e-01 8.361095e-01 3.199496e+01
8.355781e-01 -4.615592e-02 -5.474293e-01 -1.074553e+01 1.016459e-01 9.922487e-01 7.148849e-02 -3.767611e+00 5.398864e-01 -1.153781e-01 8.337929e-01 3.278912e+01
8.340266e-01 -4.559266e-02 -5.498372e-01 -1.128261e+01 1.008507e-01 9.923872e-01 7.068752e-02 -3.706146e+00 5.424285e-01 -1.144068e-01 8.322754e-01 3.360700e+01
8.340650e-01 -4.388573e-02 -5.499179e-01 -1.193194e+01 9.896067e-02 9.925635e-01 7.088377e-02 -3.638016e+00 5.427176e-01 -1.135419e-01 8.322054e-01 3.448016e+01
8.338809e-01 -4.272156e-02 -5.502886e-01 -1.247809e+01 9.860676e-02 9.924913e-01 7.237204e-02 -3.583321e+00 5.430648e-01 -1.146118e-01 8.318321e-01 3.532699e+01
8.332703e-01 -4.469773e-02 -5.510560e-01 -1.305321e+01 1.013839e-01 9.921781e-01 7.282760e-02 -3.515259e+00 5.434905e-01 -1.165533e-01 8.312842e-01 3.620160e+01
8.324083e-01 -4.670274e-02 -5.521913e-01 -1.365253e+01 1.032321e-01 9.920688e-01 7.171231e-02 -3.443804e+00 5.444626e-01 -1.166978e-01 8.306275e-01 3.709842e+01
8.310200e-01 -4.865406e-02 -5.541105e-01 -1.422293e+01 1.053512e-01 9.919041e-01 7.090418e-02 -3.381919e+00 5.461747e-01 -1.172990e-01 8.294179e-01 3.797321e+01
8.289193e-01 -4.949833e-02 -5.571739e-01 -1.480294e+01 1.079046e-01 9.915180e-01 7.244725e-02 -3.308436e+00 5.488619e-01 -1.201745e-01 8.272295e-01 3.886138e+01
8.266411e-01 -4.791355e-02 -5.606860e-01 -1.540763e+01 1.087520e-01 9.911873e-01 7.563515e-02 -3.244324e+00 5.521209e-01 -1.234988e-01 8.245669e-01 3.974758e+01
8.589910e-01 -8.116274e-02 -5.055167e-01 -1.673878e+01 7.431651e-02 9.966639e-01 -3.373730e-02 -3.144107e+00 5.065685e-01 -8.588202e-03 8.621570e-01 4.179259e+01
8.546493e-01 -8.156784e-02 -5.127584e-01 -1.728057e+01 7.562211e-02 9.966070e-01 -3.249228e-02 -3.206463e+00 5.136690e-01 -1.100637e-02 8.579179e-01 4.272952e+01
8.489232e-01 -8.545575e-02 -5.215618e-01 -1.782250e+01 7.881127e-02 9.962764e-01 -3.495814e-02 -3.298405e+00 5.226071e-01 -1.142817e-02 8.524970e-01 4.363611e+01
8.426798e-01 -8.900237e-02 -5.310079e-01 -1.836385e+01 8.037654e-02 9.959862e-01 -3.938443e-02 -3.354900e+00 5.323819e-01 -9.492114e-03 8.464511e-01 4.451554e+01
8.365433e-01 -8.926325e-02 -5.405805e-01 -1.892276e+01 8.043853e-02 9.959575e-01 -3.997938e-02 -3.400554e+00 5.419639e-01 -1.003902e-02 8.403418e-01 4.537697e+01
8.306489e-01 -8.596898e-02 -5.501197e-01 -1.948852e+01 7.940826e-02 9.961999e-01 -3.577751e-02 -3.455658e+00 5.511050e-01 -1.396551e-02 8.343190e-01 4.626391e+01
8.256161e-01 -8.164305e-02 -5.582942e-01 -2.009977e+01 7.674146e-02 9.965296e-01 -3.224236e-02 -3.516624e+00 5.589891e-01 -1.622451e-02 8.290163e-01 4.716546e+01
8.216150e-01 -8.114186e-02 -5.642382e-01 -2.070306e+01 7.486821e-02 9.966034e-01 -3.430006e-02 -3.579157e+00 5.651048e-01 -1.406206e-02 8.248993e-01 4.806694e+01
8.181248e-01 -8.326291e-02 -5.689808e-01 -2.134023e+01 7.437191e-02 9.964722e-01 -3.888300e-02 -3.649650e+00 5.702111e-01 -1.050505e-02 8.214310e-01 4.899104e+01
8.153572e-01 -8.531067e-02 -5.726384e-01 -2.194750e+01 7.154142e-02 9.963499e-01 -4.656948e-02 -3.701441e+00 5.745211e-01 -2.996607e-03 8.184843e-01 4.983789e+01
8.194708e-01 -5.428884e-02 -5.705440e-01 -2.304936e+01 2.424362e-02 9.978960e-01 -6.013153e-02 -3.834018e+00 5.726080e-01 3.544397e-02 8.190627e-01 5.145806e+01
8.162064e-01 -5.246889e-02 -5.753730e-01 -2.365455e+01 2.428829e-02 9.981035e-01 -5.656352e-02 -3.903376e+00 5.772497e-01 3.219268e-02 8.159329e-01 5.230333e+01
8.131257e-01 -4.990002e-02 -5.799453e-01 -2.428681e+01 2.441437e-02 9.983657e-01 -5.167127e-02 -3.976216e+00 5.815759e-01 2.785624e-02 8.130151e-01 5.316554e+01
8.100086e-01 -4.827367e-02 -5.844277e-01 -2.494623e+01 2.418631e-02 9.985081e-01 -4.895478e-02 -4.053520e+00 5.859191e-01 2.551864e-02 8.099677e-01 5.407219e+01
8.070867e-01 -4.762947e-02 -5.885087e-01 -2.558744e+01 2.260741e-02 9.985029e-01 -4.980731e-02 -4.120614e+00 5.899999e-01 2.689416e-02 8.069553e-01 5.492082e+01
8.035997e-01 -4.883499e-02 -5.931633e-01 -2.623442e+01 2.233804e-02 9.984006e-01 -5.193517e-02 -4.191848e+00 5.947509e-01 2.848498e-02 8.034052e-01 5.577605e+01
7.994974e-01 -5.209358e-02 -5.984064e-01 -2.688886e+01 2.405582e-02 9.982098e-01 -5.475838e-02 -4.271305e+00 6.001877e-01 2.938402e-02 7.993193e-01 5.663382e+01
7.953218e-01 -5.299789e-02 -6.038663e-01 -2.753900e+01 2.450735e-02 9.981675e-01 -5.532607e-02 -4.346493e+00 6.056919e-01 2.920287e-02 7.951632e-01 5.747942e+01
7.907997e-01 -5.323771e-02 -6.097553e-01 -2.820664e+01 2.491164e-02 9.981842e-01 -5.484317e-02 -4.419369e+00 6.115678e-01 2.817996e-02 7.906900e-01 5.833507e+01
7.860703e-01 -5.240939e-02 -6.159113e-01 -2.888689e+01 2.362952e-02 9.982186e-01 -5.478316e-02 -4.493064e+00 6.176853e-01 2.850972e-02 7.859084e-01 5.919004e+01
7.775115e-01 -2.597250e-02 -6.283321e-01 -2.991779e+01 -4.907718e-03 9.988658e-01 -4.736166e-02 -4.612759e+00 6.288495e-01 3.990791e-02 7.765022e-01 6.049204e+01
7.722447e-01 -2.682017e-02 -6.347588e-01 -3.062622e+01 -5.073704e-03 9.988163e-01 -4.837516e-02 -4.684239e+00 6.353049e-01 4.057804e-02 7.711946e-01 6.132898e+01
7.666565e-01 -2.807193e-02 -6.414435e-01 -3.134327e+01 -4.686147e-03 9.987725e-01 -4.931087e-02 -4.755063e+00 6.420404e-01 4.081040e-02 7.655839e-01 6.217196e+01
7.609752e-01 -2.956775e-02 -6.481068e-01 -3.205209e+01 -4.142246e-03 9.987192e-01 -5.042690e-02 -4.828045e+00 6.487677e-01 4.105824e-02 7.598781e-01 6.300072e+01
7.550278e-01 -3.085333e-02 -6.549664e-01 -3.280192e+01 -4.060563e-03 9.986532e-01 -5.172419e-02 -4.905582e+00 6.556802e-01 4.171274e-02 7.538857e-01 6.383728e+01
7.490207e-01 -3.181259e-02 -6.617824e-01 -3.358561e+01 -3.619763e-03 9.986352e-01 -5.210239e-02 -4.982623e+00 6.625367e-01 4.142127e-02 7.478833e-01 6.468572e+01
7.430482e-01 -3.071944e-02 -6.685325e-01 -3.438223e+01 -4.418506e-03 9.986990e-01 -5.080178e-02 -5.065766e+00 6.692233e-01 4.070209e-02 7.419458e-01 6.551942e+01
7.368647e-01 -3.073944e-02 -6.753410e-01 -3.516963e+01 -4.672730e-03 9.987103e-01 -5.055663e-02 -5.140433e+00 6.760241e-01 4.040908e-02 7.357707e-01 6.634498e+01
7.304095e-01 -3.191446e-02 -6.822635e-01 -3.597670e+01 -4.325823e-03 9.986715e-01 -5.134626e-02 -5.228757e+00 6.829958e-01 4.045515e-02 7.293011e-01 6.717847e+01
7.237159e-01 -3.318083e-02 -6.892999e-01 -3.669549e+01 -4.877265e-03 9.985725e-01 -5.318908e-02 -5.298611e+00 6.900808e-01 4.185568e-02 7.225210e-01 6.797663e+01
7.162378e-01 -1.963869e-02 -6.975799e-01 -3.765483e+01 -2.245149e-02 9.984380e-01 -5.116062e-02 -5.392477e+00 6.974951e-01 5.230488e-02 7.146781e-01 6.902212e+01
7.107576e-01 -1.857238e-02 -7.031918e-01 -3.841602e+01 -2.377077e-02 9.984463e-01 -5.039703e-02 -5.463346e+00 7.030353e-01 5.253549e-02 7.092118e-01 6.981406e+01
7.056743e-01 -1.836070e-02 -7.082985e-01 -3.922204e+01 -2.454810e-02 9.984305e-01 -5.033873e-02 -5.530129e+00 7.081110e-01 5.291013e-02 7.041160e-01 7.061651e+01
7.010831e-01 -1.931867e-02 -7.128178e-01 -4.008477e+01 -2.474263e-02 9.983720e-01 -5.139301e-02 -5.606721e+00 7.126502e-01 5.366776e-02 6.994637e-01 7.141483e+01
6.961419e-01 -2.069306e-02 -7.176059e-01 -4.095826e+01 -2.604190e-02 9.981987e-01 -5.404727e-02 -5.689308e+00 7.174317e-01 5.631239e-02 6.943491e-01 7.221519e+01
6.909622e-01 -2.320913e-02 -7.225182e-01 -4.179546e+01 -2.571270e-02 9.980629e-01 -5.665003e-02 -5.763294e+00 7.224334e-01 5.772092e-02 6.890270e-01 7.301356e+01
6.859963e-01 -2.315030e-02 -7.272366e-01 -4.264200e+01 -2.726887e-02 9.979735e-01 -5.749123e-02 -5.838535e+00 7.270939e-01 5.926969e-02 6.839749e-01 7.380049e+01
6.814483e-01 -2.186061e-02 -7.315397e-01 -4.356656e+01 -2.847808e-02 9.980048e-01 -5.635145e-02 -5.925801e+00 7.313120e-01 5.923345e-02 6.794661e-01 7.459929e+01
6.765125e-01 -2.243939e-02 -7.360892e-01 -4.448255e+01 -2.693512e-02 9.981129e-01 -5.518216e-02 -6.009935e+00 7.359384e-01 5.715807e-02 6.746314e-01 7.538920e+01
6.714541e-01 -2.374782e-02 -7.406655e-01 -4.538438e+01 -2.621559e-02 9.980995e-01 -5.576776e-02 -6.086032e+00 7.405823e-01 5.686247e-02 6.695555e-01 7.617836e+01
6.610146e-01 -1.804497e-02 -7.501560e-01 -4.647540e+01 -3.466701e-02 9.979089e-01 -5.455216e-02 -6.181228e+00 7.495718e-01 6.206544e-02 6.590068e-01 7.712384e+01
6.566243e-01 -1.832640e-02 -7.539952e-01 -4.738339e+01 -3.457418e-02 9.979224e-01 -5.436450e-02 -6.257651e+00 7.534250e-01 6.176581e-02 6.546265e-01 7.790248e+01
6.526688e-01 -1.929377e-02 -7.573976e-01 -4.830729e+01 -3.329172e-02 9.979798e-01 -5.411063e-02 -6.342791e+00 7.569115e-01 6.053139e-02 6.507080e-01 7.867504e+01
6.487097e-01 -2.226090e-02 -7.607103e-01 -4.922338e+01 -3.045689e-02 9.980119e-01 -5.517780e-02 -6.422879e+00 7.604263e-01 5.896324e-02 6.467420e-01 7.945653e+01
6.448355e-01 -2.689344e-02 -7.638481e-01 -5.017244e+01 -2.781984e-02 9.978927e-01 -5.861896e-02 -6.500457e+00 7.638149e-01 5.904972e-02 6.427285e-01 8.022311e+01
6.401606e-01 -3.089956e-02 -7.676194e-01 -5.115359e+01 -2.390179e-02 9.979060e-01 -6.010249e-02 -6.587985e+00 7.678692e-01 5.682273e-02 6.380816e-01 8.101548e+01
6.335618e-01 -3.437325e-02 -7.729281e-01 -5.206520e+01 -1.938258e-02 9.979939e-01 -6.026998e-02 -6.669334e+00 7.734492e-01 5.316610e-02 6.316246e-01 8.176937e+01
6.250050e-01 -3.808228e-02 -7.796913e-01 -5.301290e+01 -1.466582e-02 9.980602e-01 -6.050422e-02 -6.763043e+00 7.804830e-01 4.925025e-02 6.232341e-01 8.254159e+01
6.159123e-01 -3.873145e-02 -7.868621e-01 -5.398535e+01 -1.258955e-02 9.981793e-01 -5.898746e-02 -6.861296e+00 7.877141e-01 4.623734e-02 6.143033e-01 8.330532e+01
6.068579e-01 -3.661642e-02 -7.939665e-01 -5.495316e+01 -1.327985e-02 9.983317e-01 -5.619169e-02 -6.957868e+00 7.946994e-01 4.464412e-02 6.053592e-01 8.405687e+01
5.995086e-01 -3.385184e-02 -7.996521e-01 -5.606993e+01 -1.836078e-02 9.982605e-01 -5.602487e-02 -7.058390e+00 8.001577e-01 4.826963e-02 5.978442e-01 8.488158e+01
5.898632e-01 -3.493357e-02 -8.067472e-01 -5.707190e+01 -1.974477e-02 9.981411e-01 -5.765790e-02 -7.146221e+00 8.072617e-01 4.993931e-02 5.880770e-01 8.561018e+01
5.798472e-01 -3.689603e-02 -8.138893e-01 -5.811491e+01 -2.000036e-02 9.980284e-01 -5.949265e-02 -7.237767e+00 8.144797e-01 5.077473e-02 5.779661e-01 8.633673e+01
5.696211e-01 -3.878514e-02 -8.209918e-01 -5.911042e+01 -1.949306e-02 9.979675e-01 -6.067049e-02 -7.315348e+00 8.216762e-01 5.056283e-02 5.677073e-01 8.706061e+01
5.591232e-01 -3.964643e-02 -8.281361e-01 -6.012960e+01 -1.680375e-02 9.981089e-01 -5.912895e-02 -7.395901e+00 8.289143e-01 4.697616e-02 5.573996e-01 8.777895e+01
5.489141e-01 -3.986824e-02 -8.349274e-01 -6.120804e+01 -1.560493e-02 9.981990e-01 -5.792385e-02 -7.481143e+00 8.357331e-01 4.482420e-02 5.473034e-01 8.847036e+01
5.386369e-01 -4.078582e-02 -8.415502e-01 -6.228107e+01 -1.524473e-02 9.981923e-01 -5.813494e-02 -7.566839e+00 8.424001e-01 4.414283e-02 5.370415e-01 8.913807e+01
5.283695e-01 -4.221205e-02 -8.479645e-01 -6.335301e+01 -1.574597e-02 9.981043e-01 -5.949744e-02 -7.641377e+00 8.488685e-01 4.478866e-02 5.267032e-01 8.978786e+01
5.180614e-01 -4.263037e-02 -8.542804e-01 -6.443008e+01 -1.748642e-02 9.980206e-01 -6.040760e-02 -7.729075e+00 8.551647e-01 4.623315e-02 5.162905e-01 9.044750e+01
5.073399e-01 -4.359237e-02 -8.606428e-01 -6.546490e+01 -1.877175e-02 9.979237e-01 -6.161152e-02 -7.819585e+00 8.615416e-01 4.741376e-02 5.054682e-01 9.110490e+01
4.980119e-01 -4.134922e-02 -8.661838e-01 -6.664396e+01 -2.208184e-02 9.979339e-01 -6.033454e-02 -7.917872e+00 8.668890e-01 4.917425e-02 4.960699e-01 9.178420e+01
4.890193e-01 -3.909804e-02 -8.713963e-01 -6.772228e+01 -2.343426e-02 9.980455e-01 -5.793165e-02 -8.004018e+00 8.719581e-01 4.875023e-02 4.871472e-01 9.240228e+01
4.809153e-01 -3.790216e-02 -8.759474e-01 -6.884286e+01 -2.236938e-02 9.982095e-01 -5.547373e-02 -8.087135e+00 8.764817e-01 4.627257e-02 4.792064e-01 9.300884e+01
4.729769e-01 -3.824720e-02 -8.802443e-01 -6.993987e+01 -2.233724e-02 9.982157e-01 -5.537549e-02 -8.172263e+00 8.807916e-01 4.585355e-02 4.712787e-01 9.360675e+01
4.651134e-01 -4.143100e-02 -8.842811e-01 -7.107226e+01 -2.074865e-02 9.981196e-01 -5.767801e-02 -8.252308e+00 8.850079e-01 4.517445e-02 4.633792e-01 9.421015e+01
4.576600e-01 -4.543707e-02 -8.879655e-01 -7.218771e+01 -1.755794e-02 9.980368e-01 -6.011881e-02 -8.330307e+00 8.889539e-01 4.310482e-02 4.559638e-01 9.480691e+01
4.508043e-01 -4.696896e-02 -8.913862e-01 -7.328273e+01 -1.789891e-02 9.979382e-01 -6.163549e-02 -8.452848e+00 8.924433e-01 4.374039e-02 4.490342e-01 9.539490e+01
4.451436e-01 -5.044086e-02 -8.940374e-01 -7.442527e+01 -1.611922e-02 9.977991e-01 -6.432081e-02 -8.551174e+00 8.953141e-01 4.304318e-02 4.433508e-01 9.596309e+01
4.401370e-01 -5.085943e-02 -8.964891e-01 -7.553547e+01 -1.423870e-02 9.978738e-01 -6.360174e-02 -8.658814e+00 8.978177e-01 4.075832e-02 4.384770e-01 9.652799e+01
4.355089e-01 -4.818890e-02 -8.988937e-01 -7.667871e+01 -1.270095e-02 9.981378e-01 -5.966283e-02 -8.760294e+00 9.000948e-01 3.740050e-02 4.340858e-01 9.709555e+01
4.283904e-01 -4.485053e-02 -9.024800e-01 -7.786142e+01 -1.169788e-02 9.984084e-01 -5.517064e-02 -8.875029e+00 9.035180e-01 3.419167e-02 4.271839e-01 9.769139e+01
4.252319e-01 -4.413943e-02 -9.040075e-01 -7.903055e+01 -1.076307e-02 9.984929e-01 -5.381560e-02 -8.967926e+00 9.050205e-01 3.261401e-02 4.241159e-01 9.822950e+01
4.221622e-01 -4.337278e-02 -9.054821e-01 -8.015324e+01 -1.006373e-02 9.985690e-01 -5.252366e-02 -9.064416e+00 9.064645e-01 3.128603e-02 4.211216e-01 9.876137e+01
4.197701e-01 -4.228630e-02 -9.066449e-01 -8.131637e+01 -8.826269e-03 9.986767e-01 -5.066521e-02 -9.153225e+00 9.075875e-01 2.927003e-02 4.188414e-01 9.929407e+01
4.170706e-01 -3.934138e-02 -9.080222e-01 -8.242581e+01 -9.341733e-03 9.988244e-01 -4.756633e-02 -9.279954e+00 9.088261e-01 2.832102e-02 4.162128e-01 9.983345e+01
4.147608e-01 -4.024986e-02 -9.090399e-01 -8.354477e+01 -7.628962e-03 9.988323e-01 -4.770643e-02 -9.350398e+00 9.098985e-01 2.672179e-02 4.139694e-01 1.003435e+02
4.109181e-01 -3.973492e-02 -9.108059e-01 -8.459843e+01 -6.075828e-03 9.989082e-01 -4.631964e-02 -9.441286e+00 9.116520e-01 2.456748e-02 4.102280e-01 1.008878e+02
4.052642e-01 -3.662455e-02 -9.134657e-01 -8.555752e+01 -4.966230e-03 9.990943e-01 -4.226105e-02 -9.553174e+00 9.141861e-01 2.166337e-02 4.047153e-01 1.014654e+02
4.041673e-01 -3.536199e-02 -9.140013e-01 -8.669581e+01 -3.377623e-03 9.991879e-01 -4.015137e-02 -9.647982e+00 9.146788e-01 1.931502e-02 4.037197e-01 1.019343e+02
3.987099e-01 -3.469859e-02 -9.164204e-01 -8.763763e+01 -3.187000e-03 9.992255e-01 -3.922043e-02 -9.742729e+00 9.170716e-01 1.855821e-02 3.982905e-01 1.024944e+02
3.938760e-01 -3.444296e-02 -9.185180e-01 -8.866335e+01 -4.064330e-03 9.992226e-01 -3.921211e-02 -9.838583e+00 9.191546e-01 1.917787e-02 3.934298e-01 1.030338e+02
3.912381e-01 -3.552409e-02 -9.196036e-01 -8.966440e+01 -4.506491e-03 9.991688e-01 -4.051493e-02 -9.908552e+00 9.202785e-01 1.999517e-02 3.907528e-01 1.035252e+02
3.884092e-01 -3.707875e-02 -9.207407e-01 -9.060770e+01 -5.066136e-03 9.990891e-01 -4.237100e-02 -9.952856e+00 9.214731e-01 2.112189e-02 3.878676e-01 1.040169e+02
3.882699e-01 -3.680929e-02 -9.208103e-01 -9.158805e+01 -8.026908e-03 9.990290e-01 -4.332071e-02 -1.000907e+01 9.215107e-01 2.421139e-02 3.875974e-01 1.044996e+02
3.909633e-01 -3.714983e-02 -9.196562e-01 -9.259634e+01 -1.050652e-02 9.989399e-01 -4.481905e-02 -1.007381e+01 9.203463e-01 2.718499e-02 3.901586e-01 1.049714e+02
3.933002e-01 -3.588490e-02 -9.187095e-01 -9.357307e+01 -1.283943e-02 9.989262e-01 -4.451474e-02 -1.017879e+01 9.193204e-01 2.930337e-02 3.924172e-01 1.054634e+02
3.943445e-01 -3.746841e-02 -9.181985e-01 -9.447487e+01 -1.291597e-02 9.988438e-01 -4.630636e-02 -1.021390e+01 9.188719e-01 3.012009e-02 3.934046e-01 1.059959e+02
3.989846e-01 -3.401352e-02 -9.163265e-01 -9.545894e+01 -1.642459e-02 9.988864e-01 -4.422965e-02 -1.031529e+01 9.168105e-01 3.269724e-02 3.979817e-01 1.065017e+02
4.071028e-01 -3.324070e-02 -9.127773e-01 -9.649200e+01 -1.733319e-02 9.988764e-01 -4.410687e-02 -1.038158e+01 9.132178e-01 3.377738e-02 4.060693e-01 1.069480e+02
4.128268e-01 -3.169257e-02 -9.102580e-01 -9.742819e+01 -1.813294e-02 9.989104e-01 -4.300298e-02 -1.047044e+01 9.106290e-01 3.425843e-02 4.118023e-01 1.074555e+02
4.211541e-01 -2.823152e-02 -9.065496e-01 -9.844261e+01 -1.979700e-02 9.989912e-01 -4.030737e-02 -1.059879e+01 9.067730e-01 3.492257e-02 4.201703e-01 1.079452e+02
4.294074e-01 -2.810686e-02 -9.026734e-01 -9.940532e+01 -2.068592e-02 9.989472e-01 -4.094500e-02 -1.069282e+01 9.028739e-01 3.625472e-02 4.283739e-01 1.084413e+02
4.392605e-01 -3.137313e-02 -8.978118e-01 -1.003797e+02 -2.344521e-02 9.986493e-01 -4.636752e-02 -1.070931e+01 8.980538e-01 4.141680e-02 4.379316e-01 1.089309e+02
4.519840e-01 -3.317874e-02 -8.914088e-01 -1.013860e+02 -2.548792e-02 9.984197e-01 -5.008526e-02 -1.075886e+01 8.916618e-01 4.535789e-02 4.504241e-01 1.094007e+02
4.647448e-01 -3.084076e-02 -8.849074e-01 -1.023502e+02 -2.798087e-02 9.983826e-01 -4.949088e-02 -1.083863e+01 8.850024e-01 4.776111e-02 4.631302e-01 1.098798e+02
4.785761e-01 -2.806128e-02 -8.775976e-01 -1.032983e+02 -2.963257e-02 9.984037e-01 -4.808346e-02 -1.091514e+01 8.775459e-01 4.901707e-02 4.769806e-01 1.103577e+02
4.899264e-01 -2.530164e-02 -8.713966e-01 -1.042356e+02 -3.102672e-02 9.984394e-01 -4.643461e-02 -1.099670e+01 8.712115e-01 4.978612e-02 4.883767e-01 1.109177e+02
5.018270e-01 -2.459170e-02 -8.646184e-01 -1.051715e+02 -3.085945e-02 9.984504e-01 -4.630909e-02 -1.107810e+01 8.644174e-01 4.992080e-02 5.002904e-01 1.114593e+02
5.129413e-01 -2.449423e-02 -8.580742e-01 -1.060967e+02 -3.092020e-02 9.984170e-01 -4.698393e-02 -1.116627e+01 8.578667e-01 5.063182e-02 5.113719e-01 1.120276e+02
5.233077e-01 -2.519177e-02 -8.517714e-01 -1.069910e+02 -3.159994e-02 9.983017e-01 -4.893976e-02 -1.123743e+01 8.515577e-01 5.252648e-02 5.216229e-01 1.125986e+02
5.329935e-01 -2.552527e-02 -8.457342e-01 -1.078819e+02 -3.184572e-02 9.982315e-01 -5.019744e-02 -1.130024e+01 8.455198e-01 5.368792e-02 5.312380e-01 1.131586e+02
5.433415e-01 -2.523318e-02 -8.391325e-01 -1.087626e+02 -3.173527e-02 9.982164e-01 -5.056563e-02 -1.137988e+01 8.389117e-01 5.410450e-02 5.415716e-01 1.137538e+02
5.545214e-01 -2.189800e-02 -8.318813e-01 -1.096308e+02 -3.407796e-02 9.982176e-01 -4.899248e-02 -1.144793e+01 8.314714e-01 5.551619e-02 5.527868e-01 1.143285e+02
5.648114e-01 -1.935120e-02 -8.249931e-01 -1.104871e+02 -3.352902e-02 9.983614e-01 -4.637258e-02 -1.151985e+01 8.245386e-01 5.385297e-02 5.632370e-01 1.149141e+02
5.747164e-01 -1.774156e-02 -8.181603e-01 -1.113226e+02 -3.479280e-02 9.983313e-01 -4.608870e-02 -1.158990e+01 8.176127e-01 5.495402e-02 5.731401e-01 1.155086e+02
5.849968e-01 -1.836878e-02 -8.108276e-01 -1.121339e+02 -3.582534e-02 9.981824e-01 -4.846049e-02 -1.165115e+01 8.102440e-01 5.739740e-02 5.832754e-01 1.160771e+02
5.946408e-01 -1.797056e-02 -8.037907e-01 -1.129375e+02 -3.795842e-02 9.980078e-01 -5.039419e-02 -1.171585e+01 8.030950e-01 6.047706e-02 5.927740e-01 1.166761e+02
6.036134e-01 -1.807529e-02 -7.970723e-01 -1.136441e+02 -3.739298e-02 9.980010e-01 -5.094903e-02 -1.177285e+01 7.963998e-01 6.055842e-02 6.017308e-01 1.172556e+02
6.131014e-01 -1.585793e-02 -7.898451e-01 -1.144403e+02 -3.779532e-02 9.980649e-01 -4.937627e-02 -1.184676e+01 7.890996e-01 6.012510e-02 6.113156e-01 1.178682e+02
6.219850e-01 -1.361537e-02 -7.829108e-01 -1.151962e+02 -3.821750e-02 9.981294e-01 -4.772014e-02 -1.191695e+01 7.820960e-01 5.960210e-02 6.203011e-01 1.184738e+02
6.304262e-01 -1.334636e-02 -7.761345e-01 -1.159544e+02 -3.802055e-02 9.981212e-01 -4.804636e-02 -1.197887e+01 7.753175e-01 5.979874e-02 6.287343e-01 1.191003e+02
6.386968e-01 -1.259154e-02 -7.693555e-01 -1.166855e+02 -3.914084e-02 9.980400e-01 -4.882787e-02 -1.204340e+01 7.684623e-01 6.129942e-02 6.369521e-01 1.197019e+02
6.463154e-01 -1.170932e-02 -7.629805e-01 -1.173982e+02 -3.986891e-02 9.979984e-01 -4.908877e-02 -1.210178e+01 7.620281e-01 6.214603e-02 6.445549e-01 1.203143e+02
6.538682e-01 -9.366247e-03 -7.565505e-01 -1.181235e+02 -4.012734e-02 9.980868e-01 -4.703760e-02 -1.216114e+01 7.555436e-01 6.111474e-02 6.522414e-01 1.209367e+02
6.618586e-01 -6.796515e-03 -7.495979e-01 -1.188353e+02 -4.101362e-02 9.981328e-01 -4.526299e-02 -1.221032e+01 7.485059e-01 6.070142e-02 6.603441e-01 1.215485e+02
6.693384e-01 -4.885696e-03 -7.429416e-01 -1.195125e+02 -4.230406e-02 9.981054e-01 -4.467669e-02 -1.227316e+01 7.417523e-01 6.133327e-02 6.678636e-01 1.221714e+02
6.773014e-01 -3.759914e-03 -7.356961e-01 -1.201850e+02 -4.340319e-02 9.980410e-01 -4.505881e-02 -1.233363e+01 7.344243e-01 6.244995e-02 6.758113e-01 1.227866e+02
6.856566e-01 -7.489566e-04 -7.279247e-01 -1.208416e+02 -4.636018e-02 9.979244e-01 -4.469496e-02 -1.238860e+01 7.264473e-01 6.439212e-02 6.841987e-01 1.234053e+02
6.951942e-01 2.151822e-03 -7.188188e-01 -1.214814e+02 -4.721271e-02 9.979729e-01 -4.267354e-02 -1.244206e+01 7.172698e-01 6.360378e-02 6.938865e-01 1.240232e+02
7.048650e-01 6.224362e-03 -7.093141e-01 -1.221023e+02 -4.893114e-02 9.980062e-01 -3.986653e-02 -1.250570e+01 7.076518e-01 6.280807e-02 7.037642e-01 1.246683e+02
7.155918e-01 8.848691e-03 -6.984627e-01 -1.227439e+02 -5.127879e-02 9.978872e-01 -3.989430e-02 -1.256724e+01 6.966340e-01 6.436435e-02 7.145336e-01 1.253150e+02
7.265263e-01 1.018005e-02 -6.870633e-01 -1.233924e+02 -5.321107e-02 9.977212e-01 -4.148437e-02 -1.263225e+01 6.850753e-01 6.669885e-02 7.254124e-01 1.259633e+02
7.377535e-01 9.388012e-03 -6.750050e-01 -1.240542e+02 -5.305397e-02 9.976169e-01 -4.411095e-02 -1.270147e+01 6.729823e-01 6.835469e-02 7.364934e-01 1.266216e+02
7.479929e-01 1.067087e-02 -6.636209e-01 -1.245442e+02 -5.358883e-02 9.975772e-01 -4.436125e-02 -1.275570e+01 6.615398e-01 6.874457e-02 7.467525e-01 1.272123e+02
7.588172e-01 1.287366e-02 -6.511764e-01 -1.250806e+02 -5.455776e-02 9.975471e-01 -4.385490e-02 -1.280175e+01 6.490146e-01 6.880458e-02 7.576583e-01 1.278408e+02
7.695328e-01 1.567632e-02 -6.384148e-01 -1.256168e+02 -5.514801e-02 9.975954e-01 -4.197831e-02 -1.285535e+01 6.362216e-01 6.751099e-02 7.685469e-01 1.284986e+02
7.798704e-01 1.730712e-02 -6.257017e-01 -1.261273e+02 -5.479074e-02 9.976682e-01 -4.069499e-02 -1.289984e+01 6.235383e-01 6.601948e-02 7.790002e-01 1.291492e+02
7.895338e-01 1.895278e-02 -6.134144e-01 -1.266269e+02 -5.411867e-02 9.977793e-01 -3.882828e-02 -1.294434e+01 6.113163e-01 6.385341e-02 7.888062e-01 1.298128e+02
7.980235e-01 1.878796e-02 -6.023334e-01 -1.271185e+02 -5.230666e-02 9.979012e-01 -3.817389e-02 -1.297471e+01 6.003520e-01 6.196971e-02 7.973313e-01 1.304939e+02
8.057251e-01 1.835378e-02 -5.920052e-01 -1.275997e+02 -5.034040e-02 9.980251e-01 -3.757229e-02 -1.301739e+01 5.901465e-01 6.007471e-02 8.050579e-01 1.311758e+02
8.130227e-01 1.872908e-02 -5.819306e-01 -1.280613e+02 -5.029584e-02 9.980055e-01 -3.814878e-02 -1.305413e+01 5.800555e-01 6.028451e-02 8.123432e-01 1.318488e+02
8.202983e-01 1.940823e-02 -5.716065e-01 -1.285332e+02 -5.081511e-02 9.979448e-01 -3.903944e-02 -1.309300e+01 5.696741e-01 6.107023e-02 8.195986e-01 1.325370e+02
8.274268e-01 2.180081e-02 -5.611503e-01 -1.290006e+02 -5.270197e-02 9.978506e-01 -3.894335e-02 -1.313743e+01 5.590952e-01 6.179650e-02 8.267973e-01 1.332397e+02
8.343111e-01 2.333215e-02 -5.508000e-01 -1.294628e+02 -5.384964e-02 9.977753e-01 -3.930121e-02 -1.318521e+01 5.486577e-01 6.244981e-02 8.337115e-01 1.339459e+02
8.405042e-01 2.307641e-02 -5.413134e-01 -1.299021e+02 -5.331123e-02 9.977668e-01 -4.024182e-02 -1.322749e+01 5.391759e-01 6.268150e-02 8.398574e-01 1.346709e+02
8.461905e-01 2.187840e-02 -5.324312e-01 -1.303672e+02 -5.213388e-02 9.977625e-01 -4.185657e-02 -1.327866e+01 5.303242e-01 6.317633e-02 8.454378e-01 1.354127e+02
8.509245e-01 2.143730e-02 -5.248504e-01 -1.308227e+02 -5.157222e-02 9.977491e-01 -4.285987e-02 -1.332576e+01 5.227503e-01 6.353821e-02 8.501147e-01 1.361595e+02
8.548061e-01 2.272348e-02 -5.184498e-01 -1.312900e+02 -5.242744e-02 9.977109e-01 -4.271162e-02 -1.337454e+01 5.162924e-01 6.369115e-02 8.540407e-01 1.369189e+02
8.581752e-01 2.464119e-02 -5.127652e-01 -1.317424e+02 -5.245155e-02 9.978287e-01 -3.983291e-02 -1.341992e+01 5.106703e-01 6.107895e-02 8.576043e-01 1.376901e+02
8.616055e-01 2.989659e-02 -5.066973e-01 -1.322069e+02 -5.574439e-02 9.977989e-01 -3.591668e-02 -1.347560e+01 5.045082e-01 5.919154e-02 8.613756e-01 1.384684e+02
8.655608e-01 3.292410e-02 -4.997205e-01 -1.326689e+02 -5.750267e-02 9.977709e-01 -3.386163e-02 -1.351613e+01 4.974917e-01 5.804456e-02 8.655246e-01 1.392662e+02
8.690568e-01 3.619040e-02 -4.933867e-01 -1.331316e+02 -5.984786e-02 9.976869e-01 -3.223537e-02 -1.355794e+01 4.910789e-01 5.754251e-02 8.692125e-01 1.400775e+02
8.726131e-01 3.845007e-02 -4.868962e-01 -1.336001e+02 -6.099657e-02 9.976709e-01 -3.053195e-02 -1.360253e+01 4.845882e-01 5.634158e-02 8.729261e-01 1.409104e+02
8.764114e-01 4.059443e-02 -4.798491e-01 -1.340730e+02 -6.153858e-02 9.977121e-01 -2.799121e-02 -1.365016e+01 4.776150e-01 5.406105e-02 8.769044e-01 1.417485e+02
8.803388e-01 4.105373e-02 -4.725656e-01 -1.345573e+02 -6.069378e-02 9.978077e-01 -2.638228e-02 -1.369688e+01 4.704465e-01 5.190713e-02 8.809005e-01 1.426253e+02
8.843243e-01 4.125505e-02 -4.650469e-01 -1.350118e+02 -6.023899e-02 9.978446e-01 -2.602892e-02 -1.373453e+01 4.629707e-01 5.103196e-02 8.849033e-01 1.435006e+02
8.886831e-01 4.182053e-02 -4.566108e-01 -1.355009e+02 -6.055013e-02 9.978145e-01 -2.645743e-02 -1.378663e+01 4.545064e-01 5.116011e-02 8.892731e-01 1.444062e+02
8.934068e-01 3.973129e-02 -4.474882e-01 -1.359845e+02 -5.836418e-02 9.979048e-01 -2.792232e-02 -1.382808e+01 4.454413e-01 5.106327e-02 8.938538e-01 1.453245e+02
8.981611e-01 3.896954e-02 -4.379360e-01 -1.364655e+02 -5.770894e-02 9.978958e-01 -2.955771e-02 -1.388075e+01 4.358627e-01 5.182041e-02 8.985201e-01 1.462568e+02
9.033106e-01 3.807364e-02 -4.272942e-01 -1.369225e+02 -5.747639e-02 9.978146e-01 -3.259721e-02 -1.392310e+01 4.251193e-01 5.400474e-02 9.035248e-01 1.472009e+02
9.092940e-01 4.096730e-02 -4.141330e-01 -1.373891e+02 -6.051695e-02 9.975814e-01 -3.419066e-02 -1.397503e+01 4.117307e-01 5.615142e-02 9.095740e-01 1.481705e+02
9.163335e-01 4.348323e-02 -3.980479e-01 -1.378367e+02 -6.233788e-02 9.974572e-01 -3.454263e-02 -1.400564e+01 3.955337e-01 5.646603e-02 9.167141e-01 1.491477e+02
9.237389e-01 4.819614e-02 -3.799783e-01 -1.382534e+02 -6.553970e-02 9.973097e-01 -3.283107e-02 -1.405395e+01 3.773737e-01 5.523101e-02 9.244126e-01 1.501276e+02
9.312924e-01 5.197900e-02 -3.605449e-01 -1.386379e+02 -6.834328e-02 9.971232e-01 -3.277847e-02 -1.409238e+01 3.578039e-01 5.516716e-02 9.321657e-01 1.511194e+02
9.389274e-01 5.378967e-02 -3.398853e-01 -1.390153e+02 -6.931178e-02 9.970262e-01 -3.368496e-02 -1.413401e+01 3.370626e-01 5.518578e-02 9.398635e-01 1.521375e+02
9.461497e-01 5.573525e-02 -3.188953e-01 -1.394035e+02 -7.016043e-02 9.969589e-01 -3.391870e-02 -1.417299e+01 3.160351e-01 5.446601e-02 9.471828e-01 1.532268e+02
9.530120e-01 5.707557e-02 -2.975071e-01 -1.397695e+02 -6.995895e-02 9.970095e-01 -3.282889e-02 -1.421571e+01 2.947437e-01 5.209961e-02 9.541550e-01 1.543348e+02
9.594343e-01 5.986454e-02 -2.755034e-01 -1.400933e+02 -7.103584e-02 9.969999e-01 -3.074109e-02 -1.427200e+01 2.728366e-01 4.906466e-02 9.608084e-01 1.554045e+02
9.654646e-01 6.286944e-02 -2.528350e-01 -1.404671e+02 -7.232664e-02 9.969801e-01 -2.827625e-02 -1.431883e+01 2.502938e-01 4.558643e-02 9.670961e-01 1.566122e+02
9.708641e-01 6.567144e-02 -2.304564e-01 -1.407512e+02 -7.373905e-02 9.969238e-01 -2.656109e-02 -1.436962e+01 2.280032e-01 4.278084e-02 9.727201e-01 1.577538e+02
9.756112e-01 6.803592e-02 -2.086957e-01 -1.410201e+02 -7.554571e-02 9.967430e-01 -2.821771e-02 -1.441406e+01 2.060962e-01 4.329558e-02 9.775734e-01 1.590085e+02
9.800814e-01 6.803281e-02 -1.865797e-01 -1.412848e+02 -7.526819e-02 9.966509e-01 -3.196484e-02 -1.445814e+01 1.837802e-01 4.537166e-02 9.819197e-01 1.602066e+02
9.837910e-01 6.858944e-02 -1.656824e-01 -1.415151e+02 -7.526895e-02 9.965707e-01 -3.437112e-02 -1.450456e+01 1.627568e-01 4.628474e-02 9.855800e-01 1.614091e+02
9.869808e-01 6.839644e-02 -1.455706e-01 -1.416935e+02 -7.403888e-02 9.966859e-01 -3.369627e-02 -1.457659e+01 1.427834e-01 4.403545e-02 9.887739e-01 1.626599e+02
9.895912e-01 6.996811e-02 -1.257526e-01 -1.418384e+02 -7.467959e-02 9.966566e-01 -3.314516e-02 -1.464282e+01 1.230130e-01 4.219131e-02 9.915078e-01 1.638646e+02
9.918832e-01 7.152631e-02 -1.051274e-01 -1.420051e+02 -7.543673e-02 9.965810e-01 -3.369871e-02 -1.469784e+01 1.023577e-01 4.135565e-02 9.938876e-01 1.651155e+02
9.936609e-01 7.383857e-02 -8.476988e-02 -1.421233e+02 -7.698418e-02 9.964368e-01 -3.445441e-02 -1.475304e+01 8.192376e-02 4.076194e-02 9.958047e-01 1.663594e+02
9.951238e-01 7.529073e-02 -6.371721e-02 -1.422348e+02 -7.763754e-02 9.963604e-01 -3.519089e-02 -1.480866e+01 6.083576e-02 3.996614e-02 9.973473e-01 1.676392e+02
9.959990e-01 7.825539e-02 -4.315101e-02 -1.423093e+02 -7.986640e-02 9.961199e-01 -3.696542e-02 -1.486857e+01 4.009083e-02 4.026384e-02 9.983845e-01 1.689121e+02
9.965308e-01 8.010287e-02 -2.258244e-02 -1.423878e+02 -8.095175e-02 9.959317e-01 -3.958473e-02 -1.492673e+01 1.931972e-02 4.127549e-02 9.989610e-01 1.702549e+02
9.967152e-01 8.093380e-02 -2.929872e-03 -1.424186e+02 -8.098477e-02 9.957800e-01 -4.317021e-02 -1.499400e+01 -5.764209e-04 4.326568e-02 9.990634e-01 1.716019e+02
9.963415e-01 8.386429e-02 1.644588e-02 -1.424379e+02 -8.300968e-02 9.954331e-01 -4.714266e-02 -1.506386e+01 -2.032435e-02 4.560502e-02 9.987528e-01 1.729547e+02
9.957409e-01 8.483459e-02 3.609869e-02 -1.424375e+02 -8.297003e-02 9.952794e-01 -5.034714e-02 -1.513228e+01 -4.019946e-02 4.713760e-02 9.980792e-01 1.743341e+02
9.947792e-01 8.572984e-02 5.536017e-02 -1.424137e+02 -8.270020e-02 9.950623e-01 -5.487864e-02 -1.520515e+01 -5.979155e-02 5.001383e-02 9.969572e-01 1.757590e+02
9.934205e-01 8.759685e-02 7.377347e-02 -1.423121e+02 -8.314078e-02 9.946412e-01 -6.145394e-02 -1.530285e+01 -7.876130e-02 5.491602e-02 9.953798e-01 1.771414e+02
9.917691e-01 9.002261e-02 9.104923e-02 -1.421719e+02 -8.388895e-02 9.940768e-01 -6.909368e-02 -1.541931e+01 -9.672992e-02 6.088696e-02 9.934466e-01 1.785145e+02
9.897795e-01 9.236801e-02 1.086498e-01 -1.420584e+02 -8.446581e-02 9.935831e-01 -7.522111e-02 -1.553996e+01 -1.149007e-01 6.527511e-02 9.912300e-01 1.799636e+02
9.874134e-01 9.535554e-02 1.261825e-01 -1.419061e+02 -8.563263e-02 9.930802e-01 -8.036683e-02 -1.569601e+01 -1.329728e-01 6.854994e-02 9.887462e-01 1.814417e+02
9.846882e-01 9.820767e-02 1.440291e-01 -1.417268e+02 -8.668155e-02 9.926679e-01 -8.424200e-02 -1.584084e+01 -1.512463e-01 7.046743e-02 9.859812e-01 1.828731e+02
9.819140e-01 9.810482e-02 1.619269e-01 -1.415262e+02 -8.514087e-02 9.927228e-01 -8.516120e-02 -1.597583e+01 -1.691032e-01 6.983438e-02 9.831212e-01 1.843335e+02
9.789022e-01 9.834633e-02 1.791047e-01 -1.412393e+02 -8.383409e-02 9.926847e-01 -8.688506e-02 -1.613142e+01 -1.863393e-01 7.003690e-02 9.799860e-01 1.857597e+02
9.755957e-01 9.899425e-02 1.959929e-01 -1.409697e+02 -8.195482e-02 9.922652e-01 -9.323698e-02 -1.628423e+01 -2.037068e-01 7.489904e-02 9.761627e-01 1.872667e+02
9.721438e-01 1.003212e-01 2.118301e-01 -1.406400e+02 -8.089324e-02 9.918447e-01 -9.849016e-02 -1.643545e+01 -2.199833e-01 7.861098e-02 9.723311e-01 1.887100e+02
9.682571e-01 1.031507e-01 2.276801e-01 -1.401813e+02 -8.211250e-02 9.915894e-01 -1.000401e-01 -1.658332e+01 -2.360843e-01 7.816912e-02 9.685834e-01 1.902881e+02
9.635957e-01 1.059096e-01 2.454924e-01 -1.398112e+02 -8.303452e-02 9.913379e-01 -1.017565e-01 -1.677188e+01 -2.541429e-01 7.766783e-02 9.640431e-01 1.919082e+02
9.585654e-01 1.099052e-01 2.628179e-01 -1.393825e+02 -8.452382e-02 9.907633e-01 -1.060369e-01 -1.694984e+01 -2.720443e-01 7.942892e-02 9.590010e-01 1.934796e+02
9.536486e-01 1.113150e-01 2.795772e-01 -1.389129e+02 -8.314271e-02 9.903681e-01 -1.107169e-01 -1.717447e+01 -2.892088e-01 8.234024e-02 9.537182e-01 1.949636e+02
9.482246e-01 1.124766e-01 2.970170e-01 -1.384734e+02 -8.182848e-02 9.901378e-01 -1.137158e-01 -1.740846e+01 -3.068781e-01 8.352371e-02 9.480768e-01 1.965091e+02
9.428505e-01 1.128281e-01 3.135328e-01 -1.379174e+02 -7.859092e-02 9.896813e-01 -1.198099e-01 -1.762423e+01 -3.238155e-01 8.832198e-02 9.419887e-01 1.980198e+02
9.356446e-01 1.163753e-01 3.332055e-01 -1.374589e+02 -7.785054e-02 9.888726e-01 -1.267685e-01 -1.787557e+01 -3.442505e-01 9.267000e-02 9.342933e-01 1.996965e+02
9.270398e-01 1.204000e-01 3.551070e-01 -1.369174e+02 -7.810598e-02 9.882775e-01 -1.311754e-01 -1.811928e+01 -3.667378e-01 9.386884e-02 9.255766e-01 2.012205e+02
9.168582e-01 1.241358e-01 3.794224e-01 -1.363167e+02 -7.831852e-02 9.878879e-01 -1.339543e-01 -1.836517e+01 -3.914553e-01 9.310125e-02 9.154752e-01 2.028666e+02
9.052335e-01 1.296903e-01 4.046389e-01 -1.356495e+02 -7.978302e-02 9.872236e-01 -1.379282e-01 -1.862128e+01 -4.173571e-01 9.257388e-02 9.040150e-01 2.044118e+02
8.925305e-01 1.347399e-01 4.303887e-01 -1.349694e+02 -8.012635e-02 9.865200e-01 -1.426814e-01 -1.888237e+01 -4.438119e-01 9.286200e-02 8.912955e-01 2.059829e+02
8.789582e-01 1.391975e-01 4.561322e-01 -1.342676e+02 -7.995734e-02 9.859294e-01 -1.467991e-01 -1.918068e+01 -4.701482e-01 9.255913e-02 8.777206e-01 2.075899e+02
8.656328e-01 1.412425e-01 4.803440e-01 -1.334532e+02 -7.717524e-02 9.855595e-01 -1.507201e-01 -1.942262e+01 -4.946957e-01 9.339757e-02 8.640330e-01 2.091747e+02
8.513315e-01 1.442637e-01 5.044033e-01 -1.326125e+02 -7.533342e-02 9.851009e-01 -1.545997e-01 -1.967582e+01 -5.191913e-01 9.361715e-02 8.495153e-01 2.106081e+02
8.363688e-01 1.467070e-01 5.281707e-01 -1.317446e+02 -7.118832e-02 9.844308e-01 -1.607116e-01 -1.999195e+01 -5.435251e-01 9.681458e-02 8.337910e-01 2.122596e+02
8.210465e-01 1.501819e-01 5.507522e-01 -1.308727e+02 -6.753597e-02 9.835528e-01 -1.675194e-01 -2.024227e+01 -5.668523e-01 1.003456e-01 8.176853e-01 2.136811e+02
8.062691e-01 1.523416e-01 5.715961e-01 -1.299634e+02 -6.452036e-02 9.831527e-01 -1.710199e-01 -2.057316e+01 -5.880197e-01 1.010085e-01 8.025149e-01 2.150063e+02
7.909680e-01 1.541254e-01 5.921275e-01 -1.290646e+02 -6.086413e-02 9.827735e-01 -1.745043e-01 -2.090467e+01 -6.088227e-01 1.019880e-01 7.867232e-01 2.163323e+02
7.765988e-01 1.551292e-01 6.105975e-01 -1.280662e+02 -5.749896e-02 9.826172e-01 -1.765141e-01 -2.123677e+01 -6.273661e-01 1.019719e-01 7.720191e-01 2.175893e+02
7.621978e-01 1.561465e-01 6.282299e-01 -1.270597e+02 -5.429662e-02 9.824736e-01 -1.783185e-01 -2.158134e+01 -6.450631e-01 1.018032e-01 7.573174e-01 2.188700e+02
7.484014e-01 1.569527e-01 6.444076e-01 -1.260142e+02 -5.006887e-02 9.821939e-01 -1.810754e-01 -2.190907e+01 -6.613535e-01 1.032523e-01 7.429337e-01 2.200937e+02
7.349362e-01 1.584098e-01 6.593747e-01 -1.249041e+02 -4.650489e-02 9.818180e-01 -1.840402e-01 -2.227962e+01 -6.765397e-01 1.045937e-01 7.289404e-01 2.212698e+02
7.213625e-01 1.606546e-01 6.736663e-01 -1.237636e+02 -4.293300e-02 9.812249e-01 -1.880279e-01 -2.264763e+01 -6.912257e-01 1.067137e-01 7.147162e-01 2.224500e+02
7.072297e-01 1.630652e-01 6.879214e-01 -1.226143e+02 -4.062384e-02 9.808024e-01 -1.907258e-01 -2.300080e+01 -7.058158e-01 1.069409e-01 7.002769e-01 2.236017e+02
6.920192e-01 1.650632e-01 7.027543e-01 -1.214582e+02 -3.864379e-02 9.805817e-01 -1.922659e-01 -2.332937e+01 -7.208440e-01 1.058946e-01 6.849600e-01 2.247937e+02
6.766787e-01 1.670667e-01 7.170737e-01 -1.202317e+02 -3.859832e-02 9.806265e-01 -1.920464e-01 -2.370229e+01 -7.352660e-01 1.022759e-01 6.700176e-01 2.258770e+02
6.603186e-01 1.690498e-01 7.317114e-01 -1.190559e+02 -3.950542e-02 9.808049e-01 -1.909478e-01 -2.403312e+01 -7.499458e-01 9.717985e-02 6.543221e-01 2.269264e+02
6.436345e-01 1.703261e-01 7.461391e-01 -1.178633e+02 -3.973477e-02 9.810429e-01 -1.896732e-01 -2.436947e+01 -7.643008e-01 9.243252e-02 6.382010e-01 2.279839e+02
6.265937e-01 1.729141e-01 7.599217e-01 -1.166183e+02 -4.143322e-02 9.810881e-01 -1.890750e-01 -2.471638e+01 -7.782439e-01 8.698719e-02 6.219081e-01 2.289931e+02
6.094500e-01 1.767213e-01 7.728779e-01 -1.154149e+02 -4.129718e-02 9.805938e-01 -1.916515e-01 -2.505077e+01 -7.917482e-01 8.488435e-02 6.049210e-01 2.299651e+02
5.924620e-01 1.807747e-01 7.850537e-01 -1.142319e+02 -4.199351e-02 9.801029e-01 -1.939972e-01 -2.536889e+01 -8.045031e-01 8.196881e-02 5.882651e-01 2.308706e+02
5.747252e-01 1.815740e-01 7.979485e-01 -1.130548e+02 -4.068375e-02 9.802081e-01 -1.937447e-01 -2.567784e+01 -8.173346e-01 7.888642e-02 5.707374e-01 2.317064e+02
5.549819e-01 1.813093e-01 8.118633e-01 -1.118562e+02 -4.015423e-02 9.806598e-01 -1.915567e-01 -2.599781e+01 -8.308927e-01 7.371075e-02 5.515288e-01 2.325290e+02
5.349360e-01 1.798684e-01 8.255246e-01 -1.106259e+02 -3.837958e-02 9.812409e-01 -1.889267e-01 -2.631729e+01 -8.440205e-01 6.938040e-02 5.318043e-01 2.333388e+02
5.147849e-01 1.787850e-01 8.384703e-01 -1.093726e+02 -3.649281e-02 9.816971e-01 -1.869198e-01 -2.663805e+01 -8.565423e-01 6.562538e-02 5.118872e-01 2.341250e+02
4.945644e-01 1.780212e-01 8.507141e-01 -1.080466e+02 -3.249310e-02 9.819016e-01 -1.865836e-01 -2.693532e+01 -8.685334e-01 6.463529e-02 4.913981e-01 2.349322e+02
4.745557e-01 1.775650e-01 8.621296e-01 -1.068160e+02 -2.917094e-02 9.820764e-01 -1.862124e-01 -2.723849e+01 -8.797419e-01 6.321901e-02 4.712297e-01 2.356164e+02
4.549572e-01 1.771215e-01 8.727210e-01 -1.055192e+02 -2.453994e-02 9.821416e-01 -1.865359e-01 -2.753725e+01 -8.901751e-01 6.344932e-02 4.511790e-01 2.363111e+02
4.349348e-01 1.775585e-01 8.827824e-01 -1.042440e+02 -2.062754e-02 9.820735e-01 -1.873665e-01 -2.785184e+01 -9.002257e-01 6.328258e-02 4.308005e-01 2.369567e+02
4.153774e-01 1.771373e-01 8.922354e-01 -1.029826e+02 -1.534762e-02 9.820817e-01 -1.878297e-01 -2.814915e+01 -9.095197e-01 6.432651e-02 4.106532e-01 2.375494e+02
3.960510e-01 1.755085e-01 9.012993e-01 -1.016915e+02 -1.134160e-02 9.824233e-01 -1.863218e-01 -2.843818e+01 -9.181585e-01 6.357076e-02 3.910802e-01 2.381029e+02
3.763921e-01 1.753507e-01 9.097149e-01 -1.004451e+02 -9.478425e-03 9.826026e-01 -1.854784e-01 -2.874583e+01 -9.264120e-01 6.118994e-02 3.715059e-01 2.385970e+02
3.570053e-01 1.804337e-01 9.165102e-01 -9.911380e+01 -8.431805e-03 9.817493e-01 -1.899929e-01 -2.905297e+01 -9.340643e-01 6.010065e-02 3.520111e-01 2.391272e+02
3.380711e-01 1.899099e-01 9.217604e-01 -9.781224e+01 -7.474683e-03 9.799395e-01 -1.991551e-01 -2.933955e+01 -9.410909e-01 6.043870e-02 3.327087e-01 2.396298e+02
3.194260e-01 1.977000e-01 9.267587e-01 -9.654622e+01 -7.692763e-03 9.785034e-01 -2.060869e-01 -2.963861e+01 -9.475800e-01 5.870019e-02 3.140803e-01 2.400673e+02
2.997332e-01 2.020125e-01 9.323899e-01 -9.527611e+01 -9.162933e-03 9.778888e-01 -2.089248e-01 -2.995438e+01 -9.539791e-01 5.407827e-02 2.949568e-01 2.404932e+02
2.802424e-01 2.036827e-01 9.380712e-01 -9.402436e+01 -1.020950e-02 9.778066e-01 -2.092604e-01 -3.024829e+01 -9.598750e-01 4.906642e-02 2.761024e-01 2.408655e+02
2.607082e-01 2.041624e-01 9.435830e-01 -9.274465e+01 -1.265161e-02 9.780218e-01 -2.081183e-01 -3.056381e+01 -9.653348e-01 4.232030e-02 2.575613e-01 2.412215e+02
2.415235e-01 2.045750e-01 9.485860e-01 -9.151897e+01 -1.323090e-02 9.781291e-01 -2.075776e-01 -3.086319e+01 -9.703048e-01 3.758423e-02 2.389479e-01 2.415424e+02
2.226512e-01 2.031303e-01 9.535012e-01 -9.029767e+01 -1.225362e-02 9.785579e-01 -2.056069e-01 -3.115650e+01 -9.748212e-01 3.409478e-02 2.203661e-01 2.418376e+02
2.038916e-01 2.035301e-01 9.576031e-01 -8.904258e+01 -1.063722e-02 9.785535e-01 -2.057181e-01 -3.144228e+01 -9.789357e-01 3.175795e-02 2.016838e-01 2.421376e+02
1.857126e-01 2.044781e-01 9.610929e-01 -8.782311e+01 -8.540082e-03 9.784069e-01 -2.065116e-01 -3.172136e+01 -9.825670e-01 3.014400e-02 1.834488e-01 2.423833e+02
1.668718e-01 2.082022e-01 9.637456e-01 -8.660746e+01 -1.050877e-02 9.777709e-01 -2.094125e-01 -3.200262e+01 -9.859226e-01 2.481726e-02 1.653503e-01 2.425868e+02
1.486583e-01 2.099531e-01 9.663438e-01 -8.542016e+01 -8.728003e-03 9.774424e-01 -2.110217e-01 -3.228039e+01 -9.888501e-01 2.293588e-02 1.471374e-01 2.427799e+02
1.319167e-01 2.071919e-01 9.693655e-01 -8.417700e+01 -8.398569e-03 9.781102e-01 -2.079181e-01 -3.257414e+01 -9.912252e-01 1.928658e-02 1.307691e-01 2.429383e+02
1.164191e-01 2.029659e-01 9.722404e-01 -8.294972e+01 -5.392985e-03 9.790115e-01 -2.037336e-01 -3.285394e+01 -9.931855e-01 1.847520e-02 1.150702e-01 2.431120e+02
1.022897e-01 1.989683e-01 9.746530e-01 -8.177148e+01 -3.906718e-03 9.798651e-01 -1.996223e-01 -3.312016e+01 -9.947470e-01 1.661160e-02 1.010074e-01 2.432467e+02
8.990896e-02 1.956021e-01 9.765532e-01 -8.060486e+01 -1.072348e-03 9.805428e-01 -1.963025e-01 -3.338260e+01 -9.959494e-01 1.660215e-02 8.836933e-02 2.433628e+02
7.988901e-02 1.954618e-01 9.774520e-01 -7.946672e+01 2.056720e-04 9.805829e-01 -1.961047e-01 -3.364789e+01 -9.968037e-01 1.586765e-02 7.829760e-02 2.434411e+02
7.129835e-02 1.979345e-01 9.776188e-01 -7.832484e+01 4.160667e-04 9.801071e-01 -1.984687e-01 -3.389828e+01 -9.974549e-01 1.455724e-02 6.979767e-02 2.435272e+02
6.433419e-02 1.995283e-01 9.777779e-01 -7.721497e+01 -5.269485e-04 9.798143e-01 -1.999092e-01 -3.415094e+01 -9.979283e-01 1.234576e-02 6.314070e-02 2.436080e+02
5.810721e-02 2.036175e-01 9.773247e-01 -7.611373e+01 -7.205961e-04 9.789871e-01 -2.039210e-01 -3.440136e+01 -9.983101e-01 1.114502e-02 5.703293e-02 2.436919e+02
5.266417e-02 2.120061e-01 9.758483e-01 -7.503523e+01 5.101503e-05 9.772038e-01 -2.123033e-01 -3.465676e+01 -9.986123e-01 1.123056e-02 5.145281e-02 2.437557e+02
4.766813e-02 2.145438e-01 9.755505e-01 -7.395663e+01 -1.637041e-03 9.766762e-01 -2.147113e-01 -3.490938e+01 -9.988619e-01 8.637871e-03 4.690754e-02 2.438145e+02
4.396512e-02 2.062514e-01 9.775108e-01 -7.288497e+01 -7.169279e-04 9.784632e-01 -2.064201e-01 -3.515741e+01 -9.990328e-01 8.374481e-03 4.316612e-02 2.438655e+02
4.150060e-02 1.965076e-01 9.796236e-01 -7.182928e+01 7.604191e-04 9.804618e-01 -1.967080e-01 -3.539805e+01 -9.991382e-01 8.908423e-03 4.054032e-02 2.439166e+02
3.998386e-02 1.932739e-01 9.803298e-01 -7.075942e+01 7.425647e-04 9.811083e-01 -1.934577e-01 -3.562302e+01 -9.992000e-01 8.463144e-03 3.908498e-02 2.439656e+02
3.980618e-02 1.954550e-01 9.799045e-01 -6.971444e+01 -3.661503e-04 9.806845e-01 -1.955957e-01 -3.584762e+01 -9.992074e-01 7.427126e-03 3.910887e-02 2.440137e+02
4.007385e-02 1.984531e-01 9.792908e-01 -6.868464e+01 -8.124982e-04 9.800842e-01 -1.985807e-01 -3.608089e+01 -9.991964e-01 7.162220e-03 3.943699e-02 2.440602e+02
4.067175e-02 2.011972e-01 9.787060e-01 -6.760341e+01 -4.077033e-03 9.795418e-01 -2.011996e-01 -3.632131e+01 -9.991642e-01 4.192923e-03 4.065997e-02 2.441460e+02
4.252513e-02 2.018405e-01 9.784948e-01 -6.658892e+01 -6.916411e-03 9.794167e-01 -2.017301e-01 -3.655044e+01 -9.990715e-01 1.810928e-03 4.304583e-02 2.441952e+02
4.612605e-02 2.033527e-01 9.780184e-01 -6.556308e+01 -6.001601e-03 9.790993e-01 -2.032944e-01 -3.677001e+01 -9.989176e-01 3.507492e-03 4.638242e-02 2.442573e+02
4.871965e-02 2.048342e-01 9.775834e-01 -6.456621e+01 -1.074195e-02 9.787965e-01 -2.045531e-01 -3.699470e+01 -9.987547e-01 -5.353962e-04 4.988694e-02 2.443204e+02
5.328364e-02 2.061232e-01 9.770742e-01 -6.359498e+01 -1.383817e-02 9.785227e-01 -2.056742e-01 -3.721660e+01 -9.984835e-01 -2.561854e-03 5.499162e-02 2.443726e+02
5.939554e-02 2.053283e-01 9.768892e-01 -6.260644e+01 -1.590325e-02 9.786873e-01 -2.047393e-01 -3.743536e+01 -9.981078e-01 -3.375112e-03 6.139505e-02 2.444412e+02
6.529789e-02 2.043720e-01 9.767130e-01 -6.162764e+01 -1.733672e-02 9.788866e-01 -2.036677e-01 -3.765716e+01 -9.977152e-01 -3.633931e-03 6.746237e-02 2.445181e+02
7.289636e-02 2.033664e-01 9.763853e-01 -6.067555e+01 -1.627679e-02 9.791021e-01 -2.027170e-01 -3.787411e+01 -9.972067e-01 -1.115084e-03 7.468313e-02 2.445823e+02
8.038345e-02 2.042517e-01 9.756125e-01 -5.970730e+01 -1.536684e-02 9.789174e-01 -2.036775e-01 -3.808440e+01 -9.966456e-01 1.380214e-03 8.182746e-02 2.446698e+02
8.684622e-02 2.038142e-01 9.751500e-01 -5.874715e+01 -1.700610e-02 9.790090e-01 -2.031062e-01 -3.831052e+01 -9.960766e-01 1.055510e-03 8.848932e-02 2.447714e+02
9.302365e-02 2.029898e-01 9.747521e-01 -5.777168e+01 -1.914681e-02 9.791808e-01 -2.020848e-01 -3.853056e+01 -9.954798e-01 1.352739e-04 9.497359e-02 2.448816e+02
9.962138e-02 2.007742e-01 9.745590e-01 -5.681719e+01 -2.106560e-02 9.796373e-01 -1.996671e-01 -3.874933e+01 -9.948024e-01 -6.385594e-04 1.018223e-01 2.449842e+02
1.065493e-01 1.994406e-01 9.741000e-01 -5.585122e+01 -2.089699e-02 9.799096e-01 -1.983443e-01 -3.895438e+01 -9.940878e-01 7.776812e-04 1.085764e-01 2.451006e+02
1.131966e-01 2.000247e-01 9.732300e-01 -5.488551e+01 -2.226677e-02 9.797905e-01 -1.987832e-01 -3.917010e+01 -9.933231e-01 8.309008e-04 1.153629e-01 2.452258e+02
1.203849e-01 2.019652e-01 9.719658e-01 -5.393641e+01 -2.221468e-02 9.793893e-01 -2.007563e-01 -3.938183e+01 -9.924787e-01 2.576123e-03 1.223903e-01 2.453470e+02
1.271312e-01 2.032360e-01 9.708413e-01 -5.300164e+01 -2.265196e-02 9.791228e-01 -2.020034e-01 -3.959112e+01 -9.916272e-01 3.689491e-03 1.290808e-01 2.454692e+02
1.332040e-01 2.051269e-01 9.696286e-01 -5.207771e+01 -2.563406e-02 9.787328e-01 -2.035314e-01 -3.980014e+01 -9.907571e-01 2.255674e-03 1.356294e-01 2.456018e+02
1.392840e-01 2.059533e-01 9.685986e-01 -5.113171e+01 -2.845035e-02 9.785614e-01 -2.039806e-01 -4.001094e+01 -9.898437e-01 8.542571e-04 1.421573e-01 2.457546e+02
1.458665e-01 2.056598e-01 9.676916e-01 -5.018320e+01 -2.962203e-02 9.786230e-01 -2.035179e-01 -4.022517e+01 -9.888607e-01 1.021442e-03 1.488403e-01 2.459204e+02
1.523444e-01 2.033921e-01 9.671726e-01 -4.926952e+01 -3.132946e-02 9.790973e-01 -2.009650e-01 -4.043389e+01 -9.878308e-01 3.148978e-04 1.555322e-01 2.460640e+02
1.582577e-01 2.021142e-01 9.664907e-01 -4.833608e+01 -3.283107e-02 9.793619e-01 -1.994300e-01 -4.064355e+01 -9.868519e-01 -1.696028e-04 1.616272e-01 2.462309e+02
1.645976e-01 2.015822e-01 9.655424e-01 -4.740326e+01 -3.399500e-02 9.794716e-01 -1.986951e-01 -4.085113e+01 -9.857748e-01 -1.188639e-04 1.680715e-01 2.464031e+02
1.711119e-01 2.028603e-01 9.641413e-01 -4.648326e+01 -3.504750e-02 9.792076e-01 -1.998103e-01 -4.105501e+01 -9.846280e-01 3.991819e-04 1.746639e-01 2.465833e+02
1.781265e-01 2.032614e-01 9.627854e-01 -4.558984e+01 -3.429145e-02 9.791208e-01 -2.003658e-01 -4.125214e+01 -9.834099e-01 2.675144e-03 1.813775e-01 2.467608e+02
1.870151e-01 2.043325e-01 9.608713e-01 -4.468894e+01 -3.337746e-02 9.788853e-01 -2.016669e-01 -4.146251e+01 -9.817898e-01 5.643330e-03 1.898865e-01 2.469424e+02
1.963447e-01 2.065017e-01 9.585436e-01 -4.378432e+01 -3.423024e-02 9.784198e-01 -2.037720e-01 -4.166865e+01 -9.799373e-01 7.198382e-03 1.991761e-01 2.471385e+02
2.056561e-01 2.070883e-01 9.564622e-01 -4.292356e+01 -3.498505e-02 9.782849e-01 -2.042908e-01 -4.187917e+01 -9.779988e-01 8.551767e-03 2.084352e-01 2.473356e+02
2.122970e-01 2.066360e-01 9.551081e-01 -4.201528e+01 -3.849638e-02 9.783973e-01 -2.031178e-01 -4.208205e+01 -9.764466e-01 6.353104e-03 2.156656e-01 2.475582e+02
2.172325e-01 2.056787e-01 9.542045e-01 -4.114255e+01 -4.120407e-02 9.786094e-01 -2.015587e-01 -4.226675e+01 -9.752498e-01 4.467989e-03 2.210606e-01 2.477662e+02
2.203312e-01 2.069320e-01 9.532226e-01 -4.022577e+01 -4.495559e-02 9.783539e-01 -2.019965e-01 -4.246710e+01 -9.743886e-01 1.653445e-03 2.248647e-01 2.479918e+02
2.226530e-01 2.087948e-01 9.522764e-01 -3.933302e+01 -4.587535e-02 9.779581e-01 -2.036995e-01 -4.266742e+01 -9.738178e-01 1.668298e-03 2.273238e-01 2.482154e+02
2.252467e-01 2.098532e-01 9.514334e-01 -3.842720e+01 -4.561750e-02 9.777291e-01 -2.048534e-01 -4.288057e+01 -9.732332e-01 2.740552e-03 2.298033e-01 2.484429e+02
2.283756e-01 2.098652e-01 9.506846e-01 -3.752628e+01 -4.564173e-02 9.777244e-01 -2.048701e-01 -4.307803e+01 -9.725027e-01 3.396440e-03 2.328670e-01 2.486531e+02
2.317391e-01 2.092991e-01 9.499952e-01 -3.660494e+01 -4.383161e-02 9.778344e-01 -2.047403e-01 -4.329178e+01 -9.717900e-01 5.806520e-03 2.357764e-01 2.488864e+02
2.350141e-01 2.104641e-01 9.489327e-01 -3.566799e+01 -4.378798e-02 9.775776e-01 -2.059726e-01 -4.349586e+01 -9.710051e-01 6.854629e-03 2.389603e-01 2.491254e+02
2.382999e-01 2.113259e-01 9.479212e-01 -3.472886e+01 -4.488539e-02 9.773928e-01 -2.066123e-01 -4.370928e+01 -9.701538e-01 6.687890e-03 2.423981e-01 2.493768e+02
2.424345e-01 2.091401e-01 9.473574e-01 -3.380251e+01 -4.439928e-02 9.778568e-01 -2.045111e-01 -4.391767e+01 -9.691513e-01 7.518558e-03 2.463519e-01 2.496099e+02
2.465423e-01 2.056588e-01 9.470593e-01 -3.284958e+01 -4.254218e-02 9.785789e-01 -2.014287e-01 -4.412599e+01 -9.681978e-01 9.370719e-03 2.500103e-01 2.498466e+02
2.510809e-01 2.044808e-01 9.461216e-01 -3.192246e+01 -4.212247e-02 9.788147e-01 -2.003682e-01 -4.433054e+01 -9.670492e-01 1.045564e-02 2.543749e-01 2.500997e+02
2.563919e-01 2.062348e-01 9.443148e-01 -3.101919e+01 -4.197814e-02 9.784262e-01 -2.022871e-01 -4.452635e+01 -9.656609e-01 1.222421e-02 2.595179e-01 2.503451e+02
2.625187e-01 2.089268e-01 9.420369e-01 -3.004450e+01 -4.270841e-02 9.778371e-01 -2.049650e-01 -4.474490e+01 -9.639813e-01 1.357423e-02 2.656234e-01 2.506284e+02
2.684695e-01 2.079265e-01 9.405800e-01 -2.909844e+01 -4.326860e-02 9.780438e-01 -2.038581e-01 -4.496769e+01 -9.623159e-01 1.403211e-02 2.715716e-01 2.509283e+02
2.756947e-01 2.069766e-01 9.386976e-01 -2.816588e+01 -4.301855e-02 9.782215e-01 -2.030568e-01 -4.517745e+01 -9.602822e-01 1.560028e-02 2.785943e-01 2.512102e+02
2.839510e-01 2.056309e-01 9.365296e-01 -2.726940e+01 -4.279302e-02 9.784777e-01 -2.018667e-01 -4.537189e+01 -9.578834e-01 1.724331e-02 2.866393e-01 2.514847e+02
2.931950e-01 2.064401e-01 9.334984e-01 -2.634786e+01 -4.099674e-02 9.782256e-01 -2.034550e-01 -4.558065e+01 -9.551733e-01 2.138160e-02 2.952743e-01 2.518054e+02
3.039210e-01 2.066143e-01 9.300229e-01 -2.541375e+01 -4.019209e-02 9.781114e-01 -2.041634e-01 -4.578964e+01 -9.518490e-01 2.466998e-02 3.055729e-01 2.521188e+02
3.147541e-01 2.060308e-01 9.265426e-01 -2.448014e+01 -3.990083e-02 9.781667e-01 -2.039555e-01 -4.600975e+01 -9.483342e-01 2.722603e-02 3.161028e-01 2.524615e+02
3.251920e-01 2.036292e-01 9.234638e-01 -2.357059e+01 -4.296730e-02 9.787138e-01 -2.006815e-01 -4.621697e+01 -9.446714e-01 2.558128e-02 3.270193e-01 2.527837e+02
3.357089e-01 2.027963e-01 9.198767e-01 -2.270244e+01 -4.337415e-02 9.788422e-01 -1.999664e-01 -4.641651e+01 -9.409666e-01 2.723163e-02 3.374022e-01 2.531013e+02
3.457672e-01 2.050251e-01 9.156472e-01 -2.183088e+01 -4.858998e-02 9.784395e-01 -2.007366e-01 -4.661524e+01 -9.370614e-01 2.491683e-02 3.482744e-01 2.534219e+02
3.555933e-01 2.075823e-01 9.112974e-01 -2.093653e+01 -5.120220e-02 9.778866e-01 -2.027711e-01 -4.682707e+01 -9.332372e-01 2.544361e-02 3.583586e-01 2.537820e+02
3.657301e-01 2.086129e-01 9.070403e-01 -2.008181e+01 -5.557767e-02 9.777127e-01 -2.024575e-01 -4.702551e+01 -9.290601e-01 2.363359e-02 3.691732e-01 2.541171e+02
3.751608e-01 2.084605e-01 9.032157e-01 -1.920199e+01 -5.929973e-02 9.777864e-01 -2.010405e-01 -4.722564e+01 -9.250610e-01 2.186207e-02 3.791888e-01 2.544930e+02
3.835812e-01 2.077401e-01 8.998386e-01 -1.834337e+01 -6.203901e-02 9.779664e-01 -1.993311e-01 -4.742798e+01 -9.214210e-01 2.063455e-02 3.880175e-01 2.548640e+02
3.910460e-01 2.063953e-01 8.969303e-01 -1.746431e+01 -6.354539e-02 9.782602e-01 -1.974056e-01 -4.763496e+01 -9.181748e-01 2.019890e-02 3.956602e-01 2.552663e+02
3.984608e-01 2.058708e-01 8.937820e-01 -1.659870e+01 -6.518407e-02 9.783757e-01 -1.962958e-01 -4.783444e+01 -9.148661e-01 1.995582e-02 4.032638e-01 2.556599e+02
4.056878e-01 2.049073e-01 8.907471e-01 -1.572710e+01 -6.772098e-02 9.786067e-01 -1.942752e-01 -4.803693e+01 -9.114995e-01 1.849282e-02 4.108853e-01 2.560762e+02
4.131021e-01 2.058785e-01 8.871081e-01 -1.486104e+01 -7.087225e-02 9.784246e-01 -1.940679e-01 -4.823458e+01 -9.079228e-01 1.729849e-02 4.187803e-01 2.564856e+02
4.206281e-01 2.077038e-01 8.831371e-01 -1.399581e+01 -7.256725e-02 9.780238e-01 -1.954571e-01 -4.843083e+01 -9.043263e-01 1.812793e-02 4.264568e-01 2.569062e+02
4.279606e-01 2.099699e-01 8.790690e-01 -1.314113e+01 -7.514719e-02 9.775383e-01 -1.969055e-01 -4.862525e+01 -9.006679e-01 1.820824e-02 4.341266e-01 2.573478e+02
4.354722e-01 2.100685e-01 8.753486e-01 -1.231300e+01 -7.815931e-02 9.775422e-01 -1.957101e-01 -4.882115e+01 -8.968027e-01 1.680966e-02 4.421112e-01 2.577707e+02
4.439286e-01 2.087193e-01 8.714148e-01 -1.148158e+01 -7.797741e-02 9.778028e-01 -1.944768e-01 -4.900229e+01 -8.926628e-01 1.838312e-02 4.503500e-01 2.582029e+02
4.527286e-01 2.075201e-01 8.671633e-01 -1.066275e+01 -8.124462e-02 9.780947e-01 -1.916508e-01 -4.920810e+01 -8.879393e-01 1.631343e-02 4.596713e-01 2.586072e+02
4.607815e-01 2.047203e-01 8.635797e-01 -9.850039e+00 -8.220502e-02 9.786945e-01 -1.881472e-01 -4.939034e+01 -8.836983e-01 1.570417e-02 4.677934e-01 2.590478e+02
4.690428e-01 2.021726e-01 8.597239e-01 -9.045790e+00 -8.376487e-02 9.792417e-01 -1.845785e-01 -4.958061e+01 -8.791941e-01 1.456056e-02 4.762412e-01 2.594991e+02
4.766863e-01 2.029543e-01 8.553243e-01 -8.227758e+00 -8.803877e-02 9.791140e-01 -1.832620e-01 -4.977566e+01 -8.746538e-01 1.205681e-02 4.845981e-01 2.599853e+02
4.844928e-01 2.031693e-01 8.508754e-01 -7.406689e+00 -9.002845e-02 9.790722e-01 -1.825171e-01 -4.996329e+01 -8.701503e-01 1.182522e-02 4.926445e-01 2.604751e+02
4.921974e-01 2.029199e-01 8.465018e-01 -6.631083e+00 -9.320388e-02 9.791447e-01 -1.805233e-01 -5.013234e+01 -8.654795e-01 9.955843e-03 5.008454e-01 2.609287e+02
5.000678e-01 2.029749e-01 8.418631e-01 -5.840807e+00 -9.545848e-02 9.791395e-01 -1.793700e-01 -5.030399e+01 -8.607090e-01 9.334210e-03 5.090118e-01 2.614113e+02
5.081202e-01 2.028630e-01 8.370547e-01 -5.072098e+00 -9.654381e-02 9.791562e-01 -1.786965e-01 -5.048378e+01 -8.558582e-01 9.986835e-03 5.171142e-01 2.619012e+02
5.164925e-01 2.025410e-01 8.319932e-01 -4.290154e+00 -9.737827e-02 9.792133e-01 -1.779290e-01 -5.066764e+01 -8.507367e-01 1.088092e-02 5.254795e-01 2.623991e+02
5.244131e-01 2.034678e-01 8.267961e-01 -3.516070e+00 -9.876021e-02 9.790100e-01 -1.782856e-01 -5.084181e+01 -8.457171e-01 1.184075e-02 5.335002e-01 2.629108e+02
5.325017e-01 2.020362e-01 8.219631e-01 -2.753926e+00 -9.968206e-02 9.793063e-01 -1.761326e-01 -5.101801e+01 -8.405388e-01 1.185592e-02 5.416216e-01 2.634137e+02
5.395892e-01 2.009840e-01 8.175872e-01 -1.983806e+00 -1.013676e-01 9.795333e-01 -1.738942e-01 -5.119184e+01 -8.358038e-01 1.095457e-02 5.489189e-01 2.639462e+02
5.456870e-01 1.985913e-01 8.141174e-01 -1.219877e+00 -1.026569e-01 9.800380e-01 -1.702562e-01 -5.137921e+01 -8.316773e-01 9.331794e-03 5.551808e-01 2.644711e+02
5.506838e-01 1.972493e-01 8.110734e-01 -4.702658e-01 -1.042904e-01 9.803231e-01 -1.676013e-01 -5.154375e+01 -8.281732e-01 7.708187e-03 5.604192e-01 2.649819e+02
5.540936e-01 1.950338e-01 8.092849e-01 2.966654e-01 -1.057237e-01 9.807822e-01 -1.639779e-01 -5.172834e+01 -8.257135e-01 5.298547e-03 5.640648e-01 2.655446e+02
5.576321e-01 1.927712e-01 8.073944e-01 1.056679e+00 -1.068803e-01 9.812386e-01 -1.604602e-01 -5.188939e+01 -8.231786e-01 3.183239e-03 5.677736e-01 2.660671e+02
5.598279e-01 1.903518e-01 8.064483e-01 1.816540e+00 -1.075892e-01 9.817153e-01 -1.570341e-01 -5.205067e+01 -8.215944e-01 1.146903e-03 5.700714e-01 2.666176e+02
5.614149e-01 1.894711e-01 8.055520e-01 2.568536e+00 -1.086395e-01 9.818862e-01 -1.552318e-01 -5.220822e+01 -8.203724e-01 -3.653110e-04 5.718296e-01 2.671564e+02
5.626864e-01 1.907976e-01 8.043509e-01 3.333038e+00 -1.095676e-01 9.816294e-01 -1.562009e-01 -5.236979e+01 -8.193772e-01 -2.386899e-04 5.732547e-01 2.677178e+02
5.639362e-01 1.930658e-01 8.029331e-01 4.102619e+00 -1.107365e-01 9.811858e-01 -1.581515e-01 -5.253552e+01 -8.183602e-01 2.733806e-04 5.747056e-01 2.682861e+02
5.656098e-01 1.939815e-01 8.015340e-01 4.861035e+00 -1.108700e-01 9.810045e-01 -1.591792e-01 -5.269940e+01 -8.171863e-01 1.167199e-03 5.763725e-01 2.688323e+02
5.677304e-01 1.926534e-01 8.003542e-01 5.622548e+00 -1.108220e-01 9.812666e-01 -1.575894e-01 -5.285091e+01 -8.157209e-01 7.714391e-04 5.784451e-01 2.693804e+02
5.690322e-01 1.902633e-01 8.000014e-01 6.367700e+00 -1.089950e-01 9.817319e-01 -1.559571e-01 -5.299623e+01 -8.150598e-01 1.548475e-03 5.793748e-01 2.699351e+02
5.702700e-01 1.874957e-01 7.997734e-01 7.151177e+00 -1.090467e-01 9.822654e-01 -1.525238e-01 -5.316373e+01 -8.141873e-01 -2.329573e-04 5.806022e-01 2.704980e+02
5.715202e-01 1.852733e-01 7.993988e-01 7.922021e+00 -1.083919e-01 9.826867e-01 -1.502597e-01 -5.331003e+01 -8.133977e-01 -7.718520e-04 5.817074e-01 2.710729e+02
5.731231e-01 1.816576e-01 7.990810e-01 8.669417e+00 -1.083479e-01 9.833573e-01 -1.458396e-01 -5.347460e+01 -8.122750e-01 -2.994709e-03 5.832670e-01 2.716121e+02
5.740668e-01 1.808316e-01 7.985908e-01 9.409343e+00 -1.071307e-01 9.835122e-01 -1.456940e-01 -5.361787e+01 -8.117699e-01 -1.915530e-03 5.839743e-01 2.721320e+02
5.746682e-01 1.807165e-01 7.981842e-01 1.017541e+01 -1.083807e-01 9.835294e-01 -1.446497e-01 -5.376916e+01 -8.111782e-01 -3.382181e-03 5.847892e-01 2.727035e+02
5.752976e-01 1.813292e-01 7.975916e-01 1.097769e+01 -1.096792e-01 9.834128e-01 -1.444639e-01 -5.392761e+01 -8.105573e-01 -4.369488e-03 5.856431e-01 2.732740e+02
5.759225e-01 1.795027e-01 7.975538e-01 1.176352e+01 -1.099624e-01 9.837397e-01 -1.420018e-01 -5.408706e+01 -8.100750e-01 -5.918919e-03 5.862963e-01 2.738376e+02
5.765460e-01 1.772716e-01 7.976024e-01 1.253962e+01 -1.099905e-01 9.841337e-01 -1.392228e-01 -5.423760e+01 -8.096276e-01 -7.460345e-03 5.868965e-01 2.744137e+02
5.768115e-01 1.749909e-01 7.979139e-01 1.331654e+01 -1.103451e-01 9.845241e-01 -1.361481e-01 -5.439402e+01 -8.093902e-01 -9.514058e-03 5.871942e-01 2.749977e+02
5.773383e-01 1.742494e-01 7.976952e-01 1.407198e+01 -1.106988e-01 9.846468e-01 -1.349681e-01 -5.453562e+01 -8.089662e-01 -1.038165e-02 5.877635e-01 2.755545e+02
5.782159e-01 1.735664e-01 7.972083e-01 1.485718e+01 -1.112726e-01 9.847561e-01 -1.336927e-01 -5.468542e+01 -8.082604e-01 -1.140416e-02 5.887148e-01 2.761521e+02
5.793750e-01 1.719960e-01 7.967070e-01 1.564669e+01 -1.112226e-01 9.850212e-01 -1.317675e-01 -5.482513e+01 -8.074368e-01 -1.226902e-02 5.898265e-01 2.767363e+02
5.810403e-01 1.695807e-01 7.960117e-01 1.644149e+01 -1.109990e-01 9.854245e-01 -1.289103e-01 -5.497942e+01 -8.062701e-01 -1.345439e-02 5.913946e-01 2.773409e+02
5.828762e-01 1.684206e-01 7.949150e-01 1.721309e+01 -1.112097e-01 9.856127e-01 -1.272790e-01 -5.511822e+01 -8.049148e-01 -1.421435e-02 5.932202e-01 2.779207e+02
5.850621e-01 1.678560e-01 7.934272e-01 1.799049e+01 -1.115116e-01 9.857037e-01 -1.263066e-01 -5.525592e+01 -8.032854e-01 -1.457917e-02 5.954158e-01 2.785149e+02
5.873080e-01 1.662313e-01 7.921089e-01 1.876057e+01 -1.114073e-01 9.859691e-01 -1.243118e-01 -5.539223e+01 -8.016593e-01 -1.523744e-02 5.975869e-01 2.791201e+02
5.904217e-01 1.633708e-01 7.903874e-01 1.953546e+01 -1.111209e-01 9.864275e-01 -1.208841e-01 -5.552385e+01 -7.994088e-01 -1.645602e-02 6.005621e-01 2.797176e+02
5.949912e-01 1.598973e-01 7.876664e-01 2.031680e+01 -1.101232e-01 9.869869e-01 -1.171742e-01 -5.566246e+01 -7.961522e-01 -1.702274e-02 6.048569e-01 2.803232e+02
6.006117e-01 1.586962e-01 7.836333e-01 2.107369e+01 -1.103787e-01 9.871770e-01 -1.153173e-01 -5.579149e+01 -7.918852e-01 -1.723550e-02 6.104267e-01 2.809280e+02
6.062832e-01 1.573289e-01 7.795308e-01 2.182574e+01 -1.088050e-01 9.874278e-01 -1.146642e-01 -5.591581e+01 -7.877704e-01 -1.529786e-02 6.157790e-01 2.815349e+02
6.117353e-01 1.595344e-01 7.748088e-01 2.256482e+01 -1.122767e-01 9.870478e-01 -1.145888e-01 -5.603758e+01 -7.830542e-01 -1.689498e-02 6.217239e-01 2.821414e+02
6.171287e-01 1.593771e-01 7.705525e-01 2.326864e+01 -1.129544e-01 9.870736e-01 -1.136970e-01 -5.615160e+01 -7.787127e-01 -1.687161e-02 6.271538e-01 2.827443e+02
6.234318e-01 1.575307e-01 7.658439e-01 2.401048e+01 -1.145645e-01 9.873261e-01 -1.098278e-01 -5.627134e+01 -7.734389e-01 -1.926839e-02 6.335780e-01 2.833694e+02
6.297216e-01 1.545973e-01 7.612821e-01 2.475796e+01 -1.145855e-01 9.877627e-01 -1.058063e-01 -5.638902e+01 -7.683234e-01 -2.060339e-02 6.397301e-01 2.840094e+02
6.370701e-01 1.532259e-01 7.554227e-01 2.548760e+01 -1.145730e-01 9.879798e-01 -1.037737e-01 -5.649724e+01 -7.622432e-01 -2.043992e-02 6.469679e-01 2.846362e+02
6.451218e-01 1.528340e-01 7.486385e-01 2.620183e+01 -1.132721e-01 9.880945e-01 -1.041092e-01 -5.660467e+01 -7.556370e-01 -1.763680e-02 6.547531e-01 2.852795e+02
6.543557e-01 1.518881e-01 7.407757e-01 2.691101e+01 -1.128660e-01 9.882641e-01 -1.029340e-01 -5.670934e+01 -7.477165e-01 -1.625299e-02 6.638192e-01 2.859033e+02
6.626892e-01 1.515846e-01 7.333929e-01 2.762888e+01 -1.129404e-01 9.883292e-01 -1.022250e-01 -5.682416e+01 -7.403293e-01 -1.508629e-02 6.720751e-01 2.866023e+02
6.715487e-01 1.501368e-01 7.255903e-01 2.833557e+01 -1.129825e-01 9.885539e-01 -9.998066e-02 -5.692890e+01 -7.322959e-01 -1.483716e-02 6.808249e-01 2.872725e+02
6.799678e-01 1.487185e-01 7.180018e-01 2.905234e+01 -1.144543e-01 9.887398e-01 -9.640459e-02 -5.704321e+01 -7.242541e-01 -1.662640e-02 6.893327e-01 2.879766e+02
6.883393e-01 1.479104e-01 7.101490e-01 2.975571e+01 -1.167461e-01 9.888176e-01 -9.279098e-02 -5.714514e+01 -7.159325e-01 -1.903547e-02 6.979099e-01 2.886877e+02
6.972435e-01 1.468012e-01 7.016415e-01 3.044227e+01 -1.171182e-01 9.889826e-01 -9.053611e-02 -5.725199e+01 -7.072021e-01 -1.904928e-02 7.067548e-01 2.893632e+02
7.054464e-01 1.458953e-01 6.935849e-01 3.112870e+01 -1.190779e-01 9.890715e-01 -8.693636e-02 -5.735437e+01 -6.986887e-01 -2.126171e-02 7.151098e-01 2.900935e+02
7.133582e-01 1.423436e-01 6.861912e-01 3.181967e+01 -1.194581e-01 9.895231e-01 -8.107924e-02 -5.745060e+01 -6.905432e-01 -2.413259e-02 7.228885e-01 2.908621e+02
7.217107e-01 1.375344e-01 6.783936e-01 3.251190e+01 -1.186560e-01 9.901364e-01 -7.450316e-02 -5.755294e+01 -6.819490e-01 -2.672578e-02 7.309113e-01 2.916380e+02
7.304530e-01 1.337157e-01 6.697451e-01 3.319065e+01 -1.167042e-01 9.906610e-01 -7.050440e-02 -5.764959e+01 -6.729179e-01 -2.666191e-02 7.392365e-01 2.923950e+02
7.399518e-01 1.309540e-01 6.597896e-01 3.385371e+01 -1.133925e-01 9.911133e-01 -6.954531e-02 -5.772763e+01 -6.630335e-01 -2.335505e-02 7.482253e-01 2.931424e+02
7.491477e-01 1.286784e-01 6.497842e-01 3.452097e+01 -1.116166e-01 9.914458e-01 -6.765376e-02 -5.780870e+01 -6.529314e-01 -2.184407e-02 7.571020e-01 2.939501e+02
7.587324e-01 1.260593e-01 6.390886e-01 3.518166e+01 -1.114102e-01 9.917530e-01 -6.335456e-02 -5.789249e+01 -6.418045e-01 -2.313182e-02 7.665194e-01 2.947330e+02
7.677068e-01 1.241228e-01 6.286651e-01 3.582903e+01 -1.117169e-01 9.919616e-01 -5.942623e-02 -5.796507e+01 -6.309878e-01 -2.461060e-02 7.754023e-01 2.955225e+02
7.762209e-01 1.219293e-01 6.185583e-01 3.645981e+01 -1.115738e-01 9.922013e-01 -5.556877e-02 -5.804314e+01 -6.205098e-01 -2.588124e-02 7.837715e-01 2.963526e+02
7.848904e-01 1.218063e-01 6.075445e-01 3.709936e+01 -1.127431e-01 9.921951e-01 -5.327124e-02 -5.811672e+01 -6.092915e-01 -2.668438e-02 7.924972e-01 2.972030e+02
7.937036e-01 1.184603e-01 5.966588e-01 3.772991e+01 -1.107624e-01 9.926020e-01 -4.972935e-02 -5.817886e+01 -5.981357e-01 -2.661700e-02 8.009527e-01 2.980530e+02
8.020540e-01 1.189624e-01 5.852840e-01 3.833158e+01 -1.127111e-01 9.925025e-01 -4.727647e-02 -5.824932e+01 -5.865199e-01 -2.804969e-02 8.094490e-01 2.988881e+02
8.092823e-01 1.187344e-01 5.752949e-01 3.891999e+01 -1.135749e-01 9.925065e-01 -4.507355e-02 -5.830939e+01 -5.763357e-01 -2.886181e-02 8.167032e-01 2.997440e+02
8.153119e-01 1.211419e-01 5.662077e-01 3.952064e+01 -1.171319e-01 9.921584e-01 -4.361113e-02 -5.836910e+01 -5.670509e-01 -3.076429e-02 8.231081e-01 3.006357e+02
8.201627e-01 1.237611e-01 5.585842e-01 4.009060e+01 -1.215192e-01 9.917293e-01 -4.130432e-02 -5.843064e+01 -5.590762e-01 -3.400246e-02 8.284187e-01 3.015210e+02
8.253470e-01 1.263016e-01 5.503183e-01 4.068882e+01 -1.241009e-01 9.914051e-01 -4.141207e-02 -5.849623e+01 -5.508188e-01 -3.411564e-02 8.339273e-01 3.024370e+02
8.302425e-01 1.294794e-01 5.421554e-01 4.126613e+01 -1.273882e-01 9.909806e-01 -4.159046e-02 -5.855064e+01 -5.426506e-01 -3.453405e-02 8.392483e-01 3.033466e+02
8.349651e-01 1.308796e-01 5.345126e-01 4.184089e+01 -1.309597e-01 9.906592e-01 -3.799795e-02 -5.861523e+01 -5.344930e-01 -3.827262e-02 8.443059e-01 3.042492e+02
8.392457e-01 1.318615e-01 5.275218e-01 4.239684e+01 -1.350505e-01 9.902995e-01 -3.268463e-02 -5.867174e+01 -5.267144e-01 -4.381164e-02 8.489125e-01 3.051659e+02
8.430198e-01 1.347653e-01 5.207263e-01 4.294962e+01 -1.398810e-01 9.897232e-01 -2.968525e-02 -5.872294e+01 -5.193754e-01 -4.781447e-02 8.532074e-01 3.060919e+02
8.460669e-01 1.379535e-01 5.149171e-01 4.349889e+01 -1.439293e-01 9.891768e-01 -2.852229e-02 -5.876357e+01 -5.132788e-01 -4.997991e-02 8.567653e-01 3.070727e+02
8.485289e-01 1.411466e-01 5.099769e-01 4.405787e+01 -1.492078e-01 9.884816e-01 -2.532207e-02 -5.880542e+01 -5.076769e-01 -5.460601e-02 8.598153e-01 3.080792e+02
8.506190e-01 1.446052e-01 5.055063e-01 4.463243e+01 -1.535918e-01 9.878397e-01 -2.413162e-02 -5.884626e+01 -5.028487e-01 -5.711481e-02 8.624854e-01 3.090473e+02
8.517667e-01 1.499608e-01 5.020013e-01 4.518871e+01 -1.574383e-01 9.871388e-01 -2.775172e-02 -5.889763e+01 -4.997066e-01 -5.539626e-02 8.644215e-01 3.100365e+02
8.522860e-01 1.564560e-01 4.991293e-01 4.573790e+01 -1.612490e-01 9.863336e-01 -3.383396e-02 -5.894696e+01 -4.976016e-01 -5.164791e-02 8.658667e-01 3.110186e+02
8.524340e-01 1.613314e-01 4.973212e-01 4.627670e+01 -1.647071e-01 9.856323e-01 -3.742361e-02 -5.900395e+01 -4.962135e-01 -5.001115e-02 8.667589e-01 3.119828e+02
8.525894e-01 1.631014e-01 4.964768e-01 4.682124e+01 -1.666772e-01 9.852998e-01 -3.745721e-02 -5.906840e+01 -4.952878e-01 -5.081572e-02 8.672415e-01 3.129757e+02
8.531602e-01 1.619054e-01 4.958874e-01 4.738224e+01 -1.659162e-01 9.854716e-01 -3.629864e-02 -5.912666e+01 -4.945599e-01 -5.130719e-02 8.676279e-01 3.139789e+02
8.534598e-01 1.622247e-01 4.952670e-01 4.792989e+01 -1.669379e-01 9.853433e-01 -3.507649e-02 -5.919310e+01 -4.936983e-01 -5.274246e-02 8.680324e-01 3.149606e+02
8.539763e-01 1.611878e-01 4.947150e-01 4.847545e+01 -1.652951e-01 9.855944e-01 -3.579376e-02 -5.924741e+01 -4.933579e-01 -5.120695e-02 8.683178e-01 3.159600e+02
8.547190e-01 1.608254e-01 4.935490e-01 4.902939e+01 -1.644312e-01 9.857152e-01 -3.644128e-02 -5.930925e+01 -4.923594e-01 -5.000779e-02 8.689542e-01 3.169402e+02
8.553678e-01 1.611735e-01 4.923100e-01 4.958655e+01 -1.641312e-01 9.857240e-01 -3.753743e-02 -5.936809e+01 -4.913318e-01 -4.869511e-02 8.696102e-01 3.179582e+02
8.566517e-01 1.604190e-01 4.903199e-01 5.014473e+01 -1.627914e-01 9.859227e-01 -3.814890e-02 -5.943380e+01 -4.895373e-01 -4.713955e-02 8.707072e-01 3.189624e+02
8.582308e-01 1.593397e-01 4.879044e-01 5.070582e+01 -1.617220e-01 9.861207e-01 -3.757578e-02 -5.948352e+01 -4.871200e-01 -4.665617e-02 8.720879e-01 3.199813e+02
8.605560e-01 1.581212e-01 4.841911e-01 5.126135e+01 -1.610025e-01 9.862993e-01 -3.594257e-02 -5.954460e+01 -4.832406e-01 -4.702541e-02 8.742237e-01 3.210007e+02
8.637381e-01 1.577984e-01 4.785982e-01 5.179670e+01 -1.607357e-01 9.863720e-01 -3.513252e-02 -5.959791e+01 -4.776197e-01 -4.658253e-02 8.773309e-01 3.220207e+02
8.682797e-01 1.566625e-01 4.706879e-01 5.232615e+01 -1.594732e-01 9.866097e-01 -3.419971e-02 -5.965654e+01 -4.697431e-01 -4.536721e-02 8.816367e-01 3.230275e+02
8.735043e-01 1.553768e-01 4.613548e-01 5.284641e+01 -1.585898e-01 9.868232e-01 -3.208057e-02 -5.970443e+01 -4.602602e-01 -4.514366e-02 8.866356e-01 3.240499e+02
8.788163e-01 1.563517e-01 4.508171e-01 5.334768e+01 -1.603474e-01 9.866168e-01 -2.959789e-02 -5.975455e+01 -4.494114e-01 -4.627626e-02 8.921255e-01 3.250751e+02
8.843021e-01 1.573799e-01 4.395922e-01 5.383140e+01 -1.613305e-01 9.864849e-01 -2.863563e-02 -5.980784e+01 -4.381577e-01 -4.559706e-02 8.977409e-01 3.261277e+02
8.900004e-01 1.577130e-01 4.278152e-01 5.430738e+01 -1.618915e-01 9.864429e-01 -2.686065e-02 -5.985248e+01 -4.262516e-01 -4.535363e-02 9.034670e-01 3.271505e+02
8.951503e-01 1.583946e-01 4.166738e-01 5.476136e+01 -1.640285e-01 9.861988e-01 -2.250772e-02 -5.990070e+01 -4.144883e-01 -4.819858e-02 9.087774e-01 3.281739e+02
9.005234e-01 1.579499e-01 4.051042e-01 5.521764e+01 -1.645452e-01 9.861915e-01 -1.874086e-02 -5.995072e+01 -4.024704e-01 -4.978138e-02 9.140784e-01 3.292080e+02
9.059992e-01 1.579791e-01 3.926933e-01 5.566676e+01 -1.646494e-01 9.862077e-01 -1.687845e-02 -5.998845e+01 -3.899436e-01 -4.936485e-02 9.195146e-01 3.302531e+02
9.113603e-01 1.583825e-01 3.799176e-01 5.608223e+01 -1.652226e-01 9.861457e-01 -1.476866e-02 -6.002295e+01 -3.769932e-01 -4.931141e-02 9.249024e-01 3.312644e+02
9.161163e-01 1.596039e-01 3.677737e-01 5.646822e+01 -1.669850e-01 9.858877e-01 -1.189270e-02 -6.005676e+01 -3.644817e-01 -5.051760e-02 9.298393e-01 3.322832e+02
9.204214e-01 1.636362e-01 3.550319e-01 5.685658e+01 -1.712059e-01 9.851822e-01 -1.022414e-02 -6.009419e+01 -3.514442e-01 -5.137305e-02 9.347983e-01 3.333237e+02
9.242258e-01 1.679329e-01 3.429362e-01 5.721903e+01 -1.753759e-01 9.844563e-01 -9.435138e-03 -6.012398e+01 -3.391902e-01 -5.142255e-02 9.393113e-01 3.343902e+02
9.274254e-01 1.724373e-01 3.318849e-01 5.757070e+01 -1.800347e-01 9.836280e-01 -7.970841e-03 -6.015316e+01 -3.278257e-01 -5.235844e-02 9.432862e-01 3.354323e+02
9.292551e-01 1.782814e-01 3.235750e-01 5.791303e+01 -1.861865e-01 9.824920e-01 -6.630022e-03 -6.017153e+01 -3.190918e-01 -5.408432e-02 9.461793e-01 3.365087e+02
9.311449e-01 1.802869e-01 3.169635e-01 5.825294e+01 -1.883870e-01 9.820812e-01 -5.176625e-03 -6.019802e+01 -3.122171e-01 -5.489162e-02 9.484236e-01 3.375638e+02
9.329296e-01 1.807502e-01 3.114029e-01 5.859945e+01 -1.886811e-01 9.820270e-01 -4.738073e-03 -6.022477e+01 -3.066625e-01 -5.433555e-02 9.502662e-01 3.386455e+02
9.345688e-01 1.796820e-01 3.070759e-01 5.893101e+01 -1.873179e-01 9.822882e-01 -4.683239e-03 -6.024420e+01 -3.024785e-01 -5.314399e-02 9.516735e-01 3.397381e+02
9.362949e-01 1.786605e-01 3.023778e-01 5.926888e+01 -1.860925e-01 9.825228e-01 -4.301283e-03 -6.026480e+01 -2.978616e-01 -5.224297e-02 9.531785e-01 3.408314e+02
9.384341e-01 1.762833e-01 2.970954e-01 5.960179e+01 -1.834159e-01 9.830276e-01 -3.930011e-03 -6.028871e+01 -2.927457e-01 -5.080395e-02 9.548397e-01 3.419015e+02
9.403410e-01 1.754174e-01 2.915263e-01 5.991589e+01 -1.820104e-01 9.832860e-01 -4.574723e-03 -6.031024e+01 -2.874562e-01 -4.875902e-02 9.565519e-01 3.429791e+02
9.420185e-01 1.753014e-01 2.861302e-01 6.022873e+01 -1.812482e-01 9.834204e-01 -5.786923e-03 -6.033490e+01 -2.824007e-01 -4.640919e-02 9.581733e-01 3.440343e+02
9.434004e-01 1.767646e-01 2.806243e-01 6.051977e+01 -1.823528e-01 9.832130e-01 -6.291553e-03 -6.036000e+01 -2.770256e-01 -4.523718e-02 9.597971e-01 3.451178e+02
9.450409e-01 1.775427e-01 2.745475e-01 6.081442e+01 -1.828771e-01 9.831158e-01 -6.259994e-03 -6.038124e+01 -2.710235e-01 -4.429252e-02 9.615531e-01 3.461930e+02
9.468771e-01 1.776990e-01 2.680425e-01 6.110007e+01 -1.834232e-01 9.830269e-01 -3.744685e-03 -6.039862e+01 -2.641584e-01 -4.561945e-02 9.633998e-01 3.472766e+02
9.482176e-01 1.794192e-01 2.620918e-01 6.136436e+01 -1.861584e-01 9.825193e-01 9.001217e-04 -6.041576e+01 -2.573488e-01 -4.964412e-02 9.650425e-01 3.483636e+02
9.495988e-01 1.802405e-01 2.564672e-01 6.163523e+01 -1.875226e-01 9.822521e-01 4.014643e-03 -6.043917e+01 -2.511918e-01 -5.190570e-02 9.665446e-01 3.494452e+02
9.509559e-01 1.811162e-01 2.507586e-01 6.189356e+01 -1.880620e-01 9.821498e-01 3.810252e-03 -6.045639e+01 -2.455924e-01 -5.078154e-02 9.680422e-01 3.504793e+02
9.525540e-01 1.795097e-01 2.457992e-01 6.215516e+01 -1.854095e-01 9.826610e-01 8.761659e-04 -6.047509e+01 -2.413800e-01 -4.640810e-02 9.693204e-01 3.515460e+02
9.538596e-01 1.778211e-01 2.419328e-01 6.240883e+01 -1.832450e-01 9.830673e-01 -8.327302e-05 -6.048579e+01 -2.378510e-01 -4.425353e-02 9.702930e-01 3.526184e+02
9.549865e-01 1.755871e-01 2.391025e-01 6.267506e+01 -1.809725e-01 9.834880e-01 5.791463e-04 -6.051886e+01 -2.350527e-01 -4.382405e-02 9.709942e-01 3.536456e+02
9.542518e-01 1.782354e-01 2.400744e-01 6.291530e+01 -1.839108e-01 9.829421e-01 1.258389e-03 -6.053322e+01 -2.357550e-01 -4.535310e-02 9.707537e-01 3.547151e+02
9.519055e-01 1.824088e-01 2.461767e-01 6.315484e+01 -1.886742e-01 9.820379e-01 1.899830e-03 -6.055333e+01 -2.414083e-01 -4.825566e-02 9.692231e-01 3.557820e+02
9.486340e-01 1.862035e-01 2.557768e-01 6.341901e+01 -1.927962e-01 9.812386e-01 7.152440e-04 -6.058177e+01 -2.508449e-01 -4.999129e-02 9.667356e-01 3.568285e+02
9.448826e-01 1.889749e-01 2.673675e-01 6.367462e+01 -1.958788e-01 9.806277e-01 -8.658313e-04 -6.060184e+01 -2.623516e-01 -5.155353e-02 9.635942e-01 3.578068e+02
9.419015e-01 1.890957e-01 2.776046e-01 6.396073e+01 -1.961155e-01 9.805776e-01 -2.526998e-03 -6.062778e+01 -2.726907e-01 -5.206238e-02 9.606921e-01 3.587683e+02
9.397468e-01 1.866837e-01 2.864002e-01 6.425792e+01 -1.941274e-01 9.809733e-01 -2.448043e-03 -6.066511e+01 -2.814079e-01 -5.329759e-02 9.581070e-01 3.597309e+02
9.384632e-01 1.817939e-01 2.936627e-01 6.452743e+01 -1.892401e-01 9.819259e-01 -3.109826e-03 -6.069298e+01 -2.889204e-01 -5.265430e-02 9.559040e-01 3.606655e+02
9.374417e-01 1.799693e-01 2.980170e-01 6.482314e+01 -1.870872e-01 9.823320e-01 -4.718739e-03 -6.072386e+01 -2.936009e-01 -5.133163e-02 9.545489e-01 3.615872e+02
9.373486e-01 1.772617e-01 2.999265e-01 6.510426e+01 -1.835360e-01 9.829854e-01 -7.363221e-03 -6.074319e+01 -2.961286e-01 -4.814540e-02 9.539339e-01 3.624654e+02
9.379927e-01 1.745890e-01 2.994800e-01 6.537063e+01 -1.801186e-01 9.836012e-01 -9.269473e-03 -6.077191e+01 -2.961873e-01 -4.524722e-02 9.540575e-01 3.633781e+02
9.396238e-01 1.712543e-01 2.962752e-01 6.563180e+01 -1.763151e-01 9.842853e-01 -9.765142e-03 -6.078652e+01 -2.932917e-01 -4.306224e-02 9.550527e-01 3.642441e+02
9.423246e-01 1.674945e-01 2.897758e-01 6.588272e+01 -1.723772e-01 9.849918e-01 -8.784129e-03 -6.082900e+01 -2.868980e-01 -4.167325e-02 9.570543e-01 3.651727e+02
9.459685e-01 1.626653e-01 2.805061e-01 6.613056e+01 -1.673482e-01 9.858705e-01 -7.346402e-03 -6.088508e+01 -2.777377e-01 -3.999273e-02 9.598241e-01 3.660806e+02
9.502080e-01 1.576597e-01 2.687902e-01 6.637759e+01 -1.621194e-01 9.867549e-01 -5.670948e-03 -6.092247e+01 -2.661241e-01 -3.818752e-02 9.631821e-01 3.669939e+02
9.548513e-01 1.536564e-01 2.542612e-01 6.663903e+01 -1.580643e-01 9.874239e-01 -3.130776e-03 -6.096475e+01 -2.515446e-01 -3.720020e-02 9.671305e-01 3.680085e+02
9.598083e-01 1.500958e-01 2.371481e-01 6.687537e+01 -1.545258e-01 9.879888e-01 9.332195e-05 -6.100290e+01 -2.342856e-01 -3.673506e-02 9.714735e-01 3.689508e+02
9.649194e-01 1.472812e-01 2.173448e-01 6.707950e+01 -1.513788e-01 9.884733e-01 2.230473e-03 -6.101107e+01 -2.145110e-01 -3.505362e-02 9.760923e-01 3.698442e+02
9.698016e-01 1.452529e-01 1.959248e-01 6.725119e+01 -1.488763e-01 9.888485e-01 3.814569e-03 -6.101649e+01 -1.931859e-01 -3.286794e-02 9.806115e-01 3.707469e+02
9.741434e-01 1.458236e-01 1.725691e-01 6.740195e+01 -1.490442e-01 9.888136e-01 5.783963e-03 -6.102747e+01 -1.697952e-01 -3.135484e-02 9.849804e-01 3.716471e+02
9.779671e-01 1.474211e-01 1.478089e-01 6.752119e+01 -1.502428e-01 9.886164e-01 8.048251e-03 -6.102780e+01 -1.449398e-01 -3.007814e-02 9.889832e-01 3.725560e+02
9.815210e-01 1.479367e-01 1.213723e-01 6.761965e+01 -1.502032e-01 9.886076e-01 9.690854e-03 -6.102830e+01 -1.185559e-01 -2.774228e-02 9.925598e-01 3.734649e+02
9.844939e-01 1.485799e-01 9.325055e-02 6.769783e+01 -1.501912e-01 9.886016e-01 1.046623e-02 -6.102531e+01 -9.063257e-02 -2.430935e-02 9.955877e-01 3.743761e+02
9.862164e-01 1.526494e-01 6.383867e-02 6.775264e+01 -1.537882e-01 9.880144e-01 1.329430e-02 -6.102787e+01 -6.104416e-02 -2.292869e-02 9.978717e-01 3.752793e+02
9.876568e-01 1.528707e-01 3.412591e-02 6.776467e+01 -1.535225e-01 9.879926e-01 1.736187e-02 -6.103068e+01 -3.106203e-02 -2.238666e-02 9.992667e-01 3.761764e+02
9.884741e-01 1.513500e-01 3.493933e-03 6.775662e+01 -1.513903e-01 9.882162e-01 2.257552e-02 -6.101279e+01 -3.595747e-05 -2.284426e-02 9.997390e-01 3.770854e+02
9.876485e-01 1.542671e-01 -2.742298e-02 6.771884e+01 -1.536028e-01 9.878193e-01 2.488453e-02 -6.099521e+01 3.092781e-02 -2.036493e-02 9.993141e-01 3.780185e+02
9.864007e-01 1.539881e-01 -5.745633e-02 6.764066e+01 -1.526032e-01 9.878969e-01 2.778570e-02 -6.098261e+01 6.103959e-02 -1.863982e-02 9.979613e-01 3.789130e+02
9.840630e-01 1.552900e-01 -8.663186e-02 6.755688e+01 -1.531264e-01 9.877163e-01 3.112559e-02 -6.097610e+01 9.040120e-02 -1.736391e-02 9.957540e-01 3.798364e+02
9.808869e-01 1.588041e-01 -1.124375e-01 6.743756e+01 -1.561819e-01 9.872158e-01 3.181377e-02 -6.095451e+01 1.160523e-01 -1.364500e-02 9.931494e-01 3.807447e+02
9.778665e-01 1.614792e-01 -1.330476e-01 6.728658e+01 -1.582589e-01 9.867946e-01 3.450402e-02 -6.093308e+01 1.368623e-01 -1.268436e-02 9.905089e-01 3.816510e+02
9.745395e-01 1.673748e-01 -1.491925e-01 6.712981e+01 -1.630698e-01 9.857737e-01 4.072406e-02 -6.091051e+01 1.538862e-01 -1.535842e-02 9.879692e-01 3.825703e+02
9.717714e-01 1.743153e-01 -1.589797e-01 6.695702e+01 -1.687426e-01 9.844902e-01 4.800944e-02 -6.087834e+01 1.648827e-01 -1.982756e-02 9.861139e-01 3.835189e+02
9.702324e-01 1.773275e-01 -1.649367e-01 6.678251e+01 -1.716750e-01 9.839820e-01 4.803303e-02 -6.083969e+01 1.708124e-01 -1.828768e-02 9.851338e-01 3.844531e+02
9.690586e-01 1.800930e-01 -1.687954e-01 6.661309e+01 -1.754470e-01 9.835852e-01 4.217164e-02 -6.081084e+01 1.736195e-01 -1.125215e-02 9.847485e-01 3.853979e+02
9.686947e-01 1.810870e-01 -1.698176e-01 6.642920e+01 -1.773636e-01 9.834506e-01 3.697426e-02 -6.077475e+01 1.737028e-01 -5.697300e-03 9.847816e-01 3.863586e+02
9.685518e-01 1.834007e-01 -1.681417e-01 6.624876e+01 -1.800474e-01 9.830312e-01 3.510930e-02 -6.074703e+01 1.717276e-01 -3.731690e-03 9.851374e-01 3.873238e+02
9.690011e-01 1.838648e-01 -1.650172e-01 6.607310e+01 -1.806228e-01 9.829446e-01 3.457309e-02 -6.071654e+01 1.685595e-01 -3.695496e-03 9.856846e-01 3.883086e+02
9.696924e-01 1.830349e-01 -1.618486e-01 6.589718e+01 -1.798231e-01 9.830972e-01 3.440228e-02 -6.069230e+01 1.654097e-01 -4.255515e-03 9.862158e-01 3.893005e+02
9.704532e-01 1.809633e-01 -1.596024e-01 6.573141e+01 -1.781821e-01 9.834871e-01 3.168923e-02 -6.066734e+01 1.627015e-01 -2.314614e-03 9.866726e-01 3.902982e+02
9.710346e-01 1.791576e-01 -1.580958e-01 6.556789e+01 -1.772049e-01 9.838177e-01 2.647975e-02 -6.064425e+01 1.602815e-01 2.302592e-03 9.870687e-01 3.913049e+02
9.716227e-01 1.769533e-01 -1.569615e-01 6.539853e+01 -1.758589e-01 9.841925e-01 2.094552e-02 -6.062615e+01 1.581867e-01 7.251931e-03 9.873826e-01 3.923175e+02
9.720560e-01 1.755900e-01 -1.558054e-01 6.524228e+01 -1.748721e-01 9.844190e-01 1.841192e-02 -6.061472e+01 1.566107e-01 9.348600e-03 9.876162e-01 3.933461e+02
9.721579e-01 1.764295e-01 -1.542133e-01 6.506157e+01 -1.755552e-01 9.842788e-01 1.937852e-02 -6.060030e+01 1.552078e-01 8.233959e-03 9.878475e-01 3.944106e+02
9.718426e-01 1.792110e-01 -1.529878e-01 6.486906e+01 -1.780682e-01 9.837886e-01 2.125356e-02 -6.058373e+01 1.543165e-01 6.587146e-03 9.879995e-01 3.954904e+02
9.714664e-01 1.818966e-01 -1.522057e-01 6.468984e+01 -1.805851e-01 9.833016e-01 2.251480e-02 -6.057083e+01 1.537595e-01 5.613714e-03 9.880924e-01 3.965502e+02
9.710381e-01 1.842992e-01 -1.520487e-01 6.450996e+01 -1.830534e-01 9.828506e-01 2.227446e-02 -6.055463e+01 1.535463e-01 6.203673e-03 9.881220e-01 3.976292e+02
9.703465e-01 1.873440e-01 -1.527412e-01 6.434277e+01 -1.861675e-01 9.822695e-01 2.209821e-02 -6.054604e+01 1.541730e-01 6.992520e-03 9.880191e-01 3.986933e+02
9.699173e-01 1.890187e-01 -1.534025e-01 6.416120e+01 -1.879524e-01 9.819415e-01 2.155754e-02 -6.052564e+01 1.547071e-01 7.923338e-03 9.879286e-01 3.997923e+02
9.696690e-01 1.894182e-01 -1.544760e-01 6.396499e+01 -1.886663e-01 9.818446e-01 1.964997e-02 -6.051520e+01 1.553934e-01 1.009043e-02 9.878011e-01 4.009079e+02
9.694640e-01 1.885190e-01 -1.568441e-01 6.378700e+01 -1.883150e-01 9.819735e-01 1.629671e-02 -6.049446e+01 1.570889e-01 1.373701e-02 9.874889e-01 4.020342e+02
9.694279e-01 1.859365e-01 -1.601160e-01 6.359144e+01 -1.859536e-01 9.824438e-01 1.501149e-02 -6.049361e+01 1.600961e-01 1.522158e-02 9.869841e-01 4.031459e+02
9.692169e-01 1.826476e-01 -1.651015e-01 6.341011e+01 -1.824258e-01 9.830789e-01 1.663697e-02 -6.049126e+01 1.653464e-01 1.399394e-02 9.861363e-01 4.042610e+02
9.689653e-01 1.775088e-01 -1.720375e-01 6.322062e+01 -1.769828e-01 9.840398e-01 1.851649e-02 -6.048692e+01 1.725786e-01 1.250584e-02 9.849164e-01 4.053707e+02
9.679839e-01 1.740567e-01 -1.808632e-01 6.300841e+01 -1.733061e-01 9.846635e-01 2.006921e-02 -6.048399e+01 1.815825e-01 1.191802e-02 9.833035e-01 4.064853e+02
9.666849e-01 1.702613e-01 -1.911317e-01 6.279075e+01 -1.696204e-01 9.853099e-01 1.983260e-02 -6.046950e+01 1.917006e-01 1.324796e-02 9.813640e-01 4.076058e+02
9.649686e-01 1.690045e-01 -2.006815e-01 6.253925e+01 -1.684699e-01 9.855066e-01 1.986644e-02 -6.047242e+01 2.011305e-01 1.463831e-02 9.794551e-01 4.087368e+02
9.631341e-01 1.677847e-01 -2.102877e-01 6.228727e+01 -1.673174e-01 9.856973e-01 2.014301e-02 -6.046146e+01 2.106597e-01 1.578438e-02 9.774320e-01 4.098636e+02
9.612528e-01 1.672575e-01 -2.191302e-01 6.201268e+01 -1.666049e-01 9.857874e-01 2.158971e-02 -6.045262e+01 2.196268e-01 1.575499e-02 9.754567e-01 4.109899e+02
9.593352e-01 1.667749e-01 -2.277326e-01 6.171558e+01 -1.658045e-01 9.858780e-01 2.352575e-02 -6.043348e+01 2.284401e-01 1.519002e-02 9.734395e-01 4.121287e+02
9.574208e-01 1.654440e-01 -2.365876e-01 6.142718e+01 -1.642996e-01 9.861015e-01 2.468748e-02 -6.041971e+01 2.373837e-01 1.523493e-02 9.712965e-01 4.132372e+02
9.552400e-01 1.657732e-01 -2.450219e-01 6.111090e+01 -1.648981e-01 9.860129e-01 2.423122e-02 -6.039858e+01 2.456116e-01 1.725703e-02 9.692147e-01 4.143569e+02
9.528308e-01 1.665424e-01 -2.537266e-01 6.080863e+01 -1.660566e-01 9.858364e-01 2.348861e-02 -6.038181e+01 2.540448e-01 1.975231e-02 9.669907e-01 4.154374e+02
9.506563e-01 1.661126e-01 -2.620290e-01 6.052102e+01 -1.658009e-01 9.858801e-01 2.346111e-02 -6.037369e+01 2.622263e-01 2.114118e-02 9.647748e-01 4.164992e+02
9.485221e-01 1.664549e-01 -2.694414e-01 6.020574e+01 -1.660713e-01 9.858121e-01 2.438715e-02 -6.036496e+01 2.696780e-01 2.161474e-02 9.627079e-01 4.175745e+02
9.465706e-01 1.664645e-01 -2.762132e-01 5.989279e+01 -1.660395e-01 9.857996e-01 2.509831e-02 -6.035723e+01 2.764688e-01 2.210499e-02 9.607686e-01 4.186374e+02
9.450369e-01 1.647694e-01 -2.824115e-01 5.957001e+01 -1.645603e-01 9.860594e-01 2.463382e-02 -6.033783e+01 2.825334e-01 2.319384e-02 9.589770e-01 4.197093e+02
9.439056e-01 1.610361e-01 -2.882874e-01 5.925417e+01 -1.611435e-01 9.866506e-01 2.352578e-02 -6.032340e+01 2.882274e-01 2.424952e-02 9.572549e-01 4.207632e+02
9.426102e-01 1.572266e-01 -2.945603e-01 5.892587e+01 -1.583833e-01 9.871734e-01 2.008464e-02 -6.032274e+01 2.939399e-01 2.772145e-02 9.554218e-01 4.218179e+02
9.416684e-01 1.507939e-01 -3.008683e-01 5.859946e+01 -1.532198e-01 9.880680e-01 1.566263e-02 -6.031378e+01 2.996402e-01 3.134999e-02 9.535371e-01 4.228743e+02
9.401503e-01 1.472563e-01 -3.072996e-01 5.827158e+01 -1.496732e-01 9.886088e-01 1.582688e-02 -6.031029e+01 3.061297e-01 3.111486e-02 9.514812e-01 4.239292e+02
9.387659e-01 1.469358e-01 -3.116544e-01 5.791873e+01 -1.482669e-01 9.887540e-01 1.955860e-02 -6.030444e+01 3.110234e-01 2.784708e-02 9.499942e-01 4.249691e+02
9.372035e-01 1.463307e-01 -3.166023e-01 5.756327e+01 -1.474816e-01 9.888531e-01 2.046496e-02 -6.029715e+01 3.160678e-01 2.751318e-02 9.483376e-01 4.260440e+02
9.360294e-01 1.463531e-01 -3.200465e-01 5.720685e+01 -1.474007e-01 9.888520e-01 2.109123e-02 -6.029249e+01 3.195654e-01 2.743305e-02 9.471670e-01 4.270996e+02
9.345850e-01 1.483179e-01 -3.233461e-01 5.684706e+01 -1.492711e-01 9.885516e-01 2.199942e-02 -6.028065e+01 3.229072e-01 2.770590e-02 9.460250e-01 4.281429e+02
9.338016e-01 1.474935e-01 -3.259759e-01 5.648164e+01 -1.477216e-01 9.887328e-01 2.420132e-02 -6.026792e+01 3.258726e-01 2.555444e-02 9.450683e-01 4.292029e+02
9.333684e-01 1.465918e-01 -3.276190e-01 5.611573e+01 -1.454901e-01 9.889630e-01 2.801420e-02 -6.025406e+01 3.281097e-01 2.151775e-02 9.443945e-01 4.302614e+02
9.336109e-01 1.437077e-01 -3.282053e-01 5.574627e+01 -1.418335e-01 9.894425e-01 2.977773e-02 -6.023270e+01 3.290196e-01 1.874970e-02 9.441369e-01 4.313153e+02
9.338475e-01 1.390836e-01 -3.295218e-01 5.539542e+01 -1.369614e-01 9.901290e-01 2.976947e-02 -6.021354e+01 3.304096e-01 1.733163e-02 9.436785e-01 4.323586e+02
9.341335e-01 1.348558e-01 -3.304670e-01 5.503093e+01 -1.320479e-01 9.907571e-01 3.104407e-02 -6.019647e+01 3.315990e-01 1.463815e-02 9.433069e-01 4.334108e+02
9.341246e-01 1.325548e-01 -3.314219e-01 5.466335e+01 -1.297900e-01 9.910702e-01 3.056841e-02 -6.018792e+01 3.325143e-01 1.446055e-02 9.429873e-01 4.344540e+02
9.343296e-01 1.286688e-01 -3.323740e-01 5.428502e+01 -1.256300e-01 9.916016e-01 3.071357e-02 -6.016209e+01 3.335345e-01 1.305954e-02 9.426474e-01 4.355229e+02
9.341186e-01 1.273476e-01 -3.334742e-01 5.390869e+01 -1.243675e-01 9.917715e-01 3.036428e-02 -6.014343e+01 3.345971e-01 1.310953e-02 9.422701e-01 4.365803e+02
9.337893e-01 1.272764e-01 -3.344222e-01 5.352654e+01 -1.238629e-01 9.917958e-01 3.160781e-02 -6.012302e+01 3.357015e-01 1.190748e-02 9.418932e-01 4.376337e+02
9.332252e-01 1.290452e-01 -3.353178e-01 5.314174e+01 -1.251364e-01 9.915794e-01 3.333570e-02 -6.010375e+01 3.367960e-01 1.085074e-02 9.415151e-01 4.386892e+02
9.324215e-01 1.325163e-01 -3.361987e-01 5.276054e+01 -1.278857e-01 9.911359e-01 3.598573e-02 -6.008657e+01 3.379873e-01 9.441121e-03 9.411033e-01 4.397421e+02
9.319795e-01 1.347696e-01 -3.365283e-01 5.236828e+01 -1.293759e-01 9.908475e-01 3.851192e-02 -6.006260e+01 3.386384e-01 7.646337e-03 9.408855e-01 4.407985e+02
9.315031e-01 1.381021e-01 -3.364965e-01 5.197575e+01 -1.320874e-01 9.903972e-01 4.082100e-02 -6.003803e+01 3.389026e-01 6.422042e-03 9.407995e-01 4.418531e+02
9.313977e-01 1.398077e-01 -3.360836e-01 5.159552e+01 -1.333846e-01 9.901635e-01 4.224641e-02 -6.000803e+01 3.386841e-01 5.480191e-03 9.408842e-01 4.429138e+02
9.316316e-01 1.412799e-01 -3.348172e-01 5.121107e+01 -1.347067e-01 9.899564e-01 4.290073e-02 -5.997305e+01 3.375155e-01 5.134459e-03 9.413060e-01 4.439875e+02
9.323608e-01 1.421738e-01 -3.324004e-01 5.075156e+01 -1.350835e-01 9.898357e-01 4.447069e-02 -5.993400e+01 3.353443e-01 3.439093e-03 9.420894e-01 4.451126e+02
9.327232e-01 1.424676e-01 -3.312559e-01 5.039682e+01 -1.346833e-01 9.897986e-01 4.646559e-02 -5.989878e+01 3.344965e-01 1.275119e-03 9.423961e-01 4.461901e+02
9.329418e-01 1.442273e-01 -3.298760e-01 5.002865e+01 -1.358711e-01 9.895445e-01 4.838031e-02 -5.986251e+01 3.334047e-01 -3.153975e-04 9.427837e-01 4.472430e+02
9.331779e-01 1.472383e-01 -3.278718e-01 4.964394e+01 -1.382684e-01 9.890992e-01 5.064260e-02 -5.982854e+01 3.317542e-01 -1.924261e-03 9.433639e-01 4.483072e+02
9.332507e-01 1.499502e-01 -3.264323e-01 4.927712e+01 -1.406529e-01 9.886900e-01 5.204704e-02 -5.979235e+01 3.305448e-01 -2.659279e-03 9.437866e-01 4.493724e+02
9.339946e-01 1.503144e-01 -3.241291e-01 4.882696e+01 -1.412302e-01 9.886355e-01 5.151635e-02 -5.974985e+01 3.281892e-01 -2.339186e-03 9.446091e-01 4.504766e+02
9.345082e-01 1.499145e-01 -3.228313e-01 4.844441e+01 -1.410883e-01 9.886972e-01 5.071369e-02 -5.970614e+01 3.267851e-01 -1.844661e-03 9.450969e-01 4.515440e+02
9.349460e-01 1.499025e-01 -3.215668e-01 4.809575e+01 -1.406788e-01 9.886954e-01 5.187381e-02 -5.967201e+01 3.257076e-01 -3.261590e-03 9.454649e-01 4.525723e+02
9.356603e-01 1.490308e-01 -3.198901e-01 4.771270e+01 -1.387399e-01 9.888081e-01 5.486087e-02 -5.962351e+01 3.244859e-01 -6.949623e-03 9.458650e-01 4.536382e+02
9.363265e-01 1.475919e-01 -3.186052e-01 4.737082e+01 -1.361452e-01 9.889876e-01 5.803481e-02 -5.959006e+01 3.236620e-01 -1.096298e-02 9.461092e-01 4.546620e+02
9.368981e-01 1.463022e-01 -3.175179e-01 4.702727e+01 -1.343517e-01 9.891553e-01 5.934073e-02 -5.955166e+01 3.227563e-01 -1.293714e-02 9.463937e-01 4.556900e+02
9.375342e-01 1.446202e-01 -3.164089e-01 4.666974e+01 -1.326062e-01 9.893932e-01 5.930109e-02 -5.950362e+01 3.216290e-01 -1.363900e-02 9.467675e-01 4.567252e+02
9.382907e-01 1.415197e-01 -3.155674e-01 4.633068e+01 -1.294164e-01 9.898276e-01 5.909958e-02 -5.945878e+01 3.207211e-01 -1.461299e-02 9.470610e-01 4.577416e+02
9.384571e-01 1.413100e-01 -3.151664e-01 4.599621e+01 -1.292104e-01 9.898560e-01 5.907404e-02 -5.940642e+01 3.203171e-01 -1.471567e-02 9.471961e-01 4.587401e+02
9.391599e-01 1.359692e-01 -3.154221e-01 4.566721e+01 -1.234676e-01 9.905701e-01 5.938472e-02 -5.936360e+01 3.205222e-01 -1.682733e-02 9.470915e-01 4.597500e+02
9.392343e-01 1.344710e-01 -3.158424e-01 4.533561e+01 -1.224963e-01 9.907982e-01 5.756325e-02 -5.931405e+01 3.206767e-01 -1.537585e-02 9.470639e-01 4.607413e+02
9.393770e-01 1.336413e-01 -3.157704e-01 4.501076e+01 -1.214252e-01 9.908961e-01 5.814534e-02 -5.926402e+01 3.206663e-01 -1.627791e-02 9.470524e-01 4.617323e+02
9.393653e-01 1.326669e-01 -3.162157e-01 4.468270e+01 -1.199854e-01 9.910009e-01 5.933564e-02 -5.921433e+01 3.212419e-01 -1.779658e-02 9.468299e-01 4.627289e+02
9.393533e-01 1.327174e-01 -3.162300e-01 4.434907e+01 -1.190088e-01 9.909325e-01 6.236788e-02 -5.916070e+01 3.216399e-01 -2.095131e-02 9.466302e-01 4.637187e+02
9.392595e-01 1.329861e-01 -3.163958e-01 4.401631e+01 -1.193177e-01 9.909007e-01 6.228200e-02 -5.911832e+01 3.217995e-01 -2.074733e-02 9.465805e-01 4.646868e+02
9.390878e-01 1.331903e-01 -3.168193e-01 4.368499e+01 -1.195344e-01 9.908766e-01 6.224963e-02 -5.906066e+01 3.222199e-01 -2.058707e-02 9.464410e-01 4.656788e+02
9.390903e-01 1.325054e-01 -3.170990e-01 4.334331e+01 -1.191647e-01 9.909869e-01 6.119439e-02 -5.902200e+01 3.223495e-01 -1.968006e-02 9.464161e-01 4.666622e+02
9.389196e-01 1.328289e-01 -3.174688e-01 4.302932e+01 -1.191847e-01 9.909273e-01 6.211304e-02 -5.897497e+01 3.228389e-01 -2.048174e-02 9.462323e-01 4.676109e+02
9.389468e-01 1.321747e-01 -3.176613e-01 4.269436e+01 -1.180578e-01 9.909821e-01 6.337799e-02 -5.892564e+01 3.231736e-01 -2.200617e-02 9.460838e-01 4.685839e+02
9.388311e-01 1.321560e-01 -3.180109e-01 4.236213e+01 -1.176748e-01 9.909608e-01 6.441496e-02 -5.887771e+01 3.236491e-01 -2.305291e-02 9.458963e-01 4.695392e+02
9.387105e-01 1.319964e-01 -3.184328e-01 4.204275e+01 -1.174751e-01 9.909807e-01 6.447431e-02 -5.883742e+01 3.240712e-01 -2.311477e-02 9.457503e-01 4.704684e+02
9.383430e-01 1.336525e-01 -3.188250e-01 4.172558e+01 -1.192758e-01 9.907773e-01 6.429315e-02 -5.878450e+01 3.244775e-01 -2.230093e-02 9.456305e-01 4.714021e+02
9.380285e-01 1.359348e-01 -3.187855e-01 4.140867e+01 -1.215006e-01 9.904716e-01 6.483528e-02 -5.873868e+01 3.245614e-01 -2.208472e-02 9.456068e-01 4.723305e+02
9.378810e-01 1.380246e-01 -3.183212e-01 4.108626e+01 -1.231672e-01 9.901592e-01 6.644286e-02 -5.869392e+01 3.243594e-01 -2.310876e-02 9.456516e-01 4.732495e+02
9.378898e-01 1.388223e-01 -3.179482e-01 4.076991e+01 -1.234460e-01 9.900109e-01 6.811435e-02 -5.864724e+01 3.242279e-01 -2.463434e-02 9.456582e-01 4.741684e+02
9.378404e-01 1.400121e-01 -3.175721e-01 4.045400e+01 -1.240440e-01 9.898000e-01 7.006436e-02 -5.859808e+01 3.241427e-01 -2.631628e-02 9.456421e-01 4.750856e+02
9.377523e-01 1.412743e-01 -3.172732e-01 4.013536e+01 -1.244964e-01 9.895563e-01 7.265695e-02 -5.854940e+01 3.242242e-01 -2.863485e-02 9.455468e-01 4.760068e+02
9.376670e-01 1.417833e-01 -3.172980e-01 3.982090e+01 -1.237040e-01 9.893638e-01 7.652774e-02 -5.849455e+01 3.247735e-01 -3.250652e-02 9.452330e-01 4.769258e+02
9.372393e-01 1.432276e-01 -3.179126e-01 3.950625e+01 -1.237940e-01 9.890272e-01 8.062406e-02 -5.843918e+01 3.259718e-01 -3.620838e-02 9.446859e-01 4.778161e+02
9.365806e-01 1.434270e-01 -3.197585e-01 3.920812e+01 -1.226874e-01 9.888671e-01 8.419970e-02 -5.838405e+01 3.282752e-01 -3.962945e-02 9.437505e-01 4.787081e+02
9.362130e-01 1.425517e-01 -3.212230e-01 3.889048e+01 -1.209153e-01 9.888923e-01 8.643779e-02 -5.832287e+01 3.299768e-01 -4.208341e-02 9.430505e-01 4.796114e+02
9.358184e-01 1.411987e-01 -3.229658e-01 3.859321e+01 -1.188656e-01 9.890061e-01 8.796528e-02 -5.825017e+01 3.318358e-01 -4.392999e-02 9.423137e-01 4.804907e+02
9.354339e-01 1.386750e-01 -3.251655e-01 3.832911e+01 -1.156403e-01 9.892753e-01 8.922805e-02 -5.818982e+01 3.340519e-01 -4.586472e-02 9.414381e-01 4.813417e+02
9.348161e-01 1.386115e-01 -3.269643e-01 3.801900e+01 -1.152236e-01 9.892588e-01 8.994791e-02 -5.811057e+01 3.359201e-01 -4.641077e-02 9.407464e-01 4.822343e+02
9.344342e-01 1.380188e-01 -3.283041e-01 3.773160e+01 -1.144526e-01 9.893296e-01 9.015320e-02 -5.804790e+01 3.372438e-01 -4.666699e-02 9.402600e-01 4.830964e+02
9.343444e-01 1.369860e-01 -3.289916e-01 3.745573e+01 -1.129791e-01 9.894114e-01 9.110925e-02 -5.797917e+01 3.379887e-01 -4.795824e-02 9.399275e-01 4.839625e+02
9.342510e-01 1.386826e-01 -3.285455e-01 3.714512e+01 -1.149110e-01 9.892174e-01 9.079891e-02 -5.790723e+01 3.375952e-01 -4.707549e-02 9.401135e-01 4.848414e+02
9.347382e-01 1.371502e-01 -3.278023e-01 3.684853e+01 -1.134573e-01 9.894182e-01 9.043868e-02 -5.783486e+01 3.367372e-01 -4.734490e-02 9.404076e-01 4.857026e+02
9.356466e-01 1.318730e-01 -3.273757e-01 3.653486e+01 -1.081523e-01 9.900775e-01 8.972016e-02 -5.776242e+01 3.359590e-01 -4.853993e-02 9.406250e-01 4.865776e+02
9.359832e-01 1.298435e-01 -3.272247e-01 3.625584e+01 -1.056174e-01 9.902500e-01 9.082877e-02 -5.769510e+01 3.358278e-01 -5.045357e-02 9.405712e-01 4.874253e+02
9.362186e-01 1.298540e-01 -3.265467e-01 3.596550e+01 -1.056883e-01 9.902479e-01 9.076900e-02 -5.762494e+01 3.351489e-01 -5.046746e-02 9.408125e-01 4.882540e+02
9.362200e-01 1.294457e-01 -3.267046e-01 3.569543e+01 -1.056789e-01 9.903592e-01 8.955794e-02 -5.756459e+01 3.351478e-01 -4.932014e-02 9.408738e-01 4.890461e+02
9.365882e-01 1.274641e-01 -3.264284e-01 3.541017e+01 -1.045931e-01 9.907234e-01 8.676036e-02 -5.749050e+01 3.344591e-01 -4.711657e-02 9.412317e-01 4.898743e+02
9.367856e-01 1.261999e-01 -3.263530e-01 3.514242e+01 -1.038603e-01 9.909471e-01 8.506931e-02 -5.743556e+01 3.341344e-01 -4.579658e-02 9.414122e-01 4.906861e+02
9.368886e-01 1.272782e-01 -3.256378e-01 3.486702e+01 -1.054554e-01 9.908793e-01 8.388884e-02 -5.737306e+01 3.333450e-01 -4.425424e-02 9.417657e-01 4.914746e+02
9.371062e-01 1.272205e-01 -3.250336e-01 3.458692e+01 -1.058900e-01 9.909437e-01 8.257040e-02 -5.730937e+01 3.325947e-01 -4.295943e-02 9.420909e-01 4.922725e+02
9.374111e-01 1.259118e-01 -3.246640e-01 3.432800e+01 -1.048321e-01 9.911286e-01 8.169668e-02 -5.726131e+01 3.320703e-01 -4.254816e-02 9.422945e-01 4.930355e+02
9.379180e-01 1.234965e-01 -3.241271e-01 3.407929e+01 -1.029012e-01 9.914693e-01 7.999991e-02 -5.720881e+01 3.312418e-01 -4.168030e-02 9.426248e-01 4.938032e+02
9.386787e-01 1.227643e-01 -3.221975e-01 3.380067e+01 -1.026268e-01 9.915915e-01 7.882890e-02 -5.715208e+01 3.291656e-01 -4.092891e-02 9.433848e-01 4.945897e+02
9.395426e-01 1.226760e-01 -3.197035e-01 3.356202e+01 -1.033994e-01 9.916816e-01 7.665661e-02 -5.708020e+01 3.264480e-01 -3.896499e-02 9.444117e-01 4.953586e+02
9.413644e-01 1.214459e-01 -3.147759e-01 3.330094e+01 -1.028808e-01 9.918619e-01 7.500346e-02 -5.704503e+01 3.213231e-01 -3.822120e-02 9.461980e-01 4.961291e+02
9.431663e-01 1.221031e-01 -3.090763e-01 3.309432e+01 -1.045436e-01 9.918509e-01 7.281744e-02 -5.699952e+01 3.154488e-01 -3.636701e-02 9.482455e-01 4.968567e+02
9.458446e-01 1.243321e-01 -2.998658e-01 3.286857e+01 -1.076027e-01 9.916022e-01 7.174063e-02 -5.693415e+01 3.062672e-01 -3.558913e-02 9.512801e-01 4.976183e+02
9.488044e-01 1.290759e-01 -2.882875e-01 3.265109e+01 -1.121491e-01 9.908908e-01 7.455272e-02 -5.690881e+01 2.952844e-01 -3.840478e-02 9.546372e-01 4.983746e+02
9.524208e-01 1.329140e-01 -2.742782e-01 3.245252e+01 -1.153829e-01 9.901614e-01 7.916519e-02 -5.687369e+01 2.821019e-01 -4.375156e-02 9.583863e-01 4.991302e+02
9.568116e-01 1.344687e-01 -2.577396e-01 3.224956e+01 -1.172714e-01 9.897873e-01 8.104612e-02 -5.683016e+01 2.660055e-01 -4.732038e-02 9.628093e-01 4.999095e+02
9.615487e-01 1.349746e-01 -2.391774e-01 3.205045e+01 -1.192429e-01 9.897064e-01 7.913555e-02 -5.678429e+01 2.473967e-01 -4.757248e-02 9.677457e-01 5.006846e+02
9.660599e-01 1.381146e-01 -2.182949e-01 3.187440e+01 -1.237763e-01 9.892308e-01 7.811414e-02 -5.674240e+01 2.267328e-01 -4.844319e-02 9.727515e-01 5.014622e+02
9.705553e-01 1.412058e-01 -1.951495e-01 3.171956e+01 -1.283653e-01 9.887322e-01 7.701339e-02 -5.670237e+01 2.038253e-01 -4.969534e-02 9.777452e-01 5.022489e+02
9.750226e-01 1.426187e-01 -1.702671e-01 3.159074e+01 -1.311823e-01 9.883879e-01 7.668488e-02 -5.666995e+01 1.792266e-01 -5.243346e-02 9.824096e-01 5.030224e+02
9.792988e-01 1.421996e-01 -1.440597e-01 3.147709e+01 -1.328148e-01 9.884607e-01 7.284007e-02 -5.662677e+01 1.527552e-01 -5.219893e-02 9.868846e-01 5.038136e+02
9.831400e-01 1.398521e-01 -1.178014e-01 3.139135e+01 -1.327341e-01 9.889330e-01 6.628156e-02 -5.657774e+01 1.257673e-01 -4.952779e-02 9.908227e-01 5.046156e+02
9.860667e-01 1.384459e-01 -9.222413e-02 3.134069e+01 -1.332574e-01 9.892483e-01 6.025139e-02 -5.654783e+01 9.957412e-02 -4.712233e-02 9.939137e-01 5.053932e+02
9.882804e-01 1.374844e-01 -6.633141e-02 3.131217e+01 -1.339236e-01 9.894389e-01 5.545413e-02 -5.652489e+01 7.325495e-02 -4.592089e-02 9.962555e-01 5.061716e+02
9.899271e-01 1.358217e-01 -3.996064e-02 3.129727e+01 -1.337078e-01 9.896804e-01 5.152672e-02 -5.648568e+01 4.654670e-02 -4.566464e-02 9.978718e-01 5.069583e+02
9.908819e-01 1.340555e-01 -1.350073e-02 3.128836e+01 -1.332713e-01 9.899177e-01 4.797646e-02 -5.645290e+01 1.979611e-02 -4.573975e-02 9.987572e-01 5.077787e+02
9.912806e-01 1.311920e-01 1.230600e-02 3.130922e+01 -1.316206e-01 9.902593e-01 4.541454e-02 -5.642954e+01 -6.228111e-03 -4.663827e-02 9.988924e-01 5.085998e+02
9.910135e-01 1.284923e-01 3.717522e-02 3.135544e+01 -1.300258e-01 9.906088e-01 4.227991e-02 -5.640174e+01 -3.139346e-02 -4.673370e-02 9.984139e-01 5.094098e+02
9.899939e-01 1.265877e-01 6.235039e-02 3.140604e+01 -1.290764e-01 9.909202e-01 3.763542e-02 -5.635720e+01 -5.702008e-02 -4.530680e-02 9.973445e-01 5.102445e+02
9.883348e-01 1.243764e-01 8.789132e-02 3.148561e+01 -1.277410e-01 9.912338e-01 3.373192e-02 -5.633722e+01 -8.292539e-02 -4.456575e-02 9.955588e-01 5.110661e+02
9.860463e-01 1.226460e-01 1.125640e-01 3.157986e+01 -1.266591e-01 9.915166e-01 2.919406e-02 -5.631941e+01 -1.080285e-01 -4.304395e-02 9.932155e-01 5.118641e+02
9.831639e-01 1.215329e-01 1.364496e-01 3.170889e+01 -1.259572e-01 9.917395e-01 2.423989e-02 -5.630731e+01 -1.323765e-01 -4.101859e-02 9.903504e-01 5.126721e+02
9.799863e-01 1.197686e-01 1.590041e-01 3.185263e+01 -1.243069e-01 9.920643e-01 1.887282e-02 -5.630035e+01 -1.554819e-01 -3.826040e-02 9.870975e-01 5.134778e+02
9.766136e-01 1.183949e-01 1.794674e-01 3.201546e+01 -1.228884e-01 9.923205e-01 1.409043e-02 -5.629631e+01 -1.764209e-01 -3.581537e-02 9.836630e-01 5.142895e+02
9.730071e-01 1.169688e-01 1.989359e-01 3.218983e+01 -1.213505e-01 9.925600e-01 9.934551e-03 -5.629976e+01 -1.962938e-01 -3.380736e-02 9.799621e-01 5.150975e+02
9.690597e-01 1.168403e-01 2.174203e-01 3.238058e+01 -1.212037e-01 9.926044e-01 6.795292e-03 -5.630389e+01 -2.150184e-01 -3.293719e-02 9.760544e-01 5.159147e+02
9.648099e-01 1.174627e-01 2.352538e-01 3.258201e+01 -1.216439e-01 9.925684e-01 3.287740e-03 -5.632284e+01 -2.331193e-01 -3.178923e-02 9.719284e-01 5.167308e+02
9.603832e-01 1.177154e-01 2.526009e-01 3.280461e+01 -1.216428e-01 9.925739e-01 -6.951327e-05 -5.633548e+01 -2.507333e-01 -3.066033e-02 9.675706e-01 5.175436e+02
9.555938e-01 1.168119e-01 2.705466e-01 3.303533e+01 -1.203209e-01 9.927284e-01 -3.639493e-03 -5.634152e+01 -2.690045e-01 -2.907453e-02 9.627000e-01 5.183892e+02
9.503495e-01 1.165703e-01 2.885259e-01 3.327997e+01 -1.196589e-01 9.927906e-01 -6.973765e-03 -5.635882e+01 -2.872587e-01 -2.789718e-02 9.574467e-01 5.192223e+02
9.448629e-01 1.160451e-01 3.062150e-01 3.355312e+01 -1.187900e-01 9.928718e-01 -9.723906e-03 -5.637617e+01 -3.051607e-01 -2.718753e-02 9.519127e-01 5.200468e+02
9.392571e-01 1.132048e-01 3.240073e-01 3.384183e+01 -1.160041e-01 9.931908e-01 -1.072909e-02 -5.639975e+01 -3.230156e-01 -2.750881e-02 9.459937e-01 5.208795e+02
9.333680e-01 1.121797e-01 3.409398e-01 3.415217e+01 -1.151374e-01 9.932817e-01 -1.161633e-02 -5.642096e+01 -3.399524e-01 -2.841260e-02 9.400134e-01 5.217195e+02
9.267393e-01 1.135726e-01 3.581278e-01 3.445560e+01 -1.159023e-01 9.931469e-01 -1.503091e-02 -5.644876e+01 -3.573806e-01 -2.757811e-02 9.335516e-01 5.225561e+02
9.204951e-01 1.128787e-01 3.740953e-01 3.478901e+01 -1.139219e-01 9.933003e-01 -1.940115e-02 -5.647144e+01 -3.737789e-01 -2.475899e-02 9.271873e-01 5.233538e+02
9.139034e-01 1.135932e-01 3.897143e-01 3.513365e+01 -1.126469e-01 9.933113e-01 -2.536491e-02 -5.649597e+01 -3.899889e-01 -2.071902e-02 9.205864e-01 5.241727e+02
9.064379e-01 1.162518e-01 4.060244e-01 3.548970e+01 -1.138434e-01 9.930404e-01 -3.017256e-02 -5.652919e+01 -4.067063e-01 -1.887363e-02 9.133640e-01 5.249700e+02
8.980900e-01 1.206702e-01 4.229338e-01 3.585502e+01 -1.169880e-01 9.925247e-01 -3.476283e-02 -5.657160e+01 -4.239671e-01 -1.825802e-02 9.054935e-01 5.257408e+02
8.889574e-01 1.221197e-01 4.414085e-01 3.625323e+01 -1.176191e-01 9.923442e-01 -3.766664e-02 -5.660610e+01 -4.426290e-01 -1.843405e-02 8.965153e-01 5.265329e+02
8.793810e-01 1.202390e-01 4.606861e-01 3.666177e+01 -1.157157e-01 9.925487e-01 -3.817092e-02 -5.665629e+01 -4.618430e-01 -1.974185e-02 8.867420e-01 5.272992e+02
8.686919e-01 1.189310e-01 4.808636e-01 3.709221e+01 -1.145288e-01 9.926691e-01 -3.861582e-02 -5.670389e+01 -4.819311e-01 -2.152747e-02 8.759446e-01 5.280783e+02
8.566992e-01 1.187065e-01 5.019713e-01 3.754374e+01 -1.137519e-01 9.926788e-01 -4.061254e-02 -5.676301e+01 -5.031173e-01 -2.230744e-02 8.639302e-01 5.288424e+02
8.430959e-01 1.183958e-01 5.245682e-01 3.802535e+01 -1.122900e-01 9.927192e-01 -4.358363e-02 -5.680927e+01 -5.259090e-01 -2.215857e-02 8.502521e-01 5.296309e+02
8.286913e-01 1.171569e-01 5.473070e-01 3.850571e+01 -1.097594e-01 9.928771e-01 -4.634643e-02 -5.687934e+01 -5.488383e-01 -2.166522e-02 8.356477e-01 5.303295e+02
8.138115e-01 1.156223e-01 5.695105e-01 3.901667e+01 -1.061734e-01 9.930947e-01 -4.990032e-02 -5.694316e+01 -5.713475e-01 -1.985743e-02 8.204680e-01 5.310464e+02
7.984539e-01 1.141171e-01 5.911418e-01 3.954420e+01 -1.029117e-01 9.932909e-01 -5.274743e-02 -5.700854e+01 -5.931952e-01 -1.871901e-02 8.048410e-01 5.317460e+02
7.826826e-01 1.115396e-01 6.123454e-01 4.009000e+01 -9.854669e-02 9.936098e-01 -5.502794e-02 -5.707461e+01 -6.145702e-01 -1.727520e-02 7.886730e-01 5.324439e+02
7.669598e-01 1.092461e-01 6.323274e-01 4.064950e+01 -9.482968e-02 9.938780e-01 -5.669023e-02 -5.713967e+01 -6.346495e-01 -1.648428e-02 7.726243e-01 5.331046e+02
7.513526e-01 1.076686e-01 6.510582e-01 4.120167e+01 -9.168394e-02 9.940633e-01 -5.858525e-02 -5.720856e+01 -6.535009e-01 -1.567340e-02 7.567635e-01 5.337334e+02
7.363571e-01 1.083727e-01 6.678574e-01 4.179088e+01 -8.958520e-02 9.940147e-01 -6.252439e-02 -5.727101e+01 -6.706360e-01 -1.378986e-02 7.416584e-01 5.343744e+02
7.222637e-01 1.080825e-01 6.831203e-01 4.239728e+01 -8.689601e-02 9.940680e-01 -6.540509e-02 -5.733783e+01 -6.861372e-01 -1.212071e-02 7.273712e-01 5.350327e+02
7.093046e-01 1.054067e-01 6.969766e-01 4.302214e+01 -8.308942e-02 9.943659e-01 -6.582306e-02 -5.740166e+01 -6.999879e-01 -1.122278e-02 7.140665e-01 5.356574e+02
6.959147e-01 1.035113e-01 7.106252e-01 4.365152e+01 -8.211959e-02 9.945366e-01 -6.444689e-02 -5.748131e+01 -7.134137e-01 -1.350671e-02 7.006129e-01 5.362620e+02
6.823341e-01 1.035259e-01 7.236730e-01 4.430720e+01 -8.060702e-02 9.945403e-01 -6.627267e-02 -5.756327e+01 -7.265829e-01 -1.311302e-02 6.869537e-01 5.368757e+02
6.686955e-01 1.064158e-01 7.358818e-01 4.497138e+01 -8.040383e-02 9.942507e-01 -7.071563e-02 -5.763367e+01 -7.391763e-01 -1.188050e-02 6.734072e-01 5.374656e+02
6.544578e-01 1.055743e-01 7.486915e-01 4.563269e+01 -7.689296e-02 9.943632e-01 -7.300206e-02 -5.771416e+01 -7.521784e-01 -9.792338e-03 6.588867e-01 5.380571e+02
6.396967e-01 1.024872e-01 7.617641e-01 4.632147e+01 -7.503765e-02 9.946636e-01 -7.080790e-02 -5.778938e+01 -7.649559e-01 -1.186541e-02 6.439734e-01 5.386336e+02
6.241252e-01 9.920140e-02 7.750012e-01 4.703757e+01 -7.512360e-02 9.949306e-01 -6.685407e-02 -5.786834e+01 -7.777044e-01 -1.649557e-02 6.284136e-01 5.391977e+02
6.067855e-01 9.785947e-02 7.888187e-01 4.774327e+01 -7.453930e-02 9.950248e-01 -6.610293e-02 -5.794791e+01 -7.913629e-01 -1.868770e-02 6.110610e-01 5.397507e+02
5.888724e-01 9.764324e-02 8.023061e-01 4.847294e+01 -7.296061e-02 9.950447e-01 -6.754890e-02 -5.803534e+01 -8.049261e-01 -1.875907e-02 5.930784e-01 5.402715e+02
5.700566e-01 9.754542e-02 8.157943e-01 4.922368e+01 -6.927055e-02 9.950980e-01 -7.058044e-02 -5.811358e+01 -8.186801e-01 -1.627567e-02 5.740192e-01 5.407935e+02
5.503597e-01 9.731443e-02 8.292370e-01 5.001261e+01 -6.513291e-02 9.951618e-01 -7.355806e-02 -5.818774e+01 -8.323832e-01 -1.352723e-02 5.540353e-01 5.413278e+02
5.304763e-01 9.569651e-02 8.422809e-01 5.076692e+01 -6.087341e-02 9.953427e-01 -7.474813e-02 -5.827725e+01 -8.455113e-01 -1.162039e-02 5.338311e-01 5.417935e+02
5.097261e-01 9.327951e-02 8.552650e-01 5.156742e+01 -5.473602e-02 9.956071e-01 -7.596401e-02 -5.836661e+01 -8.585938e-01 -8.092966e-03 5.125927e-01 5.422654e+02
4.884158e-01 9.101093e-02 8.678519e-01 5.239157e+01 -4.838981e-02 9.958407e-01 -7.719985e-02 -5.845217e+01 -8.712683e-01 -4.289565e-03 4.907883e-01 5.427264e+02
4.664650e-01 8.981361e-02 8.799682e-01 5.321182e+01 -4.446362e-02 9.959549e-01 -7.808190e-02 -5.854123e+01 -8.834214e-01 -2.704097e-03 4.685715e-01 5.431599e+02
4.439496e-01 8.930699e-02 8.915902e-01 5.405195e+01 -4.069325e-02 9.960037e-01 -7.950328e-02 -5.862597e+01 -8.951273e-01 -9.862519e-04 4.458096e-01 5.435811e+02
4.208162e-01 9.063405e-02 9.026069e-01 5.489898e+01 -3.822975e-02 9.958843e-01 -8.217678e-02 -5.871908e+01 -9.063400e-01 7.487906e-05 4.225491e-01 5.439758e+02
3.971433e-01 9.290353e-02 9.130422e-01 5.576482e+01 -3.675885e-02 9.956751e-01 -8.532266e-02 -5.881656e+01 -9.170202e-01 3.229478e-04 3.988407e-01 5.443480e+02
3.730601e-01 9.453631e-02 9.229783e-01 5.664125e+01 -3.604245e-02 9.955212e-01 -8.739848e-02 -5.891556e+01 -9.271068e-01 -6.615103e-04 3.747966e-01 5.446952e+02
3.486442e-01 9.555061e-02 9.323719e-01 5.753013e+01 -3.460085e-02 9.954238e-01 -8.907387e-02 -5.901975e+01 -9.366162e-01 -1.205767e-03 3.503549e-01 5.450204e+02
3.231180e-01 9.479686e-02 9.415988e-01 5.844529e+01 -3.296645e-02 9.954940e-01 -8.891010e-02 -5.913216e+01 -9.457843e-01 -2.312712e-03 3.247871e-01 5.453354e+02
2.977000e-01 9.462683e-02 9.499581e-01 5.938724e+01 -2.991286e-02 9.955114e-01 -8.979030e-02 -5.924231e+01 -9.541907e-01 -1.685389e-03 2.991943e-01 5.456318e+02
2.717854e-01 9.407068e-02 9.577491e-01 6.033381e+01 -2.476564e-02 9.955651e-01 -9.075711e-02 -5.934893e+01 -9.620392e-01 9.471826e-04 2.729097e-01 5.459029e+02
2.462235e-01 9.321329e-02 9.647203e-01 6.127607e+01 -1.906287e-02 9.956377e-01 -9.133522e-02 -5.945855e+01 -9.690256e-01 4.098540e-03 2.469263e-01 5.461386e+02
2.205160e-01 9.213461e-02 9.710221e-01 6.223685e+01 -1.451422e-02 9.957284e-01 -9.118272e-02 -5.956944e+01 -9.752754e-01 6.013623e-03 2.209113e-01 5.463558e+02
1.955507e-01 9.115875e-02 9.764477e-01 6.321339e+01 -9.629489e-03 9.958009e-01 -9.103705e-02 -5.967855e+01 -9.806463e-01 8.399665e-03 1.956074e-01 5.465466e+02
1.709888e-01 9.237846e-02 9.809327e-01 6.418800e+01 -4.834074e-03 9.956616e-01 -9.292289e-02 -5.979361e+01 -9.852611e-01 1.114688e-02 1.706936e-01 5.467083e+02
1.457294e-01 9.337786e-02 9.849079e-01 6.516970e+01 -1.757614e-03 9.955586e-01 -9.412758e-02 -5.990336e+01 -9.893229e-01 1.198607e-02 1.452463e-01 5.468591e+02
1.202961e-01 9.358603e-02 9.883170e-01 6.616559e+01 1.638254e-03 9.955265e-01 -9.446812e-02 -6.001499e+01 -9.927367e-01 1.298327e-02 1.196047e-01 5.469850e+02
9.522931e-02 9.164067e-02 9.912282e-01 6.717734e+01 4.342840e-03 9.957058e-01 -9.247186e-02 -6.012749e+01 -9.954459e-01 1.311078e-02 9.442240e-02 5.470846e+02
7.120115e-02 8.918148e-02 9.934672e-01 6.819909e+01 7.695002e-03 9.959163e-01 -8.995283e-02 -6.023465e+01 -9.974323e-01 1.404948e-02 7.022413e-02 5.471443e+02
4.746097e-02 8.781885e-02 9.950052e-01 6.922814e+01 1.041084e-02 9.960301e-01 -8.840591e-02 -6.034522e+01 -9.988188e-01 1.455467e-02 4.635829e-02 5.471890e+02
2.240043e-02 8.906655e-02 9.957738e-01 7.027478e+01 1.249423e-02 9.959210e-01 -8.936078e-02 -6.045666e+01 -9.996710e-01 1.444314e-02 2.119624e-02 5.472361e+02
-2.675524e-03 9.072064e-02 9.958728e-01 7.132743e+01 1.422680e-02 9.957790e-01 -9.067387e-02 -6.056565e+01 -9.998952e-01 1.392549e-02 -3.954895e-03 5.472362e+02
-2.806966e-02 9.235033e-02 9.953309e-01 7.234688e+01 1.795399e-02 9.956092e-01 -9.186982e-02 -6.068108e+01 -9.994447e-01 1.529141e-02 -2.960447e-02 5.472154e+02
-5.203133e-02 9.341796e-02 9.942665e-01 7.340374e+01 2.200176e-02 9.954807e-01 -9.238066e-02 -6.078965e+01 -9.984031e-01 1.706892e-02 -5.385154e-02 5.471476e+02
-7.605677e-02 9.321385e-02 9.927369e-01 7.445779e+01 2.692744e-02 9.954496e-01 -9.140556e-02 -6.091118e+01 -9.967398e-01 1.977985e-02 -7.822069e-02 5.470702e+02
-9.864187e-02 9.151856e-02 9.909057e-01 7.551506e+01 3.052995e-02 9.955716e-01 -8.891033e-02 -6.102965e+01 -9.946546e-01 2.148202e-02 -1.009991e-01 5.469455e+02
-1.198783e-01 9.274138e-02 9.884474e-01 7.654959e+01 3.711890e-02 9.953498e-01 -8.888724e-02 -6.114324e+01 -9.920944e-01 2.603443e-02 -1.227633e-01 5.468016e+02
-1.412833e-01 9.627279e-02 9.852769e-01 7.761289e+01 4.140748e-02 9.949639e-01 -9.128171e-02 -6.126533e+01 -9.891028e-01 2.790125e-02 -1.445582e-01 5.466812e+02
-1.615334e-01 9.687886e-02 9.821005e-01 7.864052e+01 4.291551e-02 9.949180e-01 -9.108460e-02 -6.138528e+01 -9.859337e-01 2.743414e-02 -1.648701e-01 5.465014e+02
-1.812486e-01 9.671370e-02 9.786702e-01 7.969912e+01 4.501194e-02 9.949255e-01 -8.998392e-02 -6.150249e+01 -9.824067e-01 2.774238e-02 -1.846821e-01 5.462910e+02
-2.021645e-01 9.857418e-02 9.743781e-01 8.077729e+01 4.613707e-02 9.947756e-01 -9.106518e-02 -6.161526e+01 -9.782642e-01 2.654480e-02 -2.056562e-01 5.460637e+02
-2.228939e-01 1.022414e-01 9.694663e-01 8.185419e+01 4.860548e-02 9.944136e-01 -9.369730e-02 -6.174256e+01 -9.736302e-01 2.623682e-02 -2.266182e-01 5.458142e+02
-2.437634e-01 1.043002e-01 9.642100e-01 8.292001e+01 4.756866e-02 9.942895e-01 -9.552810e-02 -6.186740e+01 -9.686674e-01 2.257992e-02 -2.473328e-01 5.455552e+02
-2.641831e-01 1.040118e-01 9.588477e-01 8.400119e+01 4.917618e-02 9.943274e-01 -9.431143e-02 -6.197958e+01 -9.632180e-01 2.223698e-02 -2.677994e-01 5.452621e+02
-2.842792e-01 1.024967e-01 9.532470e-01 8.504979e+01 5.096498e-02 9.944787e-01 -9.173124e-02 -6.210453e+01 -9.573860e-01 2.250493e-02 -2.879334e-01 5.449514e+02
-3.036833e-01 1.024893e-01 9.472446e-01 8.610482e+01 5.337514e-02 9.944663e-01 -9.048672e-02 -6.221929e+01 -9.512768e-01 2.308000e-02 -3.074732e-01 5.446169e+02
-3.205713e-01 1.014121e-01 9.417800e-01 8.715746e+01 5.480300e-02 9.945725e-01 -8.844255e-02 -6.233485e+01 -9.456377e-01 2.326023e-02 -3.243891e-01 5.442497e+02
-3.342102e-01 1.005601e-01 9.371186e-01 8.821405e+01 5.834513e-02 9.945922e-01 -8.591948e-02 -6.244026e+01 -9.406909e-01 2.596114e-02 -3.382701e-01 5.438583e+02
-3.451879e-01 1.024956e-01 9.329201e-01 8.931004e+01 6.399456e-02 9.942759e-01 -8.555797e-02 -6.257920e+01 -9.363493e-01 3.016824e-02 -3.497711e-01 5.434555e+02
-3.538856e-01 1.050712e-01 9.293681e-01 9.034704e+01 6.731289e-02 9.939542e-01 -8.674158e-02 -6.269539e+01 -9.328633e-01 3.186185e-02 -3.588187e-01 5.430612e+02
-3.594879e-01 1.076931e-01 9.269146e-01 9.142583e+01 7.394155e-02 9.934823e-01 -8.675024e-02 -6.280660e+01 -9.302156e-01 3.735183e-02 -3.651079e-01 5.426320e+02
-3.632232e-01 1.083055e-01 9.253858e-01 9.248396e+01 7.934716e-02 9.932081e-01 -8.509874e-02 -6.292369e+01 -9.283172e-01 4.251689e-02 -3.693500e-01 5.422024e+02
-3.653479e-01 1.084386e-01 9.245334e-01 9.353556e+01 8.479202e-02 9.929395e-01 -8.295465e-02 -6.304757e+01 -9.270012e-01 4.808575e-02 -3.719631e-01 5.417747e+02
-3.666730e-01 1.077383e-01 9.240906e-01 9.459352e+01 8.770468e-02 9.928516e-01 -8.095437e-02 -6.316366e+01 -9.262067e-01 5.136328e-02 -3.735011e-01 5.413443e+02
-3.677960e-01 1.067187e-01 9.237626e-01 9.565103e+01 8.946337e-02 9.928458e-01 -7.907974e-02 -6.328502e+01 -9.255930e-01 5.355770e-02 -3.747121e-01 5.409261e+02
-3.687381e-01 1.043406e-01 9.236586e-01 9.673621e+01 8.751871e-02 9.931628e-01 -7.725338e-02 -6.339406e+01 -9.254041e-01 5.235114e-02 -3.753487e-01 5.404807e+02
-3.699511e-01 1.006847e-01 9.235793e-01 9.779769e+01 8.590364e-02 9.935587e-01 -7.390374e-02 -6.350936e+01 -9.250712e-01 5.199806e-02 -3.762173e-01 5.400608e+02
-3.716535e-01 9.660568e-02 9.233315e-01 9.890822e+01 8.356673e-02 9.940148e-01 -7.036435e-02 -6.362233e+01 -9.246028e-01 5.100863e-02 -3.775021e-01 5.396112e+02
-3.728106e-01 9.699505e-02 9.228241e-01 1.000386e+02 8.468934e-02 9.939275e-01 -7.025496e-02 -6.371882e+01 -9.240346e-01 5.196157e-02 -3.787611e-01 5.391585e+02
-3.737155e-01 9.923950e-02 9.222192e-01 1.011779e+02 8.365907e-02 9.938139e-01 -7.304218e-02 -6.381732e+01 -9.237629e-01 4.985501e-02 -3.797059e-01 5.386979e+02
-3.736750e-01 1.019947e-01 9.219350e-01 1.023111e+02 8.517315e-02 9.935098e-01 -7.539106e-02 -6.391242e+01 -9.236409e-01 5.035235e-02 -3.799370e-01 5.382220e+02
-3.745443e-01 1.032800e-01 9.214390e-01 1.034314e+02 8.574953e-02 9.933764e-01 -7.648785e-02 -6.402450e+01 -9.232354e-01 5.036487e-02 -3.809196e-01 5.377634e+02
-3.753879e-01 1.034549e-01 9.210760e-01 1.045336e+02 8.633963e-02 9.933333e-01 -7.638278e-02 -6.413663e+01 -9.228377e-01 5.085219e-02 -3.818176e-01 5.373041e+02
-3.768365e-01 1.017697e-01 9.206721e-01 1.056446e+02 8.526916e-02 9.935370e-01 -7.492290e-02 -6.424767e+01 -9.223467e-01 5.027126e-02 -3.830788e-01 5.368490e+02
-3.781536e-01 9.925080e-02 9.204071e-01 1.068099e+02 8.390470e-02 9.938187e-01 -7.269439e-02 -6.435153e+01 -9.219327e-01 4.973683e-02 -3.841437e-01 5.363769e+02
-3.797587e-01 9.693007e-02 9.199934e-01 1.079267e+02 8.318467e-02 9.940447e-01 -7.039476e-02 -6.446949e+01 -9.213380e-01 4.979633e-02 -3.855602e-01 5.359196e+02
-3.810936e-01 9.612609e-02 9.195257e-01 1.090636e+02 8.359162e-02 9.940891e-01 -6.927666e-02 -6.457139e+01 -9.207498e-01 5.046375e-02 -3.868763e-01 5.354484e+02
-3.823914e-01 9.595916e-02 9.190042e-01 1.102138e+02 8.384847e-02 9.940929e-01 -6.891088e-02 -6.468012e+01 -9.201882e-01 5.070616e-02 -3.881786e-01 5.349740e+02
-3.831923e-01 9.611242e-02 9.186545e-01 1.113622e+02 8.417627e-02 9.940666e-01 -6.889038e-02 -6.479356e+01 -9.198250e-01 5.093064e-02 -3.890091e-01 5.344946e+02
-3.833576e-01 9.833382e-02 9.183504e-01 1.125014e+02 8.609431e-02 9.937914e-01 -7.047245e-02 -6.490686e+01 -9.195785e-01 5.204859e-02 -3.894435e-01 5.340046e+02
-3.838089e-01 1.010060e-01 9.178717e-01 1.136374e+02 8.750124e-02 9.935051e-01 -7.274024e-02 -6.501271e+01 -9.192575e-01 5.239656e-02 -3.901542e-01 5.335233e+02
-3.835918e-01 9.957224e-02 9.181191e-01 1.148003e+02 8.646072e-02 9.936759e-01 -7.164311e-02 -6.512696e+01 -9.194465e-01 5.189953e-02 -3.897750e-01 5.330342e+02
-3.830772e-01 9.796946e-02 9.185063e-01 1.159793e+02 8.642666e-02 9.937992e-01 -6.995475e-02 -6.524064e+01 -9.196642e-01 5.258537e-02 -3.891689e-01 5.325328e+02
-3.830639e-01 9.705305e-02 9.186091e-01 1.171483e+02 8.448815e-02 9.939778e-01 -6.978399e-02 -6.535580e+01 -9.198499e-01 5.087986e-02 -3.889569e-01 5.320398e+02
-3.831767e-01 1.018446e-01 9.180432e-01 1.183435e+02 8.493597e-02 9.935768e-01 -7.477308e-02 -6.547269e+01 -9.197617e-01 4.932359e-02 -3.893657e-01 5.315518e+02
-3.822371e-01 1.052649e-01 9.180491e-01 1.195451e+02 8.340147e-02 9.933657e-01 -7.917592e-02 -6.558909e+01 -9.202929e-01 4.630266e-02 -3.884805e-01 5.310338e+02
-3.818763e-01 1.080518e-01 9.178754e-01 1.207769e+02 8.355154e-02 9.931117e-01 -8.214745e-02 -6.569949e+01 -9.204291e-01 4.531975e-02 -3.882737e-01 5.305034e+02
-3.821060e-01 1.056587e-01 9.180584e-01 1.219918e+02 8.395307e-02 9.933032e-01 -7.937638e-02 -6.582783e+01 -9.202972e-01 4.674364e-02 -3.884175e-01 5.300036e+02
-3.824109e-01 1.024450e-01 9.182957e-01 1.232387e+02 8.348701e-02 9.936005e-01 -7.607906e-02 -6.594621e+01 -9.202129e-01 4.757229e-02 -3.885165e-01 5.294770e+02
-3.820969e-01 1.027403e-01 9.183934e-01 1.243777e+02 8.427463e-02 9.935336e-01 -7.608381e-02 -6.606604e+01 -9.202716e-01 4.832588e-02 -3.882845e-01 5.289948e+02
-3.828093e-01 1.032638e-01 9.180379e-01 1.255863e+02 8.187539e-02 9.936151e-01 -7.762400e-02 -6.618740e+01 -9.201921e-01 4.544952e-02 -3.888199e-01 5.285068e+02
-3.829834e-01 1.030995e-01 9.179838e-01 1.268001e+02 8.094881e-02 9.936750e-01 -7.782853e-02 -6.631210e+01 -9.202016e-01 4.450266e-02 -3.889068e-01 5.280124e+02
-3.832920e-01 1.017632e-01 9.180041e-01 1.280360e+02 7.959174e-02 9.938538e-01 -7.693966e-02 -6.643707e+01 -9.201915e-01 4.357519e-02 -3.890357e-01 5.274916e+02
-3.836430e-01 1.020885e-01 9.178213e-01 1.292787e+02 7.945677e-02 9.938343e-01 -7.733097e-02 -6.656751e+01 -9.200569e-01 4.325963e-02 -3.893892e-01 5.269739e+02
-3.833707e-01 1.034460e-01 9.177831e-01 1.305270e+02 8.082046e-02 9.936533e-01 -7.823770e-02 -6.670328e+01 -9.200516e-01 4.418160e-02 -3.892982e-01 5.264393e+02
-3.836754e-01 1.038722e-01 9.176076e-01 1.317824e+02 8.034427e-02 9.936408e-01 -7.888501e-02 -6.683217e+01 -9.199663e-01 4.345827e-02 -3.895811e-01 5.259108e+02
-3.841453e-01 1.044496e-01 9.173454e-01 1.330389e+02 8.076447e-02 9.935730e-01 -7.930822e-02 -6.696825e+01 -9.197334e-01 4.362304e-02 -3.901122e-01 5.253949e+02
-3.844238e-01 1.035053e-01 9.173358e-01 1.343059e+02 8.116468e-02 9.936360e-01 -7.810115e-02 -6.710224e+01 -9.195818e-01 4.443133e-02 -3.903783e-01 5.248656e+02
-3.847145e-01 1.020034e-01 9.173822e-01 1.355955e+02 8.012117e-02 9.938142e-01 -7.690215e-02 -6.723634e+01 -9.195517e-01 4.391635e-02 -3.905074e-01 5.243134e+02
-3.849015e-01 1.017282e-01 9.173343e-01 1.368697e+02 7.748975e-02 9.939599e-01 -7.771194e-02 -6.737096e+01 -9.196990e-01 4.117256e-02 -3.904595e-01 5.237551e+02
-3.859402e-01 1.019842e-01 9.168694e-01 1.381390e+02 7.176915e-02 9.941777e-01 -8.037332e-02 -6.750274e+01 -9.197279e-01 3.478364e-02 -3.910124e-01 5.232215e+02
-3.868629e-01 1.005504e-01 9.166388e-01 1.394444e+02 6.704128e-02 9.944736e-01 -8.079404e-02 -6.763597e+01 -9.196970e-01 3.019642e-02 -3.914660e-01 5.226631e+02
-3.877974e-01 9.772221e-02 9.165498e-01 1.407406e+02 6.279659e-02 9.948548e-01 -7.950147e-02 -6.777594e+01 -9.196031e-01 2.672575e-02 -3.919387e-01 5.221290e+02
-3.880990e-01 9.901250e-02 9.162836e-01 1.420028e+02 6.393803e-02 9.947094e-01 -8.040565e-02 -6.792295e+01 -9.193971e-01 2.738002e-02 -3.923764e-01 5.216117e+02
-3.871399e-01 1.009672e-01 9.164760e-01 1.433007e+02 6.773059e-02 9.944148e-01 -8.094274e-02 -6.806634e+01 -9.195299e-01 3.073729e-02 -3.918162e-01 5.210524e+02
-3.860406e-01 1.029234e-01 9.167221e-01 1.445876e+02 7.200814e-02 9.940862e-01 -8.128595e-02 -6.820394e+01 -9.196671e-01 3.463178e-02 -3.911689e-01 5.204999e+02
-3.852976e-01 1.031030e-01 9.170145e-01 1.458806e+02 7.473931e-02 9.939606e-01 -8.035146e-02 -6.834410e+01 -9.197607e-01 3.757780e-02 -3.906765e-01 5.199477e+02
-3.849969e-01 1.022001e-01 9.172418e-01 1.471677e+02 7.637560e-02 9.939690e-01 -7.869180e-02 -6.849013e+01 -9.197522e-01 3.975880e-02 -3.904806e-01 5.193980e+02
-3.843917e-01 1.007718e-01 9.176535e-01 1.484398e+02 7.544099e-02 9.941286e-01 -7.756877e-02 -6.862723e+01 -9.200824e-01 3.941190e-02 -3.897372e-01 5.188347e+02
-3.843489e-01 1.003528e-01 9.177174e-01 1.497313e+02 7.507569e-02 9.941794e-01 -7.727150e-02 -6.876706e+01 -9.201302e-01 3.919905e-02 -3.896458e-01 5.182984e+02
-3.844636e-01 1.004119e-01 9.176629e-01 1.510326e+02 7.396744e-02 9.942213e-01 -7.779968e-02 -6.890426e+01 -9.201720e-01 3.796603e-02 -3.896691e-01 5.177619e+02
-3.837556e-01 1.033854e-01 9.176291e-01 1.523226e+02 7.736428e-02 9.938190e-01 -7.961536e-02 -6.904933e+01 -9.201883e-01 4.043888e-02 -3.893819e-01 5.172080e+02
-3.832307e-01 1.049462e-01 9.176712e-01 1.536283e+02 8.017974e-02 9.935536e-01 -8.014021e-02 -6.919833e+01 -9.201660e-01 4.286645e-02 -3.891748e-01 5.166594e+02
-3.813307e-01 1.074298e-01 9.181752e-01 1.549144e+02 8.287099e-02 9.931982e-01 -8.179028e-02 -6.934590e+01 -9.207167e-01 4.490094e-02 -3.876398e-01 5.161105e+02
-3.801259e-01 1.092611e-01 9.184587e-01 1.562006e+02 8.366396e-02 9.929894e-01 -8.350109e-02 -6.948732e+01 -9.211431e-01 4.510096e-02 -3.866022e-01 5.155854e+02
-3.799981e-01 1.028331e-01 9.192534e-01 1.574974e+02 7.845286e-02 9.938032e-01 -7.874206e-02 -6.963219e+01 -9.216543e-01 4.219623e-02 -3.857109e-01 5.150576e+02
-3.792042e-01 9.765124e-02 9.201459e-01 1.587962e+02 7.682133e-02 9.943052e-01 -7.386238e-02 -6.976814e+01 -9.221186e-01 4.267790e-02 -3.845464e-01 5.145232e+02
-3.780304e-01 9.737327e-02 9.206582e-01 1.600872e+02 7.320206e-02 9.944837e-01 -7.512400e-02 -6.991113e+01 -9.228946e-01 3.899492e-02 -3.830730e-01 5.140079e+02
-3.756128e-01 9.980990e-02 9.213865e-01 1.613829e+02 7.285880e-02 9.942871e-01 -7.800527e-02 -7.004617e+01 -9.239084e-01 3.783134e-02 -3.807390e-01 5.134567e+02
-3.733396e-01 1.016705e-01 9.221066e-01 1.626931e+02 7.273905e-02 9.941244e-01 -8.016072e-02 -7.019563e+01 -9.248387e-01 3.714599e-02 -3.785415e-01 5.129406e+02
-3.717454e-01 1.038388e-01 9.225090e-01 1.639808e+02 7.208361e-02 9.939530e-01 -8.283291e-02 -7.033371e+01 -9.255319e-01 3.570502e-02 -3.769826e-01 5.124174e+02
-3.712346e-01 1.045980e-01 9.226289e-01 1.652912e+02 7.064653e-02 9.939366e-01 -8.425639e-02 -7.048386e+01 -9.258477e-01 3.390164e-02 -3.763731e-01 5.119024e+02
-3.707935e-01 1.023967e-01 9.230532e-01 1.665781e+02 6.957395e-02 9.941730e-01 -8.233807e-02 -7.063492e+01 -9.261056e-01 3.369003e-02 -3.757570e-01 5.113892e+02
-3.701876e-01 1.005214e-01 9.235024e-01 1.678611e+02 6.913767e-02 9.943524e-01 -8.051928e-02 -7.077957e+01 -9.263807e-01 3.404157e-02 -3.750467e-01 5.108783e+02
-3.695609e-01 1.006285e-01 9.237417e-01 1.691389e+02 6.960165e-02 9.943238e-01 -8.047190e-02 -7.092420e+01 -9.265961e-01 3.455468e-02 -3.744671e-01 5.103620e+02
-3.703060e-01 1.014951e-01 9.233484e-01 1.704069e+02 6.864738e-02 9.942850e-01 -8.176166e-02 -7.106644e+01 -9.263698e-01 3.310861e-02 -3.751571e-01 5.098601e+02
-3.719666e-01 1.037788e-01 9.224266e-01 1.716968e+02 6.936724e-02 9.940597e-01 -8.386580e-02 -7.120665e+01 -9.256506e-01 3.279091e-02 -3.769559e-01 5.093554e+02
-3.735710e-01 1.065403e-01 9.214629e-01 1.729817e+02 7.111988e-02 9.937478e-01 -8.606518e-02 -7.134846e+01 -9.248712e-01 3.338287e-02 -3.788125e-01 5.088432e+02
-3.742488e-01 1.090750e-01 9.208911e-01 1.742111e+02 7.543547e-02 9.933481e-01 -8.700028e-02 -7.147857e+01 -9.242550e-01 3.690811e-02 -3.799874e-01 5.083206e+02
-3.766738e-01 1.087807e-01 9.199367e-01 1.754819e+02 7.689420e-02 9.933256e-01 -8.597403e-02 -7.162444e+01 -9.231490e-01 3.835364e-02 -3.825243e-01 5.077982e+02
-3.792739e-01 1.082082e-01 9.189354e-01 1.767744e+02 7.843077e-02 9.933237e-01 -8.459684e-02 -7.176848e+01 -9.219544e-01 3.998743e-02 -3.852286e-01 5.072536e+02
-3.824968e-01 1.057496e-01 9.178852e-01 1.780819e+02 7.764293e-02 9.935937e-01 -8.211694e-02 -7.191180e+01 -9.206888e-01 3.985783e-02 -3.882571e-01 5.067117e+02
-3.853008e-01 1.060317e-01 9.166791e-01 1.793921e+02 7.818709e-02 9.935557e-01 -8.206017e-02 -7.202831e+01 -9.194727e-01 4.005463e-02 -3.911081e-01 5.061529e+02
-3.869580e-01 1.072585e-01 9.158379e-01 1.806893e+02 7.880614e-02 9.934247e-01 -8.304807e-02 -7.216733e+01 -9.187236e-01 4.003754e-02 -3.928663e-01 5.055592e+02
-3.887689e-01 1.115664e-01 9.145554e-01 1.819815e+02 8.178617e-02 9.929015e-01 -8.635726e-02 -7.230181e+01 -9.176981e-01 4.122496e-02 -3.951338e-01 5.049817e+02
-3.913221e-01 1.130868e-01 9.132789e-01 1.832173e+02 8.253950e-02 9.927340e-01 -8.755873e-02 -7.244752e+01 -9.165447e-01 4.111793e-02 -3.978128e-01 5.044456e+02
-3.941194e-01 1.129363e-01 9.120939e-01 1.845070e+02 8.036938e-02 9.928545e-01 -8.820821e-02 -7.257708e+01 -9.155384e-01 3.853985e-02 -4.003799e-01 5.038575e+02
-3.966648e-01 1.108872e-01 9.112415e-01 1.857574e+02 7.881244e-02 9.931257e-01 -8.654430e-02 -7.271662e+01 -9.145740e-01 3.748809e-02 -4.026773e-01 5.032967e+02
-3.989591e-01 1.085895e-01 9.105163e-01 1.869781e+02 7.574914e-02 9.934724e-01 -8.529210e-02 -7.286260e+01 -9.138346e-01 3.494277e-02 -4.045804e-01 5.027283e+02
-4.016519e-01 1.063203e-01 9.095998e-01 1.882214e+02 7.474958e-02 9.937299e-01 -8.314683e-02 -7.303023e+01 -9.127367e-01 3.459612e-02 -4.070809e-01 5.021701e+02
-4.036155e-01 1.059898e-01 9.087688e-01 1.895027e+02 7.302481e-02 9.938304e-01 -8.347768e-02 -7.316351e+01 -9.120098e-01 3.266979e-02 -4.088652e-01 5.015666e+02
-4.052139e-01 1.038291e-01 9.083068e-01 1.906971e+02 7.119848e-02 9.940964e-01 -8.187266e-02 -7.329470e+01 -9.114452e-01 3.149412e-02 -4.102142e-01 5.010134e+02
-4.062378e-01 1.028865e-01 9.079566e-01 1.918729e+02 7.130724e-02 9.941802e-01 -8.075274e-02 -7.342460e+01 -9.109809e-01 3.193907e-02 -4.112101e-01 5.004689e+02
-4.081053e-01 1.019231e-01 9.072275e-01 1.929978e+02 7.009035e-02 9.943133e-01 -8.017752e-02 -7.356371e+01 -9.102403e-01 3.086702e-02 -4.129284e-01 4.999689e+02
-4.098918e-01 1.017153e-01 9.064451e-01 1.941154e+02 6.780131e-02 9.944113e-01 -8.092679e-02 -7.369971e+01 -9.096107e-01 2.828693e-02 -4.144975e-01 4.994657e+02
-4.112054e-01 1.014202e-01 9.058830e-01 1.952003e+02 6.424283e-02 9.945444e-01 -8.218489e-02 -7.382572e+01 -9.092761e-01 2.440162e-02 -4.154775e-01 4.989805e+02
-4.116051e-01 1.000028e-01 9.058591e-01 1.962633e+02 6.369248e-02 9.946877e-01 -8.086843e-02 -7.398337e+01 -9.091340e-01 2.441056e-02 -4.157879e-01 4.985073e+02
-4.109857e-01 9.893892e-02 9.062570e-01 1.973230e+02 6.085219e-02 9.948536e-01 -8.101494e-02 -7.409690e+01 -9.096086e-01 2.185174e-02 -4.148912e-01 4.980187e+02
-4.098988e-01 9.807641e-02 9.068429e-01 1.983926e+02 6.012721e-02 9.949453e-01 -8.042694e-02 -7.423567e+01 -9.101471e-01 2.155902e-02 -4.137239e-01 4.975513e+02
-4.064494e-01 9.823641e-02 9.083769e-01 1.994333e+02 5.756723e-02 9.949812e-01 -8.184402e-02 -7.434209e+01 -9.118579e-01 1.902729e-02 -4.100647e-01 4.970670e+02
-4.019451e-01 9.796868e-02 9.104078e-01 2.004488e+02 5.367770e-02 9.950710e-01 -8.338056e-02 -7.445182e+01 -9.140891e-01 1.535419e-02 -4.052227e-01 4.966305e+02
-3.936629e-01 9.810985e-02 9.140044e-01 2.014553e+02 5.251872e-02 9.950646e-01 -8.419103e-02 -7.456984e+01 -9.177534e-01 1.485946e-02 -3.968726e-01 4.961704e+02
-3.848648e-01 9.862520e-02 9.176885e-01 2.024617e+02 5.054979e-02 9.950345e-01 -8.573785e-02 -7.467542e+01 -9.215877e-01 1.339148e-02 -3.879392e-01 4.957766e+02
-3.726667e-01 9.880035e-02 9.226906e-01 2.034372e+02 4.768023e-02 9.950412e-01 -8.728992e-02 -7.478433e+01 -9.267395e-01 1.146406e-02 -3.755295e-01 4.954019e+02
-3.578121e-01 1.006481e-01 9.283536e-01 2.044382e+02 4.364486e-02 9.948904e-01 -9.103980e-02 -7.487164e+01 -9.327731e-01 7.942725e-03 -3.603766e-01 4.950051e+02
-3.424904e-01 1.027166e-01 9.338895e-01 2.054086e+02 4.020779e-02 9.946974e-01 -9.465914e-02 -7.498107e+01 -9.386606e-01 5.129788e-03 -3.448043e-01 4.946694e+02
-3.264667e-01 1.016162e-01 9.397306e-01 2.063903e+02 3.219225e-02 9.948229e-01 -9.638978e-02 -7.510551e+01 -9.446603e-01 -1.216015e-03 -3.280478e-01 4.943503e+02
-3.104936e-01 1.026590e-01 9.450158e-01 2.073576e+02 2.677439e-02 9.947013e-01 -9.925943e-02 -7.523331e+01 -9.501983e-01 -5.517197e-03 -3.115970e-01 4.940693e+02
-2.922457e-01 1.065664e-01 9.503873e-01 2.083482e+02 2.310466e-02 9.942689e-01 -1.043821e-01 -7.534835e+01 -9.560641e-01 -8.546839e-03 -2.930330e-01 4.937402e+02
-2.751791e-01 1.064609e-01 9.554803e-01 2.093193e+02 1.505445e-02 9.942052e-01 -1.064400e-01 -7.546236e+01 -9.612751e-01 -1.490583e-02 -2.751872e-01 4.935137e+02
-2.565981e-01 1.076451e-01 9.605050e-01 2.102774e+02 1.295332e-02 9.940723e-01 -1.079466e-01 -7.559052e+01 -9.664314e-01 -1.525717e-02 -2.564714e-01 4.933059e+02
-2.369620e-01 1.076319e-01 9.655384e-01 2.112764e+02 7.197661e-03 9.940114e-01 -1.090394e-01 -7.569594e+01 -9.714923e-01 -1.888857e-02 -2.363176e-01 4.930660e+02
-2.176421e-01 1.064096e-01 9.702108e-01 2.122615e+02 2.824936e-03 9.941037e-01 -1.083964e-01 -7.581939e+01 -9.760246e-01 -2.085083e-02 -2.166594e-01 4.928619e+02
-1.968136e-01 1.025251e-01 9.750656e-01 2.132857e+02 -4.249581e-03 9.944189e-01 -1.054178e-01 -7.594219e+01 -9.804317e-01 -2.489127e-02 -1.952795e-01 4.926374e+02
-1.763408e-01 9.997653e-02 9.792388e-01 2.142664e+02 -8.598671e-03 9.946342e-01 -1.030968e-01 -7.606512e+01 -9.842916e-01 -2.660032e-02 -1.745349e-01 4.924525e+02
-1.567915e-01 9.783383e-02 9.827741e-01 2.152653e+02 -1.738309e-02 9.946540e-01 -1.017898e-01 -7.618706e+01 -9.874787e-01 -3.304342e-02 -1.542527e-01 4.923151e+02
-1.375223e-01 9.788745e-02 9.856499e-01 2.162381e+02 -2.406155e-02 9.944809e-01 -1.021217e-01 -7.630799e+01 -9.902064e-01 -3.776027e-02 -1.344080e-01 4.921941e+02
-1.179258e-01 9.865368e-02 9.881098e-01 2.172149e+02 -3.155332e-02 9.941781e-01 -1.030253e-01 -7.641643e+01 -9.925210e-01 -4.332748e-02 -1.141264e-01 4.921010e+02
-9.692771e-02 9.919964e-02 9.903355e-01 2.182403e+02 -3.772133e-02 9.939396e-01 -1.032526e-01 -7.653139e+01 -9.945764e-01 -4.736481e-02 -9.259835e-02 4.920076e+02
-7.573913e-02 9.958354e-02 9.921425e-01 2.191757e+02 -4.062349e-02 9.938662e-01 -1.028577e-01 -7.665379e+01 -9.962998e-01 -4.809464e-02 -7.122913e-02 4.919649e+02
-5.176502e-02 1.019805e-01 9.934387e-01 2.201624e+02 -4.335646e-02 9.936049e-01 -1.042567e-01 -7.677152e+01 -9.977177e-01 -4.846884e-02 -4.701247e-02 4.919276e+02
-2.608680e-02 1.068885e-01 9.939287e-01 2.211568e+02 -4.232474e-02 9.932574e-01 -1.079271e-01 -7.689335e+01 -9.987633e-01 -4.488325e-02 -2.138688e-02 4.919145e+02
8.566854e-04 1.121928e-01 9.936861e-01 2.221586e+02 -4.300579e-02 9.927713e-01 -1.120524e-01 -7.701033e+01 -9.990745e-01 -4.263826e-02 5.675432e-03 4.919201e+02
2.846430e-02 1.148566e-01 9.929742e-01 2.231554e+02 -4.417141e-02 9.925509e-01 -1.135414e-01 -7.713543e+01 -9.986184e-01 -4.062919e-02 3.332564e-02 4.919636e+02
5.685948e-02 1.160994e-01 9.916088e-01 2.241821e+02 -4.798410e-02 9.923856e-01 -1.134390e-01 -7.726033e+01 -9.972284e-01 -4.113137e-02 6.199746e-02 4.920362e+02
8.499311e-02 1.159827e-01 9.896081e-01 2.251928e+02 -5.235455e-02 9.923498e-01 -1.118076e-01 -7.740058e+01 -9.950051e-01 -4.230761e-02 9.041512e-02 4.921407e+02
1.138024e-01 1.169587e-01 9.865950e-01 2.261797e+02 -5.740818e-02 9.921613e-01 -1.109966e-01 -7.751978e+01 -9.918434e-01 -4.400693e-02 1.196247e-01 4.922551e+02
1.429130e-01 1.168806e-01 9.828096e-01 2.271683e+02 -6.391166e-02 9.920199e-01 -1.086824e-01 -7.765215e+01 -9.876696e-01 -4.728087e-02 1.492426e-01 4.924212e+02
1.720447e-01 1.158687e-01 9.782510e-01 2.281549e+02 -7.309884e-02 9.918221e-01 -1.046203e-01 -7.778221e+01 -9.823732e-01 -5.350965e-02 1.791076e-01 4.926065e+02
2.008663e-01 1.152535e-01 9.728152e-01 2.291703e+02 -8.024568e-02 9.916534e-01 -1.009162e-01 -7.791581e+01 -9.763265e-01 -5.779354e-02 2.084384e-01 4.928431e+02
2.287973e-01 1.200178e-01 9.660474e-01 2.301597e+02 -9.171884e-02 9.906141e-01 -1.013473e-01 -7.803714e+01 -9.691437e-01 -6.541675e-02 2.376578e-01 4.931022e+02
2.560095e-01 1.244872e-01 9.586251e-01 2.311588e+02 -1.004764e-01 9.897287e-01 -1.016932e-01 -7.814273e+01 -9.614383e-01 -7.028478e-02 2.658880e-01 4.933908e+02
2.832375e-01 1.282724e-01 9.504329e-01 2.321361e+02 -1.073458e-01 9.890280e-01 -1.014912e-01 -7.826595e+01 -9.530233e-01 -7.327890e-02 2.938993e-01 4.936979e+02
3.094786e-01 1.324087e-01 9.416427e-01 2.331208e+02 -1.155969e-01 9.881524e-01 -1.009568e-01 -7.838487e+01 -9.438540e-01 -7.760699e-02 3.211180e-01 4.940540e+02
3.359517e-01 1.364101e-01 9.319489e-01 2.341227e+02 -1.227733e-01 9.873572e-01 -1.002625e-01 -7.850476e+01 -9.338432e-01 -8.073506e-02 3.484518e-01 4.944449e+02
3.627928e-01 1.360556e-01 9.218841e-01 2.351132e+02 -1.279650e-01 9.871860e-01 -9.533454e-02 -7.863089e+01 -9.230419e-01 -8.338222e-02 3.755543e-01 4.948507e+02
3.890418e-01 1.355232e-01 9.111970e-01 2.361118e+02 -1.333311e-01 9.869885e-01 -8.986914e-02 -7.874882e+01 -9.115203e-01 -8.652808e-02 4.020492e-01 4.953049e+02
4.154460e-01 1.351236e-01 8.995256e-01 2.370770e+02 -1.365203e-01 9.869661e-01 -8.520672e-02 -7.885569e+01 -8.993146e-01 -8.740470e-02 4.284782e-01 4.957646e+02
4.415447e-01 1.409589e-01 8.860975e-01 2.380232e+02 -1.432929e-01 9.859849e-01 -8.544563e-02 -7.896160e+01 -8.857231e-01 -8.924342e-02 4.555548e-01 4.962639e+02
4.667314e-01 1.431847e-01 8.727313e-01 2.389773e+02 -1.438812e-01 9.859538e-01 -8.481383e-02 -7.906957e+01 -8.726168e-01 -8.598432e-02 4.807771e-01 4.967952e+02
4.899605e-01 1.460388e-01 8.594250e-01 2.399199e+02 -1.497801e-01 9.853098e-01 -8.203987e-02 -7.917725e+01 -8.587809e-01 -8.852850e-02 5.046366e-01 4.973606e+02
5.119444e-01 1.447960e-01 8.467272e-01 2.408614e+02 -1.545236e-01 9.851354e-01 -7.503733e-02 -7.927963e+01 -8.450061e-01 -9.242443e-02 5.267090e-01 4.979693e+02
5.331359e-01 1.438314e-01 8.337138e-01 2.417945e+02 -1.592775e-01 9.848852e-01 -6.805794e-02 -7.936955e+01 -8.309012e-01 -9.650771e-02 5.479868e-01 4.986011e+02
5.545314e-01 1.402563e-01 8.202579e-01 2.427162e+02 -1.601149e-01 9.852594e-01 -6.022513e-02 -7.946393e+01 -8.166138e-01 -9.793879e-02 5.688144e-01 4.992434e+02
5.744520e-01 1.400286e-01 8.064719e-01 2.436317e+02 -1.626771e-01 9.851355e-01 -5.517479e-02 -7.954907e+01 -8.022101e-01 -9.949923e-02 5.886925e-01 4.999257e+02
5.926675e-01 1.428845e-01 7.926723e-01 2.445076e+02 -1.683438e-01 9.843783e-01 -5.157302e-02 -7.962547e+01 -7.876583e-01 -1.028758e-01 6.074627e-01 5.006219e+02
6.101656e-01 1.438335e-01 7.791084e-01 2.453605e+02 -1.703688e-01 9.841974e-01 -4.826971e-02 -7.970272e+01 -7.737392e-01 -1.032833e-01 6.250281e-01 5.013189e+02
6.250482e-01 1.459183e-01 7.668263e-01 2.462128e+02 -1.749046e-01 9.835749e-01 -4.459649e-02 -7.977903e+01 -7.607385e-01 -1.062465e-01 6.403035e-01 5.020591e+02
6.376668e-01 1.506931e-01 7.554288e-01 2.470734e+02 -1.821997e-01 9.823571e-01 -4.216371e-02 -7.984413e+01 -7.484546e-01 -1.107525e-01 6.538728e-01 5.028336e+02
6.494769e-01 1.534227e-01 7.447424e-01 2.479343e+02 -1.862415e-01 9.816968e-01 -3.981914e-02 -7.990658e+01 -7.372203e-01 -1.128403e-01 6.661631e-01 5.036184e+02
6.599648e-01 1.565401e-01 7.348072e-01 2.487622e+02 -1.910190e-01 9.808737e-01 -3.739788e-02 -7.996355e+01 -7.266073e-01 -1.156808e-01 6.772442e-01 5.044122e+02
6.692949e-01 1.585877e-01 7.258748e-01 2.496058e+02 -1.940639e-01 9.803554e-01 -3.524897e-02 -8.001476e+01 -7.172053e-01 -1.172741e-01 6.869231e-01 5.052266e+02
6.783657e-01 1.599283e-01 7.171073e-01 2.504278e+02 -1.960804e-01 9.800298e-01 -3.307768e-02 -8.007919e+01 -7.080765e-01 -1.181719e-01 6.961774e-01 5.060340e+02
6.872825e-01 1.613909e-01 7.082342e-01 2.512491e+02 -1.970289e-01 9.798723e-01 -3.209092e-02 -8.014414e+01 -6.991583e-01 -1.174871e-01 7.052478e-01 5.068489e+02
6.953079e-01 1.650376e-01 6.995066e-01 2.520637e+02 -1.984917e-01 9.795195e-01 -3.380192e-02 -8.020062e+01 -6.907589e-01 -1.153435e-01 7.138263e-01 5.077069e+02
7.026394e-01 1.670418e-01 6.916610e-01 2.528657e+02 -1.988283e-01 9.794250e-01 -3.455486e-02 -8.026017e+01 -6.832022e-01 -1.132422e-01 7.213952e-01 5.085668e+02
7.083583e-01 1.671044e-01 6.857876e-01 2.536679e+02 -1.986673e-01 9.794955e-01 -3.346564e-02 -8.031061e+01 -6.773181e-01 -1.125379e-01 7.270319e-01 5.094301e+02
7.121811e-01 1.670925e-01 6.818198e-01 2.544611e+02 -1.996340e-01 9.793645e-01 -3.148765e-02 -8.037399e+01 -6.730114e-01 -1.136895e-01 7.308422e-01 5.102983e+02
7.149316e-01 1.675076e-01 6.788328e-01 2.552566e+02 -2.011753e-01 9.791040e-01 -2.972868e-02 -8.042137e+01 -6.696277e-01 -1.153104e-01 7.336908e-01 5.111797e+02
7.178593e-01 1.657810e-01 6.761617e-01 2.560688e+02 -2.006260e-01 9.792929e-01 -2.710425e-02 -8.047573e+01 -6.666537e-01 -1.161986e-01 7.362545e-01 5.120534e+02
7.201485e-01 1.664771e-01 6.735514e-01 2.568689e+02 -2.020875e-01 9.790247e-01 -2.591065e-02 -8.053022e+01 -6.637370e-01 -1.174568e-01 7.386861e-01 5.129222e+02
7.218174e-01 1.663165e-01 6.718024e-01 2.576561e+02 -2.025643e-01 9.789571e-01 -2.471309e-02 -8.058578e+01 -6.617759e-01 -1.182448e-01 7.403181e-01 5.138039e+02
7.234283e-01 1.674867e-01 6.697758e-01 2.584245e+02 -2.037847e-01 9.787059e-01 -2.463005e-02 -8.062423e+01 -6.596387e-01 -1.186720e-01 7.421548e-01 5.146910e+02
7.247856e-01 1.701559e-01 6.676322e-01 2.592007e+02 -2.050140e-01 9.783922e-01 -2.679322e-02 -8.067339e+01 -6.577652e-01 -1.174546e-01 7.440090e-01 5.155755e+02
7.263576e-01 1.696487e-01 6.660511e-01 2.599728e+02 -2.024496e-01 9.788765e-01 -2.854776e-02 -8.072598e+01 -6.568248e-01 -1.141059e-01 7.453596e-01 5.164511e+02
7.279162e-01 1.700092e-01 6.642551e-01 2.607525e+02 -2.006277e-01 9.791846e-01 -3.075672e-02 -8.077930e+01 -6.556573e-01 -1.108796e-01 7.468729e-01 5.173223e+02
7.283467e-01 1.691737e-01 6.639965e-01 2.615087e+02 -1.990282e-01 9.794957e-01 -3.124022e-02 -8.083940e+01 -6.556667e-01 -1.094003e-01 7.470828e-01 5.181838e+02
7.281804e-01 1.673694e-01 6.646358e-01 2.622692e+02 -1.976407e-01 9.798092e-01 -3.020006e-02 -8.089541e+01 -6.562709e-01 -1.093680e-01 7.465569e-01 5.190414e+02
7.260935e-01 1.670609e-01 6.669924e-01 2.630141e+02 -1.988705e-01 9.796005e-01 -2.886750e-02 -8.095174e+01 -6.582088e-01 -1.116846e-01 7.445051e-01 5.198937e+02
7.227913e-01 1.673300e-01 6.705024e-01 2.637703e+02 -2.002336e-01 9.793320e-01 -2.855246e-02 -8.100028e+01 -6.614221e-01 -1.136197e-01 7.413578e-01 5.207399e+02
7.193165e-01 1.670734e-01 6.742924e-01 2.645053e+02 -2.014327e-01 9.791101e-01 -2.771707e-02 -8.105774e+01 -6.648373e-01 -1.158872e-01 7.379442e-01 5.215170e+02
7.140910e-01 1.674204e-01 6.797386e-01 2.652332e+02 -2.023522e-01 9.788973e-01 -2.852502e-02 -8.111429e+01 -6.701699e-01 -1.171771e-01 7.328996e-01 5.223364e+02
7.088414e-01 1.689641e-01 6.848321e-01 2.659652e+02 -2.031881e-01 9.786443e-01 -3.114278e-02 -8.117027e+01 -6.754690e-01 -1.170745e-01 7.280352e-01 5.231272e+02
7.018999e-01 1.718817e-01 6.912259e-01 2.667057e+02 -2.034900e-01 9.783906e-01 -3.665646e-02 -8.121749e+01 -6.825895e-01 -1.149284e-01 7.217084e-01 5.239256e+02
6.937924e-01 1.737777e-01 6.988944e-01 2.674333e+02 -2.037663e-01 9.781633e-01 -4.093806e-02 -8.127474e+01 -6.907470e-01 -1.140086e-01 7.140523e-01 5.246859e+02
6.856699e-01 1.724138e-01 7.071989e-01 2.681839e+02 -1.992211e-01 9.788978e-01 -4.549722e-02 -8.134703e+01 -7.001198e-01 -1.096928e-01 7.055493e-01 5.254246e+02
6.766769e-01 1.728934e-01 7.156928e-01 2.689223e+02 -1.970808e-01 9.791017e-01 -5.018943e-02 -8.141290e+01 -7.094135e-01 -1.070873e-01 6.966095e-01 5.261292e+02
6.677796e-01 1.715694e-01 7.243164e-01 2.696389e+02 -1.920373e-01 9.798425e-01 -5.504824e-02 -8.148978e+01 -7.191606e-01 -1.023357e-01 6.872666e-01 5.268015e+02
6.573197e-01 1.711781e-01 7.339134e-01 2.703310e+02 -1.893416e-01 9.801356e-01 -5.902575e-02 -8.156538e+01 -7.294385e-01 -1.001615e-01 6.766736e-01 5.274698e+02
6.473573e-01 1.695546e-01 7.430880e-01 2.710540e+02 -1.840512e-01 9.808653e-01 -6.346941e-02 -8.164092e+01 -7.396308e-01 -9.567885e-02 6.661771e-01 5.281032e+02
6.371315e-01 1.696828e-01 7.518452e-01 2.717506e+02 -1.775607e-01 9.815414e-01 -7.105343e-02 -8.172620e+01 -7.500237e-01 -8.822778e-02 6.555000e-01 5.287077e+02
6.262597e-01 1.713379e-01 7.605538e-01 2.724228e+02 -1.696864e-01 9.821200e-01 -8.152826e-02 -8.182172e+01 -7.609240e-01 -7.799775e-02 6.441359e-01 5.292731e+02
6.142317e-01 1.802525e-01 7.682633e-01 2.730857e+02 -1.659242e-01 9.812990e-01 -9.757815e-02 -8.191577e+01 -7.714847e-01 -6.753784e-02 6.326532e-01 5.298209e+02
5.997361e-01 1.922887e-01 7.767507e-01 2.737424e+02 -1.683397e-01 9.792937e-01 -1.124527e-01 -8.201749e+01 -7.822905e-01 -6.331606e-02 6.196876e-01 5.303459e+02
5.840190e-01 1.997954e-01 7.867678e-01 2.743991e+02 -1.670598e-01 9.780715e-01 -1.243671e-01 -8.212494e+01 -7.943632e-01 -5.880452e-02 6.045901e-01 5.308628e+02
5.671861e-01 2.010164e-01 7.986816e-01 2.750621e+02 -1.632309e-01 9.779565e-01 -1.302182e-01 -8.224462e+01 -8.072519e-01 -5.651158e-02 5.874954e-01 5.313383e+02
5.458503e-01 2.024782e-01 8.130498e-01 2.757071e+02 -1.649095e-01 9.773439e-01 -1.326794e-01 -8.236778e+01 -8.214940e-01 -6.165660e-02 5.668740e-01 5.318038e+02
5.229300e-01 2.000012e-01 8.285794e-01 2.763545e+02 -1.606054e-01 9.777901e-01 -1.346567e-01 -8.249108e+01 -8.371082e-01 -6.265832e-02 5.434370e-01 5.322389e+02
4.985964e-01 1.956565e-01 8.444644e-01 2.770365e+02 -1.548876e-01 9.786247e-01 -1.352903e-01 -8.262055e+01 -8.528842e-01 -6.334184e-02 5.182436e-01 5.326406e+02
4.714571e-01 1.905126e-01 8.610651e-01 2.777176e+02 -1.457932e-01 9.797896e-01 -1.369549e-01 -8.275086e+01 -8.697543e-01 -6.096909e-02 4.897042e-01 5.330106e+02
4.402546e-01 1.897307e-01 8.775979e-01 2.783889e+02 -1.358180e-01 9.802441e-01 -1.437879e-01 -8.288177e+01 -8.875412e-01 -5.589037e-02 4.573258e-01 5.333381e+02
4.061342e-01 1.931990e-01 8.931569e-01 2.790635e+02 -1.237007e-01 9.800220e-01 -1.557400e-01 -8.301561e+01 -9.054022e-01 -4.723279e-02 4.219193e-01 5.336431e+02
3.705741e-01 1.986680e-01 9.073069e-01 2.797438e+02 -1.110065e-01 9.793278e-01 -1.690993e-01 -8.315352e+01 -9.221455e-01 -3.805313e-02 3.849670e-01 5.339158e+02
3.328159e-01 2.059373e-01 9.202301e-01 2.804400e+02 -1.024907e-01 9.779809e-01 -1.817938e-01 -8.329613e+01 -9.374056e-01 -3.381118e-02 3.465943e-01 5.341680e+02
2.936906e-01 2.107949e-01 9.323687e-01 2.811489e+02 -9.415270e-02 9.770187e-01 -1.912321e-01 -8.345014e+01 -9.512524e-01 -3.162196e-02 3.067881e-01 5.343980e+02
2.547795e-01 2.106399e-01 9.437787e-01 2.818862e+02 -8.337072e-02 9.771378e-01 -1.955788e-01 -8.360123e+01 -9.633985e-01 -2.885404e-02 2.665159e-01 5.345970e+02
2.146777e-01 2.065404e-01 9.545966e-01 2.826551e+02 -7.423008e-02 9.780077e-01 -1.949122e-01 -8.377426e+01 -9.738600e-01 -2.901647e-02 2.252879e-01 5.347926e+02
1.739752e-01 2.000709e-01 9.642117e-01 2.833779e+02 -6.725403e-02 9.792715e-01 -1.910609e-01 -8.393975e+01 -9.824508e-01 -3.160727e-02 1.838245e-01 5.349235e+02
1.316068e-01 1.966586e-01 9.715992e-01 2.841259e+02 -5.797794e-02 9.799736e-01 -1.905003e-01 -8.409459e+01 -9.896051e-01 -3.126019e-02 1.403730e-01 5.350412e+02
8.939704e-02 1.949206e-01 9.767365e-01 2.848810e+02 -4.226440e-02 9.805221e-01 -1.918077e-01 -8.425703e+01 -9.950989e-01 -2.413413e-02 9.589397e-02 5.351079e+02
4.800084e-02 1.949361e-01 9.796407e-01 2.856025e+02 -3.132250e-02 9.805826e-01 -1.935888e-01 -8.441084e+01 -9.983561e-01 -2.139237e-02 5.317467e-02 5.351154e+02
5.514903e-03 1.979006e-01 9.802066e-01 2.863547e+02 -2.370256e-02 9.799720e-01 -1.977199e-01 -8.457036e+01 -9.997038e-01 -2.214299e-02 1.009520e-02 5.351243e+02
-3.344986e-02 2.007929e-01 9.790625e-01 2.870799e+02 -1.233225e-02 9.794532e-01 -2.012943e-01 -8.474376e+01 -9.993643e-01 -1.880731e-02 -3.028634e-02 5.350799e+02
-6.743730e-02 2.040789e-01 9.766289e-01 2.878027e+02 2.678465e-03 9.788908e-01 -2.043666e-01 -8.490994e+01 -9.977199e-01 -1.116606e-02 -6.656036e-02 5.350086e+02
-9.970510e-02 2.067749e-01 9.732949e-01 2.885620e+02 1.349522e-02 9.783602e-01 -2.064685e-01 -8.506054e+01 -9.949255e-01 -7.451140e-03 -1.003380e-01 5.349493e+02
-1.289398e-01 2.060182e-01 9.700160e-01 2.892945e+02 1.906753e-02 9.785157e-01 -2.052889e-01 -8.522121e+01 -9.914691e-01 -7.974107e-03 -1.300979e-01 5.348568e+02
-1.531672e-01 2.034429e-01 9.670319e-01 2.900279e+02 2.491226e-02 9.790628e-01 -2.020281e-01 -8.538375e+01 -9.878862e-01 -6.853130e-03 -1.550286e-01 5.347257e+02
-1.739825e-01 2.036072e-01 9.634699e-01 2.907635e+02 3.183978e-02 9.790431e-01 -2.011486e-01 -8.554346e+01 -9.842339e-01 -4.319676e-03 -1.768192e-01 5.345914e+02
-1.910003e-01 2.043994e-01 9.600728e-01 2.914764e+02 3.917836e-02 9.788873e-01 -2.006107e-01 -8.570613e+01 -9.808078e-01 -7.026247e-04 -1.949758e-01 5.344311e+02
-2.078421e-01 2.041404e-01 9.566234e-01 2.921979e+02 4.289005e-02 9.789415e-01 -1.995845e-01 -8.586994e+01 -9.772216e-01 -4.524362e-04 -2.122209e-01 5.342618e+02
-2.240333e-01 2.047155e-01 9.528382e-01 2.929121e+02 4.941668e-02 9.788181e-01 -1.986783e-01 -8.602436e+01 -9.733278e-01 2.575543e-03 -2.294042e-01 5.340624e+02
-2.403754e-01 2.047221e-01 9.488459e-01 2.936300e+02 5.433740e-02 9.788115e-01 -1.974220e-01 -8.617349e+01 -9.691579e-01 4.102447e-03 -2.464063e-01 5.338663e+02
-2.567109e-01 2.056205e-01 9.443621e-01 2.943394e+02 6.116102e-02 9.786044e-01 -1.964505e-01 -8.632856e+01 -9.645511e-01 7.327174e-03 -2.637943e-01 5.336454e+02
-2.751031e-01 2.057856e-01 9.391329e-01 2.950528e+02 6.537088e-02 9.785670e-01 -1.952773e-01 -8.649479e+01 -9.591897e-01 7.670576e-03 -2.826592e-01 5.334144e+02
-2.969500e-01 2.046948e-01 9.326954e-01 2.957645e+02 6.753655e-02 9.788099e-01 -1.933132e-01 -8.665452e+01 -9.525017e-01 5.586682e-03 -3.044819e-01 5.331729e+02
-3.213663e-01 2.049084e-01 9.245194e-01 2.964871e+02 7.181908e-02 9.787698e-01 -1.919678e-01 -8.682372e+01 -9.442276e-01 4.706145e-03 -3.292600e-01 5.329245e+02
-3.471147e-01 2.074423e-01 9.145923e-01 2.972124e+02 7.725378e-02 9.782398e-01 -1.925584e-01 -8.697427e+01 -9.346354e-01 3.815861e-03 -3.555871e-01 5.326518e+02
-3.720426e-01 2.124947e-01 9.035653e-01 2.978198e+02 8.620626e-02 9.771462e-01 -1.943036e-01 -8.710724e+01 -9.242039e-01 5.603787e-03 -3.818584e-01 5.323382e+02
-4.018070e-01 2.114760e-01 8.909708e-01 2.984214e+02 9.055097e-02 9.773755e-01 -1.911482e-01 -8.727401e+01 -9.112363e-01 3.873575e-03 -4.118657e-01 5.320141e+02
-4.325309e-01 2.097194e-01 8.768893e-01 2.990071e+02 9.578640e-02 9.777561e-01 -1.865958e-01 -8.741911e+01 -8.965166e-01 3.285625e-03 -4.429980e-01 5.316612e+02
-4.656360e-01 2.075057e-01 8.603049e-01 2.996200e+02 1.052939e-01 9.782069e-01 -1.789539e-01 -8.756268e+01 -8.786901e-01 7.257491e-03 -4.773375e-01 5.312751e+02
-4.978683e-01 2.074449e-01 8.420770e-01 3.001939e+02 1.164991e-01 9.781678e-01 -1.720920e-01 -8.771299e+01 -8.593923e-01 1.242207e-02 -5.111659e-01 5.308469e+02
-5.320044e-01 2.101714e-01 8.202434e-01 3.008140e+02 1.267941e-01 9.775571e-01 -1.682422e-01 -8.785114e+01 -8.371944e-01 1.449647e-02 -5.467132e-01 5.304130e+02
-5.649572e-01 2.113844e-01 7.975838e-01 3.013586e+02 1.343493e-01 9.772941e-01 -1.638488e-01 -8.798238e+01 -8.141091e-01 1.458721e-02 -5.805287e-01 5.299470e+02
-5.951864e-01 2.123059e-01 7.750351e-01 3.017747e+02 1.415258e-01 9.770870e-01 -1.589698e-01 -8.807782e+01 -7.910269e-01 1.507081e-02 -6.115956e-01 5.294901e+02
-6.252321e-01 2.143483e-01 7.504263e-01 3.022445e+02 1.513233e-01 9.765919e-01 -1.528712e-01 -8.818242e+01 -7.656279e-01 1.797701e-02 -6.430324e-01 5.289907e+02
-6.556916e-01 2.149419e-01 7.237877e-01 3.027520e+02 1.600238e-01 9.764063e-01 -1.449932e-01 -8.830974e+01 -7.378760e-01 2.075243e-02 -6.746172e-01 5.284728e+02
-6.836583e-01 2.152524e-01 6.973362e-01 3.031644e+02 1.688705e-01 9.762402e-01 -1.357858e-01 -8.842858e+01 -7.099959e-01 2.492845e-02 -7.037645e-01 5.279500e+02
-7.091903e-01 2.167934e-01 6.708575e-01 3.035496e+02 1.767286e-01 9.758325e-01 -1.285219e-01 -8.852013e+01 -6.825072e-01 2.741325e-02 -7.303645e-01 5.274128e+02
-7.321617e-01 2.181844e-01 6.452401e-01 3.038935e+02 1.828050e-01 9.754967e-01 -1.224278e-01 -8.861135e+01 -6.561414e-01 2.831622e-02 -7.541065e-01 5.268749e+02
-7.530486e-01 2.221782e-01 6.193179e-01 3.042815e+02 1.890923e-01 9.746335e-01 -1.197231e-01 -8.868354e+01 -6.302079e-01 2.695092e-02 -7.759586e-01 5.263107e+02
-7.711376e-01 2.266131e-01 5.949733e-01 3.046081e+02 1.955986e-01 9.736404e-01 -1.173267e-01 -8.875539e+01 -6.058778e-01 2.590092e-02 -7.951360e-01 5.257557e+02
-7.874329e-01 2.311398e-01 5.714226e-01 3.049561e+02 2.021258e-01 9.725983e-01 -1.148811e-01 -8.882943e+01 -5.823183e-01 2.503813e-02 -8.125752e-01 5.251859e+02
-8.025918e-01 2.323313e-01 5.494257e-01 3.052706e+02 2.063753e-01 9.723061e-01 -1.096818e-01 -8.891329e+01 -5.596925e-01 2.535814e-02 -8.283123e-01 5.246026e+02
-8.176066e-01 2.326167e-01 5.266963e-01 3.056111e+02 2.098519e-01 9.722262e-01 -1.036265e-01 -8.897960e+01 -5.361732e-01 2.580245e-02 -8.437136e-01 5.239974e+02
-8.314013e-01 2.340460e-01 5.039785e-01 3.059278e+02 2.146078e-01 9.718429e-01 -9.728734e-02 -8.904632e+01 -5.125576e-01 2.727290e-02 -8.582196e-01 5.233700e+02
-8.440803e-01 2.358448e-01 4.815659e-01 3.062077e+02 2.200987e-01 9.713246e-01 -8.991697e-02 -8.911813e+01 -4.889633e-01 3.009488e-02 -8.717851e-01 5.227421e+02
-8.575060e-01 2.349330e-01 4.577007e-01 3.064895e+02 2.223942e-01 9.715020e-01 -8.200453e-02 -8.918890e+01 -4.639227e-01 3.147061e-02 -8.853165e-01 5.220976e+02
-8.703039e-01 2.366228e-01 4.319500e-01 3.067614e+02 2.274631e-01 9.710001e-01 -7.361669e-02 -8.924296e+01 -4.368429e-01 3.418379e-02 -8.988881e-01 5.214580e+02
-8.827527e-01 2.368785e-01 4.057539e-01 3.070064e+02 2.297835e-01 9.709384e-01 -6.691847e-02 -8.932188e+01 -4.098136e-01 3.416311e-02 -9.115293e-01 5.207882e+02
-8.943428e-01 2.403756e-01 3.773202e-01 3.072250e+02 2.339627e-01 9.701693e-01 -6.350621e-02 -8.937096e+01 -3.813298e-01 3.148253e-02 -9.239028e-01 5.201481e+02
-9.060462e-01 2.422413e-01 3.469863e-01 3.074261e+02 2.363625e-01 9.698186e-01 -5.987207e-02 -8.942278e+01 -3.510173e-01 2.776769e-02 -9.359572e-01 5.194800e+02
-9.164015e-01 2.446968e-01 3.167519e-01 3.076149e+02 2.404902e-01 9.692056e-01 -5.296216e-02 -8.946011e+01 -3.199574e-01 2.764112e-02 -9.470286e-01 5.188305e+02
-9.260157e-01 2.454613e-01 2.867816e-01 3.077915e+02 2.440512e-01 9.688848e-01 -4.124569e-02 -8.950036e+01 -2.879826e-01 3.179523e-02 -9.571077e-01 5.181630e+02
-9.342289e-01 2.471920e-01 2.571235e-01 3.079407e+02 2.484637e-01 9.682344e-01 -2.807146e-02 -8.952019e+01 -2.558949e-01 3.766070e-02 -9.659707e-01 5.174698e+02
-9.427893e-01 2.450374e-01 2.260642e-01 3.080742e+02 2.472341e-01 9.687695e-01 -1.899957e-02 -8.954371e+01 -2.236597e-01 3.797819e-02 -9.739271e-01 5.167713e+02
-9.496467e-01 2.466298e-01 1.932483e-01 3.081989e+02 2.490167e-01 9.684219e-01 -1.223179e-02 -8.956182e+01 -1.901626e-01 3.650617e-02 -9.810736e-01 5.160634e+02
-9.557195e-01 2.466567e-01 1.605017e-01 3.083004e+02 2.487128e-01 9.685485e-01 -7.472708e-03 -8.957275e+01 -1.572968e-01 3.277700e-02 -9.870073e-01 5.153502e+02
-9.601343e-01 2.482374e-01 1.285310e-01 3.083684e+02 2.501469e-01 9.682070e-01 -1.326614e-03 -8.957874e+01 -1.247740e-01 3.087792e-02 -9.917046e-01 5.146128e+02
-9.631268e-01 2.505687e-01 9.799047e-02 3.084096e+02 2.523124e-01 9.676295e-01 5.623866e-03 -8.957637e+01 -9.340931e-02 3.014070e-02 -9.951715e-01 5.138728e+02
-9.650598e-01 2.528183e-01 6.886494e-02 3.084484e+02 2.541787e-01 9.670875e-01 1.161943e-02 -8.957439e+01 -6.366082e-02 2.871744e-02 -9.975583e-01 5.131024e+02
-9.658127e-01 2.560160e-01 4.076365e-02 3.084634e+02 2.568739e-01 9.662895e-01 1.733085e-02 -8.956499e+01 -3.495251e-02 2.720947e-02 -9.990185e-01 5.123153e+02
-9.663070e-01 2.569753e-01 1.464459e-02 3.084630e+02 2.572587e-01 9.660736e-01 2.279825e-02 -8.955553e+01 -8.289162e-03 2.579756e-02 -9.996328e-01 5.115360e+02
-9.657836e-01 2.591968e-01 -8.891047e-03 3.084492e+02 2.588718e-01 9.655183e-01 2.756466e-02 -8.954456e+01 1.572914e-02 2.431986e-02 -9.995805e-01 5.107388e+02
-9.653049e-01 2.594105e-01 -2.987676e-02 3.084308e+02 2.585000e-01 9.655079e-01 3.118069e-02 -8.953206e+01 3.693484e-02 2.237574e-02 -9.990671e-01 5.099256e+02
-9.649589e-01 2.578508e-01 -4.865512e-02 3.083914e+02 2.564771e-01 9.659957e-01 3.273913e-02 -8.951054e+01 5.544244e-02 1.911299e-02 -9.982789e-01 5.091197e+02
-9.641208e-01 2.572346e-01 -6.558567e-02 3.083292e+02 2.554799e-01 9.662159e-01 3.401292e-02 -8.949113e+01 7.211922e-02 1.603674e-02 -9.972671e-01 5.083065e+02
-9.631613e-01 2.565608e-01 -8.060322e-02 3.082607e+02 2.543049e-01 9.664052e-01 3.728282e-02 -8.946886e+01 8.746069e-02 1.541157e-02 -9.960487e-01 5.074843e+02
-9.625493e-01 2.541689e-01 -9.432408e-02 3.081842e+02 2.513603e-01 9.670354e-01 4.074930e-02 -8.944462e+01 1.015719e-01 1.551387e-02 -9.947072e-01 5.066589e+02
-9.615325e-01 2.531598e-01 -1.066081e-01 3.080872e+02 2.497594e-01 9.672919e-01 4.434572e-02 -8.941754e+01 1.143477e-01 1.601347e-02 -9.933117e-01 5.058383e+02
-9.604468e-01 2.529056e-01 -1.165362e-01 3.079888e+02 2.488421e-01 9.673323e-01 4.843333e-02 -8.938792e+01 1.249783e-01 1.751853e-02 -9.920048e-01 5.050131e+02
-9.588938e-01 2.553721e-01 -1.237249e-01 3.078805e+02 2.507995e-01 9.666689e-01 5.148645e-02 -8.935535e+01 1.327492e-01 1.833989e-02 -9.909800e-01 5.041697e+02
-9.576719e-01 2.576972e-01 -1.282834e-01 3.077637e+02 2.529133e-01 9.660600e-01 5.256365e-02 -8.932192e+01 1.374750e-01 1.789416e-02 -9.903436e-01 5.033176e+02
-9.570889e-01 2.579741e-01 -1.320232e-01 3.076572e+02 2.533640e-01 9.660313e-01 5.089347e-02 -8.929025e+01 1.406678e-01 1.525964e-02 -9.899393e-01 5.024431e+02
-9.567415e-01 2.575658e-01 -1.352977e-01 3.075338e+02 2.534409e-01 9.661999e-01 4.717463e-02 -8.925187e+01 1.428751e-01 1.084396e-02 -9.896813e-01 5.015765e+02
-9.562519e-01 2.582798e-01 -1.373824e-01 3.074115e+02 2.543699e-01 9.660313e-01 4.560003e-02 -8.921793e+01 1.444932e-01 8.659171e-03 -9.894679e-01 5.006965e+02
-9.554392e-01 2.606564e-01 -1.385430e-01 3.072837e+02 2.563777e-01 9.653742e-01 4.819912e-02 -8.918571e+01 1.463093e-01 1.053198e-02 -9.891828e-01 4.998099e+02
-9.550606e-01 2.617241e-01 -1.391389e-01 3.071680e+02 2.568543e-01 9.650395e-01 5.219751e-02 -8.916272e+01 1.479359e-01 1.411337e-02 -9.888962e-01 4.989498e+02
-9.550219e-01 2.615845e-01 -1.396665e-01 3.070184e+02 2.563695e-01 9.650450e-01 5.443237e-02 -8.911334e+01 1.490231e-01 1.617788e-02 -9.887014e-01 4.980217e+02
-9.546165e-01 2.623166e-01 -1.410580e-01 3.068875e+02 2.570490e-01 9.648502e-01 5.467979e-02 -8.907070e+01 1.504432e-01 1.593943e-02 -9.884901e-01 4.971161e+02
-9.540608e-01 2.632003e-01 -1.431555e-01 3.067569e+02 2.581086e-01 9.646399e-01 5.338414e-02 -8.902967e+01 1.521442e-01 1.398206e-02 -9.882594e-01 4.962012e+02
-9.543675e-01 2.611038e-01 -1.449398e-01 3.066046e+02 2.561083e-01 9.652241e-01 5.245053e-02 -8.898580e+01 1.535944e-01 1.293680e-02 -9.880493e-01 4.952492e+02
-9.545454e-01 2.590578e-01 -1.474180e-01 3.064937e+02 2.541595e-01 9.657913e-01 5.147945e-02 -8.894846e+01 1.557112e-01 1.167179e-02 -9.877337e-01 4.943518e+02
-9.541455e-01 2.596017e-01 -1.490412e-01 3.063528e+02 2.546789e-01 9.656504e-01 5.155473e-02 -8.891350e+01 1.573054e-01 1.123305e-02 -9.874861e-01 4.934174e+02
-9.536570e-01 2.605422e-01 -1.505196e-01 3.062123e+02 2.554574e-01 9.653922e-01 5.252954e-02 -8.887466e+01 1.589966e-01 1.164382e-02 -9.872105e-01 4.924515e+02
-9.532843e-01 2.611229e-01 -1.518679e-01 3.060583e+02 2.558689e-01 9.652290e-01 5.351738e-02 -8.884992e+01 1.605619e-01 1.215901e-02 -9.869509e-01 4.914973e+02
-9.527758e-01 2.617368e-01 -1.539872e-01 3.059152e+02 2.565138e-01 9.650742e-01 5.322101e-02 -8.881206e+01 1.625390e-01 1.120786e-02 -9.866385e-01 4.905360e+02
-9.525506e-01 2.615476e-01 -1.556928e-01 3.057606e+02 2.562078e-01 9.651238e-01 5.379149e-02 -8.877585e+01 1.643318e-01 1.134941e-02 -9.863398e-01 4.895300e+02
-9.522825e-01 2.617178e-01 -1.570408e-01 3.055948e+02 2.562062e-01 9.650712e-01 5.473508e-02 -8.872999e+01 1.658807e-01 1.188843e-02 -9.860742e-01 4.885226e+02
-9.521718e-01 2.616711e-01 -1.577882e-01 3.053839e+02 2.561497e-01 9.650862e-01 5.473549e-02 -8.867555e+01 1.666019e-01 1.170018e-02 -9.859548e-01 4.874638e+02
-9.524130e-01 2.599013e-01 -1.592510e-01 3.052261e+02 2.542580e-01 9.655595e-01 5.520526e-02 -8.862743e+01 1.681143e-01 1.208736e-02 -9.856934e-01 4.864854e+02
-9.521937e-01 2.596495e-01 -1.609639e-01 3.050680e+02 2.537821e-01 9.656178e-01 5.636335e-02 -8.858262e+01 1.700643e-01 1.281907e-02 -9.853496e-01 4.854876e+02
-9.528148e-01 2.567813e-01 -1.618868e-01 3.048956e+02 2.504500e-01 9.663466e-01 5.872786e-02 -8.853927e+01 1.715190e-01 1.541222e-02 -9.850603e-01 4.844775e+02
-9.526778e-01 2.556382e-01 -1.644814e-01 3.047448e+02 2.496874e-01 9.666915e-01 5.624725e-02 -8.850536e+01 1.733817e-01 1.251656e-02 -9.847752e-01 4.835345e+02
-9.526042e-01 2.548876e-01 -1.660651e-01 3.045602e+02 2.489769e-01 9.668980e-01 5.584497e-02 -8.846295e+01 1.748022e-01 1.185177e-02 -9.845322e-01 4.825211e+02
-9.523311e-01 2.553596e-01 -1.669043e-01 3.043834e+02 2.494742e-01 9.667790e-01 5.568605e-02 -8.841777e+01 1.755796e-01 1.139323e-02 -9.843993e-01 4.815151e+02
-9.521344e-01 2.563741e-01 -1.664706e-01 3.041900e+02 2.499164e-01 9.664676e-01 5.900920e-02 -8.836361e+01 1.760168e-01 1.458097e-02 -9.842792e-01 4.804465e+02
-9.523501e-01 2.558732e-01 -1.660068e-01 3.040379e+02 2.495534e-01 9.666085e-01 5.823271e-02 -8.833589e+01 1.753638e-01 1.403037e-02 -9.844037e-01 4.794645e+02
-9.532882e-01 2.537893e-01 -1.638067e-01 3.038595e+02 2.477186e-01 9.671640e-01 5.682736e-02 -8.828047e+01 1.728501e-01 1.359488e-02 -9.848543e-01 4.784238e+02
-9.546838e-01 2.499978e-01 -1.614931e-01 3.036991e+02 2.444529e-01 9.681750e-01 5.366443e-02 -8.824240e+01 1.697696e-01 1.175511e-02 -9.854137e-01 4.774198e+02
-9.563087e-01 2.455629e-01 -1.586587e-01 3.035499e+02 2.403579e-01 9.693169e-01 5.150673e-02 -8.820889e+01 1.664387e-01 1.112146e-02 -9.859891e-01 4.764181e+02
-9.574061e-01 2.433853e-01 -1.553612e-01 3.033894e+02 2.388755e-01 9.698948e-01 4.735605e-02 -8.816662e+01 1.622098e-01 8.226990e-03 -9.867220e-01 4.754021e+02
-9.593702e-01 2.382872e-01 -1.510897e-01 3.032389e+02 2.343821e-01 9.711747e-01 4.341318e-02 -8.813375e+01 1.570793e-01 6.236577e-03 -9.875663e-01 4.743925e+02
-9.611144e-01 2.340478e-01 -1.465629e-01 3.030810e+02 2.310875e-01 9.722234e-01 3.715237e-02 -8.810315e+01 1.511873e-01 1.838820e-03 -9.885034e-01 4.733659e+02
-9.623843e-01 2.319674e-01 -1.414482e-01 3.029404e+02 2.297299e-01 9.727224e-01 3.217712e-02 -8.809717e+01 1.450538e-01 -1.528120e-03 -9.894226e-01 4.723587e+02
-9.644689e-01 2.267371e-01 -1.356101e-01 3.028298e+02 2.248077e-01 9.739540e-01 2.958104e-02 -8.807698e+01 1.387851e-01 -1.956200e-03 -9.903206e-01 4.713891e+02
-9.669328e-01 2.201164e-01 -1.288012e-01 3.027151e+02 2.182654e-01 9.754735e-01 2.849117e-02 -8.806592e+01 1.319135e-01 -5.638017e-04 -9.912611e-01 4.703756e+02
-9.689603e-01 2.161604e-01 -1.199612e-01 3.025865e+02 2.143282e-01 9.763566e-01 2.812682e-02 -8.803967e+01 1.232049e-01 1.542696e-03 -9.923801e-01 4.693310e+02
-9.704285e-01 2.151109e-01 -1.095251e-01 3.024990e+02 2.131961e-01 9.765777e-01 2.904290e-02 -8.804007e+01 1.132072e-01 4.833745e-03 -9.935596e-01 4.683417e+02
-9.718026e-01 2.153517e-01 -9.603825e-02 3.023931e+02 2.134184e-01 9.764974e-01 3.009060e-02 -8.802940e+01 1.002612e-01 8.745795e-03 -9.949227e-01 4.673179e+02
-9.726244e-01 2.178938e-01 -8.077178e-02 3.023059e+02 2.163284e-01 9.759260e-01 2.775661e-02 -8.802341e+01 8.487527e-02 9.523526e-03 -9.963461e-01 4.663097e+02
-9.739146e-01 2.172138e-01 -6.563894e-02 3.022378e+02 2.161075e-01 9.760844e-01 2.359444e-02 -8.802107e+01 6.919419e-02 8.793900e-03 -9.975645e-01 4.652947e+02
-9.749004e-01 2.164636e-01 -5.208428e-02 3.021953e+02 2.159090e-01 9.762805e-01 1.611597e-02 -8.802548e+01 5.433738e-02 4.466000e-03 -9.985126e-01 4.642925e+02
-9.763296e-01 2.128774e-01 -3.825923e-02 3.021639e+02 2.126609e-01 9.770780e-01 9.690193e-03 -8.803032e+01 3.944508e-02 1.324579e-03 -9.992209e-01 4.632740e+02
-9.770337e-01 2.115857e-01 -2.523118e-02 3.021476e+02 2.115316e-01 9.773592e-01 4.822956e-03 -8.804329e+01 2.568039e-02 -6.250022e-04 -9.996700e-01 4.622795e+02
-9.771306e-01 2.123370e-01 -1.134368e-02 3.021266e+02 2.123070e-01 9.771956e-01 3.800213e-03 -8.806396e+01 1.189192e-02 1.304962e-03 -9.999284e-01 4.612509e+02
-9.769469e-01 2.134635e-01 2.832981e-03 3.021277e+02 2.134716e-01 9.769449e-01 2.921288e-03 -8.808034e+01 -2.144078e-03 3.458704e-03 -9.999917e-01 4.602565e+02
-9.767762e-01 2.135676e-01 1.723510e-02 3.021482e+02 2.136194e-01 9.769162e-01 1.201654e-03 -8.809950e+01 -1.658062e-02 4.855500e-03 -9.998507e-01 4.592449e+02
-9.762380e-01 2.144882e-01 3.088912e-02 3.021736e+02 2.145300e-01 9.767154e-01 -1.994450e-03 -8.812598e+01 -3.059766e-02 4.679583e-03 -9.995208e-01 4.582410e+02
-9.767507e-01 2.096899e-01 4.458891e-02 3.022195e+02 2.097099e-01 9.777543e-01 -4.280919e-03 -8.813457e+01 -4.449466e-02 5.169346e-03 -9.989962e-01 4.572173e+02
-9.767517e-01 2.064191e-01 5.785599e-02 3.022994e+02 2.065378e-01 9.784305e-01 -3.985830e-03 -8.817630e+01 -5.743082e-02 8.056282e-03 -9.983170e-01 4.562479e+02
-9.766659e-01 2.028836e-01 7.044076e-02 3.023923e+02 2.031259e-01 9.791453e-01 -3.780888e-03 -8.821203e+01 -6.973882e-02 1.061568e-02 -9.975088e-01 4.552712e+02
-9.760552e-01 2.009703e-01 8.322941e-02 3.024730e+02 2.011596e-01 9.795389e-01 -6.191440e-03 -8.822736e+01 -8.277074e-02 1.069921e-02 -9.965112e-01 4.542380e+02
-9.754018e-01 1.983983e-01 9.607001e-02 3.025710e+02 1.984570e-01 9.800679e-01 -9.040698e-03 -8.825032e+01 -9.594879e-02 1.024745e-02 -9.953335e-01 4.532307e+02
-9.740895e-01 1.983879e-01 1.085901e-01 3.026862e+02 1.982896e-01 9.800723e-01 -1.181151e-02 -8.829410e+01 -1.087694e-01 1.002682e-02 -9.940164e-01 4.522335e+02
-9.723990e-01 1.992409e-01 1.214214e-01 3.028225e+02 1.991320e-01 9.798844e-01 -1.315445e-02 -8.833988e+01 -1.215999e-01 1.138752e-02 -9.925139e-01 4.512589e+02
-9.705768e-01 1.998184e-01 1.343623e-01 3.029600e+02 1.998753e-01 9.797324e-01 -1.320421e-02 -8.837969e+01 -1.342775e-01 1.404000e-02 -9.908443e-01 4.502570e+02
-9.691244e-01 1.980047e-01 1.469423e-01 3.031262e+02 1.983516e-01 9.800520e-01 -1.243725e-02 -8.842601e+01 -1.464737e-01 1.709300e-02 -9.890669e-01 4.492912e+02
-9.670370e-01 1.985909e-01 1.593774e-01 3.032872e+02 1.988309e-01 9.799250e-01 -1.460245e-02 -8.845618e+01 -1.590778e-01 1.756805e-02 -9.871097e-01 4.483109e+02
-9.644855e-01 2.007654e-01 1.716421e-01 3.034550e+02 2.008674e-01 9.794717e-01 -1.695549e-02 -8.849497e+01 -1.715227e-01 1.812399e-02 -9.850135e-01 4.473463e+02
-9.619872e-01 2.027983e-01 1.829028e-01 3.036413e+02 2.022922e-01 9.790865e-01 -2.162133e-02 -8.854479e+01 -1.834624e-01 1.620036e-02 -9.828932e-01 4.463666e+02
-9.597531e-01 2.031518e-01 1.939160e-01 3.038422e+02 2.018285e-01 9.790550e-01 -2.677021e-02 -8.858256e+01 -1.952928e-01 1.344500e-02 -9.806528e-01 4.453553e+02
-9.571976e-01 2.035807e-01 2.057369e-01 3.040382e+02 2.016015e-01 9.789843e-01 -3.076636e-02 -8.863259e+01 -2.076766e-01 1.202738e-02 -9.781236e-01 4.443613e+02
-9.548931e-01 2.024111e-01 2.172759e-01 3.042530e+02 2.000008e-01 9.792309e-01 -3.326538e-02 -8.869480e+01 -2.194966e-01 1.169049e-02 -9.755432e-01 4.433662e+02
-9.525234e-01 2.018641e-01 2.279254e-01 3.044738e+02 1.990097e-01 9.793476e-01 -3.568577e-02 -8.874975e+01 -2.304219e-01 1.136783e-02 -9.730244e-01 4.423893e+02
-9.505044e-01 2.009222e-01 2.370057e-01 3.047232e+02 1.971219e-01 9.795675e-01 -3.987960e-02 -8.879955e+01 -2.401758e-01 8.813283e-03 -9.706894e-01 4.413972e+02
-9.484181e-01 2.003358e-01 2.457002e-01 3.049789e+02 1.955008e-01 9.797081e-01 -4.417619e-02 -8.886341e+01 -2.495645e-01 6.137080e-03 -9.683387e-01 4.403952e+02
-9.461046e-01 1.996261e-01 2.550205e-01 3.052335e+02 1.940103e-01 9.798606e-01 -4.725771e-02 -8.891965e+01 -2.593184e-01 4.765866e-03 -9.657801e-01 4.393968e+02
-9.438599e-01 1.986242e-01 2.639641e-01 3.055043e+02 1.922800e-01 9.800690e-01 -4.993123e-02 -8.897968e+01 -2.686205e-01 3.626920e-03 -9.632392e-01 4.384029e+02
-9.415014e-01 1.984195e-01 2.724055e-01 3.057796e+02 1.918005e-01 9.801080e-01 -5.099787e-02 -8.904813e+01 -2.771058e-01 4.232940e-03 -9.608301e-01 4.374334e+02
-9.393807e-01 1.960883e-01 2.812709e-01 3.060565e+02 1.896199e-01 9.805675e-01 -5.031628e-02 -8.910890e+01 -2.856716e-01 6.068430e-03 -9.583084e-01 4.364587e+02
-9.374717e-01 1.922214e-01 2.901686e-01 3.063438e+02 1.857593e-01 9.813259e-01 -4.992866e-02 -8.917348e+01 -2.943473e-01 7.094812e-03 -9.556722e-01 4.354836e+02
-9.350813e-01 1.914274e-01 2.982927e-01 3.066458e+02 1.842141e-01 9.814887e-01 -5.239399e-02 -8.923411e+01 -3.028006e-01 5.957073e-03 -9.530353e-01 4.345061e+02
-9.325488e-01 1.906920e-01 3.065766e-01 3.069474e+02 1.825898e-01 9.816395e-01 -5.517982e-02 -8.929651e+01 -3.114701e-01 4.519897e-03 -9.502452e-01 4.335364e+02
-9.302896e-01 1.887128e-01 3.145613e-01 3.072545e+02 1.801548e-01 9.820231e-01 -5.634584e-02 -8.936218e+01 -3.195396e-01 4.251784e-03 -9.475634e-01 4.325591e+02
-9.283129e-01 1.862472e-01 3.217874e-01 3.075775e+02 1.773802e-01 9.824939e-01 -5.693957e-02 -8.943243e+01 -3.267590e-01 4.220961e-03 -9.450983e-01 4.316087e+02
-9.259803e-01 1.848018e-01 3.292548e-01 3.079016e+02 1.757488e-01 9.827642e-01 -5.733164e-02 -8.950535e+01 -3.341748e-01 4.778148e-03 -9.424990e-01 4.306667e+02
-9.238381e-01 1.830300e-01 3.361891e-01 3.082346e+02 1.738820e-01 9.830923e-01 -5.739784e-02 -8.957829e+01 -3.410105e-01 5.430944e-03 -9.400438e-01 4.297318e+02
-9.215318e-01 1.818710e-01 3.430772e-01 3.085741e+02 1.731110e-01 9.832935e-01 -5.627108e-02 -8.965431e+01 -3.475797e-01 7.534850e-03 -9.376202e-01 4.288279e+02
-9.192202e-01 1.809300e-01 3.497121e-01 3.089172e+02 1.716935e-01 9.834698e-01 -5.751889e-02 -8.972990e+01 -3.543382e-01 7.170770e-03 -9.350899e-01 4.279225e+02
-9.168455e-01 1.808222e-01 3.559461e-01 3.092589e+02 1.704709e-01 9.835021e-01 -6.052466e-02 -8.980238e+01 -3.610180e-01 5.186696e-03 -9.325444e-01 4.270168e+02
-9.144589e-01 1.815274e-01 3.616804e-01 3.096242e+02 1.694377e-01 9.833844e-01 -6.516100e-02 -8.988408e+01 -3.674994e-01 1.695239e-03 -9.300222e-01 4.261268e+02
-9.117498e-01 1.813963e-01 3.685208e-01 3.099461e+02 1.674755e-01 9.834083e-01 -6.971346e-02 -8.996903e+01 -3.750522e-01 -1.843006e-03 -9.270018e-01 4.252284e+02
-9.089502e-01 1.819885e-01 3.750862e-01 3.102855e+02 1.666011e-01 9.832917e-01 -7.335822e-02 -9.006208e+01 -3.821695e-01 -4.189196e-03 -9.240827e-01 4.243498e+02
-9.061525e-01 1.832218e-01 3.812052e-01 3.106409e+02 1.664858e-01 9.830528e-01 -7.674387e-02 -9.015275e+01 -3.888060e-01 -6.076404e-03 -9.212996e-01 4.235019e+02
-9.031808e-01 1.841217e-01 3.877675e-01 3.110006e+02 1.661994e-01 9.828754e-01 -7.958505e-02 -9.026049e+01 -3.957805e-01 -7.432936e-03 -9.183151e-01 4.226744e+02
-8.998982e-01 1.870333e-01 3.939565e-01 3.113578e+02 1.669790e-01 9.822959e-01 -8.492811e-02 -9.035356e+01 -4.028662e-01 -1.064420e-02 -9.151970e-01 4.218544e+02
-8.968768e-01 1.886502e-01 4.000288e-01 3.117141e+02 1.657722e-01 9.819195e-01 -9.139873e-02 -9.046201e+01 -4.100385e-01 -1.565975e-02 -9.119338e-01 4.210638e+02
-8.942364e-01 1.909535e-01 4.048185e-01 3.120471e+02 1.632915e-01 9.812742e-01 -1.021606e-01 -9.056073e+01 -4.167459e-01 -2.525229e-02 -9.086722e-01 4.202979e+02
-8.917742e-01 1.932076e-01 4.091572e-01 3.123724e+02 1.600116e-01 9.804822e-01 -1.142408e-01 -9.066149e+01 -4.232435e-01 -3.640711e-02 -9.052842e-01 4.195467e+02
-8.901480e-01 1.934791e-01 4.125559e-01 3.127016e+02 1.556762e-01 9.800300e-01 -1.237177e-01 -9.076652e+01 -4.282540e-01 -4.590189e-02 -9.024919e-01 4.188281e+02
-8.887548e-01 1.937746e-01 4.154111e-01 3.130297e+02 1.524190e-01 9.796141e-01 -1.308614e-01 -9.088337e+01 -4.323002e-01 -5.298713e-02 -9.001716e-01 4.181353e+02
-8.871450e-01 1.957452e-01 4.179206e-01 3.133398e+02 1.512016e-01 9.788894e-01 -1.375265e-01 -9.099627e+01 -4.360183e-01 -5.881570e-02 -8.980138e-01 4.174588e+02
-8.855203e-01 1.990942e-01 4.197801e-01 3.136155e+02 1.508726e-01 9.777892e-01 -1.454844e-01 -9.111588e+01 -4.394215e-01 -6.549604e-02 -8.958900e-01 4.168124e+02
-8.851190e-01 2.020421e-01 4.192176e-01 3.139221e+02 1.503362e-01 9.766776e-01 -1.532965e-01 -9.122481e+01 -4.404128e-01 -7.266210e-02 -8.948502e-01 4.161912e+02
-8.842404e-01 2.051484e-01 4.195630e-01 3.141977e+02 1.518148e-01 9.758304e-01 -1.571855e-01 -9.133554e+01 -4.416687e-01 -7.529385e-02 -8.940132e-01 4.155580e+02
-8.835707e-01 2.078586e-01 4.196399e-01 3.144685e+02 1.558540e-01 9.755352e-01 -1.550505e-01 -9.145438e+01 -4.416020e-01 -7.159553e-02 -8.943499e-01 4.149405e+02
-8.839124e-01 2.100621e-01 4.178190e-01 3.147328e+02 1.609232e-01 9.755014e-01 -1.500026e-01 -9.156128e+01 -4.390929e-01 -6.535241e-02 -8.960616e-01 4.143167e+02
-8.856123e-01 2.126451e-01 4.128837e-01 3.149616e+02 1.652052e-01 9.751139e-01 -1.478514e-01 -9.167084e+01 -4.340485e-01 -6.272847e-02 -8.987030e-01 4.137198e+02
-8.896404e-01 2.143866e-01 4.032101e-01 3.152296e+02 1.675584e-01 9.746135e-01 -1.485016e-01 -9.177763e+01 -4.248108e-01 -6.455175e-02 -9.029778e-01 4.130972e+02
-8.955597e-01 2.153047e-01 3.893800e-01 3.154902e+02 1.703384e-01 9.743603e-01 -1.469928e-01 -9.188581e+01 -4.110447e-01 -6.531446e-02 -9.092724e-01 4.124846e+02
-9.025968e-01 2.163930e-01 3.721466e-01 3.157098e+02 1.751288e-01 9.742855e-01 -1.417663e-01 -9.198189e+01 -3.932543e-01 -6.278422e-02 -9.172836e-01 4.118823e+02
-9.103116e-01 2.188844e-01 3.513154e-01 3.159093e+02 1.838985e-01 9.742456e-01 -1.304874e-01 -9.207142e+01 -3.708291e-01 -5.417785e-02 -9.271195e-01 4.112441e+02
-9.198761e-01 2.188123e-01 3.254982e-01 3.161017e+02 1.903591e-01 9.746868e-01 -1.172560e-01 -9.215121e+01 -3.429159e-01 -4.589950e-02 -9.382441e-01 4.106246e+02
-9.293091e-01 2.199626e-01 2.966496e-01 3.162482e+02 1.973915e-01 9.747496e-01 -1.044018e-01 -9.223429e+01 -3.121236e-01 -3.846541e-02 -9.492625e-01 4.100042e+02
-9.394999e-01 2.199903e-01 2.625723e-01 3.163914e+02 2.021818e-01 9.748871e-01 -9.336861e-02 -9.230322e+01 -2.765185e-01 -3.463247e-02 -9.603844e-01 4.093882e+02
-9.490498e-01 2.201008e-01 2.255220e-01 3.165136e+02 2.068400e-01 9.750047e-01 -8.113562e-02 -9.236840e+01 -2.377431e-01 -3.035476e-02 -9.708537e-01 4.087504e+02
-9.573986e-01 2.205072e-01 1.864523e-01 3.166098e+02 2.112410e-01 9.750351e-01 -6.843793e-02 -9.241408e+01 -1.968886e-01 -2.613599e-02 -9.800774e-01 4.081315e+02
-9.638145e-01 2.229656e-01 1.461091e-01 3.166798e+02 2.168976e-01 9.745621e-01 -5.642899e-02 -9.244739e+01 -1.549741e-01 -2.269637e-02 -9.876578e-01 4.074997e+02
-9.689208e-01 2.243898e-01 1.041236e-01 3.167165e+02 2.207629e-01 9.742754e-01 -4.528944e-02 -9.248507e+01 -1.116075e-01 -2.089525e-02 -9.935327e-01 4.068660e+02
-9.730711e-01 2.223887e-01 6.062876e-02 3.167254e+02 2.206655e-01 9.747617e-01 -3.385670e-02 -9.251441e+01 -6.662794e-02 -1.956630e-02 -9.975860e-01 4.062363e+02
-9.756083e-01 2.189341e-01 1.601240e-02 3.167274e+02 2.185493e-01 9.755599e-01 -2.278498e-02 -9.252435e+01 -2.060946e-02 -1.872972e-02 -9.996121e-01 4.055938e+02
-9.750129e-01 2.203405e-01 -2.828426e-02 3.167010e+02 2.206886e-01 9.752951e-01 -9.800791e-03 -9.253094e+01 2.542599e-02 -1.579791e-02 -9.995519e-01 4.049279e+02
-9.723578e-01 2.222634e-01 -7.154957e-02 3.166418e+02 2.224001e-01 9.749361e-01 6.150485e-03 -9.254031e+01 7.112329e-02 -9.932163e-03 -9.974181e-01 4.042578e+02
-9.680201e-01 2.227088e-01 -1.154901e-01 3.165405e+02 2.218686e-01 9.748664e-01 2.024466e-02 -9.254084e+01 1.170961e-01 -6.026392e-03 -9.931023e-01 4.035972e+02
-9.624367e-01 2.190426e-01 -1.604243e-01 3.164249e+02 2.167739e-01 9.757061e-01 3.172907e-02 -9.252969e+01 1.634770e-01 -4.238582e-03 -9.865380e-01 4.029604e+02
-9.545220e-01 2.172401e-01 -2.041923e-01 3.162637e+02 2.131973e-01 9.761117e-01 4.186761e-02 -9.250515e+01 2.084098e-01 -3.569704e-03 -9.780351e-01 4.023547e+02
-9.442788e-01 2.176317e-01 -2.469291e-01 3.160706e+02 2.117890e-01 9.760192e-01 5.031764e-02 -9.247542e+01 2.519582e-01 -4.782979e-03 -9.677263e-01 4.017403e+02
-9.314135e-01 2.216606e-01 -2.886788e-01 3.158548e+02 2.135830e-01 9.751046e-01 5.961029e-02 -9.243160e+01 2.947053e-01 -6.135056e-03 -9.555685e-01 4.010932e+02
-9.171994e-01 2.255033e-01 -3.284714e-01 3.156094e+02 2.146670e-01 9.742183e-01 6.940331e-02 -9.238942e+01 3.356535e-01 -6.855284e-03 -9.419606e-01 4.004435e+02
-9.024461e-01 2.289558e-01 -3.649251e-01 3.153281e+02 2.149625e-01 9.734114e-01 7.912902e-02 -9.233534e+01 3.733393e-01 -7.035528e-03 -9.276682e-01 3.998172e+02
-8.871086e-01 2.319938e-01 -3.990204e-01 3.150284e+02 2.152300e-01 9.726785e-01 8.702053e-02 -9.228151e+01 4.083068e-01 -8.684510e-03 -9.128035e-01 3.992092e+02
-8.723657e-01 2.335183e-01 -4.294732e-01 3.147141e+02 2.140883e-01 9.722998e-01 9.380441e-02 -9.223088e+01 4.394818e-01 -1.011346e-02 -8.981946e-01 3.986521e+02
-8.570581e-01 2.367673e-01 -4.575943e-01 3.143690e+02 2.159019e-01 9.714571e-01 9.827225e-02 -9.216951e+01 4.678009e-01 -1.457044e-02 -8.837137e-01 3.980682e+02
-8.427481e-01 2.387710e-01 -4.824563e-01 3.139983e+02 2.172044e-01 9.708780e-01 1.010847e-01 -9.209191e+01 4.925423e-01 -1.960274e-02 -8.700677e-01 3.974598e+02
-8.294025e-01 2.425001e-01 -5.032744e-01 3.136170e+02 2.202254e-01 9.698480e-01 1.043819e-01 -9.202626e+01 5.134123e-01 -2.425925e-02 -8.577991e-01 3.968695e+02
-8.176315e-01 2.449333e-01 -5.210436e-01 3.132214e+02 2.221150e-01 9.691290e-01 1.070231e-01 -9.195221e+01 5.311720e-01 -2.822621e-02 -8.467937e-01 3.962520e+02
-8.079736e-01 2.461094e-01 -5.353586e-01 3.128018e+02 2.218176e-01 9.687962e-01 1.105932e-01 -9.188583e+01 5.458714e-01 -2.939556e-02 -8.373532e-01 3.956503e+02
-7.986054e-01 2.472817e-01 -5.487086e-01 3.123716e+02 2.218288e-01 9.684473e-01 1.135860e-01 -9.182513e+01 5.594831e-01 -3.100898e-02 -8.282615e-01 3.950230e+02
-7.902119e-01 2.465442e-01 -5.610535e-01 3.119277e+02 2.200605e-01 9.686016e-01 1.156907e-01 -9.174189e+01 5.719602e-01 -3.204557e-02 -8.196552e-01 3.943943e+02
-7.822105e-01 2.466981e-01 -5.720899e-01 3.114562e+02 2.191654e-01 9.685273e-01 1.179891e-01 -9.165600e+01 5.831923e-01 -3.309004e-02 -8.116599e-01 3.937605e+02
-7.745237e-01 2.466199e-01 -5.824875e-01 3.109817e+02 2.187412e-01 9.684764e-01 1.191876e-01 -9.157065e+01 5.935194e-01 -3.510040e-02 -8.040539e-01 3.931189e+02
-7.693510e-01 2.471219e-01 -5.890923e-01 3.104181e+02 2.187291e-01 9.683113e-01 1.205438e-01 -9.145046e+01 6.002138e-01 -3.611111e-02 -7.990240e-01 3.924545e+02
-7.658853e-01 2.484049e-01 -5.930553e-01 3.098977e+02 2.200437e-01 9.679250e-01 1.212519e-01 -9.135023e+01 6.041526e-01 -3.763304e-02 -7.959795e-01 3.917795e+02
-7.651225e-01 2.509794e-01 -5.929561e-01 3.093795e+02 2.228032e-01 9.672126e-01 1.218955e-01 -9.125868e+01 6.041078e-01 -3.884756e-02 -7.959551e-01 3.910904e+02
-7.683235e-01 2.519741e-01 -5.883775e-01 3.087720e+02 2.236487e-01 9.669954e-01 1.220701e-01 -9.113399e+01 5.997168e-01 -3.780053e-02 -7.993190e-01 3.903723e+02
-7.717657e-01 2.505999e-01 -5.844463e-01 3.082582e+02 2.214388e-01 9.674600e-01 1.224176e-01 -9.103905e+01 5.961062e-01 -3.494140e-02 -8.021449e-01 3.896555e+02
-7.752997e-01 2.467956e-01 -5.813797e-01 3.076717e+02 2.175972e-01 9.685147e-01 1.209574e-01 -9.092170e+01 5.929266e-01 -3.272833e-02 -8.045912e-01 3.889015e+02
-7.773014e-01 2.437696e-01 -5.799818e-01 3.071434e+02 2.145910e-01 9.693271e-01 1.198151e-01 -9.082686e+01 5.913994e-01 -3.132643e-02 -8.057701e-01 3.881593e+02
-7.782853e-01 2.428514e-01 -5.790468e-01 3.066042e+02 2.141046e-01 9.695528e-01 1.188552e-01 -9.072074e+01 5.902806e-01 -3.147338e-02 -8.065843e-01 3.874076e+02
-7.792887e-01 2.418543e-01 -5.781138e-01 3.060629e+02 2.127457e-01 9.698397e-01 1.189550e-01 -9.062454e+01 5.894475e-01 -3.029095e-02 -8.072386e-01 3.866356e+02
-7.805042e-01 2.408513e-01 -5.768915e-01 3.055127e+02 2.118790e-01 9.701028e-01 1.183551e-01 -9.052281e+01 5.881500e-01 -2.985454e-02 -8.082006e-01 3.858666e+02
-7.812888e-01 2.405445e-01 -5.759567e-01 3.049586e+02 2.125903e-01 9.701367e-01 1.167911e-01 -9.042695e+01 5.868502e-01 -3.119520e-02 -8.090944e-01 3.850827e+02
-7.833140e-01 2.381222e-01 -5.742098e-01 3.043555e+02 2.106053e-01 9.707517e-01 1.152670e-01 -9.029679e+01 5.848628e-01 -3.064139e-02 -8.105533e-01 3.842765e+02
-7.842352e-01 2.372643e-01 -5.733069e-01 3.038164e+02 2.099592e-01 9.709670e-01 1.146304e-01 -9.020178e+01 5.838598e-01 -3.047386e-02 -8.112824e-01 3.834808e+02
-7.856551e-01 2.369604e-01 -5.714856e-01 3.032365e+02 2.106727e-01 9.710045e-01 1.129925e-01 -9.010120e+01 5.816898e-01 -3.162328e-02 -8.127957e-01 3.827040e+02
-7.869506e-01 2.351483e-01 -5.704508e-01 3.026580e+02 2.111134e-01 9.713463e-01 1.091673e-01 -8.998833e+01 5.797757e-01 -3.452057e-02 -8.140445e-01 3.818844e+02
-7.888830e-01 2.316286e-01 -5.692204e-01 3.020652e+02 2.089293e-01 9.721646e-01 1.060404e-01 -8.987861e+01 5.779379e-01 -3.527330e-02 -8.153181e-01 3.810378e+02
-7.902746e-01 2.285347e-01 -5.685401e-01 3.015128e+02 2.078343e-01 9.728157e-01 1.021493e-01 -8.978549e+01 5.764294e-01 -3.743610e-02 -8.162890e-01 3.802054e+02
-7.917926e-01 2.268993e-01 -5.670813e-01 3.009341e+02 2.074506e-01 9.731497e-01 9.971967e-02 -8.969551e+01 5.744813e-01 -3.868404e-02 -8.176031e-01 3.793663e+02
-7.934948e-01 2.247156e-01 -5.655695e-01 3.003531e+02 2.058994e-01 9.736555e-01 9.798169e-02 -8.961174e+01 5.726879e-01 -3.870247e-02 -8.188594e-01 3.785160e+02
-7.948135e-01 2.251829e-01 -5.635283e-01 2.997776e+02 2.063179e-01 9.735616e-01 9.803437e-02 -8.951077e+01 5.707052e-01 -3.834693e-02 -8.202592e-01 3.776697e+02
-7.965437e-01 2.253672e-01 -5.610061e-01 2.991862e+02 2.053418e-01 9.736126e-01 9.956511e-02 -8.941863e+01 5.686413e-01 -3.589006e-02 -8.218023e-01 3.767706e+02
-7.982271e-01 2.264982e-01 -5.581505e-01 2.986044e+02 2.061850e-01 9.733768e-01 1.001266e-01 -8.931616e+01 5.659692e-01 -3.515849e-02 -8.236763e-01 3.759012e+02
-8.013707e-01 2.261120e-01 -5.537854e-01 2.980046e+02 2.057917e-01 9.735050e-01 9.968801e-02 -8.921825e+01 5.616536e-01 -3.407740e-02 -8.266704e-01 3.750116e+02
-8.047973e-01 2.268972e-01 -5.484696e-01 2.974256e+02 2.055638e-01 9.734119e-01 1.010581e-01 -8.912288e+01 5.568167e-01 -3.141420e-02 -8.300412e-01 3.741335e+02
-8.089043e-01 2.271689e-01 -5.422805e-01 2.968165e+02 2.049323e-01 9.734369e-01 1.020949e-01 -8.903226e+01 5.510687e-01 -2.854581e-02 -8.339715e-01 3.732348e+02
-8.125662e-01 2.260880e-01 -5.372341e-01 2.962460e+02 2.044072e-01 9.737025e-01 1.006043e-01 -8.893490e+01 5.458516e-01 -2.806689e-02 -8.374117e-01 3.723347e+02
-8.169243e-01 2.253485e-01 -5.308981e-01 2.956675e+02 2.051307e-01 9.738443e-01 9.771753e-02 -8.885790e+01 5.390326e-01 -2.907569e-02 -8.417829e-01 3.714420e+02
-8.213766e-01 2.262200e-01 -5.236077e-01 2.951049e+02 2.078241e-01 9.735795e-01 9.461524e-02 -8.876864e+01 5.311776e-01 -3.110359e-02 -8.466894e-01 3.705430e+02
-8.272828e-01 2.274352e-01 -5.136891e-01 2.945065e+02 2.105706e-01 9.732597e-01 9.179108e-02 -8.868020e+01 5.208294e-01 -3.223063e-02 -8.530521e-01 3.695983e+02
-8.337778e-01 2.286979e-01 -5.025055e-01 2.939621e+02 2.138891e-01 9.728964e-01 8.788635e-02 -8.861254e+01 5.089852e-01 -3.420274e-02 -8.600955e-01 3.686833e+02
-8.408896e-01 2.309525e-01 -4.894545e-01 2.934076e+02 2.185694e-01 9.722626e-01 8.326362e-02 -8.854213e+01 4.951082e-01 -3.696427e-02 -8.680446e-01 3.677465e+02
-8.486028e-01 2.306694e-01 -4.760933e-01 2.929092e+02 2.202110e-01 9.722832e-01 7.856520e-02 -8.847409e+01 4.810201e-01 -3.817031e-02 -8.758782e-01 3.668318e+02
-8.565774e-01 2.293045e-01 -4.622711e-01 2.924211e+02 2.199636e-01 9.726303e-01 7.487529e-02 -8.840277e+01 4.667881e-01 -3.754632e-02 -8.835718e-01 3.658853e+02
-8.642323e-01 2.284551e-01 -4.482308e-01 2.919521e+02 2.204444e-01 9.728270e-01 7.079406e-02 -8.835024e+01 4.522243e-01 -3.762747e-02 -8.911102e-01 3.649384e+02
-8.721777e-01 2.248734e-01 -4.344399e-01 2.914878e+02 2.180839e-01 9.736841e-01 6.617193e-02 -8.829785e+01 4.378875e-01 -3.703068e-02 -8.982668e-01 3.639814e+02
-8.784519e-01 2.237789e-01 -4.221910e-01 2.910460e+02 2.177631e-01 9.739573e-01 6.313877e-02 -8.824769e+01 4.253251e-01 -3.647326e-02 -9.043054e-01 3.630168e+02
-8.842716e-01 2.239546e-01 -4.097658e-01 2.906046e+02 2.167240e-01 9.740871e-01 6.469168e-02 -8.819543e+01 4.136356e-01 -3.160104e-02 -9.098939e-01 3.620315e+02
-8.895591e-01 2.241247e-01 -3.980612e-01 2.901905e+02 2.163207e-01 9.741516e-01 6.506876e-02 -8.815623e+01 4.023555e-01 -2.822639e-02 -9.150483e-01 3.610478e+02
-8.948253e-01 2.227033e-01 -3.868991e-01 2.897987e+02 2.158258e-01 9.744771e-01 6.175475e-02 -8.811151e+01 3.907773e-01 -2.824309e-02 -9.200519e-01 3.600593e+02
-8.991491e-01 2.233731e-01 -3.763448e-01 2.894056e+02 2.179374e-01 9.742633e-01 5.756958e-02 -8.806675e+01 3.795185e-01 -3.025597e-02 -9.246893e-01 3.590574e+02
-9.037817e-01 2.213356e-01 -3.663184e-01 2.890455e+02 2.166509e-01 9.747308e-01 5.442671e-02 -8.803272e+01 3.691084e-01 -3.017335e-02 -9.288964e-01 3.580593e+02
-9.081038e-01 2.204701e-01 -3.560062e-01 2.886785e+02 2.168583e-01 9.748922e-01 5.057438e-02 -8.799993e+01 3.582178e-01 -3.127611e-02 -9.331140e-01 3.570375e+02
-9.128199e-01 2.190387e-01 -3.446474e-01 2.882854e+02 2.168481e-01 9.751484e-01 4.541446e-02 -8.795332e+01 3.460299e-01 -3.328091e-02 -9.376330e-01 3.559921e+02
-9.166667e-01 2.197777e-01 -3.337961e-01 2.879157e+02 2.188199e-01 9.749046e-01 4.097542e-02 -8.792851e+01 3.344248e-01 -3.548042e-02 -9.417543e-01 3.549504e+02
-9.202925e-01 2.204817e-01 -3.231864e-01 2.875519e+02 2.199431e-01 9.747455e-01 3.868236e-02 -8.791253e+01 3.235533e-01 -3.548354e-02 -9.455444e-01 3.539009e+02
-9.228709e-01 2.235199e-01 -3.136050e-01 2.872018e+02 2.227589e-01 9.741029e-01 3.875448e-02 -8.789530e+01 3.141459e-01 -3.409293e-02 -9.487624e-01 3.528474e+02
-9.249590e-01 2.259968e-01 -3.055753e-01 2.868702e+02 2.248773e-01 9.735919e-01 3.935655e-02 -8.787196e+01 3.064002e-01 -3.231376e-02 -9.513542e-01 3.517979e+02
-9.266581e-01 2.272950e-01 -2.994024e-01 2.865348e+02 2.265777e-01 9.732669e-01 3.760367e-02 -8.784780e+01 2.999456e-01 -3.299217e-02 -9.533856e-01 3.507364e+02
-9.283217e-01 2.272496e-01 -2.942387e-01 2.861957e+02 2.268538e-01 9.732647e-01 3.595969e-02 -8.781970e+01 2.945440e-01 -3.336702e-02 -9.550552e-01 3.496771e+02
-9.297580e-01 2.254517e-01 -2.910697e-01 2.858770e+02 2.245208e-01 9.737644e-01 3.705903e-02 -8.780883e+01 2.917883e-01 -3.089529e-02 -9.559838e-01 3.486045e+02
-9.302927e-01 2.246541e-01 -2.899759e-01 2.855714e+02 2.236613e-01 9.739637e-01 3.701864e-02 -8.778973e+01 2.907424e-01 -3.041821e-02 -9.563177e-01 3.475423e+02
-9.310054e-01 2.231427e-01 -2.888533e-01 2.852486e+02 2.224182e-01 9.742947e-01 3.577637e-02 -8.777401e+01 2.894115e-01 -3.093826e-02 -9.567047e-01 3.464656e+02
-9.315415e-01 2.227520e-01 -2.874229e-01 2.848989e+02 2.225670e-01 9.743326e-01 3.376270e-02 -8.774978e+01 2.875662e-01 -3.251950e-02 -9.572085e-01 3.453499e+02
-9.322296e-01 2.229676e-01 -2.850149e-01 2.845776e+02 2.231228e-01 9.742528e-01 3.236740e-02 -8.773154e+01 2.848935e-01 -3.341946e-02 -9.579764e-01 3.442657e+02
-9.328207e-01 2.240677e-01 -2.822043e-01 2.842584e+02 2.244322e-01 9.739812e-01 3.147632e-02 -8.771296e+01 2.819145e-01 -3.397396e-02 -9.588378e-01 3.431669e+02
-9.333022e-01 2.263048e-01 -2.788066e-01 2.839567e+02 2.260706e-01 9.735367e-01 3.344178e-02 -8.769677e+01 2.789965e-01 -3.181870e-02 -9.597648e-01 3.420742e+02
-9.331930e-01 2.309552e-01 -2.753369e-01 2.836358e+02 2.303502e-01 9.724780e-01 3.500307e-02 -8.768087e+01 2.758432e-01 -3.075931e-02 -9.607103e-01 3.409686e+02
-9.332836e-01 2.341261e-01 -2.723356e-01 2.832985e+02 2.345285e-01 9.715968e-01 3.155878e-02 -8.765380e+01 2.719891e-01 -3.441716e-02 -9.616847e-01 3.398474e+02
-9.338422e-01 2.336314e-01 -2.708415e-01 2.829786e+02 2.353778e-01 9.715426e-01 2.649969e-02 -8.763625e+01 2.693252e-01 -3.900353e-02 -9.622591e-01 3.387309e+02
-9.338106e-01 2.347635e-01 -2.699702e-01 2.826633e+02 2.370416e-01 9.711874e-01 2.462288e-02 -8.761681e+01 2.679722e-01 -4.100106e-02 -9.625538e-01 3.376146e+02
-9.339046e-01 2.354378e-01 -2.690562e-01 2.823514e+02 2.369219e-01 9.711413e-01 2.743286e-02 -8.760624e+01 2.677503e-01 -3.812563e-02 -9.627337e-01 3.364734e+02
-9.340748e-01 2.355685e-01 -2.683502e-01 2.820467e+02 2.358170e-01 9.712773e-01 3.179298e-02 -8.758699e+01 2.681318e-01 -3.358451e-02 -9.627967e-01 3.353175e+02
-9.332606e-01 2.398633e-01 -2.673765e-01 2.817270e+02 2.390815e-01 9.703324e-01 3.598586e-02 -8.756215e+01 2.680758e-01 -3.034061e-02 -9.629199e-01 3.341646e+02
-9.319081e-01 2.454272e-01 -2.670445e-01 2.814003e+02 2.445773e-01 9.689242e-01 3.698544e-02 -8.754111e+01 2.678231e-01 -3.084600e-02 -9.629742e-01 3.330196e+02
-9.304322e-01 2.499320e-01 -2.680110e-01 2.810786e+02 2.498676e-01 9.676498e-01 3.493068e-02 -8.751520e+01 2.680711e-01 -3.446662e-02 -9.627824e-01 3.318763e+02
-9.295192e-01 2.524197e-01 -2.688465e-01 2.807495e+02 2.531333e-01 9.668816e-01 3.261228e-02 -8.749479e+01 2.681747e-01 -3.774026e-02 -9.626308e-01 3.307207e+02
-9.291335e-01 2.531043e-01 -2.695352e-01 2.804159e+02 2.538544e-01 9.666902e-01 3.268155e-02 -8.747053e+01 2.688289e-01 -3.805718e-02 -9.624358e-01 3.295474e+02
-9.294004e-01 2.509905e-01 -2.705896e-01 2.800867e+02 2.512609e-01 9.673136e-01 3.423813e-02 -8.743950e+01 2.703384e-01 -3.616766e-02 -9.620858e-01 3.283782e+02
-9.297042e-01 2.473126e-01 -2.729224e-01 2.797499e+02 2.472997e-01 9.683059e-01 3.502340e-02 -8.741687e+01 2.729341e-01 -3.493222e-02 -9.613983e-01 3.271920e+02
-9.304377e-01 2.399825e-01 -2.769369e-01 2.794419e+02 2.393992e-01 9.702369e-01 3.644825e-02 -8.739012e+01 2.774414e-01 -3.238565e-02 -9.601966e-01 3.260282e+02
-9.303074e-01 2.352072e-01 -2.814353e-01 2.790972e+02 2.338540e-01 9.714935e-01 3.889401e-02 -8.735951e+01 2.825607e-01 -2.963139e-02 -9.587917e-01 3.248342e+02
-9.303502e-01 2.280154e-01 -2.871540e-01 2.787552e+02 2.259244e-01 9.732872e-01 4.086896e-02 -8.732915e+01 2.888021e-01 -2.685264e-02 -9.570122e-01 3.236279e+02
-9.291478e-01 2.240764e-01 -2.940650e-01 2.784041e+02 2.222285e-01 9.741678e-01 4.014373e-02 -8.729511e+01 2.954639e-01 -2.805017e-02 -9.549420e-01 3.224435e+02
-9.275584e-01 2.206248e-01 -3.015961e-01 2.780383e+02 2.192993e-01 9.748898e-01 3.870071e-02 -8.726521e+01 3.025613e-01 -3.024263e-02 -9.526500e-01 3.212558e+02
-9.255545e-01 2.186447e-01 -3.091008e-01 2.776578e+02 2.172711e-01 9.753193e-01 3.931447e-02 -8.723171e+01 3.100679e-01 -3.077100e-02 -9.502163e-01 3.200728e+02
-9.226212e-01 2.208481e-01 -3.162217e-01 2.772673e+02 2.187632e-01 9.748494e-01 4.255891e-02 -8.720146e+01 3.176676e-01 -2.991192e-02 -9.477302e-01 3.188735e+02
-9.189935e-01 2.255057e-01 -3.234162e-01 2.768523e+02 2.221079e-01 9.738448e-01 4.790053e-02 -8.715783e+01 3.257590e-01 -2.781302e-02 -9.450436e-01 3.176678e+02
-9.151088e-01 2.299773e-01 -3.311894e-01 2.764223e+02 2.266495e-01 9.727325e-01 4.920898e-02 -8.711166e+01 3.334756e-01 -3.003232e-02 -9.422803e-01 3.164737e+02
-9.107465e-01 2.351142e-01 -3.395027e-01 2.759820e+02 2.322832e-01 9.713834e-01 4.958721e-02 -8.706942e+01 3.414459e-01 -3.369938e-02 -9.392971e-01 3.152637e+02
-9.070462e-01 2.379432e-01 -3.473474e-01 2.755215e+02 2.367505e-01 9.704546e-01 4.655100e-02 -8.702499e+01 3.481614e-01 -4.001077e-02 -9.365804e-01 3.140742e+02
-9.045744e-01 2.370760e-01 -3.543165e-01 2.750638e+02 2.362080e-01 9.705945e-01 4.639072e-02 -8.698108e+01 3.548958e-01 -4.172853e-02 -9.339741e-01 3.128438e+02
-9.012341e-01 2.403009e-01 -3.606003e-01 2.746280e+02 2.377060e-01 9.699301e-01 5.226370e-02 -8.694974e+01 3.623161e-01 -3.861502e-02 -9.312550e-01 3.116761e+02
-8.983364e-01 2.420684e-01 -3.665987e-01 2.741582e+02 2.375141e-01 9.696366e-01 5.824055e-02 -8.690175e+01 3.695657e-01 -3.475274e-02 -9.285545e-01 3.104740e+02
-8.952369e-01 2.466045e-01 -3.711294e-01 2.736825e+02 2.400257e-01 9.686130e-01 6.462550e-02 -8.684261e+01 3.754177e-01 -3.122546e-02 -9.263296e-01 3.092772e+02
-8.918713e-01 2.528969e-01 -3.749783e-01 2.731906e+02 2.463040e-01 9.669224e-01 6.629768e-02 -8.677865e+01 3.793414e-01 -3.322966e-02 -9.246599e-01 3.080913e+02
-8.903193e-01 2.534089e-01 -3.783061e-01 2.727042e+02 2.483131e-01 9.666222e-01 6.310408e-02 -8.671449e+01 3.816702e-01 -3.775558e-02 -9.235272e-01 3.069042e+02
-8.887252e-01 2.540356e-01 -3.816195e-01 2.722057e+02 2.506196e-01 9.662516e-01 5.956296e-02 -8.665224e+01 3.838716e-01 -4.270624e-02 -9.223984e-01 3.056897e+02
-8.894388e-01 2.482712e-01 -3.837447e-01 2.717340e+02 2.440155e-01 9.678754e-01 6.061006e-02 -8.660389e+01 3.864648e-01 -3.973070e-02 -9.214480e-01 3.045019e+02
-8.891119e-01 2.463396e-01 -3.857420e-01 2.712334e+02 2.417451e-01 9.684061e-01 6.122828e-02 -8.654484e+01 3.886378e-01 -3.881242e-02 -9.205728e-01 3.032864e+02
-8.903696e-01 2.400671e-01 -3.867941e-01 2.707310e+02 2.347206e-01 9.700970e-01 6.179078e-02 -8.648521e+01 3.900617e-01 -3.577190e-02 -9.200936e-01 3.020669e+02
-8.896462e-01 2.406465e-01 -3.880965e-01 2.702187e+02 2.351276e-01 9.699563e-01 6.244897e-02 -8.642127e+01 3.914647e-01 -3.569469e-02 -9.195005e-01 3.008504e+02
-8.898729e-01 2.400217e-01 -3.879636e-01 2.697153e+02 2.331720e-01 9.702320e-01 6.542710e-02 -8.636176e+01 3.921187e-01 -3.224045e-02 -9.193495e-01 2.996321e+02
-8.895177e-01 2.408602e-01 -3.882585e-01 2.691968e+02 2.337239e-01 9.700398e-01 6.630237e-02 -8.629526e+01 3.925958e-01 -3.176813e-02 -9.191623e-01 2.983874e+02
-8.897547e-01 2.394687e-01 -3.885760e-01 2.686827e+02 2.323047e-01 9.703944e-01 6.610010e-02 -8.623664e+01 3.929009e-01 -3.145514e-02 -9.190427e-01 2.971446e+02
-8.901143e-01 2.383879e-01 -3.884170e-01 2.681544e+02 2.314684e-01 9.706494e-01 6.528487e-02 -8.617410e+01 3.925798e-01 -3.179525e-02 -9.191682e-01 2.959194e+02
-8.909667e-01 2.358299e-01 -3.880240e-01 2.676266e+02 2.286807e-01 9.713125e-01 6.524764e-02 -8.611250e+01 3.922799e-01 -3.060011e-02 -9.193368e-01 2.946865e+02
-8.913848e-01 2.336639e-01 -3.883741e-01 2.670992e+02 2.260994e-01 9.718799e-01 6.579139e-02 -8.605181e+01 3.928260e-01 -2.916570e-02 -9.191502e-01 2.934539e+02
-8.907303e-01 2.342710e-01 -3.895082e-01 2.665585e+02 2.261757e-01 9.717623e-01 6.724932e-02 -8.598587e+01 3.942640e-01 -2.819630e-02 -9.185646e-01 2.922113e+02
-8.904508e-01 2.339682e-01 -3.903284e-01 2.659832e+02 2.248410e-01 9.719033e-01 6.964546e-02 -8.591659e+01 3.956563e-01 -2.574598e-02 -9.180377e-01 2.909354e+02
-8.894958e-01 2.349505e-01 -3.919126e-01 2.654603e+02 2.260123e-01 9.716398e-01 6.953164e-02 -8.583817e+01 3.971344e-01 -2.672896e-02 -9.173712e-01 2.896999e+02
-8.892583e-01 2.325638e-01 -3.938702e-01 2.649286e+02 2.242227e-01 9.721771e-01 6.779206e-02 -8.575933e+01 3.986776e-01 -2.802999e-02 -9.166627e-01 2.884555e+02
-8.895204e-01 2.296873e-01 -3.949647e-01 2.643900e+02 2.212114e-01 9.728824e-01 6.756722e-02 -8.568752e+01 3.997736e-01 -2.726828e-02 -9.162082e-01 2.872129e+02
-8.894017e-01 2.292700e-01 -3.954743e-01 2.638542e+02 2.205603e-01 9.729966e-01 6.805053e-02 -8.562450e+01 4.003971e-01 -2.670166e-02 -9.159526e-01 2.859533e+02
-8.893966e-01 2.280029e-01 -3.962176e-01 2.633236e+02 2.186620e-01 9.733387e-01 6.927219e-02 -8.554882e+01 4.014482e-01 -2.502727e-02 -9.155397e-01 2.846940e+02
-8.895264e-01 2.290650e-01 -3.953126e-01 2.627584e+02 2.196233e-01 9.730939e-01 6.966906e-02 -8.547555e+01 4.006350e-01 -2.484739e-02 -9.159007e-01 2.834301e+02
-8.898623e-01 2.296621e-01 -3.942086e-01 2.621677e+02 2.205788e-01 9.729326e-01 6.889995e-02 -8.540060e+01 3.993621e-01 -2.564259e-02 -9.164346e-01 2.821410e+02
-8.902975e-01 2.291048e-01 -3.935498e-01 2.616152e+02 2.208892e-01 9.730128e-01 6.673818e-02 -8.532573e+01 3.982190e-01 -2.751407e-02 -9.168776e-01 2.808872e+02
-8.907916e-01 2.277767e-01 -3.932025e-01 2.610665e+02 2.196878e-01 9.733259e-01 6.613600e-02 -8.525123e+01 3.977784e-01 -2.746841e-02 -9.170702e-01 2.796150e+02
-8.912983e-01 2.264876e-01 -3.927986e-01 2.605255e+02 2.182207e-01 9.736487e-01 6.624145e-02 -8.518578e+01 3.974507e-01 -2.667591e-02 -9.172357e-01 2.783457e+02
-8.915596e-01 2.260710e-01 -3.924453e-01 2.599848e+02 2.174807e-01 9.737710e-01 6.687405e-02 -8.512432e+01 3.972702e-01 -2.572708e-02 -9.173410e-01 2.770710e+02
-8.918534e-01 2.247809e-01 -3.925188e-01 2.594616e+02 2.160612e-01 9.740850e-01 6.690317e-02 -8.505225e+01 3.973852e-01 -2.514027e-02 -9.173074e-01 2.758054e+02
-8.918273e-01 2.247779e-01 -3.925799e-01 2.589330e+02 2.162489e-01 9.740732e-01 6.646669e-02 -8.498964e+01 3.973418e-01 -2.561815e-02 -9.173130e-01 2.745342e+02
-8.914632e-01 2.265709e-01 -3.923760e-01 2.583616e+02 2.186988e-01 9.736040e-01 6.531589e-02 -8.492363e+01 3.968175e-01 -2.758544e-02 -9.174829e-01 2.732253e+02
-8.914323e-01 2.262909e-01 -3.926079e-01 2.578211e+02 2.187803e-01 9.736441e-01 6.443843e-02 -8.486200e+01 3.968422e-01 -2.845236e-02 -9.174458e-01 2.719466e+02
-8.917130e-01 2.256460e-01 -3.923415e-01 2.572612e+02 2.181754e-01 9.737964e-01 6.418750e-02 -8.478708e+01 3.965444e-01 -2.836245e-02 -9.175773e-01 2.706482e+02
-8.914084e-01 2.271044e-01 -3.921921e-01 2.567042e+02 2.195336e-01 9.734560e-01 6.471832e-02 -8.471971e+01 3.964796e-01 -2.840889e-02 -9.176039e-01 2.693432e+02
-8.911698e-01 2.275321e-01 -3.924864e-01 2.561687e+02 2.197503e-01 9.733669e-01 6.532053e-02 -8.464752e+01 3.968958e-01 -2.803732e-02 -9.174354e-01 2.680578e+02
-8.905513e-01 2.295225e-01 -3.927311e-01 2.556134e+02 2.216961e-01 9.728887e-01 6.586733e-02 -8.458461e+01 3.972017e-01 -2.840869e-02 -9.172915e-01 2.667501e+02
-8.900991e-01 2.304730e-01 -3.931995e-01 2.550579e+02 2.228767e-01 9.726385e-01 6.557623e-02 -8.451250e+01 3.975546e-01 -2.926569e-02 -9.171117e-01 2.654516e+02
-8.892184e-01 2.320613e-01 -3.942564e-01 2.544990e+02 2.254472e-01 9.721679e-01 6.374230e-02 -8.444302e+01 3.980756e-01 -3.220316e-02 -9.167872e-01 2.641396e+02
-8.886039e-01 2.328344e-01 -3.951852e-01 2.539482e+02 2.273629e-01 9.718747e-01 6.136433e-02 -8.436897e+01 3.983582e-01 -3.532189e-02 -9.165496e-01 2.628940e+02
-8.877693e-01 2.337568e-01 -3.965140e-01 2.534000e+02 2.283528e-01 9.716316e-01 6.153857e-02 -8.429195e+01 3.996506e-01 -3.591302e-02 -9.159638e-01 2.616083e+02
-8.877581e-01 2.314775e-01 -3.978740e-01 2.528293e+02 2.256059e-01 9.722282e-01 6.224454e-02 -8.422351e+01 4.012325e-01 -3.450461e-02 -9.153261e-01 2.603067e+02
-8.874776e-01 2.279598e-01 -4.005220e-01 2.522597e+02 2.215649e-01 9.731142e-01 6.291064e-02 -8.416106e+01 4.040948e-01 -3.290983e-02 -9.141249e-01 2.589707e+02
-8.872213e-01 2.254194e-01 -4.025226e-01 2.516647e+02 2.179090e-01 9.737995e-01 6.503926e-02 -8.408836e+01 4.066374e-01 -3.000910e-02 -9.130966e-01 2.576205e+02
-8.859537e-01 2.259836e-01 -4.049906e-01 2.510738e+02 2.171827e-01 9.737429e-01 6.823881e-02 -8.403278e+01 4.097776e-01 -2.750052e-02 -9.117708e-01 2.562653e+02
-8.853292e-01 2.250189e-01 -4.068891e-01 2.504881e+02 2.165007e-01 9.739434e-01 6.754017e-02 -8.395508e+01 4.114848e-01 -2.829647e-02 -9.109773e-01 2.549433e+02
-8.844338e-01 2.239956e-01 -4.093932e-01 2.498965e+02 2.162984e-01 9.741144e-01 6.569667e-02 -8.388737e+01 4.135116e-01 -3.044673e-02 -9.099897e-01 2.536279e+02
-8.840580e-01 2.219773e-01 -4.112999e-01 2.493165e+02 2.146014e-01 9.745567e-01 6.469568e-02 -8.381314e+01 4.151960e-01 -3.107081e-02 -9.092012e-01 2.523056e+02
-8.837465e-01 2.208337e-01 -4.125829e-01 2.487238e+02 2.136166e-01 9.748059e-01 6.419831e-02 -8.375214e+01 4.163654e-01 -3.139952e-02 -9.086550e-01 2.510145e+02
-8.829833e-01 2.225151e-01 -4.133128e-01 2.481237e+02 2.149276e-01 9.744348e-01 6.544425e-02 -8.368326e+01 4.173087e-01 -3.104614e-02 -9.082343e-01 2.496890e+02
-8.824456e-01 2.249217e-01 -4.131586e-01 2.474998e+02 2.161896e-01 9.739480e-01 6.846391e-02 -8.360639e+01 4.177940e-01 -2.890492e-02 -9.080819e-01 2.483783e+02
-8.820315e-01 2.258844e-01 -4.135174e-01 2.468905e+02 2.167172e-01 9.737464e-01 6.965306e-02 -8.352027e+01 4.183946e-01 -2.818014e-02 -9.078281e-01 2.470460e+02
-8.811921e-01 2.278918e-01 -4.142051e-01 2.462880e+02 2.191527e-01 9.732313e-01 6.923090e-02 -8.344941e+01 4.188946e-01 -2.976846e-02 -9.075468e-01 2.457277e+02
-8.805593e-01 2.290403e-01 -4.149167e-01 2.456996e+02 2.202891e-01 9.729503e-01 6.957344e-02 -8.337399e+01 4.196284e-01 -3.013811e-02 -9.071955e-01 2.444185e+02
-8.799507e-01 2.315374e-01 -4.148219e-01 2.450808e+02 2.220259e-01 9.723954e-01 7.177565e-02 -8.330098e+01 4.199896e-01 -2.894216e-02 -9.070673e-01 2.430921e+02
-8.798823e-01 2.327796e-01 -4.142714e-01 2.444399e+02 2.231388e-01 9.721021e-01 7.229472e-02 -8.321832e+01 4.195428e-01 -2.882919e-02 -9.072776e-01 2.417455e+02
-8.797171e-01 2.335107e-01 -4.142108e-01 2.438173e+02 2.244319e-01 9.718823e-01 7.123981e-02 -8.313070e+01 4.191994e-01 -3.029123e-02 -9.073887e-01 2.403772e+02
-8.801766e-01 2.326203e-01 -4.137353e-01 2.431797e+02 2.241937e-01 9.720571e-01 6.958592e-02 -8.305043e+01 4.183614e-01 -3.150895e-02 -9.077339e-01 2.390393e+02
-8.813077e-01 2.301126e-01 -4.127286e-01 2.425388e+02 2.214011e-01 9.726991e-01 6.955618e-02 -8.297799e+01 4.174665e-01 -3.007819e-02 -9.081944e-01 2.376770e+02
-8.820676e-01 2.286807e-01 -4.119004e-01 2.419390e+02 2.200027e-01 9.730492e-01 6.909510e-02 -8.289930e+01 4.166001e-01 -2.967267e-02 -9.086055e-01 2.363215e+02
-8.831569e-01 2.264421e-01 -4.108015e-01 2.413294e+02 2.176372e-01 9.736029e-01 6.878483e-02 -8.280995e+01 4.155333e-01 -2.865789e-02 -9.091264e-01 2.349642e+02
-8.845213e-01 2.237549e-01 -4.093357e-01 2.407083e+02 2.146505e-01 9.742695e-01 6.873246e-02 -8.270951e+01 4.141825e-01 -2.706880e-02 -9.097913e-01 2.336047e+02
-8.854130e-01 2.233343e-01 -4.076342e-01 2.401157e+02 2.137676e-01 9.744065e-01 6.953741e-02 -8.263963e+01 4.127315e-01 -2.556965e-02 -9.104938e-01 2.322320e+02
-8.865141e-01 2.221567e-01 -4.058808e-01 2.395102e+02 2.130296e-01 9.746637e-01 6.818344e-02 -8.256353e+01 4.107447e-01 -2.601902e-02 -9.113791e-01 2.308982e+02
-8.880538e-01 2.180990e-01 -4.047138e-01 2.389201e+02 2.105037e-01 9.755092e-01 6.379572e-02 -8.250059e+01 4.087159e-01 -2.853974e-02 -9.122153e-01 2.295653e+02
-8.897746e-01 2.133387e-01 -4.034696e-01 2.383335e+02 2.071240e-01 9.764999e-01 5.956214e-02 -8.243829e+01 4.066949e-01 -3.057136e-02 -9.130524e-01 2.282150e+02
-8.916833e-01 2.095379e-01 -4.012414e-01 2.377607e+02 2.032385e-01 9.773654e-01 5.874434e-02 -8.236075e+01 4.044687e-01 -2.916638e-02 -9.140866e-01 2.269053e+02
-8.935631e-01 2.072618e-01 -3.982304e-01 2.371829e+02 1.998004e-01 9.779568e-01 6.066535e-02 -8.229780e+01 4.020258e-01 -2.535828e-02 -9.152771e-01 2.256067e+02
-8.950534e-01 2.058143e-01 -3.956259e-01 2.366035e+02 1.977182e-01 9.783194e-01 6.163328e-02 -8.223038e+01 3.997335e-01 -2.305737e-02 -9.163414e-01 2.242649e+02
-8.959225e-01 2.067304e-01 -3.931735e-01 2.360496e+02 1.981109e-01 9.781605e-01 6.288194e-02 -8.218047e+01 3.975864e-01 -2.155462e-02 -9.173115e-01 2.229268e+02
-8.968279e-01 2.077088e-01 -3.905852e-01 2.354905e+02 1.994350e-01 9.779393e-01 6.213179e-02 -8.211649e+01 3.948740e-01 -2.217485e-02 -9.184676e-01 2.216090e+02
-8.976428e-01 2.104547e-01 -3.872289e-01 2.349233e+02 2.021169e-01 9.773554e-01 6.265085e-02 -8.205307e+01 3.916454e-01 -2.202743e-02 -9.198525e-01 2.202635e+02
-8.988005e-01 2.120247e-01 -3.836708e-01 2.343530e+02 2.038745e-01 9.770118e-01 6.231408e-02 -8.198631e+01 3.880630e-01 -2.221278e-02 -9.213651e-01 2.189305e+02
-8.999639e-01 2.135109e-01 -3.801028e-01 2.337844e+02 2.061430e-01 9.766485e-01 6.052009e-02 -8.192409e+01 3.841486e-01 -2.388964e-02 -9.229622e-01 2.175723e+02
-9.018614e-01 2.146374e-01 -3.749357e-01 2.332302e+02 2.077377e-01 9.763879e-01 5.926022e-02 -8.186252e+01 3.788021e-01 -2.444376e-02 -9.251548e-01 2.162233e+02
-9.044502e-01 2.148137e-01 -3.685443e-01 2.326820e+02 2.081361e-01 9.763607e-01 5.830217e-02 -8.180119e+01 3.723562e-01 -2.397595e-02 -9.277801e-01 2.148592e+02
-9.073231e-01 2.132417e-01 -3.623435e-01 2.321528e+02 2.082643e-01 9.766221e-01 5.324649e-02 -8.175820e+01 3.652271e-01 -2.715146e-02 -9.305224e-01 2.135257e+02
-9.106383e-01 2.089815e-01 -3.564612e-01 2.316490e+02 2.045530e-01 9.775498e-01 5.054137e-02 -8.171130e+01 3.590208e-01 -2.689031e-02 -9.329421e-01 2.121729e+02
-9.136332e-01 2.066917e-01 -3.500755e-01 2.311457e+02 2.020628e-01 9.780884e-01 5.013613e-02 -8.166709e+01 3.527675e-01 -2.493121e-02 -9.353788e-01 2.108008e+02
-9.164161e-01 2.046368e-01 -3.439553e-01 2.306511e+02 1.999451e-01 9.785574e-01 4.947130e-02 -8.162507e+01 3.467036e-01 -2.343588e-02 -9.376819e-01 2.094281e+02
-9.194323e-01 2.028301e-01 -3.369039e-01 2.301621e+02 1.980057e-01 9.789747e-01 4.901304e-02 -8.158059e+01 3.397617e-01 -2.164472e-02 -9.402625e-01 2.080555e+02
-9.210672e-01 2.056713e-01 -3.306577e-01 2.297099e+02 2.002060e-01 9.784305e-01 5.090401e-02 -8.154707e+01 3.339951e-01 -1.931365e-02 -9.423769e-01 2.066984e+02
-9.236017e-01 2.032311e-01 -3.250494e-01 2.292549e+02 1.992047e-01 9.788776e-01 4.600095e-02 -8.149678e+01 3.275324e-01 -2.226481e-02 -9.445776e-01 2.053730e+02
-9.254422e-01 2.033664e-01 -3.196855e-01 2.288062e+02 2.003973e-01 9.787910e-01 4.253243e-02 -8.146844e+01 3.215550e-01 -2.470283e-02 -9.465686e-01 2.040070e+02
-9.267734e-01 2.037243e-01 -3.155749e-01 2.283398e+02 2.012120e-01 9.786936e-01 4.089614e-02 -8.143531e+01 3.171827e-01 -2.559601e-02 -9.480190e-01 2.025896e+02
-9.280226e-01 2.051382e-01 -3.109540e-01 2.278992e+02 2.022054e-01 9.784415e-01 4.201426e-02 -8.141290e+01 3.128691e-01 -2.388641e-02 -9.494959e-01 2.012324e+02
-9.285022e-01 2.091449e-01 -3.068259e-01 2.274255e+02 2.061505e-01 9.775958e-01 4.252581e-02 -8.137726e+01 3.088458e-01 -2.376701e-02 -9.508151e-01 1.998486e+02
-9.291205e-01 2.105979e-01 -3.039469e-01 2.269793e+02 2.073150e-01 9.773100e-01 4.342479e-02 -8.134047e+01 3.061955e-01 -2.266587e-02 -9.516988e-01 1.984570e+02
-9.295898e-01 2.111094e-01 -3.021517e-01 2.265349e+02 2.087431e-01 9.771317e-01 4.049718e-02 -8.130355e+01 3.037913e-01 -2.542630e-02 -9.523993e-01 1.970743e+02
-9.305730e-01 2.095588e-01 -3.001983e-01 2.260960e+02 2.080668e-01 9.774026e-01 3.731546e-02 -8.127445e+01 3.012344e-01 -2.773654e-02 -9.531466e-01 1.956893e+02
-9.315250e-01 2.083007e-01 -2.981140e-01 2.256804e+02 2.070011e-01 9.776670e-01 3.630146e-02 -8.124995e+01 2.990178e-01 -2.789421e-02 -9.538397e-01 1.943171e+02
-9.329474e-01 2.061702e-01 -2.951323e-01 2.252364e+02 2.045593e-01 9.781667e-01 3.668090e-02 -8.122194e+01 2.962511e-01 -2.615072e-02 -9.547520e-01 1.929245e+02
-9.338597e-01 2.054690e-01 -2.927261e-01 2.248247e+02 2.035572e-01 9.783512e-01 3.732814e-02 -8.119621e+01 2.940587e-01 -2.472726e-02 -9.554674e-01 1.915483e+02
-9.346434e-01 2.045698e-01 -2.908487e-01 2.244294e+02 2.025114e-01 9.785615e-01 3.750447e-02 -8.117592e+01 2.922856e-01 -2.384688e-02 -9.560337e-01 1.901517e+02
-9.356330e-01 2.039177e-01 -2.881119e-01 2.240131e+02 2.019185e-01 9.787041e-01 3.697691e-02 -8.114934e+01 2.895166e-01 -2.357831e-02 -9.568826e-01 1.887634e+02
-9.362730e-01 2.042483e-01 -2.857891e-01 2.235932e+02 2.026958e-01 9.786039e-01 3.533954e-02 -8.112027e+01 2.868924e-01 -2.484078e-02 -9.576407e-01 1.873705e+02
-9.365541e-01 2.066285e-01 -2.831451e-01 2.231532e+02 2.051665e-01 9.780956e-01 3.515157e-02 -8.108985e+01 2.842063e-01 -2.517053e-02 -9.584327e-01 1.859306e+02
-9.370952e-01 2.075829e-01 -2.806454e-01 2.227293e+02 2.063360e-01 9.778788e-01 3.432951e-02 -8.106021e+01 2.815634e-01 -2.573723e-02 -9.591974e-01 1.845211e+02
-9.375532e-01 2.084504e-01 -2.784645e-01 2.223100e+02 2.076198e-01 9.776589e-01 3.281860e-02 -8.103390e+01 2.790844e-01 -2.704555e-02 -9.598856e-01 1.830904e+02
-9.383173e-01 2.066309e-01 -2.772442e-01 2.219160e+02 2.064671e-01 9.779898e-01 3.012234e-02 -8.101814e+01 2.773662e-01 -2.897751e-02 -9.603272e-01 1.817016e+02
-9.398823e-01 2.020208e-01 -2.753340e-01 2.215117e+02 2.015166e-01 9.790122e-01 3.043198e-02 -8.099602e+01 2.757033e-01 -2.688189e-02 -9.608668e-01 1.802915e+02
-9.412541e-01 1.982229e-01 -2.734014e-01 2.211069e+02 1.965049e-01 9.799151e-01 3.394484e-02 -8.097660e+01 2.746388e-01 -2.177399e-02 -9.613009e-01 1.788666e+02
-9.421229e-01 1.958649e-01 -2.721055e-01 2.206981e+02 1.937362e-01 9.804311e-01 3.494513e-02 -8.094621e+01 2.736252e-01 -1.979406e-02 -9.616327e-01 1.774167e+02
-9.430534e-01 1.932078e-01 -2.707786e-01 2.202883e+02 1.910510e-01 9.809713e-01 3.456724e-02 -8.091075e+01 2.723047e-01 -1.913376e-02 -9.620208e-01 1.759922e+02
-9.432498e-01 1.935993e-01 -2.698131e-01 2.198866e+02 1.915393e-01 9.808886e-01 3.420859e-02 -8.088667e+01 2.712793e-01 -1.941256e-02 -9.623049e-01 1.745808e+02
-9.431917e-01 1.949720e-01 -2.690265e-01 2.195069e+02 1.928448e-01 9.806197e-01 3.458302e-02 -8.086737e+01 2.705554e-01 -1.926195e-02 -9.625117e-01 1.731849e+02
-9.434751e-01 1.949072e-01 -2.680781e-01 2.191144e+02 1.931483e-01 9.806081e-01 3.318770e-02 -8.084348e+01 2.693481e-01 -2.046707e-02 -9.628254e-01 1.717925e+02
-9.437117e-01 1.945507e-01 -2.675037e-01 2.187146e+02 1.936871e-01 9.806082e-01 2.988052e-02 -8.081485e+01 2.681296e-01 -2.361343e-02 -9.630934e-01 1.703755e+02
-9.441766e-01 1.930910e-01 -2.669202e-01 2.183507e+02 1.926873e-01 9.808616e-01 2.796611e-02 -8.080137e+01 2.672118e-01 -2.502717e-02 -9.633128e-01 1.690064e+02
-9.447497e-01 1.913165e-01 -2.661692e-01 2.179772e+02 1.910809e-01 9.812019e-01 2.703749e-02 -8.079029e+01 2.663385e-01 -2.531619e-02 -9.635470e-01 1.676119e+02
-9.454523e-01 1.890509e-01 -2.652917e-01 2.175958e+02 1.887661e-01 9.816559e-01 2.681396e-02 -8.075883e+01 2.654944e-01 -2.472678e-02 -9.637953e-01 1.662068e+02
-9.462372e-01 1.871812e-01 -2.638149e-01 2.172141e+02 1.868243e-01 9.820311e-01 2.667638e-02 -8.074772e+01 2.640677e-01 -2.404485e-02 -9.642044e-01 1.647963e+02
-9.468373e-01 1.868156e-01 -2.619142e-01 2.168140e+02 1.867735e-01 9.820775e-01 2.528802e-02 -8.072021e+01 2.619443e-01 -2.497501e-02 -9.647598e-01 1.633789e+02
-9.476170e-01 1.861568e-01 -2.595529e-01 2.164151e+02 1.860710e-01 9.822149e-01 2.512766e-02 -8.070219e+01 2.596144e-01 -2.448386e-02 -9.654019e-01 1.619522e+02
-9.476253e-01 1.875263e-01 -2.585346e-01 2.160470e+02 1.875871e-01 9.819382e-01 2.466599e-02 -8.069120e+01 2.584905e-01 -2.512362e-02 -9.656870e-01 1.605433e+02
-9.479762e-01 1.872001e-01 -2.574825e-01 2.156788e+02 1.877049e-01 9.819597e-01 2.284877e-02 -8.068210e+01 2.571147e-01 -2.667063e-02 -9.660128e-01 1.591434e+02
-9.483257e-01 1.869610e-01 -2.563667e-01 2.152868e+02 1.880471e-01 9.819460e-01 2.050063e-02 -8.066532e+01 2.555711e-01 -2.876775e-02 -9.663622e-01 1.577234e+02
-9.479885e-01 1.885824e-01 -2.564263e-01 2.149166e+02 1.899475e-01 9.815972e-01 1.966989e-02 -8.066299e+01 2.554167e-01 -3.006070e-02 -9.663636e-01 1.563101e+02
-9.481052e-01 1.882025e-01 -2.562741e-01 2.145015e+02 1.895227e-01 9.816773e-01 1.977068e-02 -8.065876e+01 2.552994e-01 -2.982508e-02 -9.664019e-01 1.548671e+02
-9.478399e-01 1.867578e-01 -2.583041e-01 2.141299e+02 1.881313e-01 9.819479e-01 1.962075e-02 -8.065661e+01 2.573055e-01 -2.999775e-02 -9.658644e-01 1.534898e+02
-9.472532e-01 1.847516e-01 -2.618745e-01 2.137586e+02 1.859073e-01 9.823517e-01 2.058170e-02 -8.065170e+01 2.610554e-01 -2.918829e-02 -9.648824e-01 1.520994e+02
-9.463087e-01 1.839645e-01 -2.658138e-01 2.133743e+02 1.844007e-01 9.825692e-01 2.354199e-02 -8.066583e+01 2.655113e-01 -2.673826e-02 -9.637369e-01 1.506949e+02
-9.453900e-01 1.818136e-01 -2.705210e-01 2.129841e+02 1.813965e-01 9.830457e-01 2.676553e-02 -8.065779e+01 2.708009e-01 -2.376770e-02 -9.623419e-01 1.492935e+02
-9.438049e-01 1.810689e-01 -2.764892e-01 2.125861e+02 1.798355e-01 9.832381e-01 3.003460e-02 -8.064777e+01 2.772930e-01 -2.137576e-02 -9.605476e-01 1.478923e+02
-9.420127e-01 1.805048e-01 -2.828958e-01 2.121702e+02 1.784084e-01 9.833901e-01 3.338221e-02 -8.063073e+01 2.842225e-01 -1.902451e-02 -9.585696e-01 1.464929e+02
-9.399130e-01 1.791378e-01 -2.906427e-01 2.117428e+02 1.764787e-01 9.836618e-01 3.556389e-02 -8.060758e+01 2.922649e-01 -1.786528e-02 -9.561705e-01 1.451059e+02
-9.374660e-01 1.761036e-01 -3.002416e-01 2.113187e+02 1.736401e-01 9.841837e-01 3.509380e-02 -8.058423e+01 3.016730e-01 -1.923473e-02 -9.532174e-01 1.437273e+02
-9.349022e-01 1.729803e-01 -3.098961e-01 2.108843e+02 1.707589e-01 9.847086e-01 3.450294e-02 -8.056118e+01 3.111257e-01 -2.066064e-02 -9.501442e-01 1.423604e+02
-9.319848e-01 1.709469e-01 -3.196584e-01 2.104281e+02 1.683417e-01 9.850716e-01 3.598553e-02 -8.054005e+01 3.210380e-01 -2.027387e-02 -9.468493e-01 1.409804e+02
-9.290120e-01 1.690737e-01 -3.291669e-01 2.099582e+02 1.659079e-01 9.854125e-01 3.790429e-02 -8.051576e+01 3.307738e-01 -1.939786e-02 -9.435107e-01 1.396196e+02
-9.253302e-01 1.701324e-01 -3.388494e-01 2.094742e+02 1.668468e-01 9.852097e-01 3.903689e-02 -8.048340e+01 3.404792e-01 -2.041395e-02 -9.400304e-01 1.382510e+02
-9.218452e-01 1.707018e-01 -3.479401e-01 2.089669e+02 1.668131e-01 9.851212e-01 4.134672e-02 -8.044852e+01 3.498212e-01 -1.992569e-02 -9.366046e-01 1.369031e+02
-9.177112e-01 1.723924e-01 -3.578924e-01 2.084515e+02 1.683176e-01 9.848046e-01 4.276686e-02 -8.041654e+01 3.598268e-01 -2.099195e-02 -9.327829e-01 1.355529e+02
-9.127439e-01 1.754641e-01 -3.689321e-01 2.079490e+02 1.712931e-01 9.842230e-01 4.431449e-02 -8.036551e+01 3.708871e-01 -2.274774e-02 -9.283993e-01 1.341370e+02
-9.077377e-01 1.791430e-01 -3.793680e-01 2.074054e+02 1.752255e-01 9.834927e-01 4.514607e-02 -8.032001e+01 3.811933e-01 -2.549417e-02 -9.241438e-01 1.328056e+02
-9.028377e-01 1.801327e-01 -3.904309e-01 2.068516e+02 1.759633e-01 9.832856e-01 4.675752e-02 -8.027921e+01 3.923277e-01 -2.648708e-02 -9.194441e-01 1.314962e+02
-8.972738e-01 1.843339e-01 -4.011493e-01 2.062671e+02 1.799443e-01 9.824575e-01 4.896173e-02 -8.023834e+01 4.031374e-01 -2.825244e-02 -9.147032e-01 1.301813e+02
-8.918780e-01 1.879224e-01 -4.113865e-01 2.056801e+02 1.823716e-01 9.817943e-01 5.310803e-02 -8.019165e+01 4.138771e-01 -2.765935e-02 -9.099125e-01 1.288789e+02
-8.856875e-01 1.924528e-01 -4.225158e-01 2.050932e+02 1.860580e-01 9.808972e-01 5.677228e-02 -8.014623e+01 4.253706e-01 -2.832995e-02 -9.045758e-01 1.275959e+02
-8.801885e-01 1.946507e-01 -4.328734e-01 2.044677e+02 1.878250e-01 9.804315e-01 5.895566e-02 -8.008809e+01 4.358785e-01 -2.941235e-02 -8.995248e-01 1.263106e+02
-8.754188e-01 1.948024e-01 -4.423730e-01 2.038320e+02 1.889544e-01 9.802862e-01 5.775196e-02 -8.002516e+01 4.449023e-01 -3.303117e-02 -8.949697e-01 1.250373e+02
-8.708789e-01 1.954409e-01 -4.509688e-01 2.031969e+02 1.906150e-01 9.800305e-01 5.662358e-02 -7.996801e+01 4.530297e-01 -3.664914e-02 -8.907418e-01 1.237780e+02
-8.672077e-01 1.952097e-01 -4.580873e-01 2.025725e+02 1.904451e-01 9.800358e-01 5.710055e-02 -7.991854e+01 4.600885e-01 -3.772243e-02 -8.870714e-01 1.225320e+02
-8.629923e-01 1.975967e-01 -4.649729e-01 2.019450e+02 1.933606e-01 9.794500e-01 5.735259e-02 -7.987037e+01 4.667504e-01 -4.041260e-02 -8.834653e-01 1.212966e+02
-8.591664e-01 2.033888e-01 -4.695381e-01 2.012583e+02 1.995995e-01 9.781318e-01 5.846565e-02 -7.980111e+01 4.711614e-01 -4.348785e-02 -8.809743e-01 1.200760e+02
-8.561234e-01 2.035014e-01 -4.750157e-01 2.005753e+02 1.991472e-01 9.781241e-01 6.011400e-02 -7.974198e+01 4.768576e-01 -4.313302e-02 -8.779216e-01 1.187740e+02
-8.523465e-01 2.044824e-01 -4.813444e-01 1.998901e+02 2.011960e-01 9.777665e-01 5.909977e-02 -7.967336e+01 4.827273e-01 -4.647108e-02 -8.745369e-01 1.175193e+02
-8.498247e-01 2.030623e-01 -4.863782e-01 1.992101e+02 1.995815e-01 9.780656e-01 5.962233e-02 -7.961371e+01 4.878169e-01 -4.640355e-02 -8.717118e-01 1.162995e+02
-8.483338e-01 1.986642e-01 -4.907772e-01 1.985101e+02 1.947399e-01 9.790369e-01 5.969136e-02 -7.955220e+01 4.923475e-01 -4.493572e-02 -8.692380e-01 1.150439e+02
-8.452308e-01 2.005253e-01 -4.953530e-01 1.978105e+02 1.966303e-01 9.786009e-01 6.063609e-02 -7.948698e+01 4.969119e-01 -4.614992e-02 -8.665730e-01 1.138121e+02
-8.434232e-01 2.017889e-01 -4.979141e-01 1.970602e+02 1.960054e-01 9.784773e-01 6.452995e-02 -7.942392e+01 5.002191e-01 -4.316778e-02 -8.648222e-01 1.125602e+02
-8.414798e-01 2.020481e-01 -5.010871e-01 1.963530e+02 1.949317e-01 9.785117e-01 6.720459e-02 -7.935622e+01 5.038981e-01 -4.112645e-02 -8.627835e-01 1.113459e+02
-8.400806e-01 1.999519e-01 -5.042656e-01 1.956273e+02 1.928612e-01 9.789445e-01 6.687518e-02 -7.928788e+01 5.070198e-01 -4.107271e-02 -8.609552e-01 1.100919e+02
-8.385839e-01 1.970130e-01 -5.079005e-01 1.949036e+02 1.905684e-01 9.794996e-01 6.530133e-02 -7.921703e+01 5.103535e-01 -4.202914e-02 -8.589370e-01 1.088562e+02
-8.365972e-01 1.965957e-01 -5.113269e-01 1.941730e+02 1.885192e-01 9.796963e-01 6.823307e-02 -7.914375e+01 5.143594e-01 -3.931136e-02 -8.566732e-01 1.076249e+02
-8.335945e-01 1.987677e-01 -5.153752e-01 1.934353e+02 1.886280e-01 9.793600e-01 7.261882e-02 -7.907726e+01 5.191721e-01 -3.667952e-02 -8.538823e-01 1.063925e+02
-8.292407e-01 1.997023e-01 -5.219951e-01 1.926927e+02 1.897330e-01 9.791054e-01 7.317173e-02 -7.899529e+01 5.257008e-01 -3.836273e-02 -8.498041e-01 1.051705e+02
-8.250306e-01 1.986561e-01 -5.290182e-01 1.919253e+02 1.891609e-01 9.792497e-01 7.272036e-02 -7.891213e+01 5.324872e-01 -4.007301e-02 -8.454889e-01 1.039394e+02
-8.203449e-01 1.978635e-01 -5.365484e-01 1.911421e+02 1.889613e-01 9.793239e-01 7.223768e-02 -7.882273e+01 5.397479e-01 -4.212708e-02 -8.407720e-01 1.027228e+02
-8.157689e-01 1.997827e-01 -5.427780e-01 1.903590e+02 1.917367e-01 9.787946e-01 7.209836e-02 -7.873751e+01 5.456721e-01 -4.525487e-02 -8.367759e-01 1.015337e+02
-8.129423e-01 2.005922e-01 -5.467061e-01 1.895526e+02 1.927317e-01 9.785725e-01 7.245980e-02 -7.864188e+01 5.495264e-01 -4.646196e-02 -8.341834e-01 1.002988e+02
-8.108702e-01 2.016297e-01 -5.493951e-01 1.887448e+02 1.932888e-01 9.783638e-01 7.378128e-02 -7.855368e+01 5.523848e-01 -4.636491e-02 -8.322988e-01 9.908242e+01
-8.097042e-01 2.012555e-01 -5.512489e-01 1.879378e+02 1.915759e-01 9.785418e-01 7.585891e-02 -7.846951e+01 5.546871e-01 -4.418272e-02 -8.308851e-01 9.786093e+01
-8.088847e-01 2.009860e-01 -5.525487e-01 1.871135e+02 1.903473e-01 9.786663e-01 7.733114e-02 -7.838012e+01 5.563033e-01 -4.262418e-02 -8.298854e-01 9.663967e+01
-8.089325e-01 2.012488e-01 -5.523832e-01 1.862955e+02 1.904917e-01 9.786190e-01 7.757473e-02 -7.829377e+01 5.561845e-01 -4.247169e-02 -8.299729e-01 9.542805e+01
-8.094718e-01 2.025882e-01 -5.511020e-01 1.855325e+02 1.911099e-01 9.783881e-01 7.895419e-02 -7.821701e+01 5.551868e-01 -4.140988e-02 -8.306942e-01 9.424353e+01
-8.109385e-01 2.019649e-01 -5.491712e-01 1.847420e+02 1.899923e-01 9.785753e-01 7.933005e-02 -7.813425e+01 5.534273e-01 -4.000652e-02 -8.319361e-01 9.304292e+01
-8.124169e-01 1.999440e-01 -5.477236e-01 1.839243e+02 1.880524e-01 9.790204e-01 7.845623e-02 -7.803376e+01 5.519195e-01 -3.926158e-02 -8.329727e-01 9.180383e+01
-8.134635e-01 1.977166e-01 -5.469784e-01 1.832028e+02 1.877333e-01 9.793665e-01 7.481610e-02 -7.798251e+01 5.504847e-01 -4.182590e-02 -8.337969e-01 9.065554e+01
-8.142057e-01 1.939025e-01 -5.472393e-01 1.824311e+02 1.871530e-01 9.799213e-01 6.876012e-02 -7.789776e+01 5.495843e-01 -4.643258e-02 -8.341470e-01 8.945733e+01
-8.146916e-01 1.927556e-01 -5.469213e-01 1.816198e+02 1.877179e-01 9.800184e-01 6.577153e-02 -7.781660e+01 5.486707e-01 -4.908340e-02 -8.345964e-01 8.822298e+01
-8.147095e-01 1.958551e-01 -5.457923e-01 1.808522e+02 1.902657e-01 9.794131e-01 6.744663e-02 -7.775082e+01 5.477659e-01 -4.889612e-02 -8.352016e-01 8.703034e+01
-8.142773e-01 2.006065e-01 -5.447104e-01 1.800811e+02 1.945099e-01 9.784305e-01 6.956813e-02 -7.768887e+01 5.469171e-01 -4.930382e-02 -8.357337e-01 8.582754e+01
-8.140643e-01 2.031234e-01 -5.440957e-01 1.792895e+02 1.964227e-01 9.779308e-01 7.120051e-02 -7.761576e+01 5.465504e-01 -4.891096e-02 -8.359966e-01 8.461067e+01
-8.139705e-01 2.029809e-01 -5.442892e-01 1.785002e+02 1.963111e-01 9.779583e-01 7.113009e-02 -7.753920e+01 5.467302e-01 -4.895223e-02 -8.358766e-01 8.338361e+01
-8.139020e-01 2.010812e-01 -5.450962e-01 1.777087e+02 1.952661e-01 9.782970e-01 6.932646e-02 -7.747009e+01 5.472062e-01 -5.001387e-02 -8.355023e-01 8.215752e+01
-8.137242e-01 1.988965e-01 -5.461621e-01 1.769280e+02 1.934869e-01 9.787330e-01 6.815118e-02 -7.739799e+01 5.481019e-01 -5.021897e-02 -8.349026e-01 8.094693e+01
-8.136378e-01 1.983588e-01 -5.464863e-01 1.761256e+02 1.923365e-01 9.789036e-01 6.895299e-02 -7.732642e+01 5.486348e-01 -4.900648e-02 -8.346246e-01 7.972948e+01
-8.132357e-01 1.979069e-01 -5.472481e-01 1.753175e+02 1.911744e-01 9.790588e-01 6.997319e-02 -7.724423e+01 5.496363e-01 -4.771513e-02 -8.340403e-01 7.850954e+01
-8.124340e-01 1.986008e-01 -5.481868e-01 1.745653e+02 1.906826e-01 9.790018e-01 7.208039e-02 -7.717749e+01 5.509911e-01 -4.596910e-02 -8.332441e-01 7.732476e+01
-8.119366e-01 1.975510e-01 -5.493018e-01 1.737764e+02 1.886459e-01 9.793017e-01 7.335412e-02 -7.708676e+01 5.524234e-01 -4.406465e-02 -8.323981e-01 7.610235e+01
-8.105631e-01 1.972408e-01 -5.514377e-01 1.729918e+02 1.885615e-01 9.793351e-01 7.312500e-02 -7.701824e+01 5.544655e-01 -4.470746e-02 -8.310049e-01 7.489975e+01
-8.089969e-01 1.960473e-01 -5.541566e-01 1.721739e+02 1.882046e-01 9.795039e-01 7.177069e-02 -7.693332e+01 5.568690e-01 -4.623256e-02 -8.293127e-01 7.366767e+01
-8.072209e-01 1.961990e-01 -5.566870e-01 1.713691e+02 1.883290e-01 9.794548e-01 7.211404e-02 -7.684832e+01 5.593985e-01 -4.662834e-02 -8.275863e-01 7.244202e+01
-8.056641e-01 1.968340e-01 -5.587143e-01 1.705637e+02 1.876358e-01 9.794112e-01 7.447460e-02 -7.677079e+01 5.618702e-01 -4.483330e-02 -8.260096e-01 7.124150e+01
-8.043927e-01 1.965982e-01 -5.606261e-01 1.697476e+02 1.868510e-01 9.794914e-01 7.538831e-02 -7.668203e+01 5.639496e-01 -4.411171e-02 -8.246302e-01 7.002912e+01
-8.032376e-01 1.957313e-01 -5.625821e-01 1.689227e+02 1.856142e-01 9.796919e-01 7.583624e-02 -7.659845e+01 5.660006e-01 -4.350867e-02 -8.232559e-01 6.882474e+01
-8.023317e-01 1.959164e-01 -5.638090e-01 1.680914e+02 1.841625e-01 9.797655e-01 7.838241e-02 -7.652000e+01 5.677570e-01 -4.094379e-02 -8.221774e-01 6.762708e+01
-8.011547e-01 1.966678e-01 -5.652194e-01 1.672600e+02 1.836642e-01 9.796832e-01 8.055055e-02 -7.643072e+01 5.695776e-01 -3.927711e-02 -8.209986e-01 6.641163e+01
-8.000553e-01 1.975735e-01 -5.664593e-01 1.663984e+02 1.854970e-01 9.794143e-01 7.961459e-02 -7.634157e+01 5.705281e-01 -4.138044e-02 -8.202349e-01 6.518740e+01
-7.989742e-01 1.971875e-01 -5.681174e-01 1.655466e+02 1.866669e-01 9.793688e-01 7.740877e-02 -7.625280e+01 5.716605e-01 -4.420112e-02 -8.192988e-01 6.396091e+01
-7.979836e-01 1.985570e-01 -5.690319e-01 1.646838e+02 1.883818e-01 9.790375e-01 7.744590e-02 -7.616743e+01 5.724810e-01 -4.539468e-02 -8.186604e-01 6.272609e+01
-7.975606e-01 1.999159e-01 -5.691492e-01 1.638271e+02 1.885002e-01 9.788362e-01 7.967079e-02 -7.608538e+01 5.730312e-01 -4.374245e-02 -8.183653e-01 6.149800e+01
-7.978688e-01 1.987006e-01 -5.691427e-01 1.629660e+02 1.864185e-01 9.791659e-01 8.051295e-02 -7.598931e+01 5.732831e-01 -4.185995e-02 -8.182874e-01 6.026755e+01
-7.984278e-01 1.961115e-01 -5.692568e-01 1.620981e+02 1.829650e-01 9.797838e-01 8.091695e-02 -7.589560e+01 5.736173e-01 -3.954773e-02 -8.181682e-01 5.902912e+01
-7.987188e-01 1.925177e-01 -5.700748e-01 1.612468e+02 1.785916e-01 9.805893e-01 8.093021e-02 -7.579483e+01 5.745897e-01 -3.717010e-02 -8.175971e-01 5.779625e+01
-7.982940e-01 1.933574e-01 -5.703855e-01 1.604034e+02 1.784390e-01 9.804747e-01 8.263740e-02 -7.570303e+01 5.752270e-01 -3.581008e-02 -8.172096e-01 5.657769e+01
-7.974823e-01 1.978435e-01 -5.699825e-01 1.595374e+02 1.829678e-01 9.795237e-01 8.400046e-02 -7.560470e+01 5.749303e-01 -3.729958e-02 -8.173518e-01 5.535540e+01
-7.977230e-01 1.969468e-01 -5.699561e-01 1.586776e+02 1.858307e-01 9.794527e-01 7.835456e-02 -7.551275e+01 5.736767e-01 -4.341012e-02 -8.179307e-01 5.413698e+01
-7.984742e-01 1.915154e-01 -5.707547e-01 1.578196e+02 1.849901e-01 9.802357e-01 7.011832e-02 -7.541958e+01 5.729028e-01 -4.959632e-02 -8.181213e-01 5.290198e+01
-7.991910e-01 1.891065e-01 -5.705546e-01 1.569734e+02 1.818825e-01 9.808032e-01 7.031301e-02 -7.533902e+01 5.728984e-01 -4.758035e-02 -8.182442e-01 5.167714e+01
-7.995929e-01 1.906949e-01 -5.694617e-01 1.561301e+02 1.804965e-01 9.807142e-01 7.497163e-02 -7.526366e+01 5.727759e-01 -4.283910e-02 -8.185918e-01 5.044634e+01
-7.998727e-01 1.924689e-01 -5.684711e-01 1.552698e+02 1.813956e-01 9.804140e-01 7.670709e-02 -7.517401e+01 5.721008e-01 -4.176226e-02 -8.191194e-01 4.920712e+01
-7.995162e-01 1.961488e-01 -5.677143e-01 1.544106e+02 1.861303e-01 9.795569e-01 7.631422e-02 -7.508467e+01 5.710773e-01 -4.465438e-02 -8.196808e-01 4.798525e+01
-7.993546e-01 1.983110e-01 -5.671905e-01 1.535487e+02 1.888886e-01 9.790450e-01 7.610556e-02 -7.499657e+01 5.703975e-01 -4.630051e-02 -8.200627e-01 4.675608e+01
-7.989173e-01 2.003857e-01 -5.670773e-01 1.526857e+02 1.911910e-01 9.785721e-01 7.643765e-02 -7.491690e+01 5.702430e-01 -4.735269e-02 -8.201101e-01 4.550356e+01
-7.985572e-01 2.026826e-01 -5.667682e-01 1.518384e+02 1.939123e-01 9.780286e-01 7.653808e-02 -7.482668e+01 5.698284e-01 -4.878327e-02 -8.203144e-01 4.429809e+01
-7.981997e-01 2.039318e-01 -5.668237e-01 1.509862e+02 1.961617e-01 9.776600e-01 7.550805e-02 -7.474013e+01 5.695594e-01 -5.091861e-02 -8.203715e-01 4.306596e+01
-7.990344e-01 2.037212e-01 -5.657223e-01 1.501380e+02 1.963284e-01 9.776830e-01 7.477448e-02 -7.465632e+01 5.683302e-01 -5.131995e-02 -8.211985e-01 4.185645e+01
-7.997491e-01 2.040879e-01 -5.645790e-01 1.492882e+02 1.956681e-01 9.777010e-01 7.625426e-02 -7.457750e+01 5.675521e-01 -4.948583e-02 -8.218490e-01 4.063984e+01
-8.006910e-01 2.025005e-01 -5.638151e-01 1.484534e+02 1.932296e-01 9.781356e-01 7.689705e-02 -7.449940e+01 5.670593e-01 -4.737499e-02 -8.223134e-01 3.943346e+01
-8.016168e-01 1.996757e-01 -5.635070e-01 1.476172e+02 1.903791e-01 9.787647e-01 7.599627e-02 -7.440943e+01 5.667154e-01 -4.636007e-02 -8.226083e-01 3.819890e+01
-8.024204e-01 1.977960e-01 -5.630260e-01 1.467875e+02 1.876165e-01 9.792487e-01 7.662907e-02 -7.432225e+01 5.664994e-01 -4.414422e-02 -8.228789e-01 3.696734e+01
-8.027535e-01 1.978290e-01 -5.625394e-01 1.459705e+02 1.864049e-01 9.793397e-01 7.840273e-02 -7.424421e+01 5.664275e-01 -4.192202e-02 -8.230446e-01 3.574857e+01
-8.030210e-01 1.979121e-01 -5.621282e-01 1.451312e+02 1.866929e-01 9.793095e-01 7.809420e-02 -7.416409e+01 5.659533e-01 -4.223405e-02 -8.233548e-01 3.452379e+01
-8.038830e-01 1.967032e-01 -5.613198e-01 1.442876e+02 1.862239e-01 9.795202e-01 7.655622e-02 -7.408750e+01 5.648829e-01 -4.298893e-02 -8.240505e-01 3.332688e+01
-8.046351e-01 1.950484e-01 -5.608195e-01 1.434409e+02 1.854665e-01 9.798093e-01 7.467175e-02 -7.400675e+01 5.640607e-01 -4.392973e-02 -8.245639e-01 3.208460e+01
-8.051802e-01 1.929971e-01 -5.607467e-01 1.426048e+02 1.841424e-01 9.801888e-01 7.294863e-02 -7.392710e+01 5.637165e-01 -4.452047e-02 -8.247676e-01 3.082374e+01
-8.060032e-01 1.915634e-01 -5.600556e-01 1.417749e+02 1.829041e-01 9.804804e-01 7.214080e-02 -7.384990e+01 5.629431e-01 -4.429073e-02 -8.253081e-01 2.961302e+01
-8.062953e-01 1.924353e-01 -5.593358e-01 1.409479e+02 1.834695e-01 9.803261e-01 7.279840e-02 -7.376004e+01 5.623405e-01 -4.392403e-02 -8.257383e-01 2.836096e+01
-8.068525e-01 1.929952e-01 -5.583385e-01 1.400997e+02 1.833067e-01 9.802708e-01 7.394447e-02 -7.366814e+01 5.615938e-01 -4.268492e-02 -8.263113e-01 2.711847e+01
-8.074866e-01 1.918550e-01 -5.578145e-01 1.392946e+02 1.816992e-01 9.805489e-01 7.422465e-02 -7.359250e+01 5.612048e-01 -4.141902e-02 -8.266400e-01 2.588817e+01
-8.071595e-01 1.944515e-01 -5.573886e-01 1.384606e+02 1.843465e-01 9.800009e-01 7.493095e-02 -7.350497e+01 5.608118e-01 -4.227138e-02 -8.268635e-01 2.465256e+01
-8.086274e-01 1.898650e-01 -5.568420e-01 1.376414e+02 1.791852e-01 9.810069e-01 7.428457e-02 -7.342657e+01 5.603699e-01 -3.970934e-02 -8.272900e-01 2.342191e+01
-8.088420e-01 1.870663e-01 -5.574772e-01 1.368108e+02 1.773818e-01 9.815055e-01 7.198997e-02 -7.334202e+01 5.606338e-01 -4.065780e-02 -8.270651e-01 2.217505e+01
-8.103603e-01 1.811501e-01 -5.572260e-01 1.360206e+02 1.712524e-01 9.827071e-01 7.042265e-02 -7.326792e+01 5.603470e-01 -3.835857e-02 -8.273692e-01 2.098691e+01
-8.110060e-01 1.810017e-01 -5.563342e-01 1.352065e+02 1.686190e-01 9.829014e-01 7.397670e-02 -7.319814e+01 5.602115e-01 -3.381299e-02 -8.276592e-01 1.976059e+01
-8.108264e-01 1.837733e-01 -5.556869e-01 1.343800e+02 1.699622e-01 9.824448e-01 7.690898e-02 -7.311883e+01 5.600655e-01 -3.208591e-02 -8.278267e-01 1.851892e+01
-8.113700e-01 1.832157e-01 -5.550772e-01 1.335480e+02 1.707032e-01 9.824816e-01 7.476903e-02 -7.303832e+01 5.590520e-01 -3.408811e-02 -8.284316e-01 1.728598e+01
-8.115660e-01 1.831773e-01 -5.548033e-01 1.327261e+02 1.718206e-01 9.824182e-01 7.302219e-02 -7.295610e+01 5.584248e-01 -3.606431e-02 -8.287708e-01 1.606691e+01
-8.119909e-01 1.822575e-01 -5.544844e-01 1.319238e+02 1.693325e-01 9.826982e-01 7.503839e-02 -7.288299e+01 5.585671e-01 -3.296175e-02 -8.288041e-01 1.485836e+01
-8.131795e-01 1.769529e-01 -5.544608e-01 1.311113e+02 1.628880e-01 9.837841e-01 7.507524e-02 -7.277895e+01 5.587545e-01 -2.926535e-02 -8.288166e-01 1.362228e+01
-8.132234e-01 1.787089e-01 -5.538329e-01 1.302660e+02 1.658103e-01 9.833887e-01 7.384818e-02 -7.270731e+01 5.578303e-01 -3.177612e-02 -8.293465e-01 1.238025e+01
-8.129729e-01 1.807171e-01 -5.535489e-01 1.294587e+02 1.687532e-01 9.829467e-01 7.306214e-02 -7.264053e+01 5.573127e-01 -3.401561e-02 -8.296056e-01 1.115818e+01
-8.131739e-01 1.804409e-01 -5.533438e-01 1.286504e+02 1.689753e-01 9.829709e-01 7.221884e-02 -7.256511e+01 5.569521e-01 -3.477498e-02 -8.298163e-01 9.929823e+00
-8.120951e-01 1.868011e-01 -5.528173e-01 1.278411e+02 1.756293e-01 9.816923e-01 7.371974e-02 -7.250458e+01 5.564674e-01 -3.722346e-02 -8.300352e-01 8.710282e+00
-8.128468e-01 1.880764e-01 -5.512780e-01 1.269751e+02 1.762101e-01 9.814888e-01 7.503118e-02 -7.240961e+01 5.551847e-01 -3.615190e-02 -8.309410e-01 7.442711e+00
-8.132551e-01 1.871369e-01 -5.509954e-01 1.261114e+02 1.754547e-01 9.816690e-01 7.444180e-02 -7.230920e+01 5.548259e-01 -3.613454e-02 -8.311814e-01 6.139286e+00
-8.145767e-01 1.834857e-01 -5.502706e-01 1.253040e+02 1.713494e-01 9.824321e-01 7.393635e-02 -7.223577e+01 5.541698e-01 -3.406171e-02 -8.317065e-01 4.904499e+00
-8.152983e-01 1.796283e-01 -5.504747e-01 1.245004e+02 1.683681e-01 9.831317e-01 7.144384e-02 -7.215390e+01 5.540224e-01 -3.443435e-02 -8.317893e-01 3.676664e+00
-8.162304e-01 1.753235e-01 -5.504812e-01 1.236590e+02 1.639076e-01 9.839641e-01 7.034868e-02 -7.206878e+01 5.539875e-01 -3.280734e-02 -8.318783e-01 2.383147e+00
-8.167763e-01 1.723479e-01 -5.506112e-01 1.228120e+02 1.610876e-01 9.845107e-01 6.920629e-02 -7.198127e+01 5.540102e-01 -3.217060e-02 -8.318881e-01 1.112688e+00
-8.177709e-01 1.682498e-01 -5.504023e-01 1.219549e+02 1.568854e-01 9.852671e-01 6.808600e-02 -7.188400e+01 5.537488e-01 -3.067134e-02 -8.321187e-01 -1.695218e-01
-8.179821e-01 1.685513e-01 -5.499962e-01 1.211441e+02 1.571041e-01 9.852191e-01 6.827611e-02 -7.181967e+01 5.533748e-01 -3.055804e-02 -8.323717e-01 -1.389868e+00
-8.184407e-01 1.666177e-01 -5.499031e-01 1.203360e+02 1.561644e-01 9.855115e-01 6.617958e-02 -7.174876e+01 5.529625e-01 -3.171123e-02 -8.326025e-01 -2.646648e+00
-8.188581e-01 1.650657e-01 -5.497497e-01 1.195930e+02 1.557796e-01 9.857207e-01 6.393326e-02 -7.169459e+01 5.524528e-01 -3.328752e-02 -8.328792e-01 -3.735459e+00
-8.189382e-01 1.630599e-01 -5.502288e-01 1.187797e+02 1.547811e-01 9.860118e-01 6.183399e-02 -7.162242e+01 5.526147e-01 -3.452680e-02 -8.327214e-01 -5.000201e+00
-8.190756e-01 1.622521e-01 -5.502630e-01 1.179621e+02 1.540247e-01 9.861505e-01 6.151077e-02 -7.155116e+01 5.526224e-01 -3.437213e-02 -8.327227e-01 -6.253898e+00
-8.193836e-01 1.607085e-01 -5.502575e-01 1.171831e+02 1.532387e-01 9.863724e-01 5.989412e-02 -7.149611e+01 5.523843e-01 -3.524447e-02 -8.328442e-01 -7.419291e+00
-8.200770e-01 1.549381e-01 -5.508793e-01 1.163659e+02 1.491102e-01 9.872509e-01 5.569450e-02 -7.142103e+01 5.524852e-01 -3.646794e-02 -8.327245e-01 -8.651210e+00
-8.205563e-01 1.488973e-01 -5.518306e-01 1.155883e+02 1.444909e-01 9.881508e-01 5.177324e-02 -7.136951e+01 5.530007e-01 -3.725164e-02 -8.323476e-01 -9.812132e+00
-8.209258e-01 1.442963e-01 -5.525029e-01 1.147836e+02 1.402067e-01 9.888622e-01 4.993616e-02 -7.131806e+01 5.535548e-01 -3.647072e-02 -8.320138e-01 -1.102957e+01
-8.213995e-01 1.406838e-01 -5.527304e-01 1.139957e+02 1.356824e-01 9.894791e-01 5.021291e-02 -7.126633e+01 5.539793e-01 -3.375094e-02 -8.318460e-01 -1.223894e+01
-8.218688e-01 1.397157e-01 -5.522782e-01 1.131991e+02 1.331998e-01 9.897158e-01 5.215855e-02 -7.121916e+01 5.538858e-01 -3.069586e-02 -8.320266e-01 -1.345474e+01
-8.226003e-01 1.396200e-01 -5.512122e-01 1.124083e+02 1.323222e-01 9.897761e-01 5.323592e-02 -7.116751e+01 5.530095e-01 -2.914573e-02 -8.326650e-01 -1.466497e+01
-8.242821e-01 1.390498e-01 -5.488389e-01 1.116237e+02 1.312039e-01 9.898976e-01 5.374269e-02 -7.112249e+01 5.507672e-01 -2.771065e-02 -8.341988e-01 -1.587686e+01
-8.254591e-01 1.362215e-01 -5.477783e-01 1.108516e+02 1.322808e-01 9.901030e-01 4.688199e-02 -7.108348e+01 5.487432e-01 -3.376137e-02 -8.353089e-01 -1.707827e+01
-8.260670e-01 1.369998e-01 -5.466667e-01 1.100849e+02 1.369523e-01 9.897252e-01 4.108607e-02 -7.104540e+01 5.466786e-01 -4.092739e-02 -8.363417e-01 -1.826266e+01
-8.266109e-01 1.420669e-01 -5.445470e-01 1.093090e+02 1.434550e-01 9.888394e-01 4.021678e-02 -7.100753e+01 5.441829e-01 -4.487434e-02 -8.377656e-01 -1.945604e+01
-8.274761e-01 1.493167e-01 -5.412835e-01 1.085452e+02 1.503911e-01 9.877101e-01 4.255921e-02 -7.097417e+01 5.409860e-01 -4.618750e-02 -8.397624e-01 -2.062531e+01
-8.292056e-01 1.540632e-01 -5.372919e-01 1.077872e+02 1.542826e-01 9.870056e-01 4.490893e-02 -7.094844e+01 5.372289e-01 -4.565607e-02 -8.421999e-01 -2.180598e+01
-8.317628e-01 1.535787e-01 -5.334644e-01 1.070560e+02 1.527695e-01 9.871903e-01 4.600748e-02 -7.090715e+01 5.336967e-01 -4.322980e-02 -8.445703e-01 -2.296738e+01
-8.339098e-01 1.514563e-01 -5.307121e-01 1.063455e+02 1.494660e-01 9.876491e-01 4.700195e-02 -7.088326e+01 5.312761e-01 -4.012805e-02 -8.462479e-01 -2.410737e+01
-8.376878e-01 1.487910e-01 -5.254906e-01 1.053484e+02 1.480516e-01 9.880118e-01 4.374253e-02 -7.077366e+01 5.256994e-01 -4.115713e-02 -8.496742e-01 -2.536324e+01
-8.424264e-01 1.446893e-01 -5.190210e-01 1.041782e+02 1.473145e-01 9.884183e-01 3.643759e-02 -7.063688e+01 5.182820e-01 -4.576334e-02 -8.539845e-01 -2.669767e+01
-8.430656e-01 1.454456e-01 -5.177703e-01 1.034427e+02 1.513070e-01 9.879953e-01 3.116789e-02 -7.060726e+01 5.160878e-01 -5.206570e-02 -8.549518e-01 -2.793688e+01
-8.466961e-01 1.475471e-01 -5.112099e-01 1.023708e+02 1.541757e-01 9.875973e-01 2.968861e-02 -7.061744e+01 5.092500e-01 -5.367894e-02 -8.589430e-01 -2.912049e+01
-8.485960e-01 1.439628e-01 -5.090772e-01 1.017337e+02 1.496765e-01 9.882805e-01 2.997724e-02 -7.060413e+01 5.074267e-01 -5.075830e-02 -8.601987e-01 -3.021093e+01
-8.504273e-01 1.371703e-01 -5.078953e-01 1.011107e+02 1.426598e-01 9.893662e-01 2.833233e-02 -7.059709e+01 5.063808e-01 -4.836167e-02 -8.609527e-01 -3.129873e+01
-8.523052e-01 1.284396e-01 -5.070297e-01 1.004964e+02 1.339823e-01 9.906497e-01 2.572807e-02 -7.058576e+01 5.055933e-01 -4.600482e-02 -8.615445e-01 -3.236923e+01
-8.539669e-01 1.222266e-01 -5.057679e-01 9.986360e+01 1.257554e-01 9.916849e-01 2.732357e-02 -7.056249e+01 5.049021e-01 -4.026962e-02 -8.622368e-01 -3.346067e+01
-8.582610e-01 1.170950e-01 -4.996768e-01 9.899303e+01 1.176050e-01 9.925888e-01 3.060263e-02 -7.052840e+01 4.995570e-01 -3.249944e-02 -8.656712e-01 -3.449174e+01
-8.613217e-01 1.120040e-01 -4.955603e-01 9.823918e+01 1.121127e-01 9.932537e-01 2.962962e-02 -7.049944e+01 4.955358e-01 -3.003797e-02 -8.680680e-01 -3.549455e+01
-8.647816e-01 1.019101e-01 -4.916982e-01 9.743088e+01 1.037189e-01 9.943250e-01 2.366821e-02 -7.049023e+01 4.913198e-01 -3.053054e-02 -8.704440e-01 -3.649066e+01
-8.654593e-01 9.072488e-02 -4.926959e-01 9.691491e+01 9.256417e-02 9.954913e-01 2.071319e-02 -7.048629e+01 4.923537e-01 -2.767957e-02 -8.699550e-01 -3.746130e+01
-8.536703e-01 8.330957e-02 -5.141076e-01 9.615660e+01 8.101591e-02 9.963490e-01 2.692925e-02 -7.050029e+01 5.144740e-01 -1.866219e-02 -8.573029e-01 -3.845199e+01
-8.524288e-01 7.655112e-02 -5.172090e-01 9.550778e+01 7.082398e-02 9.970120e-01 3.083859e-02 -7.047807e+01 5.180243e-01 -1.034310e-02 -8.553034e-01 -3.938822e+01
-8.501576e-01 6.836177e-02 -5.220715e-01 9.486339e+01 6.055978e-02 9.976509e-01 3.201825e-02 -7.045929e+01 5.230340e-01 -4.395974e-03 -8.523005e-01 -4.024845e+01
-8.465653e-01 6.077714e-02 -5.288037e-01 9.423119e+01 5.221748e-02 9.981506e-01 3.112540e-02 -7.045096e+01 5.297174e-01 -1.263110e-03 -8.481733e-01 -4.105408e+01
-8.400398e-01 5.110118e-02 -5.401127e-01 9.373628e+01 4.196501e-02 9.986917e-01 2.921991e-02 -7.042543e+01 5.408993e-01 1.880053e-03 -8.410853e-01 -4.185255e+01
-8.325067e-01 4.183758e-02 -5.524330e-01 9.318990e+01 3.121711e-02 9.991027e-01 2.862172e-02 -7.043424e+01 5.531348e-01 6.582411e-03 -8.330658e-01 -4.262371e+01
-8.222431e-01 3.714908e-02 -5.679228e-01 9.271304e+01 2.577191e-02 9.992742e-01 2.805195e-02 -7.042620e+01 5.685527e-01 8.429062e-03 -8.226037e-01 -4.337018e+01
-8.105730e-01 3.170947e-02 -5.847785e-01 9.218755e+01 1.969737e-02 9.994443e-01 2.689170e-02 -7.041209e+01 5.853062e-01 1.027909e-02 -8.107472e-01 -4.405775e+01
-7.957140e-01 2.410365e-02 -6.051927e-01 9.164722e+01 9.492809e-03 9.995814e-01 2.733014e-02 -7.039337e+01 6.055981e-01 1.600200e-02 -7.956098e-01 -4.470989e+01
-7.761332e-01 2.076984e-02 -6.302268e-01 9.119483e+01 1.923624e-03 9.995307e-01 3.057170e-02 -7.041850e+01 6.305660e-01 2.251539e-02 -7.758089e-01 -4.531546e+01
-6.987985e-01 2.998596e-02 -7.146898e-01 9.063567e+01 8.078748e-04 9.991534e-01 4.113117e-02 -7.041615e+01 7.153181e-01 2.816502e-02 -6.982311e-01 -4.590336e+01
-6.724810e-01 3.352585e-02 -7.393546e-01 9.007447e+01 1.684972e-03 9.990403e-01 4.376866e-02 -7.041358e+01 7.401124e-01 2.818780e-02 -6.718921e-01 -4.637413e+01
-6.442989e-01 3.202895e-02 -7.641028e-01 8.950480e+01 -2.670866e-03 9.990223e-01 4.412819e-02 -7.039466e+01 7.647691e-01 3.047256e-02 -6.435834e-01 -4.680319e+01
-6.113795e-01 3.084664e-02 -7.907361e-01 8.898736e+01 -5.540044e-03 9.990486e-01 4.325635e-02 -7.035647e+01 7.913182e-01 3.082676e-02 -6.106270e-01 -4.722175e+01
-5.771692e-01 3.276507e-02 -8.159670e-01 8.845014e+01 -5.716825e-03 9.990082e-01 4.415882e-02 -7.034667e+01 8.166046e-01 3.015185e-02 -5.764094e-01 -4.759723e+01
-5.411957e-01 3.742883e-02 -8.400633e-01 8.793125e+01 -2.399820e-03 9.989361e-01 4.605341e-02 -7.030856e+01 8.408933e-01 2.693991e-02 -5.405300e-01 -4.794350e+01
-5.033760e-01 4.514359e-02 -8.628874e-01 8.739409e+01 7.228711e-04 9.986559e-01 5.182489e-02 -7.030119e+01 8.640672e-01 2.546365e-02 -5.027321e-01 -4.824747e+01
-4.613923e-01 5.610302e-02 -8.854206e-01 8.683683e+01 5.079855e-03 9.981493e-01 6.059876e-02 -7.033236e+01 8.871817e-01 2.346199e-02 -4.608234e-01 -4.852122e+01
-4.162167e-01 6.434163e-02 -9.069861e-01 8.626995e+01 2.802489e-03 9.975793e-01 6.948225e-02 -7.030620e+01 9.092612e-01 2.637785e-02 -4.153894e-01 -4.875565e+01
-3.660808e-01 7.379184e-02 -9.276527e-01 8.570158e+01 -6.406597e-04 9.968309e-01 7.954756e-02 -7.025996e+01 9.305828e-01 2.971515e-02 -3.648734e-01 -4.894743e+01
-2.108086e-01 8.215190e-02 -9.740692e-01 8.507962e+01 4.442641e-04 9.964703e-01 8.394503e-02 -7.020251e+01 9.775273e-01 1.726359e-02 -2.101010e-01 -4.916052e+01
-1.506404e-01 9.110168e-02 -9.843820e-01 8.452510e+01 -4.696506e-04 9.957381e-01 9.222453e-02 -7.015187e+01 9.885885e-01 1.435506e-02 -1.499556e-01 -4.924072e+01
-9.104931e-02 9.950658e-02 -9.908625e-01 8.397511e+01 -1.398702e-03 9.949816e-01 1.000488e-01 -7.012719e+01 9.958454e-01 1.049529e-02 -9.045321e-02 -4.927604e+01
-3.142185e-02 1.031990e-01 -9.941643e-01 8.343932e+01 -5.300679e-03 9.946242e-01 1.034143e-01 -7.005825e+01 9.994922e-01 8.519215e-03 -3.070591e-02 -4.927921e+01
2.672479e-02 1.074644e-01 -9.938497e-01 8.289410e+01 -1.275767e-02 9.941605e-01 1.071550e-01 -7.003248e+01 9.995614e-01 9.815510e-03 2.793973e-02 -4.924473e+01
8.456276e-02 1.098480e-01 -9.903447e-01 8.236436e+01 -2.045317e-02 9.938866e-01 1.084945e-01 -6.997891e+01 9.962082e-01 1.108109e-02 8.629253e-02 -4.919203e+01
1.438749e-01 1.103389e-01 -9.834253e-01 8.183380e+01 -2.586778e-02 9.938443e-01 1.077235e-01 -6.991213e+01 9.892577e-01 9.940324e-03 1.458435e-01 -4.913235e+01
1.990923e-01 1.091267e-01 -9.738858e-01 8.132444e+01 -2.977511e-02 9.939954e-01 1.052931e-01 -6.983274e+01 9.795283e-01 8.034515e-03 2.011461e-01 -4.897988e+01
2.547293e-01 1.085353e-01 -9.609022e-01 8.082170e+01 -3.482543e-02 9.940664e-01 1.030492e-01 -6.977046e+01 9.663851e-01 7.214172e-03 2.569976e-01 -4.882716e+01
3.105477e-01 1.083006e-01 -9.443681e-01 8.030930e+01 -4.244196e-02 9.940773e-01 1.000446e-01 -6.972252e+01 9.496098e-01 9.012222e-03 3.133049e-01 -4.866658e+01
3.422710e-01 1.002679e-01 -9.342360e-01 7.954861e+01 -1.906823e-02 9.948263e-01 9.978486e-02 -6.965462e+01 9.394078e-01 -1.633924e-02 3.424122e-01 -4.838919e+01
3.952996e-01 9.990772e-02 -9.131028e-01 7.905064e+01 -2.600545e-02 9.948861e-01 9.759784e-02 -6.959886e+01 9.181841e-01 -1.483474e-02 3.958762e-01 -4.816716e+01
4.471168e-01 1.016637e-01 -8.886794e-01 7.857753e+01 -3.177784e-02 9.946982e-01 9.780393e-02 -6.954473e+01 8.939109e-01 -1.548947e-02 4.479769e-01 -4.792111e+01
4.967019e-01 1.067690e-01 -8.613290e-01 7.811210e+01 -3.827294e-02 9.941337e-01 1.011604e-01 -6.950837e+01 8.670770e-01 -1.728098e-02 4.978744e-01 -4.763085e+01
5.443649e-01 1.104047e-01 -8.315514e-01 7.766261e+01 -4.276558e-02 9.936645e-01 1.039324e-01 -6.945579e+01 8.377577e-01 -2.101538e-02 5.456376e-01 -4.730354e+01
5.899077e-01 1.148180e-01 -7.992657e-01 7.722132e+01 -4.911583e-02 9.931081e-01 1.064138e-01 -6.940133e+01 8.059755e-01 -2.351773e-02 5.914816e-01 -4.696092e+01
6.325260e-01 1.176839e-01 -7.655465e-01 7.681073e+01 -5.473973e-02 9.927104e-01 1.073765e-01 -6.934571e+01 7.726024e-01 -2.601265e-02 6.343571e-01 -4.658390e+01
6.739615e-01 1.205781e-01 -7.288600e-01 7.637838e+01 -6.324855e-02 9.923857e-01 1.056896e-01 -6.928873e+01 7.360540e-01 -2.513135e-02 6.764561e-01 -4.619269e+01
7.118615e-01 1.209193e-01 -6.918321e-01 7.598012e+01 -6.965944e-02 9.923660e-01 1.017708e-01 -6.923299e+01 6.988567e-01 -2.425410e-02 7.148503e-01 -4.576008e+01
7.466118e-01 1.201153e-01 -6.543264e-01 7.562485e+01 -7.416441e-02 9.924622e-01 9.756265e-02 -6.918100e+01 6.611130e-01 -2.431370e-02 7.498923e-01 -4.530819e+01
6.374828e-01 1.225775e-01 -7.606513e-01 7.481065e+01 -1.167588e-02 9.886868e-01 1.495398e-01 -6.906542e+01 7.703761e-01 -8.644777e-02 6.317020e-01 -4.437507e+01
6.747373e-01 1.209795e-01 -7.280752e-01 7.439294e+01 -1.657980e-02 9.887099e-01 1.489223e-01 -6.897273e+01 7.378717e-01 -8.841210e-02 6.691252e-01 -4.395292e+01
7.093516e-01 1.192274e-01 -6.946978e-01 7.399937e+01 -2.113637e-02 9.887449e-01 1.481110e-01 -6.888008e+01 7.045378e-01 -9.037936e-02 7.038878e-01 -4.350381e+01
7.416865e-01 1.175578e-01 -6.603645e-01 7.361518e+01 -2.468712e-02 9.886388e-01 1.482699e-01 -6.879392e+01 6.702922e-01 -9.366726e-02 7.361622e-01 -4.302285e+01
7.711824e-01 1.165409e-01 -6.258561e-01 7.322018e+01 -2.873675e-02 9.884716e-01 1.486542e-01 -6.870099e+01 6.359653e-01 -9.665441e-02 7.656410e-01 -4.250286e+01
7.972311e-01 1.159781e-01 -5.924286e-01 7.285643e+01 -3.329340e-02 9.883249e-01 1.486787e-01 -6.861570e+01 6.027554e-01 -9.880733e-02 7.917847e-01 -4.197435e+01
8.199156e-01 1.155116e-01 -5.607098e-01 7.251006e+01 -3.868863e-02 9.883735e-01 1.470408e-01 -6.851718e+01 5.711757e-01 -9.886793e-02 8.148518e-01 -4.141807e+01
8.392632e-01 1.142757e-01 -5.315809e-01 7.217605e+01 -4.309360e-02 9.885690e-01 1.444795e-01 -6.843210e+01 5.420149e-01 -9.834858e-02 8.345942e-01 -4.084632e+01
8.560032e-01 1.113126e-01 -5.048446e-01 7.184200e+01 -4.532199e-02 9.889426e-01 1.412038e-01 -6.834210e+01 5.149800e-01 -9.799032e-02 8.515829e-01 -4.025352e+01
8.705720e-01 1.070798e-01 -4.802481e-01 7.153542e+01 -4.579453e-02 9.894292e-01 1.375965e-01 -6.826102e+01 4.899053e-01 -9.779491e-02 8.662730e-01 -3.963659e+01
7.710059e-01 1.639692e-01 -6.153568e-01 7.048871e+01 2.003115e-02 9.595618e-01 2.807846e-01 -6.800540e+01 6.365129e-01 -2.288129e-01 7.365432e-01 -3.792309e+01
7.843788e-01 1.628893e-01 -5.985123e-01 7.006507e+01 1.378967e-02 9.600857e-01 2.793660e-01 -6.780913e+01 6.201288e-01 -2.273820e-01 7.508246e-01 -3.737877e+01
7.960354e-01 1.608123e-01 -5.834955e-01 6.966524e+01 1.099328e-02 9.600563e-01 2.795907e-01 -6.761778e+01 6.051502e-01 -2.289787e-01 7.624710e-01 -3.682104e+01
8.054512e-01 1.588460e-01 -5.709784e-01 6.925079e+01 9.365738e-03 9.598813e-01 2.802503e-01 -6.741486e+01 5.925881e-01 -2.310756e-01 7.716498e-01 -3.623844e+01
8.127305e-01 1.581926e-01 -5.607533e-01 6.882425e+01 7.980206e-03 9.593229e-01 2.821982e-01 -6.720726e+01 5.825851e-01 -2.338260e-01 7.784086e-01 -3.564192e+01
8.180189e-01 1.567348e-01 -5.534251e-01 6.841472e+01 8.212530e-03 9.588775e-01 2.837015e-01 -6.699791e+01 5.751327e-01 -2.366182e-01 7.830927e-01 -3.504078e+01
8.219483e-01 1.549421e-01 -5.480821e-01 6.799724e+01 1.037845e-02 9.580525e-01 2.864046e-01 -6.679095e+01 5.694676e-01 -2.410980e-01 7.858616e-01 -3.442892e+01
8.251774e-01 1.534491e-01 -5.436319e-01 6.756892e+01 1.277082e-02 9.570816e-01 2.895370e-01 -6.657129e+01 5.647293e-01 -2.458620e-01 7.878024e-01 -3.380454e+01
8.265670e-01 1.551925e-01 -5.410197e-01 6.712978e+01 1.132836e-02 9.564526e-01 2.916677e-01 -6.634717e+01 5.627243e-01 -2.472118e-01 7.888141e-01 -3.317346e+01
8.269925e-01 1.569670e-01 -5.398563e-01 6.669593e+01 9.359719e-03 9.562575e-01 2.923764e-01 -6.612270e+01 5.621351e-01 -2.468460e-01 7.893486e-01 -3.253743e+01
7.265562e-01 2.854813e-01 -6.249932e-01 6.501564e+01 5.633977e-02 8.817859e-01 4.682729e-01 -6.529929e+01 6.847934e-01 -3.754385e-01 6.245830e-01 -3.005783e+01
7.278518e-01 2.839228e-01 -6.241951e-01 6.449758e+01 5.834731e-02 8.813147e-01 4.689136e-01 -6.490868e+01 6.832476e-01 -3.777197e-01 6.249004e-01 -2.952800e+01
7.294474e-01 2.833943e-01 -6.225706e-01 6.397480e+01 5.897543e-02 8.806974e-01 4.699935e-01 -6.452578e+01 6.814898e-01 -3.795519e-01 6.257092e-01 -2.900776e+01
7.299634e-01 2.857968e-01 -6.208652e-01 6.344418e+01 5.674566e-02 8.799024e-01 4.717539e-01 -6.413187e+01 6.811265e-01 -3.795945e-01 6.260788e-01 -2.847709e+01
7.310151e-01 2.853451e-01 -6.198347e-01 6.290741e+01 5.705682e-02 8.796254e-01 4.722327e-01 -6.373430e+01 6.799716e-01 -3.805751e-01 6.267386e-01 -2.794514e+01
7.321869e-01 2.843490e-01 -6.189087e-01 6.237975e+01 5.824333e-02 8.792171e-01 4.728477e-01 -6.333579e+01 6.786089e-01 -3.822602e-01 6.271898e-01 -2.740300e+01
7.337887e-01 2.831687e-01 -6.175513e-01 6.183527e+01 5.954870e-02 8.786888e-01 4.736664e-01 -6.293046e+01 6.767629e-01 -3.843455e-01 6.279096e-01 -2.685090e+01
7.356755e-01 2.822400e-01 -6.157289e-01 6.129724e+01 6.164013e-02 8.773781e-01 4.758237e-01 -6.251688e+01 6.745235e-01 -3.880054e-01 6.280683e-01 -2.629020e+01
7.371704e-01 2.823526e-01 -6.138867e-01 6.075782e+01 6.300741e-02 8.758286e-01 4.784918e-01 -6.210636e+01 6.727629e-01 -3.914094e-01 6.278446e-01 -2.572760e+01
7.386687e-01 2.820840e-01 -6.122067e-01 6.021318e+01 6.414214e-02 8.746903e-01 4.804193e-01 -6.169192e+01 6.710099e-01 -3.941390e-01 6.280129e-01 -2.516798e+01
6.342306e-01 4.186662e-01 -6.499771e-01 5.727691e+01 9.513826e-02 7.920423e-01 6.030073e-01 -5.951999e+01 7.672681e-01 -4.442833e-01 4.625063e-01 -2.201163e+01
6.364993e-01 4.157934e-01 -6.496033e-01 5.670743e+01 9.747523e-02 7.921243e-01 6.025261e-01 -5.899185e+01 7.650929e-01 -4.468277e-01 4.636570e-01 -2.159659e+01
6.384801e-01 4.147204e-01 -6.483442e-01 5.613199e+01 9.904177e-02 7.911230e-01 6.035853e-01 -5.847509e+01 7.632391e-01 -4.495903e-01 4.640416e-01 -2.118109e+01
6.401128e-01 4.157367e-01 -6.460794e-01 5.556811e+01 9.988302e-02 7.887719e-01 6.065166e-01 -5.796494e+01 7.617604e-01 -4.527714e-01 4.633779e-01 -2.077384e+01
6.418814e-01 4.169282e-01 -6.435520e-01 5.500361e+01 1.013392e-01 7.857802e-01 6.101475e-01 -5.745503e+01 7.600781e-01 -4.568593e-01 4.621265e-01 -2.036481e+01
6.421566e-01 4.188429e-01 -6.420323e-01 5.446720e+01 1.016337e-01 7.836235e-01 6.128661e-01 -5.696283e+01 7.598062e-01 -4.588081e-01 4.606404e-01 -1.996825e+01
6.421670e-01 4.181656e-01 -6.424633e-01 5.393730e+01 1.030204e-01 7.834254e-01 6.128878e-01 -5.646875e+01 7.596106e-01 -4.597631e-01 4.600104e-01 -1.957616e+01
6.409648e-01 4.173726e-01 -6.441772e-01 5.341174e+01 1.046743e-01 7.838723e-01 6.120356e-01 -5.597933e+01 7.603995e-01 -4.597220e-01 4.587464e-01 -1.918585e+01
6.395845e-01 4.152686e-01 -6.469031e-01 5.289305e+01 1.063957e-01 7.856122e-01 6.095026e-01 -5.550649e+01 7.613223e-01 -4.586562e-01 4.582826e-01 -1.881374e+01
6.368681e-01 4.154470e-01 -6.494635e-01 5.236265e+01 1.049752e-01 7.878220e-01 6.068911e-01 -5.503601e+01 7.637927e-01 -4.546871e-01 4.581270e-01 -1.845309e+01
6.052852e-01 4.680046e-01 -6.438956e-01 4.772035e+01 9.620084e-02 7.599678e-01 6.428020e-01 -5.086054e+01 7.901742e-01 -4.510218e-01 4.149748e-01 -1.503123e+01
6.020026e-01 4.710134e-01 -6.447785e-01 4.722663e+01 9.700649e-02 7.583711e-01 6.445642e-01 -5.037620e+01 7.925797e-01 -4.505770e-01 4.108500e-01 -1.470029e+01
5.996017e-01 4.751016e-01 -6.440158e-01 4.672882e+01 9.957439e-02 7.541776e-01 6.490772e-01 -4.988754e+01 7.940798e-01 -4.533152e-01 4.048982e-01 -1.437534e+01
5.975202e-01 4.784668e-01 -6.434587e-01 4.623163e+01 1.021661e-01 7.504959e-01 6.529303e-01 -4.941111e+01 7.953186e-01 -4.558787e-01 3.995534e-01 -1.405137e+01
5.938670e-01 4.794264e-01 -6.461210e-01 4.574819e+01 1.033572e-01 7.509562e-01 6.522132e-01 -4.893693e+01 7.978968e-01 -4.541091e-01 3.964160e-01 -1.374656e+01
5.884054e-01 4.801071e-01 -6.505969e-01 4.526830e+01 1.037756e-01 7.531343e-01 6.496301e-01 -4.847242e+01 8.018789e-01 -4.497619e-01 3.933249e-01 -1.344585e+01
5.828682e-01 4.833209e-01 -6.531964e-01 4.478741e+01 1.042688e-01 7.527344e-01 6.500146e-01 -4.801059e+01 8.058490e-01 -4.469809e-01 3.883497e-01 -1.316171e+01
5.793481e-01 4.859445e-01 -6.543804e-01 4.431089e+01 1.091061e-01 7.493811e-01 6.530880e-01 -4.754275e+01 8.077448e-01 -4.497622e-01 3.811330e-01 -1.286974e+01
5.754699e-01 4.884545e-01 -6.559319e-01 4.383439e+01 1.152020e-01 7.456331e-01 6.563229e-01 -4.708811e+01 8.096684e-01 -4.532587e-01 3.728185e-01 -1.258578e+01
5.700981e-01 4.897631e-01 -6.596365e-01 4.335641e+01 1.200547e-01 7.446112e-01 6.566133e-01 -4.663334e+01 8.127577e-01 -4.535265e-01 3.657031e-01 -1.231606e+01
6.327659e-01 4.803446e-01 -6.073519e-01 3.683232e+01 6.090224e-02 7.510431e-01 6.574383e-01 -4.021669e+01 7.719445e-01 -4.529936e-01 4.459804e-01 -8.692834e+00
6.263798e-01 4.764511e-01 -6.169625e-01 3.639510e+01 6.818125e-02 7.549469e-01 6.522320e-01 -3.976417e+01 7.765305e-01 -4.506102e-01 4.403984e-01 -8.389393e+00
6.207435e-01 4.734259e-01 -6.249363e-01 3.594749e+01 7.685270e-02 7.565167e-01 6.494429e-01 -3.931120e+01 7.802379e-01 -4.511655e-01 4.332188e-01 -8.079287e+00
6.133146e-01 4.731054e-01 -6.324686e-01 3.549252e+01 8.492356e-02 7.566150e-01 6.483223e-01 -3.884906e+01 7.852600e-01 -4.513370e-01 4.238652e-01 -7.780343e+00
6.062190e-01 4.744877e-01 -6.382475e-01 3.503605e+01 9.348947e-02 7.544458e-01 6.496701e-01 -3.839203e+01 7.897836e-01 -4.535118e-01 4.129998e-01 -7.477405e+00
5.998259e-01 4.753897e-01 -6.435942e-01 3.453495e+01 1.018993e-01 7.524256e-01 6.507475e-01 -3.791022e+01 7.936154e-01 -4.559170e-01 4.028825e-01 -7.190394e+00
5.924903e-01 4.755220e-01 -6.502569e-01 3.408480e+01 1.101282e-01 7.518032e-01 6.501259e-01 -3.746104e+01 7.980144e-01 -4.568049e-01 3.930677e-01 -6.892639e+00
5.850934e-01 4.743396e-01 -6.577748e-01 3.359336e+01 1.180738e-01 7.526306e-01 6.477698e-01 -3.698323e+01 8.023243e-01 -4.566718e-01 3.843521e-01 -6.618624e+00
5.769961e-01 4.723005e-01 -6.663390e-01 3.304137e+01 1.230621e-01 7.562575e-01 6.425966e-01 -3.649815e+01 8.074226e-01 -4.527768e-01 3.782353e-01 -6.355590e+00
5.696164e-01 4.688241e-01 -6.750860e-01 3.255118e+01 1.300280e-01 7.596161e-01 6.372410e-01 -3.603396e+01 8.115602e-01 -4.507630e-01 3.717295e-01 -6.078607e+00
9.169012e-01 2.934523e-02 -3.980340e-01 2.444695e+01 -5.700014e-02 9.966983e-01 -5.782206e-02 -2.749422e+01 3.950231e-01 7.570511e-02 9.155466e-01 -2.083358e+00
