1.000000e+00 0.000000e+00 0.000000e+00 0.000000e+00 0.000000e+00 1.000000e+00 0.000000e+00 0.000000e+00 0.000000e+00 0.000000e+00 1.000000e+00 0.000000e+00
9.998754e-01 1.643629e-03 1.569888e-02 1.170116e-02 -1.629505e-03 9.999983e-01 -9.123950e-04 -1.593882e-03 -1.570036e-02 8.866999e-04 9.998763e-01 1.382647e-01
9.992991e-01 4.687899e-03 3.713951e-02 2.494069e-02 -4.671787e-03 9.999890e-01 -5.205992e-04 -4.973463e-03 -3.714154e-02 3.467264e-04 9.993100e-01 3.122014e-01
9.979025e-01 7.150837e-03 6.433871e-02 5.691031e-02 -7.202397e-03 9.999739e-01 5.694862e-04 -9.810521e-03 -6.433295e-02 -1.031685e-03 9.979280e-01 4.956098e-01
9.951134e-01 7.386179e-03 9.846160e-02 1.053352e-01 -7.696600e-03 9.999665e-01 2.773249e-03 -1.595948e-02 -9.843782e-02 -3.517517e-03 9.951370e-01 6.801397e-01
9.906459e-01 4.718071e-03 1.363758e-01 1.818440e-01 -5.408822e-03 9.999744e-01 4.694950e-03 -2.037860e-02 -1.363502e-01 -5.388666e-03 9.906461e-01 8.740834e-01
9.844422e-01 2.753797e-03 1.756870e-01 2.934294e-01 -3.646506e-03 9.999820e-01 4.758616e-03 -2.535458e-02 -1.756708e-01 -5.325226e-03 9.844346e-01 1.085650e+00
9.756648e-01 3.710491e-03 2.192361e-01 4.001363e-01 -5.021149e-03 9.999727e-01 5.421408e-03 -2.092159e-02 -2.192100e-01 -6.390294e-03 9.756568e-01 1.304492e+00
9.635936e-01 4.445447e-03 2.673343e-01 5.214614e-01 -6.841846e-03 9.999443e-01 8.033234e-03 -2.689925e-02 -2.672838e-01 -9.569833e-03 9.635703e-01 1.546278e+00
9.491335e-01 5.546382e-04 3.148735e-01 6.487239e-01 -5.567990e-03 9.998717e-01 1.502254e-02 -4.031173e-02 -3.148248e-01 -1.601160e-02 9.490147e-01 1.771678e+00
9.321476e-01 -8.089516e-03 3.619881e-01 8.268617e-01 -8.675897e-05 9.997454e-01 2.256519e-02 -5.512681e-02 -3.620784e-01 -2.106549e-02 9.319096e-01 2.036823e+00
9.106420e-01 -1.254330e-02 4.130058e-01 1.011743e+00 1.789604e-03 9.996495e-01 2.641420e-02 -6.335973e-02 -4.131923e-01 -2.331476e-02 9.103453e-01 2.301816e+00
8.849198e-01 -1.302288e-02 4.655614e-01 1.169885e+00 -8.910774e-04 9.995598e-01 2.965383e-02 -5.283970e-02 -4.657426e-01 -2.665611e-02 8.845187e-01 2.542224e+00
8.561819e-01 -1.338944e-02 5.165009e-01 1.356255e+00 -4.181047e-03 9.994519e-01 3.283989e-02 -2.302759e-02 -5.166575e-01 -3.027643e-02 8.556567e-01 2.787123e+00
8.232877e-01 -1.784496e-02 5.673438e-01 1.557575e+00 -3.416666e-03 9.993318e-01 3.639052e-02 -1.978885e-02 -5.676141e-01 -3.189829e-02 8.226766e-01 3.030419e+00
7.867821e-01 -2.249694e-02 6.168208e-01 1.787081e+00 -1.806801e-03 9.992473e-01 3.874962e-02 -9.153337e-03 -6.172282e-01 -3.160198e-02 7.861492e-01 3.252444e+00
7.480595e-01 -2.648044e-02 6.631031e-01 2.022566e+00 -9.031971e-04 9.991620e-01 4.091957e-02 -9.033334e-03 -6.636310e-01 -3.120918e-02 7.474088e-01 3.471255e+00
7.073410e-01 -2.912832e-02 7.062721e-01 2.293623e+00 2.573270e-05 9.991517e-01 4.118159e-02 4.781905e-03 -7.068725e-01 -2.911125e-02 7.067417e-01 3.694038e+00
6.641961e-01 -3.029386e-02 7.469443e-01 2.575131e+00 -1.063937e-03 9.991393e-01 4.146822e-02 1.940201e-02 -7.475576e-01 -2.833773e-02 6.635922e-01 3.932938e+00
6.206394e-01 -2.984931e-02 7.835277e-01 2.896549e+00 -6.040655e-03 9.990635e-01 4.284523e-02 3.291147e-02 -7.840728e-01 -3.132446e-02 6.198779e-01 4.158429e+00
5.780833e-01 -2.973311e-02 8.154358e-01 3.241990e+00 -9.214549e-03 9.990343e-01 4.296007e-02 5.859454e-02 -8.159257e-01 -3.234837e-02 5.772511e-01 4.368034e+00
5.377033e-01 -3.018767e-02 8.425935e-01 3.635016e+00 -1.100603e-02 9.990224e-01 4.281559e-02 8.089869e-02 -8.430623e-01 -3.229570e-02 5.368454e-01 4.577804e+00
4.994301e-01 -3.227908e-02 8.657526e-01 4.056305e+00 -1.196802e-02 9.989532e-01 4.414943e-02 9.597035e-02 -8.662715e-01 -3.241090e-02 4.985210e-01 4.765488e+00
4.619482e-01 -3.171323e-02 8.863397e-01 4.490839e+00 -1.466149e-02 9.989509e-01 4.338382e-02 1.172204e-01 -8.867857e-01 -3.303614e-02 4.609986e-01 4.957197e+00
4.254595e-01 -3.091718e-02 9.044492e-01 4.952115e+00 -1.469993e-02 9.990483e-01 4.106585e-02 1.370744e-01 -9.048581e-01 -3.076720e-02 4.246001e-01 5.144021e+00
3.918293e-01 -2.900940e-02 9.195805e-01 5.433751e+00 -1.293280e-02 9.992304e-01 3.703267e-02 1.628784e-01 -9.199470e-01 -2.640323e-02 3.911526e-01 5.316159e+00
3.624773e-01 -2.729430e-02 9.315929e-01 5.957135e+00 -1.031382e-02 9.993924e-01 3.329377e-02 1.768546e-01 -9.319355e-01 -2.167651e-02 3.619755e-01 5.487265e+00
3.370968e-01 -2.477272e-02 9.411440e-01 6.499174e+00 -9.327759e-03 9.995168e-01 2.965020e-02 2.037436e-01 -9.414238e-01 -1.877375e-02 3.367028e-01 5.659231e+00
3.167252e-01 -2.372987e-02 9.482205e-01 7.081894e+00 -7.218066e-03 9.995978e-01 2.742660e-02 2.343129e-01 -9.484899e-01 -1.553102e-02 3.164265e-01 5.843691e+00
3.024915e-01 -2.367048e-02 9.528581e-01 7.696524e+00 -5.940488e-03 9.996254e-01 2.671810e-02 2.592289e-01 -9.531336e-01 -1.374244e-02 3.022376e-01 6.020885e+00
2.911933e-01 -2.476334e-02 9.563437e-01 8.335928e+00 -4.477513e-03 9.996187e-01 2.724723e-02 2.786754e-01 -9.566537e-01 -1.221625e-02 2.909714e-01 6.200479e+00
2.805667e-01 -2.592829e-02 9.594843e-01 9.004305e+00 -5.765422e-03 9.995715e-01 2.869746e-02 3.085659e-01 -9.598172e-01 -1.358338e-02 2.802970e-01 6.379281e+00
2.704068e-01 -2.726609e-02 9.623600e-01 9.659101e+00 -7.180561e-03 9.995140e-01 3.033637e-02 3.278775e-01 -9.627194e-01 -1.511345e-02 2.700796e-01 6.547752e+00
2.609970e-01 -2.872028e-02 9.649123e-01 1.035342e+01 -8.084659e-03 9.994572e-01 3.193530e-02 3.467254e-01 -9.653057e-01 -1.613601e-02 2.606232e-01 6.712872e+00
2.510884e-01 -2.993298e-02 9.675012e-01 1.106564e+01 -8.914404e-03 9.994079e-01 3.323361e-02 3.734995e-01 -9.679231e-01 -1.696927e-02 2.506729e-01 6.887301e+00
2.407581e-01 -3.089777e-02 9.700932e-01 1.181236e+01 -8.849440e-03 9.993817e-01 3.402687e-02 3.991742e-01 -9.705448e-01 -1.677703e-02 2.403358e-01 7.074574e+00
2.303854e-01 -3.183439e-02 9.725786e-01 1.257852e+01 -9.149298e-03 9.993497e-01 3.487795e-02 4.225870e-01 -9.730565e-01 -1.693378e-02 2.299443e-01 7.252164e+00
2.200838e-01 -3.427467e-02 9.748787e-01 1.335422e+01 -1.014247e-02 9.992481e-01 3.742116e-02 4.479053e-01 -9.754283e-01 -1.812347e-02 2.195706e-01 7.421464e+00
2.087585e-01 -3.776864e-02 9.772376e-01 1.413401e+01 -1.160747e-02 9.990879e-01 4.109272e-02 4.678908e-01 -9.778983e-01 -1.992171e-02 2.081297e-01 7.585641e+00
1.967777e-01 -4.114406e-02 9.795844e-01 1.492372e+01 -1.250656e-02 9.989325e-01 4.446901e-02 4.941347e-01 -9.803684e-01 -2.100174e-02 1.960531e-01 7.742202e+00
1.836199e-01 -4.300149e-02 9.820563e-01 1.572738e+01 -1.346762e-02 9.988389e-01 4.625446e-02 5.195884e-01 -9.829051e-01 -2.171920e-02 1.828276e-01 7.891698e+00
1.695538e-01 -4.336699e-02 9.845663e-01 1.655027e+01 -1.435182e-02 9.988168e-01 4.646622e-02 5.409235e-01 -9.854164e-01 -2.200884e-02 1.687307e-01 8.035553e+00
1.547707e-01 -4.178951e-02 9.870662e-01 1.738330e+01 -1.578491e-02 9.988729e-01 4.476442e-02 5.725081e-01 -9.878243e-01 -2.250897e-02 1.539366e-01 8.175388e+00
1.381097e-01 -4.083867e-02 9.895746e-01 1.819199e+01 -1.565836e-02 9.989346e-01 4.341030e-02 5.911329e-01 -9.902932e-01 -2.149050e-02 1.373231e-01 8.288046e+00
1.179193e-01 -3.822050e-02 9.922874e-01 1.904049e+01 -1.818069e-02 9.990084e-01 4.063989e-02 6.263913e-01 -9.928567e-01 -2.283270e-02 1.171075e-01 8.380243e+00
9.159295e-02 -3.648378e-02 9.951280e-01 1.986960e+01 -2.255512e-02 9.989962e-01 3.870160e-02 6.505466e-01 -9.955411e-01 -2.599003e-02 9.067811e-02 8.464744e+00
6.079857e-02 -3.573055e-02 9.975103e-01 2.072113e+01 -2.611330e-02 9.989601e-01 3.737409e-02 6.712650e-01 -9.978084e-01 -2.832058e-02 5.980230e-02 8.519527e+00
2.776282e-02 -3.515001e-02 9.989963e-01 2.155374e+01 -2.803289e-02 9.989611e-01 3.592782e-02 6.901621e-01 -9.992214e-01 -2.900222e-02 2.674862e-02 8.531497e+00
-6.800251e-03 -3.426728e-02 9.993896e-01 2.241722e+01 -2.852325e-02 9.990127e-01 3.406027e-02 7.075373e-01 -9.995700e-01 -2.827422e-02 -7.770951e-03 8.520880e+00
-4.102123e-02 -3.280812e-02 9.986195e-01 2.327016e+01 -2.901521e-02 9.990784e-01 3.163131e-02 7.226011e-01 -9.987369e-01 -2.767760e-02 -4.193536e-02 8.482479e+00
-7.419992e-02 -3.061936e-02 9.967732e-01 2.411936e+01 -3.056744e-02 9.991287e-01 2.841627e-02 7.330854e-01 -9.967748e-01 -2.836032e-02 -7.507122e-02 8.418751e+00
-1.068534e-01 -2.733461e-02 9.938990e-01 2.498342e+01 -3.235623e-02 9.991882e-01 2.400148e-02 7.462614e-01 -9.937482e-01 -2.959419e-02 -1.076511e-01 8.325126e+00
-1.393000e-01 -2.250226e-02 9.899945e-01 2.584277e+01 -2.918646e-02 9.994007e-01 1.860930e-02 7.551793e-01 -9.898200e-01 -2.630216e-02 -1.398732e-01 8.195582e+00
-1.707086e-01 -1.584511e-02 9.851941e-01 2.670102e+01 -2.331870e-02 9.996556e-01 1.203717e-02 7.620760e-01 -9.850456e-01 -2.091860e-02 -1.710193e-01 8.035302e+00
-2.008183e-01 -9.064520e-03 9.795866e-01 2.754703e+01 -1.624274e-02 9.998505e-01 5.922218e-03 7.628298e-01 -9.794938e-01 -1.472188e-02 -2.009355e-01 7.845344e+00
-2.298514e-01 -3.568436e-03 9.732192e-01 2.841062e+01 -1.099545e-02 9.999390e-01 1.069543e-03 7.515165e-01 -9.731636e-01 -1.045515e-02 -2.298766e-01 7.634436e+00
-2.574090e-01 2.625769e-03 9.662990e-01 2.920988e+01 -2.478940e-03 9.999912e-01 -3.377679e-03 7.347510e-01 -9.662994e-01 -3.264842e-03 -2.574002e-01 7.398323e+00
-2.835382e-01 1.296497e-02 9.588733e-01 3.000359e+01 3.457004e-03 9.999159e-01 -1.249767e-02 7.113579e-01 -9.589547e-01 -2.287395e-04 -2.835592e-01 7.146581e+00
-3.088462e-01 2.859374e-02 9.506821e-01 3.084600e+01 8.232935e-03 9.995909e-01 -2.739016e-02 6.707949e-01 -9.510764e-01 -6.324407e-04 -3.089552e-01 6.871128e+00
-3.335252e-01 4.617241e-02 9.416098e-01 3.162626e+01 9.981269e-03 9.989169e-01 -4.544706e-02 6.355656e-01 -9.426883e-01 -5.759280e-03 -3.336248e-01 6.588436e+00
-3.585680e-01 6.114476e-02 9.314990e-01 3.242135e+01 9.934175e-03 9.980460e-01 -6.168896e-02 5.966942e-01 -9.334508e-01 -1.286601e-02 -3.584748e-01 6.262828e+00
-3.829284e-01 7.106873e-02 9.210402e-01 3.317631e+01 1.321072e-02 9.973556e-01 -7.146488e-02 5.308182e-01 -9.236836e-01 -1.519832e-02 -3.828546e-01 5.935498e+00
-4.058927e-01 7.508211e-02 9.108314e-01 3.390795e+01 1.656104e-02 9.970603e-01 -7.481010e-02 4.505401e-01 -9.137707e-01 -1.528056e-02 -4.059429e-01 5.572090e+00
-4.281453e-01 7.433238e-02 9.006477e-01 3.467076e+01 2.003157e-02 9.971473e-01 -7.277419e-02 3.704682e-01 -9.034879e-01 -1.311654e-02 -4.284129e-01 5.196231e+00
-4.482214e-01 7.003648e-02 8.911747e-01 3.538078e+01 2.388659e-02 9.975085e-01 -6.637924e-02 2.957804e-01 -8.936034e-01 -8.465472e-03 -4.487776e-01 4.824918e+00
-4.656191e-01 6.897500e-02 8.822932e-01 3.609132e+01 3.211964e-02 9.976184e-01 -6.104004e-02 2.240811e-01 -8.844022e-01 -8.246614e-05 -4.667256e-01 4.430972e+00
-4.791130e-01 6.935344e-02 8.750090e-01 3.679912e+01 3.401352e-02 9.975918e-01 -6.044521e-02 1.593968e-01 -8.770939e-01 8.020518e-04 -4.803182e-01 4.021897e+00
-4.900509e-01 7.350596e-02 8.685891e-01 3.748600e+01 3.819193e-02 9.972920e-01 -6.285011e-02 9.178017e-02 -8.708568e-01 2.373342e-03 -4.915311e-01 3.627086e+00
-4.998977e-01 7.566497e-02 8.627729e-01 3.819204e+01 3.833479e-02 9.971332e-01 -6.523684e-02 2.794327e-02 -8.652356e-01 4.624747e-04 -5.013652e-01 3.216653e+00
-5.111685e-01 7.463282e-02 8.562340e-01 3.885652e+01 3.197694e-02 9.971844e-01 -6.782851e-02 -3.667477e-02 -8.588855e-01 -7.292057e-03 -5.121158e-01 2.847175e+00
-5.223917e-01 7.333122e-02 8.495466e-01 3.951896e+01 3.150265e-02 9.972749e-01 -6.671165e-02 -9.819770e-02 -8.521235e-01 -8.086645e-03 -5.232783e-01 2.443834e+00
-5.311540e-01 7.443223e-02 8.439996e-01 4.020454e+01 3.308435e-02 9.971961e-01 -6.712166e-02 -1.601503e-01 -8.466291e-01 -7.728763e-03 -5.321273e-01 2.007210e+00
-5.384046e-01 7.731684e-02 8.391320e-01 4.088679e+01 3.585047e-02 9.969821e-01 -6.885859e-02 -2.230015e-01 -8.419235e-01 -6.990509e-03 -5.395516e-01 1.565907e+00
-5.422724e-01 8.015039e-02 8.363711e-01 4.157327e+01 3.597939e-02 9.967417e-01 -7.219116e-02 -2.713884e-01 -8.394320e-01 -9.055159e-03 -5.433893e-01 1.129006e+00
-5.418345e-01 8.226040e-02 8.364500e-01 4.228654e+01 3.527979e-02 9.965478e-01 -7.515166e-02 -3.339149e-01 -8.397444e-01 -1.120998e-02 -5.428661e-01 6.599468e-01
-5.381909e-01 8.267574e-02 8.387581e-01 4.303421e+01 3.675577e-02 9.965327e-01 -7.464303e-02 -3.995372e-01 -8.420211e-01 -9.343000e-03 -5.393637e-01 1.605105e-01
-5.324267e-01 8.145939e-02 8.425475e-01 4.377228e+01 3.425672e-02 9.966169e-01 -7.470750e-02 -4.682003e-01 -8.457827e-01 -1.091335e-02 -5.334159e-01 -3.011823e-01
-5.254750e-01 8.007392e-02 8.470326e-01 4.453750e+01 3.094534e-02 9.967014e-01 -7.502519e-02 -5.362757e-01 -8.502461e-01 -1.321215e-02 -5.262196e-01 -7.737037e-01
-5.181536e-01 7.957644e-02 8.515776e-01 4.533290e+01 2.838998e-02 9.967139e-01 -7.586457e-02 -6.094380e-01 -8.548163e-01 -1.513323e-02 -5.187100e-01 -1.266721e+00
-5.120810e-01 7.799442e-02 8.553887e-01 4.612836e+01 2.407794e-02 9.967809e-01 -7.647225e-02 -6.790592e-01 -8.585996e-01 -1.856399e-02 -5.123106e-01 -1.737030e+00
-5.084230e-01 7.533901e-02 8.578054e-01 4.690847e+01 1.871927e-02 9.968969e-01 -7.646013e-02 -7.547609e-01 -8.609040e-01 -2.281659e-02 -5.082556e-01 -2.170971e+00
-5.075901e-01 7.239350e-02 8.585520e-01 4.773724e+01 1.347811e-02 9.970091e-01 -7.609978e-02 -8.338776e-01 -8.614933e-01 -2.705583e-02 -5.070476e-01 -2.643211e+00
-5.085924e-01 6.961521e-02 8.581885e-01 4.856402e+01 9.302717e-03 9.971121e-01 -7.537141e-02 -9.095886e-01 -8.609571e-01 -3.034984e-02 -5.077713e-01 -3.109690e+00
-5.103900e-01 6.818034e-02 8.572360e-01 4.937852e+01 6.858810e-03 9.971431e-01 -7.522420e-02 -9.812859e-01 -8.599157e-01 -3.251406e-02 -5.093995e-01 -3.555362e+00
-5.114158e-01 6.713467e-02 8.567069e-01 5.019880e+01 5.899481e-03 9.971944e-01 -7.462206e-02 -1.056757e+00 -8.593131e-01 -3.310878e-02 -5.103771e-01 -4.019484e+00
-5.118013e-01 6.633777e-02 8.565388e-01 5.109098e+01 4.917738e-03 9.972242e-01 -7.429519e-02 -1.148664e+00 -8.590898e-01 -3.381214e-02 -5.107068e-01 -4.549780e+00
-5.122346e-01 6.514619e-02 8.563712e-01 5.197755e+01 3.806661e-03 9.972814e-01 -7.358863e-02 -1.234358e+00 -8.588371e-01 -3.443473e-02 -5.110901e-01 -5.075736e+00
-5.129680e-01 6.432278e-02 8.559944e-01 5.286289e+01 1.995030e-03 9.972752e-01 -7.374363e-02 -1.316728e+00 -8.584054e-01 -3.612039e-02 -5.116986e-01 -5.583871e+00
-5.134370e-01 6.234005e-02 8.558599e-01 5.377229e+01 -6.994073e-04 9.973270e-01 -7.306396e-02 -1.405886e+00 -8.581270e-01 -3.811233e-02 -5.120210e-01 -6.122819e+00
-5.140882e-01 6.139970e-02 8.555369e-01 5.458299e+01 -1.684858e-03 9.973604e-01 -7.259044e-02 -1.487742e+00 -8.577357e-01 -3.875935e-02 -5.126278e-01 -6.572395e+00
-5.136331e-01 6.083101e-02 8.558508e-01 5.546516e+01 -2.476456e-03 9.973743e-01 -7.237625e-02 -1.587313e+00 -8.580064e-01 -3.929431e-02 -5.121338e-01 -7.079732e+00
-5.126330e-01 5.939971e-02 8.565507e-01 5.638648e+01 -3.625956e-03 9.974454e-01 -7.134050e-02 -1.664099e+00 -8.586002e-01 -3.967731e-02 -5.111081e-01 -7.611088e+00
-5.110640e-01 5.702366e-02 8.576490e-01 5.724905e+01 -4.100784e-03 9.976238e-01 -6.877397e-02 -1.756342e+00 -8.595329e-01 -3.866494e-02 -5.096158e-01 -8.096873e+00
-5.089459e-01 5.517388e-02 8.590285e-01 5.808679e+01 -5.175613e-03 9.977295e-01 -6.714879e-02 -1.839381e+00 -8.607829e-01 -3.862110e-02 -5.075048e-01 -8.592542e+00
-5.063284e-01 5.535263e-02 8.605624e-01 5.896507e+01 -4.136150e-03 9.977704e-01 -6.661163e-02 -1.942153e+00 -8.623308e-01 -3.728678e-02 -5.049706e-01 -9.106395e+00
-5.046898e-01 5.587576e-02 8.614906e-01 5.988548e+01 -4.373120e-03 9.977250e-01 -6.727375e-02 -2.019690e+00 -8.632897e-01 -3.771978e-02 -5.032973e-01 -9.613337e+00
-5.036551e-01 5.692774e-02 8.620271e-01 6.074952e+01 -4.064654e-03 9.976593e-01 -6.825965e-02 -2.100303e+00 -8.638953e-01 -3.788316e-02 -5.022448e-01 -1.012014e+01
-5.047700e-01 5.803719e-02 8.613007e-01 6.164870e+01 -5.521552e-03 9.975000e-01 -7.045067e-02 -2.190136e+00 -8.632362e-01 -4.031710e-02 -5.031876e-01 -1.062661e+01
-5.075752e-01 5.983622e-02 8.595272e-01 6.249939e+01 -6.722331e-03 9.972802e-01 -7.339566e-02 -2.280192e+00 -8.615812e-01 -4.303184e-02 -5.057925e-01 -1.113286e+01
-5.122704e-01 6.059536e-02 8.566839e-01 6.338247e+01 -7.703241e-03 9.971435e-01 -7.513672e-02 -2.366450e+00 -8.587897e-01 -4.508956e-02 -5.103403e-01 -1.164066e+01
-5.177049e-01 5.908800e-02 8.535164e-01 6.422837e+01 -6.702725e-03 9.973015e-01 -7.310766e-02 -2.457775e+00 -8.555330e-01 -4.356908e-02 -5.159118e-01 -1.214532e+01
-5.228656e-01 5.696136e-02 8.505098e-01 6.506176e+01 -5.035420e-03 9.975410e-01 -6.990412e-02 -2.549154e+00 -8.524003e-01 -4.083313e-02 -5.212930e-01 -1.266515e+01
-5.281088e-01 5.468612e-02 8.474140e-01 6.591482e+01 -7.674676e-03 9.975761e-01 -6.915938e-02 -2.632491e+00 -8.491421e-01 -4.302730e-02 -5.264090e-01 -1.319612e+01
-5.330187e-01 5.851017e-02 8.440780e-01 6.680827e+01 -5.392326e-03 9.973509e-01 -7.253996e-02 -2.711446e+00 -8.460863e-01 -4.321670e-02 -5.312912e-01 -1.374219e+01
-5.381288e-01 5.961556e-02 8.407517e-01 6.763652e+01 -5.736100e-03 9.972134e-01 -7.438129e-02 -2.798597e+00 -8.428431e-01 -4.484935e-02 -5.362873e-01 -1.426539e+01
-5.428680e-01 6.063695e-02 8.376261e-01 6.847341e+01 -7.872077e-03 9.969788e-01 -7.727463e-02 -2.874788e+00 -8.397812e-01 -4.854378e-02 -5.407505e-01 -1.480154e+01
-5.464446e-01 6.067482e-02 8.352945e-01 6.929147e+01 -9.006252e-03 9.968888e-01 -7.830468e-02 -2.969101e+00 -8.374469e-01 -5.031204e-02 -5.441980e-01 -1.532957e+01
-5.498050e-01 5.992137e-02 8.331410e-01 7.011120e+01 -8.357693e-03 9.969790e-01 -7.722036e-02 -3.061434e+00 -8.352512e-01 -4.941928e-02 -5.476432e-01 -1.585903e+01
-5.520652e-01 5.314964e-02 8.321053e-01 7.090732e+01 -7.146314e-03 9.976280e-01 -6.846346e-02 -3.150836e+00 -8.337703e-01 -4.374278e-02 -5.503759e-01 -1.637510e+01
-5.536984e-01 4.463499e-02 8.315202e-01 7.173932e+01 -8.039413e-03 9.982293e-01 -5.893707e-02 -3.230424e+00 -8.326785e-01 -3.931829e-02 -5.523591e-01 -1.694630e+01
-5.550909e-01 4.355755e-02 8.306484e-01 7.254296e+01 -6.589001e-03 9.983664e-01 -5.675553e-02 -3.308459e+00 -8.317636e-01 -3.697762e-02 -5.538971e-01 -1.747836e+01
-5.562357e-01 4.805657e-02 8.296339e-01 7.332040e+01 -6.390341e-03 9.980497e-01 -6.209652e-02 -3.384942e+00 -8.310000e-01 -3.984194e-02 -5.548437e-01 -1.798093e+01
-5.571514e-01 5.478143e-02 8.286020e-01 7.410770e+01 -4.414980e-03 9.976122e-01 -6.892384e-02 -3.461732e+00 -8.303992e-01 -4.205927e-02 -5.555791e-01 -1.851459e+01
-5.574460e-01 5.903156e-02 8.281118e-01 7.489897e+01 1.646371e-03 9.975455e-01 -7.000131e-02 -3.543874e+00 -8.302115e-01 -3.765857e-02 -5.561750e-01 -1.903955e+01
-5.574070e-01 6.049056e-02 8.280328e-01 7.569762e+01 4.653470e-03 9.975542e-01 -6.974209e-02 -3.621603e+00 -8.302263e-01 -3.502151e-02 -5.563252e-01 -1.957734e+01
-5.565217e-01 5.737754e-02 8.288494e-01 7.647364e+01 4.195222e-03 9.977938e-01 -6.625598e-02 -3.711770e+00 -8.308225e-01 -3.339568e-02 -5.555347e-01 -2.010431e+01
-5.562656e-01 5.258895e-02 8.293389e-01 7.725618e+01 2.219791e-03 9.980861e-01 -6.180044e-02 -3.777534e+00 -8.310016e-01 -3.253650e-02 -5.553177e-01 -2.060439e+01
-5.553426e-01 4.605074e-02 8.303456e-01 7.804043e+01 -9.755609e-04 9.984289e-01 -5.602506e-02 -3.851395e+00 -8.316211e-01 -3.192316e-02 -5.544252e-01 -2.112143e+01
-5.549737e-01 4.032803e-02 8.308898e-01 7.882592e+01 -9.618157e-03 9.984464e-01 -5.488478e-02 -3.921536e+00 -8.318123e-01 -3.845124e-02 -5.537236e-01 -2.162546e+01
-5.537164e-01 3.475987e-02 8.319795e-01 7.961865e+01 -1.912847e-02 9.983338e-01 -5.444088e-02 -3.967571e+00 -8.324856e-01 -4.605930e-02 -5.521288e-01 -2.212880e+01
-5.512657e-01 3.570198e-02 8.335655e-01 8.040135e+01 -1.544446e-02 9.984762e-01 -5.297914e-02 -4.038702e+00 -8.341868e-01 -4.207955e-02 -5.498743e-01 -2.264888e+01
-5.480575e-01 3.899095e-02 8.355314e-01 8.118196e+01 -1.133755e-02 9.984749e-01 -5.403162e-02 -4.115726e+00 -8.363638e-01 -3.908531e-02 -5.467796e-01 -2.315862e+01
-5.423504e-01 4.237598e-02 8.390830e-01 8.196771e+01 -9.775757e-03 9.983413e-01 -5.673762e-02 -4.179280e+00 -8.400955e-01 -3.897434e-02 -5.410365e-01 -2.367319e+01
-5.347485e-01 4.463280e-02 8.438317e-01 8.275083e+01 -5.205672e-03 9.984111e-01 -5.610788e-02 -4.245914e+00 -8.449953e-01 -3.439632e-02 -5.336665e-01 -2.416345e+01
-5.267321e-01 4.796090e-02 8.486772e-01 8.354161e+01 7.759099e-04 9.984337e-01 -5.594245e-02 -4.310621e+00 -8.500310e-01 -2.880818e-02 -5.259443e-01 -2.465568e+01
-5.170116e-01 4.693637e-02 8.546906e-01 8.434087e+01 -3.091559e-03 9.983866e-01 -5.669773e-02 -4.370934e+00 -8.559728e-01 -3.195571e-02 -5.160323e-01 -2.513507e+01
-5.059715e-01 4.463210e-02 8.613947e-01 8.515529e+01 -5.849471e-03 9.984598e-01 -5.516986e-02 -4.435841e+00 -8.625304e-01 -3.295308e-02 -5.049311e-01 -2.560519e+01
-4.941608e-01 4.146219e-02 8.683813e-01 8.595534e+01 -6.697301e-03 9.986509e-01 -5.149328e-02 -4.498052e+00 -8.693447e-01 -3.126177e-02 -4.932164e-01 -2.606414e+01
-4.834691e-01 4.088488e-02 8.744061e-01 8.677442e+01 -7.891285e-03 9.986645e-01 -5.105806e-02 -4.562239e+00 -8.753258e-01 -3.158518e-02 -4.825008e-01 -2.650391e+01
-4.717616e-01 4.029165e-02 8.808051e-01 8.758579e+01 -7.860984e-03 9.987235e-01 -4.989609e-02 -4.619283e+00 -8.816911e-01 -3.046305e-02 -4.708426e-01 -2.692310e+01
-4.600231e-01 4.096962e-02 8.869612e-01 8.841341e+01 -8.686173e-03 9.986794e-01 -5.063508e-02 -4.677499e+00 -8.878645e-01 -3.099761e-02 -4.590597e-01 -2.735142e+01
-4.473988e-01 4.474489e-02 8.932145e-01 8.925185e+01 -1.026441e-02 9.984250e-01 -5.515663e-02 -4.744045e+00 -8.942757e-01 -3.384533e-02 -4.462348e-01 -2.777272e+01
-4.359334e-01 5.404509e-02 8.983547e-01 9.007049e+01 -8.192320e-03 9.979156e-01 -6.401006e-02 -4.808735e+00 -8.999416e-01 -3.526373e-02 -4.345820e-01 -2.816291e+01
-4.234235e-01 5.874071e-02 9.040255e-01 9.090057e+01 -9.599683e-03 9.975487e-01 -6.931381e-02 -4.871948e+00 -9.058810e-01 -3.802745e-02 -4.218217e-01 -2.854304e+01
-4.122072e-01 5.508071e-02 9.094236e-01 9.174165e+01 -1.303219e-02 9.977123e-01 -6.633505e-02 -4.941677e+00 -9.109969e-01 -3.919557e-02 -4.105464e-01 -2.891289e+01
-4.001092e-01 5.121386e-02 9.150354e-01 9.262555e+01 -1.512902e-02 9.979322e-01 -6.246886e-02 -5.021667e+00 -9.163426e-01 -3.883795e-02 -3.985071e-01 -2.929444e+01
-3.904732e-01 5.158104e-02 9.191682e-01 9.345941e+01 -1.925439e-02 9.977532e-01 -6.417048e-02 -5.098279e+00 -9.204129e-01 -4.275487e-02 -3.886027e-01 -2.963764e+01
-3.836023e-01 5.599158e-02 9.217994e-01 9.427490e+01 -2.399494e-02 9.972190e-01 -7.055806e-02 -5.177667e+00 -9.231866e-01 -4.918476e-02 -3.811920e-01 -2.996610e+01
-3.786880e-01 6.093172e-02 9.235165e-01 9.514141e+01 -2.955011e-02 9.965258e-01 -7.786576e-02 -5.260458e+00 -9.250525e-01 -5.677685e-02 -3.755719e-01 -3.030290e+01
-3.751751e-01 6.311113e-02 9.248030e-01 9.596239e+01 -3.186208e-02 9.962120e-01 -8.091012e-02 -5.345235e+00 -9.264062e-01 -5.982161e-02 -3.717431e-01 -3.063787e+01
-3.713493e-01 6.316825e-02 9.263420e-01 9.682063e+01 -3.264069e-02 9.961782e-01 -8.101536e-02 -5.439017e+00 -9.279193e-01 -6.032144e-02 -3.678683e-01 -3.097252e+01
-3.657767e-01 6.423335e-02 9.284834e-01 9.763468e+01 -3.077656e-02 9.962352e-01 -8.104493e-02 -5.519505e+00 -9.301936e-01 -5.821987e-02 -3.624227e-01 -3.129754e+01
-3.599065e-01 6.014410e-02 9.310478e-01 9.851355e+01 -3.359158e-02 9.964377e-01 -7.735337e-02 -5.599503e+00 -9.323835e-01 -5.911535e-02 -3.566041e-01 -3.162759e+01
-3.545120e-01 5.646405e-02 9.333451e-01 9.935246e+01 -3.370923e-02 9.967545e-01 -7.310385e-02 -5.690502e+00 -9.344436e-01 -5.737854e-02 -3.514581e-01 -3.194144e+01
-3.486586e-01 5.351251e-02 9.357209e-01 1.001436e+02 -3.538389e-02 9.969055e-01 -7.019595e-02 -5.770851e+00 -9.365816e-01 -5.758387e-02 -3.456862e-01 -3.223719e+01
-3.436374e-01 5.153495e-02 9.376873e-01 1.010087e+02 -4.511244e-02 9.964345e-01 -7.129618e-02 -5.852017e+00 -9.380182e-01 -6.680139e-02 -3.400873e-01 -3.252050e+01
-3.377273e-01 5.167267e-02 9.398246e-01 1.018416e+02 -5.264749e-02 9.958917e-01 -7.367426e-02 -5.929256e+00 -9.397705e-01 -7.436121e-02 -3.336194e-01 -3.280091e+01
-3.306789e-01 5.584161e-02 9.420898e-01 1.026944e+02 -5.112844e-02 9.957218e-01 -7.696698e-02 -6.013212e+00 -9.423573e-01 -7.361894e-02 -3.264091e-01 -3.309412e+01
-3.234351e-01 5.949145e-02 9.443784e-01 1.035288e+02 -4.917162e-02 9.956166e-01 -7.955975e-02 -6.090430e+00 -9.449719e-01 -7.216903e-02 -3.190920e-01 -3.337913e+01
-3.168392e-01 5.817295e-02 9.466936e-01 1.043755e+02 -4.980104e-02 9.957202e-01 -7.785296e-02 -6.167132e+00 -9.471709e-01 -7.181319e-02 -3.125861e-01 -3.365859e+01
-3.101366e-01 5.359611e-02 9.491800e-01 1.052437e+02 -5.062844e-02 9.960617e-01 -7.278573e-02 -6.246458e+00 -9.493429e-01 -7.062903e-02 -3.062017e-01 -3.393156e+01
-3.028929e-01 5.072079e-02 9.516739e-01 1.060631e+02 -5.238949e-02 9.961867e-01 -6.976737e-02 -6.331559e+00 -9.515835e-01 -7.098975e-02 -2.990806e-01 -3.418577e+01
-2.964114e-01 5.441425e-02 9.535090e-01 1.069131e+02 -5.437231e-02 9.957949e-01 -7.372978e-02 -6.401494e+00 -9.535114e-01 -7.369883e-02 -2.922063e-01 -3.443964e+01
-2.898839e-01 5.722898e-02 9.553492e-01 1.077924e+02 -5.489618e-02 9.955729e-01 -7.629581e-02 -6.469129e+00 -9.554861e-01 -7.456195e-02 -2.854589e-01 -3.470790e+01
-2.831149e-01 5.761354e-02 9.573540e-01 1.086208e+02 -5.734481e-02 9.953914e-01 -7.686101e-02 -6.557605e+00 -9.573701e-01 -7.665978e-02 -2.785063e-01 -3.494784e+01
-2.755473e-01 5.767886e-02 9.595556e-01 1.094128e+02 -5.651670e-02 9.954996e-01 -7.606886e-02 -6.618709e+00 -9.596247e-01 -7.519148e-02 -2.710474e-01 -3.518951e+01
-2.674734e-01 5.781691e-02 9.618291e-01 1.102812e+02 -5.352390e-02 9.957655e-01 -7.474125e-02 -6.689099e+00 -9.620775e-01 -7.147213e-02 -2.632462e-01 -3.541961e+01
-2.599107e-01 5.915520e-02 9.638190e-01 1.111073e+02 -5.123236e-02 9.958712e-01 -7.493814e-02 -6.758283e+00 -9.642726e-01 -6.885595e-02 -2.558069e-01 -3.563875e+01
-2.536265e-01 5.962938e-02 9.654625e-01 1.119776e+02 -5.157024e-02 9.958451e-01 -7.505336e-02 -6.835743e+00 -9.659266e-01 -6.882465e-02 -2.494976e-01 -3.585955e+01
-2.470682e-01 5.846833e-02 9.672325e-01 1.128253e+02 -5.809656e-02 9.954885e-01 -7.501647e-02 -6.916744e+00 -9.672549e-01 -7.472707e-02 -2.425568e-01 -3.605974e+01
-2.410989e-01 5.731716e-02 9.688065e-01 1.136947e+02 -6.106585e-02 9.953804e-01 -7.408629e-02 -6.994243e+00 -9.685775e-01 -7.702311e-02 -2.364850e-01 -3.626503e+01
-2.361865e-01 5.741030e-02 9.700103e-01 1.145545e+02 -5.790379e-02 9.956477e-01 -7.302657e-02 -7.082595e+00 -9.699810e-01 -7.341516e-02 -2.318343e-01 -3.646556e+01
-2.315919e-01 5.806800e-02 9.710784e-01 1.154092e+02 -5.638361e-02 9.957376e-01 -7.298946e-02 -7.156425e+00 -9.711777e-01 -7.165668e-02 -2.273307e-01 -3.665842e+01
-2.266424e-01 5.962213e-02 9.721514e-01 1.162771e+02 -5.473881e-02 9.957673e-01 -7.383202e-02 -7.239649e+00 -9.724386e-01 -6.994788e-02 -2.224194e-01 -3.684962e+01
-2.205626e-01 5.915837e-02 9.735771e-01 1.171566e+02 -4.959825e-02 9.961874e-01 -7.176868e-02 -7.305143e+00 -9.741110e-01 -6.411721e-02 -2.167875e-01 -3.705111e+01
-2.147775e-01 5.834203e-02 9.749189e-01 1.180265e+02 -4.217851e-02 9.967288e-01 -6.893925e-02 -7.379777e+00 -9.757518e-01 -5.592723e-02 -2.116142e-01 -3.724964e+01
-2.100263e-01 5.773089e-02 9.759898e-01 1.188894e+02 -4.087437e-02 9.968639e-01 -6.776150e-02 -7.454348e+00 -9.768409e-01 -5.412466e-02 -2.070079e-01 -3.742330e+01
-2.061605e-01 5.954159e-02 9.767050e-01 1.197680e+02 -4.360935e-02 9.965962e-01 -6.995915e-02 -7.526067e+00 -9.775459e-01 -5.701629e-02 -2.028622e-01 -3.759745e+01
-2.027452e-01 6.139480e-02 9.773050e-01 1.206265e+02 -4.529556e-02 9.963763e-01 -7.198958e-02 -7.599070e+00 -9.781834e-01 -5.886311e-02 -1.992296e-01 -3.776381e+01
-2.015676e-01 6.086372e-02 9.775818e-01 1.215275e+02 -5.036067e-02 9.961034e-01 -7.240073e-02 -7.663604e+00 -9.781791e-01 -6.382531e-02 -1.977171e-01 -3.795483e+01
-2.006331e-01 5.984649e-02 9.778368e-01 1.224084e+02 -5.116134e-02 9.961303e-01 -7.146342e-02 -7.739911e+00 -9.783296e-01 -6.436537e-02 -1.967949e-01 -3.812395e+01
-2.001766e-01 5.566960e-02 9.781770e-01 1.232830e+02 -5.143181e-02 9.964108e-01 -6.723245e-02 -7.801879e+00 -9.784090e-01 -6.376778e-02 -1.965950e-01 -3.829026e+01
-1.993195e-01 5.061761e-02 9.786264e-01 1.241471e+02 -5.223915e-02 9.966962e-01 -6.219193e-02 -7.877696e+00 -9.785412e-01 -6.351868e-02 -1.960168e-01 -3.845335e+01
-1.982643e-01 4.886026e-02 9.789300e-01 1.249682e+02 -5.176812e-02 9.968407e-01 -6.023890e-02 -7.941823e+00 -9.787805e-01 -6.262059e-02 -1.951086e-01 -3.861472e+01
-1.972313e-01 5.360228e-02 9.788905e-01 1.258726e+02 -5.294845e-02 9.964643e-01 -6.523288e-02 -8.008200e+00 -9.789261e-01 -6.469669e-02 -1.936957e-01 -3.878927e+01
-1.973288e-01 5.752943e-02 9.786479e-01 1.266897e+02 -5.318358e-02 9.961783e-01 -6.928358e-02 -8.071919e+00 -9.788937e-01 -6.571965e-02 -1.935151e-01 -3.894438e+01
-1.977252e-01 5.663379e-02 9.786201e-01 1.275268e+02 -5.710791e-02 9.959685e-01 -6.917612e-02 -8.142038e+00 -9.785926e-01 -6.956481e-02 -1.936938e-01 -3.909534e+01
-1.970158e-01 5.588600e-02 9.788062e-01 1.283773e+02 -5.869013e-02 9.959112e-01 -6.867588e-02 -8.219010e+00 -9.786420e-01 -7.097649e-02 -1.929303e-01 -3.925723e+01
-1.957820e-01 5.718687e-02 9.789786e-01 1.292371e+02 -5.391505e-02 9.961606e-01 -6.897281e-02 -8.292943e+00 -9.791642e-01 -6.628531e-02 -1.919471e-01 -3.943449e+01
-1.949214e-01 5.974039e-02 9.789978e-01 1.300786e+02 -5.576371e-02 9.958538e-01 -7.187170e-02 -8.365517e+00 -9.792324e-01 -6.860188e-02 -1.907818e-01 -3.959730e+01
-1.959804e-01 6.036947e-02 9.787478e-01 1.309177e+02 -6.596608e-02 9.950306e-01 -7.458258e-02 -8.436648e+00 -9.783865e-01 -7.918088e-02 -1.910241e-01 -3.973366e+01
-1.955440e-01 6.191839e-02 9.787383e-01 1.317569e+02 -7.195944e-02 9.944087e-01 -7.728666e-02 -8.515947e+00 -9.780513e-01 -8.554240e-02 -1.899950e-01 -3.988446e+01
-1.945958e-01 6.609127e-02 9.786544e-01 1.326069e+02 -6.805702e-02 9.944132e-01 -8.068798e-02 -8.592286e+00 -9.785196e-01 -8.230585e-02 -1.890107e-01 -4.005912e+01
-1.938206e-01 6.702303e-02 9.787448e-01 1.334293e+02 -6.717284e-02 9.944155e-01 -8.139836e-02 -8.675904e+00 -9.787346e-01 -8.152175e-02 -1.882361e-01 -4.021471e+01
-1.919495e-01 6.805543e-02 9.790423e-01 1.342614e+02 -6.787448e-02 9.942835e-01 -8.242224e-02 -8.766043e+00 -9.790549e-01 -8.227289e-02 -1.862329e-01 -4.037318e+01
-1.890217e-01 6.845037e-02 9.795843e-01 1.351411e+02 -5.814568e-02 9.950369e-01 -8.075001e-02 -8.843772e+00 -9.802499e-01 -7.222209e-02 -1.841034e-01 -4.056139e+01
-1.851122e-01 6.651494e-02 9.804638e-01 1.359620e+02 -5.200722e-02 9.956456e-01 -7.736387e-02 -8.898827e+00 -9.813403e-01 -6.531219e-02 -1.808469e-01 -4.072100e+01
-1.830437e-01 6.248415e-02 9.811171e-01 1.366970e+02 -4.728142e-02 9.962638e-01 -7.226993e-02 -8.955384e+00 -9.819671e-01 -5.961716e-02 -1.794055e-01 -4.085690e+01
-1.785170e-01 6.164675e-02 9.820037e-01 1.373822e+02 -4.481448e-02 9.964902e-01 -7.070291e-02 -9.037056e+00 -9.829157e-01 -5.662966e-02 -1.751278e-01 -4.098457e+01
-1.729428e-01 6.606363e-02 9.827138e-01 1.381838e+02 -4.258124e-02 9.963136e-01 -7.447154e-02 -9.130903e+00 -9.840110e-01 -5.472449e-02 -1.694922e-01 -4.112849e+01
-1.662294e-01 6.955029e-02 9.836313e-01 1.389849e+02 -4.140706e-02 9.961374e-01 -7.743218e-02 -9.200438e+00 -9.852174e-01 -5.360079e-02 -1.627075e-01 -4.126139e+01
-1.587498e-01 7.041355e-02 9.848048e-01 1.397520e+02 -4.273879e-02 9.960286e-01 -7.810551e-02 -9.267747e+00 -9.863934e-01 -5.448860e-02 -1.551099e-01 -4.135963e+01
-1.489379e-01 6.602839e-02 9.866396e-01 1.405015e+02 -4.028009e-02 9.965349e-01 -7.277108e-02 -9.342090e+00 -9.880258e-01 -5.058031e-02 -1.457622e-01 -4.147585e+01
-1.363688e-01 6.526366e-02 9.885061e-01 1.412979e+02 -3.586136e-02 9.968484e-01 -7.076167e-02 -9.409524e+00 -9.900089e-01 -4.509885e-02 -1.335985e-01 -4.158529e+01
-1.228901e-01 6.593964e-02 9.902272e-01 1.418663e+02 -3.451192e-02 9.969027e-01 -7.066719e-02 -9.504811e+00 -9.918200e-01 -4.285895e-02 -1.202338e-01 -4.167324e+01
-1.082565e-01 6.636537e-02 9.919053e-01 1.426409e+02 -3.562248e-02 9.968695e-01 -7.058534e-02 -9.588342e+00 -9.934846e-01 -4.297544e-02 -1.055535e-01 -4.175651e+01
-9.424065e-02 6.690454e-02 9.932988e-01 1.434252e+02 -3.570498e-02 9.968703e-01 -7.053266e-02 -9.652547e+00 -9.949090e-01 -4.211276e-02 -9.155687e-02 -4.183634e+01
-7.942465e-02 6.935762e-02 9.944251e-01 1.442197e+02 -3.078640e-02 9.969300e-01 -7.199123e-02 -9.724212e+00 -9.963654e-01 -3.633265e-02 -7.704555e-02 -4.190472e+01
-6.529800e-02 7.505038e-02 9.950395e-01 1.449432e+02 -3.368689e-02 9.964335e-01 -7.736617e-02 -9.807697e+00 -9.972970e-01 -3.857164e-02 -6.253690e-02 -4.195684e+01
-5.338092e-02 8.368784e-02 9.950612e-01 1.456810e+02 -4.124393e-02 9.954469e-01 -8.593284e-02 -9.893992e+00 -9.977221e-01 -4.562741e-02 -4.968625e-02 -4.196069e+01
-4.090144e-02 9.182084e-02 9.949352e-01 1.464023e+02 -4.471711e-02 9.946025e-01 -9.362844e-02 -9.966183e+00 -9.981620e-01 -4.832016e-02 -3.657471e-02 -4.194029e+01
-2.783237e-02 9.240994e-02 9.953320e-01 1.470999e+02 -4.511086e-02 9.945872e-01 -9.360222e-02 -1.004789e+01 -9.985942e-01 -4.750545e-02 -2.351303e-02 -4.194355e+01
-1.851685e-02 8.857692e-02 9.958972e-01 1.478963e+02 -5.350471e-02 9.945529e-01 -8.945217e-02 -1.012890e+01 -9.983959e-01 -5.494157e-02 -1.367670e-02 -4.191096e+01
-7.776205e-03 8.606684e-02 9.962590e-01 1.486536e+02 -5.808421e-02 9.945681e-01 -8.637413e-02 -1.021312e+01 -9.982814e-01 -5.853858e-02 -2.734842e-03 -4.190548e+01
2.788383e-04 9.276441e-02 9.956880e-01 1.494241e+02 -6.304819e-02 9.937088e-01 -9.256235e-02 -1.029000e+01 -9.980104e-01 -6.275052e-02 6.125712e-03 -4.187370e+01
6.320100e-03 1.001956e-01 9.949477e-01 1.501361e+02 -6.951937e-02 9.926043e-01 -9.951801e-02 -1.037041e+01 -9.975606e-01 -6.853917e-02 1.323889e-02 -4.185764e+01
1.270294e-02 1.051018e-01 9.943803e-01 1.508822e+02 -7.317067e-02 9.918921e-01 -1.039041e-01 -1.040474e+01 -9.972385e-01 -7.143958e-02 2.029032e-02 -4.194534e+01
1.311893e-02 1.019624e-01 9.947017e-01 1.517007e+02 -7.964410e-02 9.917333e-01 -1.006077e-01 -1.045890e+01 -9.967370e-01 -7.790226e-02 2.113118e-02 -4.196498e+01
1.194995e-02 9.827833e-02 9.950872e-01 1.525883e+02 -8.528995e-02 9.916318e-01 -9.691281e-02 -1.055917e+01 -9.962845e-01 -8.371284e-02 2.023210e-02 -4.200101e+01
1.449807e-02 9.587272e-02 9.952880e-01 1.533878e+02 -8.754769e-02 9.916916e-01 -9.425100e-02 -1.065013e+01 -9.960548e-01 -8.576871e-02 2.277105e-02 -4.216241e+01
1.224489e-02 9.641637e-02 9.952658e-01 1.541239e+02 -8.567394e-02 9.917814e-01 -9.502476e-02 -1.072573e+01 -9.962480e-01 -8.410477e-02 2.040463e-02 -4.215166e+01
9.026830e-03 9.675991e-02 9.952668e-01 1.549082e+02 -8.516280e-02 9.917656e-01 -9.564711e-02 -1.081252e+01 -9.963262e-01 -8.389632e-02 1.719284e-02 -4.216284e+01
4.499225e-03 9.543122e-02 9.954259e-01 1.556433e+02 -8.468827e-02 9.918961e-01 -9.471004e-02 -1.089668e+01 -9.963973e-01 -8.387477e-02 1.254467e-02 -4.214978e+01
-2.966534e-04 9.563152e-02 9.954168e-01 1.563920e+02 -8.570898e-02 9.917515e-01 -9.530493e-02 -1.097826e+01 -9.963202e-01 -8.534443e-02 7.902273e-03 -4.215131e+01
-6.485118e-03 9.393055e-02 9.955576e-01 1.571266e+02 -8.721448e-02 9.917317e-01 -9.413769e-02 -1.105597e+01 -9.961684e-01 -8.743754e-02 1.760607e-03 -4.214535e+01
-1.234523e-02 9.122003e-02 9.957542e-01 1.578655e+02 -8.416797e-02 9.922012e-01 -9.193804e-02 -1.114122e+01 -9.963751e-01 -8.494561e-02 -4.571149e-03 -4.214580e+01
-1.661969e-02 9.131552e-02 9.956833e-01 1.586260e+02 -8.398523e-02 9.921741e-01 -9.239555e-02 -1.122622e+01 -9.963284e-01 -8.515828e-02 -8.820472e-03 -4.217746e+01
-2.256991e-02 9.245003e-02 9.954615e-01 1.593479e+02 -8.783340e-02 9.916815e-01 -9.409041e-02 -1.131030e+01 -9.958795e-01 -8.955838e-02 -1.426196e-02 -4.218619e+01
-2.629458e-02 9.467122e-02 9.951613e-01 1.600640e+02 -8.775772e-02 9.914434e-01 -9.663630e-02 -1.139360e+01 -9.957947e-01 -8.987410e-02 -1.776146e-02 -4.219773e+01
-2.812331e-02 9.693170e-02 9.948936e-01 1.607824e+02 -8.816983e-02 9.911675e-01 -9.906102e-02 -1.147891e+01 -9.957084e-01 -9.050552e-02 -1.932846e-02 -4.222887e+01
-2.981670e-02 9.853060e-02 9.946872e-01 1.614980e+02 -8.543098e-02 9.912371e-01 -1.007497e-01 -1.155717e+01 -9.958978e-01 -8.798113e-02 -2.113785e-02 -4.223980e+01
-2.905091e-02 9.728231e-02 9.948327e-01 1.622338e+02 -8.177579e-02 9.916853e-01 -9.936253e-02 -1.163578e+01 -9.962273e-01 -8.423981e-02 -2.085403e-02 -4.224469e+01
-2.471312e-02 9.357054e-02 9.953059e-01 1.629423e+02 -8.038024e-02 9.922005e-01 -9.527441e-02 -1.172083e+01 -9.964579e-01 -8.235745e-02 -1.699915e-02 -4.226165e+01
-1.712610e-02 9.371714e-02 9.954516e-01 1.636496e+02 -7.958004e-02 9.923113e-01 -9.479063e-02 -1.179786e+01 -9.966813e-01 -8.084147e-02 -9.536407e-03 -4.226585e+01
-5.144232e-03 9.440973e-02 9.955201e-01 1.643421e+02 -7.718718e-02 9.925257e-01 -9.452461e-02 -1.187832e+01 -9.970033e-01 -7.732765e-02 2.181438e-03 -4.226613e+01
9.453141e-03 9.487879e-02 9.954439e-01 1.650329e+02 -7.588465e-02 9.926858e-01 -9.389528e-02 -1.195264e+01 -9.970718e-01 -7.465131e-02 1.658384e-02 -4.225334e+01
2.468210e-02 9.255585e-02 9.954015e-01 1.657220e+02 -7.773752e-02 9.928676e-01 -9.039265e-02 -1.202174e+01 -9.966683e-01 -7.514896e-02 3.170112e-02 -4.222099e+01
4.042905e-02 8.817083e-02 9.952846e-01 1.664086e+02 -8.301188e-02 9.929518e-01 -8.459217e-02 -1.208894e+01 -9.957281e-01 -7.920047e-02 4.746333e-02 -4.216835e+01
5.649157e-02 8.180877e-02 9.950457e-01 1.670939e+02 -8.530642e-02 9.933882e-01 -7.682940e-02 -1.215458e+01 -9.947520e-01 -8.054358e-02 6.309687e-02 -4.210147e+01
7.337223e-02 7.594686e-02 9.944087e-01 1.677392e+02 -8.849738e-02 9.936586e-01 -6.935981e-02 -1.218687e+01 -9.933704e-01 -8.291347e-02 7.962805e-02 -4.204464e+01
9.064502e-02 6.821246e-02 9.935444e-01 1.683947e+02 -8.865331e-02 9.942434e-01 -6.017225e-02 -1.223877e+01 -9.919295e-01 -8.262669e-02 9.617047e-02 -4.196477e+01
1.079416e-01 6.228560e-02 9.922042e-01 1.690804e+02 -9.013437e-02 9.945382e-01 -5.262642e-02 -1.229416e+01 -9.900628e-01 -8.375112e-02 1.129661e-01 -4.187422e+01
1.254646e-01 6.034432e-02 9.902612e-01 1.697282e+02 -9.170046e-02 9.945809e-01 -4.898924e-02 -1.233816e+01 -9.878510e-01 -8.466099e-02 1.303183e-01 -4.176877e+01
1.436089e-01 5.923682e-02 9.878601e-01 1.703637e+02 -9.089851e-02 9.947769e-01 -4.643733e-02 -1.237169e+01 -9.854511e-01 -8.312620e-02 1.482433e-01 -4.166400e+01
1.613302e-01 5.905219e-02 9.851322e-01 1.709997e+02 -9.311590e-02 9.946659e-01 -4.437455e-02 -1.240841e+01 -9.824978e-01 -8.457251e-02 1.659683e-01 -4.155481e+01
1.773230e-01 5.759311e-02 9.824661e-01 1.716045e+02 -9.837039e-02 9.943240e-01 -4.053359e-02 -1.245382e+01 -9.792241e-01 -8.945804e-02 1.819819e-01 -4.142584e+01
1.915915e-01 5.436706e-02 9.799678e-01 1.721718e+02 -1.021646e-01 9.941453e-01 -3.517961e-02 -1.249232e+01 -9.761430e-01 -9.337791e-02 1.960241e-01 -4.131556e+01
2.052334e-01 5.030588e-02 9.774193e-01 1.728338e+02 -9.838518e-02 9.946798e-01 -3.053584e-02 -1.252749e+01 -9.737554e-01 -8.989661e-02 2.090908e-01 -4.120553e+01
2.156058e-01 4.989564e-02 9.752049e-01 1.734262e+02 -9.780476e-02 9.947750e-01 -2.927350e-02 -1.254877e+01 -9.715701e-01 -8.906814e-02 2.193593e-01 -4.105185e+01
2.251149e-01 5.247951e-02 9.729179e-01 1.739587e+02 -1.011264e-01 9.944139e-01 -3.024026e-02 -1.259554e+01 -9.690700e-01 -9.158017e-02 2.291644e-01 -4.090424e+01
2.336856e-01 6.034110e-02 9.704380e-01 1.745535e+02 -1.063133e-01 9.936740e-01 -3.618520e-02 -1.261779e+01 -9.664825e-01 -9.471451e-02 2.386224e-01 -4.073475e+01
2.429299e-01 6.986990e-02 9.675243e-01 1.751243e+02 -1.062744e-01 9.933158e-01 -4.504863e-02 -1.265604e+01 -9.642048e-01 -9.187944e-02 2.487315e-01 -4.058168e+01
2.511213e-01 7.595569e-02 9.649709e-01 1.756783e+02 -1.014089e-01 9.934948e-01 -5.181052e-02 -1.267254e+01 -9.626289e-01 -8.484593e-02 2.571903e-01 -4.043639e+01
2.581433e-01 7.484122e-02 9.632034e-01 1.762839e+02 -1.017136e-01 9.935594e-01 -4.994016e-02 -1.269048e+01 -9.607374e-01 -8.507914e-02 2.640930e-01 -4.029002e+01
2.644516e-01 6.858709e-02 9.619570e-01 1.769249e+02 -1.055784e-01 9.935315e-01 -4.181380e-02 -1.271041e+01 -9.586024e-01 -9.050410e-02 2.699823e-01 -4.012328e+01
2.685329e-01 5.865968e-02 9.614828e-01 1.775443e+02 -1.109542e-01 9.933841e-01 -2.961752e-02 -1.274811e+01 -9.568590e-01 -9.872727e-02 2.732649e-01 -3.993301e+01
2.702333e-01 5.084833e-02 9.614512e-01 1.781423e+02 -1.118385e-01 9.935022e-01 -2.110918e-02 -1.277858e+01 -9.562772e-01 -1.018228e-01 2.741642e-01 -3.974438e+01
2.708818e-01 5.019033e-02 9.613033e-01 1.787070e+02 -1.089332e-01 9.938231e-01 -2.119238e-02 -1.280710e+01 -9.564291e-01 -9.897719e-02 2.746760e-01 -3.956848e+01
2.720251e-01 5.250299e-02 9.608568e-01 1.793054e+02 -1.058279e-01 9.940861e-01 -2.435810e-02 -1.282506e+01 -9.564532e-01 -9.505945e-02 2.759727e-01 -3.938937e+01
2.739254e-01 5.228916e-02 9.603284e-01 1.798905e+02 -1.033508e-01 9.943392e-01 -2.466110e-02 -1.284758e+01 -9.561817e-01 -9.249539e-02 2.777789e-01 -3.923220e+01
2.762274e-01 5.017945e-02 9.597815e-01 1.805178e+02 -1.053349e-01 9.942008e-01 -2.166334e-02 -1.287050e+01 -9.553026e-01 -9.511447e-02 2.799111e-01 -3.906302e+01
2.790202e-01 4.645110e-02 9.591611e-01 1.811112e+02 -1.059233e-01 9.942232e-01 -1.733600e-02 -1.289815e+01 -9.544255e-01 -9.676039e-02 2.823286e-01 -3.888541e+01
2.820292e-01 4.168716e-02 9.584997e-01 1.817146e+02 -1.060858e-01 9.942842e-01 -1.202879e-02 -1.291981e+01 -9.535226e-01 -9.829073e-02 2.848396e-01 -3.870640e+01
2.869496e-01 3.896971e-02 9.571527e-01 1.823245e+02 -1.052811e-01 9.944025e-01 -8.923547e-03 -1.294250e+01 -9.521428e-01 -9.820952e-02 2.894461e-01 -3.853272e+01
2.931995e-01 3.746950e-02 9.553167e-01 1.829375e+02 -1.043406e-01 9.945171e-01 -6.983474e-03 -1.294598e+01 -9.503405e-01 -9.763081e-02 2.955015e-01 -3.833925e+01
3.012294e-01 3.438752e-02 9.529315e-01 1.835648e+02 -1.032008e-01 9.946552e-01 -3.270536e-03 -1.296480e+01 -9.479507e-01 -9.735815e-02 3.031682e-01 -3.813553e+01
3.111179e-01 3.272123e-02 9.498079e-01 1.841700e+02 -1.013667e-01 9.948486e-01 -1.069349e-03 -1.298163e+01 -9.449500e-01 -9.594619e-02 3.128320e-01 -3.794040e+01
3.220924e-01 3.525293e-02 9.460516e-01 1.847851e+02 -1.038086e-01 9.945958e-01 -1.719201e-03 -1.299356e+01 -9.409996e-01 -9.765455e-02 3.240113e-01 -3.771841e+01
3.337694e-01 3.967222e-02 9.418196e-01 1.853924e+02 -1.058081e-01 9.943769e-01 -4.388984e-03 -1.299745e+01 -9.366977e-01 -9.818725e-02 3.360902e-01 -3.750086e+01
3.451810e-01 4.311701e-02 9.375452e-01 1.860043e+02 -1.075183e-01 9.941842e-01 -6.136224e-03 -1.300560e+01 -9.323572e-01 -9.868513e-02 3.478093e-01 -3.725606e+01
3.571998e-01 4.319979e-02 9.330284e-01 1.866266e+02 -1.067118e-01 9.942765e-01 -5.182168e-03 -1.302790e+01 -9.279121e-01 -9.771405e-02 3.597653e-01 -3.701588e+01
3.683494e-01 4.012865e-02 9.288210e-01 1.872223e+02 -1.062715e-01 9.943368e-01 -8.143083e-04 -1.304016e+01 -9.235936e-01 -9.840725e-02 3.705279e-01 -3.677106e+01
3.792024e-01 3.913494e-02 9.244858e-01 1.878466e+02 -1.081686e-01 9.941299e-01 2.285146e-03 -1.305247e+01 -9.189696e-01 -1.008669e-01 3.812096e-01 -3.649290e+01
3.904110e-01 3.876799e-02 9.198241e-01 1.884596e+02 -1.104272e-01 9.938717e-01 4.980928e-03 -1.306203e+01 -9.139940e-01 -1.035182e-01 3.922995e-01 -3.622113e+01
3.998556e-01 3.789009e-02 9.157947e-01 1.890786e+02 -1.144781e-01 9.933861e-01 8.883248e-03 -1.306441e+01 -9.094010e-01 -1.083905e-01 4.015486e-01 -3.593905e+01
4.070403e-01 3.932359e-02 9.125633e-01 1.897042e+02 -1.184436e-01 9.929100e-01 1.004483e-02 -1.306494e+01 -9.056982e-01 -1.121759e-01 4.088120e-01 -3.565121e+01
4.115324e-01 3.654314e-02 9.106622e-01 1.903409e+02 -1.188410e-01 9.928165e-01 1.386494e-02 -1.306944e+01 -9.036138e-01 -1.139299e-01 4.129190e-01 -3.535546e+01
4.145187e-01 3.326081e-02 9.094328e-01 1.909890e+02 -1.166352e-01 9.930320e-01 1.684395e-02 -1.306917e+01 -9.025356e-01 -1.130540e-01 4.155097e-01 -3.507247e+01
4.156597e-01 3.436687e-02 9.088707e-01 1.916468e+02 -1.133332e-01 9.934546e-01 1.426621e-02 -1.307595e+01 -9.024315e-01 -1.089351e-01 4.168340e-01 -3.479746e+01
4.148212e-01 3.544955e-02 9.092121e-01 1.923036e+02 -1.129997e-01 9.935123e-01 1.281893e-02 -1.307543e+01 -9.028590e-01 -1.080583e-01 4.161358e-01 -3.450365e+01
4.144479e-01 3.642794e-02 9.093437e-01 1.929667e+02 -1.094982e-01 9.939358e-01 1.008890e-02 -1.308092e+01 -9.034617e-01 -1.037529e-01 4.159234e-01 -3.419452e+01
4.145859e-01 3.489142e-02 9.093410e-01 1.936441e+02 -1.066037e-01 9.942466e-01 1.045341e-02 -1.307692e+01 -9.037445e-01 -1.012730e-01 4.159202e-01 -3.389101e+01
4.138728e-01 2.969679e-02 9.098502e-01 1.943098e+02 -1.044482e-01 9.944164e-01 1.505445e-02 -1.307680e+01 -9.043229e-01 -1.012629e-01 4.146636e-01 -3.358802e+01
4.131925e-01 2.633415e-02 9.102629e-01 1.949404e+02 -1.031357e-01 9.945036e-01 1.804478e-02 -1.307889e+01 -9.047845e-01 -1.013366e-01 4.136374e-01 -3.331120e+01
4.118623e-01 2.340815e-02 9.109454e-01 1.955850e+02 -1.017494e-01 9.945999e-01 2.044581e-02 -1.308043e+01 -9.055476e-01 -1.011090e-01 4.120200e-01 -3.302470e+01
4.101531e-01 2.442280e-02 9.116896e-01 1.962914e+02 -1.046540e-01 9.942985e-01 2.044621e-02 -1.307218e+01 -9.059923e-01 -1.037980e-01 4.103706e-01 -3.269411e+01
4.086818e-01 2.388274e-02 9.123644e-01 1.969487e+02 -1.056031e-01 9.941807e-01 2.127909e-02 -1.307381e+01 -9.065469e-01 -1.050448e-01 4.088256e-01 -3.241142e+01
4.067350e-01 2.504714e-02 9.132028e-01 1.976645e+02 -1.060698e-01 9.941580e-01 1.997528e-02 -1.306527e+01 -9.073675e-01 -1.049879e-01 4.070156e-01 -3.207134e+01
4.056616e-01 2.905368e-02 9.135615e-01 1.983565e+02 -1.059522e-01 9.942515e-01 1.542763e-02 -1.306218e+01 -9.078617e-01 -1.030523e-01 4.064080e-01 -3.176882e+01
4.053650e-01 3.466232e-02 9.134975e-01 1.990114e+02 -1.054616e-01 9.943820e-01 9.067193e-03 -1.305938e+01 -9.080512e-01 -1.000144e-01 4.067432e-01 -3.148765e+01
4.042218e-01 3.770594e-02 9.138835e-01 1.996503e+02 -1.077049e-01 9.941609e-01 6.621063e-03 -1.305787e+01 -9.082975e-01 -1.011061e-01 4.059226e-01 -3.119732e+01
4.030337e-01 3.465550e-02 9.145288e-01 2.002827e+02 -1.082367e-01 9.940746e-01 1.003017e-02 -1.306933e+01 -9.087622e-01 -1.030281e-01 4.043965e-01 -3.092972e+01
4.017959e-01 3.170263e-02 9.151803e-01 2.009437e+02 -1.100481e-01 9.938292e-01 1.388784e-02 -1.307776e+01 -9.090927e-01 -1.062939e-01 4.028053e-01 -3.063256e+01
3.988486e-01 3.301225e-02 9.164224e-01 2.016392e+02 -1.150267e-01 9.932597e-01 1.428219e-02 -1.308280e+01 -9.097739e-01 -1.111095e-01 3.999576e-01 -3.031068e+01
3.941313e-01 3.343779e-02 9.184457e-01 2.023337e+02 -1.186248e-01 9.928295e-01 1.475941e-02 -1.308974e+01 -9.113664e-01 -1.147676e-01 3.952717e-01 -3.000240e+01
3.873631e-01 3.234622e-02 9.213596e-01 2.030229e+02 -1.176212e-01 9.929513e-01 1.459134e-02 -1.308355e+01 -9.143933e-01 -1.140235e-01 3.884373e-01 -2.970214e+01
3.792009e-01 3.111723e-02 9.247910e-01 2.036748e+02 -1.145920e-01 9.933200e-01 1.356415e-02 -1.309024e+01 -9.181914e-01 -1.111172e-01 3.802336e-01 -2.945798e+01
3.698247e-01 3.246696e-02 9.285341e-01 2.043381e+02 -1.131357e-01 9.935259e-01 1.032122e-02 -1.310950e+01 -9.221876e-01 -1.088674e-01 3.711036e-01 -2.920747e+01
3.596407e-01 3.588690e-02 9.324005e-01 2.050289e+02 -1.142932e-01 9.934298e-01 5.848729e-03 -1.311263e+01 -9.260646e-01 -1.086705e-01 3.613794e-01 -2.894758e+01
3.483345e-01 3.580743e-02 9.366861e-01 2.057130e+02 -1.161604e-01 9.932167e-01 5.229205e-03 -1.311849e+01 -9.301451e-01 -1.106273e-01 3.501311e-01 -2.869820e+01
3.373932e-01 2.803868e-02 9.409461e-01 2.064331e+02 -1.106889e-01 9.938040e-01 1.007574e-02 -1.311449e+01 -9.348336e-01 -1.075518e-01 3.384063e-01 -2.843188e+01
3.292902e-01 1.997767e-02 9.440174e-01 2.071405e+02 -1.072792e-01 9.940939e-01 1.638350e-02 -1.312687e+01 -9.381147e-01 -1.066684e-01 3.294886e-01 -2.819427e+01
3.222093e-01 1.458330e-02 9.465561e-01 2.078577e+02 -1.070936e-01 9.940242e-01 2.114020e-02 -1.313159e+01 -9.405914e-01 -1.081816e-01 3.218456e-01 -2.794941e+01
3.172954e-01 1.403647e-02 9.482229e-01 2.085315e+02 -1.124891e-01 9.933882e-01 2.293618e-02 -1.312338e+01 -9.416315e-01 -1.139423e-01 3.167765e-01 -2.770036e+01
3.146577e-01 1.217486e-02 9.491271e-01 2.092298e+02 -1.115705e-01 9.934607e-01 2.424466e-02 -1.312500e+01 -9.426253e-01 -1.135233e-01 3.139584e-01 -2.746773e+01
3.131093e-01 1.179703e-02 9.496438e-01 2.099536e+02 -1.113523e-01 9.934821e-01 2.437260e-02 -1.311137e+01 -9.431666e-01 -1.133763e-01 3.123821e-01 -2.722741e+01
3.118601e-01 1.499539e-02 9.500097e-01 2.106679e+02 -1.145487e-01 9.931756e-01 2.192621e-02 -1.309288e+01 -9.431977e-01 -1.156603e-01 3.114495e-01 -2.698041e+01
3.111535e-01 1.724500e-02 9.502032e-01 2.113753e+02 -1.183239e-01 9.927587e-01 2.072903e-02 -1.308656e+01 -9.429650e-01 -1.188817e-01 3.109409e-01 -2.673433e+01
3.115968e-01 1.784644e-02 9.500468e-01 2.121178e+02 -1.211455e-01 9.924107e-01 2.109111e-02 -1.306753e+01 -9.424602e-01 -1.216658e-01 3.113940e-01 -2.648699e+01
3.132593e-01 1.690833e-02 9.495171e-01 2.128246e+02 -1.226789e-01 9.921844e-01 2.280541e-02 -1.306133e+01 -9.417104e-01 -1.236297e-01 3.128853e-01 -2.624405e+01
3.145137e-01 1.494573e-02 9.491353e-01 2.135642e+02 -1.212145e-01 9.923229e-01 2.454091e-02 -1.306190e+01 -9.414819e-01 -1.227675e-01 3.139107e-01 -2.598716e+01
3.161924e-01 1.529575e-02 9.485718e-01 2.142841e+02 -1.208007e-01 9.923802e-01 2.426497e-02 -1.304596e+01 -9.409727e-01 -1.222605e-01 3.156308e-01 -2.574888e+01
3.191084e-01 1.448360e-02 9.476075e-01 2.150184e+02 -1.202026e-01 9.924267e-01 2.530978e-02 -1.302743e+01 -9.400644e-01 -1.219814e-01 3.184327e-01 -2.549572e+01
3.233723e-01 1.263189e-02 9.461875e-01 2.157419e+02 -1.214933e-01 9.921894e-01 2.827594e-02 -1.302615e+01 -9.384401e-01 -1.240991e-01 3.223812e-01 -2.524283e+01
3.285273e-01 9.077664e-03 9.444508e-01 2.164692e+02 -1.232940e-01 9.918095e-01 3.335497e-02 -1.300800e+01 -9.364125e-01 -1.274031e-01 3.269557e-01 -2.498823e+01
3.334449e-01 4.703105e-03 9.427579e-01 2.171805e+02 -1.225854e-01 9.917144e-01 3.841002e-02 -1.300051e+01 -9.347659e-01 -1.283760e-01 3.312587e-01 -2.472767e+01
3.371745e-01 4.802165e-03 9.414299e-01 2.179158e+02 -1.238640e-01 9.915205e-01 3.930440e-02 -1.298546e+01 -9.332583e-01 -1.298617e-01 3.349102e-01 -2.444507e+01
3.414963e-01 9.539435e-03 9.398347e-01 2.186535e+02 -1.289246e-01 9.909718e-01 3.678729e-02 -1.297069e+01 -9.309988e-01 -1.337306e-01 3.396430e-01 -2.416952e+01
3.460645e-01 1.545527e-02 9.380834e-01 2.193921e+02 -1.333551e-01 9.905229e-01 3.287626e-02 -1.294947e+01 -9.286850e-01 -1.364756e-01 3.448458e-01 -2.388800e+01
3.507034e-01 1.878127e-02 9.362982e-01 2.201441e+02 -1.373530e-01 9.900183e-01 3.158862e-02 -1.292727e+01 -9.263591e-01 -1.396816e-01 3.497825e-01 -2.360015e+01
3.550828e-01 1.831118e-02 9.346555e-01 2.208779e+02 -1.388512e-01 9.897512e-01 3.336006e-02 -1.291725e+01 -9.244655e-01 -1.416236e-01 3.539862e-01 -2.330927e+01
3.587894e-01 2.046508e-02 9.331942e-01 2.215977e+02 -1.402782e-01 9.895874e-01 3.223162e-02 -1.291080e+01 -9.228175e-01 -1.424712e-01 3.579243e-01 -2.301456e+01
3.628087e-01 2.362234e-02 9.315642e-01 2.223422e+02 -1.410076e-01 9.895592e-01 2.982411e-02 -1.289250e+01 -9.211334e-01 -1.421781e-01 3.623516e-01 -2.272000e+01
3.673670e-01 2.420255e-02 9.297611e-01 2.230884e+02 -1.413464e-01 9.895028e-01 3.009108e-02 -1.287069e+01 -9.192729e-01 -1.424729e-01 3.669316e-01 -2.241604e+01
3.716916e-01 2.337479e-02 9.280619e-01 2.237978e+02 -1.422109e-01 9.893177e-01 3.203828e-02 -1.286052e+01 -9.173993e-01 -1.438889e-01 3.710453e-01 -2.212006e+01
3.761251e-01 2.218000e-02 9.263034e-01 2.244644e+02 -1.380592e-01 9.898953e-01 3.235620e-02 -1.287397e+01 -9.162257e-01 -1.400547e-01 3.753866e-01 -2.183315e+01
3.810021e-01 2.159208e-02 9.243220e-01 2.252095e+02 -1.341089e-01 9.904452e-01 3.214250e-02 -1.287368e+01 -9.147962e-01 -1.362062e-01 3.802574e-01 -2.153812e+01
3.851258e-01 2.384796e-02 9.225559e-01 2.259084e+02 -1.357752e-01 9.902520e-01 3.108217e-02 -1.288245e+01 -9.128216e-01 -1.372307e-01 3.846096e-01 -2.125507e+01
3.890756e-01 2.387933e-02 9.208963e-01 2.266046e+02 -1.406154e-01 9.894888e-01 3.375156e-02 -1.286437e+01 -9.104106e-01 -1.426241e-01 3.883438e-01 -2.093656e+01
3.933811e-01 2.408624e-02 9.190599e-01 2.273458e+02 -1.445066e-01 9.888510e-01 3.593725e-02 -1.284769e+01 -9.079478e-01 -1.469473e-01 3.924759e-01 -2.061099e+01
3.974145e-01 2.724290e-02 9.172347e-01 2.280791e+02 -1.430018e-01 9.891861e-01 3.257912e-02 -1.283330e+01 -9.064282e-01 -1.441136e-01 3.970127e-01 -2.028574e+01
4.010186e-01 3.429062e-02 9.154279e-01 2.287572e+02 -1.431538e-01 9.893680e-01 2.565064e-02 -1.282140e+01 -9.048155e-01 -1.413334e-01 4.016638e-01 -1.996686e+01
4.040654e-01 4.087289e-02 9.138165e-01 2.294952e+02 -1.489324e-01 9.886107e-01 2.163569e-02 -1.280796e+01 -9.025244e-01 -1.448391e-01 4.055507e-01 -1.962268e+01
4.069582e-01 3.951999e-02 9.125915e-01 2.302286e+02 -1.540836e-01 9.877173e-01 2.593823e-02 -1.280136e+01 -9.003573e-01 -1.511712e-01 4.080490e-01 -1.928745e+01
4.096321e-01 2.924823e-02 9.117818e-01 2.309652e+02 -1.530582e-01 9.875210e-01 3.708599e-02 -1.279208e+01 -8.993190e-01 -1.547473e-01 4.089970e-01 -1.894758e+01
4.115173e-01 1.760919e-02 9.112318e-01 2.316991e+02 -1.502408e-01 9.874459e-01 4.876755e-02 -1.276225e+01 -8.989334e-01 -1.569728e-01 4.089967e-01 -1.860931e+01
4.128567e-01 1.045612e-02 9.107360e-01 2.324518e+02 -1.524011e-01 9.866295e-01 5.775934e-02 -1.274147e+01 -8.979550e-01 -1.626435e-01 4.089301e-01 -1.824323e+01
4.146405e-01 9.295779e-03 9.099378e-01 2.332098e+02 -1.547750e-01 9.860984e-01 6.045406e-02 -1.270650e+01 -8.967262e-01 -1.659023e-01 4.103151e-01 -1.787253e+01
4.175119e-01 1.391308e-02 9.085649e-01 2.339239e+02 -1.545246e-01 9.864061e-01 5.590344e-02 -1.267573e+01 -8.954362e-01 -1.637360e-01 4.139862e-01 -1.754145e+01
4.215604e-01 2.015801e-02 9.065762e-01 2.346730e+02 -1.539598e-01 9.868289e-01 4.964928e-02 -1.263310e+01 -8.936348e-01 -1.605065e-01 4.191115e-01 -1.717872e+01
4.261057e-01 2.408157e-02 9.043528e-01 2.354012e+02 -1.532067e-01 9.871275e-01 4.590099e-02 -1.261043e+01 -8.916062e-01 -1.581116e-01 4.243101e-01 -1.682821e+01
4.304176e-01 2.578510e-02 9.022615e-01 2.360776e+02 -1.513898e-01 9.874944e-01 4.399853e-02 -1.259862e+01 -8.898437e-01 -1.555309e-01 4.289386e-01 -1.651088e+01
4.345917e-01 2.796246e-02 9.001934e-01 2.368011e+02 -1.506979e-01 9.876842e-01 4.207315e-02 -1.257182e+01 -8.879303e-01 -1.539419e-01 4.334532e-01 -1.615228e+01
4.383093e-01 2.708598e-02 8.984160e-01 2.375052e+02 -1.503713e-01 9.876684e-01 4.358468e-02 -1.254562e+01 -8.861566e-01 -1.541996e-01 4.369772e-01 -1.579894e+01
4.420213e-01 2.231573e-02 8.967269e-01 2.382329e+02 -1.489608e-01 9.876358e-01 4.884879e-02 -1.251711e+01 -8.845495e-01 -1.551694e-01 4.398802e-01 -1.544273e+01
4.450271e-01 1.694283e-02 8.953568e-01 2.389493e+02 -1.472556e-01 9.875956e-01 5.450351e-02 -1.247860e+01 -8.833271e-01 -1.561019e-01 4.420017e-01 -1.508609e+01
4.475528e-01 1.028895e-02 8.941983e-01 2.396441e+02 -1.444996e-01 9.876254e-01 6.095916e-02 -1.246610e+01 -8.825057e-01 -1.564938e-01 4.435012e-01 -1.472312e+01
4.496779e-01 5.651063e-03 8.931729e-01 2.403531e+02 -1.438797e-01 9.873791e-01 6.619073e-02 -1.243488e+01 -8.815262e-01 -1.582740e-01 4.448156e-01 -1.437700e+01
4.515759e-01 -1.458601e-03 8.922315e-01 2.410538e+02 -1.416935e-01 9.871910e-01 7.332770e-02 -1.240258e+01 -8.809098e-01 -1.595364e-01 4.455850e-01 -1.403946e+01
4.534037e-01 -1.922734e-03 8.913032e-01 2.417790e+02 -1.419519e-01 9.870781e-01 7.433990e-02 -1.235720e+01 -8.799288e-01 -1.602281e-01 4.472720e-01 -1.367391e+01
4.545867e-01 9.768452e-03 8.906489e-01 2.424801e+02 -1.508427e-01 9.863406e-01 6.617204e-02 -1.231949e+01 -8.778368e-01 -1.644288e-01 4.498508e-01 -1.330203e+01
4.553208e-01 2.388617e-02 8.900070e-01 2.431790e+02 -1.537596e-01 9.867295e-01 5.218024e-02 -1.228468e+01 -8.769498e-01 -1.606059e-01 4.529512e-01 -1.294655e+01
4.556619e-01 3.174705e-02 8.895866e-01 2.438805e+02 -1.540214e-01 9.871022e-01 4.366533e-02 -1.224231e+01 -8.767266e-01 -1.569120e-01 4.546746e-01 -1.256294e+01
4.556827e-01 2.928780e-02 8.896603e-01 2.446029e+02 -1.534721e-01 9.870764e-01 4.611344e-02 -1.221200e+01 -8.768122e-01 -1.575512e-01 4.542885e-01 -1.219783e+01
4.560721e-01 2.420787e-02 8.896135e-01 2.453163e+02 -1.542558e-01 9.866493e-01 5.223288e-02 -1.218735e+01 -8.764721e-01 -1.610500e-01 4.537174e-01 -1.183071e+01
4.578761e-01 2.302071e-02 8.887179e-01 2.460550e+02 -1.525947e-01 9.868637e-01 5.305529e-02 -1.215069e+01 -8.758221e-01 -1.599064e-01 4.553742e-01 -1.145999e+01
4.592097e-01 2.274495e-02 8.880367e-01 2.467858e+02 -1.492356e-01 9.874397e-01 5.187983e-02 -1.212050e+01 -8.757027e-01 -1.563504e-01 4.568363e-01 -1.108434e+01
4.608910e-01 2.037330e-02 8.872229e-01 2.474974e+02 -1.448705e-01 9.880532e-01 5.256810e-02 -1.209010e+01 -8.755524e-01 -1.527606e-01 4.583363e-01 -1.071524e+01
4.623019e-01 1.551110e-02 8.865869e-01 2.481771e+02 -1.442869e-01 9.878373e-01 5.795444e-02 -1.207101e+01 -8.749047e-01 -1.547153e-01 4.589171e-01 -1.035576e+01
4.634752e-01 1.294230e-02 8.860154e-01 2.489193e+02 -1.445206e-01 9.876091e-01 6.117250e-02 -1.204508e+01 -8.742451e-01 -1.563994e-01 4.596028e-01 -9.958845e+00
4.644224e-01 1.458991e-02 8.854936e-01 2.496306e+02 -1.465273e-01 9.873497e-01 6.058230e-02 -1.200988e+01 -8.734080e-01 -1.578848e-01 4.606852e-01 -9.580572e+00
4.655284e-01 1.851259e-02 8.848393e-01 2.503538e+02 -1.461417e-01 9.876647e-01 5.622363e-02 -1.197289e+01 -8.728837e-01 -1.554856e-01 4.624914e-01 -9.197088e+00
4.669945e-01 2.008486e-02 8.840321e-01 2.510897e+02 -1.463046e-01 9.877180e-01 5.484557e-02 -1.194491e+01 -8.720729e-01 -1.549505e-01 4.641974e-01 -8.798495e+00
4.688875e-01 1.806170e-02 8.830732e-01 2.517769e+02 -1.451365e-01 9.877764e-01 5.686026e-02 -1.191544e+01 -8.712519e-01 -1.548272e-01 4.657774e-01 -8.453052e+00
4.725046e-01 1.555050e-02 8.811910e-01 2.525057e+02 -1.450032e-01 9.875905e-01 6.032422e-02 -1.188204e+01 -8.693178e-01 -1.562790e-01 4.688959e-01 -8.066508e+00
4.763180e-01 1.377043e-02 8.791653e-01 2.532173e+02 -1.443403e-01 9.875375e-01 6.273343e-02 -1.184207e+01 -8.673448e-01 -1.567800e-01 4.723695e-01 -7.683822e+00
4.806841e-01 1.383604e-02 8.767847e-01 2.539309e+02 -1.423769e-01 9.878394e-01 6.246746e-02 -1.180734e+01 -8.652581e-01 -1.548610e-01 4.768086e-01 -7.300896e+00
4.845493e-01 1.599398e-02 8.746177e-01 2.546439e+02 -1.440534e-01 9.876416e-01 6.174661e-02 -1.177962e+01 -8.628213e-01 -1.559110e-01 4.808651e-01 -6.897759e+00
4.884349e-01 2.179417e-02 8.723281e-01 2.553462e+02 -1.489914e-01 9.870910e-01 5.876200e-02 -1.173741e+01 -8.597866e-01 -1.586708e-01 4.853768e-01 -6.495862e+00
4.937160e-01 2.548342e-02 8.692497e-01 2.560861e+02 -1.481762e-01 9.874185e-01 5.521332e-02 -1.169363e+01 -8.569063e-01 -1.560618e-01 4.912803e-01 -6.072270e+00
5.008454e-01 2.648240e-02 8.651315e-01 2.568028e+02 -1.450953e-01 9.879562e-01 5.375697e-02 -1.165046e+01 -8.532885e-01 -1.524504e-01 4.986559e-01 -5.649080e+00
5.095528e-01 2.571164e-02 8.600551e-01 2.575156e+02 -1.410109e-01 9.885347e-01 5.399146e-02 -1.161882e+01 -8.488061e-01 -1.487886e-01 5.073363e-01 -5.226881e+00
5.198161e-01 2.246194e-02 8.539828e-01 2.582262e+02 -1.348684e-01 9.892756e-01 5.607339e-02 -1.158800e+01 -8.435649e-01 -1.443232e-01 5.172708e-01 -4.788246e+00
5.323522e-01 2.236065e-02 8.462276e-01 2.589209e+02 -1.326941e-01 9.894976e-01 5.732996e-02 -1.155401e+01 -8.360583e-01 -1.428092e-01 5.297283e-01 -4.352706e+00
5.454567e-01 2.133814e-02 8.378674e-01 2.596118e+02 -1.329345e-01 9.892243e-01 6.134835e-02 -1.151600e+01 -8.275297e-01 -1.448443e-01 5.424156e-01 -3.899556e+00
5.583189e-01 1.737201e-02 8.294445e-01 2.602830e+02 -1.317432e-01 9.889511e-01 6.796674e-02 -1.147665e+01 -8.190993e-01 -1.472208e-01 5.544388e-01 -3.447705e+00
5.705606e-01 1.544532e-02 8.211103e-01 2.609690e+02 -1.329956e-01 9.883635e-01 7.382252e-02 -1.143157e+01 -8.104152e-01 -1.513242e-01 5.659754e-01 -2.953976e+00
5.807104e-01 1.828166e-02 8.139049e-01 2.616301e+02 -1.376139e-01 9.875657e-01 7.600332e-02 -1.138623e+01 -8.023951e-01 -1.561405e-01 5.760055e-01 -2.469044e+00
5.889026e-01 2.473666e-02 8.078254e-01 2.622893e+02 -1.441293e-01 9.867236e-01 7.485511e-02 -1.134176e+01 -7.952487e-01 -1.605137e-01 5.846494e-01 -1.972928e+00
5.943109e-01 3.003678e-02 8.036742e-01 2.629855e+02 -1.493151e-01 9.860493e-01 7.356442e-02 -1.129386e+01 -7.902528e-01 -1.637208e-01 5.905049e-01 -1.449240e+00
5.959221e-01 3.359349e-02 8.023393e-01 2.636280e+02 -1.539971e-01 9.853619e-01 7.312183e-02 -1.124538e+01 -7.881382e-01 -1.671328e-01 5.923722e-01 -9.610281e-01
5.924617e-01 4.044428e-02 8.045827e-01 2.642607e+02 -1.626341e-01 9.841800e-01 7.028489e-02 -1.120803e+01 -7.890116e-01 -1.724937e-01 5.896666e-01 -4.804292e-01
5.854440e-01 4.738489e-02 8.093269e-01 2.648771e+02 -1.692651e-01 9.834338e-01 6.486299e-02 -1.118096e+01 -7.928459e-01 -1.749645e-01 5.837661e-01 -3.520087e-02
5.760944e-01 5.269866e-02 8.156826e-01 2.655628e+02 -1.724571e-01 9.832917e-01 5.827439e-02 -1.113459e+01 -7.989830e-01 -1.742418e-01 5.755571e-01 4.503624e-01
5.662391e-01 5.007319e-02 8.227186e-01 2.662463e+02 -1.659592e-01 9.846368e-01 5.429398e-02 -1.110467e+01 -8.073604e-01 -1.672811e-01 5.658500e-01 9.081308e-01
5.568212e-01 4.698484e-02 8.293024e-01 2.669272e+02 -1.647914e-01 9.848021e-01 5.485161e-02 -1.107710e+01 -8.141216e-01 -1.672044e-01 5.561014e-01 1.348876e+00
5.471106e-01 4.831742e-02 8.356647e-01 2.675871e+02 -1.690909e-01 9.841309e-01 5.380239e-02 -1.104802e+01 -8.198038e-01 -1.707391e-01 5.465985e-01 1.766681e+00
5.386811e-01 4.491943e-02 8.413114e-01 2.682507e+02 -1.657241e-01 9.847180e-01 5.353481e-02 -1.102889e+01 -8.260498e-01 -1.682637e-01 5.378932e-01 2.170026e+00
5.308411e-01 4.493714e-02 8.462791e-01 2.689494e+02 -1.624929e-01 9.854623e-01 4.959838e-02 -1.100515e+01 -8.317474e-01 -1.638433e-01 5.304259e-01 2.584590e+00
5.224516e-01 4.468809e-02 8.514971e-01 2.696414e+02 -1.602795e-01 9.859712e-01 4.659690e-02 -1.098374e+01 -8.374693e-01 -1.608222e-01 5.222848e-01 3.000464e+00
5.148012e-01 4.759789e-02 8.559872e-01 2.703372e+02 -1.630521e-01 9.856689e-01 4.325259e-02 -1.095370e+01 -8.416613e-01 -1.618370e-01 5.151845e-01 3.433420e+00
5.083324e-01 4.767880e-02 8.598400e-01 2.710624e+02 -1.666479e-01 9.850387e-01 4.390012e-02 -1.092202e+01 -8.448826e-01 -1.656064e-01 5.086727e-01 3.856233e+00
5.031117e-01 4.479387e-02 8.630598e-01 2.717765e+02 -1.694960e-01 9.843751e-01 4.771563e-02 -1.089419e+01 -8.474372e-01 -1.702914e-01 5.028430e-01 4.280466e+00
4.980860e-01 4.150842e-02 8.661336e-01 2.725305e+02 -1.729635e-01 9.835370e-01 5.233101e-02 -1.085493e+01 -8.497023e-01 -1.758749e-01 4.970655e-01 4.698548e+00
4.941802e-01 3.767812e-02 8.685426e-01 2.732697e+02 -1.723218e-01 9.834826e-01 5.538269e-02 -1.082811e+01 -8.521098e-01 -1.770378e-01 4.925104e-01 5.121610e+00
4.909517e-01 4.160206e-02 8.701929e-01 2.739693e+02 -1.764806e-01 9.828989e-01 5.257778e-02 -1.080009e+01 -8.531243e-01 -1.793853e-01 4.898978e-01 5.538088e+00
4.880598e-01 5.108620e-02 8.713138e-01 2.746567e+02 -1.821552e-01 9.822650e-01 4.444143e-02 -1.078411e+01 -8.535907e-01 -1.804044e-01 4.887097e-01 5.946023e+00
4.864673e-01 6.288348e-02 8.714329e-01 2.753724e+02 -1.840250e-01 9.824058e-01 3.183842e-02 -1.076174e+01 -8.540986e-01 -1.758538e-01 4.894804e-01 6.347501e+00
4.849271e-01 6.974358e-02 8.717692e-01 2.761082e+02 -1.835533e-01 9.827293e-01 2.348203e-02 -1.072426e+01 -8.550754e-01 -1.714032e-01 4.893537e-01 6.781743e+00
4.836364e-01 6.976713e-02 8.724840e-01 2.768360e+02 -1.855992e-01 9.823243e-01 2.433120e-02 -1.071737e+01 -8.553647e-01 -1.736998e-01 4.880365e-01 7.179779e+00
4.823928e-01 6.703827e-02 8.733860e-01 2.775789e+02 -1.873251e-01 9.818961e-01 2.809715e-02 -1.071009e+01 -8.556906e-01 -1.771609e-01 4.862176e-01 7.610549e+00
4.826283e-01 6.436828e-02 8.734567e-01 2.783229e+02 -1.862057e-01 9.820367e-01 3.051799e-02 -1.070310e+01 -8.558022e-01 -1.773715e-01 4.859444e-01 8.029301e+00
4.836307e-01 6.166389e-02 8.730973e-01 2.790952e+02 -1.834766e-01 9.824952e-01 3.224203e-02 -1.069490e+01 -8.558257e-01 -1.757861e-01 4.864787e-01 8.462093e+00
4.852784e-01 5.909535e-02 8.723604e-01 2.798547e+02 -1.830610e-01 9.824684e-01 3.527923e-02 -1.066795e+01 -8.549816e-01 -1.768154e-01 4.875887e-01 8.903686e+00
4.888365e-01 5.850697e-02 8.704113e-01 2.806037e+02 -1.821035e-01 9.826119e-01 3.622330e-02 -1.065159e+01 -8.531572e-01 -1.762122e-01 4.909909e-01 9.323170e+00
4.928139e-01 5.909108e-02 8.681260e-01 2.813747e+02 -1.826644e-01 9.824857e-01 3.681889e-02 -1.062672e+01 -8.507456e-01 -1.767206e-01 4.949764e-01 9.782924e+00
4.963035e-01 6.004059e-02 8.660704e-01 2.821430e+02 -1.837710e-01 9.822644e-01 3.721457e-02 -1.060066e+01 -8.484758e-01 -1.776283e-01 4.985349e-01 1.023366e+01
4.991163e-01 6.200718e-02 8.643136e-01 2.828924e+02 -1.879900e-01 9.814298e-01 3.814954e-02 -1.058215e+01 -8.458976e-01 -1.815234e-01 5.015043e-01 1.071094e+01
5.028475e-01 6.487002e-02 8.619375e-01 2.836342e+02 -1.892480e-01 9.812486e-01 3.655634e-02 -1.056847e+01 -8.434036e-01 -1.815022e-01 5.056949e-01 1.116893e+01
5.074431e-01 6.633133e-02 8.591284e-01 2.843900e+02 -1.855743e-01 9.820492e-01 3.378745e-02 -1.054556e+01 -8.414652e-01 -1.765773e-01 5.106434e-01 1.162234e+01
5.129534e-01 6.922900e-02 8.556203e-01 2.851387e+02 -1.832874e-01 9.825898e-01 3.038051e-02 -1.052970e+01 -8.386206e-01 -1.724082e-01 5.167116e-01 1.207834e+01
5.199854e-01 7.078018e-02 8.512375e-01 2.859106e+02 -1.822140e-01 9.828137e-01 2.958622e-02 -1.051790e+01 -8.345138e-01 -1.704918e-01 5.239459e-01 1.252822e+01
5.268328e-01 7.081710e-02 8.470137e-01 2.866688e+02 -1.843092e-01 9.823306e-01 3.250755e-02 -1.050794e+01 -8.297453e-01 -1.732385e-01 5.305762e-01 1.304472e+01
5.335562e-01 6.761173e-02 8.430578e-01 2.873934e+02 -1.874532e-01 9.814618e-01 3.992429e-02 -1.050017e+01 -8.247297e-01 -1.793358e-01 5.363391e-01 1.350595e+01
5.398212e-01 6.381715e-02 8.393572e-01 2.881299e+02 -1.898275e-01 9.806666e-01 4.752396e-02 -1.045919e+01 -8.200967e-01 -1.849875e-01 5.414989e-01 1.402000e+01
5.461049e-01 6.113163e-02 8.354833e-01 2.888874e+02 -1.940587e-01 9.794368e-01 5.517984e-02 -1.042168e+01 -8.149299e-01 -1.922668e-01 5.467383e-01 1.455176e+01
5.528761e-01 5.947580e-02 8.311382e-01 2.896383e+02 -1.950783e-01 9.789683e-01 5.971230e-02 -1.037770e+01 -8.101065e-01 -1.951505e-01 5.528506e-01 1.507094e+01
5.604714e-01 6.274724e-02 8.257933e-01 2.903939e+02 -1.944264e-01 9.792273e-01 5.755269e-02 -1.032625e+01 -8.050280e-01 -1.928126e-01 5.610286e-01 1.559631e+01
5.678741e-01 6.825758e-02 8.202804e-01 2.911203e+02 -1.929790e-01 9.798206e-01 5.206462e-02 -1.029779e+01 -8.001738e-01 -1.878630e-01 5.695870e-01 1.609848e+01
5.755594e-01 7.552731e-02 8.142647e-01 2.918486e+02 -1.923725e-01 9.802873e-01 4.505087e-02 -1.025891e+01 -7.948108e-01 -1.825716e-01 5.787430e-01 1.661667e+01
5.823723e-01 7.837721e-02 8.091350e-01 2.926024e+02 -1.875224e-01 9.814496e-01 3.990010e-02 -1.022587e+01 -7.909980e-01 -1.749676e-01 5.862666e-01 1.719752e+01
5.899913e-01 7.889588e-02 8.035457e-01 2.933350e+02 -1.816276e-01 9.826758e-01 3.687360e-02 -1.020320e+01 -7.867158e-01 -1.677012e-01 5.940998e-01 1.772140e+01
5.966500e-01 7.365443e-02 7.991144e-01 2.940796e+02 -1.742371e-01 9.839150e-01 3.940471e-02 -1.018347e+01 -7.833583e-01 -1.627462e-01 5.998862e-01 1.830195e+01
6.048723e-01 6.753120e-02 7.934539e-01 2.948333e+02 -1.702517e-01 9.843258e-01 4.601128e-02 -1.015478e+01 -7.779099e-01 -1.629178e-01 6.068887e-01 1.886720e+01
6.128379e-01 5.948685e-02 7.879664e-01 2.955727e+02 -1.655359e-01 9.847019e-01 5.440571e-02 -1.012046e+01 -7.726756e-01 -1.637786e-01 6.133099e-01 1.943045e+01
6.199982e-01 5.479407e-02 7.826876e-01 2.962951e+02 -1.629384e-01 9.848025e-01 6.012638e-02 -1.008532e+01 -7.674981e-01 -1.648081e-01 6.195038e-01 2.000645e+01
6.260357e-01 5.414713e-02 7.779122e-01 2.970148e+02 -1.640843e-01 9.843985e-01 6.352938e-02 -1.003937e+01 -7.623357e-01 -1.674149e-01 6.251532e-01 2.060234e+01
6.324154e-01 5.652020e-02 7.725647e-01 2.977262e+02 -1.675199e-01 9.837128e-01 6.516289e-02 -9.991509e+00 -7.562988e-01 -1.706300e-01 6.315834e-01 2.120392e+01
6.380297e-01 5.702466e-02 7.678973e-01 2.984233e+02 -1.707388e-01 9.829064e-01 6.887189e-02 -9.951355e+00 -7.508438e-01 -1.750522e-01 6.368598e-01 2.180446e+01
6.428025e-01 5.410098e-02 7.641191e-01 2.991293e+02 -1.686798e-01 9.830157e-01 7.229987e-02 -9.905871e+00 -7.472296e-01 -1.753660e-01 6.410107e-01 2.240461e+01
6.467419e-01 5.643086e-02 7.606185e-01 2.998434e+02 -1.700239e-01 9.828316e-01 7.165166e-02 -9.844534e+00 -7.435165e-01 -1.756635e-01 6.452330e-01 2.302499e+01
6.512681e-01 5.931333e-02 7.565261e-01 3.005473e+02 -1.686765e-01 9.833152e-01 6.811382e-02 -9.799973e+00 -7.398636e-01 -1.719685e-01 6.504066e-01 2.362767e+01
6.562669e-01 6.161461e-02 7.520089e-01 3.012441e+02 -1.671175e-01 9.837763e-01 6.523684e-02 -9.747066e+00 -7.357891e-01 -1.684866e-01 6.559167e-01 2.424315e+01
6.604937e-01 6.119963e-02 7.483332e-01 3.019327e+02 -1.660473e-01 9.839005e-01 6.609201e-02 -9.696611e+00 -7.322406e-01 -1.679121e-01 6.600221e-01 2.484829e+01
6.637353e-01 6.078067e-02 7.454939e-01 3.026130e+02 -1.700742e-01 9.828492e-01 7.128964e-02 -9.643878e+00 -7.283751e-01 -1.741067e-01 6.626889e-01 2.548493e+01
6.678202e-01 5.686135e-02 7.421475e-01 3.032952e+02 -1.693952e-01 9.825237e-01 7.715162e-02 -9.584723e+00 -7.247906e-01 -1.772396e-01 6.657812e-01 2.610894e+01
6.721340e-01 5.798597e-02 7.381555e-01 3.039964e+02 -1.690311e-01 9.826200e-01 7.672285e-02 -9.527510e+00 -7.208775e-01 -1.763393e-01 6.702538e-01 2.675445e+01
6.760293e-01 6.316555e-02 7.341624e-01 3.046823e+02 -1.714857e-01 9.824501e-01 7.337934e-02 -9.470454e+00 -7.166429e-01 -1.755049e-01 6.749970e-01 2.739782e+01
6.802135e-01 6.677083e-02 7.299666e-01 3.053531e+02 -1.699448e-01 9.830742e-01 6.843888e-02 -9.414608e+00 -7.130416e-01 -1.706071e-01 6.800477e-01 2.803448e+01
6.845315e-01 6.364480e-02 7.261997e-01 3.060526e+02 -1.641113e-01 9.840640e-01 6.845054e-02 -9.358841e+00 -7.102705e-01 -1.660341e-01 6.840676e-01 2.870441e+01
6.888478e-01 6.008822e-02 7.224113e-01 3.067333e+02 -1.592646e-01 9.847543e-01 6.995588e-02 -9.308775e+00 -7.071941e-01 -1.632435e-01 6.879157e-01 2.935074e+01
6.933086e-01 5.670408e-02 7.184064e-01 3.074110e+02 -1.541871e-01 9.854862e-01 7.101573e-02 -9.257900e+00 -7.039528e-01 -1.600048e-01 6.919891e-01 3.000065e+01
6.987587e-01 5.410446e-02 7.133085e-01 3.080838e+02 -1.493223e-01 9.862020e-01 7.147300e-02 -9.207930e+00 -6.995993e-01 -1.564552e-01 6.971962e-01 3.065154e+01
7.033675e-01 4.898538e-02 7.091365e-01 3.087560e+02 -1.422331e-01 9.871460e-01 7.288647e-02 -9.153641e+00 -6.964509e-01 -1.521287e-01 7.012938e-01 3.131010e+01
7.073026e-01 4.790864e-02 7.052856e-01 3.094212e+02 -1.429416e-01 9.867841e-01 7.632010e-02 -9.097929e+00 -6.923083e-01 -1.547960e-01 7.048031e-01 3.197308e+01
7.105403e-01 4.733997e-02 7.020623e-01 3.100814e+02 -1.419711e-01 9.868604e-01 7.714168e-02 -9.042808e+00 -6.891856e-01 -1.544849e-01 7.079249e-01 3.265083e+01
7.146859e-01 4.915262e-02 6.977163e-01 3.107346e+02 -1.419224e-01 9.869679e-01 7.584444e-02 -8.991053e+00 -6.848956e-01 -1.532265e-01 7.123479e-01 3.331782e+01
7.178897e-01 5.179373e-02 6.942275e-01 3.113764e+02 -1.449735e-01 9.864879e-01 7.631665e-02 -8.931459e+00 -6.808943e-01 -1.554316e-01 7.156982e-01 3.399992e+01
7.223084e-01 4.768450e-02 6.899252e-01 3.120499e+02 -1.381981e-01 9.874506e-01 7.643664e-02 -8.865363e+00 -6.776222e-01 -1.505572e-01 7.198338e-01 3.469643e+01
7.267163e-01 4.653839e-02 6.853595e-01 3.126900e+02 -1.389484e-01 9.870378e-01 8.030959e-02 -8.813512e+00 -6.727382e-01 -1.535919e-01 7.237629e-01 3.536771e+01
7.302564e-01 4.773153e-02 6.815037e-01 3.133068e+02 -1.371820e-01 9.874832e-01 7.783374e-02 -8.763474e+00 -6.692583e-01 -1.503286e-01 7.276638e-01 3.602973e+01
7.343389e-01 4.439428e-02 6.773297e-01 3.139568e+02 -1.328598e-01 9.879583e-01 7.928845e-02 -8.693820e+00 -6.656535e-01 -1.482145e-01 7.313944e-01 3.672910e+01
7.371143e-01 4.669215e-02 6.741530e-01 3.145750e+02 -1.381725e-01 9.869477e-01 8.272038e-02 -8.647030e+00 -6.614914e-01 -1.541238e-01 7.339448e-01 3.740853e+01
7.392765e-01 4.858420e-02 6.716472e-01 3.151986e+02 -1.433222e-01 9.858941e-01 8.643796e-02 -8.581474e+00 -6.579735e-01 -1.601635e-01 7.358115e-01 3.811089e+01
7.415068e-01 4.983402e-02 6.690921e-01 3.158447e+02 -1.455021e-01 9.854496e-01 8.785322e-02 -8.516945e+00 -6.549785e-01 -1.624981e-01 7.379685e-01 3.886724e+01
7.433050e-01 4.474070e-02 6.674549e-01 3.164925e+02 -1.429168e-01 9.853454e-01 9.310851e-02 -8.421762e+00 -6.535079e-01 -1.645985e-01 7.388063e-01 3.960518e+01
7.450234e-01 4.704299e-02 6.653774e-01 3.171199e+02 -1.456024e-01 9.849250e-01 9.339567e-02 -8.361612e+00 -6.509532e-01 -1.664625e-01 7.406418e-01 4.031398e+01
7.462485e-01 5.036032e-02 6.637598e-01 3.177379e+02 -1.453158e-01 9.854093e-01 8.861059e-02 -8.287687e+00 -6.496126e-01 -1.625803e-01 7.426783e-01 4.103785e+01
7.471519e-01 5.448132e-02 6.624167e-01 3.183636e+02 -1.435972e-01 9.863286e-01 8.084399e-02 -8.227674e+00 -6.489560e-01 -1.555239e-01 7.447606e-01 4.173385e+01
7.467963e-01 5.460508e-02 6.628074e-01 3.189748e+02 -1.440760e-01 9.862392e-01 8.108196e-02 -8.174490e+00 -6.492592e-01 -1.560463e-01 7.443871e-01 4.241226e+01
7.461949e-01 5.395059e-02 6.635379e-01 3.195971e+02 -1.453036e-01 9.858789e-01 8.324481e-02 -8.116307e+00 -6.496769e-01 -1.585313e-01 7.434970e-01 4.310842e+01
7.451833e-01 5.123635e-02 6.648885e-01 3.202228e+02 -1.463100e-01 9.853124e-01 8.805074e-02 -8.058201e+00 -6.506115e-01 -1.628938e-01 7.417347e-01 4.378940e+01
7.428220e-01 5.037470e-02 6.675911e-01 3.208552e+02 -1.464286e-01 9.852468e-01 8.858549e-02 -7.987787e+00 -6.532796e-01 -1.635577e-01 7.392393e-01 4.449916e+01
7.393071e-01 5.081330e-02 6.714485e-01 3.214913e+02 -1.472901e-01 9.852049e-01 8.761818e-02 -7.921072e+00 -6.570621e-01 -1.636744e-01 7.358533e-01 4.520780e+01
7.346499e-01 5.793870e-02 6.759679e-01 3.221292e+02 -1.530437e-01 9.848182e-01 8.191878e-02 -7.854941e+00 -6.609592e-01 -1.636343e-01 7.323638e-01 4.591631e+01
7.298394e-01 6.163232e-02 6.808347e-01 3.227702e+02 -1.548790e-01 9.849387e-01 7.686558e-02 -7.792286e+00 -6.658430e-01 -1.615465e-01 7.283926e-01 4.659815e+01
7.249498e-01 6.326374e-02 6.858903e-01 3.234289e+02 -1.550249e-01 9.852111e-01 7.298129e-02 -7.730307e+00 -6.711297e-01 -1.592379e-01 7.240361e-01 4.729472e+01
7.188604e-01 6.375131e-02 6.922250e-01 3.240819e+02 -1.573348e-01 9.848667e-01 7.268616e-02 -7.680112e+00 -6.771156e-01 -1.611623e-01 7.180120e-01 4.798067e+01
7.130907e-01 6.374365e-02 6.981679e-01 3.247467e+02 -1.581991e-01 9.848030e-01 7.166671e-02 -7.634598e+00 -6.829895e-01 -1.615544e-01 7.123381e-01 4.867367e+01
7.073250e-01 6.308914e-02 7.040676e-01 3.254337e+02 -1.613742e-01 9.841198e-01 7.393709e-02 -7.572383e+00 -6.882222e-01 -1.659159e-01 7.062735e-01 4.937911e+01
7.011241e-01 5.911299e-02 7.105847e-01 3.261367e+02 -1.627787e-01 9.835114e-01 7.879398e-02 -7.505045e+00 -6.942104e-01 -1.709124e-01 6.991859e-01 5.007676e+01
6.941566e-01 5.691433e-02 7.175704e-01 3.268362e+02 -1.665430e-01 9.825195e-01 8.317997e-02 -7.437879e+00 -7.002928e-01 -1.772463e-01 6.915011e-01 5.077887e+01
6.873923e-01 6.101333e-02 7.237190e-01 3.275390e+02 -1.689019e-01 9.825743e-01 7.758778e-02 -7.361938e+00 -7.063738e-01 -1.755708e-01 6.857193e-01 5.147146e+01
6.819464e-01 6.522590e-02 7.284879e-01 3.282495e+02 -1.681095e-01 9.833276e-01 6.932611e-02 -7.295274e+00 -7.118204e-01 -1.697424e-01 6.815418e-01 5.215160e+01
6.768995e-01 6.724496e-02 7.329974e-01 3.289842e+02 -1.651703e-01 9.842999e-01 6.223005e-02 -7.221712e+00 -7.173046e-01 -1.631929e-01 6.773790e-01 5.284968e+01
6.715348e-01 6.547337e-02 7.380747e-01 3.297100e+02 -1.633834e-01 9.846560e-01 6.130663e-02 -7.167396e+00 -7.227357e-01 -1.617587e-01 6.719280e-01 5.352513e+01
6.662655e-01 6.466584e-02 7.429056e-01 3.304562e+02 -1.650384e-01 9.843154e-01 6.233338e-02 -7.115759e+00 -7.272226e-01 -1.641385e-01 6.664877e-01 5.422091e+01
6.616869e-01 6.342321e-02 7.470930e-01 3.312012e+02 -1.653074e-01 9.842371e-01 6.285462e-02 -7.069612e+00 -7.313303e-01 -1.650901e-01 6.617411e-01 5.489205e+01
6.574313e-01 6.246553e-02 7.509209e-01 3.319381e+02 -1.656510e-01 9.841598e-01 6.315995e-02 -7.027549e+00 -7.350808e-01 -1.659142e-01 6.573650e-01 5.554329e+01
6.532426e-01 6.235349e-02 7.545768e-01 3.326893e+02 -1.677111e-01 9.837633e-01 6.389671e-02 -6.981049e+00 -7.383408e-01 -1.682910e-01 6.530934e-01 5.620286e+01
6.484650e-01 6.417377e-02 7.585347e-01 3.334417e+02 -1.719158e-01 9.830434e-01 6.380169e-02 -6.930794e+00 -7.415781e-01 -1.717773e-01 6.485017e-01 5.687558e+01
6.443574e-01 6.594684e-02 7.618757e-01 3.341981e+02 -1.745658e-01 9.826547e-01 6.258214e-02 -6.875624e+00 -7.445336e-01 -1.733227e-01 6.446929e-01 5.753279e+01
6.406160e-01 6.743643e-02 7.648944e-01 3.349552e+02 -1.769903e-01 9.822810e-01 6.163108e-02 -6.828300e+00 -7.471851e-01 -1.748607e-01 6.412005e-01 5.818145e+01
6.369080e-01 6.916895e-02 7.678306e-01 3.357167e+02 -1.789301e-01 9.820333e-01 5.995568e-02 -6.788531e+00 -7.498881e-01 -1.755742e-01 6.378413e-01 5.882049e+01
6.332267e-01 7.104452e-02 7.706988e-01 3.364825e+02 -1.815453e-01 9.816306e-01 5.867388e-02 -6.746743e+00 -7.523731e-01 -1.770706e-01 6.344925e-01 5.945956e+01
6.297653e-01 7.079843e-02 7.735524e-01 3.372490e+02 -1.806942e-01 9.818721e-01 5.724233e-02 -6.693663e+00 -7.554769e-01 -1.758257e-01 6.311419e-01 6.010639e+01
6.269770e-01 7.061582e-02 7.758307e-01 3.380395e+02 -1.813407e-01 9.817561e-01 5.718898e-02 -6.646006e+00 -7.576380e-01 -1.765459e-01 6.283440e-01 6.076318e+01
6.239806e-01 7.073145e-02 7.782321e-01 3.388369e+02 -1.821006e-01 9.816387e-01 5.678832e-02 -6.599962e+00 -7.599260e-01 -1.771513e-01 6.254038e-01 6.141117e+01
6.208366e-01 7.203546e-02 7.806234e-01 3.396246e+02 -1.856059e-01 9.809643e-01 5.709122e-02 -6.551301e+00 -7.616511e-01 -1.803327e-01 6.223887e-01 6.205903e+01
6.172926e-01 7.221384e-02 7.834124e-01 3.404068e+02 -1.879393e-01 9.804839e-01 5.770783e-02 -6.512884e+00 -7.639560e-01 -1.828566e-01 6.188172e-01 6.269180e+01
6.142604e-01 7.412552e-02 7.856142e-01 3.411914e+02 -1.903861e-01 9.800887e-01 5.638528e-02 -6.472079e+00 -7.657920e-01 -1.842053e-01 6.161421e-01 6.331854e+01
6.111906e-01 7.643888e-02 7.877837e-01 3.419912e+02 -1.906158e-01 9.802452e-01 5.277302e-02 -6.432801e+00 -7.681872e-01 -1.824184e-01 6.136871e-01 6.395796e+01
6.094258e-01 7.585462e-02 7.892061e-01 3.427861e+02 -1.896921e-01 9.804527e-01 5.224419e-02 -6.392820e+00 -7.698162e-01 -1.815451e-01 6.119022e-01 6.458092e+01
6.088338e-01 6.899749e-02 7.902915e-01 3.435843e+02 -1.850146e-01 9.810884e-01 5.687840e-02 -6.349159e+00 -7.714214e-01 -1.808450e-01 6.100853e-01 6.520656e+01
6.087962e-01 6.019387e-02 7.910398e-01 3.444007e+02 -1.808624e-01 9.813901e-01 6.451596e-02 -6.302908e+00 -7.724351e-01 -1.823465e-01 6.083533e-01 6.583408e+01
6.083702e-01 5.551566e-02 7.917093e-01 3.452130e+02 -1.795743e-01 9.813090e-01 6.917898e-02 -6.255563e+00 -7.730710e-01 -1.842571e-01 6.069684e-01 6.645969e+01
6.080340e-01 5.564460e-02 7.919585e-01 3.460181e+02 -1.774850e-01 9.818209e-01 6.728116e-02 -6.207919e+00 -7.738176e-01 -1.814700e-01 6.068566e-01 6.708344e+01
6.077095e-01 6.009551e-02 7.918824e-01 3.468041e+02 -1.754976e-01 9.826431e-01 6.010885e-02 -6.160479e+00 -7.745255e-01 -1.755022e-01 6.077081e-01 6.768058e+01
6.067259e-01 6.560006e-02 7.921997e-01 3.476066e+02 -1.752373e-01 9.831093e-01 5.280106e-02 -6.121143e+00 -7.753551e-01 -1.708587e-01 6.079734e-01 6.831397e+01
6.064599e-01 6.472033e-02 7.924756e-01 3.483760e+02 -1.702893e-01 9.841275e-01 4.994550e-02 -6.080276e+00 -7.766646e-01 -1.652401e-01 6.078551e-01 6.889766e+01
6.055777e-01 6.092561e-02 7.934505e-01 3.491685e+02 -1.667831e-01 9.846380e-01 5.168620e-02 -6.049017e+00 -7.781125e-01 -1.636341e-01 6.064361e-01 6.951898e+01
6.049441e-01 5.561714e-02 7.943232e-01 3.499924e+02 -1.633178e-01 9.850162e-01 5.541117e-02 -6.005238e+00 -7.793394e-01 -1.632478e-01 6.049630e-01 7.014890e+01
6.043122e-01 5.033297e-02 7.951562e-01 3.507715e+02 -1.603161e-01 9.852725e-01 5.947168e-02 -5.978618e+00 -7.804521e-01 -1.634158e-01 6.034814e-01 7.075487e+01
6.045203e-01 4.617652e-02 7.952502e-01 3.518604e+02 -1.565003e-01 9.857471e-01 6.172801e-02 -5.889719e+00 -7.810652e-01 -1.617727e-01 6.031308e-01 7.151902e+01
6.043644e-01 4.502344e-02 7.954349e-01 3.526724e+02 -1.557581e-01 9.858132e-01 6.254435e-02 -5.847335e+00 -7.813342e-01 -1.616950e-01 6.028031e-01 7.213642e+01
6.046439e-01 4.643718e-02 7.951410e-01 3.535276e+02 -1.539529e-01 9.862870e-01 5.946904e-02 -5.797638e+00 -7.814757e-01 -1.583718e-01 6.035016e-01 7.276606e+01
6.047956e-01 4.814398e-02 7.949242e-01 3.543371e+02 -1.531221e-01 9.865766e-01 5.674735e-02 -5.748525e+00 -7.815215e-01 -1.560410e-01 6.040491e-01 7.338250e+01
6.051175e-01 4.700345e-02 7.947475e-01 3.551491e+02 -1.514501e-01 9.868230e-01 5.695019e-02 -5.708232e+00 -7.815982e-01 -1.548261e-01 6.042625e-01 7.399684e+01
6.050076e-01 4.342708e-02 7.950345e-01 3.559414e+02 -1.495796e-01 9.869325e-01 5.991844e-02 -5.666078e+00 -7.820433e-01 -1.551721e-01 6.035975e-01 7.460242e+01
6.049478e-01 4.164515e-02 7.951753e-01 3.566952e+02 -1.481747e-01 9.870762e-01 6.103187e-02 -5.636660e+00 -7.823569e-01 -1.547460e-01 6.033003e-01 7.519338e+01
6.047046e-01 4.238936e-02 7.953210e-01 3.575140e+02 -1.468363e-01 9.873987e-01 5.901690e-02 -5.614193e+00 -7.827972e-01 -1.524698e-01 6.033088e-01 7.580173e+01
6.043084e-01 4.338026e-02 7.955687e-01 3.583336e+02 -1.462399e-01 9.875922e-01 5.723197e-02 -5.573782e+00 -7.832147e-01 -1.509296e-01 6.031542e-01 7.643462e+01
6.038688e-01 4.244568e-02 7.959528e-01 3.591208e+02 -1.456265e-01 9.876489e-01 5.781484e-02 -5.535129e+00 -7.836679e-01 -1.508244e-01 6.025916e-01 7.703343e+01
6.038181e-01 3.999082e-02 7.961184e-01 3.599454e+02 -1.442904e-01 9.877255e-01 5.982175e-02 -5.495573e+00 -7.839541e-01 -1.509937e-01 6.021768e-01 7.767458e+01
6.039273e-01 3.777443e-02 7.961438e-01 3.607715e+02 -1.421480e-01 9.879669e-01 6.095280e-02 -5.450558e+00 -7.842613e-01 -1.499813e-01 6.020297e-01 7.832485e+01
6.044764e-01 3.444737e-02 7.958779e-01 3.615874e+02 -1.383695e-01 9.884185e-01 6.231192e-02 -5.410993e+00 -7.845140e-01 -1.477913e-01 6.022421e-01 7.895032e+01
6.052098e-01 3.017534e-02 7.954939e-01 3.623761e+02 -1.326898e-01 9.891259e-01 6.342968e-02 -5.366438e+00 -7.849297e-01 -1.439422e-01 6.026326e-01 7.954061e+01
6.060915e-01 2.500629e-02 7.950017e-01 3.631964e+02 -1.267582e-01 9.897684e-01 6.550507e-02 -5.322991e+00 -7.852295e-01 -1.404751e-01 6.030600e-01 8.016871e+01
6.071898e-01 2.053117e-02 7.942915e-01 3.639812e+02 -1.195431e-01 9.906477e-01 6.577713e-02 -5.278044e+00 -7.855125e-01 -1.348913e-01 6.039656e-01 8.074388e+01
6.084712e-01 1.652565e-02 7.934039e-01 3.647960e+02 -1.159697e-01 9.909017e-01 6.829930e-02 -5.225007e+00 -7.850566e-01 -1.335690e-01 6.048516e-01 8.136907e+01
6.099338e-01 1.390197e-02 7.923304e-01 3.655859e+02 -1.123337e-01 9.912663e-01 6.908171e-02 -5.171576e+00 -7.844500e-01 -1.311406e-01 6.061685e-01 8.197261e+01
6.111631e-01 1.169273e-02 7.914183e-01 3.663584e+02 -1.116191e-01 9.911717e-01 7.155250e-02 -5.125535e+00 -7.835948e-01 -1.320676e-01 6.070727e-01 8.256298e+01
6.124458e-01 1.108205e-02 7.904349e-01 3.671151e+02 -1.107190e-01 9.912483e-01 7.188995e-02 -5.079930e+00 -7.827205e-01 -1.315449e-01 6.083128e-01 8.313964e+01
6.140786e-01 9.660456e-03 7.891857e-01 3.678659e+02 -1.086318e-01 9.914427e-01 7.239190e-02 -5.029939e+00 -7.817331e-01 -1.301850e-01 6.098732e-01 8.370800e+01
6.158226e-01 7.519768e-03 7.878489e-01 3.686063e+02 -1.058404e-01 9.916804e-01 7.326495e-02 -4.979432e+00 -7.807434e-01 -1.285045e-01 6.114951e-01 8.427052e+01
6.171789e-01 5.082542e-03 7.868064e-01 3.693362e+02 -1.052182e-01 9.915309e-01 7.612921e-02 -4.930694e+00 -7.797559e-01 -1.297717e-01 6.124867e-01 8.483754e+01
6.184547e-01 2.280992e-03 7.858172e-01 3.700427e+02 -1.063695e-01 9.910352e-01 8.083834e-02 -4.878223e+00 -7.785881e-01 -1.335818e-01 6.131529e-01 8.536675e+01
6.186327e-01 -4.852130e-04 7.856802e-01 3.707434e+02 -1.101445e-01 9.900709e-01 8.733759e-02 -4.819910e+00 -7.779214e-01 -1.405683e-01 6.124368e-01 8.591507e+01
6.179486e-01 -5.092298e-04 7.862183e-01 3.714365e+02 -1.179071e-01 9.886307e-01 9.331248e-02 -4.762967e+00 -7.773271e-01 -1.503631e-01 6.108629e-01 8.647594e+01
6.171164e-01 1.469131e-03 7.868705e-01 3.721281e+02 -1.244757e-01 9.875891e-01 9.577829e-02 -4.699181e+00 -7.769640e-01 -1.570526e-01 6.096403e-01 8.704238e+01
6.164749e-01 3.475051e-03 7.873669e-01 3.727926e+02 -1.299546e-01 9.867250e-01 9.739405e-02 -4.630626e+00 -7.765761e-01 -1.623630e-01 6.087428e-01 8.757185e+01
6.157372e-01 7.259629e-03 7.879181e-01 3.734459e+02 -1.362235e-01 9.858813e-01 9.737150e-02 -4.565265e+00 -7.760869e-01 -1.672882e-01 6.080327e-01 8.809382e+01
6.148455e-01 9.596323e-03 7.885892e-01 3.740773e+02 -1.391750e-01 9.855529e-01 9.651851e-02 -4.502918e+00 -7.762701e-01 -1.690959e-01 6.072984e-01 8.858456e+01
6.142580e-01 1.244176e-02 7.890071e-01 3.747061e+02 -1.412695e-01 9.854561e-01 9.444166e-02 -4.447047e+00 -7.763569e-01 -1.694742e-01 6.070820e-01 8.907827e+01
6.137551e-01 1.271802e-02 7.893940e-01 3.753370e+02 -1.397970e-01 9.858210e-01 9.280974e-02 -4.387329e+00 -7.770209e-01 -1.673174e-01 6.068306e-01 8.957325e+01
6.136235e-01 1.247717e-02 7.895002e-01 3.759335e+02 -1.391433e-01 9.859366e-01 9.256477e-02 -4.339213e+00 -7.772421e-01 -1.666536e-01 6.067300e-01 9.002334e+01
6.130882e-01 1.264047e-02 7.899133e-01 3.765389e+02 -1.384957e-01 9.861073e-01 9.171290e-02 -4.281960e+00 -7.777800e-01 -1.656277e-01 6.063214e-01 9.049578e+01
6.115215e-01 1.276440e-02 7.911248e-01 3.771334e+02 -1.382599e-01 9.862102e-01 9.095976e-02 -4.225821e+00 -7.790543e-01 -1.650047e-01 6.048536e-01 9.095360e+01
6.083272e-01 1.299413e-02 7.935800e-01 3.777253e+02 -1.401451e-01 9.859139e-01 9.128632e-02 -4.176291e+00 -7.812153e-01 -1.667483e-01 6.015793e-01 9.140812e+01
6.037759e-01 1.497694e-02 7.970134e-01 3.783103e+02 -1.454603e-01 9.851070e-01 9.168172e-02 -4.122413e+00 -7.837703e-01 -1.712890e-01 5.969624e-01 9.185444e+01
5.976418e-01 1.362907e-02 8.016474e-01 3.789054e+02 -1.449473e-01 9.852171e-01 9.131069e-02 -4.064151e+00 -7.885522e-01 -1.707677e-01 5.907824e-01 9.232706e+01
5.929206e-01 1.583335e-02 8.051052e-01 3.794739e+02 -1.471100e-01 9.851110e-01 8.896597e-02 -4.012605e+00 -7.917094e-01 -1.711888e-01 5.864219e-01 9.272199e+01
5.872853e-01 2.106036e-02 8.091059e-01 3.800396e+02 -1.486221e-01 9.854696e-01 8.222566e-02 -3.967246e+00 -7.956176e-01 -1.685410e-01 5.818819e-01 9.312657e+01
5.806821e-01 2.688735e-02 8.136863e-01 3.806307e+02 -1.500995e-01 9.858569e-01 7.454104e-02 -3.903068e+00 -8.001740e-01 -1.654186e-01 5.765052e-01 9.354275e+01
5.724594e-01 2.946285e-02 8.194036e-01 3.811979e+02 -1.510460e-01 9.860402e-01 7.007067e-02 -3.857885e+00 -8.059003e-01 -1.638803e-01 5.689182e-01 9.393127e+01
5.624294e-01 2.905424e-02 8.263347e-01 3.817835e+02 -1.534758e-01 9.856839e-01 6.980344e-02 -3.813810e+00 -8.124767e-01 -1.660819e-01 5.588367e-01 9.433058e+01
5.530706e-01 2.422887e-02 8.327820e-01 3.823521e+02 -1.557705e-01 9.849575e-01 7.479471e-02 -3.768980e+00 -8.184427e-01 -1.710896e-01 5.485251e-01 9.468466e+01
5.439324e-01 1.948230e-02 8.389029e-01 3.829684e+02 -1.560599e-01 9.846376e-01 7.832021e-02 -3.723575e+00 -8.244895e-01 -1.735200e-01 5.386167e-01 9.507003e+01
5.344251e-01 1.548171e-02 8.450740e-01 3.835859e+02 -1.563602e-01 9.843856e-01 8.084835e-02 -3.686679e+00 -8.306270e-01 -1.753433e-01 5.285011e-01 9.545407e+01
5.251045e-01 1.334379e-02 8.509331e-01 3.842163e+02 -1.566582e-01 9.843062e-01 8.123732e-02 -3.651716e+00 -8.364948e-01 -1.759637e-01 5.189540e-01 9.583533e+01
5.160039e-01 1.313667e-02 8.564855e-01 3.848452e+02 -1.547484e-01 9.848601e-01 7.812505e-02 -3.609861e+00 -8.424921e-01 -1.728526e-01 5.102245e-01 9.621103e+01
5.089965e-01 1.473204e-02 8.606425e-01 3.854890e+02 -1.510151e-01 9.858739e-01 7.243684e-02 -3.572906e+00 -8.474178e-01 -1.668401e-01 5.040312e-01 9.658106e+01
5.030565e-01 1.591961e-02 8.641069e-01 3.861275e+02 -1.462694e-01 9.869753e-01 6.697032e-02 -3.541148e+00 -8.517860e-01 -1.600823e-01 4.988328e-01 9.692797e+01
4.983174e-01 1.409661e-02 8.668801e-01 3.867767e+02 -1.403204e-01 9.879968e-01 6.459566e-02 -3.506141e+00 -8.555641e-01 -1.538301e-01 4.943140e-01 9.728094e+01
4.935928e-01 7.898557e-03 8.696573e-01 3.874483e+02 -1.358486e-01 9.883845e-01 6.812693e-02 -3.463216e+00 -8.590176e-01 -1.517687e-01 4.889325e-01 9.765310e+01
4.890930e-01 -7.122176e-03 8.722026e-01 3.881420e+02 -1.309522e-01 9.880330e-01 8.150028e-02 -3.406411e+00 -8.623454e-01 -1.540781e-01 4.823073e-01 9.804243e+01
4.852589e-01 -2.011942e-02 8.741390e-01 3.888364e+02 -1.337729e-01 9.862573e-01 9.696102e-02 -3.353787e+00 -8.640767e-01 -1.639873e-01 4.758987e-01 9.842444e+01
4.804231e-01 -3.138339e-02 8.764752e-01 3.895147e+02 -1.376648e-01 9.842731e-01 1.107016e-01 -3.300887e+00 -8.661651e-01 -1.738434e-01 4.685472e-01 9.879631e+01
4.753420e-01 -3.391394e-02 8.791472e-01 3.902003e+02 -1.373621e-01 9.841419e-01 1.122339e-01 -3.231720e+00 -8.690119e-01 -1.741110e-01 4.631455e-01 9.915888e+01
4.699474e-01 -3.180021e-02 8.821214e-01 3.909201e+02 -1.404829e-01 9.839186e-01 1.103118e-01 -3.153293e+00 -8.714436e-01 -1.757638e-01 4.579226e-01 9.955049e+01
4.644826e-01 -3.156371e-02 8.850196e-01 3.915928e+02 -1.392721e-01 9.843253e-01 1.081992e-01 -3.087270e+00 -8.745623e-01 -1.735152e-01 4.528060e-01 9.989604e+01
4.593072e-01 -3.792138e-02 8.874677e-01 3.923103e+02 -1.347195e-01 9.845572e-01 1.117938e-01 -3.024272e+00 -8.780020e-01 -1.709069e-01 4.471055e-01 1.002454e+02
4.540652e-01 -4.439453e-02 8.898617e-01 3.930122e+02 -1.321616e-01 9.843527e-01 1.165460e-01 -2.957655e+00 -8.811118e-01 -1.705250e-01 4.410931e-01 1.005810e+02
4.476420e-01 -5.001923e-02 8.928128e-01 3.937121e+02 -1.288461e-01 9.844075e-01 1.197521e-01 -2.887118e+00 -8.848815e-01 -1.686415e-01 4.342173e-01 1.009287e+02
4.424617e-01 -5.236576e-02 8.952572e-01 3.944651e+02 -1.275203e-01 9.844756e-01 1.206086e-01 -2.808603e+00 -8.876746e-01 -1.675282e-01 4.289150e-01 1.012938e+02
4.371785e-01 -5.213372e-02 8.978625e-01 3.951877e+02 -1.250658e-01 9.850950e-01 1.180946e-01 -2.733672e+00 -8.906366e-01 -1.639203e-01 4.241423e-01 1.016279e+02
4.315496e-01 -5.179786e-02 9.006009e-01 3.958907e+02 -1.245467e-01 9.853680e-01 1.163534e-01 -2.659557e+00 -8.934501e-01 -1.623791e-01 4.187839e-01 1.019527e+02
4.257812e-01 -5.165500e-02 9.033505e-01 3.965751e+02 -1.249796e-01 9.854421e-01 1.152565e-01 -2.583804e+00 -8.961532e-01 -1.619745e-01 4.131268e-01 1.022534e+02
4.177951e-01 -5.116888e-02 9.070992e-01 3.972722e+02 -1.274496e-01 9.852396e-01 1.142779e-01 -2.507238e+00 -8.995576e-01 -1.633542e-01 4.051068e-01 1.025708e+02
4.087818e-01 -5.119998e-02 9.111948e-01 3.979704e+02 -1.279323e-01 9.853520e-01 1.127601e-01 -2.439537e+00 -9.036209e-01 -1.626656e-01 3.962438e-01 1.028767e+02
3.989475e-01 -5.178491e-02 9.155103e-01 3.986638e+02 -1.262890e-01 9.857871e-01 1.107924e-01 -2.370178e+00 -9.082356e-01 -1.598193e-01 3.867374e-01 1.031655e+02
3.888512e-01 -5.248122e-02 9.198046e-01 3.993659e+02 -1.263636e-01 9.859026e-01 1.096733e-01 -2.304688e+00 -9.125936e-01 -1.588764e-01 3.767377e-01 1.034515e+02
3.788882e-01 -5.399779e-02 9.238658e-01 4.000494e+02 -1.270275e-01 9.858128e-01 1.097139e-01 -2.236665e+00 -9.166830e-01 -1.589256e-01 3.666537e-01 1.037300e+02
3.691027e-01 -5.305614e-02 9.278730e-01 4.007340e+02 -1.255644e-01 9.863688e-01 1.063498e-01 -2.182582e+00 -9.208674e-01 -1.557618e-01 3.574094e-01 1.039907e+02
3.592158e-01 -4.885276e-02 9.319750e-01 4.014115e+02 -1.240047e-01 9.872756e-01 9.954730e-02 -2.124412e+00 -9.249794e-01 -1.513283e-01 3.485870e-01 1.042379e+02
3.478154e-01 -3.818420e-02 9.367852e-01 4.019743e+02 -1.316184e-01 9.872871e-01 8.911079e-02 -2.096127e+00 -9.282786e-01 -1.542922e-01 3.383679e-01 1.044352e+02
3.343049e-01 -2.905340e-02 9.420171e-01 4.026003e+02 -1.380702e-01 9.872309e-01 7.944651e-02 -2.049983e+00 -9.322966e-01 -1.566239e-01 3.260247e-01 1.046478e+02
3.180455e-01 -2.307007e-02 9.477947e-01 4.032730e+02 -1.404204e-01 9.875317e-01 7.115729e-02 -2.007481e+00 -9.376189e-01 -1.557209e-01 3.108405e-01 1.048715e+02
2.996638e-01 -2.068970e-02 9.538205e-01 4.039391e+02 -1.389270e-01 9.881618e-01 6.508160e-02 -1.978832e+00 -9.438755e-01 -1.520140e-01 2.932420e-01 1.050621e+02
2.796369e-01 -1.730153e-02 9.599499e-01 4.046608e+02 -1.370880e-01 9.888736e-01 5.775707e-02 -1.934697e+00 -9.502684e-01 -1.477487e-01 2.741537e-01 1.052664e+02
2.593537e-01 -1.260237e-02 9.657002e-01 4.053342e+02 -1.329333e-01 9.899317e-01 4.861989e-02 -1.921406e+00 -9.565900e-01 -1.409835e-01 2.550672e-01 1.054294e+02
2.398600e-01 -7.127919e-03 9.707813e-01 4.060285e+02 -1.263478e-01 9.912388e-01 3.849605e-02 -1.910280e+00 -9.625505e-01 -1.318897e-01 2.368580e-01 1.055703e+02
2.205214e-01 -4.441298e-03 9.753720e-01 4.067451e+02 -1.175501e-01 9.925800e-01 3.109650e-02 -1.906342e+00 -9.682728e-01 -1.215125e-01 2.183631e-01 1.057013e+02
2.016275e-01 -4.437660e-03 9.794522e-01 4.074612e+02 -1.130503e-01 9.932011e-01 2.777219e-02 -1.896095e+00 -9.729162e-01 -1.163270e-01 1.997550e-01 1.058364e+02
1.841459e-01 -9.103204e-03 9.828568e-01 4.081795e+02 -1.114000e-01 9.933206e-01 3.007179e-02 -1.887467e+00 -9.765656e-01 -1.150279e-01 1.819018e-01 1.059600e+02
1.689991e-01 -1.739536e-02 9.854627e-01 4.089237e+02 -1.128880e-01 9.929228e-01 3.688646e-02 -1.876506e+00 -9.791300e-01 -1.174807e-01 1.658393e-01 1.060827e+02
1.561746e-01 -2.697604e-02 9.873610e-01 4.096616e+02 -1.093515e-01 9.930098e-01 4.442692e-02 -1.865131e+00 -9.816576e-01 -1.149078e-01 1.521330e-01 1.061901e+02
1.462874e-01 -3.285507e-02 9.886964e-01 4.104067e+02 -1.080590e-01 9.929370e-01 4.898437e-02 -1.850433e+00 -9.833226e-01 -1.140033e-01 1.417038e-01 1.062977e+02
1.381506e-01 -3.455352e-02 9.898083e-01 4.111568e+02 -1.105750e-01 9.926050e-01 5.008444e-02 -1.831788e+00 -9.842193e-01 -1.163672e-01 1.333083e-01 1.063988e+02
1.304668e-01 -3.690155e-02 9.907657e-01 4.119097e+02 -1.139743e-01 9.921240e-01 5.196059e-02 -1.810716e+00 -9.848798e-01 -1.197009e-01 1.252334e-01 1.065009e+02
1.228728e-01 -4.143020e-02 9.915573e-01 4.126749e+02 -1.136922e-01 9.919626e-01 5.553576e-02 -1.781313e+00 -9.858886e-01 -1.195561e-01 1.171749e-01 1.065939e+02
1.157838e-01 -4.269230e-02 9.923565e-01 4.134546e+02 -1.204858e-01 9.910947e-01 5.669577e-02 -1.755209e+00 -9.859398e-01 -1.261293e-01 1.096089e-01 1.066955e+02
1.086306e-01 -3.042454e-02 9.936165e-01 4.142073e+02 -1.347442e-01 9.898562e-01 4.504078e-02 -1.742358e+00 -9.849078e-01 -1.387769e-01 1.034291e-01 1.068019e+02
1.020516e-01 -1.030994e-02 9.947257e-01 4.149546e+02 -1.422459e-01 9.895194e-01 2.484937e-02 -1.724821e+00 -9.845565e-01 -1.440315e-01 9.951551e-02 1.069005e+02
9.782730e-02 5.189023e-03 9.951899e-01 4.157036e+02 -1.407210e-01 9.900113e-01 8.670870e-03 -1.709340e+00 -9.852043e-01 -1.408924e-01 9.758034e-02 1.069744e+02
9.351378e-02 6.225221e-03 9.955985e-01 4.164654e+02 -1.473155e-01 9.890600e-01 7.652593e-03 -1.700579e+00 -9.846590e-01 -1.473827e-01 9.340781e-02 1.070605e+02
9.246900e-02 -4.035807e-03 9.957074e-01 4.172455e+02 -1.555587e-01 9.876543e-01 1.844953e-02 -1.702046e+00 -9.834892e-01 -1.565969e-01 9.069960e-02 1.071534e+02
9.384811e-02 -9.054722e-03 9.955454e-01 4.180345e+02 -1.578799e-01 9.871700e-01 2.386157e-02 -1.704218e+00 -9.829885e-01 -1.594160e-01 9.121448e-02 1.072473e+02
9.625853e-02 7.313273e-03 9.953295e-01 4.187911e+02 -1.617505e-01 9.867960e-01 8.392354e-03 -1.720024e+00 -9.821258e-01 -1.618029e-01 9.617045e-02 1.073355e+02
9.906089e-02 3.233438e-02 9.945559e-01 4.195448e+02 -1.640269e-01 9.863305e-01 -1.572937e-02 -1.735219e+00 -9.814694e-01 -1.615757e-01 1.030105e-01 1.074244e+02
1.043519e-01 5.187016e-02 9.931869e-01 4.202763e+02 -1.665718e-01 9.854442e-01 -3.396447e-02 -1.751372e+00 -9.804920e-01 -1.618926e-01 1.114731e-01 1.075138e+02
1.082946e-01 5.121656e-02 9.927986e-01 4.210354e+02 -1.711786e-01 9.847161e-01 -3.212740e-02 -1.772876e+00 -9.792702e-01 -1.664667e-01 1.154066e-01 1.076128e+02
1.107385e-01 3.900009e-02 9.930841e-01 4.218037e+02 -1.741411e-01 9.845326e-01 -1.924583e-02 -1.796952e+00 -9.784742e-01 -1.708055e-01 1.158172e-01 1.077291e+02
1.134514e-01 3.159638e-02 9.930410e-01 4.225509e+02 -1.746941e-01 9.845571e-01 -1.136826e-02 -1.830273e+00 -9.780648e-01 -1.721886e-01 1.172191e-01 1.078314e+02
1.164030e-01 3.486646e-02 9.925899e-01 4.232556e+02 -1.676797e-01 9.857280e-01 -1.496130e-02 -1.859896e+00 -9.789453e-01 -1.646956e-01 1.205881e-01 1.079104e+02
1.198655e-01 4.459978e-02 9.917878e-01 4.239618e+02 -1.639784e-01 9.861589e-01 -2.452854e-02 -1.889739e+00 -9.791544e-01 -1.596916e-01 1.255199e-01 1.079952e+02
1.225008e-01 5.064613e-02 9.911753e-01 4.246797e+02 -1.609345e-01 9.864932e-01 -3.051676e-02 -1.922528e+00 -9.793333e-01 -1.557760e-01 1.289969e-01 1.080974e+02
1.250204e-01 5.230191e-02 9.907746e-01 4.253719e+02 -1.581340e-01 9.868943e-01 -3.214301e-02 -1.959018e+00 -9.794710e-01 -1.526567e-01 1.316527e-01 1.081894e+02
1.262349e-01 5.580280e-02 9.904296e-01 4.260492e+02 -1.536512e-01 9.874672e-01 -3.605232e-02 -2.001475e+00 -9.800286e-01 -1.476297e-01 1.332270e-01 1.082674e+02
1.249432e-01 6.197845e-02 9.902262e-01 4.267301e+02 -1.542314e-01 9.871278e-01 -4.232416e-02 -2.038143e+00 -9.801030e-01 -1.474359e-01 1.328939e-01 1.083792e+02
1.241372e-01 6.649697e-02 9.900344e-01 4.274073e+02 -1.554014e-01 9.867426e-01 -4.679058e-02 -2.077421e+00 -9.800206e-01 -1.480443e-01 1.328252e-01 1.084813e+02
1.218919e-01 7.064506e-02 9.900261e-01 4.280609e+02 -1.604473e-01 9.857473e-01 -5.058548e-02 -2.118305e+00 -9.794892e-01 -1.526811e-01 1.314895e-01 1.085760e+02
1.151204e-01 7.325570e-02 9.906467e-01 4.287152e+02 -1.651987e-01 9.848013e-01 -5.362615e-02 -2.168046e+00 -9.795186e-01 -1.574801e-01 1.254724e-01 1.086665e+02
1.019115e-01 7.462606e-02 9.919904e-01 4.293669e+02 -1.692514e-01 9.839444e-01 -5.663284e-02 -2.226156e+00 -9.802898e-01 -1.621242e-01 1.129058e-01 1.087484e+02
8.488756e-02 7.648444e-02 9.934507e-01 4.300147e+02 -1.707785e-01 9.834120e-01 -6.111903e-02 -2.275405e+00 -9.816460e-01 -1.644718e-01 9.654134e-02 1.088140e+02
6.668709e-02 7.690311e-02 9.948059e-01 4.306430e+02 -1.675639e-01 9.837284e-01 -6.481407e-02 -2.338048e+00 -9.836032e-01 -1.623712e-01 7.848816e-02 1.088525e+02
4.897801e-02 7.577533e-02 9.959213e-01 4.312698e+02 -1.618641e-01 9.845394e-01 -6.694908e-02 -2.398722e+00 -9.855969e-01 -1.579249e-01 6.048609e-02 1.088736e+02
3.146591e-02 7.620992e-02 9.965952e-01 4.318652e+02 -1.584298e-01 9.848637e-01 -7.031064e-02 -2.456258e+00 -9.868687e-01 -1.556780e-01 4.306356e-02 1.088866e+02
1.430998e-02 7.660179e-02 9.969591e-01 4.324429e+02 -1.537598e-01 9.853705e-01 -7.350437e-02 -2.524316e+00 -9.880046e-01 -1.522404e-01 2.587890e-02 1.088914e+02
-3.036608e-03 7.674707e-02 9.970460e-01 4.330233e+02 -1.515411e-01 9.855002e-01 -7.631987e-02 -2.581459e+00 -9.884463e-01 -1.513252e-01 8.637757e-03 1.088906e+02
-2.125512e-02 7.554125e-02 9.969161e-01 4.335635e+02 -1.527008e-01 9.851968e-01 -7.790893e-02 -2.637696e+00 -9.880439e-01 -1.538858e-01 -9.405266e-03 1.088813e+02
-4.080719e-02 7.354411e-02 9.964567e-01 4.340967e+02 -1.538927e-01 9.849248e-01 -7.899525e-02 -2.689535e+00 -9.872446e-01 -1.565710e-01 -2.887411e-02 1.088701e+02
-6.009828e-02 7.397982e-02 9.954472e-01 4.346058e+02 -1.503253e-01 9.852055e-01 -8.229429e-02 -2.744008e+00 -9.868082e-01 -1.545867e-01 -4.808812e-02 1.088509e+02
-7.640923e-02 7.886210e-02 9.939529e-01 4.350771e+02 -1.443494e-01 9.854902e-01 -8.928739e-02 -2.807442e+00 -9.865723e-01 -1.502989e-01 -6.391685e-02 1.088067e+02
-9.240491e-02 8.863713e-02 9.917685e-01 4.355210e+02 -1.357126e-01 9.856141e-01 -1.007317e-01 -2.869256e+00 -9.864296e-01 -1.439036e-01 -7.904641e-02 1.087657e+02
-1.069062e-01 9.959818e-02 9.892681e-01 4.359280e+02 -1.287324e-01 9.852087e-01 -1.131011e-01 -2.924291e+00 -9.859001e-01 -1.394420e-01 -9.250336e-02 1.087155e+02
-1.199890e-01 1.082643e-01 9.868543e-01 4.363037e+02 -1.268146e-01 9.842214e-01 -1.233945e-01 -2.969634e+00 -9.846424e-01 -1.399535e-01 -1.043663e-01 1.086733e+02
-1.310007e-01 1.141604e-01 9.847874e-01 4.366692e+02 -1.286310e-01 9.829936e-01 -1.310636e-01 -3.017767e+00 -9.830020e-01 -1.438436e-01 -1.140883e-01 1.086256e+02
-1.407982e-01 1.181170e-01 9.829671e-01 4.370131e+02 -1.261760e-01 9.826206e-01 -1.361485e-01 -3.067631e+00 -9.819651e-01 -1.431963e-01 -1.234477e-01 1.085770e+02
-1.488560e-01 1.197707e-01 9.815788e-01 4.373366e+02 -1.210701e-01 9.829625e-01 -1.382998e-01 -3.123683e+00 -9.814193e-01 -1.394266e-01 -1.318192e-01 1.085254e+02
-1.542327e-01 1.200098e-01 9.807191e-01 4.376481e+02 -1.117744e-01 9.841046e-01 -1.380022e-01 -3.182857e+00 -9.816918e-01 -1.309037e-01 -1.383671e-01 1.084643e+02
-1.590303e-01 1.195980e-01 9.800029e-01 4.379443e+02 -1.032906e-01 9.851724e-01 -1.369904e-01 -3.222959e+00 -9.818556e-01 -1.230107e-01 -1.443190e-01 1.084073e+02
-1.648865e-01 1.174021e-01 9.793004e-01 4.382250e+02 -1.047144e-01 9.851952e-01 -1.357397e-01 -3.262872e+00 -9.807382e-01 -1.249285e-01 -1.501517e-01 1.083742e+02
-1.708023e-01 1.149843e-01 9.785730e-01 4.384860e+02 -1.106332e-01 9.846487e-01 -1.350084e-01 -3.305286e+00 -9.790745e-01 -1.313224e-01 -1.554592e-01 1.083492e+02
-1.753502e-01 1.120932e-01 9.781040e-01 4.387184e+02 -1.166726e-01 9.841299e-01 -1.337003e-01 -3.343375e+00 -9.775683e-01 -1.375623e-01 -1.594891e-01 1.083254e+02
-1.790231e-01 1.101137e-01 9.776634e-01 4.389377e+02 -1.189722e-01 9.840017e-01 -1.326130e-01 -3.375878e+00 -9.766250e-01 -1.400556e-01 -1.630585e-01 1.082990e+02
-1.811926e-01 1.114330e-01 9.771141e-01 4.391199e+02 -1.162182e-01 9.841717e-01 -1.337889e-01 -3.408740e+00 -9.765565e-01 -1.378000e-01 -1.653741e-01 1.082665e+02
-1.824997e-01 1.136569e-01 9.766146e-01 4.392859e+02 -1.113268e-01 9.845194e-01 -1.353804e-01 -3.443657e+00 -9.768829e-01 -1.334302e-01 -1.670214e-01 1.082299e+02
-1.830215e-01 1.156476e-01 9.762831e-01 4.394469e+02 -1.069148e-01 9.848257e-01 -1.367026e-01 -3.471894e+00 -9.772780e-01 -1.293987e-01 -1.678799e-01 1.081970e+02
-1.823290e-01 1.187625e-01 9.760387e-01 4.395906e+02 -1.058467e-01 9.845389e-01 -1.395694e-01 -3.493443e+00 -9.775237e-01 -1.287580e-01 -1.669394e-01 1.081703e+02
-1.810788e-01 1.207099e-01 9.760326e-01 4.397384e+02 -1.080336e-01 9.839915e-01 -1.417372e-01 -3.520361e+00 -9.775169e-01 -1.311099e-01 -1.651393e-01 1.081535e+02
-1.778197e-01 1.199343e-01 9.767271e-01 4.398874e+02 -1.050264e-01 9.845632e-01 -1.400173e-01 -3.555587e+00 -9.784424e-01 -1.274800e-01 -1.624785e-01 1.081224e+02
-1.725234e-01 1.167725e-01 9.780592e-01 4.400450e+02 -9.745451e-02 9.860527e-01 -1.349173e-01 -3.581471e+00 -9.801726e-01 -1.185927e-01 -1.587372e-01 1.080875e+02
-1.668305e-01 1.150993e-01 9.792445e-01 4.401748e+02 -9.287487e-02 9.869128e-01 -1.318234e-01 -3.608177e+00 -9.816017e-01 -1.129394e-01 -1.539573e-01 1.080612e+02
-1.621935e-01 1.166821e-01 9.798360e-01 4.403197e+02 -9.081158e-02 9.870051e-01 -1.325680e-01 -3.634838e+00 -9.825714e-01 -1.104821e-01 -1.494897e-01 1.080369e+02
-1.588114e-01 1.180245e-01 9.802291e-01 4.404621e+02 -9.444787e-02 9.864599e-01 -1.340766e-01 -3.658087e+00 -9.827810e-01 -1.138734e-01 -1.455139e-01 1.080245e+02
-1.542022e-01 1.186958e-01 9.808838e-01 4.406073e+02 -9.783453e-02 9.860447e-01 -1.347006e-01 -3.687335e+00 -9.831837e-01 -1.167354e-01 -1.404377e-01 1.080106e+02
-1.490262e-01 1.198566e-01 9.815425e-01 4.407571e+02 -1.007344e-01 9.856226e-01 -1.356492e-01 -3.716035e+00 -9.836889e-01 -1.190904e-01 -1.348099e-01 1.079995e+02
-1.431638e-01 1.204812e-01 9.823382e-01 4.409212e+02 -1.021792e-01 9.854592e-01 -1.357554e-01 -3.736889e+00 -9.844102e-01 -1.198098e-01 -1.287714e-01 1.079831e+02
-1.364759e-01 1.206465e-01 9.832694e-01 4.411283e+02 -1.033207e-01 9.854097e-01 -1.352498e-01 -3.755832e+00 -9.852407e-01 -1.200504e-01 -1.220194e-01 1.079608e+02
-1.304129e-01 1.182237e-01 9.843859e-01 4.413373e+02 -1.101218e-01 9.849947e-01 -1.328859e-01 -3.776700e+00 -9.853252e-01 -1.257324e-01 -1.154370e-01 1.079533e+02
-1.221086e-01 1.153588e-01 9.857900e-01 4.415585e+02 -1.192060e-01 9.843282e-01 -1.299536e-01 -3.800926e+00 -9.853321e-01 -1.333805e-01 -1.064435e-01 1.079441e+02
-1.136666e-01 1.122425e-01 9.871583e-01 4.417637e+02 -1.256272e-01 9.839989e-01 -1.263486e-01 -3.837990e+00 -9.855444e-01 -1.383756e-01 -9.774711e-02 1.079416e+02
-1.038212e-01 1.103490e-01 9.884555e-01 4.420006e+02 -1.234025e-01 9.847178e-01 -1.228932e-01 -3.879832e+00 -9.869108e-01 -1.347368e-01 -8.861721e-02 1.079246e+02
-9.188068e-02 1.090757e-01 9.897780e-01 4.422155e+02 -1.175925e-01 9.858387e-01 -1.195576e-01 -3.919942e+00 -9.888023e-01 -1.273755e-01 -7.775306e-02 1.079044e+02
-7.971059e-02 1.078630e-01 9.909651e-01 4.424639e+02 -1.149137e-01 9.865061e-01 -1.166210e-01 -3.957623e+00 -9.901722e-01 -1.231714e-01 -6.624006e-02 1.078927e+02
-6.362332e-02 1.077441e-01 9.921408e-01 4.427258e+02 -1.127738e-01 9.870108e-01 -1.144189e-01 -3.994169e+00 -9.915816e-01 -1.191672e-01 -5.064620e-02 1.078803e+02
-4.689929e-02 1.088076e-01 9.929559e-01 4.429892e+02 -1.118268e-01 9.872290e-01 -1.134619e-01 -4.024462e+00 -9.926204e-01 -1.163603e-01 -3.413274e-02 1.078775e+02
-2.850781e-02 1.078533e-01 9.937580e-01 4.432736e+02 -1.126720e-01 9.874796e-01 -1.104041e-01 -4.055819e+00 -9.932232e-01 -1.151161e-01 -1.599883e-02 1.078761e+02
-7.225573e-03 1.072371e-01 9.942072e-01 4.435361e+02 -1.143845e-01 9.876186e-01 -1.073578e-01 -4.095783e+00 -9.934103e-01 -1.144976e-01 5.130152e-03 1.078856e+02
1.456144e-02 1.077284e-01 9.940737e-01 4.438265e+02 -1.168649e-01 9.875487e-01 -1.053094e-01 -4.130606e+00 -9.930411e-01 -1.146388e-01 2.696980e-02 1.079080e+02
3.672924e-02 1.097529e-01 9.932801e-01 4.441416e+02 -1.199784e-01 9.872455e-01 -1.046495e-01 -4.163541e+00 -9.920968e-01 -1.153285e-01 4.942875e-02 1.079377e+02
5.891577e-02 1.137134e-01 9.917652e-01 4.444430e+02 -1.293225e-01 9.859884e-01 -1.053687e-01 -4.191877e+00 -9.898508e-01 -1.220496e-01 7.279596e-02 1.079867e+02
8.179917e-02 1.171855e-01 9.897355e-01 4.447680e+02 -1.359471e-01 9.850935e-01 -1.054002e-01 -4.222381e+00 -9.873334e-01 -1.259300e-01 9.651087e-02 1.080433e+02
1.074497e-01 1.171505e-01 9.872843e-01 4.451027e+02 -1.405421e-01 9.848514e-01 -1.015661e-01 -4.259194e+00 -9.842269e-01 -1.278417e-01 1.222865e-01 1.081013e+02
1.334485e-01 1.150208e-01 9.843585e-01 4.454458e+02 -1.379527e-01 9.857286e-01 -9.647883e-02 -4.305183e+00 -9.814074e-01 -1.229200e-01 1.474114e-01 1.081650e+02
1.589672e-01 1.136913e-01 9.807159e-01 4.457907e+02 -1.375456e-01 9.862105e-01 -9.203312e-02 -4.344431e+00 -9.776557e-01 -1.202629e-01 1.724128e-01 1.082416e+02
1.850966e-01 1.132068e-01 9.761780e-01 4.461565e+02 -1.395626e-01 9.863025e-01 -8.791794e-02 -4.380785e+00 -9.727598e-01 -1.199646e-01 1.983606e-01 1.083290e+02
2.106674e-01 1.132601e-01 9.709745e-01 4.465356e+02 -1.422263e-01 9.862478e-01 -8.418353e-02 -4.413711e+00 -9.671561e-01 -1.203634e-01 2.238788e-01 1.084392e+02
2.364453e-01 1.134109e-01 9.650034e-01 4.469456e+02 -1.453493e-01 9.861181e-01 -8.027888e-02 -4.453309e+00 -9.607118e-01 -1.212810e-01 2.496472e-01 1.085583e+02
2.615273e-01 1.135604e-01 9.584923e-01 4.473325e+02 -1.459288e-01 9.862911e-01 -7.703690e-02 -4.489874e+00 -9.541008e-01 -1.197244e-01 2.745138e-01 1.086878e+02
2.852816e-01 1.133619e-01 9.517161e-01 4.477566e+02 -1.467156e-01 9.864428e-01 -7.351963e-02 -4.520979e+00 -9.471478e-01 -1.186578e-01 2.980459e-01 1.088329e+02
3.066369e-01 1.128345e-01 9.451149e-01 4.481646e+02 -1.471956e-01 9.866249e-01 -7.003348e-02 -4.554416e+00 -9.403761e-01 -1.176419e-01 3.191444e-01 1.089944e+02
3.265323e-01 1.124249e-01 9.384760e-01 4.486207e+02 -1.479408e-01 9.867423e-01 -6.673255e-02 -4.588837e+00 -9.335364e-01 -1.170486e-01 3.388355e-01 1.091755e+02
3.448945e-01 1.121311e-01 9.319197e-01 4.490874e+02 -1.486053e-01 9.868401e-01 -6.374190e-02 -4.626711e+00 -9.268032e-01 -1.165040e-01 3.570191e-01 1.093684e+02
3.621654e-01 1.128697e-01 9.252549e-01 4.495571e+02 -1.502835e-01 9.867255e-01 -6.154403e-02 -4.660673e+00 -9.199191e-01 -1.167614e-01 3.743202e-01 1.095701e+02
3.793575e-01 1.120573e-01 9.184395e-01 4.500436e+02 -1.487620e-01 9.871120e-01 -5.899038e-02 -4.696282e+00 -9.132129e-01 -1.142504e-01 3.911382e-01 1.097917e+02
3.968812e-01 1.105523e-01 9.111879e-01 4.505481e+02 -1.463744e-01 9.876388e-01 -5.607234e-02 -4.731387e+00 -9.061235e-01 -1.111206e-01 4.081573e-01 1.100258e+02
4.146825e-01 1.092349e-01 9.033859e-01 4.510635e+02 -1.430701e-01 9.882480e-01 -5.382250e-02 -4.765400e+00 -8.986486e-01 -1.069283e-01 4.254374e-01 1.102787e+02
4.326095e-01 1.080251e-01 8.950864e-01 4.515982e+02 -1.399076e-01 9.888130e-01 -5.171707e-02 -4.797312e+00 -8.906598e-01 -1.028561e-01 4.428834e-01 1.105411e+02
4.484887e-01 1.084443e-01 8.871853e-01 4.521271e+02 -1.405557e-01 9.888188e-01 -4.981382e-02 -4.830163e+00 -8.826675e-01 -1.023580e-01 4.587166e-01 1.108304e+02
4.627643e-01 1.096806e-01 8.796700e-01 4.526692e+02 -1.421412e-01 9.886578e-01 -4.849396e-02 -4.863010e+00 -8.750115e-01 -1.025961e-01 4.731056e-01 1.111360e+02
4.755385e-01 1.108163e-01 8.726872e-01 4.532166e+02 -1.445736e-01 9.883901e-01 -4.672858e-02 -4.895245e+00 -8.677336e-01 -1.039463e-01 4.860386e-01 1.114543e+02
4.868890e-01 1.099172e-01 8.665202e-01 4.537939e+02 -1.455103e-01 9.883949e-01 -4.361606e-02 -4.925299e+00 -8.612583e-01 -1.048515e-01 4.972327e-01 1.118039e+02
4.971092e-01 1.086357e-01 8.608604e-01 4.543931e+02 -1.464281e-01 9.884052e-01 -4.017533e-02 -4.955216e+00 -8.552434e-01 -1.060826e-01 5.072526e-01 1.121487e+02
5.048963e-01 1.065211e-01 8.565821e-01 4.549872e+02 -1.475080e-01 9.884066e-01 -3.596844e-02 -4.995834e+00 -8.504829e-01 -1.081924e-01 5.147556e-01 1.125127e+02
5.110014e-01 1.056218e-01 8.530660e-01 4.555921e+02 -1.488629e-01 9.883006e-01 -3.319429e-02 -5.025095e+00 -8.465917e-01 -1.100275e-01 5.207461e-01 1.128856e+02
5.156403e-01 1.058770e-01 8.502383e-01 4.562073e+02 -1.502608e-01 9.881310e-01 -3.192018e-02 -5.061551e+00 -8.435264e-01 -1.112982e-01 5.254293e-01 1.132746e+02
5.192254e-01 1.058594e-01 8.480559e-01 4.568391e+02 -1.511460e-01 9.880317e-01 -3.079235e-02 -5.081845e+00 -8.411658e-01 -1.121921e-01 5.290114e-01 1.136835e+02
5.221524e-01 1.065073e-01 8.461756e-01 4.574762e+02 -1.526001e-01 9.878274e-01 -3.017144e-02 -5.108326e+00 -8.390889e-01 -1.133724e-01 5.320494e-01 1.140886e+02
5.245880e-01 1.074431e-01 8.445492e-01 4.581220e+02 -1.529481e-01 9.877585e-01 -3.065907e-02 -5.130133e+00 -8.375048e-01 -1.130888e-01 5.345995e-01 1.145088e+02
5.278496e-01 1.071069e-01 8.425574e-01 4.588053e+02 -1.518986e-01 9.879277e-01 -3.042434e-02 -5.169283e+00 -8.356444e-01 -1.119238e-01 5.377467e-01 1.149366e+02
5.307228e-01 1.074911e-01 8.407015e-01 4.594807e+02 -1.504702e-01 9.881174e-01 -3.134990e-02 -5.199169e+00 -8.340816e-01 -1.098624e-01 5.405906e-01 1.153726e+02
5.330628e-01 1.086647e-01 8.390686e-01 4.601702e+02 -1.500036e-01 9.881454e-01 -3.267335e-02 -5.230144e+00 -8.326722e-01 -1.084463e-01 5.430437e-01 1.158305e+02
5.354030e-01 1.099691e-01 8.374070e-01 4.608602e+02 -1.496273e-01 9.881543e-01 -3.409991e-02 -5.253831e+00 -8.312372e-01 -1.070418e-01 5.455151e-01 1.162872e+02
5.379467e-01 1.109834e-01 8.356411e-01 4.615672e+02 -1.482298e-01 9.883035e-01 -3.583545e-02 -5.277028e+00 -8.298441e-01 -1.045893e-01 5.481056e-01 1.167456e+02
5.403280e-01 1.103489e-01 8.341875e-01 4.622876e+02 -1.460937e-01 9.886101e-01 -3.614722e-02 -5.323250e+00 -8.286750e-01 -1.023382e-01 5.502950e-01 1.172245e+02
5.423841e-01 1.097534e-01 8.329307e-01 4.630178e+02 -1.442061e-01 9.888780e-01 -3.639875e-02 -5.364565e+00 -8.276618e-01 -1.003716e-01 5.521789e-01 1.177081e+02
5.445945e-01 1.091344e-01 8.315687e-01 4.637420e+02 -1.420696e-01 9.891732e-01 -3.677691e-02 -5.404290e+00 -8.265791e-01 -9.811211e-02 5.542030e-01 1.181802e+02
5.456216e-01 1.124167e-01 8.304574e-01 4.644683e+02 -1.437037e-01 9.888345e-01 -3.944054e-02 -5.441669e+00 -8.256187e-01 -9.782018e-02 5.556842e-01 1.186733e+02
5.468425e-01 1.145731e-01 8.293589e-01 4.652174e+02 -1.427725e-01 9.888440e-01 -4.246753e-02 -5.483429e+00 -8.249723e-01 -9.518660e-02 5.570999e-01 1.191702e+02
5.470153e-01 1.176961e-01 8.288075e-01 4.659758e+02 -1.435766e-01 9.885869e-01 -4.562483e-02 -5.523578e+00 -8.247182e-01 -9.403989e-02 5.576706e-01 1.196833e+02
5.468898e-01 1.181329e-01 8.288282e-01 4.667149e+02 -1.462648e-01 9.882511e-01 -4.434489e-02 -5.566868e+00 -8.243289e-01 -9.697660e-02 5.577431e-01 1.201951e+02
5.470322e-01 1.160480e-01 8.290287e-01 4.674994e+02 -1.461769e-01 9.883708e-01 -4.189841e-02 -5.607619e+00 -8.242500e-01 -9.826509e-02 5.576342e-01 1.207273e+02
5.477164e-01 1.144190e-01 8.288033e-01 4.682895e+02 -1.463555e-01 9.884336e-01 -3.973719e-02 -5.657097e+00 -8.237638e-01 -9.953522e-02 5.581272e-01 1.212560e+02
5.481449e-01 1.141661e-01 8.285549e-01 4.690758e+02 -1.440254e-01 9.887262e-01 -4.095351e-02 -5.698960e+00 -8.238895e-01 -9.688450e-02 5.584080e-01 1.218069e+02
5.490414e-01 1.142686e-01 8.279470e-01 4.698762e+02 -1.423559e-01 9.889205e-01 -4.208393e-02 -5.742517e+00 -8.235826e-01 -9.475736e-02 5.592251e-01 1.223548e+02
5.496677e-01 1.138413e-01 8.275902e-01 4.706828e+02 -1.399170e-01 9.892228e-01 -4.314523e-02 -5.785416e+00 -8.235828e-01 -9.207842e-02 5.596722e-01 1.229040e+02
5.504474e-01 1.131484e-01 8.271669e-01 4.715005e+02 -1.387803e-01 9.893898e-01 -4.298601e-02 -5.833684e+00 -8.232543e-01 -9.113295e-02 5.603099e-01 1.234666e+02
5.513399e-01 1.129025e-01 8.266059e-01 4.723292e+02 -1.381077e-01 9.894819e-01 -4.303228e-02 -5.882716e+00 -8.227701e-01 -9.043521e-02 5.611335e-01 1.240317e+02
5.520128e-01 1.127751e-01 8.261741e-01 4.731617e+02 -1.373278e-01 9.895778e-01 -4.332383e-02 -5.933775e+00 -8.224493e-01 -8.954133e-02 5.617468e-01 1.246068e+02
5.525874e-01 1.140169e-01 8.256194e-01 4.739885e+02 -1.381156e-01 9.894294e-01 -4.419801e-02 -5.987112e+00 -8.219314e-01 -8.960766e-02 5.624937e-01 1.251872e+02
5.533386e-01 1.157631e-01 8.248729e-01 4.748092e+02 -1.386429e-01 9.892813e-01 -4.583220e-02 -6.038253e+00 -8.213370e-01 -8.900208e-02 5.634573e-01 1.257741e+02
5.528210e-01 1.164299e-01 8.251261e-01 4.756634e+02 -1.398320e-01 9.891116e-01 -4.588402e-02 -6.092311e+00 -8.214840e-01 -9.001338e-02 5.630822e-01 1.263790e+02
5.522118e-01 1.158309e-01 8.256182e-01 4.765574e+02 -1.399373e-01 9.891293e-01 -4.517426e-02 -6.144576e+00 -8.218757e-01 -9.058899e-02 5.624179e-01 1.269956e+02
5.509688e-01 1.183014e-01 8.260982e-01 4.774105e+02 -1.450196e-01 9.884129e-01 -4.482436e-02 -6.201346e+00 -8.218289e-01 -9.510362e-02 5.617407e-01 1.275856e+02
5.486414e-01 1.217549e-01 8.271447e-01 4.782949e+02 -1.480824e-01 9.878486e-01 -4.718800e-02 -6.246178e+00 -8.228391e-01 -9.659630e-02 5.600044e-01 1.281976e+02
5.447309e-01 1.260714e-01 8.290803e-01 4.791806e+02 -1.509787e-01 9.872246e-01 -5.092151e-02 -6.299826e+00 -8.249083e-01 -9.743496e-02 5.568059e-01 1.287911e+02
5.376380e-01 1.310573e-01 8.329282e-01 4.800759e+02 -1.566220e-01 9.861772e-01 -5.407405e-02 -6.369492e+00 -8.285016e-01 -1.013826e-01 5.507328e-01 1.294009e+02
5.285055e-01 1.362343e-01 8.379273e-01 4.809812e+02 -1.619238e-01 9.850954e-01 -5.803153e-02 -6.440320e+00 -8.333442e-01 -1.050104e-01 5.426880e-01 1.300023e+02
5.167064e-01 1.411091e-01 8.444541e-01 4.819166e+02 -1.670826e-01 9.839796e-01 -6.218907e-02 -6.512598e+00 -8.397011e-01 -1.089600e-01 5.320055e-01 1.305898e+02
5.029532e-01 1.432952e-01 8.523524e-01 4.828898e+02 -1.700287e-01 9.832945e-01 -6.497886e-02 -6.594439e+00 -8.474245e-01 -1.122431e-01 5.189154e-01 1.311858e+02
4.878427e-01 1.430772e-01 8.611263e-01 4.839262e+02 -1.709436e-01 9.830348e-01 -6.648995e-02 -6.664086e+00 -8.560303e-01 -1.147674e-01 5.040244e-01 1.318123e+02
4.718945e-01 1.415388e-01 8.702197e-01 4.849554e+02 -1.732224e-01 9.826758e-01 -6.589611e-02 -6.747533e+00 -8.644707e-01 -1.196455e-01 4.882370e-01 1.324063e+02
4.560741e-01 1.420944e-01 8.785247e-01 4.859056e+02 -1.748138e-01 9.822424e-01 -6.811773e-02 -6.842742e+00 -8.726033e-01 -1.225115e-01 4.728154e-01 1.329342e+02
4.401210e-01 1.447134e-01 8.862006e-01 4.868663e+02 -1.731140e-01 9.820879e-01 -7.439648e-02 -6.933828e+00 -8.810931e-01 -1.206703e-01 4.572895e-01 1.334276e+02
4.223778e-01 1.492763e-01 8.940434e-01 4.878734e+02 -1.742976e-01 9.813142e-01 -8.150327e-02 -7.026663e+00 -8.895040e-01 -1.214045e-01 4.405038e-01 1.339365e+02
4.037706e-01 1.509753e-01 9.023169e-01 4.888769e+02 -1.726362e-01 9.811437e-01 -8.691297e-02 -7.124246e+00 -8.984242e-01 -1.206797e-01 4.222207e-01 1.344151e+02
3.847639e-01 1.489462e-01 9.109181e-01 4.898606e+02 -1.703217e-01 9.814036e-01 -8.852904e-02 -7.232753e+00 -9.071644e-01 -1.210864e-01 4.029774e-01 1.348519e+02
3.637338e-01 1.471472e-01 9.198073e-01 4.909140e+02 -1.665810e-01 9.818019e-01 -9.119109e-02 -7.354075e+00 -9.164870e-01 -1.200531e-01 3.816264e-01 1.352858e+02
3.410664e-01 1.514699e-01 9.277557e-01 4.919452e+02 -1.647997e-01 9.812828e-01 -9.962454e-02 -7.461219e+00 -9.254808e-01 -1.189153e-01 3.596448e-01 1.356817e+02
3.153160e-01 1.585121e-01 9.356547e-01 4.929976e+02 -1.653064e-01 9.800521e-01 -1.103252e-01 -7.589674e+00 -9.344783e-01 -1.198824e-01 3.352292e-01 1.360822e+02
2.897909e-01 1.634662e-01 9.430270e-01 4.940440e+02 -1.634683e-01 9.792823e-01 -1.195172e-01 -7.724054e+00 -9.430267e-01 -1.195200e-01 3.105087e-01 1.364293e+02
2.609129e-01 1.694209e-01 9.503794e-01 4.951077e+02 -1.668270e-01 9.775808e-01 -1.284700e-01 -7.880599e+00 -9.508382e-01 -1.250295e-01 2.833274e-01 1.367781e+02
2.315471e-01 1.723546e-01 9.574340e-01 4.961912e+02 -1.602404e-01 9.774945e-01 -1.372131e-01 -8.035297e+00 -9.595358e-01 -1.216483e-01 2.539542e-01 1.370839e+02
2.025159e-01 1.755259e-01 9.634199e-01 4.971644e+02 -1.610642e-01 9.763778e-01 -1.440301e-01 -8.205358e+00 -9.659429e-01 -1.260041e-01 2.260030e-01 1.373063e+02
1.746424e-01 1.789234e-01 9.682388e-01 4.982645e+02 -1.541763e-01 9.761905e-01 -1.525838e-01 -8.374947e+00 -9.724863e-01 -1.226319e-01 1.980700e-01 1.375391e+02
1.475031e-01 1.843813e-01 9.717234e-01 4.994076e+02 -1.483043e-01 9.754858e-01 -1.625833e-01 -8.564267e+00 -9.778797e-01 -1.201292e-01 1.712317e-01 1.377466e+02
1.232739e-01 1.880479e-01 9.743929e-01 5.004779e+02 -1.405592e-01 9.752916e-01 -1.704388e-01 -8.756472e+00 -9.823679e-01 -1.159492e-01 1.466598e-01 1.378984e+02
1.000438e-01 1.886971e-01 9.769261e-01 5.015421e+02 -1.349014e-01 9.753582e-01 -1.745794e-01 -8.959204e+00 -9.857955e-01 -1.143231e-01 1.230341e-01 1.380298e+02
7.822406e-02 1.889069e-01 9.788744e-01 5.026481e+02 -1.304801e-01 9.753770e-01 -1.778050e-01 -9.174402e+00 -9.883602e-01 -1.138150e-01 1.009465e-01 1.381444e+02
5.582501e-02 1.912132e-01 9.799597e-01 5.037340e+02 -1.296676e-01 9.745665e-01 -1.827742e-01 -9.389086e+00 -9.899848e-01 -1.168657e-01 7.919936e-02 1.382385e+02
3.432341e-02 1.943208e-01 9.803374e-01 5.048374e+02 -1.266098e-01 9.738576e-01 -1.886035e-01 -9.609704e+00 -9.913586e-01 -1.176468e-01 5.802903e-02 1.383015e+02
1.368206e-02 1.948940e-01 9.807289e-01 5.059250e+02 -1.227198e-01 9.737329e-01 -1.917917e-01 -9.830441e+00 -9.923470e-01 -1.177307e-01 3.724002e-02 1.383533e+02
-3.259934e-03 1.916558e-01 9.814568e-01 5.070100e+02 -1.161947e-01 9.747414e-01 -1.907304e-01 -1.005811e+01 -9.932211e-01 -1.146618e-01 1.909180e-02 1.383816e+02
-1.564497e-02 1.902434e-01 9.816123e-01 5.081169e+02 -1.095989e-01 9.754906e-01 -1.908038e-01 -1.028731e+01 -9.938528e-01 -1.105688e-01 5.588953e-03 1.384084e+02
-2.335098e-02 1.935763e-01 9.808073e-01 5.092279e+02 -1.020363e-01 9.754900e-01 -1.949562e-01 -1.051179e+01 -9.945066e-01 -1.046304e-01 -3.026830e-03 1.383974e+02
-2.836961e-02 1.971371e-01 9.799654e-01 5.103314e+02 -9.771671e-02 9.751175e-01 -1.989907e-01 -1.073887e+01 -9.948098e-01 -1.014043e-01 -8.400116e-03 1.383755e+02
-3.292332e-02 1.975586e-01 9.797381e-01 5.114348e+02 -9.799353e-02 9.749083e-01 -1.998777e-01 -1.097742e+01 -9.946423e-01 -1.025886e-01 -1.273775e-02 1.383698e+02
-3.672405e-02 1.973943e-01 9.796361e-01 5.125486e+02 -9.909669e-02 9.747463e-01 -2.001239e-01 -1.122603e+01 -9.943999e-01 -1.044281e-01 -1.623551e-02 1.383587e+02
-4.061729e-02 1.995819e-01 9.790390e-01 5.137159e+02 -9.929874e-02 9.741905e-01 -2.027131e-01 -1.147477e+01 -9.942283e-01 -1.054510e-01 -1.975074e-02 1.383545e+02
-4.359520e-02 2.033215e-01 9.781410e-01 5.148508e+02 -9.702655e-02 9.735819e-01 -2.066983e-01 -1.172104e+01 -9.943266e-01 -1.039167e-01 -2.271591e-02 1.383287e+02
-4.659477e-02 2.061524e-01 9.774099e-01 5.160002e+02 -9.408104e-02 9.732175e-01 -2.097532e-01 -1.196793e+01 -9.944736e-01 -1.017291e-01 -2.595182e-02 1.383039e+02
-4.952883e-02 2.060619e-01 9.772847e-01 5.171407e+02 -9.315743e-02 9.732670e-01 -2.099360e-01 -1.221832e+01 -9.944187e-01 -1.014392e-01 -2.900858e-02 1.382730e+02
-5.245458e-02 2.028868e-01 9.777962e-01 5.182960e+02 -9.324211e-02 9.738717e-01 -2.070745e-01 -1.247050e+01 -9.942607e-01 -1.020338e-01 -3.216643e-02 1.382410e+02
-5.466662e-02 1.988297e-01 9.785082e-01 5.194552e+02 -9.375615e-02 9.746219e-01 -2.032779e-01 -1.272788e+01 -9.940932e-01 -1.028537e-01 -3.463778e-02 1.382022e+02
-5.668470e-02 2.004654e-01 9.780595e-01 5.206277e+02 -9.660302e-02 9.739368e-01 -2.052191e-01 -1.298686e+01 -9.937076e-01 -1.061163e-01 -3.584176e-02 1.381704e+02
-5.714085e-02 2.048395e-01 9.771263e-01 5.218191e+02 -9.700510e-02 9.729553e-01 -2.096378e-01 -1.324522e+01 -9.936423e-01 -1.067651e-01 -3.572502e-02 1.381343e+02
-5.689654e-02 2.082962e-01 9.764095e-01 5.230165e+02 -9.636005e-02 9.722822e-01 -2.130307e-01 -1.350969e+01 -9.937190e-01 -1.062076e-01 -3.524806e-02 1.381002e+02
-5.635278e-02 2.081975e-01 9.764621e-01 5.241932e+02 -9.443665e-02 9.725199e-01 -2.128071e-01 -1.378395e+01 -9.939346e-01 -1.042061e-01 -3.514271e-02 1.380719e+02
-5.643756e-02 2.085637e-01 9.763790e-01 5.254121e+02 -9.559544e-02 9.723158e-01 -2.132215e-01 -1.406040e+01 -9.938191e-01 -1.053711e-01 -3.493739e-02 1.380355e+02
-5.711621e-02 2.084775e-01 9.763580e-01 5.266249e+02 -9.832772e-02 9.720251e-01 -2.133044e-01 -1.434208e+01 -9.935137e-01 -1.081862e-01 -3.501927e-02 1.380021e+02
-5.792579e-02 2.099545e-01 9.759937e-01 5.278415e+02 -1.000584e-01 9.714915e-01 -2.149245e-01 -1.461982e+01 -9.932940e-01 -1.101061e-01 -3.526670e-02 1.379650e+02
-6.000723e-02 2.077433e-01 9.763410e-01 5.290799e+02 -1.004329e-01 9.718837e-01 -2.129677e-01 -1.489641e+01 -9.931326e-01 -1.108364e-01 -3.745578e-02 1.379186e+02
-6.257914e-02 2.079799e-01 9.761292e-01 5.303213e+02 -1.007845e-01 9.717297e-01 -2.135038e-01 -1.518331e+01 -9.929382e-01 -1.117396e-01 -3.984886e-02 1.378714e+02
-6.441284e-02 2.084644e-01 9.759065e-01 5.315543e+02 -9.964748e-02 9.717060e-01 -2.141442e-01 -1.546654e+01 -9.929357e-01 -1.110403e-01 -4.181739e-02 1.378193e+02
-6.676073e-02 2.101466e-01 9.753878e-01 5.328294e+02 -9.851129e-02 9.714042e-01 -2.160310e-01 -1.575138e+01 -9.928940e-01 -1.105091e-01 -4.414984e-02 1.377647e+02
-7.018592e-02 2.090760e-01 9.753774e-01 5.340896e+02 -9.929667e-02 9.714681e-01 -2.153832e-01 -1.604037e+01 -9.925795e-01 -1.119686e-01 -4.742283e-02 1.377207e+02
-7.354773e-02 2.094823e-01 9.750425e-01 5.353929e+02 -9.792108e-02 9.714493e-01 -2.160966e-01 -1.633572e+01 -9.924728e-01 -1.113706e-01 -5.093515e-02 1.376551e+02
-7.735870e-02 2.085084e-01 9.749564e-01 5.366529e+02 -1.000734e-01 9.713243e-01 -2.156720e-01 -1.661943e+01 -9.919682e-01 -1.142513e-01 -5.427424e-02 1.375918e+02
-8.121442e-02 2.073943e-01 9.748804e-01 5.379331e+02 -9.986521e-02 9.714961e-01 -2.149938e-01 -1.691600e+01 -9.916810e-01 -1.148172e-01 -5.818802e-02 1.375284e+02
-8.502386e-02 2.072629e-01 9.745835e-01 5.392183e+02 -1.008163e-01 9.713160e-01 -2.153633e-01 -1.721250e+01 -9.912654e-01 -1.165650e-01 -6.168954e-02 1.374686e+02
-8.796619e-02 2.083054e-01 9.741000e-01 5.404836e+02 -9.849275e-02 9.712801e-01 -2.165968e-01 -1.751768e+01 -9.912422e-01 -1.149950e-01 -6.492323e-02 1.374277e+02
-9.029182e-02 2.085172e-01 9.738419e-01 5.417812e+02 -9.831650e-02 9.711933e-01 -2.170657e-01 -1.782072e+01 -9.910506e-01 -1.153440e-01 -6.719012e-02 1.373382e+02
-9.350436e-02 2.086409e-01 9.735121e-01 5.430039e+02 -9.458144e-02 9.715125e-01 -2.172968e-01 -1.810861e+01 -9.911162e-01 -1.123944e-01 -7.110709e-02 1.373378e+02
-9.659284e-02 2.100801e-01 9.729009e-01 5.443326e+02 -9.438574e-02 9.711333e-01 -2.190694e-01 -1.841943e+01 -9.908386e-01 -1.129885e-01 -7.397596e-02 1.372557e+02
-9.875639e-02 2.107416e-01 9.725406e-01 5.457030e+02 -9.458409e-02 9.709055e-01 -2.199918e-01 -1.874113e+01 -9.906064e-01 -1.137125e-01 -7.595032e-02 1.371229e+02
-1.019955e-01 2.101373e-01 9.723370e-01 5.469862e+02 -9.376404e-02 9.710522e-01 -2.196952e-01 -1.906326e+01 -9.903561e-01 -1.135782e-01 -7.933964e-02 1.370484e+02
-1.060779e-01 2.095257e-01 9.720321e-01 5.483147e+02 -9.471307e-02 9.709740e-01 -2.196337e-01 -1.937578e+01 -9.898368e-01 -1.153624e-01 -8.315409e-02 1.369429e+02
-1.100940e-01 2.091858e-01 9.716587e-01 5.496291e+02 -9.173800e-02 9.712896e-01 -2.195008e-01 -1.971272e+01 -9.896785e-01 -1.133038e-01 -8.774290e-02 1.368788e+02
-1.146924e-01 2.090673e-01 9.711522e-01 5.509929e+02 -9.188795e-02 9.711795e-01 -2.199251e-01 -2.002375e+01 -9.891422e-01 -1.144609e-01 -9.217613e-02 1.367822e+02
-1.180282e-01 2.099294e-01 9.705663e-01 5.523658e+02 -9.085341e-02 9.710157e-01 -2.210750e-01 -2.034778e+01 -9.888453e-01 -1.142723e-01 -9.553441e-02 1.366456e+02
-1.200112e-01 2.107057e-01 9.701548e-01 5.537513e+02 -8.970392e-02 9.709188e-01 -2.219683e-01 -2.068280e+01 -9.887115e-01 -1.136654e-01 -9.761997e-02 1.365009e+02
-1.225052e-01 2.114541e-01 9.696802e-01 5.551714e+02 -8.877263e-02 9.707884e-01 -2.229109e-01 -2.102076e+01 -9.884897e-01 -1.133888e-01 -1.001553e-01 1.363705e+02
-1.235383e-01 2.116620e-01 9.695037e-01 5.565681e+02 -8.733274e-02 9.708778e-01 -2.230903e-01 -2.136943e+01 -9.884894e-01 -1.122296e-01 -1.014556e-01 1.362129e+02
-1.246846e-01 2.117095e-01 9.693466e-01 5.579665e+02 -8.660609e-02 9.709193e-01 -2.231929e-01 -2.171636e+01 -9.884094e-01 -1.117800e-01 -1.027233e-01 1.360645e+02
-1.260537e-01 2.115796e-01 9.691979e-01 5.593455e+02 -8.521376e-02 9.710704e-01 -2.230713e-01 -2.205708e+01 -9.883568e-01 -1.107079e-01 -1.043775e-01 1.359407e+02
-1.269832e-01 2.125917e-01 9.688550e-01 5.607252e+02 -8.338521e-02 9.710166e-01 -2.239949e-01 -2.240274e+01 -9.883937e-01 -1.092318e-01 -1.055758e-01 1.358063e+02
-1.281799e-01 2.130295e-01 9.686012e-01 5.621408e+02 -8.258232e-02 9.709732e-01 -2.244798e-01 -2.274014e+01 -9.883067e-01 -1.087631e-01 -1.068668e-01 1.356589e+02
-1.289597e-01 2.118167e-01 9.687637e-01 5.635814e+02 -8.175529e-02 9.713245e-01 -2.232596e-01 -2.308254e+01 -9.882740e-01 -1.079930e-01 -1.079445e-01 1.354985e+02
-1.295105e-01 2.126721e-01 9.685028e-01 5.649881e+02 -8.179347e-02 9.711088e-01 -2.241819e-01 -2.342056e+01 -9.881988e-01 -1.082511e-01 -1.083736e-01 1.353518e+02
-1.307299e-01 2.124862e-01 9.683797e-01 5.664233e+02 -8.205439e-02 9.710922e-01 -2.241586e-01 -2.376155e+01 -9.880166e-01 -1.087640e-01 -1.095154e-01 1.352007e+02
-1.329675e-01 2.106810e-01 9.684695e-01 5.678732e+02 -8.378593e-02 9.712590e-01 -2.227913e-01 -2.410454e+01 -9.875726e-01 -1.107681e-01 -1.114937e-01 1.350540e+02
-1.345091e-01 2.088255e-01 9.686585e-01 5.693331e+02 -8.323061e-02 9.717067e-01 -2.210401e-01 -2.445346e+01 -9.874107e-01 -1.103539e-01 -1.133227e-01 1.348877e+02
-1.345634e-01 2.090164e-01 9.686098e-01 5.707934e+02 -8.209640e-02 9.717879e-01 -2.211074e-01 -2.481077e+01 -9.874983e-01 -1.092723e-01 -1.136076e-01 1.347156e+02
-1.335237e-01 2.113053e-01 9.682569e-01 5.722813e+02 -8.002164e-02 9.715166e-01 -2.230518e-01 -2.517944e+01 -9.878097e-01 -1.072642e-01 -1.128115e-01 1.345253e+02
-1.334513e-01 2.117312e-01 9.681739e-01 5.737176e+02 -7.866981e-02 9.715661e-01 -2.233168e-01 -2.553923e+01 -9.879280e-01 -1.059680e-01 -1.129999e-01 1.343687e+02
-1.341595e-01 2.114789e-01 9.681311e-01 5.751584e+02 -8.060461e-02 9.713971e-01 -2.233621e-01 -2.588562e+01 -9.876761e-01 -1.080020e-01 -1.132760e-01 1.342069e+02
-1.330508e-01 2.110095e-01 9.683865e-01 5.765962e+02 -7.687818e-02 9.719324e-01 -2.223448e-01 -2.626294e+01 -9.881231e-01 -1.040309e-01 -1.130943e-01 1.340509e+02
-1.327041e-01 2.117888e-01 9.682640e-01 5.780644e+02 -7.805192e-02 9.716373e-01 -2.232240e-01 -2.662408e+01 -9.880777e-01 -1.051976e-01 -1.124097e-01 1.338782e+02
-1.318527e-01 2.139848e-01 9.678974e-01 5.795147e+02 -7.474798e-02 9.714960e-01 -2.249630e-01 -2.700004e+01 -9.884471e-01 -1.020103e-01 -1.120994e-01 1.337382e+02
-1.302701e-01 2.152596e-01 9.678290e-01 5.809760e+02 -7.311630e-02 9.714036e-01 -2.258961e-01 -2.735655e+01 -9.887789e-01 -1.001916e-01 -1.108059e-01 1.335694e+02
-1.280888e-01 2.150427e-01 9.681683e-01 5.824403e+02 -7.275251e-02 9.715422e-01 -2.254172e-01 -2.771571e+01 -9.890907e-01 -9.931008e-02 -1.087987e-01 1.333986e+02
-1.253520e-01 2.135458e-01 9.688576e-01 5.838770e+02 -6.987032e-02 9.722355e-01 -2.233302e-01 -2.806692e+01 -9.896489e-01 -9.568927e-02 -1.069511e-01 1.332621e+02
-1.235156e-01 2.125710e-01 9.693077e-01 5.853589e+02 -6.957433e-02 9.725286e-01 -2.221429e-01 -2.843003e+01 -9.899007e-01 -9.487704e-02 -1.053329e-01 1.331118e+02
-1.225645e-01 2.124915e-01 9.694459e-01 5.867907e+02 -6.944833e-02 9.725797e-01 -2.219586e-01 -2.878226e+01 -9.900277e-01 -9.453065e-02 -1.044466e-01 1.329767e+02
-1.217813e-01 2.123443e-01 9.695768e-01 5.882814e+02 -6.890868e-02 9.726818e-01 -2.216794e-01 -2.913675e+01 -9.901621e-01 -9.380866e-02 -1.038220e-01 1.328187e+02
-1.208888e-01 2.128350e-01 9.695809e-01 5.897796e+02 -7.034073e-02 9.724524e-01 -2.222355e-01 -2.949904e+01 -9.901707e-01 -9.506681e-02 -1.025877e-01 1.326535e+02
-1.198245e-01 2.131906e-01 9.696349e-01 5.912759e+02 -6.914897e-02 9.725077e-01 -2.223674e-01 -2.986060e+01 -9.903840e-01 -9.369431e-02 -1.017883e-01 1.325057e+02
-1.191885e-01 2.128713e-01 9.697834e-01 5.927069e+02 -6.965664e-02 9.725465e-01 -2.220388e-01 -3.021359e+01 -9.904252e-01 -9.401633e-02 -1.010885e-01 1.323777e+02
-1.180460e-01 2.131648e-01 9.698587e-01 5.941844e+02 -7.097673e-02 9.723783e-01 -2.223575e-01 -3.058118e+01 -9.904683e-01 -9.508582e-02 -9.965567e-02 1.322171e+02
-1.179013e-01 2.123996e-01 9.700442e-01 5.956594e+02 -7.271167e-02 9.723887e-01 -2.217505e-01 -3.094179e+01 -9.903597e-01 -9.667821e-02 -9.920201e-02 1.320816e+02
-1.169338e-01 2.119475e-01 9.702601e-01 5.971214e+02 -7.062908e-02 9.727140e-01 -2.209956e-01 -3.128147e+01 -9.906251e-01 -9.437044e-02 -9.877348e-02 1.319266e+02
-1.157131e-01 2.106205e-01 9.706954e-01 5.985860e+02 -6.921524e-02 9.731746e-01 -2.194094e-01 -3.163485e+01 -9.908682e-01 -9.257545e-02 -9.803089e-02 1.317835e+02
-1.137858e-01 2.108864e-01 9.708654e-01 6.000198e+02 -6.256120e-02 9.737519e-01 -2.188456e-01 -3.197731e+01 -9.915336e-01 -8.564003e-02 -9.760585e-02 1.316391e+02
-1.122012e-01 2.132353e-01 9.705368e-01 6.014121e+02 -6.066108e-02 9.734127e-01 -2.208800e-01 -3.231305e+01 -9.918322e-01 -8.365681e-02 -9.628297e-02 1.314993e+02
-1.118675e-01 2.165194e-01 9.698479e-01 6.028654e+02 -6.083609e-02 9.726511e-01 -2.241624e-01 -3.266302e+01 -9.918592e-01 -8.407825e-02 -9.563588e-02 1.313636e+02
-1.116326e-01 2.166715e-01 9.698410e-01 6.042906e+02 -6.370214e-02 9.723736e-01 -2.245697e-01 -3.301600e+01 -9.917057e-01 -8.685024e-02 -9.474616e-02 1.312257e+02
-1.112213e-01 2.147879e-01 9.703072e-01 6.057397e+02 -6.714892e-02 9.725093e-01 -2.229723e-01 -3.336948e+01 -9.915245e-01 -8.995434e-02 -9.374096e-02 1.310983e+02
-1.102822e-01 2.144160e-01 9.704966e-01 6.071997e+02 -6.889049e-02 9.724552e-01 -2.226770e-01 -3.371738e+01 -9.915099e-01 -9.141531e-02 -9.247329e-02 1.309613e+02
-1.097846e-01 2.143058e-01 9.705773e-01 6.086664e+02 -7.057713e-02 9.723342e-01 -2.226769e-01 -3.407851e+01 -9.914465e-01 -9.294705e-02 -9.162223e-02 1.308459e+02
-1.095648e-01 2.144803e-01 9.705636e-01 6.101302e+02 -7.348557e-02 9.720221e-01 -2.230982e-01 -3.443620e+01 -9.912595e-01 -9.576614e-02 -9.073825e-02 1.307220e+02
-1.090409e-01 2.140216e-01 9.707239e-01 6.115777e+02 -7.379689e-02 9.721090e-01 -2.226165e-01 -3.478365e+01 -9.912942e-01 -9.591070e-02 -9.020546e-02 1.306067e+02
-1.091648e-01 2.127247e-01 9.709950e-01 6.130441e+02 -7.546793e-02 9.722399e-01 -2.214819e-01 -3.514094e+01 -9.911547e-01 -9.745701e-02 -9.008050e-02 1.304822e+02
-1.091147e-01 2.138948e-01 9.707435e-01 6.144905e+02 -7.372125e-02 9.721437e-01 -2.224899e-01 -3.549398e+01 -9.912917e-01 -9.584133e-02 -9.030653e-02 1.303562e+02
-1.093025e-01 2.148971e-01 9.705010e-01 6.159268e+02 -7.259609e-02 9.720176e-01 -2.234090e-01 -3.583714e+01 -9.913540e-01 -9.487374e-02 -9.064326e-02 1.302392e+02
-1.087549e-01 2.146811e-01 9.706103e-01 6.174040e+02 -7.029959e-02 9.722961e-01 -2.229309e-01 -3.619695e+01 -9.915797e-01 -9.247833e-02 -9.064997e-02 1.301144e+02
-1.077412e-01 2.134561e-01 9.709935e-01 6.188875e+02 -7.024054e-02 9.726037e-01 -2.216040e-01 -3.655608e+01 -9.916946e-01 -9.207898e-02 -8.979618e-02 1.299892e+02
-1.060939e-01 2.153117e-01 9.707651e-01 6.203227e+02 -7.012879e-02 9.722239e-01 -2.232996e-01 -3.691118e+01 -9.918801e-01 -9.176931e-02 -8.804746e-02 1.298715e+02
-1.053306e-01 2.189569e-01 9.700327e-01 6.217661e+02 -7.262792e-02 9.711601e-01 -2.270976e-01 -3.726543e+01 -9.917816e-01 -9.437178e-02 -8.639045e-02 1.297606e+02
-1.050271e-01 2.179159e-01 9.702999e-01 6.232432e+02 -7.727270e-02 9.709580e-01 -2.264278e-01 -3.763251e+01 -9.914627e-01 -9.875876e-02 -8.513799e-02 1.296107e+02
-1.043444e-01 2.164303e-01 9.707060e-01 6.246562e+02 -8.233577e-02 9.708036e-01 -2.253026e-01 -3.797128e+01 -9.911272e-01 -1.034329e-01 -8.347794e-02 1.294987e+02
-1.034677e-01 2.142009e-01 9.712942e-01 6.260578e+02 -8.291153e-02 9.712792e-01 -2.230298e-01 -3.832088e+01 -9.911711e-01 -1.036079e-01 -8.273629e-02 1.293923e+02
-1.024989e-01 2.119830e-01 9.718833e-01 6.274735e+02 -8.135231e-02 9.719699e-01 -2.205816e-01 -3.867434e+01 -9.914009e-01 -1.016743e-01 -8.238052e-02 1.292691e+02
-1.021731e-01 2.111933e-01 9.720895e-01 6.288542e+02 -7.948515e-02 9.723459e-01 -2.196034e-01 -3.901193e+01 -9.915860e-01 -9.970424e-02 -8.256084e-02 1.291648e+02
-1.020477e-01 2.114683e-01 9.720429e-01 6.302500e+02 -7.981045e-02 9.722538e-01 -2.198929e-01 -3.936017e+01 -9.915728e-01 -1.000188e-01 -8.233892e-02 1.290509e+02
-1.022500e-01 2.127648e-01 9.717387e-01 6.316109e+02 -7.946009e-02 9.719903e-01 -2.211810e-01 -3.968981e+01 -9.915801e-01 -9.983020e-02 -8.247974e-02 1.289261e+02
-1.033182e-01 2.119775e-01 9.717978e-01 6.329740e+02 -8.027012e-02 9.720627e-01 -2.205693e-01 -4.003227e+01 -9.914041e-01 -1.007952e-01 -8.341634e-02 1.288227e+02
-1.040915e-01 2.118496e-01 9.717431e-01 6.343286e+02 -8.136687e-02 9.719616e-01 -2.206131e-01 -4.036408e+01 -9.912338e-01 -1.020316e-01 -8.393536e-02 1.287140e+02
-1.049247e-01 2.117030e-01 9.716855e-01 6.356543e+02 -8.249123e-02 9.718588e-01 -2.206484e-01 -4.069405e+01 -9.910530e-01 -1.033070e-01 -8.450836e-02 1.286081e+02
-1.051860e-01 2.105653e-01 9.719044e-01 6.369784e+02 -8.188419e-02 9.721734e-01 -2.194856e-01 -4.102374e+01 -9.910756e-01 -1.026704e-01 -8.501701e-02 1.284849e+02
-1.055559e-01 2.074968e-01 9.725241e-01 6.382924e+02 -8.281530e-02 9.727560e-01 -2.165349e-01 -4.135553e+01 -9.909589e-01 -1.033964e-01 -8.549623e-02 1.283554e+02
-1.065736e-01 2.043982e-01 9.730691e-01 6.395985e+02 -8.333987e-02 9.733626e-01 -2.135875e-01 -4.167893e+01 -9.908060e-01 -1.038582e-01 -8.670027e-02 1.282535e+02
-1.071821e-01 2.056189e-01 9.727450e-01 6.408778e+02 -8.399610e-02 9.730106e-01 -2.149302e-01 -4.198678e+01 -9.906849e-01 -1.047434e-01 -8.701810e-02 1.281449e+02
-1.069531e-01 2.108878e-01 9.716416e-01 6.421013e+02 -8.159676e-02 9.720888e-01 -2.199666e-01 -4.228321e+01 -9.909102e-01 -1.028089e-01 -8.676017e-02 1.280393e+02
-1.072847e-01 2.116913e-01 9.714303e-01 6.432932e+02 -8.195261e-02 9.718617e-01 -2.208362e-01 -4.257910e+01 -9.908450e-01 -1.033036e-01 -8.691721e-02 1.279362e+02
-1.065879e-01 2.099198e-01 9.718913e-01 6.444678e+02 -8.087028e-02 9.723910e-01 -2.188969e-01 -4.286529e+01 -9.910091e-01 -1.019289e-01 -8.666881e-02 1.278344e+02
-1.050629e-01 2.079286e-01 9.724852e-01 6.456207e+02 -8.085134e-02 9.728741e-01 -2.167465e-01 -4.314489e+01 -9.911735e-01 -1.013988e-01 -8.540166e-02 1.277413e+02
-1.034138e-01 2.077140e-01 9.727078e-01 6.467234e+02 -8.185806e-02 9.728563e-01 -2.164485e-01 -4.341252e+01 -9.912643e-01 -1.020077e-01 -8.360370e-02 1.276487e+02
-1.013794e-01 2.065317e-01 9.731736e-01 6.478089e+02 -8.319487e-02 9.730270e-01 -2.151674e-01 -4.367890e+01 -9.913631e-01 -1.027766e-01 -8.146253e-02 1.275604e+02
-9.857532e-02 2.039628e-01 9.740031e-01 6.488285e+02 -8.213150e-02 9.737633e-01 -2.122248e-01 -4.393070e+01 -9.917345e-01 -1.009165e-01 -7.923726e-02 1.274798e+02
-9.601343e-02 2.003236e-01 9.750138e-01 6.498816e+02 -8.294051e-02 9.745227e-01 -2.083902e-01 -4.419520e+01 -9.919185e-01 -1.008764e-01 -7.695232e-02 1.273701e+02
-9.541928e-02 1.988282e-01 9.753781e-01 6.507911e+02 -8.449292e-02 9.746952e-01 -2.069548e-01 -4.441276e+01 -9.918448e-01 -1.021600e-01 -7.620514e-02 1.273318e+02
-9.455120e-02 1.999680e-01 9.752297e-01 6.517106e+02 -8.436020e-02 9.744854e-01 -2.079943e-01 -4.464763e+01 -9.919392e-01 -1.019367e-01 -7.526942e-02 1.272534e+02
-9.276152e-02 2.024482e-01 9.748897e-01 6.526404e+02 -8.435663e-02 9.739931e-01 -2.102886e-01 -4.486634e+01 -9.921085e-01 -1.017451e-01 -7.327123e-02 1.271439e+02
-9.227503e-02 2.028995e-01 9.748421e-01 6.534762e+02 -8.452620e-02 9.738891e-01 -2.107020e-01 -4.507603e+01 -9.921394e-01 -1.018422e-01 -7.271532e-02 1.270910e+02
-9.292624e-02 2.027806e-01 9.748050e-01 6.542793e+02 -8.813270e-02 9.735231e-01 -2.109154e-01 -4.526747e+01 -9.917648e-01 -1.055118e-01 -7.259425e-02 1.270313e+02
-9.688212e-02 2.026474e-01 9.744475e-01 6.550373e+02 -9.123883e-02 9.731225e-01 -2.114431e-01 -4.544527e+01 -9.911051e-01 -1.093925e-01 -7.578885e-02 1.269885e+02
-1.068184e-01 2.023945e-01 9.734610e-01 6.557463e+02 -9.352827e-02 9.726760e-01 -2.124942e-01 -4.562412e+01 -9.898698e-01 -1.137444e-01 -8.497007e-02 1.269447e+02
-1.241797e-01 2.021508e-01 9.714497e-01 6.564224e+02 -9.477419e-02 9.721352e-01 -2.144084e-01 -4.579550e+01 -9.877233e-01 -1.186935e-01 -1.015607e-01 1.268843e+02
-1.477807e-01 2.019354e-01 9.681854e-01 6.570836e+02 -9.463707e-02 9.715548e-01 -2.170833e-01 -4.597425e+01 -9.844819e-01 -1.237069e-01 -1.244665e-01 1.267929e+02
-1.761945e-01 2.030969e-01 9.631756e-01 6.577065e+02 -9.073646e-02 9.709667e-01 -2.213383e-01 -4.613698e+01 -9.801645e-01 -1.263937e-01 -1.526506e-01 1.266830e+02
-2.080835e-01 2.057442e-01 9.562272e-01 6.583158e+02 -8.336864e-02 9.703381e-01 -2.269221e-01 -4.629916e+01 -9.745516e-01 -1.269381e-01 -1.847588e-01 1.265485e+02
-2.447682e-01 2.085464e-01 9.468880e-01 6.589053e+02 -7.240232e-02 9.699365e-01 -2.323385e-01 -4.645191e+01 -9.668746e-01 -1.254260e-01 -2.223104e-01 1.263872e+02
-2.880700e-01 2.079278e-01 9.347629e-01 6.594749e+02 -6.438754e-02 9.697275e-01 -2.355479e-01 -4.660046e+01 -9.554423e-01 -1.280414e-01 -2.659614e-01 1.262083e+02
-3.354905e-01 2.066950e-01 9.190883e-01 6.600154e+02 -5.471009e-02 9.697108e-01 -2.380501e-01 -4.674690e+01 -9.404536e-01 -1.301470e-01 -3.140205e-01 1.260185e+02
-3.847395e-01 2.041166e-01 9.001733e-01 6.605359e+02 -4.449298e-02 9.700075e-01 -2.389682e-01 -4.689678e+01 -9.219522e-01 -1.319919e-01 -3.641185e-01 1.258071e+02
-4.360374e-01 2.013042e-01 8.771248e-01 6.610334e+02 -3.303338e-02 9.704235e-01 -2.391382e-01 -4.704523e+01 -8.993221e-01 -1.332476e-01 -4.164912e-01 1.255804e+02
-4.897390e-01 2.011410e-01 8.483502e-01 6.615229e+02 -2.076303e-02 9.700581e-01 -2.419837e-01 -4.718725e+01 -8.716218e-01 -1.361231e-01 -4.708990e-01 1.253176e+02
-5.442809e-01 2.027177e-01 8.140416e-01 6.619752e+02 -6.703668e-03 9.692824e-01 -2.458589e-01 -4.733356e+01 -8.388762e-01 -1.392734e-01 -5.262030e-01 1.250361e+02
-5.991521e-01 2.027173e-01 7.745466e-01 6.624166e+02 6.101312e-03 9.685431e-01 -2.487711e-01 -4.748291e+01 -8.006120e-01 -1.443260e-01 -5.815414e-01 1.247411e+02
-6.500387e-01 2.049885e-01 7.317304e-01 6.627880e+02 2.031469e-02 9.672721e-01 -2.529269e-01 -4.761450e+01 -7.596295e-01 -1.495474e-01 -6.329286e-01 1.243905e+02
-6.966095e-01 2.098952e-01 6.860607e-01 6.631338e+02 4.043225e-02 9.662135e-01 -2.545519e-01 -4.775147e+01 -7.163103e-01 -1.495843e-01 -6.815600e-01 1.240230e+02
-7.375190e-01 2.155211e-01 6.400128e-01 6.634108e+02 6.106176e-02 9.651086e-01 -2.546309e-01 -4.786847e+01 -6.725602e-01 -1.487148e-01 -7.249460e-01 1.235992e+02
-7.782008e-01 2.138975e-01 5.904670e-01 6.636853e+02 7.471822e-02 9.650671e-01 -2.511227e-01 -4.799819e+01 -6.235548e-01 -1.513052e-01 -7.669981e-01 1.231727e+02
-8.154972e-01 2.106468e-01 5.390661e-01 6.639361e+02 8.624717e-02 9.652446e-01 -2.467069e-01 -4.812605e+01 -5.722987e-01 -1.546959e-01 -8.053219e-01 1.227199e+02
-8.494042e-01 2.089441e-01 4.846182e-01 6.641712e+02 1.003664e-01 9.654824e-01 -2.403547e-01 -4.825841e+01 -5.181110e-01 -1.555190e-01 -8.410558e-01 1.222564e+02
-8.783062e-01 2.129292e-01 4.280647e-01 6.643639e+02 1.190895e-01 9.645633e-01 -2.354472e-01 -4.838449e+01 -4.630290e-01 -1.558167e-01 -8.725395e-01 1.217734e+02
-9.036325e-01 2.161628e-01 3.697592e-01 6.645098e+02 1.357498e-01 9.633363e-01 -2.314197e-01 -4.850610e+01 -4.062269e-01 -1.589237e-01 -8.998461e-01 1.213062e+02
-9.264648e-01 2.172795e-01 3.073315e-01 6.646466e+02 1.486376e-01 9.613856e-01 -2.316129e-01 -4.861380e+01 -3.457888e-01 -1.689002e-01 -9.229858e-01 1.208220e+02
-9.457871e-01 2.153476e-01 2.431300e-01 6.647483e+02 1.592650e-01 9.599089e-01 -2.306720e-01 -4.871190e+01 -2.830573e-01 -1.794445e-01 -9.421668e-01 1.203393e+02
-9.600274e-01 2.141772e-01 1.802096e-01 6.647951e+02 1.715906e-01 9.589829e-01 -2.256290e-01 -4.880692e+01 -2.211425e-01 -1.856877e-01 -9.574007e-01 1.198482e+02
-9.705319e-01 2.095999e-01 1.188936e-01 6.647962e+02 1.809528e-01 9.597425e-01 -2.148264e-01 -4.890074e+01 -1.591348e-01 -1.869818e-01 -9.693884e-01 1.193616e+02
-9.768315e-01 2.068437e-01 5.491720e-02 6.647796e+02 1.919031e-01 9.601811e-01 -2.030405e-01 -4.899602e+01 -9.472811e-02 -1.877976e-01 -9.776291e-01 1.188381e+02
-9.789200e-01 2.039666e-01 -1.063948e-02 6.647206e+02 2.020855e-01 9.597071e-01 -1.952530e-01 -4.908715e+01 -2.961432e-02 -1.932872e-01 -9.806952e-01 1.183139e+02
-9.767237e-01 2.006704e-01 -7.577784e-02 6.646024e+02 2.116511e-01 9.590024e-01 -1.884627e-01 -4.916686e+01 3.485225e-02 -2.001145e-01 -9.791524e-01 1.178104e+02
-9.705797e-01 1.952939e-01 -1.408380e-01 6.644487e+02 2.192377e-01 9.586248e-01 -1.815856e-01 -4.924194e+01 9.954824e-02 -2.071203e-01 -9.732375e-01 1.172833e+02
-9.594554e-01 1.911909e-01 -2.071022e-01 6.643005e+02 2.283829e-01 9.579526e-01 -1.736894e-01 -4.933864e+01 1.651863e-01 -2.139458e-01 -9.627776e-01 1.167514e+02
-9.444305e-01 1.868968e-01 -2.704083e-01 6.641289e+02 2.362481e-01 9.579163e-01 -1.630438e-01 -4.944160e+01 2.285562e-01 -2.178670e-01 -9.488393e-01 1.161924e+02
-9.258561e-01 1.855100e-01 -3.292060e-01 6.638915e+02 2.454932e-01 9.575955e-01 -1.508109e-01 -4.953389e+01 2.872692e-01 -2.204470e-01 -9.321371e-01 1.156171e+02
-9.048184e-01 1.819715e-01 -3.849547e-01 6.636436e+02 2.518985e-01 9.576640e-01 -1.393798e-01 -4.962550e+01 3.432941e-01 -2.230829e-01 -9.123504e-01 1.150277e+02
-8.829603e-01 1.793597e-01 -4.338331e-01 6.633363e+02 2.576793e-01 9.576446e-01 -1.285235e-01 -4.971905e+01 3.924060e-01 -2.252709e-01 -8.917794e-01 1.144523e+02
-8.605276e-01 1.766501e-01 -4.777939e-01 6.629971e+02 2.632216e-01 9.572219e-01 -1.201693e-01 -4.980122e+01 4.361268e-01 -2.291747e-01 -8.702140e-01 1.138601e+02
-8.383769e-01 1.743803e-01 -5.164452e-01 6.626348e+02 2.689090e-01 9.564443e-01 -1.135882e-01 -4.987988e+01 4.741435e-01 -2.341065e-01 -8.487533e-01 1.132706e+02
-8.188465e-01 1.716063e-01 -5.477607e-01 6.622440e+02 2.714377e-01 9.565917e-01 -1.060840e-01 -4.995823e+01 5.057786e-01 -2.355494e-01 -8.298822e-01 1.126902e+02
-8.014796e-01 1.717298e-01 -5.728345e-01 6.618168e+02 2.748778e-01 9.564871e-01 -9.784961e-02 -5.002801e+01 5.311051e-01 -2.358840e-01 -8.138096e-01 1.120961e+02
-7.868842e-01 1.715863e-01 -5.927659e-01 6.613684e+02 2.741434e-01 9.577749e-01 -8.667506e-02 -5.010780e+01 5.528641e-01 -2.307061e-01 -8.006972e-01 1.115062e+02
-7.744913e-01 1.680523e-01 -6.098538e-01 6.609080e+02 2.691369e-01 9.599984e-01 -7.725498e-02 -5.018304e+01 5.724758e-01 -2.239675e-01 -7.887395e-01 1.108973e+02
-7.628772e-01 1.641428e-01 -6.253603e-01 6.604261e+02 2.648082e-01 9.617123e-01 -7.061212e-02 -5.025311e+01 5.898262e-01 -2.194689e-01 -7.771347e-01 1.102832e+02
-7.483821e-01 1.631271e-01 -6.428949e-01 6.599800e+02 2.614571e-01 9.633536e-01 -5.991759e-02 -5.035465e+01 6.095609e-01 -2.129307e-01 -7.636073e-01 1.096822e+02
-7.361691e-01 1.601120e-01 -6.575859e-01 6.594700e+02 2.566720e-01 9.650790e-01 -5.236320e-02 -5.040766e+01 6.262384e-01 -2.073321e-01 -7.515576e-01 1.090878e+02
-7.232202e-01 1.546392e-01 -6.730819e-01 6.589454e+02 2.474269e-01 9.679306e-01 -4.347778e-02 -5.046825e+01 6.447732e-01 -1.979826e-01 -7.382889e-01 1.084835e+02
-7.102737e-01 1.491160e-01 -6.879504e-01 6.583934e+02 2.382563e-01 9.705490e-01 -3.561709e-02 -5.051176e+01 6.623785e-01 -1.892064e-01 -7.248832e-01 1.078781e+02
-6.950407e-01 1.491642e-01 -7.033267e-01 6.578189e+02 2.347302e-01 9.717160e-01 -2.587957e-02 -5.053828e+01 6.795735e-01 -1.830794e-01 -7.103955e-01 1.072816e+02
-6.796796e-01 1.468255e-01 -7.186640e-01 6.572284e+02 2.260862e-01 9.739944e-01 -1.483170e-02 -5.056242e+01 6.977970e-01 -1.725608e-01 -6.951993e-01 1.066972e+02
-6.627572e-01 1.447103e-01 -7.347189e-01 6.566265e+02 2.168860e-01 9.761911e-01 -3.372578e-03 -5.058258e+01 7.167380e-01 -1.615854e-01 -6.783633e-01 1.061207e+02
-6.446387e-01 1.413550e-01 -7.513053e-01 6.560170e+02 2.097690e-01 9.777429e-01 3.971258e-03 -5.058997e+01 7.351448e-01 -1.550405e-01 -6.599428e-01 1.055707e+02
-6.242452e-01 1.428401e-01 -7.680590e-01 6.553752e+02 2.103823e-01 9.775594e-01 1.081235e-02 -5.057938e+01 7.523677e-01 -1.548364e-01 -6.402878e-01 1.050257e+02
-6.033960e-01 1.437588e-01 -7.843767e-01 6.547233e+02 2.087931e-01 9.777832e-01 1.858799e-02 -5.057314e+01 7.696225e-01 -1.525565e-01 -6.200062e-01 1.045157e+02
-5.821346e-01 1.474132e-01 -7.996178e-01 6.540444e+02 2.078800e-01 9.777271e-01 2.890852e-02 -5.056024e+01 7.860695e-01 -1.493959e-01 -5.998130e-01 1.040081e+02
-5.617738e-01 1.516066e-01 -8.132808e-01 6.533650e+02 2.077220e-01 9.774212e-01 3.872068e-02 -5.054383e+01 8.007882e-01 -1.471840e-01 -5.805817e-01 1.035402e+02
-5.435215e-01 1.567754e-01 -8.246247e-01 6.526938e+02 2.104572e-01 9.764760e-01 4.692974e-02 -5.053069e+01 8.125836e-01 -1.480409e-01 -5.637302e-01 1.031170e+02
-5.291549e-01 1.608966e-01 -8.331311e-01 6.520182e+02 2.113290e-01 9.759085e-01 5.424670e-02 -5.049870e+01 8.217878e-01 -1.473599e-01 -5.504089e-01 1.027059e+02
-5.196692e-01 1.621321e-01 -8.388427e-01 6.512821e+02 2.083105e-01 9.762428e-01 5.963904e-02 -5.046102e+01 8.285836e-01 -1.437472e-01 -5.410971e-01 1.022142e+02
-5.137454e-01 1.661819e-01 -8.416942e-01 6.505849e+02 2.074176e-01 9.760167e-01 6.610056e-02 -5.042159e+01 8.324924e-01 -1.406233e-01 -5.358932e-01 1.017770e+02
-5.117279e-01 1.680442e-01 -8.425531e-01 6.498536e+02 2.024900e-01 9.766482e-01 7.180588e-02 -5.037229e+01 8.349445e-01 -1.338635e-01 -5.338054e-01 1.013123e+02
-5.122099e-01 1.660908e-01 -8.426475e-01 6.491346e+02 1.933520e-01 9.782367e-01 7.528575e-02 -5.032170e+01 8.368130e-01 -1.243655e-01 -5.331765e-01 1.008295e+02
-5.140383e-01 1.614359e-01 -8.424388e-01 6.483775e+02 1.866774e-01 9.796438e-01 7.382175e-02 -5.027645e+01 8.372074e-01 -1.193171e-01 -5.337108e-01 1.003433e+02
-5.168185e-01 1.549209e-01 -8.419609e-01 6.476311e+02 1.840753e-01 9.805958e-01 6.743938e-02 -5.023127e+01 8.360711e-01 -1.201303e-01 -5.353072e-01 9.985346e+01
-5.203571e-01 1.489915e-01 -8.408508e-01 6.468814e+02 1.857725e-01 9.808301e-01 5.883005e-02 -5.019048e+01 8.334969e-01 -1.255943e-01 -5.380604e-01 9.936511e+01
-5.252684e-01 1.434683e-01 -8.387550e-01 6.461580e+02 1.848305e-01 9.813876e-01 5.211587e-02 -5.015549e+01 8.306207e-01 -1.276526e-01 -5.420092e-01 9.887494e+01
-5.297637e-01 1.442970e-01 -8.357803e-01 6.453855e+02 1.886282e-01 9.807866e-01 4.976926e-02 -5.012216e+01 8.269037e-01 -1.312858e-01 -5.468037e-01 9.836963e+01
-5.347371e-01 1.458391e-01 -8.323384e-01 6.446123e+02 1.886882e-01 9.807317e-01 5.061694e-02 -5.009212e+01 8.236825e-01 -1.299857e-01 -5.519518e-01 9.784367e+01
-5.386178e-01 1.430186e-01 -8.303232e-01 6.438437e+02 1.857482e-01 9.813973e-01 4.854828e-02 -5.006463e+01 8.218202e-01 -1.280821e-01 -5.551635e-01 9.731496e+01
-5.408586e-01 1.359222e-01 -8.300585e-01 6.430560e+02 1.815923e-01 9.824528e-01 4.255291e-02 -5.003250e+01 8.212772e-01 -1.277171e-01 -5.560505e-01 9.676974e+01
-5.407435e-01 1.310323e-01 -8.309194e-01 6.422674e+02 1.809350e-01 9.827900e-01 3.723324e-02 -4.999790e+01 8.214980e-01 -1.302087e-01 -5.551456e-01 9.622060e+01
-5.417923e-01 1.288562e-01 -8.305764e-01 6.414621e+02 1.775995e-01 9.834176e-01 3.671836e-02 -4.997004e+01 8.215349e-01 -1.276163e-01 -5.556928e-01 9.566380e+01
-5.426917e-01 1.291902e-01 -8.299371e-01 6.406411e+02 1.774891e-01 9.834261e-01 3.702349e-02 -4.994914e+01 8.209649e-01 -1.272125e-01 -5.566270e-01 9.509826e+01
-5.438398e-01 1.323726e-01 -8.286832e-01 6.397910e+02 1.795618e-01 9.829663e-01 3.917659e-02 -4.991916e+01 8.197535e-01 -1.274940e-01 -5.583452e-01 9.453187e+01
-5.444321e-01 1.365029e-01 -8.276235e-01 6.389593e+02 1.828997e-01 9.822473e-01 4.168939e-02 -4.989057e+01 8.186216e-01 -1.286750e-01 -5.597333e-01 9.396423e+01
-5.469030e-01 1.387170e-01 -8.256238e-01 6.381212e+02 1.817344e-01 9.823328e-01 4.466344e-02 -4.986122e+01 8.172330e-01 -1.256176e-01 -5.624504e-01 9.339208e+01
-5.496296e-01 1.395906e-01 -8.236636e-01 6.372849e+02 1.828842e-01 9.821310e-01 4.440849e-02 -4.983120e+01 8.151446e-01 -1.262268e-01 -5.653372e-01 9.281974e+01
-5.523122e-01 1.405987e-01 -8.216953e-01 6.364573e+02 1.852501e-01 9.817297e-01 4.346377e-02 -4.980388e+01 8.127937e-01 -1.282136e-01 -5.682673e-01 9.224558e+01
-5.557846e-01 1.420271e-01 -8.191043e-01 6.356217e+02 1.871921e-01 9.813752e-01 4.314879e-02 -4.977198e+01 8.099769e-01 -1.293484e-01 -5.720196e-01 9.166625e+01
-5.587812e-01 1.456109e-01 -8.164319e-01 6.347915e+02 1.913450e-01 9.805397e-01 4.391951e-02 -4.974733e+01 8.069391e-01 -1.316788e-01 -5.757690e-01 9.108374e+01
-5.626849e-01 1.451573e-01 -8.138274e-01 6.339719e+02 1.924318e-01 9.804187e-01 4.182269e-02 -4.972221e+01 8.039625e-01 -1.330733e-01 -5.795997e-01 9.049685e+01
-5.662383e-01 1.426059e-01 -8.118114e-01 6.331458e+02 1.912890e-01 9.807642e-01 3.886074e-02 -4.970098e+01 8.017373e-01 -1.332861e-01 -5.826252e-01 8.988868e+01
-5.685533e-01 1.421348e-01 -8.102746e-01 6.323263e+02 1.917488e-01 9.807278e-01 3.748864e-02 -4.968361e+01 7.999872e-01 -1.340549e-01 -5.848502e-01 8.928786e+01
-5.701304e-01 1.439548e-01 -8.088438e-01 6.315164e+02 1.911386e-01 9.807549e-01 3.982285e-02 -4.966251e+01 7.990102e-01 -1.318971e-01 -5.866735e-01 8.869558e+01
-5.713340e-01 1.452426e-01 -8.077636e-01 6.307084e+02 1.916135e-01 9.806223e-01 4.079516e-02 -4.964044e+01 7.980361e-01 -1.314707e-01 -5.880933e-01 8.810912e+01
-5.732735e-01 1.426719e-01 -8.068471e-01 6.299150e+02 1.901183e-01 9.810104e-01 3.838742e-02 -4.962545e+01 7.970022e-01 -1.313899e-01 -5.895118e-01 8.753467e+01
-5.742122e-01 1.405816e-01 -8.065464e-01 6.291368e+02 1.904472e-01 9.810585e-01 3.541226e-02 -4.961001e+01 7.962476e-01 -1.332704e-01 -5.901091e-01 8.697920e+01
-5.748528e-01 1.416508e-01 -8.059028e-01 6.283523e+02 1.883789e-01 9.813564e-01 3.811846e-02 -4.959071e+01 7.962774e-01 -1.299026e-01 -5.908195e-01 8.640348e+01
-5.743131e-01 1.441122e-01 -8.058512e-01 6.275678e+02 1.882792e-01 9.812470e-01 4.129610e-02 -4.957585e+01 7.966903e-01 -1.280081e-01 -5.906764e-01 8.582420e+01
-5.750642e-01 1.438759e-01 -8.053576e-01 6.267961e+02 1.867551e-01 9.815086e-01 4.199282e-02 -4.956106e+01 7.965072e-01 -1.262560e-01 -5.913000e-01 8.525666e+01
-5.753573e-01 1.422745e-01 -8.054327e-01 6.260296e+02 1.879311e-01 9.814032e-01 3.911082e-02 -4.954035e+01 7.960187e-01 -1.288632e-01 -5.913953e-01 8.469495e+01
-5.759441e-01 1.426264e-01 -8.049510e-01 6.252699e+02 1.905464e-01 9.809626e-01 3.747695e-02 -4.951486e+01 7.949720e-01 -1.317959e-01 -5.921565e-01 8.414007e+01
-5.771630e-01 1.429245e-01 -8.040246e-01 6.245299e+02 1.903057e-01 9.809979e-01 3.777402e-02 -4.950231e+01 7.941452e-01 -1.312087e-01 -5.933950e-01 8.358556e+01
-5.788410e-01 1.432282e-01 -8.027632e-01 6.238025e+02 1.914627e-01 9.808046e-01 3.693800e-02 -4.948468e+01 7.926444e-01 -1.323180e-01 -5.951528e-01 8.304652e+01
-5.811262e-01 1.407037e-01 -8.015577e-01 6.230740e+02 1.907079e-01 9.810596e-01 3.395054e-02 -4.946468e+01 7.911528e-01 -1.331338e-01 -5.969528e-01 8.249490e+01
-5.832503e-01 1.416910e-01 -7.998392e-01 6.223544e+02 1.897834e-01 9.811867e-01 3.542477e-02 -4.944844e+01 7.898109e-01 -1.311347e-01 -5.991681e-01 8.194607e+01
-5.850268e-01 1.451794e-01 -7.979139e-01 6.216435e+02 1.916751e-01 9.807261e-01 3.790657e-02 -4.943684e+01 7.880383e-01 -1.307639e-01 -6.015783e-01 8.140630e+01
-5.874417e-01 1.450194e-01 -7.961669e-01 6.209554e+02 1.911429e-01 9.808408e-01 3.762484e-02 -4.942848e+01 7.863693e-01 -1.300792e-01 -6.039062e-01 8.087829e+01
-5.898674e-01 1.409139e-01 -7.951099e-01 6.202782e+02 1.888883e-01 9.814167e-01 3.380180e-02 -4.941548e+01 7.850973e-01 -1.302484e-01 -6.055226e-01 8.035892e+01
-5.919801e-01 1.392039e-01 -7.938400e-01 6.196143e+02 1.874570e-01 9.817395e-01 3.236317e-02 -4.940314e+01 7.838491e-01 -1.296525e-01 -6.072650e-01 7.984553e+01
-5.932362e-01 1.393247e-01 -7.928805e-01 6.189593e+02 1.880529e-01 9.816442e-01 3.179238e-02 -4.939267e+01 7.827560e-01 -1.302431e-01 -6.085473e-01 7.934058e+01
-5.941217e-01 1.396272e-01 -7.921639e-01 6.183138e+02 1.875638e-01 9.817190e-01 3.236574e-02 -4.938344e+01 7.822015e-01 -1.293521e-01 -6.094496e-01 7.884974e+01
-5.953494e-01 1.360269e-01 -7.918685e-01 6.176820e+02 1.830663e-01 9.826067e-01 3.115744e-02 -4.936343e+01 7.823336e-01 -1.264149e-01 -6.098963e-01 7.836937e+01
-5.963396e-01 1.341760e-01 -7.914391e-01 6.171001e+02 1.807366e-01 9.830592e-01 3.047938e-02 -4.936132e+01 7.821210e-01 -1.248659e-01 -6.104877e-01 7.789525e+01
-5.973545e-01 1.381398e-01 -7.899905e-01 6.165135e+02 1.838077e-01 9.824148e-01 3.280064e-02 -4.935853e+01 7.806294e-01 -1.256127e-01 -6.122411e-01 7.745777e+01
-5.990664e-01 1.422825e-01 -7.879563e-01 6.159540e+02 1.863055e-01 9.818449e-01 3.564908e-02 -4.935448e+01 7.787231e-01 -1.254444e-01 -6.146983e-01 7.704649e+01
-6.010603e-01 1.427398e-01 -7.863535e-01 6.154091e+02 1.834865e-01 9.822854e-01 3.805517e-02 -4.935173e+01 7.778556e-01 -1.214118e-01 -6.166035e-01 7.661911e+01
-6.033398e-01 1.416587e-01 -7.848018e-01 6.148648e+02 1.810812e-01 9.827270e-01 3.817320e-02 -4.934147e+01 7.766536e-01 -1.190814e-01 -6.185700e-01 7.621328e+01
-6.049928e-01 1.417981e-01 -7.835030e-01 6.143642e+02 1.815785e-01 9.826561e-01 3.763235e-02 -4.932290e+01 7.752502e-01 -1.195000e-01 -6.202474e-01 7.582891e+01
-6.070602e-01 1.409829e-01 -7.820497e-01 6.138805e+02 1.802719e-01 9.829109e-01 3.725814e-02 -4.931776e+01 7.739380e-01 -1.183636e-01 -6.221014e-01 7.546658e+01
-6.086720e-01 1.400269e-01 -7.809679e-01 6.134189e+02 1.816210e-01 9.827578e-01 3.465562e-02 -4.931675e+01 7.723549e-01 -1.207463e-01 -6.236090e-01 7.512755e+01
-6.095445e-01 1.409898e-01 -7.801137e-01 6.129895e+02 1.841398e-01 9.823236e-01 3.365690e-02 -4.931842e+01 7.710694e-01 -1.231346e-01 -6.247318e-01 7.480654e+01
-6.103867e-01 1.422817e-01 -7.792201e-01 6.125559e+02 1.867703e-01 9.818499e-01 3.297811e-02 -4.930362e+01 7.697694e-01 -1.254057e-01 -6.258821e-01 7.449840e+01
-6.116020e-01 1.405353e-01 -7.785839e-01 6.121681e+02 1.865372e-01 9.819676e-01 3.071548e-02 -4.930340e+01 7.688608e-01 -1.264492e-01 -6.267884e-01 7.421897e+01
-6.139166e-01 1.367019e-01 -7.774439e-01 6.117512e+02 1.818191e-01 9.828968e-01 2.925230e-02 -4.928909e+01 7.681459e-01 -1.233957e-01 -6.282717e-01 7.396168e+01
-6.161198e-01 1.350995e-01 -7.759797e-01 6.113031e+02 1.787654e-01 9.834558e-01 2.928355e-02 -4.926683e+01 7.670980e-01 -1.206762e-01 -6.300777e-01 7.371257e+01
-6.180030e-01 1.374188e-01 -7.740726e-01 6.109629e+02 1.810759e-01 9.830131e-01 2.994425e-02 -4.925182e+01 7.650384e-01 -1.216603e-01 -6.323883e-01 7.348780e+01
-6.191530e-01 1.406102e-01 -7.725790e-01 6.106434e+02 1.869117e-01 9.819508e-01 2.892303e-02 -4.923332e+01 7.627015e-01 -1.264963e-01 -6.342595e-01 7.328628e+01
-6.209127e-01 1.388395e-01 -7.714863e-01 6.102400e+02 1.865733e-01 9.820814e-01 2.657981e-02 -4.919550e+01 7.613527e-01 -1.274350e-01 -6.356905e-01 7.309245e+01
-6.217741e-01 1.367201e-01 -7.711709e-01 6.100155e+02 1.846810e-01 9.824734e-01 2.527849e-02 -4.919572e+01 7.611110e-01 -1.267031e-01 -6.361261e-01 7.290061e+01
-6.248126e-01 1.348936e-01 -7.690338e-01 6.096377e+02 1.832557e-01 9.827844e-01 2.349818e-02 -4.915826e+01 7.589642e-01 -1.262478e-01 -6.387761e-01 7.272301e+01
-6.246419e-01 1.361739e-01 -7.689468e-01 6.094373e+02 1.842732e-01 9.825743e-01 2.431406e-02 -4.915533e+01 7.588583e-01 -1.265087e-01 -6.388503e-01 7.255975e+01
-6.249464e-01 1.360245e-01 -7.687258e-01 6.092592e+02 1.843577e-01 9.825665e-01 2.398703e-02 -4.914668e+01 7.585870e-01 -1.267299e-01 -6.391285e-01 7.242266e+01
-6.261534e-01 1.339008e-01 -7.681162e-01 6.090868e+02 1.849222e-01 9.825386e-01 2.053465e-02 -4.915063e+01 7.574535e-01 -1.291839e-01 -6.399811e-01 7.228907e+01
-6.264349e-01 1.316655e-01 -7.682731e-01 6.089267e+02 1.851936e-01 9.825483e-01 1.738444e-02 -4.915290e+01 7.571543e-01 -1.313891e-01 -6.398861e-01 7.215220e+01
-6.257729e-01 1.311339e-01 -7.689033e-01 6.087637e+02 1.861816e-01 9.823848e-01 1.601838e-02 -4.914668e+01 7.574594e-01 -1.331318e-01 -6.391644e-01 7.202035e+01
-6.262789e-01 1.312586e-01 -7.684698e-01 6.085959e+02 1.869567e-01 9.822473e-01 1.540900e-02 -4.914236e+01 7.568500e-01 -1.340203e-01 -6.397005e-01 7.189183e+01
-6.267832e-01 1.312872e-01 -7.680537e-01 6.084270e+02 1.872055e-01 9.822044e-01 1.512081e-02 -4.913149e+01 7.563709e-01 -1.343064e-01 -6.402069e-01 7.175933e+01
-6.265090e-01 1.308721e-01 -7.683482e-01 6.082622e+02 1.866685e-01 9.823068e-01 1.510644e-02 -4.913457e+01 7.567307e-01 -1.339621e-01 -6.398538e-01 7.161963e+01
-6.266198e-01 1.297985e-01 -7.684400e-01 6.081023e+02 1.857722e-01 9.824863e-01 1.446657e-02 -4.913521e+01 7.568595e-01 -1.336898e-01 -6.397583e-01 7.148972e+01
-6.267753e-01 1.272664e-01 -7.687366e-01 6.079458e+02 1.842319e-01 9.828034e-01 1.249559e-02 -4.912514e+01 7.571072e-01 -1.337939e-01 -6.394434e-01 7.134622e+01
-6.278720e-01 1.262850e-01 -7.680031e-01 6.077754e+02 1.830689e-01 9.830271e-01 1.197617e-02 -4.911922e+01 7.564803e-01 -1.330780e-01 -6.403341e-01 7.122657e+01
-6.278893e-01 1.269204e-01 -7.678843e-01 6.076134e+02 1.833378e-01 9.829698e-01 1.255802e-02 -4.911613e+01 7.564009e-01 -1.328972e-01 -6.404655e-01 7.109485e+01
-6.279536e-01 1.279546e-01 -7.676600e-01 6.074508e+02 1.844174e-01 9.827627e-01 1.295294e-02 -4.911425e+01 7.560850e-01 -1.334360e-01 -6.407264e-01 7.096605e+01
-6.283649e-01 1.285856e-01 -7.672179e-01 6.072898e+02 1.855849e-01 9.825465e-01 1.267735e-02 -4.911072e+01 7.554574e-01 -1.344181e-01 -6.412612e-01 7.084285e+01
-6.282523e-01 1.283234e-01 -7.673540e-01 6.071345e+02 1.857174e-01 9.825268e-01 1.225474e-02 -4.910260e+01 7.555184e-01 -1.348119e-01 -6.411066e-01 7.071403e+01
-6.286553e-01 1.270785e-01 -7.672311e-01 6.069831e+02 1.842864e-01 9.828020e-01 1.178312e-02 -4.909952e+01 7.555336e-01 -1.339827e-01 -6.412625e-01 7.059548e+01
-6.291291e-01 1.261246e-01 -7.670001e-01 6.068332e+02 1.832282e-01 9.830049e-01 1.135189e-02 -4.910194e+01 7.553966e-01 -1.333942e-01 -6.415465e-01 7.047647e+01
-6.294433e-01 1.261187e-01 -7.667432e-01 6.066838e+02 1.834801e-01 9.829612e-01 1.105901e-02 -4.909240e+01 7.550736e-01 -1.337211e-01 -6.418587e-01 7.035901e+01
-6.309999e-01 1.262003e-01 -7.654493e-01 6.063398e+02 1.837008e-01 9.829248e-01 1.062144e-02 -4.906055e+01 7.537195e-01 -1.339116e-01 -6.434086e-01 7.021196e+01
-6.323640e-01 1.251601e-01 -7.644938e-01 6.060164e+02 1.826183e-01 9.831341e-01 9.899342e-03 -4.903076e+01 7.528389e-01 -1.333505e-01 -6.445551e-01 7.007006e+01
-6.325451e-01 1.238183e-01 -7.645624e-01 6.059054e+02 1.810339e-01 9.834311e-01 9.488631e-03 -4.902967e+01 7.530693e-01 -1.324097e-01 -6.444798e-01 6.996978e+01
-6.343344e-01 1.197631e-01 -7.637255e-01 6.055840e+02 1.773790e-01 9.841177e-01 6.996467e-03 -4.899840e+01 7.524337e-01 -1.310308e-01 -6.455032e-01 6.982556e+01
-6.343635e-01 1.190994e-01 -7.638051e-01 6.054799e+02 1.773157e-01 9.841346e-01 6.189125e-03 -4.900102e+01 7.524241e-01 -1.315085e-01 -6.454173e-01 6.973125e+01
-6.359098e-01 1.180438e-01 -7.626823e-01 6.051581e+02 1.769001e-01 9.842169e-01 4.835784e-03 -4.896485e+01 7.512157e-01 -1.318435e-01 -6.467552e-01 6.960320e+01
-6.371108e-01 1.174322e-01 -7.617739e-01 6.048318e+02 1.770680e-01 9.841919e-01 3.628260e-03 -4.893252e+01 7.501578e-01 -1.325742e-01 -6.478328e-01 6.947531e+01
-6.369437e-01 1.172821e-01 -7.619368e-01 6.047378e+02 1.767287e-01 9.842524e-01 3.765308e-03 -4.893075e+01 7.503797e-01 -1.322578e-01 -6.476405e-01 6.938665e+01
-6.376129e-01 1.169053e-01 -7.614348e-01 6.046233e+02 1.732201e-01 9.848639e-01 6.157460e-03 -4.892304e+01 7.506295e-01 -1.279697e-01 -6.482123e-01 6.928603e+01
-6.380780e-01 1.156101e-01 -7.612429e-01 6.045127e+02 1.689149e-01 9.855974e-01 8.097545e-03 -4.892435e+01 7.512152e-01 -1.234184e-01 -6.484162e-01 6.918532e+01
-6.381033e-01 1.136558e-01 -7.615159e-01 6.044231e+02 1.665664e-01 9.860010e-01 7.587613e-03 -4.892978e+01 7.517179e-01 -1.220013e-01 -6.481018e-01 6.909722e+01
-6.381424e-01 1.121923e-01 -7.617002e-01 6.043233e+02 1.668161e-01 9.859729e-01 5.469524e-03 -4.893427e+01 7.516293e-01 -1.235735e-01 -6.479066e-01 6.901061e+01
-6.384303e-01 1.114366e-01 -7.615698e-01 6.042263e+02 1.672206e-01 9.859111e-01 4.080873e-03 -4.893432e+01 7.512949e-01 -1.247448e-01 -6.480700e-01 6.893240e+01
-6.384207e-01 1.109776e-01 -7.616449e-01 6.041339e+02 1.669715e-01 9.859548e-01 3.703618e-03 -4.893334e+01 7.513584e-01 -1.248086e-01 -6.479840e-01 6.884811e+01
-6.386920e-01 1.106481e-01 -7.614654e-01 6.040307e+02 1.667303e-01 9.859966e-01 3.426729e-03 -4.893667e+01 7.511814e-01 -1.247708e-01 -6.481966e-01 6.876174e+01
-6.389480e-01 1.087371e-01 -7.615259e-01 6.039384e+02 1.649068e-01 9.863061e-01 2.470297e-03 -4.893222e+01 7.513662e-01 -1.240024e-01 -6.481298e-01 6.866807e+01
-6.392431e-01 1.066697e-01 -7.615707e-01 6.038332e+02 1.640094e-01 9.864586e-01 5.034215e-04 -4.892844e+01 7.513117e-01 -1.245829e-01 -6.480817e-01 6.857022e+01
-6.398235e-01 1.048503e-01 -7.613358e-01 6.037137e+02 1.647984e-01 9.863237e-01 -2.660520e-03 -4.893310e+01 7.506446e-01 -1.271692e-01 -6.483523e-01 6.846624e+01
-6.410264e-01 1.025581e-01 -7.606359e-01 6.035688e+02 1.656478e-01 9.861627e-01 -6.633427e-03 -4.893322e+01 7.494304e-01 -1.302499e-01 -6.491448e-01 6.835316e+01
-6.423561e-01 1.014189e-01 -7.596663e-01 6.034195e+02 1.671775e-01 9.858787e-01 -9.742091e-03 -4.894211e+01 7.479507e-01 -1.332570e-01 -6.502401e-01 6.822072e+01
-6.448854e-01 9.880179e-02 -7.578661e-01 6.032392e+02 1.658899e-01 9.860637e-01 -1.260793e-02 -4.894185e+01 7.460586e-01 -1.338530e-01 -6.522882e-01 6.806420e+01
-6.482031e-01 9.732038e-02 -7.552228e-01 6.030625e+02 1.656470e-01 9.860694e-01 -1.510576e-02 -4.895187e+01 7.432320e-01 -1.348920e-01 -6.552941e-01 6.789440e+01
-6.523021e-01 9.756615e-02 -7.516534e-01 6.028334e+02 1.664706e-01 9.859085e-01 -1.649404e-02 -4.895470e+01 7.394522e-01 -1.358873e-01 -6.593520e-01 6.769692e+01
-6.565124e-01 9.761397e-02 -7.479726e-01 6.026064e+02 1.686095e-01 9.854924e-01 -1.938091e-02 -4.895470e+01 7.352294e-01 -1.388391e-01 -6.634466e-01 6.748347e+01
-6.615722e-01 9.597662e-02 -7.437142e-01 6.023582e+02 1.690386e-01 9.853361e-01 -2.321056e-02 -4.895651e+01 7.305807e-01 -1.410719e-01 -6.680947e-01 6.724959e+01
-6.684069e-01 9.400808e-02 -7.378310e-01 6.020943e+02 1.665028e-01 9.857178e-01 -2.524457e-02 -4.896539e+01 7.249200e-01 -1.397246e-01 -6.745132e-01 6.699398e+01
-6.749741e-01 9.537038e-02 -7.316518e-01 6.018121e+02 1.686046e-01 9.853109e-01 -2.710888e-02 -4.898280e+01 7.183192e-01 -1.416577e-01 -6.811393e-01 6.672181e+01
-6.819499e-01 9.836043e-02 -7.247548e-01 6.015081e+02 1.726679e-01 9.845575e-01 -2.885030e-02 -4.899380e+01 7.107250e-01 -1.448164e-01 -6.884026e-01 6.643733e+01
-6.890278e-01 1.012143e-01 -7.176324e-01 6.011938e+02 1.740932e-01 9.843217e-01 -2.832588e-02 -4.900629e+01 7.035142e-01 -1.444522e-01 -6.958458e-01 6.612369e+01
-6.962316e-01 1.041730e-01 -7.102179e-01 6.008711e+02 1.752147e-01 9.841486e-01 -2.741167e-02 -4.902905e+01 6.961044e-01 -1.435255e-01 -7.034480e-01 6.579200e+01
-7.044269e-01 9.907131e-02 -7.028283e-01 6.005476e+02 1.704674e-01 9.848426e-01 -3.203079e-02 -4.903695e+01 6.890019e-01 -1.423726e-01 -7.106380e-01 6.544081e+01
-7.113676e-01 9.906822e-02 -6.958028e-01 6.002023e+02 1.704959e-01 9.847682e-01 -3.409874e-02 -4.906048e+01 6.818264e-01 -1.428882e-01 -7.174229e-01 6.507358e+01
-7.176299e-01 1.047287e-01 -6.885051e-01 5.998353e+02 1.735025e-01 9.843418e-01 -3.111343e-02 -4.907884e+01 6.744659e-01 -1.417853e-01 -7.245638e-01 6.468589e+01
-7.236317e-01 1.102771e-01 -6.813194e-01 5.994574e+02 1.774792e-01 9.836888e-01 -2.928335e-02 -4.910417e+01 6.669769e-01 -1.421104e-01 -7.314003e-01 6.428391e+01
-7.297379e-01 1.114733e-01 -6.745786e-01 5.990800e+02 1.765933e-01 9.838727e-01 -2.844932e-02 -4.912297e+01 6.605281e-01 -1.398866e-01 -7.376547e-01 6.385609e+01
-7.350760e-01 1.107496e-01 -6.688781e-01 5.986945e+02 1.719116e-01 9.847726e-01 -2.587145e-02 -4.915100e+01 6.558275e-01 -1.340054e-01 -7.429218e-01 6.341010e+01
-7.390607e-01 1.122585e-01 -6.642193e-01 5.982907e+02 1.704081e-01 9.851023e-01 -2.311866e-02 -4.917039e+01 6.517287e-01 -1.302745e-01 -7.471802e-01 6.294735e+01
-7.431115e-01 1.082607e-01 -6.603521e-01 5.978901e+02 1.648260e-01 9.860348e-01 -2.382871e-02 -4.918796e+01 6.485504e-01 -1.265506e-01 -7.505780e-01 6.247526e+01
-7.444819e-01 1.076099e-01 -6.589133e-01 5.974544e+02 1.632969e-01 9.862988e-01 -2.342658e-02 -4.920586e+01 6.473645e-01 -1.250392e-01 -7.518540e-01 6.197704e+01
-7.462433e-01 1.047654e-01 -6.573774e-01 5.970016e+02 1.578678e-01 9.872179e-01 -2.187704e-02 -4.922124e+01 6.466828e-01 -1.201043e-01 -7.532439e-01 6.144850e+01
-7.478665e-01 1.072594e-01 -6.551268e-01 5.965589e+02 1.613983e-01 9.866280e-01 -2.271196e-02 -4.924663e+01 6.439303e-01 -1.227218e-01 -7.551775e-01 6.094149e+01
-7.491235e-01 1.061908e-01 -6.538635e-01 5.961155e+02 1.598589e-01 9.868748e-01 -2.287480e-02 -4.926162e+01 6.428523e-01 -1.216620e-01 -7.562666e-01 6.041734e+01
-7.497078e-01 1.067709e-01 -6.530989e-01 5.956303e+02 1.614110e-01 9.865955e-01 -2.399543e-02 -4.928424e+01 6.417825e-01 -1.234069e-01 -7.568923e-01 5.986023e+01
-7.520909e-01 9.622350e-02 -6.519971e-01 5.951646e+02 1.535493e-01 9.876431e-01 -3.136294e-02 -4.930817e+01 6.409227e-01 -1.237015e-01 -7.575725e-01 5.927824e+01
-7.534214e-01 8.778254e-02 -6.516521e-01 5.947090e+02 1.470393e-01 9.884439e-01 -3.685166e-02 -4.933929e+01 6.408866e-01 -1.235833e-01 -7.576223e-01 5.869927e+01
-7.543237e-01 8.633875e-02 -6.508005e-01 5.942175e+02 1.501368e-01 9.877305e-01 -4.298147e-02 -4.936961e+01 6.391046e-01 -1.301311e-01 -7.580312e-01 5.811076e+01
-7.548747e-01 9.187859e-02 -6.494017e-01 5.937064e+02 1.566780e-01 9.867340e-01 -4.251993e-02 -4.940844e+01 6.368801e-01 -1.338442e-01 -7.592559e-01 5.752510e+01
-7.553718e-01 9.256101e-02 -6.487264e-01 5.931919e+02 1.551451e-01 9.870892e-01 -3.981066e-02 -4.945127e+01 6.366659e-01 -1.307185e-01 -7.599797e-01 5.690289e+01
-7.566070e-01 9.098338e-02 -6.475090e-01 5.926749e+02 1.512440e-01 9.877684e-01 -3.793274e-02 -4.949289e+01 6.361376e-01 -1.266320e-01 -7.611132e-01 5.627509e+01
-7.584582e-01 9.091647e-02 -6.453490e-01 5.921226e+02 1.496348e-01 9.880614e-01 -3.666337e-02 -4.952633e+01 6.343111e-01 -1.243743e-01 -7.630075e-01 5.562296e+01
-7.599123e-01 9.150503e-02 -6.435528e-01 5.915824e+02 1.504311e-01 9.879219e-01 -3.716029e-02 -4.956568e+01 6.323795e-01 -1.250489e-01 -7.644991e-01 5.496359e+01
-7.616093e-01 9.493832e-02 -6.410445e-01 5.910197e+02 1.531563e-01 9.875567e-01 -3.570473e-02 -4.960650e+01 6.296780e-01 -1.253731e-01 -7.666728e-01 5.429306e+01
-7.643322e-01 9.710636e-02 -6.374690e-01 5.904603e+02 1.550353e-01 9.872710e-01 -3.549691e-02 -4.964766e+01 6.259077e-01 -1.259616e-01 -7.696579e-01 5.361458e+01
-7.677129e-01 9.725495e-02 -6.333707e-01 5.899027e+02 1.545666e-01 9.873356e-01 -3.574443e-02 -4.968718e+01 6.218731e-01 -1.253394e-01 -7.730226e-01 5.291765e+01
-7.708635e-01 1.019255e-01 -6.287930e-01 5.893453e+02 1.591322e-01 9.866311e-01 -3.515675e-02 -4.973316e+01 6.168034e-01 -1.271623e-01 -7.767775e-01 5.222553e+01
-7.745949e-01 1.054563e-01 -6.236038e-01 5.886956e+02 1.620587e-01 9.861769e-01 -3.452720e-02 -4.976205e+01 6.113426e-01 -1.278050e-01 -7.809777e-01 5.148109e+01
-7.773720e-01 1.073262e-01 -6.198176e-01 5.881101e+02 1.646897e-01 9.856929e-01 -3.587267e-02 -4.980277e+01 6.070997e-01 -1.299640e-01 -7.839256e-01 5.074611e+01
-7.801220e-01 1.061313e-01 -6.165597e-01 5.875494e+02 1.644889e-01 9.856287e-01 -3.846400e-02 -4.985187e+01 6.036167e-01 -1.314238e-01 -7.863680e-01 5.003444e+01
-7.815152e-01 1.053930e-01 -6.149198e-01 5.869696e+02 1.660118e-01 9.852235e-01 -4.212757e-02 -4.990135e+01 6.013935e-01 -1.350073e-01 -7.874636e-01 4.929308e+01
-7.831469e-01 9.971928e-02 -6.137891e-01 5.864114e+02 1.607382e-01 9.859751e-01 -4.490280e-02 -4.995576e+01 6.007031e-01 -1.338248e-01 -7.881920e-01 4.856285e+01
-7.827397e-01 9.693119e-02 -6.147544e-01 5.858502e+02 1.590299e-01 9.861547e-01 -4.699416e-02 -5.000927e+01 6.016877e-01 -1.345485e-01 -7.873174e-01 4.783351e+01
-7.827065e-01 9.346695e-02 -6.153328e-01 5.852659e+02 1.553310e-01 9.867100e-01 -4.770395e-02 -5.006267e+01 6.026963e-01 -1.329185e-01 -7.868226e-01 4.709144e+01
-7.819675e-01 9.022071e-02 -6.167553e-01 5.846932e+02 1.519593e-01 9.872082e-01 -4.825357e-02 -5.011712e+01 6.045124e-01 -1.314544e-01 -7.856746e-01 4.636012e+01
-7.812435e-01 9.147700e-02 -6.174873e-01 5.841241e+02 1.523563e-01 9.872307e-01 -4.650864e-02 -5.017196e+01 6.053480e-01 -1.304127e-01 -7.852047e-01 4.564072e+01
-7.797312e-01 9.363689e-02 -6.190730e-01 5.835588e+02 1.551144e-01 9.868199e-01 -4.610892e-02 -5.022445e+01 6.065961e-01 -1.319797e-01 -7.839787e-01 4.492367e+01
-7.782099e-01 9.490244e-02 -6.207922e-01 5.829494e+02 1.568001e-01 9.865706e-01 -4.574061e-02 -5.028444e+01 6.081144e-01 -1.329361e-01 -7.826397e-01 4.418049e+01
-7.769158e-01 9.199052e-02 -6.228480e-01 5.823764e+02 1.548738e-01 9.867946e-01 -4.744036e-02 -5.034157e+01 6.102589e-01 -1.333200e-01 -7.809032e-01 4.346074e+01
-7.752744e-01 9.098169e-02 -6.250375e-01 5.817668e+02 1.552943e-01 9.866521e-01 -4.900255e-02 -5.040487e+01 6.122362e-01 -1.350552e-01 -7.790551e-01 4.269597e+01
-7.737607e-01 9.110516e-02 -6.268925e-01 5.811486e+02 1.555869e-01 9.866233e-01 -4.865357e-02 -5.045642e+01 6.140741e-01 -1.351825e-01 -7.775851e-01 4.194126e+01
-7.723729e-01 9.041873e-02 -6.287007e-01 5.805288e+02 1.551645e-01 9.866866e-01 -4.871935e-02 -5.050883e+01 6.159254e-01 -1.351815e-01 -7.761197e-01 4.121416e+01
-7.714219e-01 8.921907e-02 -6.300383e-01 5.799102e+02 1.536542e-01 9.869398e-01 -4.837544e-02 -5.055991e+01 6.174939e-01 -1.341259e-01 -7.750559e-01 4.049123e+01
-7.699817e-01 8.856257e-02 -6.318899e-01 5.792810e+02 1.540815e-01 9.868201e-01 -4.944627e-02 -5.061652e+01 6.191825e-01 -1.354352e-01 -7.734793e-01 3.973666e+01
-7.686176e-01 8.752100e-02 -6.336931e-01 5.786542e+02 1.543350e-01 9.867056e-01 -5.091925e-02 -5.066741e+01 6.208121e-01 -1.369385e-01 -7.719069e-01 3.899219e+01
-7.672723e-01 8.656877e-02 -6.354518e-01 5.780171e+02 1.552999e-01 9.864375e-01 -5.313170e-02 -5.072626e+01 6.222340e-01 -1.394521e-01 -7.703103e-01 3.824972e+01
-7.666856e-01 8.608786e-02 -6.362249e-01 5.773724e+02 1.546686e-01 9.865495e-01 -5.289364e-02 -5.078415e+01 6.231138e-01 -1.389568e-01 -7.696884e-01 3.747728e+01
-7.667250e-01 8.545641e-02 -6.362625e-01 5.767143e+02 1.542450e-01 9.865905e-01 -5.336320e-02 -5.083880e+01 6.231704e-01 -1.390552e-01 -7.696248e-01 3.671038e+01
-7.668044e-01 8.548467e-02 -6.361630e-01 5.760571e+02 1.528395e-01 9.869024e-01 -5.161097e-02 -5.089891e+01 6.234189e-01 -1.368064e-01 -7.698266e-01 3.592706e+01
-7.669583e-01 8.425923e-02 -6.361410e-01 5.754545e+02 1.520124e-01 9.869810e-01 -5.254329e-02 -5.096136e+01 6.234318e-01 -1.369999e-01 -7.697817e-01 3.518972e+01
-7.673575e-01 8.228859e-02 -6.359175e-01 5.748527e+02 1.502807e-01 9.871894e-01 -5.359904e-02 -5.103394e+01 6.233605e-01 -1.366957e-01 -7.698935e-01 3.444358e+01
-7.678886e-01 8.066832e-02 -6.354838e-01 5.742274e+02 1.489903e-01 9.873245e-01 -5.470191e-02 -5.111200e+01 6.230160e-01 -1.366859e-01 -7.701740e-01 3.365874e+01
-7.687426e-01 8.201739e-02 -6.342775e-01 5.736099e+02 1.504583e-01 9.871011e-01 -5.471458e-02 -5.117148e+01 6.216085e-01 -1.374937e-01 -7.711669e-01 3.290335e+01
-7.696528e-01 8.266805e-02 -6.330881e-01 5.729935e+02 1.512830e-01 9.869569e-01 -5.504059e-02 -5.123950e+01 6.202806e-01 -1.381376e-01 -7.721205e-01 3.214625e+01
-7.706729e-01 7.916905e-02 -6.322938e-01 5.723788e+02 1.488899e-01 9.871588e-01 -5.787335e-02 -5.130376e+01 6.195927e-01 -1.387436e-01 -7.725640e-01 3.138361e+01
-7.719412e-01 7.694819e-02 -6.310197e-01 5.717669e+02 1.489163e-01 9.869152e-01 -6.182574e-02 -5.138021e+01 6.180055e-01 -1.416949e-01 -7.732993e-01 3.062743e+01
-7.737475e-01 7.596220e-02 -6.289233e-01 5.711541e+02 1.482337e-01 9.869331e-01 -6.316491e-02 -5.144573e+01 6.159071e-01 -1.421013e-01 -7.748972e-01 2.988094e+01
-7.757624e-01 7.610962e-02 -6.264185e-01 5.705359e+02 1.460125e-01 9.874094e-01 -6.085329e-02 -5.152812e+01 6.138999e-01 -1.386726e-01 -7.771080e-01 2.911702e+01
-7.775337e-01 7.855919e-02 -6.239148e-01 5.699262e+02 1.455031e-01 9.877166e-01 -5.696190e-02 -5.160037e+01 6.117762e-01 -1.350714e-01 -7.794136e-01 2.835881e+01
-7.793229e-01 7.953156e-02 -6.215549e-01 5.693222e+02 1.457396e-01 9.877170e-01 -5.634829e-02 -5.166972e+01 6.094389e-01 -1.344987e-01 -7.813414e-01 2.760348e+01
-7.803035e-01 8.051708e-02 -6.201963e-01 5.687231e+02 1.472918e-01 9.874423e-01 -5.712115e-02 -5.173942e+01 6.078088e-01 -1.359217e-01 -7.823642e-01 2.684548e+01
-7.821711e-01 7.913316e-02 -6.180180e-01 5.681303e+02 1.464329e-01 9.874662e-01 -5.888874e-02 -5.181466e+01 6.056118e-01 -1.365593e-01 -7.839553e-01 2.609617e+01
-7.832942e-01 7.969714e-02 -6.165213e-01 5.675468e+02 1.474323e-01 9.872694e-01 -5.969027e-02 -5.189243e+01 6.039155e-01 -1.376502e-01 -7.850723e-01 2.534746e+01
-7.848800e-01 7.999682e-02 -6.144623e-01 5.669635e+02 1.486537e-01 9.869821e-01 -6.138675e-02 -5.196742e+01 6.015526e-01 -1.395233e-01 -7.865544e-01 2.460010e+01
-7.859997e-01 7.760810e-02 -6.133363e-01 5.663671e+02 1.477167e-01 9.869295e-01 -6.442074e-02 -5.203131e+01 6.003201e-01 -1.412347e-01 -7.871903e-01 2.383637e+01
-7.873360e-01 7.583246e-02 -6.118426e-01 5.657834e+02 1.472305e-01 9.868200e-01 -6.715271e-02 -5.211174e+01 5.986862e-01 -1.429537e-01 -7.881238e-01 2.308417e+01
-7.890241e-01 7.648056e-02 -6.095832e-01 5.652244e+02 1.469816e-01 9.869062e-01 -6.642717e-02 -5.219513e+01 5.965210e-01 -1.420102e-01 -7.899340e-01 2.234999e+01
-7.903621e-01 7.687290e-02 -6.077979e-01 5.646448e+02 1.440228e-01 9.876068e-01 -6.237261e-02 -5.226705e+01 5.954705e-01 -1.368337e-01 -7.916384e-01 2.159123e+01
-7.908676e-01 7.983697e-02 -6.067573e-01 5.640904e+02 1.445559e-01 9.877689e-01 -5.844858e-02 -5.234746e+01 5.946697e-01 -1.339355e-01 -7.927353e-01 2.085401e+01
-7.911686e-01 7.635718e-02 -6.068129e-01 5.635485e+02 1.410995e-01 9.881986e-01 -5.961878e-02 -5.241926e+01 5.950993e-01 -1.327895e-01 -7.926057e-01 2.012123e+01
-7.908510e-01 7.138142e-02 -6.078318e-01 5.629800e+02 1.380103e-01 9.883936e-01 -6.349235e-02 -5.248785e+01 5.962449e-01 -1.341000e-01 -7.915234e-01 1.938331e+01
-7.899720e-01 6.889794e-02 -6.092597e-01 5.624169e+02 1.367778e-01 9.884292e-01 -6.557122e-02 -5.255616e+01 5.976923e-01 -1.351326e-01 -7.902551e-01 1.864954e+01
-7.878108e-01 7.196127e-02 -6.116990e-01 5.619014e+02 1.420522e-01 9.876049e-01 -6.676639e-02 -5.263926e+01 5.993123e-01 -1.394925e-01 -7.882681e-01 1.794391e+01
-7.855621e-01 7.754597e-02 -6.139046e-01 5.613295e+02 1.486755e-01 9.867071e-01 -6.561068e-02 -5.270370e+01 6.006562e-01 -1.428139e-01 -7.866488e-01 1.719440e+01
-7.842892e-01 7.931762e-02 -6.153041e-01 5.608055e+02 1.519180e-01 9.861523e-01 -6.651730e-02 -5.277325e+01 6.015076e-01 -1.456446e-01 -7.854784e-01 1.652332e+01
-7.825863e-01 8.101886e-02 -6.172477e-01 5.602987e+02 1.542474e-01 9.858141e-01 -6.616850e-02 -5.286194e+01 6.031306e-01 -1.469914e-01 -7.839815e-01 1.585044e+01
-7.814845e-01 8.192382e-02 -6.185229e-01 5.597402e+02 1.556805e-01 9.855897e-01 -6.615545e-02 -5.293032e+01 6.041900e-01 -1.479914e-01 -7.829770e-01 1.516804e+01
-7.800086e-01 7.887731e-02 -6.207777e-01 5.592102e+02 1.533253e-01 9.858755e-01 -6.738617e-02 -5.300164e+01 6.066943e-01 -1.477427e-01 -7.810852e-01 1.448445e+01
-7.786769e-01 7.479585e-02 -6.229509e-01 5.586827e+02 1.517321e-01 9.858471e-01 -7.129451e-02 -5.307658e+01 6.088018e-01 -1.500370e-01 -7.790053e-01 1.381933e+01
-7.778279e-01 6.526106e-02 -6.250798e-01 5.581666e+02 1.474109e-01 9.857930e-01 -8.051193e-02 -5.315672e+01 6.109450e-01 -1.547680e-01 -7.763975e-01 1.316166e+01
-7.760822e-01 5.959945e-02 -6.278092e-01 5.576576e+02 1.457979e-01 9.855102e-01 -8.667486e-02 -5.323596e+01 6.135466e-01 -1.588001e-01 -7.735264e-01 1.249267e+01
-7.753667e-01 5.522591e-02 -6.290919e-01 5.571749e+02 1.419065e-01 9.859294e-01 -8.835069e-02 -5.331771e+01 6.153609e-01 -1.577764e-01 -7.722937e-01 1.186841e+01
-7.739143e-01 6.031374e-02 -6.304117e-01 5.566811e+02 1.454923e-01 9.857614e-01 -8.429981e-02 -5.341073e+01 6.163511e-01 -1.569609e-01 -7.716700e-01 1.125749e+01
-7.732879e-01 6.488045e-02 -6.307268e-01 5.562017e+02 1.491901e-01 9.854406e-01 -8.154260e-02 -5.348378e+01 6.162532e-01 -1.571541e-01 -7.717088e-01 1.068335e+01
-7.722966e-01 6.724088e-02 -6.316934e-01 5.557537e+02 1.528509e-01 9.848380e-01 -8.204116e-02 -5.355727e+01 6.165992e-01 -1.599150e-01 -7.708649e-01 1.012818e+01
-7.720384e-01 6.665094e-02 -6.320714e-01 5.553184e+02 1.536061e-01 9.845724e-01 -8.379928e-02 -5.362863e+01 6.167348e-01 -1.617863e-01 -7.703657e-01 9.599531e+00
-7.714372e-01 6.622943e-02 -6.328493e-01 5.549058e+02 1.581073e-01 9.833280e-01 -8.982324e-02 -5.369829e+01 6.163495e-01 -1.693511e-01 -7.690472e-01 9.096258e+00
-7.717530e-01 6.415567e-02 -6.326779e-01 5.545064e+02 1.579978e-01 9.830460e-01 -9.304472e-02 -5.376115e+01 6.159821e-01 -1.717693e-01 -7.688051e-01 8.611266e+00
-7.719464e-01 6.406443e-02 -6.324512e-01 5.541216e+02 1.569901e-01 9.833046e-01 -9.201195e-02 -5.382904e+01 6.159975e-01 -1.703169e-01 -7.691159e-01 8.148679e+00
-7.720975e-01 6.270692e-02 -6.324028e-01 5.537531e+02 1.539723e-01 9.839292e-01 -9.042096e-02 -5.389676e+01 6.165695e-01 -1.671863e-01 -7.693444e-01 7.691734e+00
-7.727669e-01 6.449053e-02 -6.314051e-01 5.534054e+02 1.555785e-01 9.837210e-01 -8.993474e-02 -5.396070e+01 6.153265e-01 -1.677317e-01 -7.702204e-01 7.270798e+00
-7.728869e-01 6.214880e-02 -6.314930e-01 5.530671e+02 1.545624e-01 9.836563e-01 -9.236239e-02 -5.402588e+01 6.154318e-01 -1.689908e-01 -7.698609e-01 6.857870e+00
-7.729484e-01 5.587417e-02 -6.320039e-01 5.527696e+02 1.504729e-01 9.838389e-01 -9.705103e-02 -5.408634e+01 6.163673e-01 -1.701149e-01 -7.688642e-01 6.468101e+00
-7.734499e-01 5.081143e-02 -6.318175e-01 5.524516e+02 1.454582e-01 9.844090e-01 -9.889790e-02 -5.414296e+01 6.169417e-01 -1.683956e-01 -7.687820e-01 6.070047e+00
-7.736898e-01 5.071251e-02 -6.315317e-01 5.521215e+02 1.450259e-01 9.845012e-01 -9.861501e-02 -5.419112e+01 6.167427e-01 -1.678859e-01 -7.690532e-01 5.678028e+00
-7.737370e-01 5.185937e-02 -6.313807e-01 5.518220e+02 1.447530e-01 9.847503e-01 -9.650626e-02 -5.424671e+01 6.167476e-01 -1.660647e-01 -7.694445e-01 5.305865e+00
-7.737952e-01 5.354601e-02 -6.311686e-01 5.515015e+02 1.451842e-01 9.848874e-01 -9.443756e-02 -5.429578e+01 6.165732e-01 -1.647110e-01 -7.698751e-01 4.943137e+00
-7.739957e-01 4.932419e-02 -6.312668e-01 5.512210e+02 1.397632e-01 9.856799e-01 -9.434721e-02 -5.435048e+01 6.175734e-01 -1.612522e-01 -7.698057e-01 4.582400e+00
-7.735510e-01 4.840628e-02 -6.318826e-01 5.509362e+02 1.385834e-01 9.858672e-01 -9.413014e-02 -5.440145e+01 6.183958e-01 -1.603829e-01 -7.693269e-01 4.230781e+00
-7.732829e-01 4.840035e-02 -6.322112e-01 5.506590e+02 1.388453e-01 9.858087e-01 -9.435651e-02 -5.445052e+01 6.186724e-01 -1.607438e-01 -7.690292e-01 3.893137e+00
-7.728704e-01 5.083028e-02 -6.325248e-01 5.503664e+02 1.424260e-01 9.852502e-01 -9.485209e-02 -5.449026e+01 6.183738e-01 -1.633964e-01 -7.687102e-01 3.564210e+00
-7.727092e-01 5.256667e-02 -6.325798e-01 5.500892e+02 1.446558e-01 9.849251e-01 -9.485389e-02 -5.453545e+01 6.180576e-01 -1.648008e-01 -7.686647e-01 3.239897e+00
-7.726305e-01 5.351913e-02 -6.325961e-01 5.498222e+02 1.463539e-01 9.846165e-01 -9.545063e-02 -5.457873e+01 6.177561e-01 -1.663310e-01 -7.685775e-01 2.925205e+00
-7.724400e-01 5.367691e-02 -6.328154e-01 5.495681e+02 1.465948e-01 9.845832e-01 -9.542485e-02 -5.462772e+01 6.179373e-01 -1.664774e-01 -7.684002e-01 2.617154e+00
-7.723677e-01 5.417557e-02 -6.328611e-01 5.493152e+02 1.479637e-01 9.842911e-01 -9.632112e-02 -5.467105e+01 6.177013e-01 -1.680358e-01 -7.682507e-01 2.313118e+00
-7.729800e-01 5.489391e-02 -6.320511e-01 5.490706e+02 1.492791e-01 9.840158e-01 -9.710176e-02 -5.471520e+01 6.166179e-01 -1.694097e-01 -7.688190e-01 2.023676e+00
-7.731530e-01 5.552995e-02 -6.317839e-01 5.488372e+02 1.507755e-01 9.836932e-01 -9.805269e-02 -5.475864e+01 6.160367e-01 -1.710673e-01 -7.689179e-01 1.742375e+00
-7.735714e-01 5.294321e-02 -6.314937e-01 5.486099e+02 1.490672e-01 9.837443e-01 -1.001301e-01 -5.480419e+01 6.159272e-01 -1.715928e-01 -7.688886e-01 1.464047e+00
-7.743574e-01 5.079157e-02 -6.307066e-01 5.483803e+02 1.489591e-01 9.833916e-01 -1.036925e-01 -5.484367e+01 6.149649e-01 -1.742446e-01 -7.690624e-01 1.194285e+00
-7.749677e-01 5.055102e-02 -6.299760e-01 5.481678e+02 1.516895e-01 9.825366e-01 -1.077600e-01 -5.488307e+01 6.135270e-01 -1.790712e-01 -7.691021e-01 9.414415e-01
-7.756934e-01 5.218121e-02 -6.289490e-01 5.479632e+02 1.551628e-01 9.817554e-01 -1.099128e-01 -5.492225e+01 6.117387e-01 -1.828482e-01 -7.696378e-01 6.949821e-01
-7.775425e-01 5.288643e-02 -6.266025e-01 5.477730e+02 1.561537e-01 9.814839e-01 -1.109299e-01 -5.495826e+01 6.091336e-01 -1.840990e-01 -7.714038e-01 4.598159e-01
-7.798418e-01 5.064507e-02 -6.239245e-01 5.475938e+02 1.537230e-01 9.816943e-01 -1.124521e-01 -5.499069e+01 6.068080e-01 -1.836064e-01 -7.733516e-01 2.242936e-01
-7.813125e-01 4.765174e-02 -6.223184e-01 5.474246e+02 1.508764e-01 9.819300e-01 -1.142356e-01 -5.502398e+01 6.056296e-01 -1.831468e-01 -7.743837e-01 -1.831235e-03
-7.829825e-01 4.515701e-02 -6.204025e-01 5.472698e+02 1.479617e-01 9.822560e-01 -1.152408e-01 -5.506073e+01 6.041902e-01 -1.820273e-01 -7.757708e-01 -2.104243e-01
-7.846335e-01 4.383424e-02 -6.184083e-01 5.471275e+02 1.458744e-01 9.825448e-01 -1.154396e-01 -5.509555e+01 6.025537e-01 -1.807878e-01 -7.773319e-01 -4.068069e-01
-7.862016e-01 4.384772e-02 -6.164125e-01 5.469869e+02 1.456697e-01 9.825206e-01 -1.159036e-01 -5.513039e+01 6.005559e-01 -1.809162e-01 -7.788466e-01 -5.903960e-01
-7.874945e-01 4.456540e-02 -6.147084e-01 5.468569e+02 1.463322e-01 9.823820e-01 -1.162430e-01 -5.515945e+01 5.986980e-01 -1.814923e-01 -7.801418e-01 -7.598062e-01
-7.887131e-01 4.531641e-02 -6.130889e-01 5.467366e+02 1.471628e-01 9.822015e-01 -1.167194e-01 -5.518745e+01 5.968875e-01 -1.822820e-01 -7.813441e-01 -9.185135e-01
-7.894530e-01 4.561702e-02 -6.121136e-01 5.466155e+02 1.479588e-01 9.819715e-01 -1.176446e-01 -5.521808e+01 5.957115e-01 -1.834425e-01 -7.819697e-01 -1.070698e+00
-7.893853e-01 4.389840e-02 -6.123265e-01 5.465150e+02 1.473504e-01 9.818304e-01 -1.195694e-01 -5.524664e+01 5.959519e-01 -1.846129e-01 -7.815110e-01 -1.211644e+00
-7.890517e-01 4.014550e-02 -6.130137e-01 5.464187e+02 1.445309e-01 9.819844e-01 -1.217267e-01 -5.526891e+01 5.970831e-01 -1.846481e-01 -7.806387e-01 -1.349277e+00
-7.884691e-01 4.083166e-02 -6.137176e-01 5.463264e+02 1.464742e-01 9.815531e-01 -1.228772e-01 -5.529615e+01 5.973792e-01 -1.867787e-01 -7.799050e-01 -1.471851e+00
-7.878454e-01 4.079638e-02 -6.145203e-01 5.462349e+02 1.470236e-01 9.814132e-01 -1.233381e-01 -5.531387e+01 5.980666e-01 -1.875203e-01 -7.791999e-01 -1.587860e+00
-7.872571e-01 4.128023e-02 -6.152415e-01 5.461506e+02 1.486264e-01 9.810431e-01 -1.243569e-01 -5.533475e+01 5.984450e-01 -1.893420e-01 -7.784685e-01 -1.694491e+00
-7.877400e-01 3.970878e-02 -6.147266e-01 5.460676e+02 1.475756e-01 9.810254e-01 -1.257403e-01 -5.535181e+01 5.980694e-01 -1.897693e-01 -7.786530e-01 -1.802392e+00
-7.883980e-01 3.912837e-02 -6.139198e-01 5.459758e+02 1.471119e-01 9.810107e-01 -1.263966e-01 -5.537166e+01 5.973162e-01 -1.899658e-01 -7.791831e-01 -1.905479e+00
-7.885187e-01 3.946297e-02 -6.137433e-01 5.459036e+02 1.473799e-01 9.809864e-01 -1.262730e-01 -5.538991e+01 5.970908e-01 -1.900221e-01 -7.793422e-01 -1.996869e+00
-7.888252e-01 3.871154e-02 -6.133973e-01 5.458258e+02 1.467902e-01 9.809990e-01 -1.268604e-01 -5.540663e+01 5.968312e-01 -1.901114e-01 -7.795192e-01 -2.085753e+00
-7.889340e-01 3.679389e-02 -6.133753e-01 5.457743e+02 1.452843e-01 9.810730e-01 -1.280167e-01 -5.542083e+01 5.970557e-01 -1.901106e-01 -7.793474e-01 -2.169225e+00
-7.891472e-01 3.468306e-02 -6.132241e-01 5.457196e+02 1.431109e-01 9.813075e-01 -1.286655e-01 -5.543510e+01 5.972989e-01 -1.892951e-01 -7.793596e-01 -2.248552e+00
-7.893661e-01 3.382673e-02 -6.129901e-01 5.456688e+02 1.422348e-01 9.813905e-01 -1.290039e-01 -5.544754e+01 5.972189e-01 -1.890198e-01 -7.794877e-01 -2.318330e+00
-7.892651e-01 3.450054e-02 -6.130827e-01 5.456141e+02 1.432281e-01 9.812241e-01 -1.291705e-01 -5.545794e+01 5.971150e-01 -1.897604e-01 -7.793873e-01 -2.388248e+00
-7.895281e-01 3.532653e-02 -6.126969e-01 5.455494e+02 1.443311e-01 9.810292e-01 -1.294230e-01 -5.547030e+01 5.965014e-01 -1.906143e-01 -7.796488e-01 -2.453698e+00
-7.896591e-01 3.401977e-02 -6.126019e-01 5.455013e+02 1.430889e-01 9.811402e-01 -1.299592e-01 -5.548331e+01 5.966272e-01 -1.902800e-01 -7.796342e-01 -2.516750e+00
-7.897571e-01 3.236723e-02 -6.125651e-01 5.454607e+02 1.416439e-01 9.812424e-01 -1.307684e-01 -5.549177e+01 5.968422e-01 -1.900414e-01 -7.795278e-01 -2.571866e+00
-7.896230e-01 3.174604e-02 -6.127705e-01 5.454282e+02 1.412787e-01 9.812350e-01 -1.312181e-01 -5.549980e+01 5.971062e-01 -1.901843e-01 -7.792908e-01 -2.621956e+00
-7.896220e-01 3.164819e-02 -6.127768e-01 5.453891e+02 1.413841e-01 9.811805e-01 -1.315118e-01 -5.550450e+01 5.970826e-01 -1.904815e-01 -7.792363e-01 -2.671629e+00
-7.897109e-01 3.146592e-02 -6.126717e-01 5.453283e+02 1.416128e-01 9.810621e-01 -1.321477e-01 -5.550686e+01 5.969108e-01 -1.911207e-01 -7.792114e-01 -2.738543e+00
-7.899415e-01 3.132732e-02 -6.123815e-01 5.452671e+02 1.417649e-01 9.809673e-01 -1.326867e-01 -5.551411e+01 5.965695e-01 -1.916290e-01 -7.793479e-01 -2.796302e+00
-7.904786e-01 3.039111e-02 -6.117352e-01 5.451862e+02 1.410794e-01 9.809466e-01 -1.335678e-01 -5.551281e+01 5.960203e-01 -1.918857e-01 -7.797049e-01 -2.859604e+00
-7.909244e-01 3.053129e-02 -6.111518e-01 5.450999e+02 1.414988e-01 9.808105e-01 -1.341229e-01 -5.551853e+01 5.953291e-01 -1.925583e-01 -7.800670e-01 -2.930375e+00
-7.911410e-01 2.993519e-02 -6.109009e-01 5.450474e+02 1.411397e-01 9.807801e-01 -1.347216e-01 -5.552283e+01 5.951265e-01 -1.928061e-01 -7.801604e-01 -2.971555e+00
-7.912717e-01 2.951101e-02 -6.107521e-01 5.450018e+02 1.408318e-01 9.807769e-01 -1.350671e-01 -5.552538e+01 5.950256e-01 -1.928881e-01 -7.802171e-01 -3.010280e+00
-7.915444e-01 2.928439e-02 -6.104096e-01 5.449313e+02 1.409733e-01 9.806610e-01 -1.357589e-01 -5.552703e+01 5.946293e-01 -1.935107e-01 -7.803650e-01 -3.076520e+00
-7.917746e-01 2.871958e-02 -6.101378e-01 5.448895e+02 1.404764e-01 9.806802e-01 -1.361347e-01 -5.552951e+01 5.944403e-01 -1.934980e-01 -7.805122e-01 -3.105778e+00
-7.921852e-01 2.831302e-02 -6.096236e-01 5.448290e+02 1.403048e-01 9.806153e-01 -1.367782e-01 -5.552818e+01 5.939336e-01 -1.938868e-01 -7.808014e-01 -3.149469e+00
-7.924709e-01 2.811933e-02 -6.092612e-01 5.447748e+02 1.403696e-01 9.805295e-01 -1.373253e-01 -5.552852e+01 5.935371e-01 -1.943481e-01 -7.809882e-01 -3.191958e+00
-7.926957e-01 2.772288e-02 -6.089869e-01 5.447138e+02 1.401712e-01 9.804884e-01 -1.378209e-01 -5.553104e+01 5.932838e-01 -1.946124e-01 -7.811148e-01 -3.238230e+00
-7.930793e-01 2.691095e-02 -6.085237e-01 5.446443e+02 1.395263e-01 9.804872e-01 -1.384820e-01 -5.553028e+01 5.929230e-01 -1.947323e-01 -7.813589e-01 -3.285727e+00
-7.934020e-01 2.668517e-02 -6.081128e-01 5.446011e+02 1.394986e-01 9.804206e-01 -1.389804e-01 -5.553279e+01 5.924976e-01 -1.950982e-01 -7.815902e-01 -3.307085e+00
-7.940366e-01 2.664145e-02 -6.072859e-01 5.445034e+02 1.403191e-01 9.800907e-01 -1.404732e-01 -5.553015e+01 5.914529e-01 -1.967547e-01 -7.819662e-01 -3.378709e+00
-7.943033e-01 2.530503e-02 -6.069942e-01 5.444347e+02 1.396440e-01 9.799843e-01 -1.418813e-01 -5.552798e+01 5.912545e-01 -1.974599e-01 -7.819384e-01 -3.433211e+00
-7.944053e-01 2.428208e-02 -6.069024e-01 5.443682e+02 1.389920e-01 9.799544e-01 -1.427258e-01 -5.552864e+01 5.912710e-01 -1.977367e-01 -7.818560e-01 -3.491547e+00
-7.946622e-01 2.369080e-02 -6.065894e-01 5.443215e+02 1.384158e-01 9.799876e-01 -1.430575e-01 -5.553115e+01 5.910610e-01 -1.976439e-01 -7.820383e-01 -3.518561e+00
-7.950644e-01 2.378520e-02 -6.060585e-01 5.442448e+02 1.385965e-01 9.799176e-01 -1.433617e-01 -5.553570e+01 5.904775e-01 -1.979794e-01 -7.823941e-01 -3.573801e+00
-7.953761e-01 2.364387e-02 -6.056548e-01 5.441885e+02 1.382977e-01 9.799596e-01 -1.433633e-01 -5.554211e+01 5.901276e-01 -1.977884e-01 -7.827063e-01 -3.607471e+00
-7.955095e-01 2.310753e-02 -6.055004e-01 5.441169e+02 1.379634e-01 9.799339e-01 -1.438601e-01 -5.554306e+01 5.900261e-01 -1.979790e-01 -7.827347e-01 -3.671200e+00
-7.957899e-01 2.256983e-02 -6.051520e-01 5.440660e+02 1.371975e-01 9.800405e-01 -1.438664e-01 -5.554645e+01 5.898264e-01 -1.975127e-01 -7.830029e-01 -3.705323e+00
-7.959806e-01 2.174047e-02 -6.049316e-01 5.440066e+02 1.364762e-01 9.800692e-01 -1.443555e-01 -5.554869e+01 5.897365e-01 -1.974630e-01 -7.830831e-01 -3.758878e+00
-7.959945e-01 2.060353e-02 -6.049531e-01 5.439372e+02 1.355384e-01 9.801102e-01 -1.449601e-01 -5.554633e+01 5.899340e-01 -1.973818e-01 -7.829548e-01 -3.831219e+00
-7.961328e-01 2.099401e-02 -6.047576e-01 5.438842e+02 1.359724e-01 9.800473e-01 -1.449787e-01 -5.555246e+01 5.896474e-01 -1.976527e-01 -7.831024e-01 -3.870924e+00
-7.962909e-01 2.099653e-02 -6.045494e-01 5.438255e+02 1.359995e-01 9.800261e-01 -1.450965e-01 -5.556023e+01 5.894277e-01 -1.977574e-01 -7.832414e-01 -3.922210e+00
-7.965578e-01 2.093600e-02 -6.041998e-01 5.437452e+02 1.361792e-01 9.799296e-01 -1.455790e-01 -5.556889e+01 5.890254e-01 -1.982415e-01 -7.834216e-01 -3.998723e+00
-7.968735e-01 2.167810e-02 -6.037572e-01 5.436653e+02 1.374401e-01 9.796571e-01 -1.462265e-01 -5.557761e+01 5.883051e-01 -1.995045e-01 -7.836422e-01 -4.068004e+00
-7.970929e-01 2.132284e-02 -6.034801e-01 5.435905e+02 1.374603e-01 9.795459e-01 -1.469509e-01 -5.558396e+01 5.880030e-01 -2.000881e-01 -7.837201e-01 -4.146823e+00
-7.973121e-01 2.076505e-02 -6.032100e-01 5.435075e+02 1.374008e-01 9.794116e-01 -1.478985e-01 -5.558643e+01 5.877197e-01 -2.008028e-01 -7.837498e-01 -4.235067e+00
-7.972178e-01 2.022518e-02 -6.033529e-01 5.434388e+02 1.371398e-01 9.793762e-01 -1.483745e-01 -5.559159e+01 5.879086e-01 -2.010305e-01 -7.835498e-01 -4.319226e+00
-7.973562e-01 1.908803e-02 -6.032070e-01 5.433515e+02 1.362692e-01 9.793818e-01 -1.491372e-01 -5.559621e+01 5.879233e-01 -2.011140e-01 -7.835173e-01 -4.401249e+00
-7.973395e-01 1.813780e-02 -6.032585e-01 5.432762e+02 1.355516e-01 9.793933e-01 -1.497146e-01 -5.560466e+01 5.881118e-01 -2.011461e-01 -7.833676e-01 -4.489196e+00
-7.975226e-01 1.714199e-02 -6.030455e-01 5.431967e+02 1.344619e-01 9.795027e-01 -1.499816e-01 -5.561624e+01 5.881137e-01 -2.007003e-01 -7.834805e-01 -4.581314e+00
-7.976592e-01 1.681120e-02 -6.028741e-01 5.431106e+02 1.343139e-01 9.794592e-01 -1.503976e-01 -5.562875e+01 5.879622e-01 -2.009404e-01 -7.835326e-01 -4.674026e+00
-7.980010e-01 1.662644e-02 -6.024268e-01 5.430199e+02 1.342053e-01 9.794210e-01 -1.507430e-01 -5.563881e+01 5.875231e-01 -2.011419e-01 -7.838103e-01 -4.763346e+00
-7.984037e-01 1.683545e-02 -6.018871e-01 5.429243e+02 1.340409e-01 9.794950e-01 -1.504078e-01 -5.565554e+01 5.870132e-01 -2.007636e-01 -7.842891e-01 -4.861336e+00
-7.983508e-01 1.667942e-02 -6.019617e-01 5.428394e+02 1.340271e-01 9.794653e-01 -1.506137e-01 -5.567157e+01 5.870884e-01 -2.009218e-01 -7.841924e-01 -4.960922e+00
-7.985234e-01 1.681434e-02 -6.017289e-01 5.427351e+02 1.348868e-01 9.791890e-01 -1.516394e-01 -5.568796e+01 5.866565e-01 -2.022529e-01 -7.841734e-01 -5.070588e+00
-7.987673e-01 1.770180e-02 -6.013796e-01 5.426271e+02 1.364990e-01 9.788336e-01 -1.524890e-01 -5.570376e+01 5.859512e-01 -2.038909e-01 -7.842765e-01 -5.176029e+00
-7.986918e-01 1.839699e-02 -6.014591e-01 5.425275e+02 1.377589e-01 9.785771e-01 -1.530013e-01 -5.571942e+01 5.857593e-01 -2.050572e-01 -7.841158e-01 -5.283175e+00
-7.992273e-01 1.951465e-02 -6.007120e-01 5.424161e+02 1.392772e-01 9.782803e-01 -1.535234e-01 -5.573406e+01 5.846688e-01 -2.063656e-01 -7.845863e-01 -5.395082e+00
-7.996979e-01 2.122861e-02 -6.000271e-01 5.423115e+02 1.415669e-01 9.778641e-01 -1.540797e-01 -5.574190e+01 5.834741e-01 -2.081612e-01 -7.850012e-01 -5.493641e+00
-7.996321e-01 2.324223e-02 -6.000402e-01 5.422134e+02 1.439501e-01 9.775337e-01 -1.539681e-01 -5.575674e+01 5.829810e-01 -2.094937e-01 -7.850131e-01 -5.589417e+00
-7.997638e-01 2.408864e-02 -5.998313e-01 5.421262e+02 1.447635e-01 9.774460e-01 -1.537621e-01 -5.577729e+01 5.825988e-01 -2.098070e-01 -7.852131e-01 -5.689296e+00
-8.001814e-01 2.393152e-02 -5.992804e-01 5.420439e+02 1.446674e-01 9.774017e-01 -1.541339e-01 -5.579377e+01 5.820491e-01 -2.100314e-01 -7.855607e-01 -5.779122e+00
-8.001273e-01 2.379813e-02 -5.993580e-01 5.419659e+02 1.447330e-01 9.773487e-01 -1.544081e-01 -5.581283e+01 5.821071e-01 -2.102930e-01 -7.854477e-01 -5.867465e+00
-8.001930e-01 2.354295e-02 -5.992804e-01 5.418942e+02 1.446421e-01 9.773096e-01 -1.547403e-01 -5.582377e+01 5.820394e-01 -2.105032e-01 -7.854416e-01 -5.953526e+00
-8.006657e-01 2.249800e-02 -5.986888e-01 5.418312e+02 1.436775e-01 9.773437e-01 -1.554220e-01 -5.582566e+01 5.816280e-01 -2.104592e-01 -7.857581e-01 -6.034473e+00
-8.006224e-01 2.150279e-02 -5.987832e-01 5.417683e+02 1.423641e-01 9.775636e-01 -1.552475e-01 -5.583163e+01 5.820104e-01 -2.095399e-01 -7.857206e-01 -6.119913e+00
-8.007983e-01 2.031469e-02 -5.985894e-01 5.417093e+02 1.404930e-01 9.779108e-01 -1.547649e-01 -5.583798e+01 5.822231e-01 -2.080331e-01 -7.859634e-01 -6.192772e+00
-8.012747e-01 1.930954e-02 -5.979850e-01 5.416555e+02 1.390588e-01 9.781184e-01 -1.547486e-01 -5.584286e+01 5.819120e-01 -2.071512e-01 -7.864266e-01 -6.256358e+00
